x,y,z
-3.500000,-3.500000,
-3.450000,-3.500000,
-3.400000,-3.500000,
-3.350000,-3.500000,
-3.300000,-3.500000,
-3.250000,-3.500000,
-3.200000,-3.500000,
-3.150000,-3.500000,
-3.100000,-3.500000,
-3.050000,-3.500000,
-3.000000,-3.500000,
-2.950000,-3.500000,
-2.900000,-3.500000,
-2.850000,-3.500000,
-2.800000,-3.500000,
-2.750000,-3.500000,
-2.700000,-3.500000,
-2.650000,-3.500000,
-2.600000,-3.500000,
-2.550000,-3.500000,
-2.500000,-3.500000,
-2.450000,-3.500000,
-2.400000,-3.500000,
-2.350000,-3.500000,
-2.300000,-3.500000,
-2.250000,-3.500000,
-2.200000,-3.500000,
-2.150000,-3.500000,
-2.100000,-3.500000,
-2.050000,-3.500000,
-2.000000,-3.500000,
-1.950000,-3.500000,
-1.900000,-3.500000,
-1.850000,-3.500000,
-1.800000,-3.500000,
-1.750000,-3.500000,
-1.700000,-3.500000,
-1.650000,-3.500000,
-1.600000,-3.500000,
-1.550000,-3.500000,
-1.500000,-3.500000,
-1.450000,-3.500000,
-1.400000,-3.500000,
-1.350000,-3.500000,
-1.300000,-3.500000,
-1.250000,-3.500000,
-1.200000,-3.500000,
-1.150000,-3.500000,
-1.100000,-3.500000,
-1.050000,-3.500000,
-1.000000,-3.500000,
-0.950000,-3.500000,
-0.900000,-3.500000,
-0.850000,-3.500000,
-0.800000,-3.500000,
-0.750000,-3.500000,
-0.700000,-3.500000,
-0.650000,-3.500000,
-0.600000,-3.500000,
-0.550000,-3.500000,
-0.500000,-3.500000,
-0.450000,-3.500000,
-0.400000,-3.500000,
-0.350000,-3.500000,
-0.300000,-3.500000,
-0.250000,-3.500000,
-0.200000,-3.500000,
-0.150000,-3.500000,
-0.100000,-3.500000,
-0.050000,-3.500000,
-0.000000,-3.500000,
0.050000,-3.500000,
0.100000,-3.500000,
0.150000,-3.500000,
0.200000,-3.500000,
0.250000,-3.500000,
0.300000,-3.500000,
0.350000,-3.500000,
0.400000,-3.500000,
0.450000,-3.500000,
0.500000,-3.500000,
0.550000,-3.500000,
0.600000,-3.500000,
0.650000,-3.500000,
0.700000,-3.500000,
0.750000,-3.500000,
0.800000,-3.500000,
0.850000,-3.500000,
0.900000,-3.500000,
0.950000,-3.500000,
1.000000,-3.500000,
1.050000,-3.500000,
1.100000,-3.500000,
1.150000,-3.500000,
1.200000,-3.500000,
1.250000,-3.500000,
1.300000,-3.500000,
1.350000,-3.500000,
1.400000,-3.500000,
1.450000,-3.500000,
1.500000,-3.500000,
1.550000,-3.500000,
1.600000,-3.500000,
1.650000,-3.500000,
1.700000,-3.500000,
1.750000,-3.500000,
1.800000,-3.500000,
1.850000,-3.500000,
1.900000,-3.500000,
1.950000,-3.500000,
2.000000,-3.500000,
2.050000,-3.500000,
2.100000,-3.500000,
2.150000,-3.500000,
2.200000,-3.500000,
2.250000,-3.500000,
2.300000,-3.500000,
2.350000,-3.500000,
2.400000,-3.500000,
2.450000,-3.500000,
2.500000,-3.500000,
2.550000,-3.500000,
2.600000,-3.500000,
2.650000,-3.500000,
2.700000,-3.500000,
2.750000,-3.500000,
2.800000,-3.500000,
2.850000,-3.500000,
2.900000,-3.500000,
2.950000,-3.500000,
3.000000,-3.500000,
3.050000,-3.500000,
3.100000,-3.500000,
3.150000,-3.500000,
3.200000,-3.500000,
3.250000,-3.500000,
3.300000,-3.500000,
3.350000,-3.500000,
3.400000,-3.500000,
3.450000,-3.500000,
3.500000,-3.500000,
-3.500000,-3.450000,
-3.450000,-3.450000,
-3.400000,-3.450000,
-3.350000,-3.450000,
-3.300000,-3.450000,
-3.250000,-3.450000,
-3.200000,-3.450000,
-3.150000,-3.450000,
-3.100000,-3.450000,
-3.050000,-3.450000,
-3.000000,-3.450000,
-2.950000,-3.450000,
-2.900000,-3.450000,
-2.850000,-3.450000,
-2.800000,-3.450000,
-2.750000,-3.450000,
-2.700000,-3.450000,
-2.650000,-3.450000,
-2.600000,-3.450000,
-2.550000,-3.450000,
-2.500000,-3.450000,
-2.450000,-3.450000,
-2.400000,-3.450000,
-2.350000,-3.450000,
-2.300000,-3.450000,
-2.250000,-3.450000,
-2.200000,-3.450000,
-2.150000,-3.450000,
-2.100000,-3.450000,
-2.050000,-3.450000,
-2.000000,-3.450000,
-1.950000,-3.450000,
-1.900000,-3.450000,
-1.850000,-3.450000,
-1.800000,-3.450000,
-1.750000,-3.450000,
-1.700000,-3.450000,
-1.650000,-3.450000,
-1.600000,-3.450000,
-1.550000,-3.450000,
-1.500000,-3.450000,
-1.450000,-3.450000,
-1.400000,-3.450000,
-1.350000,-3.450000,
-1.300000,-3.450000,
-1.250000,-3.450000,
-1.200000,-3.450000,
-1.150000,-3.450000,
-1.100000,-3.450000,
-1.050000,-3.450000,
-1.000000,-3.450000,
-0.950000,-3.450000,
-0.900000,-3.450000,
-0.850000,-3.450000,
-0.800000,-3.450000,
-0.750000,-3.450000,
-0.700000,-3.450000,
-0.650000,-3.450000,
-0.600000,-3.450000,
-0.550000,-3.450000,
-0.500000,-3.450000,
-0.450000,-3.450000,
-0.400000,-3.450000,
-0.350000,-3.450000,
-0.300000,-3.450000,
-0.250000,-3.450000,
-0.200000,-3.450000,
-0.150000,-3.450000,
-0.100000,-3.450000,
-0.050000,-3.450000,
-0.000000,-3.450000,
0.050000,-3.450000,
0.100000,-3.450000,
0.150000,-3.450000,
0.200000,-3.450000,
0.250000,-3.450000,
0.300000,-3.450000,
0.350000,-3.450000,
0.400000,-3.450000,
0.450000,-3.450000,
0.500000,-3.450000,
0.550000,-3.450000,
0.600000,-3.450000,
0.650000,-3.450000,
0.700000,-3.450000,
0.750000,-3.450000,
0.800000,-3.450000,
0.850000,-3.450000,
0.900000,-3.450000,
0.950000,-3.450000,
1.000000,-3.450000,
1.050000,-3.450000,
1.100000,-3.450000,
1.150000,-3.450000,
1.200000,-3.450000,
1.250000,-3.450000,
1.300000,-3.450000,
1.350000,-3.450000,
1.400000,-3.450000,
1.450000,-3.450000,
1.500000,-3.450000,
1.550000,-3.450000,
1.600000,-3.450000,
1.650000,-3.450000,
1.700000,-3.450000,
1.750000,-3.450000,
1.800000,-3.450000,
1.850000,-3.450000,
1.900000,-3.450000,
1.950000,-3.450000,
2.000000,-3.450000,
2.050000,-3.450000,
2.100000,-3.450000,
2.150000,-3.450000,
2.200000,-3.450000,
2.250000,-3.450000,
2.300000,-3.450000,
2.350000,-3.450000,
2.400000,-3.450000,
2.450000,-3.450000,
2.500000,-3.450000,
2.550000,-3.450000,
2.600000,-3.450000,
2.650000,-3.450000,
2.700000,-3.450000,
2.750000,-3.450000,
2.800000,-3.450000,
2.850000,-3.450000,
2.900000,-3.450000,
2.950000,-3.450000,
3.000000,-3.450000,
3.050000,-3.450000,
3.100000,-3.450000,
3.150000,-3.450000,
3.200000,-3.450000,
3.250000,-3.450000,
3.300000,-3.450000,
3.350000,-3.450000,
3.400000,-3.450000,
3.450000,-3.450000,
3.500000,-3.450000,
-3.500000,-3.400000,
-3.450000,-3.400000,
-3.400000,-3.400000,
-3.350000,-3.400000,
-3.300000,-3.400000,
-3.250000,-3.400000,
-3.200000,-3.400000,
-3.150000,-3.400000,
-3.100000,-3.400000,
-3.050000,-3.400000,
-3.000000,-3.400000,
-2.950000,-3.400000,
-2.900000,-3.400000,
-2.850000,-3.400000,
-2.800000,-3.400000,
-2.750000,-3.400000,
-2.700000,-3.400000,
-2.650000,-3.400000,
-2.600000,-3.400000,
-2.550000,-3.400000,
-2.500000,-3.400000,
-2.450000,-3.400000,
-2.400000,-3.400000,
-2.350000,-3.400000,
-2.300000,-3.400000,
-2.250000,-3.400000,
-2.200000,-3.400000,
-2.150000,-3.400000,
-2.100000,-3.400000,
-2.050000,-3.400000,
-2.000000,-3.400000,
-1.950000,-3.400000,
-1.900000,-3.400000,
-1.850000,-3.400000,
-1.800000,-3.400000,
-1.750000,-3.400000,
-1.700000,-3.400000,
-1.650000,-3.400000,
-1.600000,-3.400000,
-1.550000,-3.400000,
-1.500000,-3.400000,
-1.450000,-3.400000,
-1.400000,-3.400000,
-1.350000,-3.400000,
-1.300000,-3.400000,
-1.250000,-3.400000,
-1.200000,-3.400000,
-1.150000,-3.400000,
-1.100000,-3.400000,
-1.050000,-3.400000,
-1.000000,-3.400000,
-0.950000,-3.400000,
-0.900000,-3.400000,
-0.850000,-3.400000,
-0.800000,-3.400000,
-0.750000,-3.400000,
-0.700000,-3.400000,
-0.650000,-3.400000,
-0.600000,-3.400000,
-0.550000,-3.400000,
-0.500000,-3.400000,
-0.450000,-3.400000,
-0.400000,-3.400000,
-0.350000,-3.400000,
-0.300000,-3.400000,
-0.250000,-3.400000,
-0.200000,-3.400000,
-0.150000,-3.400000,
-0.100000,-3.400000,
-0.050000,-3.400000,
-0.000000,-3.400000,
0.050000,-3.400000,
0.100000,-3.400000,
0.150000,-3.400000,
0.200000,-3.400000,
0.250000,-3.400000,
0.300000,-3.400000,
0.350000,-3.400000,
0.400000,-3.400000,
0.450000,-3.400000,
0.500000,-3.400000,
0.550000,-3.400000,
0.600000,-3.400000,
0.650000,-3.400000,
0.700000,-3.400000,
0.750000,-3.400000,
0.800000,-3.400000,
0.850000,-3.400000,
0.900000,-3.400000,
0.950000,-3.400000,
1.000000,-3.400000,
1.050000,-3.400000,
1.100000,-3.400000,
1.150000,-3.400000,
1.200000,-3.400000,
1.250000,-3.400000,
1.300000,-3.400000,
1.350000,-3.400000,
1.400000,-3.400000,
1.450000,-3.400000,
1.500000,-3.400000,
1.550000,-3.400000,
1.600000,-3.400000,
1.650000,-3.400000,
1.700000,-3.400000,
1.750000,-3.400000,
1.800000,-3.400000,
1.850000,-3.400000,
1.900000,-3.400000,
1.950000,-3.400000,
2.000000,-3.400000,
2.050000,-3.400000,
2.100000,-3.400000,
2.150000,-3.400000,
2.200000,-3.400000,
2.250000,-3.400000,
2.300000,-3.400000,
2.350000,-3.400000,
2.400000,-3.400000,
2.450000,-3.400000,
2.500000,-3.400000,
2.550000,-3.400000,
2.600000,-3.400000,
2.650000,-3.400000,
2.700000,-3.400000,
2.750000,-3.400000,
2.800000,-3.400000,
2.850000,-3.400000,
2.900000,-3.400000,
2.950000,-3.400000,
3.000000,-3.400000,
3.050000,-3.400000,
3.100000,-3.400000,
3.150000,-3.400000,
3.200000,-3.400000,
3.250000,-3.400000,
3.300000,-3.400000,
3.350000,-3.400000,
3.400000,-3.400000,
3.450000,-3.400000,
3.500000,-3.400000,
-3.500000,-3.350000,
-3.450000,-3.350000,
-3.400000,-3.350000,
-3.350000,-3.350000,
-3.300000,-3.350000,
-3.250000,-3.350000,
-3.200000,-3.350000,
-3.150000,-3.350000,
-3.100000,-3.350000,
-3.050000,-3.350000,
-3.000000,-3.350000,
-2.950000,-3.350000,
-2.900000,-3.350000,
-2.850000,-3.350000,
-2.800000,-3.350000,
-2.750000,-3.350000,
-2.700000,-3.350000,
-2.650000,-3.350000,
-2.600000,-3.350000,
-2.550000,-3.350000,
-2.500000,-3.350000,
-2.450000,-3.350000,
-2.400000,-3.350000,
-2.350000,-3.350000,
-2.300000,-3.350000,
-2.250000,-3.350000,
-2.200000,-3.350000,
-2.150000,-3.350000,
-2.100000,-3.350000,
-2.050000,-3.350000,
-2.000000,-3.350000,
-1.950000,-3.350000,
-1.900000,-3.350000,
-1.850000,-3.350000,
-1.800000,-3.350000,
-1.750000,-3.350000,
-1.700000,-3.350000,
-1.650000,-3.350000,
-1.600000,-3.350000,
-1.550000,-3.350000,
-1.500000,-3.350000,
-1.450000,-3.350000,
-1.400000,-3.350000,
-1.350000,-3.350000,
-1.300000,-3.350000,
-1.250000,-3.350000,
-1.200000,-3.350000,
-1.150000,-3.350000,
-1.100000,-3.350000,
-1.050000,-3.350000,
-1.000000,-3.350000,
-0.950000,-3.350000,
-0.900000,-3.350000,
-0.850000,-3.350000,
-0.800000,-3.350000,
-0.750000,-3.350000,
-0.700000,-3.350000,
-0.650000,-3.350000,
-0.600000,-3.350000,
-0.550000,-3.350000,
-0.500000,-3.350000,
-0.450000,-3.350000,
-0.400000,-3.350000,
-0.350000,-3.350000,
-0.300000,-3.350000,
-0.250000,-3.350000,
-0.200000,-3.350000,
-0.150000,-3.350000,
-0.100000,-3.350000,
-0.050000,-3.350000,
-0.000000,-3.350000,
0.050000,-3.350000,
0.100000,-3.350000,
0.150000,-3.350000,
0.200000,-3.350000,
0.250000,-3.350000,
0.300000,-3.350000,
0.350000,-3.350000,
0.400000,-3.350000,
0.450000,-3.350000,
0.500000,-3.350000,
0.550000,-3.350000,
0.600000,-3.350000,
0.650000,-3.350000,
0.700000,-3.350000,
0.750000,-3.350000,
0.800000,-3.350000,
0.850000,-3.350000,
0.900000,-3.350000,
0.950000,-3.350000,
1.000000,-3.350000,
1.050000,-3.350000,
1.100000,-3.350000,
1.150000,-3.350000,
1.200000,-3.350000,
1.250000,-3.350000,
1.300000,-3.350000,
1.350000,-3.350000,
1.400000,-3.350000,
1.450000,-3.350000,
1.500000,-3.350000,
1.550000,-3.350000,
1.600000,-3.350000,
1.650000,-3.350000,
1.700000,-3.350000,
1.750000,-3.350000,
1.800000,-3.350000,
1.850000,-3.350000,
1.900000,-3.350000,
1.950000,-3.350000,
2.000000,-3.350000,
2.050000,-3.350000,
2.100000,-3.350000,
2.150000,-3.350000,
2.200000,-3.350000,
2.250000,-3.350000,
2.300000,-3.350000,
2.350000,-3.350000,
2.400000,-3.350000,
2.450000,-3.350000,
2.500000,-3.350000,
2.550000,-3.350000,
2.600000,-3.350000,
2.650000,-3.350000,
2.700000,-3.350000,
2.750000,-3.350000,
2.800000,-3.350000,
2.850000,-3.350000,
2.900000,-3.350000,
2.950000,-3.350000,
3.000000,-3.350000,
3.050000,-3.350000,
3.100000,-3.350000,
3.150000,-3.350000,
3.200000,-3.350000,
3.250000,-3.350000,
3.300000,-3.350000,
3.350000,-3.350000,
3.400000,-3.350000,
3.450000,-3.350000,
3.500000,-3.350000,
-3.500000,-3.300000,
-3.450000,-3.300000,
-3.400000,-3.300000,
-3.350000,-3.300000,
-3.300000,-3.300000,
-3.250000,-3.300000,
-3.200000,-3.300000,
-3.150000,-3.300000,
-3.100000,-3.300000,
-3.050000,-3.300000,
-3.000000,-3.300000,
-2.950000,-3.300000,
-2.900000,-3.300000,
-2.850000,-3.300000,
-2.800000,-3.300000,
-2.750000,-3.300000,
-2.700000,-3.300000,
-2.650000,-3.300000,
-2.600000,-3.300000,
-2.550000,-3.300000,
-2.500000,-3.300000,
-2.450000,-3.300000,
-2.400000,-3.300000,
-2.350000,-3.300000,
-2.300000,-3.300000,
-2.250000,-3.300000,
-2.200000,-3.300000,
-2.150000,-3.300000,
-2.100000,-3.300000,
-2.050000,-3.300000,
-2.000000,-3.300000,
-1.950000,-3.300000,
-1.900000,-3.300000,
-1.850000,-3.300000,
-1.800000,-3.300000,
-1.750000,-3.300000,
-1.700000,-3.300000,
-1.650000,-3.300000,
-1.600000,-3.300000,
-1.550000,-3.300000,
-1.500000,-3.300000,
-1.450000,-3.300000,
-1.400000,-3.300000,
-1.350000,-3.300000,
-1.300000,-3.300000,
-1.250000,-3.300000,
-1.200000,-3.300000,
-1.150000,-3.300000,
-1.100000,-3.300000,
-1.050000,-3.300000,
-1.000000,-3.300000,
-0.950000,-3.300000,
-0.900000,-3.300000,
-0.850000,-3.300000,
-0.800000,-3.300000,
-0.750000,-3.300000,
-0.700000,-3.300000,
-0.650000,-3.300000,
-0.600000,-3.300000,
-0.550000,-3.300000,
-0.500000,-3.300000,
-0.450000,-3.300000,
-0.400000,-3.300000,
-0.350000,-3.300000,
-0.300000,-3.300000,
-0.250000,-3.300000,
-0.200000,-3.300000,
-0.150000,-3.300000,
-0.100000,-3.300000,
-0.050000,-3.300000,
-0.000000,-3.300000,
0.050000,-3.300000,
0.100000,-3.300000,
0.150000,-3.300000,
0.200000,-3.300000,
0.250000,-3.300000,
0.300000,-3.300000,
0.350000,-3.300000,
0.400000,-3.300000,
0.450000,-3.300000,
0.500000,-3.300000,
0.550000,-3.300000,
0.600000,-3.300000,
0.650000,-3.300000,
0.700000,-3.300000,
0.750000,-3.300000,
0.800000,-3.300000,
0.850000,-3.300000,
0.900000,-3.300000,
0.950000,-3.300000,
1.000000,-3.300000,
1.050000,-3.300000,
1.100000,-3.300000,
1.150000,-3.300000,
1.200000,-3.300000,
1.250000,-3.300000,
1.300000,-3.300000,
1.350000,-3.300000,
1.400000,-3.300000,
1.450000,-3.300000,
1.500000,-3.300000,
1.550000,-3.300000,
1.600000,-3.300000,
1.650000,-3.300000,
1.700000,-3.300000,
1.750000,-3.300000,
1.800000,-3.300000,
1.850000,-3.300000,
1.900000,-3.300000,
1.950000,-3.300000,
2.000000,-3.300000,
2.050000,-3.300000,
2.100000,-3.300000,
2.150000,-3.300000,
2.200000,-3.300000,
2.250000,-3.300000,
2.300000,-3.300000,
2.350000,-3.300000,
2.400000,-3.300000,
2.450000,-3.300000,
2.500000,-3.300000,
2.550000,-3.300000,
2.600000,-3.300000,
2.650000,-3.300000,
2.700000,-3.300000,
2.750000,-3.300000,
2.800000,-3.300000,
2.850000,-3.300000,
2.900000,-3.300000,
2.950000,-3.300000,
3.000000,-3.300000,
3.050000,-3.300000,
3.100000,-3.300000,
3.150000,-3.300000,
3.200000,-3.300000,
3.250000,-3.300000,
3.300000,-3.300000,
3.350000,-3.300000,
3.400000,-3.300000,
3.450000,-3.300000,
3.500000,-3.300000,
-3.500000,-3.250000,
-3.450000,-3.250000,
-3.400000,-3.250000,
-3.350000,-3.250000,
-3.300000,-3.250000,
-3.250000,-3.250000,
-3.200000,-3.250000,
-3.150000,-3.250000,
-3.100000,-3.250000,
-3.050000,-3.250000,
-3.000000,-3.250000,
-2.950000,-3.250000,
-2.900000,-3.250000,
-2.850000,-3.250000,
-2.800000,-3.250000,
-2.750000,-3.250000,
-2.700000,-3.250000,
-2.650000,-3.250000,
-2.600000,-3.250000,
-2.550000,-3.250000,
-2.500000,-3.250000,
-2.450000,-3.250000,
-2.400000,-3.250000,
-2.350000,-3.250000,
-2.300000,-3.250000,
-2.250000,-3.250000,
-2.200000,-3.250000,
-2.150000,-3.250000,
-2.100000,-3.250000,
-2.050000,-3.250000,
-2.000000,-3.250000,
-1.950000,-3.250000,
-1.900000,-3.250000,
-1.850000,-3.250000,
-1.800000,-3.250000,
-1.750000,-3.250000,
-1.700000,-3.250000,
-1.650000,-3.250000,
-1.600000,-3.250000,
-1.550000,-3.250000,
-1.500000,-3.250000,
-1.450000,-3.250000,
-1.400000,-3.250000,
-1.350000,-3.250000,
-1.300000,-3.250000,
-1.250000,-3.250000,
-1.200000,-3.250000,
-1.150000,-3.250000,
-1.100000,-3.250000,
-1.050000,-3.250000,
-1.000000,-3.250000,
-0.950000,-3.250000,
-0.900000,-3.250000,
-0.850000,-3.250000,
-0.800000,-3.250000,
-0.750000,-3.250000,
-0.700000,-3.250000,
-0.650000,-3.250000,
-0.600000,-3.250000,
-0.550000,-3.250000,
-0.500000,-3.250000,
-0.450000,-3.250000,
-0.400000,-3.250000,
-0.350000,-3.250000,
-0.300000,-3.250000,
-0.250000,-3.250000,
-0.200000,-3.250000,
-0.150000,-3.250000,
-0.100000,-3.250000,
-0.050000,-3.250000,
-0.000000,-3.250000,
0.050000,-3.250000,
0.100000,-3.250000,
0.150000,-3.250000,
0.200000,-3.250000,
0.250000,-3.250000,
0.300000,-3.250000,
0.350000,-3.250000,
0.400000,-3.250000,
0.450000,-3.250000,
0.500000,-3.250000,
0.550000,-3.250000,
0.600000,-3.250000,
0.650000,-3.250000,
0.700000,-3.250000,
0.750000,-3.250000,
0.800000,-3.250000,
0.850000,-3.250000,
0.900000,-3.250000,
0.950000,-3.250000,
1.000000,-3.250000,
1.050000,-3.250000,
1.100000,-3.250000,
1.150000,-3.250000,
1.200000,-3.250000,
1.250000,-3.250000,
1.300000,-3.250000,
1.350000,-3.250000,
1.400000,-3.250000,
1.450000,-3.250000,
1.500000,-3.250000,
1.550000,-3.250000,
1.600000,-3.250000,
1.650000,-3.250000,
1.700000,-3.250000,
1.750000,-3.250000,
1.800000,-3.250000,
1.850000,-3.250000,
1.900000,-3.250000,
1.950000,-3.250000,
2.000000,-3.250000,
2.050000,-3.250000,
2.100000,-3.250000,
2.150000,-3.250000,
2.200000,-3.250000,
2.250000,-3.250000,
2.300000,-3.250000,
2.350000,-3.250000,
2.400000,-3.250000,
2.450000,-3.250000,
2.500000,-3.250000,
2.550000,-3.250000,
2.600000,-3.250000,
2.650000,-3.250000,
2.700000,-3.250000,
2.750000,-3.250000,
2.800000,-3.250000,
2.850000,-3.250000,
2.900000,-3.250000,
2.950000,-3.250000,
3.000000,-3.250000,
3.050000,-3.250000,
3.100000,-3.250000,
3.150000,-3.250000,
3.200000,-3.250000,
3.250000,-3.250000,
3.300000,-3.250000,
3.350000,-3.250000,
3.400000,-3.250000,
3.450000,-3.250000,
3.500000,-3.250000,
-3.500000,-3.200000,
-3.450000,-3.200000,
-3.400000,-3.200000,
-3.350000,-3.200000,
-3.300000,-3.200000,
-3.250000,-3.200000,
-3.200000,-3.200000,
-3.150000,-3.200000,
-3.100000,-3.200000,
-3.050000,-3.200000,
-3.000000,-3.200000,
-2.950000,-3.200000,
-2.900000,-3.200000,
-2.850000,-3.200000,
-2.800000,-3.200000,
-2.750000,-3.200000,
-2.700000,-3.200000,
-2.650000,-3.200000,
-2.600000,-3.200000,
-2.550000,-3.200000,
-2.500000,-3.200000,
-2.450000,-3.200000,
-2.400000,-3.200000,
-2.350000,-3.200000,
-2.300000,-3.200000,
-2.250000,-3.200000,
-2.200000,-3.200000,
-2.150000,-3.200000,
-2.100000,-3.200000,
-2.050000,-3.200000,
-2.000000,-3.200000,
-1.950000,-3.200000,
-1.900000,-3.200000,
-1.850000,-3.200000,
-1.800000,-3.200000,
-1.750000,-3.200000,
-1.700000,-3.200000,
-1.650000,-3.200000,
-1.600000,-3.200000,
-1.550000,-3.200000,
-1.500000,-3.200000,
-1.450000,-3.200000,
-1.400000,-3.200000,
-1.350000,-3.200000,
-1.300000,-3.200000,
-1.250000,-3.200000,
-1.200000,-3.200000,
-1.150000,-3.200000,
-1.100000,-3.200000,
-1.050000,-3.200000,
-1.000000,-3.200000,
-0.950000,-3.200000,
-0.900000,-3.200000,
-0.850000,-3.200000,
-0.800000,-3.200000,
-0.750000,-3.200000,
-0.700000,-3.200000,
-0.650000,-3.200000,
-0.600000,-3.200000,
-0.550000,-3.200000,
-0.500000,-3.200000,
-0.450000,-3.200000,
-0.400000,-3.200000,
-0.350000,-3.200000,
-0.300000,-3.200000,
-0.250000,-3.200000,
-0.200000,-3.200000,
-0.150000,-3.200000,
-0.100000,-3.200000,
-0.050000,-3.200000,
-0.000000,-3.200000,
0.050000,-3.200000,
0.100000,-3.200000,
0.150000,-3.200000,
0.200000,-3.200000,
0.250000,-3.200000,
0.300000,-3.200000,
0.350000,-3.200000,
0.400000,-3.200000,
0.450000,-3.200000,
0.500000,-3.200000,
0.550000,-3.200000,
0.600000,-3.200000,
0.650000,-3.200000,
0.700000,-3.200000,
0.750000,-3.200000,
0.800000,-3.200000,
0.850000,-3.200000,
0.900000,-3.200000,
0.950000,-3.200000,
1.000000,-3.200000,
1.050000,-3.200000,
1.100000,-3.200000,
1.150000,-3.200000,
1.200000,-3.200000,
1.250000,-3.200000,
1.300000,-3.200000,
1.350000,-3.200000,
1.400000,-3.200000,
1.450000,-3.200000,
1.500000,-3.200000,
1.550000,-3.200000,
1.600000,-3.200000,
1.650000,-3.200000,
1.700000,-3.200000,
1.750000,-3.200000,
1.800000,-3.200000,
1.850000,-3.200000,
1.900000,-3.200000,
1.950000,-3.200000,
2.000000,-3.200000,
2.050000,-3.200000,
2.100000,-3.200000,
2.150000,-3.200000,
2.200000,-3.200000,
2.250000,-3.200000,
2.300000,-3.200000,
2.350000,-3.200000,
2.400000,-3.200000,
2.450000,-3.200000,
2.500000,-3.200000,
2.550000,-3.200000,
2.600000,-3.200000,
2.650000,-3.200000,
2.700000,-3.200000,
2.750000,-3.200000,
2.800000,-3.200000,
2.850000,-3.200000,
2.900000,-3.200000,
2.950000,-3.200000,
3.000000,-3.200000,
3.050000,-3.200000,
3.100000,-3.200000,
3.150000,-3.200000,
3.200000,-3.200000,
3.250000,-3.200000,
3.300000,-3.200000,
3.350000,-3.200000,
3.400000,-3.200000,
3.450000,-3.200000,
3.500000,-3.200000,
-3.500000,-3.150000,
-3.450000,-3.150000,
-3.400000,-3.150000,
-3.350000,-3.150000,
-3.300000,-3.150000,
-3.250000,-3.150000,
-3.200000,-3.150000,
-3.150000,-3.150000,
-3.100000,-3.150000,
-3.050000,-3.150000,
-3.000000,-3.150000,
-2.950000,-3.150000,
-2.900000,-3.150000,
-2.850000,-3.150000,
-2.800000,-3.150000,
-2.750000,-3.150000,
-2.700000,-3.150000,
-2.650000,-3.150000,
-2.600000,-3.150000,
-2.550000,-3.150000,
-2.500000,-3.150000,
-2.450000,-3.150000,
-2.400000,-3.150000,
-2.350000,-3.150000,
-2.300000,-3.150000,
-2.250000,-3.150000,
-2.200000,-3.150000,
-2.150000,-3.150000,
-2.100000,-3.150000,
-2.050000,-3.150000,
-2.000000,-3.150000,
-1.950000,-3.150000,
-1.900000,-3.150000,
-1.850000,-3.150000,
-1.800000,-3.150000,
-1.750000,-3.150000,
-1.700000,-3.150000,
-1.650000,-3.150000,
-1.600000,-3.150000,
-1.550000,-3.150000,
-1.500000,-3.150000,
-1.450000,-3.150000,
-1.400000,-3.150000,
-1.350000,-3.150000,
-1.300000,-3.150000,
-1.250000,-3.150000,
-1.200000,-3.150000,
-1.150000,-3.150000,
-1.100000,-3.150000,
-1.050000,-3.150000,
-1.000000,-3.150000,
-0.950000,-3.150000,
-0.900000,-3.150000,
-0.850000,-3.150000,
-0.800000,-3.150000,
-0.750000,-3.150000,
-0.700000,-3.150000,
-0.650000,-3.150000,
-0.600000,-3.150000,
-0.550000,-3.150000,
-0.500000,-3.150000,
-0.450000,-3.150000,
-0.400000,-3.150000,
-0.350000,-3.150000,
-0.300000,-3.150000,
-0.250000,-3.150000,
-0.200000,-3.150000,
-0.150000,-3.150000,
-0.100000,-3.150000,
-0.050000,-3.150000,
-0.000000,-3.150000,
0.050000,-3.150000,
0.100000,-3.150000,
0.150000,-3.150000,
0.200000,-3.150000,
0.250000,-3.150000,
0.300000,-3.150000,
0.350000,-3.150000,
0.400000,-3.150000,
0.450000,-3.150000,
0.500000,-3.150000,
0.550000,-3.150000,
0.600000,-3.150000,
0.650000,-3.150000,
0.700000,-3.150000,
0.750000,-3.150000,
0.800000,-3.150000,
0.850000,-3.150000,
0.900000,-3.150000,
0.950000,-3.150000,
1.000000,-3.150000,
1.050000,-3.150000,
1.100000,-3.150000,
1.150000,-3.150000,
1.200000,-3.150000,
1.250000,-3.150000,
1.300000,-3.150000,
1.350000,-3.150000,
1.400000,-3.150000,
1.450000,-3.150000,
1.500000,-3.150000,
1.550000,-3.150000,
1.600000,-3.150000,
1.650000,-3.150000,
1.700000,-3.150000,
1.750000,-3.150000,
1.800000,-3.150000,
1.850000,-3.150000,
1.900000,-3.150000,
1.950000,-3.150000,
2.000000,-3.150000,
2.050000,-3.150000,
2.100000,-3.150000,
2.150000,-3.150000,
2.200000,-3.150000,
2.250000,-3.150000,
2.300000,-3.150000,
2.350000,-3.150000,
2.400000,-3.150000,
2.450000,-3.150000,
2.500000,-3.150000,
2.550000,-3.150000,
2.600000,-3.150000,
2.650000,-3.150000,
2.700000,-3.150000,
2.750000,-3.150000,
2.800000,-3.150000,
2.850000,-3.150000,
2.900000,-3.150000,
2.950000,-3.150000,
3.000000,-3.150000,
3.050000,-3.150000,
3.100000,-3.150000,
3.150000,-3.150000,
3.200000,-3.150000,
3.250000,-3.150000,
3.300000,-3.150000,
3.350000,-3.150000,
3.400000,-3.150000,
3.450000,-3.150000,
3.500000,-3.150000,
-3.500000,-3.100000,
-3.450000,-3.100000,
-3.400000,-3.100000,
-3.350000,-3.100000,
-3.300000,-3.100000,
-3.250000,-3.100000,
-3.200000,-3.100000,
-3.150000,-3.100000,
-3.100000,-3.100000,
-3.050000,-3.100000,
-3.000000,-3.100000,
-2.950000,-3.100000,
-2.900000,-3.100000,
-2.850000,-3.100000,
-2.800000,-3.100000,
-2.750000,-3.100000,
-2.700000,-3.100000,
-2.650000,-3.100000,
-2.600000,-3.100000,
-2.550000,-3.100000,
-2.500000,-3.100000,
-2.450000,-3.100000,
-2.400000,-3.100000,
-2.350000,-3.100000,
-2.300000,-3.100000,
-2.250000,-3.100000,
-2.200000,-3.100000,
-2.150000,-3.100000,
-2.100000,-3.100000,
-2.050000,-3.100000,
-2.000000,-3.100000,
-1.950000,-3.100000,
-1.900000,-3.100000,
-1.850000,-3.100000,
-1.800000,-3.100000,
-1.750000,-3.100000,
-1.700000,-3.100000,
-1.650000,-3.100000,
-1.600000,-3.100000,
-1.550000,-3.100000,
-1.500000,-3.100000,
-1.450000,-3.100000,
-1.400000,-3.100000,
-1.350000,-3.100000,
-1.300000,-3.100000,
-1.250000,-3.100000,
-1.200000,-3.100000,
-1.150000,-3.100000,
-1.100000,-3.100000,
-1.050000,-3.100000,
-1.000000,-3.100000,
-0.950000,-3.100000,
-0.900000,-3.100000,
-0.850000,-3.100000,
-0.800000,-3.100000,
-0.750000,-3.100000,
-0.700000,-3.100000,
-0.650000,-3.100000,
-0.600000,-3.100000,
-0.550000,-3.100000,
-0.500000,-3.100000,
-0.450000,-3.100000,
-0.400000,-3.100000,
-0.350000,-3.100000,
-0.300000,-3.100000,
-0.250000,-3.100000,
-0.200000,-3.100000,
-0.150000,-3.100000,
-0.100000,-3.100000,
-0.050000,-3.100000,
-0.000000,-3.100000,
0.050000,-3.100000,
0.100000,-3.100000,
0.150000,-3.100000,
0.200000,-3.100000,
0.250000,-3.100000,
0.300000,-3.100000,
0.350000,-3.100000,
0.400000,-3.100000,
0.450000,-3.100000,
0.500000,-3.100000,
0.550000,-3.100000,
0.600000,-3.100000,
0.650000,-3.100000,
0.700000,-3.100000,
0.750000,-3.100000,
0.800000,-3.100000,
0.850000,-3.100000,
0.900000,-3.100000,
0.950000,-3.100000,
1.000000,-3.100000,
1.050000,-3.100000,
1.100000,-3.100000,
1.150000,-3.100000,
1.200000,-3.100000,
1.250000,-3.100000,
1.300000,-3.100000,
1.350000,-3.100000,
1.400000,-3.100000,
1.450000,-3.100000,
1.500000,-3.100000,
1.550000,-3.100000,
1.600000,-3.100000,
1.650000,-3.100000,
1.700000,-3.100000,
1.750000,-3.100000,
1.800000,-3.100000,
1.850000,-3.100000,
1.900000,-3.100000,
1.950000,-3.100000,
2.000000,-3.100000,
2.050000,-3.100000,
2.100000,-3.100000,
2.150000,-3.100000,
2.200000,-3.100000,
2.250000,-3.100000,
2.300000,-3.100000,
2.350000,-3.100000,
2.400000,-3.100000,
2.450000,-3.100000,
2.500000,-3.100000,
2.550000,-3.100000,
2.600000,-3.100000,
2.650000,-3.100000,
2.700000,-3.100000,
2.750000,-3.100000,
2.800000,-3.100000,
2.850000,-3.100000,
2.900000,-3.100000,
2.950000,-3.100000,
3.000000,-3.100000,
3.050000,-3.100000,
3.100000,-3.100000,
3.150000,-3.100000,
3.200000,-3.100000,
3.250000,-3.100000,
3.300000,-3.100000,
3.350000,-3.100000,
3.400000,-3.100000,
3.450000,-3.100000,
3.500000,-3.100000,
-3.500000,-3.050000,
-3.450000,-3.050000,
-3.400000,-3.050000,
-3.350000,-3.050000,
-3.300000,-3.050000,
-3.250000,-3.050000,
-3.200000,-3.050000,
-3.150000,-3.050000,
-3.100000,-3.050000,
-3.050000,-3.050000,
-3.000000,-3.050000,
-2.950000,-3.050000,
-2.900000,-3.050000,
-2.850000,-3.050000,
-2.800000,-3.050000,
-2.750000,-3.050000,
-2.700000,-3.050000,
-2.650000,-3.050000,
-2.600000,-3.050000,
-2.550000,-3.050000,
-2.500000,-3.050000,
-2.450000,-3.050000,
-2.400000,-3.050000,
-2.350000,-3.050000,
-2.300000,-3.050000,
-2.250000,-3.050000,
-2.200000,-3.050000,
-2.150000,-3.050000,
-2.100000,-3.050000,
-2.050000,-3.050000,
-2.000000,-3.050000,
-1.950000,-3.050000,
-1.900000,-3.050000,
-1.850000,-3.050000,
-1.800000,-3.050000,
-1.750000,-3.050000,
-1.700000,-3.050000,
-1.650000,-3.050000,
-1.600000,-3.050000,
-1.550000,-3.050000,
-1.500000,-3.050000,
-1.450000,-3.050000,
-1.400000,-3.050000,
-1.350000,-3.050000,
-1.300000,-3.050000,
-1.250000,-3.050000,
-1.200000,-3.050000,
-1.150000,-3.050000,
-1.100000,-3.050000,
-1.050000,-3.050000,
-1.000000,-3.050000,
-0.950000,-3.050000,
-0.900000,-3.050000,
-0.850000,-3.050000,
-0.800000,-3.050000,
-0.750000,-3.050000,
-0.700000,-3.050000,
-0.650000,-3.050000,
-0.600000,-3.050000,
-0.550000,-3.050000,
-0.500000,-3.050000,
-0.450000,-3.050000,
-0.400000,-3.050000,
-0.350000,-3.050000,
-0.300000,-3.050000,
-0.250000,-3.050000,
-0.200000,-3.050000,
-0.150000,-3.050000,
-0.100000,-3.050000,
-0.050000,-3.050000,
-0.000000,-3.050000,
0.050000,-3.050000,
0.100000,-3.050000,
0.150000,-3.050000,
0.200000,-3.050000,
0.250000,-3.050000,
0.300000,-3.050000,
0.350000,-3.050000,
0.400000,-3.050000,
0.450000,-3.050000,
0.500000,-3.050000,
0.550000,-3.050000,
0.600000,-3.050000,
0.650000,-3.050000,
0.700000,-3.050000,
0.750000,-3.050000,
0.800000,-3.050000,
0.850000,-3.050000,
0.900000,-3.050000,
0.950000,-3.050000,
1.000000,-3.050000,
1.050000,-3.050000,
1.100000,-3.050000,
1.150000,-3.050000,
1.200000,-3.050000,
1.250000,-3.050000,
1.300000,-3.050000,
1.350000,-3.050000,
1.400000,-3.050000,
1.450000,-3.050000,
1.500000,-3.050000,
1.550000,-3.050000,
1.600000,-3.050000,
1.650000,-3.050000,
1.700000,-3.050000,
1.750000,-3.050000,
1.800000,-3.050000,
1.850000,-3.050000,
1.900000,-3.050000,
1.950000,-3.050000,
2.000000,-3.050000,
2.050000,-3.050000,
2.100000,-3.050000,
2.150000,-3.050000,
2.200000,-3.050000,
2.250000,-3.050000,
2.300000,-3.050000,
2.350000,-3.050000,
2.400000,-3.050000,
2.450000,-3.050000,
2.500000,-3.050000,
2.550000,-3.050000,
2.600000,-3.050000,
2.650000,-3.050000,
2.700000,-3.050000,
2.750000,-3.050000,
2.800000,-3.050000,
2.850000,-3.050000,
2.900000,-3.050000,
2.950000,-3.050000,
3.000000,-3.050000,
3.050000,-3.050000,
3.100000,-3.050000,
3.150000,-3.050000,
3.200000,-3.050000,
3.250000,-3.050000,
3.300000,-3.050000,
3.350000,-3.050000,
3.400000,-3.050000,
3.450000,-3.050000,
3.500000,-3.050000,
-3.500000,-3.000000,
-3.450000,-3.000000,
-3.400000,-3.000000,
-3.350000,-3.000000,
-3.300000,-3.000000,
-3.250000,-3.000000,
-3.200000,-3.000000,
-3.150000,-3.000000,
-3.100000,-3.000000,
-3.050000,-3.000000,
-3.000000,-3.000000,
-2.950000,-3.000000,
-2.900000,-3.000000,
-2.850000,-3.000000,
-2.800000,-3.000000,
-2.750000,-3.000000,
-2.700000,-3.000000,
-2.650000,-3.000000,
-2.600000,-3.000000,
-2.550000,-3.000000,
-2.500000,-3.000000,
-2.450000,-3.000000,
-2.400000,-3.000000,
-2.350000,-3.000000,
-2.300000,-3.000000,
-2.250000,-3.000000,
-2.200000,-3.000000,
-2.150000,-3.000000,
-2.100000,-3.000000,
-2.050000,-3.000000,
-2.000000,-3.000000,
-1.950000,-3.000000,
-1.900000,-3.000000,
-1.850000,-3.000000,
-1.800000,-3.000000,
-1.750000,-3.000000,
-1.700000,-3.000000,
-1.650000,-3.000000,
-1.600000,-3.000000,
-1.550000,-3.000000,
-1.500000,-3.000000,
-1.450000,-3.000000,
-1.400000,-3.000000,
-1.350000,-3.000000,
-1.300000,-3.000000,
-1.250000,-3.000000,
-1.200000,-3.000000,
-1.150000,-3.000000,
-1.100000,-3.000000,
-1.050000,-3.000000,
-1.000000,-3.000000,
-0.950000,-3.000000,
-0.900000,-3.000000,
-0.850000,-3.000000,
-0.800000,-3.000000,
-0.750000,-3.000000,
-0.700000,-3.000000,
-0.650000,-3.000000,
-0.600000,-3.000000,
-0.550000,-3.000000,
-0.500000,-3.000000,
-0.450000,-3.000000,
-0.400000,-3.000000,
-0.350000,-3.000000,
-0.300000,-3.000000,
-0.250000,-3.000000,
-0.200000,-3.000000,
-0.150000,-3.000000,
-0.100000,-3.000000,
-0.050000,-3.000000,
-0.000000,-3.000000,
0.050000,-3.000000,
0.100000,-3.000000,
0.150000,-3.000000,
0.200000,-3.000000,
0.250000,-3.000000,
0.300000,-3.000000,
0.350000,-3.000000,
0.400000,-3.000000,
0.450000,-3.000000,
0.500000,-3.000000,
0.550000,-3.000000,
0.600000,-3.000000,
0.650000,-3.000000,
0.700000,-3.000000,
0.750000,-3.000000,
0.800000,-3.000000,
0.850000,-3.000000,
0.900000,-3.000000,
0.950000,-3.000000,
1.000000,-3.000000,
1.050000,-3.000000,
1.100000,-3.000000,
1.150000,-3.000000,
1.200000,-3.000000,
1.250000,-3.000000,
1.300000,-3.000000,
1.350000,-3.000000,
1.400000,-3.000000,
1.450000,-3.000000,
1.500000,-3.000000,
1.550000,-3.000000,
1.600000,-3.000000,
1.650000,-3.000000,
1.700000,-3.000000,
1.750000,-3.000000,
1.800000,-3.000000,
1.850000,-3.000000,
1.900000,-3.000000,
1.950000,-3.000000,
2.000000,-3.000000,
2.050000,-3.000000,
2.100000,-3.000000,
2.150000,-3.000000,
2.200000,-3.000000,
2.250000,-3.000000,
2.300000,-3.000000,
2.350000,-3.000000,
2.400000,-3.000000,
2.450000,-3.000000,
2.500000,-3.000000,
2.550000,-3.000000,
2.600000,-3.000000,
2.650000,-3.000000,
2.700000,-3.000000,
2.750000,-3.000000,
2.800000,-3.000000,
2.850000,-3.000000,
2.900000,-3.000000,
2.950000,-3.000000,
3.000000,-3.000000,
3.050000,-3.000000,
3.100000,-3.000000,
3.150000,-3.000000,
3.200000,-3.000000,
3.250000,-3.000000,
3.300000,-3.000000,
3.350000,-3.000000,
3.400000,-3.000000,
3.450000,-3.000000,
3.500000,-3.000000,
-3.500000,-2.950000,
-3.450000,-2.950000,
-3.400000,-2.950000,
-3.350000,-2.950000,
-3.300000,-2.950000,
-3.250000,-2.950000,
-3.200000,-2.950000,
-3.150000,-2.950000,
-3.100000,-2.950000,
-3.050000,-2.950000,
-3.000000,-2.950000,
-2.950000,-2.950000,
-2.900000,-2.950000,
-2.850000,-2.950000,
-2.800000,-2.950000,
-2.750000,-2.950000,
-2.700000,-2.950000,
-2.650000,-2.950000,
-2.600000,-2.950000,
-2.550000,-2.950000,
-2.500000,-2.950000,
-2.450000,-2.950000,
-2.400000,-2.950000,
-2.350000,-2.950000,
-2.300000,-2.950000,
-2.250000,-2.950000,
-2.200000,-2.950000,
-2.150000,-2.950000,
-2.100000,-2.950000,
-2.050000,-2.950000,
-2.000000,-2.950000,
-1.950000,-2.950000,
-1.900000,-2.950000,
-1.850000,-2.950000,
-1.800000,-2.950000,
-1.750000,-2.950000,
-1.700000,-2.950000,
-1.650000,-2.950000,
-1.600000,-2.950000,
-1.550000,-2.950000,
-1.500000,-2.950000,
-1.450000,-2.950000,
-1.400000,-2.950000,
-1.350000,-2.950000,
-1.300000,-2.950000,
-1.250000,-2.950000,
-1.200000,-2.950000,
-1.150000,-2.950000,
-1.100000,-2.950000,
-1.050000,-2.950000,
-1.000000,-2.950000,
-0.950000,-2.950000,
-0.900000,-2.950000,
-0.850000,-2.950000,
-0.800000,-2.950000,
-0.750000,-2.950000,
-0.700000,-2.950000,
-0.650000,-2.950000,
-0.600000,-2.950000,
-0.550000,-2.950000,
-0.500000,-2.950000,
-0.450000,-2.950000,
-0.400000,-2.950000,
-0.350000,-2.950000,
-0.300000,-2.950000,
-0.250000,-2.950000,
-0.200000,-2.950000,
-0.150000,-2.950000,
-0.100000,-2.950000,
-0.050000,-2.950000,
-0.000000,-2.950000,
0.050000,-2.950000,
0.100000,-2.950000,
0.150000,-2.950000,
0.200000,-2.950000,
0.250000,-2.950000,
0.300000,-2.950000,
0.350000,-2.950000,
0.400000,-2.950000,
0.450000,-2.950000,
0.500000,-2.950000,
0.550000,-2.950000,
0.600000,-2.950000,
0.650000,-2.950000,
0.700000,-2.950000,
0.750000,-2.950000,
0.800000,-2.950000,
0.850000,-2.950000,
0.900000,-2.950000,
0.950000,-2.950000,
1.000000,-2.950000,
1.050000,-2.950000,
1.100000,-2.950000,
1.150000,-2.950000,
1.200000,-2.950000,
1.250000,-2.950000,
1.300000,-2.950000,
1.350000,-2.950000,
1.400000,-2.950000,
1.450000,-2.950000,
1.500000,-2.950000,
1.550000,-2.950000,
1.600000,-2.950000,
1.650000,-2.950000,
1.700000,-2.950000,
1.750000,-2.950000,
1.800000,-2.950000,
1.850000,-2.950000,
1.900000,-2.950000,
1.950000,-2.950000,
2.000000,-2.950000,
2.050000,-2.950000,
2.100000,-2.950000,
2.150000,-2.950000,
2.200000,-2.950000,
2.250000,-2.950000,
2.300000,-2.950000,
2.350000,-2.950000,
2.400000,-2.950000,
2.450000,-2.950000,
2.500000,-2.950000,
2.550000,-2.950000,
2.600000,-2.950000,
2.650000,-2.950000,
2.700000,-2.950000,
2.750000,-2.950000,
2.800000,-2.950000,
2.850000,-2.950000,
2.900000,-2.950000,
2.950000,-2.950000,
3.000000,-2.950000,
3.050000,-2.950000,
3.100000,-2.950000,
3.150000,-2.950000,
3.200000,-2.950000,
3.250000,-2.950000,
3.300000,-2.950000,
3.350000,-2.950000,
3.400000,-2.950000,
3.450000,-2.950000,
3.500000,-2.950000,
-3.500000,-2.900000,
-3.450000,-2.900000,
-3.400000,-2.900000,
-3.350000,-2.900000,
-3.300000,-2.900000,
-3.250000,-2.900000,
-3.200000,-2.900000,
-3.150000,-2.900000,
-3.100000,-2.900000,
-3.050000,-2.900000,
-3.000000,-2.900000,
-2.950000,-2.900000,
-2.900000,-2.900000,
-2.850000,-2.900000,
-2.800000,-2.900000,
-2.750000,-2.900000,
-2.700000,-2.900000,
-2.650000,-2.900000,
-2.600000,-2.900000,
-2.550000,-2.900000,
-2.500000,-2.900000,
-2.450000,-2.900000,
-2.400000,-2.900000,
-2.350000,-2.900000,
-2.300000,-2.900000,
-2.250000,-2.900000,
-2.200000,-2.900000,
-2.150000,-2.900000,
-2.100000,-2.900000,
-2.050000,-2.900000,
-2.000000,-2.900000,
-1.950000,-2.900000,
-1.900000,-2.900000,
-1.850000,-2.900000,
-1.800000,-2.900000,
-1.750000,-2.900000,
-1.700000,-2.900000,
-1.650000,-2.900000,
-1.600000,-2.900000,
-1.550000,-2.900000,
-1.500000,-2.900000,
-1.450000,-2.900000,
-1.400000,-2.900000,
-1.350000,-2.900000,
-1.300000,-2.900000,
-1.250000,-2.900000,
-1.200000,-2.900000,
-1.150000,-2.900000,
-1.100000,-2.900000,
-1.050000,-2.900000,
-1.000000,-2.900000,
-0.950000,-2.900000,
-0.900000,-2.900000,
-0.850000,-2.900000,
-0.800000,-2.900000,
-0.750000,-2.900000,
-0.700000,-2.900000,
-0.650000,-2.900000,
-0.600000,-2.900000,
-0.550000,-2.900000,
-0.500000,-2.900000,
-0.450000,-2.900000,
-0.400000,-2.900000,
-0.350000,-2.900000,
-0.300000,-2.900000,
-0.250000,-2.900000,
-0.200000,-2.900000,
-0.150000,-2.900000,
-0.100000,-2.900000,
-0.050000,-2.900000,
-0.000000,-2.900000,
0.050000,-2.900000,
0.100000,-2.900000,
0.150000,-2.900000,
0.200000,-2.900000,
0.250000,-2.900000,
0.300000,-2.900000,
0.350000,-2.900000,
0.400000,-2.900000,
0.450000,-2.900000,
0.500000,-2.900000,
0.550000,-2.900000,
0.600000,-2.900000,
0.650000,-2.900000,
0.700000,-2.900000,
0.750000,-2.900000,
0.800000,-2.900000,
0.850000,-2.900000,
0.900000,-2.900000,
0.950000,-2.900000,
1.000000,-2.900000,
1.050000,-2.900000,
1.100000,-2.900000,
1.150000,-2.900000,
1.200000,-2.900000,
1.250000,-2.900000,
1.300000,-2.900000,
1.350000,-2.900000,
1.400000,-2.900000,
1.450000,-2.900000,
1.500000,-2.900000,
1.550000,-2.900000,
1.600000,-2.900000,
1.650000,-2.900000,
1.700000,-2.900000,
1.750000,-2.900000,
1.800000,-2.900000,
1.850000,-2.900000,
1.900000,-2.900000,
1.950000,-2.900000,
2.000000,-2.900000,
2.050000,-2.900000,
2.100000,-2.900000,
2.150000,-2.900000,
2.200000,-2.900000,
2.250000,-2.900000,
2.300000,-2.900000,
2.350000,-2.900000,
2.400000,-2.900000,
2.450000,-2.900000,
2.500000,-2.900000,
2.550000,-2.900000,
2.600000,-2.900000,
2.650000,-2.900000,
2.700000,-2.900000,
2.750000,-2.900000,
2.800000,-2.900000,
2.850000,-2.900000,
2.900000,-2.900000,
2.950000,-2.900000,
3.000000,-2.900000,
3.050000,-2.900000,
3.100000,-2.900000,
3.150000,-2.900000,
3.200000,-2.900000,
3.250000,-2.900000,
3.300000,-2.900000,
3.350000,-2.900000,
3.400000,-2.900000,
3.450000,-2.900000,
3.500000,-2.900000,
-3.500000,-2.850000,
-3.450000,-2.850000,
-3.400000,-2.850000,
-3.350000,-2.850000,
-3.300000,-2.850000,
-3.250000,-2.850000,
-3.200000,-2.850000,
-3.150000,-2.850000,
-3.100000,-2.850000,
-3.050000,-2.850000,
-3.000000,-2.850000,
-2.950000,-2.850000,
-2.900000,-2.850000,
-2.850000,-2.850000,
-2.800000,-2.850000,
-2.750000,-2.850000,
-2.700000,-2.850000,
-2.650000,-2.850000,
-2.600000,-2.850000,
-2.550000,-2.850000,
-2.500000,-2.850000,
-2.450000,-2.850000,
-2.400000,-2.850000,
-2.350000,-2.850000,
-2.300000,-2.850000,
-2.250000,-2.850000,
-2.200000,-2.850000,
-2.150000,-2.850000,
-2.100000,-2.850000,
-2.050000,-2.850000,
-2.000000,-2.850000,
-1.950000,-2.850000,
-1.900000,-2.850000,
-1.850000,-2.850000,
-1.800000,-2.850000,
-1.750000,-2.850000,
-1.700000,-2.850000,
-1.650000,-2.850000,
-1.600000,-2.850000,
-1.550000,-2.850000,
-1.500000,-2.850000,
-1.450000,-2.850000,
-1.400000,-2.850000,
-1.350000,-2.850000,
-1.300000,-2.850000,
-1.250000,-2.850000,
-1.200000,-2.850000,
-1.150000,-2.850000,
-1.100000,-2.850000,
-1.050000,-2.850000,
-1.000000,-2.850000,
-0.950000,-2.850000,
-0.900000,-2.850000,
-0.850000,-2.850000,
-0.800000,-2.850000,
-0.750000,-2.850000,
-0.700000,-2.850000,
-0.650000,-2.850000,
-0.600000,-2.850000,
-0.550000,-2.850000,
-0.500000,-2.850000,
-0.450000,-2.850000,
-0.400000,-2.850000,
-0.350000,-2.850000,
-0.300000,-2.850000,
-0.250000,-2.850000,
-0.200000,-2.850000,
-0.150000,-2.850000,
-0.100000,-2.850000,
-0.050000,-2.850000,
-0.000000,-2.850000,
0.050000,-2.850000,
0.100000,-2.850000,
0.150000,-2.850000,
0.200000,-2.850000,
0.250000,-2.850000,
0.300000,-2.850000,
0.350000,-2.850000,
0.400000,-2.850000,
0.450000,-2.850000,
0.500000,-2.850000,
0.550000,-2.850000,
0.600000,-2.850000,
0.650000,-2.850000,
0.700000,-2.850000,
0.750000,-2.850000,
0.800000,-2.850000,
0.850000,-2.850000,
0.900000,-2.850000,
0.950000,-2.850000,
1.000000,-2.850000,
1.050000,-2.850000,
1.100000,-2.850000,
1.150000,-2.850000,
1.200000,-2.850000,
1.250000,-2.850000,
1.300000,-2.850000,
1.350000,-2.850000,
1.400000,-2.850000,
1.450000,-2.850000,
1.500000,-2.850000,
1.550000,-2.850000,
1.600000,-2.850000,
1.650000,-2.850000,
1.700000,-2.850000,
1.750000,-2.850000,
1.800000,-2.850000,
1.850000,-2.850000,
1.900000,-2.850000,
1.950000,-2.850000,
2.000000,-2.850000,
2.050000,-2.850000,
2.100000,-2.850000,
2.150000,-2.850000,
2.200000,-2.850000,
2.250000,-2.850000,
2.300000,-2.850000,
2.350000,-2.850000,
2.400000,-2.850000,
2.450000,-2.850000,
2.500000,-2.850000,
2.550000,-2.850000,
2.600000,-2.850000,
2.650000,-2.850000,
2.700000,-2.850000,
2.750000,-2.850000,
2.800000,-2.850000,
2.850000,-2.850000,
2.900000,-2.850000,
2.950000,-2.850000,
3.000000,-2.850000,
3.050000,-2.850000,
3.100000,-2.850000,
3.150000,-2.850000,
3.200000,-2.850000,
3.250000,-2.850000,
3.300000,-2.850000,
3.350000,-2.850000,
3.400000,-2.850000,
3.450000,-2.850000,
3.500000,-2.850000,
-3.500000,-2.800000,
-3.450000,-2.800000,
-3.400000,-2.800000,
-3.350000,-2.800000,
-3.300000,-2.800000,
-3.250000,-2.800000,
-3.200000,-2.800000,
-3.150000,-2.800000,
-3.100000,-2.800000,
-3.050000,-2.800000,
-3.000000,-2.800000,
-2.950000,-2.800000,
-2.900000,-2.800000,
-2.850000,-2.800000,
-2.800000,-2.800000,
-2.750000,-2.800000,
-2.700000,-2.800000,
-2.650000,-2.800000,
-2.600000,-2.800000,
-2.550000,-2.800000,
-2.500000,-2.800000,
-2.450000,-2.800000,
-2.400000,-2.800000,
-2.350000,-2.800000,
-2.300000,-2.800000,
-2.250000,-2.800000,
-2.200000,-2.800000,
-2.150000,-2.800000,
-2.100000,-2.800000,
-2.050000,-2.800000,
-2.000000,-2.800000,
-1.950000,-2.800000,
-1.900000,-2.800000,
-1.850000,-2.800000,
-1.800000,-2.800000,
-1.750000,-2.800000,
-1.700000,-2.800000,
-1.650000,-2.800000,
-1.600000,-2.800000,
-1.550000,-2.800000,
-1.500000,-2.800000,
-1.450000,-2.800000,
-1.400000,-2.800000,
-1.350000,-2.800000,
-1.300000,-2.800000,
-1.250000,-2.800000,
-1.200000,-2.800000,
-1.150000,-2.800000,
-1.100000,-2.800000,
-1.050000,-2.800000,
-1.000000,-2.800000,
-0.950000,-2.800000,
-0.900000,-2.800000,
-0.850000,-2.800000,
-0.800000,-2.800000,
-0.750000,-2.800000,
-0.700000,-2.800000,
-0.650000,-2.800000,
-0.600000,-2.800000,
-0.550000,-2.800000,
-0.500000,-2.800000,
-0.450000,-2.800000,
-0.400000,-2.800000,
-0.350000,-2.800000,
-0.300000,-2.800000,
-0.250000,-2.800000,
-0.200000,-2.800000,
-0.150000,-2.800000,
-0.100000,-2.800000,
-0.050000,-2.800000,
-0.000000,-2.800000,
0.050000,-2.800000,
0.100000,-2.800000,
0.150000,-2.800000,
0.200000,-2.800000,
0.250000,-2.800000,
0.300000,-2.800000,
0.350000,-2.800000,
0.400000,-2.800000,
0.450000,-2.800000,
0.500000,-2.800000,
0.550000,-2.800000,
0.600000,-2.800000,
0.650000,-2.800000,
0.700000,-2.800000,
0.750000,-2.800000,
0.800000,-2.800000,
0.850000,-2.800000,
0.900000,-2.800000,
0.950000,-2.800000,
1.000000,-2.800000,
1.050000,-2.800000,
1.100000,-2.800000,
1.150000,-2.800000,
1.200000,-2.800000,
1.250000,-2.800000,
1.300000,-2.800000,
1.350000,-2.800000,
1.400000,-2.800000,
1.450000,-2.800000,
1.500000,-2.800000,
1.550000,-2.800000,
1.600000,-2.800000,
1.650000,-2.800000,
1.700000,-2.800000,
1.750000,-2.800000,
1.800000,-2.800000,
1.850000,-2.800000,
1.900000,-2.800000,
1.950000,-2.800000,
2.000000,-2.800000,
2.050000,-2.800000,
2.100000,-2.800000,
2.150000,-2.800000,
2.200000,-2.800000,
2.250000,-2.800000,
2.300000,-2.800000,
2.350000,-2.800000,
2.400000,-2.800000,
2.450000,-2.800000,
2.500000,-2.800000,
2.550000,-2.800000,
2.600000,-2.800000,
2.650000,-2.800000,
2.700000,-2.800000,
2.750000,-2.800000,
2.800000,-2.800000,
2.850000,-2.800000,
2.900000,-2.800000,
2.950000,-2.800000,
3.000000,-2.800000,
3.050000,-2.800000,
3.100000,-2.800000,
3.150000,-2.800000,
3.200000,-2.800000,
3.250000,-2.800000,
3.300000,-2.800000,
3.350000,-2.800000,
3.400000,-2.800000,
3.450000,-2.800000,
3.500000,-2.800000,
-3.500000,-2.750000,
-3.450000,-2.750000,
-3.400000,-2.750000,
-3.350000,-2.750000,
-3.300000,-2.750000,
-3.250000,-2.750000,
-3.200000,-2.750000,
-3.150000,-2.750000,
-3.100000,-2.750000,
-3.050000,-2.750000,
-3.000000,-2.750000,
-2.950000,-2.750000,
-2.900000,-2.750000,
-2.850000,-2.750000,
-2.800000,-2.750000,
-2.750000,-2.750000,
-2.700000,-2.750000,
-2.650000,-2.750000,
-2.600000,-2.750000,
-2.550000,-2.750000,
-2.500000,-2.750000,
-2.450000,-2.750000,
-2.400000,-2.750000,
-2.350000,-2.750000,
-2.300000,-2.750000,
-2.250000,-2.750000,
-2.200000,-2.750000,
-2.150000,-2.750000,
-2.100000,-2.750000,
-2.050000,-2.750000,
-2.000000,-2.750000,
-1.950000,-2.750000,
-1.900000,-2.750000,
-1.850000,-2.750000,
-1.800000,-2.750000,
-1.750000,-2.750000,
-1.700000,-2.750000,
-1.650000,-2.750000,
-1.600000,-2.750000,
-1.550000,-2.750000,
-1.500000,-2.750000,
-1.450000,-2.750000,
-1.400000,-2.750000,
-1.350000,-2.750000,
-1.300000,-2.750000,
-1.250000,-2.750000,
-1.200000,-2.750000,
-1.150000,-2.750000,
-1.100000,-2.750000,
-1.050000,-2.750000,
-1.000000,-2.750000,
-0.950000,-2.750000,
-0.900000,-2.750000,
-0.850000,-2.750000,
-0.800000,-2.750000,
-0.750000,-2.750000,
-0.700000,-2.750000,
-0.650000,-2.750000,
-0.600000,-2.750000,
-0.550000,-2.750000,
-0.500000,-2.750000,
-0.450000,-2.750000,
-0.400000,-2.750000,
-0.350000,-2.750000,
-0.300000,-2.750000,
-0.250000,-2.750000,
-0.200000,-2.750000,
-0.150000,-2.750000,
-0.100000,-2.750000,
-0.050000,-2.750000,
-0.000000,-2.750000,
0.050000,-2.750000,
0.100000,-2.750000,
0.150000,-2.750000,
0.200000,-2.750000,
0.250000,-2.750000,
0.300000,-2.750000,
0.350000,-2.750000,
0.400000,-2.750000,
0.450000,-2.750000,
0.500000,-2.750000,
0.550000,-2.750000,
0.600000,-2.750000,
0.650000,-2.750000,
0.700000,-2.750000,
0.750000,-2.750000,
0.800000,-2.750000,
0.850000,-2.750000,
0.900000,-2.750000,
0.950000,-2.750000,
1.000000,-2.750000,
1.050000,-2.750000,
1.100000,-2.750000,
1.150000,-2.750000,
1.200000,-2.750000,
1.250000,-2.750000,
1.300000,-2.750000,
1.350000,-2.750000,
1.400000,-2.750000,
1.450000,-2.750000,
1.500000,-2.750000,
1.550000,-2.750000,
1.600000,-2.750000,
1.650000,-2.750000,
1.700000,-2.750000,
1.750000,-2.750000,
1.800000,-2.750000,
1.850000,-2.750000,
1.900000,-2.750000,
1.950000,-2.750000,
2.000000,-2.750000,
2.050000,-2.750000,
2.100000,-2.750000,
2.150000,-2.750000,
2.200000,-2.750000,
2.250000,-2.750000,
2.300000,-2.750000,
2.350000,-2.750000,
2.400000,-2.750000,
2.450000,-2.750000,
2.500000,-2.750000,
2.550000,-2.750000,
2.600000,-2.750000,
2.650000,-2.750000,
2.700000,-2.750000,
2.750000,-2.750000,
2.800000,-2.750000,
2.850000,-2.750000,
2.900000,-2.750000,
2.950000,-2.750000,
3.000000,-2.750000,
3.050000,-2.750000,
3.100000,-2.750000,
3.150000,-2.750000,
3.200000,-2.750000,
3.250000,-2.750000,
3.300000,-2.750000,
3.350000,-2.750000,
3.400000,-2.750000,
3.450000,-2.750000,
3.500000,-2.750000,
-3.500000,-2.700000,
-3.450000,-2.700000,
-3.400000,-2.700000,
-3.350000,-2.700000,
-3.300000,-2.700000,
-3.250000,-2.700000,
-3.200000,-2.700000,
-3.150000,-2.700000,
-3.100000,-2.700000,
-3.050000,-2.700000,
-3.000000,-2.700000,
-2.950000,-2.700000,
-2.900000,-2.700000,
-2.850000,-2.700000,
-2.800000,-2.700000,
-2.750000,-2.700000,
-2.700000,-2.700000,
-2.650000,-2.700000,
-2.600000,-2.700000,
-2.550000,-2.700000,
-2.500000,-2.700000,
-2.450000,-2.700000,
-2.400000,-2.700000,
-2.350000,-2.700000,
-2.300000,-2.700000,
-2.250000,-2.700000,
-2.200000,-2.700000,
-2.150000,-2.700000,
-2.100000,-2.700000,
-2.050000,-2.700000,
-2.000000,-2.700000,
-1.950000,-2.700000,
-1.900000,-2.700000,
-1.850000,-2.700000,
-1.800000,-2.700000,
-1.750000,-2.700000,
-1.700000,-2.700000,
-1.650000,-2.700000,
-1.600000,-2.700000,
-1.550000,-2.700000,
-1.500000,-2.700000,
-1.450000,-2.700000,
-1.400000,-2.700000,
-1.350000,-2.700000,
-1.300000,-2.700000,
-1.250000,-2.700000,
-1.200000,-2.700000,
-1.150000,-2.700000,
-1.100000,-2.700000,
-1.050000,-2.700000,
-1.000000,-2.700000,
-0.950000,-2.700000,
-0.900000,-2.700000,
-0.850000,-2.700000,
-0.800000,-2.700000,
-0.750000,-2.700000,
-0.700000,-2.700000,
-0.650000,-2.700000,
-0.600000,-2.700000,
-0.550000,-2.700000,
-0.500000,-2.700000,
-0.450000,-2.700000,
-0.400000,-2.700000,
-0.350000,-2.700000,
-0.300000,-2.700000,
-0.250000,-2.700000,
-0.200000,-2.700000,
-0.150000,-2.700000,
-0.100000,-2.700000,
-0.050000,-2.700000,
-0.000000,-2.700000,
0.050000,-2.700000,
0.100000,-2.700000,
0.150000,-2.700000,
0.200000,-2.700000,
0.250000,-2.700000,
0.300000,-2.700000,
0.350000,-2.700000,
0.400000,-2.700000,
0.450000,-2.700000,
0.500000,-2.700000,
0.550000,-2.700000,
0.600000,-2.700000,
0.650000,-2.700000,
0.700000,-2.700000,
0.750000,-2.700000,
0.800000,-2.700000,
0.850000,-2.700000,
0.900000,-2.700000,
0.950000,-2.700000,
1.000000,-2.700000,
1.050000,-2.700000,
1.100000,-2.700000,
1.150000,-2.700000,
1.200000,-2.700000,
1.250000,-2.700000,
1.300000,-2.700000,
1.350000,-2.700000,
1.400000,-2.700000,
1.450000,-2.700000,
1.500000,-2.700000,
1.550000,-2.700000,
1.600000,-2.700000,
1.650000,-2.700000,
1.700000,-2.700000,
1.750000,-2.700000,
1.800000,-2.700000,
1.850000,-2.700000,
1.900000,-2.700000,
1.950000,-2.700000,
2.000000,-2.700000,
2.050000,-2.700000,
2.100000,-2.700000,
2.150000,-2.700000,
2.200000,-2.700000,
2.250000,-2.700000,
2.300000,-2.700000,
2.350000,-2.700000,
2.400000,-2.700000,
2.450000,-2.700000,
2.500000,-2.700000,
2.550000,-2.700000,
2.600000,-2.700000,
2.650000,-2.700000,
2.700000,-2.700000,
2.750000,-2.700000,
2.800000,-2.700000,
2.850000,-2.700000,
2.900000,-2.700000,
2.950000,-2.700000,
3.000000,-2.700000,
3.050000,-2.700000,
3.100000,-2.700000,
3.150000,-2.700000,
3.200000,-2.700000,
3.250000,-2.700000,
3.300000,-2.700000,
3.350000,-2.700000,
3.400000,-2.700000,
3.450000,-2.700000,
3.500000,-2.700000,
-3.500000,-2.650000,
-3.450000,-2.650000,
-3.400000,-2.650000,
-3.350000,-2.650000,
-3.300000,-2.650000,
-3.250000,-2.650000,
-3.200000,-2.650000,
-3.150000,-2.650000,
-3.100000,-2.650000,
-3.050000,-2.650000,
-3.000000,-2.650000,
-2.950000,-2.650000,
-2.900000,-2.650000,
-2.850000,-2.650000,
-2.800000,-2.650000,
-2.750000,-2.650000,
-2.700000,-2.650000,
-2.650000,-2.650000,
-2.600000,-2.650000,
-2.550000,-2.650000,
-2.500000,-2.650000,
-2.450000,-2.650000,
-2.400000,-2.650000,
-2.350000,-2.650000,
-2.300000,-2.650000,
-2.250000,-2.650000,
-2.200000,-2.650000,
-2.150000,-2.650000,
-2.100000,-2.650000,
-2.050000,-2.650000,
-2.000000,-2.650000,
-1.950000,-2.650000,
-1.900000,-2.650000,
-1.850000,-2.650000,
-1.800000,-2.650000,
-1.750000,-2.650000,
-1.700000,-2.650000,
-1.650000,-2.650000,
-1.600000,-2.650000,
-1.550000,-2.650000,
-1.500000,-2.650000,
-1.450000,-2.650000,
-1.400000,-2.650000,
-1.350000,-2.650000,
-1.300000,-2.650000,
-1.250000,-2.650000,
-1.200000,-2.650000,
-1.150000,-2.650000,
-1.100000,-2.650000,
-1.050000,-2.650000,
-1.000000,-2.650000,
-0.950000,-2.650000,
-0.900000,-2.650000,
-0.850000,-2.650000,
-0.800000,-2.650000,
-0.750000,-2.650000,
-0.700000,-2.650000,
-0.650000,-2.650000,
-0.600000,-2.650000,
-0.550000,-2.650000,
-0.500000,-2.650000,
-0.450000,-2.650000,
-0.400000,-2.650000,
-0.350000,-2.650000,
-0.300000,-2.650000,
-0.250000,-2.650000,
-0.200000,-2.650000,
-0.150000,-2.650000,
-0.100000,-2.650000,
-0.050000,-2.650000,
-0.000000,-2.650000,
0.050000,-2.650000,
0.100000,-2.650000,
0.150000,-2.650000,
0.200000,-2.650000,
0.250000,-2.650000,
0.300000,-2.650000,
0.350000,-2.650000,
0.400000,-2.650000,
0.450000,-2.650000,
0.500000,-2.650000,
0.550000,-2.650000,
0.600000,-2.650000,
0.650000,-2.650000,
0.700000,-2.650000,
0.750000,-2.650000,
0.800000,-2.650000,
0.850000,-2.650000,
0.900000,-2.650000,
0.950000,-2.650000,
1.000000,-2.650000,
1.050000,-2.650000,
1.100000,-2.650000,
1.150000,-2.650000,
1.200000,-2.650000,
1.250000,-2.650000,
1.300000,-2.650000,
1.350000,-2.650000,
1.400000,-2.650000,
1.450000,-2.650000,
1.500000,-2.650000,
1.550000,-2.650000,
1.600000,-2.650000,
1.650000,-2.650000,
1.700000,-2.650000,
1.750000,-2.650000,
1.800000,-2.650000,
1.850000,-2.650000,
1.900000,-2.650000,
1.950000,-2.650000,
2.000000,-2.650000,
2.050000,-2.650000,
2.100000,-2.650000,
2.150000,-2.650000,
2.200000,-2.650000,
2.250000,-2.650000,
2.300000,-2.650000,
2.350000,-2.650000,
2.400000,-2.650000,
2.450000,-2.650000,
2.500000,-2.650000,
2.550000,-2.650000,
2.600000,-2.650000,
2.650000,-2.650000,
2.700000,-2.650000,
2.750000,-2.650000,
2.800000,-2.650000,
2.850000,-2.650000,
2.900000,-2.650000,
2.950000,-2.650000,
3.000000,-2.650000,
3.050000,-2.650000,
3.100000,-2.650000,
3.150000,-2.650000,
3.200000,-2.650000,
3.250000,-2.650000,
3.300000,-2.650000,
3.350000,-2.650000,
3.400000,-2.650000,
3.450000,-2.650000,
3.500000,-2.650000,
-3.500000,-2.600000,
-3.450000,-2.600000,
-3.400000,-2.600000,
-3.350000,-2.600000,
-3.300000,-2.600000,
-3.250000,-2.600000,
-3.200000,-2.600000,
-3.150000,-2.600000,
-3.100000,-2.600000,
-3.050000,-2.600000,
-3.000000,-2.600000,
-2.950000,-2.600000,
-2.900000,-2.600000,
-2.850000,-2.600000,
-2.800000,-2.600000,
-2.750000,-2.600000,
-2.700000,-2.600000,
-2.650000,-2.600000,
-2.600000,-2.600000,
-2.550000,-2.600000,
-2.500000,-2.600000,
-2.450000,-2.600000,
-2.400000,-2.600000,
-2.350000,-2.600000,
-2.300000,-2.600000,
-2.250000,-2.600000,
-2.200000,-2.600000,
-2.150000,-2.600000,
-2.100000,-2.600000,
-2.050000,-2.600000,
-2.000000,-2.600000,
-1.950000,-2.600000,
-1.900000,-2.600000,
-1.850000,-2.600000,
-1.800000,-2.600000,
-1.750000,-2.600000,
-1.700000,-2.600000,
-1.650000,-2.600000,
-1.600000,-2.600000,
-1.550000,-2.600000,
-1.500000,-2.600000,
-1.450000,-2.600000,
-1.400000,-2.600000,
-1.350000,-2.600000,
-1.300000,-2.600000,
-1.250000,-2.600000,
-1.200000,-2.600000,
-1.150000,-2.600000,
-1.100000,-2.600000,
-1.050000,-2.600000,
-1.000000,-2.600000,
-0.950000,-2.600000,
-0.900000,-2.600000,
-0.850000,-2.600000,
-0.800000,-2.600000,
-0.750000,-2.600000,
-0.700000,-2.600000,
-0.650000,-2.600000,
-0.600000,-2.600000,
-0.550000,-2.600000,
-0.500000,-2.600000,
-0.450000,-2.600000,
-0.400000,-2.600000,
-0.350000,-2.600000,
-0.300000,-2.600000,
-0.250000,-2.600000,
-0.200000,-2.600000,
-0.150000,-2.600000,
-0.100000,-2.600000,
-0.050000,-2.600000,
-0.000000,-2.600000,
0.050000,-2.600000,
0.100000,-2.600000,
0.150000,-2.600000,
0.200000,-2.600000,
0.250000,-2.600000,
0.300000,-2.600000,
0.350000,-2.600000,
0.400000,-2.600000,
0.450000,-2.600000,
0.500000,-2.600000,
0.550000,-2.600000,
0.600000,-2.600000,
0.650000,-2.600000,
0.700000,-2.600000,
0.750000,-2.600000,
0.800000,-2.600000,
0.850000,-2.600000,
0.900000,-2.600000,
0.950000,-2.600000,
1.000000,-2.600000,
1.050000,-2.600000,
1.100000,-2.600000,
1.150000,-2.600000,
1.200000,-2.600000,
1.250000,-2.600000,
1.300000,-2.600000,
1.350000,-2.600000,
1.400000,-2.600000,
1.450000,-2.600000,
1.500000,-2.600000,
1.550000,-2.600000,
1.600000,-2.600000,
1.650000,-2.600000,
1.700000,-2.600000,
1.750000,-2.600000,
1.800000,-2.600000,
1.850000,-2.600000,
1.900000,-2.600000,
1.950000,-2.600000,
2.000000,-2.600000,
2.050000,-2.600000,
2.100000,-2.600000,
2.150000,-2.600000,
2.200000,-2.600000,
2.250000,-2.600000,
2.300000,-2.600000,
2.350000,-2.600000,
2.400000,-2.600000,
2.450000,-2.600000,
2.500000,-2.600000,
2.550000,-2.600000,
2.600000,-2.600000,
2.650000,-2.600000,
2.700000,-2.600000,
2.750000,-2.600000,
2.800000,-2.600000,
2.850000,-2.600000,
2.900000,-2.600000,
2.950000,-2.600000,
3.000000,-2.600000,
3.050000,-2.600000,
3.100000,-2.600000,
3.150000,-2.600000,
3.200000,-2.600000,
3.250000,-2.600000,
3.300000,-2.600000,
3.350000,-2.600000,
3.400000,-2.600000,
3.450000,-2.600000,
3.500000,-2.600000,
-3.500000,-2.550000,
-3.450000,-2.550000,
-3.400000,-2.550000,
-3.350000,-2.550000,
-3.300000,-2.550000,
-3.250000,-2.550000,
-3.200000,-2.550000,
-3.150000,-2.550000,
-3.100000,-2.550000,
-3.050000,-2.550000,
-3.000000,-2.550000,
-2.950000,-2.550000,
-2.900000,-2.550000,
-2.850000,-2.550000,
-2.800000,-2.550000,
-2.750000,-2.550000,
-2.700000,-2.550000,
-2.650000,-2.550000,
-2.600000,-2.550000,
-2.550000,-2.550000,
-2.500000,-2.550000,
-2.450000,-2.550000,
-2.400000,-2.550000,
-2.350000,-2.550000,
-2.300000,-2.550000,
-2.250000,-2.550000,
-2.200000,-2.550000,
-2.150000,-2.550000,
-2.100000,-2.550000,
-2.050000,-2.550000,
-2.000000,-2.550000,
-1.950000,-2.550000,
-1.900000,-2.550000,
-1.850000,-2.550000,
-1.800000,-2.550000,
-1.750000,-2.550000,
-1.700000,-2.550000,
-1.650000,-2.550000,
-1.600000,-2.550000,
-1.550000,-2.550000,
-1.500000,-2.550000,
-1.450000,-2.550000,
-1.400000,-2.550000,
-1.350000,-2.550000,
-1.300000,-2.550000,
-1.250000,-2.550000,
-1.200000,-2.550000,
-1.150000,-2.550000,
-1.100000,-2.550000,
-1.050000,-2.550000,
-1.000000,-2.550000,
-0.950000,-2.550000,
-0.900000,-2.550000,
-0.850000,-2.550000,
-0.800000,-2.550000,
-0.750000,-2.550000,
-0.700000,-2.550000,
-0.650000,-2.550000,
-0.600000,-2.550000,
-0.550000,-2.550000,
-0.500000,-2.550000,
-0.450000,-2.550000,
-0.400000,-2.550000,
-0.350000,-2.550000,
-0.300000,-2.550000,
-0.250000,-2.550000,
-0.200000,-2.550000,
-0.150000,-2.550000,
-0.100000,-2.550000,
-0.050000,-2.550000,
-0.000000,-2.550000,
0.050000,-2.550000,
0.100000,-2.550000,
0.150000,-2.550000,
0.200000,-2.550000,
0.250000,-2.550000,
0.300000,-2.550000,
0.350000,-2.550000,
0.400000,-2.550000,
0.450000,-2.550000,
0.500000,-2.550000,
0.550000,-2.550000,
0.600000,-2.550000,
0.650000,-2.550000,
0.700000,-2.550000,
0.750000,-2.550000,
0.800000,-2.550000,
0.850000,-2.550000,
0.900000,-2.550000,
0.950000,-2.550000,
1.000000,-2.550000,
1.050000,-2.550000,
1.100000,-2.550000,
1.150000,-2.550000,
1.200000,-2.550000,
1.250000,-2.550000,
1.300000,-2.550000,
1.350000,-2.550000,
1.400000,-2.550000,
1.450000,-2.550000,
1.500000,-2.550000,
1.550000,-2.550000,
1.600000,-2.550000,
1.650000,-2.550000,
1.700000,-2.550000,
1.750000,-2.550000,
1.800000,-2.550000,
1.850000,-2.550000,
1.900000,-2.550000,
1.950000,-2.550000,
2.000000,-2.550000,
2.050000,-2.550000,
2.100000,-2.550000,
2.150000,-2.550000,
2.200000,-2.550000,
2.250000,-2.550000,
2.300000,-2.550000,
2.350000,-2.550000,
2.400000,-2.550000,
2.450000,-2.550000,
2.500000,-2.550000,
2.550000,-2.550000,
2.600000,-2.550000,
2.650000,-2.550000,
2.700000,-2.550000,
2.750000,-2.550000,
2.800000,-2.550000,
2.850000,-2.550000,
2.900000,-2.550000,
2.950000,-2.550000,
3.000000,-2.550000,
3.050000,-2.550000,
3.100000,-2.550000,
3.150000,-2.550000,
3.200000,-2.550000,
3.250000,-2.550000,
3.300000,-2.550000,
3.350000,-2.550000,
3.400000,-2.550000,
3.450000,-2.550000,
3.500000,-2.550000,
-3.500000,-2.500000,
-3.450000,-2.500000,
-3.400000,-2.500000,
-3.350000,-2.500000,
-3.300000,-2.500000,
-3.250000,-2.500000,
-3.200000,-2.500000,
-3.150000,-2.500000,
-3.100000,-2.500000,
-3.050000,-2.500000,
-3.000000,-2.500000,
-2.950000,-2.500000,
-2.900000,-2.500000,
-2.850000,-2.500000,
-2.800000,-2.500000,
-2.750000,-2.500000,
-2.700000,-2.500000,
-2.650000,-2.500000,
-2.600000,-2.500000,
-2.550000,-2.500000,
-2.500000,-2.500000,
-2.450000,-2.500000,
-2.400000,-2.500000,
-2.350000,-2.500000,
-2.300000,-2.500000,
-2.250000,-2.500000,
-2.200000,-2.500000,
-2.150000,-2.500000,
-2.100000,-2.500000,
-2.050000,-2.500000,
-2.000000,-2.500000,
-1.950000,-2.500000,
-1.900000,-2.500000,
-1.850000,-2.500000,
-1.800000,-2.500000,
-1.750000,-2.500000,
-1.700000,-2.500000,
-1.650000,-2.500000,
-1.600000,-2.500000,
-1.550000,-2.500000,
-1.500000,-2.500000,
-1.450000,-2.500000,
-1.400000,-2.500000,
-1.350000,-2.500000,
-1.300000,-2.500000,
-1.250000,-2.500000,
-1.200000,-2.500000,
-1.150000,-2.500000,
-1.100000,-2.500000,
-1.050000,-2.500000,
-1.000000,-2.500000,
-0.950000,-2.500000,
-0.900000,-2.500000,
-0.850000,-2.500000,
-0.800000,-2.500000,
-0.750000,-2.500000,
-0.700000,-2.500000,
-0.650000,-2.500000,
-0.600000,-2.500000,
-0.550000,-2.500000,
-0.500000,-2.500000,
-0.450000,-2.500000,
-0.400000,-2.500000,
-0.350000,-2.500000,
-0.300000,-2.500000,
-0.250000,-2.500000,
-0.200000,-2.500000,
-0.150000,-2.500000,
-0.100000,-2.500000,
-0.050000,-2.500000,
-0.000000,-2.500000,
0.050000,-2.500000,
0.100000,-2.500000,
0.150000,-2.500000,
0.200000,-2.500000,
0.250000,-2.500000,
0.300000,-2.500000,
0.350000,-2.500000,
0.400000,-2.500000,
0.450000,-2.500000,
0.500000,-2.500000,
0.550000,-2.500000,
0.600000,-2.500000,
0.650000,-2.500000,
0.700000,-2.500000,
0.750000,-2.500000,
0.800000,-2.500000,
0.850000,-2.500000,
0.900000,-2.500000,
0.950000,-2.500000,
1.000000,-2.500000,
1.050000,-2.500000,
1.100000,-2.500000,
1.150000,-2.500000,
1.200000,-2.500000,
1.250000,-2.500000,
1.300000,-2.500000,
1.350000,-2.500000,
1.400000,-2.500000,
1.450000,-2.500000,
1.500000,-2.500000,
1.550000,-2.500000,
1.600000,-2.500000,
1.650000,-2.500000,
1.700000,-2.500000,
1.750000,-2.500000,
1.800000,-2.500000,
1.850000,-2.500000,
1.900000,-2.500000,
1.950000,-2.500000,
2.000000,-2.500000,
2.050000,-2.500000,
2.100000,-2.500000,
2.150000,-2.500000,
2.200000,-2.500000,
2.250000,-2.500000,
2.300000,-2.500000,
2.350000,-2.500000,
2.400000,-2.500000,
2.450000,-2.500000,
2.500000,-2.500000,
2.550000,-2.500000,
2.600000,-2.500000,
2.650000,-2.500000,
2.700000,-2.500000,
2.750000,-2.500000,
2.800000,-2.500000,
2.850000,-2.500000,
2.900000,-2.500000,
2.950000,-2.500000,
3.000000,-2.500000,
3.050000,-2.500000,
3.100000,-2.500000,
3.150000,-2.500000,
3.200000,-2.500000,
3.250000,-2.500000,
3.300000,-2.500000,
3.350000,-2.500000,
3.400000,-2.500000,
3.450000,-2.500000,
3.500000,-2.500000,
-3.500000,-2.450000,
-3.450000,-2.450000,
-3.400000,-2.450000,
-3.350000,-2.450000,
-3.300000,-2.450000,
-3.250000,-2.450000,
-3.200000,-2.450000,
-3.150000,-2.450000,
-3.100000,-2.450000,
-3.050000,-2.450000,
-3.000000,-2.450000,
-2.950000,-2.450000,
-2.900000,-2.450000,
-2.850000,-2.450000,
-2.800000,-2.450000,
-2.750000,-2.450000,
-2.700000,-2.450000,
-2.650000,-2.450000,
-2.600000,-2.450000,
-2.550000,-2.450000,
-2.500000,-2.450000,
-2.450000,-2.450000,
-2.400000,-2.450000,
-2.350000,-2.450000,
-2.300000,-2.450000,
-2.250000,-2.450000,
-2.200000,-2.450000,
-2.150000,-2.450000,
-2.100000,-2.450000,
-2.050000,-2.450000,
-2.000000,-2.450000,
-1.950000,-2.450000,
-1.900000,-2.450000,
-1.850000,-2.450000,
-1.800000,-2.450000,
-1.750000,-2.450000,
-1.700000,-2.450000,
-1.650000,-2.450000,
-1.600000,-2.450000,
-1.550000,-2.450000,
-1.500000,-2.450000,
-1.450000,-2.450000,
-1.400000,-2.450000,
-1.350000,-2.450000,
-1.300000,-2.450000,
-1.250000,-2.450000,
-1.200000,-2.450000,
-1.150000,-2.450000,
-1.100000,-2.450000,
-1.050000,-2.450000,
-1.000000,-2.450000,
-0.950000,-2.450000,
-0.900000,-2.450000,
-0.850000,-2.450000,
-0.800000,-2.450000,
-0.750000,-2.450000,
-0.700000,-2.450000,
-0.650000,-2.450000,
-0.600000,-2.450000,
-0.550000,-2.450000,
-0.500000,-2.450000,
-0.450000,-2.450000,
-0.400000,-2.450000,
-0.350000,-2.450000,
-0.300000,-2.450000,
-0.250000,-2.450000,
-0.200000,-2.450000,
-0.150000,-2.450000,
-0.100000,-2.450000,
-0.050000,-2.450000,
-0.000000,-2.450000,
0.050000,-2.450000,
0.100000,-2.450000,
0.150000,-2.450000,
0.200000,-2.450000,
0.250000,-2.450000,
0.300000,-2.450000,
0.350000,-2.450000,
0.400000,-2.450000,
0.450000,-2.450000,
0.500000,-2.450000,
0.550000,-2.450000,
0.600000,-2.450000,
0.650000,-2.450000,
0.700000,-2.450000,
0.750000,-2.450000,
0.800000,-2.450000,
0.850000,-2.450000,
0.900000,-2.450000,
0.950000,-2.450000,
1.000000,-2.450000,
1.050000,-2.450000,
1.100000,-2.450000,
1.150000,-2.450000,
1.200000,-2.450000,
1.250000,-2.450000,
1.300000,-2.450000,
1.350000,-2.450000,
1.400000,-2.450000,
1.450000,-2.450000,
1.500000,-2.450000,
1.550000,-2.450000,
1.600000,-2.450000,
1.650000,-2.450000,
1.700000,-2.450000,
1.750000,-2.450000,
1.800000,-2.450000,
1.850000,-2.450000,
1.900000,-2.450000,
1.950000,-2.450000,
2.000000,-2.450000,
2.050000,-2.450000,
2.100000,-2.450000,
2.150000,-2.450000,
2.200000,-2.450000,
2.250000,-2.450000,
2.300000,-2.450000,
2.350000,-2.450000,
2.400000,-2.450000,
2.450000,-2.450000,
2.500000,-2.450000,
2.550000,-2.450000,
2.600000,-2.450000,
2.650000,-2.450000,
2.700000,-2.450000,
2.750000,-2.450000,
2.800000,-2.450000,
2.850000,-2.450000,
2.900000,-2.450000,
2.950000,-2.450000,
3.000000,-2.450000,
3.050000,-2.450000,
3.100000,-2.450000,
3.150000,-2.450000,
3.200000,-2.450000,
3.250000,-2.450000,
3.300000,-2.450000,
3.350000,-2.450000,
3.400000,-2.450000,
3.450000,-2.450000,
3.500000,-2.450000,
-3.500000,-2.400000,
-3.450000,-2.400000,
-3.400000,-2.400000,
-3.350000,-2.400000,
-3.300000,-2.400000,
-3.250000,-2.400000,
-3.200000,-2.400000,
-3.150000,-2.400000,
-3.100000,-2.400000,
-3.050000,-2.400000,
-3.000000,-2.400000,
-2.950000,-2.400000,
-2.900000,-2.400000,
-2.850000,-2.400000,
-2.800000,-2.400000,
-2.750000,-2.400000,
-2.700000,-2.400000,
-2.650000,-2.400000,
-2.600000,-2.400000,
-2.550000,-2.400000,
-2.500000,-2.400000,
-2.450000,-2.400000,
-2.400000,-2.400000,
-2.350000,-2.400000,
-2.300000,-2.400000,
-2.250000,-2.400000,
-2.200000,-2.400000,
-2.150000,-2.400000,
-2.100000,-2.400000,
-2.050000,-2.400000,
-2.000000,-2.400000,
-1.950000,-2.400000,
-1.900000,-2.400000,
-1.850000,-2.400000,
-1.800000,-2.400000,
-1.750000,-2.400000,
-1.700000,-2.400000,
-1.650000,-2.400000,
-1.600000,-2.400000,
-1.550000,-2.400000,
-1.500000,-2.400000,
-1.450000,-2.400000,
-1.400000,-2.400000,
-1.350000,-2.400000,
-1.300000,-2.400000,
-1.250000,-2.400000,
-1.200000,-2.400000,
-1.150000,-2.400000,
-1.100000,-2.400000,
-1.050000,-2.400000,
-1.000000,-2.400000,
-0.950000,-2.400000,
-0.900000,-2.400000,
-0.850000,-2.400000,
-0.800000,-2.400000,
-0.750000,-2.400000,
-0.700000,-2.400000,
-0.650000,-2.400000,
-0.600000,-2.400000,
-0.550000,-2.400000,
-0.500000,-2.400000,
-0.450000,-2.400000,
-0.400000,-2.400000,
-0.350000,-2.400000,
-0.300000,-2.400000,
-0.250000,-2.400000,
-0.200000,-2.400000,
-0.150000,-2.400000,
-0.100000,-2.400000,
-0.050000,-2.400000,
-0.000000,-2.400000,
0.050000,-2.400000,
0.100000,-2.400000,
0.150000,-2.400000,
0.200000,-2.400000,
0.250000,-2.400000,
0.300000,-2.400000,
0.350000,-2.400000,
0.400000,-2.400000,
0.450000,-2.400000,
0.500000,-2.400000,
0.550000,-2.400000,
0.600000,-2.400000,
0.650000,-2.400000,
0.700000,-2.400000,
0.750000,-2.400000,
0.800000,-2.400000,
0.850000,-2.400000,
0.900000,-2.400000,
0.950000,-2.400000,
1.000000,-2.400000,
1.050000,-2.400000,
1.100000,-2.400000,
1.150000,-2.400000,
1.200000,-2.400000,
1.250000,-2.400000,
1.300000,-2.400000,
1.350000,-2.400000,
1.400000,-2.400000,
1.450000,-2.400000,
1.500000,-2.400000,
1.550000,-2.400000,
1.600000,-2.400000,
1.650000,-2.400000,
1.700000,-2.400000,
1.750000,-2.400000,
1.800000,-2.400000,
1.850000,-2.400000,
1.900000,-2.400000,
1.950000,-2.400000,
2.000000,-2.400000,
2.050000,-2.400000,
2.100000,-2.400000,
2.150000,-2.400000,
2.200000,-2.400000,
2.250000,-2.400000,
2.300000,-2.400000,
2.350000,-2.400000,
2.400000,-2.400000,
2.450000,-2.400000,
2.500000,-2.400000,
2.550000,-2.400000,
2.600000,-2.400000,
2.650000,-2.400000,
2.700000,-2.400000,
2.750000,-2.400000,
2.800000,-2.400000,
2.850000,-2.400000,
2.900000,-2.400000,
2.950000,-2.400000,
3.000000,-2.400000,
3.050000,-2.400000,
3.100000,-2.400000,
3.150000,-2.400000,
3.200000,-2.400000,
3.250000,-2.400000,
3.300000,-2.400000,
3.350000,-2.400000,
3.400000,-2.400000,
3.450000,-2.400000,
3.500000,-2.400000,
-3.500000,-2.350000,
-3.450000,-2.350000,
-3.400000,-2.350000,
-3.350000,-2.350000,
-3.300000,-2.350000,
-3.250000,-2.350000,
-3.200000,-2.350000,
-3.150000,-2.350000,
-3.100000,-2.350000,
-3.050000,-2.350000,
-3.000000,-2.350000,
-2.950000,-2.350000,
-2.900000,-2.350000,
-2.850000,-2.350000,
-2.800000,-2.350000,
-2.750000,-2.350000,
-2.700000,-2.350000,
-2.650000,-2.350000,
-2.600000,-2.350000,
-2.550000,-2.350000,
-2.500000,-2.350000,
-2.450000,-2.350000,
-2.400000,-2.350000,
-2.350000,-2.350000,
-2.300000,-2.350000,
-2.250000,-2.350000,
-2.200000,-2.350000,
-2.150000,-2.350000,
-2.100000,-2.350000,
-2.050000,-2.350000,
-2.000000,-2.350000,
-1.950000,-2.350000,
-1.900000,-2.350000,
-1.850000,-2.350000,
-1.800000,-2.350000,
-1.750000,-2.350000,
-1.700000,-2.350000,
-1.650000,-2.350000,
-1.600000,-2.350000,
-1.550000,-2.350000,
-1.500000,-2.350000,
-1.450000,-2.350000,
-1.400000,-2.350000,
-1.350000,-2.350000,
-1.300000,-2.350000,
-1.250000,-2.350000,
-1.200000,-2.350000,
-1.150000,-2.350000,
-1.100000,-2.350000,
-1.050000,-2.350000,
-1.000000,-2.350000,
-0.950000,-2.350000,
-0.900000,-2.350000,
-0.850000,-2.350000,
-0.800000,-2.350000,
-0.750000,-2.350000,
-0.700000,-2.350000,
-0.650000,-2.350000,
-0.600000,-2.350000,
-0.550000,-2.350000,
-0.500000,-2.350000,
-0.450000,-2.350000,
-0.400000,-2.350000,
-0.350000,-2.350000,
-0.300000,-2.350000,
-0.250000,-2.350000,
-0.200000,-2.350000,
-0.150000,-2.350000,
-0.100000,-2.350000,
-0.050000,-2.350000,
-0.000000,-2.350000,
0.050000,-2.350000,
0.100000,-2.350000,
0.150000,-2.350000,
0.200000,-2.350000,
0.250000,-2.350000,
0.300000,-2.350000,
0.350000,-2.350000,
0.400000,-2.350000,
0.450000,-2.350000,
0.500000,-2.350000,
0.550000,-2.350000,
0.600000,-2.350000,
0.650000,-2.350000,
0.700000,-2.350000,
0.750000,-2.350000,
0.800000,-2.350000,
0.850000,-2.350000,
0.900000,-2.350000,
0.950000,-2.350000,
1.000000,-2.350000,
1.050000,-2.350000,
1.100000,-2.350000,
1.150000,-2.350000,
1.200000,-2.350000,
1.250000,-2.350000,
1.300000,-2.350000,
1.350000,-2.350000,
1.400000,-2.350000,
1.450000,-2.350000,
1.500000,-2.350000,
1.550000,-2.350000,
1.600000,-2.350000,
1.650000,-2.350000,
1.700000,-2.350000,
1.750000,-2.350000,
1.800000,-2.350000,
1.850000,-2.350000,
1.900000,-2.350000,
1.950000,-2.350000,
2.000000,-2.350000,
2.050000,-2.350000,
2.100000,-2.350000,
2.150000,-2.350000,
2.200000,-2.350000,
2.250000,-2.350000,
2.300000,-2.350000,
2.350000,-2.350000,
2.400000,-2.350000,
2.450000,-2.350000,
2.500000,-2.350000,
2.550000,-2.350000,
2.600000,-2.350000,
2.650000,-2.350000,
2.700000,-2.350000,
2.750000,-2.350000,
2.800000,-2.350000,
2.850000,-2.350000,
2.900000,-2.350000,
2.950000,-2.350000,
3.000000,-2.350000,
3.050000,-2.350000,
3.100000,-2.350000,
3.150000,-2.350000,
3.200000,-2.350000,
3.250000,-2.350000,
3.300000,-2.350000,
3.350000,-2.350000,
3.400000,-2.350000,
3.450000,-2.350000,
3.500000,-2.350000,
-3.500000,-2.300000,
-3.450000,-2.300000,
-3.400000,-2.300000,
-3.350000,-2.300000,
-3.300000,-2.300000,
-3.250000,-2.300000,
-3.200000,-2.300000,
-3.150000,-2.300000,
-3.100000,-2.300000,
-3.050000,-2.300000,
-3.000000,-2.300000,
-2.950000,-2.300000,
-2.900000,-2.300000,
-2.850000,-2.300000,
-2.800000,-2.300000,
-2.750000,-2.300000,
-2.700000,-2.300000,
-2.650000,-2.300000,
-2.600000,-2.300000,
-2.550000,-2.300000,
-2.500000,-2.300000,
-2.450000,-2.300000,
-2.400000,-2.300000,
-2.350000,-2.300000,
-2.300000,-2.300000,
-2.250000,-2.300000,
-2.200000,-2.300000,
-2.150000,-2.300000,
-2.100000,-2.300000,
-2.050000,-2.300000,
-2.000000,-2.300000,
-1.950000,-2.300000,
-1.900000,-2.300000,
-1.850000,-2.300000,
-1.800000,-2.300000,
-1.750000,-2.300000,
-1.700000,-2.300000,
-1.650000,-2.300000,
-1.600000,-2.300000,
-1.550000,-2.300000,
-1.500000,-2.300000,
-1.450000,-2.300000,
-1.400000,-2.300000,
-1.350000,-2.300000,
-1.300000,-2.300000,
-1.250000,-2.300000,
-1.200000,-2.300000,
-1.150000,-2.300000,
-1.100000,-2.300000,
-1.050000,-2.300000,
-1.000000,-2.300000,
-0.950000,-2.300000,
-0.900000,-2.300000,
-0.850000,-2.300000,
-0.800000,-2.300000,
-0.750000,-2.300000,
-0.700000,-2.300000,
-0.650000,-2.300000,
-0.600000,-2.300000,
-0.550000,-2.300000,
-0.500000,-2.300000,
-0.450000,-2.300000,
-0.400000,-2.300000,
-0.350000,-2.300000,
-0.300000,-2.300000,
-0.250000,-2.300000,
-0.200000,-2.300000,
-0.150000,-2.300000,
-0.100000,-2.300000,
-0.050000,-2.300000,
-0.000000,-2.300000,
0.050000,-2.300000,
0.100000,-2.300000,
0.150000,-2.300000,
0.200000,-2.300000,
0.250000,-2.300000,
0.300000,-2.300000,
0.350000,-2.300000,
0.400000,-2.300000,
0.450000,-2.300000,
0.500000,-2.300000,
0.550000,-2.300000,
0.600000,-2.300000,
0.650000,-2.300000,
0.700000,-2.300000,
0.750000,-2.300000,
0.800000,-2.300000,
0.850000,-2.300000,
0.900000,-2.300000,
0.950000,-2.300000,
1.000000,-2.300000,
1.050000,-2.300000,
1.100000,-2.300000,
1.150000,-2.300000,
1.200000,-2.300000,
1.250000,-2.300000,
1.300000,-2.300000,
1.350000,-2.300000,
1.400000,-2.300000,
1.450000,-2.300000,
1.500000,-2.300000,
1.550000,-2.300000,
1.600000,-2.300000,
1.650000,-2.300000,
1.700000,-2.300000,
1.750000,-2.300000,
1.800000,-2.300000,
1.850000,-2.300000,
1.900000,-2.300000,
1.950000,-2.300000,
2.000000,-2.300000,
2.050000,-2.300000,
2.100000,-2.300000,
2.150000,-2.300000,
2.200000,-2.300000,
2.250000,-2.300000,
2.300000,-2.300000,
2.350000,-2.300000,
2.400000,-2.300000,
2.450000,-2.300000,
2.500000,-2.300000,
2.550000,-2.300000,
2.600000,-2.300000,
2.650000,-2.300000,
2.700000,-2.300000,
2.750000,-2.300000,
2.800000,-2.300000,
2.850000,-2.300000,
2.900000,-2.300000,
2.950000,-2.300000,
3.000000,-2.300000,
3.050000,-2.300000,
3.100000,-2.300000,
3.150000,-2.300000,
3.200000,-2.300000,
3.250000,-2.300000,
3.300000,-2.300000,
3.350000,-2.300000,
3.400000,-2.300000,
3.450000,-2.300000,
3.500000,-2.300000,
-3.500000,-2.250000,
-3.450000,-2.250000,
-3.400000,-2.250000,
-3.350000,-2.250000,
-3.300000,-2.250000,
-3.250000,-2.250000,
-3.200000,-2.250000,
-3.150000,-2.250000,
-3.100000,-2.250000,
-3.050000,-2.250000,
-3.000000,-2.250000,
-2.950000,-2.250000,
-2.900000,-2.250000,
-2.850000,-2.250000,
-2.800000,-2.250000,
-2.750000,-2.250000,
-2.700000,-2.250000,
-2.650000,-2.250000,
-2.600000,-2.250000,
-2.550000,-2.250000,
-2.500000,-2.250000,
-2.450000,-2.250000,
-2.400000,-2.250000,
-2.350000,-2.250000,
-2.300000,-2.250000,
-2.250000,-2.250000,
-2.200000,-2.250000,
-2.150000,-2.250000,
-2.100000,-2.250000,
-2.050000,-2.250000,
-2.000000,-2.250000,
-1.950000,-2.250000,
-1.900000,-2.250000,
-1.850000,-2.250000,
-1.800000,-2.250000,
-1.750000,-2.250000,
-1.700000,-2.250000,
-1.650000,-2.250000,
-1.600000,-2.250000,
-1.550000,-2.250000,
-1.500000,-2.250000,
-1.450000,-2.250000,
-1.400000,-2.250000,
-1.350000,-2.250000,
-1.300000,-2.250000,
-1.250000,-2.250000,
-1.200000,-2.250000,
-1.150000,-2.250000,
-1.100000,-2.250000,
-1.050000,-2.250000,
-1.000000,-2.250000,
-0.950000,-2.250000,
-0.900000,-2.250000,
-0.850000,-2.250000,
-0.800000,-2.250000,
-0.750000,-2.250000,
-0.700000,-2.250000,
-0.650000,-2.250000,
-0.600000,-2.250000,
-0.550000,-2.250000,
-0.500000,-2.250000,
-0.450000,-2.250000,
-0.400000,-2.250000,
-0.350000,-2.250000,
-0.300000,-2.250000,
-0.250000,-2.250000,
-0.200000,-2.250000,
-0.150000,-2.250000,
-0.100000,-2.250000,
-0.050000,-2.250000,
-0.000000,-2.250000,
0.050000,-2.250000,
0.100000,-2.250000,
0.150000,-2.250000,
0.200000,-2.250000,
0.250000,-2.250000,
0.300000,-2.250000,
0.350000,-2.250000,
0.400000,-2.250000,
0.450000,-2.250000,
0.500000,-2.250000,
0.550000,-2.250000,
0.600000,-2.250000,
0.650000,-2.250000,
0.700000,-2.250000,
0.750000,-2.250000,
0.800000,-2.250000,
0.850000,-2.250000,
0.900000,-2.250000,
0.950000,-2.250000,
1.000000,-2.250000,
1.050000,-2.250000,
1.100000,-2.250000,
1.150000,-2.250000,
1.200000,-2.250000,
1.250000,-2.250000,
1.300000,-2.250000,
1.350000,-2.250000,
1.400000,-2.250000,
1.450000,-2.250000,
1.500000,-2.250000,
1.550000,-2.250000,
1.600000,-2.250000,
1.650000,-2.250000,
1.700000,-2.250000,
1.750000,-2.250000,
1.800000,-2.250000,
1.850000,-2.250000,
1.900000,-2.250000,
1.950000,-2.250000,
2.000000,-2.250000,
2.050000,-2.250000,
2.100000,-2.250000,
2.150000,-2.250000,
2.200000,-2.250000,
2.250000,-2.250000,
2.300000,-2.250000,
2.350000,-2.250000,
2.400000,-2.250000,
2.450000,-2.250000,
2.500000,-2.250000,
2.550000,-2.250000,
2.600000,-2.250000,
2.650000,-2.250000,
2.700000,-2.250000,
2.750000,-2.250000,
2.800000,-2.250000,
2.850000,-2.250000,
2.900000,-2.250000,
2.950000,-2.250000,
3.000000,-2.250000,
3.050000,-2.250000,
3.100000,-2.250000,
3.150000,-2.250000,
3.200000,-2.250000,
3.250000,-2.250000,
3.300000,-2.250000,
3.350000,-2.250000,
3.400000,-2.250000,
3.450000,-2.250000,
3.500000,-2.250000,
-3.500000,-2.200000,
-3.450000,-2.200000,
-3.400000,-2.200000,
-3.350000,-2.200000,
-3.300000,-2.200000,
-3.250000,-2.200000,
-3.200000,-2.200000,
-3.150000,-2.200000,
-3.100000,-2.200000,
-3.050000,-2.200000,
-3.000000,-2.200000,
-2.950000,-2.200000,
-2.900000,-2.200000,
-2.850000,-2.200000,
-2.800000,-2.200000,
-2.750000,-2.200000,
-2.700000,-2.200000,
-2.650000,-2.200000,
-2.600000,-2.200000,
-2.550000,-2.200000,
-2.500000,-2.200000,
-2.450000,-2.200000,
-2.400000,-2.200000,
-2.350000,-2.200000,
-2.300000,-2.200000,
-2.250000,-2.200000,
-2.200000,-2.200000,
-2.150000,-2.200000,
-2.100000,-2.200000,
-2.050000,-2.200000,
-2.000000,-2.200000,
-1.950000,-2.200000,
-1.900000,-2.200000,
-1.850000,-2.200000,
-1.800000,-2.200000,
-1.750000,-2.200000,
-1.700000,-2.200000,
-1.650000,-2.200000,
-1.600000,-2.200000,
-1.550000,-2.200000,
-1.500000,-2.200000,
-1.450000,-2.200000,
-1.400000,-2.200000,
-1.350000,-2.200000,
-1.300000,-2.200000,
-1.250000,-2.200000,
-1.200000,-2.200000,
-1.150000,-2.200000,
-1.100000,-2.200000,
-1.050000,-2.200000,
-1.000000,-2.200000,
-0.950000,-2.200000,
-0.900000,-2.200000,
-0.850000,-2.200000,
-0.800000,-2.200000,
-0.750000,-2.200000,
-0.700000,-2.200000,
-0.650000,-2.200000,
-0.600000,-2.200000,
-0.550000,-2.200000,
-0.500000,-2.200000,
-0.450000,-2.200000,
-0.400000,-2.200000,
-0.350000,-2.200000,
-0.300000,-2.200000,
-0.250000,-2.200000,
-0.200000,-2.200000,
-0.150000,-2.200000,
-0.100000,-2.200000,
-0.050000,-2.200000,
-0.000000,-2.200000,
0.050000,-2.200000,
0.100000,-2.200000,
0.150000,-2.200000,
0.200000,-2.200000,
0.250000,-2.200000,
0.300000,-2.200000,
0.350000,-2.200000,
0.400000,-2.200000,
0.450000,-2.200000,
0.500000,-2.200000,
0.550000,-2.200000,
0.600000,-2.200000,
0.650000,-2.200000,
0.700000,-2.200000,
0.750000,-2.200000,
0.800000,-2.200000,
0.850000,-2.200000,
0.900000,-2.200000,
0.950000,-2.200000,
1.000000,-2.200000,
1.050000,-2.200000,
1.100000,-2.200000,
1.150000,-2.200000,
1.200000,-2.200000,
1.250000,-2.200000,
1.300000,-2.200000,
1.350000,-2.200000,
1.400000,-2.200000,
1.450000,-2.200000,
1.500000,-2.200000,
1.550000,-2.200000,
1.600000,-2.200000,
1.650000,-2.200000,
1.700000,-2.200000,
1.750000,-2.200000,
1.800000,-2.200000,
1.850000,-2.200000,
1.900000,-2.200000,
1.950000,-2.200000,
2.000000,-2.200000,
2.050000,-2.200000,
2.100000,-2.200000,
2.150000,-2.200000,
2.200000,-2.200000,
2.250000,-2.200000,
2.300000,-2.200000,
2.350000,-2.200000,
2.400000,-2.200000,
2.450000,-2.200000,
2.500000,-2.200000,
2.550000,-2.200000,
2.600000,-2.200000,
2.650000,-2.200000,
2.700000,-2.200000,
2.750000,-2.200000,
2.800000,-2.200000,
2.850000,-2.200000,
2.900000,-2.200000,
2.950000,-2.200000,
3.000000,-2.200000,
3.050000,-2.200000,
3.100000,-2.200000,
3.150000,-2.200000,
3.200000,-2.200000,
3.250000,-2.200000,
3.300000,-2.200000,
3.350000,-2.200000,
3.400000,-2.200000,
3.450000,-2.200000,
3.500000,-2.200000,
-3.500000,-2.150000,
-3.450000,-2.150000,
-3.400000,-2.150000,
-3.350000,-2.150000,
-3.300000,-2.150000,
-3.250000,-2.150000,
-3.200000,-2.150000,
-3.150000,-2.150000,
-3.100000,-2.150000,
-3.050000,-2.150000,
-3.000000,-2.150000,
-2.950000,-2.150000,
-2.900000,-2.150000,
-2.850000,-2.150000,
-2.800000,-2.150000,
-2.750000,-2.150000,
-2.700000,-2.150000,
-2.650000,-2.150000,
-2.600000,-2.150000,
-2.550000,-2.150000,
-2.500000,-2.150000,
-2.450000,-2.150000,
-2.400000,-2.150000,
-2.350000,-2.150000,
-2.300000,-2.150000,
-2.250000,-2.150000,
-2.200000,-2.150000,
-2.150000,-2.150000,
-2.100000,-2.150000,
-2.050000,-2.150000,
-2.000000,-2.150000,
-1.950000,-2.150000,
-1.900000,-2.150000,
-1.850000,-2.150000,
-1.800000,-2.150000,
-1.750000,-2.150000,
-1.700000,-2.150000,
-1.650000,-2.150000,
-1.600000,-2.150000,
-1.550000,-2.150000,
-1.500000,-2.150000,
-1.450000,-2.150000,
-1.400000,-2.150000,
-1.350000,-2.150000,
-1.300000,-2.150000,
-1.250000,-2.150000,
-1.200000,-2.150000,
-1.150000,-2.150000,
-1.100000,-2.150000,
-1.050000,-2.150000,
-1.000000,-2.150000,
-0.950000,-2.150000,
-0.900000,-2.150000,
-0.850000,-2.150000,
-0.800000,-2.150000,
-0.750000,-2.150000,
-0.700000,-2.150000,
-0.650000,-2.150000,
-0.600000,-2.150000,
-0.550000,-2.150000,
-0.500000,-2.150000,
-0.450000,-2.150000,
-0.400000,-2.150000,
-0.350000,-2.150000,
-0.300000,-2.150000,
-0.250000,-2.150000,
-0.200000,-2.150000,
-0.150000,-2.150000,
-0.100000,-2.150000,
-0.050000,-2.150000,
-0.000000,-2.150000,
0.050000,-2.150000,
0.100000,-2.150000,
0.150000,-2.150000,
0.200000,-2.150000,
0.250000,-2.150000,
0.300000,-2.150000,
0.350000,-2.150000,
0.400000,-2.150000,
0.450000,-2.150000,
0.500000,-2.150000,
0.550000,-2.150000,
0.600000,-2.150000,
0.650000,-2.150000,
0.700000,-2.150000,
0.750000,-2.150000,
0.800000,-2.150000,
0.850000,-2.150000,
0.900000,-2.150000,
0.950000,-2.150000,
1.000000,-2.150000,
1.050000,-2.150000,
1.100000,-2.150000,
1.150000,-2.150000,
1.200000,-2.150000,
1.250000,-2.150000,
1.300000,-2.150000,
1.350000,-2.150000,
1.400000,-2.150000,
1.450000,-2.150000,
1.500000,-2.150000,
1.550000,-2.150000,
1.600000,-2.150000,
1.650000,-2.150000,
1.700000,-2.150000,
1.750000,-2.150000,
1.800000,-2.150000,
1.850000,-2.150000,
1.900000,-2.150000,
1.950000,-2.150000,
2.000000,-2.150000,
2.050000,-2.150000,
2.100000,-2.150000,
2.150000,-2.150000,
2.200000,-2.150000,
2.250000,-2.150000,
2.300000,-2.150000,
2.350000,-2.150000,
2.400000,-2.150000,
2.450000,-2.150000,
2.500000,-2.150000,
2.550000,-2.150000,
2.600000,-2.150000,
2.650000,-2.150000,
2.700000,-2.150000,
2.750000,-2.150000,
2.800000,-2.150000,
2.850000,-2.150000,
2.900000,-2.150000,
2.950000,-2.150000,
3.000000,-2.150000,
3.050000,-2.150000,
3.100000,-2.150000,
3.150000,-2.150000,
3.200000,-2.150000,
3.250000,-2.150000,
3.300000,-2.150000,
3.350000,-2.150000,
3.400000,-2.150000,
3.450000,-2.150000,
3.500000,-2.150000,
-3.500000,-2.100000,
-3.450000,-2.100000,
-3.400000,-2.100000,
-3.350000,-2.100000,
-3.300000,-2.100000,
-3.250000,-2.100000,
-3.200000,-2.100000,
-3.150000,-2.100000,
-3.100000,-2.100000,
-3.050000,-2.100000,
-3.000000,-2.100000,
-2.950000,-2.100000,
-2.900000,-2.100000,
-2.850000,-2.100000,
-2.800000,-2.100000,
-2.750000,-2.100000,
-2.700000,-2.100000,
-2.650000,-2.100000,
-2.600000,-2.100000,
-2.550000,-2.100000,
-2.500000,-2.100000,
-2.450000,-2.100000,
-2.400000,-2.100000,
-2.350000,-2.100000,
-2.300000,-2.100000,
-2.250000,-2.100000,
-2.200000,-2.100000,
-2.150000,-2.100000,
-2.100000,-2.100000,
-2.050000,-2.100000,
-2.000000,-2.100000,
-1.950000,-2.100000,
-1.900000,-2.100000,
-1.850000,-2.100000,
-1.800000,-2.100000,
-1.750000,-2.100000,
-1.700000,-2.100000,
-1.650000,-2.100000,
-1.600000,-2.100000,
-1.550000,-2.100000,
-1.500000,-2.100000,
-1.450000,-2.100000,
-1.400000,-2.100000,
-1.350000,-2.100000,
-1.300000,-2.100000,
-1.250000,-2.100000,
-1.200000,-2.100000,
-1.150000,-2.100000,
-1.100000,-2.100000,
-1.050000,-2.100000,
-1.000000,-2.100000,
-0.950000,-2.100000,
-0.900000,-2.100000,
-0.850000,-2.100000,
-0.800000,-2.100000,
-0.750000,-2.100000,
-0.700000,-2.100000,
-0.650000,-2.100000,
-0.600000,-2.100000,
-0.550000,-2.100000,
-0.500000,-2.100000,
-0.450000,-2.100000,
-0.400000,-2.100000,
-0.350000,-2.100000,
-0.300000,-2.100000,
-0.250000,-2.100000,
-0.200000,-2.100000,
-0.150000,-2.100000,2.252307
-0.100000,-2.100000,2.323434
-0.050000,-2.100000,2.350785
-0.000000,-2.100000,2.358858
0.050000,-2.100000,2.350785
0.100000,-2.100000,2.323434
0.150000,-2.100000,2.252307
0.200000,-2.100000,
0.250000,-2.100000,
0.300000,-2.100000,
0.350000,-2.100000,
0.400000,-2.100000,
0.450000,-2.100000,
0.500000,-2.100000,
0.550000,-2.100000,
0.600000,-2.100000,
0.650000,-2.100000,
0.700000,-2.100000,
0.750000,-2.100000,
0.800000,-2.100000,
0.850000,-2.100000,
0.900000,-2.100000,
0.950000,-2.100000,
1.000000,-2.100000,
1.050000,-2.100000,
1.100000,-2.100000,
1.150000,-2.100000,
1.200000,-2.100000,
1.250000,-2.100000,
1.300000,-2.100000,
1.350000,-2.100000,
1.400000,-2.100000,
1.450000,-2.100000,
1.500000,-2.100000,
1.550000,-2.100000,
1.600000,-2.100000,
1.650000,-2.100000,
1.700000,-2.100000,
1.750000,-2.100000,
1.800000,-2.100000,
1.850000,-2.100000,
1.900000,-2.100000,
1.950000,-2.100000,
2.000000,-2.100000,
2.050000,-2.100000,
2.100000,-2.100000,
2.150000,-2.100000,
2.200000,-2.100000,
2.250000,-2.100000,
2.300000,-2.100000,
2.350000,-2.100000,
2.400000,-2.100000,
2.450000,-2.100000,
2.500000,-2.100000,
2.550000,-2.100000,
2.600000,-2.100000,
2.650000,-2.100000,
2.700000,-2.100000,
2.750000,-2.100000,
2.800000,-2.100000,
2.850000,-2.100000,
2.900000,-2.100000,
2.950000,-2.100000,
3.000000,-2.100000,
3.050000,-2.100000,
3.100000,-2.100000,
3.150000,-2.100000,
3.200000,-2.100000,
3.250000,-2.100000,
3.300000,-2.100000,
3.350000,-2.100000,
3.400000,-2.100000,
3.450000,-2.100000,
3.500000,-2.100000,
-3.500000,-2.050000,
-3.450000,-2.050000,
-3.400000,-2.050000,
-3.350000,-2.050000,
-3.300000,-2.050000,
-3.250000,-2.050000,
-3.200000,-2.050000,
-3.150000,-2.050000,
-3.100000,-2.050000,
-3.050000,-2.050000,
-3.000000,-2.050000,
-2.950000,-2.050000,
-2.900000,-2.050000,
-2.850000,-2.050000,
-2.800000,-2.050000,
-2.750000,-2.050000,
-2.700000,-2.050000,
-2.650000,-2.050000,
-2.600000,-2.050000,
-2.550000,-2.050000,
-2.500000,-2.050000,
-2.450000,-2.050000,
-2.400000,-2.050000,
-2.350000,-2.050000,
-2.300000,-2.050000,
-2.250000,-2.050000,
-2.200000,-2.050000,
-2.150000,-2.050000,
-2.100000,-2.050000,
-2.050000,-2.050000,
-2.000000,-2.050000,
-1.950000,-2.050000,
-1.900000,-2.050000,
-1.850000,-2.050000,
-1.800000,-2.050000,
-1.750000,-2.050000,
-1.700000,-2.050000,
-1.650000,-2.050000,
-1.600000,-2.050000,
-1.550000,-2.050000,
-1.500000,-2.050000,
-1.450000,-2.050000,
-1.400000,-2.050000,
-1.350000,-2.050000,
-1.300000,-2.050000,
-1.250000,-2.050000,
-1.200000,-2.050000,
-1.150000,-2.050000,
-1.100000,-2.050000,
-1.050000,-2.050000,
-1.000000,-2.050000,
-0.950000,-2.050000,
-0.900000,-2.050000,
-0.850000,-2.050000,
-0.800000,-2.050000,
-0.750000,-2.050000,
-0.700000,-2.050000,
-0.650000,-2.050000,
-0.600000,-2.050000,
-0.550000,-2.050000,
-0.500000,-2.050000,
-0.450000,-2.050000,2.373885
-0.400000,-2.050000,2.469696
-0.350000,-2.050000,2.532018
-0.300000,-2.050000,2.577804
-0.250000,-2.050000,2.612597
-0.200000,-2.050000,2.639017
-0.150000,-2.050000,2.658515
-0.100000,-2.050000,2.671949
-0.050000,-2.050000,2.679829
-0.000000,-2.050000,2.682427
0.050000,-2.050000,2.679829
0.100000,-2.050000,2.671949
0.150000,-2.050000,2.658515
0.200000,-2.050000,2.639017
0.250000,-2.050000,2.612597
0.300000,-2.050000,2.577804
0.350000,-2.050000,2.532018
0.400000,-2.050000,2.469696
0.450000,-2.050000,2.373885
0.500000,-2.050000,
0.550000,-2.050000,
0.600000,-2.050000,
0.650000,-2.050000,
0.700000,-2.050000,
0.750000,-2.050000,
0.800000,-2.050000,
0.850000,-2.050000,
0.900000,-2.050000,
0.950000,-2.050000,
1.000000,-2.050000,
1.050000,-2.050000,
1.100000,-2.050000,
1.150000,-2.050000,
1.200000,-2.050000,
1.250000,-2.050000,
1.300000,-2.050000,
1.350000,-2.050000,
1.400000,-2.050000,
1.450000,-2.050000,
1.500000,-2.050000,
1.550000,-2.050000,
1.600000,-2.050000,
1.650000,-2.050000,
1.700000,-2.050000,
1.750000,-2.050000,
1.800000,-2.050000,
1.850000,-2.050000,
1.900000,-2.050000,
1.950000,-2.050000,
2.000000,-2.050000,
2.050000,-2.050000,
2.100000,-2.050000,
2.150000,-2.050000,
2.200000,-2.050000,
2.250000,-2.050000,
2.300000,-2.050000,
2.350000,-2.050000,
2.400000,-2.050000,
2.450000,-2.050000,
2.500000,-2.050000,
2.550000,-2.050000,
2.600000,-2.050000,
2.650000,-2.050000,
2.700000,-2.050000,
2.750000,-2.050000,
2.800000,-2.050000,
2.850000,-2.050000,
2.900000,-2.050000,
2.950000,-2.050000,
3.000000,-2.050000,
3.050000,-2.050000,
3.100000,-2.050000,
3.150000,-2.050000,
3.200000,-2.050000,
3.250000,-2.050000,
3.300000,-2.050000,
3.350000,-2.050000,
3.400000,-2.050000,
3.450000,-2.050000,
3.500000,-2.050000,
-3.500000,-2.000000,
-3.450000,-2.000000,
-3.400000,-2.000000,
-3.350000,-2.000000,
-3.300000,-2.000000,
-3.250000,-2.000000,
-3.200000,-2.000000,
-3.150000,-2.000000,
-3.100000,-2.000000,
-3.050000,-2.000000,
-3.000000,-2.000000,
-2.950000,-2.000000,
-2.900000,-2.000000,
-2.850000,-2.000000,
-2.800000,-2.000000,
-2.750000,-2.000000,
-2.700000,-2.000000,
-2.650000,-2.000000,
-2.600000,-2.000000,
-2.550000,-2.000000,
-2.500000,-2.000000,
-2.450000,-2.000000,
-2.400000,-2.000000,
-2.350000,-2.000000,
-2.300000,-2.000000,
-2.250000,-2.000000,
-2.200000,-2.000000,
-2.150000,-2.000000,
-2.100000,-2.000000,
-2.050000,-2.000000,
-2.000000,-2.000000,
-1.950000,-2.000000,
-1.900000,-2.000000,
-1.850000,-2.000000,
-1.800000,-2.000000,
-1.750000,-2.000000,
-1.700000,-2.000000,
-1.650000,-2.000000,
-1.600000,-2.000000,
-1.550000,-2.000000,
-1.500000,-2.000000,
-1.450000,-2.000000,
-1.400000,-2.000000,
-1.350000,-2.000000,
-1.300000,-2.000000,
-1.250000,-2.000000,
-1.200000,-2.000000,
-1.150000,-2.000000,
-1.100000,-2.000000,
-1.050000,-2.000000,
-1.000000,-2.000000,
-0.950000,-2.000000,
-0.900000,-2.000000,
-0.850000,-2.000000,
-0.800000,-2.000000,
-0.750000,-2.000000,
-0.700000,-2.000000,
-0.650000,-2.000000,2.312854
-0.600000,-2.000000,2.474292
-0.550000,-2.000000,2.564330
-0.500000,-2.000000,2.630391
-0.450000,-2.000000,2.682427
-0.400000,-2.000000,2.724629
-0.350000,-2.000000,2.759228
-0.300000,-2.000000,2.787568
-0.250000,-2.000000,2.810521
-0.200000,-2.000000,2.828678
-0.150000,-2.000000,2.842445
-0.100000,-2.000000,2.852101
-0.050000,-2.000000,2.857827
-0.000000,-2.000000,2.859724
0.050000,-2.000000,2.857827
0.100000,-2.000000,2.852101
0.150000,-2.000000,2.842445
0.200000,-2.000000,2.828678
0.250000,-2.000000,2.810521
0.300000,-2.000000,2.787568
0.350000,-2.000000,2.759228
0.400000,-2.000000,2.724629
0.450000,-2.000000,2.682427
0.500000,-2.000000,2.630391
0.550000,-2.000000,2.564330
0.600000,-2.000000,2.474292
0.650000,-2.000000,2.312854
0.700000,-2.000000,
0.750000,-2.000000,
0.800000,-2.000000,
0.850000,-2.000000,
0.900000,-2.000000,
0.950000,-2.000000,
1.000000,-2.000000,
1.050000,-2.000000,
1.100000,-2.000000,
1.150000,-2.000000,
1.200000,-2.000000,
1.250000,-2.000000,
1.300000,-2.000000,
1.350000,-2.000000,
1.400000,-2.000000,
1.450000,-2.000000,
1.500000,-2.000000,
1.550000,-2.000000,
1.600000,-2.000000,
1.650000,-2.000000,
1.700000,-2.000000,
1.750000,-2.000000,
1.800000,-2.000000,
1.850000,-2.000000,
1.900000,-2.000000,
1.950000,-2.000000,
2.000000,-2.000000,
2.050000,-2.000000,
2.100000,-2.000000,
2.150000,-2.000000,
2.200000,-2.000000,
2.250000,-2.000000,
2.300000,-2.000000,
2.350000,-2.000000,
2.400000,-2.000000,
2.450000,-2.000000,
2.500000,-2.000000,
2.550000,-2.000000,
2.600000,-2.000000,
2.650000,-2.000000,
2.700000,-2.000000,
2.750000,-2.000000,
2.800000,-2.000000,
2.850000,-2.000000,
2.900000,-2.000000,
2.950000,-2.000000,
3.000000,-2.000000,
3.050000,-2.000000,
3.100000,-2.000000,
3.150000,-2.000000,
3.200000,-2.000000,
3.250000,-2.000000,
3.300000,-2.000000,
3.350000,-2.000000,
3.400000,-2.000000,
3.450000,-2.000000,
3.500000,-2.000000,
-3.500000,-1.950000,
-3.450000,-1.950000,
-3.400000,-1.950000,
-3.350000,-1.950000,
-3.300000,-1.950000,
-3.250000,-1.950000,
-3.200000,-1.950000,
-3.150000,-1.950000,
-3.100000,-1.950000,
-3.050000,-1.950000,
-3.000000,-1.950000,
-2.950000,-1.950000,
-2.900000,-1.950000,
-2.850000,-1.950000,
-2.800000,-1.950000,
-2.750000,-1.950000,
-2.700000,-1.950000,
-2.650000,-1.950000,
-2.600000,-1.950000,
-2.550000,-1.950000,
-2.500000,-1.950000,
-2.450000,-1.950000,
-2.400000,-1.950000,
-2.350000,-1.950000,
-2.300000,-1.950000,
-2.250000,-1.950000,
-2.200000,-1.950000,
-2.150000,-1.950000,
-2.100000,-1.950000,
-2.050000,-1.950000,
-2.000000,-1.950000,
-1.950000,-1.950000,
-1.900000,-1.950000,
-1.850000,-1.950000,2.241651
-1.800000,-1.950000,2.281995
-1.750000,-1.950000,2.320560
-1.700000,-1.950000,2.357435
-1.650000,-1.950000,2.392697
-1.600000,-1.950000,2.426417
-1.550000,-1.950000,2.458658
-1.500000,-1.950000,2.489478
-1.450000,-1.950000,2.518928
-1.400000,-1.950000,2.547057
-1.350000,-1.950000,2.573908
-1.300000,-1.950000,2.599519
-1.250000,-1.950000,2.623928
-1.200000,-1.950000,2.647168
-1.150000,-1.950000,2.669270
-1.100000,-1.950000,
-1.050000,-1.950000,
-1.000000,-1.950000,
-0.950000,-1.950000,
-0.900000,-1.950000,
-0.850000,-1.950000,
-0.800000,-1.950000,
-0.750000,-1.950000,2.465021
-0.700000,-1.950000,2.577804
-0.650000,-1.950000,2.658515
-0.600000,-1.950000,2.722241
-0.550000,-1.950000,2.774662
-0.500000,-1.950000,2.818657
-0.450000,-1.950000,2.855924
-0.400000,-1.950000,2.878802
-0.350000,-1.950000,2.885308
-0.300000,-1.950000,2.890934
-0.250000,-1.950000,2.895686
-0.200000,-1.950000,2.899569
-0.150000,-1.950000,2.902585
-0.100000,-1.950000,2.904738
-0.050000,-1.950000,2.906028
-0.000000,-1.950000,2.906458
0.050000,-1.950000,2.906028
0.100000,-1.950000,2.904738
0.150000,-1.950000,2.902585
0.200000,-1.950000,2.899569
0.250000,-1.950000,2.895686
0.300000,-1.950000,2.890934
0.350000,-1.950000,2.885308
0.400000,-1.950000,2.878802
0.450000,-1.950000,2.855924
0.500000,-1.950000,2.818657
0.550000,-1.950000,2.774662
0.600000,-1.950000,2.722241
0.650000,-1.950000,2.658515
0.700000,-1.950000,2.577804
0.750000,-1.950000,2.465021
0.800000,-1.950000,
0.850000,-1.950000,
0.900000,-1.950000,
0.950000,-1.950000,
1.000000,-1.950000,
1.050000,-1.950000,
1.100000,-1.950000,
1.150000,-1.950000,2.669270
1.200000,-1.950000,2.647168
1.250000,-1.950000,2.623928
1.300000,-1.950000,2.599519
1.350000,-1.950000,2.573908
1.400000,-1.950000,2.547057
1.450000,-1.950000,2.518928
1.500000,-1.950000,2.489478
1.550000,-1.950000,2.458658
1.600000,-1.950000,2.426417
1.650000,-1.950000,2.392697
1.700000,-1.950000,2.357435
1.750000,-1.950000,2.320560
1.800000,-1.950000,2.281995
1.850000,-1.950000,2.241651
1.900000,-1.950000,
1.950000,-1.950000,
2.000000,-1.950000,
2.050000,-1.950000,
2.100000,-1.950000,
2.150000,-1.950000,
2.200000,-1.950000,
2.250000,-1.950000,
2.300000,-1.950000,
2.350000,-1.950000,
2.400000,-1.950000,
2.450000,-1.950000,
2.500000,-1.950000,
2.550000,-1.950000,
2.600000,-1.950000,
2.650000,-1.950000,
2.700000,-1.950000,
2.750000,-1.950000,
2.800000,-1.950000,
2.850000,-1.950000,
2.900000,-1.950000,
2.950000,-1.950000,
3.000000,-1.950000,
3.050000,-1.950000,
3.100000,-1.950000,
3.150000,-1.950000,
3.200000,-1.950000,
3.250000,-1.950000,
3.300000,-1.950000,
3.350000,-1.950000,
3.400000,-1.950000,
3.450000,-1.950000,
3.500000,-1.950000,
-3.500000,-1.900000,
-3.450000,-1.900000,
-3.400000,-1.900000,
-3.350000,-1.900000,
-3.300000,-1.900000,
-3.250000,-1.900000,
-3.200000,-1.900000,
-3.150000,-1.900000,
-3.100000,-1.900000,
-3.050000,-1.900000,
-3.000000,-1.900000,
-2.950000,-1.900000,
-2.900000,-1.900000,
-2.850000,-1.900000,
-2.800000,-1.900000,
-2.750000,-1.900000,
-2.700000,-1.900000,
-2.650000,-1.900000,
-2.600000,-1.900000,
-2.550000,-1.900000,
-2.500000,-1.900000,
-2.450000,-1.900000,
-2.400000,-1.900000,
-2.350000,-1.900000,
-2.300000,-1.900000,
-2.250000,-1.900000,
-2.200000,-1.900000,
-2.150000,-1.900000,
-2.100000,-1.900000,
-2.050000,-1.900000,2.106537
-2.000000,-1.900000,2.154066
-1.950000,-1.900000,2.199432
-1.900000,-1.900000,2.242766
-1.850000,-1.900000,2.284185
-1.800000,-1.900000,2.323790
-1.750000,-1.900000,2.361673
-1.700000,-1.900000,2.397916
-1.650000,-1.900000,2.432591
-1.600000,-1.900000,2.465766
-1.550000,-1.900000,2.497499
-1.500000,-1.900000,2.527845
-1.450000,-1.900000,2.556854
-1.400000,-1.900000,2.584570
-1.350000,-1.900000,2.611034
-1.300000,-1.900000,2.636285
-1.250000,-1.900000,2.660357
-1.200000,-1.900000,2.683282
-1.150000,-1.900000,2.705088
-1.100000,-1.900000,2.725803
-1.050000,-1.900000,2.745451
-1.000000,-1.900000,2.764055
-0.950000,-1.900000,2.781636
-0.900000,-1.900000,2.323434
-0.850000,-1.900000,2.520525
-0.800000,-1.900000,2.630391
-0.750000,-1.900000,2.712578
-0.700000,-1.900000,2.778996
-0.650000,-1.900000,2.834615
-0.600000,-1.900000,2.877499
-0.550000,-1.900000,2.887473
-0.500000,-1.900000,2.896550
-0.450000,-1.900000,2.904738
-0.400000,-1.900000,2.912044
-0.350000,-1.900000,2.918476
-0.300000,-1.900000,2.924038
-0.250000,-1.900000,2.928737
-0.200000,-1.900000,2.932576
-0.150000,-1.900000,2.935558
-0.100000,-1.900000,2.937686
-0.050000,-1.900000,2.938962
-0.000000,-1.900000,2.939388
0.050000,-1.900000,2.938962
0.100000,-1.900000,2.937686
0.150000,-1.900000,2.935558
0.200000,-1.900000,2.932576
0.250000,-1.900000,2.928737
0.300000,-1.900000,2.924038
0.350000,-1.900000,2.918476
0.400000,-1.900000,2.912044
0.450000,-1.900000,2.904738
0.500000,-1.900000,2.896550
0.550000,-1.900000,2.887473
0.600000,-1.900000,2.877499
0.650000,-1.900000,2.834615
0.700000,-1.900000,2.778996
0.750000,-1.900000,2.712578
0.800000,-1.900000,2.630391
0.850000,-1.900000,2.520525
0.900000,-1.900000,2.323434
0.950000,-1.900000,2.781636
1.000000,-1.900000,2.764055
1.050000,-1.900000,2.745451
1.100000,-1.900000,2.725803
1.150000,-1.900000,2.705088
1.200000,-1.900000,2.683282
1.250000,-1.900000,2.660357
1.300000,-1.900000,2.636285
1.350000,-1.900000,2.611034
1.400000,-1.900000,2.584570
1.450000,-1.900000,2.556854
1.500000,-1.900000,2.527845
1.550000,-1.900000,2.497499
1.600000,-1.900000,2.465766
1.650000,-1.900000,2.432591
1.700000,-1.900000,2.397916
1.750000,-1.900000,2.361673
1.800000,-1.900000,2.323790
1.850000,-1.900000,2.284185
1.900000,-1.900000,2.242766
1.950000,-1.900000,2.199432
2.000000,-1.900000,2.154066
2.050000,-1.900000,2.106537
2.100000,-1.900000,
2.150000,-1.900000,
2.200000,-1.900000,
2.250000,-1.900000,
2.300000,-1.900000,
2.350000,-1.900000,
2.400000,-1.900000,
2.450000,-1.900000,
2.500000,-1.900000,
2.550000,-1.900000,
2.600000,-1.900000,
2.650000,-1.900000,
2.700000,-1.900000,
2.750000,-1.900000,
2.800000,-1.900000,
2.850000,-1.900000,
2.900000,-1.900000,
2.950000,-1.900000,
3.000000,-1.900000,
3.050000,-1.900000,
3.100000,-1.900000,
3.150000,-1.900000,
3.200000,-1.900000,
3.250000,-1.900000,
3.300000,-1.900000,
3.350000,-1.900000,
3.400000,-1.900000,
3.450000,-1.900000,
3.500000,-1.900000,
-3.500000,-1.850000,
-3.450000,-1.850000,
-3.400000,-1.850000,
-3.350000,-1.850000,
-3.300000,-1.850000,
-3.250000,-1.850000,
-3.200000,-1.850000,
-3.150000,-1.850000,
-3.100000,-1.850000,
-3.050000,-1.850000,
-3.000000,-1.850000,
-2.950000,-1.850000,
-2.900000,-1.850000,
-2.850000,-1.850000,
-2.800000,-1.850000,
-2.750000,-1.850000,
-2.700000,-1.850000,
-2.650000,-1.850000,
-2.600000,-1.850000,
-2.550000,-1.850000,
-2.500000,-1.850000,
-2.450000,-1.850000,
-2.400000,-1.850000,
-2.350000,-1.850000,
-2.300000,-1.850000,
-2.250000,-1.850000,
-2.200000,-1.850000,1.996873
-2.150000,-1.850000,2.050610
-2.100000,-1.850000,2.101785
-2.050000,-1.850000,2.150581
-2.000000,-1.850000,2.197157
-1.950000,-1.850000,2.241651
-1.900000,-1.850000,2.284185
-1.850000,-1.850000,2.324866
-1.800000,-1.850000,2.363789
-1.750000,-1.850000,2.401041
-1.700000,-1.850000,2.436699
-1.650000,-1.850000,2.470830
-1.600000,-1.850000,2.503498
-1.550000,-1.850000,2.534758
-1.500000,-1.850000,2.564664
-1.450000,-1.850000,2.593260
-1.400000,-1.850000,2.620592
-1.350000,-1.850000,2.646696
-1.300000,-1.850000,2.671610
-1.250000,-1.850000,2.695366
-1.200000,-1.850000,2.717996
-1.150000,-1.850000,2.739526
-1.100000,-1.850000,2.759982
-1.050000,-1.850000,2.779388
-1.000000,-1.850000,2.797767
-0.950000,-1.850000,2.815138
-0.900000,-1.850000,2.831519
-0.850000,-1.850000,2.846928
-0.800000,-1.850000,2.861381
-0.750000,-1.850000,2.870996
-0.700000,-1.850000,2.887473
-0.650000,-1.850000,2.899138
-0.600000,-1.850000,2.909897
-0.550000,-1.850000,2.919760
-0.500000,-1.850000,2.928737
-0.450000,-1.850000,2.936835
-0.400000,-1.850000,2.944062
-0.350000,-1.850000,2.950424
-0.300000,-1.850000,2.955926
-0.250000,-1.850000,2.960574
-0.200000,-1.850000,2.964372
-0.150000,-1.850000,2.967322
-0.100000,-1.850000,2.969428
-0.050000,-1.850000,2.970690
-0.000000,-1.850000,2.971111
0.050000,-1.850000,2.970690
0.100000,-1.850000,2.969428
0.150000,-1.850000,2.967322
0.200000,-1.850000,2.964372
0.250000,-1.850000,2.960574
0.300000,-1.850000,2.955926
0.350000,-1.850000,2.950424
0.400000,-1.850000,2.944062
0.450000,-1.850000,2.936835
0.500000,-1.850000,2.928737
0.550000,-1.850000,2.919760
0.600000,-1.850000,2.909897
0.650000,-1.850000,2.899138
0.700000,-1.850000,2.887473
0.750000,-1.850000,2.870996
0.800000,-1.850000,2.861381
0.850000,-1.850000,2.846928
0.900000,-1.850000,2.831519
0.950000,-1.850000,2.815138
1.000000,-1.850000,2.797767
1.050000,-1.850000,2.779388
1.100000,-1.850000,2.759982
1.150000,-1.850000,2.739526
1.200000,-1.850000,2.717996
1.250000,-1.850000,2.695366
1.300000,-1.850000,2.671610
1.350000,-1.850000,2.646696
1.400000,-1.850000,2.620592
1.450000,-1.850000,2.593260
1.500000,-1.850000,2.564664
1.550000,-1.850000,2.534758
1.600000,-1.850000,2.503498
1.650000,-1.850000,2.470830
1.700000,-1.850000,2.436699
1.750000,-1.850000,2.401041
1.800000,-1.850000,2.363789
1.850000,-1.850000,2.324866
1.900000,-1.850000,2.284185
1.950000,-1.850000,2.241651
2.000000,-1.850000,2.197157
2.050000,-1.850000,2.150581
2.100000,-1.850000,2.101785
2.150000,-1.850000,2.050610
2.200000,-1.850000,1.996873
2.250000,-1.850000,
2.300000,-1.850000,
2.350000,-1.850000,
2.400000,-1.850000,
2.450000,-1.850000,
2.500000,-1.850000,
2.550000,-1.850000,
2.600000,-1.850000,
2.650000,-1.850000,
2.700000,-1.850000,
2.750000,-1.850000,
2.800000,-1.850000,
2.850000,-1.850000,
2.900000,-1.850000,
2.950000,-1.850000,
3.000000,-1.850000,
3.050000,-1.850000,
3.100000,-1.850000,
3.150000,-1.850000,
3.200000,-1.850000,
3.250000,-1.850000,
3.300000,-1.850000,
3.350000,-1.850000,
3.400000,-1.850000,
3.450000,-1.850000,
3.500000,-1.850000,
-3.500000,-1.800000,
-3.450000,-1.800000,
-3.400000,-1.800000,
-3.350000,-1.800000,
-3.300000,-1.800000,
-3.250000,-1.800000,
-3.200000,-1.800000,
-3.150000,-1.800000,
-3.100000,-1.800000,
-3.050000,-1.800000,
-3.000000,-1.800000,
-2.950000,-1.800000,
-2.900000,-1.800000,
-2.850000,-1.800000,
-2.800000,-1.800000,
-2.750000,-1.800000,
-2.700000,-1.800000,
-2.650000,-1.800000,
-2.600000,-1.800000,
-2.550000,-1.800000,
-2.500000,-1.800000,
-2.450000,-1.800000,
-2.400000,-1.800000,
-2.350000,-1.800000,
-2.300000,-1.800000,1.928730
-2.250000,-1.800000,1.986832
-2.200000,-1.800000,2.042058
-2.150000,-1.800000,2.094636
-2.100000,-1.800000,2.144761
-2.050000,-1.800000,2.192601
-2.000000,-1.800000,2.238303
-1.950000,-1.800000,2.281995
-1.900000,-1.800000,2.323790
-1.850000,-1.800000,2.363789
-1.800000,-1.800000,2.402082
-1.750000,-1.800000,2.438750
-1.700000,-1.800000,2.473863
-1.650000,-1.800000,2.507489
-1.600000,-1.800000,2.539685
-1.550000,-1.800000,2.570506
-1.500000,-1.800000,2.600000
-1.450000,-1.800000,2.628212
-1.400000,-1.800000,2.655184
-1.350000,-1.800000,2.680951
-1.300000,-1.800000,2.705550
-1.250000,-1.800000,2.729011
-1.200000,-1.800000,2.751363
-1.150000,-1.800000,2.772634
-1.100000,-1.800000,2.792848
-1.050000,-1.800000,2.812028
-1.000000,-1.800000,2.830194
-0.950000,-1.800000,2.847367
-0.900000,-1.800000,2.863564
-0.850000,-1.800000,2.878802
-0.800000,-1.800000,2.893095
-0.750000,-1.800000,2.906458
-0.700000,-1.800000,2.918904
-0.650000,-1.800000,2.930444
-0.600000,-1.800000,2.941088
-0.550000,-1.800000,2.950847
-0.500000,-1.800000,2.959730
-0.450000,-1.800000,2.967743
-0.400000,-1.800000,2.974895
-0.350000,-1.800000,2.981191
-0.300000,-1.800000,2.986637
-0.250000,-1.800000,2.991237
-0.200000,-1.800000,2.994996
-0.150000,-1.800000,2.997916
-0.100000,-1.800000,3.000000
-0.050000,-1.800000,3.001250
-0.000000,-1.800000,3.001666
0.050000,-1.800000,3.001250
0.100000,-1.800000,3.000000
0.150000,-1.800000,2.997916
0.200000,-1.800000,2.994996
0.250000,-1.800000,2.991237
0.300000,-1.800000,2.986637
0.350000,-1.800000,2.981191
0.400000,-1.800000,2.974895
0.450000,-1.800000,2.967743
0.500000,-1.800000,2.959730
0.550000,-1.800000,2.950847
0.600000,-1.800000,2.941088
0.650000,-1.800000,2.930444
0.700000,-1.800000,2.918904
0.750000,-1.800000,2.906458
0.800000,-1.800000,2.893095
0.850000,-1.800000,2.878802
0.900000,-1.800000,2.863564
0.950000,-1.800000,2.847367
1.000000,-1.800000,2.830194
1.050000,-1.800000,2.812028
1.100000,-1.800000,2.792848
1.150000,-1.800000,2.772634
1.200000,-1.800000,2.751363
1.250000,-1.800000,2.729011
1.300000,-1.800000,2.705550
1.350000,-1.800000,2.680951
1.400000,-1.800000,2.655184
1.450000,-1.800000,2.628212
1.500000,-1.800000,2.600000
1.550000,-1.800000,2.570506
1.600000,-1.800000,2.539685
1.650000,-1.800000,2.507489
1.700000,-1.800000,2.473863
1.750000,-1.800000,2.438750
1.800000,-1.800000,2.402082
1.850000,-1.800000,2.363789
1.900000,-1.800000,2.323790
1.950000,-1.800000,2.281995
2.000000,-1.800000,2.238303
2.050000,-1.800000,2.192601
2.100000,-1.800000,2.144761
2.150000,-1.800000,2.094636
2.200000,-1.800000,2.042058
2.250000,-1.800000,1.986832
2.300000,-1.800000,1.928730
2.350000,-1.800000,
2.400000,-1.800000,
2.450000,-1.800000,
2.500000,-1.800000,
2.550000,-1.800000,
2.600000,-1.800000,
2.650000,-1.800000,
2.700000,-1.800000,
2.750000,-1.800000,
2.800000,-1.800000,
2.850000,-1.800000,
2.900000,-1.800000,
2.950000,-1.800000,
3.000000,-1.800000,
3.050000,-1.800000,
3.100000,-1.800000,
3.150000,-1.800000,
3.200000,-1.800000,
3.250000,-1.800000,
3.300000,-1.800000,
3.350000,-1.800000,
3.400000,-1.800000,
3.450000,-1.800000,
3.500000,-1.800000,
-3.500000,-1.750000,
-3.450000,-1.750000,
-3.400000,-1.750000,
-3.350000,-1.750000,
-3.300000,-1.750000,
-3.250000,-1.750000,
-3.200000,-1.750000,
-3.150000,-1.750000,
-3.100000,-1.750000,
-3.050000,-1.750000,
-3.000000,-1.750000,
-2.950000,-1.750000,
-2.900000,-1.750000,
-2.850000,-1.750000,
-2.800000,-1.750000,
-2.750000,-1.750000,
-2.700000,-1.750000,
-2.650000,-1.750000,
-2.600000,-1.750000,
-2.550000,-1.750000,
-2.500000,-1.750000,
-2.450000,-1.750000,
-2.400000,-1.750000,1.851351
-2.350000,-1.750000,1.914419
-2.300000,-1.750000,1.974209
-2.250000,-1.750000,2.031010
-2.200000,-1.750000,2.085066
-2.150000,-1.750000,2.136586
-2.100000,-1.750000,2.185749
-2.050000,-1.750000,2.232711
-2.000000,-1.750000,2.277608
-1.950000,-1.750000,2.320560
-1.900000,-1.750000,2.361673
-1.850000,-1.750000,2.401041
-1.800000,-1.750000,2.438750
-1.750000,-1.750000,2.474874
-1.700000,-1.750000,2.509482
-1.650000,-1.750000,2.542636
-1.600000,-1.750000,2.574393
-1.550000,-1.750000,2.604803
-1.500000,-1.750000,2.633913
-1.450000,-1.750000,2.661766
-1.400000,-1.750000,2.688401
-1.350000,-1.750000,2.713853
-1.300000,-1.750000,2.738156
-1.250000,-1.750000,2.761340
-1.200000,-1.750000,2.783433
-1.150000,-1.750000,2.804461
-1.100000,-1.750000,2.824447
-1.050000,-1.750000,2.843413
-1.000000,-1.750000,2.861381
-0.950000,-1.750000,2.878368
-0.900000,-1.750000,2.894391
-0.850000,-1.750000,2.909467
-0.800000,-1.750000,2.923611
-0.750000,-1.750000,2.936835
-0.700000,-1.750000,2.949152
-0.650000,-1.750000,2.960574
-0.600000,-1.750000,2.971111
-0.550000,-1.750000,2.980772
-0.500000,-1.750000,2.989565
-0.450000,-1.750000,2.997499
-0.400000,-1.750000,3.004580
-0.350000,-1.750000,3.010814
-0.300000,-1.750000,3.016206
-0.250000,-1.750000,3.020761
-0.200000,-1.750000,3.024483
-0.150000,-1.750000,3.027375
-0.100000,-1.750000,3.029439
-0.050000,-1.750000,3.030676
-0.000000,-1.750000,3.031089
0.050000,-1.750000,3.030676
0.100000,-1.750000,3.029439
0.150000,-1.750000,3.027375
0.200000,-1.750000,3.024483
0.250000,-1.750000,3.020761
0.300000,-1.750000,3.016206
0.350000,-1.750000,3.010814
0.400000,-1.750000,3.004580
0.450000,-1.750000,2.997499
0.500000,-1.750000,2.989565
0.550000,-1.750000,2.980772
0.600000,-1.750000,2.971111
0.650000,-1.750000,2.960574
0.700000,-1.750000,2.949152
0.750000,-1.750000,2.936835
0.800000,-1.750000,2.923611
0.850000,-1.750000,2.909467
0.900000,-1.750000,2.894391
0.950000,-1.750000,2.878368
1.000000,-1.750000,2.861381
1.050000,-1.750000,2.843413
1.100000,-1.750000,2.824447
1.150000,-1.750000,2.804461
1.200000,-1.750000,2.783433
1.250000,-1.750000,2.761340
1.300000,-1.750000,2.738156
1.350000,-1.750000,2.713853
1.400000,-1.750000,2.688401
1.450000,-1.750000,2.661766
1.500000,-1.750000,2.633913
1.550000,-1.750000,2.604803
1.600000,-1.750000,2.574393
1.650000,-1.750000,2.542636
1.700000,-1.750000,2.509482
1.750000,-1.750000,2.474874
1.800000,-1.750000,2.438750
1.850000,-1.750000,2.401041
1.900000,-1.750000,2.361673
1.950000,-1.750000,2.320560
2.000000,-1.750000,2.277608
2.050000,-1.750000,2.232711
2.100000,-1.750000,2.185749
2.150000,-1.750000,2.136586
2.200000,-1.750000,2.085066
2.250000,-1.750000,2.031010
2.300000,-1.750000,1.974209
2.350000,-1.750000,1.914419
2.400000,-1.750000,1.851351
2.450000,-1.750000,
2.500000,-1.750000,
2.550000,-1.750000,
2.600000,-1.750000,
2.650000,-1.750000,
2.700000,-1.750000,
2.750000,-1.750000,
2.800000,-1.750000,
2.850000,-1.750000,
2.900000,-1.750000,
2.950000,-1.750000,
3.000000,-1.750000,
3.050000,-1.750000,
3.100000,-1.750000,
3.150000,-1.750000,
3.200000,-1.750000,
3.250000,-1.750000,
3.300000,-1.750000,
3.350000,-1.750000,
3.400000,-1.750000,
3.450000,-1.750000,
3.500000,-1.750000,
-3.500000,-1.700000,
-3.450000,-1.700000,
-3.400000,-1.700000,
-3.350000,-1.700000,
-3.300000,-1.700000,
-3.250000,-1.700000,
-3.200000,-1.700000,
-3.150000,-1.700000,
-3.100000,-1.700000,
-3.050000,-1.700000,
-3.000000,-1.700000,
-2.950000,-1.700000,
-2.900000,-1.700000,
-2.850000,-1.700000,
-2.800000,-1.700000,
-2.750000,-1.700000,
-2.700000,-1.700000,
-2.650000,-1.700000,
-2.600000,-1.700000,
-2.550000,-1.700000,
-2.500000,-1.700000,1.763519
-2.450000,-1.700000,1.832348
-2.400000,-1.700000,1.897367
-2.350000,-1.700000,1.958954
-2.300000,-1.700000,2.017424
-2.250000,-1.700000,2.073041
-2.200000,-1.700000,2.126029
-2.150000,-1.700000,2.176580
-2.100000,-1.700000,2.224860
-2.050000,-1.700000,2.271013
-2.000000,-1.700000,2.315167
-1.950000,-1.700000,2.357435
-1.900000,-1.700000,2.397916
-1.850000,-1.700000,2.436699
-1.800000,-1.700000,2.473863
-1.750000,-1.700000,2.509482
-1.700000,-1.700000,2.543619
-1.650000,-1.700000,2.576335
-1.600000,-1.700000,2.607681
-1.550000,-1.700000,2.637707
-1.500000,-1.700000,2.666458
-1.450000,-1.700000,2.693975
-1.400000,-1.700000,2.720294
-1.350000,-1.700000,2.745451
-1.300000,-1.700000,2.769476
-1.250000,-1.700000,2.792400
-1.200000,-1.700000,2.814249
-1.150000,-1.700000,2.835049
-1.100000,-1.700000,2.854820
-1.050000,-1.700000,2.873587
-1.000000,-1.700000,2.891366
-0.950000,-1.700000,2.908178
-0.900000,-1.700000,2.924038
-0.850000,-1.700000,2.938962
-0.800000,-1.700000,2.952965
-0.750000,-1.700000,2.966058
-0.700000,-1.700000,2.978255
-0.650000,-1.700000,2.989565
-0.600000,-1.700000,3.000000
-0.550000,-1.700000,3.009568
-0.500000,-1.700000,3.018278
-0.450000,-1.700000,3.026136
-0.400000,-1.700000,3.033150
-0.350000,-1.700000,3.039326
-0.300000,-1.700000,3.044667
-0.250000,-1.700000,3.049180
-0.200000,-1.700000,3.052868
-0.150000,-1.700000,3.055732
-0.100000,-1.700000,3.057777
-0.050000,-1.700000,3.059003
-0.000000,-1.700000,3.059412
0.050000,-1.700000,3.059003
0.100000,-1.700000,3.057777
0.150000,-1.700000,3.055732
0.200000,-1.700000,3.052868
0.250000,-1.700000,3.049180
0.300000,-1.700000,3.044667
0.350000,-1.700000,3.039326
0.400000,-1.700000,3.033150
0.450000,-1.700000,3.026136
0.500000,-1.700000,3.018278
0.550000,-1.700000,3.009568
0.600000,-1.700000,3.000000
0.650000,-1.700000,2.989565
0.700000,-1.700000,2.978255
0.750000,-1.700000,2.966058
0.800000,-1.700000,2.952965
0.850000,-1.700000,2.938962
0.900000,-1.700000,2.924038
0.950000,-1.700000,2.908178
1.000000,-1.700000,2.891366
1.050000,-1.700000,2.873587
1.100000,-1.700000,2.854820
1.150000,-1.700000,2.835049
1.200000,-1.700000,2.814249
1.250000,-1.700000,2.792400
1.300000,-1.700000,2.769476
1.350000,-1.700000,2.745451
1.400000,-1.700000,2.720294
1.450000,-1.700000,2.693975
1.500000,-1.700000,2.666458
1.550000,-1.700000,2.637707
1.600000,-1.700000,2.607681
1.650000,-1.700000,2.576335
1.700000,-1.700000,2.543619
1.750000,-1.700000,2.509482
1.800000,-1.700000,2.473863
1.850000,-1.700000,2.436699
1.900000,-1.700000,2.397916
1.950000,-1.700000,2.357435
2.000000,-1.700000,2.315167
2.050000,-1.700000,2.271013
2.100000,-1.700000,2.224860
2.150000,-1.700000,2.176580
2.200000,-1.700000,2.126029
2.250000,-1.700000,2.073041
2.300000,-1.700000,2.017424
2.350000,-1.700000,1.958954
2.400000,-1.700000,1.897367
2.450000,-1.700000,1.832348
2.500000,-1.700000,1.763519
2.550000,-1.700000,
2.600000,-1.700000,
2.650000,-1.700000,
2.700000,-1.700000,
2.750000,-1.700000,
2.800000,-1.700000,
2.850000,-1.700000,
2.900000,-1.700000,
2.950000,-1.700000,
3.000000,-1.700000,
3.050000,-1.700000,
3.100000,-1.700000,
3.150000,-1.700000,
3.200000,-1.700000,
3.250000,-1.700000,
3.300000,-1.700000,
3.350000,-1.700000,
3.400000,-1.700000,
3.450000,-1.700000,
3.500000,-1.700000,
-3.500000,-1.650000,
-3.450000,-1.650000,
-3.400000,-1.650000,
-3.350000,-1.650000,
-3.300000,-1.650000,
-3.250000,-1.650000,
-3.200000,-1.650000,
-3.150000,-1.650000,
-3.100000,-1.650000,
-3.050000,-1.650000,
-3.000000,-1.650000,
-2.950000,-1.650000,
-2.900000,-1.650000,
-2.850000,-1.650000,
-2.800000,-1.650000,
-2.750000,-1.650000,
-2.700000,-1.650000,
-2.650000,-1.650000,
-2.600000,-1.650000,1.663580
-2.550000,-1.650000,1.739253
-2.500000,-1.650000,1.810387
-2.450000,-1.650000,1.877498
-2.400000,-1.650000,1.941005
-2.350000,-1.650000,2.001250
-2.300000,-1.650000,2.058519
-2.250000,-1.650000,2.113055
-2.200000,-1.650000,2.165064
-2.150000,-1.650000,2.214723
-2.100000,-1.650000,2.262189
-2.050000,-1.650000,2.307596
-2.000000,-1.650000,2.351064
-1.950000,-1.650000,2.392697
-1.900000,-1.650000,2.432591
-1.850000,-1.650000,2.470830
-1.800000,-1.650000,2.507489
-1.750000,-1.650000,2.542636
-1.700000,-1.650000,2.576335
-1.650000,-1.650000,2.608639
-1.600000,-1.650000,2.639602
-1.550000,-1.650000,2.669270
-1.500000,-1.650000,2.697684
-1.450000,-1.650000,2.724885
-1.400000,-1.650000,2.750909
-1.350000,-1.650000,2.775788
-1.300000,-1.650000,2.799554
-1.250000,-1.650000,2.822233
-1.200000,-1.650000,2.843853
-1.150000,-1.650000,2.864437
-1.100000,-1.650000,2.884008
-1.050000,-1.650000,2.902585
-1.000000,-1.650000,2.920188
-0.950000,-1.650000,2.936835
-0.900000,-1.650000,2.952541
-0.850000,-1.650000,2.967322
-0.800000,-1.650000,2.981191
-0.750000,-1.650000,2.994161
-0.700000,-1.650000,3.006244
-0.650000,-1.650000,3.017449
-0.600000,-1.650000,3.027788
-0.550000,-1.650000,3.037269
-0.500000,-1.650000,3.045899
-0.450000,-1.650000,3.053686
-0.400000,-1.650000,3.060637
-0.350000,-1.650000,3.066757
-0.300000,-1.650000,3.072051
-0.250000,-1.650000,3.076524
-0.200000,-1.650000,3.080179
-0.150000,-1.650000,3.083018
-0.100000,-1.650000,3.085045
-0.050000,-1.650000,3.086260
-0.000000,-1.650000,3.086665
0.050000,-1.650000,3.086260
0.100000,-1.650000,3.085045
0.150000,-1.650000,3.083018
0.200000,-1.650000,3.080179
0.250000,-1.650000,3.076524
0.300000,-1.650000,3.072051
0.350000,-1.650000,3.066757
0.400000,-1.650000,3.060637
0.450000,-1.650000,3.053686
0.500000,-1.650000,3.045899
0.550000,-1.650000,3.037269
0.600000,-1.650000,3.027788
0.650000,-1.650000,3.017449
0.700000,-1.650000,3.006244
0.750000,-1.650000,2.994161
0.800000,-1.650000,2.981191
0.850000,-1.650000,2.967322
0.900000,-1.650000,2.952541
0.950000,-1.650000,2.936835
1.000000,-1.650000,2.920188
1.050000,-1.650000,2.902585
1.100000,-1.650000,2.884008
1.150000,-1.650000,2.864437
1.200000,-1.650000,2.843853
1.250000,-1.650000,2.822233
1.300000,-1.650000,2.799554
1.350000,-1.650000,2.775788
1.400000,-1.650000,2.750909
1.450000,-1.650000,2.724885
1.500000,-1.650000,2.697684
1.550000,-1.650000,2.669270
1.600000,-1.650000,2.639602
1.650000,-1.650000,2.608639
1.700000,-1.650000,2.576335
1.750000,-1.650000,2.542636
1.800000,-1.650000,2.507489
1.850000,-1.650000,2.470830
1.900000,-1.650000,2.432591
1.950000,-1.650000,2.392697
2.000000,-1.650000,2.351064
2.050000,-1.650000,2.307596
2.100000,-1.650000,2.262189
2.150000,-1.650000,2.214723
2.200000,-1.650000,2.165064
2.250000,-1.650000,2.113055
2.300000,-1.650000,2.058519
2.350000,-1.650000,2.001250
2.400000,-1.650000,1.941005
2.450000,-1.650000,1.877498
2.500000,-1.650000,1.810387
2.550000,-1.650000,1.739253
2.600000,-1.650000,1.663580
2.650000,-1.650000,
2.700000,-1.650000,
2.750000,-1.650000,
2.800000,-1.650000,
2.850000,-1.650000,
2.900000,-1.650000,
2.950000,-1.650000,
3.000000,-1.650000,
3.050000,-1.650000,
3.100000,-1.650000,
3.150000,-1.650000,
3.200000,-1.650000,
3.250000,-1.650000,
3.300000,-1.650000,
3.350000,-1.650000,
3.400000,-1.650000,
3.450000,-1.650000,
3.500000,-1.650000,
-3.500000,-1.600000,
-3.450000,-1.600000,
-3.400000,-1.600000,
-3.350000,-1.600000,
-3.300000,-1.600000,
-3.250000,-1.600000,
-3.200000,-1.600000,
-3.150000,-1.600000,
-3.100000,-1.600000,
-3.050000,-1.600000,
-3.000000,-1.600000,
-2.950000,-1.600000,
-2.900000,-1.600000,
-2.850000,-1.600000,
-2.800000,-1.600000,
-2.750000,-1.600000,
-2.700000,-1.600000,
-2.650000,-1.600000,1.633248
-2.600000,-1.600000,1.711724
-2.550000,-1.600000,1.785357
-2.500000,-1.600000,1.854724
-2.450000,-1.600000,1.920286
-2.400000,-1.600000,1.982423
-2.350000,-1.600000,2.041446
-2.300000,-1.600000,2.097618
-2.250000,-1.600000,2.151162
-2.200000,-1.600000,2.202272
-2.150000,-1.600000,2.251111
-2.100000,-1.600000,2.297825
-2.050000,-1.600000,2.342541
-2.000000,-1.600000,2.385372
-1.950000,-1.600000,2.426417
-1.900000,-1.600000,2.465766
-1.850000,-1.600000,2.503498
-1.800000,-1.600000,2.539685
-1.750000,-1.600000,2.574393
-1.700000,-1.600000,2.607681
-1.650000,-1.600000,2.639602
-1.600000,-1.600000,2.670206
-1.550000,-1.600000,2.699537
-1.500000,-1.600000,2.727636
-1.450000,-1.600000,2.754542
-1.400000,-1.600000,2.780288
-1.350000,-1.600000,2.804906
-1.300000,-1.600000,2.828427
-1.250000,-1.600000,2.850877
-1.200000,-1.600000,2.872281
-1.150000,-1.600000,2.892663
-1.100000,-1.600000,2.912044
-1.050000,-1.600000,2.930444
-1.000000,-1.600000,2.947881
-0.950000,-1.600000,2.964372
-0.900000,-1.600000,2.979933
-0.850000,-1.600000,2.994578
-0.800000,-1.600000,3.008322
-0.750000,-1.600000,3.021175
-0.700000,-1.600000,3.033150
-0.650000,-1.600000,3.044257
-0.600000,-1.600000,3.054505
-0.550000,-1.600000,3.063903
-0.500000,-1.600000,3.072458
-0.450000,-1.600000,3.080179
-0.400000,-1.600000,3.087070
-0.350000,-1.600000,3.093138
-0.300000,-1.600000,3.098387
-0.250000,-1.600000,3.102821
-0.200000,-1.600000,3.106445
-0.150000,-1.600000,3.109260
-0.100000,-1.600000,3.111270
-0.050000,-1.600000,3.112475
-0.000000,-1.600000,3.112876
0.050000,-1.600000,3.112475
0.100000,-1.600000,3.111270
0.150000,-1.600000,3.109260
0.200000,-1.600000,3.106445
0.250000,-1.600000,3.102821
0.300000,-1.600000,3.098387
0.350000,-1.600000,3.093138
0.400000,-1.600000,3.087070
0.450000,-1.600000,3.080179
0.500000,-1.600000,3.072458
0.550000,-1.600000,3.063903
0.600000,-1.600000,3.054505
0.650000,-1.600000,3.044257
0.700000,-1.600000,3.033150
0.750000,-1.600000,3.021175
0.800000,-1.600000,3.008322
0.850000,-1.600000,2.994578
0.900000,-1.600000,2.979933
0.950000,-1.600000,2.964372
1.000000,-1.600000,2.947881
1.050000,-1.600000,2.930444
1.100000,-1.600000,2.912044
1.150000,-1.600000,2.892663
1.200000,-1.600000,2.872281
1.250000,-1.600000,2.850877
1.300000,-1.600000,2.828427
1.350000,-1.600000,2.804906
1.400000,-1.600000,2.780288
1.450000,-1.600000,2.754542
1.500000,-1.600000,2.727636
1.550000,-1.600000,2.699537
1.600000,-1.600000,2.670206
1.650000,-1.600000,2.639602
1.700000,-1.600000,2.607681
1.750000,-1.600000,2.574393
1.800000,-1.600000,2.539685
1.850000,-1.600000,2.503498
1.900000,-1.600000,2.465766
1.950000,-1.600000,2.426417
2.000000,-1.600000,2.385372
2.050000,-1.600000,2.342541
2.100000,-1.600000,2.297825
2.150000,-1.600000,2.251111
2.200000,-1.600000,2.202272
2.250000,-1.600000,2.151162
2.300000,-1.600000,2.097618
2.350000,-1.600000,2.041446
2.400000,-1.600000,1.982423
2.450000,-1.600000,1.920286
2.500000,-1.600000,1.854724
2.550000,-1.600000,1.785357
2.600000,-1.600000,1.711724
2.650000,-1.600000,1.633248
2.700000,-1.600000,
2.750000,-1.600000,
2.800000,-1.600000,
2.850000,-1.600000,
2.900000,-1.600000,
2.950000,-1.600000,
3.000000,-1.600000,
3.050000,-1.600000,
3.100000,-1.600000,
3.150000,-1.600000,
3.200000,-1.600000,
3.250000,-1.600000,
3.300000,-1.600000,
3.350000,-1.600000,
3.400000,-1.600000,
3.450000,-1.600000,
3.500000,-1.600000,
-3.500000,-1.550000,
-3.450000,-1.550000,
-3.400000,-1.550000,
-3.350000,-1.550000,
-3.300000,-1.550000,
-3.250000,-1.550000,
-3.200000,-1.550000,
-3.150000,-1.550000,
-3.100000,-1.550000,
-3.050000,-1.550000,
-3.000000,-1.550000,
-2.950000,-1.550000,
-2.900000,-1.550000,
-2.850000,-1.550000,
-2.800000,-1.550000,
-2.750000,-1.550000,
-2.700000,-1.550000,1.599219
-2.650000,-1.550000,1.680774
-2.600000,-1.550000,1.757128
-2.550000,-1.550000,1.828934
-2.500000,-1.550000,1.896708
-2.450000,-1.550000,1.960867
-2.400000,-1.550000,2.021757
-2.350000,-1.550000,2.079663
-2.300000,-1.550000,2.134830
-2.250000,-1.550000,2.187464
-2.200000,-1.550000,2.237744
-2.150000,-1.550000,2.285826
-2.100000,-1.550000,2.331845
-2.050000,-1.550000,2.375921
-2.000000,-1.550000,2.418160
-1.950000,-1.550000,2.458658
-1.900000,-1.550000,2.497499
-1.850000,-1.550000,2.534758
-1.800000,-1.550000,2.570506
-1.750000,-1.550000,2.604803
-1.700000,-1.550000,2.637707
-1.650000,-1.550000,2.669270
-1.600000,-1.550000,2.699537
-1.550000,-1.550000,2.728553
-1.500000,-1.550000,2.756356
-1.450000,-1.550000,2.782984
-1.400000,-1.550000,2.808469
-1.350000,-1.550000,2.832843
-1.300000,-1.550000,2.856134
-1.250000,-1.550000,2.878368
-1.200000,-1.550000,2.899569
-1.150000,-1.550000,2.919760
-1.100000,-1.550000,2.938962
-1.050000,-1.550000,2.957195
-1.000000,-1.550000,2.974475
-0.950000,-1.550000,2.990819
-0.900000,-1.550000,3.006244
-0.850000,-1.550000,3.020761
-0.800000,-1.550000,3.034386
-0.750000,-1.550000,3.047130
-0.700000,-1.550000,3.059003
-0.650000,-1.550000,3.070016
-0.600000,-1.550000,3.080179
-0.550000,-1.550000,3.089498
-0.500000,-1.550000,3.097983
-0.450000,-1.550000,3.105640
-0.400000,-1.550000,3.112475
-0.350000,-1.550000,3.118493
-0.300000,-1.550000,3.123700
-0.250000,-1.550000,3.128098
-0.200000,-1.550000,3.131693
-0.150000,-1.550000,3.134486
-0.100000,-1.550000,3.136479
-0.050000,-1.550000,3.137674
-0.000000,-1.550000,3.138073
0.050000,-1.550000,3.137674
0.100000,-1.550000,3.136479
0.150000,-1.550000,3.134486
0.200000,-1.550000,3.131693
0.250000,-1.550000,3.128098
0.300000,-1.550000,3.123700
0.350000,-1.550000,3.118493
0.400000,-1.550000,3.112475
0.450000,-1.550000,3.105640
0.500000,-1.550000,3.097983
0.550000,-1.550000,3.089498
0.600000,-1.550000,3.080179
0.650000,-1.550000,3.070016
0.700000,-1.550000,3.059003
0.750000,-1.550000,3.047130
0.800000,-1.550000,3.034386
0.850000,-1.550000,3.020761
0.900000,-1.550000,3.006244
0.950000,-1.550000,2.990819
1.000000,-1.550000,2.974475
1.050000,-1.550000,2.957195
1.100000,-1.550000,2.938962
1.150000,-1.550000,2.919760
1.200000,-1.550000,2.899569
1.250000,-1.550000,2.878368
1.300000,-1.550000,2.856134
1.350000,-1.550000,2.832843
1.400000,-1.550000,2.808469
1.450000,-1.550000,2.782984
1.500000,-1.550000,2.756356
1.550000,-1.550000,2.728553
1.600000,-1.550000,2.699537
1.650000,-1.550000,2.669270
1.700000,-1.550000,2.637707
1.750000,-1.550000,2.604803
1.800000,-1.550000,2.570506
1.850000,-1.550000,2.534758
1.900000,-1.550000,2.497499
1.950000,-1.550000,2.458658
2.000000,-1.550000,2.418160
2.050000,-1.550000,2.375921
2.100000,-1.550000,2.331845
2.150000,-1.550000,2.285826
2.200000,-1.550000,2.237744
2.250000,-1.550000,2.187464
2.300000,-1.550000,2.134830
2.350000,-1.550000,2.079663
2.400000,-1.550000,2.021757
2.450000,-1.550000,1.960867
2.500000,-1.550000,1.896708
2.550000,-1.550000,1.828934
2.600000,-1.550000,1.757128
2.650000,-1.550000,1.680774
2.700000,-1.550000,1.599219
2.750000,-1.550000,
2.800000,-1.550000,
2.850000,-1.550000,
2.900000,-1.550000,
2.950000,-1.550000,
3.000000,-1.550000,
3.050000,-1.550000,
3.100000,-1.550000,
3.150000,-1.550000,
3.200000,-1.550000,
3.250000,-1.550000,
3.300000,-1.550000,
3.350000,-1.550000,
3.400000,-1.550000,
3.450000,-1.550000,
3.500000,-1.550000,
-3.500000,-1.500000,
-3.450000,-1.500000,
-3.400000,-1.500000,
-3.350000,-1.500000,
-3.300000,-1.500000,
-3.250000,-1.500000,
-3.200000,-1.500000,
-3.150000,-1.500000,
-3.100000,-1.500000,
-3.050000,-1.500000,
-3.000000,-1.500000,
-2.950000,-1.500000,
-2.900000,-1.500000,
-2.850000,-1.500000,
-2.800000,-1.500000,1.469694
-2.750000,-1.500000,1.561249
-2.700000,-1.500000,1.646208
-2.650000,-1.500000,1.725543
-2.600000,-1.500000,1.800000
-2.550000,-1.500000,1.870160
-2.500000,-1.500000,1.936492
-2.450000,-1.500000,1.999375
-2.400000,-1.500000,2.059126
-2.350000,-1.500000,2.116010
-2.300000,-1.500000,2.170253
-2.250000,-1.500000,2.222049
-2.200000,-1.500000,2.271563
-2.150000,-1.500000,2.318944
-2.100000,-1.500000,2.364318
-2.050000,-1.500000,2.407800
-2.000000,-1.500000,2.449490
-1.950000,-1.500000,2.489478
-1.900000,-1.500000,2.527845
-1.850000,-1.500000,2.564664
-1.800000,-1.500000,2.600000
-1.750000,-1.500000,2.633913
-1.700000,-1.500000,2.666458
-1.650000,-1.500000,2.697684
-1.600000,-1.500000,2.727636
-1.550000,-1.500000,2.756356
-1.500000,-1.500000,2.783882
-1.450000,-1.500000,2.810249
-1.400000,-1.500000,2.835489
-1.350000,-1.500000,2.859633
-1.300000,-1.500000,2.882707
-1.250000,-1.500000,2.904738
-1.200000,-1.500000,2.925748
-1.150000,-1.500000,2.945760
-1.100000,-1.500000,2.964793
-1.050000,-1.500000,2.982868
-1.000000,-1.500000,3.000000
-0.950000,-1.500000,3.016206
-0.900000,-1.500000,3.031501
-0.850000,-1.500000,3.045899
-0.800000,-1.500000,3.059412
-0.750000,-1.500000,3.072051
-0.700000,-1.500000,3.083829
-0.650000,-1.500000,3.094754
-0.600000,-1.500000,3.104835
-0.550000,-1.500000,3.114081
-0.500000,-1.500000,3.122499
-0.450000,-1.500000,3.130096
-0.400000,-1.500000,3.136877
-0.350000,-1.500000,3.142849
-0.300000,-1.500000,3.148015
-0.250000,-1.500000,3.152380
-0.200000,-1.500000,3.155947
-0.150000,-1.500000,3.158718
-0.100000,-1.500000,3.160696
-0.050000,-1.500000,3.161882
-0.000000,-1.500000,3.162278
0.050000,-1.500000,3.161882
0.100000,-1.500000,3.160696
0.150000,-1.500000,3.158718
0.200000,-1.500000,3.155947
0.250000,-1.500000,3.152380
0.300000,-1.500000,3.148015
0.350000,-1.500000,3.142849
0.400000,-1.500000,3.136877
0.450000,-1.500000,3.130096
0.500000,-1.500000,3.122499
0.550000,-1.500000,3.114081
0.600000,-1.500000,3.104835
0.650000,-1.500000,3.094754
0.700000,-1.500000,3.083829
0.750000,-1.500000,3.072051
0.800000,-1.500000,3.059412
0.850000,-1.500000,3.045899
0.900000,-1.500000,3.031501
0.950000,-1.500000,3.016206
1.000000,-1.500000,3.000000
1.050000,-1.500000,2.982868
1.100000,-1.500000,2.964793
1.150000,-1.500000,2.945760
1.200000,-1.500000,2.925748
1.250000,-1.500000,2.904738
1.300000,-1.500000,2.882707
1.350000,-1.500000,2.859633
1.400000,-1.500000,2.835489
1.450000,-1.500000,2.810249
1.500000,-1.500000,2.783882
1.550000,-1.500000,2.756356
1.600000,-1.500000,2.727636
1.650000,-1.500000,2.697684
1.700000,-1.500000,2.666458
1.750000,-1.500000,2.633913
1.800000,-1.500000,2.600000
1.850000,-1.500000,2.564664
1.900000,-1.500000,2.527845
1.950000,-1.500000,2.489478
2.000000,-1.500000,2.449490
2.050000,-1.500000,2.407800
2.100000,-1.500000,2.364318
2.150000,-1.500000,2.318944
2.200000,-1.500000,2.271563
2.250000,-1.500000,2.222049
2.300000,-1.500000,2.170253
2.350000,-1.500000,2.116010
2.400000,-1.500000,2.059126
2.450000,-1.500000,1.999375
2.500000,-1.500000,1.936492
2.550000,-1.500000,1.870160
2.600000,-1.500000,1.800000
2.650000,-1.500000,1.725543
2.700000,-1.500000,1.646208
2.750000,-1.500000,1.561249
2.800000,-1.500000,1.469694
2.850000,-1.500000,
2.900000,-1.500000,
2.950000,-1.500000,
3.000000,-1.500000,
3.050000,-1.500000,
3.100000,-1.500000,
3.150000,-1.500000,
3.200000,-1.500000,
3.250000,-1.500000,
3.300000,-1.500000,
3.350000,-1.500000,
3.400000,-1.500000,
3.450000,-1.500000,
3.500000,-1.500000,
-3.500000,-1.450000,
-3.450000,-1.450000,
-3.400000,-1.450000,
-3.350000,-1.450000,
-3.300000,-1.450000,
-3.250000,-1.450000,
-3.200000,-1.450000,
-3.150000,-1.450000,
-3.100000,-1.450000,
-3.050000,-1.450000,
-3.000000,-1.450000,
-2.950000,-1.450000,
-2.900000,-1.450000,
-2.850000,-1.450000,1.423025
-2.800000,-1.450000,1.519046
-2.750000,-1.450000,1.607794
-2.700000,-1.450000,1.690414
-2.650000,-1.450000,1.767767
-2.600000,-1.450000,1.840516
-2.550000,-1.450000,1.909188
-2.500000,-1.450000,1.974209
-2.450000,-1.450000,2.035927
-2.400000,-1.450000,2.094636
-2.350000,-1.450000,2.150581
-2.300000,-1.450000,2.203974
-2.250000,-1.450000,2.254994
-2.200000,-1.450000,2.303801
-2.150000,-1.450000,2.350532
-2.100000,-1.450000,2.395308
-2.050000,-1.450000,2.438237
-2.000000,-1.450000,2.479415
-1.950000,-1.450000,2.518928
-1.900000,-1.450000,2.556854
-1.850000,-1.450000,2.593260
-1.800000,-1.450000,2.628212
-1.750000,-1.450000,2.661766
-1.700000,-1.450000,2.693975
-1.650000,-1.450000,2.724885
-1.600000,-1.450000,2.754542
-1.550000,-1.450000,2.782984
-1.500000,-1.450000,2.810249
-1.450000,-1.450000,2.836371
-1.400000,-1.450000,2.861381
-1.350000,-1.450000,2.885308
-1.300000,-1.450000,2.908178
-1.250000,-1.450000,2.930017
-1.200000,-1.450000,2.950847
-1.150000,-1.450000,2.970690
-1.100000,-1.450000,2.989565
-1.050000,-1.450000,3.007491
-1.000000,-1.450000,3.024483
-0.950000,-1.450000,3.040559
-0.900000,-1.450000,3.055732
-0.850000,-1.450000,3.070016
-0.800000,-1.450000,3.083423
-0.750000,-1.450000,3.095965
-0.700000,-1.450000,3.107652
-0.650000,-1.450000,3.118493
-0.600000,-1.450000,3.128498
-0.550000,-1.450000,3.137674
-0.500000,-1.450000,3.146029
-0.450000,-1.450000,3.153569
-0.400000,-1.450000,3.160301
-0.350000,-1.450000,3.166228
-0.300000,-1.450000,3.171356
-0.250000,-1.450000,3.175689
-0.200000,-1.450000,3.179229
-0.150000,-1.450000,3.181981
-0.100000,-1.450000,3.183944
-0.050000,-1.450000,3.185122
-0.000000,-1.450000,3.185514
0.050000,-1.450000,3.185122
0.100000,-1.450000,3.183944
0.150000,-1.450000,3.181981
0.200000,-1.450000,3.179229
0.250000,-1.450000,3.175689
0.300000,-1.450000,3.171356
0.350000,-1.450000,3.166228
0.400000,-1.450000,3.160301
0.450000,-1.450000,3.153569
0.500000,-1.450000,3.146029
0.550000,-1.450000,3.137674
0.600000,-1.450000,3.128498
0.650000,-1.450000,3.118493
0.700000,-1.450000,3.107652
0.750000,-1.450000,3.095965
0.800000,-1.450000,3.083423
0.850000,-1.450000,3.070016
0.900000,-1.450000,3.055732
0.950000,-1.450000,3.040559
1.000000,-1.450000,3.024483
1.050000,-1.450000,3.007491
1.100000,-1.450000,2.989565
1.150000,-1.450000,2.970690
1.200000,-1.450000,2.950847
1.250000,-1.450000,2.930017
1.300000,-1.450000,2.908178
1.350000,-1.450000,2.885308
1.400000,-1.450000,2.861381
1.450000,-1.450000,2.836371
1.500000,-1.450000,2.810249
1.550000,-1.450000,2.782984
1.600000,-1.450000,2.754542
1.650000,-1.450000,2.724885
1.700000,-1.450000,2.693975
1.750000,-1.450000,2.661766
1.800000,-1.450000,2.628212
1.850000,-1.450000,2.593260
1.900000,-1.450000,2.556854
1.950000,-1.450000,2.518928
2.000000,-1.450000,2.479415
2.050000,-1.450000,2.438237
2.100000,-1.450000,2.395308
2.150000,-1.450000,2.350532
2.200000,-1.450000,2.303801
2.250000,-1.450000,2.254994
2.300000,-1.450000,2.203974
2.350000,-1.450000,2.150581
2.400000,-1.450000,2.094636
2.450000,-1.450000,2.035927
2.500000,-1.450000,1.974209
2.550000,-1.450000,1.909188
2.600000,-1.450000,1.840516
2.650000,-1.450000,1.767767
2.700000,-1.450000,1.690414
2.750000,-1.450000,1.607794
2.800000,-1.450000,1.519046
2.850000,-1.450000,1.423025
2.900000,-1.450000,
2.950000,-1.450000,
3.000000,-1.450000,
3.050000,-1.450000,
3.100000,-1.450000,
3.150000,-1.450000,
3.200000,-1.450000,
3.250000,-1.450000,
3.300000,-1.450000,
3.350000,-1.450000,
3.400000,-1.450000,
3.450000,-1.450000,
3.500000,-1.450000,
-3.500000,-1.400000,
-3.450000,-1.400000,
-3.400000,-1.400000,
-3.350000,-1.400000,
-3.300000,-1.400000,
-3.250000,-1.400000,
-3.200000,-1.400000,
-3.150000,-1.400000,
-3.100000,-1.400000,
-3.050000,-1.400000,
-3.000000,-1.400000,
-2.950000,-1.400000,
-2.900000,-1.400000,1.371131
-2.850000,-1.400000,1.472243
-2.800000,-1.400000,1.565248
-2.750000,-1.400000,1.651514
-2.700000,-1.400000,1.732051
-2.650000,-1.400000,1.807623
-2.600000,-1.400000,1.878829
-2.550000,-1.400000,1.946150
-2.500000,-1.400000,2.009975
-2.450000,-1.400000,2.070628
-2.400000,-1.400000,2.128380
-2.350000,-1.400000,2.183461
-2.300000,-1.400000,2.236068
-2.250000,-1.400000,2.286373
-2.200000,-1.400000,2.334524
-2.150000,-1.400000,2.380651
-2.100000,-1.400000,2.424871
-2.050000,-1.400000,2.467286
-2.000000,-1.400000,2.507987
-1.950000,-1.400000,2.547057
-1.900000,-1.400000,2.584570
-1.850000,-1.400000,2.620592
-1.800000,-1.400000,2.655184
-1.750000,-1.400000,2.688401
-1.700000,-1.400000,2.720294
-1.650000,-1.400000,2.750909
-1.600000,-1.400000,2.780288
-1.550000,-1.400000,2.808469
-1.500000,-1.400000,2.835489
-1.450000,-1.400000,2.861381
-1.400000,-1.400000,2.886174
-1.350000,-1.400000,2.909897
-1.300000,-1.400000,2.932576
-1.250000,-1.400000,2.954234
-1.200000,-1.400000,2.974895
-1.150000,-1.400000,2.994578
-1.100000,-1.400000,3.013304
-1.050000,-1.400000,3.031089
-1.000000,-1.400000,3.047950
-0.950000,-1.400000,3.063903
-0.900000,-1.400000,3.078961
-0.850000,-1.400000,3.093138
-0.800000,-1.400000,3.106445
-0.750000,-1.400000,3.118894
-0.700000,-1.400000,3.130495
-0.650000,-1.400000,3.141258
-0.600000,-1.400000,3.151190
-0.550000,-1.400000,3.160301
-0.500000,-1.400000,3.168596
-0.450000,-1.400000,3.176082
-0.400000,-1.400000,3.182766
-0.350000,-1.400000,3.188652
-0.300000,-1.400000,3.193744
-0.250000,-1.400000,3.198046
-0.200000,-1.400000,3.201562
-0.150000,-1.400000,3.204294
-0.100000,-1.400000,3.206244
-0.050000,-1.400000,3.207413
-0.000000,-1.400000,3.207803
0.050000,-1.400000,3.207413
0.100000,-1.400000,3.206244
0.150000,-1.400000,3.204294
0.200000,-1.400000,3.201562
0.250000,-1.400000,3.198046
0.300000,-1.400000,3.193744
0.350000,-1.400000,3.188652
0.400000,-1.400000,3.182766
0.450000,-1.400000,3.176082
0.500000,-1.400000,3.168596
0.550000,-1.400000,3.160301
0.600000,-1.400000,3.151190
0.650000,-1.400000,3.141258
0.700000,-1.400000,3.130495
0.750000,-1.400000,3.118894
0.800000,-1.400000,3.106445
0.850000,-1.400000,3.093138
0.900000,-1.400000,3.078961
0.950000,-1.400000,3.063903
1.000000,-1.400000,3.047950
1.050000,-1.400000,3.031089
1.100000,-1.400000,3.013304
1.150000,-1.400000,2.994578
1.200000,-1.400000,2.974895
1.250000,-1.400000,2.954234
1.300000,-1.400000,2.932576
1.350000,-1.400000,2.909897
1.400000,-1.400000,2.886174
1.450000,-1.400000,2.861381
1.500000,-1.400000,2.835489
1.550000,-1.400000,2.808469
1.600000,-1.400000,2.780288
1.650000,-1.400000,2.750909
1.700000,-1.400000,2.720294
1.750000,-1.400000,2.688401
1.800000,-1.400000,2.655184
1.850000,-1.400000,2.620592
1.900000,-1.400000,2.584570
1.950000,-1.400000,2.547057
2.000000,-1.400000,2.507987
2.050000,-1.400000,2.467286
2.100000,-1.400000,2.424871
2.150000,-1.400000,2.380651
2.200000,-1.400000,2.334524
2.250000,-1.400000,2.286373
2.300000,-1.400000,2.236068
2.350000,-1.400000,2.183461
2.400000,-1.400000,2.128380
2.450000,-1.400000,2.070628
2.500000,-1.400000,2.009975
2.550000,-1.400000,1.946150
2.600000,-1.400000,1.878829
2.650000,-1.400000,1.807623
2.700000,-1.400000,1.732051
2.750000,-1.400000,1.651514
2.800000,-1.400000,1.565248
2.850000,-1.400000,1.472243
2.900000,-1.400000,1.371131
2.950000,-1.400000,
3.000000,-1.400000,
3.050000,-1.400000,
3.100000,-1.400000,
3.150000,-1.400000,
3.200000,-1.400000,
3.250000,-1.400000,
3.300000,-1.400000,
3.350000,-1.400000,
3.400000,-1.400000,
3.450000,-1.400000,
3.500000,-1.400000,
-3.500000,-1.350000,
-3.450000,-1.350000,
-3.400000,-1.350000,
-3.350000,-1.350000,
-3.300000,-1.350000,
-3.250000,-1.350000,
-3.200000,-1.350000,
-3.150000,-1.350000,
-3.100000,-1.350000,
-3.050000,-1.350000,
-3.000000,-1.350000,
-2.950000,-1.350000,1.313393
-2.900000,-1.350000,1.420387
-2.850000,-1.350000,1.518223
-2.800000,-1.350000,1.608571
-2.750000,-1.350000,1.692631
-2.700000,-1.350000,1.771299
-2.650000,-1.350000,1.845264
-2.600000,-1.350000,1.915072
-2.550000,-1.350000,1.981161
-2.500000,-1.350000,2.043893
-2.450000,-1.350000,2.103568
-2.400000,-1.350000,2.160440
-2.350000,-1.350000,2.214723
-2.300000,-1.350000,2.266605
-2.250000,-1.350000,2.316247
-2.200000,-1.350000,2.363789
-2.150000,-1.350000,2.409357
-2.100000,-1.350000,2.453059
-2.050000,-1.350000,2.494995
-2.000000,-1.350000,2.535251
-1.950000,-1.350000,2.573908
-1.900000,-1.350000,2.611034
-1.850000,-1.350000,2.646696
-1.800000,-1.350000,2.680951
-1.750000,-1.350000,2.713853
-1.700000,-1.350000,2.745451
-1.650000,-1.350000,2.775788
-1.600000,-1.350000,2.804906
-1.550000,-1.350000,2.832843
-1.500000,-1.350000,2.859633
-1.450000,-1.350000,2.885308
-1.400000,-1.350000,2.909897
-1.350000,-1.350000,2.933428
-1.300000,-1.350000,2.955926
-1.250000,-1.350000,2.977415
-1.200000,-1.350000,2.997916
-1.150000,-1.350000,3.017449
-1.100000,-1.350000,3.036034
-1.050000,-1.350000,3.053686
-1.000000,-1.350000,3.070423
-0.950000,-1.350000,3.086260
-0.900000,-1.350000,3.101209
-0.850000,-1.350000,3.115285
-0.800000,-1.350000,3.128498
-0.750000,-1.350000,3.140860
-0.700000,-1.350000,3.152380
-0.650000,-1.350000,3.163068
-0.600000,-1.350000,3.172932
-0.550000,-1.350000,3.181981
-0.500000,-1.350000,3.190219
-0.450000,-1.350000,3.197655
-0.400000,-1.350000,3.204294
-0.350000,-1.350000,3.210140
-0.300000,-1.350000,3.215198
-0.250000,-1.350000,3.219472
-0.200000,-1.350000,3.222964
-0.150000,-1.350000,3.225678
-0.100000,-1.350000,3.227615
-0.050000,-1.350000,3.228777
-0.000000,-1.350000,3.229164
0.050000,-1.350000,3.228777
0.100000,-1.350000,3.227615
0.150000,-1.350000,3.225678
0.200000,-1.350000,3.222964
0.250000,-1.350000,3.219472
0.300000,-1.350000,3.215198
0.350000,-1.350000,3.210140
0.400000,-1.350000,3.204294
0.450000,-1.350000,3.197655
0.500000,-1.350000,3.190219
0.550000,-1.350000,3.181981
0.600000,-1.350000,3.172932
0.650000,-1.350000,3.163068
0.700000,-1.350000,3.152380
0.750000,-1.350000,3.140860
0.800000,-1.350000,3.128498
0.850000,-1.350000,3.115285
0.900000,-1.350000,3.101209
0.950000,-1.350000,3.086260
1.000000,-1.350000,3.070423
1.050000,-1.350000,3.053686
1.100000,-1.350000,3.036034
1.150000,-1.350000,3.017449
1.200000,-1.350000,2.997916
1.250000,-1.350000,2.977415
1.300000,-1.350000,2.955926
1.350000,-1.350000,2.933428
1.400000,-1.350000,2.909897
1.450000,-1.350000,2.885308
1.500000,-1.350000,2.859633
1.550000,-1.350000,2.832843
1.600000,-1.350000,2.804906
1.650000,-1.350000,2.775788
1.700000,-1.350000,2.745451
1.750000,-1.350000,2.713853
1.800000,-1.350000,2.680951
1.850000,-1.350000,2.646696
1.900000,-1.350000,2.611034
1.950000,-1.350000,2.573908
2.000000,-1.350000,2.535251
2.050000,-1.350000,2.494995
2.100000,-1.350000,2.453059
2.150000,-1.350000,2.409357
2.200000,-1.350000,2.363789
2.250000,-1.350000,2.316247
2.300000,-1.350000,2.266605
2.350000,-1.350000,2.214723
2.400000,-1.350000,2.160440
2.450000,-1.350000,2.103568
2.500000,-1.350000,2.043893
2.550000,-1.350000,1.981161
2.600000,-1.350000,1.915072
2.650000,-1.350000,1.845264
2.700000,-1.350000,1.771299
2.750000,-1.350000,1.692631
2.800000,-1.350000,1.608571
2.850000,-1.350000,1.518223
2.900000,-1.350000,1.420387
2.950000,-1.350000,1.313393
3.000000,-1.350000,
3.050000,-1.350000,
3.100000,-1.350000,
3.150000,-1.350000,
3.200000,-1.350000,
3.250000,-1.350000,
3.300000,-1.350000,
3.350000,-1.350000,
3.400000,-1.350000,
3.450000,-1.350000,
3.500000,-1.350000,
-3.500000,-1.300000,
-3.450000,-1.300000,
-3.400000,-1.300000,
-3.350000,-1.300000,
-3.300000,-1.300000,
-3.250000,-1.300000,
-3.200000,-1.300000,
-3.150000,-1.300000,
-3.100000,-1.300000,
-3.050000,-1.300000,
-3.000000,-1.300000,1.249000
-2.950000,-1.300000,1.362901
-2.900000,-1.300000,1.466288
-2.850000,-1.300000,1.561249
-2.800000,-1.300000,1.649242
-2.750000,-1.300000,1.731329
-2.700000,-1.300000,1.808314
-2.650000,-1.300000,1.880824
-2.600000,-1.300000,1.949359
-2.550000,-1.300000,2.014324
-2.500000,-1.300000,2.076054
-2.450000,-1.300000,2.134830
-2.400000,-1.300000,2.190890
-2.350000,-1.300000,2.244438
-2.300000,-1.300000,2.295648
-2.250000,-1.300000,2.344675
-2.200000,-1.300000,2.391652
-2.150000,-1.300000,2.436699
-2.100000,-1.300000,2.479919
-2.050000,-1.300000,2.521408
-2.000000,-1.300000,2.561250
-1.950000,-1.300000,2.599519
-1.900000,-1.300000,2.636285
-1.850000,-1.300000,2.671610
-1.800000,-1.300000,2.705550
-1.750000,-1.300000,2.738156
-1.700000,-1.300000,2.769476
-1.650000,-1.300000,2.799554
-1.600000,-1.300000,2.828427
-1.550000,-1.300000,2.856134
-1.500000,-1.300000,2.882707
-1.450000,-1.300000,2.908178
-1.400000,-1.300000,2.932576
-1.350000,-1.300000,2.955926
-1.300000,-1.300000,2.978255
-1.250000,-1.300000,2.999583
-1.200000,-1.300000,3.019934
-1.150000,-1.300000,3.039326
-1.100000,-1.300000,3.057777
-1.050000,-1.300000,3.075305
-1.000000,-1.300000,3.091925
-0.950000,-1.300000,3.107652
-0.900000,-1.300000,3.122499
-0.850000,-1.300000,3.136479
-0.800000,-1.300000,3.149603
-0.750000,-1.300000,3.161882
-0.700000,-1.300000,3.173326
-0.650000,-1.300000,3.183944
-0.600000,-1.300000,3.193744
-0.550000,-1.300000,3.202733
-0.500000,-1.300000,3.210919
-0.450000,-1.300000,3.218307
-0.400000,-1.300000,3.224903
-0.350000,-1.300000,3.230712
-0.300000,-1.300000,3.235738
-0.250000,-1.300000,3.239985
-0.200000,-1.300000,3.243455
-0.150000,-1.300000,3.246152
-0.100000,-1.300000,3.248076
-0.050000,-1.300000,3.249231
-0.000000,-1.300000,3.249615
0.050000,-1.300000,3.249231
0.100000,-1.300000,3.248076
0.150000,-1.300000,3.246152
0.200000,-1.300000,3.243455
0.250000,-1.300000,3.239985
0.300000,-1.300000,3.235738
0.350000,-1.300000,3.230712
0.400000,-1.300000,3.224903
0.450000,-1.300000,3.218307
0.500000,-1.300000,3.210919
0.550000,-1.300000,3.202733
0.600000,-1.300000,3.193744
0.650000,-1.300000,3.183944
0.700000,-1.300000,3.173326
0.750000,-1.300000,3.161882
0.800000,-1.300000,3.149603
0.850000,-1.300000,3.136479
0.900000,-1.300000,3.122499
0.950000,-1.300000,3.107652
1.000000,-1.300000,3.091925
1.050000,-1.300000,3.075305
1.100000,-1.300000,3.057777
1.150000,-1.300000,3.039326
1.200000,-1.300000,3.019934
1.250000,-1.300000,2.999583
1.300000,-1.300000,2.978255
1.350000,-1.300000,2.955926
1.400000,-1.300000,2.932576
1.450000,-1.300000,2.908178
1.500000,-1.300000,2.882707
1.550000,-1.300000,2.856134
1.600000,-1.300000,2.828427
1.650000,-1.300000,2.799554
1.700000,-1.300000,2.769476
1.750000,-1.300000,2.738156
1.800000,-1.300000,2.705550
1.850000,-1.300000,2.671610
1.900000,-1.300000,2.636285
1.950000,-1.300000,2.599519
2.000000,-1.300000,2.561250
2.050000,-1.300000,2.521408
2.100000,-1.300000,2.479919
2.150000,-1.300000,2.436699
2.200000,-1.300000,2.391652
2.250000,-1.300000,2.344675
2.300000,-1.300000,2.295648
2.350000,-1.300000,2.244438
2.400000,-1.300000,2.190890
2.450000,-1.300000,2.134830
2.500000,-1.300000,2.076054
2.550000,-1.300000,2.014324
2.600000,-1.300000,1.949359
2.650000,-1.300000,1.880824
2.700000,-1.300000,1.808314
2.750000,-1.300000,1.731329
2.800000,-1.300000,1.649242
2.850000,-1.300000,1.561249
2.900000,-1.300000,1.466288
2.950000,-1.300000,1.362901
3.000000,-1.300000,1.249000
3.050000,-1.300000,
3.100000,-1.300000,
3.150000,-1.300000,
3.200000,-1.300000,
3.250000,-1.300000,
3.300000,-1.300000,
3.350000,-1.300000,
3.400000,-1.300000,
3.450000,-1.300000,
3.500000,-1.300000,
-3.500000,-1.250000,
-3.450000,-1.250000,
-3.400000,-1.250000,
-3.350000,-1.250000,
-3.300000,-1.250000,
-3.250000,-1.250000,
-3.200000,-1.250000,
-3.150000,-1.250000,
-3.100000,-1.250000,
-3.050000,-1.250000,
-3.000000,-1.250000,1.299038
-2.950000,-1.250000,1.408900
-2.900000,-1.250000,1.509139
-2.850000,-1.250000,1.601562
-2.800000,-1.250000,1.687454
-2.750000,-1.250000,1.767767
-2.700000,-1.250000,1.843231
-2.650000,-1.250000,1.914419
-2.600000,-1.250000,1.981792
-2.550000,-1.250000,2.045727
-2.500000,-1.250000,2.106537
-2.450000,-1.250000,2.164486
-2.400000,-1.250000,2.219797
-2.350000,-1.250000,2.272664
-2.300000,-1.250000,2.323252
-2.250000,-1.250000,2.371708
-2.200000,-1.250000,2.418160
-2.150000,-1.250000,2.462722
-2.100000,-1.250000,2.505494
-2.050000,-1.250000,2.546566
-2.000000,-1.250000,2.586020
-1.950000,-1.250000,2.623928
-1.900000,-1.250000,2.660357
-1.850000,-1.250000,2.695366
-1.800000,-1.250000,2.729011
-1.750000,-1.250000,2.761340
-1.700000,-1.250000,2.792400
-1.650000,-1.250000,2.822233
-1.600000,-1.250000,2.850877
-1.550000,-1.250000,2.878368
-1.500000,-1.250000,2.904738
-1.450000,-1.250000,2.930017
-1.400000,-1.250000,2.954234
-1.350000,-1.250000,2.977415
-1.300000,-1.250000,2.999583
-1.250000,-1.250000,3.020761
-1.200000,-1.250000,3.040970
-1.150000,-1.250000,3.060229
-1.100000,-1.250000,3.078555
-1.050000,-1.250000,3.095965
-1.000000,-1.250000,3.112475
-0.950000,-1.250000,3.128098
-0.900000,-1.250000,3.142849
-0.850000,-1.250000,3.156739
-0.800000,-1.250000,3.169779
-0.750000,-1.250000,3.181981
-0.700000,-1.250000,3.193352
-0.650000,-1.250000,3.203904
-0.600000,-1.250000,3.213643
-0.550000,-1.250000,3.222577
-0.500000,-1.250000,3.230712
-0.450000,-1.250000,3.238055
-0.400000,-1.250000,3.244611
-0.350000,-1.250000,3.250385
-0.300000,-1.250000,3.255380
-0.250000,-1.250000,3.259601
-0.200000,-1.250000,3.263051
-0.150000,-1.250000,3.265731
-0.100000,-1.250000,3.267644
-0.050000,-1.250000,3.268792
-0.000000,-1.250000,3.269174
0.050000,-1.250000,3.268792
0.100000,-1.250000,3.267644
0.150000,-1.250000,3.265731
0.200000,-1.250000,3.263051
0.250000,-1.250000,3.259601
0.300000,-1.250000,3.255380
0.350000,-1.250000,3.250385
0.400000,-1.250000,3.244611
0.450000,-1.250000,3.238055
0.500000,-1.250000,3.230712
0.550000,-1.250000,3.222577
0.600000,-1.250000,3.213643
0.650000,-1.250000,3.203904
0.700000,-1.250000,3.193352
0.750000,-1.250000,3.181981
0.800000,-1.250000,3.169779
0.850000,-1.250000,3.156739
0.900000,-1.250000,3.142849
0.950000,-1.250000,3.128098
1.000000,-1.250000,3.112475
1.050000,-1.250000,3.095965
1.100000,-1.250000,3.078555
1.150000,-1.250000,3.060229
1.200000,-1.250000,3.040970
1.250000,-1.250000,3.020761
1.300000,-1.250000,2.999583
1.350000,-1.250000,2.977415
1.400000,-1.250000,2.954234
1.450000,-1.250000,2.930017
1.500000,-1.250000,2.904738
1.550000,-1.250000,2.878368
1.600000,-1.250000,2.850877
1.650000,-1.250000,2.822233
1.700000,-1.250000,2.792400
1.750000,-1.250000,2.761340
1.800000,-1.250000,2.729011
1.850000,-1.250000,2.695366
1.900000,-1.250000,2.660357
1.950000,-1.250000,2.623928
2.000000,-1.250000,2.586020
2.050000,-1.250000,2.546566
2.100000,-1.250000,2.505494
2.150000,-1.250000,2.462722
2.200000,-1.250000,2.418160
2.250000,-1.250000,2.371708
2.300000,-1.250000,2.323252
2.350000,-1.250000,2.272664
2.400000,-1.250000,2.219797
2.450000,-1.250000,2.164486
2.500000,-1.250000,2.106537
2.550000,-1.250000,2.045727
2.600000,-1.250000,1.981792
2.650000,-1.250000,1.914419
2.700000,-1.250000,1.843231
2.750000,-1.250000,1.767767
2.800000,-1.250000,1.687454
2.850000,-1.250000,1.601562
2.900000,-1.250000,1.509139
2.950000,-1.250000,1.408900
3.000000,-1.250000,1.299038
3.050000,-1.250000,
3.100000,-1.250000,
3.150000,-1.250000,
3.200000,-1.250000,
3.250000,-1.250000,
3.300000,-1.250000,
3.350000,-1.250000,
3.400000,-1.250000,
3.450000,-1.250000,
3.500000,-1.250000,
-3.500000,-1.200000,
-3.450000,-1.200000,
-3.400000,-1.200000,
-3.350000,-1.200000,
-3.300000,-1.200000,
-3.250000,-1.200000,
-3.200000,-1.200000,
-3.150000,-1.200000,
-3.100000,-1.200000,
-3.050000,-1.200000,1.227803
-3.000000,-1.200000,1.345362
-2.950000,-1.200000,1.451723
-2.900000,-1.200000,1.549193
-2.850000,-1.200000,1.639360
-2.800000,-1.200000,1.723369
-2.750000,-1.200000,1.802082
-2.700000,-1.200000,1.876166
-2.650000,-1.200000,1.946150
-2.600000,-1.200000,2.012461
-2.550000,-1.200000,2.075452
-2.500000,-1.200000,2.135416
-2.450000,-1.200000,2.192601
-2.400000,-1.200000,2.247221
-2.350000,-1.200000,2.299456
-2.300000,-1.200000,2.349468
-2.250000,-1.200000,2.397394
-2.200000,-1.200000,2.443358
-2.150000,-1.200000,2.487469
-2.100000,-1.200000,2.529822
-2.050000,-1.200000,2.570506
-2.000000,-1.200000,2.609598
-1.950000,-1.200000,2.647168
-1.900000,-1.200000,2.683282
-1.850000,-1.200000,2.717996
-1.800000,-1.200000,2.751363
-1.750000,-1.200000,2.783433
-1.700000,-1.200000,2.814249
-1.650000,-1.200000,2.843853
-1.600000,-1.200000,2.872281
-1.550000,-1.200000,2.899569
-1.500000,-1.200000,2.925748
-1.450000,-1.200000,2.950847
-1.400000,-1.200000,2.974895
-1.350000,-1.200000,2.997916
-1.300000,-1.200000,3.019934
-1.250000,-1.200000,3.040970
-1.200000,-1.200000,3.061046
-1.150000,-1.200000,3.080179
-1.100000,-1.200000,3.098387
-1.050000,-1.200000,3.115686
-1.000000,-1.200000,3.132092
-0.950000,-1.200000,3.147618
-0.900000,-1.200000,3.162278
-0.850000,-1.200000,3.176082
-0.800000,-1.200000,3.189044
-0.750000,-1.200000,3.201172
-0.700000,-1.200000,3.212476
-0.650000,-1.200000,3.222964
-0.600000,-1.200000,3.232646
-0.550000,-1.200000,3.241527
-0.500000,-1.200000,3.249615
-0.450000,-1.200000,3.256916
-0.400000,-1.200000,3.263434
-0.350000,-1.200000,3.269174
-0.300000,-1.200000,3.274141
-0.250000,-1.200000,3.278338
-0.200000,-1.200000,3.281768
-0.150000,-1.200000,3.284433
-0.100000,-1.200000,3.286335
-0.050000,-1.200000,3.287476
-0.000000,-1.200000,3.287856
0.050000,-1.200000,3.287476
0.100000,-1.200000,3.286335
0.150000,-1.200000,3.284433
0.200000,-1.200000,3.281768
0.250000,-1.200000,3.278338
0.300000,-1.200000,3.274141
0.350000,-1.200000,3.269174
0.400000,-1.200000,3.263434
0.450000,-1.200000,3.256916
0.500000,-1.200000,3.249615
0.550000,-1.200000,3.241527
0.600000,-1.200000,3.232646
0.650000,-1.200000,3.222964
0.700000,-1.200000,3.212476
0.750000,-1.200000,3.201172
0.800000,-1.200000,3.189044
0.850000,-1.200000,3.176082
0.900000,-1.200000,3.162278
0.950000,-1.200000,3.147618
1.000000,-1.200000,3.132092
1.050000,-1.200000,3.115686
1.100000,-1.200000,3.098387
1.150000,-1.200000,3.080179
1.200000,-1.200000,3.061046
1.250000,-1.200000,3.040970
1.300000,-1.200000,3.019934
1.350000,-1.200000,2.997916
1.400000,-1.200000,2.974895
1.450000,-1.200000,2.950847
1.500000,-1.200000,2.925748
1.550000,-1.200000,2.899569
1.600000,-1.200000,2.872281
1.650000,-1.200000,2.843853
1.700000,-1.200000,2.814249
1.750000,-1.200000,2.783433
1.800000,-1.200000,2.751363
1.850000,-1.200000,2.717996
1.900000,-1.200000,2.683282
1.950000,-1.200000,2.647168
2.000000,-1.200000,2.609598
2.050000,-1.200000,2.570506
2.100000,-1.200000,2.529822
2.150000,-1.200000,2.487469
2.200000,-1.200000,2.443358
2.250000,-1.200000,2.397394
2.300000,-1.200000,2.349468
2.350000,-1.200000,2.299456
2.400000,-1.200000,2.247221
2.450000,-1.200000,2.192601
2.500000,-1.200000,2.135416
2.550000,-1.200000,2.075452
2.600000,-1.200000,2.012461
2.650000,-1.200000,1.946150
2.700000,-1.200000,1.876166
2.750000,-1.200000,1.802082
2.800000,-1.200000,1.723369
2.850000,-1.200000,1.639360
2.900000,-1.200000,1.549193
2.950000,-1.200000,1.451723
3.000000,-1.200000,1.345362
3.050000,-1.200000,1.227803
3.100000,-1.200000,
3.150000,-1.200000,
3.200000,-1.200000,
3.250000,-1.200000,
3.300000,-1.200000,
3.350000,-1.200000,
3.400000,-1.200000,
3.450000,-1.200000,
3.500000,-1.200000,
-3.500000,-1.150000,
-3.450000,-1.150000,
-3.400000,-1.150000,
-3.350000,-1.150000,
-3.300000,-1.150000,
-3.250000,-1.150000,
-3.200000,-1.150000,
-3.150000,-1.150000,
-3.100000,-1.150000,1.147824
-3.050000,-1.150000,1.274755
-3.000000,-1.150000,1.388344
-2.950000,-1.150000,1.491643
-2.900000,-1.150000,1.586663
-2.850000,-1.150000,1.674813
-2.800000,-1.150000,1.757128
-2.750000,-1.150000,1.834394
-2.700000,-1.150000,1.907223
-2.650000,-1.150000,1.976107
-2.600000,-1.150000,2.041446
-2.550000,-1.150000,2.103568
-2.500000,-1.150000,2.162753
-2.450000,-1.150000,2.219234
-2.400000,-1.150000,2.273214
-2.350000,-1.150000,2.324866
-2.300000,-1.150000,2.374342
-2.250000,-1.150000,2.421776
-2.200000,-1.150000,2.467286
-2.150000,-1.150000,2.510976
-2.100000,-1.150000,2.552939
-2.050000,-1.150000,2.593260
-2.000000,-1.150000,2.632014
-1.950000,-1.150000,2.669270
-1.900000,-1.150000,2.705088
-1.850000,-1.150000,2.739526
-1.800000,-1.150000,2.772634
-1.750000,-1.150000,2.804461
-1.700000,-1.150000,2.835049
-1.650000,-1.150000,2.864437
-1.600000,-1.150000,2.892663
-1.550000,-1.150000,2.919760
-1.500000,-1.150000,2.945760
-1.450000,-1.150000,2.970690
-1.400000,-1.150000,2.994578
-1.350000,-1.150000,3.017449
-1.300000,-1.150000,3.039326
-1.250000,-1.150000,3.060229
-1.200000,-1.150000,3.080179
-1.150000,-1.150000,3.099193
-1.100000,-1.150000,3.117290
-1.050000,-1.150000,3.134486
-1.000000,-1.150000,3.150794
-0.950000,-1.150000,3.166228
-0.900000,-1.150000,3.180802
-0.850000,-1.150000,3.194527
-0.800000,-1.150000,3.207413
-0.750000,-1.150000,3.219472
-0.700000,-1.150000,3.230712
-0.650000,-1.150000,3.241142
-0.600000,-1.150000,3.250769
-0.550000,-1.150000,3.259601
-0.500000,-1.150000,3.267644
-0.450000,-1.150000,3.274905
-0.400000,-1.150000,3.281387
-0.350000,-1.150000,3.287096
-0.300000,-1.150000,3.292036
-0.250000,-1.150000,3.296210
-0.200000,-1.150000,3.299621
-0.150000,-1.150000,3.302272
-0.100000,-1.150000,3.304164
-0.050000,-1.150000,3.305299
-0.000000,-1.150000,3.305677
0.050000,-1.150000,3.305299
0.100000,-1.150000,3.304164
0.150000,-1.150000,3.302272
0.200000,-1.150000,3.299621
0.250000,-1.150000,3.296210
0.300000,-1.150000,3.292036
0.350000,-1.150000,3.287096
0.400000,-1.150000,3.281387
0.450000,-1.150000,3.274905
0.500000,-1.150000,3.267644
0.550000,-1.150000,3.259601
0.600000,-1.150000,3.250769
0.650000,-1.150000,3.241142
0.700000,-1.150000,3.230712
0.750000,-1.150000,3.219472
0.800000,-1.150000,3.207413
0.850000,-1.150000,3.194527
0.900000,-1.150000,3.180802
0.950000,-1.150000,3.166228
1.000000,-1.150000,3.150794
1.050000,-1.150000,3.134486
1.100000,-1.150000,3.117290
1.150000,-1.150000,3.099193
1.200000,-1.150000,3.080179
1.250000,-1.150000,3.060229
1.300000,-1.150000,3.039326
1.350000,-1.150000,3.017449
1.400000,-1.150000,2.994578
1.450000,-1.150000,2.970690
1.500000,-1.150000,2.945760
1.550000,-1.150000,2.919760
1.600000,-1.150000,2.892663
1.650000,-1.150000,2.864437
1.700000,-1.150000,2.835049
1.750000,-1.150000,2.804461
1.800000,-1.150000,2.772634
1.850000,-1.150000,2.739526
1.900000,-1.150000,2.705088
1.950000,-1.150000,2.669270
2.000000,-1.150000,2.632014
2.050000,-1.150000,2.593260
2.100000,-1.150000,2.552939
2.150000,-1.150000,2.510976
2.200000,-1.150000,2.467286
2.250000,-1.150000,2.421776
2.300000,-1.150000,2.374342
2.350000,-1.150000,2.324866
2.400000,-1.150000,2.273214
2.450000,-1.150000,2.219234
2.500000,-1.150000,2.162753
2.550000,-1.150000,2.103568
2.600000,-1.150000,2.041446
2.650000,-1.150000,1.976107
2.700000,-1.150000,1.907223
2.750000,-1.150000,1.834394
2.800000,-1.150000,1.757128
2.850000,-1.150000,1.674813
2.900000,-1.150000,1.586663
2.950000,-1.150000,1.491643
3.000000,-1.150000,1.388344
3.050000,-1.150000,1.274755
3.100000,-1.150000,1.147824
3.150000,-1.150000,
3.200000,-1.150000,
3.250000,-1.150000,
3.300000,-1.150000,
3.350000,-1.150000,
3.400000,-1.150000,
3.450000,-1.150000,
3.500000,-1.150000,
-3.500000,-1.100000,
-3.450000,-1.100000,
-3.400000,-1.100000,
-3.350000,-1.100000,
-3.300000,-1.100000,
-3.250000,-1.100000,
-3.200000,-1.100000,
-3.150000,-1.100000,1.057119
-3.100000,-1.100000,1.195826
-3.050000,-1.100000,1.318143
-3.000000,-1.100000,1.428286
-2.950000,-1.100000,1.528888
-2.900000,-1.100000,1.621727
-2.850000,-1.100000,1.708069
-2.800000,-1.100000,1.788854
-2.750000,-1.100000,1.864806
-2.700000,-1.100000,1.936492
-2.650000,-1.100000,2.004370
-2.600000,-1.100000,2.068816
-2.550000,-1.100000,2.130141
-2.500000,-1.100000,2.188607
-2.450000,-1.100000,2.244438
-2.400000,-1.100000,2.297825
-2.350000,-1.100000,2.348936
-2.300000,-1.100000,2.397916
-2.250000,-1.100000,2.444893
-2.200000,-1.100000,2.489980
-2.150000,-1.100000,2.533279
-2.100000,-1.100000,2.574879
-2.050000,-1.100000,2.614861
-2.000000,-1.100000,2.653300
-1.950000,-1.100000,2.690260
-1.900000,-1.100000,2.725803
-1.850000,-1.100000,2.759982
-1.800000,-1.100000,2.792848
-1.750000,-1.100000,2.824447
-1.700000,-1.100000,2.854820
-1.650000,-1.100000,2.884008
-1.600000,-1.100000,2.912044
-1.550000,-1.100000,2.938962
-1.500000,-1.100000,2.964793
-1.450000,-1.100000,2.989565
-1.400000,-1.100000,3.013304
-1.350000,-1.100000,3.036034
-1.300000,-1.100000,3.057777
-1.250000,-1.100000,3.078555
-1.200000,-1.100000,3.098387
-1.150000,-1.100000,3.117290
-1.100000,-1.100000,3.135283
-1.050000,-1.100000,3.152380
-1.000000,-1.100000,3.168596
-0.950000,-1.100000,3.183944
-0.900000,-1.100000,3.198437
-0.850000,-1.100000,3.212087
-0.800000,-1.100000,3.224903
-0.750000,-1.100000,3.236897
-0.700000,-1.100000,3.248076
-0.650000,-1.100000,3.258451
-0.600000,-1.100000,3.268027
-0.550000,-1.100000,3.276812
-0.500000,-1.100000,3.284814
-0.450000,-1.100000,3.292036
-0.400000,-1.100000,3.298485
-0.350000,-1.100000,3.304164
-0.300000,-1.100000,3.309078
-0.250000,-1.100000,3.313231
-0.200000,-1.100000,3.316625
-0.150000,-1.100000,3.319262
-0.100000,-1.100000,3.321144
-0.050000,-1.100000,3.322273
-0.000000,-1.100000,3.322650
0.050000,-1.100000,3.322273
0.100000,-1.100000,3.321144
0.150000,-1.100000,3.319262
0.200000,-1.100000,3.316625
0.250000,-1.100000,3.313231
0.300000,-1.100000,3.309078
0.350000,-1.100000,3.304164
0.400000,-1.100000,3.298485
0.450000,-1.100000,3.292036
0.500000,-1.100000,3.284814
0.550000,-1.100000,3.276812
0.600000,-1.100000,3.268027
0.650000,-1.100000,3.258451
0.700000,-1.100000,3.248076
0.750000,-1.100000,3.236897
0.800000,-1.100000,3.224903
0.850000,-1.100000,3.212087
0.900000,-1.100000,3.198437
0.950000,-1.100000,3.183944
1.000000,-1.100000,3.168596
1.050000,-1.100000,3.152380
1.100000,-1.100000,3.135283
1.150000,-1.100000,3.117290
1.200000,-1.100000,3.098387
1.250000,-1.100000,3.078555
1.300000,-1.100000,3.057777
1.350000,-1.100000,3.036034
1.400000,-1.100000,3.013304
1.450000,-1.100000,2.989565
1.500000,-1.100000,2.964793
1.550000,-1.100000,2.938962
1.600000,-1.100000,2.912044
1.650000,-1.100000,2.884008
1.700000,-1.100000,2.854820
1.750000,-1.100000,2.824447
1.800000,-1.100000,2.792848
1.850000,-1.100000,2.759982
1.900000,-1.100000,2.725803
1.950000,-1.100000,2.690260
2.000000,-1.100000,2.653300
2.050000,-1.100000,2.614861
2.100000,-1.100000,2.574879
2.150000,-1.100000,2.533279
2.200000,-1.100000,2.489980
2.250000,-1.100000,2.444893
2.300000,-1.100000,2.397916
2.350000,-1.100000,2.348936
2.400000,-1.100000,2.297825
2.450000,-1.100000,2.244438
2.500000,-1.100000,2.188607
2.550000,-1.100000,2.130141
2.600000,-1.100000,2.068816
2.650000,-1.100000,2.004370
2.700000,-1.100000,1.936492
2.750000,-1.100000,1.864806
2.800000,-1.100000,1.788854
2.850000,-1.100000,1.708069
2.900000,-1.100000,1.621727
2.950000,-1.100000,1.528888
3.000000,-1.100000,1.428286
3.050000,-1.100000,1.318143
3.100000,-1.100000,1.195826
3.150000,-1.100000,1.057119
3.200000,-1.100000,
3.250000,-1.100000,
3.300000,-1.100000,
3.350000,-1.100000,
3.400000,-1.100000,
3.450000,-1.100000,
3.500000,-1.100000,
-3.500000,-1.050000,
-3.450000,-1.050000,
-3.400000,-1.050000,
-3.350000,-1.050000,
-3.300000,-1.050000,
-3.250000,-1.050000,
-3.200000,-1.050000,
-3.150000,-1.050000,1.106797
-3.100000,-1.050000,1.239960
-3.050000,-1.050000,1.358308
-3.000000,-1.050000,1.465435
-2.950000,-1.050000,1.563650
-2.900000,-1.050000,1.654539
-2.850000,-1.050000,1.739253
-2.800000,-1.050000,1.818653
-2.750000,-1.050000,1.893410
-2.700000,-1.050000,1.964052
-2.650000,-1.050000,2.031010
-2.600000,-1.050000,2.094636
-2.550000,-1.050000,2.155226
-2.500000,-1.050000,2.213030
-2.450000,-1.050000,2.268259
-2.400000,-1.050000,2.321099
-2.350000,-1.050000,2.371708
-2.300000,-1.050000,2.420227
-2.250000,-1.050000,2.466779
-2.200000,-1.050000,2.511474
-2.150000,-1.050000,2.554408
-2.100000,-1.050000,2.595669
-2.050000,-1.050000,2.635337
-2.000000,-1.050000,2.673481
-1.950000,-1.050000,2.710166
-1.900000,-1.050000,2.745451
-1.850000,-1.050000,2.779388
-1.800000,-1.050000,2.812028
-1.750000,-1.050000,2.843413
-1.700000,-1.050000,2.873587
-1.650000,-1.050000,2.902585
-1.600000,-1.050000,2.930444
-1.550000,-1.050000,2.957195
-1.500000,-1.050000,2.982868
-1.450000,-1.050000,3.007491
-1.400000,-1.050000,3.031089
-1.350000,-1.050000,3.053686
-1.300000,-1.050000,3.075305
-1.250000,-1.050000,3.095965
-1.200000,-1.050000,3.115686
-1.150000,-1.050000,3.134486
-1.100000,-1.050000,3.152380
-1.050000,-1.050000,3.169385
-1.000000,-1.050000,3.185514
-0.950000,-1.050000,3.200781
-0.900000,-1.050000,3.215198
-0.850000,-1.050000,3.228777
-0.800000,-1.050000,3.241527
-0.750000,-1.050000,3.253460
-0.700000,-1.050000,3.264583
-0.650000,-1.050000,3.274905
-0.600000,-1.050000,3.284433
-0.550000,-1.050000,3.293175
-0.500000,-1.050000,3.301136
-0.450000,-1.050000,3.308323
-0.400000,-1.050000,3.314740
-0.350000,-1.050000,3.320392
-0.300000,-1.050000,3.325282
-0.250000,-1.050000,3.329414
-0.200000,-1.050000,3.332792
-0.150000,-1.050000,3.335416
-0.100000,-1.050000,3.337289
-0.050000,-1.050000,3.338413
-0.000000,-1.050000,3.338787
0.050000,-1.050000,3.338413
0.100000,-1.050000,3.337289
0.150000,-1.050000,3.335416
0.200000,-1.050000,3.332792
0.250000,-1.050000,3.329414
0.300000,-1.050000,3.325282
0.350000,-1.050000,3.320392
0.400000,-1.050000,3.314740
0.450000,-1.050000,3.308323
0.500000,-1.050000,3.301136
0.550000,-1.050000,3.293175
0.600000,-1.050000,3.284433
0.650000,-1.050000,3.274905
0.700000,-1.050000,3.264583
0.750000,-1.050000,3.253460
0.800000,-1.050000,3.241527
0.850000,-1.050000,3.228777
0.900000,-1.050000,3.215198
0.950000,-1.050000,3.200781
1.000000,-1.050000,3.185514
1.050000,-1.050000,3.169385
1.100000,-1.050000,3.152380
1.150000,-1.050000,3.134486
1.200000,-1.050000,3.115686
1.250000,-1.050000,3.095965
1.300000,-1.050000,3.075305
1.350000,-1.050000,3.053686
1.400000,-1.050000,3.031089
1.450000,-1.050000,3.007491
1.500000,-1.050000,2.982868
1.550000,-1.050000,2.957195
1.600000,-1.050000,2.930444
1.650000,-1.050000,2.902585
1.700000,-1.050000,2.873587
1.750000,-1.050000,2.843413
1.800000,-1.050000,2.812028
1.850000,-1.050000,2.779388
1.900000,-1.050000,2.745451
1.950000,-1.050000,2.710166
2.000000,-1.050000,2.673481
2.050000,-1.050000,2.635337
2.100000,-1.050000,2.595669
2.150000,-1.050000,2.554408
2.200000,-1.050000,2.511474
2.250000,-1.050000,2.466779
2.300000,-1.050000,2.420227
2.350000,-1.050000,2.371708
2.400000,-1.050000,2.321099
2.450000,-1.050000,2.268259
2.500000,-1.050000,2.213030
2.550000,-1.050000,2.155226
2.600000,-1.050000,2.094636
2.650000,-1.050000,2.031010
2.700000,-1.050000,1.964052
2.750000,-1.050000,1.893410
2.800000,-1.050000,1.818653
2.850000,-1.050000,1.739253
2.900000,-1.050000,1.654539
2.950000,-1.050000,1.563650
3.000000,-1.050000,1.465435
3.050000,-1.050000,1.358308
3.100000,-1.050000,1.239960
3.150000,-1.050000,1.106797
3.200000,-1.050000,
3.250000,-1.050000,
3.300000,-1.050000,
3.350000,-1.050000,
3.400000,-1.050000,
3.450000,-1.050000,
3.500000,-1.050000,
-3.500000,-1.000000,
-3.450000,-1.000000,
-3.400000,-1.000000,
-3.350000,-1.000000,
-3.300000,-1.000000,
-3.250000,-1.000000,
-3.200000,-1.000000,1.004988
-3.150000,-1.000000,1.152172
-3.100000,-1.000000,1.280625
-3.050000,-1.000000,1.395529
-3.000000,-1.000000,1.500000
-2.950000,-1.000000,1.596089
-2.900000,-1.000000,1.685230
-2.850000,-1.000000,1.768474
-2.800000,-1.000000,1.846619
-2.750000,-1.000000,1.920286
-2.700000,-1.000000,1.989975
-2.650000,-1.000000,2.056089
-2.600000,-1.000000,2.118962
-2.550000,-1.000000,2.178876
-2.500000,-1.000000,2.236068
-2.450000,-1.000000,2.290742
-2.400000,-1.000000,2.343075
-2.350000,-1.000000,2.393220
-2.300000,-1.000000,2.441311
-2.250000,-1.000000,2.487469
-2.200000,-1.000000,2.531798
-2.150000,-1.000000,2.574393
-2.100000,-1.000000,2.615339
-2.050000,-1.000000,2.654713
-2.000000,-1.000000,2.692582
-1.950000,-1.000000,2.729011
-1.900000,-1.000000,2.764055
-1.850000,-1.000000,2.797767
-1.800000,-1.000000,2.830194
-1.750000,-1.000000,2.861381
-1.700000,-1.000000,2.891366
-1.650000,-1.000000,2.920188
-1.600000,-1.000000,2.947881
-1.550000,-1.000000,2.974475
-1.500000,-1.000000,3.000000
-1.450000,-1.000000,3.024483
-1.400000,-1.000000,3.047950
-1.350000,-1.000000,3.070423
-1.300000,-1.000000,3.091925
-1.250000,-1.000000,3.112475
-1.200000,-1.000000,3.132092
-1.150000,-1.000000,3.150794
-1.100000,-1.000000,3.168596
-1.050000,-1.000000,3.185514
-1.000000,-1.000000,3.201562
-0.950000,-1.000000,3.216753
-0.900000,-1.000000,3.231099
-0.850000,-1.000000,3.244611
-0.800000,-1.000000,3.257299
-0.750000,-1.000000,3.269174
-0.700000,-1.000000,3.280244
-0.650000,-1.000000,3.290517
-0.600000,-1.000000,3.300000
-0.550000,-1.000000,3.308701
-0.500000,-1.000000,3.316625
-0.450000,-1.000000,3.323778
-0.400000,-1.000000,3.330165
-0.350000,-1.000000,3.335791
-0.300000,-1.000000,3.340659
-0.250000,-1.000000,3.344772
-0.200000,-1.000000,3.348134
-0.150000,-1.000000,3.350746
-0.100000,-1.000000,3.352611
-0.050000,-1.000000,3.353729
-0.000000,-1.000000,3.354102
0.050000,-1.000000,3.353729
0.100000,-1.000000,3.352611
0.150000,-1.000000,3.350746
0.200000,-1.000000,3.348134
0.250000,-1.000000,3.344772
0.300000,-1.000000,3.340659
0.350000,-1.000000,3.335791
0.400000,-1.000000,3.330165
0.450000,-1.000000,3.323778
0.500000,-1.000000,3.316625
0.550000,-1.000000,3.308701
0.600000,-1.000000,3.300000
0.650000,-1.000000,3.290517
0.700000,-1.000000,3.280244
0.750000,-1.000000,3.269174
0.800000,-1.000000,3.257299
0.850000,-1.000000,3.244611
0.900000,-1.000000,3.231099
0.950000,-1.000000,3.216753
1.000000,-1.000000,3.201562
1.050000,-1.000000,3.185514
1.100000,-1.000000,3.168596
1.150000,-1.000000,3.150794
1.200000,-1.000000,3.132092
1.250000,-1.000000,3.112475
1.300000,-1.000000,3.091925
1.350000,-1.000000,3.070423
1.400000,-1.000000,3.047950
1.450000,-1.000000,3.024483
1.500000,-1.000000,3.000000
1.550000,-1.000000,2.974475
1.600000,-1.000000,2.947881
1.650000,-1.000000,2.920188
1.700000,-1.000000,2.891366
1.750000,-1.000000,2.861381
1.800000,-1.000000,2.830194
1.850000,-1.000000,2.797767
1.900000,-1.000000,2.764055
1.950000,-1.000000,2.729011
2.000000,-1.000000,2.692582
2.050000,-1.000000,2.654713
2.100000,-1.000000,2.615339
2.150000,-1.000000,2.574393
2.200000,-1.000000,2.531798
2.250000,-1.000000,2.487469
2.300000,-1.000000,2.441311
2.350000,-1.000000,2.393220
2.400000,-1.000000,2.343075
2.450000,-1.000000,2.290742
2.500000,-1.000000,2.236068
2.550000,-1.000000,2.178876
2.600000,-1.000000,2.118962
2.650000,-1.000000,2.056089
2.700000,-1.000000,1.989975
2.750000,-1.000000,1.920286
2.800000,-1.000000,1.846619
2.850000,-1.000000,1.768474
2.900000,-1.000000,1.685230
2.950000,-1.000000,1.596089
3.000000,-1.000000,1.500000
3.050000,-1.000000,1.395529
3.100000,-1.000000,1.280625
3.150000,-1.000000,1.152172
3.200000,-1.000000,1.004988
3.250000,-1.000000,
3.300000,-1.000000,
3.350000,-1.000000,
3.400000,-1.000000,
3.450000,-1.000000,
3.500000,-1.000000,
-3.500000,-0.950000,
-3.450000,-0.950000,
-3.400000,-0.950000,
-3.350000,-0.950000,
-3.300000,-0.950000,
-3.250000,-0.950000,
-3.200000,-0.950000,1.052378
-3.150000,-0.950000,1.193734
-3.100000,-0.950000,1.318143
-3.050000,-0.950000,1.430035
-3.000000,-0.950000,1.532155
-2.950000,-0.950000,1.626346
-2.900000,-0.950000,1.713914
-2.850000,-0.950000,1.795828
-2.800000,-0.950000,1.872832
-2.750000,-0.950000,1.945508
-2.700000,-0.950000,2.014324
-2.650000,-0.950000,2.079663
-2.600000,-0.950000,2.141845
-2.550000,-0.950000,2.201136
-2.500000,-0.950000,2.257764
-2.450000,-0.950000,2.311926
-2.400000,-0.950000,2.363789
-2.350000,-0.950000,2.413504
-2.300000,-0.950000,2.461199
-2.250000,-0.950000,2.506990
-2.200000,-0.950000,2.550980
-2.150000,-0.950000,2.593260
-2.100000,-0.950000,2.633913
-2.050000,-0.950000,2.673013
-2.000000,-0.950000,2.710627
-1.950000,-0.950000,2.746816
-1.900000,-0.950000,2.781636
-1.850000,-0.950000,2.815138
-1.800000,-0.950000,2.847367
-1.750000,-0.950000,2.878368
-1.700000,-0.950000,2.908178
-1.650000,-0.950000,2.936835
-1.600000,-0.950000,2.964372
-1.550000,-0.950000,2.990819
-1.500000,-0.950000,3.016206
-1.450000,-0.950000,3.040559
-1.400000,-0.950000,3.063903
-1.350000,-0.950000,3.086260
-1.300000,-0.950000,3.107652
-1.250000,-0.950000,3.128098
-1.200000,-0.950000,3.147618
-1.150000,-0.950000,3.166228
-1.100000,-0.950000,3.183944
-1.050000,-0.950000,3.200781
-1.000000,-0.950000,3.216753
-0.950000,-0.950000,3.231873
-0.900000,-0.950000,3.246152
-0.850000,-0.950000,3.259601
-0.800000,-0.950000,3.272232
-0.750000,-0.950000,3.284052
-0.700000,-0.950000,3.295072
-0.650000,-0.950000,3.305299
-0.600000,-0.950000,3.314740
-0.550000,-0.950000,3.323402
-0.500000,-0.950000,3.331291
-0.450000,-0.950000,3.338413
-0.400000,-0.950000,3.344772
-0.350000,-0.950000,3.350373
-0.300000,-0.950000,3.355220
-0.250000,-0.950000,3.359315
-0.200000,-0.950000,3.362663
-0.150000,-0.950000,3.365264
-0.100000,-0.950000,3.367120
-0.050000,-0.950000,3.368234
-0.000000,-0.950000,3.368605
0.050000,-0.950000,3.368234
0.100000,-0.950000,3.367120
0.150000,-0.950000,3.365264
0.200000,-0.950000,3.362663
0.250000,-0.950000,3.359315
0.300000,-0.950000,3.355220
0.350000,-0.950000,3.350373
0.400000,-0.950000,3.344772
0.450000,-0.950000,3.338413
0.500000,-0.950000,3.331291
0.550000,-0.950000,3.323402
0.600000,-0.950000,3.314740
0.650000,-0.950000,3.305299
0.700000,-0.950000,3.295072
0.750000,-0.950000,3.284052
0.800000,-0.950000,3.272232
0.850000,-0.950000,3.259601
0.900000,-0.950000,3.246152
0.950000,-0.950000,3.231873
1.000000,-0.950000,3.216753
1.050000,-0.950000,3.200781
1.100000,-0.950000,3.183944
1.150000,-0.950000,3.166228
1.200000,-0.950000,3.147618
1.250000,-0.950000,3.128098
1.300000,-0.950000,3.107652
1.350000,-0.950000,3.086260
1.400000,-0.950000,3.063903
1.450000,-0.950000,3.040559
1.500000,-0.950000,3.016206
1.550000,-0.950000,2.990819
1.600000,-0.950000,2.964372
1.650000,-0.950000,2.936835
1.700000,-0.950000,2.908178
1.750000,-0.950000,2.878368
1.800000,-0.950000,2.847367
1.850000,-0.950000,2.815138
1.900000,-0.950000,2.781636
1.950000,-0.950000,2.746816
2.000000,-0.950000,2.710627
2.050000,-0.950000,2.673013
2.100000,-0.950000,2.633913
2.150000,-0.950000,2.593260
2.200000,-0.950000,2.550980
2.250000,-0.950000,2.506990
2.300000,-0.950000,2.461199
2.350000,-0.950000,2.413504
2.400000,-0.950000,2.363789
2.450000,-0.950000,2.311926
2.500000,-0.950000,2.257764
2.550000,-0.950000,2.201136
2.600000,-0.950000,2.141845
2.650000,-0.950000,2.079663
2.700000,-0.950000,2.014324
2.750000,-0.950000,1.945508
2.800000,-0.950000,1.872832
2.850000,-0.950000,1.795828
2.900000,-0.950000,1.713914
2.950000,-0.950000,1.626346
3.000000,-0.950000,1.532155
3.050000,-0.950000,1.430035
3.100000,-0.950000,1.318143
3.150000,-0.950000,1.193734
3.200000,-0.950000,1.052378
3.250000,-0.950000,
3.300000,-0.950000,
3.350000,-0.950000,
3.400000,-0.950000,
3.450000,-0.950000,
3.500000,-0.950000,
-3.500000,-0.900000,
-3.450000,-0.900000,
-3.400000,-0.900000,
-3.350000,-0.900000,
-3.300000,-0.900000,
-3.250000,-0.900000,0.936750
-3.200000,-0.900000,1.095445
-3.150000,-0.900000,1.231868
-3.100000,-0.900000,1.352775
-3.050000,-0.900000,1.462019
-3.000000,-0.900000,1.562050
-2.950000,-0.900000,1.654539
-2.900000,-0.900000,1.740690
-2.850000,-0.900000,1.821401
-2.800000,-0.900000,1.897367
-2.750000,-0.900000,1.969137
-2.700000,-0.900000,2.037155
-2.650000,-0.900000,2.101785
-2.600000,-0.900000,2.163331
-2.550000,-0.900000,2.222049
-2.500000,-0.900000,2.278157
-2.450000,-0.900000,2.331845
-2.400000,-0.900000,2.383275
-2.350000,-0.900000,2.432591
-2.300000,-0.900000,2.479919
-2.250000,-0.900000,2.525371
-2.200000,-0.900000,2.569047
-2.150000,-0.900000,2.611034
-2.100000,-0.900000,2.651415
-2.050000,-0.900000,2.690260
-2.000000,-0.900000,2.727636
-1.950000,-0.900000,2.763603
-1.900000,-0.900000,2.798214
-1.850000,-0.900000,2.831519
-1.800000,-0.900000,2.863564
-1.750000,-0.900000,2.894391
-1.700000,-0.900000,2.924038
-1.650000,-0.900000,2.952541
-1.600000,-0.900000,2.979933
-1.550000,-0.900000,3.006244
-1.500000,-0.900000,3.031501
-1.450000,-0.900000,3.055732
-1.400000,-0.900000,3.078961
-1.350000,-0.900000,3.101209
-1.300000,-0.900000,3.122499
-1.250000,-0.900000,3.142849
-1.200000,-0.900000,3.162278
-1.150000,-0.900000,3.180802
-1.100000,-0.900000,3.198437
-1.050000,-0.900000,3.215198
-1.000000,-0.900000,3.231099
-0.950000,-0.900000,3.246152
-0.900000,-0.900000,3.260368
-0.850000,-0.900000,3.273759
-0.800000,-0.900000,3.286335
-0.750000,-0.900000,3.298106
-0.700000,-0.900000,3.309078
-0.650000,-0.900000,3.319262
-0.600000,-0.900000,3.328663
-0.550000,-0.900000,3.337289
-0.500000,-0.900000,3.345146
-0.450000,-0.900000,3.352238
-0.400000,-0.900000,3.358571
-0.350000,-0.900000,3.364149
-0.300000,-0.900000,3.368976
-0.250000,-0.900000,3.373055
-0.200000,-0.900000,3.376389
-0.150000,-0.900000,3.378979
-0.100000,-0.900000,3.380828
-0.050000,-0.900000,3.381937
-0.000000,-0.900000,3.382307
0.050000,-0.900000,3.381937
0.100000,-0.900000,3.380828
0.150000,-0.900000,3.378979
0.200000,-0.900000,3.376389
0.250000,-0.900000,3.373055
0.300000,-0.900000,3.368976
0.350000,-0.900000,3.364149
0.400000,-0.900000,3.358571
0.450000,-0.900000,3.352238
0.500000,-0.900000,3.345146
0.550000,-0.900000,3.337289
0.600000,-0.900000,3.328663
0.650000,-0.900000,3.319262
0.700000,-0.900000,3.309078
0.750000,-0.900000,3.298106
0.800000,-0.900000,3.286335
0.850000,-0.900000,3.273759
0.900000,-0.900000,3.260368
0.950000,-0.900000,3.246152
1.000000,-0.900000,3.231099
1.050000,-0.900000,3.215198
1.100000,-0.900000,3.198437
1.150000,-0.900000,3.180802
1.200000,-0.900000,3.162278
1.250000,-0.900000,3.142849
1.300000,-0.900000,3.122499
1.350000,-0.900000,3.101209
1.400000,-0.900000,3.078961
1.450000,-0.900000,3.055732
1.500000,-0.900000,3.031501
1.550000,-0.900000,3.006244
1.600000,-0.900000,2.979933
1.650000,-0.900000,2.952541
1.700000,-0.900000,2.924038
1.750000,-0.900000,2.894391
1.800000,-0.900000,2.863564
1.850000,-0.900000,2.831519
1.900000,-0.900000,2.798214
1.950000,-0.900000,2.763603
2.000000,-0.900000,2.727636
2.050000,-0.900000,2.690260
2.100000,-0.900000,2.651415
2.150000,-0.900000,2.611034
2.200000,-0.900000,2.569047
2.250000,-0.900000,2.525371
2.300000,-0.900000,2.479919
2.350000,-0.900000,2.432591
2.400000,-0.900000,2.383275
2.450000,-0.900000,2.331845
2.500000,-0.900000,2.278157
2.550000,-0.900000,2.222049
2.600000,-0.900000,2.163331
2.650000,-0.900000,2.101785
2.700000,-0.900000,2.037155
2.750000,-0.900000,1.969137
2.800000,-0.900000,1.897367
2.850000,-0.900000,1.821401
2.900000,-0.900000,1.740690
2.950000,-0.900000,1.654539
3.000000,-0.900000,1.562050
3.050000,-0.900000,1.462019
3.100000,-0.900000,1.352775
3.150000,-0.900000,1.231868
3.200000,-0.900000,1.095445
3.250000,-0.900000,0.936750
3.300000,-0.900000,
3.350000,-0.900000,
3.400000,-0.900000,
3.450000,-0.900000,
3.500000,-0.900000,
-3.500000,-0.850000,
-3.450000,-0.850000,
-3.400000,-0.850000,
-3.350000,-0.850000,
-3.300000,-0.850000,
-3.250000,-0.850000,0.982344
-3.200000,-0.850000,1.134681
-3.150000,-0.850000,1.266886
-3.100000,-0.850000,1.384738
-3.050000,-0.850000,1.491643
-3.000000,-0.850000,1.589811
-2.950000,-0.850000,1.680774
-2.900000,-0.850000,1.765644
-2.850000,-0.850000,1.845264
-2.800000,-0.850000,1.920286
-2.750000,-0.850000,1.991231
-2.700000,-0.850000,2.058519
-2.650000,-0.850000,2.122499
-2.600000,-0.850000,2.183461
-2.550000,-0.850000,2.241651
-2.500000,-0.850000,2.297281
-2.450000,-0.850000,2.350532
-2.400000,-0.850000,2.401562
-2.350000,-0.850000,2.450510
-2.300000,-0.850000,2.497499
-2.250000,-0.850000,2.542636
-2.200000,-0.850000,2.586020
-2.150000,-0.850000,2.627737
-2.100000,-0.850000,2.667864
-2.050000,-0.850000,2.706474
-2.000000,-0.850000,2.743629
-1.950000,-0.850000,2.779388
-1.900000,-0.850000,2.813805
-1.850000,-0.850000,2.846928
-1.800000,-0.850000,2.878802
-1.750000,-0.850000,2.909467
-1.700000,-0.850000,2.938962
-1.650000,-0.850000,2.967322
-1.600000,-0.850000,2.994578
-1.550000,-0.850000,3.020761
-1.500000,-0.850000,3.045899
-1.450000,-0.850000,3.070016
-1.400000,-0.850000,3.093138
-1.350000,-0.850000,3.115285
-1.300000,-0.850000,3.136479
-1.250000,-0.850000,3.156739
-1.200000,-0.850000,3.176082
-1.150000,-0.850000,3.194527
-1.100000,-0.850000,3.212087
-1.050000,-0.850000,3.228777
-1.000000,-0.850000,3.244611
-0.950000,-0.850000,3.259601
-0.900000,-0.850000,3.273759
-0.850000,-0.850000,3.287096
-0.800000,-0.850000,3.299621
-0.750000,-0.850000,3.311344
-0.700000,-0.850000,3.322273
-0.650000,-0.850000,3.332417
-0.600000,-0.850000,3.341781
-0.550000,-0.850000,3.350373
-0.500000,-0.850000,3.358199
-0.450000,-0.850000,3.365264
-0.400000,-0.850000,3.371572
-0.350000,-0.850000,3.377129
-0.300000,-0.850000,3.381937
-0.250000,-0.850000,3.386001
-0.200000,-0.850000,3.389321
-0.150000,-0.850000,3.391902
-0.100000,-0.850000,3.393744
-0.050000,-0.850000,3.394849
-0.000000,-0.850000,3.395217
0.050000,-0.850000,3.394849
0.100000,-0.850000,3.393744
0.150000,-0.850000,3.391902
0.200000,-0.850000,3.389321
0.250000,-0.850000,3.386001
0.300000,-0.850000,3.381937
0.350000,-0.850000,3.377129
0.400000,-0.850000,3.371572
0.450000,-0.850000,3.365264
0.500000,-0.850000,3.358199
0.550000,-0.850000,3.350373
0.600000,-0.850000,3.341781
0.650000,-0.850000,3.332417
0.700000,-0.850000,3.322273
0.750000,-0.850000,3.311344
0.800000,-0.850000,3.299621
0.850000,-0.850000,3.287096
0.900000,-0.850000,3.273759
0.950000,-0.850000,3.259601
1.000000,-0.850000,3.244611
1.050000,-0.850000,3.228777
1.100000,-0.850000,3.212087
1.150000,-0.850000,3.194527
1.200000,-0.850000,3.176082
1.250000,-0.850000,3.156739
1.300000,-0.850000,3.136479
1.350000,-0.850000,3.115285
1.400000,-0.850000,3.093138
1.450000,-0.850000,3.070016
1.500000,-0.850000,3.045899
1.550000,-0.850000,3.020761
1.600000,-0.850000,2.994578
1.650000,-0.850000,2.967322
1.700000,-0.850000,2.938962
1.750000,-0.850000,2.909467
1.800000,-0.850000,2.878802
1.850000,-0.850000,2.846928
1.900000,-0.850000,2.813805
1.950000,-0.850000,2.779388
2.000000,-0.850000,2.743629
2.050000,-0.850000,2.706474
2.100000,-0.850000,2.667864
2.150000,-0.850000,2.627737
2.200000,-0.850000,2.586020
2.250000,-0.850000,2.542636
2.300000,-0.850000,2.497499
2.350000,-0.850000,2.450510
2.400000,-0.850000,2.401562
2.450000,-0.850000,2.350532
2.500000,-0.850000,2.297281
2.550000,-0.850000,2.241651
2.600000,-0.850000,2.183461
2.650000,-0.850000,2.122499
2.700000,-0.850000,2.058519
2.750000,-0.850000,1.991231
2.800000,-0.850000,1.920286
2.850000,-0.850000,1.845264
2.900000,-0.850000,1.765644
2.950000,-0.850000,1.680774
3.000000,-0.850000,1.589811
3.050000,-0.850000,1.491643
3.100000,-0.850000,1.384738
3.150000,-0.850000,1.266886
3.200000,-0.850000,1.134681
3.250000,-0.850000,0.982344
3.300000,-0.850000,
3.350000,-0.850000,
3.400000,-0.850000,
3.450000,-0.850000,
3.500000,-0.850000,
-3.500000,-0.800000,
-3.450000,-0.800000,
-3.400000,-0.800000,
-3.350000,-0.800000,
-3.300000,-0.800000,0.848528
-3.250000,-0.800000,1.023474
-3.200000,-0.800000,1.170470
-3.150000,-0.800000,1.299038
-3.100000,-0.800000,1.414214
-3.050000,-0.800000,1.519046
-3.000000,-0.800000,1.615549
-2.950000,-0.800000,1.705139
-2.900000,-0.800000,1.788854
-2.850000,-0.800000,1.867485
-2.800000,-0.800000,1.941649
-2.750000,-0.800000,2.011840
-2.700000,-0.800000,2.078461
-2.650000,-0.800000,2.141845
-2.600000,-0.800000,2.202272
-2.550000,-0.800000,2.259978
-2.500000,-0.800000,2.315167
-2.450000,-0.800000,2.368016
-2.400000,-0.800000,2.418677
-2.350000,-0.800000,2.467286
-2.300000,-0.800000,2.513961
-2.250000,-0.800000,2.558808
-2.200000,-0.800000,2.601922
-2.150000,-0.800000,2.643388
-2.100000,-0.800000,2.683282
-2.050000,-0.800000,2.721672
-2.000000,-0.800000,2.758623
-1.950000,-0.800000,2.794190
-1.900000,-0.800000,2.828427
-1.850000,-0.800000,2.861381
-1.800000,-0.800000,2.893095
-1.750000,-0.800000,2.923611
-1.700000,-0.800000,2.952965
-1.650000,-0.800000,2.981191
-1.600000,-0.800000,3.008322
-1.550000,-0.800000,3.034386
-1.500000,-0.800000,3.059412
-1.450000,-0.800000,3.083423
-1.400000,-0.800000,3.106445
-1.350000,-0.800000,3.128498
-1.300000,-0.800000,3.149603
-1.250000,-0.800000,3.169779
-1.200000,-0.800000,3.189044
-1.150000,-0.800000,3.207413
-1.100000,-0.800000,3.224903
-1.050000,-0.800000,3.241527
-1.000000,-0.800000,3.257299
-0.950000,-0.800000,3.272232
-0.900000,-0.800000,3.286335
-0.850000,-0.800000,3.299621
-0.800000,-0.800000,3.312099
-0.750000,-0.800000,3.323778
-0.700000,-0.800000,3.334666
-0.650000,-0.800000,3.344772
-0.600000,-0.800000,3.354102
-0.550000,-0.800000,3.362663
-0.500000,-0.800000,3.370460
-0.450000,-0.800000,3.377499
-0.400000,-0.800000,3.383785
-0.350000,-0.800000,3.389321
-0.300000,-0.800000,3.394113
-0.250000,-0.800000,3.398161
-0.200000,-0.800000,3.401470
-0.150000,-0.800000,3.404042
-0.100000,-0.800000,3.405877
-0.050000,-0.800000,3.406978
-0.000000,-0.800000,3.407345
0.050000,-0.800000,3.406978
0.100000,-0.800000,3.405877
0.150000,-0.800000,3.404042
0.200000,-0.800000,3.401470
0.250000,-0.800000,3.398161
0.300000,-0.800000,3.394113
0.350000,-0.800000,3.389321
0.400000,-0.800000,3.383785
0.450000,-0.800000,3.377499
0.500000,-0.800000,3.370460
0.550000,-0.800000,3.362663
0.600000,-0.800000,3.354102
0.650000,-0.800000,3.344772
0.700000,-0.800000,3.334666
0.750000,-0.800000,3.323778
0.800000,-0.800000,3.312099
0.850000,-0.800000,3.299621
0.900000,-0.800000,3.286335
0.950000,-0.800000,3.272232
1.000000,-0.800000,3.257299
1.050000,-0.800000,3.241527
1.100000,-0.800000,3.224903
1.150000,-0.800000,3.207413
1.200000,-0.800000,3.189044
1.250000,-0.800000,3.169779
1.300000,-0.800000,3.149603
1.350000,-0.800000,3.128498
1.400000,-0.800000,3.106445
1.450000,-0.800000,3.083423
1.500000,-0.800000,3.059412
1.550000,-0.800000,3.034386
1.600000,-0.800000,3.008322
1.650000,-0.800000,2.981191
1.700000,-0.800000,2.952965
1.750000,-0.800000,2.923611
1.800000,-0.800000,2.893095
1.850000,-0.800000,2.861381
1.900000,-0.800000,2.828427
1.950000,-0.800000,2.794190
2.000000,-0.800000,2.758623
2.050000,-0.800000,2.721672
2.100000,-0.800000,2.683282
2.150000,-0.800000,2.643388
2.200000,-0.800000,2.601922
2.250000,-0.800000,2.558808
2.300000,-0.800000,2.513961
2.350000,-0.800000,2.467286
2.400000,-0.800000,2.418677
2.450000,-0.800000,2.368016
2.500000,-0.800000,2.315167
2.550000,-0.800000,2.259978
2.600000,-0.800000,2.202272
2.650000,-0.800000,2.141845
2.700000,-0.800000,2.078461
2.750000,-0.800000,2.011840
2.800000,-0.800000,1.941649
2.850000,-0.800000,1.867485
2.900000,-0.800000,1.788854
2.950000,-0.800000,1.705139
3.000000,-0.800000,1.615549
3.050000,-0.800000,1.519046
3.100000,-0.800000,1.414214
3.150000,-0.800000,1.299038
3.200000,-0.800000,1.170470
3.250000,-0.800000,1.023474
3.300000,-0.800000,0.848528
3.350000,-0.800000,
3.400000,-0.800000,
3.450000,-0.800000,
3.500000,-0.800000,
-3.500000,-0.750000,
-3.450000,-0.750000,
-3.400000,-0.750000,
-3.350000,-0.750000,
-3.300000,-0.750000,0.893029
-3.250000,-0.750000,1.060660
-3.200000,-0.750000,1.203121
-3.150000,-0.750000,1.328533
-3.100000,-0.750000,1.441354
-3.050000,-0.750000,1.544345
-3.000000,-0.750000,1.639360
-2.950000,-0.750000,1.727715
-2.900000,-0.750000,1.810387
-2.850000,-0.750000,1.888121
-2.800000,-0.750000,1.961505
-2.750000,-0.750000,2.031010
-2.700000,-0.750000,2.097022
-2.650000,-0.750000,2.159861
-2.600000,-0.750000,2.219797
-2.550000,-0.750000,2.277060
-2.500000,-0.750000,2.331845
-2.450000,-0.750000,2.384324
-2.400000,-0.750000,2.434646
-2.350000,-0.750000,2.482942
-2.300000,-0.750000,2.529328
-2.250000,-0.750000,2.573908
-2.200000,-0.750000,2.616773
-2.150000,-0.750000,2.658007
-2.100000,-0.750000,2.697684
-2.050000,-0.750000,2.735873
-2.000000,-0.750000,2.772634
-1.950000,-0.750000,2.808024
-1.900000,-0.750000,2.842094
-1.850000,-0.750000,2.874891
-1.800000,-0.750000,2.906458
-1.750000,-0.750000,2.936835
-1.700000,-0.750000,2.966058
-1.650000,-0.750000,2.994161
-1.600000,-0.750000,3.021175
-1.550000,-0.750000,3.047130
-1.500000,-0.750000,3.072051
-1.450000,-0.750000,3.095965
-1.400000,-0.750000,3.118894
-1.350000,-0.750000,3.140860
-1.300000,-0.750000,3.161882
-1.250000,-0.750000,3.181981
-1.200000,-0.750000,3.201172
-1.150000,-0.750000,3.219472
-1.100000,-0.750000,3.236897
-1.050000,-0.750000,3.253460
-1.000000,-0.750000,3.269174
-0.950000,-0.750000,3.284052
-0.900000,-0.750000,3.298106
-0.850000,-0.750000,3.311344
-0.800000,-0.750000,3.323778
-0.750000,-0.750000,3.335416
-0.700000,-0.750000,3.346267
-0.650000,-0.750000,3.356337
-0.600000,-0.750000,3.365635
-0.550000,-0.750000,3.374167
-0.500000,-0.750000,3.381937
-0.450000,-0.750000,3.388953
-0.400000,-0.750000,3.395217
-0.350000,-0.750000,3.400735
-0.300000,-0.750000,3.405510
-0.250000,-0.750000,3.409545
-0.200000,-0.750000,3.412843
-0.150000,-0.750000,3.415406
-0.100000,-0.750000,3.417236
-0.050000,-0.750000,3.418333
-0.000000,-0.750000,3.418699
0.050000,-0.750000,3.418333
0.100000,-0.750000,3.417236
0.150000,-0.750000,3.415406
0.200000,-0.750000,3.412843
0.250000,-0.750000,3.409545
0.300000,-0.750000,3.405510
0.350000,-0.750000,3.400735
0.400000,-0.750000,3.395217
0.450000,-0.750000,3.388953
0.500000,-0.750000,3.381937
0.550000,-0.750000,3.374167
0.600000,-0.750000,3.365635
0.650000,-0.750000,3.356337
0.700000,-0.750000,3.346267
0.750000,-0.750000,3.335416
0.800000,-0.750000,3.323778
0.850000,-0.750000,3.311344
0.900000,-0.750000,3.298106
0.950000,-0.750000,3.284052
1.000000,-0.750000,3.269174
1.050000,-0.750000,3.253460
1.100000,-0.750000,3.236897
1.150000,-0.750000,3.219472
1.200000,-0.750000,3.201172
1.250000,-0.750000,3.181981
1.300000,-0.750000,3.161882
1.350000,-0.750000,3.140860
1.400000,-0.750000,3.118894
1.450000,-0.750000,3.095965
1.500000,-0.750000,3.072051
1.550000,-0.750000,3.047130
1.600000,-0.750000,3.021175
1.650000,-0.750000,2.994161
1.700000,-0.750000,2.966058
1.750000,-0.750000,2.936835
1.800000,-0.750000,2.906458
1.850000,-0.750000,2.874891
1.900000,-0.750000,2.842094
1.950000,-0.750000,2.808024
2.000000,-0.750000,2.772634
2.050000,-0.750000,2.735873
2.100000,-0.750000,2.697684
2.150000,-0.750000,2.658007
2.200000,-0.750000,2.616773
2.250000,-0.750000,2.573908
2.300000,-0.750000,2.529328
2.350000,-0.750000,2.482942
2.400000,-0.750000,2.434646
2.450000,-0.750000,2.384324
2.500000,-0.750000,2.331845
2.550000,-0.750000,2.277060
2.600000,-0.750000,2.219797
2.650000,-0.750000,2.159861
2.700000,-0.750000,2.097022
2.750000,-0.750000,2.031010
2.800000,-0.750000,1.961505
2.850000,-0.750000,1.888121
2.900000,-0.750000,1.810387
2.950000,-0.750000,1.727715
3.000000,-0.750000,1.639360
3.050000,-0.750000,1.544345
3.100000,-0.750000,1.441354
3.150000,-0.750000,1.328533
3.200000,-0.750000,1.203121
3.250000,-0.750000,1.060660
3.300000,-0.750000,0.893029
3.350000,-0.750000,
3.400000,-0.750000,
3.450000,-0.750000,
3.500000,-0.750000,
-3.500000,-0.700000,
-3.450000,-0.700000,
-3.400000,-0.700000,
-3.350000,-0.700000,0.733144
-3.300000,-0.700000,0.932738
-3.250000,-0.700000,1.094303
-3.200000,-0.700000,1.232883
-3.150000,-0.700000,1.355544
-3.100000,-0.700000,1.466288
-3.050000,-0.700000,1.567642
-3.000000,-0.700000,1.661325
-2.950000,-0.700000,1.748571
-2.900000,-0.700000,1.830301
-2.850000,-0.700000,1.907223
-2.800000,-0.700000,1.979899
-2.750000,-0.700000,2.048780
-2.700000,-0.700000,2.114237
-2.650000,-0.700000,2.176580
-2.600000,-0.700000,2.236068
-2.550000,-0.700000,2.292924
-2.500000,-0.700000,2.347339
-2.450000,-0.700000,2.399479
-2.400000,-0.700000,2.449490
-2.350000,-0.700000,2.497499
-2.300000,-0.700000,2.543619
-2.250000,-0.700000,2.587953
-2.200000,-0.700000,2.630589
-2.150000,-0.700000,2.671610
-2.100000,-0.700000,2.711088
-2.050000,-0.700000,2.749091
-2.000000,-0.700000,2.785678
-1.950000,-0.700000,2.820904
-1.900000,-0.700000,2.854820
-1.850000,-0.700000,2.887473
-1.800000,-0.700000,2.918904
-1.750000,-0.700000,2.949152
-1.700000,-0.700000,2.978255
-1.650000,-0.700000,3.006244
-1.600000,-0.700000,3.033150
-1.550000,-0.700000,3.059003
-1.500000,-0.700000,3.083829
-1.450000,-0.700000,3.107652
-1.400000,-0.700000,3.130495
-1.350000,-0.700000,3.152380
-1.300000,-0.700000,3.173326
-1.250000,-0.700000,3.193352
-1.200000,-0.700000,3.212476
-1.150000,-0.700000,3.230712
-1.100000,-0.700000,3.248076
-1.050000,-0.700000,3.264583
-1.000000,-0.700000,3.280244
-0.950000,-0.700000,3.295072
-0.900000,-0.700000,3.309078
-0.850000,-0.700000,3.322273
-0.800000,-0.700000,3.334666
-0.750000,-0.700000,3.346267
-0.700000,-0.700000,3.357082
-0.650000,-0.700000,3.367120
-0.600000,-0.700000,3.376389
-0.550000,-0.700000,3.384893
-0.500000,-0.700000,3.392639
-0.450000,-0.700000,3.399632
-0.400000,-0.700000,3.405877
-0.350000,-0.700000,3.411378
-0.300000,-0.700000,3.416138
-0.250000,-0.700000,3.420161
-0.200000,-0.700000,3.423449
-0.150000,-0.700000,3.426004
-0.100000,-0.700000,3.427827
-0.050000,-0.700000,3.428921
-0.000000,-0.700000,3.429286
0.050000,-0.700000,3.428921
0.100000,-0.700000,3.427827
0.150000,-0.700000,3.426004
0.200000,-0.700000,3.423449
0.250000,-0.700000,3.420161
0.300000,-0.700000,3.416138
0.350000,-0.700000,3.411378
0.400000,-0.700000,3.405877
0.450000,-0.700000,3.399632
0.500000,-0.700000,3.392639
0.550000,-0.700000,3.384893
0.600000,-0.700000,3.376389
0.650000,-0.700000,3.367120
0.700000,-0.700000,3.357082
0.750000,-0.700000,3.346267
0.800000,-0.700000,3.334666
0.850000,-0.700000,3.322273
0.900000,-0.700000,3.309078
0.950000,-0.700000,3.295072
1.000000,-0.700000,3.280244
1.050000,-0.700000,3.264583
1.100000,-0.700000,3.248076
1.150000,-0.700000,3.230712
1.200000,-0.700000,3.212476
1.250000,-0.700000,3.193352
1.300000,-0.700000,3.173326
1.350000,-0.700000,3.152380
1.400000,-0.700000,3.130495
1.450000,-0.700000,3.107652
1.500000,-0.700000,3.083829
1.550000,-0.700000,3.059003
1.600000,-0.700000,3.033150
1.650000,-0.700000,3.006244
1.700000,-0.700000,2.978255
1.750000,-0.700000,2.949152
1.800000,-0.700000,2.918904
1.850000,-0.700000,2.887473
1.900000,-0.700000,2.854820
1.950000,-0.700000,2.820904
2.000000,-0.700000,2.785678
2.050000,-0.700000,2.749091
2.100000,-0.700000,2.711088
2.150000,-0.700000,2.671610
2.200000,-0.700000,2.630589
2.250000,-0.700000,2.587953
2.300000,-0.700000,2.543619
2.350000,-0.700000,2.497499
2.400000,-0.700000,2.449490
2.450000,-0.700000,2.399479
2.500000,-0.700000,2.347339
2.550000,-0.700000,2.292924
2.600000,-0.700000,2.236068
2.650000,-0.700000,2.176580
2.700000,-0.700000,2.114237
2.750000,-0.700000,2.048780
2.800000,-0.700000,1.979899
2.850000,-0.700000,1.907223
2.900000,-0.700000,1.830301
2.950000,-0.700000,1.748571
3.000000,-0.700000,1.661325
3.050000,-0.700000,1.567642
3.100000,-0.700000,1.466288
3.150000,-0.700000,1.355544
3.200000,-0.700000,1.232883
3.250000,-0.700000,1.094303
3.300000,-0.700000,0.932738
3.350000,-0.700000,0.733144
3.400000,-0.700000,
3.450000,-0.700000,
3.500000,-0.700000,
-3.500000,-0.650000,
-3.450000,-0.650000,
-3.400000,-0.650000,
-3.350000,-0.650000,0.777817
-3.300000,-0.650000,0.968246
-3.250000,-0.650000,1.124722
-3.200000,-0.650000,1.259960
-3.150000,-0.650000,1.380217
-3.100000,-0.650000,1.489127
-3.050000,-0.650000,1.589025
-3.000000,-0.650000,1.681517
-2.950000,-0.650000,1.767767
-2.900000,-0.650000,1.848648
-2.850000,-0.650000,1.924838
-2.800000,-0.650000,1.996873
-2.750000,-0.650000,2.065188
-2.700000,-0.650000,2.130141
-2.650000,-0.650000,2.192031
-2.600000,-0.650000,2.251111
-2.550000,-0.650000,2.307596
-2.500000,-0.650000,2.361673
-2.450000,-0.650000,2.413504
-2.400000,-0.650000,2.463230
-2.350000,-0.650000,2.510976
-2.300000,-0.650000,2.556854
-2.250000,-0.650000,2.600961
-2.200000,-0.650000,2.643388
-2.150000,-0.650000,2.684213
-2.100000,-0.650000,2.723509
-2.050000,-0.650000,2.761340
-2.000000,-0.650000,2.797767
-1.950000,-0.650000,2.832843
-1.900000,-0.650000,2.866618
-1.850000,-0.650000,2.899138
-1.800000,-0.650000,2.930444
-1.750000,-0.650000,2.960574
-1.700000,-0.650000,2.989565
-1.650000,-0.650000,3.017449
-1.600000,-0.650000,3.044257
-1.550000,-0.650000,3.070016
-1.500000,-0.650000,3.094754
-1.450000,-0.650000,3.118493
-1.400000,-0.650000,3.141258
-1.350000,-0.650000,3.163068
-1.300000,-0.650000,3.183944
-1.250000,-0.650000,3.203904
-1.200000,-0.650000,3.222964
-1.150000,-0.650000,3.241142
-1.100000,-0.650000,3.258451
-1.050000,-0.650000,3.274905
-1.000000,-0.650000,3.290517
-0.950000,-0.650000,3.305299
-0.900000,-0.650000,3.319262
-0.850000,-0.650000,3.332417
-0.800000,-0.650000,3.344772
-0.750000,-0.650000,3.356337
-0.700000,-0.650000,3.367120
-0.650000,-0.650000,3.377129
-0.600000,-0.650000,3.386370
-0.550000,-0.650000,3.394849
-0.500000,-0.650000,3.402573
-0.450000,-0.650000,3.409545
-0.400000,-0.650000,3.415772
-0.350000,-0.650000,3.421257
-0.300000,-0.650000,3.426004
-0.250000,-0.650000,3.430015
-0.200000,-0.650000,3.433293
-0.150000,-0.650000,3.435841
-0.100000,-0.650000,3.437659
-0.050000,-0.650000,3.438750
-0.000000,-0.650000,3.439113
0.050000,-0.650000,3.438750
0.100000,-0.650000,3.437659
0.150000,-0.650000,3.435841
0.200000,-0.650000,3.433293
0.250000,-0.650000,3.430015
0.300000,-0.650000,3.426004
0.350000,-0.650000,3.421257
0.400000,-0.650000,3.415772
0.450000,-0.650000,3.409545
0.500000,-0.650000,3.402573
0.550000,-0.650000,3.394849
0.600000,-0.650000,3.386370
0.650000,-0.650000,3.377129
0.700000,-0.650000,3.367120
0.750000,-0.650000,3.356337
0.800000,-0.650000,3.344772
0.850000,-0.650000,3.332417
0.900000,-0.650000,3.319262
0.950000,-0.650000,3.305299
1.000000,-0.650000,3.290517
1.050000,-0.650000,3.274905
1.100000,-0.650000,3.258451
1.150000,-0.650000,3.241142
1.200000,-0.650000,3.222964
1.250000,-0.650000,3.203904
1.300000,-0.650000,3.183944
1.350000,-0.650000,3.163068
1.400000,-0.650000,3.141258
1.450000,-0.650000,3.118493
1.500000,-0.650000,3.094754
1.550000,-0.650000,3.070016
1.600000,-0.650000,3.044257
1.650000,-0.650000,3.017449
1.700000,-0.650000,2.989565
1.750000,-0.650000,2.960574
1.800000,-0.650000,2.930444
1.850000,-0.650000,2.899138
1.900000,-0.650000,2.866618
1.950000,-0.650000,2.832843
2.000000,-0.650000,2.797767
2.050000,-0.650000,2.761340
2.100000,-0.650000,2.723509
2.150000,-0.650000,2.684213
2.200000,-0.650000,2.643388
2.250000,-0.650000,2.600961
2.300000,-0.650000,2.556854
2.350000,-0.650000,2.510976
2.400000,-0.650000,2.463230
2.450000,-0.650000,2.413504
2.500000,-0.650000,2.361673
2.550000,-0.650000,2.307596
2.600000,-0.650000,2.251111
2.650000,-0.650000,2.192031
2.700000,-0.650000,2.130141
2.750000,-0.650000,2.065188
2.800000,-0.650000,1.996873
2.850000,-0.650000,1.924838
2.900000,-0.650000,1.848648
2.950000,-0.650000,1.767767
3.000000,-0.650000,1.681517
3.050000,-0.650000,1.589025
3.100000,-0.650000,1.489127
3.150000,-0.650000,1.380217
3.200000,-0.650000,1.259960
3.250000,-0.650000,1.124722
3.300000,-0.650000,0.968246
3.350000,-0.650000,0.777817
3.400000,-0.650000,
3.450000,-0.650000,
3.500000,-0.650000,
-3.500000,-0.600000,
-3.450000,-0.600000,
-3.400000,-0.600000,
-3.350000,-0.600000,0.817007
-3.300000,-0.600000,1.000000
-3.250000,-0.600000,1.152172
-3.200000,-0.600000,1.284523
-3.150000,-0.600000,1.402676
-3.100000,-0.600000,1.509967
-3.050000,-0.600000,1.608571
-3.000000,-0.600000,1.700000
-2.950000,-0.600000,1.785357
-2.900000,-0.600000,1.865476
-2.850000,-0.600000,1.941005
-2.800000,-0.600000,2.012461
-2.750000,-0.600000,2.080264
-2.700000,-0.600000,2.144761
-2.650000,-0.600000,2.206241
-2.600000,-0.600000,2.264950
-2.550000,-0.600000,2.321099
-2.500000,-0.600000,2.374868
-2.450000,-0.600000,2.426417
-2.400000,-0.600000,2.475884
-2.350000,-0.600000,2.523391
-2.300000,-0.600000,2.569047
-2.250000,-0.600000,2.612949
-2.200000,-0.600000,2.655184
-2.150000,-0.600000,2.695830
-2.100000,-0.600000,2.734959
-2.050000,-0.600000,2.772634
-2.000000,-0.600000,2.808914
-1.950000,-0.600000,2.843853
-1.900000,-0.600000,2.877499
-1.850000,-0.600000,2.909897
-1.800000,-0.600000,2.941088
-1.750000,-0.600000,2.971111
-1.700000,-0.600000,3.000000
-1.650000,-0.600000,3.027788
-1.600000,-0.600000,3.054505
-1.550000,-0.600000,3.080179
-1.500000,-0.600000,3.104835
-1.450000,-0.600000,3.128498
-1.400000,-0.600000,3.151190
-1.350000,-0.600000,3.172932
-1.300000,-0.600000,3.193744
-1.250000,-0.600000,3.213643
-1.200000,-0.600000,3.232646
-1.150000,-0.600000,3.250769
-1.100000,-0.600000,3.268027
-1.050000,-0.600000,3.284433
-1.000000,-0.600000,3.300000
-0.950000,-0.600000,3.314740
-0.900000,-0.600000,3.328663
-0.850000,-0.600000,3.341781
-0.800000,-0.600000,3.354102
-0.750000,-0.600000,3.365635
-0.700000,-0.600000,3.376389
-0.650000,-0.600000,3.386370
-0.600000,-0.600000,3.395585
-0.550000,-0.600000,3.404042
-0.500000,-0.600000,3.411744
-0.450000,-0.600000,3.418699
-0.400000,-0.600000,3.424909
-0.350000,-0.600000,3.430379
-0.300000,-0.600000,3.435113
-0.250000,-0.600000,3.439113
-0.200000,-0.600000,3.442383
-0.150000,-0.600000,3.444924
-0.100000,-0.600000,3.446738
-0.050000,-0.600000,3.447825
-0.000000,-0.600000,3.448188
0.050000,-0.600000,3.447825
0.100000,-0.600000,3.446738
0.150000,-0.600000,3.444924
0.200000,-0.600000,3.442383
0.250000,-0.600000,3.439113
0.300000,-0.600000,3.435113
0.350000,-0.600000,3.430379
0.400000,-0.600000,3.424909
0.450000,-0.600000,3.418699
0.500000,-0.600000,3.411744
0.550000,-0.600000,3.404042
0.600000,-0.600000,3.395585
0.650000,-0.600000,3.386370
0.700000,-0.600000,3.376389
0.750000,-0.600000,3.365635
0.800000,-0.600000,3.354102
0.850000,-0.600000,3.341781
0.900000,-0.600000,3.328663
0.950000,-0.600000,3.314740
1.000000,-0.600000,3.300000
1.050000,-0.600000,3.284433
1.100000,-0.600000,3.268027
1.150000,-0.600000,3.250769
1.200000,-0.600000,3.232646
1.250000,-0.600000,3.213643
1.300000,-0.600000,3.193744
1.350000,-0.600000,3.172932
1.400000,-0.600000,3.151190
1.450000,-0.600000,3.128498
1.500000,-0.600000,3.104835
1.550000,-0.600000,3.080179
1.600000,-0.600000,3.054505
1.650000,-0.600000,3.027788
1.700000,-0.600000,3.000000
1.750000,-0.600000,2.971111
1.800000,-0.600000,2.941088
1.850000,-0.600000,2.909897
1.900000,-0.600000,2.877499
1.950000,-0.600000,2.843853
2.000000,-0.600000,2.808914
2.050000,-0.600000,2.772634
2.100000,-0.600000,2.734959
2.150000,-0.600000,2.695830
2.200000,-0.600000,2.655184
2.250000,-0.600000,2.612949
2.300000,-0.600000,2.569047
2.350000,-0.600000,2.523391
2.400000,-0.600000,2.475884
2.450000,-0.600000,2.426417
2.500000,-0.600000,2.374868
2.550000,-0.600000,2.321099
2.600000,-0.600000,2.264950
2.650000,-0.600000,2.206241
2.700000,-0.600000,2.144761
2.750000,-0.600000,2.080264
2.800000,-0.600000,2.012461
2.850000,-0.600000,1.941005
2.900000,-0.600000,1.865476
2.950000,-0.600000,1.785357
3.000000,-0.600000,1.700000
3.050000,-0.600000,1.608571
3.100000,-0.600000,1.509967
3.150000,-0.600000,1.402676
3.200000,-0.600000,1.284523
3.250000,-0.600000,1.152172
3.300000,-0.600000,1.000000
3.350000,-0.600000,0.817007
3.400000,-0.600000,
3.450000,-0.600000,
3.500000,-0.600000,
-3.500000,-0.550000,
-3.450000,-0.550000,
-3.400000,-0.550000,0.622495
-3.350000,-0.550000,0.851469
-3.300000,-0.550000,1.028348
-3.250000,-0.550000,1.176860
-3.200000,-0.550000,1.306713
-3.150000,-0.550000,1.423025
-3.100000,-0.550000,1.528888
-3.050000,-0.550000,1.626346
-3.000000,-0.550000,1.716828
-2.950000,-0.550000,1.801388
-2.900000,-0.550000,1.880824
-2.850000,-0.550000,1.955761
-2.800000,-0.550000,2.026697
-2.750000,-0.550000,2.094039
-2.700000,-0.550000,2.158124
-2.650000,-0.550000,2.219234
-2.600000,-0.550000,2.277608
-2.550000,-0.550000,2.333452
-2.500000,-0.550000,2.386944
-2.450000,-0.550000,2.438237
-2.400000,-0.550000,2.487469
-2.350000,-0.550000,2.534758
-2.300000,-0.550000,2.580213
-2.250000,-0.550000,2.623928
-2.200000,-0.550000,2.665989
-2.150000,-0.550000,2.706474
-2.100000,-0.550000,2.745451
-2.050000,-0.550000,2.782984
-2.000000,-0.550000,2.819131
-1.950000,-0.550000,2.853945
-1.900000,-0.550000,2.887473
-1.850000,-0.550000,2.919760
-1.800000,-0.550000,2.950847
-1.750000,-0.550000,2.980772
-1.700000,-0.550000,3.009568
-1.650000,-0.550000,3.037269
-1.600000,-0.550000,3.063903
-1.550000,-0.550000,3.089498
-1.500000,-0.550000,3.114081
-1.450000,-0.550000,3.137674
-1.400000,-0.550000,3.160301
-1.350000,-0.550000,3.181981
-1.300000,-0.550000,3.202733
-1.250000,-0.550000,3.222577
-1.200000,-0.550000,3.241527
-1.150000,-0.550000,3.259601
-1.100000,-0.550000,3.276812
-1.050000,-0.550000,3.293175
-1.000000,-0.550000,3.308701
-0.950000,-0.550000,3.323402
-0.900000,-0.550000,3.337289
-0.850000,-0.550000,3.350373
-0.800000,-0.550000,3.362663
-0.750000,-0.550000,3.374167
-0.700000,-0.550000,3.384893
-0.650000,-0.550000,3.394849
-0.600000,-0.550000,3.404042
-0.550000,-0.550000,3.412477
-0.500000,-0.550000,3.420161
-0.450000,-0.550000,3.427098
-0.400000,-0.550000,3.433293
-0.350000,-0.550000,3.438750
-0.300000,-0.550000,3.443472
-0.250000,-0.550000,3.447463
-0.200000,-0.550000,3.450725
-0.150000,-0.550000,3.453259
-0.100000,-0.550000,3.455069
-0.050000,-0.550000,3.456154
-0.000000,-0.550000,3.456516
0.050000,-0.550000,3.456154
0.100000,-0.550000,3.455069
0.150000,-0.550000,3.453259
0.200000,-0.550000,3.450725
0.250000,-0.550000,3.447463
0.300000,-0.550000,3.443472
0.350000,-0.550000,3.438750
0.400000,-0.550000,3.433293
0.450000,-0.550000,3.427098
0.500000,-0.550000,3.420161
0.550000,-0.550000,3.412477
0.600000,-0.550000,3.404042
0.650000,-0.550000,3.394849
0.700000,-0.550000,3.384893
0.750000,-0.550000,3.374167
0.800000,-0.550000,3.362663
0.850000,-0.550000,3.350373
0.900000,-0.550000,3.337289
0.950000,-0.550000,3.323402
1.000000,-0.550000,3.308701
1.050000,-0.550000,3.293175
1.100000,-0.550000,3.276812
1.150000,-0.550000,3.259601
1.200000,-0.550000,3.241527
1.250000,-0.550000,3.222577
1.300000,-0.550000,3.202733
1.350000,-0.550000,3.181981
1.400000,-0.550000,3.160301
1.450000,-0.550000,3.137674
1.500000,-0.550000,3.114081
1.550000,-0.550000,3.089498
1.600000,-0.550000,3.063903
1.650000,-0.550000,3.037269
1.700000,-0.550000,3.009568
1.750000,-0.550000,2.980772
1.800000,-0.550000,2.950847
1.850000,-0.550000,2.919760
1.900000,-0.550000,2.887473
1.950000,-0.550000,2.853945
2.000000,-0.550000,2.819131
2.050000,-0.550000,2.782984
2.100000,-0.550000,2.745451
2.150000,-0.550000,2.706474
2.200000,-0.550000,2.665989
2.250000,-0.550000,2.623928
2.300000,-0.550000,2.580213
2.350000,-0.550000,2.534758
2.400000,-0.550000,2.487469
2.450000,-0.550000,2.438237
2.500000,-0.550000,2.386944
2.550000,-0.550000,2.333452
2.600000,-0.550000,2.277608
2.650000,-0.550000,2.219234
2.700000,-0.550000,2.158124
2.750000,-0.550000,2.094039
2.800000,-0.550000,2.026697
2.850000,-0.550000,1.955761
2.900000,-0.550000,1.880824
2.950000,-0.550000,1.801388
3.000000,-0.550000,1.716828
3.050000,-0.550000,1.626346
3.100000,-0.550000,1.528888
3.150000,-0.550000,1.423025
3.200000,-0.550000,1.306713
3.250000,-0.550000,1.176860
3.300000,-0.550000,1.028348
3.350000,-0.550000,0.851469
3.400000,-0.550000,0.622495
3.450000,-0.550000,
3.500000,-0.550000,
-3.500000,-0.500000,
-3.450000,-0.500000,
-3.400000,-0.500000,0.663325
-3.350000,-0.500000,0.881760
-3.300000,-0.500000,1.053565
-3.250000,-0.500000,1.198958
-3.200000,-0.500000,1.326650
-3.150000,-0.500000,1.441354
-3.100000,-0.500000,1.545962
-3.050000,-0.500000,1.642407
-3.000000,-0.500000,1.732051
-2.950000,-0.500000,1.815902
-2.900000,-0.500000,1.894730
-2.850000,-0.500000,1.969137
-2.800000,-0.500000,2.039608
-2.750000,-0.500000,2.106537
-2.700000,-0.500000,2.170253
-2.650000,-0.500000,2.231031
-2.600000,-0.500000,2.289105
-2.550000,-0.500000,2.344675
-2.500000,-0.500000,2.397916
-2.450000,-0.500000,2.448979
-2.400000,-0.500000,2.497999
-2.350000,-0.500000,2.545093
-2.300000,-0.500000,2.590367
-2.250000,-0.500000,2.633913
-2.200000,-0.500000,2.675818
-2.150000,-0.500000,2.716155
-2.100000,-0.500000,2.754995
-2.050000,-0.500000,2.792400
-2.000000,-0.500000,2.828427
-1.950000,-0.500000,2.863128
-1.900000,-0.500000,2.896550
-1.850000,-0.500000,2.928737
-1.800000,-0.500000,2.959730
-1.750000,-0.500000,2.989565
-1.700000,-0.500000,3.018278
-1.650000,-0.500000,3.045899
-1.600000,-0.500000,3.072458
-1.550000,-0.500000,3.097983
-1.500000,-0.500000,3.122499
-1.450000,-0.500000,3.146029
-1.400000,-0.500000,3.168596
-1.350000,-0.500000,3.190219
-1.300000,-0.500000,3.210919
-1.250000,-0.500000,3.230712
-1.200000,-0.500000,3.249615
-1.150000,-0.500000,3.267644
-1.100000,-0.500000,3.284814
-1.050000,-0.500000,3.301136
-1.000000,-0.500000,3.316625
-0.950000,-0.500000,3.331291
-0.900000,-0.500000,3.345146
-0.850000,-0.500000,3.358199
-0.800000,-0.500000,3.370460
-0.750000,-0.500000,3.381937
-0.700000,-0.500000,3.392639
-0.650000,-0.500000,3.402573
-0.600000,-0.500000,3.411744
-0.550000,-0.500000,3.420161
-0.500000,-0.500000,3.427827
-0.450000,-0.500000,3.434749
-0.400000,-0.500000,3.440930
-0.350000,-0.500000,3.446375
-0.300000,-0.500000,3.451087
-0.250000,-0.500000,3.455069
-0.200000,-0.500000,3.458323
-0.150000,-0.500000,3.460852
-0.100000,-0.500000,3.462658
-0.050000,-0.500000,3.463741
-0.000000,-0.500000,3.464102
0.050000,-0.500000,3.463741
0.100000,-0.500000,3.462658
0.150000,-0.500000,3.460852
0.200000,-0.500000,3.458323
0.250000,-0.500000,3.455069
0.300000,-0.500000,3.451087
0.350000,-0.500000,3.446375
0.400000,-0.500000,3.440930
0.450000,-0.500000,3.434749
0.500000,-0.500000,3.427827
0.550000,-0.500000,3.420161
0.600000,-0.500000,3.411744
0.650000,-0.500000,3.402573
0.700000,-0.500000,3.392639
0.750000,-0.500000,3.381937
0.800000,-0.500000,3.370460
0.850000,-0.500000,3.358199
0.900000,-0.500000,3.345146
0.950000,-0.500000,3.331291
1.000000,-0.500000,3.316625
1.050000,-0.500000,3.301136
1.100000,-0.500000,3.284814
1.150000,-0.500000,3.267644
1.200000,-0.500000,3.249615
1.250000,-0.500000,3.230712
1.300000,-0.500000,3.210919
1.350000,-0.500000,3.190219
1.400000,-0.500000,3.168596
1.450000,-0.500000,3.146029
1.500000,-0.500000,3.122499
1.550000,-0.500000,3.097983
1.600000,-0.500000,3.072458
1.650000,-0.500000,3.045899
1.700000,-0.500000,3.018278
1.750000,-0.500000,2.989565
1.800000,-0.500000,2.959730
1.850000,-0.500000,2.928737
1.900000,-0.500000,2.896550
1.950000,-0.500000,2.863128
2.000000,-0.500000,2.828427
2.050000,-0.500000,2.792400
2.100000,-0.500000,2.754995
2.150000,-0.500000,2.716155
2.200000,-0.500000,2.675818
2.250000,-0.500000,2.633913
2.300000,-0.500000,2.590367
2.350000,-0.500000,2.545093
2.400000,-0.500000,2.497999
2.450000,-0.500000,2.448979
2.500000,-0.500000,2.397916
2.550000,-0.500000,2.344675
2.600000,-0.500000,2.289105
2.650000,-0.500000,2.231031
2.700000,-0.500000,2.170253
2.750000,-0.500000,2.106537
2.800000,-0.500000,2.039608
2.850000,-0.500000,1.969137
2.900000,-0.500000,1.894730
2.950000,-0.500000,1.815902
3.000000,-0.500000,1.732051
3.050000,-0.500000,1.642407
3.100000,-0.500000,1.545962
3.150000,-0.500000,1.441354
3.200000,-0.500000,1.326650
3.250000,-0.500000,1.198958
3.300000,-0.500000,1.053565
3.350000,-0.500000,0.881760
3.400000,-0.500000,0.663325
3.450000,-0.500000,
3.500000,-0.500000,
-3.500000,-0.450000,
-3.450000,-0.450000,
-3.400000,-0.450000,0.698212
-3.350000,-0.450000,0.908295
-3.300000,-0.450000,1.075872
-3.250000,-0.450000,1.218606
-3.200000,-0.450000,1.344433
-3.150000,-0.450000,1.457738
-3.100000,-0.450000,1.561249
-3.050000,-0.450000,1.656804
-3.000000,-0.450000,1.745709
-2.950000,-0.450000,1.828934
-2.900000,-0.450000,1.907223
-2.850000,-0.450000,1.981161
-2.800000,-0.450000,2.051219
-2.750000,-0.450000,2.117782
-2.700000,-0.450000,2.181169
-2.650000,-0.450000,2.241651
-2.600000,-0.450000,2.299456
-2.550000,-0.450000,2.354782
-2.500000,-0.450000,2.407800
-2.450000,-0.450000,2.458658
-2.400000,-0.450000,2.507489
-2.350000,-0.450000,2.554408
-2.300000,-0.450000,2.599519
-2.250000,-0.450000,2.642915
-2.200000,-0.450000,2.684679
-2.150000,-0.450000,2.724885
-2.100000,-0.450000,2.763603
-2.050000,-0.450000,2.800893
-2.000000,-0.450000,2.836812
-1.950000,-0.450000,2.871411
-1.900000,-0.450000,2.904738
-1.850000,-0.450000,2.936835
-1.800000,-0.450000,2.967743
-1.750000,-0.450000,2.997499
-1.700000,-0.450000,3.026136
-1.650000,-0.450000,3.053686
-1.600000,-0.450000,3.080179
-1.550000,-0.450000,3.105640
-1.500000,-0.450000,3.130096
-1.450000,-0.450000,3.153569
-1.400000,-0.450000,3.176082
-1.350000,-0.450000,3.197655
-1.300000,-0.450000,3.218307
-1.250000,-0.450000,3.238055
-1.200000,-0.450000,3.256916
-1.150000,-0.450000,3.274905
-1.100000,-0.450000,3.292036
-1.050000,-0.450000,3.308323
-1.000000,-0.450000,3.323778
-0.950000,-0.450000,3.338413
-0.900000,-0.450000,3.352238
-0.850000,-0.450000,3.365264
-0.800000,-0.450000,3.377499
-0.750000,-0.450000,3.388953
-0.700000,-0.450000,3.399632
-0.650000,-0.450000,3.409545
-0.600000,-0.450000,3.418699
-0.550000,-0.450000,3.427098
-0.500000,-0.450000,3.434749
-0.450000,-0.450000,3.441657
-0.400000,-0.450000,3.447825
-0.350000,-0.450000,3.453259
-0.300000,-0.450000,3.457962
-0.250000,-0.450000,3.461936
-0.200000,-0.450000,3.465184
-0.150000,-0.450000,3.467708
-0.100000,-0.450000,3.469510
-0.050000,-0.450000,3.470591
-0.000000,-0.450000,3.470951
0.050000,-0.450000,3.470591
0.100000,-0.450000,3.469510
0.150000,-0.450000,3.467708
0.200000,-0.450000,3.465184
0.250000,-0.450000,3.461936
0.300000,-0.450000,3.457962
0.350000,-0.450000,3.453259
0.400000,-0.450000,3.447825
0.450000,-0.450000,3.441657
0.500000,-0.450000,3.434749
0.550000,-0.450000,3.427098
0.600000,-0.450000,3.418699
0.650000,-0.450000,3.409545
0.700000,-0.450000,3.399632
0.750000,-0.450000,3.388953
0.800000,-0.450000,3.377499
0.850000,-0.450000,3.365264
0.900000,-0.450000,3.352238
0.950000,-0.450000,3.338413
1.000000,-0.450000,3.323778
1.050000,-0.450000,3.308323
1.100000,-0.450000,3.292036
1.150000,-0.450000,3.274905
1.200000,-0.450000,3.256916
1.250000,-0.450000,3.238055
1.300000,-0.450000,3.218307
1.350000,-0.450000,3.197655
1.400000,-0.450000,3.176082
1.450000,-0.450000,3.153569
1.500000,-0.450000,3.130096
1.550000,-0.450000,3.105640
1.600000,-0.450000,3.080179
1.650000,-0.450000,3.053686
1.700000,-0.450000,3.026136
1.750000,-0.450000,2.997499
1.800000,-0.450000,2.967743
1.850000,-0.450000,2.936835
1.900000,-0.450000,2.904738
1.950000,-0.450000,2.871411
2.000000,-0.450000,2.836812
2.050000,-0.450000,2.800893
2.100000,-0.450000,2.763603
2.150000,-0.450000,2.724885
2.200000,-0.450000,2.684679
2.250000,-0.450000,2.642915
2.300000,-0.450000,2.599519
2.350000,-0.450000,2.554408
2.400000,-0.450000,2.507489
2.450000,-0.450000,2.458658
2.500000,-0.450000,2.407800
2.550000,-0.450000,2.354782
2.600000,-0.450000,2.299456
2.650000,-0.450000,2.241651
2.700000,-0.450000,2.181169
2.750000,-0.450000,2.117782
2.800000,-0.450000,2.051219
2.850000,-0.450000,1.981161
2.900000,-0.450000,1.907223
2.950000,-0.450000,1.828934
3.000000,-0.450000,1.745709
3.050000,-0.450000,1.656804
3.100000,-0.450000,1.561249
3.150000,-0.450000,1.457738
3.200000,-0.450000,1.344433
3.250000,-0.450000,1.218606
3.300000,-0.450000,1.075872
3.350000,-0.450000,0.908295
3.400000,-0.450000,0.698212
3.450000,-0.450000,
3.500000,-0.450000,
-3.500000,-0.400000,
-3.450000,-0.400000,
-3.400000,-0.400000,0.728011
-3.350000,-0.400000,0.931397
-3.300000,-0.400000,1.095445
-3.250000,-0.400000,1.235921
-3.200000,-0.400000,1.360147
-3.150000,-0.400000,1.472243
-3.100000,-0.400000,1.574802
-3.050000,-0.400000,1.669581
-3.000000,-0.400000,1.757840
-2.950000,-0.400000,1.840516
-2.900000,-0.400000,1.918333
-2.850000,-0.400000,1.991858
-2.800000,-0.400000,2.061553
-2.750000,-0.400000,2.127792
-2.700000,-0.400000,2.190890
-2.650000,-0.400000,2.251111
-2.600000,-0.400000,2.308679
-2.550000,-0.400000,2.363789
-2.500000,-0.400000,2.416609
-2.450000,-0.400000,2.467286
-2.400000,-0.400000,2.515949
-2.350000,-0.400000,2.562713
-2.300000,-0.400000,2.607681
-2.250000,-0.400000,2.650943
-2.200000,-0.400000,2.692582
-2.150000,-0.400000,2.732673
-2.100000,-0.400000,2.771281
-2.050000,-0.400000,2.808469
-2.000000,-0.400000,2.844293
-1.950000,-0.400000,2.878802
-1.900000,-0.400000,2.912044
-1.850000,-0.400000,2.944062
-1.800000,-0.400000,2.974895
-1.750000,-0.400000,3.004580
-1.700000,-0.400000,3.033150
-1.650000,-0.400000,3.060637
-1.600000,-0.400000,3.087070
-1.550000,-0.400000,3.112475
-1.500000,-0.400000,3.136877
-1.450000,-0.400000,3.160301
-1.400000,-0.400000,3.182766
-1.350000,-0.400000,3.204294
-1.300000,-0.400000,3.224903
-1.250000,-0.400000,3.244611
-1.200000,-0.400000,3.263434
-1.150000,-0.400000,3.281387
-1.100000,-0.400000,3.298485
-1.050000,-0.400000,3.314740
-1.000000,-0.400000,3.330165
-0.950000,-0.400000,3.344772
-0.900000,-0.400000,3.358571
-0.850000,-0.400000,3.371572
-0.800000,-0.400000,3.383785
-0.750000,-0.400000,3.395217
-0.700000,-0.400000,3.405877
-0.650000,-0.400000,3.415772
-0.600000,-0.400000,3.424909
-0.550000,-0.400000,3.433293
-0.500000,-0.400000,3.440930
-0.450000,-0.400000,3.447825
-0.400000,-0.400000,3.453983
-0.350000,-0.400000,3.459407
-0.300000,-0.400000,3.464102
-0.250000,-0.400000,3.468069
-0.200000,-0.400000,3.471311
-0.150000,-0.400000,3.473831
-0.100000,-0.400000,3.475629
-0.050000,-0.400000,3.476708
-0.000000,-0.400000,3.477068
0.050000,-0.400000,3.476708
0.100000,-0.400000,3.475629
0.150000,-0.400000,3.473831
0.200000,-0.400000,3.471311
0.250000,-0.400000,3.468069
0.300000,-0.400000,3.464102
0.350000,-0.400000,3.459407
0.400000,-0.400000,3.453983
0.450000,-0.400000,3.447825
0.500000,-0.400000,3.440930
0.550000,-0.400000,3.433293
0.600000,-0.400000,3.424909
0.650000,-0.400000,3.415772
0.700000,-0.400000,3.405877
0.750000,-0.400000,3.395217
0.800000,-0.400000,3.383785
0.850000,-0.400000,3.371572
0.900000,-0.400000,3.358571
0.950000,-0.400000,3.344772
1.000000,-0.400000,3.330165
1.050000,-0.400000,3.314740
1.100000,-0.400000,3.298485
1.150000,-0.400000,3.281387
1.200000,-0.400000,3.263434
1.250000,-0.400000,3.244611
1.300000,-0.400000,3.224903
1.350000,-0.400000,3.204294
1.400000,-0.400000,3.182766
1.450000,-0.400000,3.160301
1.500000,-0.400000,3.136877
1.550000,-0.400000,3.112475
1.600000,-0.400000,3.087070
1.650000,-0.400000,3.060637
1.700000,-0.400000,3.033150
1.750000,-0.400000,3.004580
1.800000,-0.400000,2.974895
1.850000,-0.400000,2.944062
1.900000,-0.400000,2.912044
1.950000,-0.400000,2.878802
2.000000,-0.400000,2.844293
2.050000,-0.400000,2.808469
2.100000,-0.400000,2.771281
2.150000,-0.400000,2.732673
2.200000,-0.400000,2.692582
2.250000,-0.400000,2.650943
2.300000,-0.400000,2.607681
2.350000,-0.400000,2.562713
2.400000,-0.400000,2.515949
2.450000,-0.400000,2.467286
2.500000,-0.400000,2.416609
2.550000,-0.400000,2.363789
2.600000,-0.400000,2.308679
2.650000,-0.400000,2.251111
2.700000,-0.400000,2.190890
2.750000,-0.400000,2.127792
2.800000,-0.400000,2.061553
2.850000,-0.400000,1.991858
2.900000,-0.400000,1.918333
2.950000,-0.400000,1.840516
3.000000,-0.400000,1.757840
3.050000,-0.400000,1.669581
3.100000,-0.400000,1.574802
3.150000,-0.400000,1.472243
3.200000,-0.400000,1.360147
3.250000,-0.400000,1.235921
3.300000,-0.400000,1.095445
3.350000,-0.400000,0.931397
3.400000,-0.400000,0.728011
3.450000,-0.400000,
3.500000,-0.400000,
-3.500000,-0.350000,
-3.450000,-0.350000,0.474342
-3.400000,-0.350000,0.753326
-3.350000,-0.350000,0.951315
-3.300000,-0.350000,1.112430
-3.250000,-0.350000,1.251000
-3.200000,-0.350000,1.373863
-3.150000,-0.350000,1.484924
-3.100000,-0.350000,1.586663
-3.050000,-0.350000,1.680774
-3.000000,-0.350000,1.768474
-2.950000,-0.350000,1.850676
-2.900000,-0.350000,1.928082
-2.850000,-0.350000,2.001250
-2.800000,-0.350000,2.070628
-2.750000,-0.350000,2.136586
-2.700000,-0.350000,2.199432
-2.650000,-0.350000,2.259425
-2.600000,-0.350000,2.316787
-2.550000,-0.350000,2.371708
-2.500000,-0.350000,2.424356
-2.450000,-0.350000,2.474874
-2.400000,-0.350000,2.523391
-2.350000,-0.350000,2.570019
-2.300000,-0.350000,2.614861
-2.250000,-0.350000,2.658007
-2.200000,-0.350000,2.699537
-2.150000,-0.350000,2.739526
-2.100000,-0.350000,2.778039
-2.050000,-0.350000,2.815138
-2.000000,-0.350000,2.850877
-1.950000,-0.350000,2.885308
-1.900000,-0.350000,2.918476
-1.850000,-0.350000,2.950424
-1.800000,-0.350000,2.981191
-1.750000,-0.350000,3.010814
-1.700000,-0.350000,3.039326
-1.650000,-0.350000,3.066757
-1.600000,-0.350000,3.093138
-1.550000,-0.350000,3.118493
-1.500000,-0.350000,3.142849
-1.450000,-0.350000,3.166228
-1.400000,-0.350000,3.188652
-1.350000,-0.350000,3.210140
-1.300000,-0.350000,3.230712
-1.250000,-0.350000,3.250385
-1.200000,-0.350000,3.269174
-1.150000,-0.350000,3.287096
-1.100000,-0.350000,3.304164
-1.050000,-0.350000,3.320392
-1.000000,-0.350000,3.335791
-0.950000,-0.350000,3.350373
-0.900000,-0.350000,3.364149
-0.850000,-0.350000,3.377129
-0.800000,-0.350000,3.389321
-0.750000,-0.350000,3.400735
-0.700000,-0.350000,3.411378
-0.650000,-0.350000,3.421257
-0.600000,-0.350000,3.430379
-0.550000,-0.350000,3.438750
-0.500000,-0.350000,3.446375
-0.450000,-0.350000,3.453259
-0.400000,-0.350000,3.459407
-0.350000,-0.350000,3.464823
-0.300000,-0.350000,3.469510
-0.250000,-0.350000,3.473471
-0.200000,-0.350000,3.476708
-0.150000,-0.350000,3.479224
-0.100000,-0.350000,3.481020
-0.050000,-0.350000,3.482097
-0.000000,-0.350000,3.482456
0.050000,-0.350000,3.482097
0.100000,-0.350000,3.481020
0.150000,-0.350000,3.479224
0.200000,-0.350000,3.476708
0.250000,-0.350000,3.473471
0.300000,-0.350000,3.469510
0.350000,-0.350000,3.464823
0.400000,-0.350000,3.459407
0.450000,-0.350000,3.453259
0.500000,-0.350000,3.446375
0.550000,-0.350000,3.438750
0.600000,-0.350000,3.430379
0.650000,-0.350000,3.421257
0.700000,-0.350000,3.411378
0.750000,-0.350000,3.400735
0.800000,-0.350000,3.389321
0.850000,-0.350000,3.377129
0.900000,-0.350000,3.364149
0.950000,-0.350000,3.350373
1.000000,-0.350000,3.335791
1.050000,-0.350000,3.320392
1.100000,-0.350000,3.304164
1.150000,-0.350000,3.287096
1.200000,-0.350000,3.269174
1.250000,-0.350000,3.250385
1.300000,-0.350000,3.230712
1.350000,-0.350000,3.210140
1.400000,-0.350000,3.188652
1.450000,-0.350000,3.166228
1.500000,-0.350000,3.142849
1.550000,-0.350000,3.118493
1.600000,-0.350000,3.093138
1.650000,-0.350000,3.066757
1.700000,-0.350000,3.039326
1.750000,-0.350000,3.010814
1.800000,-0.350000,2.981191
1.850000,-0.350000,2.950424
1.900000,-0.350000,2.918476
1.950000,-0.350000,2.885308
2.000000,-0.350000,2.850877
2.050000,-0.350000,2.815138
2.100000,-0.350000,2.778039
2.150000,-0.350000,2.739526
2.200000,-0.350000,2.699537
2.250000,-0.350000,2.658007
2.300000,-0.350000,2.614861
2.350000,-0.350000,2.570019
2.400000,-0.350000,2.523391
2.450000,-0.350000,2.474874
2.500000,-0.350000,2.424356
2.550000,-0.350000,2.371708
2.600000,-0.350000,2.316787
2.650000,-0.350000,2.259425
2.700000,-0.350000,2.199432
2.750000,-0.350000,2.136586
2.800000,-0.350000,2.070628
2.850000,-0.350000,2.001250
2.900000,-0.350000,1.928082
2.950000,-0.350000,1.850676
3.000000,-0.350000,1.768474
3.050000,-0.350000,1.680774
3.100000,-0.350000,1.586663
3.150000,-0.350000,1.484924
3.200000,-0.350000,1.373863
3.250000,-0.350000,1.251000
3.300000,-0.350000,1.112430
3.350000,-0.350000,0.951315
3.400000,-0.350000,0.753326
3.450000,-0.350000,0.474342
3.500000,-0.350000,
-3.500000,-0.300000,
-3.450000,-0.300000,0.507445
-3.400000,-0.300000,0.774597
-3.350000,-0.300000,0.968246
-3.300000,-0.300000,1.126943
-3.250000,-0.300000,1.263922
-3.200000,-0.300000,1.385641
-3.150000,-0.300000,1.495828
-3.100000,-0.300000,1.596872
-3.050000,-0.300000,1.690414
-3.000000,-0.300000,1.777639
-2.950000,-0.300000,1.859435
-2.900000,-0.300000,1.936492
-2.850000,-0.300000,2.009353
-2.800000,-0.300000,2.078461
-2.750000,-0.300000,2.144178
-2.700000,-0.300000,2.206808
-2.650000,-0.300000,2.266605
-2.600000,-0.300000,2.323790
-2.550000,-0.300000,2.378550
-2.500000,-0.300000,2.431049
-2.450000,-0.300000,2.481431
-2.400000,-0.300000,2.529822
-2.350000,-0.300000,2.576335
-2.300000,-0.300000,2.621068
-2.250000,-0.300000,2.664113
-2.200000,-0.300000,2.705550
-2.150000,-0.300000,2.745451
-2.100000,-0.300000,2.783882
-2.050000,-0.300000,2.820904
-2.000000,-0.300000,2.856571
-1.950000,-0.300000,2.890934
-1.900000,-0.300000,2.924038
-1.850000,-0.300000,2.955926
-1.800000,-0.300000,2.986637
-1.750000,-0.300000,3.016206
-1.700000,-0.300000,3.044667
-1.650000,-0.300000,3.072051
-1.600000,-0.300000,3.098387
-1.550000,-0.300000,3.123700
-1.500000,-0.300000,3.148015
-1.450000,-0.300000,3.171356
-1.400000,-0.300000,3.193744
-1.350000,-0.300000,3.215198
-1.300000,-0.300000,3.235738
-1.250000,-0.300000,3.255380
-1.200000,-0.300000,3.274141
-1.150000,-0.300000,3.292036
-1.100000,-0.300000,3.309078
-1.050000,-0.300000,3.325282
-1.000000,-0.300000,3.340659
-0.950000,-0.300000,3.355220
-0.900000,-0.300000,3.368976
-0.850000,-0.300000,3.381937
-0.800000,-0.300000,3.394113
-0.750000,-0.300000,3.405510
-0.700000,-0.300000,3.416138
-0.650000,-0.300000,3.426004
-0.600000,-0.300000,3.435113
-0.550000,-0.300000,3.443472
-0.500000,-0.300000,3.451087
-0.450000,-0.300000,3.457962
-0.400000,-0.300000,3.464102
-0.350000,-0.300000,3.469510
-0.300000,-0.300000,3.474191
-0.250000,-0.300000,3.478146
-0.200000,-0.300000,3.481379
-0.150000,-0.300000,3.483892
-0.100000,-0.300000,3.485685
-0.050000,-0.300000,3.486761
-0.000000,-0.300000,3.487119
0.050000,-0.300000,3.486761
0.100000,-0.300000,3.485685
0.150000,-0.300000,3.483892
0.200000,-0.300000,3.481379
0.250000,-0.300000,3.478146
0.300000,-0.300000,3.474191
0.350000,-0.300000,3.469510
0.400000,-0.300000,3.464102
0.450000,-0.300000,3.457962
0.500000,-0.300000,3.451087
0.550000,-0.300000,3.443472
0.600000,-0.300000,3.435113
0.650000,-0.300000,3.426004
0.700000,-0.300000,3.416138
0.750000,-0.300000,3.405510
0.800000,-0.300000,3.394113
0.850000,-0.300000,3.381937
0.900000,-0.300000,3.368976
0.950000,-0.300000,3.355220
1.000000,-0.300000,3.340659
1.050000,-0.300000,3.325282
1.100000,-0.300000,3.309078
1.150000,-0.300000,3.292036
1.200000,-0.300000,3.274141
1.250000,-0.300000,3.255380
1.300000,-0.300000,3.235738
1.350000,-0.300000,3.215198
1.400000,-0.300000,3.193744
1.450000,-0.300000,3.171356
1.500000,-0.300000,3.148015
1.550000,-0.300000,3.123700
1.600000,-0.300000,3.098387
1.650000,-0.300000,3.072051
1.700000,-0.300000,3.044667
1.750000,-0.300000,3.016206
1.800000,-0.300000,2.986637
1.850000,-0.300000,2.955926
1.900000,-0.300000,2.924038
1.950000,-0.300000,2.890934
2.000000,-0.300000,2.856571
2.050000,-0.300000,2.820904
2.100000,-0.300000,2.783882
2.150000,-0.300000,2.745451
2.200000,-0.300000,2.705550
2.250000,-0.300000,2.664113
2.300000,-0.300000,2.621068
2.350000,-0.300000,2.576335
2.400000,-0.300000,2.529822
2.450000,-0.300000,2.481431
2.500000,-0.300000,2.431049
2.550000,-0.300000,2.378550
2.600000,-0.300000,2.323790
2.650000,-0.300000,2.266605
2.700000,-0.300000,2.206808
2.750000,-0.300000,2.144178
2.800000,-0.300000,2.078461
2.850000,-0.300000,2.009353
2.900000,-0.300000,1.936492
2.950000,-0.300000,1.859435
3.000000,-0.300000,1.777639
3.050000,-0.300000,1.690414
3.100000,-0.300000,1.596872
3.150000,-0.300000,1.495828
3.200000,-0.300000,1.385641
3.250000,-0.300000,1.263922
3.300000,-0.300000,1.126943
3.350000,-0.300000,0.968246
3.400000,-0.300000,0.774597
3.450000,-0.300000,0.507445
3.500000,-0.300000,
-3.500000,-0.250000,
-3.450000,-0.250000,0.533854
-3.400000,-0.250000,0.792149
-3.350000,-0.250000,0.982344
-3.300000,-0.250000,1.139079
-3.250000,-0.250000,1.274755
-3.200000,-0.250000,1.395529
-3.150000,-0.250000,1.504992
-3.100000,-0.250000,1.605459
-3.050000,-0.250000,1.698529
-3.000000,-0.250000,1.785357
-2.950000,-0.250000,1.866815
-2.900000,-0.250000,1.943579
-2.850000,-0.250000,2.016185
-2.800000,-0.250000,2.085066
-2.750000,-0.250000,2.150581
-2.700000,-0.250000,2.213030
-2.650000,-0.250000,2.272664
-2.600000,-0.250000,2.329700
-2.550000,-0.250000,2.384324
-2.500000,-0.250000,2.436699
-2.450000,-0.250000,2.486966
-2.400000,-0.250000,2.535251
-2.350000,-0.250000,2.581666
-2.300000,-0.250000,2.626309
-2.250000,-0.250000,2.669270
-2.200000,-0.250000,2.710627
-2.150000,-0.250000,2.750455
-2.100000,-0.250000,2.788817
-2.050000,-0.250000,2.825774
-2.000000,-0.250000,2.861381
-1.950000,-0.250000,2.895686
-1.900000,-0.250000,2.928737
-1.850000,-0.250000,2.960574
-1.800000,-0.250000,2.991237
-1.750000,-0.250000,3.020761
-1.700000,-0.250000,3.049180
-1.650000,-0.250000,3.076524
-1.600000,-0.250000,3.102821
-1.550000,-0.250000,3.128098
-1.500000,-0.250000,3.152380
-1.450000,-0.250000,3.175689
-1.400000,-0.250000,3.198046
-1.350000,-0.250000,3.219472
-1.300000,-0.250000,3.239985
-1.250000,-0.250000,3.259601
-1.200000,-0.250000,3.278338
-1.150000,-0.250000,3.296210
-1.100000,-0.250000,3.313231
-1.050000,-0.250000,3.329414
-1.000000,-0.250000,3.344772
-0.950000,-0.250000,3.359315
-0.900000,-0.250000,3.373055
-0.850000,-0.250000,3.386001
-0.800000,-0.250000,3.398161
-0.750000,-0.250000,3.409545
-0.700000,-0.250000,3.420161
-0.650000,-0.250000,3.430015
-0.600000,-0.250000,3.439113
-0.550000,-0.250000,3.447463
-0.500000,-0.250000,3.455069
-0.450000,-0.250000,3.461936
-0.400000,-0.250000,3.468069
-0.350000,-0.250000,3.473471
-0.300000,-0.250000,3.478146
-0.250000,-0.250000,3.482097
-0.200000,-0.250000,3.485326
-0.150000,-0.250000,3.487836
-0.100000,-0.250000,3.489627
-0.050000,-0.250000,3.490702
-0.000000,-0.250000,3.491060
0.050000,-0.250000,3.490702
0.100000,-0.250000,3.489627
0.150000,-0.250000,3.487836
0.200000,-0.250000,3.485326
0.250000,-0.250000,3.482097
0.300000,-0.250000,3.478146
0.350000,-0.250000,3.473471
0.400000,-0.250000,3.468069
0.450000,-0.250000,3.461936
0.500000,-0.250000,3.455069
0.550000,-0.250000,3.447463
0.600000,-0.250000,3.439113
0.650000,-0.250000,3.430015
0.700000,-0.250000,3.420161
0.750000,-0.250000,3.409545
0.800000,-0.250000,3.398161
0.850000,-0.250000,3.386001
0.900000,-0.250000,3.373055
0.950000,-0.250000,3.359315
1.000000,-0.250000,3.344772
1.050000,-0.250000,3.329414
1.100000,-0.250000,3.313231
1.150000,-0.250000,3.296210
1.200000,-0.250000,3.278338
1.250000,-0.250000,3.259601
1.300000,-0.250000,3.239985
1.350000,-0.250000,3.219472
1.400000,-0.250000,3.198046
1.450000,-0.250000,3.175689
1.500000,-0.250000,3.152380
1.550000,-0.250000,3.128098
1.600000,-0.250000,3.102821
1.650000,-0.250000,3.076524
1.700000,-0.250000,3.049180
1.750000,-0.250000,3.020761
1.800000,-0.250000,2.991237
1.850000,-0.250000,2.960574
1.900000,-0.250000,2.928737
1.950000,-0.250000,2.895686
2.000000,-0.250000,2.861381
2.050000,-0.250000,2.825774
2.100000,-0.250000,2.788817
2.150000,-0.250000,2.750455
2.200000,-0.250000,2.710627
2.250000,-0.250000,2.669270
2.300000,-0.250000,2.626309
2.350000,-0.250000,2.581666
2.400000,-0.250000,2.535251
2.450000,-0.250000,2.486966
2.500000,-0.250000,2.436699
2.550000,-0.250000,2.384324
2.600000,-0.250000,2.329700
2.650000,-0.250000,2.272664
2.700000,-0.250000,2.213030
2.750000,-0.250000,2.150581
2.800000,-0.250000,2.085066
2.850000,-0.250000,2.016185
2.900000,-0.250000,1.943579
2.950000,-0.250000,1.866815
3.000000,-0.250000,1.785357
3.050000,-0.250000,1.698529
3.100000,-0.250000,1.605459
3.150000,-0.250000,1.504992
3.200000,-0.250000,1.395529
3.250000,-0.250000,1.274755
3.300000,-0.250000,1.139079
3.350000,-0.250000,0.982344
3.400000,-0.250000,0.792149
3.450000,-0.250000,0.533854
3.500000,-0.250000,
-3.500000,-0.200000,
-3.450000,-0.200000,0.554527
-3.400000,-0.200000,0.806226
-3.350000,-0.200000,0.993730
-3.300000,-0.200000,1.148913
-3.250000,-0.200000,1.283550
-3.200000,-0.200000,1.403567
-3.150000,-0.200000,1.512448
-3.100000,-0.200000,1.612452
-3.050000,-0.200000,1.705139
-3.000000,-0.200000,1.791647
-2.950000,-0.200000,1.872832
-2.900000,-0.200000,1.949359
-2.850000,-0.200000,2.021757
-2.800000,-0.200000,2.090454
-2.750000,-0.200000,2.155806
-2.700000,-0.200000,2.218107
-2.650000,-0.200000,2.277608
-2.600000,-0.200000,2.334524
-2.550000,-0.200000,2.389037
-2.500000,-0.200000,2.441311
-2.450000,-0.200000,2.491486
-2.400000,-0.200000,2.539685
-2.350000,-0.200000,2.586020
-2.300000,-0.200000,2.630589
-2.250000,-0.200000,2.673481
-2.200000,-0.200000,2.714774
-2.150000,-0.200000,2.754542
-2.100000,-0.200000,2.792848
-2.050000,-0.200000,2.829753
-2.000000,-0.200000,2.865310
-1.950000,-0.200000,2.899569
-1.900000,-0.200000,2.932576
-1.850000,-0.200000,2.964372
-1.800000,-0.200000,2.994996
-1.750000,-0.200000,3.024483
-1.700000,-0.200000,3.052868
-1.650000,-0.200000,3.080179
-1.600000,-0.200000,3.106445
-1.550000,-0.200000,3.131693
-1.500000,-0.200000,3.155947
-1.450000,-0.200000,3.179229
-1.400000,-0.200000,3.201562
-1.350000,-0.200000,3.222964
-1.300000,-0.200000,3.243455
-1.250000,-0.200000,3.263051
-1.200000,-0.200000,3.281768
-1.150000,-0.200000,3.299621
-1.100000,-0.200000,3.316625
-1.050000,-0.200000,3.332792
-1.000000,-0.200000,3.348134
-0.950000,-0.200000,3.362663
-0.900000,-0.200000,3.376389
-0.850000,-0.200000,3.389321
-0.800000,-0.200000,3.401470
-0.750000,-0.200000,3.412843
-0.700000,-0.200000,3.423449
-0.650000,-0.200000,3.433293
-0.600000,-0.200000,3.442383
-0.550000,-0.200000,3.450725
-0.500000,-0.200000,3.458323
-0.450000,-0.200000,3.465184
-0.400000,-0.200000,3.471311
-0.350000,-0.200000,3.476708
-0.300000,-0.200000,3.481379
-0.250000,-0.200000,3.485326
-0.200000,-0.200000,3.488553
-0.150000,-0.200000,3.491060
-0.100000,-0.200000,3.492850
-0.050000,-0.200000,3.493923
-0.000000,-0.200000,3.494281
0.050000,-0.200000,3.493923
0.100000,-0.200000,3.492850
0.150000,-0.200000,3.491060
0.200000,-0.200000,3.488553
0.250000,-0.200000,3.485326
0.300000,-0.200000,3.481379
0.350000,-0.200000,3.476708
0.400000,-0.200000,3.471311
0.450000,-0.200000,3.465184
0.500000,-0.200000,3.458323
0.550000,-0.200000,3.450725
0.600000,-0.200000,3.442383
0.650000,-0.200000,3.433293
0.700000,-0.200000,3.423449
0.750000,-0.200000,3.412843
0.800000,-0.200000,3.401470
0.850000,-0.200000,3.389321
0.900000,-0.200000,3.376389
0.950000,-0.200000,3.362663
1.000000,-0.200000,3.348134
1.050000,-0.200000,3.332792
1.100000,-0.200000,3.316625
1.150000,-0.200000,3.299621
1.200000,-0.200000,3.281768
1.250000,-0.200000,3.263051
1.300000,-0.200000,3.243455
1.350000,-0.200000,3.222964
1.400000,-0.200000,3.201562
1.450000,-0.200000,3.179229
1.500000,-0.200000,3.155947
1.550000,-0.200000,3.131693
1.600000,-0.200000,3.106445
1.650000,-0.200000,3.080179
1.700000,-0.200000,3.052868
1.750000,-0.200000,3.024483
1.800000,-0.200000,2.994996
1.850000,-0.200000,2.964372
1.900000,-0.200000,2.932576
1.950000,-0.200000,2.899569
2.000000,-0.200000,2.865310
2.050000,-0.200000,2.829753
2.100000,-0.200000,2.792848
2.150000,-0.200000,2.754542
2.200000,-0.200000,2.714774
2.250000,-0.200000,2.673481
2.300000,-0.200000,2.630589
2.350000,-0.200000,2.586020
2.400000,-0.200000,2.539685
2.450000,-0.200000,2.491486
2.500000,-0.200000,2.441311
2.550000,-0.200000,2.389037
2.600000,-0.200000,2.334524
2.650000,-0.200000,2.277608
2.700000,-0.200000,2.218107
2.750000,-0.200000,2.155806
2.800000,-0.200000,2.090454
2.850000,-0.200000,2.021757
2.900000,-0.200000,1.949359
2.950000,-0.200000,1.872832
3.000000,-0.200000,1.791647
3.050000,-0.200000,1.705139
3.100000,-0.200000,1.612452
3.150000,-0.200000,1.512448
3.200000,-0.200000,1.403567
3.250000,-0.200000,1.283550
3.300000,-0.200000,1.148913
3.350000,-0.200000,0.993730
3.400000,-0.200000,0.806226
3.450000,-0.200000,0.554527
3.500000,-0.200000,
-3.500000,-0.150000,
-3.450000,-0.150000,0.570088
-3.400000,-0.150000,0.817007
-3.350000,-0.150000,1.002497
-3.300000,-0.150000,1.156503
-3.250000,-0.150000,1.290349
-3.200000,-0.150000,1.409787
-3.150000,-0.150000,1.518223
-3.100000,-0.150000,1.617869
-3.050000,-0.150000,1.710263
-3.000000,-0.150000,1.796524
-2.950000,-0.150000,1.877498
-2.900000,-0.150000,1.953842
-2.850000,-0.150000,2.026080
-2.800000,-0.150000,2.094636
-2.750000,-0.150000,2.159861
-2.700000,-0.150000,2.222049
-2.650000,-0.150000,2.281447
-2.600000,-0.150000,2.338269
-2.550000,-0.150000,2.392697
-2.500000,-0.150000,2.444893
-2.450000,-0.150000,2.494995
-2.400000,-0.150000,2.543128
-2.350000,-0.150000,2.589401
-2.300000,-0.150000,2.633913
-2.250000,-0.150000,2.676752
-2.200000,-0.150000,2.717996
-2.150000,-0.150000,2.757716
-2.100000,-0.150000,2.795979
-2.050000,-0.150000,2.832843
-2.000000,-0.150000,2.868362
-1.950000,-0.150000,2.902585
-1.900000,-0.150000,2.935558
-1.850000,-0.150000,2.967322
-1.800000,-0.150000,2.997916
-1.750000,-0.150000,3.027375
-1.700000,-0.150000,3.055732
-1.650000,-0.150000,3.083018
-1.600000,-0.150000,3.109260
-1.550000,-0.150000,3.134486
-1.500000,-0.150000,3.158718
-1.450000,-0.150000,3.181981
-1.400000,-0.150000,3.204294
-1.350000,-0.150000,3.225678
-1.300000,-0.150000,3.246152
-1.250000,-0.150000,3.265731
-1.200000,-0.150000,3.284433
-1.150000,-0.150000,3.302272
-1.100000,-0.150000,3.319262
-1.050000,-0.150000,3.335416
-1.000000,-0.150000,3.350746
-0.950000,-0.150000,3.365264
-0.900000,-0.150000,3.378979
-0.850000,-0.150000,3.391902
-0.800000,-0.150000,3.404042
-0.750000,-0.150000,3.415406
-0.700000,-0.150000,3.426004
-0.650000,-0.150000,3.435841
-0.600000,-0.150000,3.444924
-0.550000,-0.150000,3.453259
-0.500000,-0.150000,3.460852
-0.450000,-0.150000,3.467708
-0.400000,-0.150000,3.473831
-0.350000,-0.150000,3.479224
-0.300000,-0.150000,3.483892
-0.250000,-0.150000,3.487836
-0.200000,-0.150000,3.491060
-0.150000,-0.150000,3.493566
-0.100000,-0.150000,3.495354
-0.050000,-0.150000,3.496427
-0.000000,-0.150000,3.496784
0.050000,-0.150000,3.496427
0.100000,-0.150000,3.495354
0.150000,-0.150000,3.493566
0.200000,-0.150000,3.491060
0.250000,-0.150000,3.487836
0.300000,-0.150000,3.483892
0.350000,-0.150000,3.479224
0.400000,-0.150000,3.473831
0.450000,-0.150000,3.467708
0.500000,-0.150000,3.460852
0.550000,-0.150000,3.453259
0.600000,-0.150000,3.444924
0.650000,-0.150000,3.435841
0.700000,-0.150000,3.426004
0.750000,-0.150000,3.415406
0.800000,-0.150000,3.404042
0.850000,-0.150000,3.391902
0.900000,-0.150000,3.378979
0.950000,-0.150000,3.365264
1.000000,-0.150000,3.350746
1.050000,-0.150000,3.335416
1.100000,-0.150000,3.319262
1.150000,-0.150000,3.302272
1.200000,-0.150000,3.284433
1.250000,-0.150000,3.265731
1.300000,-0.150000,3.246152
1.350000,-0.150000,3.225678
1.400000,-0.150000,3.204294
1.450000,-0.150000,3.181981
1.500000,-0.150000,3.158718
1.550000,-0.150000,3.134486
1.600000,-0.150000,3.109260
1.650000,-0.150000,3.083018
1.700000,-0.150000,3.055732
1.750000,-0.150000,3.027375
1.800000,-0.150000,2.997916
1.850000,-0.150000,2.967322
1.900000,-0.150000,2.935558
1.950000,-0.150000,2.902585
2.000000,-0.150000,2.868362
2.050000,-0.150000,2.832843
2.100000,-0.150000,2.795979
2.150000,-0.150000,2.757716
2.200000,-0.150000,2.717996
2.250000,-0.150000,2.676752
2.300000,-0.150000,2.633913
2.350000,-0.150000,2.589401
2.400000,-0.150000,2.543128
2.450000,-0.150000,2.494995
2.500000,-0.150000,2.444893
2.550000,-0.150000,2.392697
2.600000,-0.150000,2.338269
2.650000,-0.150000,2.281447
2.700000,-0.150000,2.222049
2.750000,-0.150000,2.159861
2.800000,-0.150000,2.094636
2.850000,-0.150000,2.026080
2.900000,-0.150000,1.953842
2.950000,-0.150000,1.877498
3.000000,-0.150000,1.796524
3.050000,-0.150000,1.710263
3.100000,-0.150000,1.617869
3.150000,-0.150000,1.518223
3.200000,-0.150000,1.409787
3.250000,-0.150000,1.290349
3.300000,-0.150000,1.156503
3.350000,-0.150000,1.002497
3.400000,-0.150000,0.817007
3.450000,-0.150000,0.570088
3.500000,-0.150000,
-3.500000,-0.100000,
-3.450000,-0.100000,0.580948
-3.400000,-0.100000,0.824621
-3.350000,-0.100000,1.008712
-3.300000,-0.100000,1.161895
-3.250000,-0.100000,1.295183
-3.200000,-0.100000,1.414214
-3.150000,-0.100000,1.522334
-3.100000,-0.100000,1.621727
-3.050000,-0.100000,1.713914
-3.000000,-0.100000,1.800000
-2.950000,-0.100000,1.880824
-2.900000,-0.100000,1.957039
-2.850000,-0.100000,2.029162
-2.800000,-0.100000,2.097618
-2.750000,-0.100000,2.162753
-2.700000,-0.100000,2.224860
-2.650000,-0.100000,2.284185
-2.600000,-0.100000,2.340940
-2.550000,-0.100000,2.395308
-2.500000,-0.100000,2.447448
-2.450000,-0.100000,2.497499
-2.400000,-0.100000,2.545584
-2.350000,-0.100000,2.591814
-2.300000,-0.100000,2.636285
-2.250000,-0.100000,2.679086
-2.200000,-0.100000,2.720294
-2.150000,-0.100000,2.759982
-2.100000,-0.100000,2.798214
-2.050000,-0.100000,2.835049
-2.000000,-0.100000,2.870540
-1.950000,-0.100000,2.904738
-1.900000,-0.100000,2.937686
-1.850000,-0.100000,2.969428
-1.800000,-0.100000,3.000000
-1.750000,-0.100000,3.029439
-1.700000,-0.100000,3.057777
-1.650000,-0.100000,3.085045
-1.600000,-0.100000,3.111270
-1.550000,-0.100000,3.136479
-1.500000,-0.100000,3.160696
-1.450000,-0.100000,3.183944
-1.400000,-0.100000,3.206244
-1.350000,-0.100000,3.227615
-1.300000,-0.100000,3.248076
-1.250000,-0.100000,3.267644
-1.200000,-0.100000,3.286335
-1.150000,-0.100000,3.304164
-1.100000,-0.100000,3.321144
-1.050000,-0.100000,3.337289
-1.000000,-0.100000,3.352611
-0.950000,-0.100000,3.367120
-0.900000,-0.100000,3.380828
-0.850000,-0.100000,3.393744
-0.800000,-0.100000,3.405877
-0.750000,-0.100000,3.417236
-0.700000,-0.100000,3.427827
-0.650000,-0.100000,3.437659
-0.600000,-0.100000,3.446738
-0.550000,-0.100000,3.455069
-0.500000,-0.100000,3.462658
-0.450000,-0.100000,3.469510
-0.400000,-0.100000,3.475629
-0.350000,-0.100000,3.481020
-0.300000,-0.100000,3.485685
-0.250000,-0.100000,3.489627
-0.200000,-0.100000,3.492850
-0.150000,-0.100000,3.495354
-0.100000,-0.100000,3.497142
-0.050000,-0.100000,3.498214
-0.000000,-0.100000,3.498571
0.050000,-0.100000,3.498214
0.100000,-0.100000,3.497142
0.150000,-0.100000,3.495354
0.200000,-0.100000,3.492850
0.250000,-0.100000,3.489627
0.300000,-0.100000,3.485685
0.350000,-0.100000,3.481020
0.400000,-0.100000,3.475629
0.450000,-0.100000,3.469510
0.500000,-0.100000,3.462658
0.550000,-0.100000,3.455069
0.600000,-0.100000,3.446738
0.650000,-0.100000,3.437659
0.700000,-0.100000,3.427827
0.750000,-0.100000,3.417236
0.800000,-0.100000,3.405877
0.850000,-0.100000,3.393744
0.900000,-0.100000,3.380828
0.950000,-0.100000,3.367120
1.000000,-0.100000,3.352611
1.050000,-0.100000,3.337289
1.100000,-0.100000,3.321144
1.150000,-0.100000,3.304164
1.200000,-0.100000,3.286335
1.250000,-0.100000,3.267644
1.300000,-0.100000,3.248076
1.350000,-0.100000,3.227615
1.400000,-0.100000,3.206244
1.450000,-0.100000,3.183944
1.500000,-0.100000,3.160696
1.550000,-0.100000,3.136479
1.600000,-0.100000,3.111270
1.650000,-0.100000,3.085045
1.700000,-0.100000,3.057777
1.750000,-0.100000,3.029439
1.800000,-0.100000,3.000000
1.850000,-0.100000,2.969428
1.900000,-0.100000,2.937686
1.950000,-0.100000,2.904738
2.000000,-0.100000,2.870540
2.050000,-0.100000,2.835049
2.100000,-0.100000,2.798214
2.150000,-0.100000,2.759982
2.200000,-0.100000,2.720294
2.250000,-0.100000,2.679086
2.300000,-0.100000,2.636285
2.350000,-0.100000,2.591814
2.400000,-0.100000,2.545584
2.450000,-0.100000,2.497499
2.500000,-0.100000,2.447448
2.550000,-0.100000,2.395308
2.600000,-0.100000,2.340940
2.650000,-0.100000,2.284185
2.700000,-0.100000,2.224860
2.750000,-0.100000,2.162753
2.800000,-0.100000,2.097618
2.850000,-0.100000,2.029162
2.900000,-0.100000,1.957039
2.950000,-0.100000,1.880824
3.000000,-0.100000,1.800000
3.050000,-0.100000,1.713914
3.100000,-0.100000,1.621727
3.150000,-0.100000,1.522334
3.200000,-0.100000,1.414214
3.250000,-0.100000,1.295183
3.300000,-0.100000,1.161895
3.350000,-0.100000,1.008712
3.400000,-0.100000,0.824621
3.450000,-0.100000,0.580948
3.500000,-0.100000,
-3.500000,-0.050000,
-3.450000,-0.050000,0.587367
-3.400000,-0.050000,0.829156
-3.350000,-0.050000,1.012423
-3.300000,-0.050000,1.165118
-3.250000,-0.050000,1.298075
-3.200000,-0.050000,1.416863
-3.150000,-0.050000,1.524795
-3.100000,-0.050000,1.624038
-3.050000,-0.050000,1.716100
-3.000000,-0.050000,1.802082
-2.950000,-0.050000,1.882817
-2.900000,-0.050000,1.958954
-2.850000,-0.050000,2.031010
-2.800000,-0.050000,2.099405
-2.750000,-0.050000,2.164486
-2.700000,-0.050000,2.226544
-2.650000,-0.050000,2.285826
-2.600000,-0.050000,2.342541
-2.550000,-0.050000,2.396873
-2.500000,-0.050000,2.448979
-2.450000,-0.050000,2.499000
-2.400000,-0.050000,2.547057
-2.350000,-0.050000,2.593260
-2.300000,-0.050000,2.637707
-2.250000,-0.050000,2.680485
-2.200000,-0.050000,2.721672
-2.150000,-0.050000,2.761340
-2.100000,-0.050000,2.799554
-2.050000,-0.050000,2.836371
-2.000000,-0.050000,2.871846
-1.950000,-0.050000,2.906028
-1.900000,-0.050000,2.938962
-1.850000,-0.050000,2.970690
-1.800000,-0.050000,3.001250
-1.750000,-0.050000,3.030676
-1.700000,-0.050000,3.059003
-1.650000,-0.050000,3.086260
-1.600000,-0.050000,3.112475
-1.550000,-0.050000,3.137674
-1.500000,-0.050000,3.161882
-1.450000,-0.050000,3.185122
-1.400000,-0.050000,3.207413
-1.350000,-0.050000,3.228777
-1.300000,-0.050000,3.249231
-1.250000,-0.050000,3.268792
-1.200000,-0.050000,3.287476
-1.150000,-0.050000,3.305299
-1.100000,-0.050000,3.322273
-1.050000,-0.050000,3.338413
-1.000000,-0.050000,3.353729
-0.950000,-0.050000,3.368234
-0.900000,-0.050000,3.381937
-0.850000,-0.050000,3.394849
-0.800000,-0.050000,3.406978
-0.750000,-0.050000,3.418333
-0.700000,-0.050000,3.428921
-0.650000,-0.050000,3.438750
-0.600000,-0.050000,3.447825
-0.550000,-0.050000,3.456154
-0.500000,-0.050000,3.463741
-0.450000,-0.050000,3.470591
-0.400000,-0.050000,3.476708
-0.350000,-0.050000,3.482097
-0.300000,-0.050000,3.486761
-0.250000,-0.050000,3.490702
-0.200000,-0.050000,3.493923
-0.150000,-0.050000,3.496427
-0.100000,-0.050000,3.498214
-0.050000,-0.050000,3.499286
-0.000000,-0.050000,3.499643
0.050000,-0.050000,3.499286
0.100000,-0.050000,3.498214
0.150000,-0.050000,3.496427
0.200000,-0.050000,3.493923
0.250000,-0.050000,3.490702
0.300000,-0.050000,3.486761
0.350000,-0.050000,3.482097
0.400000,-0.050000,3.476708
0.450000,-0.050000,3.470591
0.500000,-0.050000,3.463741
0.550000,-0.050000,3.456154
0.600000,-0.050000,3.447825
0.650000,-0.050000,3.438750
0.700000,-0.050000,3.428921
0.750000,-0.050000,3.418333
0.800000,-0.050000,3.406978
0.850000,-0.050000,3.394849
0.900000,-0.050000,3.381937
0.950000,-0.050000,3.368234
1.000000,-0.050000,3.353729
1.050000,-0.050000,3.338413
1.100000,-0.050000,3.322273
1.150000,-0.050000,3.305299
1.200000,-0.050000,3.287476
1.250000,-0.050000,3.268792
1.300000,-0.050000,3.249231
1.350000,-0.050000,3.228777
1.400000,-0.050000,3.207413
1.450000,-0.050000,3.185122
1.500000,-0.050000,3.161882
1.550000,-0.050000,3.137674
1.600000,-0.050000,3.112475
1.650000,-0.050000,3.086260
1.700000,-0.050000,3.059003
1.750000,-0.050000,3.030676
1.800000,-0.050000,3.001250
1.850000,-0.050000,2.970690
1.900000,-0.050000,2.938962
1.950000,-0.050000,2.906028
2.000000,-0.050000,2.871846
2.050000,-0.050000,2.836371
2.100000,-0.050000,2.799554
2.150000,-0.050000,2.761340
2.200000,-0.050000,2.721672
2.250000,-0.050000,2.680485
2.300000,-0.050000,2.637707
2.350000,-0.050000,2.593260
2.400000,-0.050000,2.547057
2.450000,-0.050000,2.499000
2.500000,-0.050000,2.448979
2.550000,-0.050000,2.396873
2.600000,-0.050000,2.342541
2.650000,-0.050000,2.285826
2.700000,-0.050000,2.226544
2.750000,-0.050000,2.164486
2.800000,-0.050000,2.099405
2.850000,-0.050000,2.031010
2.900000,-0.050000,1.958954
2.950000,-0.050000,1.882817
3.000000,-0.050000,1.802082
3.050000,-0.050000,1.716100
3.100000,-0.050000,1.624038
3.150000,-0.050000,1.524795
3.200000,-0.050000,1.416863
3.250000,-0.050000,1.298075
3.300000,-0.050000,1.165118
3.350000,-0.050000,1.012423
3.400000,-0.050000,0.829156
3.450000,-0.050000,0.587367
3.500000,-0.050000,
-3.500000,-0.000000,
-3.450000,-0.000000,0.589491
-3.400000,-0.000000,0.830662
-3.350000,-0.000000,1.013657
-3.300000,-0.000000,1.166190
-3.250000,-0.000000,1.299038
-3.200000,-0.000000,1.417745
-3.150000,-0.000000,1.525615
-3.100000,-0.000000,1.624808
-3.050000,-0.000000,1.716828
-3.000000,-0.000000,1.802776
-2.950000,-0.000000,1.883481
-2.900000,-0.000000,1.959592
-2.850000,-0.000000,2.031625
-2.800000,-0.000000,2.100000
-2.750000,-0.000000,2.165064
-2.700000,-0.000000,2.227106
-2.650000,-0.000000,2.286373
-2.600000,-0.000000,2.343075
-2.550000,-0.000000,2.397394
-2.500000,-0.000000,2.449490
-2.450000,-0.000000,2.499500
-2.400000,-0.000000,2.547548
-2.350000,-0.000000,2.593742
-2.300000,-0.000000,2.638181
-2.250000,-0.000000,2.680951
-2.200000,-0.000000,2.722132
-2.150000,-0.000000,2.761793
-2.100000,-0.000000,2.800000
-2.050000,-0.000000,2.836812
-2.000000,-0.000000,2.872281
-1.950000,-0.000000,2.906458
-1.900000,-0.000000,2.939388
-1.850000,-0.000000,2.971111
-1.800000,-0.000000,3.001666
-1.750000,-0.000000,3.031089
-1.700000,-0.000000,3.059412
-1.650000,-0.000000,3.086665
-1.600000,-0.000000,3.112876
-1.550000,-0.000000,3.138073
-1.500000,-0.000000,3.162278
-1.450000,-0.000000,3.185514
-1.400000,-0.000000,3.207803
-1.350000,-0.000000,3.229164
-1.300000,-0.000000,3.249615
-1.250000,-0.000000,3.269174
-1.200000,-0.000000,3.287856
-1.150000,-0.000000,3.305677
-1.100000,-0.000000,3.322650
-1.050000,-0.000000,3.338787
-1.000000,-0.000000,3.354102
-0.950000,-0.000000,3.368605
-0.900000,-0.000000,3.382307
-0.850000,-0.000000,3.395217
-0.800000,-0.000000,3.407345
-0.750000,-0.000000,3.418699
-0.700000,-0.000000,3.429286
-0.650000,-0.000000,3.439113
-0.600000,-0.000000,3.448188
-0.550000,-0.000000,3.456516
-0.500000,-0.000000,3.464102
-0.450000,-0.000000,3.470951
-0.400000,-0.000000,3.477068
-0.350000,-0.000000,3.482456
-0.300000,-0.000000,3.487119
-0.250000,-0.000000,3.491060
-0.200000,-0.000000,3.494281
-0.150000,-0.000000,3.496784
-0.100000,-0.000000,3.498571
-0.050000,-0.000000,3.499643
-0.000000,-0.000000,3.500000
0.050000,-0.000000,3.499643
0.100000,-0.000000,3.498571
0.150000,-0.000000,3.496784
0.200000,-0.000000,3.494281
0.250000,-0.000000,3.491060
0.300000,-0.000000,3.487119
0.350000,-0.000000,3.482456
0.400000,-0.000000,3.477068
0.450000,-0.000000,3.470951
0.500000,-0.000000,3.464102
0.550000,-0.000000,3.456516
0.600000,-0.000000,3.448188
0.650000,-0.000000,3.439113
0.700000,-0.000000,3.429286
0.750000,-0.000000,3.418699
0.800000,-0.000000,3.407345
0.850000,-0.000000,3.395217
0.900000,-0.000000,3.382307
0.950000,-0.000000,3.368605
1.000000,-0.000000,3.354102
1.050000,-0.000000,3.338787
1.100000,-0.000000,3.322650
1.150000,-0.000000,3.305677
1.200000,-0.000000,3.287856
1.250000,-0.000000,3.269174
1.300000,-0.000000,3.249615
1.350000,-0.000000,3.229164
1.400000,-0.000000,3.207803
1.450000,-0.000000,3.185514
1.500000,-0.000000,3.162278
1.550000,-0.000000,3.138073
1.600000,-0.000000,3.112876
1.650000,-0.000000,3.086665
1.700000,-0.000000,3.059412
1.750000,-0.000000,3.031089
1.800000,-0.000000,3.001666
1.850000,-0.000000,2.971111
1.900000,-0.000000,2.939388
1.950000,-0.000000,2.906458
2.000000,-0.000000,2.872281
2.050000,-0.000000,2.836812
2.100000,-0.000000,2.800000
2.150000,-0.000000,2.761793
2.200000,-0.000000,2.722132
2.250000,-0.000000,2.680951
2.300000,-0.000000,2.638181
2.350000,-0.000000,2.593742
2.400000,-0.000000,2.547548
2.450000,-0.000000,2.499500
2.500000,-0.000000,2.449490
2.550000,-0.000000,2.397394
2.600000,-0.000000,2.343075
2.650000,-0.000000,2.286373
2.700000,-0.000000,2.227106
2.750000,-0.000000,2.165064
2.800000,-0.000000,2.100000
2.850000,-0.000000,2.031625
2.900000,-0.000000,1.959592
2.950000,-0.000000,1.883481
3.000000,-0.000000,1.802776
3.050000,-0.000000,1.716828
3.100000,-0.000000,1.624808
3.150000,-0.000000,1.525615
3.200000,-0.000000,1.417745
3.250000,-0.000000,1.299038
3.300000,-0.000000,1.166190
3.350000,-0.000000,1.013657
3.400000,-0.000000,0.830662
3.450000,-0.000000,0.589491
3.500000,-0.000000,
-3.500000,0.050000,
-3.450000,0.050000,0.587367
-3.400000,0.050000,0.829156
-3.350000,0.050000,1.012423
-3.300000,0.050000,1.165118
-3.250000,0.050000,1.298075
-3.200000,0.050000,1.416863
-3.150000,0.050000,1.524795
-3.100000,0.050000,1.624038
-3.050000,0.050000,1.716100
-3.000000,0.050000,1.802082
-2.950000,0.050000,1.882817
-2.900000,0.050000,1.958954
-2.850000,0.050000,2.031010
-2.800000,0.050000,2.099405
-2.750000,0.050000,2.164486
-2.700000,0.050000,2.226544
-2.650000,0.050000,2.285826
-2.600000,0.050000,2.342541
-2.550000,0.050000,2.396873
-2.500000,0.050000,2.448979
-2.450000,0.050000,2.499000
-2.400000,0.050000,2.547057
-2.350000,0.050000,2.593260
-2.300000,0.050000,2.637707
-2.250000,0.050000,2.680485
-2.200000,0.050000,2.721672
-2.150000,0.050000,2.761340
-2.100000,0.050000,2.799554
-2.050000,0.050000,2.836371
-2.000000,0.050000,2.871846
-1.950000,0.050000,2.906028
-1.900000,0.050000,2.938962
-1.850000,0.050000,2.970690
-1.800000,0.050000,3.001250
-1.750000,0.050000,3.030676
-1.700000,0.050000,3.059003
-1.650000,0.050000,3.086260
-1.600000,0.050000,3.112475
-1.550000,0.050000,3.137674
-1.500000,0.050000,3.161882
-1.450000,0.050000,3.185122
-1.400000,0.050000,3.207413
-1.350000,0.050000,3.228777
-1.300000,0.050000,3.249231
-1.250000,0.050000,3.268792
-1.200000,0.050000,3.287476
-1.150000,0.050000,3.305299
-1.100000,0.050000,3.322273
-1.050000,0.050000,3.338413
-1.000000,0.050000,3.353729
-0.950000,0.050000,3.368234
-0.900000,0.050000,3.381937
-0.850000,0.050000,3.394849
-0.800000,0.050000,3.406978
-0.750000,0.050000,3.418333
-0.700000,0.050000,3.428921
-0.650000,0.050000,3.438750
-0.600000,0.050000,3.447825
-0.550000,0.050000,3.456154
-0.500000,0.050000,3.463741
-0.450000,0.050000,3.470591
-0.400000,0.050000,3.476708
-0.350000,0.050000,3.482097
-0.300000,0.050000,3.486761
-0.250000,0.050000,3.490702
-0.200000,0.050000,3.493923
-0.150000,0.050000,3.496427
-0.100000,0.050000,3.498214
-0.050000,0.050000,3.499286
-0.000000,0.050000,3.499643
0.050000,0.050000,3.499286
0.100000,0.050000,3.498214
0.150000,0.050000,3.496427
0.200000,0.050000,3.493923
0.250000,0.050000,3.490702
0.300000,0.050000,3.486761
0.350000,0.050000,3.482097
0.400000,0.050000,3.476708
0.450000,0.050000,3.470591
0.500000,0.050000,3.463741
0.550000,0.050000,3.456154
0.600000,0.050000,3.447825
0.650000,0.050000,3.438750
0.700000,0.050000,3.428921
0.750000,0.050000,3.418333
0.800000,0.050000,3.406978
0.850000,0.050000,3.394849
0.900000,0.050000,3.381937
0.950000,0.050000,3.368234
1.000000,0.050000,3.353729
1.050000,0.050000,3.338413
1.100000,0.050000,3.322273
1.150000,0.050000,3.305299
1.200000,0.050000,3.287476
1.250000,0.050000,3.268792
1.300000,0.050000,3.249231
1.350000,0.050000,3.228777
1.400000,0.050000,3.207413
1.450000,0.050000,3.185122
1.500000,0.050000,3.161882
1.550000,0.050000,3.137674
1.600000,0.050000,3.112475
1.650000,0.050000,3.086260
1.700000,0.050000,3.059003
1.750000,0.050000,3.030676
1.800000,0.050000,3.001250
1.850000,0.050000,2.970690
1.900000,0.050000,2.938962
1.950000,0.050000,2.906028
2.000000,0.050000,2.871846
2.050000,0.050000,2.836371
2.100000,0.050000,2.799554
2.150000,0.050000,2.761340
2.200000,0.050000,2.721672
2.250000,0.050000,2.680485
2.300000,0.050000,2.637707
2.350000,0.050000,2.593260
2.400000,0.050000,2.547057
2.450000,0.050000,2.499000
2.500000,0.050000,2.448979
2.550000,0.050000,2.396873
2.600000,0.050000,2.342541
2.650000,0.050000,2.285826
2.700000,0.050000,2.226544
2.750000,0.050000,2.164486
2.800000,0.050000,2.099405
2.850000,0.050000,2.031010
2.900000,0.050000,1.958954
2.950000,0.050000,1.882817
3.000000,0.050000,1.802082
3.050000,0.050000,1.716100
3.100000,0.050000,1.624038
3.150000,0.050000,1.524795
3.200000,0.050000,1.416863
3.250000,0.050000,1.298075
3.300000,0.050000,1.165118
3.350000,0.050000,1.012423
3.400000,0.050000,0.829156
3.450000,0.050000,0.587367
3.500000,0.050000,
-3.500000,0.100000,
-3.450000,0.100000,0.580948
-3.400000,0.100000,0.824621
-3.350000,0.100000,1.008712
-3.300000,0.100000,1.161895
-3.250000,0.100000,1.295183
-3.200000,0.100000,1.414214
-3.150000,0.100000,1.522334
-3.100000,0.100000,1.621727
-3.050000,0.100000,1.713914
-3.000000,0.100000,1.800000
-2.950000,0.100000,1.880824
-2.900000,0.100000,1.957039
-2.850000,0.100000,2.029162
-2.800000,0.100000,2.097618
-2.750000,0.100000,2.162753
-2.700000,0.100000,2.224860
-2.650000,0.100000,2.284185
-2.600000,0.100000,2.340940
-2.550000,0.100000,2.395308
-2.500000,0.100000,2.447448
-2.450000,0.100000,2.497499
-2.400000,0.100000,2.545584
-2.350000,0.100000,2.591814
-2.300000,0.100000,2.636285
-2.250000,0.100000,2.679086
-2.200000,0.100000,2.720294
-2.150000,0.100000,2.759982
-2.100000,0.100000,2.798214
-2.050000,0.100000,2.835049
-2.000000,0.100000,2.870540
-1.950000,0.100000,2.904738
-1.900000,0.100000,2.937686
-1.850000,0.100000,2.969428
-1.800000,0.100000,3.000000
-1.750000,0.100000,3.029439
-1.700000,0.100000,3.057777
-1.650000,0.100000,3.085045
-1.600000,0.100000,3.111270
-1.550000,0.100000,3.136479
-1.500000,0.100000,3.160696
-1.450000,0.100000,3.183944
-1.400000,0.100000,3.206244
-1.350000,0.100000,3.227615
-1.300000,0.100000,3.248076
-1.250000,0.100000,3.267644
-1.200000,0.100000,3.286335
-1.150000,0.100000,3.304164
-1.100000,0.100000,3.321144
-1.050000,0.100000,3.337289
-1.000000,0.100000,3.352611
-0.950000,0.100000,3.367120
-0.900000,0.100000,3.380828
-0.850000,0.100000,3.393744
-0.800000,0.100000,3.405877
-0.750000,0.100000,3.417236
-0.700000,0.100000,3.427827
-0.650000,0.100000,3.437659
-0.600000,0.100000,3.446738
-0.550000,0.100000,3.455069
-0.500000,0.100000,3.462658
-0.450000,0.100000,3.469510
-0.400000,0.100000,3.475629
-0.350000,0.100000,3.481020
-0.300000,0.100000,3.485685
-0.250000,0.100000,3.489627
-0.200000,0.100000,3.492850
-0.150000,0.100000,3.495354
-0.100000,0.100000,3.497142
-0.050000,0.100000,3.498214
-0.000000,0.100000,3.498571
0.050000,0.100000,3.498214
0.100000,0.100000,3.497142
0.150000,0.100000,3.495354
0.200000,0.100000,3.492850
0.250000,0.100000,3.489627
0.300000,0.100000,3.485685
0.350000,0.100000,3.481020
0.400000,0.100000,3.475629
0.450000,0.100000,3.469510
0.500000,0.100000,3.462658
0.550000,0.100000,3.455069
0.600000,0.100000,3.446738
0.650000,0.100000,3.437659
0.700000,0.100000,3.427827
0.750000,0.100000,3.417236
0.800000,0.100000,3.405877
0.850000,0.100000,3.393744
0.900000,0.100000,3.380828
0.950000,0.100000,3.367120
1.000000,0.100000,3.352611
1.050000,0.100000,3.337289
1.100000,0.100000,3.321144
1.150000,0.100000,3.304164
1.200000,0.100000,3.286335
1.250000,0.100000,3.267644
1.300000,0.100000,3.248076
1.350000,0.100000,3.227615
1.400000,0.100000,3.206244
1.450000,0.100000,3.183944
1.500000,0.100000,3.160696
1.550000,0.100000,3.136479
1.600000,0.100000,3.111270
1.650000,0.100000,3.085045
1.700000,0.100000,3.057777
1.750000,0.100000,3.029439
1.800000,0.100000,3.000000
1.850000,0.100000,2.969428
1.900000,0.100000,2.937686
1.950000,0.100000,2.904738
2.000000,0.100000,2.870540
2.050000,0.100000,2.835049
2.100000,0.100000,2.798214
2.150000,0.100000,2.759982
2.200000,0.100000,2.720294
2.250000,0.100000,2.679086
2.300000,0.100000,2.636285
2.350000,0.100000,2.591814
2.400000,0.100000,2.545584
2.450000,0.100000,2.497499
2.500000,0.100000,2.447448
2.550000,0.100000,2.395308
2.600000,0.100000,2.340940
2.650000,0.100000,2.284185
2.700000,0.100000,2.224860
2.750000,0.100000,2.162753
2.800000,0.100000,2.097618
2.850000,0.100000,2.029162
2.900000,0.100000,1.957039
2.950000,0.100000,1.880824
3.000000,0.100000,1.800000
3.050000,0.100000,1.713914
3.100000,0.100000,1.621727
3.150000,0.100000,1.522334
3.200000,0.100000,1.414214
3.250000,0.100000,1.295183
3.300000,0.100000,1.161895
3.350000,0.100000,1.008712
3.400000,0.100000,0.824621
3.450000,0.100000,0.580948
3.500000,0.100000,
-3.500000,0.150000,
-3.450000,0.150000,0.570088
-3.400000,0.150000,0.817007
-3.350000,0.150000,1.002497
-3.300000,0.150000,1.156503
-3.250000,0.150000,1.290349
-3.200000,0.150000,1.409787
-3.150000,0.150000,1.518223
-3.100000,0.150000,1.617869
-3.050000,0.150000,1.710263
-3.000000,0.150000,1.796524
-2.950000,0.150000,1.877498
-2.900000,0.150000,1.953842
-2.850000,0.150000,2.026080
-2.800000,0.150000,2.094636
-2.750000,0.150000,2.159861
-2.700000,0.150000,2.222049
-2.650000,0.150000,2.281447
-2.600000,0.150000,2.338269
-2.550000,0.150000,2.392697
-2.500000,0.150000,2.444893
-2.450000,0.150000,2.494995
-2.400000,0.150000,2.543128
-2.350000,0.150000,2.589401
-2.300000,0.150000,2.633913
-2.250000,0.150000,2.676752
-2.200000,0.150000,2.717996
-2.150000,0.150000,2.757716
-2.100000,0.150000,2.795979
-2.050000,0.150000,2.832843
-2.000000,0.150000,2.868362
-1.950000,0.150000,2.902585
-1.900000,0.150000,2.935558
-1.850000,0.150000,2.967322
-1.800000,0.150000,2.997916
-1.750000,0.150000,3.027375
-1.700000,0.150000,3.055732
-1.650000,0.150000,3.083018
-1.600000,0.150000,3.109260
-1.550000,0.150000,3.134486
-1.500000,0.150000,3.158718
-1.450000,0.150000,3.181981
-1.400000,0.150000,3.204294
-1.350000,0.150000,3.225678
-1.300000,0.150000,3.246152
-1.250000,0.150000,3.265731
-1.200000,0.150000,3.284433
-1.150000,0.150000,3.302272
-1.100000,0.150000,3.319262
-1.050000,0.150000,3.335416
-1.000000,0.150000,3.350746
-0.950000,0.150000,3.365264
-0.900000,0.150000,3.378979
-0.850000,0.150000,3.391902
-0.800000,0.150000,3.404042
-0.750000,0.150000,3.415406
-0.700000,0.150000,3.426004
-0.650000,0.150000,3.435841
-0.600000,0.150000,3.444924
-0.550000,0.150000,3.453259
-0.500000,0.150000,3.460852
-0.450000,0.150000,3.467708
-0.400000,0.150000,3.473831
-0.350000,0.150000,3.479224
-0.300000,0.150000,3.483892
-0.250000,0.150000,3.487836
-0.200000,0.150000,3.491060
-0.150000,0.150000,3.493566
-0.100000,0.150000,3.495354
-0.050000,0.150000,3.496427
-0.000000,0.150000,3.496784
0.050000,0.150000,3.496427
0.100000,0.150000,3.495354
0.150000,0.150000,3.493566
0.200000,0.150000,3.491060
0.250000,0.150000,3.487836
0.300000,0.150000,3.483892
0.350000,0.150000,3.479224
0.400000,0.150000,3.473831
0.450000,0.150000,3.467708
0.500000,0.150000,3.460852
0.550000,0.150000,3.453259
0.600000,0.150000,3.444924
0.650000,0.150000,3.435841
0.700000,0.150000,3.426004
0.750000,0.150000,3.415406
0.800000,0.150000,3.404042
0.850000,0.150000,3.391902
0.900000,0.150000,3.378979
0.950000,0.150000,3.365264
1.000000,0.150000,3.350746
1.050000,0.150000,3.335416
1.100000,0.150000,3.319262
1.150000,0.150000,3.302272
1.200000,0.150000,3.284433
1.250000,0.150000,3.265731
1.300000,0.150000,3.246152
1.350000,0.150000,3.225678
1.400000,0.150000,3.204294
1.450000,0.150000,3.181981
1.500000,0.150000,3.158718
1.550000,0.150000,3.134486
1.600000,0.150000,3.109260
1.650000,0.150000,3.083018
1.700000,0.150000,3.055732
1.750000,0.150000,3.027375
1.800000,0.150000,2.997916
1.850000,0.150000,2.967322
1.900000,0.150000,2.935558
1.950000,0.150000,2.902585
2.000000,0.150000,2.868362
2.050000,0.150000,2.832843
2.100000,0.150000,2.795979
2.150000,0.150000,2.757716
2.200000,0.150000,2.717996
2.250000,0.150000,2.676752
2.300000,0.150000,2.633913
2.350000,0.150000,2.589401
2.400000,0.150000,2.543128
2.450000,0.150000,2.494995
2.500000,0.150000,2.444893
2.550000,0.150000,2.392697
2.600000,0.150000,2.338269
2.650000,0.150000,2.281447
2.700000,0.150000,2.222049
2.750000,0.150000,2.159861
2.800000,0.150000,2.094636
2.850000,0.150000,2.026080
2.900000,0.150000,1.953842
2.950000,0.150000,1.877498
3.000000,0.150000,1.796524
3.050000,0.150000,1.710263
3.100000,0.150000,1.617869
3.150000,0.150000,1.518223
3.200000,0.150000,1.409787
3.250000,0.150000,1.290349
3.300000,0.150000,1.156503
3.350000,0.150000,1.002497
3.400000,0.150000,0.817007
3.450000,0.150000,0.570088
3.500000,0.150000,
-3.500000,0.200000,
-3.450000,0.200000,0.554527
-3.400000,0.200000,0.806226
-3.350000,0.200000,0.993730
-3.300000,0.200000,1.148913
-3.250000,0.200000,1.283550
-3.200000,0.200000,1.403567
-3.150000,0.200000,1.512448
-3.100000,0.200000,1.612452
-3.050000,0.200000,1.705139
-3.000000,0.200000,1.791647
-2.950000,0.200000,1.872832
-2.900000,0.200000,1.949359
-2.850000,0.200000,2.021757
-2.800000,0.200000,2.090454
-2.750000,0.200000,2.155806
-2.700000,0.200000,2.218107
-2.650000,0.200000,2.277608
-2.600000,0.200000,2.334524
-2.550000,0.200000,2.389037
-2.500000,0.200000,2.441311
-2.450000,0.200000,2.491486
-2.400000,0.200000,2.539685
-2.350000,0.200000,2.586020
-2.300000,0.200000,2.630589
-2.250000,0.200000,2.673481
-2.200000,0.200000,2.714774
-2.150000,0.200000,2.754542
-2.100000,0.200000,2.792848
-2.050000,0.200000,2.829753
-2.000000,0.200000,2.865310
-1.950000,0.200000,2.899569
-1.900000,0.200000,2.932576
-1.850000,0.200000,2.964372
-1.800000,0.200000,2.994996
-1.750000,0.200000,3.024483
-1.700000,0.200000,3.052868
-1.650000,0.200000,3.080179
-1.600000,0.200000,3.106445
-1.550000,0.200000,3.131693
-1.500000,0.200000,3.155947
-1.450000,0.200000,3.179229
-1.400000,0.200000,3.201562
-1.350000,0.200000,3.222964
-1.300000,0.200000,3.243455
-1.250000,0.200000,3.263051
-1.200000,0.200000,3.281768
-1.150000,0.200000,3.299621
-1.100000,0.200000,3.316625
-1.050000,0.200000,3.332792
-1.000000,0.200000,3.348134
-0.950000,0.200000,3.362663
-0.900000,0.200000,3.376389
-0.850000,0.200000,3.389321
-0.800000,0.200000,3.401470
-0.750000,0.200000,3.412843
-0.700000,0.200000,3.423449
-0.650000,0.200000,3.433293
-0.600000,0.200000,3.442383
-0.550000,0.200000,3.450725
-0.500000,0.200000,3.458323
-0.450000,0.200000,3.465184
-0.400000,0.200000,3.471311
-0.350000,0.200000,3.476708
-0.300000,0.200000,3.481379
-0.250000,0.200000,3.485326
-0.200000,0.200000,3.488553
-0.150000,0.200000,3.491060
-0.100000,0.200000,3.492850
-0.050000,0.200000,3.493923
-0.000000,0.200000,3.494281
0.050000,0.200000,3.493923
0.100000,0.200000,3.492850
0.150000,0.200000,3.491060
0.200000,0.200000,3.488553
0.250000,0.200000,3.485326
0.300000,0.200000,3.481379
0.350000,0.200000,3.476708
0.400000,0.200000,3.471311
0.450000,0.200000,3.465184
0.500000,0.200000,3.458323
0.550000,0.200000,3.450725
0.600000,0.200000,3.442383
0.650000,0.200000,3.433293
0.700000,0.200000,3.423449
0.750000,0.200000,3.412843
0.800000,0.200000,3.401470
0.850000,0.200000,3.389321
0.900000,0.200000,3.376389
0.950000,0.200000,3.362663
1.000000,0.200000,3.348134
1.050000,0.200000,3.332792
1.100000,0.200000,3.316625
1.150000,0.200000,3.299621
1.200000,0.200000,3.281768
1.250000,0.200000,3.263051
1.300000,0.200000,3.243455
1.350000,0.200000,3.222964
1.400000,0.200000,3.201562
1.450000,0.200000,3.179229
1.500000,0.200000,3.155947
1.550000,0.200000,3.131693
1.600000,0.200000,3.106445
1.650000,0.200000,3.080179
1.700000,0.200000,3.052868
1.750000,0.200000,3.024483
1.800000,0.200000,2.994996
1.850000,0.200000,2.964372
1.900000,0.200000,2.932576
1.950000,0.200000,2.899569
2.000000,0.200000,2.865310
2.050000,0.200000,2.829753
2.100000,0.200000,2.792848
2.150000,0.200000,2.754542
2.200000,0.200000,2.714774
2.250000,0.200000,2.673481
2.300000,0.200000,2.630589
2.350000,0.200000,2.586020
2.400000,0.200000,2.539685
2.450000,0.200000,2.491486
2.500000,0.200000,2.441311
2.550000,0.200000,2.389037
2.600000,0.200000,2.334524
2.650000,0.200000,2.277608
2.700000,0.200000,2.218107
2.750000,0.200000,2.155806
2.800000,0.200000,2.090454
2.850000,0.200000,2.021757
2.900000,0.200000,1.949359
2.950000,0.200000,1.872832
3.000000,0.200000,1.791647
3.050000,0.200000,1.705139
3.100000,0.200000,1.612452
3.150000,0.200000,1.512448
3.200000,0.200000,1.403567
3.250000,0.200000,1.283550
3.300000,0.200000,1.148913
3.350000,0.200000,0.993730
3.400000,0.200000,0.806226
3.450000,0.200000,0.554527
3.500000,0.200000,
-3.500000,0.250000,
-3.450000,0.250000,0.533854
-3.400000,0.250000,0.792149
-3.350000,0.250000,0.982344
-3.300000,0.250000,1.139079
-3.250000,0.250000,1.274755
-3.200000,0.250000,1.395529
-3.150000,0.250000,1.504992
-3.100000,0.250000,1.605459
-3.050000,0.250000,1.698529
-3.000000,0.250000,1.785357
-2.950000,0.250000,1.866815
-2.900000,0.250000,1.943579
-2.850000,0.250000,2.016185
-2.800000,0.250000,2.085066
-2.750000,0.250000,2.150581
-2.700000,0.250000,2.213030
-2.650000,0.250000,2.272664
-2.600000,0.250000,2.329700
-2.550000,0.250000,2.384324
-2.500000,0.250000,2.436699
-2.450000,0.250000,2.486966
-2.400000,0.250000,2.535251
-2.350000,0.250000,2.581666
-2.300000,0.250000,2.626309
-2.250000,0.250000,2.669270
-2.200000,0.250000,2.710627
-2.150000,0.250000,2.750455
-2.100000,0.250000,2.788817
-2.050000,0.250000,2.825774
-2.000000,0.250000,2.861381
-1.950000,0.250000,2.895686
-1.900000,0.250000,2.928737
-1.850000,0.250000,2.960574
-1.800000,0.250000,2.991237
-1.750000,0.250000,3.020761
-1.700000,0.250000,3.049180
-1.650000,0.250000,3.076524
-1.600000,0.250000,3.102821
-1.550000,0.250000,3.128098
-1.500000,0.250000,3.152380
-1.450000,0.250000,3.175689
-1.400000,0.250000,3.198046
-1.350000,0.250000,3.219472
-1.300000,0.250000,3.239985
-1.250000,0.250000,3.259601
-1.200000,0.250000,3.278338
-1.150000,0.250000,3.296210
-1.100000,0.250000,3.313231
-1.050000,0.250000,3.329414
-1.000000,0.250000,3.344772
-0.950000,0.250000,3.359315
-0.900000,0.250000,3.373055
-0.850000,0.250000,3.386001
-0.800000,0.250000,3.398161
-0.750000,0.250000,3.409545
-0.700000,0.250000,3.420161
-0.650000,0.250000,3.430015
-0.600000,0.250000,3.439113
-0.550000,0.250000,3.447463
-0.500000,0.250000,3.455069
-0.450000,0.250000,3.461936
-0.400000,0.250000,3.468069
-0.350000,0.250000,3.473471
-0.300000,0.250000,3.478146
-0.250000,0.250000,3.482097
-0.200000,0.250000,3.485326
-0.150000,0.250000,3.487836
-0.100000,0.250000,3.489627
-0.050000,0.250000,3.490702
-0.000000,0.250000,3.491060
0.050000,0.250000,3.490702
0.100000,0.250000,3.489627
0.150000,0.250000,3.487836
0.200000,0.250000,3.485326
0.250000,0.250000,3.482097
0.300000,0.250000,3.478146
0.350000,0.250000,3.473471
0.400000,0.250000,3.468069
0.450000,0.250000,3.461936
0.500000,0.250000,3.455069
0.550000,0.250000,3.447463
0.600000,0.250000,3.439113
0.650000,0.250000,3.430015
0.700000,0.250000,3.420161
0.750000,0.250000,3.409545
0.800000,0.250000,3.398161
0.850000,0.250000,3.386001
0.900000,0.250000,3.373055
0.950000,0.250000,3.359315
1.000000,0.250000,3.344772
1.050000,0.250000,3.329414
1.100000,0.250000,3.313231
1.150000,0.250000,3.296210
1.200000,0.250000,3.278338
1.250000,0.250000,3.259601
1.300000,0.250000,3.239985
1.350000,0.250000,3.219472
1.400000,0.250000,3.198046
1.450000,0.250000,3.175689
1.500000,0.250000,3.152380
1.550000,0.250000,3.128098
1.600000,0.250000,3.102821
1.650000,0.250000,3.076524
1.700000,0.250000,3.049180
1.750000,0.250000,3.020761
1.800000,0.250000,2.991237
1.850000,0.250000,2.960574
1.900000,0.250000,2.928737
1.950000,0.250000,2.895686
2.000000,0.250000,2.861381
2.050000,0.250000,2.825774
2.100000,0.250000,2.788817
2.150000,0.250000,2.750455
2.200000,0.250000,2.710627
2.250000,0.250000,2.669270
2.300000,0.250000,2.626309
2.350000,0.250000,2.581666
2.400000,0.250000,2.535251
2.450000,0.250000,2.486966
2.500000,0.250000,2.436699
2.550000,0.250000,2.384324
2.600000,0.250000,2.329700
2.650000,0.250000,2.272664
2.700000,0.250000,2.213030
2.750000,0.250000,2.150581
2.800000,0.250000,2.085066
2.850000,0.250000,2.016185
2.900000,0.250000,1.943579
2.950000,0.250000,1.866815
3.000000,0.250000,1.785357
3.050000,0.250000,1.698529
3.100000,0.250000,1.605459
3.150000,0.250000,1.504992
3.200000,0.250000,1.395529
3.250000,0.250000,1.274755
3.300000,0.250000,1.139079
3.350000,0.250000,0.982344
3.400000,0.250000,0.792149
3.450000,0.250000,0.533854
3.500000,0.250000,
-3.500000,0.300000,
-3.450000,0.300000,0.507445
-3.400000,0.300000,0.774597
-3.350000,0.300000,0.968246
-3.300000,0.300000,1.126943
-3.250000,0.300000,1.263922
-3.200000,0.300000,1.385641
-3.150000,0.300000,1.495828
-3.100000,0.300000,1.596872
-3.050000,0.300000,1.690414
-3.000000,0.300000,1.777639
-2.950000,0.300000,1.859435
-2.900000,0.300000,1.936492
-2.850000,0.300000,2.009353
-2.800000,0.300000,2.078461
-2.750000,0.300000,2.144178
-2.700000,0.300000,2.206808
-2.650000,0.300000,2.266605
-2.600000,0.300000,2.323790
-2.550000,0.300000,2.378550
-2.500000,0.300000,2.431049
-2.450000,0.300000,2.481431
-2.400000,0.300000,2.529822
-2.350000,0.300000,2.576335
-2.300000,0.300000,2.621068
-2.250000,0.300000,2.664113
-2.200000,0.300000,2.705550
-2.150000,0.300000,2.745451
-2.100000,0.300000,2.783882
-2.050000,0.300000,2.820904
-2.000000,0.300000,2.856571
-1.950000,0.300000,2.890934
-1.900000,0.300000,2.924038
-1.850000,0.300000,2.955926
-1.800000,0.300000,2.986637
-1.750000,0.300000,3.016206
-1.700000,0.300000,3.044667
-1.650000,0.300000,3.072051
-1.600000,0.300000,3.098387
-1.550000,0.300000,3.123700
-1.500000,0.300000,3.148015
-1.450000,0.300000,3.171356
-1.400000,0.300000,3.193744
-1.350000,0.300000,3.215198
-1.300000,0.300000,3.235738
-1.250000,0.300000,3.255380
-1.200000,0.300000,3.274141
-1.150000,0.300000,3.292036
-1.100000,0.300000,3.309078
-1.050000,0.300000,3.325282
-1.000000,0.300000,3.340659
-0.950000,0.300000,3.355220
-0.900000,0.300000,3.368976
-0.850000,0.300000,3.381937
-0.800000,0.300000,3.394113
-0.750000,0.300000,3.405510
-0.700000,0.300000,3.416138
-0.650000,0.300000,3.426004
-0.600000,0.300000,3.435113
-0.550000,0.300000,3.443472
-0.500000,0.300000,3.451087
-0.450000,0.300000,3.457962
-0.400000,0.300000,3.464102
-0.350000,0.300000,3.469510
-0.300000,0.300000,3.474191
-0.250000,0.300000,3.478146
-0.200000,0.300000,3.481379
-0.150000,0.300000,3.483892
-0.100000,0.300000,3.485685
-0.050000,0.300000,3.486761
-0.000000,0.300000,3.487119
0.050000,0.300000,3.486761
0.100000,0.300000,3.485685
0.150000,0.300000,3.483892
0.200000,0.300000,3.481379
0.250000,0.300000,3.478146
0.300000,0.300000,3.474191
0.350000,0.300000,3.469510
0.400000,0.300000,3.464102
0.450000,0.300000,3.457962
0.500000,0.300000,3.451087
0.550000,0.300000,3.443472
0.600000,0.300000,3.435113
0.650000,0.300000,3.426004
0.700000,0.300000,3.416138
0.750000,0.300000,3.405510
0.800000,0.300000,3.394113
0.850000,0.300000,3.381937
0.900000,0.300000,3.368976
0.950000,0.300000,3.355220
1.000000,0.300000,3.340659
1.050000,0.300000,3.325282
1.100000,0.300000,3.309078
1.150000,0.300000,3.292036
1.200000,0.300000,3.274141
1.250000,0.300000,3.255380
1.300000,0.300000,3.235738
1.350000,0.300000,3.215198
1.400000,0.300000,3.193744
1.450000,0.300000,3.171356
1.500000,0.300000,3.148015
1.550000,0.300000,3.123700
1.600000,0.300000,3.098387
1.650000,0.300000,3.072051
1.700000,0.300000,3.044667
1.750000,0.300000,3.016206
1.800000,0.300000,2.986637
1.850000,0.300000,2.955926
1.900000,0.300000,2.924038
1.950000,0.300000,2.890934
2.000000,0.300000,2.856571
2.050000,0.300000,2.820904
2.100000,0.300000,2.783882
2.150000,0.300000,2.745451
2.200000,0.300000,2.705550
2.250000,0.300000,2.664113
2.300000,0.300000,2.621068
2.350000,0.300000,2.576335
2.400000,0.300000,2.529822
2.450000,0.300000,2.481431
2.500000,0.300000,2.431049
2.550000,0.300000,2.378550
2.600000,0.300000,2.323790
2.650000,0.300000,2.266605
2.700000,0.300000,2.206808
2.750000,0.300000,2.144178
2.800000,0.300000,2.078461
2.850000,0.300000,2.009353
2.900000,0.300000,1.936492
2.950000,0.300000,1.859435
3.000000,0.300000,1.777639
3.050000,0.300000,1.690414
3.100000,0.300000,1.596872
3.150000,0.300000,1.495828
3.200000,0.300000,1.385641
3.250000,0.300000,1.263922
3.300000,0.300000,1.126943
3.350000,0.300000,0.968246
3.400000,0.300000,0.774597
3.450000,0.300000,0.507445
3.500000,0.300000,
-3.500000,0.350000,
-3.450000,0.350000,0.474342
-3.400000,0.350000,0.753326
-3.350000,0.350000,0.951315
-3.300000,0.350000,1.112430
-3.250000,0.350000,1.251000
-3.200000,0.350000,1.373863
-3.150000,0.350000,1.484924
-3.100000,0.350000,1.586663
-3.050000,0.350000,1.680774
-3.000000,0.350000,1.768474
-2.950000,0.350000,1.850676
-2.900000,0.350000,1.928082
-2.850000,0.350000,2.001250
-2.800000,0.350000,2.070628
-2.750000,0.350000,2.136586
-2.700000,0.350000,2.199432
-2.650000,0.350000,2.259425
-2.600000,0.350000,2.316787
-2.550000,0.350000,2.371708
-2.500000,0.350000,2.424356
-2.450000,0.350000,2.474874
-2.400000,0.350000,2.523391
-2.350000,0.350000,2.570019
-2.300000,0.350000,2.614861
-2.250000,0.350000,2.658007
-2.200000,0.350000,2.699537
-2.150000,0.350000,2.739526
-2.100000,0.350000,2.778039
-2.050000,0.350000,2.815138
-2.000000,0.350000,2.850877
-1.950000,0.350000,2.885308
-1.900000,0.350000,2.918476
-1.850000,0.350000,2.950424
-1.800000,0.350000,2.981191
-1.750000,0.350000,3.010814
-1.700000,0.350000,3.039326
-1.650000,0.350000,3.066757
-1.600000,0.350000,3.093138
-1.550000,0.350000,3.118493
-1.500000,0.350000,3.142849
-1.450000,0.350000,3.166228
-1.400000,0.350000,3.188652
-1.350000,0.350000,3.210140
-1.300000,0.350000,3.230712
-1.250000,0.350000,3.250385
-1.200000,0.350000,3.269174
-1.150000,0.350000,3.287096
-1.100000,0.350000,3.304164
-1.050000,0.350000,3.320392
-1.000000,0.350000,3.335791
-0.950000,0.350000,3.350373
-0.900000,0.350000,3.364149
-0.850000,0.350000,3.377129
-0.800000,0.350000,3.389321
-0.750000,0.350000,3.400735
-0.700000,0.350000,3.411378
-0.650000,0.350000,3.421257
-0.600000,0.350000,3.430379
-0.550000,0.350000,3.438750
-0.500000,0.350000,3.446375
-0.450000,0.350000,3.453259
-0.400000,0.350000,3.459407
-0.350000,0.350000,3.464823
-0.300000,0.350000,3.469510
-0.250000,0.350000,3.473471
-0.200000,0.350000,3.476708
-0.150000,0.350000,3.479224
-0.100000,0.350000,3.481020
-0.050000,0.350000,3.482097
-0.000000,0.350000,3.482456
0.050000,0.350000,3.482097
0.100000,0.350000,3.481020
0.150000,0.350000,3.479224
0.200000,0.350000,3.476708
0.250000,0.350000,3.473471
0.300000,0.350000,3.469510
0.350000,0.350000,3.464823
0.400000,0.350000,3.459407
0.450000,0.350000,3.453259
0.500000,0.350000,3.446375
0.550000,0.350000,3.438750
0.600000,0.350000,3.430379
0.650000,0.350000,3.421257
0.700000,0.350000,3.411378
0.750000,0.350000,3.400735
0.800000,0.350000,3.389321
0.850000,0.350000,3.377129
0.900000,0.350000,3.364149
0.950000,0.350000,3.350373
1.000000,0.350000,3.335791
1.050000,0.350000,3.320392
1.100000,0.350000,3.304164
1.150000,0.350000,3.287096
1.200000,0.350000,3.269174
1.250000,0.350000,3.250385
1.300000,0.350000,3.230712
1.350000,0.350000,3.210140
1.400000,0.350000,3.188652
1.450000,0.350000,3.166228
1.500000,0.350000,3.142849
1.550000,0.350000,3.118493
1.600000,0.350000,3.093138
1.650000,0.350000,3.066757
1.700000,0.350000,3.039326
1.750000,0.350000,3.010814
1.800000,0.350000,2.981191
1.850000,0.350000,2.950424
1.900000,0.350000,2.918476
1.950000,0.350000,2.885308
2.000000,0.350000,2.850877
2.050000,0.350000,2.815138
2.100000,0.350000,2.778039
2.150000,0.350000,2.739526
2.200000,0.350000,2.699537
2.250000,0.350000,2.658007
2.300000,0.350000,2.614861
2.350000,0.350000,2.570019
2.400000,0.350000,2.523391
2.450000,0.350000,2.474874
2.500000,0.350000,2.424356
2.550000,0.350000,2.371708
2.600000,0.350000,2.316787
2.650000,0.350000,2.259425
2.700000,0.350000,2.199432
2.750000,0.350000,2.136586
2.800000,0.350000,2.070628
2.850000,0.350000,2.001250
2.900000,0.350000,1.928082
2.950000,0.350000,1.850676
3.000000,0.350000,1.768474
3.050000,0.350000,1.680774
3.100000,0.350000,1.586663
3.150000,0.350000,1.484924
3.200000,0.350000,1.373863
3.250000,0.350000,1.251000
3.300000,0.350000,1.112430
3.350000,0.350000,0.951315
3.400000,0.350000,0.753326
3.450000,0.350000,0.474342
3.500000,0.350000,
-3.500000,0.400000,
-3.450000,0.400000,
-3.400000,0.400000,0.728011
-3.350000,0.400000,0.931397
-3.300000,0.400000,1.095445
-3.250000,0.400000,1.235921
-3.200000,0.400000,1.360147
-3.150000,0.400000,1.472243
-3.100000,0.400000,1.574802
-3.050000,0.400000,1.669581
-3.000000,0.400000,1.757840
-2.950000,0.400000,1.840516
-2.900000,0.400000,1.918333
-2.850000,0.400000,1.991858
-2.800000,0.400000,2.061553
-2.750000,0.400000,2.127792
-2.700000,0.400000,2.190890
-2.650000,0.400000,2.251111
-2.600000,0.400000,2.308679
-2.550000,0.400000,2.363789
-2.500000,0.400000,2.416609
-2.450000,0.400000,2.467286
-2.400000,0.400000,2.515949
-2.350000,0.400000,2.562713
-2.300000,0.400000,2.607681
-2.250000,0.400000,2.650943
-2.200000,0.400000,2.692582
-2.150000,0.400000,2.732673
-2.100000,0.400000,2.771281
-2.050000,0.400000,2.808469
-2.000000,0.400000,2.844293
-1.950000,0.400000,2.878802
-1.900000,0.400000,2.912044
-1.850000,0.400000,2.944062
-1.800000,0.400000,2.974895
-1.750000,0.400000,3.004580
-1.700000,0.400000,3.033150
-1.650000,0.400000,3.060637
-1.600000,0.400000,3.087070
-1.550000,0.400000,3.112475
-1.500000,0.400000,3.136877
-1.450000,0.400000,3.160301
-1.400000,0.400000,3.182766
-1.350000,0.400000,3.204294
-1.300000,0.400000,3.224903
-1.250000,0.400000,3.244611
-1.200000,0.400000,3.263434
-1.150000,0.400000,3.281387
-1.100000,0.400000,3.298485
-1.050000,0.400000,3.314740
-1.000000,0.400000,3.330165
-0.950000,0.400000,3.344772
-0.900000,0.400000,3.358571
-0.850000,0.400000,3.371572
-0.800000,0.400000,3.383785
-0.750000,0.400000,3.395217
-0.700000,0.400000,3.405877
-0.650000,0.400000,3.415772
-0.600000,0.400000,3.424909
-0.550000,0.400000,3.433293
-0.500000,0.400000,3.440930
-0.450000,0.400000,3.447825
-0.400000,0.400000,3.453983
-0.350000,0.400000,3.459407
-0.300000,0.400000,3.464102
-0.250000,0.400000,3.468069
-0.200000,0.400000,3.471311
-0.150000,0.400000,3.473831
-0.100000,0.400000,3.475629
-0.050000,0.400000,3.476708
-0.000000,0.400000,3.477068
0.050000,0.400000,3.476708
0.100000,0.400000,3.475629
0.150000,0.400000,3.473831
0.200000,0.400000,3.471311
0.250000,0.400000,3.468069
0.300000,0.400000,3.464102
0.350000,0.400000,3.459407
0.400000,0.400000,3.453983
0.450000,0.400000,3.447825
0.500000,0.400000,3.440930
0.550000,0.400000,3.433293
0.600000,0.400000,3.424909
0.650000,0.400000,3.415772
0.700000,0.400000,3.405877
0.750000,0.400000,3.395217
0.800000,0.400000,3.383785
0.850000,0.400000,3.371572
0.900000,0.400000,3.358571
0.950000,0.400000,3.344772
1.000000,0.400000,3.330165
1.050000,0.400000,3.314740
1.100000,0.400000,3.298485
1.150000,0.400000,3.281387
1.200000,0.400000,3.263434
1.250000,0.400000,3.244611
1.300000,0.400000,3.224903
1.350000,0.400000,3.204294
1.400000,0.400000,3.182766
1.450000,0.400000,3.160301
1.500000,0.400000,3.136877
1.550000,0.400000,3.112475
1.600000,0.400000,3.087070
1.650000,0.400000,3.060637
1.700000,0.400000,3.033150
1.750000,0.400000,3.004580
1.800000,0.400000,2.974895
1.850000,0.400000,2.944062
1.900000,0.400000,2.912044
1.950000,0.400000,2.878802
2.000000,0.400000,2.844293
2.050000,0.400000,2.808469
2.100000,0.400000,2.771281
2.150000,0.400000,2.732673
2.200000,0.400000,2.692582
2.250000,0.400000,2.650943
2.300000,0.400000,2.607681
2.350000,0.400000,2.562713
2.400000,0.400000,2.515949
2.450000,0.400000,2.467286
2.500000,0.400000,2.416609
2.550000,0.400000,2.363789
2.600000,0.400000,2.308679
2.650000,0.400000,2.251111
2.700000,0.400000,2.190890
2.750000,0.400000,2.127792
2.800000,0.400000,2.061553
2.850000,0.400000,1.991858
2.900000,0.400000,1.918333
2.950000,0.400000,1.840516
3.000000,0.400000,1.757840
3.050000,0.400000,1.669581
3.100000,0.400000,1.574802
3.150000,0.400000,1.472243
3.200000,0.400000,1.360147
3.250000,0.400000,1.235921
3.300000,0.400000,1.095445
3.350000,0.400000,0.931397
3.400000,0.400000,0.728011
3.450000,0.400000,
3.500000,0.400000,
-3.500000,0.450000,
-3.450000,0.450000,
-3.400000,0.450000,0.698212
-3.350000,0.450000,0.908295
-3.300000,0.450000,1.075872
-3.250000,0.450000,1.218606
-3.200000,0.450000,1.344433
-3.150000,0.450000,1.457738
-3.100000,0.450000,1.561249
-3.050000,0.450000,1.656804
-3.000000,0.450000,1.745709
-2.950000,0.450000,1.828934
-2.900000,0.450000,1.907223
-2.850000,0.450000,1.981161
-2.800000,0.450000,2.051219
-2.750000,0.450000,2.117782
-2.700000,0.450000,2.181169
-2.650000,0.450000,2.241651
-2.600000,0.450000,2.299456
-2.550000,0.450000,2.354782
-2.500000,0.450000,2.407800
-2.450000,0.450000,2.458658
-2.400000,0.450000,2.507489
-2.350000,0.450000,2.554408
-2.300000,0.450000,2.599519
-2.250000,0.450000,2.642915
-2.200000,0.450000,2.684679
-2.150000,0.450000,2.724885
-2.100000,0.450000,2.763603
-2.050000,0.450000,2.800893
-2.000000,0.450000,2.836812
-1.950000,0.450000,2.871411
-1.900000,0.450000,2.904738
-1.850000,0.450000,2.936835
-1.800000,0.450000,2.967743
-1.750000,0.450000,2.997499
-1.700000,0.450000,3.026136
-1.650000,0.450000,3.053686
-1.600000,0.450000,3.080179
-1.550000,0.450000,3.105640
-1.500000,0.450000,3.130096
-1.450000,0.450000,3.153569
-1.400000,0.450000,3.176082
-1.350000,0.450000,3.197655
-1.300000,0.450000,3.218307
-1.250000,0.450000,3.238055
-1.200000,0.450000,3.256916
-1.150000,0.450000,3.274905
-1.100000,0.450000,3.292036
-1.050000,0.450000,3.308323
-1.000000,0.450000,3.323778
-0.950000,0.450000,3.338413
-0.900000,0.450000,3.352238
-0.850000,0.450000,3.365264
-0.800000,0.450000,3.377499
-0.750000,0.450000,3.388953
-0.700000,0.450000,3.399632
-0.650000,0.450000,3.409545
-0.600000,0.450000,3.418699
-0.550000,0.450000,3.427098
-0.500000,0.450000,3.434749
-0.450000,0.450000,3.441657
-0.400000,0.450000,3.447825
-0.350000,0.450000,3.453259
-0.300000,0.450000,3.457962
-0.250000,0.450000,3.461936
-0.200000,0.450000,3.465184
-0.150000,0.450000,3.467708
-0.100000,0.450000,3.469510
-0.050000,0.450000,3.470591
-0.000000,0.450000,3.470951
0.050000,0.450000,3.470591
0.100000,0.450000,3.469510
0.150000,0.450000,3.467708
0.200000,0.450000,3.465184
0.250000,0.450000,3.461936
0.300000,0.450000,3.457962
0.350000,0.450000,3.453259
0.400000,0.450000,3.447825
0.450000,0.450000,3.441657
0.500000,0.450000,3.434749
0.550000,0.450000,3.427098
0.600000,0.450000,3.418699
0.650000,0.450000,3.409545
0.700000,0.450000,3.399632
0.750000,0.450000,3.388953
0.800000,0.450000,3.377499
0.850000,0.450000,3.365264
0.900000,0.450000,3.352238
0.950000,0.450000,3.338413
1.000000,0.450000,3.323778
1.050000,0.450000,3.308323
1.100000,0.450000,3.292036
1.150000,0.450000,3.274905
1.200000,0.450000,3.256916
1.250000,0.450000,3.238055
1.300000,0.450000,3.218307
1.350000,0.450000,3.197655
1.400000,0.450000,3.176082
1.450000,0.450000,3.153569
1.500000,0.450000,3.130096
1.550000,0.450000,3.105640
1.600000,0.450000,3.080179
1.650000,0.450000,3.053686
1.700000,0.450000,3.026136
1.750000,0.450000,2.997499
1.800000,0.450000,2.967743
1.850000,0.450000,2.936835
1.900000,0.450000,2.904738
1.950000,0.450000,2.871411
2.000000,0.450000,2.836812
2.050000,0.450000,2.800893
2.100000,0.450000,2.763603
2.150000,0.450000,2.724885
2.200000,0.450000,2.684679
2.250000,0.450000,2.642915
2.300000,0.450000,2.599519
2.350000,0.450000,2.554408
2.400000,0.450000,2.507489
2.450000,0.450000,2.458658
2.500000,0.450000,2.407800
2.550000,0.450000,2.354782
2.600000,0.450000,2.299456
2.650000,0.450000,2.241651
2.700000,0.450000,2.181169
2.750000,0.450000,2.117782
2.800000,0.450000,2.051219
2.850000,0.450000,1.981161
2.900000,0.450000,1.907223
2.950000,0.450000,1.828934
3.000000,0.450000,1.745709
3.050000,0.450000,1.656804
3.100000,0.450000,1.561249
3.150000,0.450000,1.457738
3.200000,0.450000,1.344433
3.250000,0.450000,1.218606
3.300000,0.450000,1.075872
3.350000,0.450000,0.908295
3.400000,0.450000,0.698212
3.450000,0.450000,
3.500000,0.450000,
-3.500000,0.500000,
-3.450000,0.500000,
-3.400000,0.500000,0.663325
-3.350000,0.500000,0.881760
-3.300000,0.500000,1.053565
-3.250000,0.500000,1.198958
-3.200000,0.500000,1.326650
-3.150000,0.500000,1.441354
-3.100000,0.500000,1.545962
-3.050000,0.500000,1.642407
-3.000000,0.500000,1.732051
-2.950000,0.500000,1.815902
-2.900000,0.500000,1.894730
-2.850000,0.500000,1.969137
-2.800000,0.500000,2.039608
-2.750000,0.500000,2.106537
-2.700000,0.500000,2.170253
-2.650000,0.500000,2.231031
-2.600000,0.500000,2.289105
-2.550000,0.500000,2.344675
-2.500000,0.500000,2.397916
-2.450000,0.500000,2.448979
-2.400000,0.500000,2.497999
-2.350000,0.500000,2.545093
-2.300000,0.500000,2.590367
-2.250000,0.500000,2.633913
-2.200000,0.500000,2.675818
-2.150000,0.500000,2.716155
-2.100000,0.500000,2.754995
-2.050000,0.500000,2.792400
-2.000000,0.500000,2.828427
-1.950000,0.500000,2.863128
-1.900000,0.500000,2.896550
-1.850000,0.500000,2.928737
-1.800000,0.500000,2.959730
-1.750000,0.500000,2.989565
-1.700000,0.500000,3.018278
-1.650000,0.500000,3.045899
-1.600000,0.500000,3.072458
-1.550000,0.500000,3.097983
-1.500000,0.500000,3.122499
-1.450000,0.500000,3.146029
-1.400000,0.500000,3.168596
-1.350000,0.500000,3.190219
-1.300000,0.500000,3.210919
-1.250000,0.500000,3.230712
-1.200000,0.500000,3.249615
-1.150000,0.500000,3.267644
-1.100000,0.500000,3.284814
-1.050000,0.500000,3.301136
-1.000000,0.500000,3.316625
-0.950000,0.500000,3.331291
-0.900000,0.500000,3.345146
-0.850000,0.500000,3.358199
-0.800000,0.500000,3.370460
-0.750000,0.500000,3.381937
-0.700000,0.500000,3.392639
-0.650000,0.500000,3.402573
-0.600000,0.500000,3.411744
-0.550000,0.500000,3.420161
-0.500000,0.500000,3.427827
-0.450000,0.500000,3.434749
-0.400000,0.500000,3.440930
-0.350000,0.500000,3.446375
-0.300000,0.500000,3.451087
-0.250000,0.500000,3.455069
-0.200000,0.500000,3.458323
-0.150000,0.500000,3.460852
-0.100000,0.500000,3.462658
-0.050000,0.500000,3.463741
-0.000000,0.500000,3.464102
0.050000,0.500000,3.463741
0.100000,0.500000,3.462658
0.150000,0.500000,3.460852
0.200000,0.500000,3.458323
0.250000,0.500000,3.455069
0.300000,0.500000,3.451087
0.350000,0.500000,3.446375
0.400000,0.500000,3.440930
0.450000,0.500000,3.434749
0.500000,0.500000,3.427827
0.550000,0.500000,3.420161
0.600000,0.500000,3.411744
0.650000,0.500000,3.402573
0.700000,0.500000,3.392639
0.750000,0.500000,3.381937
0.800000,0.500000,3.370460
0.850000,0.500000,3.358199
0.900000,0.500000,3.345146
0.950000,0.500000,3.331291
1.000000,0.500000,3.316625
1.050000,0.500000,3.301136
1.100000,0.500000,3.284814
1.150000,0.500000,3.267644
1.200000,0.500000,3.249615
1.250000,0.500000,3.230712
1.300000,0.500000,3.210919
1.350000,0.500000,3.190219
1.400000,0.500000,3.168596
1.450000,0.500000,3.146029
1.500000,0.500000,3.122499
1.550000,0.500000,3.097983
1.600000,0.500000,3.072458
1.650000,0.500000,3.045899
1.700000,0.500000,3.018278
1.750000,0.500000,2.989565
1.800000,0.500000,2.959730
1.850000,0.500000,2.928737
1.900000,0.500000,2.896550
1.950000,0.500000,2.863128
2.000000,0.500000,2.828427
2.050000,0.500000,2.792400
2.100000,0.500000,2.754995
2.150000,0.500000,2.716155
2.200000,0.500000,2.675818
2.250000,0.500000,2.633913
2.300000,0.500000,2.590367
2.350000,0.500000,2.545093
2.400000,0.500000,2.497999
2.450000,0.500000,2.448979
2.500000,0.500000,2.397916
2.550000,0.500000,2.344675
2.600000,0.500000,2.289105
2.650000,0.500000,2.231031
2.700000,0.500000,2.170253
2.750000,0.500000,2.106537
2.800000,0.500000,2.039608
2.850000,0.500000,1.969137
2.900000,0.500000,1.894730
2.950000,0.500000,1.815902
3.000000,0.500000,1.732051
3.050000,0.500000,1.642407
3.100000,0.500000,1.545962
3.150000,0.500000,1.441354
3.200000,0.500000,1.326650
3.250000,0.500000,1.198958
3.300000,0.500000,1.053565
3.350000,0.500000,0.881760
3.400000,0.500000,0.663325
3.450000,0.500000,
3.500000,0.500000,
-3.500000,0.550000,
-3.450000,0.550000,
-3.400000,0.550000,0.622495
-3.350000,0.550000,0.851469
-3.300000,0.550000,1.028348
-3.250000,0.550000,1.176860
-3.200000,0.550000,1.306713
-3.150000,0.550000,1.423025
-3.100000,0.550000,1.528888
-3.050000,0.550000,1.626346
-3.000000,0.550000,1.716828
-2.950000,0.550000,1.801388
-2.900000,0.550000,1.880824
-2.850000,0.550000,1.955761
-2.800000,0.550000,2.026697
-2.750000,0.550000,2.094039
-2.700000,0.550000,2.158124
-2.650000,0.550000,2.219234
-2.600000,0.550000,2.277608
-2.550000,0.550000,2.333452
-2.500000,0.550000,2.386944
-2.450000,0.550000,2.438237
-2.400000,0.550000,2.487469
-2.350000,0.550000,2.534758
-2.300000,0.550000,2.580213
-2.250000,0.550000,2.623928
-2.200000,0.550000,2.665989
-2.150000,0.550000,2.706474
-2.100000,0.550000,2.745451
-2.050000,0.550000,2.782984
-2.000000,0.550000,2.819131
-1.950000,0.550000,2.853945
-1.900000,0.550000,2.887473
-1.850000,0.550000,2.919760
-1.800000,0.550000,2.950847
-1.750000,0.550000,2.980772
-1.700000,0.550000,3.009568
-1.650000,0.550000,3.037269
-1.600000,0.550000,3.063903
-1.550000,0.550000,3.089498
-1.500000,0.550000,3.114081
-1.450000,0.550000,3.137674
-1.400000,0.550000,3.160301
-1.350000,0.550000,3.181981
-1.300000,0.550000,3.202733
-1.250000,0.550000,3.222577
-1.200000,0.550000,3.241527
-1.150000,0.550000,3.259601
-1.100000,0.550000,3.276812
-1.050000,0.550000,3.293175
-1.000000,0.550000,3.308701
-0.950000,0.550000,3.323402
-0.900000,0.550000,3.337289
-0.850000,0.550000,3.350373
-0.800000,0.550000,3.362663
-0.750000,0.550000,3.374167
-0.700000,0.550000,3.384893
-0.650000,0.550000,3.394849
-0.600000,0.550000,3.404042
-0.550000,0.550000,3.412477
-0.500000,0.550000,3.420161
-0.450000,0.550000,3.427098
-0.400000,0.550000,3.433293
-0.350000,0.550000,3.438750
-0.300000,0.550000,3.443472
-0.250000,0.550000,3.447463
-0.200000,0.550000,3.450725
-0.150000,0.550000,3.453259
-0.100000,0.550000,3.455069
-0.050000,0.550000,3.456154
-0.000000,0.550000,3.456516
0.050000,0.550000,3.456154
0.100000,0.550000,3.455069
0.150000,0.550000,3.453259
0.200000,0.550000,3.450725
0.250000,0.550000,3.447463
0.300000,0.550000,3.443472
0.350000,0.550000,3.438750
0.400000,0.550000,3.433293
0.450000,0.550000,3.427098
0.500000,0.550000,3.420161
0.550000,0.550000,3.412477
0.600000,0.550000,3.404042
0.650000,0.550000,3.394849
0.700000,0.550000,3.384893
0.750000,0.550000,3.374167
0.800000,0.550000,3.362663
0.850000,0.550000,3.350373
0.900000,0.550000,3.337289
0.950000,0.550000,3.323402
1.000000,0.550000,3.308701
1.050000,0.550000,3.293175
1.100000,0.550000,3.276812
1.150000,0.550000,3.259601
1.200000,0.550000,3.241527
1.250000,0.550000,3.222577
1.300000,0.550000,3.202733
1.350000,0.550000,3.181981
1.400000,0.550000,3.160301
1.450000,0.550000,3.137674
1.500000,0.550000,3.114081
1.550000,0.550000,3.089498
1.600000,0.550000,3.063903
1.650000,0.550000,3.037269
1.700000,0.550000,3.009568
1.750000,0.550000,2.980772
1.800000,0.550000,2.950847
1.850000,0.550000,2.919760
1.900000,0.550000,2.887473
1.950000,0.550000,2.853945
2.000000,0.550000,2.819131
2.050000,0.550000,2.782984
2.100000,0.550000,2.745451
2.150000,0.550000,2.706474
2.200000,0.550000,2.665989
2.250000,0.550000,2.623928
2.300000,0.550000,2.580213
2.350000,0.550000,2.534758
2.400000,0.550000,2.487469
2.450000,0.550000,2.438237
2.500000,0.550000,2.386944
2.550000,0.550000,2.333452
2.600000,0.550000,2.277608
2.650000,0.550000,2.219234
2.700000,0.550000,2.158124
2.750000,0.550000,2.094039
2.800000,0.550000,2.026697
2.850000,0.550000,1.955761
2.900000,0.550000,1.880824
2.950000,0.550000,1.801388
3.000000,0.550000,1.716828
3.050000,0.550000,1.626346
3.100000,0.550000,1.528888
3.150000,0.550000,1.423025
3.200000,0.550000,1.306713
3.250000,0.550000,1.176860
3.300000,0.550000,1.028348
3.350000,0.550000,0.851469
3.400000,0.550000,0.622495
3.450000,0.550000,
3.500000,0.550000,
-3.500000,0.600000,
-3.450000,0.600000,
-3.400000,0.600000,
-3.350000,0.600000,0.817007
-3.300000,0.600000,1.000000
-3.250000,0.600000,1.152172
-3.200000,0.600000,1.284523
-3.150000,0.600000,1.402676
-3.100000,0.600000,1.509967
-3.050000,0.600000,1.608571
-3.000000,0.600000,1.700000
-2.950000,0.600000,1.785357
-2.900000,0.600000,1.865476
-2.850000,0.600000,1.941005
-2.800000,0.600000,2.012461
-2.750000,0.600000,2.080264
-2.700000,0.600000,2.144761
-2.650000,0.600000,2.206241
-2.600000,0.600000,2.264950
-2.550000,0.600000,2.321099
-2.500000,0.600000,2.374868
-2.450000,0.600000,2.426417
-2.400000,0.600000,2.475884
-2.350000,0.600000,2.523391
-2.300000,0.600000,2.569047
-2.250000,0.600000,2.612949
-2.200000,0.600000,2.655184
-2.150000,0.600000,2.695830
-2.100000,0.600000,2.734959
-2.050000,0.600000,2.772634
-2.000000,0.600000,2.808914
-1.950000,0.600000,2.843853
-1.900000,0.600000,2.877499
-1.850000,0.600000,2.909897
-1.800000,0.600000,2.941088
-1.750000,0.600000,2.971111
-1.700000,0.600000,3.000000
-1.650000,0.600000,3.027788
-1.600000,0.600000,3.054505
-1.550000,0.600000,3.080179
-1.500000,0.600000,3.104835
-1.450000,0.600000,3.128498
-1.400000,0.600000,3.151190
-1.350000,0.600000,3.172932
-1.300000,0.600000,3.193744
-1.250000,0.600000,3.213643
-1.200000,0.600000,3.232646
-1.150000,0.600000,3.250769
-1.100000,0.600000,3.268027
-1.050000,0.600000,3.284433
-1.000000,0.600000,3.300000
-0.950000,0.600000,3.314740
-0.900000,0.600000,3.328663
-0.850000,0.600000,3.341781
-0.800000,0.600000,3.354102
-0.750000,0.600000,3.365635
-0.700000,0.600000,3.376389
-0.650000,0.600000,3.386370
-0.600000,0.600000,3.395585
-0.550000,0.600000,3.404042
-0.500000,0.600000,3.411744
-0.450000,0.600000,3.418699
-0.400000,0.600000,3.424909
-0.350000,0.600000,3.430379
-0.300000,0.600000,3.435113
-0.250000,0.600000,3.439113
-0.200000,0.600000,3.442383
-0.150000,0.600000,3.444924
-0.100000,0.600000,3.446738
-0.050000,0.600000,3.447825
-0.000000,0.600000,3.448188
0.050000,0.600000,3.447825
0.100000,0.600000,3.446738
0.150000,0.600000,3.444924
0.200000,0.600000,3.442383
0.250000,0.600000,3.439113
0.300000,0.600000,3.435113
0.350000,0.600000,3.430379
0.400000,0.600000,3.424909
0.450000,0.600000,3.418699
0.500000,0.600000,3.411744
0.550000,0.600000,3.404042
0.600000,0.600000,3.395585
0.650000,0.600000,3.386370
0.700000,0.600000,3.376389
0.750000,0.600000,3.365635
0.800000,0.600000,3.354102
0.850000,0.600000,3.341781
0.900000,0.600000,3.328663
0.950000,0.600000,3.314740
1.000000,0.600000,3.300000
1.050000,0.600000,3.284433
1.100000,0.600000,3.268027
1.150000,0.600000,3.250769
1.200000,0.600000,3.232646
1.250000,0.600000,3.213643
1.300000,0.600000,3.193744
1.350000,0.600000,3.172932
1.400000,0.600000,3.151190
1.450000,0.600000,3.128498
1.500000,0.600000,3.104835
1.550000,0.600000,3.080179
1.600000,0.600000,3.054505
1.650000,0.600000,3.027788
1.700000,0.600000,3.000000
1.750000,0.600000,2.971111
1.800000,0.600000,2.941088
1.850000,0.600000,2.909897
1.900000,0.600000,2.877499
1.950000,0.600000,2.843853
2.000000,0.600000,2.808914
2.050000,0.600000,2.772634
2.100000,0.600000,2.734959
2.150000,0.600000,2.695830
2.200000,0.600000,2.655184
2.250000,0.600000,2.612949
2.300000,0.600000,2.569047
2.350000,0.600000,2.523391
2.400000,0.600000,2.475884
2.450000,0.600000,2.426417
2.500000,0.600000,2.374868
2.550000,0.600000,2.321099
2.600000,0.600000,2.264950
2.650000,0.600000,2.206241
2.700000,0.600000,2.144761
2.750000,0.600000,2.080264
2.800000,0.600000,2.012461
2.850000,0.600000,1.941005
2.900000,0.600000,1.865476
2.950000,0.600000,1.785357
3.000000,0.600000,1.700000
3.050000,0.600000,1.608571
3.100000,0.600000,1.509967
3.150000,0.600000,1.402676
3.200000,0.600000,1.284523
3.250000,0.600000,1.152172
3.300000,0.600000,1.000000
3.350000,0.600000,0.817007
3.400000,0.600000,
3.450000,0.600000,
3.500000,0.600000,
-3.500000,0.650000,
-3.450000,0.650000,
-3.400000,0.650000,
-3.350000,0.650000,0.777817
-3.300000,0.650000,0.968246
-3.250000,0.650000,1.124722
-3.200000,0.650000,1.259960
-3.150000,0.650000,1.380217
-3.100000,0.650000,1.489127
-3.050000,0.650000,1.589025
-3.000000,0.650000,1.681517
-2.950000,0.650000,1.767767
-2.900000,0.650000,1.848648
-2.850000,0.650000,1.924838
-2.800000,0.650000,1.996873
-2.750000,0.650000,2.065188
-2.700000,0.650000,2.130141
-2.650000,0.650000,2.192031
-2.600000,0.650000,2.251111
-2.550000,0.650000,2.307596
-2.500000,0.650000,2.361673
-2.450000,0.650000,2.413504
-2.400000,0.650000,2.463230
-2.350000,0.650000,2.510976
-2.300000,0.650000,2.556854
-2.250000,0.650000,2.600961
-2.200000,0.650000,2.643388
-2.150000,0.650000,2.684213
-2.100000,0.650000,2.723509
-2.050000,0.650000,2.761340
-2.000000,0.650000,2.797767
-1.950000,0.650000,2.832843
-1.900000,0.650000,2.866618
-1.850000,0.650000,2.899138
-1.800000,0.650000,2.930444
-1.750000,0.650000,2.960574
-1.700000,0.650000,2.989565
-1.650000,0.650000,3.017449
-1.600000,0.650000,3.044257
-1.550000,0.650000,3.070016
-1.500000,0.650000,3.094754
-1.450000,0.650000,3.118493
-1.400000,0.650000,3.141258
-1.350000,0.650000,3.163068
-1.300000,0.650000,3.183944
-1.250000,0.650000,3.203904
-1.200000,0.650000,3.222964
-1.150000,0.650000,3.241142
-1.100000,0.650000,3.258451
-1.050000,0.650000,3.274905
-1.000000,0.650000,3.290517
-0.950000,0.650000,3.305299
-0.900000,0.650000,3.319262
-0.850000,0.650000,3.332417
-0.800000,0.650000,3.344772
-0.750000,0.650000,3.356337
-0.700000,0.650000,3.367120
-0.650000,0.650000,3.377129
-0.600000,0.650000,3.386370
-0.550000,0.650000,3.394849
-0.500000,0.650000,3.402573
-0.450000,0.650000,3.409545
-0.400000,0.650000,3.415772
-0.350000,0.650000,3.421257
-0.300000,0.650000,3.426004
-0.250000,0.650000,3.430015
-0.200000,0.650000,3.433293
-0.150000,0.650000,3.435841
-0.100000,0.650000,3.437659
-0.050000,0.650000,3.438750
-0.000000,0.650000,3.439113
0.050000,0.650000,3.438750
0.100000,0.650000,3.437659
0.150000,0.650000,3.435841
0.200000,0.650000,3.433293
0.250000,0.650000,3.430015
0.300000,0.650000,3.426004
0.350000,0.650000,3.421257
0.400000,0.650000,3.415772
0.450000,0.650000,3.409545
0.500000,0.650000,3.402573
0.550000,0.650000,3.394849
0.600000,0.650000,3.386370
0.650000,0.650000,3.377129
0.700000,0.650000,3.367120
0.750000,0.650000,3.356337
0.800000,0.650000,3.344772
0.850000,0.650000,3.332417
0.900000,0.650000,3.319262
0.950000,0.650000,3.305299
1.000000,0.650000,3.290517
1.050000,0.650000,3.274905
1.100000,0.650000,3.258451
1.150000,0.650000,3.241142
1.200000,0.650000,3.222964
1.250000,0.650000,3.203904
1.300000,0.650000,3.183944
1.350000,0.650000,3.163068
1.400000,0.650000,3.141258
1.450000,0.650000,3.118493
1.500000,0.650000,3.094754
1.550000,0.650000,3.070016
1.600000,0.650000,3.044257
1.650000,0.650000,3.017449
1.700000,0.650000,2.989565
1.750000,0.650000,2.960574
1.800000,0.650000,2.930444
1.850000,0.650000,2.899138
1.900000,0.650000,2.866618
1.950000,0.650000,2.832843
2.000000,0.650000,2.797767
2.050000,0.650000,2.761340
2.100000,0.650000,2.723509
2.150000,0.650000,2.684213
2.200000,0.650000,2.643388
2.250000,0.650000,2.600961
2.300000,0.650000,2.556854
2.350000,0.650000,2.510976
2.400000,0.650000,2.463230
2.450000,0.650000,2.413504
2.500000,0.650000,2.361673
2.550000,0.650000,2.307596
2.600000,0.650000,2.251111
2.650000,0.650000,2.192031
2.700000,0.650000,2.130141
2.750000,0.650000,2.065188
2.800000,0.650000,1.996873
2.850000,0.650000,1.924838
2.900000,0.650000,1.848648
2.950000,0.650000,1.767767
3.000000,0.650000,1.681517
3.050000,0.650000,1.589025
3.100000,0.650000,1.489127
3.150000,0.650000,1.380217
3.200000,0.650000,1.259960
3.250000,0.650000,1.124722
3.300000,0.650000,0.968246
3.350000,0.650000,0.777817
3.400000,0.650000,
3.450000,0.650000,
3.500000,0.650000,
-3.500000,0.700000,
-3.450000,0.700000,
-3.400000,0.700000,
-3.350000,0.700000,0.733144
-3.300000,0.700000,0.932738
-3.250000,0.700000,1.094303
-3.200000,0.700000,1.232883
-3.150000,0.700000,1.355544
-3.100000,0.700000,1.466288
-3.050000,0.700000,1.567642
-3.000000,0.700000,1.661325
-2.950000,0.700000,1.748571
-2.900000,0.700000,1.830301
-2.850000,0.700000,1.907223
-2.800000,0.700000,1.979899
-2.750000,0.700000,2.048780
-2.700000,0.700000,2.114237
-2.650000,0.700000,2.176580
-2.600000,0.700000,2.236068
-2.550000,0.700000,2.292924
-2.500000,0.700000,2.347339
-2.450000,0.700000,2.399479
-2.400000,0.700000,2.449490
-2.350000,0.700000,2.497499
-2.300000,0.700000,2.543619
-2.250000,0.700000,2.587953
-2.200000,0.700000,2.630589
-2.150000,0.700000,2.671610
-2.100000,0.700000,2.711088
-2.050000,0.700000,2.749091
-2.000000,0.700000,2.785678
-1.950000,0.700000,2.820904
-1.900000,0.700000,2.854820
-1.850000,0.700000,2.887473
-1.800000,0.700000,2.918904
-1.750000,0.700000,2.949152
-1.700000,0.700000,2.978255
-1.650000,0.700000,3.006244
-1.600000,0.700000,3.033150
-1.550000,0.700000,3.059003
-1.500000,0.700000,3.083829
-1.450000,0.700000,3.107652
-1.400000,0.700000,3.130495
-1.350000,0.700000,3.152380
-1.300000,0.700000,3.173326
-1.250000,0.700000,3.193352
-1.200000,0.700000,3.212476
-1.150000,0.700000,3.230712
-1.100000,0.700000,3.248076
-1.050000,0.700000,3.264583
-1.000000,0.700000,3.280244
-0.950000,0.700000,3.295072
-0.900000,0.700000,3.309078
-0.850000,0.700000,3.322273
-0.800000,0.700000,3.334666
-0.750000,0.700000,3.346267
-0.700000,0.700000,3.357082
-0.650000,0.700000,3.367120
-0.600000,0.700000,3.376389
-0.550000,0.700000,3.384893
-0.500000,0.700000,3.392639
-0.450000,0.700000,3.399632
-0.400000,0.700000,3.405877
-0.350000,0.700000,3.411378
-0.300000,0.700000,3.416138
-0.250000,0.700000,3.420161
-0.200000,0.700000,3.423449
-0.150000,0.700000,3.426004
-0.100000,0.700000,3.427827
-0.050000,0.700000,3.428921
-0.000000,0.700000,3.429286
0.050000,0.700000,3.428921
0.100000,0.700000,3.427827
0.150000,0.700000,3.426004
0.200000,0.700000,3.423449
0.250000,0.700000,3.420161
0.300000,0.700000,3.416138
0.350000,0.700000,3.411378
0.400000,0.700000,3.405877
0.450000,0.700000,3.399632
0.500000,0.700000,3.392639
0.550000,0.700000,3.384893
0.600000,0.700000,3.376389
0.650000,0.700000,3.367120
0.700000,0.700000,3.357082
0.750000,0.700000,3.346267
0.800000,0.700000,3.334666
0.850000,0.700000,3.322273
0.900000,0.700000,3.309078
0.950000,0.700000,3.295072
1.000000,0.700000,3.280244
1.050000,0.700000,3.264583
1.100000,0.700000,3.248076
1.150000,0.700000,3.230712
1.200000,0.700000,3.212476
1.250000,0.700000,3.193352
1.300000,0.700000,3.173326
1.350000,0.700000,3.152380
1.400000,0.700000,3.130495
1.450000,0.700000,3.107652
1.500000,0.700000,3.083829
1.550000,0.700000,3.059003
1.600000,0.700000,3.033150
1.650000,0.700000,3.006244
1.700000,0.700000,2.978255
1.750000,0.700000,2.949152
1.800000,0.700000,2.918904
1.850000,0.700000,2.887473
1.900000,0.700000,2.854820
1.950000,0.700000,2.820904
2.000000,0.700000,2.785678
2.050000,0.700000,2.749091
2.100000,0.700000,2.711088
2.150000,0.700000,2.671610
2.200000,0.700000,2.630589
2.250000,0.700000,2.587953
2.300000,0.700000,2.543619
2.350000,0.700000,2.497499
2.400000,0.700000,2.449490
2.450000,0.700000,2.399479
2.500000,0.700000,2.347339
2.550000,0.700000,2.292924
2.600000,0.700000,2.236068
2.650000,0.700000,2.176580
2.700000,0.700000,2.114237
2.750000,0.700000,2.048780
2.800000,0.700000,1.979899
2.850000,0.700000,1.907223
2.900000,0.700000,1.830301
2.950000,0.700000,1.748571
3.000000,0.700000,1.661325
3.050000,0.700000,1.567642
3.100000,0.700000,1.466288
3.150000,0.700000,1.355544
3.200000,0.700000,1.232883
3.250000,0.700000,1.094303
3.300000,0.700000,0.932738
3.350000,0.700000,0.733144
3.400000,0.700000,
3.450000,0.700000,
3.500000,0.700000,
-3.500000,0.750000,
-3.450000,0.750000,
-3.400000,0.750000,
-3.350000,0.750000,
-3.300000,0.750000,0.893029
-3.250000,0.750000,1.060660
-3.200000,0.750000,1.203121
-3.150000,0.750000,1.328533
-3.100000,0.750000,1.441354
-3.050000,0.750000,1.544345
-3.000000,0.750000,1.639360
-2.950000,0.750000,1.727715
-2.900000,0.750000,1.810387
-2.850000,0.750000,1.888121
-2.800000,0.750000,1.961505
-2.750000,0.750000,2.031010
-2.700000,0.750000,2.097022
-2.650000,0.750000,2.159861
-2.600000,0.750000,2.219797
-2.550000,0.750000,2.277060
-2.500000,0.750000,2.331845
-2.450000,0.750000,2.384324
-2.400000,0.750000,2.434646
-2.350000,0.750000,2.482942
-2.300000,0.750000,2.529328
-2.250000,0.750000,2.573908
-2.200000,0.750000,2.616773
-2.150000,0.750000,2.658007
-2.100000,0.750000,2.697684
-2.050000,0.750000,2.735873
-2.000000,0.750000,2.772634
-1.950000,0.750000,2.808024
-1.900000,0.750000,2.842094
-1.850000,0.750000,2.874891
-1.800000,0.750000,2.906458
-1.750000,0.750000,2.936835
-1.700000,0.750000,2.966058
-1.650000,0.750000,2.994161
-1.600000,0.750000,3.021175
-1.550000,0.750000,3.047130
-1.500000,0.750000,3.072051
-1.450000,0.750000,3.095965
-1.400000,0.750000,3.118894
-1.350000,0.750000,3.140860
-1.300000,0.750000,3.161882
-1.250000,0.750000,3.181981
-1.200000,0.750000,3.201172
-1.150000,0.750000,3.219472
-1.100000,0.750000,3.236897
-1.050000,0.750000,3.253460
-1.000000,0.750000,3.269174
-0.950000,0.750000,3.284052
-0.900000,0.750000,3.298106
-0.850000,0.750000,3.311344
-0.800000,0.750000,3.323778
-0.750000,0.750000,3.335416
-0.700000,0.750000,3.346267
-0.650000,0.750000,3.356337
-0.600000,0.750000,3.365635
-0.550000,0.750000,3.374167
-0.500000,0.750000,3.381937
-0.450000,0.750000,3.388953
-0.400000,0.750000,3.395217
-0.350000,0.750000,3.400735
-0.300000,0.750000,3.405510
-0.250000,0.750000,3.409545
-0.200000,0.750000,3.412843
-0.150000,0.750000,3.415406
-0.100000,0.750000,3.417236
-0.050000,0.750000,3.418333
-0.000000,0.750000,3.418699
0.050000,0.750000,3.418333
0.100000,0.750000,3.417236
0.150000,0.750000,3.415406
0.200000,0.750000,3.412843
0.250000,0.750000,3.409545
0.300000,0.750000,3.405510
0.350000,0.750000,3.400735
0.400000,0.750000,3.395217
0.450000,0.750000,3.388953
0.500000,0.750000,3.381937
0.550000,0.750000,3.374167
0.600000,0.750000,3.365635
0.650000,0.750000,3.356337
0.700000,0.750000,3.346267
0.750000,0.750000,3.335416
0.800000,0.750000,3.323778
0.850000,0.750000,3.311344
0.900000,0.750000,3.298106
0.950000,0.750000,3.284052
1.000000,0.750000,3.269174
1.050000,0.750000,3.253460
1.100000,0.750000,3.236897
1.150000,0.750000,3.219472
1.200000,0.750000,3.201172
1.250000,0.750000,3.181981
1.300000,0.750000,3.161882
1.350000,0.750000,3.140860
1.400000,0.750000,3.118894
1.450000,0.750000,3.095965
1.500000,0.750000,3.072051
1.550000,0.750000,3.047130
1.600000,0.750000,3.021175
1.650000,0.750000,2.994161
1.700000,0.750000,2.966058
1.750000,0.750000,2.936835
1.800000,0.750000,2.906458
1.850000,0.750000,2.874891
1.900000,0.750000,2.842094
1.950000,0.750000,2.808024
2.000000,0.750000,2.772634
2.050000,0.750000,2.735873
2.100000,0.750000,2.697684
2.150000,0.750000,2.658007
2.200000,0.750000,2.616773
2.250000,0.750000,2.573908
2.300000,0.750000,2.529328
2.350000,0.750000,2.482942
2.400000,0.750000,2.434646
2.450000,0.750000,2.384324
2.500000,0.750000,2.331845
2.550000,0.750000,2.277060
2.600000,0.750000,2.219797
2.650000,0.750000,2.159861
2.700000,0.750000,2.097022
2.750000,0.750000,2.031010
2.800000,0.750000,1.961505
2.850000,0.750000,1.888121
2.900000,0.750000,1.810387
2.950000,0.750000,1.727715
3.000000,0.750000,1.639360
3.050000,0.750000,1.544345
3.100000,0.750000,1.441354
3.150000,0.750000,1.328533
3.200000,0.750000,1.203121
3.250000,0.750000,1.060660
3.300000,0.750000,0.893029
3.350000,0.750000,
3.400000,0.750000,
3.450000,0.750000,
3.500000,0.750000,
-3.500000,0.800000,
-3.450000,0.800000,
-3.400000,0.800000,
-3.350000,0.800000,
-3.300000,0.800000,0.848528
-3.250000,0.800000,1.023474
-3.200000,0.800000,1.170470
-3.150000,0.800000,1.299038
-3.100000,0.800000,1.414214
-3.050000,0.800000,1.519046
-3.000000,0.800000,1.615549
-2.950000,0.800000,1.705139
-2.900000,0.800000,1.788854
-2.850000,0.800000,1.867485
-2.800000,0.800000,1.941649
-2.750000,0.800000,2.011840
-2.700000,0.800000,2.078461
-2.650000,0.800000,2.141845
-2.600000,0.800000,2.202272
-2.550000,0.800000,2.259978
-2.500000,0.800000,2.315167
-2.450000,0.800000,2.368016
-2.400000,0.800000,2.418677
-2.350000,0.800000,2.467286
-2.300000,0.800000,2.513961
-2.250000,0.800000,2.558808
-2.200000,0.800000,2.601922
-2.150000,0.800000,2.643388
-2.100000,0.800000,2.683282
-2.050000,0.800000,2.721672
-2.000000,0.800000,2.758623
-1.950000,0.800000,2.794190
-1.900000,0.800000,2.828427
-1.850000,0.800000,2.861381
-1.800000,0.800000,2.893095
-1.750000,0.800000,2.923611
-1.700000,0.800000,2.952965
-1.650000,0.800000,2.981191
-1.600000,0.800000,3.008322
-1.550000,0.800000,3.034386
-1.500000,0.800000,3.059412
-1.450000,0.800000,3.083423
-1.400000,0.800000,3.106445
-1.350000,0.800000,3.128498
-1.300000,0.800000,3.149603
-1.250000,0.800000,3.169779
-1.200000,0.800000,3.189044
-1.150000,0.800000,3.207413
-1.100000,0.800000,3.224903
-1.050000,0.800000,3.241527
-1.000000,0.800000,3.257299
-0.950000,0.800000,3.272232
-0.900000,0.800000,3.286335
-0.850000,0.800000,3.299621
-0.800000,0.800000,3.312099
-0.750000,0.800000,3.323778
-0.700000,0.800000,3.334666
-0.650000,0.800000,3.344772
-0.600000,0.800000,3.354102
-0.550000,0.800000,3.362663
-0.500000,0.800000,3.370460
-0.450000,0.800000,3.377499
-0.400000,0.800000,3.383785
-0.350000,0.800000,3.389321
-0.300000,0.800000,3.394113
-0.250000,0.800000,3.398161
-0.200000,0.800000,3.401470
-0.150000,0.800000,3.404042
-0.100000,0.800000,3.405877
-0.050000,0.800000,3.406978
-0.000000,0.800000,3.407345
0.050000,0.800000,3.406978
0.100000,0.800000,3.405877
0.150000,0.800000,3.404042
0.200000,0.800000,3.401470
0.250000,0.800000,3.398161
0.300000,0.800000,3.394113
0.350000,0.800000,3.389321
0.400000,0.800000,3.383785
0.450000,0.800000,3.377499
0.500000,0.800000,3.370460
0.550000,0.800000,3.362663
0.600000,0.800000,3.354102
0.650000,0.800000,3.344772
0.700000,0.800000,3.334666
0.750000,0.800000,3.323778
0.800000,0.800000,3.312099
0.850000,0.800000,3.299621
0.900000,0.800000,3.286335
0.950000,0.800000,3.272232
1.000000,0.800000,3.257299
1.050000,0.800000,3.241527
1.100000,0.800000,3.224903
1.150000,0.800000,3.207413
1.200000,0.800000,3.189044
1.250000,0.800000,3.169779
1.300000,0.800000,3.149603
1.350000,0.800000,3.128498
1.400000,0.800000,3.106445
1.450000,0.800000,3.083423
1.500000,0.800000,3.059412
1.550000,0.800000,3.034386
1.600000,0.800000,3.008322
1.650000,0.800000,2.981191
1.700000,0.800000,2.952965
1.750000,0.800000,2.923611
1.800000,0.800000,2.893095
1.850000,0.800000,2.861381
1.900000,0.800000,2.828427
1.950000,0.800000,2.794190
2.000000,0.800000,2.758623
2.050000,0.800000,2.721672
2.100000,0.800000,2.683282
2.150000,0.800000,2.643388
2.200000,0.800000,2.601922
2.250000,0.800000,2.558808
2.300000,0.800000,2.513961
2.350000,0.800000,2.467286
2.400000,0.800000,2.418677
2.450000,0.800000,2.368016
2.500000,0.800000,2.315167
2.550000,0.800000,2.259978
2.600000,0.800000,2.202272
2.650000,0.800000,2.141845
2.700000,0.800000,2.078461
2.750000,0.800000,2.011840
2.800000,0.800000,1.941649
2.850000,0.800000,1.867485
2.900000,0.800000,1.788854
2.950000,0.800000,1.705139
3.000000,0.800000,1.615549
3.050000,0.800000,1.519046
3.100000,0.800000,1.414214
3.150000,0.800000,1.299038
3.200000,0.800000,1.170470
3.250000,0.800000,1.023474
3.300000,0.800000,0.848528
3.350000,0.800000,
3.400000,0.800000,
3.450000,0.800000,
3.500000,0.800000,
-3.500000,0.850000,
-3.450000,0.850000,
-3.400000,0.850000,
-3.350000,0.850000,
-3.300000,0.850000,
-3.250000,0.850000,0.982344
-3.200000,0.850000,1.134681
-3.150000,0.850000,1.266886
-3.100000,0.850000,1.384738
-3.050000,0.850000,1.491643
-3.000000,0.850000,1.589811
-2.950000,0.850000,1.680774
-2.900000,0.850000,1.765644
-2.850000,0.850000,1.845264
-2.800000,0.850000,1.920286
-2.750000,0.850000,1.991231
-2.700000,0.850000,2.058519
-2.650000,0.850000,2.122499
-2.600000,0.850000,2.183461
-2.550000,0.850000,2.241651
-2.500000,0.850000,2.297281
-2.450000,0.850000,2.350532
-2.400000,0.850000,2.401562
-2.350000,0.850000,2.450510
-2.300000,0.850000,2.497499
-2.250000,0.850000,2.542636
-2.200000,0.850000,2.586020
-2.150000,0.850000,2.627737
-2.100000,0.850000,2.667864
-2.050000,0.850000,2.706474
-2.000000,0.850000,2.743629
-1.950000,0.850000,2.779388
-1.900000,0.850000,2.813805
-1.850000,0.850000,2.846928
-1.800000,0.850000,2.878802
-1.750000,0.850000,2.909467
-1.700000,0.850000,2.938962
-1.650000,0.850000,2.967322
-1.600000,0.850000,2.994578
-1.550000,0.850000,3.020761
-1.500000,0.850000,3.045899
-1.450000,0.850000,3.070016
-1.400000,0.850000,3.093138
-1.350000,0.850000,3.115285
-1.300000,0.850000,3.136479
-1.250000,0.850000,3.156739
-1.200000,0.850000,3.176082
-1.150000,0.850000,3.194527
-1.100000,0.850000,3.212087
-1.050000,0.850000,3.228777
-1.000000,0.850000,3.244611
-0.950000,0.850000,3.259601
-0.900000,0.850000,3.273759
-0.850000,0.850000,3.287096
-0.800000,0.850000,3.299621
-0.750000,0.850000,3.311344
-0.700000,0.850000,3.322273
-0.650000,0.850000,3.332417
-0.600000,0.850000,3.341781
-0.550000,0.850000,3.350373
-0.500000,0.850000,3.358199
-0.450000,0.850000,3.365264
-0.400000,0.850000,3.371572
-0.350000,0.850000,3.377129
-0.300000,0.850000,3.381937
-0.250000,0.850000,3.386001
-0.200000,0.850000,3.389321
-0.150000,0.850000,3.391902
-0.100000,0.850000,3.393744
-0.050000,0.850000,3.394849
-0.000000,0.850000,3.395217
0.050000,0.850000,3.394849
0.100000,0.850000,3.393744
0.150000,0.850000,3.391902
0.200000,0.850000,3.389321
0.250000,0.850000,3.386001
0.300000,0.850000,3.381937
0.350000,0.850000,3.377129
0.400000,0.850000,3.371572
0.450000,0.850000,3.365264
0.500000,0.850000,3.358199
0.550000,0.850000,3.350373
0.600000,0.850000,3.341781
0.650000,0.850000,3.332417
0.700000,0.850000,3.322273
0.750000,0.850000,3.311344
0.800000,0.850000,3.299621
0.850000,0.850000,3.287096
0.900000,0.850000,3.273759
0.950000,0.850000,3.259601
1.000000,0.850000,3.244611
1.050000,0.850000,3.228777
1.100000,0.850000,3.212087
1.150000,0.850000,3.194527
1.200000,0.850000,3.176082
1.250000,0.850000,3.156739
1.300000,0.850000,3.136479
1.350000,0.850000,3.115285
1.400000,0.850000,3.093138
1.450000,0.850000,3.070016
1.500000,0.850000,3.045899
1.550000,0.850000,3.020761
1.600000,0.850000,2.994578
1.650000,0.850000,2.967322
1.700000,0.850000,2.938962
1.750000,0.850000,2.909467
1.800000,0.850000,2.878802
1.850000,0.850000,2.846928
1.900000,0.850000,2.813805
1.950000,0.850000,2.779388
2.000000,0.850000,2.743629
2.050000,0.850000,2.706474
2.100000,0.850000,2.667864
2.150000,0.850000,2.627737
2.200000,0.850000,2.586020
2.250000,0.850000,2.542636
2.300000,0.850000,2.497499
2.350000,0.850000,2.450510
2.400000,0.850000,2.401562
2.450000,0.850000,2.350532
2.500000,0.850000,2.297281
2.550000,0.850000,2.241651
2.600000,0.850000,2.183461
2.650000,0.850000,2.122499
2.700000,0.850000,2.058519
2.750000,0.850000,1.991231
2.800000,0.850000,1.920286
2.850000,0.850000,1.845264
2.900000,0.850000,1.765644
2.950000,0.850000,1.680774
3.000000,0.850000,1.589811
3.050000,0.850000,1.491643
3.100000,0.850000,1.384738
3.150000,0.850000,1.266886
3.200000,0.850000,1.134681
3.250000,0.850000,0.982344
3.300000,0.850000,
3.350000,0.850000,
3.400000,0.850000,
3.450000,0.850000,
3.500000,0.850000,
-3.500000,0.900000,
-3.450000,0.900000,
-3.400000,0.900000,
-3.350000,0.900000,
-3.300000,0.900000,
-3.250000,0.900000,0.936750
-3.200000,0.900000,1.095445
-3.150000,0.900000,1.231868
-3.100000,0.900000,1.352775
-3.050000,0.900000,1.462019
-3.000000,0.900000,1.562050
-2.950000,0.900000,1.654539
-2.900000,0.900000,1.740690
-2.850000,0.900000,1.821401
-2.800000,0.900000,1.897367
-2.750000,0.900000,1.969137
-2.700000,0.900000,2.037155
-2.650000,0.900000,2.101785
-2.600000,0.900000,2.163331
-2.550000,0.900000,2.222049
-2.500000,0.900000,2.278157
-2.450000,0.900000,2.331845
-2.400000,0.900000,2.383275
-2.350000,0.900000,2.432591
-2.300000,0.900000,2.479919
-2.250000,0.900000,2.525371
-2.200000,0.900000,2.569047
-2.150000,0.900000,2.611034
-2.100000,0.900000,2.651415
-2.050000,0.900000,2.690260
-2.000000,0.900000,2.727636
-1.950000,0.900000,2.763603
-1.900000,0.900000,2.798214
-1.850000,0.900000,2.831519
-1.800000,0.900000,2.863564
-1.750000,0.900000,2.894391
-1.700000,0.900000,2.924038
-1.650000,0.900000,2.952541
-1.600000,0.900000,2.979933
-1.550000,0.900000,3.006244
-1.500000,0.900000,3.031501
-1.450000,0.900000,3.055732
-1.400000,0.900000,3.078961
-1.350000,0.900000,3.101209
-1.300000,0.900000,3.122499
-1.250000,0.900000,3.142849
-1.200000,0.900000,3.162278
-1.150000,0.900000,3.180802
-1.100000,0.900000,3.198437
-1.050000,0.900000,3.215198
-1.000000,0.900000,3.231099
-0.950000,0.900000,3.246152
-0.900000,0.900000,3.260368
-0.850000,0.900000,3.273759
-0.800000,0.900000,3.286335
-0.750000,0.900000,3.298106
-0.700000,0.900000,3.309078
-0.650000,0.900000,3.319262
-0.600000,0.900000,3.328663
-0.550000,0.900000,3.337289
-0.500000,0.900000,3.345146
-0.450000,0.900000,3.352238
-0.400000,0.900000,3.358571
-0.350000,0.900000,3.364149
-0.300000,0.900000,3.368976
-0.250000,0.900000,3.373055
-0.200000,0.900000,3.376389
-0.150000,0.900000,3.378979
-0.100000,0.900000,3.380828
-0.050000,0.900000,3.381937
-0.000000,0.900000,3.382307
0.050000,0.900000,3.381937
0.100000,0.900000,3.380828
0.150000,0.900000,3.378979
0.200000,0.900000,3.376389
0.250000,0.900000,3.373055
0.300000,0.900000,3.368976
0.350000,0.900000,3.364149
0.400000,0.900000,3.358571
0.450000,0.900000,3.352238
0.500000,0.900000,3.345146
0.550000,0.900000,3.337289
0.600000,0.900000,3.328663
0.650000,0.900000,3.319262
0.700000,0.900000,3.309078
0.750000,0.900000,3.298106
0.800000,0.900000,3.286335
0.850000,0.900000,3.273759
0.900000,0.900000,3.260368
0.950000,0.900000,3.246152
1.000000,0.900000,3.231099
1.050000,0.900000,3.215198
1.100000,0.900000,3.198437
1.150000,0.900000,3.180802
1.200000,0.900000,3.162278
1.250000,0.900000,3.142849
1.300000,0.900000,3.122499
1.350000,0.900000,3.101209
1.400000,0.900000,3.078961
1.450000,0.900000,3.055732
1.500000,0.900000,3.031501
1.550000,0.900000,3.006244
1.600000,0.900000,2.979933
1.650000,0.900000,2.952541
1.700000,0.900000,2.924038
1.750000,0.900000,2.894391
1.800000,0.900000,2.863564
1.850000,0.900000,2.831519
1.900000,0.900000,2.798214
1.950000,0.900000,2.763603
2.000000,0.900000,2.727636
2.050000,0.900000,2.690260
2.100000,0.900000,2.651415
2.150000,0.900000,2.611034
2.200000,0.900000,2.569047
2.250000,0.900000,2.525371
2.300000,0.900000,2.479919
2.350000,0.900000,2.432591
2.400000,0.900000,2.383275
2.450000,0.900000,2.331845
2.500000,0.900000,2.278157
2.550000,0.900000,2.222049
2.600000,0.900000,2.163331
2.650000,0.900000,2.101785
2.700000,0.900000,2.037155
2.750000,0.900000,1.969137
2.800000,0.900000,1.897367
2.850000,0.900000,1.821401
2.900000,0.900000,1.740690
2.950000,0.900000,1.654539
3.000000,0.900000,1.562050
3.050000,0.900000,1.462019
3.100000,0.900000,1.352775
3.150000,0.900000,1.231868
3.200000,0.900000,1.095445
3.250000,0.900000,0.936750
3.300000,0.900000,
3.350000,0.900000,
3.400000,0.900000,
3.450000,0.900000,
3.500000,0.900000,
-3.500000,0.950000,
-3.450000,0.950000,
-3.400000,0.950000,
-3.350000,0.950000,
-3.300000,0.950000,
-3.250000,0.950000,
-3.200000,0.950000,1.052378
-3.150000,0.950000,1.193734
-3.100000,0.950000,1.318143
-3.050000,0.950000,1.430035
-3.000000,0.950000,1.532155
-2.950000,0.950000,1.626346
-2.900000,0.950000,1.713914
-2.850000,0.950000,1.795828
-2.800000,0.950000,1.872832
-2.750000,0.950000,1.945508
-2.700000,0.950000,2.014324
-2.650000,0.950000,2.079663
-2.600000,0.950000,2.141845
-2.550000,0.950000,2.201136
-2.500000,0.950000,2.257764
-2.450000,0.950000,2.311926
-2.400000,0.950000,2.363789
-2.350000,0.950000,2.413504
-2.300000,0.950000,2.461199
-2.250000,0.950000,2.506990
-2.200000,0.950000,2.550980
-2.150000,0.950000,2.593260
-2.100000,0.950000,2.633913
-2.050000,0.950000,2.673013
-2.000000,0.950000,2.710627
-1.950000,0.950000,2.746816
-1.900000,0.950000,2.781636
-1.850000,0.950000,2.815138
-1.800000,0.950000,2.847367
-1.750000,0.950000,2.878368
-1.700000,0.950000,2.908178
-1.650000,0.950000,2.936835
-1.600000,0.950000,2.964372
-1.550000,0.950000,2.990819
-1.500000,0.950000,3.016206
-1.450000,0.950000,3.040559
-1.400000,0.950000,3.063903
-1.350000,0.950000,3.086260
-1.300000,0.950000,3.107652
-1.250000,0.950000,3.128098
-1.200000,0.950000,3.147618
-1.150000,0.950000,3.166228
-1.100000,0.950000,3.183944
-1.050000,0.950000,3.200781
-1.000000,0.950000,3.216753
-0.950000,0.950000,3.231873
-0.900000,0.950000,3.246152
-0.850000,0.950000,3.259601
-0.800000,0.950000,3.272232
-0.750000,0.950000,3.284052
-0.700000,0.950000,3.295072
-0.650000,0.950000,3.305299
-0.600000,0.950000,3.314740
-0.550000,0.950000,3.323402
-0.500000,0.950000,3.331291
-0.450000,0.950000,3.338413
-0.400000,0.950000,3.344772
-0.350000,0.950000,3.350373
-0.300000,0.950000,3.355220
-0.250000,0.950000,3.359315
-0.200000,0.950000,3.362663
-0.150000,0.950000,3.365264
-0.100000,0.950000,3.367120
-0.050000,0.950000,3.368234
-0.000000,0.950000,3.368605
0.050000,0.950000,3.368234
0.100000,0.950000,3.367120
0.150000,0.950000,3.365264
0.200000,0.950000,3.362663
0.250000,0.950000,3.359315
0.300000,0.950000,3.355220
0.350000,0.950000,3.350373
0.400000,0.950000,3.344772
0.450000,0.950000,3.338413
0.500000,0.950000,3.331291
0.550000,0.950000,3.323402
0.600000,0.950000,3.314740
0.650000,0.950000,3.305299
0.700000,0.950000,3.295072
0.750000,0.950000,3.284052
0.800000,0.950000,3.272232
0.850000,0.950000,3.259601
0.900000,0.950000,3.246152
0.950000,0.950000,3.231873
1.000000,0.950000,3.216753
1.050000,0.950000,3.200781
1.100000,0.950000,3.183944
1.150000,0.950000,3.166228
1.200000,0.950000,3.147618
1.250000,0.950000,3.128098
1.300000,0.950000,3.107652
1.350000,0.950000,3.086260
1.400000,0.950000,3.063903
1.450000,0.950000,3.040559
1.500000,0.950000,3.016206
1.550000,0.950000,2.990819
1.600000,0.950000,2.964372
1.650000,0.950000,2.936835
1.700000,0.950000,2.908178
1.750000,0.950000,2.878368
1.800000,0.950000,2.847367
1.850000,0.950000,2.815138
1.900000,0.950000,2.781636
1.950000,0.950000,2.746816
2.000000,0.950000,2.710627
2.050000,0.950000,2.673013
2.100000,0.950000,2.633913
2.150000,0.950000,2.593260
2.200000,0.950000,2.550980
2.250000,0.950000,2.506990
2.300000,0.950000,2.461199
2.350000,0.950000,2.413504
2.400000,0.950000,2.363789
2.450000,0.950000,2.311926
2.500000,0.950000,2.257764
2.550000,0.950000,2.201136
2.600000,0.950000,2.141845
2.650000,0.950000,2.079663
2.700000,0.950000,2.014324
2.750000,0.950000,1.945508
2.800000,0.950000,1.872832
2.850000,0.950000,1.795828
2.900000,0.950000,1.713914
2.950000,0.950000,1.626346
3.000000,0.950000,1.532155
3.050000,0.950000,1.430035
3.100000,0.950000,1.318143
3.150000,0.950000,1.193734
3.200000,0.950000,1.052378
3.250000,0.950000,
3.300000,0.950000,
3.350000,0.950000,
3.400000,0.950000,
3.450000,0.950000,
3.500000,0.950000,
-3.500000,1.000000,
-3.450000,1.000000,
-3.400000,1.000000,
-3.350000,1.000000,
-3.300000,1.000000,
-3.250000,1.000000,
-3.200000,1.000000,1.004988
-3.150000,1.000000,1.152172
-3.100000,1.000000,1.280625
-3.050000,1.000000,1.395529
-3.000000,1.000000,1.500000
-2.950000,1.000000,1.596089
-2.900000,1.000000,1.685230
-2.850000,1.000000,1.768474
-2.800000,1.000000,1.846619
-2.750000,1.000000,1.920286
-2.700000,1.000000,1.989975
-2.650000,1.000000,2.056089
-2.600000,1.000000,2.118962
-2.550000,1.000000,2.178876
-2.500000,1.000000,2.236068
-2.450000,1.000000,2.290742
-2.400000,1.000000,2.343075
-2.350000,1.000000,2.393220
-2.300000,1.000000,2.441311
-2.250000,1.000000,2.487469
-2.200000,1.000000,2.531798
-2.150000,1.000000,2.574393
-2.100000,1.000000,2.615339
-2.050000,1.000000,2.654713
-2.000000,1.000000,2.692582
-1.950000,1.000000,2.729011
-1.900000,1.000000,2.764055
-1.850000,1.000000,2.797767
-1.800000,1.000000,2.830194
-1.750000,1.000000,2.861381
-1.700000,1.000000,2.891366
-1.650000,1.000000,2.920188
-1.600000,1.000000,2.947881
-1.550000,1.000000,2.974475
-1.500000,1.000000,3.000000
-1.450000,1.000000,3.024483
-1.400000,1.000000,3.047950
-1.350000,1.000000,3.070423
-1.300000,1.000000,3.091925
-1.250000,1.000000,3.112475
-1.200000,1.000000,3.132092
-1.150000,1.000000,3.150794
-1.100000,1.000000,3.168596
-1.050000,1.000000,3.185514
-1.000000,1.000000,3.201562
-0.950000,1.000000,3.216753
-0.900000,1.000000,3.231099
-0.850000,1.000000,3.244611
-0.800000,1.000000,3.257299
-0.750000,1.000000,3.269174
-0.700000,1.000000,3.280244
-0.650000,1.000000,3.290517
-0.600000,1.000000,3.300000
-0.550000,1.000000,3.308701
-0.500000,1.000000,3.316625
-0.450000,1.000000,3.323778
-0.400000,1.000000,3.330165
-0.350000,1.000000,3.335791
-0.300000,1.000000,3.340659
-0.250000,1.000000,3.344772
-0.200000,1.000000,3.348134
-0.150000,1.000000,3.350746
-0.100000,1.000000,3.352611
-0.050000,1.000000,3.353729
-0.000000,1.000000,3.354102
0.050000,1.000000,3.353729
0.100000,1.000000,3.352611
0.150000,1.000000,3.350746
0.200000,1.000000,3.348134
0.250000,1.000000,3.344772
0.300000,1.000000,3.340659
0.350000,1.000000,3.335791
0.400000,1.000000,3.330165
0.450000,1.000000,3.323778
0.500000,1.000000,3.316625
0.550000,1.000000,3.308701
0.600000,1.000000,3.300000
0.650000,1.000000,3.290517
0.700000,1.000000,3.280244
0.750000,1.000000,3.269174
0.800000,1.000000,3.257299
0.850000,1.000000,3.244611
0.900000,1.000000,3.231099
0.950000,1.000000,3.216753
1.000000,1.000000,3.201562
1.050000,1.000000,3.185514
1.100000,1.000000,3.168596
1.150000,1.000000,3.150794
1.200000,1.000000,3.132092
1.250000,1.000000,3.112475
1.300000,1.000000,3.091925
1.350000,1.000000,3.070423
1.400000,1.000000,3.047950
1.450000,1.000000,3.024483
1.500000,1.000000,3.000000
1.550000,1.000000,2.974475
1.600000,1.000000,2.947881
1.650000,1.000000,2.920188
1.700000,1.000000,2.891366
1.750000,1.000000,2.861381
1.800000,1.000000,2.830194
1.850000,1.000000,2.797767
1.900000,1.000000,2.764055
1.950000,1.000000,2.729011
2.000000,1.000000,2.692582
2.050000,1.000000,2.654713
2.100000,1.000000,2.615339
2.150000,1.000000,2.574393
2.200000,1.000000,2.531798
2.250000,1.000000,2.487469
2.300000,1.000000,2.441311
2.350000,1.000000,2.393220
2.400000,1.000000,2.343075
2.450000,1.000000,2.290742
2.500000,1.000000,2.236068
2.550000,1.000000,2.178876
2.600000,1.000000,2.118962
2.650000,1.000000,2.056089
2.700000,1.000000,1.989975
2.750000,1.000000,1.920286
2.800000,1.000000,1.846619
2.850000,1.000000,1.768474
2.900000,1.000000,1.685230
2.950000,1.000000,1.596089
3.000000,1.000000,1.500000
3.050000,1.000000,1.395529
3.100000,1.000000,1.280625
3.150000,1.000000,1.152172
3.200000,1.000000,1.004988
3.250000,1.000000,
3.300000,1.000000,
3.350000,1.000000,
3.400000,1.000000,
3.450000,1.000000,
3.500000,1.000000,
-3.500000,1.050000,
-3.450000,1.050000,
-3.400000,1.050000,
-3.350000,1.050000,
-3.300000,1.050000,
-3.250000,1.050000,
-3.200000,1.050000,
-3.150000,1.050000,1.106797
-3.100000,1.050000,1.239960
-3.050000,1.050000,1.358308
-3.000000,1.050000,1.465435
-2.950000,1.050000,1.563650
-2.900000,1.050000,1.654539
-2.850000,1.050000,1.739253
-2.800000,1.050000,1.818653
-2.750000,1.050000,1.893410
-2.700000,1.050000,1.964052
-2.650000,1.050000,2.031010
-2.600000,1.050000,2.094636
-2.550000,1.050000,2.155226
-2.500000,1.050000,2.213030
-2.450000,1.050000,2.268259
-2.400000,1.050000,2.321099
-2.350000,1.050000,2.371708
-2.300000,1.050000,2.420227
-2.250000,1.050000,2.466779
-2.200000,1.050000,2.511474
-2.150000,1.050000,2.554408
-2.100000,1.050000,2.595669
-2.050000,1.050000,2.635337
-2.000000,1.050000,2.673481
-1.950000,1.050000,2.710166
-1.900000,1.050000,2.745451
-1.850000,1.050000,2.779388
-1.800000,1.050000,2.812028
-1.750000,1.050000,2.843413
-1.700000,1.050000,2.873587
-1.650000,1.050000,2.902585
-1.600000,1.050000,2.930444
-1.550000,1.050000,2.957195
-1.500000,1.050000,2.982868
-1.450000,1.050000,3.007491
-1.400000,1.050000,3.031089
-1.350000,1.050000,3.053686
-1.300000,1.050000,3.075305
-1.250000,1.050000,3.095965
-1.200000,1.050000,3.115686
-1.150000,1.050000,3.134486
-1.100000,1.050000,3.152380
-1.050000,1.050000,3.169385
-1.000000,1.050000,3.185514
-0.950000,1.050000,3.200781
-0.900000,1.050000,3.215198
-0.850000,1.050000,3.228777
-0.800000,1.050000,3.241527
-0.750000,1.050000,3.253460
-0.700000,1.050000,3.264583
-0.650000,1.050000,3.274905
-0.600000,1.050000,3.284433
-0.550000,1.050000,3.293175
-0.500000,1.050000,3.301136
-0.450000,1.050000,3.308323
-0.400000,1.050000,3.314740
-0.350000,1.050000,3.320392
-0.300000,1.050000,3.325282
-0.250000,1.050000,3.329414
-0.200000,1.050000,3.332792
-0.150000,1.050000,3.335416
-0.100000,1.050000,3.337289
-0.050000,1.050000,3.338413
-0.000000,1.050000,3.338787
0.050000,1.050000,3.338413
0.100000,1.050000,3.337289
0.150000,1.050000,3.335416
0.200000,1.050000,3.332792
0.250000,1.050000,3.329414
0.300000,1.050000,3.325282
0.350000,1.050000,3.320392
0.400000,1.050000,3.314740
0.450000,1.050000,3.308323
0.500000,1.050000,3.301136
0.550000,1.050000,3.293175
0.600000,1.050000,3.284433
0.650000,1.050000,3.274905
0.700000,1.050000,3.264583
0.750000,1.050000,3.253460
0.800000,1.050000,3.241527
0.850000,1.050000,3.228777
0.900000,1.050000,3.215198
0.950000,1.050000,3.200781
1.000000,1.050000,3.185514
1.050000,1.050000,3.169385
1.100000,1.050000,3.152380
1.150000,1.050000,3.134486
1.200000,1.050000,3.115686
1.250000,1.050000,3.095965
1.300000,1.050000,3.075305
1.350000,1.050000,3.053686
1.400000,1.050000,3.031089
1.450000,1.050000,3.007491
1.500000,1.050000,2.982868
1.550000,1.050000,2.957195
1.600000,1.050000,2.930444
1.650000,1.050000,2.902585
1.700000,1.050000,2.873587
1.750000,1.050000,2.843413
1.800000,1.050000,2.812028
1.850000,1.050000,2.779388
1.900000,1.050000,2.745451
1.950000,1.050000,2.710166
2.000000,1.050000,2.673481
2.050000,1.050000,2.635337
2.100000,1.050000,2.595669
2.150000,1.050000,2.554408
2.200000,1.050000,2.511474
2.250000,1.050000,2.466779
2.300000,1.050000,2.420227
2.350000,1.050000,2.371708
2.400000,1.050000,2.321099
2.450000,1.050000,2.268259
2.500000,1.050000,2.213030
2.550000,1.050000,2.155226
2.600000,1.050000,2.094636
2.650000,1.050000,2.031010
2.700000,1.050000,1.964052
2.750000,1.050000,1.893410
2.800000,1.050000,1.818653
2.850000,1.050000,1.739253
2.900000,1.050000,1.654539
2.950000,1.050000,1.563650
3.000000,1.050000,1.465435
3.050000,1.050000,1.358308
3.100000,1.050000,1.239960
3.150000,1.050000,1.106797
3.200000,1.050000,
3.250000,1.050000,
3.300000,1.050000,
3.350000,1.050000,
3.400000,1.050000,
3.450000,1.050000,
3.500000,1.050000,
-3.500000,1.100000,
-3.450000,1.100000,
-3.400000,1.100000,
-3.350000,1.100000,
-3.300000,1.100000,
-3.250000,1.100000,
-3.200000,1.100000,
-3.150000,1.100000,1.057119
-3.100000,1.100000,1.195826
-3.050000,1.100000,1.318143
-3.000000,1.100000,1.428286
-2.950000,1.100000,1.528888
-2.900000,1.100000,1.621727
-2.850000,1.100000,1.708069
-2.800000,1.100000,1.788854
-2.750000,1.100000,1.864806
-2.700000,1.100000,1.936492
-2.650000,1.100000,2.004370
-2.600000,1.100000,2.068816
-2.550000,1.100000,2.130141
-2.500000,1.100000,2.188607
-2.450000,1.100000,2.244438
-2.400000,1.100000,2.297825
-2.350000,1.100000,2.348936
-2.300000,1.100000,2.397916
-2.250000,1.100000,2.444893
-2.200000,1.100000,2.489980
-2.150000,1.100000,2.533279
-2.100000,1.100000,2.574879
-2.050000,1.100000,2.614861
-2.000000,1.100000,2.653300
-1.950000,1.100000,2.690260
-1.900000,1.100000,2.725803
-1.850000,1.100000,2.759982
-1.800000,1.100000,2.792848
-1.750000,1.100000,2.824447
-1.700000,1.100000,2.854820
-1.650000,1.100000,2.884008
-1.600000,1.100000,2.912044
-1.550000,1.100000,2.938962
-1.500000,1.100000,2.964793
-1.450000,1.100000,2.989565
-1.400000,1.100000,3.013304
-1.350000,1.100000,3.036034
-1.300000,1.100000,3.057777
-1.250000,1.100000,3.078555
-1.200000,1.100000,3.098387
-1.150000,1.100000,3.117290
-1.100000,1.100000,3.135283
-1.050000,1.100000,3.152380
-1.000000,1.100000,3.168596
-0.950000,1.100000,3.183944
-0.900000,1.100000,3.198437
-0.850000,1.100000,3.212087
-0.800000,1.100000,3.224903
-0.750000,1.100000,3.236897
-0.700000,1.100000,3.248076
-0.650000,1.100000,3.258451
-0.600000,1.100000,3.268027
-0.550000,1.100000,3.276812
-0.500000,1.100000,3.284814
-0.450000,1.100000,3.292036
-0.400000,1.100000,3.298485
-0.350000,1.100000,3.304164
-0.300000,1.100000,3.309078
-0.250000,1.100000,3.313231
-0.200000,1.100000,3.316625
-0.150000,1.100000,3.319262
-0.100000,1.100000,3.321144
-0.050000,1.100000,3.322273
-0.000000,1.100000,3.322650
0.050000,1.100000,3.322273
0.100000,1.100000,3.321144
0.150000,1.100000,3.319262
0.200000,1.100000,3.316625
0.250000,1.100000,3.313231
0.300000,1.100000,3.309078
0.350000,1.100000,3.304164
0.400000,1.100000,3.298485
0.450000,1.100000,3.292036
0.500000,1.100000,3.284814
0.550000,1.100000,3.276812
0.600000,1.100000,3.268027
0.650000,1.100000,3.258451
0.700000,1.100000,3.248076
0.750000,1.100000,3.236897
0.800000,1.100000,3.224903
0.850000,1.100000,3.212087
0.900000,1.100000,3.198437
0.950000,1.100000,3.183944
1.000000,1.100000,3.168596
1.050000,1.100000,3.152380
1.100000,1.100000,3.135283
1.150000,1.100000,3.117290
1.200000,1.100000,3.098387
1.250000,1.100000,3.078555
1.300000,1.100000,3.057777
1.350000,1.100000,3.036034
1.400000,1.100000,3.013304
1.450000,1.100000,2.989565
1.500000,1.100000,2.964793
1.550000,1.100000,2.938962
1.600000,1.100000,2.912044
1.650000,1.100000,2.884008
1.700000,1.100000,2.854820
1.750000,1.100000,2.824447
1.800000,1.100000,2.792848
1.850000,1.100000,2.759982
1.900000,1.100000,2.725803
1.950000,1.100000,2.690260
2.000000,1.100000,2.653300
2.050000,1.100000,2.614861
2.100000,1.100000,2.574879
2.150000,1.100000,2.533279
2.200000,1.100000,2.489980
2.250000,1.100000,2.444893
2.300000,1.100000,2.397916
2.350000,1.100000,2.348936
2.400000,1.100000,2.297825
2.450000,1.100000,2.244438
2.500000,1.100000,2.188607
2.550000,1.100000,2.130141
2.600000,1.100000,2.068816
2.650000,1.100000,2.004370
2.700000,1.100000,1.936492
2.750000,1.100000,1.864806
2.800000,1.100000,1.788854
2.850000,1.100000,1.708069
2.900000,1.100000,1.621727
2.950000,1.100000,1.528888
3.000000,1.100000,1.428286
3.050000,1.100000,1.318143
3.100000,1.100000,1.195826
3.150000,1.100000,1.057119
3.200000,1.100000,
3.250000,1.100000,
3.300000,1.100000,
3.350000,1.100000,
3.400000,1.100000,
3.450000,1.100000,
3.500000,1.100000,
-3.500000,1.150000,
-3.450000,1.150000,
-3.400000,1.150000,
-3.350000,1.150000,
-3.300000,1.150000,
-3.250000,1.150000,
-3.200000,1.150000,
-3.150000,1.150000,
-3.100000,1.150000,1.147824
-3.050000,1.150000,1.274755
-3.000000,1.150000,1.388344
-2.950000,1.150000,1.491643
-2.900000,1.150000,1.586663
-2.850000,1.150000,1.674813
-2.800000,1.150000,1.757128
-2.750000,1.150000,1.834394
-2.700000,1.150000,1.907223
-2.650000,1.150000,1.976107
-2.600000,1.150000,2.041446
-2.550000,1.150000,2.103568
-2.500000,1.150000,2.162753
-2.450000,1.150000,2.219234
-2.400000,1.150000,2.273214
-2.350000,1.150000,2.324866
-2.300000,1.150000,2.374342
-2.250000,1.150000,2.421776
-2.200000,1.150000,2.467286
-2.150000,1.150000,2.510976
-2.100000,1.150000,2.552939
-2.050000,1.150000,2.593260
-2.000000,1.150000,2.632014
-1.950000,1.150000,2.669270
-1.900000,1.150000,2.705088
-1.850000,1.150000,2.739526
-1.800000,1.150000,2.772634
-1.750000,1.150000,2.804461
-1.700000,1.150000,2.835049
-1.650000,1.150000,2.864437
-1.600000,1.150000,2.892663
-1.550000,1.150000,2.919760
-1.500000,1.150000,2.945760
-1.450000,1.150000,2.970690
-1.400000,1.150000,2.994578
-1.350000,1.150000,3.017449
-1.300000,1.150000,3.039326
-1.250000,1.150000,3.060229
-1.200000,1.150000,3.080179
-1.150000,1.150000,3.099193
-1.100000,1.150000,3.117290
-1.050000,1.150000,3.134486
-1.000000,1.150000,3.150794
-0.950000,1.150000,3.166228
-0.900000,1.150000,3.180802
-0.850000,1.150000,3.194527
-0.800000,1.150000,3.207413
-0.750000,1.150000,3.219472
-0.700000,1.150000,3.230712
-0.650000,1.150000,3.241142
-0.600000,1.150000,3.250769
-0.550000,1.150000,3.259601
-0.500000,1.150000,3.267644
-0.450000,1.150000,3.274905
-0.400000,1.150000,3.281387
-0.350000,1.150000,3.287096
-0.300000,1.150000,3.292036
-0.250000,1.150000,3.296210
-0.200000,1.150000,3.299621
-0.150000,1.150000,3.302272
-0.100000,1.150000,3.304164
-0.050000,1.150000,3.305299
-0.000000,1.150000,3.305677
0.050000,1.150000,3.305299
0.100000,1.150000,3.304164
0.150000,1.150000,3.302272
0.200000,1.150000,3.299621
0.250000,1.150000,3.296210
0.300000,1.150000,3.292036
0.350000,1.150000,3.287096
0.400000,1.150000,3.281387
0.450000,1.150000,3.274905
0.500000,1.150000,3.267644
0.550000,1.150000,3.259601
0.600000,1.150000,3.250769
0.650000,1.150000,3.241142
0.700000,1.150000,3.230712
0.750000,1.150000,3.219472
0.800000,1.150000,3.207413
0.850000,1.150000,3.194527
0.900000,1.150000,3.180802
0.950000,1.150000,3.166228
1.000000,1.150000,3.150794
1.050000,1.150000,3.134486
1.100000,1.150000,3.117290
1.150000,1.150000,3.099193
1.200000,1.150000,3.080179
1.250000,1.150000,3.060229
1.300000,1.150000,3.039326
1.350000,1.150000,3.017449
1.400000,1.150000,2.994578
1.450000,1.150000,2.970690
1.500000,1.150000,2.945760
1.550000,1.150000,2.919760
1.600000,1.150000,2.892663
1.650000,1.150000,2.864437
1.700000,1.150000,2.835049
1.750000,1.150000,2.804461
1.800000,1.150000,2.772634
1.850000,1.150000,2.739526
1.900000,1.150000,2.705088
1.950000,1.150000,2.669270
2.000000,1.150000,2.632014
2.050000,1.150000,2.593260
2.100000,1.150000,2.552939
2.150000,1.150000,2.510976
2.200000,1.150000,2.467286
2.250000,1.150000,2.421776
2.300000,1.150000,2.374342
2.350000,1.150000,2.324866
2.400000,1.150000,2.273214
2.450000,1.150000,2.219234
2.500000,1.150000,2.162753
2.550000,1.150000,2.103568
2.600000,1.150000,2.041446
2.650000,1.150000,1.976107
2.700000,1.150000,1.907223
2.750000,1.150000,1.834394
2.800000,1.150000,1.757128
2.850000,1.150000,1.674813
2.900000,1.150000,1.586663
2.950000,1.150000,1.491643
3.000000,1.150000,1.388344
3.050000,1.150000,1.274755
3.100000,1.150000,1.147824
3.150000,1.150000,
3.200000,1.150000,
3.250000,1.150000,
3.300000,1.150000,
3.350000,1.150000,
3.400000,1.150000,
3.450000,1.150000,
3.500000,1.150000,
-3.500000,1.200000,
-3.450000,1.200000,
-3.400000,1.200000,
-3.350000,1.200000,
-3.300000,1.200000,
-3.250000,1.200000,
-3.200000,1.200000,
-3.150000,1.200000,
-3.100000,1.200000,
-3.050000,1.200000,1.227803
-3.000000,1.200000,1.345362
-2.950000,1.200000,1.451723
-2.900000,1.200000,1.549193
-2.850000,1.200000,1.639360
-2.800000,1.200000,1.723369
-2.750000,1.200000,1.802082
-2.700000,1.200000,1.876166
-2.650000,1.200000,1.946150
-2.600000,1.200000,2.012461
-2.550000,1.200000,2.075452
-2.500000,1.200000,2.135416
-2.450000,1.200000,2.192601
-2.400000,1.200000,2.247221
-2.350000,1.200000,2.299456
-2.300000,1.200000,2.349468
-2.250000,1.200000,2.397394
-2.200000,1.200000,2.443358
-2.150000,1.200000,2.487469
-2.100000,1.200000,2.529822
-2.050000,1.200000,2.570506
-2.000000,1.200000,2.609598
-1.950000,1.200000,2.647168
-1.900000,1.200000,2.683282
-1.850000,1.200000,2.717996
-1.800000,1.200000,2.751363
-1.750000,1.200000,2.783433
-1.700000,1.200000,2.814249
-1.650000,1.200000,2.843853
-1.600000,1.200000,2.872281
-1.550000,1.200000,2.899569
-1.500000,1.200000,2.925748
-1.450000,1.200000,2.950847
-1.400000,1.200000,2.974895
-1.350000,1.200000,2.997916
-1.300000,1.200000,3.019934
-1.250000,1.200000,3.040970
-1.200000,1.200000,3.061046
-1.150000,1.200000,3.080179
-1.100000,1.200000,3.098387
-1.050000,1.200000,3.115686
-1.000000,1.200000,3.132092
-0.950000,1.200000,3.147618
-0.900000,1.200000,3.162278
-0.850000,1.200000,3.176082
-0.800000,1.200000,3.189044
-0.750000,1.200000,3.201172
-0.700000,1.200000,3.212476
-0.650000,1.200000,3.222964
-0.600000,1.200000,3.232646
-0.550000,1.200000,3.241527
-0.500000,1.200000,3.249615
-0.450000,1.200000,3.256916
-0.400000,1.200000,3.263434
-0.350000,1.200000,3.269174
-0.300000,1.200000,3.274141
-0.250000,1.200000,3.278338
-0.200000,1.200000,3.281768
-0.150000,1.200000,3.284433
-0.100000,1.200000,3.286335
-0.050000,1.200000,3.287476
-0.000000,1.200000,3.287856
0.050000,1.200000,3.287476
0.100000,1.200000,3.286335
0.150000,1.200000,3.284433
0.200000,1.200000,3.281768
0.250000,1.200000,3.278338
0.300000,1.200000,3.274141
0.350000,1.200000,3.269174
0.400000,1.200000,3.263434
0.450000,1.200000,3.256916
0.500000,1.200000,3.249615
0.550000,1.200000,3.241527
0.600000,1.200000,3.232646
0.650000,1.200000,3.222964
0.700000,1.200000,3.212476
0.750000,1.200000,3.201172
0.800000,1.200000,3.189044
0.850000,1.200000,3.176082
0.900000,1.200000,3.162278
0.950000,1.200000,3.147618
1.000000,1.200000,3.132092
1.050000,1.200000,3.115686
1.100000,1.200000,3.098387
1.150000,1.200000,3.080179
1.200000,1.200000,3.061046
1.250000,1.200000,3.040970
1.300000,1.200000,3.019934
1.350000,1.200000,2.997916
1.400000,1.200000,2.974895
1.450000,1.200000,2.950847
1.500000,1.200000,2.925748
1.550000,1.200000,2.899569
1.600000,1.200000,2.872281
1.650000,1.200000,2.843853
1.700000,1.200000,2.814249
1.750000,1.200000,2.783433
1.800000,1.200000,2.751363
1.850000,1.200000,2.717996
1.900000,1.200000,2.683282
1.950000,1.200000,2.647168
2.000000,1.200000,2.609598
2.050000,1.200000,2.570506
2.100000,1.200000,2.529822
2.150000,1.200000,2.487469
2.200000,1.200000,2.443358
2.250000,1.200000,2.397394
2.300000,1.200000,2.349468
2.350000,1.200000,2.299456
2.400000,1.200000,2.247221
2.450000,1.200000,2.192601
2.500000,1.200000,2.135416
2.550000,1.200000,2.075452
2.600000,1.200000,2.012461
2.650000,1.200000,1.946150
2.700000,1.200000,1.876166
2.750000,1.200000,1.802082
2.800000,1.200000,1.723369
2.850000,1.200000,1.639360
2.900000,1.200000,1.549193
2.950000,1.200000,1.451723
3.000000,1.200000,1.345362
3.050000,1.200000,1.227803
3.100000,1.200000,
3.150000,1.200000,
3.200000,1.200000,
3.250000,1.200000,
3.300000,1.200000,
3.350000,1.200000,
3.400000,1.200000,
3.450000,1.200000,
3.500000,1.200000,
-3.500000,1.250000,
-3.450000,1.250000,
-3.400000,1.250000,
-3.350000,1.250000,
-3.300000,1.250000,
-3.250000,1.250000,
-3.200000,1.250000,
-3.150000,1.250000,
-3.100000,1.250000,
-3.050000,1.250000,
-3.000000,1.250000,1.299038
-2.950000,1.250000,1.408900
-2.900000,1.250000,1.509139
-2.850000,1.250000,1.601562
-2.800000,1.250000,1.687454
-2.750000,1.250000,1.767767
-2.700000,1.250000,1.843231
-2.650000,1.250000,1.914419
-2.600000,1.250000,1.981792
-2.550000,1.250000,2.045727
-2.500000,1.250000,2.106537
-2.450000,1.250000,2.164486
-2.400000,1.250000,2.219797
-2.350000,1.250000,2.272664
-2.300000,1.250000,2.323252
-2.250000,1.250000,2.371708
-2.200000,1.250000,2.418160
-2.150000,1.250000,2.462722
-2.100000,1.250000,2.505494
-2.050000,1.250000,2.546566
-2.000000,1.250000,2.586020
-1.950000,1.250000,2.623928
-1.900000,1.250000,2.660357
-1.850000,1.250000,2.695366
-1.800000,1.250000,2.729011
-1.750000,1.250000,2.761340
-1.700000,1.250000,2.792400
-1.650000,1.250000,2.822233
-1.600000,1.250000,2.850877
-1.550000,1.250000,2.878368
-1.500000,1.250000,2.904738
-1.450000,1.250000,2.930017
-1.400000,1.250000,2.954234
-1.350000,1.250000,2.977415
-1.300000,1.250000,2.999583
-1.250000,1.250000,3.020761
-1.200000,1.250000,3.040970
-1.150000,1.250000,3.060229
-1.100000,1.250000,3.078555
-1.050000,1.250000,3.095965
-1.000000,1.250000,3.112475
-0.950000,1.250000,3.128098
-0.900000,1.250000,3.142849
-0.850000,1.250000,3.156739
-0.800000,1.250000,3.169779
-0.750000,1.250000,3.181981
-0.700000,1.250000,3.193352
-0.650000,1.250000,3.203904
-0.600000,1.250000,3.213643
-0.550000,1.250000,3.222577
-0.500000,1.250000,3.230712
-0.450000,1.250000,3.238055
-0.400000,1.250000,3.244611
-0.350000,1.250000,3.250385
-0.300000,1.250000,3.255380
-0.250000,1.250000,3.259601
-0.200000,1.250000,3.263051
-0.150000,1.250000,3.265731
-0.100000,1.250000,3.267644
-0.050000,1.250000,3.268792
-0.000000,1.250000,3.269174
0.050000,1.250000,3.268792
0.100000,1.250000,3.267644
0.150000,1.250000,3.265731
0.200000,1.250000,3.263051
0.250000,1.250000,3.259601
0.300000,1.250000,3.255380
0.350000,1.250000,3.250385
0.400000,1.250000,3.244611
0.450000,1.250000,3.238055
0.500000,1.250000,3.230712
0.550000,1.250000,3.222577
0.600000,1.250000,3.213643
0.650000,1.250000,3.203904
0.700000,1.250000,3.193352
0.750000,1.250000,3.181981
0.800000,1.250000,3.169779
0.850000,1.250000,3.156739
0.900000,1.250000,3.142849
0.950000,1.250000,3.128098
1.000000,1.250000,3.112475
1.050000,1.250000,3.095965
1.100000,1.250000,3.078555
1.150000,1.250000,3.060229
1.200000,1.250000,3.040970
1.250000,1.250000,3.020761
1.300000,1.250000,2.999583
1.350000,1.250000,2.977415
1.400000,1.250000,2.954234
1.450000,1.250000,2.930017
1.500000,1.250000,2.904738
1.550000,1.250000,2.878368
1.600000,1.250000,2.850877
1.650000,1.250000,2.822233
1.700000,1.250000,2.792400
1.750000,1.250000,2.761340
1.800000,1.250000,2.729011
1.850000,1.250000,2.695366
1.900000,1.250000,2.660357
1.950000,1.250000,2.623928
2.000000,1.250000,2.586020
2.050000,1.250000,2.546566
2.100000,1.250000,2.505494
2.150000,1.250000,2.462722
2.200000,1.250000,2.418160
2.250000,1.250000,2.371708
2.300000,1.250000,2.323252
2.350000,1.250000,2.272664
2.400000,1.250000,2.219797
2.450000,1.250000,2.164486
2.500000,1.250000,2.106537
2.550000,1.250000,2.045727
2.600000,1.250000,1.981792
2.650000,1.250000,1.914419
2.700000,1.250000,1.843231
2.750000,1.250000,1.767767
2.800000,1.250000,1.687454
2.850000,1.250000,1.601562
2.900000,1.250000,1.509139
2.950000,1.250000,1.408900
3.000000,1.250000,1.299038
3.050000,1.250000,
3.100000,1.250000,
3.150000,1.250000,
3.200000,1.250000,
3.250000,1.250000,
3.300000,1.250000,
3.350000,1.250000,
3.400000,1.250000,
3.450000,1.250000,
3.500000,1.250000,
-3.500000,1.300000,
-3.450000,1.300000,
-3.400000,1.300000,
-3.350000,1.300000,
-3.300000,1.300000,
-3.250000,1.300000,
-3.200000,1.300000,
-3.150000,1.300000,
-3.100000,1.300000,
-3.050000,1.300000,
-3.000000,1.300000,1.249000
-2.950000,1.300000,1.362901
-2.900000,1.300000,1.466288
-2.850000,1.300000,1.561249
-2.800000,1.300000,1.649242
-2.750000,1.300000,1.731329
-2.700000,1.300000,1.808314
-2.650000,1.300000,1.880824
-2.600000,1.300000,1.949359
-2.550000,1.300000,2.014324
-2.500000,1.300000,2.076054
-2.450000,1.300000,2.134830
-2.400000,1.300000,2.190890
-2.350000,1.300000,2.244438
-2.300000,1.300000,2.295648
-2.250000,1.300000,2.344675
-2.200000,1.300000,2.391652
-2.150000,1.300000,2.436699
-2.100000,1.300000,2.479919
-2.050000,1.300000,2.521408
-2.000000,1.300000,2.561250
-1.950000,1.300000,2.599519
-1.900000,1.300000,2.636285
-1.850000,1.300000,2.671610
-1.800000,1.300000,2.705550
-1.750000,1.300000,2.738156
-1.700000,1.300000,2.769476
-1.650000,1.300000,2.799554
-1.600000,1.300000,2.828427
-1.550000,1.300000,2.856134
-1.500000,1.300000,2.882707
-1.450000,1.300000,2.908178
-1.400000,1.300000,2.932576
-1.350000,1.300000,2.955926
-1.300000,1.300000,2.978255
-1.250000,1.300000,2.999583
-1.200000,1.300000,3.019934
-1.150000,1.300000,3.039326
-1.100000,1.300000,3.057777
-1.050000,1.300000,3.075305
-1.000000,1.300000,3.091925
-0.950000,1.300000,3.107652
-0.900000,1.300000,3.122499
-0.850000,1.300000,3.136479
-0.800000,1.300000,3.149603
-0.750000,1.300000,3.161882
-0.700000,1.300000,3.173326
-0.650000,1.300000,3.183944
-0.600000,1.300000,3.193744
-0.550000,1.300000,3.202733
-0.500000,1.300000,3.210919
-0.450000,1.300000,3.218307
-0.400000,1.300000,3.224903
-0.350000,1.300000,3.230712
-0.300000,1.300000,3.235738
-0.250000,1.300000,3.239985
-0.200000,1.300000,3.243455
-0.150000,1.300000,3.246152
-0.100000,1.300000,3.248076
-0.050000,1.300000,3.249231
-0.000000,1.300000,3.249615
0.050000,1.300000,3.249231
0.100000,1.300000,3.248076
0.150000,1.300000,3.246152
0.200000,1.300000,3.243455
0.250000,1.300000,3.239985
0.300000,1.300000,3.235738
0.350000,1.300000,3.230712
0.400000,1.300000,3.224903
0.450000,1.300000,3.218307
0.500000,1.300000,3.210919
0.550000,1.300000,3.202733
0.600000,1.300000,3.193744
0.650000,1.300000,3.183944
0.700000,1.300000,3.173326
0.750000,1.300000,3.161882
0.800000,1.300000,3.149603
0.850000,1.300000,3.136479
0.900000,1.300000,3.122499
0.950000,1.300000,3.107652
1.000000,1.300000,3.091925
1.050000,1.300000,3.075305
1.100000,1.300000,3.057777
1.150000,1.300000,3.039326
1.200000,1.300000,3.019934
1.250000,1.300000,2.999583
1.300000,1.300000,2.978255
1.350000,1.300000,2.955926
1.400000,1.300000,2.932576
1.450000,1.300000,2.908178
1.500000,1.300000,2.882707
1.550000,1.300000,2.856134
1.600000,1.300000,2.828427
1.650000,1.300000,2.799554
1.700000,1.300000,2.769476
1.750000,1.300000,2.738156
1.800000,1.300000,2.705550
1.850000,1.300000,2.671610
1.900000,1.300000,2.636285
1.950000,1.300000,2.599519
2.000000,1.300000,2.561250
2.050000,1.300000,2.521408
2.100000,1.300000,2.479919
2.150000,1.300000,2.436699
2.200000,1.300000,2.391652
2.250000,1.300000,2.344675
2.300000,1.300000,2.295648
2.350000,1.300000,2.244438
2.400000,1.300000,2.190890
2.450000,1.300000,2.134830
2.500000,1.300000,2.076054
2.550000,1.300000,2.014324
2.600000,1.300000,1.949359
2.650000,1.300000,1.880824
2.700000,1.300000,1.808314
2.750000,1.300000,1.731329
2.800000,1.300000,1.649242
2.850000,1.300000,1.561249
2.900000,1.300000,1.466288
2.950000,1.300000,1.362901
3.000000,1.300000,1.249000
3.050000,1.300000,
3.100000,1.300000,
3.150000,1.300000,
3.200000,1.300000,
3.250000,1.300000,
3.300000,1.300000,
3.350000,1.300000,
3.400000,1.300000,
3.450000,1.300000,
3.500000,1.300000,
-3.500000,1.350000,
-3.450000,1.350000,
-3.400000,1.350000,
-3.350000,1.350000,
-3.300000,1.350000,
-3.250000,1.350000,
-3.200000,1.350000,
-3.150000,1.350000,
-3.100000,1.350000,
-3.050000,1.350000,
-3.000000,1.350000,
-2.950000,1.350000,1.313393
-2.900000,1.350000,1.420387
-2.850000,1.350000,1.518223
-2.800000,1.350000,1.608571
-2.750000,1.350000,1.692631
-2.700000,1.350000,1.771299
-2.650000,1.350000,1.845264
-2.600000,1.350000,1.915072
-2.550000,1.350000,1.981161
-2.500000,1.350000,2.043893
-2.450000,1.350000,2.103568
-2.400000,1.350000,2.160440
-2.350000,1.350000,2.214723
-2.300000,1.350000,2.266605
-2.250000,1.350000,2.316247
-2.200000,1.350000,2.363789
-2.150000,1.350000,2.409357
-2.100000,1.350000,2.453059
-2.050000,1.350000,2.494995
-2.000000,1.350000,2.535251
-1.950000,1.350000,2.573908
-1.900000,1.350000,2.611034
-1.850000,1.350000,2.646696
-1.800000,1.350000,2.680951
-1.750000,1.350000,2.713853
-1.700000,1.350000,2.745451
-1.650000,1.350000,2.775788
-1.600000,1.350000,2.804906
-1.550000,1.350000,2.832843
-1.500000,1.350000,2.859633
-1.450000,1.350000,2.885308
-1.400000,1.350000,2.909897
-1.350000,1.350000,2.933428
-1.300000,1.350000,2.955926
-1.250000,1.350000,2.977415
-1.200000,1.350000,2.997916
-1.150000,1.350000,3.017449
-1.100000,1.350000,3.036034
-1.050000,1.350000,3.053686
-1.000000,1.350000,3.070423
-0.950000,1.350000,3.086260
-0.900000,1.350000,3.101209
-0.850000,1.350000,3.115285
-0.800000,1.350000,3.128498
-0.750000,1.350000,3.140860
-0.700000,1.350000,3.152380
-0.650000,1.350000,3.163068
-0.600000,1.350000,3.172932
-0.550000,1.350000,3.181981
-0.500000,1.350000,3.190219
-0.450000,1.350000,3.197655
-0.400000,1.350000,3.204294
-0.350000,1.350000,3.210140
-0.300000,1.350000,3.215198
-0.250000,1.350000,3.219472
-0.200000,1.350000,3.222964
-0.150000,1.350000,3.225678
-0.100000,1.350000,3.227615
-0.050000,1.350000,3.228777
-0.000000,1.350000,3.229164
0.050000,1.350000,3.228777
0.100000,1.350000,3.227615
0.150000,1.350000,3.225678
0.200000,1.350000,3.222964
0.250000,1.350000,3.219472
0.300000,1.350000,3.215198
0.350000,1.350000,3.210140
0.400000,1.350000,3.204294
0.450000,1.350000,3.197655
0.500000,1.350000,3.190219
0.550000,1.350000,3.181981
0.600000,1.350000,3.172932
0.650000,1.350000,3.163068
0.700000,1.350000,3.152380
0.750000,1.350000,3.140860
0.800000,1.350000,3.128498
0.850000,1.350000,3.115285
0.900000,1.350000,3.101209
0.950000,1.350000,3.086260
1.000000,1.350000,3.070423
1.050000,1.350000,3.053686
1.100000,1.350000,3.036034
1.150000,1.350000,3.017449
1.200000,1.350000,2.997916
1.250000,1.350000,2.977415
1.300000,1.350000,2.955926
1.350000,1.350000,2.933428
1.400000,1.350000,2.909897
1.450000,1.350000,2.885308
1.500000,1.350000,2.859633
1.550000,1.350000,2.832843
1.600000,1.350000,2.804906
1.650000,1.350000,2.775788
1.700000,1.350000,2.745451
1.750000,1.350000,2.713853
1.800000,1.350000,2.680951
1.850000,1.350000,2.646696
1.900000,1.350000,2.611034
1.950000,1.350000,2.573908
2.000000,1.350000,2.535251
2.050000,1.350000,2.494995
2.100000,1.350000,2.453059
2.150000,1.350000,2.409357
2.200000,1.350000,2.363789
2.250000,1.350000,2.316247
2.300000,1.350000,2.266605
2.350000,1.350000,2.214723
2.400000,1.350000,2.160440
2.450000,1.350000,2.103568
2.500000,1.350000,2.043893
2.550000,1.350000,1.981161
2.600000,1.350000,1.915072
2.650000,1.350000,1.845264
2.700000,1.350000,1.771299
2.750000,1.350000,1.692631
2.800000,1.350000,1.608571
2.850000,1.350000,1.518223
2.900000,1.350000,1.420387
2.950000,1.350000,1.313393
3.000000,1.350000,
3.050000,1.350000,
3.100000,1.350000,
3.150000,1.350000,
3.200000,1.350000,
3.250000,1.350000,
3.300000,1.350000,
3.350000,1.350000,
3.400000,1.350000,
3.450000,1.350000,
3.500000,1.350000,
-3.500000,1.400000,
-3.450000,1.400000,
-3.400000,1.400000,
-3.350000,1.400000,
-3.300000,1.400000,
-3.250000,1.400000,
-3.200000,1.400000,
-3.150000,1.400000,
-3.100000,1.400000,
-3.050000,1.400000,
-3.000000,1.400000,
-2.950000,1.400000,
-2.900000,1.400000,1.371131
-2.850000,1.400000,1.472243
-2.800000,1.400000,1.565248
-2.750000,1.400000,1.651514
-2.700000,1.400000,1.732051
-2.650000,1.400000,1.807623
-2.600000,1.400000,1.878829
-2.550000,1.400000,1.946150
-2.500000,1.400000,2.009975
-2.450000,1.400000,2.070628
-2.400000,1.400000,2.128380
-2.350000,1.400000,2.183461
-2.300000,1.400000,2.236068
-2.250000,1.400000,2.286373
-2.200000,1.400000,2.334524
-2.150000,1.400000,2.380651
-2.100000,1.400000,2.424871
-2.050000,1.400000,2.467286
-2.000000,1.400000,2.507987
-1.950000,1.400000,2.547057
-1.900000,1.400000,2.584570
-1.850000,1.400000,2.620592
-1.800000,1.400000,2.655184
-1.750000,1.400000,2.688401
-1.700000,1.400000,2.720294
-1.650000,1.400000,2.750909
-1.600000,1.400000,2.780288
-1.550000,1.400000,2.808469
-1.500000,1.400000,2.835489
-1.450000,1.400000,2.861381
-1.400000,1.400000,2.886174
-1.350000,1.400000,2.909897
-1.300000,1.400000,2.932576
-1.250000,1.400000,2.954234
-1.200000,1.400000,2.974895
-1.150000,1.400000,2.994578
-1.100000,1.400000,3.013304
-1.050000,1.400000,3.031089
-1.000000,1.400000,3.047950
-0.950000,1.400000,3.063903
-0.900000,1.400000,3.078961
-0.850000,1.400000,3.093138
-0.800000,1.400000,3.106445
-0.750000,1.400000,3.118894
-0.700000,1.400000,3.130495
-0.650000,1.400000,3.141258
-0.600000,1.400000,3.151190
-0.550000,1.400000,3.160301
-0.500000,1.400000,3.168596
-0.450000,1.400000,3.176082
-0.400000,1.400000,3.182766
-0.350000,1.400000,3.188652
-0.300000,1.400000,3.193744
-0.250000,1.400000,3.198046
-0.200000,1.400000,3.201562
-0.150000,1.400000,3.204294
-0.100000,1.400000,3.206244
-0.050000,1.400000,3.207413
-0.000000,1.400000,3.207803
0.050000,1.400000,3.207413
0.100000,1.400000,3.206244
0.150000,1.400000,3.204294
0.200000,1.400000,3.201562
0.250000,1.400000,3.198046
0.300000,1.400000,3.193744
0.350000,1.400000,3.188652
0.400000,1.400000,3.182766
0.450000,1.400000,3.176082
0.500000,1.400000,3.168596
0.550000,1.400000,3.160301
0.600000,1.400000,3.151190
0.650000,1.400000,3.141258
0.700000,1.400000,3.130495
0.750000,1.400000,3.118894
0.800000,1.400000,3.106445
0.850000,1.400000,3.093138
0.900000,1.400000,3.078961
0.950000,1.400000,3.063903
1.000000,1.400000,3.047950
1.050000,1.400000,3.031089
1.100000,1.400000,3.013304
1.150000,1.400000,2.994578
1.200000,1.400000,2.974895
1.250000,1.400000,2.954234
1.300000,1.400000,2.932576
1.350000,1.400000,2.909897
1.400000,1.400000,2.886174
1.450000,1.400000,2.861381
1.500000,1.400000,2.835489
1.550000,1.400000,2.808469
1.600000,1.400000,2.780288
1.650000,1.400000,2.750909
1.700000,1.400000,2.720294
1.750000,1.400000,2.688401
1.800000,1.400000,2.655184
1.850000,1.400000,2.620592
1.900000,1.400000,2.584570
1.950000,1.400000,2.547057
2.000000,1.400000,2.507987
2.050000,1.400000,2.467286
2.100000,1.400000,2.424871
2.150000,1.400000,2.380651
2.200000,1.400000,2.334524
2.250000,1.400000,2.286373
2.300000,1.400000,2.236068
2.350000,1.400000,2.183461
2.400000,1.400000,2.128380
2.450000,1.400000,2.070628
2.500000,1.400000,2.009975
2.550000,1.400000,1.946150
2.600000,1.400000,1.878829
2.650000,1.400000,1.807623
2.700000,1.400000,1.732051
2.750000,1.400000,1.651514
2.800000,1.400000,1.565248
2.850000,1.400000,1.472243
2.900000,1.400000,1.371131
2.950000,1.400000,
3.000000,1.400000,
3.050000,1.400000,
3.100000,1.400000,
3.150000,1.400000,
3.200000,1.400000,
3.250000,1.400000,
3.300000,1.400000,
3.350000,1.400000,
3.400000,1.400000,
3.450000,1.400000,
3.500000,1.400000,
-3.500000,1.450000,
-3.450000,1.450000,
-3.400000,1.450000,
-3.350000,1.450000,
-3.300000,1.450000,
-3.250000,1.450000,
-3.200000,1.450000,
-3.150000,1.450000,
-3.100000,1.450000,
-3.050000,1.450000,
-3.000000,1.450000,
-2.950000,1.450000,
-2.900000,1.450000,
-2.850000,1.450000,1.423025
-2.800000,1.450000,1.519046
-2.750000,1.450000,1.607794
-2.700000,1.450000,1.690414
-2.650000,1.450000,1.767767
-2.600000,1.450000,1.840516
-2.550000,1.450000,1.909188
-2.500000,1.450000,1.974209
-2.450000,1.450000,2.035927
-2.400000,1.450000,2.094636
-2.350000,1.450000,2.150581
-2.300000,1.450000,2.203974
-2.250000,1.450000,2.254994
-2.200000,1.450000,2.303801
-2.150000,1.450000,2.350532
-2.100000,1.450000,2.395308
-2.050000,1.450000,2.438237
-2.000000,1.450000,2.479415
-1.950000,1.450000,2.518928
-1.900000,1.450000,2.556854
-1.850000,1.450000,2.593260
-1.800000,1.450000,2.628212
-1.750000,1.450000,2.661766
-1.700000,1.450000,2.693975
-1.650000,1.450000,2.724885
-1.600000,1.450000,2.754542
-1.550000,1.450000,2.782984
-1.500000,1.450000,2.810249
-1.450000,1.450000,2.836371
-1.400000,1.450000,2.861381
-1.350000,1.450000,2.885308
-1.300000,1.450000,2.908178
-1.250000,1.450000,2.930017
-1.200000,1.450000,2.950847
-1.150000,1.450000,2.970690
-1.100000,1.450000,2.989565
-1.050000,1.450000,3.007491
-1.000000,1.450000,3.024483
-0.950000,1.450000,3.040559
-0.900000,1.450000,3.055732
-0.850000,1.450000,3.070016
-0.800000,1.450000,3.083423
-0.750000,1.450000,3.095965
-0.700000,1.450000,3.107652
-0.650000,1.450000,3.118493
-0.600000,1.450000,3.128498
-0.550000,1.450000,3.137674
-0.500000,1.450000,3.146029
-0.450000,1.450000,3.153569
-0.400000,1.450000,3.160301
-0.350000,1.450000,3.166228
-0.300000,1.450000,3.171356
-0.250000,1.450000,3.175689
-0.200000,1.450000,3.179229
-0.150000,1.450000,3.181981
-0.100000,1.450000,3.183944
-0.050000,1.450000,3.185122
-0.000000,1.450000,3.185514
0.050000,1.450000,3.185122
0.100000,1.450000,3.183944
0.150000,1.450000,3.181981
0.200000,1.450000,3.179229
0.250000,1.450000,3.175689
0.300000,1.450000,3.171356
0.350000,1.450000,3.166228
0.400000,1.450000,3.160301
0.450000,1.450000,3.153569
0.500000,1.450000,3.146029
0.550000,1.450000,3.137674
0.600000,1.450000,3.128498
0.650000,1.450000,3.118493
0.700000,1.450000,3.107652
0.750000,1.450000,3.095965
0.800000,1.450000,3.083423
0.850000,1.450000,3.070016
0.900000,1.450000,3.055732
0.950000,1.450000,3.040559
1.000000,1.450000,3.024483
1.050000,1.450000,3.007491
1.100000,1.450000,2.989565
1.150000,1.450000,2.970690
1.200000,1.450000,2.950847
1.250000,1.450000,2.930017
1.300000,1.450000,2.908178
1.350000,1.450000,2.885308
1.400000,1.450000,2.861381
1.450000,1.450000,2.836371
1.500000,1.450000,2.810249
1.550000,1.450000,2.782984
1.600000,1.450000,2.754542
1.650000,1.450000,2.724885
1.700000,1.450000,2.693975
1.750000,1.450000,2.661766
1.800000,1.450000,2.628212
1.850000,1.450000,2.593260
1.900000,1.450000,2.556854
1.950000,1.450000,2.518928
2.000000,1.450000,2.479415
2.050000,1.450000,2.438237
2.100000,1.450000,2.395308
2.150000,1.450000,2.350532
2.200000,1.450000,2.303801
2.250000,1.450000,2.254994
2.300000,1.450000,2.203974
2.350000,1.450000,2.150581
2.400000,1.450000,2.094636
2.450000,1.450000,2.035927
2.500000,1.450000,1.974209
2.550000,1.450000,1.909188
2.600000,1.450000,1.840516
2.650000,1.450000,1.767767
2.700000,1.450000,1.690414
2.750000,1.450000,1.607794
2.800000,1.450000,1.519046
2.850000,1.450000,1.423025
2.900000,1.450000,
2.950000,1.450000,
3.000000,1.450000,
3.050000,1.450000,
3.100000,1.450000,
3.150000,1.450000,
3.200000,1.450000,
3.250000,1.450000,
3.300000,1.450000,
3.350000,1.450000,
3.400000,1.450000,
3.450000,1.450000,
3.500000,1.450000,
-3.500000,1.500000,
-3.450000,1.500000,
-3.400000,1.500000,
-3.350000,1.500000,
-3.300000,1.500000,
-3.250000,1.500000,
-3.200000,1.500000,
-3.150000,1.500000,
-3.100000,1.500000,
-3.050000,1.500000,
-3.000000,1.500000,
-2.950000,1.500000,
-2.900000,1.500000,
-2.850000,1.500000,
-2.800000,1.500000,1.469694
-2.750000,1.500000,1.561249
-2.700000,1.500000,1.646208
-2.650000,1.500000,1.725543
-2.600000,1.500000,1.800000
-2.550000,1.500000,1.870160
-2.500000,1.500000,1.936492
-2.450000,1.500000,1.999375
-2.400000,1.500000,2.059126
-2.350000,1.500000,2.116010
-2.300000,1.500000,2.170253
-2.250000,1.500000,2.222049
-2.200000,1.500000,2.271563
-2.150000,1.500000,2.318944
-2.100000,1.500000,2.364318
-2.050000,1.500000,2.407800
-2.000000,1.500000,2.449490
-1.950000,1.500000,2.489478
-1.900000,1.500000,2.527845
-1.850000,1.500000,2.564664
-1.800000,1.500000,2.600000
-1.750000,1.500000,2.633913
-1.700000,1.500000,2.666458
-1.650000,1.500000,2.697684
-1.600000,1.500000,2.727636
-1.550000,1.500000,2.756356
-1.500000,1.500000,2.783882
-1.450000,1.500000,2.810249
-1.400000,1.500000,2.835489
-1.350000,1.500000,2.859633
-1.300000,1.500000,2.882707
-1.250000,1.500000,2.904738
-1.200000,1.500000,2.925748
-1.150000,1.500000,2.945760
-1.100000,1.500000,2.964793
-1.050000,1.500000,2.982868
-1.000000,1.500000,3.000000
-0.950000,1.500000,3.016206
-0.900000,1.500000,3.031501
-0.850000,1.500000,3.045899
-0.800000,1.500000,3.059412
-0.750000,1.500000,3.072051
-0.700000,1.500000,3.083829
-0.650000,1.500000,3.094754
-0.600000,1.500000,3.104835
-0.550000,1.500000,3.114081
-0.500000,1.500000,3.122499
-0.450000,1.500000,3.130096
-0.400000,1.500000,3.136877
-0.350000,1.500000,3.142849
-0.300000,1.500000,3.148015
-0.250000,1.500000,3.152380
-0.200000,1.500000,3.155947
-0.150000,1.500000,3.158718
-0.100000,1.500000,3.160696
-0.050000,1.500000,3.161882
-0.000000,1.500000,3.162278
0.050000,1.500000,3.161882
0.100000,1.500000,3.160696
0.150000,1.500000,3.158718
0.200000,1.500000,3.155947
0.250000,1.500000,3.152380
0.300000,1.500000,3.148015
0.350000,1.500000,3.142849
0.400000,1.500000,3.136877
0.450000,1.500000,3.130096
0.500000,1.500000,3.122499
0.550000,1.500000,3.114081
0.600000,1.500000,3.104835
0.650000,1.500000,3.094754
0.700000,1.500000,3.083829
0.750000,1.500000,3.072051
0.800000,1.500000,3.059412
0.850000,1.500000,3.045899
0.900000,1.500000,3.031501
0.950000,1.500000,3.016206
1.000000,1.500000,3.000000
1.050000,1.500000,2.982868
1.100000,1.500000,2.964793
1.150000,1.500000,2.945760
1.200000,1.500000,2.925748
1.250000,1.500000,2.904738
1.300000,1.500000,2.882707
1.350000,1.500000,2.859633
1.400000,1.500000,2.835489
1.450000,1.500000,2.810249
1.500000,1.500000,2.783882
1.550000,1.500000,2.756356
1.600000,1.500000,2.727636
1.650000,1.500000,2.697684
1.700000,1.500000,2.666458
1.750000,1.500000,2.633913
1.800000,1.500000,2.600000
1.850000,1.500000,2.564664
1.900000,1.500000,2.527845
1.950000,1.500000,2.489478
2.000000,1.500000,2.449490
2.050000,1.500000,2.407800
2.100000,1.500000,2.364318
2.150000,1.500000,2.318944
2.200000,1.500000,2.271563
2.250000,1.500000,2.222049
2.300000,1.500000,2.170253
2.350000,1.500000,2.116010
2.400000,1.500000,2.059126
2.450000,1.500000,1.999375
2.500000,1.500000,1.936492
2.550000,1.500000,1.870160
2.600000,1.500000,1.800000
2.650000,1.500000,1.725543
2.700000,1.500000,1.646208
2.750000,1.500000,1.561249
2.800000,1.500000,1.469694
2.850000,1.500000,
2.900000,1.500000,
2.950000,1.500000,
3.000000,1.500000,
3.050000,1.500000,
3.100000,1.500000,
3.150000,1.500000,
3.200000,1.500000,
3.250000,1.500000,
3.300000,1.500000,
3.350000,1.500000,
3.400000,1.500000,
3.450000,1.500000,
3.500000,1.500000,
-3.500000,1.550000,
-3.450000,1.550000,
-3.400000,1.550000,
-3.350000,1.550000,
-3.300000,1.550000,
-3.250000,1.550000,
-3.200000,1.550000,
-3.150000,1.550000,
-3.100000,1.550000,
-3.050000,1.550000,
-3.000000,1.550000,
-2.950000,1.550000,
-2.900000,1.550000,
-2.850000,1.550000,
-2.800000,1.550000,
-2.750000,1.550000,
-2.700000,1.550000,1.599219
-2.650000,1.550000,1.680774
-2.600000,1.550000,1.757128
-2.550000,1.550000,1.828934
-2.500000,1.550000,1.896708
-2.450000,1.550000,1.960867
-2.400000,1.550000,2.021757
-2.350000,1.550000,2.079663
-2.300000,1.550000,2.134830
-2.250000,1.550000,2.187464
-2.200000,1.550000,2.237744
-2.150000,1.550000,2.285826
-2.100000,1.550000,2.331845
-2.050000,1.550000,2.375921
-2.000000,1.550000,2.418160
-1.950000,1.550000,2.458658
-1.900000,1.550000,2.497499
-1.850000,1.550000,2.534758
-1.800000,1.550000,2.570506
-1.750000,1.550000,2.604803
-1.700000,1.550000,2.637707
-1.650000,1.550000,2.669270
-1.600000,1.550000,2.699537
-1.550000,1.550000,2.728553
-1.500000,1.550000,2.756356
-1.450000,1.550000,2.782984
-1.400000,1.550000,2.808469
-1.350000,1.550000,2.832843
-1.300000,1.550000,2.856134
-1.250000,1.550000,2.878368
-1.200000,1.550000,2.899569
-1.150000,1.550000,2.919760
-1.100000,1.550000,2.938962
-1.050000,1.550000,2.957195
-1.000000,1.550000,2.974475
-0.950000,1.550000,2.990819
-0.900000,1.550000,3.006244
-0.850000,1.550000,3.020761
-0.800000,1.550000,3.034386
-0.750000,1.550000,3.047130
-0.700000,1.550000,3.059003
-0.650000,1.550000,3.070016
-0.600000,1.550000,3.080179
-0.550000,1.550000,3.089498
-0.500000,1.550000,3.097983
-0.450000,1.550000,3.105640
-0.400000,1.550000,3.112475
-0.350000,1.550000,3.118493
-0.300000,1.550000,3.123700
-0.250000,1.550000,3.128098
-0.200000,1.550000,3.131693
-0.150000,1.550000,3.134486
-0.100000,1.550000,3.136479
-0.050000,1.550000,3.137674
-0.000000,1.550000,3.138073
0.050000,1.550000,3.137674
0.100000,1.550000,3.136479
0.150000,1.550000,3.134486
0.200000,1.550000,3.131693
0.250000,1.550000,3.128098
0.300000,1.550000,3.123700
0.350000,1.550000,3.118493
0.400000,1.550000,3.112475
0.450000,1.550000,3.105640
0.500000,1.550000,3.097983
0.550000,1.550000,3.089498
0.600000,1.550000,3.080179
0.650000,1.550000,3.070016
0.700000,1.550000,3.059003
0.750000,1.550000,3.047130
0.800000,1.550000,3.034386
0.850000,1.550000,3.020761
0.900000,1.550000,3.006244
0.950000,1.550000,2.990819
1.000000,1.550000,2.974475
1.050000,1.550000,2.957195
1.100000,1.550000,2.938962
1.150000,1.550000,2.919760
1.200000,1.550000,2.899569
1.250000,1.550000,2.878368
1.300000,1.550000,2.856134
1.350000,1.550000,2.832843
1.400000,1.550000,2.808469
1.450000,1.550000,2.782984
1.500000,1.550000,2.756356
1.550000,1.550000,2.728553
1.600000,1.550000,2.699537
1.650000,1.550000,2.669270
1.700000,1.550000,2.637707
1.750000,1.550000,2.604803
1.800000,1.550000,2.570506
1.850000,1.550000,2.534758
1.900000,1.550000,2.497499
1.950000,1.550000,2.458658
2.000000,1.550000,2.418160
2.050000,1.550000,2.375921
2.100000,1.550000,2.331845
2.150000,1.550000,2.285826
2.200000,1.550000,2.237744
2.250000,1.550000,2.187464
2.300000,1.550000,2.134830
2.350000,1.550000,2.079663
2.400000,1.550000,2.021757
2.450000,1.550000,1.960867
2.500000,1.550000,1.896708
2.550000,1.550000,1.828934
2.600000,1.550000,1.757128
2.650000,1.550000,1.680774
2.700000,1.550000,1.599219
2.750000,1.550000,
2.800000,1.550000,
2.850000,1.550000,
2.900000,1.550000,
2.950000,1.550000,
3.000000,1.550000,
3.050000,1.550000,
3.100000,1.550000,
3.150000,1.550000,
3.200000,1.550000,
3.250000,1.550000,
3.300000,1.550000,
3.350000,1.550000,
3.400000,1.550000,
3.450000,1.550000,
3.500000,1.550000,
-3.500000,1.600000,
-3.450000,1.600000,
-3.400000,1.600000,
-3.350000,1.600000,
-3.300000,1.600000,
-3.250000,1.600000,
-3.200000,1.600000,
-3.150000,1.600000,
-3.100000,1.600000,
-3.050000,1.600000,
-3.000000,1.600000,
-2.950000,1.600000,
-2.900000,1.600000,
-2.850000,1.600000,
-2.800000,1.600000,
-2.750000,1.600000,
-2.700000,1.600000,
-2.650000,1.600000,1.633248
-2.600000,1.600000,1.711724
-2.550000,1.600000,1.785357
-2.500000,1.600000,1.854724
-2.450000,1.600000,1.920286
-2.400000,1.600000,1.982423
-2.350000,1.600000,2.041446
-2.300000,1.600000,2.097618
-2.250000,1.600000,2.151162
-2.200000,1.600000,2.202272
-2.150000,1.600000,2.251111
-2.100000,1.600000,2.297825
-2.050000,1.600000,2.342541
-2.000000,1.600000,2.385372
-1.950000,1.600000,2.426417
-1.900000,1.600000,2.465766
-1.850000,1.600000,2.503498
-1.800000,1.600000,2.539685
-1.750000,1.600000,2.574393
-1.700000,1.600000,2.607681
-1.650000,1.600000,2.639602
-1.600000,1.600000,2.670206
-1.550000,1.600000,2.699537
-1.500000,1.600000,2.727636
-1.450000,1.600000,2.754542
-1.400000,1.600000,2.780288
-1.350000,1.600000,2.804906
-1.300000,1.600000,2.828427
-1.250000,1.600000,2.850877
-1.200000,1.600000,2.872281
-1.150000,1.600000,2.892663
-1.100000,1.600000,2.912044
-1.050000,1.600000,2.930444
-1.000000,1.600000,2.947881
-0.950000,1.600000,2.964372
-0.900000,1.600000,2.979933
-0.850000,1.600000,2.994578
-0.800000,1.600000,3.008322
-0.750000,1.600000,3.021175
-0.700000,1.600000,3.033150
-0.650000,1.600000,3.044257
-0.600000,1.600000,3.054505
-0.550000,1.600000,3.063903
-0.500000,1.600000,3.072458
-0.450000,1.600000,3.080179
-0.400000,1.600000,3.087070
-0.350000,1.600000,3.093138
-0.300000,1.600000,3.098387
-0.250000,1.600000,3.102821
-0.200000,1.600000,3.106445
-0.150000,1.600000,3.109260
-0.100000,1.600000,3.111270
-0.050000,1.600000,3.112475
-0.000000,1.600000,3.112876
0.050000,1.600000,3.112475
0.100000,1.600000,3.111270
0.150000,1.600000,3.109260
0.200000,1.600000,3.106445
0.250000,1.600000,3.102821
0.300000,1.600000,3.098387
0.350000,1.600000,3.093138
0.400000,1.600000,3.087070
0.450000,1.600000,3.080179
0.500000,1.600000,3.072458
0.550000,1.600000,3.063903
0.600000,1.600000,3.054505
0.650000,1.600000,3.044257
0.700000,1.600000,3.033150
0.750000,1.600000,3.021175
0.800000,1.600000,3.008322
0.850000,1.600000,2.994578
0.900000,1.600000,2.979933
0.950000,1.600000,2.964372
1.000000,1.600000,2.947881
1.050000,1.600000,2.930444
1.100000,1.600000,2.912044
1.150000,1.600000,2.892663
1.200000,1.600000,2.872281
1.250000,1.600000,2.850877
1.300000,1.600000,2.828427
1.350000,1.600000,2.804906
1.400000,1.600000,2.780288
1.450000,1.600000,2.754542
1.500000,1.600000,2.727636
1.550000,1.600000,2.699537
1.600000,1.600000,2.670206
1.650000,1.600000,2.639602
1.700000,1.600000,2.607681
1.750000,1.600000,2.574393
1.800000,1.600000,2.539685
1.850000,1.600000,2.503498
1.900000,1.600000,2.465766
1.950000,1.600000,2.426417
2.000000,1.600000,2.385372
2.050000,1.600000,2.342541
2.100000,1.600000,2.297825
2.150000,1.600000,2.251111
2.200000,1.600000,2.202272
2.250000,1.600000,2.151162
2.300000,1.600000,2.097618
2.350000,1.600000,2.041446
2.400000,1.600000,1.982423
2.450000,1.600000,1.920286
2.500000,1.600000,1.854724
2.550000,1.600000,1.785357
2.600000,1.600000,1.711724
2.650000,1.600000,1.633248
2.700000,1.600000,
2.750000,1.600000,
2.800000,1.600000,
2.850000,1.600000,
2.900000,1.600000,
2.950000,1.600000,
3.000000,1.600000,
3.050000,1.600000,
3.100000,1.600000,
3.150000,1.600000,
3.200000,1.600000,
3.250000,1.600000,
3.300000,1.600000,
3.350000,1.600000,
3.400000,1.600000,
3.450000,1.600000,
3.500000,1.600000,
-3.500000,1.650000,
-3.450000,1.650000,
-3.400000,1.650000,
-3.350000,1.650000,
-3.300000,1.650000,
-3.250000,1.650000,
-3.200000,1.650000,
-3.150000,1.650000,
-3.100000,1.650000,
-3.050000,1.650000,
-3.000000,1.650000,
-2.950000,1.650000,
-2.900000,1.650000,
-2.850000,1.650000,
-2.800000,1.650000,
-2.750000,1.650000,
-2.700000,1.650000,
-2.650000,1.650000,
-2.600000,1.650000,1.663580
-2.550000,1.650000,1.739253
-2.500000,1.650000,1.810387
-2.450000,1.650000,1.877498
-2.400000,1.650000,1.941005
-2.350000,1.650000,2.001250
-2.300000,1.650000,2.058519
-2.250000,1.650000,2.113055
-2.200000,1.650000,2.165064
-2.150000,1.650000,2.214723
-2.100000,1.650000,2.262189
-2.050000,1.650000,2.307596
-2.000000,1.650000,2.351064
-1.950000,1.650000,2.392697
-1.900000,1.650000,2.432591
-1.850000,1.650000,2.470830
-1.800000,1.650000,2.507489
-1.750000,1.650000,2.542636
-1.700000,1.650000,2.576335
-1.650000,1.650000,2.608639
-1.600000,1.650000,2.639602
-1.550000,1.650000,2.669270
-1.500000,1.650000,2.697684
-1.450000,1.650000,2.724885
-1.400000,1.650000,2.750909
-1.350000,1.650000,2.775788
-1.300000,1.650000,2.799554
-1.250000,1.650000,2.822233
-1.200000,1.650000,2.843853
-1.150000,1.650000,2.864437
-1.100000,1.650000,2.884008
-1.050000,1.650000,2.902585
-1.000000,1.650000,2.920188
-0.950000,1.650000,2.936835
-0.900000,1.650000,2.952541
-0.850000,1.650000,2.967322
-0.800000,1.650000,2.981191
-0.750000,1.650000,2.994161
-0.700000,1.650000,3.006244
-0.650000,1.650000,3.017449
-0.600000,1.650000,3.027788
-0.550000,1.650000,3.037269
-0.500000,1.650000,3.045899
-0.450000,1.650000,3.053686
-0.400000,1.650000,3.060637
-0.350000,1.650000,3.066757
-0.300000,1.650000,3.072051
-0.250000,1.650000,3.076524
-0.200000,1.650000,3.080179
-0.150000,1.650000,3.083018
-0.100000,1.650000,3.085045
-0.050000,1.650000,3.086260
-0.000000,1.650000,3.086665
0.050000,1.650000,3.086260
0.100000,1.650000,3.085045
0.150000,1.650000,3.083018
0.200000,1.650000,3.080179
0.250000,1.650000,3.076524
0.300000,1.650000,3.072051
0.350000,1.650000,3.066757
0.400000,1.650000,3.060637
0.450000,1.650000,3.053686
0.500000,1.650000,3.045899
0.550000,1.650000,3.037269
0.600000,1.650000,3.027788
0.650000,1.650000,3.017449
0.700000,1.650000,3.006244
0.750000,1.650000,2.994161
0.800000,1.650000,2.981191
0.850000,1.650000,2.967322
0.900000,1.650000,2.952541
0.950000,1.650000,2.936835
1.000000,1.650000,2.920188
1.050000,1.650000,2.902585
1.100000,1.650000,2.884008
1.150000,1.650000,2.864437
1.200000,1.650000,2.843853
1.250000,1.650000,2.822233
1.300000,1.650000,2.799554
1.350000,1.650000,2.775788
1.400000,1.650000,2.750909
1.450000,1.650000,2.724885
1.500000,1.650000,2.697684
1.550000,1.650000,2.669270
1.600000,1.650000,2.639602
1.650000,1.650000,2.608639
1.700000,1.650000,2.576335
1.750000,1.650000,2.542636
1.800000,1.650000,2.507489
1.850000,1.650000,2.470830
1.900000,1.650000,2.432591
1.950000,1.650000,2.392697
2.000000,1.650000,2.351064
2.050000,1.650000,2.307596
2.100000,1.650000,2.262189
2.150000,1.650000,2.214723
2.200000,1.650000,2.165064
2.250000,1.650000,2.113055
2.300000,1.650000,2.058519
2.350000,1.650000,2.001250
2.400000,1.650000,1.941005
2.450000,1.650000,1.877498
2.500000,1.650000,1.810387
2.550000,1.650000,1.739253
2.600000,1.650000,1.663580
2.650000,1.650000,
2.700000,1.650000,
2.750000,1.650000,
2.800000,1.650000,
2.850000,1.650000,
2.900000,1.650000,
2.950000,1.650000,
3.000000,1.650000,
3.050000,1.650000,
3.100000,1.650000,
3.150000,1.650000,
3.200000,1.650000,
3.250000,1.650000,
3.300000,1.650000,
3.350000,1.650000,
3.400000,1.650000,
3.450000,1.650000,
3.500000,1.650000,
-3.500000,1.700000,
-3.450000,1.700000,
-3.400000,1.700000,
-3.350000,1.700000,
-3.300000,1.700000,
-3.250000,1.700000,
-3.200000,1.700000,
-3.150000,1.700000,
-3.100000,1.700000,
-3.050000,1.700000,
-3.000000,1.700000,
-2.950000,1.700000,
-2.900000,1.700000,
-2.850000,1.700000,
-2.800000,1.700000,
-2.750000,1.700000,
-2.700000,1.700000,
-2.650000,1.700000,
-2.600000,1.700000,
-2.550000,1.700000,
-2.500000,1.700000,1.763519
-2.450000,1.700000,1.832348
-2.400000,1.700000,1.897367
-2.350000,1.700000,1.958954
-2.300000,1.700000,2.017424
-2.250000,1.700000,2.073041
-2.200000,1.700000,2.126029
-2.150000,1.700000,2.176580
-2.100000,1.700000,2.224860
-2.050000,1.700000,2.271013
-2.000000,1.700000,2.315167
-1.950000,1.700000,2.357435
-1.900000,1.700000,2.397916
-1.850000,1.700000,2.436699
-1.800000,1.700000,2.473863
-1.750000,1.700000,2.509482
-1.700000,1.700000,2.543619
-1.650000,1.700000,2.576335
-1.600000,1.700000,2.607681
-1.550000,1.700000,2.637707
-1.500000,1.700000,2.666458
-1.450000,1.700000,2.693975
-1.400000,1.700000,2.720294
-1.350000,1.700000,2.745451
-1.300000,1.700000,2.769476
-1.250000,1.700000,2.792400
-1.200000,1.700000,2.814249
-1.150000,1.700000,2.835049
-1.100000,1.700000,2.854820
-1.050000,1.700000,2.873587
-1.000000,1.700000,2.891366
-0.950000,1.700000,2.908178
-0.900000,1.700000,2.924038
-0.850000,1.700000,2.938962
-0.800000,1.700000,2.952965
-0.750000,1.700000,2.966058
-0.700000,1.700000,2.978255
-0.650000,1.700000,2.989565
-0.600000,1.700000,3.000000
-0.550000,1.700000,3.009568
-0.500000,1.700000,3.018278
-0.450000,1.700000,3.026136
-0.400000,1.700000,3.033150
-0.350000,1.700000,3.039326
-0.300000,1.700000,3.044667
-0.250000,1.700000,3.049180
-0.200000,1.700000,3.052868
-0.150000,1.700000,3.055732
-0.100000,1.700000,3.057777
-0.050000,1.700000,3.059003
-0.000000,1.700000,3.059412
0.050000,1.700000,3.059003
0.100000,1.700000,3.057777
0.150000,1.700000,3.055732
0.200000,1.700000,3.052868
0.250000,1.700000,3.049180
0.300000,1.700000,3.044667
0.350000,1.700000,3.039326
0.400000,1.700000,3.033150
0.450000,1.700000,3.026136
0.500000,1.700000,3.018278
0.550000,1.700000,3.009568
0.600000,1.700000,3.000000
0.650000,1.700000,2.989565
0.700000,1.700000,2.978255
0.750000,1.700000,2.966058
0.800000,1.700000,2.952965
0.850000,1.700000,2.938962
0.900000,1.700000,2.924038
0.950000,1.700000,2.908178
1.000000,1.700000,2.891366
1.050000,1.700000,2.873587
1.100000,1.700000,2.854820
1.150000,1.700000,2.835049
1.200000,1.700000,2.814249
1.250000,1.700000,2.792400
1.300000,1.700000,2.769476
1.350000,1.700000,2.745451
1.400000,1.700000,2.720294
1.450000,1.700000,2.693975
1.500000,1.700000,2.666458
1.550000,1.700000,2.637707
1.600000,1.700000,2.607681
1.650000,1.700000,2.576335
1.700000,1.700000,2.543619
1.750000,1.700000,2.509482
1.800000,1.700000,2.473863
1.850000,1.700000,2.436699
1.900000,1.700000,2.397916
1.950000,1.700000,2.357435
2.000000,1.700000,2.315167
2.050000,1.700000,2.271013
2.100000,1.700000,2.224860
2.150000,1.700000,2.176580
2.200000,1.700000,2.126029
2.250000,1.700000,2.073041
2.300000,1.700000,2.017424
2.350000,1.700000,1.958954
2.400000,1.700000,1.897367
2.450000,1.700000,1.832348
2.500000,1.700000,1.763519
2.550000,1.700000,
2.600000,1.700000,
2.650000,1.700000,
2.700000,1.700000,
2.750000,1.700000,
2.800000,1.700000,
2.850000,1.700000,
2.900000,1.700000,
2.950000,1.700000,
3.000000,1.700000,
3.050000,1.700000,
3.100000,1.700000,
3.150000,1.700000,
3.200000,1.700000,
3.250000,1.700000,
3.300000,1.700000,
3.350000,1.700000,
3.400000,1.700000,
3.450000,1.700000,
3.500000,1.700000,
-3.500000,1.750000,
-3.450000,1.750000,
-3.400000,1.750000,
-3.350000,1.750000,
-3.300000,1.750000,
-3.250000,1.750000,
-3.200000,1.750000,
-3.150000,1.750000,
-3.100000,1.750000,
-3.050000,1.750000,
-3.000000,1.750000,
-2.950000,1.750000,
-2.900000,1.750000,
-2.850000,1.750000,
-2.800000,1.750000,
-2.750000,1.750000,
-2.700000,1.750000,
-2.650000,1.750000,
-2.600000,1.750000,
-2.550000,1.750000,
-2.500000,1.750000,
-2.450000,1.750000,
-2.400000,1.750000,1.851351
-2.350000,1.750000,1.914419
-2.300000,1.750000,1.974209
-2.250000,1.750000,2.031010
-2.200000,1.750000,2.085066
-2.150000,1.750000,2.136586
-2.100000,1.750000,2.185749
-2.050000,1.750000,2.232711
-2.000000,1.750000,2.277608
-1.950000,1.750000,2.320560
-1.900000,1.750000,2.361673
-1.850000,1.750000,2.401041
-1.800000,1.750000,2.438750
-1.750000,1.750000,2.474874
-1.700000,1.750000,2.509482
-1.650000,1.750000,2.542636
-1.600000,1.750000,2.574393
-1.550000,1.750000,2.604803
-1.500000,1.750000,2.633913
-1.450000,1.750000,2.661766
-1.400000,1.750000,2.688401
-1.350000,1.750000,2.713853
-1.300000,1.750000,2.738156
-1.250000,1.750000,2.761340
-1.200000,1.750000,2.783433
-1.150000,1.750000,2.804461
-1.100000,1.750000,2.824447
-1.050000,1.750000,2.843413
-1.000000,1.750000,2.861381
-0.950000,1.750000,2.878368
-0.900000,1.750000,2.894391
-0.850000,1.750000,2.909467
-0.800000,1.750000,2.923611
-0.750000,1.750000,2.936835
-0.700000,1.750000,2.949152
-0.650000,1.750000,2.960574
-0.600000,1.750000,2.971111
-0.550000,1.750000,2.980772
-0.500000,1.750000,2.989565
-0.450000,1.750000,2.997499
-0.400000,1.750000,3.004580
-0.350000,1.750000,3.010814
-0.300000,1.750000,3.016206
-0.250000,1.750000,3.020761
-0.200000,1.750000,3.024483
-0.150000,1.750000,3.027375
-0.100000,1.750000,3.029439
-0.050000,1.750000,3.030676
-0.000000,1.750000,3.031089
0.050000,1.750000,3.030676
0.100000,1.750000,3.029439
0.150000,1.750000,3.027375
0.200000,1.750000,3.024483
0.250000,1.750000,3.020761
0.300000,1.750000,3.016206
0.350000,1.750000,3.010814
0.400000,1.750000,3.004580
0.450000,1.750000,2.997499
0.500000,1.750000,2.989565
0.550000,1.750000,2.980772
0.600000,1.750000,2.971111
0.650000,1.750000,2.960574
0.700000,1.750000,2.949152
0.750000,1.750000,2.936835
0.800000,1.750000,2.923611
0.850000,1.750000,2.909467
0.900000,1.750000,2.894391
0.950000,1.750000,2.878368
1.000000,1.750000,2.861381
1.050000,1.750000,2.843413
1.100000,1.750000,2.824447
1.150000,1.750000,2.804461
1.200000,1.750000,2.783433
1.250000,1.750000,2.761340
1.300000,1.750000,2.738156
1.350000,1.750000,2.713853
1.400000,1.750000,2.688401
1.450000,1.750000,2.661766
1.500000,1.750000,2.633913
1.550000,1.750000,2.604803
1.600000,1.750000,2.574393
1.650000,1.750000,2.542636
1.700000,1.750000,2.509482
1.750000,1.750000,2.474874
1.800000,1.750000,2.438750
1.850000,1.750000,2.401041
1.900000,1.750000,2.361673
1.950000,1.750000,2.320560
2.000000,1.750000,2.277608
2.050000,1.750000,2.232711
2.100000,1.750000,2.185749
2.150000,1.750000,2.136586
2.200000,1.750000,2.085066
2.250000,1.750000,2.031010
2.300000,1.750000,1.974209
2.350000,1.750000,1.914419
2.400000,1.750000,1.851351
2.450000,1.750000,
2.500000,1.750000,
2.550000,1.750000,
2.600000,1.750000,
2.650000,1.750000,
2.700000,1.750000,
2.750000,1.750000,
2.800000,1.750000,
2.850000,1.750000,
2.900000,1.750000,
2.950000,1.750000,
3.000000,1.750000,
3.050000,1.750000,
3.100000,1.750000,
3.150000,1.750000,
3.200000,1.750000,
3.250000,1.750000,
3.300000,1.750000,
3.350000,1.750000,
3.400000,1.750000,
3.450000,1.750000,
3.500000,1.750000,
-3.500000,1.800000,
-3.450000,1.800000,
-3.400000,1.800000,
-3.350000,1.800000,
-3.300000,1.800000,
-3.250000,1.800000,
-3.200000,1.800000,
-3.150000,1.800000,
-3.100000,1.800000,
-3.050000,1.800000,
-3.000000,1.800000,
-2.950000,1.800000,
-2.900000,1.800000,
-2.850000,1.800000,
-2.800000,1.800000,
-2.750000,1.800000,
-2.700000,1.800000,
-2.650000,1.800000,
-2.600000,1.800000,
-2.550000,1.800000,
-2.500000,1.800000,
-2.450000,1.800000,
-2.400000,1.800000,
-2.350000,1.800000,
-2.300000,1.800000,1.928730
-2.250000,1.800000,1.986832
-2.200000,1.800000,2.042058
-2.150000,1.800000,2.094636
-2.100000,1.800000,2.144761
-2.050000,1.800000,2.192601
-2.000000,1.800000,2.238303
-1.950000,1.800000,2.281995
-1.900000,1.800000,2.323790
-1.850000,1.800000,2.363789
-1.800000,1.800000,2.402082
-1.750000,1.800000,2.438750
-1.700000,1.800000,2.473863
-1.650000,1.800000,2.507489
-1.600000,1.800000,2.539685
-1.550000,1.800000,2.570506
-1.500000,1.800000,2.600000
-1.450000,1.800000,2.628212
-1.400000,1.800000,2.655184
-1.350000,1.800000,2.680951
-1.300000,1.800000,2.705550
-1.250000,1.800000,2.729011
-1.200000,1.800000,2.751363
-1.150000,1.800000,2.772634
-1.100000,1.800000,2.792848
-1.050000,1.800000,2.812028
-1.000000,1.800000,2.830194
-0.950000,1.800000,2.847367
-0.900000,1.800000,2.863564
-0.850000,1.800000,2.878802
-0.800000,1.800000,2.893095
-0.750000,1.800000,2.906458
-0.700000,1.800000,2.918904
-0.650000,1.800000,2.930444
-0.600000,1.800000,2.941088
-0.550000,1.800000,2.950847
-0.500000,1.800000,2.959730
-0.450000,1.800000,2.967743
-0.400000,1.800000,2.974895
-0.350000,1.800000,2.981191
-0.300000,1.800000,2.986637
-0.250000,1.800000,2.991237
-0.200000,1.800000,2.994996
-0.150000,1.800000,2.997916
-0.100000,1.800000,3.000000
-0.050000,1.800000,3.001250
-0.000000,1.800000,3.001666
0.050000,1.800000,3.001250
0.100000,1.800000,3.000000
0.150000,1.800000,2.997916
0.200000,1.800000,2.994996
0.250000,1.800000,2.991237
0.300000,1.800000,2.986637
0.350000,1.800000,2.981191
0.400000,1.800000,2.974895
0.450000,1.800000,2.967743
0.500000,1.800000,2.959730
0.550000,1.800000,2.950847
0.600000,1.800000,2.941088
0.650000,1.800000,2.930444
0.700000,1.800000,2.918904
0.750000,1.800000,2.906458
0.800000,1.800000,2.893095
0.850000,1.800000,2.878802
0.900000,1.800000,2.863564
0.950000,1.800000,2.847367
1.000000,1.800000,2.830194
1.050000,1.800000,2.812028
1.100000,1.800000,2.792848
1.150000,1.800000,2.772634
1.200000,1.800000,2.751363
1.250000,1.800000,2.729011
1.300000,1.800000,2.705550
1.350000,1.800000,2.680951
1.400000,1.800000,2.655184
1.450000,1.800000,2.628212
1.500000,1.800000,2.600000
1.550000,1.800000,2.570506
1.600000,1.800000,2.539685
1.650000,1.800000,2.507489
1.700000,1.800000,2.473863
1.750000,1.800000,2.438750
1.800000,1.800000,2.402082
1.850000,1.800000,2.363789
1.900000,1.800000,2.323790
1.950000,1.800000,2.281995
2.000000,1.800000,2.238303
2.050000,1.800000,2.192601
2.100000,1.800000,2.144761
2.150000,1.800000,2.094636
2.200000,1.800000,2.042058
2.250000,1.800000,1.986832
2.300000,1.800000,1.928730
2.350000,1.800000,
2.400000,1.800000,
2.450000,1.800000,
2.500000,1.800000,
2.550000,1.800000,
2.600000,1.800000,
2.650000,1.800000,
2.700000,1.800000,
2.750000,1.800000,
2.800000,1.800000,
2.850000,1.800000,
2.900000,1.800000,
2.950000,1.800000,
3.000000,1.800000,
3.050000,1.800000,
3.100000,1.800000,
3.150000,1.800000,
3.200000,1.800000,
3.250000,1.800000,
3.300000,1.800000,
3.350000,1.800000,
3.400000,1.800000,
3.450000,1.800000,
3.500000,1.800000,
-3.500000,1.850000,
-3.450000,1.850000,
-3.400000,1.850000,
-3.350000,1.850000,
-3.300000,1.850000,
-3.250000,1.850000,
-3.200000,1.850000,
-3.150000,1.850000,
-3.100000,1.850000,
-3.050000,1.850000,
-3.000000,1.850000,
-2.950000,1.850000,
-2.900000,1.850000,
-2.850000,1.850000,
-2.800000,1.850000,
-2.750000,1.850000,
-2.700000,1.850000,
-2.650000,1.850000,
-2.600000,1.850000,
-2.550000,1.850000,
-2.500000,1.850000,
-2.450000,1.850000,
-2.400000,1.850000,
-2.350000,1.850000,
-2.300000,1.850000,
-2.250000,1.850000,
-2.200000,1.850000,1.996873
-2.150000,1.850000,2.050610
-2.100000,1.850000,2.101785
-2.050000,1.850000,2.150581
-2.000000,1.850000,2.197157
-1.950000,1.850000,2.241651
-1.900000,1.850000,2.284185
-1.850000,1.850000,2.324866
-1.800000,1.850000,2.363789
-1.750000,1.850000,2.401041
-1.700000,1.850000,2.436699
-1.650000,1.850000,2.470830
-1.600000,1.850000,2.503498
-1.550000,1.850000,2.534758
-1.500000,1.850000,2.564664
-1.450000,1.850000,2.593260
-1.400000,1.850000,2.620592
-1.350000,1.850000,2.646696
-1.300000,1.850000,2.671610
-1.250000,1.850000,2.695366
-1.200000,1.850000,2.717996
-1.150000,1.850000,2.739526
-1.100000,1.850000,2.759982
-1.050000,1.850000,2.779388
-1.000000,1.850000,2.797767
-0.950000,1.850000,2.815138
-0.900000,1.850000,2.831519
-0.850000,1.850000,2.846928
-0.800000,1.850000,2.861381
-0.750000,1.850000,2.874891
-0.700000,1.850000,2.887473
-0.650000,1.850000,2.899138
-0.600000,1.850000,2.909897
-0.550000,1.850000,2.919760
-0.500000,1.850000,2.928737
-0.450000,1.850000,2.936835
-0.400000,1.850000,2.944062
-0.350000,1.850000,2.950424
-0.300000,1.850000,2.955926
-0.250000,1.850000,2.960574
-0.200000,1.850000,2.964372
-0.150000,1.850000,2.967322
-0.100000,1.850000,2.969428
-0.050000,1.850000,2.970690
-0.000000,1.850000,2.971111
0.050000,1.850000,2.970690
0.100000,1.850000,2.969428
0.150000,1.850000,2.967322
0.200000,1.850000,2.964372
0.250000,1.850000,2.960574
0.300000,1.850000,2.955926
0.350000,1.850000,2.950424
0.400000,1.850000,2.944062
0.450000,1.850000,2.936835
0.500000,1.850000,2.928737
0.550000,1.850000,2.919760
0.600000,1.850000,2.909897
0.650000,1.850000,2.899138
0.700000,1.850000,2.887473
0.750000,1.850000,2.874891
0.800000,1.850000,2.861381
0.850000,1.850000,2.846928
0.900000,1.850000,2.831519
0.950000,1.850000,2.815138
1.000000,1.850000,2.797767
1.050000,1.850000,2.779388
1.100000,1.850000,2.759982
1.150000,1.850000,2.739526
1.200000,1.850000,2.717996
1.250000,1.850000,2.695366
1.300000,1.850000,2.671610
1.350000,1.850000,2.646696
1.400000,1.850000,2.620592
1.450000,1.850000,2.593260
1.500000,1.850000,2.564664
1.550000,1.850000,2.534758
1.600000,1.850000,2.503498
1.650000,1.850000,2.470830
1.700000,1.850000,2.436699
1.750000,1.850000,2.401041
1.800000,1.850000,2.363789
1.850000,1.850000,2.324866
1.900000,1.850000,2.284185
1.950000,1.850000,2.241651
2.000000,1.850000,2.197157
2.050000,1.850000,2.150581
2.100000,1.850000,2.101785
2.150000,1.850000,2.050610
2.200000,1.850000,1.996873
2.250000,1.850000,
2.300000,1.850000,
2.350000,1.850000,
2.400000,1.850000,
2.450000,1.850000,
2.500000,1.850000,
2.550000,1.850000,
2.600000,1.850000,
2.650000,1.850000,
2.700000,1.850000,
2.750000,1.850000,
2.800000,1.850000,
2.850000,1.850000,
2.900000,1.850000,
2.950000,1.850000,
3.000000,1.850000,
3.050000,1.850000,
3.100000,1.850000,
3.150000,1.850000,
3.200000,1.850000,
3.250000,1.850000,
3.300000,1.850000,
3.350000,1.850000,
3.400000,1.850000,
3.450000,1.850000,
3.500000,1.850000,
-3.500000,1.900000,
-3.450000,1.900000,
-3.400000,1.900000,
-3.350000,1.900000,
-3.300000,1.900000,
-3.250000,1.900000,
-3.200000,1.900000,
-3.150000,1.900000,
-3.100000,1.900000,
-3.050000,1.900000,
-3.000000,1.900000,
-2.950000,1.900000,
-2.900000,1.900000,
-2.850000,1.900000,
-2.800000,1.900000,
-2.750000,1.900000,
-2.700000,1.900000,
-2.650000,1.900000,
-2.600000,1.900000,
-2.550000,1.900000,
-2.500000,1.900000,
-2.450000,1.900000,
-2.400000,1.900000,
-2.350000,1.900000,
-2.300000,1.900000,
-2.250000,1.900000,
-2.200000,1.900000,
-2.150000,1.900000,
-2.100000,1.900000,
-2.050000,1.900000,2.106537
-2.000000,1.900000,2.154066
-1.950000,1.900000,2.199432
-1.900000,1.900000,2.242766
-1.850000,1.900000,2.284185
-1.800000,1.900000,2.323790
-1.750000,1.900000,2.361673
-1.700000,1.900000,2.397916
-1.650000,1.900000,2.432591
-1.600000,1.900000,2.465766
-1.550000,1.900000,2.497499
-1.500000,1.900000,2.527845
-1.450000,1.900000,2.556854
-1.400000,1.900000,2.584570
-1.350000,1.900000,2.611034
-1.300000,1.900000,2.636285
-1.250000,1.900000,2.660357
-1.200000,1.900000,2.683282
-1.150000,1.900000,2.705088
-1.100000,1.900000,2.725803
-1.050000,1.900000,2.745451
-1.000000,1.900000,2.764055
-0.950000,1.900000,2.781636
-0.900000,1.900000,2.798214
-0.850000,1.900000,2.813805
-0.800000,1.900000,2.828427
-0.750000,1.900000,2.842094
-0.700000,1.900000,2.854820
-0.650000,1.900000,2.866618
-0.600000,1.900000,2.877499
-0.550000,1.900000,2.887473
-0.500000,1.900000,2.896550
-0.450000,1.900000,2.904738
-0.400000,1.900000,2.912044
-0.350000,1.900000,2.918476
-0.300000,1.900000,2.924038
-0.250000,1.900000,2.928737
-0.200000,1.900000,2.932576
-0.150000,1.900000,2.935558
-0.100000,1.900000,2.937686
-0.050000,1.900000,2.938962
-0.000000,1.900000,2.939388
0.050000,1.900000,2.938962
0.100000,1.900000,2.937686
0.150000,1.900000,2.935558
0.200000,1.900000,2.932576
0.250000,1.900000,2.928737
0.300000,1.900000,2.924038
0.350000,1.900000,2.918476
0.400000,1.900000,2.912044
0.450000,1.900000,2.904738
0.500000,1.900000,2.896550
0.550000,1.900000,2.887473
0.600000,1.900000,2.877499
0.650000,1.900000,2.866618
0.700000,1.900000,2.854820
0.750000,1.900000,2.842094
0.800000,1.900000,2.828427
0.850000,1.900000,2.813805
0.900000,1.900000,2.798214
0.950000,1.900000,2.781636
1.000000,1.900000,2.764055
1.050000,1.900000,2.745451
1.100000,1.900000,2.725803
1.150000,1.900000,2.705088
1.200000,1.900000,2.683282
1.250000,1.900000,2.660357
1.300000,1.900000,2.636285
1.350000,1.900000,2.611034
1.400000,1.900000,2.584570
1.450000,1.900000,2.556854
1.500000,1.900000,2.527845
1.550000,1.900000,2.497499
1.600000,1.900000,2.465766
1.650000,1.900000,2.432591
1.700000,1.900000,2.397916
1.750000,1.900000,2.361673
1.800000,1.900000,2.323790
1.850000,1.900000,2.284185
1.900000,1.900000,2.242766
1.950000,1.900000,2.199432
2.000000,1.900000,2.154066
2.050000,1.900000,2.106537
2.100000,1.900000,
2.150000,1.900000,
2.200000,1.900000,
2.250000,1.900000,
2.300000,1.900000,
2.350000,1.900000,
2.400000,1.900000,
2.450000,1.900000,
2.500000,1.900000,
2.550000,1.900000,
2.600000,1.900000,
2.650000,1.900000,
2.700000,1.900000,
2.750000,1.900000,
2.800000,1.900000,
2.850000,1.900000,
2.900000,1.900000,
2.950000,1.900000,
3.000000,1.900000,
3.050000,1.900000,
3.100000,1.900000,
3.150000,1.900000,
3.200000,1.900000,
3.250000,1.900000,
3.300000,1.900000,
3.350000,1.900000,
3.400000,1.900000,
3.450000,1.900000,
3.500000,1.900000,
-3.500000,1.950000,
-3.450000,1.950000,
-3.400000,1.950000,
-3.350000,1.950000,
-3.300000,1.950000,
-3.250000,1.950000,
-3.200000,1.950000,
-3.150000,1.950000,
-3.100000,1.950000,
-3.050000,1.950000,
-3.000000,1.950000,
-2.950000,1.950000,
-2.900000,1.950000,
-2.850000,1.950000,
-2.800000,1.950000,
-2.750000,1.950000,
-2.700000,1.950000,
-2.650000,1.950000,
-2.600000,1.950000,
-2.550000,1.950000,
-2.500000,1.950000,
-2.450000,1.950000,
-2.400000,1.950000,
-2.350000,1.950000,
-2.300000,1.950000,
-2.250000,1.950000,
-2.200000,1.950000,
-2.150000,1.950000,
-2.100000,1.950000,
-2.050000,1.950000,
-2.000000,1.950000,
-1.950000,1.950000,
-1.900000,1.950000,2.199432
-1.850000,1.950000,2.241651
-1.800000,1.950000,2.281995
-1.750000,1.950000,2.320560
-1.700000,1.950000,2.357435
-1.650000,1.950000,2.392697
-1.600000,1.950000,2.426417
-1.550000,1.950000,2.458658
-1.500000,1.950000,2.489478
-1.450000,1.950000,2.518928
-1.400000,1.950000,2.547057
-1.350000,1.950000,2.573908
-1.300000,1.950000,2.599519
-1.250000,1.950000,2.623928
-1.200000,1.950000,2.647168
-1.150000,1.950000,2.669270
-1.100000,1.950000,2.690260
-1.050000,1.950000,2.710166
-1.000000,1.950000,2.729011
-0.950000,1.950000,2.746816
-0.900000,1.950000,2.763603
-0.850000,1.950000,2.779388
-0.800000,1.950000,2.794190
-0.750000,1.950000,2.808024
-0.700000,1.950000,2.820904
-0.650000,1.950000,2.832843
-0.600000,1.950000,2.843853
-0.550000,1.950000,2.853945
-0.500000,1.950000,2.863128
-0.450000,1.950000,2.871411
-0.400000,1.950000,2.878802
-0.350000,1.950000,2.885308
-0.300000,1.950000,2.890934
-0.250000,1.950000,2.895686
-0.200000,1.950000,2.899569
-0.150000,1.950000,2.902585
-0.100000,1.950000,2.904738
-0.050000,1.950000,2.906028
-0.000000,1.950000,2.906458
0.050000,1.950000,2.906028
0.100000,1.950000,2.904738
0.150000,1.950000,2.902585
0.200000,1.950000,2.899569
0.250000,1.950000,2.895686
0.300000,1.950000,2.890934
0.350000,1.950000,2.885308
0.400000,1.950000,2.878802
0.450000,1.950000,2.871411
0.500000,1.950000,2.863128
0.550000,1.950000,2.853945
0.600000,1.950000,2.843853
0.650000,1.950000,2.832843
0.700000,1.950000,2.820904
0.750000,1.950000,2.808024
0.800000,1.950000,2.794190
0.850000,1.950000,2.779388
0.900000,1.950000,2.763603
0.950000,1.950000,2.746816
1.000000,1.950000,2.729011
1.050000,1.950000,2.710166
1.100000,1.950000,2.690260
1.150000,1.950000,2.669270
1.200000,1.950000,2.647168
1.250000,1.950000,2.623928
1.300000,1.950000,2.599519
1.350000,1.950000,2.573908
1.400000,1.950000,2.547057
1.450000,1.950000,2.518928
1.500000,1.950000,2.489478
1.550000,1.950000,2.458658
1.600000,1.950000,2.426417
1.650000,1.950000,2.392697
1.700000,1.950000,2.357435
1.750000,1.950000,2.320560
1.800000,1.950000,2.281995
1.850000,1.950000,2.241651
1.900000,1.950000,2.199432
1.950000,1.950000,
2.000000,1.950000,
2.050000,1.950000,
2.100000,1.950000,
2.150000,1.950000,
2.200000,1.950000,
2.250000,1.950000,
2.300000,1.950000,
2.350000,1.950000,
2.400000,1.950000,
2.450000,1.950000,
2.500000,1.950000,
2.550000,1.950000,
2.600000,1.950000,
2.650000,1.950000,
2.700000,1.950000,
2.750000,1.950000,
2.800000,1.950000,
2.850000,1.950000,
2.900000,1.950000,
2.950000,1.950000,
3.000000,1.950000,
3.050000,1.950000,
3.100000,1.950000,
3.150000,1.950000,
3.200000,1.950000,
3.250000,1.950000,
3.300000,1.950000,
3.350000,1.950000,
3.400000,1.950000,
3.450000,1.950000,
3.500000,1.950000,
-3.500000,2.000000,
-3.450000,2.000000,
-3.400000,2.000000,
-3.350000,2.000000,
-3.300000,2.000000,
-3.250000,2.000000,
-3.200000,2.000000,
-3.150000,2.000000,
-3.100000,2.000000,
-3.050000,2.000000,
-3.000000,2.000000,
-2.950000,2.000000,
-2.900000,2.000000,
-2.850000,2.000000,
-2.800000,2.000000,
-2.750000,2.000000,
-2.700000,2.000000,
-2.650000,2.000000,
-2.600000,2.000000,
-2.550000,2.000000,
-2.500000,2.000000,
-2.450000,2.000000,
-2.400000,2.000000,
-2.350000,2.000000,
-2.300000,2.000000,
-2.250000,2.000000,
-2.200000,2.000000,
-2.150000,2.000000,
-2.100000,2.000000,
-2.050000,2.000000,
-2.000000,2.000000,
-1.950000,2.000000,
-1.900000,2.000000,2.154066
-1.850000,2.000000,2.197157
-1.800000,2.000000,2.238303
-1.750000,2.000000,2.277608
-1.700000,2.000000,2.315167
-1.650000,2.000000,2.351064
-1.600000,2.000000,2.385372
-1.550000,2.000000,2.418160
-1.500000,2.000000,2.449490
-1.450000,2.000000,2.479415
-1.400000,2.000000,2.507987
-1.350000,2.000000,2.535251
-1.300000,2.000000,2.561250
-1.250000,2.000000,2.586020
-1.200000,2.000000,2.609598
-1.150000,2.000000,2.632014
-1.100000,2.000000,2.653300
-1.050000,2.000000,2.673481
-1.000000,2.000000,2.692582
-0.950000,2.000000,2.710627
-0.900000,2.000000,2.727636
-0.850000,2.000000,2.743629
-0.800000,2.000000,2.758623
-0.750000,2.000000,2.772634
-0.700000,2.000000,2.785678
-0.650000,2.000000,2.797767
-0.600000,2.000000,2.808914
-0.550000,2.000000,2.819131
-0.500000,2.000000,2.828427
-0.450000,2.000000,2.836812
-0.400000,2.000000,2.844293
-0.350000,2.000000,2.850877
-0.300000,2.000000,2.856571
-0.250000,2.000000,2.861381
-0.200000,2.000000,2.865310
-0.150000,2.000000,2.868362
-0.100000,2.000000,2.870540
-0.050000,2.000000,2.871846
-0.000000,2.000000,2.872281
0.050000,2.000000,2.871846
0.100000,2.000000,2.870540
0.150000,2.000000,2.868362
0.200000,2.000000,2.865310
0.250000,2.000000,2.861381
0.300000,2.000000,2.856571
0.350000,2.000000,2.850877
0.400000,2.000000,2.844293
0.450000,2.000000,2.836812
0.500000,2.000000,2.828427
0.550000,2.000000,2.819131
0.600000,2.000000,2.808914
0.650000,2.000000,2.797767
0.700000,2.000000,2.785678
0.750000,2.000000,2.772634
0.800000,2.000000,2.758623
0.850000,2.000000,2.743629
0.900000,2.000000,2.727636
0.950000,2.000000,2.710627
1.000000,2.000000,2.692582
1.050000,2.000000,2.673481
1.100000,2.000000,2.653300
1.150000,2.000000,2.632014
1.200000,2.000000,2.609598
1.250000,2.000000,2.586020
1.300000,2.000000,2.561250
1.350000,2.000000,2.535251
1.400000,2.000000,2.507987
1.450000,2.000000,2.479415
1.500000,2.000000,2.449490
1.550000,2.000000,2.418160
1.600000,2.000000,2.385372
1.650000,2.000000,2.351064
1.700000,2.000000,2.315167
1.750000,2.000000,2.277608
1.800000,2.000000,2.238303
1.850000,2.000000,2.197157
1.900000,2.000000,2.154066
1.950000,2.000000,
2.000000,2.000000,
2.050000,2.000000,
2.100000,2.000000,
2.150000,2.000000,
2.200000,2.000000,
2.250000,2.000000,
2.300000,2.000000,
2.350000,2.000000,
2.400000,2.000000,
2.450000,2.000000,
2.500000,2.000000,
2.550000,2.000000,
2.600000,2.000000,
2.650000,2.000000,
2.700000,2.000000,
2.750000,2.000000,
2.800000,2.000000,
2.850000,2.000000,
2.900000,2.000000,
2.950000,2.000000,
3.000000,2.000000,
3.050000,2.000000,
3.100000,2.000000,
3.150000,2.000000,
3.200000,2.000000,
3.250000,2.000000,
3.300000,2.000000,
3.350000,2.000000,
3.400000,2.000000,
3.450000,2.000000,
3.500000,2.000000,
-3.500000,2.050000,
-3.450000,2.050000,
-3.400000,2.050000,
-3.350000,2.050000,
-3.300000,2.050000,
-3.250000,2.050000,
-3.200000,2.050000,
-3.150000,2.050000,
-3.100000,2.050000,
-3.050000,2.050000,
-3.000000,2.050000,
-2.950000,2.050000,
-2.900000,2.050000,
-2.850000,2.050000,
-2.800000,2.050000,
-2.750000,2.050000,
-2.700000,2.050000,
-2.650000,2.050000,
-2.600000,2.050000,
-2.550000,2.050000,
-2.500000,2.050000,
-2.450000,2.050000,
-2.400000,2.050000,
-2.350000,2.050000,
-2.300000,2.050000,
-2.250000,2.050000,
-2.200000,2.050000,
-2.150000,2.050000,
-2.100000,2.050000,
-2.050000,2.050000,
-2.000000,2.050000,
-1.950000,2.050000,
-1.900000,2.050000,2.106537
-1.850000,2.050000,2.150581
-1.800000,2.050000,2.192601
-1.750000,2.050000,2.232711
-1.700000,2.050000,2.271013
-1.650000,2.050000,2.307596
-1.600000,2.050000,2.342541
-1.550000,2.050000,2.375921
-1.500000,2.050000,2.407800
-1.450000,2.050000,2.438237
-1.400000,2.050000,2.467286
-1.350000,2.050000,2.494995
-1.300000,2.050000,2.521408
-1.250000,2.050000,2.546566
-1.200000,2.050000,2.570506
-1.150000,2.050000,2.593260
-1.100000,2.050000,2.614861
-1.050000,2.050000,2.635337
-1.000000,2.050000,2.654713
-0.950000,2.050000,2.673013
-0.900000,2.050000,2.690260
-0.850000,2.050000,2.706474
-0.800000,2.050000,2.721672
-0.750000,2.050000,2.735873
-0.700000,2.050000,2.749091
-0.650000,2.050000,2.761340
-0.600000,2.050000,2.772634
-0.550000,2.050000,2.782984
-0.500000,2.050000,2.792400
-0.450000,2.050000,2.800893
-0.400000,2.050000,2.808469
-0.350000,2.050000,2.815138
-0.300000,2.050000,2.820904
-0.250000,2.050000,2.825774
-0.200000,2.050000,2.829753
-0.150000,2.050000,2.832843
-0.100000,2.050000,2.835049
-0.050000,2.050000,2.836371
-0.000000,2.050000,2.836812
0.050000,2.050000,2.836371
0.100000,2.050000,2.835049
0.150000,2.050000,2.832843
0.200000,2.050000,2.829753
0.250000,2.050000,2.825774
0.300000,2.050000,2.820904
0.350000,2.050000,2.815138
0.400000,2.050000,2.808469
0.450000,2.050000,2.800893
0.500000,2.050000,2.792400
0.550000,2.050000,2.782984
0.600000,2.050000,2.772634
0.650000,2.050000,2.761340
0.700000,2.050000,2.749091
0.750000,2.050000,2.735873
0.800000,2.050000,2.721672
0.850000,2.050000,2.706474
0.900000,2.050000,2.690260
0.950000,2.050000,2.673013
1.000000,2.050000,2.654713
1.050000,2.050000,2.635337
1.100000,2.050000,2.614861
1.150000,2.050000,2.593260
1.200000,2.050000,2.570506
1.250000,2.050000,2.546566
1.300000,2.050000,2.521408
1.350000,2.050000,2.494995
1.400000,2.050000,2.467286
1.450000,2.050000,2.438237
1.500000,2.050000,2.407800
1.550000,2.050000,2.375921
1.600000,2.050000,2.342541
1.650000,2.050000,2.307596
1.700000,2.050000,2.271013
1.750000,2.050000,2.232711
1.800000,2.050000,2.192601
1.850000,2.050000,2.150581
1.900000,2.050000,2.106537
1.950000,2.050000,
2.000000,2.050000,
2.050000,2.050000,
2.100000,2.050000,
2.150000,2.050000,
2.200000,2.050000,
2.250000,2.050000,
2.300000,2.050000,
2.350000,2.050000,
2.400000,2.050000,
2.450000,2.050000,
2.500000,2.050000,
2.550000,2.050000,
2.600000,2.050000,
2.650000,2.050000,
2.700000,2.050000,
2.750000,2.050000,
2.800000,2.050000,
2.850000,2.050000,
2.900000,2.050000,
2.950000,2.050000,
3.000000,2.050000,
3.050000,2.050000,
3.100000,2.050000,
3.150000,2.050000,
3.200000,2.050000,
3.250000,2.050000,
3.300000,2.050000,
3.350000,2.050000,
3.400000,2.050000,
3.450000,2.050000,
3.500000,2.050000,
-3.500000,2.100000,
-3.450000,2.100000,
-3.400000,2.100000,
-3.350000,2.100000,
-3.300000,2.100000,
-3.250000,2.100000,
-3.200000,2.100000,
-3.150000,2.100000,
-3.100000,2.100000,
-3.050000,2.100000,
-3.000000,2.100000,
-2.950000,2.100000,
-2.900000,2.100000,
-2.850000,2.100000,
-2.800000,2.100000,
-2.750000,2.100000,
-2.700000,2.100000,
-2.650000,2.100000,
-2.600000,2.100000,
-2.550000,2.100000,
-2.500000,2.100000,
-2.450000,2.100000,
-2.400000,2.100000,
-2.350000,2.100000,
-2.300000,2.100000,
-2.250000,2.100000,
-2.200000,2.100000,
-2.150000,2.100000,
-2.100000,2.100000,
-2.050000,2.100000,
-2.000000,2.100000,
-1.950000,2.100000,
-1.900000,2.100000,
-1.850000,2.100000,2.101785
-1.800000,2.100000,2.144761
-1.750000,2.100000,2.185749
-1.700000,2.100000,2.224860
-1.650000,2.100000,2.262189
-1.600000,2.100000,2.297825
-1.550000,2.100000,2.331845
-1.500000,2.100000,2.364318
-1.450000,2.100000,2.395308
-1.400000,2.100000,2.424871
-1.350000,2.100000,2.453059
-1.300000,2.100000,2.479919
-1.250000,2.100000,2.505494
-1.200000,2.100000,2.529822
-1.150000,2.100000,2.552939
-1.100000,2.100000,2.574879
-1.050000,2.100000,2.595669
-1.000000,2.100000,2.615339
-0.950000,2.100000,2.633913
-0.900000,2.100000,2.651415
-0.850000,2.100000,2.667864
-0.800000,2.100000,2.683282
-0.750000,2.100000,2.697684
-0.700000,2.100000,2.711088
-0.650000,2.100000,2.723509
-0.600000,2.100000,2.734959
-0.550000,2.100000,2.745451
-0.500000,2.100000,2.754995
-0.450000,2.100000,2.763603
-0.400000,2.100000,2.771281
-0.350000,2.100000,2.778039
-0.300000,2.100000,2.783882
-0.250000,2.100000,2.788817
-0.200000,2.100000,2.792848
-0.150000,2.100000,2.795979
-0.100000,2.100000,2.798214
-0.050000,2.100000,2.799554
-0.000000,2.100000,2.800000
0.050000,2.100000,2.799554
0.100000,2.100000,2.798214
0.150000,2.100000,2.795979
0.200000,2.100000,2.792848
0.250000,2.100000,2.788817
0.300000,2.100000,2.783882
0.350000,2.100000,2.778039
0.400000,2.100000,2.771281
0.450000,2.100000,2.763603
0.500000,2.100000,2.754995
0.550000,2.100000,2.745451
0.600000,2.100000,2.734959
0.650000,2.100000,2.723509
0.700000,2.100000,2.711088
0.750000,2.100000,2.697684
0.800000,2.100000,2.683282
0.850000,2.100000,2.667864
0.900000,2.100000,2.651415
0.950000,2.100000,2.633913
1.000000,2.100000,2.615339
1.050000,2.100000,2.595669
1.100000,2.100000,2.574879
1.150000,2.100000,2.552939
1.200000,2.100000,2.529822
1.250000,2.100000,2.505494
1.300000,2.100000,2.479919
1.350000,2.100000,2.453059
1.400000,2.100000,2.424871
1.450000,2.100000,2.395308
1.500000,2.100000,2.364318
1.550000,2.100000,2.331845
1.600000,2.100000,2.297825
1.650000,2.100000,2.262189
1.700000,2.100000,2.224860
1.750000,2.100000,2.185749
1.800000,2.100000,2.144761
1.850000,2.100000,2.101785
1.900000,2.100000,
1.950000,2.100000,
2.000000,2.100000,
2.050000,2.100000,
2.100000,2.100000,
2.150000,2.100000,
2.200000,2.100000,
2.250000,2.100000,
2.300000,2.100000,
2.350000,2.100000,
2.400000,2.100000,
2.450000,2.100000,
2.500000,2.100000,
2.550000,2.100000,
2.600000,2.100000,
2.650000,2.100000,
2.700000,2.100000,
2.750000,2.100000,
2.800000,2.100000,
2.850000,2.100000,
2.900000,2.100000,
2.950000,2.100000,
3.000000,2.100000,
3.050000,2.100000,
3.100000,2.100000,
3.150000,2.100000,
3.200000,2.100000,
3.250000,2.100000,
3.300000,2.100000,
3.350000,2.100000,
3.400000,2.100000,
3.450000,2.100000,
3.500000,2.100000,
-3.500000,2.150000,
-3.450000,2.150000,
-3.400000,2.150000,
-3.350000,2.150000,
-3.300000,2.150000,
-3.250000,2.150000,
-3.200000,2.150000,
-3.150000,2.150000,
-3.100000,2.150000,
-3.050000,2.150000,
-3.000000,2.150000,
-2.950000,2.150000,
-2.900000,2.150000,
-2.850000,2.150000,
-2.800000,2.150000,
-2.750000,2.150000,
-2.700000,2.150000,
-2.650000,2.150000,
-2.600000,2.150000,
-2.550000,2.150000,
-2.500000,2.150000,
-2.450000,2.150000,
-2.400000,2.150000,
-2.350000,2.150000,
-2.300000,2.150000,
-2.250000,2.150000,
-2.200000,2.150000,
-2.150000,2.150000,
-2.100000,2.150000,
-2.050000,2.150000,
-2.000000,2.150000,
-1.950000,2.150000,
-1.900000,2.150000,
-1.850000,2.150000,2.050610
-1.800000,2.150000,2.094636
-1.750000,2.150000,2.136586
-1.700000,2.150000,2.176580
-1.650000,2.150000,2.214723
-1.600000,2.150000,2.251111
-1.550000,2.150000,2.285826
-1.500000,2.150000,2.318944
-1.450000,2.150000,2.350532
-1.400000,2.150000,2.380651
-1.350000,2.150000,2.409357
-1.300000,2.150000,2.436699
-1.250000,2.150000,2.462722
-1.200000,2.150000,2.487469
-1.150000,2.150000,2.510976
-1.100000,2.150000,2.533279
-1.050000,2.150000,2.554408
-1.000000,2.150000,2.574393
-0.950000,2.150000,2.593260
-0.900000,2.150000,2.611034
-0.850000,2.150000,2.627737
-0.800000,2.150000,2.643388
-0.750000,2.150000,2.658007
-0.700000,2.150000,2.671610
-0.650000,2.150000,2.684213
-0.600000,2.150000,2.695830
-0.550000,2.150000,2.706474
-0.500000,2.150000,2.716155
-0.450000,2.150000,2.724885
-0.400000,2.150000,2.732673
-0.350000,2.150000,2.739526
-0.300000,2.150000,2.745451
-0.250000,2.150000,2.750455
-0.200000,2.150000,2.754542
-0.150000,2.150000,2.757716
-0.100000,2.150000,2.759982
-0.050000,2.150000,2.761340
-0.000000,2.150000,2.761793
0.050000,2.150000,2.761340
0.100000,2.150000,2.759982
0.150000,2.150000,2.757716
0.200000,2.150000,2.754542
0.250000,2.150000,2.750455
0.300000,2.150000,2.745451
0.350000,2.150000,2.739526
0.400000,2.150000,2.732673
0.450000,2.150000,2.724885
0.500000,2.150000,2.716155
0.550000,2.150000,2.706474
0.600000,2.150000,2.695830
0.650000,2.150000,2.684213
0.700000,2.150000,2.671610
0.750000,2.150000,2.658007
0.800000,2.150000,2.643388
0.850000,2.150000,2.627737
0.900000,2.150000,2.611034
0.950000,2.150000,2.593260
1.000000,2.150000,2.574393
1.050000,2.150000,2.554408
1.100000,2.150000,2.533279
1.150000,2.150000,2.510976
1.200000,2.150000,2.487469
1.250000,2.150000,2.462722
1.300000,2.150000,2.436699
1.350000,2.150000,2.409357
1.400000,2.150000,2.380651
1.450000,2.150000,2.350532
1.500000,2.150000,2.318944
1.550000,2.150000,2.285826
1.600000,2.150000,2.251111
1.650000,2.150000,2.214723
1.700000,2.150000,2.176580
1.750000,2.150000,2.136586
1.800000,2.150000,2.094636
1.850000,2.150000,2.050610
1.900000,2.150000,
1.950000,2.150000,
2.000000,2.150000,
2.050000,2.150000,
2.100000,2.150000,
2.150000,2.150000,
2.200000,2.150000,
2.250000,2.150000,
2.300000,2.150000,
2.350000,2.150000,
2.400000,2.150000,
2.450000,2.150000,
2.500000,2.150000,
2.550000,2.150000,
2.600000,2.150000,
2.650000,2.150000,
2.700000,2.150000,
2.750000,2.150000,
2.800000,2.150000,
2.850000,2.150000,
2.900000,2.150000,
2.950000,2.150000,
3.000000,2.150000,
3.050000,2.150000,
3.100000,2.150000,
3.150000,2.150000,
3.200000,2.150000,
3.250000,2.150000,
3.300000,2.150000,
3.350000,2.150000,
3.400000,2.150000,
3.450000,2.150000,
3.500000,2.150000,
-3.500000,2.200000,
-3.450000,2.200000,
-3.400000,2.200000,
-3.350000,2.200000,
-3.300000,2.200000,
-3.250000,2.200000,
-3.200000,2.200000,
-3.150000,2.200000,
-3.100000,2.200000,
-3.050000,2.200000,
-3.000000,2.200000,
-2.950000,2.200000,
-2.900000,2.200000,
-2.850000,2.200000,
-2.800000,2.200000,
-2.750000,2.200000,
-2.700000,2.200000,
-2.650000,2.200000,
-2.600000,2.200000,
-2.550000,2.200000,
-2.500000,2.200000,
-2.450000,2.200000,
-2.400000,2.200000,
-2.350000,2.200000,
-2.300000,2.200000,
-2.250000,2.200000,
-2.200000,2.200000,
-2.150000,2.200000,
-2.100000,2.200000,
-2.050000,2.200000,
-2.000000,2.200000,
-1.950000,2.200000,
-1.900000,2.200000,
-1.850000,2.200000,1.996873
-1.800000,2.200000,2.042058
-1.750000,2.200000,2.085066
-1.700000,2.200000,2.126029
-1.650000,2.200000,2.165064
-1.600000,2.200000,2.202272
-1.550000,2.200000,2.237744
-1.500000,2.200000,2.271563
-1.450000,2.200000,2.303801
-1.400000,2.200000,2.334524
-1.350000,2.200000,2.363789
-1.300000,2.200000,2.391652
-1.250000,2.200000,2.418160
-1.200000,2.200000,2.443358
-1.150000,2.200000,2.467286
-1.100000,2.200000,2.489980
-1.050000,2.200000,2.511474
-1.000000,2.200000,2.531798
-0.950000,2.200000,2.550980
-0.900000,2.200000,2.569047
-0.850000,2.200000,2.586020
-0.800000,2.200000,2.601922
-0.750000,2.200000,2.616773
-0.700000,2.200000,2.630589
-0.650000,2.200000,2.643388
-0.600000,2.200000,2.655184
-0.550000,2.200000,2.665989
-0.500000,2.200000,2.675818
-0.450000,2.200000,2.684679
-0.400000,2.200000,2.692582
-0.350000,2.200000,2.699537
-0.300000,2.200000,2.705550
-0.250000,2.200000,2.710627
-0.200000,2.200000,2.714774
-0.150000,2.200000,2.717996
-0.100000,2.200000,2.720294
-0.050000,2.200000,2.721672
-0.000000,2.200000,2.722132
0.050000,2.200000,2.721672
0.100000,2.200000,2.720294
0.150000,2.200000,2.717996
0.200000,2.200000,2.714774
0.250000,2.200000,2.710627
0.300000,2.200000,2.705550
0.350000,2.200000,2.699537
0.400000,2.200000,2.692582
0.450000,2.200000,2.684679
0.500000,2.200000,2.675818
0.550000,2.200000,2.665989
0.600000,2.200000,2.655184
0.650000,2.200000,2.643388
0.700000,2.200000,2.630589
0.750000,2.200000,2.616773
0.800000,2.200000,2.601922
0.850000,2.200000,2.586020
0.900000,2.200000,2.569047
0.950000,2.200000,2.550980
1.000000,2.200000,2.531798
1.050000,2.200000,2.511474
1.100000,2.200000,2.489980
1.150000,2.200000,2.467286
1.200000,2.200000,2.443358
1.250000,2.200000,2.418160
1.300000,2.200000,2.391652
1.350000,2.200000,2.363789
1.400000,2.200000,2.334524
1.450000,2.200000,2.303801
1.500000,2.200000,2.271563
1.550000,2.200000,2.237744
1.600000,2.200000,2.202272
1.650000,2.200000,2.165064
1.700000,2.200000,2.126029
1.750000,2.200000,2.085066
1.800000,2.200000,2.042058
1.850000,2.200000,1.996873
1.900000,2.200000,
1.950000,2.200000,
2.000000,2.200000,
2.050000,2.200000,
2.100000,2.200000,
2.150000,2.200000,
2.200000,2.200000,
2.250000,2.200000,
2.300000,2.200000,
2.350000,2.200000,
2.400000,2.200000,
2.450000,2.200000,
2.500000,2.200000,
2.550000,2.200000,
2.600000,2.200000,
2.650000,2.200000,
2.700000,2.200000,
2.750000,2.200000,
2.800000,2.200000,
2.850000,2.200000,
2.900000,2.200000,
2.950000,2.200000,
3.000000,2.200000,
3.050000,2.200000,
3.100000,2.200000,
3.150000,2.200000,
3.200000,2.200000,
3.250000,2.200000,
3.300000,2.200000,
3.350000,2.200000,
3.400000,2.200000,
3.450000,2.200000,
3.500000,2.200000,
-3.500000,2.250000,
-3.450000,2.250000,
-3.400000,2.250000,
-3.350000,2.250000,
-3.300000,2.250000,
-3.250000,2.250000,
-3.200000,2.250000,
-3.150000,2.250000,
-3.100000,2.250000,
-3.050000,2.250000,
-3.000000,2.250000,
-2.950000,2.250000,
-2.900000,2.250000,
-2.850000,2.250000,
-2.800000,2.250000,
-2.750000,2.250000,
-2.700000,2.250000,
-2.650000,2.250000,
-2.600000,2.250000,
-2.550000,2.250000,
-2.500000,2.250000,
-2.450000,2.250000,
-2.400000,2.250000,
-2.350000,2.250000,
-2.300000,2.250000,
-2.250000,2.250000,
-2.200000,2.250000,
-2.150000,2.250000,
-2.100000,2.250000,
-2.050000,2.250000,
-2.000000,2.250000,
-1.950000,2.250000,
-1.900000,2.250000,
-1.850000,2.250000,
-1.800000,2.250000,1.986832
-1.750000,2.250000,2.031010
-1.700000,2.250000,2.073041
-1.650000,2.250000,2.113055
-1.600000,2.250000,2.151162
-1.550000,2.250000,2.187464
-1.500000,2.250000,2.222049
-1.450000,2.250000,2.254994
-1.400000,2.250000,2.286373
-1.350000,2.250000,2.316247
-1.300000,2.250000,2.344675
-1.250000,2.250000,2.371708
-1.200000,2.250000,2.397394
-1.150000,2.250000,2.421776
-1.100000,2.250000,2.444893
-1.050000,2.250000,2.466779
-1.000000,2.250000,2.487469
-0.950000,2.250000,2.506990
-0.900000,2.250000,2.525371
-0.850000,2.250000,2.542636
-0.800000,2.250000,2.558808
-0.750000,2.250000,2.573908
-0.700000,2.250000,2.587953
-0.650000,2.250000,2.600961
-0.600000,2.250000,2.612949
-0.550000,2.250000,2.623928
-0.500000,2.250000,2.633913
-0.450000,2.250000,2.642915
-0.400000,2.250000,2.650943
-0.350000,2.250000,2.658007
-0.300000,2.250000,2.664113
-0.250000,2.250000,2.669270
-0.200000,2.250000,2.673481
-0.150000,2.250000,2.676752
-0.100000,2.250000,2.679086
-0.050000,2.250000,2.680485
-0.000000,2.250000,2.680951
0.050000,2.250000,2.680485
0.100000,2.250000,2.679086
0.150000,2.250000,2.676752
0.200000,2.250000,2.673481
0.250000,2.250000,2.669270
0.300000,2.250000,2.664113
0.350000,2.250000,2.658007
0.400000,2.250000,2.650943
0.450000,2.250000,2.642915
0.500000,2.250000,2.633913
0.550000,2.250000,2.623928
0.600000,2.250000,2.612949
0.650000,2.250000,2.600961
0.700000,2.250000,2.587953
0.750000,2.250000,2.573908
0.800000,2.250000,2.558808
0.850000,2.250000,2.542636
0.900000,2.250000,2.525371
0.950000,2.250000,2.506990
1.000000,2.250000,2.487469
1.050000,2.250000,2.466779
1.100000,2.250000,2.444893
1.150000,2.250000,2.421776
1.200000,2.250000,2.397394
1.250000,2.250000,2.371708
1.300000,2.250000,2.344675
1.350000,2.250000,2.316247
1.400000,2.250000,2.286373
1.450000,2.250000,2.254994
1.500000,2.250000,2.222049
1.550000,2.250000,2.187464
1.600000,2.250000,2.151162
1.650000,2.250000,2.113055
1.700000,2.250000,2.073041
1.750000,2.250000,2.031010
1.800000,2.250000,1.986832
1.850000,2.250000,
1.900000,2.250000,
1.950000,2.250000,
2.000000,2.250000,
2.050000,2.250000,
2.100000,2.250000,
2.150000,2.250000,
2.200000,2.250000,
2.250000,2.250000,
2.300000,2.250000,
2.350000,2.250000,
2.400000,2.250000,
2.450000,2.250000,
2.500000,2.250000,
2.550000,2.250000,
2.600000,2.250000,
2.650000,2.250000,
2.700000,2.250000,
2.750000,2.250000,
2.800000,2.250000,
2.850000,2.250000,
2.900000,2.250000,
2.950000,2.250000,
3.000000,2.250000,
3.050000,2.250000,
3.100000,2.250000,
3.150000,2.250000,
3.200000,2.250000,
3.250000,2.250000,
3.300000,2.250000,
3.350000,2.250000,
3.400000,2.250000,
3.450000,2.250000,
3.500000,2.250000,
-3.500000,2.300000,
-3.450000,2.300000,
-3.400000,2.300000,
-3.350000,2.300000,
-3.300000,2.300000,
-3.250000,2.300000,
-3.200000,2.300000,
-3.150000,2.300000,
-3.100000,2.300000,
-3.050000,2.300000,
-3.000000,2.300000,
-2.950000,2.300000,
-2.900000,2.300000,
-2.850000,2.300000,
-2.800000,2.300000,
-2.750000,2.300000,
-2.700000,2.300000,
-2.650000,2.300000,
-2.600000,2.300000,
-2.550000,2.300000,
-2.500000,2.300000,
-2.450000,2.300000,
-2.400000,2.300000,
-2.350000,2.300000,
-2.300000,2.300000,
-2.250000,2.300000,
-2.200000,2.300000,
-2.150000,2.300000,
-2.100000,2.300000,
-2.050000,2.300000,
-2.000000,2.300000,
-1.950000,2.300000,
-1.900000,2.300000,
-1.850000,2.300000,
-1.800000,2.300000,1.928730
-1.750000,2.300000,1.974209
-1.700000,2.300000,2.017424
-1.650000,2.300000,2.058519
-1.600000,2.300000,2.097618
-1.550000,2.300000,2.134830
-1.500000,2.300000,2.170253
-1.450000,2.300000,2.203974
-1.400000,2.300000,2.236068
-1.350000,2.300000,2.266605
-1.300000,2.300000,2.295648
-1.250000,2.300000,2.323252
-1.200000,2.300000,2.349468
-1.150000,2.300000,2.374342
-1.100000,2.300000,2.397916
-1.050000,2.300000,2.420227
-1.000000,2.300000,2.441311
-0.950000,2.300000,2.461199
-0.900000,2.300000,2.479919
-0.850000,2.300000,2.497499
-0.800000,2.300000,2.513961
-0.750000,2.300000,2.529328
-0.700000,2.300000,2.543619
-0.650000,2.300000,2.556854
-0.600000,2.300000,2.569047
-0.550000,2.300000,2.580213
-0.500000,2.300000,2.590367
-0.450000,2.300000,2.599519
-0.400000,2.300000,2.607681
-0.350000,2.300000,2.614861
-0.300000,2.300000,2.621068
-0.250000,2.300000,2.626309
-0.200000,2.300000,2.630589
-0.150000,2.300000,2.633913
-0.100000,2.300000,2.636285
-0.050000,2.300000,2.637707
-0.000000,2.300000,2.638181
0.050000,2.300000,2.637707
0.100000,2.300000,2.636285
0.150000,2.300000,2.633913
0.200000,2.300000,2.630589
0.250000,2.300000,2.626309
0.300000,2.300000,2.621068
0.350000,2.300000,2.614861
0.400000,2.300000,2.607681
0.450000,2.300000,2.599519
0.500000,2.300000,2.590367
0.550000,2.300000,2.580213
0.600000,2.300000,2.569047
0.650000,2.300000,2.556854
0.700000,2.300000,2.543619
0.750000,2.300000,2.529328
0.800000,2.300000,2.513961
0.850000,2.300000,2.497499
0.900000,2.300000,2.479919
0.950000,2.300000,2.461199
1.000000,2.300000,2.441311
1.050000,2.300000,2.420227
1.100000,2.300000,2.397916
1.150000,2.300000,2.374342
1.200000,2.300000,2.349468
1.250000,2.300000,2.323252
1.300000,2.300000,2.295648
1.350000,2.300000,2.266605
1.400000,2.300000,2.236068
1.450000,2.300000,2.203974
1.500000,2.300000,2.170253
1.550000,2.300000,2.134830
1.600000,2.300000,2.097618
1.650000,2.300000,2.058519
1.700000,2.300000,2.017424
1.750000,2.300000,1.974209
1.800000,2.300000,1.928730
1.850000,2.300000,
1.900000,2.300000,
1.950000,2.300000,
2.000000,2.300000,
2.050000,2.300000,
2.100000,2.300000,
2.150000,2.300000,
2.200000,2.300000,
2.250000,2.300000,
2.300000,2.300000,
2.350000,2.300000,
2.400000,2.300000,
2.450000,2.300000,
2.500000,2.300000,
2.550000,2.300000,
2.600000,2.300000,
2.650000,2.300000,
2.700000,2.300000,
2.750000,2.300000,
2.800000,2.300000,
2.850000,2.300000,
2.900000,2.300000,
2.950000,2.300000,
3.000000,2.300000,
3.050000,2.300000,
3.100000,2.300000,
3.150000,2.300000,
3.200000,2.300000,
3.250000,2.300000,
3.300000,2.300000,
3.350000,2.300000,
3.400000,2.300000,
3.450000,2.300000,
3.500000,2.300000,
-3.500000,2.350000,
-3.450000,2.350000,
-3.400000,2.350000,
-3.350000,2.350000,
-3.300000,2.350000,
-3.250000,2.350000,
-3.200000,2.350000,
-3.150000,2.350000,
-3.100000,2.350000,
-3.050000,2.350000,
-3.000000,2.350000,
-2.950000,2.350000,
-2.900000,2.350000,
-2.850000,2.350000,
-2.800000,2.350000,
-2.750000,2.350000,
-2.700000,2.350000,
-2.650000,2.350000,
-2.600000,2.350000,
-2.550000,2.350000,
-2.500000,2.350000,
-2.450000,2.350000,
-2.400000,2.350000,
-2.350000,2.350000,
-2.300000,2.350000,
-2.250000,2.350000,
-2.200000,2.350000,
-2.150000,2.350000,
-2.100000,2.350000,
-2.050000,2.350000,
-2.000000,2.350000,
-1.950000,2.350000,
-1.900000,2.350000,
-1.850000,2.350000,
-1.800000,2.350000,
-1.750000,2.350000,1.914419
-1.700000,2.350000,1.958954
-1.650000,2.350000,2.001250
-1.600000,2.350000,2.041446
-1.550000,2.350000,2.079663
-1.500000,2.350000,2.116010
-1.450000,2.350000,2.150581
-1.400000,2.350000,2.183461
-1.350000,2.350000,2.214723
-1.300000,2.350000,2.244438
-1.250000,2.350000,2.272664
-1.200000,2.350000,2.299456
-1.150000,2.350000,2.324866
-1.100000,2.350000,2.348936
-1.050000,2.350000,2.371708
-1.000000,2.350000,2.393220
-0.950000,2.350000,2.413504
-0.900000,2.350000,2.432591
-0.850000,2.350000,2.450510
-0.800000,2.350000,2.467286
-0.750000,2.350000,2.482942
-0.700000,2.350000,2.497499
-0.650000,2.350000,2.510976
-0.600000,2.350000,2.523391
-0.550000,2.350000,2.534758
-0.500000,2.350000,2.545093
-0.450000,2.350000,2.554408
-0.400000,2.350000,2.562713
-0.350000,2.350000,2.570019
-0.300000,2.350000,2.576335
-0.250000,2.350000,2.581666
-0.200000,2.350000,2.586020
-0.150000,2.350000,2.589401
-0.100000,2.350000,2.591814
-0.050000,2.350000,2.593260
-0.000000,2.350000,2.593742
0.050000,2.350000,2.593260
0.100000,2.350000,2.591814
0.150000,2.350000,2.589401
0.200000,2.350000,2.586020
0.250000,2.350000,2.581666
0.300000,2.350000,2.576335
0.350000,2.350000,2.570019
0.400000,2.350000,2.562713
0.450000,2.350000,2.554408
0.500000,2.350000,2.545093
0.550000,2.350000,2.534758
0.600000,2.350000,2.523391
0.650000,2.350000,2.510976
0.700000,2.350000,2.497499
0.750000,2.350000,2.482942
0.800000,2.350000,2.467286
0.850000,2.350000,2.450510
0.900000,2.350000,2.432591
0.950000,2.350000,2.413504
1.000000,2.350000,2.393220
1.050000,2.350000,2.371708
1.100000,2.350000,2.348936
1.150000,2.350000,2.324866
1.200000,2.350000,2.299456
1.250000,2.350000,2.272664
1.300000,2.350000,2.244438
1.350000,2.350000,2.214723
1.400000,2.350000,2.183461
1.450000,2.350000,2.150581
1.500000,2.350000,2.116010
1.550000,2.350000,2.079663
1.600000,2.350000,2.041446
1.650000,2.350000,2.001250
1.700000,2.350000,1.958954
1.750000,2.350000,1.914419
1.800000,2.350000,
1.850000,2.350000,
1.900000,2.350000,
1.950000,2.350000,
2.000000,2.350000,
2.050000,2.350000,
2.100000,2.350000,
2.150000,2.350000,
2.200000,2.350000,
2.250000,2.350000,
2.300000,2.350000,
2.350000,2.350000,
2.400000,2.350000,
2.450000,2.350000,
2.500000,2.350000,
2.550000,2.350000,
2.600000,2.350000,
2.650000,2.350000,
2.700000,2.350000,
2.750000,2.350000,
2.800000,2.350000,
2.850000,2.350000,
2.900000,2.350000,
2.950000,2.350000,
3.000000,2.350000,
3.050000,2.350000,
3.100000,2.350000,
3.150000,2.350000,
3.200000,2.350000,
3.250000,2.350000,
3.300000,2.350000,
3.350000,2.350000,
3.400000,2.350000,
3.450000,2.350000,
3.500000,2.350000,
-3.500000,2.400000,
-3.450000,2.400000,
-3.400000,2.400000,
-3.350000,2.400000,
-3.300000,2.400000,
-3.250000,2.400000,
-3.200000,2.400000,
-3.150000,2.400000,
-3.100000,2.400000,
-3.050000,2.400000,
-3.000000,2.400000,
-2.950000,2.400000,
-2.900000,2.400000,
-2.850000,2.400000,
-2.800000,2.400000,
-2.750000,2.400000,
-2.700000,2.400000,
-2.650000,2.400000,
-2.600000,2.400000,
-2.550000,2.400000,
-2.500000,2.400000,
-2.450000,2.400000,
-2.400000,2.400000,
-2.350000,2.400000,
-2.300000,2.400000,
-2.250000,2.400000,
-2.200000,2.400000,
-2.150000,2.400000,
-2.100000,2.400000,
-2.050000,2.400000,
-2.000000,2.400000,
-1.950000,2.400000,
-1.900000,2.400000,
-1.850000,2.400000,
-1.800000,2.400000,
-1.750000,2.400000,1.851351
-1.700000,2.400000,1.897367
-1.650000,2.400000,1.941005
-1.600000,2.400000,1.982423
-1.550000,2.400000,2.021757
-1.500000,2.400000,2.059126
-1.450000,2.400000,2.094636
-1.400000,2.400000,2.128380
-1.350000,2.400000,2.160440
-1.300000,2.400000,2.190890
-1.250000,2.400000,2.219797
-1.200000,2.400000,2.247221
-1.150000,2.400000,2.273214
-1.100000,2.400000,2.297825
-1.050000,2.400000,2.321099
-1.000000,2.400000,2.343075
-0.950000,2.400000,2.363789
-0.900000,2.400000,2.383275
-0.850000,2.400000,2.401562
-0.800000,2.400000,2.418677
-0.750000,2.400000,2.434646
-0.700000,2.400000,2.449490
-0.650000,2.400000,2.463230
-0.600000,2.400000,2.475884
-0.550000,2.400000,2.487469
-0.500000,2.400000,2.497999
-0.450000,2.400000,2.507489
-0.400000,2.400000,2.515949
-0.350000,2.400000,2.523391
-0.300000,2.400000,2.529822
-0.250000,2.400000,2.535251
-0.200000,2.400000,2.539685
-0.150000,2.400000,2.543128
-0.100000,2.400000,2.545584
-0.050000,2.400000,2.547057
-0.000000,2.400000,2.547548
0.050000,2.400000,2.547057
0.100000,2.400000,2.545584
0.150000,2.400000,2.543128
0.200000,2.400000,2.539685
0.250000,2.400000,2.535251
0.300000,2.400000,2.529822
0.350000,2.400000,2.523391
0.400000,2.400000,2.515949
0.450000,2.400000,2.507489
0.500000,2.400000,2.497999
0.550000,2.400000,2.487469
0.600000,2.400000,2.475884
0.650000,2.400000,2.463230
0.700000,2.400000,2.449490
0.750000,2.400000,2.434646
0.800000,2.400000,2.418677
0.850000,2.400000,2.401562
0.900000,2.400000,2.383275
0.950000,2.400000,2.363789
1.000000,2.400000,2.343075
1.050000,2.400000,2.321099
1.100000,2.400000,2.297825
1.150000,2.400000,2.273214
1.200000,2.400000,2.247221
1.250000,2.400000,2.219797
1.300000,2.400000,2.190890
1.350000,2.400000,2.160440
1.400000,2.400000,2.128380
1.450000,2.400000,2.094636
1.500000,2.400000,2.059126
1.550000,2.400000,2.021757
1.600000,2.400000,1.982423
1.650000,2.400000,1.941005
1.700000,2.400000,1.897367
1.750000,2.400000,1.851351
1.800000,2.400000,
1.850000,2.400000,
1.900000,2.400000,
1.950000,2.400000,
2.000000,2.400000,
2.050000,2.400000,
2.100000,2.400000,
2.150000,2.400000,
2.200000,2.400000,
2.250000,2.400000,
2.300000,2.400000,
2.350000,2.400000,
2.400000,2.400000,
2.450000,2.400000,
2.500000,2.400000,
2.550000,2.400000,
2.600000,2.400000,
2.650000,2.400000,
2.700000,2.400000,
2.750000,2.400000,
2.800000,2.400000,
2.850000,2.400000,
2.900000,2.400000,
2.950000,2.400000,
3.000000,2.400000,
3.050000,2.400000,
3.100000,2.400000,
3.150000,2.400000,
3.200000,2.400000,
3.250000,2.400000,
3.300000,2.400000,
3.350000,2.400000,
3.400000,2.400000,
3.450000,2.400000,
3.500000,2.400000,
-3.500000,2.450000,
-3.450000,2.450000,
-3.400000,2.450000,
-3.350000,2.450000,
-3.300000,2.450000,
-3.250000,2.450000,
-3.200000,2.450000,
-3.150000,2.450000,
-3.100000,2.450000,
-3.050000,2.450000,
-3.000000,2.450000,
-2.950000,2.450000,
-2.900000,2.450000,
-2.850000,2.450000,
-2.800000,2.450000,
-2.750000,2.450000,
-2.700000,2.450000,
-2.650000,2.450000,
-2.600000,2.450000,
-2.550000,2.450000,
-2.500000,2.450000,
-2.450000,2.450000,
-2.400000,2.450000,
-2.350000,2.450000,
-2.300000,2.450000,
-2.250000,2.450000,
-2.200000,2.450000,
-2.150000,2.450000,
-2.100000,2.450000,
-2.050000,2.450000,
-2.000000,2.450000,
-1.950000,2.450000,
-1.900000,2.450000,
-1.850000,2.450000,
-1.800000,2.450000,
-1.750000,2.450000,
-1.700000,2.450000,1.832348
-1.650000,2.450000,1.877498
-1.600000,2.450000,1.920286
-1.550000,2.450000,1.960867
-1.500000,2.450000,1.999375
-1.450000,2.450000,2.035927
-1.400000,2.450000,2.070628
-1.350000,2.450000,2.103568
-1.300000,2.450000,2.134830
-1.250000,2.450000,2.164486
-1.200000,2.450000,2.192601
-1.150000,2.450000,2.219234
-1.100000,2.450000,2.244438
-1.050000,2.450000,2.268259
-1.000000,2.450000,2.290742
-0.950000,2.450000,2.311926
-0.900000,2.450000,2.331845
-0.850000,2.450000,2.350532
-0.800000,2.450000,2.368016
-0.750000,2.450000,2.384324
-0.700000,2.450000,2.399479
-0.650000,2.450000,2.413504
-0.600000,2.450000,2.426417
-0.550000,2.450000,2.438237
-0.500000,2.450000,2.448979
-0.450000,2.450000,2.458658
-0.400000,2.450000,2.467286
-0.350000,2.450000,2.474874
-0.300000,2.450000,2.481431
-0.250000,2.450000,2.486966
-0.200000,2.450000,2.491486
-0.150000,2.450000,2.494995
-0.100000,2.450000,2.497499
-0.050000,2.450000,2.499000
-0.000000,2.450000,2.499500
0.050000,2.450000,2.499000
0.100000,2.450000,2.497499
0.150000,2.450000,2.494995
0.200000,2.450000,2.491486
0.250000,2.450000,2.486966
0.300000,2.450000,2.481431
0.350000,2.450000,2.474874
0.400000,2.450000,2.467286
0.450000,2.450000,2.458658
0.500000,2.450000,2.448979
0.550000,2.450000,2.438237
0.600000,2.450000,2.426417
0.650000,2.450000,2.413504
0.700000,2.450000,2.399479
0.750000,2.450000,2.384324
0.800000,2.450000,2.368016
0.850000,2.450000,2.350532
0.900000,2.450000,2.331845
0.950000,2.450000,2.311926
1.000000,2.450000,2.290742
1.050000,2.450000,2.268259
1.100000,2.450000,2.244438
1.150000,2.450000,2.219234
1.200000,2.450000,2.192601
1.250000,2.450000,2.164486
1.300000,2.450000,2.134830
1.350000,2.450000,2.103568
1.400000,2.450000,2.070628
1.450000,2.450000,2.035927
1.500000,2.450000,1.999375
1.550000,2.450000,1.960867
1.600000,2.450000,1.920286
1.650000,2.450000,1.877498
1.700000,2.450000,1.832348
1.750000,2.450000,
1.800000,2.450000,
1.850000,2.450000,
1.900000,2.450000,
1.950000,2.450000,
2.000000,2.450000,
2.050000,2.450000,
2.100000,2.450000,
2.150000,2.450000,
2.200000,2.450000,
2.250000,2.450000,
2.300000,2.450000,
2.350000,2.450000,
2.400000,2.450000,
2.450000,2.450000,
2.500000,2.450000,
2.550000,2.450000,
2.600000,2.450000,
2.650000,2.450000,
2.700000,2.450000,
2.750000,2.450000,
2.800000,2.450000,
2.850000,2.450000,
2.900000,2.450000,
2.950000,2.450000,
3.000000,2.450000,
3.050000,2.450000,
3.100000,2.450000,
3.150000,2.450000,
3.200000,2.450000,
3.250000,2.450000,
3.300000,2.450000,
3.350000,2.450000,
3.400000,2.450000,
3.450000,2.450000,
3.500000,2.450000,
-3.500000,2.500000,
-3.450000,2.500000,
-3.400000,2.500000,
-3.350000,2.500000,
-3.300000,2.500000,
-3.250000,2.500000,
-3.200000,2.500000,
-3.150000,2.500000,
-3.100000,2.500000,
-3.050000,2.500000,
-3.000000,2.500000,
-2.950000,2.500000,
-2.900000,2.500000,
-2.850000,2.500000,
-2.800000,2.500000,
-2.750000,2.500000,
-2.700000,2.500000,
-2.650000,2.500000,
-2.600000,2.500000,
-2.550000,2.500000,
-2.500000,2.500000,
-2.450000,2.500000,
-2.400000,2.500000,
-2.350000,2.500000,
-2.300000,2.500000,
-2.250000,2.500000,
-2.200000,2.500000,
-2.150000,2.500000,
-2.100000,2.500000,
-2.050000,2.500000,
-2.000000,2.500000,
-1.950000,2.500000,
-1.900000,2.500000,
-1.850000,2.500000,
-1.800000,2.500000,
-1.750000,2.500000,
-1.700000,2.500000,1.763519
-1.650000,2.500000,1.810387
-1.600000,2.500000,1.854724
-1.550000,2.500000,1.896708
-1.500000,2.500000,1.936492
-1.450000,2.500000,1.974209
-1.400000,2.500000,2.009975
-1.350000,2.500000,2.043893
-1.300000,2.500000,2.076054
-1.250000,2.500000,2.106537
-1.200000,2.500000,2.135416
-1.150000,2.500000,2.162753
-1.100000,2.500000,2.188607
-1.050000,2.500000,2.213030
-1.000000,2.500000,2.236068
-0.950000,2.500000,2.257764
-0.900000,2.500000,2.278157
-0.850000,2.500000,2.297281
-0.800000,2.500000,2.315167
-0.750000,2.500000,2.331845
-0.700000,2.500000,2.347339
-0.650000,2.500000,2.361673
-0.600000,2.500000,2.374868
-0.550000,2.500000,2.386944
-0.500000,2.500000,2.397916
-0.450000,2.500000,2.407800
-0.400000,2.500000,2.416609
-0.350000,2.500000,2.424356
-0.300000,2.500000,2.431049
-0.250000,2.500000,2.436699
-0.200000,2.500000,2.441311
-0.150000,2.500000,2.444893
-0.100000,2.500000,2.447448
-0.050000,2.500000,2.448979
-0.000000,2.500000,2.449490
0.050000,2.500000,2.448979
0.100000,2.500000,2.447448
0.150000,2.500000,2.444893
0.200000,2.500000,2.441311
0.250000,2.500000,2.436699
0.300000,2.500000,2.431049
0.350000,2.500000,2.424356
0.400000,2.500000,2.416609
0.450000,2.500000,2.407800
0.500000,2.500000,2.397916
0.550000,2.500000,2.386944
0.600000,2.500000,2.374868
0.650000,2.500000,2.361673
0.700000,2.500000,2.347339
0.750000,2.500000,2.331845
0.800000,2.500000,2.315167
0.850000,2.500000,2.297281
0.900000,2.500000,2.278157
0.950000,2.500000,2.257764
1.000000,2.500000,2.236068
1.050000,2.500000,2.213030
1.100000,2.500000,2.188607
1.150000,2.500000,2.162753
1.200000,2.500000,2.135416
1.250000,2.500000,2.106537
1.300000,2.500000,2.076054
1.350000,2.500000,2.043893
1.400000,2.500000,2.009975
1.450000,2.500000,1.974209
1.500000,2.500000,1.936492
1.550000,2.500000,1.896708
1.600000,2.500000,1.854724
1.650000,2.500000,1.810387
1.700000,2.500000,1.763519
1.750000,2.500000,
1.800000,2.500000,
1.850000,2.500000,
1.900000,2.500000,
1.950000,2.500000,
2.000000,2.500000,
2.050000,2.500000,
2.100000,2.500000,
2.150000,2.500000,
2.200000,2.500000,
2.250000,2.500000,
2.300000,2.500000,
2.350000,2.500000,
2.400000,2.500000,
2.450000,2.500000,
2.500000,2.500000,
2.550000,2.500000,
2.600000,2.500000,
2.650000,2.500000,
2.700000,2.500000,
2.750000,2.500000,
2.800000,2.500000,
2.850000,2.500000,
2.900000,2.500000,
2.950000,2.500000,
3.000000,2.500000,
3.050000,2.500000,
3.100000,2.500000,
3.150000,2.500000,
3.200000,2.500000,
3.250000,2.500000,
3.300000,2.500000,
3.350000,2.500000,
3.400000,2.500000,
3.450000,2.500000,
3.500000,2.500000,
-3.500000,2.550000,
-3.450000,2.550000,
-3.400000,2.550000,
-3.350000,2.550000,
-3.300000,2.550000,
-3.250000,2.550000,
-3.200000,2.550000,
-3.150000,2.550000,
-3.100000,2.550000,
-3.050000,2.550000,
-3.000000,2.550000,
-2.950000,2.550000,
-2.900000,2.550000,
-2.850000,2.550000,
-2.800000,2.550000,
-2.750000,2.550000,
-2.700000,2.550000,
-2.650000,2.550000,
-2.600000,2.550000,
-2.550000,2.550000,
-2.500000,2.550000,
-2.450000,2.550000,
-2.400000,2.550000,
-2.350000,2.550000,
-2.300000,2.550000,
-2.250000,2.550000,
-2.200000,2.550000,
-2.150000,2.550000,
-2.100000,2.550000,
-2.050000,2.550000,
-2.000000,2.550000,
-1.950000,2.550000,
-1.900000,2.550000,
-1.850000,2.550000,
-1.800000,2.550000,
-1.750000,2.550000,
-1.700000,2.550000,
-1.650000,2.550000,1.739253
-1.600000,2.550000,1.785357
-1.550000,2.550000,1.828934
-1.500000,2.550000,1.870160
-1.450000,2.550000,1.909188
-1.400000,2.550000,1.946150
-1.350000,2.550000,1.981161
-1.300000,2.550000,2.014324
-1.250000,2.550000,2.045727
-1.200000,2.550000,2.075452
-1.150000,2.550000,2.103568
-1.100000,2.550000,2.130141
-1.050000,2.550000,2.155226
-1.000000,2.550000,2.178876
-0.950000,2.550000,2.201136
-0.900000,2.550000,2.222049
-0.850000,2.550000,2.241651
-0.800000,2.550000,2.259978
-0.750000,2.550000,2.277060
-0.700000,2.550000,2.292924
-0.650000,2.550000,2.307596
-0.600000,2.550000,2.321099
-0.550000,2.550000,2.333452
-0.500000,2.550000,2.344675
-0.450000,2.550000,2.354782
-0.400000,2.550000,2.363789
-0.350000,2.550000,2.371708
-0.300000,2.550000,2.378550
-0.250000,2.550000,2.384324
-0.200000,2.550000,2.389037
-0.150000,2.550000,2.392697
-0.100000,2.550000,2.395308
-0.050000,2.550000,2.396873
-0.000000,2.550000,2.397394
0.050000,2.550000,2.396873
0.100000,2.550000,2.395308
0.150000,2.550000,2.392697
0.200000,2.550000,2.389037
0.250000,2.550000,2.384324
0.300000,2.550000,2.378550
0.350000,2.550000,2.371708
0.400000,2.550000,2.363789
0.450000,2.550000,2.354782
0.500000,2.550000,2.344675
0.550000,2.550000,2.333452
0.600000,2.550000,2.321099
0.650000,2.550000,2.307596
0.700000,2.550000,2.292924
0.750000,2.550000,2.277060
0.800000,2.550000,2.259978
0.850000,2.550000,2.241651
0.900000,2.550000,2.222049
0.950000,2.550000,2.201136
1.000000,2.550000,2.178876
1.050000,2.550000,2.155226
1.100000,2.550000,2.130141
1.150000,2.550000,2.103568
1.200000,2.550000,2.075452
1.250000,2.550000,2.045727
1.300000,2.550000,2.014324
1.350000,2.550000,1.981161
1.400000,2.550000,1.946150
1.450000,2.550000,1.909188
1.500000,2.550000,1.870160
1.550000,2.550000,1.828934
1.600000,2.550000,1.785357
1.650000,2.550000,1.739253
1.700000,2.550000,
1.750000,2.550000,
1.800000,2.550000,
1.850000,2.550000,
1.900000,2.550000,
1.950000,2.550000,
2.000000,2.550000,
2.050000,2.550000,
2.100000,2.550000,
2.150000,2.550000,
2.200000,2.550000,
2.250000,2.550000,
2.300000,2.550000,
2.350000,2.550000,
2.400000,2.550000,
2.450000,2.550000,
2.500000,2.550000,
2.550000,2.550000,
2.600000,2.550000,
2.650000,2.550000,
2.700000,2.550000,
2.750000,2.550000,
2.800000,2.550000,
2.850000,2.550000,
2.900000,2.550000,
2.950000,2.550000,
3.000000,2.550000,
3.050000,2.550000,
3.100000,2.550000,
3.150000,2.550000,
3.200000,2.550000,
3.250000,2.550000,
3.300000,2.550000,
3.350000,2.550000,
3.400000,2.550000,
3.450000,2.550000,
3.500000,2.550000,
-3.500000,2.600000,
-3.450000,2.600000,
-3.400000,2.600000,
-3.350000,2.600000,
-3.300000,2.600000,
-3.250000,2.600000,
-3.200000,2.600000,
-3.150000,2.600000,
-3.100000,2.600000,
-3.050000,2.600000,
-3.000000,2.600000,
-2.950000,2.600000,
-2.900000,2.600000,
-2.850000,2.600000,
-2.800000,2.600000,
-2.750000,2.600000,
-2.700000,2.600000,
-2.650000,2.600000,
-2.600000,2.600000,
-2.550000,2.600000,
-2.500000,2.600000,
-2.450000,2.600000,
-2.400000,2.600000,
-2.350000,2.600000,
-2.300000,2.600000,
-2.250000,2.600000,
-2.200000,2.600000,
-2.150000,2.600000,
-2.100000,2.600000,
-2.050000,2.600000,
-2.000000,2.600000,
-1.950000,2.600000,
-1.900000,2.600000,
-1.850000,2.600000,
-1.800000,2.600000,
-1.750000,2.600000,
-1.700000,2.600000,
-1.650000,2.600000,1.663580
-1.600000,2.600000,1.711724
-1.550000,2.600000,1.757128
-1.500000,2.600000,1.800000
-1.450000,2.600000,1.840516
-1.400000,2.600000,1.878829
-1.350000,2.600000,1.915072
-1.300000,2.600000,1.949359
-1.250000,2.600000,1.981792
-1.200000,2.600000,2.012461
-1.150000,2.600000,2.041446
-1.100000,2.600000,2.068816
-1.050000,2.600000,2.094636
-1.000000,2.600000,2.118962
-0.950000,2.600000,2.141845
-0.900000,2.600000,2.163331
-0.850000,2.600000,2.183461
-0.800000,2.600000,2.202272
-0.750000,2.600000,2.219797
-0.700000,2.600000,2.236068
-0.650000,2.600000,2.251111
-0.600000,2.600000,2.264950
-0.550000,2.600000,2.277608
-0.500000,2.600000,2.289105
-0.450000,2.600000,2.299456
-0.400000,2.600000,2.308679
-0.350000,2.600000,2.316787
-0.300000,2.600000,2.323790
-0.250000,2.600000,2.329700
-0.200000,2.600000,2.334524
-0.150000,2.600000,2.338269
-0.100000,2.600000,2.340940
-0.050000,2.600000,2.342541
-0.000000,2.600000,2.343075
0.050000,2.600000,2.342541
0.100000,2.600000,2.340940
0.150000,2.600000,2.338269
0.200000,2.600000,2.334524
0.250000,2.600000,2.329700
0.300000,2.600000,2.323790
0.350000,2.600000,2.316787
0.400000,2.600000,2.308679
0.450000,2.600000,2.299456
0.500000,2.600000,2.289105
0.550000,2.600000,2.277608
0.600000,2.600000,2.264950
0.650000,2.600000,2.251111
0.700000,2.600000,2.236068
0.750000,2.600000,2.219797
0.800000,2.600000,2.202272
0.850000,2.600000,2.183461
0.900000,2.600000,2.163331
0.950000,2.600000,2.141845
1.000000,2.600000,2.118962
1.050000,2.600000,2.094636
1.100000,2.600000,2.068816
1.150000,2.600000,2.041446
1.200000,2.600000,2.012461
1.250000,2.600000,1.981792
1.300000,2.600000,1.949359
1.350000,2.600000,1.915072
1.400000,2.600000,1.878829
1.450000,2.600000,1.840516
1.500000,2.600000,1.800000
1.550000,2.600000,1.757128
1.600000,2.600000,1.711724
1.650000,2.600000,1.663580
1.700000,2.600000,
1.750000,2.600000,
1.800000,2.600000,
1.850000,2.600000,
1.900000,2.600000,
1.950000,2.600000,
2.000000,2.600000,
2.050000,2.600000,
2.100000,2.600000,
2.150000,2.600000,
2.200000,2.600000,
2.250000,2.600000,
2.300000,2.600000,
2.350000,2.600000,
2.400000,2.600000,
2.450000,2.600000,
2.500000,2.600000,
2.550000,2.600000,
2.600000,2.600000,
2.650000,2.600000,
2.700000,2.600000,
2.750000,2.600000,
2.800000,2.600000,
2.850000,2.600000,
2.900000,2.600000,
2.950000,2.600000,
3.000000,2.600000,
3.050000,2.600000,
3.100000,2.600000,
3.150000,2.600000,
3.200000,2.600000,
3.250000,2.600000,
3.300000,2.600000,
3.350000,2.600000,
3.400000,2.600000,
3.450000,2.600000,
3.500000,2.600000,
-3.500000,2.650000,
-3.450000,2.650000,
-3.400000,2.650000,
-3.350000,2.650000,
-3.300000,2.650000,
-3.250000,2.650000,
-3.200000,2.650000,
-3.150000,2.650000,
-3.100000,2.650000,
-3.050000,2.650000,
-3.000000,2.650000,
-2.950000,2.650000,
-2.900000,2.650000,
-2.850000,2.650000,
-2.800000,2.650000,
-2.750000,2.650000,
-2.700000,2.650000,
-2.650000,2.650000,
-2.600000,2.650000,
-2.550000,2.650000,
-2.500000,2.650000,
-2.450000,2.650000,
-2.400000,2.650000,
-2.350000,2.650000,
-2.300000,2.650000,
-2.250000,2.650000,
-2.200000,2.650000,
-2.150000,2.650000,
-2.100000,2.650000,
-2.050000,2.650000,
-2.000000,2.650000,
-1.950000,2.650000,
-1.900000,2.650000,
-1.850000,2.650000,
-1.800000,2.650000,
-1.750000,2.650000,
-1.700000,2.650000,
-1.650000,2.650000,
-1.600000,2.650000,1.633248
-1.550000,2.650000,1.680774
-1.500000,2.650000,1.725543
-1.450000,2.650000,1.767767
-1.400000,2.650000,1.807623
-1.350000,2.650000,1.845264
-1.300000,2.650000,1.880824
-1.250000,2.650000,1.914419
-1.200000,2.650000,1.946150
-1.150000,2.650000,1.976107
-1.100000,2.650000,2.004370
-1.050000,2.650000,2.031010
-1.000000,2.650000,2.056089
-0.950000,2.650000,2.079663
-0.900000,2.650000,2.101785
-0.850000,2.650000,2.122499
-0.800000,2.650000,2.141845
-0.750000,2.650000,2.159861
-0.700000,2.650000,2.176580
-0.650000,2.650000,2.192031
-0.600000,2.650000,2.206241
-0.550000,2.650000,2.219234
-0.500000,2.650000,2.231031
-0.450000,2.650000,2.241651
-0.400000,2.650000,2.251111
-0.350000,2.650000,2.259425
-0.300000,2.650000,2.266605
-0.250000,2.650000,2.272664
-0.200000,2.650000,2.277608
-0.150000,2.650000,2.281447
-0.100000,2.650000,2.284185
-0.050000,2.650000,2.285826
-0.000000,2.650000,2.286373
0.050000,2.650000,2.285826
0.100000,2.650000,2.284185
0.150000,2.650000,2.281447
0.200000,2.650000,2.277608
0.250000,2.650000,2.272664
0.300000,2.650000,2.266605
0.350000,2.650000,2.259425
0.400000,2.650000,2.251111
0.450000,2.650000,2.241651
0.500000,2.650000,2.231031
0.550000,2.650000,2.219234
0.600000,2.650000,2.206241
0.650000,2.650000,2.192031
0.700000,2.650000,2.176580
0.750000,2.650000,2.159861
0.800000,2.650000,2.141845
0.850000,2.650000,2.122499
0.900000,2.650000,2.101785
0.950000,2.650000,2.079663
1.000000,2.650000,2.056089
1.050000,2.650000,2.031010
1.100000,2.650000,2.004370
1.150000,2.650000,1.976107
1.200000,2.650000,1.946150
1.250000,2.650000,1.914419
1.300000,2.650000,1.880824
1.350000,2.650000,1.845264
1.400000,2.650000,1.807623
1.450000,2.650000,1.767767
1.500000,2.650000,1.725543
1.550000,2.650000,1.680774
1.600000,2.650000,1.633248
1.650000,2.650000,
1.700000,2.650000,
1.750000,2.650000,
1.800000,2.650000,
1.850000,2.650000,
1.900000,2.650000,
1.950000,2.650000,
2.000000,2.650000,
2.050000,2.650000,
2.100000,2.650000,
2.150000,2.650000,
2.200000,2.650000,
2.250000,2.650000,
2.300000,2.650000,
2.350000,2.650000,
2.400000,2.650000,
2.450000,2.650000,
2.500000,2.650000,
2.550000,2.650000,
2.600000,2.650000,
2.650000,2.650000,
2.700000,2.650000,
2.750000,2.650000,
2.800000,2.650000,
2.850000,2.650000,
2.900000,2.650000,
2.950000,2.650000,
3.000000,2.650000,
3.050000,2.650000,
3.100000,2.650000,
3.150000,2.650000,
3.200000,2.650000,
3.250000,2.650000,
3.300000,2.650000,
3.350000,2.650000,
3.400000,2.650000,
3.450000,2.650000,
3.500000,2.650000,
-3.500000,2.700000,
-3.450000,2.700000,
-3.400000,2.700000,
-3.350000,2.700000,
-3.300000,2.700000,
-3.250000,2.700000,
-3.200000,2.700000,
-3.150000,2.700000,
-3.100000,2.700000,
-3.050000,2.700000,
-3.000000,2.700000,
-2.950000,2.700000,
-2.900000,2.700000,
-2.850000,2.700000,
-2.800000,2.700000,
-2.750000,2.700000,
-2.700000,2.700000,
-2.650000,2.700000,
-2.600000,2.700000,
-2.550000,2.700000,
-2.500000,2.700000,
-2.450000,2.700000,
-2.400000,2.700000,
-2.350000,2.700000,
-2.300000,2.700000,
-2.250000,2.700000,
-2.200000,2.700000,
-2.150000,2.700000,
-2.100000,2.700000,
-2.050000,2.700000,
-2.000000,2.700000,
-1.950000,2.700000,
-1.900000,2.700000,
-1.850000,2.700000,
-1.800000,2.700000,
-1.750000,2.700000,
-1.700000,2.700000,
-1.650000,2.700000,
-1.600000,2.700000,
-1.550000,2.700000,1.599219
-1.500000,2.700000,1.646208
-1.450000,2.700000,1.690414
-1.400000,2.700000,1.732051
-1.350000,2.700000,1.771299
-1.300000,2.700000,1.808314
-1.250000,2.700000,1.843231
-1.200000,2.700000,1.876166
-1.150000,2.700000,1.907223
-1.100000,2.700000,1.936492
-1.050000,2.700000,1.964052
-1.000000,2.700000,1.989975
-0.950000,2.700000,2.014324
-0.900000,2.700000,2.037155
-0.850000,2.700000,2.058519
-0.800000,2.700000,2.078461
-0.750000,2.700000,2.097022
-0.700000,2.700000,2.114237
-0.650000,2.700000,2.130141
-0.600000,2.700000,2.144761
-0.550000,2.700000,2.158124
-0.500000,2.700000,2.170253
-0.450000,2.700000,2.181169
-0.400000,2.700000,2.190890
-0.350000,2.700000,2.199432
-0.300000,2.700000,2.206808
-0.250000,2.700000,2.213030
-0.200000,2.700000,2.218107
-0.150000,2.700000,2.222049
-0.100000,2.700000,2.224860
-0.050000,2.700000,2.226544
-0.000000,2.700000,2.227106
0.050000,2.700000,2.226544
0.100000,2.700000,2.224860
0.150000,2.700000,2.222049
0.200000,2.700000,2.218107
0.250000,2.700000,2.213030
0.300000,2.700000,2.206808
0.350000,2.700000,2.199432
0.400000,2.700000,2.190890
0.450000,2.700000,2.181169
0.500000,2.700000,2.170253
0.550000,2.700000,2.158124
0.600000,2.700000,2.144761
0.650000,2.700000,2.130141
0.700000,2.700000,2.114237
0.750000,2.700000,2.097022
0.800000,2.700000,2.078461
0.850000,2.700000,2.058519
0.900000,2.700000,2.037155
0.950000,2.700000,2.014324
1.000000,2.700000,1.989975
1.050000,2.700000,1.964052
1.100000,2.700000,1.936492
1.150000,2.700000,1.907223
1.200000,2.700000,1.876166
1.250000,2.700000,1.843231
1.300000,2.700000,1.808314
1.350000,2.700000,1.771299
1.400000,2.700000,1.732051
1.450000,2.700000,1.690414
1.500000,2.700000,1.646208
1.550000,2.700000,1.599219
1.600000,2.700000,
1.650000,2.700000,
1.700000,2.700000,
1.750000,2.700000,
1.800000,2.700000,
1.850000,2.700000,
1.900000,2.700000,
1.950000,2.700000,
2.000000,2.700000,
2.050000,2.700000,
2.100000,2.700000,
2.150000,2.700000,
2.200000,2.700000,
2.250000,2.700000,
2.300000,2.700000,
2.350000,2.700000,
2.400000,2.700000,
2.450000,2.700000,
2.500000,2.700000,
2.550000,2.700000,
2.600000,2.700000,
2.650000,2.700000,
2.700000,2.700000,
2.750000,2.700000,
2.800000,2.700000,
2.850000,2.700000,
2.900000,2.700000,
2.950000,2.700000,
3.000000,2.700000,
3.050000,2.700000,
3.100000,2.700000,
3.150000,2.700000,
3.200000,2.700000,
3.250000,2.700000,
3.300000,2.700000,
3.350000,2.700000,
3.400000,2.700000,
3.450000,2.700000,
3.500000,2.700000,
-3.500000,2.750000,
-3.450000,2.750000,
-3.400000,2.750000,
-3.350000,2.750000,
-3.300000,2.750000,
-3.250000,2.750000,
-3.200000,2.750000,
-3.150000,2.750000,
-3.100000,2.750000,
-3.050000,2.750000,
-3.000000,2.750000,
-2.950000,2.750000,
-2.900000,2.750000,
-2.850000,2.750000,
-2.800000,2.750000,
-2.750000,2.750000,
-2.700000,2.750000,
-2.650000,2.750000,
-2.600000,2.750000,
-2.550000,2.750000,
-2.500000,2.750000,
-2.450000,2.750000,
-2.400000,2.750000,
-2.350000,2.750000,
-2.300000,2.750000,
-2.250000,2.750000,
-2.200000,2.750000,
-2.150000,2.750000,
-2.100000,2.750000,
-2.050000,2.750000,
-2.000000,2.750000,
-1.950000,2.750000,
-1.900000,2.750000,
-1.850000,2.750000,
-1.800000,2.750000,
-1.750000,2.750000,
-1.700000,2.750000,
-1.650000,2.750000,
-1.600000,2.750000,
-1.550000,2.750000,
-1.500000,2.750000,1.561249
-1.450000,2.750000,1.607794
-1.400000,2.750000,1.651514
-1.350000,2.750000,1.692631
-1.300000,2.750000,1.731329
-1.250000,2.750000,1.767767
-1.200000,2.750000,1.802082
-1.150000,2.750000,1.834394
-1.100000,2.750000,1.864806
-1.050000,2.750000,1.893410
-1.000000,2.750000,1.920286
-0.950000,2.750000,1.945508
-0.900000,2.750000,1.969137
-0.850000,2.750000,1.991231
-0.800000,2.750000,2.011840
-0.750000,2.750000,2.031010
-0.700000,2.750000,2.048780
-0.650000,2.750000,2.065188
-0.600000,2.750000,2.080264
-0.550000,2.750000,2.094039
-0.500000,2.750000,2.106537
-0.450000,2.750000,2.117782
-0.400000,2.750000,2.127792
-0.350000,2.750000,2.136586
-0.300000,2.750000,2.144178
-0.250000,2.750000,2.150581
-0.200000,2.750000,2.155806
-0.150000,2.750000,2.159861
-0.100000,2.750000,2.162753
-0.050000,2.750000,2.164486
-0.000000,2.750000,2.165064
0.050000,2.750000,2.164486
0.100000,2.750000,2.162753
0.150000,2.750000,2.159861
0.200000,2.750000,2.155806
0.250000,2.750000,2.150581
0.300000,2.750000,2.144178
0.350000,2.750000,2.136586
0.400000,2.750000,2.127792
0.450000,2.750000,2.117782
0.500000,2.750000,2.106537
0.550000,2.750000,2.094039
0.600000,2.750000,2.080264
0.650000,2.750000,2.065188
0.700000,2.750000,2.048780
0.750000,2.750000,2.031010
0.800000,2.750000,2.011840
0.850000,2.750000,1.991231
0.900000,2.750000,1.969137
0.950000,2.750000,1.945508
1.000000,2.750000,1.920286
1.050000,2.750000,1.893410
1.100000,2.750000,1.864806
1.150000,2.750000,1.834394
1.200000,2.750000,1.802082
1.250000,2.750000,1.767767
1.300000,2.750000,1.731329
1.350000,2.750000,1.692631
1.400000,2.750000,1.651514
1.450000,2.750000,1.607794
1.500000,2.750000,1.561249
1.550000,2.750000,
1.600000,2.750000,
1.650000,2.750000,
1.700000,2.750000,
1.750000,2.750000,
1.800000,2.750000,
1.850000,2.750000,
1.900000,2.750000,
1.950000,2.750000,
2.000000,2.750000,
2.050000,2.750000,
2.100000,2.750000,
2.150000,2.750000,
2.200000,2.750000,
2.250000,2.750000,
2.300000,2.750000,
2.350000,2.750000,
2.400000,2.750000,
2.450000,2.750000,
2.500000,2.750000,
2.550000,2.750000,
2.600000,2.750000,
2.650000,2.750000,
2.700000,2.750000,
2.750000,2.750000,
2.800000,2.750000,
2.850000,2.750000,
2.900000,2.750000,
2.950000,2.750000,
3.000000,2.750000,
3.050000,2.750000,
3.100000,2.750000,
3.150000,2.750000,
3.200000,2.750000,
3.250000,2.750000,
3.300000,2.750000,
3.350000,2.750000,
3.400000,2.750000,
3.450000,2.750000,
3.500000,2.750000,
-3.500000,2.800000,
-3.450000,2.800000,
-3.400000,2.800000,
-3.350000,2.800000,
-3.300000,2.800000,
-3.250000,2.800000,
-3.200000,2.800000,
-3.150000,2.800000,
-3.100000,2.800000,
-3.050000,2.800000,
-3.000000,2.800000,
-2.950000,2.800000,
-2.900000,2.800000,
-2.850000,2.800000,
-2.800000,2.800000,
-2.750000,2.800000,
-2.700000,2.800000,
-2.650000,2.800000,
-2.600000,2.800000,
-2.550000,2.800000,
-2.500000,2.800000,
-2.450000,2.800000,
-2.400000,2.800000,
-2.350000,2.800000,
-2.300000,2.800000,
-2.250000,2.800000,
-2.200000,2.800000,
-2.150000,2.800000,
-2.100000,2.800000,
-2.050000,2.800000,
-2.000000,2.800000,
-1.950000,2.800000,
-1.900000,2.800000,
-1.850000,2.800000,
-1.800000,2.800000,
-1.750000,2.800000,
-1.700000,2.800000,
-1.650000,2.800000,
-1.600000,2.800000,
-1.550000,2.800000,
-1.500000,2.800000,1.469694
-1.450000,2.800000,1.519046
-1.400000,2.800000,1.565248
-1.350000,2.800000,1.608571
-1.300000,2.800000,1.649242
-1.250000,2.800000,1.687454
-1.200000,2.800000,1.723369
-1.150000,2.800000,1.757128
-1.100000,2.800000,1.788854
-1.050000,2.800000,1.818653
-1.000000,2.800000,1.846619
-0.950000,2.800000,1.872832
-0.900000,2.800000,1.897367
-0.850000,2.800000,1.920286
-0.800000,2.800000,1.941649
-0.750000,2.800000,1.961505
-0.700000,2.800000,1.979899
-0.650000,2.800000,1.996873
-0.600000,2.800000,2.012461
-0.550000,2.800000,2.026697
-0.500000,2.800000,2.039608
-0.450000,2.800000,2.051219
-0.400000,2.800000,2.061553
-0.350000,2.800000,2.070628
-0.300000,2.800000,2.078461
-0.250000,2.800000,2.085066
-0.200000,2.800000,2.090454
-0.150000,2.800000,2.094636
-0.100000,2.800000,2.097618
-0.050000,2.800000,2.099405
-0.000000,2.800000,2.100000
0.050000,2.800000,2.099405
0.100000,2.800000,2.097618
0.150000,2.800000,2.094636
0.200000,2.800000,2.090454
0.250000,2.800000,2.085066
0.300000,2.800000,2.078461
0.350000,2.800000,2.070628
0.400000,2.800000,2.061553
0.450000,2.800000,2.051219
0.500000,2.800000,2.039608
0.550000,2.800000,2.026697
0.600000,2.800000,2.012461
0.650000,2.800000,1.996873
0.700000,2.800000,1.979899
0.750000,2.800000,1.961505
0.800000,2.800000,1.941649
0.850000,2.800000,1.920286
0.900000,2.800000,1.897367
0.950000,2.800000,1.872832
1.000000,2.800000,1.846619
1.050000,2.800000,1.818653
1.100000,2.800000,1.788854
1.150000,2.800000,1.757128
1.200000,2.800000,1.723369
1.250000,2.800000,1.687454
1.300000,2.800000,1.649242
1.350000,2.800000,1.608571
1.400000,2.800000,1.565248
1.450000,2.800000,1.519046
1.500000,2.800000,1.469694
1.550000,2.800000,
1.600000,2.800000,
1.650000,2.800000,
1.700000,2.800000,
1.750000,2.800000,
1.800000,2.800000,
1.850000,2.800000,
1.900000,2.800000,
1.950000,2.800000,
2.000000,2.800000,
2.050000,2.800000,
2.100000,2.800000,
2.150000,2.800000,
2.200000,2.800000,
2.250000,2.800000,
2.300000,2.800000,
2.350000,2.800000,
2.400000,2.800000,
2.450000,2.800000,
2.500000,2.800000,
2.550000,2.800000,
2.600000,2.800000,
2.650000,2.800000,
2.700000,2.800000,
2.750000,2.800000,
2.800000,2.800000,
2.850000,2.800000,
2.900000,2.800000,
2.950000,2.800000,
3.000000,2.800000,
3.050000,2.800000,
3.100000,2.800000,
3.150000,2.800000,
3.200000,2.800000,
3.250000,2.800000,
3.300000,2.800000,
3.350000,2.800000,
3.400000,2.800000,
3.450000,2.800000,
3.500000,2.800000,
-3.500000,2.850000,
-3.450000,2.850000,
-3.400000,2.850000,
-3.350000,2.850000,
-3.300000,2.850000,
-3.250000,2.850000,
-3.200000,2.850000,
-3.150000,2.850000,
-3.100000,2.850000,
-3.050000,2.850000,
-3.000000,2.850000,
-2.950000,2.850000,
-2.900000,2.850000,
-2.850000,2.850000,
-2.800000,2.850000,
-2.750000,2.850000,
-2.700000,2.850000,
-2.650000,2.850000,
-2.600000,2.850000,
-2.550000,2.850000,
-2.500000,2.850000,
-2.450000,2.850000,
-2.400000,2.850000,
-2.350000,2.850000,
-2.300000,2.850000,
-2.250000,2.850000,
-2.200000,2.850000,
-2.150000,2.850000,
-2.100000,2.850000,
-2.050000,2.850000,
-2.000000,2.850000,
-1.950000,2.850000,
-1.900000,2.850000,
-1.850000,2.850000,
-1.800000,2.850000,
-1.750000,2.850000,
-1.700000,2.850000,
-1.650000,2.850000,
-1.600000,2.850000,
-1.550000,2.850000,
-1.500000,2.850000,
-1.450000,2.850000,1.423025
-1.400000,2.850000,1.472243
-1.350000,2.850000,1.518223
-1.300000,2.850000,1.561249
-1.250000,2.850000,1.601562
-1.200000,2.850000,1.639360
-1.150000,2.850000,1.674813
-1.100000,2.850000,1.708069
-1.050000,2.850000,1.739253
-1.000000,2.850000,1.768474
-0.950000,2.850000,1.795828
-0.900000,2.850000,1.821401
-0.850000,2.850000,1.845264
-0.800000,2.850000,1.867485
-0.750000,2.850000,1.888121
-0.700000,2.850000,1.907223
-0.650000,2.850000,1.924838
-0.600000,2.850000,1.941005
-0.550000,2.850000,1.955761
-0.500000,2.850000,1.969137
-0.450000,2.850000,1.981161
-0.400000,2.850000,1.991858
-0.350000,2.850000,2.001250
-0.300000,2.850000,2.009353
-0.250000,2.850000,2.016185
-0.200000,2.850000,2.021757
-0.150000,2.850000,2.026080
-0.100000,2.850000,2.029162
-0.050000,2.850000,2.031010
-0.000000,2.850000,2.031625
0.050000,2.850000,2.031010
0.100000,2.850000,2.029162
0.150000,2.850000,2.026080
0.200000,2.850000,2.021757
0.250000,2.850000,2.016185
0.300000,2.850000,2.009353
0.350000,2.850000,2.001250
0.400000,2.850000,1.991858
0.450000,2.850000,1.981161
0.500000,2.850000,1.969137
0.550000,2.850000,1.955761
0.600000,2.850000,1.941005
0.650000,2.850000,1.924838
0.700000,2.850000,1.907223
0.750000,2.850000,1.888121
0.800000,2.850000,1.867485
0.850000,2.850000,1.845264
0.900000,2.850000,1.821401
0.950000,2.850000,1.795828
1.000000,2.850000,1.768474
1.050000,2.850000,1.739253
1.100000,2.850000,1.708069
1.150000,2.850000,1.674813
1.200000,2.850000,1.639360
1.250000,2.850000,1.601562
1.300000,2.850000,1.561249
1.350000,2.850000,1.518223
1.400000,2.850000,1.472243
1.450000,2.850000,1.423025
1.500000,2.850000,
1.550000,2.850000,
1.600000,2.850000,
1.650000,2.850000,
1.700000,2.850000,
1.750000,2.850000,
1.800000,2.850000,
1.850000,2.850000,
1.900000,2.850000,
1.950000,2.850000,
2.000000,2.850000,
2.050000,2.850000,
2.100000,2.850000,
2.150000,2.850000,
2.200000,2.850000,
2.250000,2.850000,
2.300000,2.850000,
2.350000,2.850000,
2.400000,2.850000,
2.450000,2.850000,
2.500000,2.850000,
2.550000,2.850000,
2.600000,2.850000,
2.650000,2.850000,
2.700000,2.850000,
2.750000,2.850000,
2.800000,2.850000,
2.850000,2.850000,
2.900000,2.850000,
2.950000,2.850000,
3.000000,2.850000,
3.050000,2.850000,
3.100000,2.850000,
3.150000,2.850000,
3.200000,2.850000,
3.250000,2.850000,
3.300000,2.850000,
3.350000,2.850000,
3.400000,2.850000,
3.450000,2.850000,
3.500000,2.850000,
-3.500000,2.900000,
-3.450000,2.900000,
-3.400000,2.900000,
-3.350000,2.900000,
-3.300000,2.900000,
-3.250000,2.900000,
-3.200000,2.900000,
-3.150000,2.900000,
-3.100000,2.900000,
-3.050000,2.900000,
-3.000000,2.900000,
-2.950000,2.900000,
-2.900000,2.900000,
-2.850000,2.900000,
-2.800000,2.900000,
-2.750000,2.900000,
-2.700000,2.900000,
-2.650000,2.900000,
-2.600000,2.900000,
-2.550000,2.900000,
-2.500000,2.900000,
-2.450000,2.900000,
-2.400000,2.900000,
-2.350000,2.900000,
-2.300000,2.900000,
-2.250000,2.900000,
-2.200000,2.900000,
-2.150000,2.900000,
-2.100000,2.900000,
-2.050000,2.900000,
-2.000000,2.900000,
-1.950000,2.900000,
-1.900000,2.900000,
-1.850000,2.900000,
-1.800000,2.900000,
-1.750000,2.900000,
-1.700000,2.900000,
-1.650000,2.900000,
-1.600000,2.900000,
-1.550000,2.900000,
-1.500000,2.900000,
-1.450000,2.900000,
-1.400000,2.900000,1.371131
-1.350000,2.900000,1.420387
-1.300000,2.900000,1.466288
-1.250000,2.900000,1.509139
-1.200000,2.900000,1.549193
-1.150000,2.900000,1.586663
-1.100000,2.900000,1.621727
-1.050000,2.900000,1.654539
-1.000000,2.900000,1.685230
-0.950000,2.900000,1.713914
-0.900000,2.900000,1.740690
-0.850000,2.900000,1.765644
-0.800000,2.900000,1.788854
-0.750000,2.900000,1.810387
-0.700000,2.900000,1.830301
-0.650000,2.900000,1.848648
-0.600000,2.900000,1.865476
-0.550000,2.900000,1.880824
-0.500000,2.900000,1.894730
-0.450000,2.900000,1.907223
-0.400000,2.900000,1.918333
-0.350000,2.900000,1.928082
-0.300000,2.900000,1.936492
-0.250000,2.900000,1.943579
-0.200000,2.900000,1.949359
-0.150000,2.900000,1.953842
-0.100000,2.900000,1.957039
-0.050000,2.900000,1.958954
-0.000000,2.900000,1.959592
0.050000,2.900000,1.958954
0.100000,2.900000,1.957039
0.150000,2.900000,1.953842
0.200000,2.900000,1.949359
0.250000,2.900000,1.943579
0.300000,2.900000,1.936492
0.350000,2.900000,1.928082
0.400000,2.900000,1.918333
0.450000,2.900000,1.907223
0.500000,2.900000,1.894730
0.550000,2.900000,1.880824
0.600000,2.900000,1.865476
0.650000,2.900000,1.848648
0.700000,2.900000,1.830301
0.750000,2.900000,1.810387
0.800000,2.900000,1.788854
0.850000,2.900000,1.765644
0.900000,2.900000,1.740690
0.950000,2.900000,1.713914
1.000000,2.900000,1.685230
1.050000,2.900000,1.654539
1.100000,2.900000,1.621727
1.150000,2.900000,1.586663
1.200000,2.900000,1.549193
1.250000,2.900000,1.509139
1.300000,2.900000,1.466288
1.350000,2.900000,1.420387
1.400000,2.900000,1.371131
1.450000,2.900000,
1.500000,2.900000,
1.550000,2.900000,
1.600000,2.900000,
1.650000,2.900000,
1.700000,2.900000,
1.750000,2.900000,
1.800000,2.900000,
1.850000,2.900000,
1.900000,2.900000,
1.950000,2.900000,
2.000000,2.900000,
2.050000,2.900000,
2.100000,2.900000,
2.150000,2.900000,
2.200000,2.900000,
2.250000,2.900000,
2.300000,2.900000,
2.350000,2.900000,
2.400000,2.900000,
2.450000,2.900000,
2.500000,2.900000,
2.550000,2.900000,
2.600000,2.900000,
2.650000,2.900000,
2.700000,2.900000,
2.750000,2.900000,
2.800000,2.900000,
2.850000,2.900000,
2.900000,2.900000,
2.950000,2.900000,
3.000000,2.900000,
3.050000,2.900000,
3.100000,2.900000,
3.150000,2.900000,
3.200000,2.900000,
3.250000,2.900000,
3.300000,2.900000,
3.350000,2.900000,
3.400000,2.900000,
3.450000,2.900000,
3.500000,2.900000,
-3.500000,2.950000,
-3.450000,2.950000,
-3.400000,2.950000,
-3.350000,2.950000,
-3.300000,2.950000,
-3.250000,2.950000,
-3.200000,2.950000,
-3.150000,2.950000,
-3.100000,2.950000,
-3.050000,2.950000,
-3.000000,2.950000,
-2.950000,2.950000,
-2.900000,2.950000,
-2.850000,2.950000,
-2.800000,2.950000,
-2.750000,2.950000,
-2.700000,2.950000,
-2.650000,2.950000,
-2.600000,2.950000,
-2.550000,2.950000,
-2.500000,2.950000,
-2.450000,2.950000,
-2.400000,2.950000,
-2.350000,2.950000,
-2.300000,2.950000,
-2.250000,2.950000,
-2.200000,2.950000,
-2.150000,2.950000,
-2.100000,2.950000,
-2.050000,2.950000,
-2.000000,2.950000,
-1.950000,2.950000,
-1.900000,2.950000,
-1.850000,2.950000,
-1.800000,2.950000,
-1.750000,2.950000,
-1.700000,2.950000,
-1.650000,2.950000,
-1.600000,2.950000,
-1.550000,2.950000,
-1.500000,2.950000,
-1.450000,2.950000,
-1.400000,2.950000,
-1.350000,2.950000,1.313393
-1.300000,2.950000,1.362901
-1.250000,2.950000,1.408900
-1.200000,2.950000,1.451723
-1.150000,2.950000,1.491643
-1.100000,2.950000,1.528888
-1.050000,2.950000,1.563650
-1.000000,2.950000,1.596089
-0.950000,2.950000,1.626346
-0.900000,2.950000,1.654539
-0.850000,2.950000,1.680774
-0.800000,2.950000,1.705139
-0.750000,2.950000,1.727715
-0.700000,2.950000,1.748571
-0.650000,2.950000,1.767767
-0.600000,2.950000,1.785357
-0.550000,2.950000,1.801388
-0.500000,2.950000,1.815902
-0.450000,2.950000,1.828934
-0.400000,2.950000,1.840516
-0.350000,2.950000,1.850676
-0.300000,2.950000,1.859435
-0.250000,2.950000,1.866815
-0.200000,2.950000,1.872832
-0.150000,2.950000,1.877498
-0.100000,2.950000,1.880824
-0.050000,2.950000,1.882817
-0.000000,2.950000,1.883481
0.050000,2.950000,1.882817
0.100000,2.950000,1.880824
0.150000,2.950000,1.877498
0.200000,2.950000,1.872832
0.250000,2.950000,1.866815
0.300000,2.950000,1.859435
0.350000,2.950000,1.850676
0.400000,2.950000,1.840516
0.450000,2.950000,1.828934
0.500000,2.950000,1.815902
0.550000,2.950000,1.801388
0.600000,2.950000,1.785357
0.650000,2.950000,1.767767
0.700000,2.950000,1.748571
0.750000,2.950000,1.727715
0.800000,2.950000,1.705139
0.850000,2.950000,1.680774
0.900000,2.950000,1.654539
0.950000,2.950000,1.626346
1.000000,2.950000,1.596089
1.050000,2.950000,1.563650
1.100000,2.950000,1.528888
1.150000,2.950000,1.491643
1.200000,2.950000,1.451723
1.250000,2.950000,1.408900
1.300000,2.950000,1.362901
1.350000,2.950000,1.313393
1.400000,2.950000,
1.450000,2.950000,
1.500000,2.950000,
1.550000,2.950000,
1.600000,2.950000,
1.650000,2.950000,
1.700000,2.950000,
1.750000,2.950000,
1.800000,2.950000,
1.850000,2.950000,
1.900000,2.950000,
1.950000,2.950000,
2.000000,2.950000,
2.050000,2.950000,
2.100000,2.950000,
2.150000,2.950000,
2.200000,2.950000,
2.250000,2.950000,
2.300000,2.950000,
2.350000,2.950000,
2.400000,2.950000,
2.450000,2.950000,
2.500000,2.950000,
2.550000,2.950000,
2.600000,2.950000,
2.650000,2.950000,
2.700000,2.950000,
2.750000,2.950000,
2.800000,2.950000,
2.850000,2.950000,
2.900000,2.950000,
2.950000,2.950000,
3.000000,2.950000,
3.050000,2.950000,
3.100000,2.950000,
3.150000,2.950000,
3.200000,2.950000,
3.250000,2.950000,
3.300000,2.950000,
3.350000,2.950000,
3.400000,2.950000,
3.450000,2.950000,
3.500000,2.950000,
-3.500000,3.000000,
-3.450000,3.000000,
-3.400000,3.000000,
-3.350000,3.000000,
-3.300000,3.000000,
-3.250000,3.000000,
-3.200000,3.000000,
-3.150000,3.000000,
-3.100000,3.000000,
-3.050000,3.000000,
-3.000000,3.000000,
-2.950000,3.000000,
-2.900000,3.000000,
-2.850000,3.000000,
-2.800000,3.000000,
-2.750000,3.000000,
-2.700000,3.000000,
-2.650000,3.000000,
-2.600000,3.000000,
-2.550000,3.000000,
-2.500000,3.000000,
-2.450000,3.000000,
-2.400000,3.000000,
-2.350000,3.000000,
-2.300000,3.000000,
-2.250000,3.000000,
-2.200000,3.000000,
-2.150000,3.000000,
-2.100000,3.000000,
-2.050000,3.000000,
-2.000000,3.000000,
-1.950000,3.000000,
-1.900000,3.000000,
-1.850000,3.000000,
-1.800000,3.000000,
-1.750000,3.000000,
-1.700000,3.000000,
-1.650000,3.000000,
-1.600000,3.000000,
-1.550000,3.000000,
-1.500000,3.000000,
-1.450000,3.000000,
-1.400000,3.000000,
-1.350000,3.000000,
-1.300000,3.000000,1.249000
-1.250000,3.000000,1.299038
-1.200000,3.000000,1.345362
-1.150000,3.000000,1.388344
-1.100000,3.000000,1.428286
-1.050000,3.000000,1.465435
-1.000000,3.000000,1.500000
-0.950000,3.000000,1.532155
-0.900000,3.000000,1.562050
-0.850000,3.000000,1.589811
-0.800000,3.000000,1.615549
-0.750000,3.000000,1.639360
-0.700000,3.000000,1.661325
-0.650000,3.000000,1.681517
-0.600000,3.000000,1.700000
-0.550000,3.000000,1.716828
-0.500000,3.000000,1.732051
-0.450000,3.000000,1.745709
-0.400000,3.000000,1.757840
-0.350000,3.000000,1.768474
-0.300000,3.000000,1.777639
-0.250000,3.000000,1.785357
-0.200000,3.000000,1.791647
-0.150000,3.000000,1.796524
-0.100000,3.000000,1.800000
-0.050000,3.000000,1.802082
-0.000000,3.000000,1.802776
0.050000,3.000000,1.802082
0.100000,3.000000,1.800000
0.150000,3.000000,1.796524
0.200000,3.000000,1.791647
0.250000,3.000000,1.785357
0.300000,3.000000,1.777639
0.350000,3.000000,1.768474
0.400000,3.000000,1.757840
0.450000,3.000000,1.745709
0.500000,3.000000,1.732051
0.550000,3.000000,1.716828
0.600000,3.000000,1.700000
0.650000,3.000000,1.681517
0.700000,3.000000,1.661325
0.750000,3.000000,1.639360
0.800000,3.000000,1.615549
0.850000,3.000000,1.589811
0.900000,3.000000,1.562050
0.950000,3.000000,1.532155
1.000000,3.000000,1.500000
1.050000,3.000000,1.465435
1.100000,3.000000,1.428286
1.150000,3.000000,1.388344
1.200000,3.000000,1.345362
1.250000,3.000000,1.299038
1.300000,3.000000,1.249000
1.350000,3.000000,
1.400000,3.000000,
1.450000,3.000000,
1.500000,3.000000,
1.550000,3.000000,
1.600000,3.000000,
1.650000,3.000000,
1.700000,3.000000,
1.750000,3.000000,
1.800000,3.000000,
1.850000,3.000000,
1.900000,3.000000,
1.950000,3.000000,
2.000000,3.000000,
2.050000,3.000000,
2.100000,3.000000,
2.150000,3.000000,
2.200000,3.000000,
2.250000,3.000000,
2.300000,3.000000,
2.350000,3.000000,
2.400000,3.000000,
2.450000,3.000000,
2.500000,3.000000,
2.550000,3.000000,
2.600000,3.000000,
2.650000,3.000000,
2.700000,3.000000,
2.750000,3.000000,
2.800000,3.000000,
2.850000,3.000000,
2.900000,3.000000,
2.950000,3.000000,
3.000000,3.000000,
3.050000,3.000000,
3.100000,3.000000,
3.150000,3.000000,
3.200000,3.000000,
3.250000,3.000000,
3.300000,3.000000,
3.350000,3.000000,
3.400000,3.000000,
3.450000,3.000000,
3.500000,3.000000,
-3.500000,3.050000,
-3.450000,3.050000,
-3.400000,3.050000,
-3.350000,3.050000,
-3.300000,3.050000,
-3.250000,3.050000,
-3.200000,3.050000,
-3.150000,3.050000,
-3.100000,3.050000,
-3.050000,3.050000,
-3.000000,3.050000,
-2.950000,3.050000,
-2.900000,3.050000,
-2.850000,3.050000,
-2.800000,3.050000,
-2.750000,3.050000,
-2.700000,3.050000,
-2.650000,3.050000,
-2.600000,3.050000,
-2.550000,3.050000,
-2.500000,3.050000,
-2.450000,3.050000,
-2.400000,3.050000,
-2.350000,3.050000,
-2.300000,3.050000,
-2.250000,3.050000,
-2.200000,3.050000,
-2.150000,3.050000,
-2.100000,3.050000,
-2.050000,3.050000,
-2.000000,3.050000,
-1.950000,3.050000,
-1.900000,3.050000,
-1.850000,3.050000,
-1.800000,3.050000,
-1.750000,3.050000,
-1.700000,3.050000,
-1.650000,3.050000,
-1.600000,3.050000,
-1.550000,3.050000,
-1.500000,3.050000,
-1.450000,3.050000,
-1.400000,3.050000,
-1.350000,3.050000,
-1.300000,3.050000,
-1.250000,3.050000,
-1.200000,3.050000,1.227803
-1.150000,3.050000,1.274755
-1.100000,3.050000,1.318143
-1.050000,3.050000,1.358308
-1.000000,3.050000,1.395529
-0.950000,3.050000,1.430035
-0.900000,3.050000,1.462019
-0.850000,3.050000,1.491643
-0.800000,3.050000,1.519046
-0.750000,3.050000,1.544345
-0.700000,3.050000,1.567642
-0.650000,3.050000,1.589025
-0.600000,3.050000,1.608571
-0.550000,3.050000,1.626346
-0.500000,3.050000,1.642407
-0.450000,3.050000,1.656804
-0.400000,3.050000,1.669581
-0.350000,3.050000,1.680774
-0.300000,3.050000,1.690414
-0.250000,3.050000,1.698529
-0.200000,3.050000,1.705139
-0.150000,3.050000,1.710263
-0.100000,3.050000,1.713914
-0.050000,3.050000,1.716100
-0.000000,3.050000,1.716828
0.050000,3.050000,1.716100
0.100000,3.050000,1.713914
0.150000,3.050000,1.710263
0.200000,3.050000,1.705139
0.250000,3.050000,1.698529
0.300000,3.050000,1.690414
0.350000,3.050000,1.680774
0.400000,3.050000,1.669581
0.450000,3.050000,1.656804
0.500000,3.050000,1.642407
0.550000,3.050000,1.626346
0.600000,3.050000,1.608571
0.650000,3.050000,1.589025
0.700000,3.050000,1.567642
0.750000,3.050000,1.544345
0.800000,3.050000,1.519046
0.850000,3.050000,1.491643
0.900000,3.050000,1.462019
0.950000,3.050000,1.430035
1.000000,3.050000,1.395529
1.050000,3.050000,1.358308
1.100000,3.050000,1.318143
1.150000,3.050000,1.274755
1.200000,3.050000,1.227803
1.250000,3.050000,
1.300000,3.050000,
1.350000,3.050000,
1.400000,3.050000,
1.450000,3.050000,
1.500000,3.050000,
1.550000,3.050000,
1.600000,3.050000,
1.650000,3.050000,
1.700000,3.050000,
1.750000,3.050000,
1.800000,3.050000,
1.850000,3.050000,
1.900000,3.050000,
1.950000,3.050000,
2.000000,3.050000,
2.050000,3.050000,
2.100000,3.050000,
2.150000,3.050000,
2.200000,3.050000,
2.250000,3.050000,
2.300000,3.050000,
2.350000,3.050000,
2.400000,3.050000,
2.450000,3.050000,
2.500000,3.050000,
2.550000,3.050000,
2.600000,3.050000,
2.650000,3.050000,
2.700000,3.050000,
2.750000,3.050000,
2.800000,3.050000,
2.850000,3.050000,
2.900000,3.050000,
2.950000,3.050000,
3.000000,3.050000,
3.050000,3.050000,
3.100000,3.050000,
3.150000,3.050000,
3.200000,3.050000,
3.250000,3.050000,
3.300000,3.050000,
3.350000,3.050000,
3.400000,3.050000,
3.450000,3.050000,
3.500000,3.050000,
-3.500000,3.100000,
-3.450000,3.100000,
-3.400000,3.100000,
-3.350000,3.100000,
-3.300000,3.100000,
-3.250000,3.100000,
-3.200000,3.100000,
-3.150000,3.100000,
-3.100000,3.100000,
-3.050000,3.100000,
-3.000000,3.100000,
-2.950000,3.100000,
-2.900000,3.100000,
-2.850000,3.100000,
-2.800000,3.100000,
-2.750000,3.100000,
-2.700000,3.100000,
-2.650000,3.100000,
-2.600000,3.100000,
-2.550000,3.100000,
-2.500000,3.100000,
-2.450000,3.100000,
-2.400000,3.100000,
-2.350000,3.100000,
-2.300000,3.100000,
-2.250000,3.100000,
-2.200000,3.100000,
-2.150000,3.100000,
-2.100000,3.100000,
-2.050000,3.100000,
-2.000000,3.100000,
-1.950000,3.100000,
-1.900000,3.100000,
-1.850000,3.100000,
-1.800000,3.100000,
-1.750000,3.100000,
-1.700000,3.100000,
-1.650000,3.100000,
-1.600000,3.100000,
-1.550000,3.100000,
-1.500000,3.100000,
-1.450000,3.100000,
-1.400000,3.100000,
-1.350000,3.100000,
-1.300000,3.100000,
-1.250000,3.100000,
-1.200000,3.100000,
-1.150000,3.100000,1.147824
-1.100000,3.100000,1.195826
-1.050000,3.100000,1.239960
-1.000000,3.100000,1.280625
-0.950000,3.100000,1.318143
-0.900000,3.100000,1.352775
-0.850000,3.100000,1.384738
-0.800000,3.100000,1.414214
-0.750000,3.100000,1.441354
-0.700000,3.100000,1.466288
-0.650000,3.100000,1.489127
-0.600000,3.100000,1.509967
-0.550000,3.100000,1.528888
-0.500000,3.100000,1.545962
-0.450000,3.100000,1.561249
-0.400000,3.100000,1.574802
-0.350000,3.100000,1.586663
-0.300000,3.100000,1.596872
-0.250000,3.100000,1.605459
-0.200000,3.100000,1.612452
-0.150000,3.100000,1.617869
-0.100000,3.100000,1.621727
-0.050000,3.100000,1.624038
-0.000000,3.100000,1.624808
0.050000,3.100000,1.624038
0.100000,3.100000,1.621727
0.150000,3.100000,1.617869
0.200000,3.100000,1.612452
0.250000,3.100000,1.605459
0.300000,3.100000,1.596872
0.350000,3.100000,1.586663
0.400000,3.100000,1.574802
0.450000,3.100000,1.561249
0.500000,3.100000,1.545962
0.550000,3.100000,1.528888
0.600000,3.100000,1.509967
0.650000,3.100000,1.489127
0.700000,3.100000,1.466288
0.750000,3.100000,1.441354
0.800000,3.100000,1.414214
0.850000,3.100000,1.384738
0.900000,3.100000,1.352775
0.950000,3.100000,1.318143
1.000000,3.100000,1.280625
1.050000,3.100000,1.239960
1.100000,3.100000,1.195826
1.150000,3.100000,1.147824
1.200000,3.100000,
1.250000,3.100000,
1.300000,3.100000,
1.350000,3.100000,
1.400000,3.100000,
1.450000,3.100000,
1.500000,3.100000,
1.550000,3.100000,
1.600000,3.100000,
1.650000,3.100000,
1.700000,3.100000,
1.750000,3.100000,
1.800000,3.100000,
1.850000,3.100000,
1.900000,3.100000,
1.950000,3.100000,
2.000000,3.100000,
2.050000,3.100000,
2.100000,3.100000,
2.150000,3.100000,
2.200000,3.100000,
2.250000,3.100000,
2.300000,3.100000,
2.350000,3.100000,
2.400000,3.100000,
2.450000,3.100000,
2.500000,3.100000,
2.550000,3.100000,
2.600000,3.100000,
2.650000,3.100000,
2.700000,3.100000,
2.750000,3.100000,
2.800000,3.100000,
2.850000,3.100000,
2.900000,3.100000,
2.950000,3.100000,
3.000000,3.100000,
3.050000,3.100000,
3.100000,3.100000,
3.150000,3.100000,
3.200000,3.100000,
3.250000,3.100000,
3.300000,3.100000,
3.350000,3.100000,
3.400000,3.100000,
3.450000,3.100000,
3.500000,3.100000,
-3.500000,3.150000,
-3.450000,3.150000,
-3.400000,3.150000,
-3.350000,3.150000,
-3.300000,3.150000,
-3.250000,3.150000,
-3.200000,3.150000,
-3.150000,3.150000,
-3.100000,3.150000,
-3.050000,3.150000,
-3.000000,3.150000,
-2.950000,3.150000,
-2.900000,3.150000,
-2.850000,3.150000,
-2.800000,3.150000,
-2.750000,3.150000,
-2.700000,3.150000,
-2.650000,3.150000,
-2.600000,3.150000,
-2.550000,3.150000,
-2.500000,3.150000,
-2.450000,3.150000,
-2.400000,3.150000,
-2.350000,3.150000,
-2.300000,3.150000,
-2.250000,3.150000,
-2.200000,3.150000,
-2.150000,3.150000,
-2.100000,3.150000,
-2.050000,3.150000,
-2.000000,3.150000,
-1.950000,3.150000,
-1.900000,3.150000,
-1.850000,3.150000,
-1.800000,3.150000,
-1.750000,3.150000,
-1.700000,3.150000,
-1.650000,3.150000,
-1.600000,3.150000,
-1.550000,3.150000,
-1.500000,3.150000,
-1.450000,3.150000,
-1.400000,3.150000,
-1.350000,3.150000,
-1.300000,3.150000,
-1.250000,3.150000,
-1.200000,3.150000,
-1.150000,3.150000,
-1.100000,3.150000,1.057119
-1.050000,3.150000,1.106797
-1.000000,3.150000,1.152172
-0.950000,3.150000,1.193734
-0.900000,3.150000,1.231868
-0.850000,3.150000,1.266886
-0.800000,3.150000,1.299038
-0.750000,3.150000,1.328533
-0.700000,3.150000,1.355544
-0.650000,3.150000,1.380217
-0.600000,3.150000,1.402676
-0.550000,3.150000,1.423025
-0.500000,3.150000,1.441354
-0.450000,3.150000,1.457738
-0.400000,3.150000,1.472243
-0.350000,3.150000,1.484924
-0.300000,3.150000,1.495828
-0.250000,3.150000,1.504992
-0.200000,3.150000,1.512448
-0.150000,3.150000,1.518223
-0.100000,3.150000,1.522334
-0.050000,3.150000,1.524795
-0.000000,3.150000,1.525615
0.050000,3.150000,1.524795
0.100000,3.150000,1.522334
0.150000,3.150000,1.518223
0.200000,3.150000,1.512448
0.250000,3.150000,1.504992
0.300000,3.150000,1.495828
0.350000,3.150000,1.484924
0.400000,3.150000,1.472243
0.450000,3.150000,1.457738
0.500000,3.150000,1.441354
0.550000,3.150000,1.423025
0.600000,3.150000,1.402676
0.650000,3.150000,1.380217
0.700000,3.150000,1.355544
0.750000,3.150000,1.328533
0.800000,3.150000,1.299038
0.850000,3.150000,1.266886
0.900000,3.150000,1.231868
0.950000,3.150000,1.193734
1.000000,3.150000,1.152172
1.050000,3.150000,1.106797
1.100000,3.150000,1.057119
1.150000,3.150000,
1.200000,3.150000,
1.250000,3.150000,
1.300000,3.150000,
1.350000,3.150000,
1.400000,3.150000,
1.450000,3.150000,
1.500000,3.150000,
1.550000,3.150000,
1.600000,3.150000,
1.650000,3.150000,
1.700000,3.150000,
1.750000,3.150000,
1.800000,3.150000,
1.850000,3.150000,
1.900000,3.150000,
1.950000,3.150000,
2.000000,3.150000,
2.050000,3.150000,
2.100000,3.150000,
2.150000,3.150000,
2.200000,3.150000,
2.250000,3.150000,
2.300000,3.150000,
2.350000,3.150000,
2.400000,3.150000,
2.450000,3.150000,
2.500000,3.150000,
2.550000,3.150000,
2.600000,3.150000,
2.650000,3.150000,
2.700000,3.150000,
2.750000,3.150000,
2.800000,3.150000,
2.850000,3.150000,
2.900000,3.150000,
2.950000,3.150000,
3.000000,3.150000,
3.050000,3.150000,
3.100000,3.150000,
3.150000,3.150000,
3.200000,3.150000,
3.250000,3.150000,
3.300000,3.150000,
3.350000,3.150000,
3.400000,3.150000,
3.450000,3.150000,
3.500000,3.150000,
-3.500000,3.200000,
-3.450000,3.200000,
-3.400000,3.200000,
-3.350000,3.200000,
-3.300000,3.200000,
-3.250000,3.200000,
-3.200000,3.200000,
-3.150000,3.200000,
-3.100000,3.200000,
-3.050000,3.200000,
-3.000000,3.200000,
-2.950000,3.200000,
-2.900000,3.200000,
-2.850000,3.200000,
-2.800000,3.200000,
-2.750000,3.200000,
-2.700000,3.200000,
-2.650000,3.200000,
-2.600000,3.200000,
-2.550000,3.200000,
-2.500000,3.200000,
-2.450000,3.200000,
-2.400000,3.200000,
-2.350000,3.200000,
-2.300000,3.200000,
-2.250000,3.200000,
-2.200000,3.200000,
-2.150000,3.200000,
-2.100000,3.200000,
-2.050000,3.200000,
-2.000000,3.200000,
-1.950000,3.200000,
-1.900000,3.200000,
-1.850000,3.200000,
-1.800000,3.200000,
-1.750000,3.200000,
-1.700000,3.200000,
-1.650000,3.200000,
-1.600000,3.200000,
-1.550000,3.200000,
-1.500000,3.200000,
-1.450000,3.200000,
-1.400000,3.200000,
-1.350000,3.200000,
-1.300000,3.200000,
-1.250000,3.200000,
-1.200000,3.200000,
-1.150000,3.200000,
-1.100000,3.200000,
-1.050000,3.200000,
-1.000000,3.200000,1.004988
-0.950000,3.200000,1.052378
-0.900000,3.200000,1.095445
-0.850000,3.200000,1.134681
-0.800000,3.200000,1.170470
-0.750000,3.200000,1.203121
-0.700000,3.200000,1.232883
-0.650000,3.200000,1.259960
-0.600000,3.200000,1.284523
-0.550000,3.200000,1.306713
-0.500000,3.200000,1.326650
-0.450000,3.200000,1.344433
-0.400000,3.200000,1.360147
-0.350000,3.200000,1.373863
-0.300000,3.200000,1.385641
-0.250000,3.200000,1.395529
-0.200000,3.200000,1.403567
-0.150000,3.200000,1.409787
-0.100000,3.200000,1.414214
-0.050000,3.200000,1.416863
-0.000000,3.200000,1.417745
0.050000,3.200000,1.416863
0.100000,3.200000,1.414214
0.150000,3.200000,1.409787
0.200000,3.200000,1.403567
0.250000,3.200000,1.395529
0.300000,3.200000,1.385641
0.350000,3.200000,1.373863
0.400000,3.200000,1.360147
0.450000,3.200000,1.344433
0.500000,3.200000,1.326650
0.550000,3.200000,1.306713
0.600000,3.200000,1.284523
0.650000,3.200000,1.259960
0.700000,3.200000,1.232883
0.750000,3.200000,1.203121
0.800000,3.200000,1.170470
0.850000,3.200000,1.134681
0.900000,3.200000,1.095445
0.950000,3.200000,1.052378
1.000000,3.200000,1.004988
1.050000,3.200000,
1.100000,3.200000,
1.150000,3.200000,
1.200000,3.200000,
1.250000,3.200000,
1.300000,3.200000,
1.350000,3.200000,
1.400000,3.200000,
1.450000,3.200000,
1.500000,3.200000,
1.550000,3.200000,
1.600000,3.200000,
1.650000,3.200000,
1.700000,3.200000,
1.750000,3.200000,
1.800000,3.200000,
1.850000,3.200000,
1.900000,3.200000,
1.950000,3.200000,
2.000000,3.200000,
2.050000,3.200000,
2.100000,3.200000,
2.150000,3.200000,
2.200000,3.200000,
2.250000,3.200000,
2.300000,3.200000,
2.350000,3.200000,
2.400000,3.200000,
2.450000,3.200000,
2.500000,3.200000,
2.550000,3.200000,
2.600000,3.200000,
2.650000,3.200000,
2.700000,3.200000,
2.750000,3.200000,
2.800000,3.200000,
2.850000,3.200000,
2.900000,3.200000,
2.950000,3.200000,
3.000000,3.200000,
3.050000,3.200000,
3.100000,3.200000,
3.150000,3.200000,
3.200000,3.200000,
3.250000,3.200000,
3.300000,3.200000,
3.350000,3.200000,
3.400000,3.200000,
3.450000,3.200000,
3.500000,3.200000,
-3.500000,3.250000,
-3.450000,3.250000,
-3.400000,3.250000,
-3.350000,3.250000,
-3.300000,3.250000,
-3.250000,3.250000,
-3.200000,3.250000,
-3.150000,3.250000,
-3.100000,3.250000,
-3.050000,3.250000,
-3.000000,3.250000,
-2.950000,3.250000,
-2.900000,3.250000,
-2.850000,3.250000,
-2.800000,3.250000,
-2.750000,3.250000,
-2.700000,3.250000,
-2.650000,3.250000,
-2.600000,3.250000,
-2.550000,3.250000,
-2.500000,3.250000,
-2.450000,3.250000,
-2.400000,3.250000,
-2.350000,3.250000,
-2.300000,3.250000,
-2.250000,3.250000,
-2.200000,3.250000,
-2.150000,3.250000,
-2.100000,3.250000,
-2.050000,3.250000,
-2.000000,3.250000,
-1.950000,3.250000,
-1.900000,3.250000,
-1.850000,3.250000,
-1.800000,3.250000,
-1.750000,3.250000,
-1.700000,3.250000,
-1.650000,3.250000,
-1.600000,3.250000,
-1.550000,3.250000,
-1.500000,3.250000,
-1.450000,3.250000,
-1.400000,3.250000,
-1.350000,3.250000,
-1.300000,3.250000,
-1.250000,3.250000,
-1.200000,3.250000,
-1.150000,3.250000,
-1.100000,3.250000,
-1.050000,3.250000,
-1.000000,3.250000,
-0.950000,3.250000,
-0.900000,3.250000,0.936750
-0.850000,3.250000,0.982344
-0.800000,3.250000,1.023474
-0.750000,3.250000,1.060660
-0.700000,3.250000,1.094303
-0.650000,3.250000,1.124722
-0.600000,3.250000,1.152172
-0.550000,3.250000,1.176860
-0.500000,3.250000,1.198958
-0.450000,3.250000,1.218606
-0.400000,3.250000,1.235921
-0.350000,3.250000,1.251000
-0.300000,3.250000,1.263922
-0.250000,3.250000,1.274755
-0.200000,3.250000,1.283550
-0.150000,3.250000,1.290349
-0.100000,3.250000,1.295183
-0.050000,3.250000,1.298075
-0.000000,3.250000,1.299038
0.050000,3.250000,1.298075
0.100000,3.250000,1.295183
0.150000,3.250000,1.290349
0.200000,3.250000,1.283550
0.250000,3.250000,1.274755
0.300000,3.250000,1.263922
0.350000,3.250000,1.251000
0.400000,3.250000,1.235921
0.450000,3.250000,1.218606
0.500000,3.250000,1.198958
0.550000,3.250000,1.176860
0.600000,3.250000,1.152172
0.650000,3.250000,1.124722
0.700000,3.250000,1.094303
0.750000,3.250000,1.060660
0.800000,3.250000,1.023474
0.850000,3.250000,0.982344
0.900000,3.250000,0.936750
0.950000,3.250000,
1.000000,3.250000,
1.050000,3.250000,
1.100000,3.250000,
1.150000,3.250000,
1.200000,3.250000,
1.250000,3.250000,
1.300000,3.250000,
1.350000,3.250000,
1.400000,3.250000,
1.450000,3.250000,
1.500000,3.250000,
1.550000,3.250000,
1.600000,3.250000,
1.650000,3.250000,
1.700000,3.250000,
1.750000,3.250000,
1.800000,3.250000,
1.850000,3.250000,
1.900000,3.250000,
1.950000,3.250000,
2.000000,3.250000,
2.050000,3.250000,
2.100000,3.250000,
2.150000,3.250000,
2.200000,3.250000,
2.250000,3.250000,
2.300000,3.250000,
2.350000,3.250000,
2.400000,3.250000,
2.450000,3.250000,
2.500000,3.250000,
2.550000,3.250000,
2.600000,3.250000,
2.650000,3.250000,
2.700000,3.250000,
2.750000,3.250000,
2.800000,3.250000,
2.850000,3.250000,
2.900000,3.250000,
2.950000,3.250000,
3.000000,3.250000,
3.050000,3.250000,
3.100000,3.250000,
3.150000,3.250000,
3.200000,3.250000,
3.250000,3.250000,
3.300000,3.250000,
3.350000,3.250000,
3.400000,3.250000,
3.450000,3.250000,
3.500000,3.250000,
-3.500000,3.300000,
-3.450000,3.300000,
-3.400000,3.300000,
-3.350000,3.300000,
-3.300000,3.300000,
-3.250000,3.300000,
-3.200000,3.300000,
-3.150000,3.300000,
-3.100000,3.300000,
-3.050000,3.300000,
-3.000000,3.300000,
-2.950000,3.300000,
-2.900000,3.300000,
-2.850000,3.300000,
-2.800000,3.300000,
-2.750000,3.300000,
-2.700000,3.300000,
-2.650000,3.300000,
-2.600000,3.300000,
-2.550000,3.300000,
-2.500000,3.300000,
-2.450000,3.300000,
-2.400000,3.300000,
-2.350000,3.300000,
-2.300000,3.300000,
-2.250000,3.300000,
-2.200000,3.300000,
-2.150000,3.300000,
-2.100000,3.300000,
-2.050000,3.300000,
-2.000000,3.300000,
-1.950000,3.300000,
-1.900000,3.300000,
-1.850000,3.300000,
-1.800000,3.300000,
-1.750000,3.300000,
-1.700000,3.300000,
-1.650000,3.300000,
-1.600000,3.300000,
-1.550000,3.300000,
-1.500000,3.300000,
-1.450000,3.300000,
-1.400000,3.300000,
-1.350000,3.300000,
-1.300000,3.300000,
-1.250000,3.300000,
-1.200000,3.300000,
-1.150000,3.300000,
-1.100000,3.300000,
-1.050000,3.300000,
-1.000000,3.300000,
-0.950000,3.300000,
-0.900000,3.300000,
-0.850000,3.300000,
-0.800000,3.300000,0.848528
-0.750000,3.300000,0.893029
-0.700000,3.300000,0.932738
-0.650000,3.300000,0.968246
-0.600000,3.300000,1.000000
-0.550000,3.300000,1.028348
-0.500000,3.300000,1.053565
-0.450000,3.300000,1.075872
-0.400000,3.300000,1.095445
-0.350000,3.300000,1.112430
-0.300000,3.300000,1.126943
-0.250000,3.300000,1.139079
-0.200000,3.300000,1.148913
-0.150000,3.300000,1.156503
-0.100000,3.300000,1.161895
-0.050000,3.300000,1.165118
-0.000000,3.300000,1.166190
0.050000,3.300000,1.165118
0.100000,3.300000,1.161895
0.150000,3.300000,1.156503
0.200000,3.300000,1.148913
0.250000,3.300000,1.139079
0.300000,3.300000,1.126943
0.350000,3.300000,1.112430
0.400000,3.300000,1.095445
0.450000,3.300000,1.075872
0.500000,3.300000,1.053565
0.550000,3.300000,1.028348
0.600000,3.300000,1.000000
0.650000,3.300000,0.968246
0.700000,3.300000,0.932738
0.750000,3.300000,0.893029
0.800000,3.300000,0.848528
0.850000,3.300000,
0.900000,3.300000,
0.950000,3.300000,
1.000000,3.300000,
1.050000,3.300000,
1.100000,3.300000,
1.150000,3.300000,
1.200000,3.300000,
1.250000,3.300000,
1.300000,3.300000,
1.350000,3.300000,
1.400000,3.300000,
1.450000,3.300000,
1.500000,3.300000,
1.550000,3.300000,
1.600000,3.300000,
1.650000,3.300000,
1.700000,3.300000,
1.750000,3.300000,
1.800000,3.300000,
1.850000,3.300000,
1.900000,3.300000,
1.950000,3.300000,
2.000000,3.300000,
2.050000,3.300000,
2.100000,3.300000,
2.150000,3.300000,
2.200000,3.300000,
2.250000,3.300000,
2.300000,3.300000,
2.350000,3.300000,
2.400000,3.300000,
2.450000,3.300000,
2.500000,3.300000,
2.550000,3.300000,
2.600000,3.300000,
2.650000,3.300000,
2.700000,3.300000,
2.750000,3.300000,
2.800000,3.300000,
2.850000,3.300000,
2.900000,3.300000,
2.950000,3.300000,
3.000000,3.300000,
3.050000,3.300000,
3.100000,3.300000,
3.150000,3.300000,
3.200000,3.300000,
3.250000,3.300000,
3.300000,3.300000,
3.350000,3.300000,
3.400000,3.300000,
3.450000,3.300000,
3.500000,3.300000,
-3.500000,3.350000,
-3.450000,3.350000,
-3.400000,3.350000,
-3.350000,3.350000,
-3.300000,3.350000,
-3.250000,3.350000,
-3.200000,3.350000,
-3.150000,3.350000,
-3.100000,3.350000,
-3.050000,3.350000,
-3.000000,3.350000,
-2.950000,3.350000,
-2.900000,3.350000,
-2.850000,3.350000,
-2.800000,3.350000,
-2.750000,3.350000,
-2.700000,3.350000,
-2.650000,3.350000,
-2.600000,3.350000,
-2.550000,3.350000,
-2.500000,3.350000,
-2.450000,3.350000,
-2.400000,3.350000,
-2.350000,3.350000,
-2.300000,3.350000,
-2.250000,3.350000,
-2.200000,3.350000,
-2.150000,3.350000,
-2.100000,3.350000,
-2.050000,3.350000,
-2.000000,3.350000,
-1.950000,3.350000,
-1.900000,3.350000,
-1.850000,3.350000,
-1.800000,3.350000,
-1.750000,3.350000,
-1.700000,3.350000,
-1.650000,3.350000,
-1.600000,3.350000,
-1.550000,3.350000,
-1.500000,3.350000,
-1.450000,3.350000,
-1.400000,3.350000,
-1.350000,3.350000,
-1.300000,3.350000,
-1.250000,3.350000,
-1.200000,3.350000,
-1.150000,3.350000,
-1.100000,3.350000,
-1.050000,3.350000,
-1.000000,3.350000,
-0.950000,3.350000,
-0.900000,3.350000,
-0.850000,3.350000,
-0.800000,3.350000,
-0.750000,3.350000,
-0.700000,3.350000,0.733144
-0.650000,3.350000,0.777817
-0.600000,3.350000,0.817007
-0.550000,3.350000,0.851469
-0.500000,3.350000,0.881760
-0.450000,3.350000,0.908295
-0.400000,3.350000,0.931397
-0.350000,3.350000,0.951315
-0.300000,3.350000,0.968246
-0.250000,3.350000,0.982344
-0.200000,3.350000,0.993730
-0.150000,3.350000,1.002497
-0.100000,3.350000,1.008712
-0.050000,3.350000,1.012423
-0.000000,3.350000,1.013657
0.050000,3.350000,1.012423
0.100000,3.350000,1.008712
0.150000,3.350000,1.002497
0.200000,3.350000,0.993730
0.250000,3.350000,0.982344
0.300000,3.350000,0.968246
0.350000,3.350000,0.951315
0.400000,3.350000,0.931397
0.450000,3.350000,0.908295
0.500000,3.350000,0.881760
0.550000,3.350000,0.851469
0.600000,3.350000,0.817007
0.650000,3.350000,0.777817
0.700000,3.350000,0.733144
0.750000,3.350000,
0.800000,3.350000,
0.850000,3.350000,
0.900000,3.350000,
0.950000,3.350000,
1.000000,3.350000,
1.050000,3.350000,
1.100000,3.350000,
1.150000,3.350000,
1.200000,3.350000,
1.250000,3.350000,
1.300000,3.350000,
1.350000,3.350000,
1.400000,3.350000,
1.450000,3.350000,
1.500000,3.350000,
1.550000,3.350000,
1.600000,3.350000,
1.650000,3.350000,
1.700000,3.350000,
1.750000,3.350000,
1.800000,3.350000,
1.850000,3.350000,
1.900000,3.350000,
1.950000,3.350000,
2.000000,3.350000,
2.050000,3.350000,
2.100000,3.350000,
2.150000,3.350000,
2.200000,3.350000,
2.250000,3.350000,
2.300000,3.350000,
2.350000,3.350000,
2.400000,3.350000,
2.450000,3.350000,
2.500000,3.350000,
2.550000,3.350000,
2.600000,3.350000,
2.650000,3.350000,
2.700000,3.350000,
2.750000,3.350000,
2.800000,3.350000,
2.850000,3.350000,
2.900000,3.350000,
2.950000,3.350000,
3.000000,3.350000,
3.050000,3.350000,
3.100000,3.350000,
3.150000,3.350000,
3.200000,3.350000,
3.250000,3.350000,
3.300000,3.350000,
3.350000,3.350000,
3.400000,3.350000,
3.450000,3.350000,
3.500000,3.350000,
-3.500000,3.400000,
-3.450000,3.400000,
-3.400000,3.400000,
-3.350000,3.400000,
-3.300000,3.400000,
-3.250000,3.400000,
-3.200000,3.400000,
-3.150000,3.400000,
-3.100000,3.400000,
-3.050000,3.400000,
-3.000000,3.400000,
-2.950000,3.400000,
-2.900000,3.400000,
-2.850000,3.400000,
-2.800000,3.400000,
-2.750000,3.400000,
-2.700000,3.400000,
-2.650000,3.400000,
-2.600000,3.400000,
-2.550000,3.400000,
-2.500000,3.400000,
-2.450000,3.400000,
-2.400000,3.400000,
-2.350000,3.400000,
-2.300000,3.400000,
-2.250000,3.400000,
-2.200000,3.400000,
-2.150000,3.400000,
-2.100000,3.400000,
-2.050000,3.400000,
-2.000000,3.400000,
-1.950000,3.400000,
-1.900000,3.400000,
-1.850000,3.400000,
-1.800000,3.400000,
-1.750000,3.400000,
-1.700000,3.400000,
-1.650000,3.400000,
-1.600000,3.400000,
-1.550000,3.400000,
-1.500000,3.400000,
-1.450000,3.400000,
-1.400000,3.400000,
-1.350000,3.400000,
-1.300000,3.400000,
-1.250000,3.400000,
-1.200000,3.400000,
-1.150000,3.400000,
-1.100000,3.400000,
-1.050000,3.400000,
-1.000000,3.400000,
-0.950000,3.400000,
-0.900000,3.400000,
-0.850000,3.400000,
-0.800000,3.400000,
-0.750000,3.400000,
-0.700000,3.400000,
-0.650000,3.400000,
-0.600000,3.400000,
-0.550000,3.400000,0.622495
-0.500000,3.400000,0.663325
-0.450000,3.400000,0.698212
-0.400000,3.400000,0.728011
-0.350000,3.400000,0.753326
-0.300000,3.400000,0.774597
-0.250000,3.400000,0.792149
-0.200000,3.400000,0.806226
-0.150000,3.400000,0.817007
-0.100000,3.400000,0.824621
-0.050000,3.400000,0.829156
-0.000000,3.400000,0.830662
0.050000,3.400000,0.829156
0.100000,3.400000,0.824621
0.150000,3.400000,0.817007
0.200000,3.400000,0.806226
0.250000,3.400000,0.792149
0.300000,3.400000,0.774597
0.350000,3.400000,0.753326
0.400000,3.400000,0.728011
0.450000,3.400000,0.698212
0.500000,3.400000,0.663325
0.550000,3.400000,0.622495
0.600000,3.400000,
0.650000,3.400000,
0.700000,3.400000,
0.750000,3.400000,
0.800000,3.400000,
0.850000,3.400000,
0.900000,3.400000,
0.950000,3.400000,
1.000000,3.400000,
1.050000,3.400000,
1.100000,3.400000,
1.150000,3.400000,
1.200000,3.400000,
1.250000,3.400000,
1.300000,3.400000,
1.350000,3.400000,
1.400000,3.400000,
1.450000,3.400000,
1.500000,3.400000,
1.550000,3.400000,
1.600000,3.400000,
1.650000,3.400000,
1.700000,3.400000,
1.750000,3.400000,
1.800000,3.400000,
1.850000,3.400000,
1.900000,3.400000,
1.950000,3.400000,
2.000000,3.400000,
2.050000,3.400000,
2.100000,3.400000,
2.150000,3.400000,
2.200000,3.400000,
2.250000,3.400000,
2.300000,3.400000,
2.350000,3.400000,
2.400000,3.400000,
2.450000,3.400000,
2.500000,3.400000,
2.550000,3.400000,
2.600000,3.400000,
2.650000,3.400000,
2.700000,3.400000,
2.750000,3.400000,
2.800000,3.400000,
2.850000,3.400000,
2.900000,3.400000,
2.950000,3.400000,
3.000000,3.400000,
3.050000,3.400000,
3.100000,3.400000,
3.150000,3.400000,
3.200000,3.400000,
3.250000,3.400000,
3.300000,3.400000,
3.350000,3.400000,
3.400000,3.400000,
3.450000,3.400000,
3.500000,3.400000,
-3.500000,3.450000,
-3.450000,3.450000,
-3.400000,3.450000,
-3.350000,3.450000,
-3.300000,3.450000,
-3.250000,3.450000,
-3.200000,3.450000,
-3.150000,3.450000,
-3.100000,3.450000,
-3.050000,3.450000,
-3.000000,3.450000,
-2.950000,3.450000,
-2.900000,3.450000,
-2.850000,3.450000,
-2.800000,3.450000,
-2.750000,3.450000,
-2.700000,3.450000,
-2.650000,3.450000,
-2.600000,3.450000,
-2.550000,3.450000,
-2.500000,3.450000,
-2.450000,3.450000,
-2.400000,3.450000,
-2.350000,3.450000,
-2.300000,3.450000,
-2.250000,3.450000,
-2.200000,3.450000,
-2.150000,3.450000,
-2.100000,3.450000,
-2.050000,3.450000,
-2.000000,3.450000,
-1.950000,3.450000,
-1.900000,3.450000,
-1.850000,3.450000,
-1.800000,3.450000,
-1.750000,3.450000,
-1.700000,3.450000,
-1.650000,3.450000,
-1.600000,3.450000,
-1.550000,3.450000,
-1.500000,3.450000,
-1.450000,3.450000,
-1.400000,3.450000,
-1.350000,3.450000,
-1.300000,3.450000,
-1.250000,3.450000,
-1.200000,3.450000,
-1.150000,3.450000,
-1.100000,3.450000,
-1.050000,3.450000,
-1.000000,3.450000,
-0.950000,3.450000,
-0.900000,3.450000,
-0.850000,3.450000,
-0.800000,3.450000,
-0.750000,3.450000,
-0.700000,3.450000,
-0.650000,3.450000,
-0.600000,3.450000,
-0.550000,3.450000,
-0.500000,3.450000,
-0.450000,3.450000,
-0.400000,3.450000,
-0.350000,3.450000,0.474342
-0.300000,3.450000,0.507445
-0.250000,3.450000,0.533854
-0.200000,3.450000,0.554527
-0.150000,3.450000,0.570088
-0.100000,3.450000,0.580948
-0.050000,3.450000,0.587367
-0.000000,3.450000,0.589491
0.050000,3.450000,0.587367
0.100000,3.450000,0.580948
0.150000,3.450000,0.570088
0.200000,3.450000,0.554527
0.250000,3.450000,0.533854
0.300000,3.450000,0.507445
0.350000,3.450000,0.474342
0.400000,3.450000,
0.450000,3.450000,
0.500000,3.450000,
0.550000,3.450000,
0.600000,3.450000,
0.650000,3.450000,
0.700000,3.450000,
0.750000,3.450000,
0.800000,3.450000,
0.850000,3.450000,
0.900000,3.450000,
0.950000,3.450000,
1.000000,3.450000,
1.050000,3.450000,
1.100000,3.450000,
1.150000,3.450000,
1.200000,3.450000,
1.250000,3.450000,
1.300000,3.450000,
1.350000,3.450000,
1.400000,3.450000,
1.450000,3.450000,
1.500000,3.450000,
1.550000,3.450000,
1.600000,3.450000,
1.650000,3.450000,
1.700000,3.450000,
1.750000,3.450000,
1.800000,3.450000,
1.850000,3.450000,
1.900000,3.450000,
1.950000,3.450000,
2.000000,3.450000,
2.050000,3.450000,
2.100000,3.450000,
2.150000,3.450000,
2.200000,3.450000,
2.250000,3.450000,
2.300000,3.450000,
2.350000,3.450000,
2.400000,3.450000,
2.450000,3.450000,
2.500000,3.450000,
2.550000,3.450000,
2.600000,3.450000,
2.650000,3.450000,
2.700000,3.450000,
2.750000,3.450000,
2.800000,3.450000,
2.850000,3.450000,
2.900000,3.450000,
2.950000,3.450000,
3.000000,3.450000,
3.050000,3.450000,
3.100000,3.450000,
3.150000,3.450000,
3.200000,3.450000,
3.250000,3.450000,
3.300000,3.450000,
3.350000,3.450000,
3.400000,3.450000,
3.450000,3.450000,
3.500000,3.450000,
-3.500000,3.500000,
-3.450000,3.500000,
-3.400000,3.500000,
-3.350000,3.500000,
-3.300000,3.500000,
-3.250000,3.500000,
-3.200000,3.500000,
-3.150000,3.500000,
-3.100000,3.500000,
-3.050000,3.500000,
-3.000000,3.500000,
-2.950000,3.500000,
-2.900000,3.500000,
-2.850000,3.500000,
-2.800000,3.500000,
-2.750000,3.500000,
-2.700000,3.500000,
-2.650000,3.500000,
-2.600000,3.500000,
-2.550000,3.500000,
-2.500000,3.500000,
-2.450000,3.500000,
-2.400000,3.500000,
-2.350000,3.500000,
-2.300000,3.500000,
-2.250000,3.500000,
-2.200000,3.500000,
-2.150000,3.500000,
-2.100000,3.500000,
-2.050000,3.500000,
-2.000000,3.500000,
-1.950000,3.500000,
-1.900000,3.500000,
-1.850000,3.500000,
-1.800000,3.500000,
-1.750000,3.500000,
-1.700000,3.500000,
-1.650000,3.500000,
-1.600000,3.500000,
-1.550000,3.500000,
-1.500000,3.500000,
-1.450000,3.500000,
-1.400000,3.500000,
-1.350000,3.500000,
-1.300000,3.500000,
-1.250000,3.500000,
-1.200000,3.500000,
-1.150000,3.500000,
-1.100000,3.500000,
-1.050000,3.500000,
-1.000000,3.500000,
-0.950000,3.500000,
-0.900000,3.500000,
-0.850000,3.500000,
-0.800000,3.500000,
-0.750000,3.500000,
-0.700000,3.500000,
-0.650000,3.500000,
-0.600000,3.500000,
-0.550000,3.500000,
-0.500000,3.500000,
-0.450000,3.500000,
-0.400000,3.500000,
-0.350000,3.500000,
-0.300000,3.500000,
-0.250000,3.500000,
-0.200000,3.500000,
-0.150000,3.500000,
-0.100000,3.500000,
-0.050000,3.500000,
-0.000000,3.500000,
0.050000,3.500000,
0.100000,3.500000,
0.150000,3.500000,
0.200000,3.500000,
0.250000,3.500000,
0.300000,3.500000,
0.350000,3.500000,
0.400000,3.500000,
0.450000,3.500000,
0.500000,3.500000,
0.550000,3.500000,
0.600000,3.500000,
0.650000,3.500000,
0.700000,3.500000,
0.750000,3.500000,
0.800000,3.500000,
0.850000,3.500000,
0.900000,3.500000,
0.950000,3.500000,
1.000000,3.500000,
1.050000,3.500000,
1.100000,3.500000,
1.150000,3.500000,
1.200000,3.500000,
1.250000,3.500000,
1.300000,3.500000,
1.350000,3.500000,
1.400000,3.500000,
1.450000,3.500000,
1.500000,3.500000,
1.550000,3.500000,
1.600000,3.500000,
1.650000,3.500000,
1.700000,3.500000,
1.750000,3.500000,
1.800000,3.500000,
1.850000,3.500000,
1.900000,3.500000,
1.950000,3.500000,
2.000000,3.500000,
2.050000,3.500000,
2.100000,3.500000,
2.150000,3.500000,
2.200000,3.500000,
2.250000,3.500000,
2.300000,3.500000,
2.350000,3.500000,
2.400000,3.500000,
2.450000,3.500000,
2.500000,3.500000,
2.550000,3.500000,
2.600000,3.500000,
2.650000,3.500000,
2.700000,3.500000,
2.750000,3.500000,
2.800000,3.500000,
2.850000,3.500000,
2.900000,3.500000,
2.950000,3.500000,
3.000000,3.500000,
3.050000,3.500000,
3.100000,3.500000,
3.150000,3.500000,
3.200000,3.500000,
3.250000,3.500000,
3.300000,3.500000,
3.350000,3.500000,
3.400000,3.500000,
3.450000,3.500000,
3.500000,3.500000,
