x,y,z
-3.500000,-3.500000,
-3.400000,-3.500000,
-3.300000,-3.500000,
-3.200000,-3.500000,
-3.100000,-3.500000,
-3.000000,-3.500000,
-2.900000,-3.500000,
-2.800000,-3.500000,
-2.700000,-3.500000,
-2.600000,-3.500000,
-2.500000,-3.500000,
-2.400000,-3.500000,
-2.300000,-3.500000,
-2.200000,-3.500000,
-2.100000,-3.500000,
-2.000000,-3.500000,
-1.900000,-3.500000,
-1.800000,-3.500000,
-1.700000,-3.500000,
-1.600000,-3.500000,
-1.500000,-3.500000,
-1.400000,-3.500000,
-1.300000,-3.500000,
-1.200000,-3.500000,
-1.100000,-3.500000,
-1.000000,-3.500000,
-0.900000,-3.500000,
-0.800000,-3.500000,
-0.700000,-3.500000,
-0.600000,-3.500000,
-0.500000,-3.500000,
-0.400000,-3.500000,
-0.300000,-3.500000,
-0.200000,-3.500000,
-0.100000,-3.500000,
0.000000,-3.500000,
0.100000,-3.500000,
0.200000,-3.500000,
0.300000,-3.500000,
0.400000,-3.500000,
0.500000,-3.500000,
0.600000,-3.500000,
0.700000,-3.500000,
0.800000,-3.500000,
0.900000,-3.500000,
1.000000,-3.500000,
1.100000,-3.500000,
1.200000,-3.500000,
1.300000,-3.500000,
1.400000,-3.500000,
1.500000,-3.500000,
1.600000,-3.500000,
1.700000,-3.500000,
1.800000,-3.500000,
1.900000,-3.500000,
2.000000,-3.500000,
2.100000,-3.500000,
2.200000,-3.500000,
2.300000,-3.500000,
2.400000,-3.500000,
2.500000,-3.500000,
2.600000,-3.500000,
2.700000,-3.500000,
2.800000,-3.500000,
2.900000,-3.500000,
3.000000,-3.500000,
3.100000,-3.500000,
3.200000,-3.500000,
3.300000,-3.500000,
3.400000,-3.500000,
3.500000,-3.500000,
-3.500000,-3.400000,
-3.400000,-3.400000,
-3.300000,-3.400000,
-3.200000,-3.400000,
-3.100000,-3.400000,
-3.000000,-3.400000,
-2.900000,-3.400000,
-2.800000,-3.400000,
-2.700000,-3.400000,
-2.600000,-3.400000,
-2.500000,-3.400000,
-2.400000,-3.400000,
-2.300000,-3.400000,
-2.200000,-3.400000,
-2.100000,-3.400000,
-2.000000,-3.400000,
-1.900000,-3.400000,
-1.800000,-3.400000,
-1.700000,-3.400000,
-1.600000,-3.400000,
-1.500000,-3.400000,
-1.400000,-3.400000,
-1.300000,-3.400000,
-1.200000,-3.400000,
-1.100000,-3.400000,
-1.000000,-3.400000,
-0.900000,-3.400000,
-0.800000,-3.400000,
-0.700000,-3.400000,
-0.600000,-3.400000,
-0.500000,-3.400000,
-0.400000,-3.400000,
-0.300000,-3.400000,
-0.200000,-3.400000,
-0.100000,-3.400000,
0.000000,-3.400000,
0.100000,-3.400000,
0.200000,-3.400000,
0.300000,-3.400000,
0.400000,-3.400000,
0.500000,-3.400000,
0.600000,-3.400000,
0.700000,-3.400000,
0.800000,-3.400000,
0.900000,-3.400000,
1.000000,-3.400000,
1.100000,-3.400000,
1.200000,-3.400000,
1.300000,-3.400000,
1.400000,-3.400000,
1.500000,-3.400000,
1.600000,-3.400000,
1.700000,-3.400000,
1.800000,-3.400000,
1.900000,-3.400000,
2.000000,-3.400000,
2.100000,-3.400000,
2.200000,-3.400000,
2.300000,-3.400000,
2.400000,-3.400000,
2.500000,-3.400000,
2.600000,-3.400000,
2.700000,-3.400000,
2.800000,-3.400000,
2.900000,-3.400000,
3.000000,-3.400000,
3.100000,-3.400000,
3.200000,-3.400000,
3.300000,-3.400000,
3.400000,-3.400000,
3.500000,-3.400000,
-3.500000,-3.300000,
-3.400000,-3.300000,
-3.300000,-3.300000,
-3.200000,-3.300000,
-3.100000,-3.300000,
-3.000000,-3.300000,
-2.900000,-3.300000,
-2.800000,-3.300000,
-2.700000,-3.300000,
-2.600000,-3.300000,
-2.500000,-3.300000,
-2.400000,-3.300000,
-2.300000,-3.300000,
-2.200000,-3.300000,
-2.100000,-3.300000,
-2.000000,-3.300000,
-1.900000,-3.300000,
-1.800000,-3.300000,
-1.700000,-3.300000,
-1.600000,-3.300000,
-1.500000,-3.300000,
-1.400000,-3.300000,
-1.300000,-3.300000,
-1.200000,-3.300000,
-1.100000,-3.300000,
-1.000000,-3.300000,
-0.900000,-3.300000,
-0.800000,-3.300000,
-0.700000,-3.300000,
-0.600000,-3.300000,
-0.500000,-3.300000,
-0.400000,-3.300000,
-0.300000,-3.300000,
-0.200000,-3.300000,
-0.100000,-3.300000,
0.000000,-3.300000,
0.100000,-3.300000,
0.200000,-3.300000,
0.300000,-3.300000,
0.400000,-3.300000,
0.500000,-3.300000,
0.600000,-3.300000,
0.700000,-3.300000,
0.800000,-3.300000,
0.900000,-3.300000,
1.000000,-3.300000,
1.100000,-3.300000,
1.200000,-3.300000,
1.300000,-3.300000,
1.400000,-3.300000,
1.500000,-3.300000,
1.600000,-3.300000,
1.700000,-3.300000,
1.800000,-3.300000,
1.900000,-3.300000,
2.000000,-3.300000,
2.100000,-3.300000,
2.200000,-3.300000,
2.300000,-3.300000,
2.400000,-3.300000,
2.500000,-3.300000,
2.600000,-3.300000,
2.700000,-3.300000,
2.800000,-3.300000,
2.900000,-3.300000,
3.000000,-3.300000,
3.100000,-3.300000,
3.200000,-3.300000,
3.300000,-3.300000,
3.400000,-3.300000,
3.500000,-3.300000,
-3.500000,-3.200000,
-3.400000,-3.200000,
-3.300000,-3.200000,
-3.200000,-3.200000,
-3.100000,-3.200000,
-3.000000,-3.200000,
-2.900000,-3.200000,
-2.800000,-3.200000,
-2.700000,-3.200000,
-2.600000,-3.200000,
-2.500000,-3.200000,
-2.400000,-3.200000,
-2.300000,-3.200000,
-2.200000,-3.200000,
-2.100000,-3.200000,
-2.000000,-3.200000,
-1.900000,-3.200000,
-1.800000,-3.200000,
-1.700000,-3.200000,
-1.600000,-3.200000,
-1.500000,-3.200000,
-1.400000,-3.200000,0.223607
-1.300000,-3.200000,0.076747
-1.200000,-3.200000,-0.148461
-1.100000,-3.200000,-0.529573
-1.000000,-3.200000,
-0.900000,-3.200000,
-0.800000,-3.200000,
-0.700000,-3.200000,
-0.600000,-3.200000,
-0.500000,-3.200000,
-0.400000,-3.200000,
-0.300000,-3.200000,
-0.200000,-3.200000,
-0.100000,-3.200000,
0.000000,-3.200000,
0.100000,-3.200000,
0.200000,-3.200000,
0.300000,-3.200000,
0.400000,-3.200000,
0.500000,-3.200000,
0.600000,-3.200000,
0.700000,-3.200000,
0.800000,-3.200000,
0.900000,-3.200000,
1.000000,-3.200000,
1.100000,-3.200000,-0.512002
1.200000,-3.200000,-0.140075
1.300000,-3.200000,0.083116
1.400000,-3.200000,0.223607
1.500000,-3.200000,
1.600000,-3.200000,
1.700000,-3.200000,
1.800000,-3.200000,
1.900000,-3.200000,
2.000000,-3.200000,
2.100000,-3.200000,
2.200000,-3.200000,
2.300000,-3.200000,
2.400000,-3.200000,
2.500000,-3.200000,
2.600000,-3.200000,
2.700000,-3.200000,
2.800000,-3.200000,
2.900000,-3.200000,
3.000000,-3.200000,
3.100000,-3.200000,
3.200000,-3.200000,
3.300000,-3.200000,
3.400000,-3.200000,
3.500000,-3.200000,
-3.500000,-3.100000,
-3.400000,-3.100000,
-3.300000,-3.100000,
-3.200000,-3.100000,
-3.100000,-3.100000,
-3.000000,-3.100000,
-2.900000,-3.100000,
-2.800000,-3.100000,
-2.700000,-3.100000,
-2.600000,-3.100000,
-2.500000,-3.100000,
-2.400000,-3.100000,
-2.300000,-3.100000,
-2.200000,-3.100000,
-2.100000,-3.100000,
-2.000000,-3.100000,
-1.900000,-3.100000,
-1.800000,-3.100000,
-1.700000,-3.100000,
-1.600000,-3.100000,0.282843
-1.500000,-3.100000,0.377549
-1.400000,-3.100000,0.237053
-1.300000,-3.100000,0.064285
-1.200000,-3.100000,-0.165061
-1.100000,-3.100000,-0.568469
-1.000000,-3.100000,-1.237689
-0.900000,-3.100000,
-0.800000,-3.100000,
-0.700000,-3.100000,
-0.600000,-3.100000,
-0.500000,-3.100000,
-0.400000,-3.100000,
-0.300000,-3.100000,
-0.200000,-3.100000,
-0.100000,-3.100000,
0.000000,-3.100000,
0.100000,-3.100000,
0.200000,-3.100000,
0.300000,-3.100000,
0.400000,-3.100000,
0.500000,-3.100000,
0.600000,-3.100000,
0.700000,-3.100000,
0.800000,-3.100000,
0.900000,-3.100000,
1.000000,-3.100000,-1.234054
1.100000,-3.100000,-0.548741
1.200000,-3.100000,-0.156515
1.300000,-3.100000,0.070715
1.400000,-3.100000,0.242418
1.500000,-3.100000,0.382229
1.600000,-3.100000,0.282843
1.700000,-3.100000,
1.800000,-3.100000,
1.900000,-3.100000,
2.000000,-3.100000,
2.100000,-3.100000,
2.200000,-3.100000,
2.300000,-3.100000,
2.400000,-3.100000,
2.500000,-3.100000,
2.600000,-3.100000,
2.700000,-3.100000,
2.800000,-3.100000,
2.900000,-3.100000,
3.000000,-3.100000,
3.100000,-3.100000,
3.200000,-3.100000,
3.300000,-3.100000,
3.400000,-3.100000,
3.500000,-3.100000,
-3.500000,-3.000000,
-3.400000,-3.000000,
-3.300000,-3.000000,
-3.200000,-3.000000,
-3.100000,-3.000000,
-3.000000,-3.000000,
-2.900000,-3.000000,
-2.800000,-3.000000,
-2.700000,-3.000000,
-2.600000,-3.000000,
-2.500000,-3.000000,
-2.400000,-3.000000,
-2.300000,-3.000000,
-2.200000,-3.000000,
-2.100000,-3.000000,
-2.000000,-3.000000,
-1.900000,-3.000000,
-1.800000,-3.000000,0.100000
-1.700000,-3.000000,0.582895
-1.600000,-3.000000,0.479912
-1.500000,-3.000000,0.359893
-1.400000,-3.000000,0.217055
-1.300000,-3.000000,0.040377
-1.200000,-3.000000,-0.197434
-1.100000,-3.000000,-0.663327
-1.000000,-3.000000,-1.171024
-0.900000,-3.000000,-1.381978
-0.800000,-3.000000,
-0.700000,-3.000000,
-0.600000,-3.000000,
-0.500000,-3.000000,
-0.400000,-3.000000,
-0.300000,-3.000000,
-0.200000,-3.000000,
-0.100000,-3.000000,
0.000000,-3.000000,
0.100000,-3.000000,
0.200000,-3.000000,
0.300000,-3.000000,
0.400000,-3.000000,
0.500000,-3.000000,
0.600000,-3.000000,
0.700000,-3.000000,
0.800000,-3.000000,
0.900000,-3.000000,-1.377611
1.000000,-3.000000,-1.167673
1.100000,-3.000000,-0.634916
1.200000,-3.000000,-0.188538
1.300000,-3.000000,0.046937
1.400000,-3.000000,0.222490
1.500000,-3.000000,0.364616
1.600000,-3.000000,0.484124
1.700000,-3.000000,0.586710
1.800000,-3.000000,0.100000
1.900000,-3.000000,
2.000000,-3.000000,
2.100000,-3.000000,
2.200000,-3.000000,
2.300000,-3.000000,
2.400000,-3.000000,
2.500000,-3.000000,
2.600000,-3.000000,
2.700000,-3.000000,
2.800000,-3.000000,
2.900000,-3.000000,
3.000000,-3.000000,
3.100000,-3.000000,
3.200000,-3.000000,
3.300000,-3.000000,
3.400000,-3.000000,
3.500000,-3.000000,
-3.500000,-2.900000,
-3.400000,-2.900000,
-3.300000,-2.900000,
-3.200000,-2.900000,
-3.100000,-2.900000,
-3.000000,-2.900000,
-2.900000,-2.900000,
-2.800000,-2.900000,
-2.700000,-2.900000,
-2.600000,-2.900000,
-2.500000,-2.900000,
-2.400000,-2.900000,
-2.300000,-2.900000,
-2.200000,-2.900000,
-2.100000,-2.900000,
-2.000000,-2.900000,
-1.900000,-2.900000,0.479583
-1.800000,-2.900000,0.651458
-1.700000,-2.900000,0.560699
-1.600000,-2.900000,0.455955
-1.500000,-2.900000,0.333490
-1.400000,-2.900000,0.186991
-1.300000,-2.900000,0.004050
-1.200000,-2.900000,-0.248155
-1.100000,-2.900000,-0.964624
-1.000000,-2.900000,-1.119054
-0.900000,-2.900000,-1.315801
-0.800000,-2.900000,-1.603321
-0.700000,-2.900000,
-0.600000,-2.900000,
-0.500000,-2.900000,
-0.400000,-2.900000,
-0.300000,-2.900000,
-0.200000,-2.900000,
-0.100000,-2.900000,
0.000000,-2.900000,
0.100000,-2.900000,
0.200000,-2.900000,
0.300000,-2.900000,
0.400000,-2.900000,
0.500000,-2.900000,
0.600000,-2.900000,
0.700000,-2.900000,
0.800000,-2.900000,-1.597093
0.900000,-2.900000,-1.311831
1.000000,-2.900000,-1.115912
1.100000,-2.900000,-0.961955
1.200000,-2.900000,-0.238630
1.300000,-2.900000,0.010827
1.400000,-2.900000,0.192539
1.500000,-2.900000,0.338284
1.600000,-2.900000,0.460215
1.700000,-2.900000,0.564549
1.800000,-2.900000,0.654975
1.900000,-2.900000,0.479583
2.000000,-2.900000,
2.100000,-2.900000,
2.200000,-2.900000,
2.300000,-2.900000,
2.400000,-2.900000,
2.500000,-2.900000,
2.600000,-2.900000,
2.700000,-2.900000,
2.800000,-2.900000,
2.900000,-2.900000,
3.000000,-2.900000,
3.100000,-2.900000,
3.200000,-2.900000,
3.300000,-2.900000,
3.400000,-2.900000,
3.500000,-2.900000,
-3.500000,-2.800000,
-3.400000,-2.800000,
-3.300000,-2.800000,
-3.200000,-2.800000,
-3.100000,-2.800000,
-3.000000,-2.800000,
-2.900000,-2.800000,
-2.800000,-2.800000,
-2.700000,-2.800000,
-2.600000,-2.800000,
-2.500000,-2.800000,
-2.400000,-2.800000,
-2.300000,-2.800000,
-2.200000,-2.800000,
-2.100000,-2.800000,0.000000
-2.000000,-2.800000,0.640312
-1.900000,-2.800000,0.704117
-1.800000,-2.800000,0.623485
-1.700000,-2.800000,0.530876
-1.600000,-2.800000,0.423665
-1.500000,-2.800000,0.297733
-1.400000,-2.800000,0.145941
-1.300000,-2.800000,-0.046395
-1.200000,-2.800000,-0.322582
-1.100000,-2.800000,-0.930324
-1.000000,-2.800000,-1.079522
-0.900000,-2.800000,-1.266818
-0.800000,-2.800000,-1.528867
-0.700000,-2.800000,
-0.600000,-2.800000,
-0.500000,-2.800000,
-0.400000,-2.800000,
-0.300000,-2.800000,
-0.200000,-2.800000,
-0.100000,-2.800000,
0.000000,-2.800000,
0.100000,-2.800000,
0.200000,-2.800000,
0.300000,-2.800000,
0.400000,-2.800000,
0.500000,-2.800000,
0.600000,-2.800000,
0.700000,-2.800000,
0.800000,-2.800000,-1.523481
0.900000,-2.800000,-1.263120
1.000000,-2.800000,-1.076537
1.100000,-2.800000,-0.927767
1.200000,-2.800000,-0.311910
1.300000,-2.800000,-0.039282
1.400000,-2.800000,0.151657
1.500000,-2.800000,0.302630
1.600000,-2.800000,0.427994
1.700000,-2.800000,0.534776
1.800000,-2.800000,0.627039
1.900000,-2.800000,0.707382
2.000000,-2.800000,0.640312
2.100000,-2.800000,
2.200000,-2.800000,
2.300000,-2.800000,
2.400000,-2.800000,
2.500000,-2.800000,
2.600000,-2.800000,
2.700000,-2.800000,
2.800000,-2.800000,
2.900000,-2.800000,
3.000000,-2.800000,
3.100000,-2.800000,
3.200000,-2.800000,
3.300000,-2.800000,
3.400000,-2.800000,
3.500000,-2.800000,
-3.500000,-2.700000,
-3.400000,-2.700000,
-3.300000,-2.700000,
-3.200000,-2.700000,
-3.100000,-2.700000,
-3.000000,-2.700000,
-2.900000,-2.700000,
-2.800000,-2.700000,
-2.700000,-2.700000,
-2.600000,-2.700000,
-2.500000,-2.700000,
-2.400000,-2.700000,
-2.300000,-2.700000,
-2.200000,-2.700000,0.346410
-2.100000,-2.700000,0.741620
-2.000000,-2.700000,0.742460
-1.900000,-2.700000,0.670513
-1.800000,-2.700000,0.587986
-1.700000,-2.700000,0.492916
-1.600000,-2.700000,0.382382
-1.500000,-2.700000,0.251703
-1.400000,-2.700000,0.092456
-1.300000,-2.700000,-0.113890
-1.200000,-2.700000,-0.433502
-1.100000,-2.700000,-0.905386
-1.000000,-2.700000,-1.051012
-0.900000,-2.700000,-1.232094
-0.800000,-2.700000,-1.479174
-0.700000,-2.700000,
-0.600000,-2.700000,
-0.500000,-2.700000,
-0.400000,-2.700000,
-0.300000,-2.700000,
-0.200000,-2.700000,
-0.100000,-2.700000,
0.000000,-2.700000,
0.100000,-2.700000,
0.200000,-2.700000,
0.300000,-2.700000,
0.400000,-2.700000,
0.500000,-2.700000,
0.600000,-2.700000,
0.700000,-2.700000,
0.800000,-2.700000,-1.474269
0.900000,-2.700000,-1.228589
1.000000,-2.700000,-1.048149
1.100000,-2.700000,-0.902919
1.200000,-2.700000,-0.420360
1.300000,-2.700000,-0.106253
1.400000,-2.700000,0.098417
1.500000,-2.700000,0.256744
1.600000,-2.700000,0.386808
1.700000,-2.700000,0.496884
1.800000,-2.700000,0.591591
1.900000,-2.700000,0.673817
2.000000,-2.700000,0.745505
2.100000,-2.700000,0.741620
2.200000,-2.700000,0.346410
2.300000,-2.700000,
2.400000,-2.700000,
2.500000,-2.700000,
2.600000,-2.700000,
2.700000,-2.700000,
2.800000,-2.700000,
2.900000,-2.700000,
3.000000,-2.700000,
3.100000,-2.700000,
3.200000,-2.700000,
3.300000,-2.700000,
3.400000,-2.700000,
3.500000,-2.700000,
-3.500000,-2.600000,
-3.400000,-2.600000,
-3.300000,-2.600000,
-3.200000,-2.600000,
-3.100000,-2.600000,
-3.000000,-2.600000,
-2.900000,-2.600000,
-2.800000,-2.600000,
-2.700000,-2.600000,
-2.600000,-2.600000,
-2.500000,-2.600000,
-2.400000,-2.600000,
-2.300000,-2.600000,0.447214
-2.200000,-2.600000,0.806226
-2.100000,-2.600000,0.767511
-2.000000,-2.600000,0.703225
-1.900000,-2.600000,0.629360
-1.800000,-2.600000,0.544383
-1.700000,-2.600000,0.446097
-1.600000,-2.600000,0.331157
-1.500000,-2.600000,0.194031
-1.400000,-2.600000,0.024234
-1.300000,-2.600000,-0.203833
-1.200000,-2.600000,-0.632754
-1.100000,-2.600000,-0.889228
-1.000000,-2.600000,-1.032636
-0.900000,-2.600000,-1.209949
-0.800000,-2.600000,-1.448503
-0.700000,-2.600000,-1.915027
-0.600000,-2.600000,
-0.500000,-2.600000,
-0.400000,-2.600000,
-0.300000,-2.600000,
-0.200000,-2.600000,
-0.100000,-2.600000,
0.000000,-2.600000,
0.100000,-2.600000,
0.200000,-2.600000,
0.300000,-2.600000,
0.400000,-2.600000,
0.500000,-2.600000,
0.600000,-2.600000,
0.700000,-2.600000,-1.899668
0.800000,-2.600000,-1.443892
0.900000,-2.600000,-1.206582
1.000000,-2.600000,-1.029867
1.100000,-2.600000,-0.886835
1.200000,-2.600000,-0.609171
1.300000,-2.600000,-0.195320
1.400000,-2.600000,0.030553
1.500000,-2.600000,0.199273
1.600000,-2.600000,0.335712
1.700000,-2.600000,0.450156
1.800000,-2.600000,0.548055
1.900000,-2.600000,0.632714
2.000000,-2.600000,0.706310
2.100000,-2.600000,0.770359
2.200000,-2.600000,0.806226
2.300000,-2.600000,0.447214
2.400000,-2.600000,
2.500000,-2.600000,
2.600000,-2.600000,
2.700000,-2.600000,
2.800000,-2.600000,
2.900000,-2.600000,
3.000000,-2.600000,
3.100000,-2.600000,
3.200000,-2.600000,
3.300000,-2.600000,
3.400000,-2.600000,
3.500000,-2.600000,
-3.500000,-2.500000,
-3.400000,-2.500000,
-3.300000,-2.500000,
-3.200000,-2.500000,
-3.100000,-2.500000,
-3.000000,-2.500000,
-2.900000,-2.500000,
-2.800000,-2.500000,
-2.700000,-2.500000,
-2.600000,-2.500000,
-2.500000,-2.500000,
-2.400000,-2.500000,0.489898
-2.300000,-2.500000,0.829313
-2.200000,-2.500000,0.779885
-2.100000,-2.500000,0.722519
-2.000000,-2.500000,0.656304
-1.900000,-2.500000,0.580002
-1.800000,-2.500000,0.491882
-1.700000,-2.500000,0.389409
-1.600000,-2.500000,0.268613
-1.500000,-2.500000,0.122628
-1.400000,-2.500000,-0.062589
-1.300000,-2.500000,-0.327890
-1.200000,-2.500000,-0.761647
-1.100000,-2.500000,-0.881500
-1.000000,-2.500000,-1.023873
-0.900000,-2.500000,-1.199447
-0.800000,-2.500000,-1.434197
-0.700000,-2.500000,-1.868899
-0.600000,-2.500000,
-0.500000,-2.500000,
-0.400000,-2.500000,
-0.300000,-2.500000,
-0.200000,-2.500000,
-0.100000,-2.500000,
0.000000,-2.500000,
0.100000,-2.500000,
0.200000,-2.500000,
0.300000,-2.500000,
0.400000,-2.500000,
0.500000,-2.500000,
0.600000,-2.500000,
0.700000,-2.500000,-1.856641
0.800000,-2.500000,-1.429761
0.900000,-2.500000,-1.196178
1.000000,-2.500000,-1.021175
1.100000,-2.500000,-0.879166
1.200000,-2.500000,-0.759576
1.300000,-2.500000,-0.317674
1.400000,-2.500000,-0.055724
1.500000,-2.500000,0.128154
1.600000,-2.500000,0.273345
1.700000,-2.500000,0.393589
1.800000,-2.500000,0.495642
1.900000,-2.500000,0.583422
2.000000,-2.500000,0.659439
2.100000,-2.500000,0.725407
2.200000,-2.500000,0.782553
2.300000,-2.500000,0.831781
2.400000,-2.500000,0.489898
2.500000,-2.500000,
2.600000,-2.500000,
2.700000,-2.500000,
2.800000,-2.500000,
2.900000,-2.500000,
3.000000,-2.500000,
3.100000,-2.500000,
3.200000,-2.500000,
3.300000,-2.500000,
3.400000,-2.500000,
3.500000,-2.500000,
-3.500000,-2.400000,
-3.400000,-2.400000,
-3.300000,-2.400000,
-3.200000,-2.400000,
-3.100000,-2.400000,
-3.000000,-2.400000,
-2.900000,-2.400000,
-2.800000,-2.400000,
-2.700000,-2.400000,
-2.600000,-2.400000,
-2.500000,-2.400000,0.489898
-2.400000,-2.400000,0.823305
-2.300000,-2.400000,0.779874
-2.200000,-2.400000,0.728891
-2.100000,-2.400000,0.669590
-2.000000,-2.400000,0.600946
-1.900000,-2.400000,0.521547
-1.800000,-2.400000,0.429380
-1.700000,-2.400000,0.321410
-1.600000,-2.400000,0.192699
-1.500000,-2.400000,0.034142
-1.400000,-2.400000,-0.175251
-1.300000,-2.400000,-0.523836
-1.200000,-2.400000,-0.762139
-1.100000,-2.400000,-0.882041
-1.000000,-2.400000,-1.024485
-0.900000,-2.400000,-1.200180
-0.800000,-2.400000,-1.435190
-0.700000,-2.400000,-1.871823
-0.600000,-2.400000,
-0.500000,-2.400000,
-0.400000,-2.400000,
-0.300000,-2.400000,
-0.200000,-2.400000,
-0.100000,-2.400000,
0.000000,-2.400000,
0.100000,-2.400000,
0.200000,-2.400000,
0.300000,-2.400000,
0.400000,-2.400000,
0.500000,-2.400000,
0.600000,-2.400000,
0.700000,-2.400000,-1.859666
0.800000,-2.400000,-1.430835
0.900000,-2.400000,-1.196973
1.000000,-2.400000,-1.021841
1.100000,-2.400000,-0.879754
1.200000,-2.400000,-0.760111
1.300000,-2.400000,-0.508326
1.400000,-2.400000,-0.167463
1.500000,-2.400000,0.040085
1.600000,-2.400000,0.197675
1.700000,-2.400000,0.325752
1.800000,-2.400000,0.433255
1.900000,-2.400000,0.525053
2.000000,-2.400000,0.604146
2.100000,-2.400000,0.672528
2.200000,-2.400000,0.731598
2.300000,-2.400000,0.782374
2.400000,-2.400000,0.825614
2.500000,-2.400000,0.489898
2.600000,-2.400000,
2.700000,-2.400000,
2.800000,-2.400000,
2.900000,-2.400000,
3.000000,-2.400000,
3.100000,-2.400000,
3.200000,-2.400000,
3.300000,-2.400000,
3.400000,-2.400000,
3.500000,-2.400000,
-3.500000,-2.300000,
-3.400000,-2.300000,
-3.300000,-2.300000,
-3.200000,-2.300000,
-3.100000,-2.300000,
-3.000000,-2.300000,
-2.900000,-2.300000,
-2.800000,-2.300000,
-2.700000,-2.300000,
-2.600000,-2.300000,0.447214
-2.500000,-2.300000,0.805171
-2.400000,-2.300000,0.767478
-2.300000,-2.300000,0.722497
-2.200000,-2.300000,0.669578
-2.100000,-2.300000,0.607852
-2.000000,-2.300000,0.536134
-1.900000,-2.300000,0.452764
-1.800000,-2.300000,0.355309
-1.700000,-2.300000,0.239967
-1.600000,-2.300000,0.100184
-1.500000,-2.300000,-0.077344
-1.400000,-2.300000,-0.330582
-1.300000,-2.300000,-0.666563
-1.200000,-2.300000,-0.770161
-1.100000,-2.300000,-0.890861
-1.000000,-2.300000,-1.034490
-0.900000,-2.300000,-1.212175
-0.800000,-2.300000,-1.451554
-0.700000,-2.300000,-1.926339
-0.600000,-2.300000,
-0.500000,-2.300000,
-0.400000,-2.300000,
-0.300000,-2.300000,
-0.200000,-2.300000,
-0.100000,-2.300000,
0.000000,-2.300000,
0.100000,-2.300000,
0.200000,-2.300000,
0.300000,-2.300000,
0.400000,-2.300000,
0.500000,-2.300000,
0.600000,-2.300000,
0.700000,-2.300000,-1.911012
0.800000,-2.300000,-1.447192
0.900000,-2.300000,-1.208997
1.000000,-2.300000,-1.031880
1.100000,-2.300000,-0.888609
1.200000,-2.300000,-0.768167
1.300000,-2.300000,-0.664769
1.400000,-2.300000,-0.320860
1.500000,-2.300000,-0.070737
1.600000,-2.300000,0.105513
1.700000,-2.300000,0.244531
1.800000,-2.300000,0.359338
1.900000,-2.300000,0.456382
2.000000,-2.300000,0.539419
2.100000,-2.300000,0.610855
2.200000,-2.300000,0.672336
2.300000,-2.300000,0.725036
2.400000,-2.300000,0.769817
2.500000,-2.300000,0.807325
2.600000,-2.300000,0.447214
2.700000,-2.300000,
2.800000,-2.300000,
2.900000,-2.300000,
3.000000,-2.300000,
3.100000,-2.300000,
3.200000,-2.300000,
3.300000,-2.300000,
3.400000,-2.300000,
3.500000,-2.300000,
-3.500000,-2.200000,
-3.400000,-2.200000,
-3.300000,-2.200000,
-3.200000,-2.200000,
-3.100000,-2.200000,
-3.000000,-2.200000,
-2.900000,-2.200000,
-2.800000,-2.200000,
-2.700000,-2.200000,0.346410
-2.600000,-2.200000,0.774503
-2.500000,-2.200000,0.742404
-2.400000,-2.200000,0.703179
-2.300000,-2.200000,0.656268
-2.200000,-2.200000,0.600921
-2.100000,-2.200000,0.536121
-2.000000,-2.200000,0.460457
-1.900000,-2.200000,0.371897
-1.800000,-2.200000,0.267355
-1.700000,-2.200000,0.141744
-1.600000,-2.200000,-0.014486
-1.500000,-2.200000,-0.224174
-1.400000,-2.200000,-0.590232
-1.300000,-2.200000,-0.681102
-1.200000,-2.200000,-0.785850
-1.100000,-2.200000,-0.908145
-1.000000,-2.200000,-1.054158
-0.900000,-2.200000,-1.235903
-0.800000,-2.200000,-1.484524
-0.700000,-2.200000,
-0.600000,-2.200000,
-0.500000,-2.200000,
-0.400000,-2.200000,
-0.300000,-2.200000,
-0.200000,-2.200000,
-0.100000,-2.200000,
0.000000,-2.200000,
0.100000,-2.200000,
0.200000,-2.200000,
0.300000,-2.200000,
0.400000,-2.200000,
0.500000,-2.200000,
0.600000,-2.200000,
0.700000,-2.200000,
0.800000,-2.200000,-1.480051
0.900000,-2.200000,-1.232720
1.000000,-2.200000,-1.051564
1.100000,-2.200000,-0.905918
1.200000,-2.200000,-0.783883
1.300000,-2.200000,-0.679336
1.400000,-2.200000,-0.581815
1.500000,-2.200000,-0.216326
1.600000,-2.200000,-0.008609
1.700000,-2.200000,0.146626
1.800000,-2.200000,0.271593
1.900000,-2.200000,0.375663
2.000000,-2.200000,0.463851
2.100000,-2.200000,0.539208
2.200000,-2.200000,0.603744
2.300000,-2.200000,0.658857
2.400000,-2.200000,0.705557
2.500000,-2.200000,0.744588
2.600000,-2.200000,0.776504
2.700000,-2.200000,0.346410
2.800000,-2.200000,
2.900000,-2.200000,
3.000000,-2.200000,
3.100000,-2.200000,
3.200000,-2.200000,
3.300000,-2.200000,
3.400000,-2.200000,
3.500000,-2.200000,
-3.500000,-2.100000,
-3.400000,-2.100000,
-3.300000,-2.100000,
-3.200000,-2.100000,
-3.100000,-2.100000,
-3.000000,-2.100000,
-2.900000,-2.100000,
-2.800000,-2.100000,0.000000
-2.700000,-2.100000,0.730566
-2.600000,-2.100000,0.704037
-2.500000,-2.100000,0.670443
-2.400000,-2.100000,0.629300
-2.300000,-2.100000,0.579952
-2.200000,-2.100000,0.521508
-2.100000,-2.100000,0.452737
-2.000000,-2.100000,0.371882
-1.900000,-2.100000,0.276324
-1.800000,-2.100000,0.161869
-1.700000,-2.100000,0.021023
-1.600000,-2.100000,-0.162451
-1.500000,-2.100000,-0.443773
-1.400000,-2.100000,-0.610750
-1.300000,-2.100000,-0.702960
-1.200000,-2.100000,-0.809488
-1.100000,-2.100000,-0.934272
-1.000000,-2.100000,-1.084053
-0.900000,-2.100000,-1.272380
-0.800000,-2.100000,-1.537038
-0.700000,-2.100000,
-0.600000,-2.100000,
-0.500000,-2.100000,
-0.400000,-2.100000,
-0.300000,-2.100000,
-0.200000,-2.100000,
-0.100000,-2.100000,
0.000000,-2.100000,
0.100000,-2.100000,
0.200000,-2.100000,
0.300000,-2.100000,
0.400000,-2.100000,
0.500000,-2.100000,
0.600000,-2.100000,
0.700000,-2.100000,
0.800000,-2.100000,-1.532302
0.900000,-2.100000,-1.269151
1.000000,-2.100000,-1.081456
1.100000,-2.100000,-0.932056
1.200000,-2.100000,-0.807540
1.300000,-2.100000,-0.701216
1.400000,-2.100000,-0.609172
1.500000,-2.100000,-0.432395
1.600000,-2.100000,-0.155593
1.700000,-2.100000,0.026397
1.800000,-2.100000,0.166408
1.900000,-2.100000,0.280295
2.000000,-2.100000,0.375424
2.100000,-2.100000,0.455933
2.200000,-2.100000,0.524414
2.300000,-2.100000,0.582605
2.400000,-2.100000,0.631727
2.500000,-2.100000,0.672664
2.600000,-2.100000,0.706066
2.700000,-2.100000,0.732414
2.800000,-2.100000,
2.900000,-2.100000,
3.000000,-2.100000,
3.100000,-2.100000,
3.200000,-2.100000,
3.300000,-2.100000,
3.400000,-2.100000,
3.500000,-2.100000,
-3.500000,-2.000000,
-3.400000,-2.000000,
-3.300000,-2.000000,
-3.200000,-2.000000,
-3.100000,-2.000000,
-3.000000,-2.000000,
-2.900000,-2.000000,
-2.800000,-2.000000,0.640312
-2.700000,-2.000000,0.651351
-2.600000,-2.000000,0.623388
-2.500000,-2.000000,0.587899
-2.400000,-2.000000,0.544307
-2.300000,-2.000000,0.491816
-2.200000,-2.000000,0.429324
-2.100000,-2.000000,0.355265
-2.000000,-2.000000,0.267323
-1.900000,-2.000000,0.161852
-1.800000,-2.000000,0.032526
-1.700000,-2.000000,-0.133618
-1.600000,-2.000000,-0.374371
-1.500000,-2.000000,-0.556535
-1.400000,-2.000000,-0.638408
-1.300000,-2.000000,-0.732488
-1.200000,-2.000000,-0.841525
-1.100000,-2.000000,-0.969858
-1.000000,-2.000000,-1.125121
-0.900000,-2.000000,-1.323414
-0.800000,-2.000000,-1.615482
-0.700000,-2.000000,
-0.600000,-2.000000,
-0.500000,-2.000000,
-0.400000,-2.000000,
-0.300000,-2.000000,
-0.200000,-2.000000,
-0.100000,-2.000000,
0.000000,-2.000000,
0.100000,-2.000000,
0.200000,-2.000000,
0.300000,-2.000000,
0.400000,-2.000000,
0.500000,-2.000000,
0.600000,-2.000000,
0.700000,-2.000000,
0.800000,-2.000000,-1.610186
0.900000,-2.000000,-1.320083
1.000000,-2.000000,-1.122498
1.100000,-2.000000,-0.967641
1.200000,-2.000000,-0.839587
1.300000,-2.000000,-0.730761
1.400000,-2.000000,-0.636850
1.500000,-2.000000,-0.555120
1.600000,-2.000000,-0.365038
1.700000,-2.000000,-0.127369
1.800000,-2.000000,0.037535
1.900000,-2.000000,0.166119
2.000000,-2.000000,0.271069
2.100000,-2.000000,0.358610
2.200000,-2.000000,0.432341
2.300000,-2.000000,0.494553
2.400000,-2.000000,0.546798
2.500000,-2.000000,0.590168
2.600000,-2.000000,0.625452
2.700000,-2.000000,0.653223
2.800000,-2.000000,0.640312
2.900000,-2.000000,
3.000000,-2.000000,
3.100000,-2.000000,
3.200000,-2.000000,
3.300000,-2.000000,
3.400000,-2.000000,
3.500000,-2.000000,
-3.500000,-1.900000,
-3.400000,-1.900000,
-3.300000,-1.900000,
-3.200000,-1.900000,
-3.100000,-1.900000,
-3.000000,-1.900000,
-2.900000,-1.900000,0.479583
-2.800000,-1.900000,0.582759
-2.700000,-1.900000,0.560573
-2.600000,-1.900000,0.530761
-2.500000,-1.900000,0.492810
-2.400000,-1.900000,0.446001
-2.300000,-1.900000,0.389323
-2.200000,-1.900000,0.321334
-2.100000,-1.900000,0.239902
-2.000000,-1.900000,0.141690
-1.900000,-1.900000,0.020982
-1.800000,-1.900000,-0.133643
-1.700000,-1.900000,-0.353451
-1.600000,-1.900000,-0.516793
-1.500000,-1.900000,-0.589832
-1.400000,-1.900000,-0.673621
-1.300000,-1.900000,-0.770201
-1.200000,-1.900000,-0.882626
-1.100000,-1.900000,-1.015838
-1.000000,-1.900000,-1.178865
-0.900000,-1.900000,-1.392170
-0.800000,-1.900000,-1.736511
-0.700000,-1.900000,
-0.600000,-1.900000,
-0.500000,-1.900000,-1.674398
-0.400000,-1.900000,-1.553015
-0.300000,-1.900000,-1.478348
-0.200000,-1.900000,-1.431150
-0.100000,-1.900000,-1.404673
0.000000,-1.900000,-1.396112
0.100000,-1.900000,-1.404673
0.200000,-1.900000,-1.431150
0.300000,-1.900000,-1.478348
0.400000,-1.900000,-1.553015
0.500000,-1.900000,-1.674398
0.600000,-1.900000,
0.700000,-1.900000,
0.800000,-1.900000,-1.729793
0.900000,-1.900000,-1.388649
1.000000,-1.900000,-1.176182
1.100000,-1.900000,-1.013603
1.200000,-1.900000,-0.880688
1.300000,-1.900000,-0.768484
1.400000,-1.900000,-0.672079
1.500000,-1.900000,-0.588435
1.600000,-1.900000,-0.515522
1.700000,-1.900000,-0.345009
1.800000,-1.900000,-0.127777
1.900000,-1.900000,0.025726
2.000000,-1.900000,0.145741
2.100000,-1.900000,0.243458
2.200000,-1.900000,0.324504
2.300000,-1.900000,0.392174
2.400000,-1.900000,0.448577
2.500000,-1.900000,0.495142
2.600000,-1.900000,0.532871
2.700000,-1.900000,0.562477
2.800000,-1.900000,0.584467
2.900000,-1.900000,0.479583
3.000000,-1.900000,
3.100000,-1.900000,
3.200000,-1.900000,
3.300000,-1.900000,
3.400000,-1.900000,
3.500000,-1.900000,
-3.500000,-1.800000,
-3.400000,-1.800000,
-3.300000,-1.800000,
-3.200000,-1.800000,
-3.100000,-1.800000,
-3.000000,-1.800000,0.100000
-2.900000,-1.800000,0.495812
-2.800000,-1.800000,0.479752
-2.700000,-1.800000,0.455805
-2.600000,-1.800000,0.423525
-2.500000,-1.800000,0.382252
-2.400000,-1.800000,0.331036
-2.300000,-1.800000,0.268502
-2.200000,-1.800000,0.192596
-2.100000,-1.800000,0.100090
-2.000000,-1.800000,-0.014571
-1.900000,-1.800000,-0.162529
-1.800000,-1.800000,-0.374447
-1.700000,-1.800000,-0.490448
-1.600000,-1.800000,-0.555718
-1.500000,-1.800000,-0.630697
-1.400000,-1.800000,-0.716970
-1.300000,-1.800000,-0.816823
-1.200000,-1.800000,-0.933754
-1.100000,-1.800000,-1.073615
-1.000000,-1.800000,-1.247693
-0.900000,-1.800000,-1.484612
-0.800000,-1.800000,-1.708532
-0.700000,-1.800000,-1.508910
-0.600000,-1.800000,-1.387673
-0.500000,-1.800000,-1.301702
-0.400000,-1.800000,-1.238697
-0.300000,-1.800000,-1.193154
-0.200000,-1.800000,-1.162166
-0.100000,-1.800000,-1.144122
0.000000,-1.800000,-1.138193
0.100000,-1.800000,-1.144122
0.200000,-1.800000,-1.162166
0.300000,-1.800000,-1.193154
0.400000,-1.800000,-1.238697
0.500000,-1.800000,-1.301702
0.600000,-1.800000,-1.387673
0.700000,-1.800000,-1.508910
0.800000,-1.800000,-1.708532
0.900000,-1.800000,-1.480738
1.000000,-1.800000,-1.244906
1.100000,-1.800000,-1.071342
1.200000,-1.800000,-0.931805
1.300000,-1.800000,-0.815108
1.400000,-1.800000,-0.715439
1.500000,-1.800000,-0.629316
1.600000,-1.800000,-0.554466
1.700000,-1.800000,-0.489310
1.800000,-1.800000,-0.366265
1.900000,-1.800000,-0.156869
2.000000,-1.800000,-0.010009
2.100000,-1.800000,0.103974
2.200000,-1.800000,0.195992
2.300000,-1.800000,0.271515
2.400000,-1.800000,0.333732
2.500000,-1.800000,0.384672
2.600000,-1.800000,0.425699
2.700000,-1.800000,0.457753
2.800000,-1.800000,0.481486
2.900000,-1.800000,0.497343
3.000000,-1.800000,0.100000
3.100000,-1.800000,
3.200000,-1.800000,
3.300000,-1.800000,
3.400000,-1.800000,
3.500000,-1.800000,
-3.500000,-1.700000,
-3.400000,-1.700000,
-3.300000,-1.700000,
-3.200000,-1.700000,
-3.100000,-1.700000,
-3.000000,-1.700000,0.386619
-2.900000,-1.700000,0.377346
-2.800000,-1.700000,0.359701
-2.700000,-1.700000,0.333310
-2.600000,-1.700000,0.297562
-2.500000,-1.700000,0.251541
-2.400000,-1.700000,0.193877
-2.300000,-1.700000,0.122482
-2.200000,-1.700000,0.034001
-2.100000,-1.700000,-0.077483
-2.000000,-1.700000,-0.224317
-1.900000,-1.700000,-0.426586
-1.800000,-1.700000,-0.476846
-1.700000,-1.700000,-0.535118
-1.600000,-1.700000,-0.602340
-1.500000,-1.700000,-0.679787
-1.400000,-1.700000,-0.769252
-1.300000,-1.700000,-0.873372
-1.200000,-1.700000,-0.996308
-1.100000,-1.700000,-1.145342
-1.000000,-1.700000,-1.335700
-0.900000,-1.700000,-1.478348
-0.800000,-1.700000,-1.331653
-0.700000,-1.700000,-1.225406
-0.600000,-1.700000,-1.144122
-0.500000,-1.700000,-1.081038
-0.400000,-1.700000,-1.032528
-0.300000,-1.700000,-0.996444
-0.200000,-1.700000,-0.971456
-0.100000,-1.700000,-0.956755
0.000000,-1.700000,-0.951901
0.100000,-1.700000,-0.956755
0.200000,-1.700000,-0.971456
0.300000,-1.700000,-0.996444
0.400000,-1.700000,-1.032528
0.500000,-1.700000,-1.081038
0.600000,-1.700000,-1.144122
0.700000,-1.700000,-1.225406
0.800000,-1.700000,-1.331653
0.900000,-1.700000,-1.478348
1.000000,-1.700000,-1.332730
1.100000,-1.700000,-1.143000
1.200000,-1.700000,-0.994332
1.300000,-1.700000,-0.871651
1.400000,-1.700000,-0.767726
1.500000,-1.700000,-0.678419
1.600000,-1.700000,-0.601105
1.700000,-1.700000,-0.533999
1.800000,-1.700000,-0.475832
1.900000,-1.700000,-0.425667
2.000000,-1.700000,-0.218662
2.100000,-1.700000,-0.073008
2.200000,-1.700000,0.037769
2.300000,-1.700000,0.125748
2.400000,-1.700000,0.196751
2.500000,-1.700000,0.254089
2.600000,-1.700000,0.299827
2.700000,-1.700000,0.335319
2.800000,-1.700000,0.361474
2.900000,-1.700000,0.378893
3.000000,-1.700000,0.387949
3.100000,-1.700000,
3.200000,-1.700000,
3.300000,-1.700000,
3.400000,-1.700000,
3.500000,-1.700000,
-3.500000,-1.600000,
-3.400000,-1.600000,
-3.300000,-1.600000,
-3.200000,-1.600000,
-3.100000,-1.600000,0.248512
-3.000000,-1.600000,0.247279
-2.900000,-1.600000,0.236807
-2.800000,-1.600000,0.216822
-2.700000,-1.600000,0.186768
-2.600000,-1.600000,0.145726
-2.500000,-1.600000,0.092248
-2.400000,-1.600000,0.024030
-2.300000,-1.600000,-0.062793
-2.200000,-1.600000,-0.175463
-2.100000,-1.600000,-0.330824
-2.000000,-1.600000,-0.431441
-1.900000,-1.600000,-0.475664
-1.800000,-1.600000,-0.527497
-1.700000,-1.600000,-0.587726
-1.600000,-1.600000,-0.657407
-1.500000,-1.600000,-0.737995
-1.400000,-1.600000,-0.831577
-1.300000,-1.600000,-0.941310
-1.200000,-1.600000,-1.072384
-1.100000,-1.600000,-1.234503
-1.000000,-1.600000,-1.355051
-0.900000,-1.600000,-1.218847
-0.800000,-1.600000,-1.114880
-0.700000,-1.600000,-1.032528
-0.600000,-1.600000,-0.966532
-0.500000,-1.600000,-0.913862
-0.400000,-1.600000,-0.872622
-0.300000,-1.600000,-0.841576
-0.200000,-1.600000,-0.819906
-0.100000,-1.600000,-0.807096
0.000000,-1.600000,-0.802857
0.100000,-1.600000,-0.807096
0.200000,-1.600000,-0.819906
0.300000,-1.600000,-0.841576
0.400000,-1.600000,-0.872622
0.500000,-1.600000,-0.913862
0.600000,-1.600000,-0.966532
0.700000,-1.600000,-1.032528
0.800000,-1.600000,-1.114880
0.900000,-1.600000,-1.218847
1.000000,-1.600000,-1.355051
1.100000,-1.600000,-1.232041
1.200000,-1.600000,-1.070359
1.300000,-1.600000,-0.939570
1.400000,-1.600000,-0.830048
1.500000,-1.600000,-0.736634
1.600000,-1.600000,-0.656186
1.700000,-1.600000,-0.586626
1.800000,-1.600000,-0.526505
1.900000,-1.600000,-0.474770
2.000000,-1.600000,-0.430638
2.100000,-1.600000,-0.324797
2.200000,-1.600000,-0.170931
2.300000,-1.600000,-0.059068
2.400000,-1.600000,0.027206
2.500000,-1.600000,0.095002
2.600000,-1.600000,0.148132
2.700000,-1.600000,0.188872
2.800000,-1.600000,0.218652
2.900000,-1.600000,0.238381
3.000000,-1.600000,0.248607
3.100000,-1.600000,0.249596
3.200000,-1.600000,
3.300000,-1.600000,
3.400000,-1.600000,
3.500000,-1.600000,
-3.500000,-1.500000,
-3.400000,-1.500000,
-3.300000,-1.500000,
-3.200000,-1.500000,
-3.100000,-1.500000,0.077882
-3.000000,-1.500000,0.076420
-2.900000,-1.500000,0.063973
-2.800000,-1.500000,0.040076
-2.700000,-1.500000,0.003758
-2.600000,-1.500000,-0.046684
-2.500000,-1.500000,-0.114182
-2.400000,-1.500000,-0.204138
-2.300000,-1.500000,-0.328234
-2.200000,-1.500000,-0.416786
-2.100000,-1.500000,-0.448416
-2.000000,-1.500000,-0.486875
-1.900000,-1.500000,-0.532666
-1.800000,-1.500000,-0.586458
-1.700000,-1.500000,-0.649142
-1.600000,-1.500000,-0.721937
-1.500000,-1.500000,-0.806556
-1.400000,-1.500000,-0.905522
-1.300000,-1.500000,-1.022800
-1.200000,-1.500000,-1.165298
-1.100000,-1.500000,-1.280074
-1.000000,-1.500000,-1.144122
-0.900000,-1.500000,-1.037796
-0.800000,-1.500000,-0.951901
-0.700000,-1.500000,-0.881653
-0.600000,-1.500000,-0.824208
-0.500000,-1.500000,-0.777734
-0.400000,-1.500000,-0.741001
-0.300000,-1.500000,-0.713165
-0.200000,-1.500000,-0.693649
-0.100000,-1.500000,-0.682080
0.000000,-1.500000,-0.678247
0.100000,-1.500000,-0.682080
0.200000,-1.500000,-0.693649
0.300000,-1.500000,-0.713165
0.400000,-1.500000,-0.741001
0.500000,-1.500000,-0.777734
0.600000,-1.500000,-0.824208
0.700000,-1.500000,-0.881653
0.800000,-1.500000,-0.951901
0.900000,-1.500000,-1.037796
1.000000,-1.500000,-1.144122
1.100000,-1.500000,-1.280074
1.200000,-1.500000,-1.163187
1.300000,-1.500000,-1.021023
1.400000,-1.500000,-0.903980
1.500000,-1.500000,-0.805197
1.600000,-1.500000,-0.720726
1.700000,-1.500000,-0.648058
1.800000,-1.500000,-0.585487
1.900000,-1.500000,-0.531797
2.000000,-1.500000,-0.486099
2.100000,-1.500000,-0.447729
2.200000,-1.500000,-0.416181
2.300000,-1.500000,-0.323272
2.400000,-1.500000,-0.200302
2.500000,-1.500000,-0.111024
2.600000,-1.500000,-0.044017
2.700000,-1.500000,0.006028
2.800000,-1.500000,0.042005
2.900000,-1.500000,0.065592
3.000000,-1.500000,0.077745
3.100000,-1.500000,0.078919
3.200000,-1.500000,
3.300000,-1.500000,
3.400000,-1.500000,
3.500000,-1.500000,
-3.500000,-1.400000,
-3.400000,-1.400000,
-3.300000,-1.400000,
-3.200000,-1.400000,-0.127100
-3.100000,-1.400000,-0.132305
-3.000000,-1.400000,-0.142670
-2.900000,-1.400000,-0.158278
-2.800000,-1.400000,-0.179258
-2.700000,-1.400000,-0.205791
-2.600000,-1.400000,-0.238116
-2.500000,-1.400000,-0.276543
-2.400000,-1.400000,-0.321472
-2.300000,-1.400000,-0.373415
-2.200000,-1.400000,-0.433035
-2.100000,-1.400000,-0.501200
-2.000000,-1.400000,-0.550754
-1.900000,-1.400000,-0.598499
-1.800000,-1.400000,-0.654748
-1.700000,-1.400000,-0.720544
-1.600000,-1.400000,-0.797340
-1.500000,-1.400000,-0.887233
-1.400000,-1.400000,-0.993425
-1.300000,-1.400000,-1.121238
-1.200000,-1.400000,-1.238697
-1.100000,-1.400000,-1.097798
-1.000000,-1.400000,-0.986374
-0.900000,-1.400000,-0.895340
-0.800000,-1.400000,-0.819906
-0.700000,-1.400000,-0.757191
-0.600000,-1.400000,-0.705323
-0.500000,-1.400000,-0.663024
-0.400000,-1.400000,-0.629397
-0.300000,-1.400000,-0.603809
-0.200000,-1.400000,-0.585818
-0.100000,-1.400000,-0.575134
0.000000,-1.400000,-0.571591
0.100000,-1.400000,-0.575134
0.200000,-1.400000,-0.585818
0.300000,-1.400000,-0.603809
0.400000,-1.400000,-0.629397
0.500000,-1.400000,-0.663024
0.600000,-1.400000,-0.705323
0.700000,-1.400000,-0.757191
0.800000,-1.400000,-0.819906
0.900000,-1.400000,-0.895340
1.000000,-1.400000,-0.986374
1.100000,-1.400000,-1.097798
1.200000,-1.400000,-1.238697
1.300000,-1.400000,-1.119397
1.400000,-1.400000,-0.991857
1.500000,-1.400000,-0.885867
1.600000,-1.400000,-0.796136
1.700000,-1.400000,-0.719475
1.800000,-1.400000,-0.653797
1.900000,-1.400000,-0.597654
2.000000,-1.400000,-0.550006
2.100000,-1.400000,-0.500301
2.200000,-1.400000,-0.432202
2.300000,-1.400000,-0.372638
2.400000,-1.400000,-0.320746
2.500000,-1.400000,-0.275863
2.600000,-1.400000,-0.237479
2.700000,-1.400000,-0.205195
2.800000,-1.400000,-0.178699
2.900000,-1.400000,-0.157755
3.000000,-1.400000,-0.142181
3.100000,-1.400000,-0.131850
3.200000,-1.400000,-0.126677
3.300000,-1.400000,
3.400000,-1.400000,
3.500000,-1.400000,
-3.500000,-1.300000,
-3.400000,-1.300000,
-3.300000,-1.300000,
-3.200000,-1.300000,-0.111532
-3.100000,-1.300000,-0.116695
-3.000000,-1.300000,-0.126978
-2.900000,-1.300000,-0.142460
-2.800000,-1.300000,-0.163267
-2.700000,-1.300000,-0.189576
-2.600000,-1.300000,-0.221619
-2.500000,-1.300000,-0.259698
-2.400000,-1.300000,-0.304202
-2.300000,-1.300000,-0.355626
-2.200000,-1.300000,-0.414611
-2.100000,-1.300000,-0.481990
-2.000000,-1.300000,-0.558878
-1.900000,-1.300000,-0.646800
-1.800000,-1.300000,-0.733772
-1.700000,-1.300000,-0.803590
-1.600000,-1.300000,-0.885650
-1.500000,-1.300000,-0.982659
-1.400000,-1.300000,-1.098979
-1.300000,-1.300000,-1.225406
-1.200000,-1.300000,-1.075520
-1.100000,-1.300000,-0.956755
-1.000000,-1.300000,-0.859212
-0.900000,-1.300000,-0.777734
-0.800000,-1.300000,-0.709238
-0.700000,-1.300000,-0.651720
-0.600000,-1.300000,-0.603809
-0.500000,-1.300000,-0.564530
-0.400000,-1.300000,-0.533184
-0.300000,-1.300000,-0.509264
-0.200000,-1.300000,-0.492413
-0.100000,-1.300000,-0.482393
0.000000,-1.300000,-0.479068
0.100000,-1.300000,-0.482393
0.200000,-1.300000,-0.492413
0.300000,-1.300000,-0.509264
0.400000,-1.300000,-0.533184
0.500000,-1.300000,-0.564530
0.600000,-1.300000,-0.603809
0.700000,-1.300000,-0.651720
0.800000,-1.300000,-0.709238
0.900000,-1.300000,-0.777734
1.000000,-1.300000,-0.859212
1.100000,-1.300000,-0.956755
1.200000,-1.300000,-1.075520
1.300000,-1.300000,-1.225406
1.400000,-1.300000,-1.097361
1.500000,-1.300000,-0.981275
1.600000,-1.300000,-0.884445
1.700000,-1.300000,-0.802532
1.800000,-1.300000,-0.732840
1.900000,-1.300000,-0.645809
2.000000,-1.300000,-0.557971
2.100000,-1.300000,-0.481154
2.200000,-1.300000,-0.413836
2.300000,-1.300000,-0.354906
2.400000,-1.300000,-0.303530
2.500000,-1.300000,-0.259071
2.600000,-1.300000,-0.221033
2.700000,-1.300000,-0.189029
2.800000,-1.300000,-0.162757
2.900000,-1.300000,-0.141984
3.000000,-1.300000,-0.126536
3.100000,-1.300000,-0.116286
3.200000,-1.300000,-0.111155
3.300000,-1.300000,
3.400000,-1.300000,
3.500000,-1.300000,
-3.500000,-1.200000,
-3.400000,-1.200000,
-3.300000,-1.200000,
-3.200000,-1.200000,-0.101124
-3.100000,-1.200000,-0.106260
-3.000000,-1.200000,-0.116488
-2.900000,-1.200000,-0.131887
-2.800000,-1.200000,-0.152581
-2.700000,-1.200000,-0.178742
-2.600000,-1.200000,-0.210599
-2.500000,-1.200000,-0.248450
-2.400000,-1.200000,-0.292674
-2.300000,-1.200000,-0.343758
-2.200000,-1.200000,-0.402326
-2.100000,-1.200000,-0.469192
-2.000000,-1.200000,-0.545440
-1.900000,-1.200000,-0.632548
-1.800000,-1.200000,-0.732614
-1.700000,-1.200000,-0.848785
-1.600000,-1.200000,-0.986167
-1.500000,-1.200000,-1.097060
-1.400000,-1.200000,-1.228613
-1.300000,-1.200000,-1.075520
-1.200000,-1.200000,-0.947070
-1.100000,-1.200000,-0.841576
-1.000000,-1.200000,-0.753124
-0.900000,-1.200000,-0.678247
-0.800000,-1.200000,-0.614717
-0.700000,-1.200000,-0.561013
-0.600000,-1.200000,-0.516059
-0.500000,-1.200000,-0.479068
-0.400000,-1.200000,-0.449466
-0.300000,-1.200000,-0.426831
-0.200000,-1.200000,-0.410863
-0.100000,-1.200000,-0.401359
0.000000,-1.200000,-0.398204
0.100000,-1.200000,-0.401359
0.200000,-1.200000,-0.410863
0.300000,-1.200000,-0.426831
0.400000,-1.200000,-0.449466
0.500000,-1.200000,-0.479068
0.600000,-1.200000,-0.516059
0.700000,-1.200000,-0.561013
0.800000,-1.200000,-0.614717
0.900000,-1.200000,-0.678247
1.000000,-1.200000,-0.753124
1.100000,-1.200000,-0.841576
1.200000,-1.200000,-0.947070
1.300000,-1.200000,-1.075520
1.400000,-1.200000,-1.226902
1.500000,-1.200000,-1.095638
1.600000,-1.200000,-0.984855
1.700000,-1.200000,-0.847643
1.800000,-1.200000,-0.731594
1.900000,-1.200000,-0.631624
2.000000,-1.200000,-0.544596
2.100000,-1.200000,-0.468415
2.200000,-1.200000,-0.401607
2.300000,-1.200000,-0.343091
2.400000,-1.200000,-0.292054
2.500000,-1.200000,-0.247873
2.600000,-1.200000,-0.210062
2.700000,-1.200000,-0.178242
2.800000,-1.200000,-0.152117
2.900000,-1.200000,-0.131458
3.000000,-1.200000,-0.116092
3.100000,-1.200000,-0.105897
3.200000,-1.200000,-0.100792
3.300000,-1.200000,
3.400000,-1.200000,
3.500000,-1.200000,
-3.500000,-1.100000,
-3.400000,-1.100000,
-3.300000,-1.100000,-0.095711
-3.200000,-1.100000,-0.095795
-3.100000,-1.100000,-0.100918
-3.000000,-1.100000,-0.111118
-2.900000,-1.100000,-0.126475
-2.800000,-1.100000,-0.147111
-2.700000,-1.100000,-0.173197
-2.600000,-1.100000,-0.204960
-2.500000,-1.100000,-0.242695
-2.400000,-1.100000,-0.286778
-2.300000,-1.100000,-0.337689
-2.200000,-1.100000,-0.396046
-2.100000,-1.100000,-0.462653
-2.000000,-1.100000,-0.538579
-1.900000,-1.100000,-0.625276
-1.800000,-1.100000,-0.724806
-1.700000,-1.100000,-0.840248
-1.600000,-1.100000,-0.976570
-1.500000,-1.100000,-1.142806
-1.400000,-1.100000,-1.097798
-1.300000,-1.100000,-0.956755
-1.200000,-1.100000,-0.841576
-1.100000,-1.100000,-0.745029
-1.000000,-1.100000,-0.663024
-0.900000,-1.100000,-0.592987
-0.800000,-1.100000,-0.533184
-0.700000,-1.100000,-0.482393
-0.600000,-1.100000,-0.439725
-0.500000,-1.100000,-0.404521
-0.400000,-1.100000,-0.376290
-0.300000,-1.100000,-0.354671
-0.200000,-1.100000,-0.339403
-0.100000,-1.100000,-0.330310
0.000000,-1.100000,-0.327290
0.100000,-1.100000,-0.330310
0.200000,-1.100000,-0.339403
0.300000,-1.100000,-0.354671
0.400000,-1.100000,-0.376290
0.500000,-1.100000,-0.404521
0.600000,-1.100000,-0.439725
0.700000,-1.100000,-0.482393
0.800000,-1.100000,-0.533184
0.900000,-1.100000,-0.592987
1.000000,-1.100000,-0.663024
1.100000,-1.100000,-0.745029
1.200000,-1.100000,-0.841576
1.300000,-1.100000,-0.956755
1.400000,-1.100000,-1.097798
1.500000,-1.100000,-1.141344
1.600000,-1.100000,-0.975346
1.700000,-1.100000,-0.839182
1.800000,-1.100000,-0.723856
1.900000,-1.100000,-0.624416
2.000000,-1.100000,-0.537794
2.100000,-1.100000,-0.461932
2.200000,-1.100000,-0.395381
2.300000,-1.100000,-0.337073
2.400000,-1.100000,-0.286208
2.500000,-1.100000,-0.242167
2.600000,-1.100000,-0.204471
2.700000,-1.100000,-0.172744
2.800000,-1.100000,-0.146693
2.900000,-1.100000,-0.126091
3.000000,-1.100000,-0.110767
3.100000,-1.100000,-0.100599
3.200000,-1.100000,-0.095508
3.300000,-1.100000,-0.095455
3.400000,-1.100000,
3.500000,-1.100000,
-3.500000,-1.000000,
-3.400000,-1.000000,
-3.300000,-1.000000,-0.095421
-3.200000,-1.000000,-0.095506
-3.100000,-1.000000,-0.100628
-3.000000,-1.000000,-0.110826
-2.900000,-1.000000,-0.126180
-2.800000,-1.000000,-0.146813
-2.700000,-1.000000,-0.172895
-2.600000,-1.000000,-0.204654
-2.500000,-1.000000,-0.242382
-2.400000,-1.000000,-0.286457
-2.300000,-1.000000,-0.337358
-2.200000,-1.000000,-0.395704
-2.100000,-1.000000,-0.462298
-2.000000,-1.000000,-0.538206
-1.900000,-1.000000,-0.624881
-1.800000,-1.000000,-0.724382
-1.700000,-1.000000,-0.839785
-1.600000,-1.000000,-0.976049
-1.500000,-1.000000,-1.057689
-1.400000,-1.000000,-0.986374
-1.300000,-1.000000,-0.859212
-1.200000,-1.000000,-0.753124
-1.100000,-1.000000,-0.663024
-1.000000,-1.000000,-0.585818
-0.900000,-1.000000,-0.519468
-0.800000,-1.000000,-0.462551
-0.700000,-1.000000,-0.414043
-0.600000,-1.000000,-0.373184
-0.500000,-1.000000,-0.339403
-0.400000,-1.000000,-0.312272
-0.300000,-1.000000,-0.291470
-0.200000,-1.000000,-0.276767
-0.100000,-1.000000,-0.268005
0.000000,-1.000000,-0.265095
0.100000,-1.000000,-0.268005
0.200000,-1.000000,-0.276767
0.300000,-1.000000,-0.291470
0.400000,-1.000000,-0.312272
0.500000,-1.000000,-0.339403
0.600000,-1.000000,-0.373184
0.700000,-1.000000,-0.414043
0.800000,-1.000000,-0.462551
0.900000,-1.000000,-0.519468
1.000000,-1.000000,-0.585818
1.100000,-1.000000,-0.663024
1.200000,-1.000000,-0.753124
1.300000,-1.000000,-0.859212
1.400000,-1.000000,-0.986374
1.500000,-1.000000,-1.057279
1.600000,-1.000000,-0.974906
1.700000,-1.000000,-0.838790
1.800000,-1.000000,-0.723496
1.900000,-1.000000,-0.624081
2.000000,-1.000000,-0.537478
2.100000,-1.000000,-0.461631
2.200000,-1.000000,-0.395091
2.300000,-1.000000,-0.336793
2.400000,-1.000000,-0.285936
2.500000,-1.000000,-0.241901
2.600000,-1.000000,-0.204211
2.700000,-1.000000,-0.172488
2.800000,-1.000000,-0.146441
2.900000,-1.000000,-0.125841
3.000000,-1.000000,-0.110519
3.100000,-1.000000,-0.100353
3.200000,-1.000000,-0.095262
3.300000,-1.000000,-0.095209
3.400000,-1.000000,
3.500000,-1.000000,
-3.500000,-0.900000,
-3.400000,-0.900000,
-3.300000,-0.900000,-0.100167
-3.200000,-0.900000,-0.100252
-3.100000,-0.900000,-0.105386
-3.000000,-0.900000,-0.115609
-2.900000,-0.900000,-0.131001
-2.800000,-0.900000,-0.151685
-2.700000,-0.900000,-0.177834
-2.600000,-0.900000,-0.209676
-2.500000,-0.900000,-0.247508
-2.400000,-0.900000,-0.291709
-2.300000,-0.900000,-0.342764
-2.200000,-0.900000,-0.401298
-2.100000,-0.900000,-0.468122
-2.000000,-0.900000,-0.544317
-1.900000,-0.900000,-0.631357
-1.800000,-0.900000,-0.731334
-1.700000,-0.900000,-0.847386
-1.600000,-0.900000,-0.918992
-1.500000,-0.900000,-0.982380
-1.400000,-0.900000,-0.895340
-1.300000,-0.900000,-0.777734
-1.200000,-0.900000,-0.678247
-1.100000,-0.900000,-0.592987
-1.000000,-0.900000,-0.519468
-0.900000,-0.900000,-0.455995
-0.800000,-0.900000,-0.401359
-0.700000,-0.900000,-0.354671
-0.600000,-0.900000,-0.315264
-0.500000,-0.900000,-0.282633
-0.400000,-0.900000,-0.256393
-0.300000,-0.900000,-0.236256
-0.200000,-0.900000,-0.222013
-0.100000,-0.900000,-0.213523
0.000000,-0.900000,-0.210701
0.100000,-0.900000,-0.213523
0.200000,-0.900000,-0.222013
0.300000,-0.900000,-0.236256
0.400000,-0.900000,-0.256393
0.500000,-0.900000,-0.282633
0.600000,-0.900000,-0.315264
0.700000,-0.900000,-0.354671
0.800000,-0.900000,-0.401359
0.900000,-0.900000,-0.455995
1.000000,-0.900000,-0.519468
1.100000,-0.900000,-0.592987
1.200000,-0.900000,-0.678247
1.300000,-0.900000,-0.777734
1.400000,-0.900000,-0.895340
1.500000,-0.900000,-0.982026
1.600000,-0.900000,-0.918650
1.700000,-0.900000,-0.846457
1.800000,-0.900000,-0.730510
1.900000,-0.900000,-0.630615
2.000000,-0.900000,-0.543644
2.100000,-0.900000,-0.467508
2.200000,-0.900000,-0.400735
2.300000,-0.900000,-0.342249
2.400000,-0.900000,-0.291236
2.500000,-0.900000,-0.247075
2.600000,-0.900000,-0.209280
2.700000,-0.900000,-0.177473
2.800000,-0.900000,-0.151358
2.900000,-0.900000,-0.130707
3.000000,-0.900000,-0.115347
3.100000,-0.900000,-0.105156
3.200000,-0.900000,-0.100053
3.300000,-0.900000,-0.099999
3.400000,-0.900000,
3.500000,-0.900000,
-3.500000,-0.800000,
-3.400000,-0.800000,-0.114974
-3.300000,-0.800000,-0.109986
-3.200000,-0.800000,-0.110071
-3.100000,-0.800000,-0.115231
-3.000000,-0.800000,-0.125505
-2.900000,-0.800000,-0.140976
-2.800000,-0.800000,-0.161767
-2.700000,-0.800000,-0.188055
-2.600000,-0.800000,-0.220072
-2.500000,-0.800000,-0.258119
-2.400000,-0.800000,-0.302584
-2.300000,-0.800000,-0.353960
-2.200000,-0.800000,-0.412885
-2.100000,-0.800000,-0.480192
-2.000000,-0.800000,-0.556990
-1.900000,-0.800000,-0.644796
-1.800000,-0.800000,-0.745778
-1.700000,-0.800000,-0.804623
-1.600000,-0.800000,-0.856831
-1.500000,-0.800000,-0.917567
-1.400000,-0.800000,-0.819906
-1.300000,-0.800000,-0.709238
-1.200000,-0.800000,-0.614717
-1.100000,-0.800000,-0.533184
-1.000000,-0.800000,-0.462551
-0.900000,-0.800000,-0.401359
-0.800000,-0.800000,-0.348547
-0.700000,-0.800000,-0.303325
-0.600000,-0.800000,-0.265095
-0.500000,-0.800000,-0.233398
-0.400000,-0.800000,-0.207885
-0.300000,-0.800000,-0.188292
-0.200000,-0.800000,-0.174426
-0.100000,-0.800000,-0.166158
0.000000,-0.800000,-0.163410
0.100000,-0.800000,-0.166158
0.200000,-0.800000,-0.174426
0.300000,-0.800000,-0.188292
0.400000,-0.800000,-0.207885
0.500000,-0.800000,-0.233398
0.600000,-0.800000,-0.265095
0.700000,-0.800000,-0.303325
0.800000,-0.800000,-0.348547
0.900000,-0.800000,-0.401359
1.000000,-0.800000,-0.462551
1.100000,-0.800000,-0.533184
1.200000,-0.800000,-0.614717
1.300000,-0.800000,-0.709238
1.400000,-0.800000,-0.819906
1.500000,-0.800000,-0.917262
1.600000,-0.800000,-0.856534
1.700000,-0.800000,-0.804334
1.800000,-0.800000,-0.745013
1.900000,-0.800000,-0.644111
2.000000,-0.800000,-0.556371
2.100000,-0.800000,-0.479630
2.200000,-0.800000,-0.412373
2.300000,-0.800000,-0.353493
2.400000,-0.800000,-0.302158
2.500000,-0.800000,-0.257733
2.600000,-0.800000,-0.219722
2.700000,-0.800000,-0.187740
2.800000,-0.800000,-0.161485
2.900000,-0.800000,-0.140726
3.000000,-0.800000,-0.125288
3.100000,-0.800000,-0.115045
3.200000,-0.800000,-0.109917
3.300000,-0.800000,-0.109863
3.400000,-0.800000,-0.114883
3.500000,-0.800000,
-3.500000,-0.700000,
-3.400000,-0.700000,-0.129979
-3.300000,-0.700000,-0.124953
-3.200000,-0.700000,-0.125039
-3.100000,-0.700000,-0.130238
-3.000000,-0.700000,-0.140592
-2.900000,-0.700000,-0.156184
-2.800000,-0.700000,-0.177141
-2.700000,-0.700000,-0.203644
-2.600000,-0.700000,-0.235931
-2.500000,-0.700000,-0.274312
-2.400000,-0.700000,-0.319184
-2.300000,-0.700000,-0.371058
-2.200000,-0.700000,-0.430593
-2.100000,-0.700000,-0.498652
-2.000000,-0.700000,-0.576390
-1.900000,-0.700000,-0.665398
-1.800000,-0.700000,-0.709652
-1.700000,-0.700000,-0.752783
-1.600000,-0.700000,-0.803300
-1.500000,-0.700000,-0.861929
-1.400000,-0.700000,-0.757191
-1.300000,-0.700000,-0.651720
-1.200000,-0.700000,-0.561013
-1.100000,-0.700000,-0.482393
-1.000000,-0.700000,-0.414043
-0.900000,-0.700000,-0.354671
-0.800000,-0.700000,-0.303325
-0.700000,-0.700000,-0.259288
-0.600000,-0.700000,-0.222013
-0.500000,-0.700000,-0.191078
-0.400000,-0.700000,-0.166158
-0.300000,-0.700000,-0.147010
-0.200000,-0.700000,-0.133454
-0.100000,-0.700000,-0.125368
0.000000,-0.700000,-0.122680
0.100000,-0.700000,-0.125368
0.200000,-0.700000,-0.133454
0.300000,-0.700000,-0.147010
0.400000,-0.700000,-0.166158
0.500000,-0.700000,-0.191078
0.600000,-0.700000,-0.222013
0.700000,-0.700000,-0.259288
0.800000,-0.700000,-0.303325
0.900000,-0.700000,-0.354671
1.000000,-0.700000,-0.414043
1.100000,-0.700000,-0.482393
1.200000,-0.700000,-0.561013
1.300000,-0.700000,-0.651720
1.400000,-0.700000,-0.757191
1.500000,-0.700000,-0.861666
1.600000,-0.700000,-0.803044
1.700000,-0.700000,-0.752532
1.800000,-0.700000,-0.709405
1.900000,-0.700000,-0.664768
2.000000,-0.700000,-0.575825
2.100000,-0.700000,-0.498142
2.200000,-0.700000,-0.430132
2.300000,-0.700000,-0.370641
2.400000,-0.700000,-0.318807
2.500000,-0.700000,-0.273972
2.600000,-0.700000,-0.235627
2.700000,-0.700000,-0.203375
2.800000,-0.700000,-0.176905
2.900000,-0.700000,-0.155980
3.000000,-0.700000,-0.140420
3.100000,-0.700000,-0.130098
3.200000,-0.700000,-0.124930
3.300000,-0.700000,-0.124876
3.400000,-0.700000,-0.129935
3.500000,-0.700000,
-3.500000,-0.600000,
-3.400000,-0.600000,-0.150267
-3.300000,-0.600000,-0.145188
-3.200000,-0.600000,-0.145275
-3.100000,-0.600000,-0.150529
-3.000000,-0.600000,-0.160992
-2.900000,-0.600000,-0.176750
-2.800000,-0.600000,-0.197936
-2.700000,-0.600000,-0.224736
-2.600000,-0.600000,-0.257396
-2.500000,-0.600000,-0.296238
-2.400000,-0.600000,-0.341675
-2.300000,-0.600000,-0.394239
-2.200000,-0.600000,-0.454621
-2.100000,-0.600000,-0.523729
-2.000000,-0.600000,-0.601779
-1.900000,-0.600000,-0.630961
-1.800000,-0.600000,-0.666373
-1.700000,-0.600000,-0.708403
-1.600000,-0.600000,-0.757559
-1.500000,-0.600000,-0.814501
-1.400000,-0.600000,-0.705323
-1.300000,-0.600000,-0.603809
-1.200000,-0.600000,-0.516059
-1.100000,-0.600000,-0.439725
-1.000000,-0.600000,-0.373184
-0.900000,-0.600000,-0.315264
-0.800000,-0.600000,-0.265095
-0.700000,-0.600000,-0.222013
-0.600000,-0.600000,-0.185510
-0.500000,-0.600000,-0.155192
-0.400000,-0.600000,-0.130755
-0.300000,-0.600000,-0.111968
-0.200000,-0.600000,-0.098664
-0.100000,-0.600000,-0.090727
0.000000,-0.600000,-0.088088
0.100000,-0.600000,-0.090727
0.200000,-0.600000,-0.098664
0.300000,-0.600000,-0.111968
0.400000,-0.600000,-0.130755
0.500000,-0.600000,-0.155192
0.600000,-0.600000,-0.185510
0.700000,-0.600000,-0.222013
0.800000,-0.600000,-0.265095
0.900000,-0.600000,-0.315264
1.000000,-0.600000,-0.373184
1.100000,-0.600000,-0.439725
1.200000,-0.600000,-0.516059
1.300000,-0.600000,-0.603809
1.400000,-0.600000,-0.705323
1.500000,-0.600000,-0.814277
1.600000,-0.600000,-0.757340
1.700000,-0.600000,-0.708188
1.800000,-0.600000,-0.666160
1.900000,-0.600000,-0.630751
2.000000,-0.600000,-0.601570
2.100000,-0.600000,-0.523270
2.200000,-0.600000,-0.454210
2.300000,-0.600000,-0.393871
2.400000,-0.600000,-0.341346
2.500000,-0.600000,-0.295946
2.600000,-0.600000,-0.257139
2.700000,-0.600000,-0.224513
2.800000,-0.600000,-0.197747
2.900000,-0.600000,-0.176593
3.000000,-0.600000,-0.160867
3.100000,-0.600000,-0.150435
3.200000,-0.600000,-0.145213
3.300000,-0.600000,-0.145158
3.400000,-0.600000,-0.150270
3.500000,-0.600000,
-3.500000,-0.500000,
-3.400000,-0.500000,-0.176006
-3.300000,-0.500000,-0.170859
-3.200000,-0.500000,-0.170947
-3.100000,-0.500000,-0.176271
-3.000000,-0.500000,-0.186877
-2.900000,-0.500000,-0.202852
-2.800000,-0.500000,-0.224335
-2.700000,-0.500000,-0.251521
-2.600000,-0.500000,-0.284667
-2.500000,-0.500000,-0.324111
-2.400000,-0.500000,-0.370287
-2.300000,-0.500000,-0.423758
-2.200000,-0.500000,-0.485255
-2.100000,-0.500000,-0.543650
-2.000000,-0.500000,-0.566460
-1.900000,-0.500000,-0.595072
-1.800000,-0.500000,-0.629768
-1.700000,-0.500000,-0.670911
-1.600000,-0.500000,-0.718973
-1.500000,-0.500000,-0.774567
-1.400000,-0.500000,-0.663024
-1.300000,-0.500000,-0.564530
-1.200000,-0.500000,-0.479068
-1.100000,-0.500000,-0.404521
-1.000000,-0.500000,-0.339403
-0.900000,-0.500000,-0.282633
-0.800000,-0.500000,-0.233398
-0.700000,-0.500000,-0.191078
-0.600000,-0.500000,-0.155192
-0.500000,-0.500000,-0.125368
-0.400000,-0.500000,-0.101318
-0.300000,-0.500000,-0.082822
-0.200000,-0.500000,-0.069721
-0.100000,-0.500000,-0.061902
0.000000,-0.500000,-0.059303
0.100000,-0.500000,-0.061902
0.200000,-0.500000,-0.069721
0.300000,-0.500000,-0.082822
0.400000,-0.500000,-0.101318
0.500000,-0.500000,-0.125368
0.600000,-0.500000,-0.155192
0.700000,-0.500000,-0.191078
0.800000,-0.500000,-0.233398
0.900000,-0.500000,-0.282633
1.000000,-0.500000,-0.339403
1.100000,-0.500000,-0.404521
1.200000,-0.500000,-0.479068
1.300000,-0.500000,-0.564530
1.400000,-0.500000,-0.663024
1.500000,-0.500000,-0.774379
1.600000,-0.500000,-0.718789
1.700000,-0.500000,-0.670729
1.800000,-0.500000,-0.629588
1.900000,-0.500000,-0.594893
2.000000,-0.500000,-0.566282
2.100000,-0.500000,-0.543471
2.200000,-0.500000,-0.484895
2.300000,-0.500000,-0.423440
2.400000,-0.500000,-0.370008
2.500000,-0.500000,-0.323868
2.600000,-0.500000,-0.284459
2.700000,-0.500000,-0.251346
2.800000,-0.500000,-0.224193
2.900000,-0.500000,-0.202742
3.000000,-0.500000,-0.186799
3.100000,-0.500000,-0.176225
3.200000,-0.500000,-0.170933
3.300000,-0.500000,-0.170878
3.400000,-0.500000,-0.176059
3.500000,-0.500000,
-3.500000,-0.400000,
-3.400000,-0.400000,-0.207420
-3.300000,-0.400000,-0.202187
-3.200000,-0.400000,-0.202276
-3.100000,-0.400000,-0.207690
-3.000000,-0.400000,-0.218474
-2.900000,-0.400000,-0.234722
-2.800000,-0.400000,-0.256580
-2.700000,-0.400000,-0.284253
-2.600000,-0.400000,-0.318014
-2.500000,-0.400000,-0.358220
-2.400000,-0.400000,-0.405334
-2.300000,-0.400000,-0.459959
-2.200000,-0.400000,-0.497736
-2.100000,-0.400000,-0.514694
-2.000000,-0.400000,-0.537151
-1.900000,-0.400000,-0.565308
-1.800000,-0.400000,-0.599431
-1.700000,-0.400000,-0.639867
-1.600000,-0.400000,-0.687061
-1.500000,-0.400000,-0.741001
-1.400000,-0.400000,-0.629397
-1.300000,-0.400000,-0.533184
-1.200000,-0.400000,-0.449466
-1.100000,-0.400000,-0.376290
-1.000000,-0.400000,-0.312272
-0.900000,-0.400000,-0.256393
-0.800000,-0.400000,-0.207885
-0.700000,-0.400000,-0.166158
-0.600000,-0.400000,-0.130755
-0.500000,-0.400000,-0.101318
-0.400000,-0.400000,-0.077571
-0.300000,-0.400000,-0.059303
-0.200000,-0.400000,-0.046361
-0.100000,-0.400000,-0.038637
0.000000,-0.400000,-0.036069
0.100000,-0.400000,-0.038637
0.200000,-0.400000,-0.046361
0.300000,-0.400000,-0.059303
0.400000,-0.400000,-0.077571
0.500000,-0.400000,-0.101318
0.600000,-0.400000,-0.130755
0.700000,-0.400000,-0.166158
0.800000,-0.400000,-0.207885
0.900000,-0.400000,-0.256393
1.000000,-0.400000,-0.312272
1.100000,-0.400000,-0.376290
1.200000,-0.400000,-0.449466
1.300000,-0.400000,-0.533184
1.400000,-0.400000,-0.629397
1.500000,-0.400000,-0.741001
1.600000,-0.400000,-0.686909
1.700000,-0.400000,-0.639717
1.800000,-0.400000,-0.599282
1.900000,-0.400000,-0.565159
2.000000,-0.400000,-0.537002
2.100000,-0.400000,-0.514545
2.200000,-0.400000,-0.497587
2.300000,-0.400000,-0.459694
2.400000,-0.400000,-0.405107
2.500000,-0.400000,-0.358028
2.600000,-0.400000,-0.317856
2.700000,-0.400000,-0.284129
2.800000,-0.400000,-0.256488
2.900000,-0.400000,-0.234662
3.000000,-0.400000,-0.218446
3.100000,-0.400000,-0.207694
3.200000,-0.400000,-0.202313
3.300000,-0.400000,-0.202257
3.400000,-0.400000,-0.207524
3.500000,-0.400000,
-3.500000,-0.300000,
-3.400000,-0.300000,-0.244801
-3.300000,-0.300000,-0.239461
-3.200000,-0.300000,-0.239552
-3.100000,-0.300000,-0.245076
-3.000000,-0.300000,-0.256080
-2.900000,-0.300000,-0.272666
-2.800000,-0.300000,-0.294988
-2.700000,-0.300000,-0.323264
-2.600000,-0.300000,-0.357788
-2.500000,-0.300000,-0.398943
-2.400000,-0.300000,-0.447230
-2.300000,-0.300000,-0.463174
-2.200000,-0.300000,-0.474641
-2.100000,-0.300000,-0.491394
-2.000000,-0.300000,-0.513574
-1.900000,-0.300000,-0.541374
-1.800000,-0.300000,-0.575051
-1.700000,-0.300000,-0.614937
-1.600000,-0.300000,-0.661456
-1.500000,-0.300000,-0.713165
-1.400000,-0.300000,-0.603809
-1.300000,-0.300000,-0.509264
-1.200000,-0.300000,-0.426831
-1.100000,-0.300000,-0.354671
-1.000000,-0.300000,-0.291470
-0.900000,-0.300000,-0.236256
-0.800000,-0.300000,-0.188292
-0.700000,-0.300000,-0.147010
-0.600000,-0.300000,-0.111968
-0.500000,-0.300000,-0.082822
-0.400000,-0.300000,-0.059303
-0.300000,-0.300000,-0.041208
-0.200000,-0.300000,-0.028385
-0.100000,-0.300000,-0.020731
0.000000,-0.300000,-0.018187
0.100000,-0.300000,-0.020731
0.200000,-0.300000,-0.028385
0.300000,-0.300000,-0.041208
0.400000,-0.300000,-0.059303
0.500000,-0.300000,-0.082822
0.600000,-0.300000,-0.111968
0.700000,-0.300000,-0.147010
0.800000,-0.300000,-0.188292
0.900000,-0.300000,-0.236256
1.000000,-0.300000,-0.291470
1.100000,-0.300000,-0.354671
1.200000,-0.300000,-0.426831
1.300000,-0.300000,-0.509264
1.400000,-0.300000,-0.603809
1.500000,-0.300000,-0.713165
1.600000,-0.300000,-0.661335
1.700000,-0.300000,-0.614816
1.800000,-0.300000,-0.574931
1.900000,-0.300000,-0.541254
2.000000,-0.300000,-0.513453
2.100000,-0.300000,-0.491273
2.200000,-0.300000,-0.474519
2.300000,-0.300000,-0.463051
2.400000,-0.300000,-0.447057
2.500000,-0.300000,-0.398805
2.600000,-0.300000,-0.357684
2.700000,-0.300000,-0.323193
2.800000,-0.300000,-0.294948
2.900000,-0.300000,-0.272658
3.000000,-0.300000,-0.256105
3.100000,-0.300000,-0.245133
3.200000,-0.300000,-0.239642
3.300000,-0.300000,-0.239585
3.400000,-0.300000,-0.244960
3.500000,-0.300000,
-3.500000,-0.200000,
-3.400000,-0.200000,-0.288520
-3.300000,-0.200000,-0.283050
-3.200000,-0.200000,-0.283144
-3.100000,-0.200000,-0.288802
-3.000000,-0.200000,-0.300076
-2.900000,-0.200000,-0.317074
-2.800000,-0.200000,-0.339965
-2.700000,-0.200000,-0.368983
-2.600000,-0.200000,-0.404447
-2.500000,-0.200000,-0.438241
-2.400000,-0.200000,-0.439362
-2.300000,-0.200000,-0.445580
-2.200000,-0.200000,-0.456943
-2.100000,-0.200000,-0.473543
-2.000000,-0.200000,-0.495516
-1.900000,-0.200000,-0.523050
-1.800000,-0.200000,-0.556393
-1.700000,-0.200000,-0.595867
-1.600000,-0.200000,-0.641883
-1.500000,-0.200000,-0.693649
-1.400000,-0.200000,-0.585818
-1.300000,-0.200000,-0.492413
-1.200000,-0.200000,-0.410863
-1.100000,-0.200000,-0.339403
-1.000000,-0.200000,-0.276767
-0.900000,-0.200000,-0.222013
-0.800000,-0.200000,-0.174426
-0.700000,-0.200000,-0.133454
-0.600000,-0.200000,-0.098664
-0.500000,-0.200000,-0.069721
-0.400000,-0.200000,-0.046361
-0.300000,-0.200000,-0.028385
-0.200000,-0.200000,-0.015646
-0.100000,-0.200000,-0.008041
0.000000,-0.200000,-0.005513
0.100000,-0.200000,-0.008041
0.200000,-0.200000,-0.015646
0.300000,-0.200000,-0.028385
0.400000,-0.200000,-0.046361
0.500000,-0.200000,-0.069721
0.600000,-0.200000,-0.098664
0.700000,-0.200000,-0.133454
0.800000,-0.200000,-0.174426
0.900000,-0.200000,-0.222013
1.000000,-0.200000,-0.276767
1.100000,-0.200000,-0.339403
1.200000,-0.200000,-0.410863
1.300000,-0.200000,-0.492413
1.400000,-0.200000,-0.585818
1.500000,-0.200000,-0.693649
1.600000,-0.200000,-0.641792
1.700000,-0.200000,-0.595775
1.800000,-0.200000,-0.556301
1.900000,-0.200000,-0.522957
2.000000,-0.200000,-0.495423
2.100000,-0.200000,-0.473449
2.200000,-0.200000,-0.456848
2.300000,-0.200000,-0.445484
2.400000,-0.200000,-0.439264
2.500000,-0.200000,-0.438142
2.600000,-0.200000,-0.404399
2.700000,-0.200000,-0.368967
2.800000,-0.200000,-0.339981
2.900000,-0.200000,-0.317123
3.000000,-0.200000,-0.300156
3.100000,-0.200000,-0.288915
3.200000,-0.200000,-0.283291
3.300000,-0.200000,-0.283232
3.400000,-0.200000,-0.288738
3.500000,-0.200000,
-3.500000,-0.100000,
-3.400000,-0.100000,-0.339054
-3.300000,-0.100000,-0.333427
-3.200000,-0.100000,-0.333523
-3.100000,-0.100000,-0.339344
-3.000000,-0.100000,-0.350948
-2.900000,-0.100000,-0.368450
-2.800000,-0.100000,-0.392036
-2.700000,-0.100000,-0.421963
-2.600000,-0.100000,-0.429856
-2.500000,-0.100000,-0.425914
-2.400000,-0.100000,-0.427028
-2.300000,-0.100000,-0.433207
-2.200000,-0.100000,-0.444499
-2.100000,-0.100000,-0.460993
-2.000000,-0.100000,-0.482822
-1.900000,-0.100000,-0.510171
-1.800000,-0.100000,-0.543284
-1.700000,-0.100000,-0.582474
-1.600000,-0.100000,-0.628143
-1.500000,-0.100000,-0.680806
-1.400000,-0.100000,-0.575134
-1.300000,-0.100000,-0.482393
-1.200000,-0.100000,-0.401359
-1.100000,-0.100000,-0.330310
-1.000000,-0.100000,-0.268005
-0.900000,-0.100000,-0.213523
-0.800000,-0.100000,-0.166158
-0.700000,-0.100000,-0.125368
-0.600000,-0.100000,-0.090727
-0.500000,-0.100000,-0.061902
-0.400000,-0.100000,-0.038637
-0.300000,-0.100000,-0.020731
-0.200000,-0.100000,-0.008041
-0.100000,-0.100000,-0.000466
0.000000,-0.100000,0.002052
0.100000,-0.100000,-0.000466
0.200000,-0.100000,-0.008041
0.300000,-0.100000,-0.020731
0.400000,-0.100000,-0.038637
0.500000,-0.100000,-0.061902
0.600000,-0.100000,-0.090727
0.700000,-0.100000,-0.125368
0.800000,-0.100000,-0.166158
0.900000,-0.100000,-0.213523
1.000000,-0.100000,-0.268005
1.100000,-0.100000,-0.330310
1.200000,-0.100000,-0.401359
1.300000,-0.100000,-0.482393
1.400000,-0.100000,-0.575134
1.500000,-0.100000,-0.680745
1.600000,-0.100000,-0.628081
1.700000,-0.100000,-0.582410
1.800000,-0.100000,-0.543220
1.900000,-0.100000,-0.510106
2.000000,-0.100000,-0.482755
2.100000,-0.100000,-0.460925
2.200000,-0.100000,-0.444430
2.300000,-0.100000,-0.433137
2.400000,-0.100000,-0.426956
2.500000,-0.100000,-0.425841
2.600000,-0.100000,-0.429781
2.700000,-0.100000,-0.422008
2.800000,-0.100000,-0.392112
2.900000,-0.100000,-0.368559
3.000000,-0.100000,-0.351088
3.100000,-0.100000,-0.339518
3.200000,-0.100000,-0.333732
3.300000,-0.100000,-0.333671
3.400000,-0.100000,-0.339336
3.500000,-0.100000,
-3.500000,0.000000,
-3.400000,0.000000,-0.397017
-3.300000,0.000000,-0.391197
-3.200000,0.000000,-0.391297
-3.100000,0.000000,-0.397317
-3.000000,0.000000,-0.409322
-2.900000,0.000000,-0.427442
-2.800000,0.000000,-0.445748
-2.700000,0.000000,-0.431614
-2.600000,0.000000,-0.422619
-2.500000,0.000000,-0.418691
-2.400000,0.000000,-0.419801
-2.300000,0.000000,-0.425957
-2.200000,0.000000,-0.437207
-2.100000,0.000000,-0.453639
-2.000000,0.000000,-0.475386
-1.900000,0.000000,-0.502628
-1.800000,0.000000,-0.535607
-1.700000,0.000000,-0.574633
-1.600000,0.000000,-0.620101
-1.500000,0.000000,-0.672520
-1.400000,0.000000,-0.571591
-1.300000,0.000000,-0.479068
-1.200000,0.000000,-0.398204
-1.100000,0.000000,-0.327290
-1.000000,0.000000,-0.265095
-0.900000,0.000000,-0.210701
-0.800000,0.000000,-0.163410
-0.700000,0.000000,-0.122680
-0.600000,0.000000,-0.088088
-0.500000,0.000000,-0.059303
-0.400000,0.000000,-0.036069
-0.300000,0.000000,-0.018187
-0.200000,0.000000,-0.005513
-0.100000,0.000000,0.002052
0.000000,0.000000,0.004568
0.100000,0.000000,0.002052
0.200000,0.000000,-0.005513
0.300000,0.000000,-0.018187
0.400000,0.000000,-0.036069
0.500000,0.000000,-0.059303
0.600000,0.000000,-0.088088
0.700000,0.000000,-0.122680
0.800000,0.000000,-0.163410
0.900000,0.000000,-0.210701
1.000000,0.000000,-0.265095
1.100000,0.000000,-0.327290
1.200000,0.000000,-0.398204
1.300000,0.000000,-0.479068
1.400000,0.000000,-0.571591
1.500000,0.000000,-0.672488
1.600000,0.000000,-0.620067
1.700000,0.000000,-0.574597
1.800000,0.000000,-0.535570
1.900000,0.000000,-0.502589
2.000000,0.000000,-0.475346
2.100000,0.000000,-0.453598
2.200000,0.000000,-0.437164
2.300000,0.000000,-0.425913
2.400000,0.000000,-0.419755
2.500000,0.000000,-0.418643
2.600000,0.000000,-0.422569
2.700000,0.000000,-0.431563
2.800000,0.000000,-0.445695
2.900000,0.000000,-0.427616
3.000000,0.000000,-0.409529
3.100000,0.000000,-0.397558
3.200000,0.000000,-0.391573
3.300000,0.000000,-0.391510
3.400000,0.000000,-0.397369
3.500000,0.000000,
-3.500000,0.100000,
-3.400000,0.100000,-0.463205
-3.300000,0.100000,-0.457148
-3.200000,0.100000,-0.457252
-3.100000,0.100000,-0.463517
-3.000000,0.100000,-0.476017
-2.900000,0.100000,-0.462904
-2.800000,0.100000,-0.443543
-2.700000,0.100000,-0.429425
-2.600000,0.100000,-0.420439
-2.500000,0.100000,-0.416516
-2.400000,0.100000,-0.417624
-2.300000,0.100000,-0.423774
-2.200000,0.100000,-0.435012
-2.100000,0.100000,-0.451425
-2.000000,0.100000,-0.473146
-1.900000,0.100000,-0.500357
-1.800000,0.100000,-0.533296
-1.700000,0.100000,-0.572272
-1.600000,0.100000,-0.617681
-1.500000,0.100000,-0.670027
-1.400000,0.100000,-0.575134
-1.300000,0.100000,-0.482393
-1.200000,0.100000,-0.401359
-1.100000,0.100000,-0.330310
-1.000000,0.100000,-0.268005
-0.900000,0.100000,-0.213523
-0.800000,0.100000,-0.166158
-0.700000,0.100000,-0.125368
-0.600000,0.100000,-0.090727
-0.500000,0.100000,-0.061902
-0.400000,0.100000,-0.038637
-0.300000,0.100000,-0.020731
-0.200000,0.100000,-0.008041
-0.100000,0.100000,-0.000466
0.000000,0.100000,0.002052
0.100000,0.100000,-0.000466
0.200000,0.100000,-0.008041
0.300000,0.100000,-0.020731
0.400000,0.100000,-0.038637
0.500000,0.100000,-0.061902
0.600000,0.100000,-0.090727
0.700000,0.100000,-0.125368
0.800000,0.100000,-0.166158
0.900000,0.100000,-0.213523
1.000000,0.100000,-0.268005
1.100000,0.100000,-0.330310
1.200000,0.100000,-0.401359
1.300000,0.100000,-0.482393
1.400000,0.100000,-0.575134
1.500000,0.100000,-0.670023
1.600000,0.100000,-0.617675
1.700000,0.100000,-0.572264
1.800000,0.100000,-0.533286
1.900000,0.100000,-0.500345
2.000000,0.100000,-0.473133
2.100000,0.100000,-0.451410
2.200000,0.100000,-0.434994
2.300000,0.100000,-0.423755
2.400000,0.100000,-0.417604
2.500000,0.100000,-0.416493
2.600000,0.100000,-0.420415
2.700000,0.100000,-0.429399
2.800000,0.100000,-0.443515
2.900000,0.100000,-0.462875
3.000000,0.100000,-0.476297
3.100000,0.100000,-0.463832
3.200000,0.100000,-0.457603
3.300000,0.100000,-0.457537
3.400000,0.100000,-0.463635
3.500000,0.100000,
-3.500000,0.200000,
-3.400000,0.200000,-0.538675
-3.300000,0.200000,-0.532323
-3.200000,0.200000,-0.532432
-3.100000,0.200000,-0.521058
-3.000000,0.200000,-0.490630
-2.900000,0.200000,-0.465828
-2.800000,0.200000,-0.446438
-2.700000,0.200000,-0.432300
-2.600000,0.200000,-0.423301
-2.500000,0.200000,-0.419372
-2.400000,0.200000,-0.420482
-2.300000,0.200000,-0.426641
-2.200000,0.200000,-0.437895
-2.100000,0.200000,-0.454332
-2.000000,0.200000,-0.476086
-1.900000,0.200000,-0.503339
-1.800000,0.200000,-0.536330
-1.700000,0.200000,-0.575371
-1.600000,0.200000,-0.620859
-1.500000,0.200000,-0.673301
-1.400000,0.200000,-0.585818
-1.300000,0.200000,-0.492413
-1.200000,0.200000,-0.410863
-1.100000,0.200000,-0.339403
-1.000000,0.200000,-0.276767
-0.900000,0.200000,-0.222013
-0.800000,0.200000,-0.174426
-0.700000,0.200000,-0.133454
-0.600000,0.200000,-0.098664
-0.500000,0.200000,-0.069721
-0.400000,0.200000,-0.046361
-0.300000,0.200000,-0.028385
-0.200000,0.200000,-0.015646
-0.100000,0.200000,-0.008041
0.000000,0.200000,-0.005513
0.100000,0.200000,-0.008041
0.200000,0.200000,-0.015646
0.300000,0.200000,-0.028385
0.400000,0.200000,-0.046361
0.500000,0.200000,-0.069721
0.600000,0.200000,-0.098664
0.700000,0.200000,-0.133454
0.800000,0.200000,-0.174426
0.900000,0.200000,-0.222013
1.000000,0.200000,-0.276767
1.100000,0.200000,-0.339403
1.200000,0.200000,-0.410863
1.300000,0.200000,-0.492413
1.400000,0.200000,-0.585818
1.500000,0.200000,-0.673327
1.600000,0.200000,-0.620882
1.700000,0.200000,-0.575391
1.800000,0.200000,-0.536348
1.900000,0.200000,-0.503354
2.000000,0.200000,-0.476099
2.100000,0.200000,-0.454343
2.200000,0.200000,-0.437903
2.300000,0.200000,-0.426647
2.400000,0.200000,-0.420487
2.500000,0.200000,-0.419375
2.600000,0.200000,-0.423302
2.700000,0.200000,-0.432300
2.800000,0.200000,-0.446437
2.900000,0.200000,-0.465825
3.000000,0.200000,-0.490626
3.100000,0.200000,-0.521052
3.200000,0.200000,-0.532869
3.300000,0.200000,-0.532800
3.400000,0.200000,-0.539195
3.500000,0.200000,
-3.500000,0.300000,
-3.400000,0.300000,-0.624867
-3.300000,0.300000,-0.608682
-3.200000,0.300000,-0.565891
-3.100000,0.300000,-0.529396
-3.000000,0.300000,-0.498835
-2.900000,0.300000,-0.473928
-2.800000,0.300000,-0.454457
-2.700000,0.300000,-0.440261
-2.600000,0.300000,-0.431226
-2.500000,0.300000,-0.427281
-2.400000,0.300000,-0.428396
-2.300000,0.300000,-0.434579
-2.200000,0.300000,-0.445879
-2.100000,0.300000,-0.462384
-2.000000,0.300000,-0.484229
-1.900000,0.300000,-0.511599
-1.800000,0.300000,-0.544737
-1.700000,0.300000,-0.583958
-1.600000,0.300000,-0.629666
-1.500000,0.300000,-0.682376
-1.400000,0.300000,-0.603809
-1.300000,0.300000,-0.509264
-1.200000,0.300000,-0.426831
-1.100000,0.300000,-0.354671
-1.000000,0.300000,-0.291470
-0.900000,0.300000,-0.236256
-0.800000,0.300000,-0.188292
-0.700000,0.300000,-0.147010
-0.600000,0.300000,-0.111968
-0.500000,0.300000,-0.082822
-0.400000,0.300000,-0.059303
-0.300000,0.300000,-0.041208
-0.200000,0.300000,-0.028385
-0.100000,0.300000,-0.020731
0.000000,0.300000,-0.018187
0.100000,0.300000,-0.020731
0.200000,0.300000,-0.028385
0.300000,0.300000,-0.041208
0.400000,0.300000,-0.059303
0.500000,0.300000,-0.082822
0.600000,0.300000,-0.111968
0.700000,0.300000,-0.147010
0.800000,0.300000,-0.188292
0.900000,0.300000,-0.236256
1.000000,0.300000,-0.291470
1.100000,0.300000,-0.354671
1.200000,0.300000,-0.426831
1.300000,0.300000,-0.509264
1.400000,0.300000,-0.603809
1.500000,0.300000,-0.682431
1.600000,0.300000,-0.629717
1.700000,0.300000,-0.584006
1.800000,0.300000,-0.544781
1.900000,0.300000,-0.511640
2.000000,0.300000,-0.484268
2.100000,0.300000,-0.462421
2.200000,0.300000,-0.445913
2.300000,0.300000,-0.434612
2.400000,0.300000,-0.428426
2.500000,0.300000,-0.427310
2.600000,0.300000,-0.431253
2.700000,0.300000,-0.440287
2.800000,0.300000,-0.454482
2.900000,0.300000,-0.473951
3.000000,0.300000,-0.498858
3.100000,0.300000,-0.529417
3.200000,0.300000,-0.565911
3.300000,0.300000,-0.608701
3.400000,0.300000,-0.625493
3.500000,0.300000,
-3.500000,0.400000,
-3.400000,0.400000,-0.672991
-3.300000,0.400000,-0.623030
-3.200000,0.400000,-0.579903
-3.100000,0.400000,-0.543133
-3.000000,0.400000,-0.512351
-2.900000,0.400000,-0.487268
-2.800000,0.400000,-0.467663
-2.700000,0.400000,-0.453371
-2.600000,0.400000,-0.444276
-2.500000,0.400000,-0.440305
-2.400000,0.400000,-0.441427
-2.300000,0.400000,-0.447651
-2.200000,0.400000,-0.459027
-2.100000,0.400000,-0.475645
-2.000000,0.400000,-0.497642
-1.900000,0.400000,-0.525206
-1.800000,0.400000,-0.558589
-1.700000,0.400000,-0.598111
-1.600000,0.400000,-0.644185
-1.500000,0.400000,-0.697343
-1.400000,0.400000,-0.629397
-1.300000,0.400000,-0.533184
-1.200000,0.400000,-0.449466
-1.100000,0.400000,-0.376290
-1.000000,0.400000,-0.312272
-0.900000,0.400000,-0.256393
-0.800000,0.400000,-0.207885
-0.700000,0.400000,-0.166158
-0.600000,0.400000,-0.130755
-0.500000,0.400000,-0.101318
-0.400000,0.400000,-0.077571
-0.300000,0.400000,-0.059303
-0.200000,0.400000,-0.046361
-0.100000,0.400000,-0.038637
0.000000,0.400000,-0.036069
0.100000,0.400000,-0.038637
0.200000,0.400000,-0.046361
0.300000,0.400000,-0.059303
0.400000,0.400000,-0.077571
0.500000,0.400000,-0.101318
0.600000,0.400000,-0.130755
0.700000,0.400000,-0.166158
0.800000,0.400000,-0.207885
0.900000,0.400000,-0.256393
1.000000,0.400000,-0.312272
1.100000,0.400000,-0.376290
1.200000,0.400000,-0.449466
1.300000,0.400000,-0.533184
1.400000,0.400000,-0.629397
1.500000,0.400000,-0.697429
1.600000,0.400000,-0.644266
1.700000,0.400000,-0.598187
1.800000,0.400000,-0.558661
1.900000,0.400000,-0.525275
2.000000,0.400000,-0.497707
2.100000,0.400000,-0.475708
2.200000,0.400000,-0.459088
2.300000,0.400000,-0.447710
2.400000,0.400000,-0.441483
2.500000,0.400000,-0.440359
2.600000,0.400000,-0.444329
2.700000,0.400000,-0.453423
2.800000,0.400000,-0.467714
2.900000,0.400000,-0.487318
3.000000,0.400000,-0.512400
3.100000,0.400000,-0.543182
3.200000,0.400000,-0.579951
3.300000,0.400000,-0.623079
3.400000,0.400000,-0.673039
3.500000,0.400000,
-3.500000,0.500000,
-3.400000,0.500000,
-3.300000,0.500000,-0.643161
-3.200000,0.500000,-0.599553
-3.100000,0.500000,-0.562391
-3.000000,0.500000,-0.531293
-2.900000,0.500000,-0.505960
-2.800000,0.500000,-0.486164
-2.700000,0.500000,-0.471735
-2.600000,0.500000,-0.462553
-2.500000,0.500000,-0.458545
-2.400000,0.500000,-0.459678
-2.300000,0.500000,-0.465961
-2.200000,0.500000,-0.477445
-2.100000,0.500000,-0.494222
-2.000000,0.500000,-0.516436
-1.900000,0.500000,-0.544279
-1.800000,0.500000,-0.578009
-1.700000,0.500000,-0.617961
-1.600000,0.500000,-0.664561
-1.500000,0.500000,-0.718361
-1.400000,0.500000,-0.663024
-1.300000,0.500000,-0.564530
-1.200000,0.500000,-0.479068
-1.100000,0.500000,-0.404521
-1.000000,0.500000,-0.339403
-0.900000,0.500000,-0.282633
-0.800000,0.500000,-0.233398
-0.700000,0.500000,-0.191078
-0.600000,0.500000,-0.155192
-0.500000,0.500000,-0.125368
-0.400000,0.500000,-0.101318
-0.300000,0.500000,-0.082822
-0.200000,0.500000,-0.069721
-0.100000,0.500000,-0.061902
0.000000,0.500000,-0.059303
0.100000,0.500000,-0.061902
0.200000,0.500000,-0.069721
0.300000,0.500000,-0.082822
0.400000,0.500000,-0.101318
0.500000,0.500000,-0.125368
0.600000,0.500000,-0.155192
0.700000,0.500000,-0.191078
0.800000,0.500000,-0.233398
0.900000,0.500000,-0.282633
1.000000,0.500000,-0.339403
1.100000,0.500000,-0.404521
1.200000,0.500000,-0.479068
1.300000,0.500000,-0.564530
1.400000,0.500000,-0.663024
1.500000,0.500000,-0.718478
1.600000,0.500000,-0.664672
1.700000,0.500000,-0.618066
1.800000,0.500000,-0.578110
1.900000,0.500000,-0.544376
2.000000,0.500000,-0.516529
2.100000,0.500000,-0.494313
2.200000,0.500000,-0.477532
2.300000,0.500000,-0.466046
2.400000,0.500000,-0.459761
2.500000,0.500000,-0.458627
2.600000,0.500000,-0.462634
2.700000,0.500000,-0.471814
2.800000,0.500000,-0.486242
2.900000,0.500000,-0.506037
3.000000,0.500000,-0.531370
3.100000,0.500000,-0.562468
3.200000,0.500000,-0.599630
3.300000,0.500000,-0.643239
3.400000,0.500000,
3.500000,0.500000,
-3.500000,0.600000,
-3.400000,0.600000,
-3.300000,0.600000,-0.641420
-3.200000,0.600000,-0.625027
-3.100000,0.600000,-0.587345
-3.000000,0.600000,-0.555827
-2.900000,0.600000,-0.530162
-2.800000,0.600000,-0.510114
-2.700000,0.600000,-0.495504
-2.600000,0.600000,-0.486209
-2.500000,0.600000,-0.482151
-2.400000,0.600000,-0.483298
-2.300000,0.600000,-0.489658
-2.200000,0.600000,-0.501285
-2.100000,0.600000,-0.518274
-2.000000,0.600000,-0.540774
-1.900000,0.600000,-0.568986
-1.800000,0.600000,-0.603179
-1.700000,0.600000,-0.643701
-1.600000,0.600000,-0.691001
-1.500000,0.600000,-0.745658
-1.400000,0.600000,-0.705323
-1.300000,0.600000,-0.603809
-1.200000,0.600000,-0.516059
-1.100000,0.600000,-0.439725
-1.000000,0.600000,-0.373184
-0.900000,0.600000,-0.315264
-0.800000,0.600000,-0.265095
-0.700000,0.600000,-0.222013
-0.600000,0.600000,-0.185510
-0.500000,0.600000,-0.155192
-0.400000,0.600000,-0.130755
-0.300000,0.600000,-0.111968
-0.200000,0.600000,-0.098664
-0.100000,0.600000,-0.090727
0.000000,0.600000,-0.088088
0.100000,0.600000,-0.090727
0.200000,0.600000,-0.098664
0.300000,0.600000,-0.111968
0.400000,0.600000,-0.130755
0.500000,0.600000,-0.155192
0.600000,0.600000,-0.185510
0.700000,0.600000,-0.222013
0.800000,0.600000,-0.265095
0.900000,0.600000,-0.315264
1.000000,0.600000,-0.373184
1.100000,0.600000,-0.439725
1.200000,0.600000,-0.516059
1.300000,0.600000,-0.603809
1.400000,0.600000,-0.705323
1.500000,0.600000,-0.745808
1.600000,0.600000,-0.691144
1.700000,0.600000,-0.643838
1.800000,0.600000,-0.603310
1.900000,0.600000,-0.569113
2.000000,0.600000,-0.540896
2.100000,0.600000,-0.518393
2.200000,0.600000,-0.501400
2.300000,0.600000,-0.489771
2.400000,0.600000,-0.483408
2.500000,0.600000,-0.482260
2.600000,0.600000,-0.486316
2.700000,0.600000,-0.495610
2.800000,0.600000,-0.510220
2.900000,0.600000,-0.530268
3.000000,0.600000,-0.555932
3.100000,0.600000,-0.587451
3.200000,0.600000,-0.625134
3.300000,0.600000,-0.641193
3.400000,0.600000,
3.500000,0.600000,
-3.500000,0.700000,
-3.400000,0.700000,
-3.300000,0.700000,-0.600821
-3.200000,0.700000,-0.589408
-3.100000,0.700000,-0.583423
-3.000000,0.700000,-0.582812
-2.900000,0.700000,-0.560093
-2.800000,0.700000,-0.539723
-2.700000,0.700000,-0.524883
-2.600000,0.700000,-0.515443
-2.500000,0.700000,-0.511323
-2.400000,0.700000,-0.512487
-2.300000,0.700000,-0.518946
-2.200000,0.700000,-0.530754
-2.100000,0.700000,-0.548013
-2.000000,0.700000,-0.570878
-1.900000,0.700000,-0.599560
-1.800000,0.700000,-0.634344
-1.700000,0.700000,-0.675595
-1.600000,0.700000,-0.723792
-1.500000,0.700000,-0.779551
-1.400000,0.700000,-0.757191
-1.300000,0.700000,-0.651720
-1.200000,0.700000,-0.561013
-1.100000,0.700000,-0.482393
-1.000000,0.700000,-0.414043
-0.900000,0.700000,-0.354671
-0.800000,0.700000,-0.303325
-0.700000,0.700000,-0.259288
-0.600000,0.700000,-0.222013
-0.500000,0.700000,-0.191078
-0.400000,0.700000,-0.166158
-0.300000,0.700000,-0.147010
-0.200000,0.700000,-0.133454
-0.100000,0.700000,-0.125368
0.000000,0.700000,-0.122680
0.100000,0.700000,-0.125368
0.200000,0.700000,-0.133454
0.300000,0.700000,-0.147010
0.400000,0.700000,-0.166158
0.500000,0.700000,-0.191078
0.600000,0.700000,-0.222013
0.700000,0.700000,-0.259288
0.800000,0.700000,-0.303325
0.900000,0.700000,-0.354671
1.000000,0.700000,-0.414043
1.100000,0.700000,-0.482393
1.200000,0.700000,-0.561013
1.300000,0.700000,-0.651720
1.400000,0.700000,-0.757191
1.500000,0.700000,-0.779735
1.600000,0.700000,-0.723968
1.700000,0.700000,-0.675764
1.800000,0.700000,-0.634506
1.900000,0.700000,-0.599717
2.000000,0.700000,-0.571030
2.100000,0.700000,-0.548161
2.200000,0.700000,-0.530899
2.300000,0.700000,-0.519088
2.400000,0.700000,-0.512627
2.500000,0.700000,-0.511460
2.600000,0.700000,-0.515579
2.700000,0.700000,-0.525018
2.800000,0.700000,-0.539858
2.900000,0.700000,-0.560228
3.000000,0.700000,-0.582770
3.100000,0.700000,-0.583339
3.200000,0.700000,-0.589282
3.300000,0.700000,-0.600650
3.400000,0.700000,
3.500000,0.700000,
-3.500000,0.800000,
-3.400000,0.800000,
-3.300000,0.800000,-0.566404
-3.200000,0.800000,-0.555199
-3.100000,0.800000,-0.549321
-3.000000,0.800000,-0.548721
-2.900000,0.800000,-0.553394
-2.800000,0.800000,-0.563379
-2.700000,0.800000,-0.560139
-2.600000,0.800000,-0.550520
-2.500000,0.800000,-0.546322
-2.400000,0.800000,-0.547508
-2.300000,0.800000,-0.554090
-2.200000,0.800000,-0.566123
-2.100000,0.800000,-0.583718
-2.000000,0.800000,-0.607036
-1.900000,0.800000,-0.636305
-1.800000,0.800000,-0.671825
-1.700000,0.800000,-0.713991
-1.600000,0.800000,-0.763314
-1.500000,0.800000,-0.820463
-1.400000,0.800000,-0.819906
-1.300000,0.800000,-0.709238
-1.200000,0.800000,-0.614717
-1.100000,0.800000,-0.533184
-1.000000,0.800000,-0.462551
-0.900000,0.800000,-0.401359
-0.800000,0.800000,-0.348547
-0.700000,0.800000,-0.303325
-0.600000,0.800000,-0.265095
-0.500000,0.800000,-0.233398
-0.400000,0.800000,-0.207885
-0.300000,0.800000,-0.188292
-0.200000,0.800000,-0.174426
-0.100000,0.800000,-0.166158
0.000000,0.800000,-0.163410
0.100000,0.800000,-0.166158
0.200000,0.800000,-0.174426
0.300000,0.800000,-0.188292
0.400000,0.800000,-0.207885
0.500000,0.800000,-0.233398
0.600000,0.800000,-0.265095
0.700000,0.800000,-0.303325
0.800000,0.800000,-0.348547
0.900000,0.800000,-0.401359
1.000000,0.800000,-0.462551
1.100000,0.800000,-0.533184
1.200000,0.800000,-0.614717
1.300000,0.800000,-0.709238
1.400000,0.800000,-0.819906
1.500000,0.800000,-0.820685
1.600000,0.800000,-0.763526
1.700000,0.800000,-0.714194
1.800000,0.800000,-0.672020
1.900000,0.800000,-0.636494
2.000000,0.800000,-0.607220
2.100000,0.800000,-0.583897
2.200000,0.800000,-0.566299
2.300000,0.800000,-0.554262
2.400000,0.800000,-0.547678
2.500000,0.800000,-0.546490
2.600000,0.800000,-0.550687
2.700000,0.800000,-0.560305
2.800000,0.800000,-0.563467
2.900000,0.800000,-0.553442
3.000000,0.800000,-0.548729
3.100000,0.800000,-0.549288
3.200000,0.800000,-0.555124
3.300000,0.800000,-0.566286
3.400000,0.800000,
3.500000,0.800000,
-3.500000,0.900000,
-3.400000,0.900000,
-3.300000,0.900000,-0.537836
-3.200000,0.900000,-0.526797
-3.100000,0.900000,-0.521006
-3.000000,0.900000,-0.520415
-2.900000,0.900000,-0.525019
-2.800000,0.900000,-0.534856
-2.700000,0.900000,-0.550007
-2.600000,0.900000,-0.570600
-2.500000,0.900000,-0.587486
-2.400000,0.900000,-0.588699
-2.300000,0.900000,-0.595430
-2.200000,0.900000,-0.607741
-2.100000,0.900000,-0.625747
-2.000000,0.900000,-0.649623
-1.900000,0.900000,-0.679614
-1.800000,0.900000,-0.716045
-1.700000,0.900000,-0.759343
-1.600000,0.900000,-0.810068
-1.500000,0.900000,-0.868955
-1.400000,0.900000,-0.895340
-1.300000,0.900000,-0.777734
-1.200000,0.900000,-0.678247
-1.100000,0.900000,-0.592987
-1.000000,0.900000,-0.519468
-0.900000,0.900000,-0.455995
-0.800000,0.900000,-0.401359
-0.700000,0.900000,-0.354671
-0.600000,0.900000,-0.315264
-0.500000,0.900000,-0.282633
-0.400000,0.900000,-0.256393
-0.300000,0.900000,-0.236256
-0.200000,0.900000,-0.222013
-0.100000,0.900000,-0.213523
0.000000,0.900000,-0.210701
0.100000,0.900000,-0.213523
0.200000,0.900000,-0.222013
0.300000,0.900000,-0.236256
0.400000,0.900000,-0.256393
0.500000,0.900000,-0.282633
0.600000,0.900000,-0.315264
0.700000,0.900000,-0.354671
0.800000,0.900000,-0.401359
0.900000,0.900000,-0.455995
1.000000,0.900000,-0.519468
1.100000,0.900000,-0.592987
1.200000,0.900000,-0.678247
1.300000,0.900000,-0.777734
1.400000,0.900000,-0.895340
1.500000,0.900000,-0.869217
1.600000,0.900000,-0.810318
1.700000,0.900000,-0.759583
1.800000,0.900000,-0.716276
1.900000,0.900000,-0.679838
2.000000,0.900000,-0.649841
2.100000,0.900000,-0.625959
2.200000,0.900000,-0.607949
2.300000,0.900000,-0.595635
2.400000,0.900000,-0.588902
2.500000,0.900000,-0.587686
2.600000,0.900000,-0.570815
2.700000,0.900000,-0.550181
2.800000,0.900000,-0.534990
2.900000,0.900000,-0.525114
3.000000,0.900000,-0.520470
3.100000,0.900000,-0.521021
3.200000,0.900000,-0.526771
3.300000,0.900000,-0.537767
3.400000,0.900000,
3.500000,0.900000,
-3.500000,1.000000,
-3.400000,1.000000,
-3.300000,1.000000,-0.514856
-3.200000,1.000000,-0.503948
-3.100000,1.000000,-0.498225
-3.000000,1.000000,-0.497641
-2.900000,1.000000,-0.502191
-2.800000,1.000000,-0.511912
-2.700000,1.000000,-0.526882
-2.600000,1.000000,-0.547225
-2.500000,1.000000,-0.573116
-2.400000,1.000000,-0.604788
-2.300000,1.000000,-0.642548
-2.200000,1.000000,-0.656052
-2.100000,1.000000,-0.674561
-2.000000,1.000000,-0.699120
-1.900000,1.000000,-0.729997
-1.800000,1.000000,-0.767548
-1.700000,1.000000,-0.812246
-1.600000,1.000000,-0.864711
-1.500000,1.000000,-0.925771
-1.400000,1.000000,-0.986374
-1.300000,1.000000,-0.859212
-1.200000,1.000000,-0.753124
-1.100000,1.000000,-0.663024
-1.000000,1.000000,-0.585818
-0.900000,1.000000,-0.519468
-0.800000,1.000000,-0.462551
-0.700000,1.000000,-0.414043
-0.600000,1.000000,-0.373184
-0.500000,1.000000,-0.339403
-0.400000,1.000000,-0.312272
-0.300000,1.000000,-0.291470
-0.200000,1.000000,-0.276767
-0.100000,1.000000,-0.268005
0.000000,1.000000,-0.265095
0.100000,1.000000,-0.268005
0.200000,1.000000,-0.276767
0.300000,1.000000,-0.291470
0.400000,1.000000,-0.312272
0.500000,1.000000,-0.339403
0.600000,1.000000,-0.373184
0.700000,1.000000,-0.414043
0.800000,1.000000,-0.462551
0.900000,1.000000,-0.519468
1.000000,1.000000,-0.585818
1.100000,1.000000,-0.663024
1.200000,1.000000,-0.753124
1.300000,1.000000,-0.859212
1.400000,1.000000,-0.986374
1.500000,1.000000,-0.926079
1.600000,1.000000,-0.865004
1.700000,1.000000,-0.812525
1.800000,1.000000,-0.767818
1.900000,1.000000,-0.730258
2.000000,1.000000,-0.699374
2.100000,1.000000,-0.674809
2.200000,1.000000,-0.656296
2.300000,1.000000,-0.642936
2.400000,1.000000,-0.605132
2.500000,1.000000,-0.573416
2.600000,1.000000,-0.547484
2.700000,1.000000,-0.527101
2.800000,1.000000,-0.512091
2.900000,1.000000,-0.502331
3.000000,1.000000,-0.497741
3.100000,1.000000,-0.498285
3.200000,1.000000,-0.503968
3.300000,1.000000,-0.514834
3.400000,1.000000,
3.500000,1.000000,
-3.500000,1.100000,
-3.400000,1.100000,
-3.300000,1.100000,
-3.200000,1.100000,-0.486458
-3.100000,1.100000,-0.480786
-3.000000,1.100000,-0.480207
-2.900000,1.100000,-0.484716
-2.800000,1.100000,-0.494350
-2.700000,1.100000,-0.509184
-2.600000,1.100000,-0.529340
-2.500000,1.100000,-0.554986
-2.400000,1.100000,-0.586350
-2.300000,1.100000,-0.623728
-2.200000,1.100000,-0.667497
-2.100000,1.100000,-0.718143
-2.000000,1.100000,-0.756149
-1.900000,1.100000,-0.788115
-1.800000,1.100000,-0.827048
-1.700000,1.100000,-0.873480
-1.600000,1.100000,-0.928119
-1.500000,1.100000,-0.991916
-1.400000,1.100000,-1.066179
-1.300000,1.100000,-0.956755
-1.200000,1.100000,-0.841576
-1.100000,1.100000,-0.745029
-1.000000,1.100000,-0.663024
-0.900000,1.100000,-0.592987
-0.800000,1.100000,-0.533184
-0.700000,1.100000,-0.482393
-0.600000,1.100000,-0.439725
-0.500000,1.100000,-0.404521
-0.400000,1.100000,-0.376290
-0.300000,1.100000,-0.354671
-0.200000,1.100000,-0.339403
-0.100000,1.100000,-0.330310
0.000000,1.100000,-0.327290
0.100000,1.100000,-0.330310
0.200000,1.100000,-0.339403
0.300000,1.100000,-0.354671
0.400000,1.100000,-0.376290
0.500000,1.100000,-0.404521
0.600000,1.100000,-0.439725
0.700000,1.100000,-0.482393
0.800000,1.100000,-0.533184
0.900000,1.100000,-0.592987
1.000000,1.100000,-0.663024
1.100000,1.100000,-0.745029
1.200000,1.100000,-0.841576
1.300000,1.100000,-0.956755
1.400000,1.100000,-1.066561
1.500000,1.100000,-0.992275
1.600000,1.100000,-0.928460
1.700000,1.100000,-0.873806
1.800000,1.100000,-0.827361
1.900000,1.100000,-0.788417
2.000000,1.100000,-0.756444
2.100000,1.100000,-0.718676
2.200000,1.100000,-0.667978
2.300000,1.100000,-0.624161
2.400000,1.100000,-0.586738
2.500000,1.100000,-0.555330
2.600000,1.100000,-0.529642
2.700000,1.100000,-0.509447
2.800000,1.100000,-0.494573
2.900000,1.100000,-0.484900
3.000000,1.100000,-0.480351
3.100000,1.100000,-0.480890
3.200000,1.100000,-0.486522
3.300000,1.100000,
3.400000,1.100000,
3.500000,1.100000,
-3.500000,1.200000,
-3.400000,1.200000,
-3.300000,1.200000,
-3.200000,1.200000,-0.474184
-3.100000,1.200000,-0.468547
-3.000000,1.200000,-0.467971
-2.900000,1.200000,-0.472453
-2.800000,1.200000,-0.482027
-2.700000,1.200000,-0.496767
-2.600000,1.200000,-0.516793
-2.500000,1.200000,-0.542270
-2.400000,1.200000,-0.573421
-2.300000,1.200000,-0.610536
-2.200000,1.200000,-0.653983
-2.100000,1.200000,-0.704237
-2.000000,1.200000,-0.761906
-1.900000,1.200000,-0.827782
-1.800000,1.200000,-0.895489
-1.700000,1.200000,-0.944095
-1.600000,1.200000,-1.001480
-1.500000,1.200000,-1.068774
-1.400000,1.200000,-1.147566
-1.300000,1.200000,-1.075520
-1.200000,1.200000,-0.947070
-1.100000,1.200000,-0.841576
-1.000000,1.200000,-0.753124
-0.900000,1.200000,-0.678247
-0.800000,1.200000,-0.614717
-0.700000,1.200000,-0.561013
-0.600000,1.200000,-0.516059
-0.500000,1.200000,-0.479068
-0.400000,1.200000,-0.449466
-0.300000,1.200000,-0.426831
-0.200000,1.200000,-0.410863
-0.100000,1.200000,-0.401359
0.000000,1.200000,-0.398204
0.100000,1.200000,-0.401359
0.200000,1.200000,-0.410863
0.300000,1.200000,-0.426831
0.400000,1.200000,-0.449466
0.500000,1.200000,-0.479068
0.600000,1.200000,-0.516059
0.700000,1.200000,-0.561013
0.800000,1.200000,-0.614717
0.900000,1.200000,-0.678247
1.000000,1.200000,-0.753124
1.100000,1.200000,-0.841576
1.200000,1.200000,-0.947070
1.300000,1.200000,-1.075520
1.400000,1.200000,-1.148015
1.500000,1.200000,-1.069192
1.600000,1.200000,-1.001875
1.700000,1.200000,-0.944472
1.800000,1.200000,-0.895851
1.900000,1.200000,-0.828481
2.000000,1.200000,-0.762542
2.100000,1.200000,-0.704815
2.200000,1.200000,-0.654509
2.300000,1.200000,-0.611013
2.400000,1.200000,-0.573853
2.500000,1.200000,-0.542658
2.600000,1.200000,-0.517139
2.700000,1.200000,-0.497072
2.800000,1.200000,-0.482292
2.900000,1.200000,-0.472679
3.000000,1.200000,-0.468158
3.100000,1.200000,-0.468694
3.200000,1.200000,-0.474292
3.300000,1.200000,
3.400000,1.200000,
3.500000,1.200000,
-3.500000,1.300000,
-3.400000,1.300000,
-3.300000,1.300000,
-3.200000,1.300000,-0.467028
-3.100000,1.300000,-0.461412
-3.000000,1.300000,-0.460838
-2.900000,1.300000,-0.465304
-2.800000,1.300000,-0.474843
-2.700000,1.300000,-0.489529
-2.600000,1.300000,-0.509480
-2.500000,1.300000,-0.534860
-2.400000,1.300000,-0.565889
-2.300000,1.300000,-0.602852
-2.200000,1.300000,-0.646113
-2.100000,1.300000,-0.696141
-2.000000,1.300000,-0.753535
-1.900000,1.300000,-0.819072
-1.800000,1.300000,-0.893784
-1.700000,1.300000,-0.979069
-1.600000,1.300000,-1.076902
-1.500000,1.300000,-1.158323
-1.400000,1.300000,-1.243171
-1.300000,1.300000,-1.225406
-1.200000,1.300000,-1.075520
-1.100000,1.300000,-0.956755
-1.000000,1.300000,-0.859212
-0.900000,1.300000,-0.777734
-0.800000,1.300000,-0.709238
-0.700000,1.300000,-0.651720
-0.600000,1.300000,-0.603809
-0.500000,1.300000,-0.564530
-0.400000,1.300000,-0.533184
-0.300000,1.300000,-0.509264
-0.200000,1.300000,-0.492413
-0.100000,1.300000,-0.482393
0.000000,1.300000,-0.479068
0.100000,1.300000,-0.482393
0.200000,1.300000,-0.492413
0.300000,1.300000,-0.509264
0.400000,1.300000,-0.533184
0.500000,1.300000,-0.564530
0.600000,1.300000,-0.603809
0.700000,1.300000,-0.651720
0.800000,1.300000,-0.709238
0.900000,1.300000,-0.777734
1.000000,1.300000,-0.859212
1.100000,1.300000,-0.956755
1.200000,1.300000,-1.075520
1.300000,1.300000,-1.225406
1.400000,1.300000,-1.243703
1.500000,1.300000,-1.158814
1.600000,1.300000,-1.077914
1.700000,1.300000,-0.979978
1.800000,1.300000,-0.894606
1.900000,1.300000,-0.819821
2.000000,1.300000,-0.754218
2.100000,1.300000,-0.696766
2.200000,1.300000,-0.646685
2.300000,1.300000,-0.603374
2.400000,1.300000,-0.566364
2.500000,1.300000,-0.535291
2.600000,1.300000,-0.509869
2.700000,1.300000,-0.489877
2.800000,1.300000,-0.475151
2.900000,1.300000,-0.465573
3.000000,1.300000,-0.461068
3.100000,1.300000,-0.461602
3.200000,1.300000,-0.467179
3.300000,1.300000,
3.400000,1.300000,
3.500000,1.300000,
-3.500000,1.400000,
-3.400000,1.400000,
-3.300000,1.400000,
-3.200000,1.400000,
-3.100000,1.400000,-0.459326
-3.000000,1.400000,-0.458753
-2.900000,1.400000,-0.463214
-2.800000,1.400000,-0.472743
-2.700000,1.400000,-0.487414
-2.600000,1.400000,-0.507343
-2.500000,1.400000,-0.532694
-2.400000,1.400000,-0.563688
-2.300000,1.400000,-0.600606
-2.200000,1.400000,-0.643814
-2.100000,1.400000,-0.693777
-2.000000,1.400000,-0.751090
-1.900000,1.400000,-0.816529
-1.800000,1.400000,-0.891119
-1.700000,1.400000,-0.976250
-1.600000,1.400000,-1.073882
-1.500000,1.400000,-1.186915
-1.400000,1.400000,-1.319975
-1.300000,1.400000,-1.431150
-1.200000,1.400000,-1.238697
-1.100000,1.400000,-1.097798
-1.000000,1.400000,-0.986374
-0.900000,1.400000,-0.895340
-0.800000,1.400000,-0.819906
-0.700000,1.400000,-0.757191
-0.600000,1.400000,-0.705323
-0.500000,1.400000,-0.663024
-0.400000,1.400000,-0.629397
-0.300000,1.400000,-0.603809
-0.200000,1.400000,-0.585818
-0.100000,1.400000,-0.575134
0.000000,1.400000,-0.571591
0.100000,1.400000,-0.575134
0.200000,1.400000,-0.585818
0.300000,1.400000,-0.603809
0.400000,1.400000,-0.629397
0.500000,1.400000,-0.663024
0.600000,1.400000,-0.705323
0.700000,1.400000,-0.757191
0.800000,1.400000,-0.819906
0.900000,1.400000,-0.895340
1.000000,1.400000,-0.986374
1.100000,1.400000,-1.097798
1.200000,1.400000,-1.238697
1.300000,1.400000,-1.431150
1.400000,1.400000,-1.321362
1.500000,1.400000,-1.188122
1.600000,1.400000,-1.074953
1.700000,1.400000,-0.977214
1.800000,1.400000,-0.891994
1.900000,1.400000,-0.817328
2.000000,1.400000,-0.751822
2.100000,1.400000,-0.694449
2.200000,1.400000,-0.644432
2.300000,1.400000,-0.601173
2.400000,1.400000,-0.564207
2.500000,1.400000,-0.533169
2.600000,1.400000,-0.507775
2.700000,1.400000,-0.487804
2.800000,1.400000,-0.473093
2.900000,1.400000,-0.463525
3.000000,1.400000,-0.459025
3.100000,1.400000,-0.459559
3.200000,1.400000,
3.300000,1.400000,
3.400000,1.400000,
3.500000,1.400000,
-3.500000,1.500000,
-3.400000,1.500000,
-3.300000,1.500000,
-3.200000,1.500000,
-3.100000,1.500000,-0.462274
-3.000000,1.500000,-0.461700
-2.900000,1.500000,-0.466168
-2.800000,1.500000,-0.475711
-2.700000,1.500000,-0.490404
-2.600000,1.500000,-0.510364
-2.500000,1.500000,-0.535755
-2.400000,1.500000,-0.566799
-2.300000,1.500000,-0.603780
-2.200000,1.500000,-0.647064
-2.100000,1.500000,-0.697119
-2.000000,1.500000,-0.754546
-1.900000,1.500000,-0.820124
-1.800000,1.500000,-0.894886
-1.700000,1.500000,-0.980236
-1.600000,1.500000,-1.078152
-1.500000,1.500000,-1.191570
-1.400000,1.500000,-1.325181
-1.300000,1.500000,-1.487379
-1.200000,1.500000,-1.468563
-1.100000,1.500000,-1.280074
-1.000000,1.500000,-1.144122
-0.900000,1.500000,-1.037796
-0.800000,1.500000,-0.951901
-0.700000,1.500000,-0.881653
-0.600000,1.500000,-0.824208
-0.500000,1.500000,-0.777734
-0.400000,1.500000,-0.741001
-0.300000,1.500000,-0.713165
-0.200000,1.500000,-0.693649
-0.100000,1.500000,-0.682080
0.000000,1.500000,-0.678247
0.100000,1.500000,-0.682080
0.200000,1.500000,-0.693649
0.300000,1.500000,-0.713165
0.400000,1.500000,-0.741001
0.500000,1.500000,-0.777734
0.600000,1.500000,-0.824208
0.700000,1.500000,-0.881653
0.800000,1.500000,-0.951901
0.900000,1.500000,-1.037796
1.000000,1.500000,-1.144122
1.100000,1.500000,-1.280074
1.200000,1.500000,-1.468563
1.300000,1.500000,-1.489133
1.400000,1.500000,-1.326649
1.500000,1.500000,-1.192847
1.600000,1.500000,-1.079287
1.700000,1.500000,-0.981259
1.800000,1.500000,-0.895817
1.900000,1.500000,-0.820976
2.000000,1.500000,-0.755329
2.100000,1.500000,-0.697840
2.200000,1.500000,-0.647729
2.300000,1.500000,-0.604393
2.400000,1.500000,-0.567364
2.500000,1.500000,-0.536275
2.600000,1.500000,-0.510839
2.700000,1.500000,-0.490838
2.800000,1.500000,-0.476104
2.900000,1.500000,-0.466521
3.000000,1.500000,-0.462014
3.100000,1.500000,-0.462549
3.200000,1.500000,
3.300000,1.500000,
3.400000,1.500000,
3.500000,1.500000,
-3.500000,1.600000,
-3.400000,1.600000,
-3.300000,1.600000,
-3.200000,1.600000,
-3.100000,1.600000,
-3.000000,1.600000,-0.469702
-2.900000,1.600000,-0.474187
-2.800000,1.600000,-0.483770
-2.700000,1.600000,-0.498523
-2.600000,1.600000,-0.518567
-2.500000,1.600000,-0.544068
-2.400000,1.600000,-0.575249
-2.300000,1.600000,-0.612401
-2.200000,1.600000,-0.655893
-2.100000,1.600000,-0.706202
-2.000000,1.600000,-0.763938
-1.900000,1.600000,-0.829897
-1.800000,1.600000,-0.905133
-1.700000,1.600000,-0.991084
-1.600000,1.600000,-1.089782
-1.500000,1.600000,-1.204260
-1.400000,1.600000,-1.339401
-1.300000,1.600000,-1.425012
-1.200000,1.600000,-1.496259
-1.100000,1.600000,-1.553015
-1.000000,1.600000,-1.355051
-0.900000,1.600000,-1.218847
-0.800000,1.600000,-1.114880
-0.700000,1.600000,-1.032528
-0.600000,1.600000,-0.966532
-0.500000,1.600000,-0.913862
-0.400000,1.600000,-0.872622
-0.300000,1.600000,-0.841576
-0.200000,1.600000,-0.819906
-0.100000,1.600000,-0.807096
0.000000,1.600000,-0.802857
0.100000,1.600000,-0.807096
0.200000,1.600000,-0.819906
0.300000,1.600000,-0.841576
0.400000,1.600000,-0.872622
0.500000,1.600000,-0.913862
0.600000,1.600000,-0.966532
0.700000,1.600000,-1.032528
0.800000,1.600000,-1.114880
0.900000,1.600000,-1.218847
1.000000,1.600000,-1.355051
1.100000,1.600000,-1.553015
1.200000,1.600000,-1.497459
1.300000,1.600000,-1.426077
1.400000,1.600000,-1.340960
1.500000,1.600000,-1.205615
1.600000,1.600000,-1.090986
1.700000,1.600000,-0.992170
1.800000,1.600000,-0.906123
1.900000,1.600000,-0.830805
2.000000,1.600000,-0.764774
2.100000,1.600000,-0.706974
2.200000,1.600000,-0.656607
2.300000,1.600000,-0.613061
2.400000,1.600000,-0.575860
2.500000,1.600000,-0.544632
2.600000,1.600000,-0.519087
2.700000,1.600000,-0.499001
2.800000,1.600000,-0.484206
2.900000,1.600000,-0.474583
3.000000,1.600000,-0.470058
3.100000,1.600000,
3.200000,1.600000,
3.300000,1.600000,
3.400000,1.600000,
3.500000,1.600000,
-3.500000,1.700000,
-3.400000,1.700000,
-3.300000,1.700000,
-3.200000,1.700000,
-3.100000,1.700000,
-3.000000,1.700000,-0.482819
-2.900000,1.700000,-0.487335
-2.800000,1.700000,-0.496982
-2.700000,1.700000,-0.511836
-2.600000,1.700000,-0.532019
-2.500000,1.700000,-0.557702
-2.400000,1.700000,-0.589112
-2.300000,1.700000,-0.626546
-2.200000,1.700000,-0.670385
-2.100000,1.700000,-0.721116
-2.000000,1.700000,-0.779368
-1.900000,1.700000,-0.845962
-1.800000,1.700000,-0.921991
-1.700000,1.700000,-1.008948
-1.600000,1.700000,-1.108963
-1.500000,1.700000,-1.225237
-1.400000,1.700000,-1.299356
-1.300000,1.700000,-1.357817
-1.200000,1.700000,-1.425691
-1.100000,1.700000,-1.504404
-1.000000,1.700000,-1.596001
-0.900000,1.700000,-1.478348
-0.800000,1.700000,-1.331653
-0.700000,1.700000,-1.225406
-0.600000,1.700000,-1.144122
-0.500000,1.700000,-1.081038
-0.400000,1.700000,-1.032528
-0.300000,1.700000,-0.996444
-0.200000,1.700000,-0.971456
-0.100000,1.700000,-0.956755
0.000000,1.700000,-0.951901
0.100000,1.700000,-0.956755
0.200000,1.700000,-0.971456
0.300000,1.700000,-0.996444
0.400000,1.700000,-1.032528
0.500000,1.700000,-1.081038
0.600000,1.700000,-1.144122
0.700000,1.700000,-1.225406
0.800000,1.700000,-1.331653
0.900000,1.700000,-1.478348
1.000000,1.700000,-1.597525
1.100000,1.700000,-1.505752
1.200000,1.700000,-1.426891
1.300000,1.700000,-1.358890
1.400000,1.700000,-1.300314
1.500000,1.700000,-1.226679
1.600000,1.700000,-1.110244
1.700000,1.700000,-1.010103
1.800000,1.700000,-0.923043
1.900000,1.700000,-0.846929
2.000000,1.700000,-0.780260
2.100000,1.700000,-0.721941
2.200000,1.700000,-0.671149
2.300000,1.700000,-0.627256
2.400000,1.700000,-0.589771
2.500000,1.700000,-0.558313
2.600000,1.700000,-0.532585
2.700000,1.700000,-0.512358
2.800000,1.700000,-0.497462
2.900000,1.700000,-0.487775
3.000000,1.700000,-0.483219
3.100000,1.700000,
3.200000,1.700000,
3.300000,1.700000,
3.400000,1.700000,
3.500000,1.700000,
-3.500000,1.800000,
-3.400000,1.800000,
-3.300000,1.800000,
-3.200000,1.800000,
-3.100000,1.800000,
-3.000000,1.800000,
-2.900000,1.800000,-0.505715
-2.800000,1.800000,-0.515453
-2.700000,1.800000,-0.530451
-2.600000,1.800000,-0.550832
-2.500000,1.800000,-0.576773
-2.400000,1.800000,-0.608509
-2.300000,1.800000,-0.646346
-2.200000,1.800000,-0.690679
-2.100000,1.800000,-0.742013
-2.000000,1.800000,-0.801005
-1.900000,1.800000,-0.868512
-1.800000,1.800000,-0.945681
-1.700000,1.800000,-1.034095
-1.600000,1.800000,-1.136027
-1.500000,1.800000,-1.195231
-1.400000,1.800000,-1.243625
-1.300000,1.800000,-1.299979
-1.200000,1.800000,-1.365201
-1.100000,1.800000,-1.440523
-1.000000,1.800000,-1.527676
-0.900000,1.800000,-1.629198
-0.800000,1.800000,-1.708532
-0.700000,1.800000,-1.508910
-0.600000,1.800000,-1.387673
-0.500000,1.800000,-1.301702
-0.400000,1.800000,-1.238697
-0.300000,1.800000,-1.193154
-0.200000,1.800000,-1.162166
-0.100000,1.800000,-1.144122
0.000000,1.800000,-1.138193
0.100000,1.800000,-1.144122
0.200000,1.800000,-1.162166
0.300000,1.800000,-1.193154
0.400000,1.800000,-1.238697
0.500000,1.800000,-1.301702
0.600000,1.800000,-1.387673
0.700000,1.800000,-1.508910
0.800000,1.800000,-1.708532
0.900000,1.800000,-1.630909
1.000000,1.800000,-1.529185
1.100000,1.800000,-1.441868
1.200000,1.800000,-1.366406
1.300000,1.800000,-1.301063
1.400000,1.800000,-1.244599
1.500000,1.800000,-1.196105
1.600000,1.800000,-1.137393
1.700000,1.800000,-1.035326
1.800000,1.800000,-0.946802
1.900000,1.800000,-0.869541
2.000000,1.800000,-0.801956
2.100000,1.800000,-0.742894
2.200000,1.800000,-0.691497
2.300000,1.800000,-0.647107
2.400000,1.800000,-0.609217
2.500000,1.800000,-0.577432
2.600000,1.800000,-0.551445
2.700000,1.800000,-0.531019
2.800000,1.800000,-0.515979
2.900000,1.800000,-0.506200
3.000000,1.800000,
3.100000,1.800000,
3.200000,1.800000,
3.300000,1.800000,
3.400000,1.800000,
3.500000,1.800000,
-3.500000,1.900000,
-3.400000,1.900000,
-3.300000,1.900000,
-3.200000,1.900000,
-3.100000,1.900000,
-3.000000,1.900000,
-2.900000,1.900000,
-2.800000,1.900000,-0.539337
-2.700000,1.900000,-0.554524
-2.600000,1.900000,-0.575167
-2.500000,1.900000,-0.601450
-2.400000,1.900000,-0.633617
-2.300000,1.900000,-0.671990
-2.200000,1.900000,-0.716979
-2.100000,1.900000,-0.769118
-2.000000,1.900000,-0.829098
-1.900000,1.900000,-0.897828
-1.800000,1.900000,-0.976534
-1.700000,1.900000,-1.066923
-1.600000,1.900000,-1.108764
-1.500000,1.900000,-1.148783
-1.400000,1.900000,-1.195815
-1.300000,1.900000,-1.250480
-1.200000,1.900000,-1.313595
-1.100000,1.900000,-1.386253
-1.000000,1.900000,-1.469966
-0.900000,1.900000,-1.566901
-0.800000,1.900000,-1.680351
-0.700000,1.900000,-1.815753
-0.600000,1.900000,-1.983378
-0.500000,1.900000,-1.674398
-0.400000,1.900000,-1.553015
-0.300000,1.900000,-1.478348
-0.200000,1.900000,-1.431150
-0.100000,1.900000,-1.404673
0.000000,1.900000,-1.396112
0.100000,1.900000,-1.404673
0.200000,1.900000,-1.431150
0.300000,1.900000,-1.478348
0.400000,1.900000,-1.553015
0.500000,1.900000,-1.674398
0.600000,1.900000,-1.986143
0.700000,1.900000,-1.818010
0.800000,1.900000,-1.682280
0.900000,1.900000,-1.568592
1.000000,1.900000,-1.471469
1.100000,1.900000,-1.387600
1.200000,1.900000,-1.314809
1.300000,1.900000,-1.251577
1.400000,1.900000,-1.196806
1.500000,1.900000,-1.149676
1.600000,1.900000,-1.109566
1.700000,1.900000,-1.068238
1.800000,1.900000,-0.977731
1.900000,1.900000,-0.898926
2.000000,1.900000,-0.830112
2.100000,1.900000,-0.770059
2.200000,1.900000,-0.717855
2.300000,1.900000,-0.672806
2.400000,1.900000,-0.634379
2.500000,1.900000,-0.602160
2.600000,1.900000,-0.575829
2.700000,1.900000,-0.555141
2.800000,1.900000,-0.539910
2.900000,1.900000,
3.000000,1.900000,
3.100000,1.900000,
3.200000,1.900000,
3.300000,1.900000,
3.400000,1.900000,
3.500000,1.900000,
-3.500000,2.000000,
-3.400000,2.000000,
-3.300000,2.000000,
-3.200000,2.000000,
-3.100000,2.000000,
-3.000000,2.000000,
-2.900000,2.000000,
-2.800000,2.000000,-0.568839
-2.700000,2.000000,-0.584267
-2.600000,2.000000,-0.605243
-2.500000,2.000000,-0.631961
-2.400000,2.000000,-0.664679
-2.300000,2.000000,-0.703735
-2.200000,2.000000,-0.725773
-2.100000,2.000000,-0.734306
-2.000000,2.000000,-0.752928
-1.900000,2.000000,-0.782226
-1.800000,2.000000,-0.823214
-1.700000,2.000000,-0.877548
-1.600000,2.000000,-0.947947
-1.500000,2.000000,-1.039194
-1.400000,2.000000,-1.155254
-1.300000,2.000000,-1.208565
-1.200000,2.000000,-1.270000
-1.100000,2.000000,-1.340554
-1.000000,2.000000,-1.421579
-0.900000,2.000000,-1.514988
-0.800000,2.000000,-1.623612
-0.700000,2.000000,-1.751973
-0.600000,2.000000,-1.908136
-0.500000,2.000000,-2.109564
-0.400000,2.000000,-2.415637
-0.300000,2.000000,
-0.200000,2.000000,
-0.100000,2.000000,
0.000000,2.000000,
0.100000,2.000000,
0.200000,2.000000,
0.300000,2.000000,
0.400000,2.000000,-2.421487
0.500000,2.000000,-2.112982
0.600000,2.000000,-1.910772
0.700000,2.000000,-1.754173
0.800000,2.000000,-1.625516
0.900000,2.000000,-1.516669
1.000000,2.000000,-1.423083
1.100000,2.000000,-1.341908
1.200000,2.000000,-1.271226
1.300000,2.000000,-1.209676
1.400000,2.000000,-1.156262
1.500000,2.000000,-1.040779
1.600000,2.000000,-0.949176
1.700000,2.000000,-0.878504
1.800000,2.000000,-0.823941
1.900000,2.000000,-0.782746
2.000000,2.000000,-0.753257
2.100000,2.000000,-0.734449
2.200000,2.000000,-0.725732
2.300000,2.000000,-0.704609
2.400000,2.000000,-0.665497
2.500000,2.000000,-0.632726
2.600000,2.000000,-0.605958
2.700000,2.000000,-0.584934
2.800000,2.000000,-0.569462
2.900000,2.000000,
3.000000,2.000000,
3.100000,2.000000,
3.200000,2.000000,
3.300000,2.000000,
3.400000,2.000000,
3.500000,2.000000,
-3.500000,2.100000,
-3.400000,2.100000,
-3.300000,2.100000,
-3.200000,2.100000,
-3.100000,2.100000,
-3.000000,2.100000,
-2.900000,2.100000,
-2.800000,2.100000,
-2.700000,2.100000,-0.619956
-2.600000,2.100000,-0.631738
-2.500000,2.100000,-0.603970
-2.400000,2.100000,-0.585444
-2.300000,2.100000,-0.575723
-2.200000,2.100000,-0.574587
-2.100000,2.100000,-0.582011
-2.000000,2.100000,-0.598160
-1.900000,2.100000,-0.623412
-1.800000,2.100000,-0.658399
-1.700000,2.100000,-0.704103
-1.600000,2.100000,-0.762015
-1.500000,2.100000,-0.834459
-1.400000,2.100000,-0.925273
-1.300000,2.100000,-1.041525
-1.200000,2.100000,-1.199201
-1.100000,2.100000,-1.302664
-1.000000,2.100000,-1.381593
-0.900000,2.100000,-1.472281
-0.800000,2.100000,-1.577245
-0.700000,2.100000,-1.700402
-0.600000,2.100000,-1.848463
-0.500000,2.100000,-2.034945
-0.400000,2.100000,-2.297700
-0.300000,2.100000,
-0.200000,2.100000,
-0.100000,2.100000,
0.000000,2.100000,
0.100000,2.100000,
0.200000,2.100000,
0.300000,2.100000,
0.400000,2.100000,-2.302481
0.500000,2.100000,-2.038155
0.600000,2.100000,-1.851022
0.700000,2.100000,-1.702569
0.800000,2.100000,-1.579137
0.900000,2.100000,-1.473962
1.000000,2.100000,-1.383103
1.100000,2.100000,-1.304031
1.200000,2.100000,-1.202214
1.300000,2.100000,-1.043721
1.400000,2.100000,-0.927007
1.500000,2.100000,-0.835868
1.600000,2.100000,-0.763168
1.700000,2.100000,-0.705040
1.800000,2.100000,-0.659144
1.900000,2.100000,-0.623980
2.000000,2.100000,-0.598561
2.100000,2.100000,-0.582249
2.200000,2.100000,-0.574663
2.300000,2.100000,-0.575635
2.400000,2.100000,-0.585184
2.500000,2.100000,-0.603527
2.600000,2.100000,-0.631097
2.700000,2.100000,-0.620678
2.800000,2.100000,
2.900000,2.100000,
3.000000,2.100000,
3.100000,2.100000,
3.200000,2.100000,
3.300000,2.100000,
3.400000,2.100000,
3.500000,2.100000,
-3.500000,2.200000,
-3.400000,2.200000,
-3.300000,2.200000,
-3.200000,2.200000,
-3.100000,2.200000,
-3.000000,2.200000,
-2.900000,2.200000,
-2.800000,2.200000,
-2.700000,2.200000,
-2.600000,2.200000,-0.499833
-2.500000,2.200000,-0.474943
-2.400000,2.200000,-0.458273
-2.300000,2.200000,-0.449504
-2.200000,2.200000,-0.448479
-2.100000,2.200000,-0.455177
-2.000000,2.200000,-0.469721
-1.900000,2.200000,-0.492383
-1.800000,2.200000,-0.523615
-1.700000,2.200000,-0.564096
-1.600000,2.200000,-0.614818
-1.500000,2.200000,-0.677239
-1.400000,2.200000,-0.753562
-1.300000,2.200000,-0.847323
-1.200000,2.200000,-0.964775
-1.100000,2.200000,-1.119090
-1.000000,2.200000,-1.349333
-0.900000,2.200000,-1.437943
-0.800000,2.200000,-1.540145
-0.700000,2.200000,-1.659447
-0.600000,2.200000,-1.801689
-0.500000,2.200000,-1.978069
-0.400000,2.200000,-2.216637
-0.300000,2.200000,
-0.200000,2.200000,
-0.100000,2.200000,
0.000000,2.200000,
0.100000,2.200000,
0.200000,2.200000,
0.300000,2.200000,
0.400000,2.200000,-2.220943
0.500000,2.200000,-1.981159
0.600000,2.200000,-1.804203
0.700000,2.200000,-1.661599
0.800000,2.200000,-1.542036
0.900000,2.200000,-1.439631
1.000000,2.200000,-1.350855
1.100000,2.200000,-1.122169
1.200000,2.200000,-0.967114
1.300000,2.200000,-0.849220
1.400000,2.200000,-0.755141
1.500000,2.200000,-0.678566
1.600000,2.200000,-0.615935
1.700000,2.200000,-0.565027
1.800000,2.200000,-0.524377
1.900000,2.200000,-0.492987
2.000000,2.200000,-0.470174
2.100000,2.200000,-0.455483
2.200000,2.200000,-0.448638
2.300000,2.200000,-0.449515
2.400000,2.200000,-0.458129
2.500000,2.200000,-0.474639
2.600000,2.200000,-0.499357
2.700000,2.200000,
2.800000,2.200000,
2.900000,2.200000,
3.000000,2.200000,
3.100000,2.200000,
3.200000,2.200000,
3.300000,2.200000,
3.400000,2.200000,
3.500000,2.200000,
-3.500000,2.300000,
-3.400000,2.300000,
-3.300000,2.300000,
-3.200000,2.300000,
-3.100000,2.300000,
-3.000000,2.300000,
-2.900000,2.300000,
-2.800000,2.300000,
-2.700000,2.300000,
-2.600000,2.300000,-0.387954
-2.500000,2.300000,-0.365079
-2.400000,2.300000,-0.349719
-2.300000,2.300000,-0.341629
-2.200000,2.300000,-0.340682
-2.100000,2.300000,-0.346864
-2.000000,2.300000,-0.360270
-1.900000,2.300000,-0.381114
-1.800000,2.300000,-0.409743
-1.700000,2.300000,-0.446672
-1.600000,2.300000,-0.492634
-1.500000,2.300000,-0.548668
-1.400000,2.300000,-0.616273
-1.300000,2.300000,-0.697684
-1.200000,2.300000,-0.796445
-1.100000,2.300000,-0.918746
-1.000000,2.300000,-1.077380
-0.900000,2.300000,-1.310365
-0.800000,2.300000,-1.511540
-0.700000,2.300000,-1.628038
-0.600000,2.300000,-1.766137
-0.500000,2.300000,-1.935607
-0.400000,2.300000,-2.159275
-0.300000,2.300000,-2.538506
-0.200000,2.300000,
-0.100000,2.300000,
0.000000,2.300000,
0.100000,2.300000,
0.200000,2.300000,
0.300000,2.300000,-2.547516
0.400000,2.300000,-2.163334
0.500000,2.300000,-1.938631
0.600000,2.300000,-1.768631
0.700000,2.300000,-1.630188
0.800000,2.300000,-1.513438
0.900000,2.300000,-1.315533
1.000000,2.300000,-1.080656
1.100000,2.300000,-0.921273
1.200000,2.300000,-0.798519
1.300000,2.300000,-0.699434
1.400000,2.300000,-0.617769
1.500000,2.300000,-0.549952
1.600000,2.300000,-0.493733
1.700000,2.300000,-0.447605
1.800000,2.300000,-0.410523
1.900000,2.300000,-0.381749
2.000000,2.300000,-0.360765
2.100000,2.300000,-0.347222
2.200000,2.300000,-0.340904
2.300000,2.300000,-0.341714
2.400000,2.300000,-0.349663
2.500000,2.300000,-0.364876
2.600000,2.300000,-0.387597
2.700000,2.300000,
2.800000,2.300000,
2.900000,2.300000,
3.000000,2.300000,
3.100000,2.300000,
3.200000,2.300000,
3.300000,2.300000,
3.400000,2.300000,
3.500000,2.300000,
-3.500000,2.400000,
-3.400000,2.400000,
-3.300000,2.400000,
-3.200000,2.400000,
-3.100000,2.400000,
-3.000000,2.400000,
-2.900000,2.400000,
-2.800000,2.400000,
-2.700000,2.400000,
-2.600000,2.400000,
-2.500000,2.400000,-0.270092
-2.400000,2.400000,-0.255711
-2.300000,2.400000,-0.248128
-2.200000,2.400000,-0.247240
-2.100000,2.400000,-0.253035
-2.000000,2.400000,-0.265592
-1.900000,2.400000,-0.285084
-1.800000,2.400000,-0.311795
-1.700000,2.400000,-0.346138
-1.600000,2.400000,-0.388692
-1.500000,2.400000,-0.440258
-1.400000,2.400000,-0.501959
-1.300000,2.400000,-0.575393
-1.200000,2.400000,-0.662946
-1.100000,2.400000,-0.768404
-1.000000,2.400000,-0.898420
-0.900000,2.400000,-1.066958
-0.800000,2.400000,-1.317248
-0.700000,2.400000,-1.605449
-0.600000,2.400000,-1.740724
-0.500000,2.400000,-1.905606
-0.400000,2.400000,-2.119979
-0.300000,2.400000,-2.458677
-0.200000,2.400000,
-0.100000,2.400000,
0.000000,2.400000,
0.100000,2.400000,
0.200000,2.400000,
0.300000,2.400000,-2.466031
0.400000,2.400000,-2.123915
0.500000,2.400000,-1.908602
0.600000,2.400000,-1.743217
0.700000,2.400000,-1.607610
0.800000,2.400000,-1.323045
0.900000,2.400000,-1.070539
1.000000,2.400000,-0.901178
1.100000,2.400000,-0.770675
1.200000,2.400000,-0.664877
1.300000,2.400000,-0.577059
1.400000,2.400000,-0.503406
1.500000,2.400000,-0.441517
1.600000,2.400000,-0.389783
1.700000,2.400000,-0.347077
1.800000,2.400000,-0.312592
1.900000,2.400000,-0.285745
2.000000,2.400000,-0.266122
2.100000,2.400000,-0.253437
2.200000,2.400000,-0.247514
2.300000,2.400000,-0.248273
2.400000,2.400000,-0.255724
2.500000,2.400000,-0.269969
2.600000,2.400000,
2.700000,2.400000,
2.800000,2.400000,
2.900000,2.400000,
3.000000,2.400000,
3.100000,2.400000,
3.200000,2.400000,
3.300000,2.400000,
3.400000,2.400000,
3.500000,2.400000,
-3.500000,2.500000,
-3.400000,2.500000,
-3.300000,2.500000,
-3.200000,2.500000,
-3.100000,2.500000,
-3.000000,2.500000,
-2.900000,2.500000,
-2.800000,2.500000,
-2.700000,2.500000,
-2.600000,2.500000,
-2.500000,2.500000,
-2.400000,2.500000,-0.173637
-2.300000,2.500000,-0.166448
-2.200000,2.500000,-0.165606
-2.100000,2.500000,-0.171100
-2.000000,2.500000,-0.182999
-1.900000,2.500000,-0.201449
-1.800000,2.500000,-0.226689
-1.700000,2.500000,-0.259065
-1.600000,2.500000,-0.299055
-1.500000,2.500000,-0.347314
-1.400000,2.500000,-0.404732
-1.300000,2.500000,-0.472548
-1.200000,2.500000,-0.552534
-1.100000,2.500000,-0.647342
-1.000000,2.500000,-0.761246
-0.900000,2.500000,-0.901938
-0.800000,2.500000,-1.086339
-0.700000,2.500000,-1.374662
-0.600000,2.500000,-1.724760
-0.500000,2.500000,-1.886896
-0.400000,2.500000,-2.095907
-0.300000,2.500000,-2.415269
-0.200000,2.500000,
-0.100000,2.500000,
0.000000,2.500000,
0.100000,2.500000,
0.200000,2.500000,
0.300000,2.500000,-2.422041
0.400000,2.500000,-2.099799
0.500000,2.500000,-1.889896
0.600000,2.500000,-1.727270
0.700000,2.500000,-1.381918
0.800000,2.500000,-1.090367
0.900000,2.500000,-0.904984
1.000000,2.500000,-0.763744
1.100000,2.500000,-0.649467
1.200000,2.500000,-0.554375
1.300000,2.500000,-0.474160
1.400000,2.500000,-0.406149
1.500000,2.500000,-0.348559
1.600000,2.500000,-0.300145
1.700000,2.500000,-0.260012
1.800000,2.500000,-0.227501
1.900000,2.500000,-0.202133
2.000000,2.500000,-0.183559
2.100000,2.500000,-0.171538
2.200000,2.500000,-0.165922
2.300000,2.500000,-0.166642
2.400000,2.500000,-0.173707
2.500000,2.500000,
2.600000,2.500000,
2.700000,2.500000,
2.800000,2.500000,
2.900000,2.500000,
3.000000,2.500000,
3.100000,2.500000,
3.200000,2.500000,
3.300000,2.500000,
3.400000,2.500000,
3.500000,2.500000,
-3.500000,2.600000,
-3.400000,2.600000,
-3.300000,2.600000,
-3.200000,2.600000,
-3.100000,2.600000,
-3.000000,2.600000,
-2.900000,2.600000,
-2.800000,2.600000,
-2.700000,2.600000,
-2.600000,2.600000,
-2.500000,2.600000,
-2.400000,2.600000,
-2.300000,2.600000,-0.094833
-2.200000,2.600000,-0.094027
-2.100000,2.600000,-0.099283
-2.000000,2.600000,-0.110659
-1.900000,2.600000,-0.128284
-1.800000,2.600000,-0.152365
-1.700000,2.600000,-0.183200
-1.600000,2.600000,-0.221200
-1.500000,2.600000,-0.266916
-1.400000,2.600000,-0.321091
-1.300000,2.600000,-0.384735
-1.200000,2.600000,-0.459251
-1.100000,2.600000,-0.546663
-1.000000,2.600000,-0.650054
-0.900000,2.600000,-0.774510
-0.800000,2.600000,-0.929607
-0.700000,2.600000,-1.138370
-0.600000,2.600000,-1.518010
-0.500000,2.600000,-1.878822
-0.400000,2.600000,-2.085613
-0.300000,2.600000,
-0.200000,2.600000,
-0.100000,2.600000,
0.000000,2.600000,
0.100000,2.600000,
0.200000,2.600000,
0.300000,2.600000,
0.400000,2.600000,-2.089525
0.500000,2.600000,-1.881854
0.600000,2.600000,-1.530705
0.700000,2.600000,-1.143082
0.800000,2.600000,-0.933025
0.900000,2.600000,-0.777277
1.000000,2.600000,-0.652397
1.100000,2.600000,-0.548695
1.200000,2.600000,-0.461034
1.300000,2.600000,-0.386312
1.400000,2.600000,-0.322489
1.500000,2.600000,-0.268154
1.600000,2.600000,-0.222292
1.700000,2.600000,-0.184157
1.800000,2.600000,-0.153193
1.900000,2.600000,-0.128990
2.000000,2.600000,-0.111246
2.100000,2.600000,-0.099754
2.200000,2.600000,-0.094381
2.300000,2.600000,-0.095070
2.400000,2.600000,
2.500000,2.600000,
2.600000,2.600000,
2.700000,2.600000,
2.800000,2.600000,
2.900000,2.600000,
3.000000,2.600000,
3.100000,2.600000,
3.200000,2.600000,
3.300000,2.600000,
3.400000,2.600000,
3.500000,2.600000,
-3.500000,2.700000,
-3.400000,2.700000,
-3.300000,2.700000,
-3.200000,2.700000,
-3.100000,2.700000,
-3.000000,2.700000,
-2.900000,2.700000,
-2.800000,2.700000,
-2.700000,2.700000,
-2.600000,2.700000,
-2.500000,2.700000,
-2.400000,2.700000,
-2.300000,2.700000,
-2.200000,2.700000,-0.031245
-2.100000,2.700000,-0.036308
-2.000000,2.700000,-0.047262
-1.900000,2.700000,-0.064222
-1.800000,2.700000,-0.087373
-1.700000,2.700000,-0.116978
-1.600000,2.700000,-0.153397
-1.500000,2.700000,-0.197111
-1.400000,2.700000,-0.248759
-1.300000,2.700000,-0.309195
-1.200000,2.700000,-0.379585
-1.100000,2.700000,-0.461565
-1.000000,2.700000,-0.557530
-0.900000,2.700000,-0.671220
-0.800000,2.700000,-0.809063
-0.700000,2.700000,-0.984055
-0.600000,2.700000,-1.232883
-0.500000,2.700000,-1.881118
-0.400000,2.700000,-2.088535
-0.300000,2.700000,
-0.200000,2.700000,
-0.100000,2.700000,
0.000000,2.700000,
0.100000,2.700000,
0.200000,2.700000,
0.300000,2.700000,
0.400000,2.700000,-2.092527
0.500000,2.700000,-1.884208
0.600000,2.700000,-1.238823
0.700000,2.700000,-0.987985
0.800000,2.700000,-0.812161
0.900000,2.700000,-0.673817
1.000000,2.700000,-0.559773
1.100000,2.700000,-0.463534
1.200000,2.700000,-0.381330
1.300000,2.700000,-0.310749
1.400000,2.700000,-0.250146
1.500000,2.700000,-0.198347
1.600000,2.700000,-0.154495
1.700000,2.700000,-0.117946
1.800000,2.700000,-0.088218
1.900000,2.700000,-0.064949
2.000000,2.700000,-0.047874
2.100000,2.700000,-0.036808
2.200000,2.700000,-0.031633
2.300000,2.700000,
2.400000,2.700000,
2.500000,2.700000,
2.600000,2.700000,
2.700000,2.700000,
2.800000,2.700000,
2.900000,2.700000,
3.000000,2.700000,
3.100000,2.700000,
3.200000,2.700000,
3.300000,2.700000,
3.400000,2.700000,
3.500000,2.700000,
-3.500000,2.800000,
-3.400000,2.800000,
-3.300000,2.800000,
-3.200000,2.800000,
-3.100000,2.800000,
-3.000000,2.800000,
-2.900000,2.800000,
-2.800000,2.800000,
-2.700000,2.800000,
-2.600000,2.800000,
-2.500000,2.800000,
-2.400000,2.800000,
-2.300000,2.800000,
-2.200000,2.800000,
-2.100000,2.800000,
-2.000000,2.800000,0.008162
-1.900000,2.800000,-0.008258
-1.800000,2.800000,-0.030653
-1.700000,2.800000,-0.059262
-1.600000,2.800000,-0.094408
-1.500000,2.800000,-0.136519
-1.400000,2.800000,-0.186160
-1.300000,2.800000,-0.244075
-1.200000,2.800000,-0.311267
-1.100000,2.800000,-0.389114
-1.000000,2.800000,-0.479577
-0.900000,2.800000,-0.585605
-0.800000,2.800000,-0.711973
-0.700000,2.800000,-0.867413
-0.600000,2.800000,-1.071736
-0.500000,2.800000,-1.403387
-0.400000,2.800000,
-0.300000,2.800000,
-0.200000,2.800000,
-0.100000,2.800000,
0.000000,2.800000,
0.100000,2.800000,
0.200000,2.800000,
0.300000,2.800000,
0.400000,2.800000,
0.500000,2.800000,-1.412741
0.600000,2.800000,-1.076452
0.700000,2.800000,-0.870946
0.800000,2.800000,-0.714876
0.900000,2.800000,-0.588090
1.000000,2.800000,-0.481752
1.100000,2.800000,-0.391040
1.200000,2.800000,-0.312987
1.300000,2.800000,-0.245616
1.400000,2.800000,-0.187542
1.500000,2.800000,-0.137758
1.600000,2.800000,-0.095513
1.700000,2.800000,-0.060242
1.800000,2.800000,-0.031514
1.900000,2.800000,-0.009005
2.000000,2.800000,0.007526
2.100000,2.800000,
2.200000,2.800000,
2.300000,2.800000,
2.400000,2.800000,
2.500000,2.800000,
2.600000,2.800000,
2.700000,2.800000,
2.800000,2.800000,
2.900000,2.800000,
3.000000,2.800000,
3.100000,2.800000,
3.200000,2.800000,
3.300000,2.800000,
3.400000,2.800000,
3.500000,2.800000,
-3.500000,2.900000,
-3.400000,2.900000,
-3.300000,2.900000,
-3.200000,2.900000,
-3.100000,2.900000,
-3.000000,2.900000,
-2.900000,2.900000,
-2.800000,2.900000,
-2.700000,2.900000,
-2.600000,2.900000,
-2.500000,2.900000,
-2.400000,2.900000,
-2.300000,2.900000,
-2.200000,2.900000,
-2.100000,2.900000,
-2.000000,2.900000,
-1.900000,2.900000,0.040371
-1.800000,2.900000,0.018593
-1.700000,2.900000,-0.009205
-1.600000,2.900000,-0.043317
-1.500000,2.900000,-0.084133
-1.400000,2.900000,-0.132161
-1.300000,2.900000,-0.188068
-1.200000,2.900000,-0.252739
-1.100000,2.900000,-0.327370
-1.000000,2.900000,-0.413635
-0.900000,2.900000,-0.513976
-0.800000,2.900000,-0.632188
-0.700000,2.900000,-0.774775
-0.600000,2.900000,-0.954806
-0.500000,2.900000,-1.208675
-0.400000,2.900000,
-0.300000,2.900000,
-0.200000,2.900000,
-0.100000,2.900000,
0.000000,2.900000,
0.100000,2.900000,
0.200000,2.900000,
0.300000,2.900000,
0.400000,2.900000,
0.500000,2.900000,-1.214892
0.600000,2.900000,-0.958963
0.700000,2.900000,-0.778071
0.800000,2.900000,-0.634963
0.900000,2.900000,-0.516385
1.000000,2.900000,-0.415763
1.100000,2.900000,-0.329268
1.200000,2.900000,-0.254442
1.300000,2.900000,-0.189602
1.400000,2.900000,-0.133543
1.500000,2.900000,-0.085377
1.600000,2.900000,-0.044432
1.700000,2.900000,-0.010198
1.800000,2.900000,0.017715
1.900000,2.900000,0.039605
2.000000,2.900000,
2.100000,2.900000,
2.200000,2.900000,
2.300000,2.900000,
2.400000,2.900000,
2.500000,2.900000,
2.600000,2.900000,
2.700000,2.900000,
2.800000,2.900000,
2.900000,2.900000,
3.000000,2.900000,
3.100000,2.900000,
3.200000,2.900000,
3.300000,2.900000,
3.400000,2.900000,
3.500000,2.900000,
-3.500000,3.000000,
-3.400000,3.000000,
-3.300000,3.000000,
-3.200000,3.000000,
-3.100000,3.000000,
-3.000000,3.000000,
-2.900000,3.000000,
-2.800000,3.000000,
-2.700000,3.000000,
-2.600000,3.000000,
-2.500000,3.000000,
-2.400000,3.000000,
-2.300000,3.000000,
-2.200000,3.000000,
-2.100000,3.000000,
-2.000000,3.000000,
-1.900000,3.000000,
-1.800000,3.000000,0.060977
-1.700000,3.000000,0.033841
-1.600000,3.000000,0.000569
-1.500000,3.000000,-0.039197
-1.400000,3.000000,-0.085925
-1.300000,3.000000,-0.140221
-1.200000,3.000000,-0.202885
-1.100000,3.000000,-0.274985
-1.000000,3.000000,-0.357991
-0.900000,3.000000,-0.454003
-0.800000,3.000000,-0.566192
-0.700000,3.000000,-0.699747
-0.600000,3.000000,-0.864325
-0.500000,3.000000,-1.082621
-0.400000,3.000000,-1.458190
-0.300000,3.000000,
-0.200000,3.000000,
-0.100000,3.000000,
0.000000,3.000000,
0.100000,3.000000,
0.200000,3.000000,
0.300000,3.000000,
0.400000,3.000000,-1.470270
0.500000,3.000000,-1.087826
0.600000,3.000000,-0.868163
0.700000,3.000000,-0.702889
0.800000,3.000000,-0.568881
0.900000,3.000000,-0.456361
1.000000,3.000000,-0.360088
1.100000,3.000000,-0.276866
1.200000,3.000000,-0.204580
1.300000,3.000000,-0.141754
1.400000,3.000000,-0.087310
1.500000,3.000000,-0.040448
1.600000,3.000000,-0.000556
1.700000,3.000000,0.032834
1.800000,3.000000,0.060082
1.900000,3.000000,
2.000000,3.000000,
2.100000,3.000000,
2.200000,3.000000,
2.300000,3.000000,
2.400000,3.000000,
2.500000,3.000000,
2.600000,3.000000,
2.700000,3.000000,
2.800000,3.000000,
2.900000,3.000000,
3.000000,3.000000,
3.100000,3.000000,
3.200000,3.000000,
3.300000,3.000000,
3.400000,3.000000,
3.500000,3.000000,
-3.500000,3.100000,
-3.400000,3.100000,
-3.300000,3.100000,
-3.200000,3.100000,
-3.100000,3.100000,
-3.000000,3.100000,
-2.900000,3.100000,
-2.800000,3.100000,
-2.700000,3.100000,
-2.600000,3.100000,
-2.500000,3.100000,
-2.400000,3.100000,
-2.300000,3.100000,
-2.200000,3.100000,
-2.100000,3.100000,
-2.000000,3.100000,
-1.900000,3.100000,
-1.800000,3.100000,
-1.700000,3.100000,
-1.600000,3.100000,0.037783
-1.500000,3.100000,-0.001135
-1.400000,3.100000,-0.046816
-1.300000,3.100000,-0.099822
-1.200000,3.100000,-0.160888
-1.100000,3.100000,-0.230989
-1.000000,3.100000,-0.311447
-0.900000,3.100000,-0.404125
-0.800000,3.100000,-0.511772
-0.700000,3.100000,-0.638744
-0.600000,3.100000,-0.792733
-0.500000,3.100000,-0.990068
-0.400000,3.100000,-1.283210
-0.300000,3.100000,
-0.200000,3.100000,
-0.100000,3.100000,
0.000000,3.100000,
0.100000,3.100000,
0.200000,3.100000,
0.300000,3.100000,
0.400000,3.100000,-1.290952
0.500000,3.100000,-0.994761
0.600000,3.100000,-0.796371
0.700000,3.100000,-0.641784
0.800000,3.100000,-0.514403
0.900000,3.100000,-0.406448
1.000000,3.100000,-0.313524
1.100000,3.100000,-0.232860
1.200000,3.100000,-0.162581
1.300000,3.100000,-0.101357
1.400000,3.100000,-0.048208
1.500000,3.100000,-0.002396
1.600000,3.100000,0.036645
1.700000,3.100000,
1.800000,3.100000,
1.900000,3.100000,
2.000000,3.100000,
2.100000,3.100000,
2.200000,3.100000,
2.300000,3.100000,
2.400000,3.100000,
2.500000,3.100000,
2.600000,3.100000,
2.700000,3.100000,
2.800000,3.100000,
2.900000,3.100000,
3.000000,3.100000,
3.100000,3.100000,
3.200000,3.100000,
3.300000,3.100000,
3.400000,3.100000,
3.500000,3.100000,
-3.500000,3.200000,
-3.400000,3.200000,
-3.300000,3.200000,
-3.200000,3.200000,
-3.100000,3.200000,
-3.000000,3.200000,
-2.900000,3.200000,
-2.800000,3.200000,
-2.700000,3.200000,
-2.600000,3.200000,
-2.500000,3.200000,
-2.400000,3.200000,
-2.300000,3.200000,
-2.200000,3.200000,
-2.100000,3.200000,
-2.000000,3.200000,
-1.900000,3.200000,
-1.800000,3.200000,
-1.700000,3.200000,
-1.600000,3.200000,
-1.500000,3.200000,
-1.400000,3.200000,-0.014352
-1.300000,3.200000,-0.066333
-1.200000,3.200000,-0.126137
-1.100000,3.200000,-0.194666
-1.000000,3.200000,-0.273139
-0.900000,3.200000,-0.363247
-0.800000,3.200000,-0.467448
-0.700000,3.200000,-0.589545
-0.600000,3.200000,-0.736005
-0.500000,3.200000,-0.919682
-0.400000,3.200000,-1.175446
-0.300000,3.200000,
-0.200000,3.200000,
-0.100000,3.200000,
0.000000,3.200000,
0.100000,3.200000,
0.200000,3.200000,
0.300000,3.200000,
0.400000,3.200000,-1.181897
0.500000,3.200000,-0.924075
0.600000,3.200000,-0.739513
0.700000,3.200000,-0.592516
0.800000,3.200000,-0.470041
0.900000,3.200000,-0.365550
1.000000,3.200000,-0.275206
1.100000,3.200000,-0.196534
1.200000,3.200000,-0.127832
1.300000,3.200000,-0.067875
1.400000,3.200000,-0.015753
1.500000,3.200000,
1.600000,3.200000,
1.700000,3.200000,
1.800000,3.200000,
1.900000,3.200000,
2.000000,3.200000,
2.100000,3.200000,
2.200000,3.200000,
2.300000,3.200000,
2.400000,3.200000,
2.500000,3.200000,
2.600000,3.200000,
2.700000,3.200000,
2.800000,3.200000,
2.900000,3.200000,
3.000000,3.200000,
3.100000,3.200000,
3.200000,3.200000,
3.300000,3.200000,
3.400000,3.200000,
3.500000,3.200000,
-3.500000,3.300000,
-3.400000,3.300000,
-3.300000,3.300000,
-3.200000,3.300000,
-3.100000,3.300000,
-3.000000,3.300000,
-2.900000,3.300000,
-2.800000,3.300000,
-2.700000,3.300000,
-2.600000,3.300000,
-2.500000,3.300000,
-2.400000,3.300000,
-2.300000,3.300000,
-2.200000,3.300000,
-2.100000,3.300000,
-2.000000,3.300000,
-1.900000,3.300000,
-1.800000,3.300000,
-1.700000,3.300000,
-1.600000,3.300000,
-1.500000,3.300000,
-1.400000,3.300000,
-1.300000,3.300000,
-1.200000,3.300000,
-1.100000,3.300000,-0.165489
-1.000000,3.300000,-0.242438
-0.900000,3.300000,-0.330591
-0.800000,3.300000,-0.432199
-0.700000,3.300000,-0.550690
-0.600000,3.300000,-0.691739
-0.500000,3.300000,-0.866128
-0.400000,3.300000,
-0.300000,3.300000,
-0.200000,3.300000,
-0.100000,3.300000,
0.000000,3.300000,
0.100000,3.300000,
0.200000,3.300000,
0.300000,3.300000,
0.400000,3.300000,
0.500000,3.300000,-0.870337
0.600000,3.300000,-0.695165
0.700000,3.300000,-0.553620
0.800000,3.300000,-0.434771
0.900000,3.300000,-0.332884
1.000000,3.300000,-0.244503
1.100000,3.300000,-0.167360
1.200000,3.300000,
1.300000,3.300000,
1.400000,3.300000,
1.500000,3.300000,
1.600000,3.300000,
1.700000,3.300000,
1.800000,3.300000,
1.900000,3.300000,
2.000000,3.300000,
2.100000,3.300000,
2.200000,3.300000,
2.300000,3.300000,
2.400000,3.300000,
2.500000,3.300000,
2.600000,3.300000,
2.700000,3.300000,
2.800000,3.300000,
2.900000,3.300000,
3.000000,3.300000,
3.100000,3.300000,
3.200000,3.300000,
3.300000,3.300000,
3.400000,3.300000,
3.500000,3.300000,
-3.500000,3.400000,
-3.400000,3.400000,
-3.300000,3.400000,
-3.200000,3.400000,
-3.100000,3.400000,
-3.000000,3.400000,
-2.900000,3.400000,
-2.800000,3.400000,
-2.700000,3.400000,
-2.600000,3.400000,
-2.500000,3.400000,
-2.400000,3.400000,
-2.300000,3.400000,
-2.200000,3.400000,
-2.100000,3.400000,
-2.000000,3.400000,
-1.900000,3.400000,
-1.800000,3.400000,
-1.700000,3.400000,
-1.600000,3.400000,
-1.500000,3.400000,
-1.400000,3.400000,
-1.300000,3.400000,
-1.200000,3.400000,
-1.100000,3.400000,
-1.000000,3.400000,
-0.900000,3.400000,
-0.800000,3.400000,
-0.700000,3.400000,
-0.600000,3.400000,
-0.500000,3.400000,
-0.400000,3.400000,
-0.300000,3.400000,
-0.200000,3.400000,
-0.100000,3.400000,
0.000000,3.400000,
0.100000,3.400000,
0.200000,3.400000,
0.300000,3.400000,
0.400000,3.400000,
0.500000,3.400000,
0.600000,3.400000,
0.700000,3.400000,
0.800000,3.400000,
0.900000,3.400000,
1.000000,3.400000,
1.100000,3.400000,
1.200000,3.400000,
1.300000,3.400000,
1.400000,3.400000,
1.500000,3.400000,
1.600000,3.400000,
1.700000,3.400000,
1.800000,3.400000,
1.900000,3.400000,
2.000000,3.400000,
2.100000,3.400000,
2.200000,3.400000,
2.300000,3.400000,
2.400000,3.400000,
2.500000,3.400000,
2.600000,3.400000,
2.700000,3.400000,
2.800000,3.400000,
2.900000,3.400000,
3.000000,3.400000,
3.100000,3.400000,
3.200000,3.400000,
3.300000,3.400000,
3.400000,3.400000,
3.500000,3.400000,
-3.500000,3.500000,
-3.400000,3.500000,
-3.300000,3.500000,
-3.200000,3.500000,
-3.100000,3.500000,
-3.000000,3.500000,
-2.900000,3.500000,
-2.800000,3.500000,
-2.700000,3.500000,
-2.600000,3.500000,
-2.500000,3.500000,
-2.400000,3.500000,
-2.300000,3.500000,
-2.200000,3.500000,
-2.100000,3.500000,
-2.000000,3.500000,
-1.900000,3.500000,
-1.800000,3.500000,
-1.700000,3.500000,
-1.600000,3.500000,
-1.500000,3.500000,
-1.400000,3.500000,
-1.300000,3.500000,
-1.200000,3.500000,
-1.100000,3.500000,
-1.000000,3.500000,
-0.900000,3.500000,
-0.800000,3.500000,
-0.700000,3.500000,
-0.600000,3.500000,
-0.500000,3.500000,
-0.400000,3.500000,
-0.300000,3.500000,
-0.200000,3.500000,
-0.100000,3.500000,
0.000000,3.500000,
0.100000,3.500000,
0.200000,3.500000,
0.300000,3.500000,
0.400000,3.500000,
0.500000,3.500000,
0.600000,3.500000,
0.700000,3.500000,
0.800000,3.500000,
0.900000,3.500000,
1.000000,3.500000,
1.100000,3.500000,
1.200000,3.500000,
1.300000,3.500000,
1.400000,3.500000,
1.500000,3.500000,
1.600000,3.500000,
1.700000,3.500000,
1.800000,3.500000,
1.900000,3.500000,
2.000000,3.500000,
2.100000,3.500000,
2.200000,3.500000,
2.300000,3.500000,
2.400000,3.500000,
2.500000,3.500000,
2.600000,3.500000,
2.700000,3.500000,
2.800000,3.500000,
2.900000,3.500000,
3.000000,3.500000,
3.100000,3.500000,
3.200000,3.500000,
3.300000,3.500000,
3.400000,3.500000,
3.500000,3.500000,
