x,y,z
-3.500000,-3.500000,
-3.450000,-3.500000,
-3.400000,-3.500000,
-3.350000,-3.500000,
-3.300000,-3.500000,
-3.250000,-3.500000,
-3.200000,-3.500000,
-3.150000,-3.500000,
-3.100000,-3.500000,
-3.050000,-3.500000,
-3.000000,-3.500000,
-2.950000,-3.500000,
-2.900000,-3.500000,
-2.850000,-3.500000,
-2.800000,-3.500000,
-2.750000,-3.500000,
-2.700000,-3.500000,
-2.650000,-3.500000,
-2.600000,-3.500000,
-2.550000,-3.500000,
-2.500000,-3.500000,
-2.450000,-3.500000,
-2.400000,-3.500000,
-2.350000,-3.500000,
-2.300000,-3.500000,
-2.250000,-3.500000,
-2.200000,-3.500000,
-2.150000,-3.500000,
-2.100000,-3.500000,
-2.050000,-3.500000,
-2.000000,-3.500000,
-1.950000,-3.500000,
-1.900000,-3.500000,
-1.850000,-3.500000,
-1.800000,-3.500000,
-1.750000,-3.500000,
-1.700000,-3.500000,
-1.650000,-3.500000,
-1.600000,-3.500000,
-1.550000,-3.500000,
-1.500000,-3.500000,
-1.450000,-3.500000,
-1.400000,-3.500000,
-1.350000,-3.500000,
-1.300000,-3.500000,
-1.250000,-3.500000,
-1.200000,-3.500000,
-1.150000,-3.500000,
-1.100000,-3.500000,
-1.050000,-3.500000,
-1.000000,-3.500000,
-0.950000,-3.500000,
-0.900000,-3.500000,
-0.850000,-3.500000,
-0.800000,-3.500000,
-0.750000,-3.500000,
-0.700000,-3.500000,
-0.650000,-3.500000,
-0.600000,-3.500000,
-0.550000,-3.500000,
-0.500000,-3.500000,
-0.450000,-3.500000,
-0.400000,-3.500000,
-0.350000,-3.500000,
-0.300000,-3.500000,
-0.250000,-3.500000,
-0.200000,-3.500000,
-0.150000,-3.500000,
-0.100000,-3.500000,
-0.050000,-3.500000,
-0.000000,-3.500000,
0.050000,-3.500000,
0.100000,-3.500000,
0.150000,-3.500000,
0.200000,-3.500000,
0.250000,-3.500000,
0.300000,-3.500000,
0.350000,-3.500000,
0.400000,-3.500000,
0.450000,-3.500000,
0.500000,-3.500000,
0.550000,-3.500000,
0.600000,-3.500000,
0.650000,-3.500000,
0.700000,-3.500000,
0.750000,-3.500000,
0.800000,-3.500000,
0.850000,-3.500000,
0.900000,-3.500000,
0.950000,-3.500000,
1.000000,-3.500000,
1.050000,-3.500000,
1.100000,-3.500000,
1.150000,-3.500000,
1.200000,-3.500000,
1.250000,-3.500000,
1.300000,-3.500000,
1.350000,-3.500000,
1.400000,-3.500000,
1.450000,-3.500000,
1.500000,-3.500000,
1.550000,-3.500000,
1.600000,-3.500000,
1.650000,-3.500000,
1.700000,-3.500000,
1.750000,-3.500000,
1.800000,-3.500000,
1.850000,-3.500000,
1.900000,-3.500000,
1.950000,-3.500000,
2.000000,-3.500000,
2.050000,-3.500000,
2.100000,-3.500000,
2.150000,-3.500000,
2.200000,-3.500000,
2.250000,-3.500000,
2.300000,-3.500000,
2.350000,-3.500000,
2.400000,-3.500000,
2.450000,-3.500000,
2.500000,-3.500000,
2.550000,-3.500000,
2.600000,-3.500000,
2.650000,-3.500000,
2.700000,-3.500000,
2.750000,-3.500000,
2.800000,-3.500000,
2.850000,-3.500000,
2.900000,-3.500000,
2.950000,-3.500000,
3.000000,-3.500000,
3.050000,-3.500000,
3.100000,-3.500000,
3.150000,-3.500000,
3.200000,-3.500000,
3.250000,-3.500000,
3.300000,-3.500000,
3.350000,-3.500000,
3.400000,-3.500000,
3.450000,-3.500000,
3.500000,-3.500000,
-3.500000,-3.450000,
-3.450000,-3.450000,
-3.400000,-3.450000,
-3.350000,-3.450000,
-3.300000,-3.450000,
-3.250000,-3.450000,
-3.200000,-3.450000,
-3.150000,-3.450000,
-3.100000,-3.450000,
-3.050000,-3.450000,
-3.000000,-3.450000,
-2.950000,-3.450000,
-2.900000,-3.450000,
-2.850000,-3.450000,
-2.800000,-3.450000,
-2.750000,-3.450000,
-2.700000,-3.450000,
-2.650000,-3.450000,
-2.600000,-3.450000,
-2.550000,-3.450000,
-2.500000,-3.450000,
-2.450000,-3.450000,
-2.400000,-3.450000,
-2.350000,-3.450000,
-2.300000,-3.450000,
-2.250000,-3.450000,
-2.200000,-3.450000,
-2.150000,-3.450000,
-2.100000,-3.450000,
-2.050000,-3.450000,
-2.000000,-3.450000,
-1.950000,-3.450000,
-1.900000,-3.450000,
-1.850000,-3.450000,
-1.800000,-3.450000,
-1.750000,-3.450000,
-1.700000,-3.450000,
-1.650000,-3.450000,
-1.600000,-3.450000,
-1.550000,-3.450000,
-1.500000,-3.450000,
-1.450000,-3.450000,
-1.400000,-3.450000,
-1.350000,-3.450000,
-1.300000,-3.450000,
-1.250000,-3.450000,
-1.200000,-3.450000,
-1.150000,-3.450000,
-1.100000,-3.450000,
-1.050000,-3.450000,
-1.000000,-3.450000,
-0.950000,-3.450000,
-0.900000,-3.450000,
-0.850000,-3.450000,
-0.800000,-3.450000,
-0.750000,-3.450000,
-0.700000,-3.450000,
-0.650000,-3.450000,
-0.600000,-3.450000,
-0.550000,-3.450000,
-0.500000,-3.450000,
-0.450000,-3.450000,
-0.400000,-3.450000,
-0.350000,-3.450000,-0.439673
-0.300000,-3.450000,-0.431150
-0.250000,-3.450000,-0.423968
-0.200000,-3.450000,-0.418111
-0.150000,-3.450000,-0.413569
-0.100000,-3.450000,-0.410330
-0.050000,-3.450000,-0.408390
-0.000000,-3.450000,-0.407744
0.050000,-3.450000,-0.408390
0.100000,-3.450000,-0.410330
0.150000,-3.450000,-0.413569
0.200000,-3.450000,-0.418111
0.250000,-3.450000,-0.423968
0.300000,-3.450000,-0.431150
0.350000,-3.450000,-0.439673
0.400000,-3.450000,
0.450000,-3.450000,
0.500000,-3.450000,
0.550000,-3.450000,
0.600000,-3.450000,
0.650000,-3.450000,
0.700000,-3.450000,
0.750000,-3.450000,
0.800000,-3.450000,
0.850000,-3.450000,
0.900000,-3.450000,
0.950000,-3.450000,
1.000000,-3.450000,
1.050000,-3.450000,
1.100000,-3.450000,
1.150000,-3.450000,
1.200000,-3.450000,
1.250000,-3.450000,
1.300000,-3.450000,
1.350000,-3.450000,
1.400000,-3.450000,
1.450000,-3.450000,
1.500000,-3.450000,
1.550000,-3.450000,
1.600000,-3.450000,
1.650000,-3.450000,
1.700000,-3.450000,
1.750000,-3.450000,
1.800000,-3.450000,
1.850000,-3.450000,
1.900000,-3.450000,
1.950000,-3.450000,
2.000000,-3.450000,
2.050000,-3.450000,
2.100000,-3.450000,
2.150000,-3.450000,
2.200000,-3.450000,
2.250000,-3.450000,
2.300000,-3.450000,
2.350000,-3.450000,
2.400000,-3.450000,
2.450000,-3.450000,
2.500000,-3.450000,
2.550000,-3.450000,
2.600000,-3.450000,
2.650000,-3.450000,
2.700000,-3.450000,
2.750000,-3.450000,
2.800000,-3.450000,
2.850000,-3.450000,
2.900000,-3.450000,
2.950000,-3.450000,
3.000000,-3.450000,
3.050000,-3.450000,
3.100000,-3.450000,
3.150000,-3.450000,
3.200000,-3.450000,
3.250000,-3.450000,
3.300000,-3.450000,
3.350000,-3.450000,
3.400000,-3.450000,
3.450000,-3.450000,
3.500000,-3.450000,
-3.500000,-3.400000,
-3.450000,-3.400000,
-3.400000,-3.400000,
-3.350000,-3.400000,
-3.300000,-3.400000,
-3.250000,-3.400000,
-3.200000,-3.400000,
-3.150000,-3.400000,
-3.100000,-3.400000,
-3.050000,-3.400000,
-3.000000,-3.400000,
-2.950000,-3.400000,
-2.900000,-3.400000,
-2.850000,-3.400000,
-2.800000,-3.400000,
-2.750000,-3.400000,
-2.700000,-3.400000,
-2.650000,-3.400000,
-2.600000,-3.400000,
-2.550000,-3.400000,
-2.500000,-3.400000,
-2.450000,-3.400000,
-2.400000,-3.400000,
-2.350000,-3.400000,
-2.300000,-3.400000,
-2.250000,-3.400000,
-2.200000,-3.400000,
-2.150000,-3.400000,
-2.100000,-3.400000,
-2.050000,-3.400000,
-2.000000,-3.400000,
-1.950000,-3.400000,
-1.900000,-3.400000,
-1.850000,-3.400000,
-1.800000,-3.400000,
-1.750000,-3.400000,
-1.700000,-3.400000,
-1.650000,-3.400000,
-1.600000,-3.400000,
-1.550000,-3.400000,
-1.500000,-3.400000,
-1.450000,-3.400000,
-1.400000,-3.400000,
-1.350000,-3.400000,
-1.300000,-3.400000,
-1.250000,-3.400000,
-1.200000,-3.400000,
-1.150000,-3.400000,
-1.100000,-3.400000,
-1.050000,-3.400000,
-1.000000,-3.400000,
-0.950000,-3.400000,
-0.900000,-3.400000,
-0.850000,-3.400000,
-0.800000,-3.400000,
-0.750000,-3.400000,
-0.700000,-3.400000,
-0.650000,-3.400000,-0.508238
-0.600000,-3.400000,-0.491276
-0.550000,-3.400000,-0.475806
-0.500000,-3.400000,-0.461793
-0.450000,-3.400000,-0.449204
-0.400000,-3.400000,-0.438010
-0.350000,-3.400000,-0.428188
-0.300000,-3.400000,-0.419716
-0.250000,-3.400000,-0.412577
-0.200000,-3.400000,-0.406755
-0.150000,-3.400000,-0.402239
-0.100000,-3.400000,-0.399019
-0.050000,-3.400000,-0.397090
-0.000000,-3.400000,-0.396448
0.050000,-3.400000,-0.397090
0.100000,-3.400000,-0.399019
0.150000,-3.400000,-0.402239
0.200000,-3.400000,-0.406755
0.250000,-3.400000,-0.412577
0.300000,-3.400000,-0.419716
0.350000,-3.400000,-0.428188
0.400000,-3.400000,-0.438010
0.450000,-3.400000,-0.449204
0.500000,-3.400000,-0.461793
0.550000,-3.400000,-0.475806
0.600000,-3.400000,-0.491276
0.650000,-3.400000,-0.508238
0.700000,-3.400000,
0.750000,-3.400000,
0.800000,-3.400000,
0.850000,-3.400000,
0.900000,-3.400000,
0.950000,-3.400000,
1.000000,-3.400000,
1.050000,-3.400000,
1.100000,-3.400000,
1.150000,-3.400000,
1.200000,-3.400000,
1.250000,-3.400000,
1.300000,-3.400000,
1.350000,-3.400000,
1.400000,-3.400000,
1.450000,-3.400000,
1.500000,-3.400000,
1.550000,-3.400000,
1.600000,-3.400000,
1.650000,-3.400000,
1.700000,-3.400000,
1.750000,-3.400000,
1.800000,-3.400000,
1.850000,-3.400000,
1.900000,-3.400000,
1.950000,-3.400000,
2.000000,-3.400000,
2.050000,-3.400000,
2.100000,-3.400000,
2.150000,-3.400000,
2.200000,-3.400000,
2.250000,-3.400000,
2.300000,-3.400000,
2.350000,-3.400000,
2.400000,-3.400000,
2.450000,-3.400000,
2.500000,-3.400000,
2.550000,-3.400000,
2.600000,-3.400000,
2.650000,-3.400000,
2.700000,-3.400000,
2.750000,-3.400000,
2.800000,-3.400000,
2.850000,-3.400000,
2.900000,-3.400000,
2.950000,-3.400000,
3.000000,-3.400000,
3.050000,-3.400000,
3.100000,-3.400000,
3.150000,-3.400000,
3.200000,-3.400000,
3.250000,-3.400000,
3.300000,-3.400000,
3.350000,-3.400000,
3.400000,-3.400000,
3.450000,-3.400000,
3.500000,-3.400000,
-3.500000,-3.350000,
-3.450000,-3.350000,
-3.400000,-3.350000,
-3.350000,-3.350000,
-3.300000,-3.350000,
-3.250000,-3.350000,
-3.200000,-3.350000,
-3.150000,-3.350000,
-3.100000,-3.350000,
-3.050000,-3.350000,
-3.000000,-3.350000,
-2.950000,-3.350000,
-2.900000,-3.350000,
-2.850000,-3.350000,
-2.800000,-3.350000,
-2.750000,-3.350000,
-2.700000,-3.350000,
-2.650000,-3.350000,
-2.600000,-3.350000,
-2.550000,-3.350000,
-2.500000,-3.350000,
-2.450000,-3.350000,
-2.400000,-3.350000,
-2.350000,-3.350000,
-2.300000,-3.350000,
-2.250000,-3.350000,
-2.200000,-3.350000,
-2.150000,-3.350000,
-2.100000,-3.350000,
-2.050000,-3.350000,
-2.000000,-3.350000,
-1.950000,-3.350000,
-1.900000,-3.350000,
-1.850000,-3.350000,
-1.800000,-3.350000,
-1.750000,-3.350000,
-1.700000,-3.350000,
-1.650000,-3.350000,
-1.600000,-3.350000,
-1.550000,-3.350000,
-1.500000,-3.350000,
-1.450000,-3.350000,
-1.400000,-3.350000,
-1.350000,-3.350000,
-1.300000,-3.350000,
-1.250000,-3.350000,
-1.200000,-3.350000,
-1.150000,-3.350000,
-1.100000,-3.350000,
-1.050000,-3.350000,
-1.000000,-3.350000,
-0.950000,-3.350000,
-0.900000,-3.350000,
-0.850000,-3.350000,
-0.800000,-3.350000,-0.557620
-0.750000,-3.350000,-0.536034
-0.700000,-3.350000,-0.516073
-0.650000,-3.350000,-0.497682
-0.600000,-3.350000,-0.480816
-0.550000,-3.350000,-0.465432
-0.500000,-3.350000,-0.451496
-0.450000,-3.350000,-0.438975
-0.400000,-3.350000,-0.427841
-0.350000,-3.350000,-0.418071
-0.300000,-3.350000,-0.409644
-0.250000,-3.350000,-0.402541
-0.200000,-3.350000,-0.396749
-0.150000,-3.350000,-0.392256
-0.100000,-3.350000,-0.389054
-0.050000,-3.350000,-0.387134
-0.000000,-3.350000,-0.386495
0.050000,-3.350000,-0.387134
0.100000,-3.350000,-0.389054
0.150000,-3.350000,-0.392256
0.200000,-3.350000,-0.396749
0.250000,-3.350000,-0.402541
0.300000,-3.350000,-0.409644
0.350000,-3.350000,-0.418071
0.400000,-3.350000,-0.427841
0.450000,-3.350000,-0.438975
0.500000,-3.350000,-0.451496
0.550000,-3.350000,-0.465432
0.600000,-3.350000,-0.480816
0.650000,-3.350000,-0.497682
0.700000,-3.350000,-0.516073
0.750000,-3.350000,-0.536034
0.800000,-3.350000,-0.557620
0.850000,-3.350000,
0.900000,-3.350000,
0.950000,-3.350000,
1.000000,-3.350000,
1.050000,-3.350000,
1.100000,-3.350000,
1.150000,-3.350000,
1.200000,-3.350000,
1.250000,-3.350000,
1.300000,-3.350000,
1.350000,-3.350000,
1.400000,-3.350000,
1.450000,-3.350000,
1.500000,-3.350000,
1.550000,-3.350000,
1.600000,-3.350000,
1.650000,-3.350000,
1.700000,-3.350000,
1.750000,-3.350000,
1.800000,-3.350000,
1.850000,-3.350000,
1.900000,-3.350000,
1.950000,-3.350000,
2.000000,-3.350000,
2.050000,-3.350000,
2.100000,-3.350000,
2.150000,-3.350000,
2.200000,-3.350000,
2.250000,-3.350000,
2.300000,-3.350000,
2.350000,-3.350000,
2.400000,-3.350000,
2.450000,-3.350000,
2.500000,-3.350000,
2.550000,-3.350000,
2.600000,-3.350000,
2.650000,-3.350000,
2.700000,-3.350000,
2.750000,-3.350000,
2.800000,-3.350000,
2.850000,-3.350000,
2.900000,-3.350000,
2.950000,-3.350000,
3.000000,-3.350000,
3.050000,-3.350000,
3.100000,-3.350000,
3.150000,-3.350000,
3.200000,-3.350000,
3.250000,-3.350000,
3.300000,-3.350000,
3.350000,-3.350000,
3.400000,-3.350000,
3.450000,-3.350000,
3.500000,-3.350000,
-3.500000,-3.300000,
-3.450000,-3.300000,
-3.400000,-3.300000,
-3.350000,-3.300000,
-3.300000,-3.300000,
-3.250000,-3.300000,
-3.200000,-3.300000,
-3.150000,-3.300000,
-3.100000,-3.300000,
-3.050000,-3.300000,
-3.000000,-3.300000,
-2.950000,-3.300000,
-2.900000,-3.300000,
-2.850000,-3.300000,
-2.800000,-3.300000,
-2.750000,-3.300000,
-2.700000,-3.300000,
-2.650000,-3.300000,
-2.600000,-3.300000,
-2.550000,-3.300000,
-2.500000,-3.300000,
-2.450000,-3.300000,
-2.400000,-3.300000,
-2.350000,-3.300000,
-2.300000,-3.300000,
-2.250000,-3.300000,
-2.200000,-3.300000,
-2.150000,-3.300000,
-2.100000,-3.300000,
-2.050000,-3.300000,
-2.000000,-3.300000,
-1.950000,-3.300000,
-1.900000,-3.300000,
-1.850000,-3.300000,
-1.800000,-3.300000,
-1.750000,-3.300000,
-1.700000,-3.300000,
-1.650000,-3.300000,
-1.600000,-3.300000,
-1.550000,-3.300000,
-1.500000,-3.300000,
-1.450000,-3.300000,
-1.400000,-3.300000,
-1.350000,-3.300000,
-1.300000,-3.300000,
-1.250000,-3.300000,
-1.200000,-3.300000,
-1.150000,-3.300000,
-1.100000,-3.300000,
-1.050000,-3.300000,
-1.000000,-3.300000,
-0.950000,-3.300000,-0.622888
-0.900000,-3.300000,-0.596193
-0.850000,-3.300000,-0.571311
-0.800000,-3.300000,-0.548166
-0.750000,-3.300000,-0.526694
-0.700000,-3.300000,-0.506833
-0.650000,-3.300000,-0.488534
-0.600000,-3.300000,-0.471750
-0.550000,-3.300000,-0.456441
-0.500000,-3.300000,-0.442571
-0.450000,-3.300000,-0.430108
-0.400000,-3.300000,-0.419026
-0.350000,-3.300000,-0.409300
-0.300000,-3.300000,-0.400911
-0.250000,-3.300000,-0.393840
-0.200000,-3.300000,-0.388074
-0.150000,-3.300000,-0.383601
-0.100000,-3.300000,-0.380412
-0.050000,-3.300000,-0.378502
-0.000000,-3.300000,-0.377865
0.050000,-3.300000,-0.378502
0.100000,-3.300000,-0.380412
0.150000,-3.300000,-0.383601
0.200000,-3.300000,-0.388074
0.250000,-3.300000,-0.393840
0.300000,-3.300000,-0.400911
0.350000,-3.300000,-0.409300
0.400000,-3.300000,-0.419026
0.450000,-3.300000,-0.430108
0.500000,-3.300000,-0.442571
0.550000,-3.300000,-0.456441
0.600000,-3.300000,-0.471750
0.650000,-3.300000,-0.488534
0.700000,-3.300000,-0.506833
0.750000,-3.300000,-0.526694
0.800000,-3.300000,-0.548166
0.850000,-3.300000,-0.571311
0.900000,-3.300000,-0.596193
0.950000,-3.300000,-0.622888
1.000000,-3.300000,
1.050000,-3.300000,
1.100000,-3.300000,
1.150000,-3.300000,
1.200000,-3.300000,
1.250000,-3.300000,
1.300000,-3.300000,
1.350000,-3.300000,
1.400000,-3.300000,
1.450000,-3.300000,
1.500000,-3.300000,
1.550000,-3.300000,
1.600000,-3.300000,
1.650000,-3.300000,
1.700000,-3.300000,
1.750000,-3.300000,
1.800000,-3.300000,
1.850000,-3.300000,
1.900000,-3.300000,
1.950000,-3.300000,
2.000000,-3.300000,
2.050000,-3.300000,
2.100000,-3.300000,
2.150000,-3.300000,
2.200000,-3.300000,
2.250000,-3.300000,
2.300000,-3.300000,
2.350000,-3.300000,
2.400000,-3.300000,
2.450000,-3.300000,
2.500000,-3.300000,
2.550000,-3.300000,
2.600000,-3.300000,
2.650000,-3.300000,
2.700000,-3.300000,
2.750000,-3.300000,
2.800000,-3.300000,
2.850000,-3.300000,
2.900000,-3.300000,
2.950000,-3.300000,
3.000000,-3.300000,
3.050000,-3.300000,
3.100000,-3.300000,
3.150000,-3.300000,
3.200000,-3.300000,
3.250000,-3.300000,
3.300000,-3.300000,
3.350000,-3.300000,
3.400000,-3.300000,
3.450000,-3.300000,
3.500000,-3.300000,
-3.500000,-3.250000,
-3.450000,-3.250000,
-3.400000,-3.250000,
-3.350000,-3.250000,
-3.300000,-3.250000,
-3.250000,-3.250000,
-3.200000,-3.250000,
-3.150000,-3.250000,
-3.100000,-3.250000,
-3.050000,-3.250000,
-3.000000,-3.250000,
-2.950000,-3.250000,
-2.900000,-3.250000,
-2.850000,-3.250000,
-2.800000,-3.250000,
-2.750000,-3.250000,
-2.700000,-3.250000,
-2.650000,-3.250000,
-2.600000,-3.250000,
-2.550000,-3.250000,
-2.500000,-3.250000,
-2.450000,-3.250000,
-2.400000,-3.250000,
-2.350000,-3.250000,
-2.300000,-3.250000,
-2.250000,-3.250000,
-2.200000,-3.250000,
-2.150000,-3.250000,
-2.100000,-3.250000,
-2.050000,-3.250000,
-2.000000,-3.250000,
-1.950000,-3.250000,
-1.900000,-3.250000,
-1.850000,-3.250000,
-1.800000,-3.250000,
-1.750000,-3.250000,
-1.700000,-3.250000,
-1.650000,-3.250000,
-1.600000,-3.250000,
-1.550000,-3.250000,
-1.500000,-3.250000,
-1.450000,-3.250000,
-1.400000,-3.250000,
-1.350000,-3.250000,
-1.300000,-3.250000,
-1.250000,-3.250000,
-1.200000,-3.250000,
-1.150000,-3.250000,
-1.100000,-3.250000,
-1.050000,-3.250000,-0.673415
-1.000000,-3.250000,-0.642979
-0.950000,-3.250000,-0.614524
-0.900000,-3.250000,-0.587956
-0.850000,-3.250000,-0.563189
-0.800000,-3.250000,-0.540149
-0.750000,-3.250000,-0.518771
-0.700000,-3.250000,-0.498996
-0.650000,-3.250000,-0.480774
-0.600000,-3.250000,-0.464060
-0.550000,-3.250000,-0.448813
-0.500000,-3.250000,-0.434998
-0.450000,-3.250000,-0.422584
-0.400000,-3.250000,-0.411545
-0.350000,-3.250000,-0.401857
-0.300000,-3.250000,-0.393500
-0.250000,-3.250000,-0.386456
-0.200000,-3.250000,-0.380711
-0.150000,-3.250000,-0.376255
-0.100000,-3.250000,-0.373078
-0.050000,-3.250000,-0.371175
-0.000000,-3.250000,-0.370541
0.050000,-3.250000,-0.371175
0.100000,-3.250000,-0.373078
0.150000,-3.250000,-0.376255
0.200000,-3.250000,-0.380711
0.250000,-3.250000,-0.386456
0.300000,-3.250000,-0.393500
0.350000,-3.250000,-0.401857
0.400000,-3.250000,-0.411545
0.450000,-3.250000,-0.422584
0.500000,-3.250000,-0.434998
0.550000,-3.250000,-0.448813
0.600000,-3.250000,-0.464060
0.650000,-3.250000,-0.480774
0.700000,-3.250000,-0.498996
0.750000,-3.250000,-0.518771
0.800000,-3.250000,-0.540149
0.850000,-3.250000,-0.563189
0.900000,-3.250000,-0.587956
0.950000,-3.250000,-0.614524
1.000000,-3.250000,-0.642979
1.050000,-3.250000,-0.673415
1.100000,-3.250000,
1.150000,-3.250000,
1.200000,-3.250000,
1.250000,-3.250000,
1.300000,-3.250000,
1.350000,-3.250000,
1.400000,-3.250000,
1.450000,-3.250000,
1.500000,-3.250000,
1.550000,-3.250000,
1.600000,-3.250000,
1.650000,-3.250000,
1.700000,-3.250000,
1.750000,-3.250000,
1.800000,-3.250000,
1.850000,-3.250000,
1.900000,-3.250000,
1.950000,-3.250000,
2.000000,-3.250000,
2.050000,-3.250000,
2.100000,-3.250000,
2.150000,-3.250000,
2.200000,-3.250000,
2.250000,-3.250000,
2.300000,-3.250000,
2.350000,-3.250000,
2.400000,-3.250000,
2.450000,-3.250000,
2.500000,-3.250000,
2.550000,-3.250000,
2.600000,-3.250000,
2.650000,-3.250000,
2.700000,-3.250000,
2.750000,-3.250000,
2.800000,-3.250000,
2.850000,-3.250000,
2.900000,-3.250000,
2.950000,-3.250000,
3.000000,-3.250000,
3.050000,-3.250000,
3.100000,-3.250000,
3.150000,-3.250000,
3.200000,-3.250000,
3.250000,-3.250000,
3.300000,-3.250000,
3.350000,-3.250000,
3.400000,-3.250000,
3.450000,-3.250000,
3.500000,-3.250000,
-3.500000,-3.200000,
-3.450000,-3.200000,
-3.400000,-3.200000,
-3.350000,-3.200000,
-3.300000,-3.200000,
-3.250000,-3.200000,
-3.200000,-3.200000,
-3.150000,-3.200000,
-3.100000,-3.200000,
-3.050000,-3.200000,
-3.000000,-3.200000,
-2.950000,-3.200000,
-2.900000,-3.200000,
-2.850000,-3.200000,
-2.800000,-3.200000,
-2.750000,-3.200000,
-2.700000,-3.200000,
-2.650000,-3.200000,
-2.600000,-3.200000,
-2.550000,-3.200000,
-2.500000,-3.200000,
-2.450000,-3.200000,
-2.400000,-3.200000,
-2.350000,-3.200000,
-2.300000,-3.200000,
-2.250000,-3.200000,
-2.200000,-3.200000,
-2.150000,-3.200000,
-2.100000,-3.200000,
-2.050000,-3.200000,
-2.000000,-3.200000,
-1.950000,-3.200000,
-1.900000,-3.200000,
-1.850000,-3.200000,
-1.800000,-3.200000,
-1.750000,-3.200000,
-1.700000,-3.200000,
-1.650000,-3.200000,
-1.600000,-3.200000,
-1.550000,-3.200000,
-1.500000,-3.200000,
-1.450000,-3.200000,
-1.400000,-3.200000,
-1.350000,-3.200000,
-1.300000,-3.200000,
-1.250000,-3.200000,
-1.200000,-3.200000,
-1.150000,-3.200000,-0.733271
-1.100000,-3.200000,-0.698679
-1.050000,-3.200000,-0.666290
-1.000000,-3.200000,-0.635981
-0.950000,-3.200000,-0.607642
-0.900000,-3.200000,-0.581177
-0.850000,-3.200000,-0.556505
-0.800000,-3.200000,-0.533550
-0.750000,-3.200000,-0.512249
-0.700000,-3.200000,-0.492544
-0.650000,-3.200000,-0.474385
-0.600000,-3.200000,-0.457727
-0.550000,-3.200000,-0.442530
-0.500000,-3.200000,-0.428761
-0.450000,-3.200000,-0.416388
-0.400000,-3.200000,-0.405384
-0.350000,-3.200000,-0.395726
-0.300000,-3.200000,-0.387395
-0.250000,-3.200000,-0.380373
-0.200000,-3.200000,-0.374647
-0.150000,-3.200000,-0.370204
-0.100000,-3.200000,-0.367037
-0.050000,-3.200000,-0.365139
-0.000000,-3.200000,-0.364507
0.050000,-3.200000,-0.365139
0.100000,-3.200000,-0.367037
0.150000,-3.200000,-0.370204
0.200000,-3.200000,-0.374647
0.250000,-3.200000,-0.380373
0.300000,-3.200000,-0.387395
0.350000,-3.200000,-0.395726
0.400000,-3.200000,-0.405384
0.450000,-3.200000,-0.416388
0.500000,-3.200000,-0.428761
0.550000,-3.200000,-0.442530
0.600000,-3.200000,-0.457727
0.650000,-3.200000,-0.474385
0.700000,-3.200000,-0.492544
0.750000,-3.200000,-0.512249
0.800000,-3.200000,-0.533550
0.850000,-3.200000,-0.556505
0.900000,-3.200000,-0.581177
0.950000,-3.200000,-0.607642
1.000000,-3.200000,-0.635981
1.050000,-3.200000,-0.666290
1.100000,-3.200000,-0.698679
1.150000,-3.200000,-0.733271
1.200000,-3.200000,
1.250000,-3.200000,
1.300000,-3.200000,
1.350000,-3.200000,
1.400000,-3.200000,
1.450000,-3.200000,
1.500000,-3.200000,
1.550000,-3.200000,
1.600000,-3.200000,
1.650000,-3.200000,
1.700000,-3.200000,
1.750000,-3.200000,
1.800000,-3.200000,
1.850000,-3.200000,
1.900000,-3.200000,
1.950000,-3.200000,
2.000000,-3.200000,
2.050000,-3.200000,
2.100000,-3.200000,
2.150000,-3.200000,
2.200000,-3.200000,
2.250000,-3.200000,
2.300000,-3.200000,
2.350000,-3.200000,
2.400000,-3.200000,
2.450000,-3.200000,
2.500000,-3.200000,
2.550000,-3.200000,
2.600000,-3.200000,
2.650000,-3.200000,
2.700000,-3.200000,
2.750000,-3.200000,
2.800000,-3.200000,
2.850000,-3.200000,
2.900000,-3.200000,
2.950000,-3.200000,
3.000000,-3.200000,
3.050000,-3.200000,
3.100000,-3.200000,
3.150000,-3.200000,
3.200000,-3.200000,
3.250000,-3.200000,
3.300000,-3.200000,
3.350000,-3.200000,
3.400000,-3.200000,
3.450000,-3.200000,
3.500000,-3.200000,
-3.500000,-3.150000,
-3.450000,-3.150000,
-3.400000,-3.150000,
-3.350000,-3.150000,
-3.300000,-3.150000,
-3.250000,-3.150000,
-3.200000,-3.150000,
-3.150000,-3.150000,
-3.100000,-3.150000,
-3.050000,-3.150000,
-3.000000,-3.150000,
-2.950000,-3.150000,
-2.900000,-3.150000,
-2.850000,-3.150000,
-2.800000,-3.150000,
-2.750000,-3.150000,
-2.700000,-3.150000,
-2.650000,-3.150000,
-2.600000,-3.150000,
-2.550000,-3.150000,
-2.500000,-3.150000,
-2.450000,-3.150000,
-2.400000,-3.150000,
-2.350000,-3.150000,
-2.300000,-3.150000,
-2.250000,-3.150000,
-2.200000,-3.150000,
-2.150000,-3.150000,
-2.100000,-3.150000,
-2.050000,-3.150000,
-2.000000,-3.150000,
-1.950000,-3.150000,
-1.900000,-3.150000,
-1.850000,-3.150000,
-1.800000,-3.150000,
-1.750000,-3.150000,
-1.700000,-3.150000,
-1.650000,-3.150000,
-1.600000,-3.150000,
-1.550000,-3.150000,
-1.500000,-3.150000,
-1.450000,-3.150000,
-1.400000,-3.150000,
-1.350000,-3.150000,
-1.300000,-3.150000,
-1.250000,-3.150000,-0.803546
-1.200000,-3.150000,-0.764236
-1.150000,-3.150000,-0.727430
-1.100000,-3.150000,-0.692960
-1.050000,-3.150000,-0.660682
-1.000000,-3.150000,-0.630472
-0.950000,-3.150000,-0.602223
-0.900000,-3.150000,-0.575840
-0.850000,-3.150000,-0.551240
-0.800000,-3.150000,-0.528352
-0.750000,-3.150000,-0.507111
-0.700000,-3.150000,-0.487461
-0.650000,-3.150000,-0.469351
-0.600000,-3.150000,-0.452738
-0.550000,-3.150000,-0.437581
-0.500000,-3.150000,-0.423847
-0.450000,-3.150000,-0.411505
-0.400000,-3.150000,-0.400529
-0.350000,-3.150000,-0.390896
-0.300000,-3.150000,-0.382585
-0.250000,-3.150000,-0.375580
-0.200000,-3.150000,-0.369868
-0.150000,-3.150000,-0.365436
-0.100000,-3.150000,-0.362276
-0.050000,-3.150000,-0.360383
-0.000000,-3.150000,-0.359752
0.050000,-3.150000,-0.360383
0.100000,-3.150000,-0.362276
0.150000,-3.150000,-0.365436
0.200000,-3.150000,-0.369868
0.250000,-3.150000,-0.375580
0.300000,-3.150000,-0.382585
0.350000,-3.150000,-0.390896
0.400000,-3.150000,-0.400529
0.450000,-3.150000,-0.411505
0.500000,-3.150000,-0.423847
0.550000,-3.150000,-0.437581
0.600000,-3.150000,-0.452738
0.650000,-3.150000,-0.469351
0.700000,-3.150000,-0.487461
0.750000,-3.150000,-0.507111
0.800000,-3.150000,-0.528352
0.850000,-3.150000,-0.551240
0.900000,-3.150000,-0.575840
0.950000,-3.150000,-0.602223
1.000000,-3.150000,-0.630472
1.050000,-3.150000,-0.660682
1.100000,-3.150000,-0.692960
1.150000,-3.150000,-0.727430
1.200000,-3.150000,-0.764236
1.250000,-3.150000,-0.803546
1.300000,-3.150000,
1.350000,-3.150000,
1.400000,-3.150000,
1.450000,-3.150000,
1.500000,-3.150000,
1.550000,-3.150000,
1.600000,-3.150000,
1.650000,-3.150000,
1.700000,-3.150000,
1.750000,-3.150000,
1.800000,-3.150000,
1.850000,-3.150000,
1.900000,-3.150000,
1.950000,-3.150000,
2.000000,-3.150000,
2.050000,-3.150000,
2.100000,-3.150000,
2.150000,-3.150000,
2.200000,-3.150000,
2.250000,-3.150000,
2.300000,-3.150000,
2.350000,-3.150000,
2.400000,-3.150000,
2.450000,-3.150000,
2.500000,-3.150000,
2.550000,-3.150000,
2.600000,-3.150000,
2.650000,-3.150000,
2.700000,-3.150000,
2.750000,-3.150000,
2.800000,-3.150000,
2.850000,-3.150000,
2.900000,-3.150000,
2.950000,-3.150000,
3.000000,-3.150000,
3.050000,-3.150000,
3.100000,-3.150000,
3.150000,-3.150000,
3.200000,-3.150000,
3.250000,-3.150000,
3.300000,-3.150000,
3.350000,-3.150000,
3.400000,-3.150000,
3.450000,-3.150000,
3.500000,-3.150000,
-3.500000,-3.100000,
-3.450000,-3.100000,
-3.400000,-3.100000,
-3.350000,-3.100000,
-3.300000,-3.100000,
-3.250000,-3.100000,
-3.200000,-3.100000,
-3.150000,-3.100000,
-3.100000,-3.100000,
-3.050000,-3.100000,
-3.000000,-3.100000,
-2.950000,-3.100000,
-2.900000,-3.100000,
-2.850000,-3.100000,
-2.800000,-3.100000,
-2.750000,-3.100000,
-2.700000,-3.100000,
-2.650000,-3.100000,
-2.600000,-3.100000,
-2.550000,-3.100000,
-2.500000,-3.100000,
-2.450000,-3.100000,
-2.400000,-3.100000,
-2.350000,-3.100000,
-2.300000,-3.100000,
-2.250000,-3.100000,
-2.200000,-3.100000,
-2.150000,-3.100000,
-2.100000,-3.100000,
-2.050000,-3.100000,
-2.000000,-3.100000,
-1.950000,-3.100000,
-1.900000,-3.100000,
-1.850000,-3.100000,
-1.800000,-3.100000,
-1.750000,-3.100000,
-1.700000,-3.100000,
-1.650000,-3.100000,
-1.600000,-3.100000,
-1.550000,-3.100000,
-1.500000,-3.100000,
-1.450000,-3.100000,
-1.400000,-3.100000,
-1.350000,-3.100000,-0.885746
-1.300000,-3.100000,-0.840943
-1.250000,-3.100000,-0.799059
-1.200000,-3.100000,-0.759861
-1.150000,-3.100000,-0.723154
-1.100000,-3.100000,-0.688773
-1.050000,-3.100000,-0.656575
-1.000000,-3.100000,-0.626438
-0.950000,-3.100000,-0.598254
-0.900000,-3.100000,-0.571930
-0.850000,-3.100000,-0.547384
-0.800000,-3.100000,-0.524544
-0.750000,-3.100000,-0.503347
-0.700000,-3.100000,-0.483737
-0.650000,-3.100000,-0.465663
-0.600000,-3.100000,-0.449082
-0.550000,-3.100000,-0.433954
-0.500000,-3.100000,-0.420246
-0.450000,-3.100000,-0.407928
-0.400000,-3.100000,-0.396972
-0.350000,-3.100000,-0.387356
-0.300000,-3.100000,-0.379060
-0.250000,-3.100000,-0.372068
-0.200000,-3.100000,-0.366365
-0.150000,-3.100000,-0.361941
-0.100000,-3.100000,-0.358787
-0.050000,-3.100000,-0.356897
-0.000000,-3.100000,-0.356268
0.050000,-3.100000,-0.356897
0.100000,-3.100000,-0.358787
0.150000,-3.100000,-0.361941
0.200000,-3.100000,-0.366365
0.250000,-3.100000,-0.372068
0.300000,-3.100000,-0.379060
0.350000,-3.100000,-0.387356
0.400000,-3.100000,-0.396972
0.450000,-3.100000,-0.407928
0.500000,-3.100000,-0.420246
0.550000,-3.100000,-0.433954
0.600000,-3.100000,-0.449082
0.650000,-3.100000,-0.465663
0.700000,-3.100000,-0.483737
0.750000,-3.100000,-0.503347
0.800000,-3.100000,-0.524544
0.850000,-3.100000,-0.547384
0.900000,-3.100000,-0.571930
0.950000,-3.100000,-0.598254
1.000000,-3.100000,-0.626438
1.050000,-3.100000,-0.656575
1.100000,-3.100000,-0.688773
1.150000,-3.100000,-0.723154
1.200000,-3.100000,-0.759861
1.250000,-3.100000,-0.799059
1.300000,-3.100000,-0.840943
1.350000,-3.100000,-0.885746
1.400000,-3.100000,
1.450000,-3.100000,
1.500000,-3.100000,
1.550000,-3.100000,
1.600000,-3.100000,
1.650000,-3.100000,
1.700000,-3.100000,
1.750000,-3.100000,
1.800000,-3.100000,
1.850000,-3.100000,
1.900000,-3.100000,
1.950000,-3.100000,
2.000000,-3.100000,
2.050000,-3.100000,
2.100000,-3.100000,
2.150000,-3.100000,
2.200000,-3.100000,
2.250000,-3.100000,
2.300000,-3.100000,
2.350000,-3.100000,
2.400000,-3.100000,
2.450000,-3.100000,
2.500000,-3.100000,
2.550000,-3.100000,
2.600000,-3.100000,
2.650000,-3.100000,
2.700000,-3.100000,
2.750000,-3.100000,
2.800000,-3.100000,
2.850000,-3.100000,
2.900000,-3.100000,
2.950000,-3.100000,
3.000000,-3.100000,
3.050000,-3.100000,
3.100000,-3.100000,
3.150000,-3.100000,
3.200000,-3.100000,
3.250000,-3.100000,
3.300000,-3.100000,
3.350000,-3.100000,
3.400000,-3.100000,
3.450000,-3.100000,
3.500000,-3.100000,
-3.500000,-3.050000,
-3.450000,-3.050000,
-3.400000,-3.050000,
-3.350000,-3.050000,
-3.300000,-3.050000,
-3.250000,-3.050000,
-3.200000,-3.050000,
-3.150000,-3.050000,
-3.100000,-3.050000,
-3.050000,-3.050000,
-3.000000,-3.050000,
-2.950000,-3.050000,
-2.900000,-3.050000,
-2.850000,-3.050000,
-2.800000,-3.050000,
-2.750000,-3.050000,
-2.700000,-3.050000,
-2.650000,-3.050000,
-2.600000,-3.050000,
-2.550000,-3.050000,
-2.500000,-3.050000,
-2.450000,-3.050000,
-2.400000,-3.050000,
-2.350000,-3.050000,
-2.300000,-3.050000,
-2.250000,-3.050000,
-2.200000,-3.050000,
-2.150000,-3.050000,
-2.100000,-3.050000,
-2.050000,-3.050000,
-2.000000,-3.050000,
-1.950000,-3.050000,
-1.900000,-3.050000,
-1.850000,-3.050000,
-1.800000,-3.050000,
-1.750000,-3.050000,
-1.700000,-3.050000,
-1.650000,-3.050000,
-1.600000,-3.050000,
-1.550000,-3.050000,
-1.500000,-3.050000,
-1.450000,-3.050000,
-1.400000,-3.050000,-0.930616
-1.350000,-3.050000,-0.882719
-1.300000,-3.050000,-0.838006
-1.250000,-3.050000,-0.796201
-1.200000,-3.050000,-0.757074
-1.150000,-3.050000,-0.720430
-1.100000,-3.050000,-0.686106
-1.050000,-3.050000,-0.653959
-1.000000,-3.050000,-0.623867
-0.950000,-3.050000,-0.595724
-0.900000,-3.050000,-0.569438
-0.850000,-3.050000,-0.544926
-0.800000,-3.050000,-0.522117
-0.750000,-3.050000,-0.500949
-0.700000,-3.050000,-0.481363
-0.650000,-3.050000,-0.463312
-0.600000,-3.050000,-0.446752
-0.550000,-3.050000,-0.431643
-0.500000,-3.050000,-0.417951
-0.450000,-3.050000,-0.405647
-0.400000,-3.050000,-0.394704
-0.350000,-3.050000,-0.385099
-0.300000,-3.050000,-0.376813
-0.250000,-3.050000,-0.369829
-0.200000,-3.050000,-0.364133
-0.150000,-3.050000,-0.359714
-0.100000,-3.050000,-0.356563
-0.050000,-3.050000,-0.354675
-0.000000,-3.050000,-0.354047
0.050000,-3.050000,-0.354675
0.100000,-3.050000,-0.356563
0.150000,-3.050000,-0.359714
0.200000,-3.050000,-0.364133
0.250000,-3.050000,-0.369829
0.300000,-3.050000,-0.376813
0.350000,-3.050000,-0.385099
0.400000,-3.050000,-0.394704
0.450000,-3.050000,-0.405647
0.500000,-3.050000,-0.417951
0.550000,-3.050000,-0.431643
0.600000,-3.050000,-0.446752
0.650000,-3.050000,-0.463312
0.700000,-3.050000,-0.481363
0.750000,-3.050000,-0.500949
0.800000,-3.050000,-0.522117
0.850000,-3.050000,-0.544926
0.900000,-3.050000,-0.569438
0.950000,-3.050000,-0.595724
1.000000,-3.050000,-0.623867
1.050000,-3.050000,-0.653959
1.100000,-3.050000,-0.686106
1.150000,-3.050000,-0.720430
1.200000,-3.050000,-0.757074
1.250000,-3.050000,-0.796201
1.300000,-3.050000,-0.838006
1.350000,-3.050000,-0.882719
1.400000,-3.050000,-0.930616
1.450000,-3.050000,
1.500000,-3.050000,
1.550000,-3.050000,
1.600000,-3.050000,
1.650000,-3.050000,
1.700000,-3.050000,
1.750000,-3.050000,
1.800000,-3.050000,
1.850000,-3.050000,
1.900000,-3.050000,
1.950000,-3.050000,
2.000000,-3.050000,
2.050000,-3.050000,
2.100000,-3.050000,
2.150000,-3.050000,
2.200000,-3.050000,
2.250000,-3.050000,
2.300000,-3.050000,
2.350000,-3.050000,
2.400000,-3.050000,
2.450000,-3.050000,
2.500000,-3.050000,
2.550000,-3.050000,
2.600000,-3.050000,
2.650000,-3.050000,
2.700000,-3.050000,
2.750000,-3.050000,
2.800000,-3.050000,
2.850000,-3.050000,
2.900000,-3.050000,
2.950000,-3.050000,
3.000000,-3.050000,
3.050000,-3.050000,
3.100000,-3.050000,
3.150000,-3.050000,
3.200000,-3.050000,
3.250000,-3.050000,
3.300000,-3.050000,
3.350000,-3.050000,
3.400000,-3.050000,
3.450000,-3.050000,
3.500000,-3.050000,
-3.500000,-3.000000,
-3.450000,-3.000000,
-3.400000,-3.000000,
-3.350000,-3.000000,
-3.300000,-3.000000,
-3.250000,-3.000000,
-3.200000,-3.000000,
-3.150000,-3.000000,
-3.100000,-3.000000,
-3.050000,-3.000000,
-3.000000,-3.000000,
-2.950000,-3.000000,
-2.900000,-3.000000,
-2.850000,-3.000000,
-2.800000,-3.000000,
-2.750000,-3.000000,
-2.700000,-3.000000,
-2.650000,-3.000000,
-2.600000,-3.000000,
-2.550000,-3.000000,
-2.500000,-3.000000,
-2.450000,-3.000000,
-2.400000,-3.000000,
-2.350000,-3.000000,
-2.300000,-3.000000,
-2.250000,-3.000000,
-2.200000,-3.000000,
-2.150000,-3.000000,
-2.100000,-3.000000,
-2.050000,-3.000000,
-2.000000,-3.000000,
-1.950000,-3.000000,
-1.900000,-3.000000,
-1.850000,-3.000000,
-1.800000,-3.000000,
-1.750000,-3.000000,
-1.700000,-3.000000,
-1.650000,-3.000000,
-1.600000,-3.000000,
-1.550000,-3.000000,
-1.500000,-3.000000,
-1.450000,-3.000000,-0.980627
-1.400000,-3.000000,-0.929261
-1.350000,-3.000000,-0.881408
-1.300000,-3.000000,-0.836734
-1.250000,-3.000000,-0.794964
-1.200000,-3.000000,-0.755867
-1.150000,-3.000000,-0.719251
-1.100000,-3.000000,-0.684951
-1.050000,-3.000000,-0.652826
-1.000000,-3.000000,-0.622754
-0.950000,-3.000000,-0.594629
-0.900000,-3.000000,-0.568359
-0.850000,-3.000000,-0.543862
-0.800000,-3.000000,-0.521066
-0.750000,-3.000000,-0.499909
-0.700000,-3.000000,-0.480335
-0.650000,-3.000000,-0.462294
-0.600000,-3.000000,-0.445742
-0.550000,-3.000000,-0.430641
-0.500000,-3.000000,-0.416957
-0.450000,-3.000000,-0.404659
-0.400000,-3.000000,-0.393722
-0.350000,-3.000000,-0.384121
-0.300000,-3.000000,-0.375839
-0.250000,-3.000000,-0.368859
-0.200000,-3.000000,-0.363165
-0.150000,-3.000000,-0.358749
-0.100000,-3.000000,-0.355600
-0.050000,-3.000000,-0.353713
-0.000000,-3.000000,-0.353084
0.050000,-3.000000,-0.353713
0.100000,-3.000000,-0.355600
0.150000,-3.000000,-0.358749
0.200000,-3.000000,-0.363165
0.250000,-3.000000,-0.368859
0.300000,-3.000000,-0.375839
0.350000,-3.000000,-0.384121
0.400000,-3.000000,-0.393722
0.450000,-3.000000,-0.404659
0.500000,-3.000000,-0.416957
0.550000,-3.000000,-0.430641
0.600000,-3.000000,-0.445742
0.650000,-3.000000,-0.462294
0.700000,-3.000000,-0.480335
0.750000,-3.000000,-0.499909
0.800000,-3.000000,-0.521066
0.850000,-3.000000,-0.543862
0.900000,-3.000000,-0.568359
0.950000,-3.000000,-0.594629
1.000000,-3.000000,-0.622754
1.050000,-3.000000,-0.652826
1.100000,-3.000000,-0.684951
1.150000,-3.000000,-0.719251
1.200000,-3.000000,-0.755867
1.250000,-3.000000,-0.794964
1.300000,-3.000000,-0.836734
1.350000,-3.000000,-0.881408
1.400000,-3.000000,-0.929261
1.450000,-3.000000,-0.980627
1.500000,-3.000000,
1.550000,-3.000000,
1.600000,-3.000000,
1.650000,-3.000000,
1.700000,-3.000000,
1.750000,-3.000000,
1.800000,-3.000000,
1.850000,-3.000000,
1.900000,-3.000000,
1.950000,-3.000000,
2.000000,-3.000000,
2.050000,-3.000000,
2.100000,-3.000000,
2.150000,-3.000000,
2.200000,-3.000000,
2.250000,-3.000000,
2.300000,-3.000000,
2.350000,-3.000000,
2.400000,-3.000000,
2.450000,-3.000000,
2.500000,-3.000000,
2.550000,-3.000000,
2.600000,-3.000000,
2.650000,-3.000000,
2.700000,-3.000000,
2.750000,-3.000000,
2.800000,-3.000000,
2.850000,-3.000000,
2.900000,-3.000000,
2.950000,-3.000000,
3.000000,-3.000000,
3.050000,-3.000000,
3.100000,-3.000000,
3.150000,-3.000000,
3.200000,-3.000000,
3.250000,-3.000000,
3.300000,-3.000000,
3.350000,-3.000000,
3.400000,-3.000000,
3.450000,-3.000000,
3.500000,-3.000000,
-3.500000,-2.950000,
-3.450000,-2.950000,
-3.400000,-2.950000,
-3.350000,-2.950000,
-3.300000,-2.950000,
-3.250000,-2.950000,
-3.200000,-2.950000,
-3.150000,-2.950000,
-3.100000,-2.950000,
-3.050000,-2.950000,
-3.000000,-2.950000,
-2.950000,-2.950000,
-2.900000,-2.950000,
-2.850000,-2.950000,
-2.800000,-2.950000,
-2.750000,-2.950000,
-2.700000,-2.950000,
-2.650000,-2.950000,
-2.600000,-2.950000,
-2.550000,-2.950000,
-2.500000,-2.950000,
-2.450000,-2.950000,
-2.400000,-2.950000,
-2.350000,-2.950000,
-2.300000,-2.950000,
-2.250000,-2.950000,
-2.200000,-2.950000,
-2.150000,-2.950000,
-2.100000,-2.950000,
-2.050000,-2.950000,
-2.000000,-2.950000,
-1.950000,-2.950000,
-1.900000,-2.950000,
-1.850000,-2.950000,
-1.800000,-2.950000,
-1.750000,-2.950000,
-1.700000,-2.950000,
-1.650000,-2.950000,
-1.600000,-2.950000,
-1.550000,-2.950000,
-1.500000,-2.950000,-1.036371
-1.450000,-2.950000,-0.981058
-1.400000,-2.950000,-0.929676
-1.350000,-2.950000,-0.881810
-1.300000,-2.950000,-0.837124
-1.250000,-2.950000,-0.795343
-1.200000,-2.950000,-0.756237
-1.150000,-2.950000,-0.719612
-1.100000,-2.950000,-0.685305
-1.050000,-2.950000,-0.653173
-1.000000,-2.950000,-0.623095
-0.950000,-2.950000,-0.594965
-0.900000,-2.950000,-0.568690
-0.850000,-2.950000,-0.544188
-0.800000,-2.950000,-0.521388
-0.750000,-2.950000,-0.500228
-0.700000,-2.950000,-0.480650
-0.650000,-2.950000,-0.462606
-0.600000,-2.950000,-0.446052
-0.550000,-2.950000,-0.430948
-0.500000,-2.950000,-0.417262
-0.450000,-2.950000,-0.404962
-0.400000,-2.950000,-0.394023
-0.350000,-2.950000,-0.384421
-0.300000,-2.950000,-0.376138
-0.250000,-2.950000,-0.369156
-0.200000,-2.950000,-0.363462
-0.150000,-2.950000,-0.359044
-0.100000,-2.950000,-0.355895
-0.050000,-2.950000,-0.354008
-0.000000,-2.950000,-0.353379
0.050000,-2.950000,-0.354008
0.100000,-2.950000,-0.355895
0.150000,-2.950000,-0.359044
0.200000,-2.950000,-0.363462
0.250000,-2.950000,-0.369156
0.300000,-2.950000,-0.376138
0.350000,-2.950000,-0.384421
0.400000,-2.950000,-0.394023
0.450000,-2.950000,-0.404962
0.500000,-2.950000,-0.417262
0.550000,-2.950000,-0.430948
0.600000,-2.950000,-0.446052
0.650000,-2.950000,-0.462606
0.700000,-2.950000,-0.480650
0.750000,-2.950000,-0.500228
0.800000,-2.950000,-0.521388
0.850000,-2.950000,-0.544188
0.900000,-2.950000,-0.568690
0.950000,-2.950000,-0.594965
1.000000,-2.950000,-0.623095
1.050000,-2.950000,-0.653173
1.100000,-2.950000,-0.685305
1.150000,-2.950000,-0.719612
1.200000,-2.950000,-0.756237
1.250000,-2.950000,-0.795343
1.300000,-2.950000,-0.837124
1.350000,-2.950000,-0.881810
1.400000,-2.950000,-0.929676
1.450000,-2.950000,-0.981058
1.500000,-2.950000,-1.036371
1.550000,-2.950000,
1.600000,-2.950000,
1.650000,-2.950000,
1.700000,-2.950000,
1.750000,-2.950000,
1.800000,-2.950000,
1.850000,-2.950000,
1.900000,-2.950000,
1.950000,-2.950000,
2.000000,-2.950000,
2.050000,-2.950000,
2.100000,-2.950000,
2.150000,-2.950000,
2.200000,-2.950000,
2.250000,-2.950000,
2.300000,-2.950000,
2.350000,-2.950000,
2.400000,-2.950000,
2.450000,-2.950000,
2.500000,-2.950000,
2.550000,-2.950000,
2.600000,-2.950000,
2.650000,-2.950000,
2.700000,-2.950000,
2.750000,-2.950000,
2.800000,-2.950000,
2.850000,-2.950000,
2.900000,-2.950000,
2.950000,-2.950000,
3.000000,-2.950000,
3.050000,-2.950000,
3.100000,-2.950000,
3.150000,-2.950000,
3.200000,-2.950000,
3.250000,-2.950000,
3.300000,-2.950000,
3.350000,-2.950000,
3.400000,-2.950000,
3.450000,-2.950000,
3.500000,-2.950000,
-3.500000,-2.900000,
-3.450000,-2.900000,
-3.400000,-2.900000,
-3.350000,-2.900000,
-3.300000,-2.900000,
-3.250000,-2.900000,
-3.200000,-2.900000,
-3.150000,-2.900000,
-3.100000,-2.900000,
-3.050000,-2.900000,
-3.000000,-2.900000,
-2.950000,-2.900000,
-2.900000,-2.900000,
-2.850000,-2.900000,
-2.800000,-2.900000,
-2.750000,-2.900000,
-2.700000,-2.900000,
-2.650000,-2.900000,
-2.600000,-2.900000,
-2.550000,-2.900000,
-2.500000,-2.900000,
-2.450000,-2.900000,
-2.400000,-2.900000,
-2.350000,-2.900000,
-2.300000,-2.900000,
-2.250000,-2.900000,
-2.200000,-2.900000,
-2.150000,-2.900000,
-2.100000,-2.900000,
-2.050000,-2.900000,
-2.000000,-2.900000,
-1.950000,-2.900000,
-1.900000,-2.900000,
-1.850000,-2.900000,
-1.800000,-2.900000,
-1.750000,-2.900000,
-1.700000,-2.900000,
-1.650000,-2.900000,
-1.600000,-2.900000,
-1.550000,-2.900000,-1.098618
-1.500000,-2.900000,-1.038737
-1.450000,-2.900000,-0.983328
-1.400000,-2.900000,-0.931863
-1.350000,-2.900000,-0.883925
-1.300000,-2.900000,-0.839176
-1.250000,-2.900000,-0.797340
-1.200000,-2.900000,-0.758184
-1.150000,-2.900000,-0.721516
-1.100000,-2.900000,-0.687169
-1.050000,-2.900000,-0.655001
-1.000000,-2.900000,-0.624892
-0.950000,-2.900000,-0.596732
-0.900000,-2.900000,-0.570431
-0.850000,-2.900000,-0.545906
-0.800000,-2.900000,-0.523085
-0.750000,-2.900000,-0.501904
-0.700000,-2.900000,-0.482309
-0.650000,-2.900000,-0.464249
-0.600000,-2.900000,-0.447680
-0.550000,-2.900000,-0.432564
-0.500000,-2.900000,-0.418866
-0.450000,-2.900000,-0.406556
-0.400000,-2.900000,-0.395608
-0.350000,-2.900000,-0.385998
-0.300000,-2.900000,-0.377708
-0.250000,-2.900000,-0.370721
-0.200000,-2.900000,-0.365022
-0.150000,-2.900000,-0.360601
-0.100000,-2.900000,-0.357450
-0.050000,-2.900000,-0.355561
-0.000000,-2.900000,-0.354932
0.050000,-2.900000,-0.355561
0.100000,-2.900000,-0.357450
0.150000,-2.900000,-0.360601
0.200000,-2.900000,-0.365022
0.250000,-2.900000,-0.370721
0.300000,-2.900000,-0.377708
0.350000,-2.900000,-0.385998
0.400000,-2.900000,-0.395608
0.450000,-2.900000,-0.406556
0.500000,-2.900000,-0.418866
0.550000,-2.900000,-0.432564
0.600000,-2.900000,-0.447680
0.650000,-2.900000,-0.464249
0.700000,-2.900000,-0.482309
0.750000,-2.900000,-0.501904
0.800000,-2.900000,-0.523085
0.850000,-2.900000,-0.545906
0.900000,-2.900000,-0.570431
0.950000,-2.900000,-0.596732
1.000000,-2.900000,-0.624892
1.050000,-2.900000,-0.655001
1.100000,-2.900000,-0.687169
1.150000,-2.900000,-0.721516
1.200000,-2.900000,-0.758184
1.250000,-2.900000,-0.797340
1.300000,-2.900000,-0.839176
1.350000,-2.900000,-0.883925
1.400000,-2.900000,-0.931863
1.450000,-2.900000,-0.983328
1.500000,-2.900000,-1.038737
1.550000,-2.900000,-1.098618
1.600000,-2.900000,
1.650000,-2.900000,
1.700000,-2.900000,
1.750000,-2.900000,
1.800000,-2.900000,
1.850000,-2.900000,
1.900000,-2.900000,
1.950000,-2.900000,
2.000000,-2.900000,
2.050000,-2.900000,
2.100000,-2.900000,
2.150000,-2.900000,
2.200000,-2.900000,
2.250000,-2.900000,
2.300000,-2.900000,
2.350000,-2.900000,
2.400000,-2.900000,
2.450000,-2.900000,
2.500000,-2.900000,
2.550000,-2.900000,
2.600000,-2.900000,
2.650000,-2.900000,
2.700000,-2.900000,
2.750000,-2.900000,
2.800000,-2.900000,
2.850000,-2.900000,
2.900000,-2.900000,
2.950000,-2.900000,
3.000000,-2.900000,
3.050000,-2.900000,
3.100000,-2.900000,
3.150000,-2.900000,
3.200000,-2.900000,
3.250000,-2.900000,
3.300000,-2.900000,
3.350000,-2.900000,
3.400000,-2.900000,
3.450000,-2.900000,
3.500000,-2.900000,
-3.500000,-2.850000,
-3.450000,-2.850000,
-3.400000,-2.850000,
-3.350000,-2.850000,
-3.300000,-2.850000,
-3.250000,-2.850000,
-3.200000,-2.850000,
-3.150000,-2.850000,
-3.100000,-2.850000,
-3.050000,-2.850000,
-3.000000,-2.850000,
-2.950000,-2.850000,
-2.900000,-2.850000,
-2.850000,-2.850000,
-2.800000,-2.850000,
-2.750000,-2.850000,
-2.700000,-2.850000,
-2.650000,-2.850000,
-2.600000,-2.850000,
-2.550000,-2.850000,
-2.500000,-2.850000,
-2.450000,-2.850000,
-2.400000,-2.850000,
-2.350000,-2.850000,
-2.300000,-2.850000,
-2.250000,-2.850000,
-2.200000,-2.850000,
-2.150000,-2.850000,
-2.100000,-2.850000,
-2.050000,-2.850000,
-2.000000,-2.850000,
-1.950000,-2.850000,
-1.900000,-2.850000,
-1.850000,-2.850000,
-1.800000,-2.850000,
-1.750000,-2.850000,
-1.700000,-2.850000,
-1.650000,-2.850000,
-1.600000,-2.850000,-1.168402
-1.550000,-2.850000,-1.103119
-1.500000,-2.850000,-1.043030
-1.450000,-2.850000,-0.987446
-1.400000,-2.850000,-0.935830
-1.350000,-2.850000,-0.887762
-1.300000,-2.850000,-0.842898
-1.250000,-2.850000,-0.800961
-1.200000,-2.850000,-0.761715
-1.150000,-2.850000,-0.724967
-1.100000,-2.850000,-0.690548
-1.050000,-2.850000,-0.658316
-1.000000,-2.850000,-0.628148
-0.950000,-2.850000,-0.599936
-0.900000,-2.850000,-0.573587
-0.850000,-2.850000,-0.549019
-0.800000,-2.850000,-0.526158
-0.750000,-2.850000,-0.504943
-0.700000,-2.850000,-0.485315
-0.650000,-2.850000,-0.467226
-0.600000,-2.850000,-0.450632
-0.550000,-2.850000,-0.435492
-0.500000,-2.850000,-0.421773
-0.450000,-2.850000,-0.409444
-0.400000,-2.850000,-0.398480
-0.350000,-2.850000,-0.388856
-0.300000,-2.850000,-0.380554
-0.250000,-2.850000,-0.373557
-0.200000,-2.850000,-0.367850
-0.150000,-2.850000,-0.363423
-0.100000,-2.850000,-0.360267
-0.050000,-2.850000,-0.358375
-0.000000,-2.850000,-0.357745
0.050000,-2.850000,-0.358375
0.100000,-2.850000,-0.360267
0.150000,-2.850000,-0.363423
0.200000,-2.850000,-0.367850
0.250000,-2.850000,-0.373557
0.300000,-2.850000,-0.380554
0.350000,-2.850000,-0.388856
0.400000,-2.850000,-0.398480
0.450000,-2.850000,-0.409444
0.500000,-2.850000,-0.421773
0.550000,-2.850000,-0.435492
0.600000,-2.850000,-0.450632
0.650000,-2.850000,-0.467226
0.700000,-2.850000,-0.485315
0.750000,-2.850000,-0.504943
0.800000,-2.850000,-0.526158
0.850000,-2.850000,-0.549019
0.900000,-2.850000,-0.573587
0.950000,-2.850000,-0.599936
1.000000,-2.850000,-0.628148
1.050000,-2.850000,-0.658316
1.100000,-2.850000,-0.690548
1.150000,-2.850000,-0.724967
1.200000,-2.850000,-0.761715
1.250000,-2.850000,-0.800961
1.300000,-2.850000,-0.842898
1.350000,-2.850000,-0.887762
1.400000,-2.850000,-0.935830
1.450000,-2.850000,-0.987446
1.500000,-2.850000,-1.043030
1.550000,-2.850000,-1.103119
1.600000,-2.850000,-1.168402
1.650000,-2.850000,
1.700000,-2.850000,
1.750000,-2.850000,
1.800000,-2.850000,
1.850000,-2.850000,
1.900000,-2.850000,
1.950000,-2.850000,
2.000000,-2.850000,
2.050000,-2.850000,
2.100000,-2.850000,
2.150000,-2.850000,
2.200000,-2.850000,
2.250000,-2.850000,
2.300000,-2.850000,
2.350000,-2.850000,
2.400000,-2.850000,
2.450000,-2.850000,
2.500000,-2.850000,
2.550000,-2.850000,
2.600000,-2.850000,
2.650000,-2.850000,
2.700000,-2.850000,
2.750000,-2.850000,
2.800000,-2.850000,
2.850000,-2.850000,
2.900000,-2.850000,
2.950000,-2.850000,
3.000000,-2.850000,
3.050000,-2.850000,
3.100000,-2.850000,
3.150000,-2.850000,
3.200000,-2.850000,
3.250000,-2.850000,
3.300000,-2.850000,
3.350000,-2.850000,
3.400000,-2.850000,
3.450000,-2.850000,
3.500000,-2.850000,
-3.500000,-2.800000,
-3.450000,-2.800000,
-3.400000,-2.800000,
-3.350000,-2.800000,
-3.300000,-2.800000,
-3.250000,-2.800000,
-3.200000,-2.800000,
-3.150000,-2.800000,
-3.100000,-2.800000,
-3.050000,-2.800000,
-3.000000,-2.800000,
-2.950000,-2.800000,
-2.900000,-2.800000,
-2.850000,-2.800000,
-2.800000,-2.800000,
-2.750000,-2.800000,
-2.700000,-2.800000,
-2.650000,-2.800000,
-2.600000,-2.800000,
-2.550000,-2.800000,
-2.500000,-2.800000,
-2.450000,-2.800000,
-2.400000,-2.800000,
-2.350000,-2.800000,
-2.300000,-2.800000,
-2.250000,-2.800000,
-2.200000,-2.800000,
-2.150000,-2.800000,
-2.100000,-2.800000,
-2.050000,-2.800000,
-2.000000,-2.800000,
-1.950000,-2.800000,
-1.900000,-2.800000,
-1.850000,-2.800000,
-1.800000,-2.800000,
-1.750000,-2.800000,
-1.700000,-2.800000,
-1.650000,-2.800000,-1.247164
-1.600000,-2.800000,-1.175313
-1.550000,-2.800000,-1.109663
-1.500000,-2.800000,-1.049271
-1.450000,-2.800000,-0.993429
-1.400000,-2.800000,-0.941593
-1.350000,-2.800000,-0.893333
-1.300000,-2.800000,-0.848302
-1.250000,-2.800000,-0.806217
-1.200000,-2.800000,-0.763962
-1.150000,-2.800000,-0.723293
-1.100000,-2.800000,-0.691504
-1.050000,-2.800000,-0.663126
-1.000000,-2.800000,-0.632873
-0.950000,-2.800000,-0.604584
-0.900000,-2.800000,-0.578166
-0.850000,-2.800000,-0.553534
-0.800000,-2.800000,-0.530617
-0.750000,-2.800000,-0.509350
-0.700000,-2.800000,-0.489676
-0.650000,-2.800000,-0.471545
-0.600000,-2.800000,-0.454912
-0.550000,-2.800000,-0.439738
-0.500000,-2.800000,-0.425989
-0.450000,-2.800000,-0.413633
-0.400000,-2.800000,-0.402645
-0.350000,-2.800000,-0.393001
-0.300000,-2.800000,-0.384681
-0.250000,-2.800000,-0.377669
-0.200000,-2.800000,-0.371950
-0.150000,-2.800000,-0.367514
-0.100000,-2.800000,-0.364351
-0.050000,-2.800000,-0.362456
-0.000000,-2.800000,-0.361825
0.050000,-2.800000,-0.362456
0.100000,-2.800000,-0.364351
0.150000,-2.800000,-0.367514
0.200000,-2.800000,-0.371950
0.250000,-2.800000,-0.377669
0.300000,-2.800000,-0.384681
0.350000,-2.800000,-0.393001
0.400000,-2.800000,-0.402645
0.450000,-2.800000,-0.413633
0.500000,-2.800000,-0.425989
0.550000,-2.800000,-0.439738
0.600000,-2.800000,-0.454912
0.650000,-2.800000,-0.471545
0.700000,-2.800000,-0.489676
0.750000,-2.800000,-0.509350
0.800000,-2.800000,-0.530617
0.850000,-2.800000,-0.553534
0.900000,-2.800000,-0.578166
0.950000,-2.800000,-0.604584
1.000000,-2.800000,-0.632873
1.050000,-2.800000,-0.663126
1.100000,-2.800000,-0.695452
1.150000,-2.800000,-0.729975
1.200000,-2.800000,-0.766841
1.250000,-2.800000,-0.806217
1.300000,-2.800000,-0.848302
1.350000,-2.800000,-0.893333
1.400000,-2.800000,-0.941593
1.450000,-2.800000,-0.993429
1.500000,-2.800000,-1.049271
1.550000,-2.800000,-1.109663
1.600000,-2.800000,-1.175313
1.650000,-2.800000,-1.247164
1.700000,-2.800000,
1.750000,-2.800000,
1.800000,-2.800000,
1.850000,-2.800000,
1.900000,-2.800000,
1.950000,-2.800000,
2.000000,-2.800000,
2.050000,-2.800000,
2.100000,-2.800000,
2.150000,-2.800000,
2.200000,-2.800000,
2.250000,-2.800000,
2.300000,-2.800000,
2.350000,-2.800000,
2.400000,-2.800000,
2.450000,-2.800000,
2.500000,-2.800000,
2.550000,-2.800000,
2.600000,-2.800000,
2.650000,-2.800000,
2.700000,-2.800000,
2.750000,-2.800000,
2.800000,-2.800000,
2.850000,-2.800000,
2.900000,-2.800000,
2.950000,-2.800000,
3.000000,-2.800000,
3.050000,-2.800000,
3.100000,-2.800000,
3.150000,-2.800000,
3.200000,-2.800000,
3.250000,-2.800000,
3.300000,-2.800000,
3.350000,-2.800000,
3.400000,-2.800000,
3.450000,-2.800000,
3.500000,-2.800000,
-3.500000,-2.750000,
-3.450000,-2.750000,
-3.400000,-2.750000,
-3.350000,-2.750000,
-3.300000,-2.750000,
-3.250000,-2.750000,
-3.200000,-2.750000,
-3.150000,-2.750000,
-3.100000,-2.750000,
-3.050000,-2.750000,
-3.000000,-2.750000,
-2.950000,-2.750000,
-2.900000,-2.750000,
-2.850000,-2.750000,
-2.800000,-2.750000,
-2.750000,-2.750000,
-2.700000,-2.750000,
-2.650000,-2.750000,
-2.600000,-2.750000,
-2.550000,-2.750000,
-2.500000,-2.750000,
-2.450000,-2.750000,
-2.400000,-2.750000,
-2.350000,-2.750000,
-2.300000,-2.750000,
-2.250000,-2.750000,
-2.200000,-2.750000,
-2.150000,-2.750000,
-2.100000,-2.750000,
-2.050000,-2.750000,
-2.000000,-2.750000,
-1.950000,-2.750000,
-1.900000,-2.750000,
-1.850000,-2.750000,
-1.800000,-2.750000,
-1.750000,-2.750000,
-1.700000,-2.750000,-1.337013
-1.650000,-2.750000,-1.256876
-1.600000,-2.750000,-1.184422
-1.550000,-2.750000,-1.118284
-1.500000,-2.750000,-1.035151
-1.450000,-2.750000,-0.875953
-1.400000,-2.750000,-0.785750
-1.350000,-2.750000,-0.719322
-1.300000,-2.750000,-0.666860
-1.250000,-2.750000,-0.624207
-1.200000,-2.750000,-0.589138
-1.150000,-2.750000,-0.560310
-1.100000,-2.750000,-0.536849
-1.050000,-2.750000,-0.518161
-1.000000,-2.750000,-0.503836
-0.950000,-2.750000,-0.493589
-0.900000,-2.750000,-0.487233
-0.850000,-2.750000,-0.484657
-0.800000,-2.750000,-0.485817
-0.750000,-2.750000,-0.490734
-0.700000,-2.750000,-0.495400
-0.650000,-2.750000,-0.477213
-0.600000,-2.750000,-0.460530
-0.550000,-2.750000,-0.445311
-0.500000,-2.750000,-0.431522
-0.450000,-2.750000,-0.419131
-0.400000,-2.750000,-0.408111
-0.350000,-2.750000,-0.398440
-0.300000,-2.750000,-0.390097
-0.250000,-2.750000,-0.383066
-0.200000,-2.750000,-0.377331
-0.150000,-2.750000,-0.372883
-0.100000,-2.750000,-0.369711
-0.050000,-2.750000,-0.367811
-0.000000,-2.750000,-0.367178
0.050000,-2.750000,-0.367811
0.100000,-2.750000,-0.369711
0.150000,-2.750000,-0.372883
0.200000,-2.750000,-0.377331
0.250000,-2.750000,-0.383066
0.300000,-2.750000,-0.390097
0.350000,-2.750000,-0.398440
0.400000,-2.750000,-0.408111
0.450000,-2.750000,-0.419131
0.500000,-2.750000,-0.431522
0.550000,-2.750000,-0.445311
0.600000,-2.750000,-0.460530
0.650000,-2.750000,-0.477213
0.700000,-2.750000,-0.495400
0.750000,-2.750000,-0.515136
0.800000,-2.750000,-0.536471
0.850000,-2.750000,-0.559463
0.900000,-2.750000,-0.584178
0.950000,-2.750000,-0.610688
1.000000,-2.750000,-0.639078
1.050000,-2.750000,-0.669443
1.100000,-2.750000,-0.701894
1.150000,-2.750000,-0.736556
1.200000,-2.750000,-0.773576
1.250000,-2.750000,-0.813125
1.300000,-2.750000,-0.855406
1.350000,-2.750000,-0.900659
1.400000,-2.750000,-0.949172
1.450000,-2.750000,-1.001301
1.500000,-2.750000,-1.057486
1.550000,-2.750000,-1.118284
1.600000,-2.750000,-1.184422
1.650000,-2.750000,-1.256876
1.700000,-2.750000,-1.337013
1.750000,-2.750000,
1.800000,-2.750000,
1.850000,-2.750000,
1.900000,-2.750000,
1.950000,-2.750000,
2.000000,-2.750000,
2.050000,-2.750000,
2.100000,-2.750000,
2.150000,-2.750000,
2.200000,-2.750000,
2.250000,-2.750000,
2.300000,-2.750000,
2.350000,-2.750000,
2.400000,-2.750000,
2.450000,-2.750000,
2.500000,-2.750000,
2.550000,-2.750000,
2.600000,-2.750000,
2.650000,-2.750000,
2.700000,-2.750000,
2.750000,-2.750000,
2.800000,-2.750000,
2.850000,-2.750000,
2.900000,-2.750000,
2.950000,-2.750000,
3.000000,-2.750000,
3.050000,-2.750000,
3.100000,-2.750000,
3.150000,-2.750000,
3.200000,-2.750000,
3.250000,-2.750000,
3.300000,-2.750000,
3.350000,-2.750000,
3.400000,-2.750000,
3.450000,-2.750000,
3.500000,-2.750000,
-3.500000,-2.700000,
-3.450000,-2.700000,
-3.400000,-2.700000,
-3.350000,-2.700000,
-3.300000,-2.700000,
-3.250000,-2.700000,
-3.200000,-2.700000,
-3.150000,-2.700000,
-3.100000,-2.700000,
-3.050000,-2.700000,
-3.000000,-2.700000,
-2.950000,-2.700000,
-2.900000,-2.700000,
-2.850000,-2.700000,
-2.800000,-2.700000,
-2.750000,-2.700000,
-2.700000,-2.700000,
-2.650000,-2.700000,
-2.600000,-2.700000,
-2.550000,-2.700000,
-2.500000,-2.700000,
-2.450000,-2.700000,
-2.400000,-2.700000,
-2.350000,-2.700000,
-2.300000,-2.700000,
-2.250000,-2.700000,
-2.200000,-2.700000,
-2.150000,-2.700000,
-2.100000,-2.700000,
-2.050000,-2.700000,
-2.000000,-2.700000,
-1.950000,-2.700000,
-1.900000,-2.700000,
-1.850000,-2.700000,
-1.800000,-2.700000,
-1.750000,-2.700000,
-1.700000,-2.700000,-1.350119
-1.650000,-2.700000,-1.269004
-1.600000,-2.700000,-0.968660
-1.550000,-2.700000,-0.826032
-1.500000,-2.700000,-0.734644
-1.450000,-2.700000,-0.664929
-1.400000,-2.700000,-0.608524
-1.350000,-2.700000,-0.561621
-1.300000,-2.700000,-0.522102
-1.250000,-2.700000,-0.488654
-1.200000,-2.700000,-0.460397
-1.150000,-2.700000,-0.436719
-1.100000,-2.700000,-0.417178
-1.050000,-2.700000,-0.401453
-1.000000,-2.700000,-0.389309
-0.950000,-2.700000,-0.380576
-0.900000,-2.700000,-0.375141
-0.850000,-2.700000,-0.372934
-0.800000,-2.700000,-0.373928
-0.750000,-2.700000,-0.378136
-0.700000,-2.700000,-0.385610
-0.650000,-2.700000,-0.396447
-0.600000,-2.700000,-0.410793
-0.550000,-2.700000,-0.428857
-0.500000,-2.700000,-0.438384
-0.450000,-2.700000,-0.425948
-0.400000,-2.700000,-0.414890
-0.350000,-2.700000,-0.405185
-0.300000,-2.700000,-0.396813
-0.250000,-2.700000,-0.389758
-0.200000,-2.700000,-0.384004
-0.150000,-2.700000,-0.379540
-0.100000,-2.700000,-0.376358
-0.050000,-2.700000,-0.374451
-0.000000,-2.700000,-0.373816
0.050000,-2.700000,-0.374451
0.100000,-2.700000,-0.376358
0.150000,-2.700000,-0.379540
0.200000,-2.700000,-0.384004
0.250000,-2.700000,-0.389758
0.300000,-2.700000,-0.396813
0.350000,-2.700000,-0.405185
0.400000,-2.700000,-0.414890
0.450000,-2.700000,-0.425948
0.500000,-2.700000,-0.438384
0.550000,-2.700000,-0.452223
0.600000,-2.700000,-0.467498
0.650000,-2.700000,-0.484244
0.700000,-2.700000,-0.502500
0.750000,-2.700000,-0.522313
0.800000,-2.700000,-0.543733
0.850000,-2.700000,-0.566820
0.900000,-2.700000,-0.591638
0.950000,-2.700000,-0.618263
1.000000,-2.700000,-0.646780
1.050000,-2.700000,-0.677286
1.100000,-2.700000,-0.709892
1.150000,-2.700000,-0.744728
1.200000,-2.700000,-0.781942
1.250000,-2.700000,-0.821709
1.300000,-2.700000,-0.864235
1.350000,-2.700000,-0.909767
1.400000,-2.700000,-0.958600
1.450000,-2.700000,-1.011098
1.500000,-2.700000,-1.067714
1.550000,-2.700000,-1.129024
1.600000,-2.700000,-1.195782
1.650000,-2.700000,-1.269004
1.700000,-2.700000,-1.350119
1.750000,-2.700000,
1.800000,-2.700000,
1.850000,-2.700000,
1.900000,-2.700000,
1.950000,-2.700000,
2.000000,-2.700000,
2.050000,-2.700000,
2.100000,-2.700000,
2.150000,-2.700000,
2.200000,-2.700000,
2.250000,-2.700000,
2.300000,-2.700000,
2.350000,-2.700000,
2.400000,-2.700000,
2.450000,-2.700000,
2.500000,-2.700000,
2.550000,-2.700000,
2.600000,-2.700000,
2.650000,-2.700000,
2.700000,-2.700000,
2.750000,-2.700000,
2.800000,-2.700000,
2.850000,-2.700000,
2.900000,-2.700000,
2.950000,-2.700000,
3.000000,-2.700000,
3.050000,-2.700000,
3.100000,-2.700000,
3.150000,-2.700000,
3.200000,-2.700000,
3.250000,-2.700000,
3.300000,-2.700000,
3.350000,-2.700000,
3.400000,-2.700000,
3.450000,-2.700000,
3.500000,-2.700000,
-3.500000,-2.650000,
-3.450000,-2.650000,
-3.400000,-2.650000,
-3.350000,-2.650000,
-3.300000,-2.650000,
-3.250000,-2.650000,
-3.200000,-2.650000,
-3.150000,-2.650000,
-3.100000,-2.650000,
-3.050000,-2.650000,
-3.000000,-2.650000,
-2.950000,-2.650000,
-2.900000,-2.650000,
-2.850000,-2.650000,
-2.800000,-2.650000,
-2.750000,-2.650000,
-2.700000,-2.650000,
-2.650000,-2.650000,
-2.600000,-2.650000,
-2.550000,-2.650000,
-2.500000,-2.650000,
-2.450000,-2.650000,
-2.400000,-2.650000,
-2.350000,-2.650000,
-2.300000,-2.650000,
-2.250000,-2.650000,
-2.200000,-2.650000,
-2.150000,-2.650000,
-2.100000,-2.650000,
-2.050000,-2.650000,
-2.000000,-2.650000,
-1.950000,-2.650000,
-1.900000,-2.650000,
-1.850000,-2.650000,
-1.800000,-2.650000,
-1.750000,-2.650000,-1.458731
-1.700000,-2.650000,-0.981642
-1.650000,-2.650000,-0.818016
-1.600000,-2.650000,-0.716776
-1.550000,-2.650000,-0.639719
-1.500000,-2.650000,-0.577088
-1.450000,-2.650000,-0.524566
-1.400000,-2.650000,-0.479789
-1.350000,-2.650000,-0.441299
-1.300000,-2.650000,-0.408122
-1.250000,-2.650000,-0.379575
-1.200000,-2.650000,-0.355163
-1.150000,-2.650000,-0.334517
-1.100000,-2.650000,-0.317358
-1.050000,-2.650000,-0.303475
-1.000000,-2.650000,-0.292709
-0.950000,-2.650000,-0.284946
-0.900000,-2.650000,-0.280105
-0.850000,-2.650000,-0.278137
-0.800000,-2.650000,-0.279024
-0.750000,-2.650000,-0.282774
-0.700000,-2.650000,-0.289424
-0.650000,-2.650000,-0.299042
-0.600000,-2.650000,-0.311729
-0.550000,-2.650000,-0.327627
-0.500000,-2.650000,-0.346925
-0.450000,-2.650000,-0.369874
-0.400000,-2.650000,-0.396805
-0.350000,-2.650000,-0.413249
-0.300000,-2.650000,-0.404843
-0.250000,-2.650000,-0.397758
-0.200000,-2.650000,-0.391980
-0.150000,-2.650000,-0.387498
-0.100000,-2.650000,-0.384303
-0.050000,-2.650000,-0.382389
-0.000000,-2.650000,-0.381751
0.050000,-2.650000,-0.382389
0.100000,-2.650000,-0.384303
0.150000,-2.650000,-0.387498
0.200000,-2.650000,-0.391980
0.250000,-2.650000,-0.397758
0.300000,-2.650000,-0.404843
0.350000,-2.650000,-0.413249
0.400000,-2.650000,-0.422995
0.450000,-2.650000,-0.434100
0.500000,-2.650000,-0.446589
0.550000,-2.650000,-0.460489
0.600000,-2.650000,-0.475832
0.650000,-2.650000,-0.492653
0.700000,-2.650000,-0.510993
0.750000,-2.650000,-0.530898
0.800000,-2.650000,-0.552422
0.850000,-2.650000,-0.575622
0.900000,-2.650000,-0.600565
0.950000,-2.650000,-0.627329
1.000000,-2.650000,-0.655999
1.050000,-2.650000,-0.686675
1.100000,-2.650000,-0.719470
1.150000,-2.650000,-0.754516
1.200000,-2.650000,-0.791965
1.250000,-2.650000,-0.831996
1.300000,-2.650000,-0.874820
1.350000,-2.650000,-0.920691
1.400000,-2.650000,-0.969912
1.450000,-2.650000,-1.022861
1.500000,-2.650000,-1.080004
1.550000,-2.650000,-1.141943
1.600000,-2.650000,-1.209462
1.650000,-2.650000,-1.283629
1.700000,-2.650000,-1.365959
1.750000,-2.650000,-1.458731
1.800000,-2.650000,
1.850000,-2.650000,
1.900000,-2.650000,
1.950000,-2.650000,
2.000000,-2.650000,
2.050000,-2.650000,
2.100000,-2.650000,
2.150000,-2.650000,
2.200000,-2.650000,
2.250000,-2.650000,
2.300000,-2.650000,
2.350000,-2.650000,
2.400000,-2.650000,
2.450000,-2.650000,
2.500000,-2.650000,
2.550000,-2.650000,
2.600000,-2.650000,
2.650000,-2.650000,
2.700000,-2.650000,
2.750000,-2.650000,
2.800000,-2.650000,
2.850000,-2.650000,
2.900000,-2.650000,
2.950000,-2.650000,
3.000000,-2.650000,
3.050000,-2.650000,
3.100000,-2.650000,
3.150000,-2.650000,
3.200000,-2.650000,
3.250000,-2.650000,
3.300000,-2.650000,
3.350000,-2.650000,
3.400000,-2.650000,
3.450000,-2.650000,
3.500000,-2.650000,
-3.500000,-2.600000,
-3.450000,-2.600000,
-3.400000,-2.600000,
-3.350000,-2.600000,
-3.300000,-2.600000,
-3.250000,-2.600000,
-3.200000,-2.600000,
-3.150000,-2.600000,
-3.100000,-2.600000,
-3.050000,-2.600000,
-3.000000,-2.600000,
-2.950000,-2.600000,
-2.900000,-2.600000,
-2.850000,-2.600000,
-2.800000,-2.600000,
-2.750000,-2.600000,
-2.700000,-2.600000,
-2.650000,-2.600000,
-2.600000,-2.600000,
-2.550000,-2.600000,
-2.500000,-2.600000,
-2.450000,-2.600000,
-2.400000,-2.600000,
-2.350000,-2.600000,
-2.300000,-2.600000,
-2.250000,-2.600000,
-2.200000,-2.600000,
-2.150000,-2.600000,
-2.100000,-2.600000,
-2.050000,-2.600000,
-2.000000,-2.600000,
-1.950000,-2.600000,
-1.900000,-2.600000,
-1.850000,-2.600000,
-1.800000,-2.600000,-1.136775
-1.750000,-2.600000,-0.848598
-1.700000,-2.600000,-0.727950
-1.650000,-2.600000,-0.639394
-1.600000,-2.600000,-0.568211
-1.550000,-2.600000,-0.508635
-1.500000,-2.600000,-0.457682
-1.450000,-2.600000,-0.413573
-1.400000,-2.600000,-0.375145
-1.350000,-2.600000,-0.341592
-1.300000,-2.600000,-0.312332
-1.250000,-2.600000,-0.286931
-1.200000,-2.600000,-0.265057
-1.150000,-2.600000,-0.246457
-1.100000,-2.600000,-0.230932
-1.050000,-2.600000,-0.218329
-1.000000,-2.600000,-0.208532
-0.950000,-2.600000,-0.201454
-0.900000,-2.600000,-0.197034
-0.850000,-2.600000,-0.195237
-0.800000,-2.600000,-0.196047
-0.750000,-2.600000,-0.199471
-0.700000,-2.600000,-0.205537
-0.650000,-2.600000,-0.214297
-0.600000,-2.600000,-0.225826
-0.550000,-2.600000,-0.240230
-0.500000,-2.600000,-0.257646
-0.450000,-2.600000,-0.278254
-0.400000,-2.600000,-0.302286
-0.350000,-2.600000,-0.330041
-0.300000,-2.600000,-0.361910
-0.250000,-2.600000,-0.398413
-0.200000,-2.600000,-0.401277
-0.150000,-2.600000,-0.396774
-0.100000,-2.600000,-0.393563
-0.050000,-2.600000,-0.391640
-0.000000,-2.600000,-0.390999
0.050000,-2.600000,-0.391640
0.100000,-2.600000,-0.393563
0.150000,-2.600000,-0.396774
0.200000,-2.600000,-0.401277
0.250000,-2.600000,-0.407082
0.300000,-2.600000,-0.414202
0.350000,-2.600000,-0.422649
0.400000,-2.600000,-0.432443
0.450000,-2.600000,-0.443604
0.500000,-2.600000,-0.456155
0.550000,-2.600000,-0.470126
0.600000,-2.600000,-0.485548
0.650000,-2.600000,-0.502458
0.700000,-2.600000,-0.520897
0.750000,-2.600000,-0.540912
0.800000,-2.600000,-0.562557
0.850000,-2.600000,-0.585891
0.900000,-2.600000,-0.610982
0.950000,-2.600000,-0.637909
1.000000,-2.600000,-0.666761
1.050000,-2.600000,-0.697637
1.100000,-2.600000,-0.730655
1.150000,-2.600000,-0.765950
1.200000,-2.600000,-0.803677
1.250000,-2.600000,-0.844021
1.300000,-2.600000,-0.887199
1.350000,-2.600000,-0.933473
1.400000,-2.600000,-0.983158
1.450000,-2.600000,-1.036643
1.500000,-2.600000,-1.094418
1.550000,-2.600000,-1.157109
1.600000,-2.600000,-1.225545
1.650000,-2.600000,-1.300858
1.700000,-2.600000,-1.384668
1.750000,-2.600000,-1.479450
1.800000,-2.600000,
1.850000,-2.600000,
1.900000,-2.600000,
1.950000,-2.600000,
2.000000,-2.600000,
2.050000,-2.600000,
2.100000,-2.600000,
2.150000,-2.600000,
2.200000,-2.600000,
2.250000,-2.600000,
2.300000,-2.600000,
2.350000,-2.600000,
2.400000,-2.600000,
2.450000,-2.600000,
2.500000,-2.600000,
2.550000,-2.600000,
2.600000,-2.600000,
2.650000,-2.600000,
2.700000,-2.600000,
2.750000,-2.600000,
2.800000,-2.600000,
2.850000,-2.600000,
2.900000,-2.600000,
2.950000,-2.600000,
3.000000,-2.600000,
3.050000,-2.600000,
3.100000,-2.600000,
3.150000,-2.600000,
3.200000,-2.600000,
3.250000,-2.600000,
3.300000,-2.600000,
3.350000,-2.600000,
3.400000,-2.600000,
3.450000,-2.600000,
3.500000,-2.600000,
-3.500000,-2.550000,
-3.450000,-2.550000,
-3.400000,-2.550000,
-3.350000,-2.550000,
-3.300000,-2.550000,
-3.250000,-2.550000,
-3.200000,-2.550000,
-3.150000,-2.550000,
-3.100000,-2.550000,
-3.050000,-2.550000,
-3.000000,-2.550000,
-2.950000,-2.550000,
-2.900000,-2.550000,
-2.850000,-2.550000,
-2.800000,-2.550000,
-2.750000,-2.550000,
-2.700000,-2.550000,
-2.650000,-2.550000,
-2.600000,-2.550000,
-2.550000,-2.550000,
-2.500000,-2.550000,
-2.450000,-2.550000,
-2.400000,-2.550000,
-2.350000,-2.550000,
-2.300000,-2.550000,
-2.250000,-2.550000,
-2.200000,-2.550000,
-2.150000,-2.550000,
-2.100000,-2.550000,
-2.050000,-2.550000,
-2.000000,-2.550000,
-1.950000,-2.550000,
-1.900000,-2.550000,
-1.850000,-2.550000,-0.933220
-1.800000,-2.550000,-0.770694
-1.750000,-2.550000,-0.663904
-1.700000,-2.550000,-0.580847
-1.650000,-2.550000,-0.512254
-1.600000,-2.550000,-0.453866
-1.550000,-2.550000,-0.403300
-1.500000,-2.550000,-0.359063
-1.450000,-2.550000,-0.320150
-1.400000,-2.550000,-0.285843
-1.350000,-2.550000,-0.255617
-1.300000,-2.550000,-0.229070
-1.250000,-2.550000,-0.205895
-1.200000,-2.550000,-0.185849
-1.150000,-2.550000,-0.168742
-1.100000,-2.550000,-0.154422
-1.050000,-2.550000,-0.142771
-1.000000,-2.550000,-0.133699
-0.950000,-2.550000,-0.127136
-0.900000,-2.550000,-0.123035
-0.850000,-2.550000,-0.121366
-0.800000,-2.550000,-0.122118
-0.750000,-2.550000,-0.125297
-0.700000,-2.550000,-0.130923
-0.650000,-2.550000,-0.139039
-0.600000,-2.550000,-0.149705
-0.550000,-2.550000,-0.163002
-0.500000,-2.550000,-0.179039
-0.450000,-2.550000,-0.197953
-0.400000,-2.550000,-0.219919
-0.350000,-2.550000,-0.245157
-0.300000,-2.550000,-0.273950
-0.250000,-2.550000,-0.306658
-0.200000,-2.550000,-0.343756
-0.150000,-2.550000,-0.385879
-0.100000,-2.550000,-0.404158
-0.050000,-2.550000,-0.402224
-0.000000,-2.550000,-0.401579
0.050000,-2.550000,-0.402224
0.100000,-2.550000,-0.404158
0.150000,-2.550000,-0.407386
0.200000,-2.550000,-0.411914
0.250000,-2.550000,-0.417751
0.300000,-2.550000,-0.424910
0.350000,-2.550000,-0.433405
0.400000,-2.550000,-0.443254
0.450000,-2.550000,-0.454479
0.500000,-2.550000,-0.467103
0.550000,-2.550000,-0.481156
0.600000,-2.550000,-0.496671
0.650000,-2.550000,-0.513683
0.700000,-2.550000,-0.532237
0.750000,-2.550000,-0.552379
0.800000,-2.550000,-0.574163
0.850000,-2.550000,-0.597652
0.900000,-2.550000,-0.622916
0.950000,-2.550000,-0.650033
1.000000,-2.550000,-0.679094
1.050000,-2.550000,-0.710204
1.100000,-2.550000,-0.743482
1.150000,-2.550000,-0.779066
1.200000,-2.550000,-0.817118
1.250000,-2.550000,-0.857827
1.300000,-2.550000,-0.901419
1.350000,-2.550000,-0.948165
1.400000,-2.550000,-0.998393
1.450000,-2.550000,-1.052510
1.500000,-2.550000,-1.111029
1.550000,-2.550000,-1.174612
1.600000,-2.550000,-1.244138
1.650000,-2.550000,-1.320821
1.700000,-2.550000,-1.406418
1.750000,-2.550000,-1.503656
1.800000,-2.550000,
1.850000,-2.550000,
1.900000,-2.550000,
1.950000,-2.550000,
2.000000,-2.550000,
2.050000,-2.550000,
2.100000,-2.550000,
2.150000,-2.550000,
2.200000,-2.550000,
2.250000,-2.550000,
2.300000,-2.550000,
2.350000,-2.550000,
2.400000,-2.550000,
2.450000,-2.550000,
2.500000,-2.550000,
2.550000,-2.550000,
2.600000,-2.550000,
2.650000,-2.550000,
2.700000,-2.550000,
2.750000,-2.550000,
2.800000,-2.550000,
2.850000,-2.550000,
2.900000,-2.550000,
2.950000,-2.550000,
3.000000,-2.550000,
3.050000,-2.550000,
3.100000,-2.550000,
3.150000,-2.550000,
3.200000,-2.550000,
3.250000,-2.550000,
3.300000,-2.550000,
3.350000,-2.550000,
3.400000,-2.550000,
3.450000,-2.550000,
3.500000,-2.550000,
-3.500000,-2.500000,
-3.450000,-2.500000,
-3.400000,-2.500000,
-3.350000,-2.500000,
-3.300000,-2.500000,
-3.250000,-2.500000,
-3.200000,-2.500000,
-3.150000,-2.500000,
-3.100000,-2.500000,
-3.050000,-2.500000,
-3.000000,-2.500000,
-2.950000,-2.500000,
-2.900000,-2.500000,
-2.850000,-2.500000,
-2.800000,-2.500000,
-2.750000,-2.500000,
-2.700000,-2.500000,
-2.650000,-2.500000,
-2.600000,-2.500000,
-2.550000,-2.500000,
-2.500000,-2.500000,
-2.450000,-2.500000,
-2.400000,-2.500000,
-2.350000,-2.500000,
-2.300000,-2.500000,
-2.250000,-2.500000,
-2.200000,-2.500000,
-2.150000,-2.500000,
-2.100000,-2.500000,
-2.050000,-2.500000,
-2.000000,-2.500000,
-1.950000,-2.500000,
-1.900000,-2.500000,-0.858362
-1.850000,-2.500000,-0.717403
-1.800000,-2.500000,-0.616508
-1.750000,-2.500000,-0.535768
-1.700000,-2.500000,-0.468036
-1.650000,-2.500000,-0.409758
-1.600000,-2.500000,-0.358853
-1.550000,-2.500000,-0.313981
-1.500000,-2.500000,-0.274220
-1.450000,-2.500000,-0.238904
-1.400000,-2.500000,-0.207536
-1.350000,-2.500000,-0.179734
-1.300000,-2.500000,-0.155200
-1.250000,-2.500000,-0.133700
-1.200000,-2.500000,-0.115045
-1.150000,-2.500000,-0.099084
-1.100000,-2.500000,-0.085697
-1.050000,-2.500000,-0.074788
-1.000000,-2.500000,-0.066282
-0.950000,-2.500000,-0.060123
-0.900000,-2.500000,-0.056272
-0.850000,-2.500000,-0.054705
-0.800000,-2.500000,-0.055411
-0.750000,-2.500000,-0.058396
-0.700000,-2.500000,-0.063678
-0.650000,-2.500000,-0.071290
-0.600000,-2.500000,-0.081282
-0.550000,-2.500000,-0.093722
-0.500000,-2.500000,-0.108696
-0.450000,-2.500000,-0.126315
-0.400000,-2.500000,-0.146719
-0.350000,-2.500000,-0.170080
-0.300000,-2.500000,-0.196614
-0.250000,-2.500000,-0.226593
-0.200000,-2.500000,-0.260364
-0.150000,-2.500000,-0.298375
-0.100000,-2.500000,-0.341221
-0.050000,-2.500000,-0.389712
-0.000000,-2.500000,-0.413513
0.050000,-2.500000,-0.414162
0.100000,-2.500000,-0.416108
0.150000,-2.500000,-0.419356
0.200000,-2.500000,-0.423912
0.250000,-2.500000,-0.429786
0.300000,-2.500000,-0.436990
0.350000,-2.500000,-0.445539
0.400000,-2.500000,-0.455452
0.450000,-2.500000,-0.466749
0.500000,-2.500000,-0.479457
0.550000,-2.500000,-0.493604
0.600000,-2.500000,-0.509224
0.650000,-2.500000,-0.526354
0.700000,-2.500000,-0.545038
0.750000,-2.500000,-0.565325
0.800000,-2.500000,-0.587271
0.850000,-2.500000,-0.610938
0.900000,-2.500000,-0.636398
0.950000,-2.500000,-0.663733
1.000000,-2.500000,-0.693036
1.050000,-2.500000,-0.724414
1.100000,-2.500000,-0.757990
1.150000,-2.500000,-0.793907
1.200000,-2.500000,-0.832333
1.250000,-2.500000,-0.873464
1.300000,-2.500000,-0.917535
1.350000,-2.500000,-0.964827
1.400000,-2.500000,-1.015686
1.450000,-2.500000,-1.070539
1.500000,-2.500000,-1.129928
1.550000,-2.500000,-1.194558
1.600000,-2.500000,-1.265372
1.650000,-2.500000,-1.343684
1.700000,-2.500000,-1.431428
1.750000,-2.500000,-1.531661
1.800000,-2.500000,-1.649787
1.850000,-2.500000,
1.900000,-2.500000,
1.950000,-2.500000,
2.000000,-2.500000,
2.050000,-2.500000,
2.100000,-2.500000,
2.150000,-2.500000,
2.200000,-2.500000,
2.250000,-2.500000,
2.300000,-2.500000,
2.350000,-2.500000,
2.400000,-2.500000,
2.450000,-2.500000,
2.500000,-2.500000,
2.550000,-2.500000,
2.600000,-2.500000,
2.650000,-2.500000,
2.700000,-2.500000,
2.750000,-2.500000,
2.800000,-2.500000,
2.850000,-2.500000,
2.900000,-2.500000,
2.950000,-2.500000,
3.000000,-2.500000,
3.050000,-2.500000,
3.100000,-2.500000,
3.150000,-2.500000,
3.200000,-2.500000,
3.250000,-2.500000,
3.300000,-2.500000,
3.350000,-2.500000,
3.400000,-2.500000,
3.450000,-2.500000,
3.500000,-2.500000,
-3.500000,-2.450000,
-3.450000,-2.450000,
-3.400000,-2.450000,
-3.350000,-2.450000,
-3.300000,-2.450000,
-3.250000,-2.450000,
-3.200000,-2.450000,
-3.150000,-2.450000,
-3.100000,-2.450000,
-3.050000,-2.450000,
-3.000000,-2.450000,
-2.950000,-2.450000,
-2.900000,-2.450000,
-2.850000,-2.450000,
-2.800000,-2.450000,
-2.750000,-2.450000,
-2.700000,-2.450000,
-2.650000,-2.450000,
-2.600000,-2.450000,
-2.550000,-2.450000,
-2.500000,-2.450000,
-2.450000,-2.450000,
-2.400000,-2.450000,
-2.350000,-2.450000,
-2.300000,-2.450000,
-2.250000,-2.450000,
-2.200000,-2.450000,
-2.150000,-2.450000,
-2.100000,-2.450000,
-2.050000,-2.450000,
-2.000000,-2.450000,-1.098052
-1.950000,-2.450000,-0.813252
-1.900000,-2.450000,-0.680358
-1.850000,-2.450000,-0.581618
-1.800000,-2.450000,-0.501363
-1.750000,-2.450000,-0.433396
-1.700000,-2.450000,-0.374500
-1.650000,-2.450000,-0.322748
-1.600000,-2.450000,-0.276873
-1.550000,-2.450000,-0.235997
-1.500000,-2.450000,-0.199476
-1.450000,-2.450000,-0.166828
-1.400000,-2.450000,-0.137680
-1.350000,-2.450000,-0.111738
-1.300000,-2.450000,-0.088768
-1.250000,-2.450000,-0.068582
-1.200000,-2.450000,-0.051027
-1.150000,-2.450000,-0.035979
-1.100000,-2.450000,-0.023338
-1.050000,-2.450000,-0.013025
-1.000000,-2.450000,-0.004975
-0.950000,-2.450000,0.000857
-0.900000,-2.450000,0.004505
-0.850000,-2.450000,0.005990
-0.800000,-2.450000,0.005321
-0.750000,-2.450000,0.002493
-0.700000,-2.450000,-0.002510
-0.650000,-2.450000,-0.009715
-0.600000,-2.450000,-0.019166
-0.550000,-2.450000,-0.030918
-0.500000,-2.450000,-0.045044
-0.450000,-2.450000,-0.061637
-0.400000,-2.450000,-0.080811
-0.350000,-2.450000,-0.102708
-0.300000,-2.450000,-0.127500
-0.250000,-2.450000,-0.155404
-0.200000,-2.450000,-0.186688
-0.150000,-2.450000,-0.221694
-0.100000,-2.450000,-0.260857
-0.050000,-2.450000,-0.304751
-0.000000,-2.450000,-0.354156
0.050000,-2.450000,-0.410167
0.100000,-2.450000,-0.429439
0.150000,-2.450000,-0.432710
0.200000,-2.450000,-0.437298
0.250000,-2.450000,-0.443214
0.300000,-2.450000,-0.450469
0.350000,-2.450000,-0.459079
0.400000,-2.450000,-0.469063
0.450000,-2.450000,-0.480443
0.500000,-2.450000,-0.493245
0.550000,-2.450000,-0.507499
0.600000,-2.450000,-0.523238
0.650000,-2.450000,-0.540501
0.700000,-2.450000,-0.559334
0.750000,-2.450000,-0.579785
0.800000,-2.450000,-0.601913
0.850000,-2.450000,-0.625782
0.900000,-2.450000,-0.651466
0.950000,-2.450000,-0.679048
1.000000,-2.450000,-0.708626
1.050000,-2.450000,-0.740309
1.100000,-2.450000,-0.774226
1.150000,-2.450000,-0.810524
1.200000,-2.450000,-0.849377
1.250000,-2.450000,-0.890991
1.300000,-2.450000,-0.935611
1.350000,-2.450000,-0.983533
1.400000,-2.450000,-1.035119
1.450000,-2.450000,-1.090824
1.500000,-2.450000,-1.151224
1.550000,-2.450000,-1.217077
1.600000,-2.450000,-1.289404
1.650000,-2.450000,-1.369650
1.700000,-2.450000,-1.459973
1.750000,-2.450000,-1.563874
1.800000,-2.450000,-1.687791
1.850000,-2.450000,
1.900000,-2.450000,
1.950000,-2.450000,
2.000000,-2.450000,
2.050000,-2.450000,
2.100000,-2.450000,
2.150000,-2.450000,
2.200000,-2.450000,
2.250000,-2.450000,
2.300000,-2.450000,
2.350000,-2.450000,
2.400000,-2.450000,
2.450000,-2.450000,
2.500000,-2.450000,
2.550000,-2.450000,
2.600000,-2.450000,
2.650000,-2.450000,
2.700000,-2.450000,
2.750000,-2.450000,
2.800000,-2.450000,
2.850000,-2.450000,
2.900000,-2.450000,
2.950000,-2.450000,
3.000000,-2.450000,
3.050000,-2.450000,
3.100000,-2.450000,
3.150000,-2.450000,
3.200000,-2.450000,
3.250000,-2.450000,
3.300000,-2.450000,
3.350000,-2.450000,
3.400000,-2.450000,
3.450000,-2.450000,
3.500000,-2.450000,
-3.500000,-2.400000,
-3.450000,-2.400000,
-3.400000,-2.400000,
-3.350000,-2.400000,
-3.300000,-2.400000,
-3.250000,-2.400000,
-3.200000,-2.400000,
-3.150000,-2.400000,
-3.100000,-2.400000,
-3.050000,-2.400000,
-3.000000,-2.400000,
-2.950000,-2.400000,
-2.900000,-2.400000,
-2.850000,-2.400000,
-2.800000,-2.400000,
-2.750000,-2.400000,
-2.700000,-2.400000,
-2.650000,-2.400000,
-2.600000,-2.400000,
-2.550000,-2.400000,
-2.500000,-2.400000,
-2.450000,-2.400000,
-2.400000,-2.400000,
-2.350000,-2.400000,
-2.300000,-2.400000,
-2.250000,-2.400000,
-2.200000,-2.400000,
-2.150000,-2.400000,
-2.100000,-2.400000,
-2.050000,-2.400000,-1.024422
-2.000000,-2.400000,-0.786785
-1.950000,-2.400000,-0.655926
-1.900000,-2.400000,-0.557039
-1.850000,-2.400000,-0.476007
-1.800000,-2.400000,-0.407001
-1.750000,-2.400000,-0.346934
-1.700000,-2.400000,-0.293933
-1.650000,-2.400000,-0.246761
-1.600000,-2.400000,-0.204548
-1.550000,-2.400000,-0.166658
-1.500000,-2.400000,-0.132612
-1.450000,-2.400000,-0.102035
-1.400000,-2.400000,-0.074634
-1.350000,-2.400000,-0.050172
-1.300000,-2.400000,-0.028457
-1.250000,-2.400000,-0.009333
-1.200000,-2.400000,0.007327
-1.150000,-2.400000,0.021629
-1.100000,-2.400000,0.033657
-1.050000,-2.400000,0.043480
-1.000000,-2.400000,0.051152
-0.950000,-2.400000,0.056714
-0.900000,-2.400000,0.060195
-0.850000,-2.400000,0.061612
-0.800000,-2.400000,0.060973
-0.750000,-2.400000,0.058275
-0.700000,-2.400000,0.053503
-0.650000,-2.400000,0.046634
-0.600000,-2.400000,0.037630
-0.550000,-2.400000,0.026444
-0.500000,-2.400000,0.013011
-0.450000,-2.400000,-0.002746
-0.400000,-2.400000,-0.020923
-0.350000,-2.400000,-0.041641
-0.300000,-2.400000,-0.065043
-0.250000,-2.400000,-0.091307
-0.200000,-2.400000,-0.120651
-0.150000,-2.400000,-0.153345
-0.100000,-2.400000,-0.189731
-0.050000,-2.400000,-0.230242
-0.000000,-2.400000,-0.275451
0.050000,-2.400000,-0.326125
0.100000,-2.400000,-0.383340
0.150000,-2.400000,-0.447477
0.200000,-2.400000,-0.452101
0.250000,-2.400000,-0.458063
0.300000,-2.400000,-0.465376
0.350000,-2.400000,-0.474055
0.400000,-2.400000,-0.484119
0.450000,-2.400000,-0.495592
0.500000,-2.400000,-0.508500
0.550000,-2.400000,-0.522873
0.600000,-2.400000,-0.538746
0.650000,-2.400000,-0.556160
0.700000,-2.400000,-0.575159
0.750000,-2.400000,-0.595796
0.800000,-2.400000,-0.618129
0.850000,-2.400000,-0.642226
0.900000,-2.400000,-0.668162
0.950000,-2.400000,-0.696024
1.000000,-2.400000,-0.725912
1.050000,-2.400000,-0.757941
1.100000,-2.400000,-0.792244
1.150000,-2.400000,-0.828974
1.200000,-2.400000,-0.868314
1.250000,-2.400000,-0.910478
1.300000,-2.400000,-0.955725
1.350000,-2.400000,-1.004367
1.400000,-2.400000,-1.056789
1.450000,-2.400000,-1.113476
1.500000,-2.400000,-1.175049
1.550000,-2.400000,-1.242327
1.600000,-2.400000,-1.316433
1.650000,-2.400000,-1.398976
1.700000,-2.400000,-1.492411
1.750000,-2.400000,-1.600846
1.800000,-2.400000,-1.732229
1.850000,-2.400000,
1.900000,-2.400000,
1.950000,-2.400000,
2.000000,-2.400000,
2.050000,-2.400000,
2.100000,-2.400000,
2.150000,-2.400000,
2.200000,-2.400000,
2.250000,-2.400000,
2.300000,-2.400000,
2.350000,-2.400000,
2.400000,-2.400000,
2.450000,-2.400000,
2.500000,-2.400000,
2.550000,-2.400000,
2.600000,-2.400000,
2.650000,-2.400000,
2.700000,-2.400000,
2.750000,-2.400000,
2.800000,-2.400000,
2.850000,-2.400000,
2.900000,-2.400000,
2.950000,-2.400000,
3.000000,-2.400000,
3.050000,-2.400000,
3.100000,-2.400000,
3.150000,-2.400000,
3.200000,-2.400000,
3.250000,-2.400000,
3.300000,-2.400000,
3.350000,-2.400000,
3.400000,-2.400000,
3.450000,-2.400000,
3.500000,-2.400000,
-3.500000,-2.350000,
-3.450000,-2.350000,
-3.400000,-2.350000,
-3.350000,-2.350000,
-3.300000,-2.350000,
-3.250000,-2.350000,
-3.200000,-2.350000,
-3.150000,-2.350000,
-3.100000,-2.350000,
-3.050000,-2.350000,
-3.000000,-2.350000,
-2.950000,-2.350000,
-2.900000,-2.350000,
-2.850000,-2.350000,
-2.800000,-2.350000,
-2.750000,-2.350000,
-2.700000,-2.350000,
-2.650000,-2.350000,
-2.600000,-2.350000,
-2.550000,-2.350000,
-2.500000,-2.350000,
-2.450000,-2.350000,
-2.400000,-2.350000,
-2.350000,-2.350000,
-2.300000,-2.350000,
-2.250000,-2.350000,
-2.200000,-2.350000,
-2.150000,-2.350000,
-2.100000,-2.350000,-1.010651
-2.050000,-2.350000,-0.775043
-2.000000,-2.350000,-0.642300
-1.950000,-2.350000,-0.541532
-1.900000,-2.350000,-0.458710
-1.850000,-2.350000,-0.387999
-1.800000,-2.350000,-0.326291
-1.750000,-2.350000,-0.271697
-1.700000,-2.350000,-0.222966
-1.650000,-2.350000,-0.179218
-1.600000,-2.350000,-0.139810
-1.550000,-2.350000,-0.104253
-1.500000,-2.350000,-0.072167
-1.450000,-2.350000,-0.043252
-1.400000,-2.350000,-0.017266
-1.350000,-2.350000,0.005988
-1.300000,-2.350000,0.026671
-1.250000,-2.350000,0.044916
-1.200000,-2.350000,0.060833
-1.150000,-2.350000,0.074513
-1.100000,-2.350000,0.086028
-1.050000,-2.350000,0.095440
-1.000000,-2.350000,0.102795
-0.950000,-2.350000,0.108130
-0.900000,-2.350000,0.111469
-0.850000,-2.350000,0.112829
-0.800000,-2.350000,0.112216
-0.750000,-2.350000,0.109627
-0.700000,-2.350000,0.105050
-0.650000,-2.350000,0.098463
-0.600000,-2.350000,0.089834
-0.550000,-2.350000,0.079121
-0.500000,-2.350000,0.066268
-0.450000,-2.350000,0.051208
-0.400000,-2.350000,0.033855
-0.350000,-2.350000,0.014109
-0.300000,-2.350000,-0.008155
-0.250000,-2.350000,-0.033086
-0.200000,-2.350000,-0.060867
-0.150000,-2.350000,-0.091721
-0.100000,-2.350000,-0.125925
-0.050000,-2.350000,-0.163825
-0.000000,-2.350000,-0.205864
0.050000,-2.350000,-0.252621
0.100000,-2.350000,-0.304874
0.150000,-2.350000,-0.363710
0.200000,-2.350000,-0.430734
0.250000,-2.350000,-0.474369
0.300000,-2.350000,-0.481745
0.350000,-2.350000,-0.490501
0.400000,-2.350000,-0.500656
0.450000,-2.350000,-0.512232
0.500000,-2.350000,-0.525258
0.550000,-2.350000,-0.539765
0.600000,-2.350000,-0.555788
0.650000,-2.350000,-0.573369
0.700000,-2.350000,-0.592556
0.750000,-2.350000,-0.613400
0.800000,-2.350000,-0.635964
0.850000,-2.350000,-0.660316
0.900000,-2.350000,-0.686535
0.950000,-2.350000,-0.714712
1.000000,-2.350000,-0.744950
1.050000,-2.350000,-0.777369
1.100000,-2.350000,-0.812107
1.150000,-2.350000,-0.849326
1.200000,-2.350000,-0.889217
1.250000,-2.350000,-0.932006
1.300000,-2.350000,-0.977967
1.350000,-2.350000,-1.027431
1.400000,-2.350000,-1.080812
1.450000,-2.350000,-1.138630
1.500000,-2.350000,-1.201559
1.550000,-2.350000,-1.270501
1.600000,-2.350000,-1.346703
1.650000,-2.350000,-1.431987
1.700000,-2.350000,-1.529208
1.750000,-2.350000,-1.643330
1.800000,-2.350000,-1.784639
1.850000,-2.350000,
1.900000,-2.350000,
1.950000,-2.350000,
2.000000,-2.350000,
2.050000,-2.350000,
2.100000,-2.350000,
2.150000,-2.350000,
2.200000,-2.350000,
2.250000,-2.350000,
2.300000,-2.350000,
2.350000,-2.350000,
2.400000,-2.350000,
2.450000,-2.350000,
2.500000,-2.350000,
2.550000,-2.350000,
2.600000,-2.350000,
2.650000,-2.350000,
2.700000,-2.350000,
2.750000,-2.350000,
2.800000,-2.350000,
2.850000,-2.350000,
2.900000,-2.350000,
2.950000,-2.350000,
3.000000,-2.350000,
3.050000,-2.350000,
3.100000,-2.350000,
3.150000,-2.350000,
3.200000,-2.350000,
3.250000,-2.350000,
3.300000,-2.350000,
3.350000,-2.350000,
3.400000,-2.350000,
3.450000,-2.350000,
3.500000,-2.350000,
-3.500000,-2.300000,
-3.450000,-2.300000,
-3.400000,-2.300000,
-3.350000,-2.300000,
-3.300000,-2.300000,
-3.250000,-2.300000,
-3.200000,-2.300000,
-3.150000,-2.300000,
-3.100000,-2.300000,
-3.050000,-2.300000,
-3.000000,-2.300000,
-2.950000,-2.300000,
-2.900000,-2.300000,
-2.850000,-2.300000,
-2.800000,-2.300000,
-2.750000,-2.300000,
-2.700000,-2.300000,
-2.650000,-2.300000,
-2.600000,-2.300000,
-2.550000,-2.300000,
-2.500000,-2.300000,
-2.450000,-2.300000,
-2.400000,-2.300000,
-2.350000,-2.300000,
-2.300000,-2.300000,
-2.250000,-2.300000,
-2.200000,-2.300000,
-2.150000,-2.300000,-1.034132
-2.100000,-2.300000,-0.776651
-2.050000,-2.300000,-0.638625
-2.000000,-2.300000,-0.534414
-1.950000,-2.300000,-0.448881
-1.900000,-2.300000,-0.375849
-1.850000,-2.300000,-0.312062
-1.800000,-2.300000,-0.255549
-1.750000,-2.300000,-0.205013
-1.700000,-2.300000,-0.159541
-1.650000,-2.300000,-0.118468
-1.600000,-2.300000,-0.081288
-1.550000,-2.300000,-0.047608
-1.500000,-2.300000,-0.017119
-1.450000,-2.300000,0.010431
-1.400000,-2.300000,0.035245
-1.350000,-2.300000,0.057493
-1.300000,-2.300000,0.077311
-1.250000,-2.300000,0.094817
-1.200000,-2.300000,0.110107
-1.150000,-2.300000,0.123259
-1.100000,-2.300000,0.134339
-1.050000,-2.300000,0.143401
-1.000000,-2.300000,0.150486
-0.950000,-2.300000,0.155626
-0.900000,-2.300000,0.158845
-0.850000,-2.300000,0.160156
-0.800000,-2.300000,0.159565
-0.750000,-2.300000,0.157069
-0.700000,-2.300000,0.152658
-0.650000,-2.300000,0.146312
-0.600000,-2.300000,0.138003
-0.550000,-2.300000,0.127692
-0.500000,-2.300000,0.115331
-0.450000,-2.300000,0.100859
-0.400000,-2.300000,0.084202
-0.350000,-2.300000,0.065271
-0.300000,-2.300000,0.043958
-0.250000,-2.300000,0.020133
-0.200000,-2.300000,-0.006360
-0.150000,-2.300000,-0.035711
-0.100000,-2.300000,-0.068150
-0.050000,-2.300000,-0.103964
-0.000000,-2.300000,-0.143512
0.050000,-2.300000,-0.187251
0.100000,-2.300000,-0.235779
0.150000,-2.300000,-0.289903
0.200000,-2.300000,-0.350751
0.250000,-2.300000,-0.419991
0.300000,-2.300000,-0.499617
0.350000,-2.300000,-0.508458
0.400000,-2.300000,-0.518713
0.450000,-2.300000,-0.530405
0.500000,-2.300000,-0.543562
0.550000,-2.300000,-0.558217
0.600000,-2.300000,-0.574408
0.650000,-2.300000,-0.592176
0.700000,-2.300000,-0.611571
0.750000,-2.300000,-0.632647
0.800000,-2.300000,-0.655469
0.850000,-2.300000,-0.680107
0.900000,-2.300000,-0.706643
0.950000,-2.300000,-0.735173
1.000000,-2.300000,-0.765803
1.050000,-2.300000,-0.798660
1.100000,-2.300000,-0.833888
1.150000,-2.300000,-0.871658
1.200000,-2.300000,-0.912172
1.250000,-2.300000,-0.955670
1.300000,-2.300000,-1.002442
1.350000,-2.300000,-1.052845
1.400000,-2.300000,-1.107324
1.450000,-2.300000,-1.166445
1.500000,-2.300000,-1.230949
1.550000,-2.300000,-1.301837
1.600000,-2.300000,-1.380519
1.650000,-2.300000,-1.469101
1.700000,-2.300000,-1.570987
1.750000,-2.300000,-1.692407
1.800000,-2.300000,-1.847547
1.850000,-2.300000,
1.900000,-2.300000,
1.950000,-2.300000,
2.000000,-2.300000,
2.050000,-2.300000,
2.100000,-2.300000,
2.150000,-2.300000,
2.200000,-2.300000,
2.250000,-2.300000,
2.300000,-2.300000,
2.350000,-2.300000,
2.400000,-2.300000,
2.450000,-2.300000,
2.500000,-2.300000,
2.550000,-2.300000,
2.600000,-2.300000,
2.650000,-2.300000,
2.700000,-2.300000,
2.750000,-2.300000,
2.800000,-2.300000,
2.850000,-2.300000,
2.900000,-2.300000,
2.950000,-2.300000,
3.000000,-2.300000,
3.050000,-2.300000,
3.100000,-2.300000,
3.150000,-2.300000,
3.200000,-2.300000,
3.250000,-2.300000,
3.300000,-2.300000,
3.350000,-2.300000,
3.400000,-2.300000,
3.450000,-2.300000,
3.500000,-2.300000,
-3.500000,-2.250000,
-3.450000,-2.250000,
-3.400000,-2.250000,
-3.350000,-2.250000,
-3.300000,-2.250000,
-3.250000,-2.250000,
-3.200000,-2.250000,
-3.150000,-2.250000,
-3.100000,-2.250000,
-3.050000,-2.250000,
-3.000000,-2.250000,
-2.950000,-2.250000,
-2.900000,-2.250000,
-2.850000,-2.250000,
-2.800000,-2.250000,
-2.750000,-2.250000,
-2.700000,-2.250000,
-2.650000,-2.250000,
-2.600000,-2.250000,
-2.550000,-2.250000,
-2.500000,-2.250000,
-2.450000,-2.250000,
-2.400000,-2.250000,
-2.350000,-2.250000,
-2.300000,-2.250000,
-2.250000,-2.250000,
-2.200000,-2.250000,
-2.150000,-2.250000,-0.791787
-2.100000,-2.250000,-0.644684
-2.050000,-2.250000,-0.535397
-2.000000,-2.250000,-0.446208
-1.950000,-2.250000,-0.370233
-1.900000,-2.250000,-0.303925
-1.850000,-2.250000,-0.245167
-1.800000,-2.250000,-0.192575
-1.750000,-2.250000,-0.145186
-1.700000,-2.250000,-0.102296
-1.650000,-2.250000,-0.063375
-1.600000,-2.250000,-0.028011
-1.550000,-2.250000,0.004121
-1.500000,-2.250000,0.033284
-1.450000,-2.250000,0.059691
-1.400000,-2.250000,0.083519
-1.350000,-2.250000,0.104914
-1.300000,-2.250000,0.123998
-1.250000,-2.250000,0.140873
-1.200000,-2.250000,0.155625
-1.150000,-2.250000,0.168325
-1.100000,-2.250000,0.179031
-1.050000,-2.250000,0.187791
-1.000000,-2.250000,0.194643
-0.950000,-2.250000,0.199616
-0.900000,-2.250000,0.202730
-0.850000,-2.250000,0.203999
-0.800000,-2.250000,0.203427
-0.750000,-2.250000,0.201012
-0.700000,-2.250000,0.196745
-0.650000,-2.250000,0.190607
-0.600000,-2.250000,0.182572
-0.550000,-2.250000,0.172608
-0.500000,-2.250000,0.160669
-0.450000,-2.250000,0.146701
-0.400000,-2.250000,0.130638
-0.350000,-2.250000,0.112401
-0.300000,-2.250000,0.091894
-0.250000,-2.250000,0.069002
-0.200000,-2.250000,0.043590
-0.150000,-2.250000,0.015493
-0.100000,-2.250000,-0.015487
-0.050000,-2.250000,-0.049594
-0.000000,-2.250000,-0.087126
0.050000,-2.250000,-0.128459
0.100000,-2.250000,-0.174074
0.150000,-2.250000,-0.224600
0.200000,-2.250000,-0.280889
0.250000,-2.250000,-0.344141
0.300000,-2.250000,-0.416141
0.350000,-2.250000,-0.495891
0.400000,-2.250000,-0.512443
0.450000,-2.250000,-0.530577
0.500000,-2.250000,-0.550342
0.550000,-2.250000,-0.571794
0.600000,-2.250000,-0.594656
0.650000,-2.250000,-0.612633
0.700000,-2.250000,-0.632259
0.750000,-2.250000,-0.653594
0.800000,-2.250000,-0.676702
0.850000,-2.250000,-0.701659
0.900000,-2.250000,-0.728550
0.950000,-2.250000,-0.757474
1.000000,-2.250000,-0.788544
1.050000,-2.250000,-0.821892
1.100000,-2.250000,-0.857671
1.150000,-2.250000,-0.896063
1.200000,-2.250000,-0.937280
1.250000,-2.250000,-0.981581
1.300000,-2.250000,-1.029276
1.350000,-2.250000,-1.080751
1.400000,-2.250000,-1.136490
1.450000,-2.250000,-1.197116
1.500000,-2.250000,-1.263453
1.550000,-2.250000,-1.336630
1.600000,-2.250000,-1.418271
1.650000,-2.250000,-1.510866
1.700000,-2.250000,-1.618611
1.750000,-2.250000,-1.749714
1.800000,-2.250000,-1.925687
1.850000,-2.250000,
1.900000,-2.250000,
1.950000,-2.250000,
2.000000,-2.250000,
2.050000,-2.250000,
2.100000,-2.250000,
2.150000,-2.250000,
2.200000,-2.250000,
2.250000,-2.250000,
2.300000,-2.250000,
2.350000,-2.250000,
2.400000,-2.250000,
2.450000,-2.250000,
2.500000,-2.250000,
2.550000,-2.250000,
2.600000,-2.250000,
2.650000,-2.250000,
2.700000,-2.250000,
2.750000,-2.250000,
2.800000,-2.250000,
2.850000,-2.250000,
2.900000,-2.250000,
2.950000,-2.250000,
3.000000,-2.250000,
3.050000,-2.250000,
3.100000,-2.250000,
3.150000,-2.250000,
3.200000,-2.250000,
3.250000,-2.250000,
3.300000,-2.250000,
3.350000,-2.250000,
3.400000,-2.250000,
3.450000,-2.250000,
3.500000,-2.250000,
-3.500000,-2.200000,
-3.450000,-2.200000,
-3.400000,-2.200000,
-3.350000,-2.200000,
-3.300000,-2.200000,
-3.250000,-2.200000,
-3.200000,-2.200000,
-3.150000,-2.200000,
-3.100000,-2.200000,
-3.050000,-2.200000,
-3.000000,-2.200000,
-2.950000,-2.200000,
-2.900000,-2.200000,
-2.850000,-2.200000,
-2.800000,-2.200000,
-2.750000,-2.200000,
-2.700000,-2.200000,
-2.650000,-2.200000,
-2.600000,-2.200000,
-2.550000,-2.200000,
-2.500000,-2.200000,
-2.450000,-2.200000,
-2.400000,-2.200000,
-2.350000,-2.200000,
-2.300000,-2.200000,
-2.250000,-2.200000,
-2.200000,-2.200000,-0.822294
-2.150000,-2.200000,-0.660837
-2.100000,-2.200000,-0.544520
-2.050000,-2.200000,-0.450610
-2.000000,-2.200000,-0.371010
-1.950000,-2.200000,-0.301706
-1.900000,-2.200000,-0.240353
-1.850000,-2.200000,-0.185441
-1.800000,-2.200000,-0.135928
-1.750000,-2.200000,-0.091059
-1.700000,-2.200000,-0.050269
-1.650000,-2.200000,-0.013120
-1.600000,-2.200000,0.020733
-1.550000,-2.200000,0.051568
-1.500000,-2.200000,0.079610
-1.450000,-2.200000,0.105047
-1.400000,-2.200000,0.128032
-1.350000,-2.200000,0.148697
-1.300000,-2.200000,0.167149
-1.250000,-2.200000,0.183480
-1.200000,-2.200000,0.197768
-1.150000,-2.200000,0.210075
-1.100000,-2.200000,0.220457
-1.050000,-2.200000,0.228954
-1.000000,-2.200000,0.235604
-0.950000,-2.200000,0.240430
-0.900000,-2.200000,0.243454
-0.850000,-2.200000,0.244685
-0.800000,-2.200000,0.244130
-0.750000,-2.200000,0.241786
-0.700000,-2.200000,0.237643
-0.650000,-2.200000,0.231686
-0.600000,-2.200000,0.223892
-0.550000,-2.200000,0.214228
-0.500000,-2.200000,0.202655
-0.450000,-2.200000,0.189123
-0.400000,-2.200000,0.173574
-0.350000,-2.200000,0.155934
-0.300000,-2.200000,0.136118
-0.250000,-2.200000,0.114025
-0.200000,-2.200000,0.089533
-0.150000,-2.200000,0.062497
-0.100000,-2.200000,0.032743
-0.050000,-2.200000,0.000062
-0.000000,-2.200000,-0.035804
0.050000,-2.200000,-0.075170
0.100000,-2.200000,-0.118437
0.150000,-2.200000,-0.166116
0.200000,-2.200000,-0.218881
0.250000,-2.200000,-0.277650
0.300000,-2.200000,-0.343726
0.350000,-2.200000,-0.419076
0.400000,-2.200000,-0.494496
0.450000,-2.200000,-0.512446
0.500000,-2.200000,-0.532006
0.550000,-2.200000,-0.553231
0.600000,-2.200000,-0.576183
0.650000,-2.200000,-0.600932
0.700000,-2.200000,-0.627560
0.750000,-2.200000,-0.656158
0.800000,-2.200000,-0.686832
0.850000,-2.200000,-0.719704
0.900000,-2.200000,-0.752330
0.950000,-2.200000,-0.781695
1.000000,-2.200000,-0.813257
1.050000,-2.200000,-0.847156
1.100000,-2.200000,-0.883556
1.150000,-2.200000,-0.922647
1.200000,-2.200000,-0.964660
1.250000,-2.200000,-1.009870
1.300000,-2.200000,-1.058616
1.350000,-2.200000,-1.111318
1.400000,-2.200000,-1.168508
1.450000,-2.200000,-1.230880
1.500000,-2.200000,-1.299362
1.550000,-2.200000,-1.375253
1.600000,-2.200000,-1.460464
1.650000,-2.200000,-1.558027
1.700000,-2.200000,-1.673327
1.750000,-2.200000,-1.817944
1.800000,-2.200000,-2.030308
1.850000,-2.200000,
1.900000,-2.200000,
1.950000,-2.200000,
2.000000,-2.200000,
2.050000,-2.200000,
2.100000,-2.200000,
2.150000,-2.200000,
2.200000,-2.200000,
2.250000,-2.200000,
2.300000,-2.200000,
2.350000,-2.200000,
2.400000,-2.200000,
2.450000,-2.200000,
2.500000,-2.200000,
2.550000,-2.200000,
2.600000,-2.200000,
2.650000,-2.200000,
2.700000,-2.200000,
2.750000,-2.200000,
2.800000,-2.200000,
2.850000,-2.200000,
2.900000,-2.200000,
2.950000,-2.200000,
3.000000,-2.200000,
3.050000,-2.200000,
3.100000,-2.200000,
3.150000,-2.200000,
3.200000,-2.200000,
3.250000,-2.200000,
3.300000,-2.200000,
3.350000,-2.200000,
3.400000,-2.200000,
3.450000,-2.200000,
3.500000,-2.200000,
-3.500000,-2.150000,
-3.450000,-2.150000,
-3.400000,-2.150000,
-3.350000,-2.150000,
-3.300000,-2.150000,
-3.250000,-2.150000,
-3.200000,-2.150000,
-3.150000,-2.150000,
-3.100000,-2.150000,
-3.050000,-2.150000,
-3.000000,-2.150000,
-2.950000,-2.150000,
-2.900000,-2.150000,
-2.850000,-2.150000,
-2.800000,-2.150000,
-2.750000,-2.150000,
-2.700000,-2.150000,
-2.650000,-2.150000,
-2.600000,-2.150000,
-2.550000,-2.150000,
-2.500000,-2.150000,
-2.450000,-2.150000,
-2.400000,-2.150000,
-2.350000,-2.150000,
-2.300000,-2.150000,
-2.250000,-2.150000,-0.873120
-2.200000,-2.150000,-0.688129
-2.150000,-2.150000,-0.562159
-2.100000,-2.150000,-0.462222
-2.050000,-2.150000,-0.378200
-2.000000,-2.150000,-0.305359
-1.950000,-2.150000,-0.241020
-1.900000,-2.150000,-0.183493
-1.850000,-2.150000,-0.131628
-1.800000,-2.150000,-0.084601
-1.750000,-2.150000,-0.041800
-1.700000,-2.150000,-0.002752
-1.650000,-2.150000,0.032912
-1.600000,-2.150000,0.065488
-1.550000,-2.150000,0.095219
-1.500000,-2.150000,0.122304
-1.450000,-2.150000,0.146906
-1.400000,-2.150000,0.169165
-1.350000,-2.150000,0.189197
-1.300000,-2.150000,0.207101
-1.250000,-2.150000,0.222959
-1.200000,-2.150000,0.236841
-1.150000,-2.150000,0.248806
-1.100000,-2.150000,0.258903
-1.050000,-2.150000,0.267171
-1.000000,-2.150000,0.273642
-0.950000,-2.150000,0.278341
-0.900000,-2.150000,0.281285
-0.850000,-2.150000,0.282484
-0.800000,-2.150000,0.281943
-0.750000,-2.150000,0.279661
-0.700000,-2.150000,0.275628
-0.650000,-2.150000,0.269830
-0.600000,-2.150000,0.262245
-0.550000,-2.150000,0.252844
-0.500000,-2.150000,0.241591
-0.450000,-2.150000,0.228441
-0.400000,-2.150000,0.213338
-0.350000,-2.150000,0.196218
-0.300000,-2.150000,0.177002
-0.250000,-2.150000,0.155598
-0.200000,-2.150000,0.131897
-0.150000,-2.150000,0.105770
-0.100000,-2.150000,0.077062
-0.050000,-2.150000,0.045588
-0.000000,-2.150000,0.011124
0.050000,-2.150000,-0.026604
0.100000,-2.150000,-0.067936
0.150000,-2.150000,-0.113301
0.200000,-2.150000,-0.163251
0.250000,-2.150000,-0.218522
0.300000,-2.150000,-0.280120
0.350000,-2.150000,-0.349496
0.400000,-2.150000,-0.428877
0.450000,-2.150000,-0.495897
0.500000,-2.150000,-0.515274
0.550000,-2.150000,-0.536295
0.600000,-2.150000,-0.559022
0.650000,-2.150000,-0.583522
0.700000,-2.150000,-0.609872
0.750000,-2.150000,-0.638163
0.800000,-2.150000,-0.668495
0.850000,-2.150000,-0.700986
0.900000,-2.150000,-0.735773
0.950000,-2.150000,-0.773013
1.000000,-2.150000,-0.812893
1.050000,-2.150000,-0.855634
1.100000,-2.150000,-0.901502
1.150000,-2.150000,-0.950819
1.200000,-2.150000,-0.994448
1.250000,-2.150000,-1.040693
1.300000,-2.150000,-1.090639
1.350000,-2.150000,-1.144750
1.400000,-2.150000,-1.203618
1.450000,-2.150000,-1.268027
1.500000,-2.150000,-1.339043
1.550000,-2.150000,-1.418187
1.600000,-2.150000,-1.507772
1.650000,-2.150000,-1.611626
1.700000,-2.150000,-1.737057
1.750000,-2.150000,-1.902149
1.800000,-2.150000,
1.850000,-2.150000,
1.900000,-2.150000,
1.950000,-2.150000,
2.000000,-2.150000,
2.050000,-2.150000,
2.100000,-2.150000,
2.150000,-2.150000,
2.200000,-2.150000,
2.250000,-2.150000,
2.300000,-2.150000,
2.350000,-2.150000,
2.400000,-2.150000,
2.450000,-2.150000,
2.500000,-2.150000,
2.550000,-2.150000,
2.600000,-2.150000,
2.650000,-2.150000,
2.700000,-2.150000,
2.750000,-2.150000,
2.800000,-2.150000,
2.850000,-2.150000,
2.900000,-2.150000,
2.950000,-2.150000,
3.000000,-2.150000,
3.050000,-2.150000,
3.100000,-2.150000,
3.150000,-2.150000,
3.200000,-2.150000,
3.250000,-2.150000,
3.300000,-2.150000,
3.350000,-2.150000,
3.400000,-2.150000,
3.450000,-2.150000,
3.500000,-2.150000,
-3.500000,-2.100000,
-3.450000,-2.100000,
-3.400000,-2.100000,
-3.350000,-2.100000,
-3.300000,-2.100000,
-3.250000,-2.100000,
-3.200000,-2.100000,
-3.150000,-2.100000,
-3.100000,-2.100000,
-3.050000,-2.100000,
-3.000000,-2.100000,
-2.950000,-2.100000,
-2.900000,-2.100000,
-2.850000,-2.100000,
-2.800000,-2.100000,
-2.750000,-2.100000,
-2.700000,-2.100000,
-2.650000,-2.100000,
-2.600000,-2.100000,
-2.550000,-2.100000,
-2.500000,-2.100000,
-2.450000,-2.100000,
-2.400000,-2.100000,
-2.350000,-2.100000,
-2.300000,-2.100000,-0.959537
-2.250000,-2.100000,-0.728696
-2.200000,-2.100000,-0.589110
-2.150000,-2.100000,-0.481416
-2.100000,-2.100000,-0.391983
-2.050000,-2.100000,-0.314960
-2.000000,-2.100000,-0.247179
-1.950000,-2.100000,-0.186699
-1.900000,-2.100000,-0.132223
-1.850000,-2.100000,-0.082836
-1.800000,-2.100000,-0.037862
-1.750000,-2.100000,0.003214
-1.700000,-2.100000,0.040792
-1.650000,-2.100000,0.075194
-1.600000,-2.100000,0.106679
-1.550000,-2.100000,0.135461
-1.500000,-2.100000,0.161718
-1.450000,-2.100000,0.185597
-1.400000,-2.100000,0.207224
-1.350000,-2.100000,0.226704
-1.300000,-2.100000,0.244128
-1.250000,-2.100000,0.259571
-1.200000,-2.100000,0.273097
-1.150000,-2.100000,0.284761
-1.100000,-2.100000,0.294607
-1.050000,-2.100000,0.302673
-1.000000,-2.100000,0.308987
-0.950000,-2.100000,0.313573
-0.900000,-2.100000,0.316446
-0.850000,-2.100000,0.317617
-0.800000,-2.100000,0.317089
-0.750000,-2.100000,0.314861
-0.700000,-2.100000,0.310925
-0.650000,-2.100000,0.305267
-0.600000,-2.100000,0.297867
-0.550000,-2.100000,0.288698
-0.500000,-2.100000,0.277727
-0.450000,-2.100000,0.264912
-0.400000,-2.100000,0.250201
-0.350000,-2.100000,0.233535
-0.300000,-2.100000,0.214843
-0.250000,-2.100000,0.194039
-0.200000,-2.100000,0.171026
-0.150000,-2.100000,0.145685
-0.100000,-2.100000,0.117878
-0.050000,-2.100000,0.087438
-0.000000,-2.100000,0.054168
0.050000,-2.100000,0.017826
0.100000,-2.100000,-0.021884
0.150000,-2.100000,-0.065329
0.200000,-2.100000,-0.112978
0.250000,-2.100000,-0.165436
0.300000,-2.100000,-0.223516
0.350000,-2.100000,-0.288348
0.400000,-2.100000,-0.361586
0.450000,-2.100000,-0.445831
0.500000,-2.100000,-0.500099
0.550000,-2.100000,-0.520940
0.600000,-2.100000,-0.543466
0.650000,-2.100000,-0.567743
0.700000,-2.100000,-0.593848
0.750000,-2.100000,-0.621866
0.800000,-2.100000,-0.651895
0.850000,-2.100000,-0.684049
0.900000,-2.100000,-0.718459
0.950000,-2.100000,-0.755278
1.000000,-2.100000,-0.794683
1.050000,-2.100000,-0.836886
1.100000,-2.100000,-0.882140
1.150000,-2.100000,-0.930751
1.200000,-2.100000,-0.983095
1.250000,-2.100000,-1.039644
1.300000,-2.100000,-1.100999
1.350000,-2.100000,-1.167955
1.400000,-2.100000,-1.241588
1.450000,-2.100000,-1.308923
1.500000,-2.100000,-1.382962
1.550000,-2.100000,-1.466066
1.600000,-2.100000,-1.561123
1.650000,-2.100000,-1.673212
1.700000,-2.100000,-1.813050
1.750000,-2.100000,-2.014426
1.800000,-2.100000,
1.850000,-2.100000,
1.900000,-2.100000,
1.950000,-2.100000,
2.000000,-2.100000,
2.050000,-2.100000,
2.100000,-2.100000,
2.150000,-2.100000,
2.200000,-2.100000,
2.250000,-2.100000,
2.300000,-2.100000,
2.350000,-2.100000,
2.400000,-2.100000,
2.450000,-2.100000,
2.500000,-2.100000,
2.550000,-2.100000,
2.600000,-2.100000,
2.650000,-2.100000,
2.700000,-2.100000,
2.750000,-2.100000,
2.800000,-2.100000,
2.850000,-2.100000,
2.900000,-2.100000,
2.950000,-2.100000,
3.000000,-2.100000,
3.050000,-2.100000,
3.100000,-2.100000,
3.150000,-2.100000,
3.200000,-2.100000,
3.250000,-2.100000,
3.300000,-2.100000,
3.350000,-2.100000,
3.400000,-2.100000,
3.450000,-2.100000,
3.500000,-2.100000,
-3.500000,-2.050000,
-3.450000,-2.050000,
-3.400000,-2.050000,
-3.350000,-2.050000,
-3.300000,-2.050000,
-3.250000,-2.050000,
-3.200000,-2.050000,
-3.150000,-2.050000,
-3.100000,-2.050000,
-3.050000,-2.050000,
-3.000000,-2.050000,
-2.950000,-2.050000,
-2.900000,-2.050000,
-2.850000,-2.050000,
-2.800000,-2.050000,
-2.750000,-2.050000,
-2.700000,-2.050000,
-2.650000,-2.050000,
-2.600000,-2.050000,
-2.550000,-2.050000,
-2.500000,-2.050000,
-2.450000,-2.050000,
-2.400000,-2.050000,
-2.350000,-2.050000,
-2.300000,-2.050000,-0.786903
-2.250000,-2.050000,-0.626797
-2.200000,-2.050000,-0.508868
-2.150000,-2.050000,-0.412728
-2.100000,-2.050000,-0.330716
-2.050000,-2.050000,-0.258945
-2.000000,-2.050000,-0.195112
-1.950000,-2.050000,-0.137724
-1.900000,-2.050000,-0.085741
-1.850000,-2.050000,-0.038408
-1.800000,-2.050000,0.004845
-1.750000,-2.050000,0.044458
-1.700000,-2.050000,0.080783
-1.650000,-2.050000,0.114101
-1.600000,-2.050000,0.144644
-1.550000,-2.050000,0.172603
-1.500000,-2.050000,0.198139
-1.450000,-2.050000,0.221387
-1.400000,-2.050000,0.242460
-1.350000,-2.050000,0.261456
-1.300000,-2.050000,0.278457
-1.250000,-2.050000,0.293534
-1.200000,-2.050000,0.306746
-1.150000,-2.050000,0.318143
-1.100000,-2.050000,0.327768
-1.050000,-2.050000,0.335654
-1.000000,-2.050000,0.341829
-0.950000,-2.050000,0.346314
-0.900000,-2.050000,0.349125
-0.850000,-2.050000,0.350270
-0.800000,-2.050000,0.349754
-0.750000,-2.050000,0.347574
-0.700000,-2.050000,0.343724
-0.650000,-2.050000,0.338191
-0.600000,-2.050000,0.330955
-0.550000,-2.050000,0.321992
-0.500000,-2.050000,0.311270
-0.450000,-2.050000,0.298750
-0.400000,-2.050000,0.284385
-0.350000,-2.050000,0.268119
-0.300000,-2.050000,0.249887
-0.250000,-2.050000,0.229611
-0.200000,-2.050000,0.207199
-0.150000,-2.050000,0.182543
-0.100000,-2.050000,0.155518
-0.050000,-2.050000,0.125974
-0.000000,-2.050000,0.093731
0.050000,-2.050000,0.058574
0.100000,-2.050000,0.020242
0.150000,-2.050000,-0.021587
0.200000,-2.050000,-0.067317
0.250000,-2.050000,-0.117463
0.300000,-2.050000,-0.172703
0.350000,-2.050000,-0.233951
0.400000,-2.050000,-0.302502
0.450000,-2.050000,-0.380293
0.500000,-2.050000,-0.470467
0.550000,-2.050000,-0.507123
0.600000,-2.050000,-0.529472
0.650000,-2.050000,-0.553553
0.700000,-2.050000,-0.579440
0.750000,-2.050000,-0.607217
0.800000,-2.050000,-0.636979
0.850000,-2.050000,-0.668837
0.900000,-2.050000,-0.702916
0.950000,-2.050000,-0.739363
1.000000,-2.050000,-0.778352
1.050000,-2.050000,-0.820084
1.100000,-2.050000,-0.864802
1.150000,-2.050000,-0.912799
1.200000,-2.050000,-0.964430
1.250000,-2.050000,-1.020143
1.300000,-2.050000,-1.080504
1.350000,-2.050000,-1.146253
1.400000,-2.050000,-1.218386
1.450000,-2.050000,-1.298304
1.500000,-2.050000,-1.388088
1.550000,-2.050000,-1.491085
1.600000,-2.050000,-1.613353
1.650000,-2.050000,-1.745250
1.700000,-2.050000,-1.907692
1.750000,-2.050000,-2.214926
1.800000,-2.050000,
1.850000,-2.050000,
1.900000,-2.050000,
1.950000,-2.050000,
2.000000,-2.050000,
2.050000,-2.050000,
2.100000,-2.050000,
2.150000,-2.050000,
2.200000,-2.050000,
2.250000,-2.050000,
2.300000,-2.050000,
2.350000,-2.050000,
2.400000,-2.050000,
2.450000,-2.050000,
2.500000,-2.050000,
2.550000,-2.050000,
2.600000,-2.050000,
2.650000,-2.050000,
2.700000,-2.050000,
2.750000,-2.050000,
2.800000,-2.050000,
2.850000,-2.050000,
2.900000,-2.050000,
2.950000,-2.050000,
3.000000,-2.050000,
3.050000,-2.050000,
3.100000,-2.050000,
3.150000,-2.050000,
3.200000,-2.050000,
3.250000,-2.050000,
3.300000,-2.050000,
3.350000,-2.050000,
3.400000,-2.050000,
3.450000,-2.050000,
3.500000,-2.050000,
-3.500000,-2.000000,
-3.450000,-2.000000,
-3.400000,-2.000000,
-3.350000,-2.000000,
-3.300000,-2.000000,
-3.250000,-2.000000,
-3.200000,-2.000000,
-3.150000,-2.000000,
-3.100000,-2.000000,
-3.050000,-2.000000,
-3.000000,-2.000000,
-2.950000,-2.000000,
-2.900000,-2.000000,
-2.850000,-2.000000,
-2.800000,-2.000000,
-2.750000,-2.000000,
-2.700000,-2.000000,
-2.650000,-2.000000,
-2.600000,-2.000000,
-2.550000,-2.000000,
-2.500000,-2.000000,
-2.450000,-2.000000,
-2.400000,-2.000000,
-2.350000,-2.000000,-0.873495
-2.300000,-2.000000,-0.677756
-2.250000,-2.000000,-0.545693
-2.200000,-2.000000,-0.441040
-2.150000,-2.000000,-0.352992
-2.100000,-2.000000,-0.276541
-2.050000,-2.000000,-0.208871
-2.000000,-2.000000,-0.148209
-1.950000,-2.000000,-0.093353
-1.900000,-2.000000,-0.043444
-1.850000,-2.000000,0.002160
-1.800000,-2.000000,0.043950
-1.750000,-2.000000,0.082312
-1.700000,-2.000000,0.117556
-1.650000,-2.000000,0.149936
-1.600000,-2.000000,0.179659
-1.550000,-2.000000,0.206899
-1.500000,-2.000000,0.231804
-1.450000,-2.000000,0.254496
-1.400000,-2.000000,0.275081
-1.350000,-2.000000,0.293649
-1.300000,-2.000000,0.310277
-1.250000,-2.000000,0.325030
-1.200000,-2.000000,0.337963
-1.150000,-2.000000,0.349124
-1.100000,-2.000000,0.358552
-1.050000,-2.000000,0.366278
-1.000000,-2.000000,0.372330
-0.950000,-2.000000,0.376725
-0.900000,-2.000000,0.379480
-0.850000,-2.000000,0.380603
-0.800000,-2.000000,0.380097
-0.750000,-2.000000,0.377960
-0.700000,-2.000000,0.374187
-0.650000,-2.000000,0.368764
-0.600000,-2.000000,0.361674
-0.550000,-2.000000,0.352893
-0.500000,-2.000000,0.342393
-0.450000,-2.000000,0.330135
-0.400000,-2.000000,0.316077
-0.350000,-2.000000,0.300166
-0.300000,-2.000000,0.282340
-0.250000,-2.000000,0.262528
-0.200000,-2.000000,0.240645
-0.150000,-2.000000,0.216591
-0.100000,-2.000000,0.190250
-0.050000,-2.000000,0.161485
-0.000000,-2.000000,0.130134
0.050000,-2.000000,0.096000
0.100000,-2.000000,0.058851
0.150000,-2.000000,0.018399
0.200000,-2.000000,-0.025710
0.250000,-2.000000,-0.073924
0.300000,-2.000000,-0.126821
0.350000,-2.000000,-0.185167
0.400000,-2.000000,-0.250014
0.450000,-2.000000,-0.322883
0.500000,-2.000000,-0.406111
0.550000,-2.000000,-0.494810
0.600000,-2.000000,-0.517003
0.650000,-2.000000,-0.540912
0.700000,-2.000000,-0.566609
0.750000,-2.000000,-0.594175
0.800000,-2.000000,-0.623703
0.850000,-2.000000,-0.655300
0.900000,-2.000000,-0.689090
0.950000,-2.000000,-0.725215
1.000000,-2.000000,-0.763840
1.050000,-2.000000,-0.805163
1.100000,-2.000000,-0.849416
1.150000,-2.000000,-0.896879
1.200000,-2.000000,-0.947896
1.250000,-2.000000,-1.002890
1.300000,-2.000000,-1.062398
1.350000,-2.000000,-1.127116
1.400000,-2.000000,-1.197977
1.450000,-2.000000,-1.276275
1.500000,-2.000000,-1.363908
1.550000,-2.000000,-1.463861
1.600000,-2.000000,-1.581375
1.650000,-2.000000,-1.727468
1.700000,-2.000000,-1.936499
1.750000,-2.000000,
1.800000,-2.000000,
1.850000,-2.000000,
1.900000,-2.000000,
1.950000,-2.000000,
2.000000,-2.000000,
2.050000,-2.000000,
2.100000,-2.000000,
2.150000,-2.000000,
2.200000,-2.000000,
2.250000,-2.000000,
2.300000,-2.000000,
2.350000,-2.000000,
2.400000,-2.000000,
2.450000,-2.000000,
2.500000,-2.000000,
2.550000,-2.000000,
2.600000,-2.000000,
2.650000,-2.000000,
2.700000,-2.000000,
2.750000,-2.000000,
2.800000,-2.000000,
2.850000,-2.000000,
2.900000,-2.000000,
2.950000,-2.000000,
3.000000,-2.000000,
3.050000,-2.000000,
3.100000,-2.000000,
3.150000,-2.000000,
3.200000,-2.000000,
3.250000,-2.000000,
3.300000,-2.000000,
3.350000,-2.000000,
3.400000,-2.000000,
3.450000,-2.000000,
3.500000,-2.000000,
-3.500000,-1.950000,
-3.450000,-1.950000,
-3.400000,-1.950000,
-3.350000,-1.950000,
-3.300000,-1.950000,
-3.250000,-1.950000,
-3.200000,-1.950000,
-3.150000,-1.950000,
-3.100000,-1.950000,
-3.050000,-1.950000,
-3.000000,-1.950000,
-2.950000,-1.950000,
-2.900000,-1.950000,
-2.850000,-1.950000,
-2.800000,-1.950000,
-2.750000,-1.950000,
-2.700000,-1.950000,
-2.650000,-1.950000,
-2.600000,-1.950000,
-2.550000,-1.950000,
-2.500000,-1.950000,
-2.450000,-1.950000,
-2.400000,-1.950000,-1.041134
-2.350000,-1.950000,-0.746934
-2.300000,-1.950000,-0.593735
-2.250000,-1.950000,-0.477869
-2.200000,-1.950000,-0.382351
-2.150000,-1.950000,-0.300329
-2.100000,-1.950000,-0.228213
-2.050000,-1.950000,-0.163837
-2.000000,-1.950000,-0.105776
-1.950000,-1.950000,-0.053031
-1.900000,-1.950000,-0.004870
-1.850000,-1.950000,0.039261
-1.800000,-1.950000,0.079796
-1.750000,-1.950000,0.117077
-1.700000,-1.950000,0.151384
-1.650000,-1.950000,0.182945
-1.600000,-1.950000,0.211950
-1.550000,-1.950000,0.238560
-1.500000,-1.950000,0.262908
-1.450000,-1.950000,0.285110
-1.400000,-1.950000,0.305264
-1.350000,-1.950000,0.323453
-1.300000,-1.950000,0.339749
-1.250000,-1.950000,0.354214
-1.200000,-1.950000,0.366899
-1.150000,-1.950000,0.377849
-1.100000,-1.950000,0.387101
-1.050000,-1.950000,0.394685
-1.000000,-1.950000,0.400626
-0.950000,-1.950000,0.404942
-0.900000,-1.950000,0.407647
-0.850000,-1.950000,0.408750
-0.800000,-1.950000,0.408253
-0.750000,-1.950000,0.406155
-0.700000,-1.950000,0.402450
-0.650000,-1.950000,0.397125
-0.600000,-1.950000,0.390166
-0.550000,-1.950000,0.381548
-0.500000,-1.950000,0.371244
-0.450000,-1.950000,0.359220
-0.400000,-1.950000,0.345435
-0.350000,-1.950000,0.329838
-0.300000,-1.950000,0.312373
-0.250000,-1.950000,0.292972
-0.200000,-1.950000,0.271556
-0.150000,-1.950000,0.248032
-0.100000,-1.950000,0.222293
-0.050000,-1.950000,0.194212
-0.000000,-1.950000,0.163638
0.050000,-1.950000,0.130395
0.100000,-1.950000,0.094270
0.150000,-1.950000,0.055003
0.200000,-1.950000,0.012278
0.250000,-1.950000,-0.034301
0.300000,-1.950000,-0.085237
0.350000,-1.950000,-0.141186
0.400000,-1.950000,-0.203032
0.450000,-1.950000,-0.272014
0.500000,-1.950000,-0.349964
0.550000,-1.950000,-0.439810
0.600000,-1.950000,-0.506027
0.650000,-1.950000,-0.529787
0.700000,-1.950000,-0.555318
0.750000,-1.950000,-0.582701
0.800000,-1.950000,-0.612026
0.850000,-1.950000,-0.643399
0.900000,-1.950000,-0.676939
0.950000,-1.950000,-0.712783
1.000000,-1.950000,-0.751096
1.050000,-1.950000,-0.792065
1.100000,-1.950000,-0.835918
1.150000,-1.950000,-0.882924
1.200000,-1.950000,-0.933413
1.250000,-1.950000,-0.987793
1.300000,-1.950000,-1.046574
1.350000,-1.950000,-1.110420
1.400000,-1.950000,-1.180208
1.450000,-1.950000,-1.257151
1.500000,-1.950000,-1.343000
1.550000,-1.950000,-1.440472
1.600000,-1.950000,-1.554209
1.650000,-1.950000,-1.693541
1.700000,-1.950000,-1.884404
1.750000,-1.950000,
1.800000,-1.950000,
1.850000,-1.950000,
1.900000,-1.950000,
1.950000,-1.950000,
2.000000,-1.950000,
2.050000,-1.950000,
2.100000,-1.950000,
2.150000,-1.950000,
2.200000,-1.950000,
2.250000,-1.950000,
2.300000,-1.950000,
2.350000,-1.950000,
2.400000,-1.950000,
2.450000,-1.950000,
2.500000,-1.950000,
2.550000,-1.950000,
2.600000,-1.950000,
2.650000,-1.950000,
2.700000,-1.950000,
2.750000,-1.950000,
2.800000,-1.950000,
2.850000,-1.950000,
2.900000,-1.950000,
2.950000,-1.950000,
3.000000,-1.950000,
3.050000,-1.950000,
3.100000,-1.950000,
3.150000,-1.950000,
3.200000,-1.950000,
3.250000,-1.950000,
3.300000,-1.950000,
3.350000,-1.950000,
3.400000,-1.950000,
3.450000,-1.950000,
3.500000,-1.950000,
-3.500000,-1.900000,
-3.450000,-1.900000,
-3.400000,-1.900000,
-3.350000,-1.900000,
-3.300000,-1.900000,
-3.250000,-1.900000,
-3.200000,-1.900000,
-3.150000,-1.900000,
-3.100000,-1.900000,
-3.050000,-1.900000,
-3.000000,-1.900000,
-2.950000,-1.900000,
-2.900000,-1.900000,
-2.850000,-1.900000,
-2.800000,-1.900000,
-2.750000,-1.900000,
-2.700000,-1.900000,
-2.650000,-1.900000,
-2.600000,-1.900000,
-2.550000,-1.900000,
-2.500000,-1.900000,
-2.450000,-1.900000,
-2.400000,-1.900000,-0.846353
-2.350000,-1.900000,-0.656224
-2.300000,-1.900000,-0.524706
-2.250000,-1.900000,-0.419640
-2.200000,-1.900000,-0.330845
-2.150000,-1.900000,-0.253498
-2.100000,-1.900000,-0.184857
-2.050000,-1.900000,-0.123184
-2.000000,-1.900000,-0.067291
-1.950000,-1.900000,-0.016327
-1.900000,-1.900000,0.030343
-1.850000,-1.900000,0.073210
-1.800000,-1.900000,0.112659
-1.750000,-1.900000,0.149001
-1.700000,-1.900000,0.182489
-1.650000,-1.900000,0.213333
-1.600000,-1.900000,0.241707
-1.550000,-1.900000,0.267760
-1.500000,-1.900000,0.291617
-1.450000,-1.900000,0.313385
-1.400000,-1.900000,0.333156
-1.350000,-1.900000,0.351008
-1.300000,-1.900000,0.367009
-1.250000,-1.900000,0.381217
-1.200000,-1.900000,0.393681
-1.150000,-1.900000,0.404443
-1.100000,-1.900000,0.413538
-1.050000,-1.900000,0.420995
-1.000000,-1.900000,0.426837
-0.950000,-1.900000,0.431082
-0.900000,-1.900000,0.433743
-0.850000,-1.900000,0.434827
-0.800000,-1.900000,0.434338
-0.750000,-1.900000,0.432275
-0.700000,-1.900000,0.428631
-0.650000,-1.900000,0.423395
-0.600000,-1.900000,0.416551
-0.550000,-1.900000,0.408079
-0.500000,-1.900000,0.397952
-0.450000,-1.900000,0.386136
-0.400000,-1.900000,0.372593
-0.350000,-1.900000,0.357277
-0.300000,-1.900000,0.340133
-0.250000,-1.900000,0.321097
-0.200000,-1.900000,0.300094
-0.150000,-1.900000,0.277039
-0.100000,-1.900000,0.251831
-0.050000,-1.900000,0.224351
-0.000000,-1.900000,0.194461
0.050000,-1.900000,0.161996
0.100000,-1.900000,0.126762
0.150000,-1.900000,0.088521
0.200000,-1.900000,0.046988
0.250000,-1.900000,0.001809
0.300000,-1.900000,-0.047465
0.350000,-1.900000,-0.101406
0.400000,-1.900000,-0.160774
0.450000,-1.900000,-0.226610
0.500000,-1.900000,-0.300408
0.550000,-1.900000,-0.384453
0.600000,-1.900000,-0.482576
0.650000,-1.900000,-0.520148
0.700000,-1.900000,-0.545538
0.750000,-1.900000,-0.572764
0.800000,-1.900000,-0.601917
0.850000,-1.900000,-0.633097
0.900000,-1.900000,-0.666423
0.950000,-1.900000,-0.702030
1.000000,-1.900000,-0.740075
1.050000,-1.900000,-0.780744
1.100000,-1.900000,-0.824257
1.150000,-1.900000,-0.870875
1.200000,-1.900000,-0.920918
1.250000,-1.900000,-0.974778
1.300000,-1.900000,-1.032948
1.350000,-1.900000,-1.096061
1.400000,-1.900000,-1.164953
1.450000,-1.900000,-1.240769
1.500000,-1.900000,-1.325151
1.550000,-1.900000,-1.420605
1.600000,-1.900000,-1.531334
1.650000,-1.900000,-1.665489
1.700000,-1.900000,-1.844008
1.750000,-1.900000,
1.800000,-1.900000,
1.850000,-1.900000,
1.900000,-1.900000,
1.950000,-1.900000,
2.000000,-1.900000,
2.050000,-1.900000,
2.100000,-1.900000,
2.150000,-1.900000,
2.200000,-1.900000,
2.250000,-1.900000,
2.300000,-1.900000,
2.350000,-1.900000,
2.400000,-1.900000,
2.450000,-1.900000,
2.500000,-1.900000,
2.550000,-1.900000,
2.600000,-1.900000,
2.650000,-1.900000,
2.700000,-1.900000,
2.750000,-1.900000,
2.800000,-1.900000,
2.850000,-1.900000,
2.900000,-1.900000,
2.950000,-1.900000,
3.000000,-1.900000,
3.050000,-1.900000,
3.100000,-1.900000,
3.150000,-1.900000,
3.200000,-1.900000,
3.250000,-1.900000,
3.300000,-1.900000,
3.350000,-1.900000,
3.400000,-1.900000,
3.450000,-1.900000,
3.500000,-1.900000,
-3.500000,-1.850000,
-3.450000,-1.850000,
-3.400000,-1.850000,
-3.350000,-1.850000,
-3.300000,-1.850000,
-3.250000,-1.850000,
-3.200000,-1.850000,
-3.150000,-1.850000,
-3.100000,-1.850000,
-3.050000,-1.850000,
-3.000000,-1.850000,
-2.950000,-1.850000,
-2.900000,-1.850000,
-2.850000,-1.850000,
-2.800000,-1.850000,
-2.750000,-1.850000,
-2.700000,-1.850000,
-2.650000,-1.850000,
-2.600000,-1.850000,
-2.550000,-1.850000,
-2.500000,-1.850000,
-2.450000,-1.850000,-1.036783
-2.400000,-1.850000,-0.739635
-2.350000,-1.850000,-0.584010
-2.300000,-1.850000,-0.466147
-2.250000,-1.850000,-0.368871
-2.200000,-1.850000,-0.285244
-2.150000,-1.850000,-0.211629
-2.100000,-1.850000,-0.145833
-2.050000,-1.850000,-0.086410
-2.000000,-1.850000,-0.032347
-1.950000,-1.850000,0.017098
-1.900000,-1.850000,0.062488
-1.850000,-1.850000,0.104261
-1.800000,-1.850000,0.142766
-1.750000,-1.850000,0.178288
-1.700000,-1.850000,0.211058
-1.650000,-1.850000,0.241270
-1.600000,-1.850000,0.269088
-1.550000,-1.850000,0.294649
-1.500000,-1.850000,0.318071
-1.450000,-1.850000,0.339453
-1.400000,-1.850000,0.358884
-1.350000,-1.850000,0.376436
-1.300000,-1.850000,0.392174
-1.250000,-1.850000,0.406153
-1.200000,-1.850000,0.418420
-1.150000,-1.850000,0.429014
-1.100000,-1.850000,0.437968
-1.050000,-1.850000,0.445311
-1.000000,-1.850000,0.451065
-0.950000,-1.850000,0.455246
-0.900000,-1.850000,0.457867
-0.850000,-1.850000,0.458935
-0.800000,-1.850000,0.458453
-0.750000,-1.850000,0.456421
-0.700000,-1.850000,0.452831
-0.650000,-1.850000,0.447674
-0.600000,-1.850000,0.440935
-0.550000,-1.850000,0.432593
-0.500000,-1.850000,0.422623
-0.450000,-1.850000,0.410994
-0.400000,-1.850000,0.397668
-0.350000,-1.850000,0.382601
-0.300000,-1.850000,0.365743
-0.250000,-1.850000,0.347031
-0.200000,-1.850000,0.326397
-0.150000,-1.850000,0.303758
-0.100000,-1.850000,0.279019
-0.050000,-1.850000,0.252070
-0.000000,-1.850000,0.222782
0.050000,-1.850000,0.191000
0.100000,-1.850000,0.156545
0.150000,-1.850000,0.119199
0.200000,-1.850000,0.078700
0.250000,-1.850000,0.034725
0.300000,-1.850000,-0.013127
0.350000,-1.850000,-0.065367
0.400000,-1.850000,-0.122660
0.450000,-1.850000,-0.185903
0.500000,-1.850000,-0.256351
0.550000,-1.850000,-0.335862
0.600000,-1.850000,-0.427401
0.650000,-1.850000,-0.511972
0.700000,-1.850000,-0.537243
0.750000,-1.850000,-0.564338
0.800000,-1.850000,-0.593346
0.850000,-1.850000,-0.624365
0.900000,-1.850000,-0.657512
0.950000,-1.850000,-0.692919
1.000000,-1.850000,-0.730741
1.050000,-1.850000,-0.771160
1.100000,-1.850000,-0.814388
1.150000,-1.850000,-0.860683
1.200000,-1.850000,-0.910355
1.250000,-1.850000,-0.963783
1.300000,-1.850000,-1.021447
1.350000,-1.850000,-1.083955
1.400000,-1.850000,-1.152110
1.450000,-1.850000,-1.227004
1.500000,-1.850000,-1.310192
1.550000,-1.850000,-1.404022
1.600000,-1.850000,-1.512367
1.650000,-1.850000,-1.642543
1.700000,-1.850000,-1.812293
1.750000,-1.850000,-2.115143
1.800000,-1.850000,
1.850000,-1.850000,
1.900000,-1.850000,
1.950000,-1.850000,
2.000000,-1.850000,
2.050000,-1.850000,
2.100000,-1.850000,
2.150000,-1.850000,
2.200000,-1.850000,
2.250000,-1.850000,
2.300000,-1.850000,
2.350000,-1.850000,
2.400000,-1.850000,
2.450000,-1.850000,
2.500000,-1.850000,
2.550000,-1.850000,
2.600000,-1.850000,
2.650000,-1.850000,
2.700000,-1.850000,
2.750000,-1.850000,
2.800000,-1.850000,
2.850000,-1.850000,
2.900000,-1.850000,
2.950000,-1.850000,
3.000000,-1.850000,
3.050000,-1.850000,
3.100000,-1.850000,
3.150000,-1.850000,
3.200000,-1.850000,
3.250000,-1.850000,
3.300000,-1.850000,
3.350000,-1.850000,
3.400000,-1.850000,
3.450000,-1.850000,
3.500000,-1.850000,
-3.500000,-1.800000,
-3.450000,-1.800000,
-3.400000,-1.800000,
-3.350000,-1.800000,
-3.300000,-1.800000,
-3.250000,-1.800000,
-3.200000,-1.800000,
-3.150000,-1.800000,
-3.100000,-1.800000,
-3.050000,-1.800000,
-3.000000,-1.800000,
-2.950000,-1.800000,
-2.900000,-1.800000,
-2.850000,-1.800000,
-2.800000,-1.800000,
-2.750000,-1.800000,
-2.700000,-1.800000,
-2.650000,-1.800000,
-2.600000,-1.800000,
-2.550000,-1.800000,
-2.500000,-1.800000,
-2.450000,-1.800000,-0.861290
-2.400000,-1.800000,-0.660244
-2.350000,-1.800000,-0.523907
-2.300000,-1.800000,-0.415565
-2.250000,-1.800000,-0.324192
-2.200000,-1.800000,-0.244661
-2.150000,-1.800000,-0.174088
-2.100000,-1.800000,-0.110654
-2.050000,-1.800000,-0.053127
-2.000000,-1.800000,-0.000622
-1.950000,-1.800000,0.047519
-1.900000,-1.800000,0.091802
-1.850000,-1.800000,0.132624
-1.800000,-1.800000,0.170306
-1.750000,-1.800000,0.205108
-1.700000,-1.800000,0.237247
-1.650000,-1.800000,0.266903
-1.600000,-1.800000,0.294229
-1.550000,-1.800000,0.319354
-1.500000,-1.800000,0.342389
-1.450000,-1.800000,0.363429
-1.400000,-1.800000,0.382556
-1.350000,-1.800000,0.399841
-1.300000,-1.800000,0.415345
-1.250000,-1.800000,0.429119
-1.200000,-1.800000,0.441209
-1.150000,-1.800000,0.451653
-1.100000,-1.800000,0.460482
-1.050000,-1.800000,0.467724
-1.000000,-1.800000,0.473398
-0.950000,-1.800000,0.477522
-0.900000,-1.800000,0.480107
-0.850000,-1.800000,0.481160
-0.800000,-1.800000,0.480685
-0.750000,-1.800000,0.478680
-0.700000,-1.800000,0.475140
-0.650000,-1.800000,0.470054
-0.600000,-1.800000,0.463408
-0.550000,-1.800000,0.455182
-0.500000,-1.800000,0.445353
-0.450000,-1.800000,0.433890
-0.400000,-1.800000,0.420758
-0.350000,-1.800000,0.405914
-0.300000,-1.800000,0.389310
-0.250000,-1.800000,0.370888
-0.200000,-1.800000,0.350580
-0.150000,-1.800000,0.328310
-0.100000,-1.800000,0.303988
-0.050000,-1.800000,0.277509
-0.000000,-1.800000,0.248752
0.050000,-1.800000,0.217572
0.100000,-1.800000,0.183801
0.150000,-1.800000,0.147237
0.200000,-1.800000,0.107637
0.250000,-1.800000,0.064706
0.300000,-1.800000,0.018078
0.350000,-1.800000,-0.032708
0.400000,-1.800000,-0.088245
0.450000,-1.800000,-0.149321
0.500000,-1.800000,-0.217017
0.550000,-1.800000,-0.292892
0.600000,-1.800000,-0.379342
0.650000,-1.800000,-0.480423
0.700000,-1.800000,-0.530413
0.750000,-1.800000,-0.557401
0.800000,-1.800000,-0.586290
0.850000,-1.800000,-0.617178
0.900000,-1.800000,-0.650179
0.950000,-1.800000,-0.685424
1.000000,-1.800000,-0.723064
1.050000,-1.800000,-0.763278
1.100000,-1.800000,-0.806276
1.150000,-1.800000,-0.852309
1.200000,-1.800000,-0.901679
1.250000,-1.800000,-0.954759
1.300000,-1.800000,-1.012014
1.350000,-1.800000,-1.074034
1.400000,-1.800000,-1.141597
1.450000,-1.800000,-1.215754
1.500000,-1.800000,-1.297992
1.550000,-1.800000,-1.390540
1.600000,-1.800000,-1.497026
1.650000,-1.800000,-1.624168
1.700000,-1.800000,-1.787593
1.750000,-1.800000,-2.055015
1.800000,-1.800000,
1.850000,-1.800000,
1.900000,-1.800000,
1.950000,-1.800000,
2.000000,-1.800000,
2.050000,-1.800000,
2.100000,-1.800000,
2.150000,-1.800000,
2.200000,-1.800000,
2.250000,-1.800000,
2.300000,-1.800000,
2.350000,-1.800000,
2.400000,-1.800000,
2.450000,-1.800000,
2.500000,-1.800000,
2.550000,-1.800000,
2.600000,-1.800000,
2.650000,-1.800000,
2.700000,-1.800000,
2.750000,-1.800000,
2.800000,-1.800000,
2.850000,-1.800000,
2.900000,-1.800000,
2.950000,-1.800000,
3.000000,-1.800000,
3.050000,-1.800000,
3.100000,-1.800000,
3.150000,-1.800000,
3.200000,-1.800000,
3.250000,-1.800000,
3.300000,-1.800000,
3.350000,-1.800000,
3.400000,-1.800000,
3.450000,-1.800000,
3.500000,-1.800000,
-3.500000,-1.750000,
-3.450000,-1.750000,
-3.400000,-1.750000,
-3.350000,-1.750000,
-3.300000,-1.750000,
-3.250000,-1.750000,
-3.200000,-1.750000,
-3.150000,-1.750000,
-3.100000,-1.750000,
-3.050000,-1.750000,
-3.000000,-1.750000,
-2.950000,-1.750000,
-2.900000,-1.750000,
-2.850000,-1.750000,
-2.800000,-1.750000,
-2.750000,-1.750000,
-2.700000,-1.750000,
-2.650000,-1.750000,
-2.600000,-1.750000,
-2.550000,-1.750000,
-2.500000,-1.750000,
-2.450000,-1.750000,-0.763174
-2.400000,-1.750000,-0.596400
-2.350000,-1.750000,-0.472707
-2.300000,-1.750000,-0.371414
-2.250000,-1.750000,-0.284664
-2.200000,-1.750000,-0.208450
-2.150000,-1.750000,-0.140393
-2.100000,-1.750000,-0.078944
-2.050000,-1.750000,-0.023027
-2.000000,-1.750000,0.028143
-1.950000,-1.750000,0.075158
-1.900000,-1.750000,0.118480
-1.850000,-1.750000,0.158473
-1.800000,-1.750000,0.195434
-1.750000,-1.750000,0.229604
-1.700000,-1.750000,0.261187
-1.650000,-1.750000,0.290352
-1.600000,-1.750000,0.317243
-1.550000,-1.750000,0.341981
-1.500000,-1.750000,0.364674
-1.450000,-1.750000,0.385409
-1.400000,-1.750000,0.404267
-1.350000,-1.750000,0.421314
-1.300000,-1.750000,0.436608
-1.250000,-1.750000,0.450200
-1.200000,-1.750000,0.462133
-1.150000,-1.750000,0.472442
-1.100000,-1.750000,0.481159
-1.050000,-1.750000,0.488310
-1.000000,-1.750000,0.493913
-0.950000,-1.750000,0.497986
-0.900000,-1.750000,0.500539
-0.850000,-1.750000,0.501579
-0.800000,-1.750000,0.501110
-0.750000,-1.750000,0.499130
-0.700000,-1.750000,0.495633
-0.650000,-1.750000,0.490611
-0.600000,-1.750000,0.484048
-0.550000,-1.750000,0.475927
-0.500000,-1.750000,0.466223
-0.450000,-1.750000,0.454909
-0.400000,-1.750000,0.441949
-0.350000,-1.750000,0.427305
-0.300000,-1.750000,0.410927
-0.250000,-1.750000,0.392762
-0.200000,-1.750000,0.372746
-0.150000,-1.750000,0.350804
-0.100000,-1.750000,0.326851
-0.050000,-1.750000,0.300788
-0.000000,-1.750000,0.272499
0.050000,-1.750000,0.241850
0.100000,-1.750000,0.208680
0.150000,-1.750000,0.172801
0.200000,-1.750000,0.133987
0.250000,-1.750000,0.091964
0.300000,-1.750000,0.046395
0.350000,-1.750000,-0.003142
0.400000,-1.750000,-0.057182
0.450000,-1.750000,-0.116430
0.500000,-1.750000,-0.181835
0.550000,-1.750000,-0.254739
0.600000,-1.750000,-0.337145
0.650000,-1.750000,-0.432298
0.700000,-1.750000,-0.525030
0.750000,-1.750000,-0.551934
0.800000,-1.750000,-0.580730
0.850000,-1.750000,-0.611516
0.900000,-1.750000,-0.644403
0.950000,-1.750000,-0.679521
1.000000,-1.750000,-0.717019
1.050000,-1.750000,-0.757074
1.100000,-1.750000,-0.799893
1.150000,-1.750000,-0.845721
1.200000,-1.750000,-0.894857
1.250000,-1.750000,-0.947666
1.300000,-1.750000,-1.004603
1.350000,-1.750000,-1.066246
1.400000,-1.750000,-1.133352
1.450000,-1.750000,-1.206941
1.500000,-1.750000,-1.288450
1.550000,-1.750000,-1.380020
1.600000,-1.750000,-1.485103
1.650000,-1.750000,-1.609991
1.700000,-1.750000,-1.768897
1.750000,-1.750000,-2.016885
1.800000,-1.750000,
1.850000,-1.750000,
1.900000,-1.750000,
1.950000,-1.750000,
2.000000,-1.750000,
2.050000,-1.750000,
2.100000,-1.750000,
2.150000,-1.750000,
2.200000,-1.750000,
2.250000,-1.750000,
2.300000,-1.750000,
2.350000,-1.750000,
2.400000,-1.750000,
2.450000,-1.750000,
2.500000,-1.750000,
2.550000,-1.750000,
2.600000,-1.750000,
2.650000,-1.750000,
2.700000,-1.750000,
2.750000,-1.750000,
2.800000,-1.750000,
2.850000,-1.750000,
2.900000,-1.750000,
2.950000,-1.750000,
3.000000,-1.750000,
3.050000,-1.750000,
3.100000,-1.750000,
3.150000,-1.750000,
3.200000,-1.750000,
3.250000,-1.750000,
3.300000,-1.750000,
3.350000,-1.750000,
3.400000,-1.750000,
3.450000,-1.750000,
3.500000,-1.750000,
-3.500000,-1.700000,
-3.450000,-1.700000,
-3.400000,-1.700000,
-3.350000,-1.700000,
-3.300000,-1.700000,
-3.250000,-1.700000,
-3.200000,-1.700000,
-3.150000,-1.700000,
-3.100000,-1.700000,
-3.050000,-1.700000,
-3.000000,-1.700000,
-2.950000,-1.700000,
-2.900000,-1.700000,
-2.850000,-1.700000,
-2.800000,-1.700000,
-2.750000,-1.700000,
-2.700000,-1.700000,
-2.650000,-1.700000,
-2.600000,-1.700000,
-2.550000,-1.700000,
-2.500000,-1.700000,-0.926418
-2.450000,-1.700000,-0.690478
-2.400000,-1.700000,-0.543216
-2.350000,-1.700000,-0.428524
-2.300000,-1.700000,-0.332657
-2.250000,-1.700000,-0.249614
-2.200000,-1.700000,-0.176125
-2.150000,-1.700000,-0.110172
-2.100000,-1.700000,-0.050404
-2.050000,-1.700000,0.004137
-2.000000,-1.700000,0.054158
-1.950000,-1.700000,0.100199
-1.900000,-1.700000,0.142685
-1.850000,-1.700000,0.181954
-1.800000,-1.700000,0.218283
-1.750000,-1.700000,0.251899
-1.700000,-1.700000,0.282992
-1.650000,-1.700000,0.311723
-1.600000,-1.700000,0.338229
-1.550000,-1.700000,0.362626
-1.500000,-1.700000,0.385014
-1.450000,-1.700000,0.405479
-1.400000,-1.700000,0.424097
-1.350000,-1.700000,0.440932
-1.300000,-1.700000,0.456041
-1.250000,-1.700000,0.469470
-1.200000,-1.700000,0.481262
-1.150000,-1.700000,0.491451
-1.100000,-1.700000,0.500068
-1.050000,-1.700000,0.507137
-1.000000,-1.700000,0.512677
-0.950000,-1.700000,0.516704
-0.900000,-1.700000,0.519229
-0.850000,-1.700000,0.520258
-0.800000,-1.700000,0.519794
-0.750000,-1.700000,0.517836
-0.700000,-1.700000,0.514378
-0.650000,-1.700000,0.509412
-0.600000,-1.700000,0.502924
-0.550000,-1.700000,0.494896
-0.500000,-1.700000,0.485304
-0.450000,-1.700000,0.474122
-0.400000,-1.700000,0.461317
-0.350000,-1.700000,0.446850
-0.300000,-1.700000,0.430674
-0.250000,-1.700000,0.412738
-0.200000,-1.700000,0.392980
-0.150000,-1.700000,0.371329
-0.100000,-1.700000,0.347703
-0.050000,-1.700000,0.322008
-0.000000,-1.700000,0.294134
0.050000,-1.700000,0.263952
0.100000,-1.700000,0.231311
0.150000,-1.700000,0.196034
0.200000,-1.700000,0.157907
0.250000,-1.700000,0.116674
0.300000,-1.700000,0.072023
0.350000,-1.700000,0.023564
0.400000,-1.700000,-0.029193
0.450000,-1.700000,-0.086887
0.500000,-1.700000,-0.150366
0.550000,-1.700000,-0.220811
0.600000,-1.700000,-0.299940
0.650000,-1.700000,-0.390447
0.700000,-1.700000,-0.497012
0.750000,-1.700000,-0.547924
0.800000,-1.700000,-0.576653
0.850000,-1.700000,-0.607363
0.900000,-1.700000,-0.640167
0.950000,-1.700000,-0.675193
1.000000,-1.700000,-0.712588
1.050000,-1.700000,-0.752527
1.100000,-1.700000,-0.795215
1.150000,-1.700000,-0.840894
1.200000,-1.700000,-0.889860
1.250000,-1.700000,-0.942473
1.300000,-1.700000,-0.999179
1.350000,-1.700000,-1.060549
1.400000,-1.700000,-1.127324
1.450000,-1.700000,-1.200504
1.500000,-1.700000,-1.281489
1.550000,-1.700000,-1.372360
1.600000,-1.700000,-1.476445
1.650000,-1.700000,-1.599751
1.700000,-1.700000,-1.755568
1.750000,-1.700000,-1.992002
1.800000,-1.700000,
1.850000,-1.700000,
1.900000,-1.700000,
1.950000,-1.700000,
2.000000,-1.700000,
2.050000,-1.700000,
2.100000,-1.700000,
2.150000,-1.700000,
2.200000,-1.700000,
2.250000,-1.700000,
2.300000,-1.700000,
2.350000,-1.700000,
2.400000,-1.700000,
2.450000,-1.700000,
2.500000,-1.700000,
2.550000,-1.700000,
2.600000,-1.700000,
2.650000,-1.700000,
2.700000,-1.700000,
2.750000,-1.700000,
2.800000,-1.700000,
2.850000,-1.700000,
2.900000,-1.700000,
2.950000,-1.700000,
3.000000,-1.700000,
3.050000,-1.700000,
3.100000,-1.700000,
3.150000,-1.700000,
3.200000,-1.700000,
3.250000,-1.700000,
3.300000,-1.700000,
3.350000,-1.700000,
3.400000,-1.700000,
3.450000,-1.700000,
3.500000,-1.700000,
-3.500000,-1.650000,
-3.450000,-1.650000,
-3.400000,-1.650000,
-3.350000,-1.650000,
-3.300000,-1.650000,
-3.250000,-1.650000,
-3.200000,-1.650000,
-3.150000,-1.650000,
-3.100000,-1.650000,
-3.050000,-1.650000,
-3.000000,-1.650000,
-2.950000,-1.650000,
-2.900000,-1.650000,
-2.850000,-1.650000,
-2.800000,-1.650000,
-2.750000,-1.650000,
-2.700000,-1.650000,
-2.650000,-1.650000,
-2.600000,-1.650000,
-2.550000,-1.650000,
-2.500000,-1.650000,-0.824071
-2.450000,-1.650000,-0.632479
-2.400000,-1.650000,-0.498096
-2.350000,-1.650000,-0.390142
-2.300000,-1.650000,-0.298562
-2.250000,-1.650000,-0.218538
-2.200000,-1.650000,-0.147313
-2.150000,-1.650000,-0.083131
-2.100000,-1.650000,-0.024792
-2.050000,-1.650000,0.028569
-2.000000,-1.650000,0.077598
-1.950000,-1.650000,0.122795
-1.900000,-1.650000,0.164554
-1.850000,-1.650000,0.203191
-1.800000,-1.650000,0.238966
-1.750000,-1.650000,0.272094
-1.700000,-1.650000,0.302757
-1.650000,-1.650000,0.331106
-1.600000,-1.650000,0.357272
-1.550000,-1.650000,0.381366
-1.500000,-1.650000,0.403485
-1.450000,-1.650000,0.423711
-1.400000,-1.650000,0.442117
-1.350000,-1.650000,0.458764
-1.300000,-1.650000,0.473707
-1.250000,-1.650000,0.486991
-1.200000,-1.650000,0.498658
-1.150000,-1.650000,0.508741
-1.100000,-1.650000,0.517269
-1.050000,-1.650000,0.524266
-1.000000,-1.650000,0.529750
-0.950000,-1.650000,0.533736
-0.900000,-1.650000,0.536235
-0.850000,-1.650000,0.537253
-0.800000,-1.650000,0.536794
-0.750000,-1.650000,0.534856
-0.700000,-1.650000,0.531433
-0.650000,-1.650000,0.526518
-0.600000,-1.650000,0.520096
-0.550000,-1.650000,0.512150
-0.500000,-1.650000,0.502658
-0.450000,-1.650000,0.491594
-0.400000,-1.650000,0.478926
-0.350000,-1.650000,0.464616
-0.300000,-1.650000,0.448620
-0.250000,-1.650000,0.430886
-0.200000,-1.650000,0.411357
-0.150000,-1.650000,0.389964
-0.100000,-1.650000,0.366628
-0.050000,-1.650000,0.341258
-0.000000,-1.650000,0.313749
0.050000,-1.650000,0.283978
0.100000,-1.650000,0.251802
0.150000,-1.650000,0.217052
0.200000,-1.650000,0.179526
0.250000,-1.650000,0.138982
0.300000,-1.650000,0.095128
0.350000,-1.650000,0.047601
0.400000,-1.650000,-0.004054
0.450000,-1.650000,-0.060421
0.500000,-1.650000,-0.122272
0.550000,-1.650000,-0.190662
0.600000,-1.650000,-0.267100
0.650000,-1.650000,-0.353888
0.700000,-1.650000,-0.454864
0.750000,-1.650000,-0.545361
0.800000,-1.650000,-0.574046
0.850000,-1.650000,-0.604709
0.900000,-1.650000,-0.637460
0.950000,-1.650000,-0.672427
1.000000,-1.650000,-0.709757
1.050000,-1.650000,-0.749622
1.100000,-1.650000,-0.792226
1.150000,-1.650000,-0.837812
1.200000,-1.650000,-0.886670
1.250000,-1.650000,-0.939157
1.300000,-1.650000,-0.995718
1.350000,-1.650000,-1.056914
1.400000,-1.650000,-1.123480
1.450000,-1.650000,-1.196401
1.500000,-1.650000,-1.277057
1.550000,-1.650000,-1.367488
1.600000,-1.650000,-1.470949
1.650000,-1.650000,-1.593273
1.700000,-1.650000,-1.747205
1.750000,-1.650000,-1.977124
1.800000,-1.650000,
1.850000,-1.650000,
1.900000,-1.650000,
1.950000,-1.650000,
2.000000,-1.650000,
2.050000,-1.650000,
2.100000,-1.650000,
2.150000,-1.650000,
2.200000,-1.650000,
2.250000,-1.650000,
2.300000,-1.650000,
2.350000,-1.650000,
2.400000,-1.650000,
2.450000,-1.650000,
2.500000,-1.650000,
2.550000,-1.650000,
2.600000,-1.650000,
2.650000,-1.650000,
2.700000,-1.650000,
2.750000,-1.650000,
2.800000,-1.650000,
2.850000,-1.650000,
2.900000,-1.650000,
2.950000,-1.650000,
3.000000,-1.650000,
3.050000,-1.650000,
3.100000,-1.650000,
3.150000,-1.650000,
3.200000,-1.650000,
3.250000,-1.650000,
3.300000,-1.650000,
3.350000,-1.650000,
3.400000,-1.650000,
3.450000,-1.650000,
3.500000,-1.650000,
-3.500000,-1.600000,
-3.450000,-1.600000,
-3.400000,-1.600000,
-3.350000,-1.600000,
-3.300000,-1.600000,
-3.250000,-1.600000,
-3.200000,-1.600000,
-3.150000,-1.600000,
-3.100000,-1.600000,
-3.050000,-1.600000,
-3.000000,-1.600000,
-2.950000,-1.600000,
-2.900000,-1.600000,
-2.850000,-1.600000,
-2.800000,-1.600000,
-2.750000,-1.600000,
-2.700000,-1.600000,
-2.650000,-1.600000,
-2.600000,-1.600000,
-2.550000,-1.600000,
-2.500000,-1.600000,-0.752798
-2.450000,-1.600000,-0.584673
-2.400000,-1.600000,-0.459469
-2.350000,-1.600000,-0.356723
-2.300000,-1.600000,-0.268589
-2.250000,-1.600000,-0.191051
-2.200000,-1.600000,-0.121719
-2.150000,-1.600000,-0.059036
-2.100000,-1.600000,-0.001915
-2.050000,-1.600000,0.050433
-2.000000,-1.600000,0.098608
-1.950000,-1.600000,0.143074
-1.900000,-1.600000,0.184200
-1.850000,-1.600000,0.222286
-1.800000,-1.600000,0.257577
-1.750000,-1.600000,0.290279
-1.700000,-1.600000,0.320564
-1.650000,-1.600000,0.348577
-1.600000,-1.600000,0.374444
-1.550000,-1.600000,0.398272
-1.500000,-1.600000,0.420154
-1.450000,-1.600000,0.440168
-1.400000,-1.600000,0.458386
-1.350000,-1.600000,0.474867
-1.300000,-1.600000,0.489663
-1.250000,-1.600000,0.502820
-1.200000,-1.600000,0.514377
-1.150000,-1.600000,0.524365
-1.100000,-1.600000,0.532814
-1.050000,-1.600000,0.539746
-1.000000,-1.600000,0.545180
-0.950000,-1.600000,0.549131
-0.900000,-1.600000,0.551607
-0.850000,-1.600000,0.552617
-0.800000,-1.600000,0.552161
-0.750000,-1.600000,0.550241
-0.700000,-1.600000,0.546849
-0.650000,-1.600000,0.541978
-0.600000,-1.600000,0.535615
-0.550000,-1.600000,0.527742
-0.500000,-1.600000,0.518339
-0.450000,-1.600000,0.507380
-0.400000,-1.600000,0.494833
-0.350000,-1.600000,0.480661
-0.300000,-1.600000,0.464824
-0.250000,-1.600000,0.447270
-0.200000,-1.600000,0.427943
-0.150000,-1.600000,0.406776
-0.100000,-1.600000,0.383695
-0.050000,-1.600000,0.358612
-0.000000,-1.600000,0.331424
0.050000,-1.600000,0.302015
0.100000,-1.600000,0.270246
0.150000,-1.600000,0.235957
0.200000,-1.600000,0.198955
0.250000,-1.600000,0.159011
0.300000,-1.600000,0.115848
0.350000,-1.600000,0.069126
0.400000,-1.600000,0.018419
0.450000,-1.600000,-0.036815
0.500000,-1.600000,-0.097284
0.550000,-1.600000,-0.163948
0.600000,-1.600000,-0.238156
0.650000,-1.600000,-0.321922
0.700000,-1.600000,-0.418501
0.750000,-1.600000,-0.533844
0.800000,-1.600000,-0.572905
0.850000,-1.600000,-0.603547
0.900000,-1.600000,-0.636275
0.950000,-1.600000,-0.671215
1.000000,-1.600000,-0.708516
1.050000,-1.600000,-0.748350
1.100000,-1.600000,-0.790918
1.150000,-1.600000,-0.836462
1.200000,-1.600000,-0.885273
1.250000,-1.600000,-0.937706
1.300000,-1.600000,-0.994202
1.350000,-1.600000,-1.055323
1.400000,-1.600000,-1.121798
1.450000,-1.600000,-1.194607
1.500000,-1.600000,-1.275119
1.550000,-1.600000,-1.365359
1.600000,-1.600000,-1.468550
1.650000,-1.600000,-1.590450
1.700000,-1.600000,-1.743579
1.750000,-1.600000,-1.970822
1.800000,-1.600000,
1.850000,-1.600000,
1.900000,-1.600000,
1.950000,-1.600000,
2.000000,-1.600000,
2.050000,-1.600000,
2.100000,-1.600000,
2.150000,-1.600000,
2.200000,-1.600000,
2.250000,-1.600000,
2.300000,-1.600000,
2.350000,-1.600000,
2.400000,-1.600000,
2.450000,-1.600000,
2.500000,-1.600000,
2.550000,-1.600000,
2.600000,-1.600000,
2.650000,-1.600000,
2.700000,-1.600000,
2.750000,-1.600000,
2.800000,-1.600000,
2.850000,-1.600000,
2.900000,-1.600000,
2.950000,-1.600000,
3.000000,-1.600000,
3.050000,-1.600000,
3.100000,-1.600000,
3.150000,-1.600000,
3.200000,-1.600000,
3.250000,-1.600000,
3.300000,-1.600000,
3.350000,-1.600000,
3.400000,-1.600000,
3.450000,-1.600000,
3.500000,-1.600000,
-3.500000,-1.550000,
-3.450000,-1.550000,
-3.400000,-1.550000,
-3.350000,-1.550000,
-3.300000,-1.550000,
-3.250000,-1.550000,
-3.200000,-1.550000,
-3.150000,-1.550000,
-3.100000,-1.550000,
-3.050000,-1.550000,
-3.000000,-1.550000,
-2.950000,-1.550000,
-2.900000,-1.550000,
-2.850000,-1.550000,
-2.800000,-1.550000,
-2.750000,-1.550000,
-2.700000,-1.550000,
-2.650000,-1.550000,
-2.600000,-1.550000,
-2.550000,-1.550000,-0.953816
-2.500000,-1.550000,-0.697820
-2.450000,-1.550000,-0.544660
-2.400000,-1.550000,-0.426301
-2.350000,-1.550000,-0.327664
-2.300000,-1.550000,-0.242333
-2.250000,-1.550000,-0.166853
-2.200000,-1.550000,-0.099110
-2.150000,-1.550000,-0.037694
-2.100000,-1.550000,0.018388
-2.050000,-1.550000,0.069869
-2.000000,-1.550000,0.117308
-1.950000,-1.550000,0.161141
-1.900000,-1.550000,0.201720
-1.850000,-1.550000,0.239327
-1.800000,-1.550000,0.274198
-1.750000,-1.550000,0.306528
-1.700000,-1.550000,0.336483
-1.650000,-1.550000,0.364203
-1.600000,-1.550000,0.389808
-1.550000,-1.550000,0.413403
-1.500000,-1.550000,0.435076
-1.450000,-1.550000,0.454905
-1.400000,-1.550000,0.472958
-1.350000,-1.550000,0.489293
-1.300000,-1.550000,0.503960
-1.250000,-1.550000,0.517005
-1.200000,-1.550000,0.528464
-1.150000,-1.550000,0.538369
-1.100000,-1.550000,0.546749
-1.050000,-1.550000,0.553625
-1.000000,-1.550000,0.559014
-0.950000,-1.550000,0.562933
-0.900000,-1.550000,0.565389
-0.850000,-1.550000,0.566391
-0.800000,-1.550000,0.565939
-0.750000,-1.550000,0.564034
-0.700000,-1.550000,0.560670
-0.650000,-1.550000,0.555838
-0.600000,-1.550000,0.549526
-0.550000,-1.550000,0.541718
-0.500000,-1.550000,0.532393
-0.450000,-1.550000,0.521526
-0.400000,-1.550000,0.509085
-0.350000,-1.550000,0.495037
-0.300000,-1.550000,0.479338
-0.250000,-1.550000,0.461942
-0.200000,-1.550000,0.442792
-0.150000,-1.550000,0.421825
-0.100000,-1.550000,0.398968
-0.050000,-1.550000,0.374135
-0.000000,-1.550000,0.347228
0.050000,-1.550000,0.318134
0.100000,-1.550000,0.286721
0.150000,-1.550000,0.252833
0.200000,-1.550000,0.216286
0.250000,-1.550000,0.176863
0.300000,-1.550000,0.134298
0.350000,-1.550000,0.088269
0.400000,-1.550000,0.038376
0.450000,-1.550000,-0.015890
0.500000,-1.550000,-0.075186
0.550000,-1.550000,-0.140397
0.600000,-1.550000,-0.212747
0.650000,-1.550000,-0.294037
0.700000,-1.550000,-0.387101
0.750000,-1.550000,-0.496915
0.800000,-1.550000,-0.573224
0.850000,-1.550000,-0.603872
0.900000,-1.550000,-0.636607
0.950000,-1.550000,-0.671555
1.000000,-1.550000,-0.708864
1.050000,-1.550000,-0.748706
1.100000,-1.550000,-0.791284
1.150000,-1.550000,-0.836840
1.200000,-1.550000,-0.885664
1.250000,-1.550000,-0.938112
1.300000,-1.550000,-0.994626
1.350000,-1.550000,-1.055769
1.400000,-1.550000,-1.122269
1.450000,-1.550000,-1.195109
1.500000,-1.550000,-1.275661
1.550000,-1.550000,-1.365955
1.600000,-1.550000,-1.469221
1.650000,-1.550000,-1.591240
1.700000,-1.550000,-1.744592
1.750000,-1.550000,-1.972575
1.800000,-1.550000,-2.508930
1.850000,-1.550000,
1.900000,-1.550000,
1.950000,-1.550000,
2.000000,-1.550000,
2.050000,-1.550000,
2.100000,-1.550000,
2.150000,-1.550000,
2.200000,-1.550000,
2.250000,-1.550000,
2.300000,-1.550000,
2.350000,-1.550000,
2.400000,-1.550000,
2.450000,-1.550000,
2.500000,-1.550000,
2.550000,-1.550000,
2.600000,-1.550000,
2.650000,-1.550000,
2.700000,-1.550000,
2.750000,-1.550000,
2.800000,-1.550000,
2.850000,-1.550000,
2.900000,-1.550000,
2.950000,-1.550000,
3.000000,-1.550000,
3.050000,-1.550000,
3.100000,-1.550000,
3.150000,-1.550000,
3.200000,-1.550000,
3.250000,-1.550000,
3.300000,-1.550000,
3.350000,-1.550000,
3.400000,-1.550000,
3.450000,-1.550000,
3.500000,-1.550000,
-3.500000,-1.500000,
-3.450000,-1.500000,
-3.400000,-1.500000,
-3.350000,-1.500000,
-3.300000,-1.500000,
-3.250000,-1.500000,
-3.200000,-1.500000,
-3.150000,-1.500000,
-3.100000,-1.500000,
-3.050000,-1.500000,
-3.000000,-1.500000,
-2.950000,-1.500000,
-2.900000,-1.500000,
-2.850000,-1.500000,
-2.800000,-1.500000,
-2.750000,-1.500000,
-2.700000,-1.500000,
-2.650000,-1.500000,
-2.600000,-1.500000,
-2.550000,-1.500000,-0.867366
-2.500000,-1.500000,-0.653746
-2.450000,-1.500000,-0.510986
-2.400000,-1.500000,-0.397874
-2.350000,-1.500000,-0.302521
-2.300000,-1.500000,-0.219481
-2.250000,-1.500000,-0.145709
-2.200000,-1.500000,-0.079296
-2.150000,-1.500000,-0.018951
-2.100000,-1.500000,0.036248
-2.050000,-1.500000,0.086989
-2.000000,-1.500000,0.133798
-1.950000,-1.500000,0.177089
-1.900000,-1.500000,0.217196
-1.850000,-1.500000,0.254390
-1.800000,-1.500000,0.288897
-1.750000,-1.500000,0.320905
-1.700000,-1.500000,0.350574
-1.650000,-1.500000,0.378039
-1.600000,-1.500000,0.403417
-1.550000,-1.500000,0.426809
-1.500000,-1.500000,0.448301
-1.450000,-1.500000,0.467968
-1.400000,-1.500000,0.485877
-1.350000,-1.500000,0.502085
-1.300000,-1.500000,0.516640
-1.250000,-1.500000,0.529587
-1.200000,-1.500000,0.540961
-1.150000,-1.500000,0.550794
-1.100000,-1.500000,0.559112
-1.050000,-1.500000,0.565938
-1.000000,-1.500000,0.571290
-0.950000,-1.500000,0.575180
-0.900000,-1.500000,0.577620
-0.850000,-1.500000,0.578614
-0.800000,-1.500000,0.578166
-0.750000,-1.500000,0.576274
-0.700000,-1.500000,0.572933
-0.650000,-1.500000,0.568136
-0.600000,-1.500000,0.561870
-0.550000,-1.500000,0.554118
-0.500000,-1.500000,0.544861
-0.450000,-1.500000,0.534074
-0.400000,-1.500000,0.521726
-0.350000,-1.500000,0.507784
-0.300000,-1.500000,0.492208
-0.250000,-1.500000,0.474949
-0.200000,-1.500000,0.455954
-0.150000,-1.500000,0.435160
-0.100000,-1.500000,0.412497
-0.050000,-1.500000,0.387882
-0.000000,-1.500000,0.361219
0.050000,-1.500000,0.332399
0.100000,-1.500000,0.301294
0.150000,-1.500000,0.267753
0.200000,-1.500000,0.231600
0.250000,-1.500000,0.192624
0.300000,-1.500000,0.150573
0.350000,-1.500000,0.105139
0.400000,-1.500000,0.055942
0.450000,-1.500000,0.002500
0.500000,-1.500000,-0.055804
0.550000,-1.500000,-0.119793
0.600000,-1.500000,-0.190596
0.650000,-1.500000,-0.269849
0.700000,-1.500000,-0.360075
0.750000,-1.500000,-0.465570
0.800000,-1.500000,-0.575006
0.850000,-1.500000,-0.605687
0.900000,-1.500000,-0.638457
0.950000,-1.500000,-0.673446
1.000000,-1.500000,-0.710799
1.050000,-1.500000,-0.750692
1.100000,-1.500000,-0.793327
1.150000,-1.500000,-0.838947
1.200000,-1.500000,-0.887845
1.250000,-1.500000,-0.940378
1.300000,-1.500000,-0.996992
1.350000,-1.500000,-1.058252
1.400000,-1.500000,-1.124895
1.450000,-1.500000,-1.197911
1.500000,-1.500000,-1.278688
1.550000,-1.500000,-1.369280
1.600000,-1.500000,-1.472970
1.650000,-1.500000,-1.595653
1.700000,-1.500000,-1.750272
1.750000,-1.500000,-1.982522
1.800000,-1.500000,-2.460572
1.850000,-1.500000,-2.563152
1.900000,-1.500000,
1.950000,-1.500000,
2.000000,-1.500000,
2.050000,-1.500000,
2.100000,-1.500000,
2.150000,-1.500000,
2.200000,-1.500000,
2.250000,-1.500000,
2.300000,-1.500000,
2.350000,-1.500000,
2.400000,-1.500000,
2.450000,-1.500000,
2.500000,-1.500000,
2.550000,-1.500000,
2.600000,-1.500000,
2.650000,-1.500000,
2.700000,-1.500000,
2.750000,-1.500000,
2.800000,-1.500000,
2.850000,-1.500000,
2.900000,-1.500000,
2.950000,-1.500000,
3.000000,-1.500000,
3.050000,-1.500000,
3.100000,-1.500000,
3.150000,-1.500000,
3.200000,-1.500000,
3.250000,-1.500000,
3.300000,-1.500000,
3.350000,-1.500000,
3.400000,-1.500000,
3.450000,-1.500000,
3.500000,-1.500000,
-3.500000,-1.450000,
-3.450000,-1.450000,
-3.400000,-1.450000,
-3.350000,-1.450000,
-3.300000,-1.450000,
-3.250000,-1.450000,
-3.200000,-1.450000,
-3.150000,-1.450000,
-3.100000,-1.450000,
-3.050000,-1.450000,
-3.000000,-1.450000,
-2.950000,-1.450000,
-2.900000,-1.450000,
-2.850000,-1.450000,
-2.800000,-1.450000,
-2.750000,-1.450000,
-2.700000,-1.450000,
-2.650000,-1.450000,
-2.600000,-1.450000,
-2.550000,-1.450000,-0.808617
-2.500000,-1.450000,-0.617882
-2.450000,-1.450000,-0.482698
-2.400000,-1.450000,-0.373670
-2.350000,-1.450000,-0.280955
-2.300000,-1.450000,-0.199788
-2.250000,-1.450000,-0.127429
-2.200000,-1.450000,-0.062127
-2.150000,-1.450000,-0.002681
-2.100000,-1.450000,0.051775
-2.050000,-1.450000,0.101889
-2.000000,-1.450000,0.148162
-1.950000,-1.450000,0.190992
-1.900000,-1.450000,0.230696
-1.850000,-1.450000,0.267537
-1.800000,-1.450000,0.301733
-1.750000,-1.450000,0.333465
-1.700000,-1.450000,0.362888
-1.650000,-1.450000,0.390135
-1.600000,-1.450000,0.415317
-1.550000,-1.450000,0.438534
-1.500000,-1.450000,0.459870
-1.450000,-1.450000,0.479398
-1.400000,-1.450000,0.497183
-1.350000,-1.450000,0.513281
-1.300000,-1.450000,0.527740
-1.250000,-1.450000,0.540601
-1.200000,-1.450000,0.551902
-1.150000,-1.450000,0.561672
-1.100000,-1.450000,0.569938
-1.050000,-1.450000,0.576722
-1.000000,-1.450000,0.582040
-0.950000,-1.450000,0.585906
-0.900000,-1.450000,0.588331
-0.850000,-1.450000,0.589319
-0.800000,-1.450000,0.588873
-0.750000,-1.450000,0.586993
-0.700000,-1.450000,0.583673
-0.650000,-1.450000,0.578906
-0.600000,-1.450000,0.572678
-0.550000,-1.450000,0.564976
-0.500000,-1.450000,0.555777
-0.450000,-1.450000,0.545059
-0.400000,-1.450000,0.532792
-0.350000,-1.450000,0.518942
-0.300000,-1.450000,0.503470
-0.250000,-1.450000,0.486330
-0.200000,-1.450000,0.467468
-0.150000,-1.450000,0.446824
-0.100000,-1.450000,0.424329
-0.050000,-1.450000,0.399901
-0.000000,-1.450000,0.373448
0.050000,-1.450000,0.344863
0.100000,-1.450000,0.314021
0.150000,-1.450000,0.280778
0.200000,-1.450000,0.244961
0.250000,-1.450000,0.206368
0.300000,-1.450000,0.164755
0.350000,-1.450000,0.119827
0.400000,-1.450000,0.071219
0.450000,-1.450000,0.018473
0.500000,-1.450000,-0.038996
0.550000,-1.450000,-0.101963
0.600000,-1.450000,-0.171481
0.650000,-1.450000,-0.249060
0.700000,-1.450000,-0.336990
0.750000,-1.450000,-0.439074
0.800000,-1.450000,-0.562588
0.850000,-1.450000,-0.608995
0.900000,-1.450000,-0.641832
0.950000,-1.450000,-0.676894
1.000000,-1.450000,-0.714330
1.050000,-1.450000,-0.754314
1.100000,-1.450000,-0.797053
1.150000,-1.450000,-0.842791
1.200000,-1.450000,-0.891824
1.250000,-1.450000,-0.944513
1.300000,-1.450000,-1.001310
1.350000,-1.450000,-1.062787
1.400000,-1.450000,-1.129691
1.450000,-1.450000,-1.203031
1.500000,-1.450000,-1.284222
1.550000,-1.450000,-1.375365
1.600000,-1.450000,-1.479840
1.650000,-1.450000,-1.603761
1.700000,-1.450000,-1.760771
1.750000,-1.450000,-2.001528
1.800000,-1.450000,-2.417597
1.850000,-1.450000,-2.514641
1.900000,-1.450000,
1.950000,-1.450000,
2.000000,-1.450000,
2.050000,-1.450000,
2.100000,-1.450000,
2.150000,-1.450000,
2.200000,-1.450000,
2.250000,-1.450000,
2.300000,-1.450000,
2.350000,-1.450000,
2.400000,-1.450000,
2.450000,-1.450000,
2.500000,-1.450000,
2.550000,-1.450000,
2.600000,-1.450000,
2.650000,-1.450000,
2.700000,-1.450000,
2.750000,-1.450000,
2.800000,-1.450000,
2.850000,-1.450000,
2.900000,-1.450000,
2.950000,-1.450000,
3.000000,-1.450000,
3.050000,-1.450000,
3.100000,-1.450000,
3.150000,-1.450000,
3.200000,-1.450000,
3.250000,-1.450000,
3.300000,-1.450000,
3.350000,-1.450000,
3.400000,-1.450000,
3.450000,-1.450000,
3.500000,-1.450000,
-3.500000,-1.400000,
-3.450000,-1.400000,
-3.400000,-1.400000,
-3.350000,-1.400000,
-3.300000,-1.400000,
-3.250000,-1.400000,
-3.200000,-1.400000,
-3.150000,-1.400000,
-3.100000,-1.400000,
-3.050000,-1.400000,
-3.000000,-1.400000,
-2.950000,-1.400000,
-2.900000,-1.400000,
-2.850000,-1.400000,
-2.800000,-1.400000,
-2.750000,-1.400000,
-2.700000,-1.400000,
-2.650000,-1.400000,
-2.600000,-1.400000,
-2.550000,-1.400000,-0.764841
-2.500000,-1.400000,-0.588667
-2.450000,-1.400000,-0.459136
-2.400000,-1.400000,-0.353308
-2.350000,-1.400000,-0.262706
-2.300000,-1.400000,-0.183062
-2.250000,-1.400000,-0.111863
-2.200000,-1.400000,-0.047478
-2.150000,-1.400000,0.011221
-2.100000,-1.400000,0.065056
-2.050000,-1.400000,0.114646
-2.000000,-1.400000,0.160471
-1.950000,-1.400000,0.202912
-1.900000,-1.400000,0.242278
-1.850000,-1.400000,0.278821
-1.800000,-1.400000,0.312754
-1.750000,-1.400000,0.344253
-1.700000,-1.400000,0.373468
-1.650000,-1.400000,0.400529
-1.600000,-1.400000,0.425546
-1.550000,-1.400000,0.448615
-1.500000,-1.400000,0.469818
-1.450000,-1.400000,0.489229
-1.400000,-1.400000,0.506909
-1.350000,-1.400000,0.522913
-1.300000,-1.400000,0.537289
-1.250000,-1.400000,0.550079
-1.200000,-1.400000,0.561317
-1.150000,-1.400000,0.571034
-1.100000,-1.400000,0.579255
-1.050000,-1.400000,0.586003
-1.000000,-1.400000,0.591293
-0.950000,-1.400000,0.595139
-0.900000,-1.400000,0.597550
-0.850000,-1.400000,0.598533
-0.800000,-1.400000,0.598090
-0.750000,-1.400000,0.596220
-0.700000,-1.400000,0.592917
-0.650000,-1.400000,0.588175
-0.600000,-1.400000,0.581981
-0.550000,-1.400000,0.574320
-0.500000,-1.400000,0.565171
-0.450000,-1.400000,0.554512
-0.400000,-1.400000,0.542313
-0.350000,-1.400000,0.528542
-0.300000,-1.400000,0.513159
-0.250000,-1.400000,0.496119
-0.200000,-1.400000,0.477370
-0.150000,-1.400000,0.456854
-0.100000,-1.400000,0.434500
-0.050000,-1.400000,0.410231
-0.000000,-1.400000,0.383955
0.050000,-1.400000,0.355569
0.100000,-1.400000,0.324951
0.150000,-1.400000,0.291958
0.200000,-1.400000,0.256425
0.250000,-1.400000,0.218155
0.300000,-1.400000,0.176910
0.350000,-1.400000,0.132406
0.400000,-1.400000,0.084292
0.450000,-1.400000,0.032127
0.500000,-1.400000,-0.024648
0.550000,-1.400000,-0.086768
0.600000,-1.400000,-0.155229
0.650000,-1.400000,-0.231442
0.700000,-1.400000,-0.317519
0.750000,-1.400000,-0.416904
0.800000,-1.400000,-0.535978
0.850000,-1.400000,-0.613807
0.900000,-1.400000,-0.646740
0.950000,-1.400000,-0.681909
1.000000,-1.400000,-0.719465
1.050000,-1.400000,-0.759584
1.100000,-1.400000,-0.802475
1.150000,-1.400000,-0.848386
1.200000,-1.400000,-0.897616
1.250000,-1.400000,-0.950535
1.300000,-1.400000,-1.007599
1.350000,-1.400000,-1.069394
1.400000,-1.400000,-1.136684
1.450000,-1.400000,-1.210502
1.500000,-1.400000,-1.292304
1.550000,-1.400000,-1.384266
1.600000,-1.400000,-1.489911
1.650000,-1.400000,-1.615697
1.700000,-1.400000,-1.776387
1.750000,-1.400000,-2.031634
1.800000,-1.400000,-2.379262
1.850000,-1.400000,-2.471876
1.900000,-1.400000,-2.579423
1.950000,-1.400000,
2.000000,-1.400000,
2.050000,-1.400000,
2.100000,-1.400000,
2.150000,-1.400000,
2.200000,-1.400000,
2.250000,-1.400000,
2.300000,-1.400000,
2.350000,-1.400000,
2.400000,-1.400000,
2.450000,-1.400000,
2.500000,-1.400000,
2.550000,-1.400000,
2.600000,-1.400000,
2.650000,-1.400000,
2.700000,-1.400000,
2.750000,-1.400000,
2.800000,-1.400000,
2.850000,-1.400000,
2.900000,-1.400000,
2.950000,-1.400000,
3.000000,-1.400000,
3.050000,-1.400000,
3.100000,-1.400000,
3.150000,-1.400000,
3.200000,-1.400000,
3.250000,-1.400000,
3.300000,-1.400000,
3.350000,-1.400000,
3.400000,-1.400000,
3.450000,-1.400000,
3.500000,-1.400000,
-3.500000,-1.350000,
-3.450000,-1.350000,
-3.400000,-1.350000,
-3.350000,-1.350000,
-3.300000,-1.350000,
-3.250000,-1.350000,
-3.200000,-1.350000,
-3.150000,-1.350000,
-3.100000,-1.350000,
-3.050000,-1.350000,
-3.000000,-1.350000,
-2.950000,-1.350000,
-2.900000,-1.350000,
-2.850000,-1.350000,
-2.800000,-1.350000,
-2.750000,-1.350000,
-2.700000,-1.350000,
-2.650000,-1.350000,
-2.600000,-1.350000,-1.078239
-2.550000,-1.350000,-0.731369
-2.500000,-1.350000,-0.565111
-2.450000,-1.350000,-0.439836
-2.400000,-1.350000,-0.336499
-2.350000,-1.350000,-0.247574
-2.300000,-1.350000,-0.169152
-2.250000,-1.350000,-0.098891
-2.200000,-1.350000,-0.035252
-2.150000,-1.350000,0.022838
-2.100000,-1.350000,0.076165
-2.050000,-1.350000,0.125325
-2.000000,-1.350000,0.170780
-1.950000,-1.350000,0.212902
-1.900000,-1.350000,0.251988
-1.850000,-1.350000,0.288286
-1.800000,-1.350000,0.322001
-1.750000,-1.350000,0.353307
-1.700000,-1.350000,0.382350
-1.650000,-1.350000,0.409258
-1.600000,-1.350000,0.434137
-1.550000,-1.350000,0.457083
-1.500000,-1.350000,0.478176
-1.450000,-1.350000,0.497488
-1.400000,-1.350000,0.515081
-1.350000,-1.350000,0.531008
-1.300000,-1.350000,0.545315
-1.250000,-1.350000,0.558045
-1.200000,-1.350000,0.569231
-1.150000,-1.350000,0.578904
-1.100000,-1.350000,0.587088
-1.050000,-1.350000,0.593805
-1.000000,-1.350000,0.599072
-0.950000,-1.350000,0.602901
-0.900000,-1.350000,0.605302
-0.850000,-1.350000,0.606280
-0.800000,-1.350000,0.605839
-0.750000,-1.350000,0.603977
-0.700000,-1.350000,0.600689
-0.650000,-1.350000,0.595968
-0.600000,-1.350000,0.589802
-0.550000,-1.350000,0.582175
-0.500000,-1.350000,0.573068
-0.450000,-1.350000,0.562458
-0.400000,-1.350000,0.550316
-0.350000,-1.350000,0.536610
-0.300000,-1.350000,0.521301
-0.250000,-1.350000,0.504344
-0.200000,-1.350000,0.485690
-0.150000,-1.350000,0.465278
-0.100000,-1.350000,0.443043
-0.050000,-1.350000,0.418905
-0.000000,-1.350000,0.392777
0.050000,-1.350000,0.364556
0.100000,-1.350000,0.334122
0.150000,-1.350000,0.301337
0.200000,-1.350000,0.266039
0.250000,-1.350000,0.228035
0.300000,-1.350000,0.187094
0.350000,-1.350000,0.142939
0.400000,-1.350000,0.095230
0.450000,-1.350000,0.043542
0.500000,-1.350000,-0.012666
0.550000,-1.350000,-0.074097
0.600000,-1.350000,-0.141702
0.650000,-1.350000,-0.216814
0.700000,-1.350000,-0.301415
0.750000,-1.350000,-0.398681
0.800000,-1.350000,-0.514357
0.850000,-1.350000,-0.620134
0.900000,-1.350000,-0.653195
0.950000,-1.350000,-0.688506
1.000000,-1.350000,-0.726222
1.050000,-1.350000,-0.766519
1.100000,-1.350000,-0.809612
1.150000,-1.350000,-0.855752
1.200000,-1.350000,-0.905246
1.250000,-1.350000,-0.958469
1.300000,-1.350000,-1.015890
1.350000,-1.350000,-1.078110
1.400000,-1.350000,-1.145915
1.450000,-1.350000,-1.220373
1.500000,-1.350000,-1.302999
1.550000,-1.350000,-1.396068
1.600000,-1.350000,-1.503308
1.650000,-1.350000,-1.631673
1.700000,-1.350000,-1.797614
1.750000,-1.350000,-2.077645
1.800000,-1.350000,-2.345016
1.850000,-1.350000,-2.434017
1.900000,-1.350000,-2.536309
1.950000,-1.350000,
2.000000,-1.350000,
2.050000,-1.350000,
2.100000,-1.350000,
2.150000,-1.350000,
2.200000,-1.350000,
2.250000,-1.350000,
2.300000,-1.350000,
2.350000,-1.350000,
2.400000,-1.350000,
2.450000,-1.350000,
2.500000,-1.350000,
2.550000,-1.350000,
2.600000,-1.350000,
2.650000,-1.350000,
2.700000,-1.350000,
2.750000,-1.350000,
2.800000,-1.350000,
2.850000,-1.350000,
2.900000,-1.350000,
2.950000,-1.350000,
3.000000,-1.350000,
3.050000,-1.350000,
3.100000,-1.350000,
3.150000,-1.350000,
3.200000,-1.350000,
3.250000,-1.350000,
3.300000,-1.350000,
3.350000,-1.350000,
3.400000,-1.350000,
3.450000,-1.350000,
3.500000,-1.350000,
-3.500000,-1.300000,
-3.450000,-1.300000,
-3.400000,-1.300000,
-3.350000,-1.300000,
-3.300000,-1.300000,
-3.250000,-1.300000,
-3.200000,-1.300000,
-3.150000,-1.300000,
-3.100000,-1.300000,
-3.050000,-1.300000,
-3.000000,-1.300000,
-2.950000,-1.300000,
-2.900000,-1.300000,
-2.850000,-1.300000,
-2.800000,-1.300000,
-2.750000,-1.300000,
-2.700000,-1.300000,
-2.650000,-1.300000,
-2.600000,-1.300000,-0.987214
-2.550000,-1.300000,-0.705891
-2.500000,-1.300000,-0.546557
-2.450000,-1.300000,-0.424457
-2.400000,-1.300000,-0.323029
-2.350000,-1.300000,-0.235406
-2.300000,-1.300000,-0.157941
-2.250000,-1.300000,-0.088418
-2.200000,-1.300000,-0.025369
-2.150000,-1.300000,0.032238
-2.100000,-1.300000,0.085160
-2.050000,-1.300000,0.133977
-2.000000,-1.300000,0.179138
-1.950000,-1.300000,0.221003
-1.900000,-1.300000,0.259866
-1.850000,-1.300000,0.295967
-1.800000,-1.300000,0.329507
-1.750000,-1.300000,0.360658
-1.700000,-1.300000,0.389563
-1.650000,-1.300000,0.416347
-1.600000,-1.300000,0.441116
-1.550000,-1.300000,0.463963
-1.500000,-1.300000,0.484968
-1.450000,-1.300000,0.504201
-1.400000,-1.300000,0.521723
-1.350000,-1.300000,0.537587
-1.300000,-1.300000,0.551840
-1.250000,-1.300000,0.564521
-1.200000,-1.300000,0.575665
-1.150000,-1.300000,0.585302
-1.100000,-1.300000,0.593457
-1.050000,-1.300000,0.600149
-1.000000,-1.300000,0.605397
-0.950000,-1.300000,0.609212
-0.900000,-1.300000,0.611605
-0.850000,-1.300000,0.612580
-0.800000,-1.300000,0.612140
-0.750000,-1.300000,0.610284
-0.700000,-1.300000,0.607008
-0.650000,-1.300000,0.602304
-0.600000,-1.300000,0.596160
-0.550000,-1.300000,0.588561
-0.500000,-1.300000,0.579488
-0.450000,-1.300000,0.568917
-0.400000,-1.300000,0.556821
-0.350000,-1.300000,0.543168
-0.300000,-1.300000,0.527918
-0.250000,-1.300000,0.511029
-0.200000,-1.300000,0.492450
-0.150000,-1.300000,0.472124
-0.100000,-1.300000,0.449983
-0.050000,-1.300000,0.425951
-0.000000,-1.300000,0.399942
0.050000,-1.300000,0.371853
0.100000,-1.300000,0.341568
0.150000,-1.300000,0.308950
0.200000,-1.300000,0.273839
0.250000,-1.300000,0.236048
0.300000,-1.300000,0.195350
0.350000,-1.300000,0.151475
0.400000,-1.300000,0.104089
0.450000,-1.300000,0.052780
0.500000,-1.300000,-0.002976
0.550000,-1.300000,-0.063862
0.600000,-1.300000,-0.130791
0.650000,-1.300000,-0.205040
0.700000,-1.300000,-0.288490
0.750000,-1.300000,-0.384123
0.800000,-1.300000,-0.497234
0.850000,-1.300000,-0.627995
0.900000,-1.300000,-0.661216
0.950000,-1.300000,-0.696706
1.000000,-1.300000,-0.734620
1.050000,-1.300000,-0.775142
1.100000,-1.300000,-0.818489
1.150000,-1.300000,-0.864917
1.200000,-1.300000,-0.914742
1.250000,-1.300000,-0.968349
1.300000,-1.300000,-1.026222
1.350000,-1.300000,-1.088980
1.400000,-1.300000,-1.157439
1.450000,-1.300000,-1.232713
1.500000,-1.300000,-1.316391
1.550000,-1.300000,-1.410887
1.600000,-1.300000,-1.520206
1.650000,-1.300000,-1.651994
1.700000,-1.300000,-1.825230
1.750000,-1.300000,-2.155672
1.800000,-1.300000,-2.314438
1.850000,-1.300000,-2.400455
1.900000,-1.300000,-2.498525
1.950000,-1.300000,
2.000000,-1.300000,
2.050000,-1.300000,
2.100000,-1.300000,
2.150000,-1.300000,
2.200000,-1.300000,
2.250000,-1.300000,
2.300000,-1.300000,
2.350000,-1.300000,
2.400000,-1.300000,
2.450000,-1.300000,
2.500000,-1.300000,
2.550000,-1.300000,
2.600000,-1.300000,
2.650000,-1.300000,
2.700000,-1.300000,
2.750000,-1.300000,
2.800000,-1.300000,
2.850000,-1.300000,
2.900000,-1.300000,
2.950000,-1.300000,
3.000000,-1.300000,
3.050000,-1.300000,
3.100000,-1.300000,
3.150000,-1.300000,
3.200000,-1.300000,
3.250000,-1.300000,
3.300000,-1.300000,
3.350000,-1.300000,
3.400000,-1.300000,
3.450000,-1.300000,
3.500000,-1.300000,
-3.500000,-1.250000,
-3.450000,-1.250000,
-3.400000,-1.250000,
-3.350000,-1.250000,
-3.300000,-1.250000,
-3.250000,-1.250000,
-3.200000,-1.250000,
-3.150000,-1.250000,
-3.100000,-1.250000,
-3.050000,-1.250000,
-3.000000,-1.250000,
-2.950000,-1.250000,
-2.900000,-1.250000,
-2.850000,-1.250000,
-2.800000,-1.250000,
-2.750000,-1.250000,
-2.700000,-1.250000,
-2.650000,-1.250000,
-2.600000,-1.250000,-0.941938
-2.550000,-1.250000,-0.687097
-2.500000,-1.250000,-0.532558
-2.450000,-1.250000,-0.412758
-2.400000,-1.250000,-0.312738
-2.350000,-1.250000,-0.226085
-2.300000,-1.250000,-0.149338
-2.250000,-1.250000,-0.080371
-2.200000,-1.250000,-0.017768
-2.150000,-1.250000,0.039472
-2.100000,-1.250000,0.092088
-2.050000,-1.250000,0.140643
-2.000000,-1.250000,0.185579
-1.950000,-1.250000,0.227250
-1.900000,-1.250000,0.265941
-1.850000,-1.250000,0.301892
-1.800000,-1.250000,0.335299
-1.750000,-1.250000,0.366331
-1.700000,-1.250000,0.395131
-1.650000,-1.250000,0.421820
-1.600000,-1.250000,0.446504
-1.550000,-1.250000,0.469275
-1.500000,-1.250000,0.490212
-1.450000,-1.250000,0.509384
-1.400000,-1.250000,0.526853
-1.350000,-1.250000,0.542669
-1.300000,-1.250000,0.556879
-1.250000,-1.250000,0.569524
-1.200000,-1.250000,0.580636
-1.150000,-1.250000,0.590245
-1.100000,-1.250000,0.598377
-1.050000,-1.250000,0.605051
-1.000000,-1.250000,0.610284
-0.950000,-1.250000,0.614088
-0.900000,-1.250000,0.616474
-0.850000,-1.250000,0.617447
-0.800000,-1.250000,0.617008
-0.750000,-1.250000,0.615158
-0.700000,-1.250000,0.611891
-0.650000,-1.250000,0.607199
-0.600000,-1.250000,0.601073
-0.550000,-1.250000,0.593495
-0.500000,-1.250000,0.584447
-0.450000,-1.250000,0.573907
-0.400000,-1.250000,0.561846
-0.350000,-1.250000,0.548233
-0.300000,-1.250000,0.533029
-0.250000,-1.250000,0.516192
-0.200000,-1.250000,0.497671
-0.150000,-1.250000,0.477409
-0.100000,-1.250000,0.455341
-0.050000,-1.250000,0.431391
-0.000000,-1.250000,0.405472
0.050000,-1.250000,0.377484
0.100000,-1.250000,0.347313
0.150000,-1.250000,0.314822
0.200000,-1.250000,0.279856
0.250000,-1.250000,0.242227
0.300000,-1.250000,0.201715
0.350000,-1.250000,0.158052
0.400000,-1.250000,0.110912
0.450000,-1.250000,0.059892
0.500000,-1.250000,0.004477
0.550000,-1.250000,-0.055995
0.600000,-1.250000,-0.122414
0.650000,-1.250000,-0.196014
0.700000,-1.250000,-0.278604
0.750000,-1.250000,-0.373027
0.800000,-1.250000,-0.484263
0.850000,-1.250000,-0.622756
0.900000,-1.250000,-0.670825
0.950000,-1.250000,-0.706531
1.000000,-1.250000,-0.744688
1.050000,-1.250000,-0.785483
1.100000,-1.250000,-0.829137
1.150000,-1.250000,-0.875917
1.200000,-1.250000,-0.926145
1.250000,-1.250000,-0.980221
1.300000,-1.250000,-1.038645
1.350000,-1.250000,-1.102063
1.400000,-1.250000,-1.171327
1.450000,-1.250000,-1.247609
1.500000,-1.250000,-1.332597
1.550000,-1.250000,-1.428882
1.600000,-1.250000,-1.540843
1.650000,-1.250000,-1.677098
1.700000,-1.250000,-1.860483
1.750000,-1.250000,-2.212243
1.800000,-1.250000,-2.287202
1.850000,-1.250000,-2.370731
1.900000,-1.250000,-2.465358
1.950000,-1.250000,-2.575337
2.000000,-1.250000,
2.050000,-1.250000,
2.100000,-1.250000,
2.150000,-1.250000,
2.200000,-1.250000,
2.250000,-1.250000,
2.300000,-1.250000,
2.350000,-1.250000,
2.400000,-1.250000,
2.450000,-1.250000,
2.500000,-1.250000,
2.550000,-1.250000,
2.600000,-1.250000,
2.650000,-1.250000,
2.700000,-1.250000,
2.750000,-1.250000,
2.800000,-1.250000,
2.850000,-1.250000,
2.900000,-1.250000,
2.950000,-1.250000,
3.000000,-1.250000,
3.050000,-1.250000,
3.100000,-1.250000,
3.150000,-1.250000,
3.200000,-1.250000,
3.250000,-1.250000,
3.300000,-1.250000,
3.350000,-1.250000,
3.400000,-1.250000,
3.450000,-1.250000,
3.500000,-1.250000,
-3.500000,-1.200000,
-3.450000,-1.200000,
-3.400000,-1.200000,
-3.350000,-1.200000,
-3.300000,-1.200000,
-3.250000,-1.200000,
-3.200000,-1.200000,
-3.150000,-1.200000,
-3.100000,-1.200000,
-3.050000,-1.200000,
-3.000000,-1.200000,
-2.950000,-1.200000,
-2.900000,-1.200000,
-2.850000,-1.200000,
-2.800000,-1.200000,
-2.750000,-1.200000,
-2.700000,-1.200000,
-2.650000,-1.200000,
-2.600000,-1.200000,-0.914933
-2.550000,-1.200000,-0.674204
-2.500000,-1.200000,-0.522809
-2.450000,-1.200000,-0.404564
-2.400000,-1.200000,-0.305509
-2.350000,-1.200000,-0.219526
-2.300000,-1.200000,-0.143276
-2.250000,-1.200000,-0.074696
-2.200000,-1.200000,-0.012404
-2.150000,-1.200000,0.044580
-2.100000,-1.200000,0.096981
-2.050000,-1.200000,0.145354
-2.000000,-1.200000,0.190133
-1.950000,-1.200000,0.231666
-1.900000,-1.200000,0.270238
-1.850000,-1.200000,0.306082
-1.800000,-1.200000,0.339396
-1.750000,-1.200000,0.370345
-1.700000,-1.200000,0.399070
-1.650000,-1.200000,0.425692
-1.600000,-1.200000,0.450317
-1.550000,-1.200000,0.473035
-1.500000,-1.200000,0.493924
-1.450000,-1.200000,0.513054
-1.400000,-1.200000,0.530484
-1.350000,-1.200000,0.546267
-1.300000,-1.200000,0.560447
-1.250000,-1.200000,0.573065
-1.200000,-1.200000,0.584155
-1.150000,-1.200000,0.593745
-1.100000,-1.200000,0.601860
-1.050000,-1.200000,0.608521
-1.000000,-1.200000,0.613744
-0.950000,-1.200000,0.617541
-0.900000,-1.200000,0.619922
-0.850000,-1.200000,0.620893
-0.800000,-1.200000,0.620455
-0.750000,-1.200000,0.618608
-0.700000,-1.200000,0.615348
-0.650000,-1.200000,0.610666
-0.600000,-1.200000,0.604551
-0.550000,-1.200000,0.596988
-0.500000,-1.200000,0.587959
-0.450000,-1.200000,0.577440
-0.400000,-1.200000,0.565404
-0.350000,-1.200000,0.551819
-0.300000,-1.200000,0.536647
-0.250000,-1.200000,0.519846
-0.200000,-1.200000,0.501366
-0.150000,-1.200000,0.481151
-0.100000,-1.200000,0.459133
-0.050000,-1.200000,0.435240
-0.000000,-1.200000,0.409385
0.050000,-1.200000,0.381469
0.100000,-1.200000,0.351377
0.150000,-1.200000,0.318976
0.200000,-1.200000,0.284111
0.250000,-1.200000,0.246596
0.300000,-1.200000,0.206214
0.350000,-1.200000,0.162700
0.400000,-1.200000,0.115733
0.450000,-1.200000,0.064914
0.500000,-1.200000,0.009739
0.550000,-1.200000,-0.050445
0.600000,-1.200000,-0.116509
0.650000,-1.200000,-0.189659
0.700000,-1.200000,-0.271654
0.750000,-1.200000,-0.365246
0.800000,-1.200000,-0.475207
0.850000,-1.200000,-0.611387
0.900000,-1.200000,-0.682053
0.950000,-1.200000,-0.718015
1.000000,-1.200000,-0.756458
1.050000,-1.200000,-0.797576
1.100000,-1.200000,-0.841596
1.150000,-1.200000,-0.888793
1.200000,-1.200000,-0.939503
1.250000,-1.200000,-0.994139
1.300000,-1.200000,-1.053223
1.350000,-1.200000,-1.117433
1.400000,-1.200000,-1.187668
1.450000,-1.200000,-1.265173
1.500000,-1.200000,-1.351761
1.550000,-1.200000,-1.450257
1.600000,-1.200000,-1.565542
1.650000,-1.200000,-1.707607
1.700000,-1.200000,-1.905501
1.750000,-1.200000,-2.189697
1.800000,-1.200000,-2.263046
1.850000,-1.200000,-2.344491
1.900000,-1.200000,-2.436284
1.950000,-1.200000,-2.542108
2.000000,-1.200000,
2.050000,-1.200000,
2.100000,-1.200000,
2.150000,-1.200000,
2.200000,-1.200000,
2.250000,-1.200000,
2.300000,-1.200000,
2.350000,-1.200000,
2.400000,-1.200000,
2.450000,-1.200000,
2.500000,-1.200000,
2.550000,-1.200000,
2.600000,-1.200000,
2.650000,-1.200000,
2.700000,-1.200000,
2.750000,-1.200000,
2.800000,-1.200000,
2.850000,-1.200000,
2.900000,-1.200000,
2.950000,-1.200000,
3.000000,-1.200000,
3.050000,-1.200000,
3.100000,-1.200000,
3.150000,-1.200000,
3.200000,-1.200000,
3.250000,-1.200000,
3.300000,-1.200000,
3.350000,-1.200000,
3.400000,-1.200000,
3.450000,-1.200000,
3.500000,-1.200000,
-3.500000,-1.150000,
-3.450000,-1.150000,
-3.400000,-1.150000,
-3.350000,-1.150000,
-3.300000,-1.150000,
-3.250000,-1.150000,
-3.200000,-1.150000,
-3.150000,-1.150000,
-3.100000,-1.150000,
-3.050000,-1.150000,
-3.000000,-1.150000,
-2.950000,-1.150000,
-2.900000,-1.150000,
-2.850000,-1.150000,
-2.800000,-1.150000,
-2.750000,-1.150000,
-2.700000,-1.150000,
-2.650000,-1.150000,
-2.600000,-1.150000,-0.900315
-2.550000,-1.150000,-0.666744
-2.500000,-1.150000,-0.517117
-2.450000,-1.150000,-0.399763
-2.400000,-1.150000,-0.301265
-2.350000,-1.150000,-0.215670
-2.300000,-1.150000,-0.139710
-2.250000,-1.150000,-0.071356
-2.200000,-1.150000,-0.009246
-2.150000,-1.150000,0.047589
-2.100000,-1.150000,0.099864
-2.050000,-1.150000,0.148130
-2.000000,-1.150000,0.192817
-1.950000,-1.150000,0.234270
-1.900000,-1.150000,0.272771
-1.850000,-1.150000,0.308554
-1.800000,-1.150000,0.341812
-1.750000,-1.150000,0.372712
-1.700000,-1.150000,0.401394
-1.650000,-1.150000,0.427977
-1.600000,-1.150000,0.452567
-1.550000,-1.150000,0.475253
-1.500000,-1.150000,0.496114
-1.450000,-1.150000,0.515219
-1.400000,-1.150000,0.532627
-1.350000,-1.150000,0.548390
-1.300000,-1.150000,0.562553
-1.250000,-1.150000,0.575155
-1.200000,-1.150000,0.586232
-1.150000,-1.150000,0.595810
-1.100000,-1.150000,0.603916
-1.050000,-1.150000,0.610569
-1.000000,-1.150000,0.615786
-0.950000,-1.150000,0.619579
-0.900000,-1.150000,0.621957
-0.850000,-1.150000,0.622926
-0.800000,-1.150000,0.622489
-0.750000,-1.150000,0.620645
-0.700000,-1.150000,0.617388
-0.650000,-1.150000,0.612711
-0.600000,-1.150000,0.606603
-0.550000,-1.150000,0.599050
-0.500000,-1.150000,0.590031
-0.450000,-1.150000,0.579524
-0.400000,-1.150000,0.567503
-0.350000,-1.150000,0.553935
-0.300000,-1.150000,0.538782
-0.250000,-1.150000,0.522003
-0.200000,-1.150000,0.503547
-0.150000,-1.150000,0.483358
-0.100000,-1.150000,0.461371
-0.050000,-1.150000,0.437511
-0.000000,-1.150000,0.411694
0.050000,-1.150000,0.383819
0.100000,-1.150000,0.353774
0.150000,-1.150000,0.321426
0.200000,-1.150000,0.286620
0.250000,-1.150000,0.249172
0.300000,-1.150000,0.208866
0.350000,-1.150000,0.165440
0.400000,-1.150000,0.118574
0.450000,-1.150000,0.067873
0.500000,-1.150000,0.012838
0.550000,-1.150000,-0.047178
0.600000,-1.150000,-0.113035
0.650000,-1.150000,-0.185922
0.700000,-1.150000,-0.267572
0.750000,-1.150000,-0.360682
0.800000,-1.150000,-0.469911
0.850000,-1.150000,-0.604778
0.900000,-1.150000,-0.694932
0.950000,-1.150000,-0.731192
1.000000,-1.150000,-0.769970
1.050000,-1.150000,-0.811465
1.100000,-1.150000,-0.855913
1.150000,-1.150000,-0.903600
1.200000,-1.150000,-0.954875
1.250000,-1.150000,-1.010170
1.300000,-1.150000,-1.070034
1.350000,-1.150000,-1.135183
1.400000,-1.150000,-1.206575
1.450000,-1.150000,-1.285547
1.500000,-1.150000,-1.374072
1.550000,-1.150000,-1.475281
1.600000,-1.150000,-1.594740
1.650000,-1.150000,-1.744440
1.700000,-1.150000,-1.964388
1.750000,-1.150000,-2.169778
1.800000,-1.150000,-2.241763
1.850000,-1.150000,-2.321459
1.900000,-1.150000,-2.410907
1.950000,-1.150000,-2.513370
2.000000,-1.150000,
2.050000,-1.150000,
2.100000,-1.150000,
2.150000,-1.150000,
2.200000,-1.150000,
2.250000,-1.150000,
2.300000,-1.150000,
2.350000,-1.150000,
2.400000,-1.150000,
2.450000,-1.150000,
2.500000,-1.150000,
2.550000,-1.150000,
2.600000,-1.150000,
2.650000,-1.150000,
2.700000,-1.150000,
2.750000,-1.150000,
2.800000,-1.150000,
2.850000,-1.150000,
2.900000,-1.150000,
2.950000,-1.150000,
3.000000,-1.150000,
3.050000,-1.150000,
3.100000,-1.150000,
3.150000,-1.150000,
3.200000,-1.150000,
3.250000,-1.150000,
3.300000,-1.150000,
3.350000,-1.150000,
3.400000,-1.150000,
3.450000,-1.150000,
3.500000,-1.150000,
-3.500000,-1.100000,
-3.450000,-1.100000,
-3.400000,-1.100000,
-3.350000,-1.100000,
-3.300000,-1.100000,
-3.250000,-1.100000,
-3.200000,-1.100000,
-3.150000,-1.100000,
-3.100000,-1.100000,
-3.050000,-1.100000,
-3.000000,-1.100000,
-2.950000,-1.100000,
-2.900000,-1.100000,
-2.850000,-1.100000,
-2.800000,-1.100000,
-2.750000,-1.100000,
-2.700000,-1.100000,
-2.650000,-1.100000,
-2.600000,-1.100000,-0.895977
-2.550000,-1.100000,-0.664467
-2.500000,-1.100000,-0.515374
-2.450000,-1.100000,-0.398290
-2.400000,-1.100000,-0.299961
-2.350000,-1.100000,-0.214485
-2.300000,-1.100000,-0.138614
-2.250000,-1.100000,-0.070329
-2.200000,-1.100000,-0.008274
-2.150000,-1.100000,0.048514
-2.100000,-1.100000,0.100751
-2.050000,-1.100000,0.148984
-2.000000,-1.100000,0.193643
-1.950000,-1.100000,0.235071
-1.900000,-1.100000,0.273551
-1.850000,-1.100000,0.309314
-1.800000,-1.100000,0.342556
-1.750000,-1.100000,0.373441
-1.700000,-1.100000,0.402109
-1.650000,-1.100000,0.428680
-1.600000,-1.100000,0.453259
-1.550000,-1.100000,0.475936
-1.500000,-1.100000,0.496789
-1.450000,-1.100000,0.515886
-1.400000,-1.100000,0.533287
-1.350000,-1.100000,0.549043
-1.300000,-1.100000,0.563201
-1.250000,-1.100000,0.575799
-1.200000,-1.100000,0.586871
-1.150000,-1.100000,0.596446
-1.100000,-1.100000,0.604549
-1.050000,-1.100000,0.611200
-1.000000,-1.100000,0.616414
-0.950000,-1.100000,0.620206
-0.900000,-1.100000,0.622584
-0.850000,-1.100000,0.623553
-0.800000,-1.100000,0.623116
-0.750000,-1.100000,0.621272
-0.700000,-1.100000,0.618016
-0.650000,-1.100000,0.613341
-0.600000,-1.100000,0.607236
-0.550000,-1.100000,0.599684
-0.500000,-1.100000,0.590669
-0.450000,-1.100000,0.580166
-0.400000,-1.100000,0.568149
-0.350000,-1.100000,0.554586
-0.300000,-1.100000,0.539440
-0.250000,-1.100000,0.522667
-0.200000,-1.100000,0.504218
-0.150000,-1.100000,0.484037
-0.100000,-1.100000,0.462060
-0.050000,-1.100000,0.438210
-0.000000,-1.100000,0.412404
0.050000,-1.100000,0.384543
0.100000,-1.100000,0.354512
0.150000,-1.100000,0.322180
0.200000,-1.100000,0.287392
0.250000,-1.100000,0.249965
0.300000,-1.100000,0.209683
0.350000,-1.100000,0.166283
0.400000,-1.100000,0.119448
0.450000,-1.100000,0.068784
0.500000,-1.100000,0.013791
0.550000,-1.100000,-0.046173
0.600000,-1.100000,-0.111966
0.650000,-1.100000,-0.184774
0.700000,-1.100000,-0.266318
0.750000,-1.100000,-0.359281
0.800000,-1.100000,-0.468287
0.850000,-1.100000,-0.602757
0.900000,-1.100000,-0.709503
0.950000,-1.100000,-0.746107
1.000000,-1.100000,-0.785271
1.050000,-1.100000,-0.827202
1.100000,-1.100000,-0.872145
1.150000,-1.100000,-0.920400
1.200000,-1.100000,-0.972331
1.250000,-1.100000,-1.028394
1.300000,-1.100000,-1.089172
1.350000,-1.100000,-1.155426
1.400000,-1.100000,-1.228185
1.450000,-1.100000,-1.308906
1.500000,-1.100000,-1.399767
1.550000,-1.100000,-1.504304
1.600000,-1.100000,-1.629037
1.650000,-1.100000,-1.789006
1.700000,-1.100000,-2.047280
1.750000,-1.100000,-2.152350
1.800000,-1.100000,-2.223184
1.850000,-1.100000,-2.301417
1.900000,-1.100000,-2.388924
1.950000,-1.100000,-2.488652
2.000000,-1.100000,-2.605746
2.050000,-1.100000,
2.100000,-1.100000,
2.150000,-1.100000,
2.200000,-1.100000,
2.250000,-1.100000,
2.300000,-1.100000,
2.350000,-1.100000,
2.400000,-1.100000,
2.450000,-1.100000,
2.500000,-1.100000,
2.550000,-1.100000,
2.600000,-1.100000,
2.650000,-1.100000,
2.700000,-1.100000,
2.750000,-1.100000,
2.800000,-1.100000,
2.850000,-1.100000,
2.900000,-1.100000,
2.950000,-1.100000,
3.000000,-1.100000,
3.050000,-1.100000,
3.100000,-1.100000,
3.150000,-1.100000,
3.200000,-1.100000,
3.250000,-1.100000,
3.300000,-1.100000,
3.350000,-1.100000,
3.400000,-1.100000,
3.450000,-1.100000,
3.500000,-1.100000,
-3.500000,-1.050000,
-3.450000,-1.050000,
-3.400000,-1.050000,
-3.350000,-1.050000,
-3.300000,-1.050000,
-3.250000,-1.050000,
-3.200000,-1.050000,
-3.150000,-1.050000,
-3.100000,-1.050000,
-3.050000,-1.050000,
-3.000000,-1.050000,
-2.950000,-1.050000,
-2.900000,-1.050000,
-2.850000,-1.050000,
-2.800000,-1.050000,
-2.750000,-1.050000,
-2.700000,-1.050000,
-2.650000,-1.050000,
-2.600000,-1.050000,-0.901390
-2.550000,-1.050000,-0.667303
-2.500000,-1.050000,-0.517546
-2.450000,-1.050000,-0.400125
-2.400000,-1.050000,-0.301585
-2.350000,-1.050000,-0.215961
-2.300000,-1.050000,-0.139979
-2.250000,-1.050000,-0.071608
-2.200000,-1.050000,-0.009484
-2.150000,-1.050000,0.047362
-2.100000,-1.050000,0.099647
-2.050000,-1.050000,0.147920
-2.000000,-1.050000,0.192614
-1.950000,-1.050000,0.234073
-1.900000,-1.050000,0.272580
-1.850000,-1.050000,0.308367
-1.800000,-1.050000,0.341630
-1.750000,-1.050000,0.372533
-1.700000,-1.050000,0.401218
-1.650000,-1.050000,0.427805
-1.600000,-1.050000,0.452397
-1.550000,-1.050000,0.475086
-1.500000,-1.050000,0.495949
-1.450000,-1.050000,0.515056
-1.400000,-1.050000,0.532465
-1.350000,-1.050000,0.548229
-1.300000,-1.050000,0.562394
-1.250000,-1.050000,0.574998
-1.200000,-1.050000,0.586075
-1.150000,-1.050000,0.595654
-1.100000,-1.050000,0.603761
-1.050000,-1.050000,0.610414
-1.000000,-1.050000,0.615632
-0.950000,-1.050000,0.619425
-0.900000,-1.050000,0.621803
-0.850000,-1.050000,0.622773
-0.800000,-1.050000,0.622336
-0.750000,-1.050000,0.620491
-0.700000,-1.050000,0.617234
-0.650000,-1.050000,0.612557
-0.600000,-1.050000,0.606448
-0.550000,-1.050000,0.598894
-0.500000,-1.050000,0.589874
-0.450000,-1.050000,0.579367
-0.400000,-1.050000,0.567345
-0.350000,-1.050000,0.553775
-0.300000,-1.050000,0.538621
-0.250000,-1.050000,0.521840
-0.200000,-1.050000,0.503382
-0.150000,-1.050000,0.483191
-0.100000,-1.050000,0.461202
-0.050000,-1.050000,0.437340
-0.000000,-1.050000,0.411519
0.050000,-1.050000,0.383642
0.100000,-1.050000,0.353593
0.150000,-1.050000,0.321241
0.200000,-1.050000,0.286430
0.250000,-1.050000,0.248978
0.300000,-1.050000,0.208666
0.350000,-1.050000,0.165233
0.400000,-1.050000,0.118360
0.450000,-1.050000,0.067650
0.500000,-1.050000,0.012604
0.550000,-1.050000,-0.047425
0.600000,-1.050000,-0.113297
0.650000,-1.050000,-0.186204
0.700000,-1.050000,-0.267880
0.750000,-1.050000,-0.361026
0.800000,-1.050000,-0.470310
0.850000,-1.050000,-0.605274
0.900000,-1.050000,-0.725815
0.950000,-1.050000,-0.762811
1.000000,-1.050000,-0.802416
1.050000,-1.050000,-0.844846
1.100000,-1.050000,-0.890359
1.150000,-1.050000,-0.939267
1.200000,-1.050000,-0.991956
1.250000,-1.050000,-1.048911
1.300000,-1.050000,-1.110751
1.350000,-1.050000,-1.178296
1.400000,-1.050000,-1.252668
1.450000,-1.050000,-1.335471
1.500000,-1.050000,-1.429151
1.550000,-1.050000,-1.537794
1.600000,-1.050000,-1.669287
1.650000,-1.050000,-1.843646
1.700000,-1.050000,-2.073370
1.750000,-1.050000,-2.137304
1.800000,-1.050000,-2.207174
1.850000,-1.050000,-2.284189
1.900000,-1.050000,-2.370098
1.950000,-1.050000,-2.467604
2.000000,-1.050000,-2.581324
2.050000,-1.050000,
2.100000,-1.050000,
2.150000,-1.050000,
2.200000,-1.050000,
2.250000,-1.050000,
2.300000,-1.050000,
2.350000,-1.050000,
2.400000,-1.050000,
2.450000,-1.050000,
2.500000,-1.050000,
2.550000,-1.050000,
2.600000,-1.050000,
2.650000,-1.050000,
2.700000,-1.050000,
2.750000,-1.050000,
2.800000,-1.050000,
2.850000,-1.050000,
2.900000,-1.050000,
2.950000,-1.050000,
3.000000,-1.050000,
3.050000,-1.050000,
3.100000,-1.050000,
3.150000,-1.050000,
3.200000,-1.050000,
3.250000,-1.050000,
3.300000,-1.050000,
3.350000,-1.050000,
3.400000,-1.050000,
3.450000,-1.050000,
3.500000,-1.050000,
-3.500000,-1.000000,
-3.450000,-1.000000,
-3.400000,-1.000000,
-3.350000,-1.000000,
-3.300000,-1.000000,
-3.250000,-1.000000,
-3.200000,-1.000000,
-3.150000,-1.000000,
-3.100000,-1.000000,
-3.050000,-1.000000,
-3.000000,-1.000000,
-2.950000,-1.000000,
-2.900000,-1.000000,
-2.850000,-1.000000,
-2.800000,-1.000000,
-2.750000,-1.000000,
-2.700000,-1.000000,
-2.650000,-1.000000,
-2.600000,-1.000000,-0.917220
-2.550000,-1.000000,-0.675342
-2.500000,-1.000000,-0.523674
-2.450000,-1.000000,-0.405292
-2.400000,-1.000000,-0.306152
-2.350000,-1.000000,-0.220110
-2.300000,-1.000000,-0.143816
-2.250000,-1.000000,-0.075202
-2.200000,-1.000000,-0.012882
-2.150000,-1.000000,0.044124
-2.100000,-1.000000,0.096545
-2.050000,-1.000000,0.144934
-2.000000,-1.000000,0.189727
-1.950000,-1.000000,0.231272
-1.900000,-1.000000,0.269855
-1.850000,-1.000000,0.305709
-1.800000,-1.000000,0.339031
-1.750000,-1.000000,0.369987
-1.700000,-1.000000,0.398718
-1.650000,-1.000000,0.425347
-1.600000,-1.000000,0.449977
-1.550000,-1.000000,0.472699
-1.500000,-1.000000,0.493593
-1.450000,-1.000000,0.512727
-1.400000,-1.000000,0.530160
-1.350000,-1.000000,0.545946
-1.300000,-1.000000,0.560129
-1.250000,-1.000000,0.572749
-1.200000,-1.000000,0.583841
-1.150000,-1.000000,0.593433
-1.100000,-1.000000,0.601549
-1.050000,-1.000000,0.608211
-1.000000,-1.000000,0.613435
-0.950000,-1.000000,0.617233
-0.900000,-1.000000,0.619614
-0.850000,-1.000000,0.620585
-0.800000,-1.000000,0.620147
-0.750000,-1.000000,0.618300
-0.700000,-1.000000,0.615039
-0.650000,-1.000000,0.610356
-0.600000,-1.000000,0.604240
-0.550000,-1.000000,0.596676
-0.500000,-1.000000,0.587645
-0.450000,-1.000000,0.577124
-0.400000,-1.000000,0.565086
-0.350000,-1.000000,0.551499
-0.300000,-1.000000,0.536324
-0.250000,-1.000000,0.519520
-0.200000,-1.000000,0.501037
-0.150000,-1.000000,0.480817
-0.100000,-1.000000,0.458795
-0.050000,-1.000000,0.434897
-0.000000,-1.000000,0.409036
0.050000,-1.000000,0.381113
0.100000,-1.000000,0.351015
0.150000,-1.000000,0.318606
0.200000,-1.000000,0.283731
0.250000,-1.000000,0.246207
0.300000,-1.000000,0.205813
0.350000,-1.000000,0.162286
0.400000,-1.000000,0.115303
0.450000,-1.000000,0.064467
0.500000,-1.000000,0.009270
0.550000,-1.000000,-0.050940
0.600000,-1.000000,-0.117035
0.650000,-1.000000,-0.190225
0.700000,-1.000000,-0.272273
0.750000,-1.000000,-0.365937
0.800000,-1.000000,-0.476011
0.850000,-1.000000,-0.612392
0.900000,-1.000000,-0.743921
0.950000,-1.000000,-0.781363
1.000000,-1.000000,-0.821471
1.050000,-1.000000,-0.864471
1.100000,-1.000000,-0.910633
1.150000,-1.000000,-0.960290
1.200000,-1.000000,-1.013852
1.250000,-1.000000,-1.071834
1.300000,-1.000000,-1.134908
1.350000,-1.000000,-1.203963
1.400000,-1.000000,-1.280235
1.450000,-1.000000,-1.365520
1.500000,-1.000000,-1.462620
1.550000,-1.000000,-1.576385
1.600000,-1.000000,-1.716756
1.650000,-1.000000,-1.912787
1.700000,-1.000000,-2.061265
1.750000,-1.000000,-2.124547
1.800000,-1.000000,-2.193621
1.850000,-1.000000,-2.269637
1.900000,-1.000000,-2.354241
1.950000,-1.000000,-2.449955
2.000000,-1.000000,-2.561005
2.050000,-1.000000,
2.100000,-1.000000,
2.150000,-1.000000,
2.200000,-1.000000,
2.250000,-1.000000,
2.300000,-1.000000,
2.350000,-1.000000,
2.400000,-1.000000,
2.450000,-1.000000,
2.500000,-1.000000,
2.550000,-1.000000,
2.600000,-1.000000,
2.650000,-1.000000,
2.700000,-1.000000,
2.750000,-1.000000,
2.800000,-1.000000,
2.850000,-1.000000,
2.900000,-1.000000,
2.950000,-1.000000,
3.000000,-1.000000,
3.050000,-1.000000,
3.100000,-1.000000,
3.150000,-1.000000,
3.200000,-1.000000,
3.250000,-1.000000,
3.300000,-1.000000,
3.350000,-1.000000,
3.400000,-1.000000,
3.450000,-1.000000,
3.500000,-1.000000,
-3.500000,-0.950000,
-3.450000,-0.950000,
-3.400000,-0.950000,
-3.350000,-0.950000,
-3.300000,-0.950000,
-3.250000,-0.950000,
-3.200000,-0.950000,
-3.150000,-0.950000,
-3.100000,-0.950000,
-3.050000,-0.950000,
-3.000000,-0.950000,
-2.950000,-0.950000,
-2.900000,-0.950000,
-2.850000,-0.950000,
-2.800000,-0.950000,
-2.750000,-0.950000,
-2.700000,-0.950000,
-2.650000,-0.950000,
-2.600000,-0.950000,-0.945821
-2.550000,-0.950000,-0.688852
-2.500000,-0.950000,-0.533875
-2.450000,-0.950000,-0.413862
-2.400000,-0.950000,-0.313711
-2.350000,-0.950000,-0.226967
-2.300000,-0.950000,-0.150153
-2.250000,-0.950000,-0.081134
-2.200000,-0.950000,-0.018489
-2.150000,-0.950000,0.038786
-2.100000,-0.950000,0.091431
-2.050000,-0.950000,0.140011
-2.000000,-0.950000,0.184968
-1.950000,-0.950000,0.226657
-1.900000,-0.950000,0.265365
-1.850000,-0.950000,0.301329
-1.800000,-0.950000,0.334749
-1.750000,-0.950000,0.365793
-1.700000,-0.950000,0.394602
-1.650000,-0.950000,0.421300
-1.600000,-0.950000,0.445992
-1.550000,-0.950000,0.468771
-1.500000,-0.950000,0.489714
-1.450000,-0.950000,0.508892
-1.400000,-0.950000,0.526365
-1.350000,-0.950000,0.542186
-1.300000,-0.950000,0.556401
-1.250000,-0.950000,0.569049
-1.200000,-0.950000,0.580164
-1.150000,-0.950000,0.589776
-1.100000,-0.950000,0.597909
-1.050000,-0.950000,0.604585
-1.000000,-0.950000,0.609820
-0.950000,-0.950000,0.613625
-0.900000,-0.950000,0.616012
-0.850000,-0.950000,0.616984
-0.800000,-0.950000,0.616546
-0.750000,-0.950000,0.614695
-0.700000,-0.950000,0.611427
-0.650000,-0.950000,0.606735
-0.600000,-0.950000,0.600606
-0.550000,-0.950000,0.593026
-0.500000,-0.950000,0.583976
-0.450000,-0.950000,0.573433
-0.400000,-0.950000,0.561369
-0.350000,-0.950000,0.547752
-0.300000,-0.950000,0.532544
-0.250000,-0.950000,0.515702
-0.200000,-0.950000,0.497175
-0.150000,-0.950000,0.476907
-0.100000,-0.950000,0.454832
-0.050000,-0.950000,0.430874
-0.000000,-0.950000,0.404947
0.050000,-0.950000,0.376950
0.100000,-0.950000,0.346767
0.150000,-0.950000,0.314265
0.200000,-0.950000,0.279285
0.250000,-0.950000,0.241641
0.300000,-0.950000,0.201111
0.350000,-0.950000,0.157428
0.400000,-0.950000,0.110265
0.450000,-0.950000,0.059217
0.500000,-0.950000,0.003771
0.550000,-0.950000,-0.056740
0.600000,-0.950000,-0.123207
0.650000,-0.950000,-0.196869
0.700000,-0.950000,-0.279539
0.750000,-0.950000,-0.374075
0.800000,-0.950000,-0.485486
0.850000,-0.950000,-0.624297
0.900000,-0.950000,-0.763887
0.950000,-0.950000,-0.801833
1.000000,-0.950000,-0.842511
1.050000,-0.950000,-0.886157
1.100000,-0.950000,-0.933061
1.150000,-0.950000,-0.983574
1.200000,-0.950000,-1.038136
1.250000,-0.950000,-1.097305
1.300000,-0.950000,-1.161809
1.350000,-0.950000,-1.232630
1.400000,-0.950000,-1.311148
1.450000,-0.950000,-1.399408
1.500000,-0.950000,-1.500699
1.550000,-0.950000,-1.620967
1.600000,-0.950000,-1.773454
1.650000,-0.950000,-1.993367
1.700000,-0.950000,-2.051254
1.750000,-0.950000,-2.114008
1.800000,-0.950000,-2.182439
1.850000,-0.950000,-2.257649
1.900000,-0.950000,-2.341210
1.950000,-0.950000,-2.435503
2.000000,-0.950000,-2.544463
2.050000,-0.950000,
2.100000,-0.950000,
2.150000,-0.950000,
2.200000,-0.950000,
2.250000,-0.950000,
2.300000,-0.950000,
2.350000,-0.950000,
2.400000,-0.950000,
2.450000,-0.950000,
2.500000,-0.950000,
2.550000,-0.950000,
2.600000,-0.950000,
2.650000,-0.950000,
2.700000,-0.950000,
2.750000,-0.950000,
2.800000,-0.950000,
2.850000,-0.950000,
2.900000,-0.950000,
2.950000,-0.950000,
3.000000,-0.950000,
3.050000,-0.950000,
3.100000,-0.950000,
3.150000,-0.950000,
3.200000,-0.950000,
3.250000,-0.950000,
3.300000,-0.950000,
3.350000,-0.950000,
3.400000,-0.950000,
3.450000,-0.950000,
3.500000,-0.950000,
-3.500000,-0.900000,
-3.450000,-0.900000,
-3.400000,-0.900000,
-3.350000,-0.900000,
-3.300000,-0.900000,
-3.250000,-0.900000,
-3.200000,-0.900000,
-3.150000,-0.900000,
-3.100000,-0.900000,
-3.050000,-0.900000,
-3.000000,-0.900000,
-2.950000,-0.900000,
-2.900000,-0.900000,
-2.850000,-0.900000,
-2.800000,-0.900000,
-2.750000,-0.900000,
-2.700000,-0.900000,
-2.650000,-0.900000,
-2.600000,-0.900000,-0.993862
-2.550000,-0.900000,-0.708330
-2.500000,-0.900000,-0.548355
-2.450000,-0.900000,-0.425954
-2.400000,-0.900000,-0.324343
-2.350000,-0.900000,-0.236595
-2.300000,-0.900000,-0.159037
-2.250000,-0.900000,-0.089442
-2.200000,-0.900000,-0.026336
-2.150000,-0.900000,0.031317
-2.100000,-0.900000,0.084280
-2.050000,-0.900000,0.133129
-2.000000,-0.900000,0.178319
-1.950000,-0.900000,0.220209
-1.900000,-0.900000,0.259094
-1.850000,-0.900000,0.295214
-1.800000,-0.900000,0.328771
-1.750000,-0.900000,0.359937
-1.700000,-0.900000,0.388856
-1.650000,-0.900000,0.415652
-1.600000,-0.900000,0.440432
-1.550000,-0.900000,0.463288
-1.500000,-0.900000,0.484302
-1.450000,-0.900000,0.503542
-1.400000,-0.900000,0.521071
-1.350000,-0.900000,0.536942
-1.300000,-0.900000,0.551200
-1.250000,-0.900000,0.563886
-1.200000,-0.900000,0.575034
-1.150000,-0.900000,0.584675
-1.100000,-0.900000,0.592832
-1.050000,-0.900000,0.599527
-1.000000,-0.900000,0.604776
-0.950000,-0.900000,0.608593
-0.900000,-0.900000,0.610986
-0.850000,-0.900000,0.611962
-0.800000,-0.900000,0.611522
-0.750000,-0.900000,0.609666
-0.700000,-0.900000,0.606389
-0.650000,-0.900000,0.601683
-0.600000,-0.900000,0.595536
-0.550000,-0.900000,0.587935
-0.500000,-0.900000,0.578858
-0.450000,-0.900000,0.568283
-0.400000,-0.900000,0.556183
-0.350000,-0.900000,0.542524
-0.300000,-0.900000,0.527269
-0.250000,-0.900000,0.510374
-0.200000,-0.900000,0.491787
-0.150000,-0.900000,0.471452
-0.100000,-0.900000,0.449302
-0.050000,-0.900000,0.425260
-0.000000,-0.900000,0.399239
0.050000,-0.900000,0.371137
0.100000,-0.900000,0.340838
0.150000,-0.900000,0.308203
0.200000,-0.900000,0.273075
0.250000,-0.900000,0.235263
0.300000,-0.900000,0.194541
0.350000,-0.900000,0.150638
0.400000,-0.900000,0.103221
0.450000,-0.900000,0.051875
0.500000,-0.900000,-0.003925
0.550000,-0.900000,-0.064863
0.600000,-0.900000,-0.131858
0.650000,-0.900000,-0.206191
0.700000,-0.900000,-0.289751
0.750000,-0.900000,-0.385541
0.800000,-0.900000,-0.498897
0.850000,-0.900000,-0.641321
0.900000,-0.900000,-0.785786
0.950000,-0.900000,-0.824302
1.000000,-0.900000,-0.865624
1.050000,-0.900000,-0.910004
1.100000,-0.900000,-0.957751
1.150000,-0.900000,-1.009243
1.200000,-0.900000,-1.064953
1.250000,-0.900000,-1.125491
1.300000,-0.900000,-1.191658
1.350000,-0.900000,-1.264551
1.400000,-0.900000,-1.345736
1.450000,-0.900000,-1.437597
1.500000,-0.900000,-1.544098
1.550000,-0.900000,-1.672849
1.600000,-0.900000,-1.842927
1.650000,-0.900000,-1.985748
1.700000,-0.900000,-2.043288
1.750000,-0.900000,-2.105628
1.800000,-0.900000,-2.173556
1.850000,-0.900000,-2.248139
1.900000,-0.900000,-2.330891
1.950000,-0.900000,-2.424090
2.000000,-0.900000,-2.531459
2.050000,-0.900000,-2.659944
2.100000,-0.900000,
2.150000,-0.900000,
2.200000,-0.900000,
2.250000,-0.900000,
2.300000,-0.900000,
2.350000,-0.900000,
2.400000,-0.900000,
2.450000,-0.900000,
2.500000,-0.900000,
2.550000,-0.900000,
2.600000,-0.900000,
2.650000,-0.900000,
2.700000,-0.900000,
2.750000,-0.900000,
2.800000,-0.900000,
2.850000,-0.900000,
2.900000,-0.900000,
2.950000,-0.900000,
3.000000,-0.900000,
3.050000,-0.900000,
3.100000,-0.900000,
3.150000,-0.900000,
3.200000,-0.900000,
3.250000,-0.900000,
3.300000,-0.900000,
3.350000,-0.900000,
3.400000,-0.900000,
3.450000,-0.900000,
3.500000,-0.900000,
-3.500000,-0.850000,
-3.450000,-0.850000,
-3.400000,-0.850000,
-3.350000,-0.850000,
-3.300000,-0.850000,
-3.250000,-0.850000,
-3.200000,-0.850000,
-3.150000,-0.850000,
-3.100000,-0.850000,
-3.050000,-0.850000,
-3.000000,-0.850000,
-2.950000,-0.850000,
-2.900000,-0.850000,
-2.850000,-0.850000,
-2.800000,-0.850000,
-2.750000,-0.850000,
-2.700000,-0.850000,
-2.650000,-0.850000,
-2.600000,-0.850000,-1.098832
-2.550000,-0.850000,-0.734605
-2.500000,-0.850000,-0.567430
-2.450000,-0.850000,-0.441747
-2.400000,-0.850000,-0.338169
-2.350000,-0.850000,-0.249080
-2.300000,-0.850000,-0.170538
-2.250000,-0.850000,-0.100184
-2.200000,-0.850000,-0.036472
-2.150000,-0.850000,0.021678
-2.100000,-0.850000,0.075056
-2.050000,-0.850000,0.124258
-2.000000,-0.850000,0.169750
-1.950000,-0.850000,0.211903
-1.900000,-0.850000,0.251017
-1.850000,-0.850000,0.287340
-1.800000,-0.850000,0.321077
-1.750000,-0.850000,0.352401
-1.700000,-0.850000,0.381462
-1.650000,-0.850000,0.408385
-1.600000,-0.850000,0.433278
-1.550000,-0.850000,0.456236
-1.500000,-0.850000,0.477340
-1.450000,-0.850000,0.496662
-1.400000,-0.850000,0.514263
-1.350000,-0.850000,0.530198
-1.300000,-0.850000,0.544512
-1.250000,-0.850000,0.557248
-1.200000,-0.850000,0.568439
-1.150000,-0.850000,0.578116
-1.100000,-0.850000,0.586305
-1.050000,-0.850000,0.593025
-1.000000,-0.850000,0.598293
-0.950000,-0.850000,0.602124
-0.900000,-0.850000,0.604526
-0.850000,-0.850000,0.605505
-0.800000,-0.850000,0.605064
-0.750000,-0.850000,0.603201
-0.700000,-0.850000,0.599911
-0.650000,-0.850000,0.595188
-0.600000,-0.850000,0.589019
-0.550000,-0.850000,0.581389
-0.500000,-0.850000,0.572278
-0.450000,-0.850000,0.561663
-0.400000,-0.850000,0.549515
-0.350000,-0.850000,0.535803
-0.300000,-0.850000,0.520486
-0.250000,-0.850000,0.503522
-0.200000,-0.850000,0.484858
-0.150000,-0.850000,0.464436
-0.100000,-0.850000,0.442188
-0.050000,-0.850000,0.418037
-0.000000,-0.850000,0.391895
0.050000,-0.850000,0.363657
0.100000,-0.850000,0.333205
0.150000,-0.850000,0.300400
0.200000,-0.850000,0.265078
0.250000,-0.850000,0.227047
0.300000,-0.850000,0.186076
0.350000,-0.850000,0.141887
0.400000,-0.850000,0.094137
0.450000,-0.850000,0.042402
0.500000,-0.850000,-0.013861
0.550000,-0.850000,-0.075361
0.600000,-0.850000,-0.143050
0.650000,-0.850000,-0.218271
0.700000,-0.850000,-0.303016
0.750000,-0.850000,-0.400488
0.800000,-0.850000,-0.516492
0.850000,-0.850000,-0.663996
0.900000,-0.850000,-0.809706
0.950000,-0.850000,-0.848863
1.000000,-0.850000,-0.890913
1.050000,-0.850000,-0.936126
1.100000,-0.850000,-0.984833
1.150000,-0.850000,-1.037443
1.200000,-0.850000,-1.094473
1.250000,-0.850000,-1.156595
1.300000,-0.850000,-1.224704
1.350000,-0.850000,-1.300042
1.400000,-0.850000,-1.384425
1.450000,-0.850000,-1.480698
1.500000,-0.850000,-1.593820
1.550000,-0.850000,-1.734095
1.600000,-0.850000,-1.926926
1.650000,-0.850000,-1.980046
1.700000,-0.850000,-2.037329
1.750000,-0.850000,-2.099363
1.800000,-0.850000,-2.166920
1.850000,-0.850000,-2.241041
1.900000,-0.850000,-2.323200
1.950000,-0.850000,-2.415600
2.000000,-0.850000,-2.521818
2.050000,-0.850000,-2.648438
2.100000,-0.850000,
2.150000,-0.850000,
2.200000,-0.850000,
2.250000,-0.850000,
2.300000,-0.850000,
2.350000,-0.850000,
2.400000,-0.850000,
2.450000,-0.850000,
2.500000,-0.850000,
2.550000,-0.850000,
2.600000,-0.850000,
2.650000,-0.850000,
2.700000,-0.850000,
2.750000,-0.850000,
2.800000,-0.850000,
2.850000,-0.850000,
2.900000,-0.850000,
2.950000,-0.850000,
3.000000,-0.850000,
3.050000,-0.850000,
3.100000,-0.850000,
3.150000,-0.850000,
3.200000,-0.850000,
3.250000,-0.850000,
3.300000,-0.850000,
3.350000,-0.850000,
3.400000,-0.850000,
3.450000,-0.850000,
3.500000,-0.850000,
-3.500000,-0.800000,
-3.450000,-0.800000,
-3.400000,-0.800000,
-3.350000,-0.800000,
-3.300000,-0.800000,
-3.250000,-0.800000,
-3.200000,-0.800000,
-3.150000,-0.800000,
-3.100000,-0.800000,
-3.050000,-0.800000,
-3.000000,-0.800000,
-2.950000,-0.800000,
-2.900000,-0.800000,
-2.850000,-0.800000,
-2.800000,-0.800000,
-2.750000,-0.800000,
-2.700000,-0.800000,
-2.650000,-0.800000,
-2.600000,-0.800000,
-2.550000,-0.800000,-0.769064
-2.500000,-0.800000,-0.591567
-2.450000,-0.800000,-0.461495
-2.400000,-0.800000,-0.355354
-2.350000,-0.800000,-0.264544
-2.300000,-0.800000,-0.184749
-2.250000,-0.800000,-0.113435
-2.200000,-0.800000,-0.048959
-2.150000,-0.800000,0.009815
-2.100000,-0.800000,0.063713
-2.050000,-0.800000,0.113355
-2.000000,-0.800000,0.159225
-1.950000,-0.800000,0.201705
-1.900000,-0.800000,0.241105
-1.850000,-0.800000,0.277678
-1.800000,-0.800000,0.311638
-1.750000,-0.800000,0.343160
-1.700000,-0.800000,0.372396
-1.650000,-0.800000,0.399476
-1.600000,-0.800000,0.424509
-1.550000,-0.800000,0.447593
-1.500000,-0.800000,0.468810
-1.450000,-0.800000,0.488232
-1.400000,-0.800000,0.505922
-1.350000,-0.800000,0.521936
-1.300000,-0.800000,0.536321
-1.250000,-0.800000,0.549118
-1.200000,-0.800000,0.560362
-1.150000,-0.800000,0.570085
-1.100000,-0.800000,0.578311
-1.050000,-0.800000,0.585061
-1.000000,-0.800000,0.590354
-0.950000,-0.800000,0.594202
-0.900000,-0.800000,0.596615
-0.850000,-0.800000,0.597599
-0.800000,-0.800000,0.597155
-0.750000,-0.800000,0.595284
-0.700000,-0.800000,0.591980
-0.650000,-0.800000,0.587235
-0.600000,-0.800000,0.581038
-0.550000,-0.800000,0.573372
-0.500000,-0.800000,0.564219
-0.450000,-0.800000,0.553553
-0.400000,-0.800000,0.541348
-0.350000,-0.800000,0.527569
-0.300000,-0.800000,0.512177
-0.250000,-0.800000,0.495127
-0.200000,-0.800000,0.476367
-0.150000,-0.800000,0.455837
-0.100000,-0.800000,0.433469
-0.050000,-0.800000,0.409184
-0.000000,-0.800000,0.382891
0.050000,-0.800000,0.354484
0.100000,-0.800000,0.323843
0.150000,-0.800000,0.290826
0.200000,-0.800000,0.255264
0.250000,-0.800000,0.216961
0.300000,-0.800000,0.175680
0.350000,-0.800000,0.131133
0.400000,-0.800000,0.082969
0.450000,-0.800000,0.030746
0.500000,-0.800000,-0.026098
0.550000,-0.800000,-0.088302
0.600000,-0.800000,-0.156869
0.650000,-0.800000,-0.233217
0.700000,-0.800000,-0.319477
0.750000,-0.800000,-0.419127
0.800000,-0.800000,-0.538630
0.850000,-0.800000,-0.693154
0.900000,-0.800000,-0.835745
0.950000,-0.800000,-0.875626
1.000000,-0.800000,-0.918500
1.050000,-0.800000,-0.964659
1.100000,-0.800000,-1.014460
1.150000,-0.800000,-1.068351
1.200000,-0.800000,-1.126904
1.250000,-0.800000,-1.190867
1.300000,-0.800000,-1.261256
1.350000,-0.800000,-1.339506
1.400000,-0.800000,-1.427770
1.450000,-0.800000,-1.529555
1.500000,-0.800000,-1.651355
1.550000,-0.800000,-1.808308
1.600000,-0.800000,-1.923262
1.650000,-0.800000,-1.976236
1.700000,-0.800000,-2.033349
1.750000,-0.800000,-2.095180
1.800000,-0.800000,-2.162491
1.850000,-0.800000,-2.236308
1.900000,-0.800000,-2.318077
1.950000,-0.800000,-2.409953
2.000000,-0.800000,-2.515418
2.050000,-0.800000,-2.640833
2.100000,-0.800000,
2.150000,-0.800000,
2.200000,-0.800000,
2.250000,-0.800000,
2.300000,-0.800000,
2.350000,-0.800000,
2.400000,-0.800000,
2.450000,-0.800000,
2.500000,-0.800000,
2.550000,-0.800000,
2.600000,-0.800000,
2.650000,-0.800000,
2.700000,-0.800000,
2.750000,-0.800000,
2.800000,-0.800000,
2.850000,-0.800000,
2.900000,-0.800000,
2.950000,-0.800000,
3.000000,-0.800000,
3.050000,-0.800000,
3.100000,-0.800000,
3.150000,-0.800000,
3.200000,-0.800000,
3.250000,-0.800000,
3.300000,-0.800000,
3.350000,-0.800000,
3.400000,-0.800000,
3.450000,-0.800000,
3.500000,-0.800000,
-3.500000,-0.750000,
-3.450000,-0.750000,
-3.400000,-0.750000,
-3.350000,-0.750000,
-3.300000,-0.750000,
-3.250000,-0.750000,
-3.200000,-0.750000,
-3.150000,-0.750000,
-3.100000,-0.750000,
-3.050000,-0.750000,
-3.000000,-0.750000,
-2.950000,-0.750000,
-2.900000,-0.750000,
-2.850000,-0.750000,
-2.800000,-0.750000,
-2.750000,-0.750000,
-2.700000,-0.750000,
-2.650000,-0.750000,
-2.600000,-0.750000,
-2.550000,-0.750000,-0.814181
-2.500000,-0.750000,-0.621453
-2.450000,-0.750000,-0.485547
-2.400000,-0.750000,-0.376121
-2.350000,-0.750000,-0.283144
-2.300000,-0.750000,-0.201791
-2.250000,-0.750000,-0.129291
-2.200000,-0.750000,-0.063877
-2.150000,-0.750000,-0.004341
-2.100000,-0.750000,0.050190
-2.050000,-0.750000,0.100367
-2.000000,-0.750000,0.146695
-1.950000,-0.750000,0.189571
-1.900000,-0.750000,0.229316
-1.850000,-0.750000,0.266193
-1.800000,-0.750000,0.300420
-1.750000,-0.750000,0.332181
-1.700000,-0.750000,0.361629
-1.650000,-0.750000,0.388897
-1.600000,-0.750000,0.414100
-1.550000,-0.750000,0.437334
-1.500000,-0.750000,0.458686
-1.450000,-0.750000,0.478228
-1.400000,-0.750000,0.496026
-1.350000,-0.750000,0.512135
-1.300000,-0.750000,0.526603
-1.250000,-0.750000,0.539474
-1.200000,-0.750000,0.550782
-1.150000,-0.750000,0.560558
-1.100000,-0.750000,0.568830
-1.050000,-0.750000,0.575618
-1.000000,-0.750000,0.580939
-0.950000,-0.750000,0.584808
-0.900000,-0.750000,0.587234
-0.850000,-0.750000,0.588223
-0.800000,-0.750000,0.587777
-0.750000,-0.750000,0.585896
-0.700000,-0.750000,0.582574
-0.650000,-0.750000,0.577803
-0.600000,-0.750000,0.571572
-0.550000,-0.750000,0.563864
-0.500000,-0.750000,0.554660
-0.450000,-0.750000,0.543934
-0.400000,-0.750000,0.531659
-0.350000,-0.750000,0.517800
-0.300000,-0.750000,0.502317
-0.250000,-0.750000,0.485165
-0.200000,-0.750000,0.466290
-0.150000,-0.750000,0.445631
-0.100000,-0.750000,0.423118
-0.050000,-0.750000,0.398671
-0.000000,-0.750000,0.372197
0.050000,-0.750000,0.343588
0.100000,-0.750000,0.312720
0.150000,-0.750000,0.279446
0.200000,-0.750000,0.243595
0.250000,-0.750000,0.204963
0.300000,-0.750000,0.163306
0.350000,-0.750000,0.118327
0.400000,-0.750000,0.069659
0.450000,-0.750000,0.016843
0.500000,-0.750000,-0.040710
0.550000,-0.750000,-0.103779
0.600000,-0.750000,-0.173427
0.650000,-0.750000,-0.251173
0.700000,-0.750000,-0.339330
0.750000,-0.750000,-0.441749
0.800000,-0.750000,-0.565824
0.850000,-0.750000,-0.730129
0.900000,-0.750000,-0.864020
0.950000,-0.750000,-0.904719
1.000000,-0.750000,-0.948527
1.050000,-0.750000,-0.995761
1.100000,-0.750000,-1.046813
1.150000,-0.750000,-1.102179
1.200000,-0.750000,-1.162497
1.250000,-0.750000,-1.228616
1.300000,-0.750000,-1.301707
1.350000,-0.750000,-1.383465
1.400000,-0.750000,-1.476521
1.450000,-0.750000,-1.585374
1.500000,-0.750000,-1.719086
1.550000,-0.750000,-1.872171
1.600000,-0.750000,-1.921401
1.650000,-0.750000,-1.974303
1.700000,-0.750000,-2.031329
1.750000,-0.750000,-2.093058
1.800000,-0.750000,-2.160245
1.850000,-0.750000,-2.233908
1.900000,-0.750000,-2.315480
1.950000,-0.750000,-2.407093
2.000000,-0.750000,-2.512182
2.050000,-0.750000,-2.636997
2.100000,-0.750000,
2.150000,-0.750000,
2.200000,-0.750000,
2.250000,-0.750000,
2.300000,-0.750000,
2.350000,-0.750000,
2.400000,-0.750000,
2.450000,-0.750000,
2.500000,-0.750000,
2.550000,-0.750000,
2.600000,-0.750000,
2.650000,-0.750000,
2.700000,-0.750000,
2.750000,-0.750000,
2.800000,-0.750000,
2.850000,-0.750000,
2.900000,-0.750000,
2.950000,-0.750000,
3.000000,-0.750000,
3.050000,-0.750000,
3.100000,-0.750000,
3.150000,-0.750000,
3.200000,-0.750000,
3.250000,-0.750000,
3.300000,-0.750000,
3.350000,-0.750000,
3.400000,-0.750000,
3.450000,-0.750000,
3.500000,-0.750000,
-3.500000,-0.700000,
-3.450000,-0.700000,
-3.400000,-0.700000,
-3.350000,-0.700000,
-3.300000,-0.700000,
-3.250000,-0.700000,
-3.200000,-0.700000,
-3.150000,-0.700000,
-3.100000,-0.700000,
-3.050000,-0.700000,
-3.000000,-0.700000,
-2.950000,-0.700000,
-2.900000,-0.700000,
-2.850000,-0.700000,
-2.800000,-0.700000,
-2.750000,-0.700000,
-2.700000,-0.700000,
-2.650000,-0.700000,
-2.600000,-0.700000,
-2.550000,-0.700000,-0.875067
-2.500000,-0.700000,-0.658123
-2.450000,-0.700000,-0.514388
-2.400000,-0.700000,-0.400765
-2.350000,-0.700000,-0.305087
-2.300000,-0.700000,-0.221819
-2.250000,-0.700000,-0.147875
-2.200000,-0.700000,-0.081329
-2.150000,-0.700000,-0.020876
-2.100000,-0.700000,0.034413
-2.050000,-0.700000,0.085229
-2.000000,-0.700000,0.132102
-1.950000,-0.700000,0.175448
-1.900000,-0.700000,0.215603
-1.850000,-0.700000,0.252840
-1.800000,-0.700000,0.287384
-1.750000,-0.700000,0.319425
-1.700000,-0.700000,0.349123
-1.650000,-0.700000,0.376614
-1.600000,-0.700000,0.402015
-1.550000,-0.700000,0.425427
-1.500000,-0.700000,0.446938
-1.450000,-0.700000,0.466622
-1.400000,-0.700000,0.484546
-1.350000,-0.700000,0.500766
-1.300000,-0.700000,0.515333
-1.250000,-0.700000,0.528290
-1.200000,-0.700000,0.539672
-1.150000,-0.700000,0.549513
-1.100000,-0.700000,0.557837
-1.050000,-0.700000,0.564669
-1.000000,-0.700000,0.570024
-0.950000,-0.700000,0.573918
-0.900000,-0.700000,0.576359
-0.850000,-0.700000,0.577354
-0.800000,-0.700000,0.576905
-0.750000,-0.700000,0.575012
-0.700000,-0.700000,0.571669
-0.650000,-0.700000,0.566868
-0.600000,-0.700000,0.560597
-0.550000,-0.700000,0.552840
-0.500000,-0.700000,0.543576
-0.450000,-0.700000,0.532780
-0.400000,-0.700000,0.520423
-0.350000,-0.700000,0.506470
-0.300000,-0.700000,0.490881
-0.250000,-0.700000,0.473608
-0.200000,-0.700000,0.454597
-0.150000,-0.700000,0.433786
-0.100000,-0.700000,0.411103
-0.050000,-0.700000,0.386466
-0.000000,-0.700000,0.359778
0.050000,-0.700000,0.330930
0.100000,-0.700000,0.299793
0.150000,-0.700000,0.266217
0.200000,-0.700000,0.230024
0.250000,-0.700000,0.191002
0.300000,-0.700000,0.148899
0.350000,-0.700000,0.103405
0.400000,-0.700000,0.054136
0.450000,-0.700000,0.000611
0.500000,-0.700000,-0.057793
0.550000,-0.700000,-0.121905
0.600000,-0.700000,-0.192864
0.650000,-0.700000,-0.272320
0.700000,-0.700000,-0.362828
0.750000,-0.700000,-0.468746
0.800000,-0.700000,-0.598813
0.850000,-0.700000,-0.777210
0.900000,-0.700000,-0.894669
0.950000,-0.700000,-0.936293
1.000000,-0.700000,-0.981163
1.050000,-0.700000,-1.029625
1.100000,-0.700000,-1.082115
1.150000,-0.700000,-1.139187
1.200000,-0.700000,-1.201566
1.250000,-0.700000,-1.270230
1.300000,-0.700000,-1.346560
1.350000,-0.700000,-1.432615
1.400000,-0.700000,-1.531727
1.450000,-0.700000,-1.649991
1.500000,-0.700000,-1.801287
1.550000,-0.700000,-1.872110
1.600000,-0.700000,-1.921338
1.650000,-0.700000,-1.974236
1.700000,-0.700000,-2.031260
1.750000,-0.700000,-2.092985
1.800000,-0.700000,-2.160168
1.850000,-0.700000,-2.233826
1.900000,-0.700000,-2.315391
1.950000,-0.700000,-2.406995
2.000000,-0.700000,-2.512072
2.050000,-0.700000,-2.636866
2.100000,-0.700000,
2.150000,-0.700000,
2.200000,-0.700000,
2.250000,-0.700000,
2.300000,-0.700000,
2.350000,-0.700000,
2.400000,-0.700000,
2.450000,-0.700000,
2.500000,-0.700000,
2.550000,-0.700000,
2.600000,-0.700000,
2.650000,-0.700000,
2.700000,-0.700000,
2.750000,-0.700000,
2.800000,-0.700000,
2.850000,-0.700000,
2.900000,-0.700000,
2.950000,-0.700000,
3.000000,-0.700000,
3.050000,-0.700000,
3.100000,-0.700000,
3.150000,-0.700000,
3.200000,-0.700000,
3.250000,-0.700000,
3.300000,-0.700000,
3.350000,-0.700000,
3.400000,-0.700000,
3.450000,-0.700000,
3.500000,-0.700000,
-3.500000,-0.650000,
-3.450000,-0.650000,
-3.400000,-0.650000,
-3.350000,-0.650000,
-3.300000,-0.650000,
-3.250000,-0.650000,
-3.200000,-0.650000,
-3.150000,-0.650000,
-3.100000,-0.650000,
-3.050000,-0.650000,
-3.000000,-0.650000,
-2.950000,-0.650000,
-2.900000,-0.650000,
-2.850000,-0.650000,
-2.800000,-0.650000,
-2.750000,-0.650000,
-2.700000,-0.650000,
-2.650000,-0.650000,
-2.600000,-0.650000,
-2.550000,-0.650000,-0.966436
-2.500000,-0.650000,-0.703229
-2.450000,-0.650000,-0.548701
-2.400000,-0.650000,-0.429681
-2.350000,-0.650000,-0.330640
-2.300000,-0.650000,-0.245030
-2.250000,-0.650000,-0.169343
-2.200000,-0.650000,-0.101439
-2.150000,-0.650000,-0.039896
-2.100000,-0.650000,0.016292
-2.050000,-0.650000,0.067861
-2.000000,-0.650000,0.115375
-1.950000,-0.650000,0.159273
-1.900000,-0.650000,0.199908
-1.850000,-0.650000,0.237564
-1.800000,-0.650000,0.272478
-1.750000,-0.650000,0.304846
-1.700000,-0.650000,0.334835
-1.650000,-0.650000,0.362585
-1.600000,-0.650000,0.388217
-1.550000,-0.650000,0.411835
-1.500000,-0.650000,0.433530
-1.450000,-0.650000,0.453378
-1.400000,-0.650000,0.471448
-1.350000,-0.650000,0.487798
-1.300000,-0.650000,0.502479
-1.250000,-0.650000,0.515535
-1.200000,-0.650000,0.527004
-1.150000,-0.650000,0.536918
-1.100000,-0.650000,0.545304
-1.050000,-0.650000,0.552186
-1.000000,-0.650000,0.557580
-0.950000,-0.650000,0.561502
-0.900000,-0.650000,0.563961
-0.850000,-0.650000,0.564963
-0.800000,-0.650000,0.564511
-0.750000,-0.650000,0.562604
-0.700000,-0.650000,0.559237
-0.650000,-0.650000,0.554401
-0.600000,-0.650000,0.548084
-0.550000,-0.650000,0.540270
-0.500000,-0.650000,0.530936
-0.450000,-0.650000,0.520059
-0.400000,-0.650000,0.507608
-0.350000,-0.650000,0.493547
-0.300000,-0.650000,0.477834
-0.250000,-0.650000,0.460421
-0.200000,-0.650000,0.441253
-0.150000,-0.650000,0.420266
-0.100000,-0.650000,0.397386
-0.050000,-0.650000,0.372527
-0.000000,-0.650000,0.345591
0.050000,-0.650000,0.316465
0.100000,-0.650000,0.285016
0.150000,-0.650000,0.251086
0.200000,-0.650000,0.214493
0.250000,-0.650000,0.175016
0.300000,-0.650000,0.132390
0.350000,-0.650000,0.086291
0.400000,-0.650000,0.036315
0.450000,-0.650000,-0.018049
0.500000,-0.650000,-0.077465
0.550000,-0.650000,-0.142822
0.600000,-0.650000,-0.215359
0.650000,-0.650000,-0.296897
0.700000,-0.650000,-0.390308
0.750000,-0.650000,-0.500661
0.800000,-0.650000,-0.638709
0.850000,-0.650000,-0.838882
0.900000,-0.650000,-0.859678
0.950000,-0.650000,-0.874351
1.000000,-0.650000,-0.899445
1.050000,-0.650000,-0.938555
1.100000,-0.650000,-1.002096
1.150000,-0.650000,-1.179694
1.200000,-0.650000,-1.244501
1.250000,-0.650000,-1.316206
1.300000,-0.650000,-1.396482
1.350000,-0.650000,-1.487917
1.400000,-0.650000,-1.594940
1.450000,-0.650000,-1.726457
1.500000,-0.650000,-1.827810
1.550000,-0.650000,-1.873783
1.600000,-0.650000,-1.923071
1.650000,-0.650000,-1.976038
1.700000,-0.650000,-2.033141
1.750000,-0.650000,-2.094962
1.800000,-0.650000,-2.162261
1.850000,-0.650000,-2.236062
1.900000,-0.650000,-2.317810
1.950000,-0.650000,-2.409659
2.000000,-0.650000,-2.515086
2.050000,-0.650000,-2.640439
2.100000,-0.650000,
2.150000,-0.650000,
2.200000,-0.650000,
2.250000,-0.650000,
2.300000,-0.650000,
2.350000,-0.650000,
2.400000,-0.650000,
2.450000,-0.650000,
2.500000,-0.650000,
2.550000,-0.650000,
2.600000,-0.650000,
2.650000,-0.650000,
2.700000,-0.650000,
2.750000,-0.650000,
2.800000,-0.650000,
2.850000,-0.650000,
2.900000,-0.650000,
2.950000,-0.650000,
3.000000,-0.650000,
3.050000,-0.650000,
3.100000,-0.650000,
3.150000,-0.650000,
3.200000,-0.650000,
3.250000,-0.650000,
3.300000,-0.650000,
3.350000,-0.650000,
3.400000,-0.650000,
3.450000,-0.650000,
3.500000,-0.650000,
-3.500000,-0.600000,
-3.450000,-0.600000,
-3.400000,-0.600000,
-3.350000,-0.600000,
-3.300000,-0.600000,
-3.250000,-0.600000,
-3.200000,-0.600000,
-3.150000,-0.600000,
-3.100000,-0.600000,
-3.050000,-0.600000,
-3.000000,-0.600000,
-2.950000,-0.600000,
-2.900000,-0.600000,
-2.850000,-0.600000,
-2.800000,-0.600000,
-2.750000,-0.600000,
-2.700000,-0.600000,
-2.650000,-0.600000,
-2.600000,-0.600000,
-2.550000,-0.600000,
-2.500000,-0.600000,-0.759647
-2.450000,-0.600000,-0.589482
-2.400000,-0.600000,-0.463406
-2.350000,-0.600000,-0.360150
-2.300000,-0.600000,-0.271675
-2.250000,-0.600000,-0.193887
-2.200000,-0.600000,-0.124365
-2.150000,-0.600000,-0.061530
-2.100000,-0.600000,-0.004286
-2.050000,-0.600000,0.048166
-2.000000,-0.600000,0.096428
-1.950000,-0.600000,0.140968
-1.900000,-0.600000,0.182159
-1.850000,-0.600000,0.220302
-1.800000,-0.600000,0.255643
-1.750000,-0.600000,0.288389
-1.700000,-0.600000,0.318712
-1.650000,-0.600000,0.346760
-1.600000,-0.600000,0.372658
-1.550000,-0.600000,0.396513
-1.500000,-0.600000,0.418419
-1.450000,-0.600000,0.438456
-1.400000,-0.600000,0.456693
-1.350000,-0.600000,0.473191
-1.300000,-0.600000,0.488002
-1.250000,-0.600000,0.501173
-1.200000,-0.600000,0.512740
-1.150000,-0.600000,0.522739
-1.100000,-0.600000,0.531196
-1.050000,-0.600000,0.538135
-1.000000,-0.600000,0.543574
-0.950000,-0.600000,0.547528
-0.900000,-0.600000,0.550007
-0.850000,-0.600000,0.551017
-0.800000,-0.600000,0.550561
-0.750000,-0.600000,0.548639
-0.700000,-0.600000,0.545244
-0.650000,-0.600000,0.540368
-0.600000,-0.600000,0.533999
-0.550000,-0.600000,0.526119
-0.500000,-0.600000,0.516707
-0.450000,-0.600000,0.505736
-0.400000,-0.600000,0.493177
-0.350000,-0.600000,0.478991
-0.300000,-0.600000,0.463137
-0.250000,-0.600000,0.445565
-0.200000,-0.600000,0.426217
-0.150000,-0.600000,0.405027
-0.100000,-0.600000,0.381920
-0.050000,-0.600000,0.356807
-0.000000,-0.600000,0.329586
0.050000,-0.600000,0.300140
0.100000,-0.600000,0.268329
0.150000,-0.600000,0.233992
0.200000,-0.600000,0.196936
0.250000,-0.600000,0.156931
0.300000,-0.600000,0.113698
0.350000,-0.600000,0.066893
0.400000,-0.600000,0.016090
0.450000,-0.600000,-0.039259
0.500000,-0.600000,-0.099869
0.550000,-0.600000,-0.166707
0.600000,-0.600000,-0.241139
0.650000,-0.600000,-0.325206
0.700000,-0.600000,-0.422218
0.750000,-0.600000,-0.538256
0.800000,-0.600000,-0.643182
0.850000,-0.600000,-0.641665
0.900000,-0.600000,-0.645034
0.950000,-0.600000,-0.653386
1.000000,-0.600000,-0.666978
1.050000,-0.600000,-0.686265
1.100000,-0.600000,-0.711991
1.150000,-0.600000,-0.745367
1.200000,-0.600000,-0.788479
1.250000,-0.600000,-0.845369
1.300000,-0.600000,-0.926098
1.350000,-0.600000,-1.092630
1.400000,-0.600000,-1.668621
1.450000,-0.600000,-1.788066
1.500000,-0.600000,-1.831119
1.550000,-0.600000,-1.877198
1.600000,-0.600000,-1.926607
1.650000,-0.600000,-1.979715
1.700000,-0.600000,-2.036982
1.750000,-0.600000,-2.098999
1.800000,-0.600000,-2.166534
1.850000,-0.600000,-2.240629
1.900000,-0.600000,-2.322754
1.950000,-0.600000,-2.415108
2.000000,-0.600000,-2.521259
2.050000,-0.600000,-2.647773
2.100000,-0.600000,
2.150000,-0.600000,
2.200000,-0.600000,
2.250000,-0.600000,
2.300000,-0.600000,
2.350000,-0.600000,
2.400000,-0.600000,
2.450000,-0.600000,
2.500000,-0.600000,
2.550000,-0.600000,
2.600000,-0.600000,
2.650000,-0.600000,
2.700000,-0.600000,
2.750000,-0.600000,
2.800000,-0.600000,
2.850000,-0.600000,
2.900000,-0.600000,
2.950000,-0.600000,
3.000000,-0.600000,
3.050000,-0.600000,
3.100000,-0.600000,
3.150000,-0.600000,
3.200000,-0.600000,
3.250000,-0.600000,
3.300000,-0.600000,
3.350000,-0.600000,
3.400000,-0.600000,
3.450000,-0.600000,
3.500000,-0.600000,
-3.500000,-0.550000,
-3.450000,-0.550000,
-3.400000,-0.550000,
-3.350000,-0.550000,
-3.300000,-0.550000,
-3.250000,-0.550000,
-3.200000,-0.550000,
-3.150000,-0.550000,
-3.100000,-0.550000,
-3.050000,-0.550000,
-3.000000,-0.550000,
-2.950000,-0.550000,
-2.900000,-0.550000,
-2.850000,-0.550000,
-2.800000,-0.550000,
-2.750000,-0.550000,
-2.700000,-0.550000,
-2.650000,-0.550000,
-2.600000,-0.550000,
-2.550000,-0.550000,
-2.500000,-0.550000,-0.833279
-2.450000,-0.550000,-0.638260
-2.400000,-0.550000,-0.502685
-2.350000,-0.550000,-0.394079
-2.300000,-0.550000,-0.302076
-2.250000,-0.550000,-0.221751
-2.200000,-0.550000,-0.150298
-2.150000,-0.550000,-0.085937
-2.100000,-0.550000,-0.027453
-2.050000,-0.550000,0.026028
-2.000000,-0.550000,0.075159
-1.950000,-0.550000,0.120443
-1.900000,-0.550000,0.162276
-1.850000,-0.550000,0.200977
-1.800000,-0.550000,0.236809
-1.750000,-0.550000,0.269988
-1.700000,-0.550000,0.300695
-1.650000,-0.550000,0.329084
-1.600000,-0.550000,0.355285
-1.550000,-0.550000,0.379410
-1.500000,-0.550000,0.401557
-1.450000,-0.550000,0.421808
-1.400000,-0.550000,0.440235
-1.350000,-0.550000,0.456902
-1.300000,-0.550000,0.471861
-1.250000,-0.550000,0.485161
-1.200000,-0.550000,0.496841
-1.150000,-0.550000,0.506935
-1.100000,-0.550000,0.515472
-1.050000,-0.550000,0.522476
-1.000000,-0.550000,0.527966
-0.950000,-0.550000,0.531956
-0.900000,-0.550000,0.534458
-0.850000,-0.550000,0.535478
-0.800000,-0.550000,0.535018
-0.750000,-0.550000,0.533078
-0.700000,-0.550000,0.529652
-0.650000,-0.550000,0.524731
-0.600000,-0.550000,0.518302
-0.550000,-0.550000,0.510347
-0.500000,-0.550000,0.500846
-0.450000,-0.550000,0.489769
-0.400000,-0.550000,0.477087
-0.350000,-0.550000,0.462760
-0.300000,-0.550000,0.446746
-0.250000,-0.550000,0.428991
-0.200000,-0.550000,0.409438
-0.150000,-0.550000,0.388018
-0.100000,-0.550000,0.364652
-0.050000,-0.550000,0.339249
-0.000000,-0.550000,0.311703
0.050000,-0.550000,0.281890
0.100000,-0.550000,0.249666
0.150000,-0.550000,0.214861
0.200000,-0.550000,0.177273
0.250000,-0.550000,0.136659
0.300000,-0.550000,0.092723
0.350000,-0.550000,0.045101
0.400000,-0.550000,-0.006666
0.450000,-0.550000,-0.063169
0.500000,-0.550000,-0.125185
0.550000,-0.550000,-0.193782
0.600000,-0.550000,-0.270489
0.650000,-0.550000,-0.357646
0.700000,-0.550000,-0.459167
0.750000,-0.550000,-0.504441
0.800000,-0.550000,-0.499422
0.850000,-0.550000,-0.498237
0.900000,-0.550000,-0.500867
0.950000,-0.550000,-0.507357
1.000000,-0.550000,-0.517825
1.050000,-0.550000,-0.532472
1.100000,-0.550000,-0.551603
1.150000,-0.550000,-0.575661
1.200000,-0.550000,-0.605294
1.250000,-0.550000,-0.641466
1.300000,-0.550000,-0.685686
1.350000,-0.550000,-0.740525
1.400000,-0.550000,-0.811026
1.450000,-0.550000,-0.910385
1.500000,-0.550000,-1.836126
1.550000,-0.550000,-1.882367
1.600000,-0.550000,-1.931960
1.650000,-0.550000,-1.985282
1.700000,-0.550000,-2.042801
1.750000,-0.550000,-2.105116
1.800000,-0.550000,-2.173013
1.850000,-0.550000,-2.247558
1.900000,-0.550000,-2.330261
1.950000,-0.550000,-2.423394
2.000000,-0.550000,-2.530667
2.050000,-0.550000,-2.658997
2.100000,-0.550000,
2.150000,-0.550000,
2.200000,-0.550000,
2.250000,-0.550000,
2.300000,-0.550000,
2.350000,-0.550000,
2.400000,-0.550000,
2.450000,-0.550000,
2.500000,-0.550000,
2.550000,-0.550000,
2.600000,-0.550000,
2.650000,-0.550000,
2.700000,-0.550000,
2.750000,-0.550000,
2.800000,-0.550000,
2.850000,-0.550000,
2.900000,-0.550000,
2.950000,-0.550000,
3.000000,-0.550000,
3.050000,-0.550000,
3.100000,-0.550000,
3.150000,-0.550000,
3.200000,-0.550000,
3.250000,-0.550000,
3.300000,-0.550000,
3.350000,-0.550000,
3.400000,-0.550000,
3.450000,-0.550000,
3.500000,-0.550000,
-3.500000,-0.500000,
-3.450000,-0.500000,
-3.400000,-0.500000,
-3.350000,-0.500000,
-3.300000,-0.500000,
-3.250000,-0.500000,
-3.200000,-0.500000,
-3.150000,-0.500000,
-3.100000,-0.500000,
-3.050000,-0.500000,
-3.000000,-0.500000,
-2.950000,-0.500000,
-2.900000,-0.500000,
-2.850000,-0.500000,
-2.800000,-0.500000,
-2.750000,-0.500000,
-2.700000,-0.500000,
-2.650000,-0.500000,
-2.600000,-0.500000,
-2.550000,-0.500000,
-2.500000,-0.500000,-0.941242
-2.450000,-0.500000,-0.697587
-2.400000,-0.500000,-0.548596
-2.350000,-0.500000,-0.433049
-2.300000,-0.500000,-0.336652
-2.250000,-0.500000,-0.253240
-2.200000,-0.500000,-0.179478
-2.150000,-0.500000,-0.113313
-2.100000,-0.500000,-0.053374
-2.050000,-0.500000,0.001307
-2.000000,-0.500000,0.051445
-1.950000,-0.500000,0.097586
-1.900000,-0.500000,0.140158
-1.850000,-0.500000,0.179501
-1.800000,-0.500000,0.215895
-1.750000,-0.500000,0.249568
-1.700000,-0.500000,0.280712
-1.650000,-0.500000,0.309488
-1.600000,-0.500000,0.336033
-1.550000,-0.500000,0.360465
-1.500000,-0.500000,0.382885
-1.450000,-0.500000,0.403378
-1.400000,-0.500000,0.422021
-1.350000,-0.500000,0.438878
-1.300000,-0.500000,0.454006
-1.250000,-0.500000,0.467452
-1.200000,-0.500000,0.479258
-1.150000,-0.500000,0.489460
-1.100000,-0.500000,0.498088
-1.050000,-0.500000,0.505165
-1.000000,-0.500000,0.510712
-0.950000,-0.500000,0.514743
-0.900000,-0.500000,0.517271
-0.850000,-0.500000,0.518301
-0.800000,-0.500000,0.517836
-0.750000,-0.500000,0.515876
-0.700000,-0.500000,0.512415
-0.650000,-0.500000,0.507443
-0.600000,-0.500000,0.500947
-0.550000,-0.500000,0.492909
-0.500000,-0.500000,0.483306
-0.450000,-0.500000,0.472110
-0.400000,-0.500000,0.459289
-0.350000,-0.500000,0.444803
-0.300000,-0.500000,0.428607
-0.250000,-0.500000,0.410647
-0.200000,-0.500000,0.390862
-0.150000,-0.500000,0.369181
-0.100000,-0.500000,0.345521
-0.050000,-0.500000,0.319788
-0.000000,-0.500000,0.291871
0.050000,-0.500000,0.261641
0.100000,-0.500000,0.228946
0.150000,-0.500000,0.193606
0.200000,-0.500000,0.155409
0.250000,-0.500000,0.114095
0.300000,-0.500000,0.069350
0.350000,-0.500000,0.020781
0.400000,-0.500000,-0.032107
0.450000,-0.500000,-0.089959
0.500000,-0.500000,-0.153633
0.550000,-0.500000,-0.224325
0.600000,-0.500000,-0.303781
0.650000,-0.500000,-0.394745
0.700000,-0.500000,-0.397052
0.750000,-0.500000,-0.389467
0.800000,-0.500000,-0.385197
0.850000,-0.500000,-0.384188
0.900000,-0.500000,-0.386427
0.950000,-0.500000,-0.391943
1.000000,-0.500000,-0.400807
1.050000,-0.500000,-0.413140
1.100000,-0.500000,-0.429118
1.150000,-0.500000,-0.448989
1.200000,-0.500000,-0.473093
1.250000,-0.500000,-0.501899
1.300000,-0.500000,-0.536063
1.350000,-0.500000,-0.576535
1.400000,-0.500000,-0.624756
1.450000,-0.500000,-0.683098
1.500000,-0.500000,-0.755977
1.550000,-0.500000,-0.853772
1.600000,-0.500000,-1.023734
1.650000,-0.500000,-1.992764
1.700000,-0.500000,-2.050623
1.750000,-0.500000,-2.113344
1.800000,-0.500000,-2.181735
1.850000,-0.500000,-2.256895
1.900000,-0.500000,-2.340391
1.950000,-0.500000,-2.434596
2.000000,-0.500000,-2.543429
2.050000,-0.500000,-2.674314
2.100000,-0.500000,
2.150000,-0.500000,
2.200000,-0.500000,
2.250000,-0.500000,
2.300000,-0.500000,
2.350000,-0.500000,
2.400000,-0.500000,
2.450000,-0.500000,
2.500000,-0.500000,
2.550000,-0.500000,
2.600000,-0.500000,
2.650000,-0.500000,
2.700000,-0.500000,
2.750000,-0.500000,
2.800000,-0.500000,
2.850000,-0.500000,
2.900000,-0.500000,
2.950000,-0.500000,
3.000000,-0.500000,
3.050000,-0.500000,
3.100000,-0.500000,
3.150000,-0.500000,
3.200000,-0.500000,
3.250000,-0.500000,
3.300000,-0.500000,
3.350000,-0.500000,
3.400000,-0.500000,
3.450000,-0.500000,
3.500000,-0.500000,
-3.500000,-0.450000,
-3.450000,-0.450000,
-3.400000,-0.450000,
-3.350000,-0.450000,
-3.300000,-0.450000,
-3.250000,-0.450000,
-3.200000,-0.450000,
-3.150000,-0.450000,
-3.100000,-0.450000,
-3.050000,-0.450000,
-3.000000,-0.450000,
-2.950000,-0.450000,
-2.900000,-0.450000,
-2.850000,-0.450000,
-2.800000,-0.450000,
-2.750000,-0.450000,
-2.700000,-0.450000,
-2.650000,-0.450000,
-2.600000,-0.450000,
-2.550000,-0.450000,
-2.500000,-0.450000,
-2.450000,-0.450000,-0.772343
-2.400000,-0.450000,-0.602792
-2.350000,-0.450000,-0.477930
-2.300000,-0.450000,-0.375958
-2.250000,-0.450000,-0.288753
-2.200000,-0.450000,-0.212207
-2.150000,-0.450000,-0.143897
-2.100000,-0.450000,-0.082248
-2.050000,-0.450000,-0.026167
-2.000000,-0.450000,0.025139
-1.950000,-0.450000,0.072269
-1.900000,-0.450000,0.115690
-1.850000,-0.450000,0.155768
-1.800000,-0.450000,0.192803
-1.750000,-0.450000,0.227038
-1.700000,-0.450000,0.258679
-1.650000,-0.450000,0.287894
-1.600000,-0.450000,0.314830
-1.550000,-0.450000,0.339609
-1.500000,-0.450000,0.362336
-1.450000,-0.450000,0.383103
-1.400000,-0.450000,0.401989
-1.350000,-0.450000,0.419061
-1.300000,-0.450000,0.434377
-1.250000,-0.450000,0.447988
-1.200000,-0.450000,0.459937
-1.150000,-0.450000,0.470260
-1.100000,-0.450000,0.478989
-1.050000,-0.450000,0.486148
-1.000000,-0.450000,0.491759
-0.950000,-0.450000,0.495837
-0.900000,-0.450000,0.498393
-0.850000,-0.450000,0.499435
-0.800000,-0.450000,0.498966
-0.750000,-0.450000,0.496983
-0.700000,-0.450000,0.493482
-0.650000,-0.450000,0.488453
-0.600000,-0.450000,0.481881
-0.550000,-0.450000,0.473749
-0.500000,-0.450000,0.464032
-0.450000,-0.450000,0.452703
-0.400000,-0.450000,0.439725
-0.350000,-0.450000,0.425060
-0.300000,-0.450000,0.408659
-0.250000,-0.450000,0.390467
-0.200000,-0.450000,0.370421
-0.150000,-0.450000,0.348445
-0.100000,-0.450000,0.324454
-0.050000,-0.450000,0.298348
-0.000000,-0.450000,0.270011
0.050000,-0.450000,0.239306
0.100000,-0.450000,0.206075
0.150000,-0.450000,0.170126
0.200000,-0.450000,0.131231
0.250000,-0.450000,0.089114
0.300000,-0.450000,0.043436
0.350000,-0.450000,-0.006228
0.400000,-0.450000,-0.060420
0.450000,-0.450000,-0.119853
0.500000,-0.450000,-0.185489
0.550000,-0.450000,-0.258690
0.600000,-0.450000,-0.321827
0.650000,-0.450000,-0.308989
0.700000,-0.450000,-0.299259
0.750000,-0.450000,-0.292533
0.800000,-0.450000,-0.288741
0.850000,-0.450000,-0.287844
0.900000,-0.450000,-0.289834
0.950000,-0.450000,-0.294730
1.000000,-0.450000,-0.302583
1.050000,-0.450000,-0.313474
1.100000,-0.450000,-0.327525
1.150000,-0.450000,-0.344900
1.200000,-0.450000,-0.365818
1.250000,-0.450000,-0.390570
1.300000,-0.450000,-0.419543
1.350000,-0.450000,-0.453260
1.400000,-0.450000,-0.492445
1.450000,-0.450000,-0.538140
1.500000,-0.450000,-0.591927
1.550000,-0.450000,-0.656420
1.600000,-0.450000,-0.736542
1.650000,-0.450000,-0.844158
1.700000,-0.450000,-1.040519
1.750000,-0.450000,-2.123729
1.800000,-0.450000,-2.192753
1.850000,-0.450000,-2.268705
1.900000,-0.450000,-2.353227
1.950000,-0.450000,-2.448829
2.000000,-0.450000,-2.559713
2.050000,-0.450000,-2.694028
2.100000,-0.450000,
2.150000,-0.450000,
2.200000,-0.450000,
2.250000,-0.450000,
2.300000,-0.450000,
2.350000,-0.450000,
2.400000,-0.450000,
2.450000,-0.450000,
2.500000,-0.450000,
2.550000,-0.450000,
2.600000,-0.450000,
2.650000,-0.450000,
2.700000,-0.450000,
2.750000,-0.450000,
2.800000,-0.450000,
2.850000,-0.450000,
2.900000,-0.450000,
2.950000,-0.450000,
3.000000,-0.450000,
3.050000,-0.450000,
3.100000,-0.450000,
3.150000,-0.450000,
3.200000,-0.450000,
3.250000,-0.450000,
3.300000,-0.450000,
3.350000,-0.450000,
3.400000,-0.450000,
3.450000,-0.450000,
3.500000,-0.450000,
-3.500000,-0.400000,
-3.450000,-0.400000,
-3.400000,-0.400000,
-3.350000,-0.400000,
-3.300000,-0.400000,
-3.250000,-0.400000,
-3.200000,-0.400000,
-3.150000,-0.400000,
-3.100000,-0.400000,
-3.050000,-0.400000,
-3.000000,-0.400000,
-2.950000,-0.400000,
-2.900000,-0.400000,
-2.850000,-0.400000,
-2.800000,-0.400000,
-2.750000,-0.400000,
-2.700000,-0.400000,
-2.650000,-0.400000,
-2.600000,-0.400000,
-2.550000,-0.400000,
-2.500000,-0.400000,
-2.450000,-0.400000,-0.874614
-2.400000,-0.400000,-0.668033
-2.350000,-0.400000,-0.529994
-2.300000,-0.400000,-0.420754
-2.250000,-0.400000,-0.328806
-2.200000,-0.400000,-0.248870
-2.150000,-0.400000,-0.177993
-2.100000,-0.400000,-0.114321
-2.050000,-0.400000,-0.056602
-2.000000,-0.400000,-0.003938
-1.950000,-0.400000,0.044336
-1.900000,-0.400000,0.088732
-1.850000,-0.400000,0.129652
-1.800000,-0.400000,0.167418
-1.750000,-0.400000,0.202294
-1.700000,-0.400000,0.234498
-1.650000,-0.400000,0.264212
-1.600000,-0.400000,0.291589
-1.550000,-0.400000,0.316759
-1.500000,-0.400000,0.339834
-1.450000,-0.400000,0.360909
-1.400000,-0.400000,0.380068
-1.350000,-0.400000,0.397381
-1.300000,-0.400000,0.412909
-1.250000,-0.400000,0.426704
-1.200000,-0.400000,0.438813
-1.150000,-0.400000,0.449272
-1.100000,-0.400000,0.458114
-1.050000,-0.400000,0.465366
-1.000000,-0.400000,0.471049
-0.950000,-0.400000,0.475179
-0.900000,-0.400000,0.477767
-0.850000,-0.400000,0.478822
-0.800000,-0.400000,0.478347
-0.750000,-0.400000,0.476339
-0.700000,-0.400000,0.472793
-0.650000,-0.400000,0.467700
-0.600000,-0.400000,0.461044
-0.550000,-0.400000,0.452807
-0.500000,-0.400000,0.442963
-0.450000,-0.400000,0.431482
-0.400000,-0.400000,0.418330
-0.350000,-0.400000,0.403464
-0.300000,-0.400000,0.386833
-0.250000,-0.400000,0.368380
-0.200000,-0.400000,0.348039
-0.150000,-0.400000,0.325731
-0.100000,-0.400000,0.301366
-0.050000,-0.400000,0.274839
-0.000000,-0.400000,0.246026
0.050000,-0.400000,0.214784
0.100000,-0.400000,0.180943
0.150000,-0.400000,0.144298
0.200000,-0.400000,0.104606
0.250000,-0.400000,0.061568
0.300000,-0.400000,0.014815
0.350000,-0.400000,-0.036119
0.400000,-0.400000,-0.091835
0.450000,-0.400000,-0.153130
0.500000,-0.400000,-0.221102
0.550000,-0.400000,-0.249229
0.600000,-0.400000,-0.234684
0.650000,-0.400000,-0.223046
0.700000,-0.400000,-0.214204
0.750000,-0.400000,-0.208083
0.800000,-0.400000,-0.204628
0.850000,-0.400000,-0.203810
0.900000,-0.400000,-0.205624
0.950000,-0.400000,-0.210083
1.000000,-0.400000,-0.217226
1.050000,-0.400000,-0.227116
1.100000,-0.400000,-0.239839
1.150000,-0.400000,-0.255518
1.200000,-0.400000,-0.274310
1.250000,-0.400000,-0.296419
1.300000,-0.400000,-0.322110
1.350000,-0.400000,-0.351726
1.400000,-0.400000,-0.385721
1.450000,-0.400000,-0.424705
1.500000,-0.400000,-0.469531
1.550000,-0.400000,-0.521436
1.600000,-0.400000,-0.582343
1.650000,-0.400000,-0.655537
1.700000,-0.400000,-0.747588
1.750000,-0.400000,-0.876627
1.800000,-0.400000,-2.206135
1.850000,-0.400000,-2.283072
1.900000,-0.400000,-2.368879
1.950000,-0.400000,-2.466245
2.000000,-0.400000,-2.579755
2.050000,-0.400000,-2.718576
2.100000,-0.400000,
2.150000,-0.400000,
2.200000,-0.400000,
2.250000,-0.400000,
2.300000,-0.400000,
2.350000,-0.400000,
2.400000,-0.400000,
2.450000,-0.400000,
2.500000,-0.400000,
2.550000,-0.400000,
2.600000,-0.400000,
2.650000,-0.400000,
2.700000,-0.400000,
2.750000,-0.400000,
2.800000,-0.400000,
2.850000,-0.400000,
2.900000,-0.400000,
2.950000,-0.400000,
3.000000,-0.400000,
3.050000,-0.400000,
3.100000,-0.400000,
3.150000,-0.400000,
3.200000,-0.400000,
3.250000,-0.400000,
3.300000,-0.400000,
3.350000,-0.400000,
3.400000,-0.400000,
3.450000,-0.400000,
3.500000,-0.400000,
-3.500000,-0.350000,
-3.450000,-0.350000,
-3.400000,-0.350000,
-3.350000,-0.350000,
-3.300000,-0.350000,
-3.250000,-0.350000,
-3.200000,-0.350000,
-3.150000,-0.350000,
-3.100000,-0.350000,
-3.050000,-0.350000,
-3.000000,-0.350000,
-2.950000,-0.350000,
-2.900000,-0.350000,
-2.850000,-0.350000,
-2.800000,-0.350000,
-2.750000,-0.350000,
-2.700000,-0.350000,
-2.650000,-0.350000,
-2.600000,-0.350000,
-2.550000,-0.350000,
-2.500000,-0.350000,
-2.450000,-0.350000,-1.079040
-2.400000,-0.350000,-0.749618
-2.350000,-0.350000,-0.591229
-2.300000,-0.350000,-0.472119
-2.250000,-0.350000,-0.374098
-2.200000,-0.350000,-0.289966
-2.150000,-0.350000,-0.215981
-2.100000,-0.350000,-0.149900
-2.050000,-0.350000,-0.090249
-2.000000,-0.350000,-0.036001
-1.950000,-0.350000,0.013599
-1.900000,-0.350000,0.059119
-1.850000,-0.350000,0.101004
-1.800000,-0.350000,0.139607
-1.750000,-0.350000,0.175213
-1.700000,-0.350000,0.208057
-1.650000,-0.350000,0.238334
-1.600000,-0.350000,0.266209
-1.550000,-0.350000,0.291821
-1.500000,-0.350000,0.315288
-1.450000,-0.350000,0.336710
-1.400000,-0.350000,0.356176
-1.350000,-0.350000,0.373759
-1.300000,-0.350000,0.389525
-1.250000,-0.350000,0.403527
-1.200000,-0.350000,0.415814
-1.150000,-0.350000,0.426426
-1.100000,-0.350000,0.435395
-1.050000,-0.350000,0.442750
-1.000000,-0.350000,0.448513
-0.950000,-0.350000,0.452701
-0.900000,-0.350000,0.455326
-0.850000,-0.350000,0.456395
-0.800000,-0.350000,0.455913
-0.750000,-0.350000,0.453877
-0.700000,-0.350000,0.450282
-0.650000,-0.350000,0.445117
-0.600000,-0.350000,0.438367
-0.550000,-0.350000,0.430011
-0.500000,-0.350000,0.420025
-0.450000,-0.350000,0.408376
-0.400000,-0.350000,0.395028
-0.350000,-0.350000,0.379936
-0.300000,-0.350000,0.363047
-0.250000,-0.350000,0.344302
-0.200000,-0.350000,0.323629
-0.150000,-0.350000,0.300947
-0.100000,-0.350000,0.276160
-0.050000,-0.350000,0.249157
-0.000000,-0.350000,0.219806
0.050000,-0.350000,0.187954
0.100000,-0.350000,0.153419
0.150000,-0.350000,0.115981
0.200000,-0.350000,0.075375
0.250000,-0.350000,0.031277
0.300000,-0.350000,-0.016720
0.350000,-0.350000,-0.069132
0.400000,-0.350000,-0.126635
0.450000,-0.350000,-0.190138
0.500000,-0.350000,-0.187186
0.550000,-0.350000,-0.171017
0.600000,-0.350000,-0.157613
0.650000,-0.350000,-0.146863
0.700000,-0.350000,-0.138685
0.750000,-0.350000,-0.133015
0.800000,-0.350000,-0.129813
0.850000,-0.350000,-0.129056
0.900000,-0.350000,-0.130737
0.950000,-0.350000,-0.134869
1.000000,-0.350000,-0.141482
1.050000,-0.350000,-0.150624
1.100000,-0.350000,-0.162367
1.150000,-0.350000,-0.176803
1.200000,-0.350000,-0.194054
1.250000,-0.350000,-0.214275
1.300000,-0.350000,-0.237662
1.350000,-0.350000,-0.264465
1.400000,-0.350000,-0.295002
1.450000,-0.350000,-0.329689
1.500000,-0.350000,-0.369075
1.550000,-0.350000,-0.413909
1.600000,-0.350000,-0.465253
1.650000,-0.350000,-0.524696
1.700000,-0.350000,-0.594811
1.750000,-0.350000,-0.680305
1.800000,-0.350000,-0.791889
1.850000,-0.350000,-0.972412
1.900000,-0.350000,-2.387490
1.950000,-0.350000,-2.487045
2.000000,-0.350000,-2.603873
2.050000,-0.350000,-2.748588
2.100000,-0.350000,
2.150000,-0.350000,
2.200000,-0.350000,
2.250000,-0.350000,
2.300000,-0.350000,
2.350000,-0.350000,
2.400000,-0.350000,
2.450000,-0.350000,
2.500000,-0.350000,
2.550000,-0.350000,
2.600000,-0.350000,
2.650000,-0.350000,
2.700000,-0.350000,
2.750000,-0.350000,
2.800000,-0.350000,
2.850000,-0.350000,
2.900000,-0.350000,
2.950000,-0.350000,
3.000000,-0.350000,
3.050000,-0.350000,
3.100000,-0.350000,
3.150000,-0.350000,
3.200000,-0.350000,
3.250000,-0.350000,
3.300000,-0.350000,
3.350000,-0.350000,
3.400000,-0.350000,
3.450000,-0.350000,
3.500000,-0.350000,
-3.500000,-0.300000,
-3.450000,-0.300000,
-3.400000,-0.300000,
-3.350000,-0.300000,
-3.300000,-0.300000,
-3.250000,-0.300000,
-3.200000,-0.300000,
-3.150000,-0.300000,
-3.100000,-0.300000,
-3.050000,-0.300000,
-3.000000,-0.300000,
-2.950000,-0.300000,
-2.900000,-0.300000,
-2.850000,-0.300000,
-2.800000,-0.300000,
-2.750000,-0.300000,
-2.700000,-0.300000,
-2.650000,-0.300000,
-2.600000,-0.300000,
-2.550000,-0.300000,
-2.500000,-0.300000,
-2.450000,-0.300000,
-2.400000,-0.300000,-0.860855
-2.350000,-0.300000,-0.665063
-2.300000,-0.300000,-0.531677
-2.250000,-0.300000,-0.425606
-2.200000,-0.300000,-0.336163
-2.150000,-0.300000,-0.258357
-2.100000,-0.300000,-0.189371
-2.050000,-0.300000,-0.127426
-2.000000,-0.300000,-0.071315
-1.950000,-0.300000,-0.020170
-1.900000,-0.300000,0.026652
-1.850000,-0.300000,0.069648
-1.800000,-0.300000,0.109208
-1.750000,-0.300000,0.145647
-1.700000,-0.300000,0.179219
-1.650000,-0.300000,0.210136
-1.600000,-0.300000,0.238576
-1.550000,-0.300000,0.264686
-1.500000,-0.300000,0.288594
-1.450000,-0.300000,0.310407
-1.400000,-0.300000,0.330217
-1.350000,-0.300000,0.348104
-1.300000,-0.300000,0.364136
-1.250000,-0.300000,0.378371
-1.200000,-0.300000,0.390858
-1.150000,-0.300000,0.401639
-1.100000,-0.300000,0.410751
-1.050000,-0.300000,0.418221
-1.000000,-0.300000,0.424073
-0.950000,-0.300000,0.428325
-0.900000,-0.300000,0.430991
-0.850000,-0.300000,0.432077
-0.800000,-0.300000,0.431587
-0.750000,-0.300000,0.429520
-0.700000,-0.300000,0.425870
-0.650000,-0.300000,0.420625
-0.600000,-0.300000,0.413769
-0.550000,-0.300000,0.405282
-0.500000,-0.300000,0.395136
-0.450000,-0.300000,0.383299
-0.400000,-0.300000,0.369731
-0.350000,-0.300000,0.354386
-0.300000,-0.300000,0.337208
-0.250000,-0.300000,0.318134
-0.200000,-0.300000,0.297089
-0.150000,-0.300000,0.273986
-0.100000,-0.300000,0.248723
-0.050000,-0.300000,0.221181
-0.000000,-0.300000,0.191220
0.050000,-0.300000,0.158675
0.100000,-0.300000,0.123349
0.150000,-0.300000,0.085003
0.200000,-0.300000,0.043348
0.250000,-0.300000,-0.001974
0.300000,-0.300000,-0.051416
0.350000,-0.300000,-0.105560
0.400000,-0.300000,-0.154330
0.450000,-0.300000,-0.133775
0.500000,-0.300000,-0.116029
0.550000,-0.300000,-0.100950
0.600000,-0.300000,-0.088426
0.650000,-0.300000,-0.078368
0.700000,-0.300000,-0.070706
0.750000,-0.300000,-0.065390
0.800000,-0.300000,-0.062386
0.850000,-0.300000,-0.061675
0.900000,-0.300000,-0.063252
0.950000,-0.300000,-0.067128
1.000000,-0.300000,-0.073327
1.050000,-0.300000,-0.081889
1.100000,-0.300000,-0.092871
1.150000,-0.300000,-0.106350
1.200000,-0.300000,-0.122423
1.250000,-0.300000,-0.141214
1.300000,-0.300000,-0.162877
1.350000,-0.300000,-0.187605
1.400000,-0.300000,-0.215640
1.450000,-0.300000,-0.247288
1.500000,-0.300000,-0.282944
1.550000,-0.300000,-0.323122
1.600000,-0.300000,-0.368515
1.650000,-0.300000,-0.420089
1.700000,-0.300000,-0.479258
1.750000,-0.300000,-0.548241
1.800000,-0.300000,-0.630901
1.850000,-0.300000,-0.735242
1.900000,-0.300000,-0.885377
1.950000,-0.300000,-2.511492
2.000000,-0.300000,-2.632500
2.050000,-0.300000,-2.784993
2.100000,-0.300000,
2.150000,-0.300000,
2.200000,-0.300000,
2.250000,-0.300000,
2.300000,-0.300000,
2.350000,-0.300000,
2.400000,-0.300000,
2.450000,-0.300000,
2.500000,-0.300000,
2.550000,-0.300000,
2.600000,-0.300000,
2.650000,-0.300000,
2.700000,-0.300000,
2.750000,-0.300000,
2.800000,-0.300000,
2.850000,-0.300000,
2.900000,-0.300000,
2.950000,-0.300000,
3.000000,-0.300000,
3.050000,-0.300000,
3.100000,-0.300000,
3.150000,-0.300000,
3.200000,-0.300000,
3.250000,-0.300000,
3.300000,-0.300000,
3.350000,-0.300000,
3.400000,-0.300000,
3.450000,-0.300000,
3.500000,-0.300000,
-3.500000,-0.250000,
-3.450000,-0.250000,
-3.400000,-0.250000,
-3.350000,-0.250000,
-3.300000,-0.250000,
-3.250000,-0.250000,
-3.200000,-0.250000,
-3.150000,-0.250000,
-3.100000,-0.250000,
-3.050000,-0.250000,
-3.000000,-0.250000,
-2.950000,-0.250000,
-2.900000,-0.250000,
-2.850000,-0.250000,
-2.800000,-0.250000,
-2.750000,-0.250000,
-2.700000,-0.250000,
-2.650000,-0.250000,
-2.600000,-0.250000,
-2.550000,-0.250000,
-2.500000,-0.250000,
-2.450000,-0.250000,
-2.400000,-0.250000,-1.094466
-2.350000,-0.250000,-0.758476
-2.300000,-0.250000,-0.602068
-2.250000,-0.250000,-0.484760
-2.200000,-0.250000,-0.388382
-2.150000,-0.250000,-0.305778
-2.100000,-0.250000,-0.233235
-2.050000,-0.250000,-0.168532
-2.000000,-0.250000,-0.110210
-1.950000,-0.250000,-0.057251
-1.900000,-0.250000,-0.008913
-1.850000,-0.250000,0.035368
-1.800000,-0.250000,0.076031
-1.750000,-0.250000,0.113423
-1.700000,-0.250000,0.147826
-1.650000,-0.250000,0.179471
-1.600000,-0.250000,0.208550
-1.550000,-0.250000,0.235225
-1.500000,-0.250000,0.259631
-1.450000,-0.250000,0.281883
-1.400000,-0.250000,0.302082
-1.350000,-0.250000,0.320310
-1.300000,-0.250000,0.336641
-1.250000,-0.250000,0.351135
-1.200000,-0.250000,0.363846
-1.150000,-0.250000,0.374818
-1.100000,-0.250000,0.384088
-1.050000,-0.250000,0.391687
-1.000000,-0.250000,0.397640
-0.950000,-0.250000,0.401964
-0.900000,-0.250000,0.404674
-0.850000,-0.250000,0.405779
-0.800000,-0.250000,0.405281
-0.750000,-0.250000,0.403179
-0.700000,-0.250000,0.399467
-0.650000,-0.250000,0.394132
-0.600000,-0.250000,0.387159
-0.550000,-0.250000,0.378524
-0.500000,-0.250000,0.368200
-0.450000,-0.250000,0.356152
-0.400000,-0.250000,0.342338
-0.350000,-0.250000,0.326709
-0.300000,-0.250000,0.309207
-0.250000,-0.250000,0.289763
-0.200000,-0.250000,0.268299
-0.150000,-0.250000,0.244720
-0.100000,-0.250000,0.218919
-0.050000,-0.250000,0.190767
-0.000000,-0.250000,0.160114
0.050000,-0.250000,0.126779
0.100000,-0.250000,0.090548
0.150000,-0.250000,0.051160
0.200000,-0.250000,0.008294
0.250000,-0.250000,-0.038451
0.300000,-0.250000,-0.089585
0.350000,-0.250000,-0.109737
0.400000,-0.250000,-0.087696
0.450000,-0.250000,-0.068401
0.500000,-0.250000,-0.051706
0.550000,-0.250000,-0.037495
0.600000,-0.250000,-0.025675
0.650000,-0.250000,-0.016171
0.700000,-0.250000,-0.008924
0.750000,-0.250000,-0.003894
0.800000,-0.250000,-0.001050
0.850000,-0.250000,-0.000377
0.900000,-0.250000,-0.001870
0.950000,-0.250000,-0.005539
1.000000,-0.250000,-0.011404
1.050000,-0.250000,-0.019499
1.100000,-0.250000,-0.029872
1.150000,-0.250000,-0.042587
1.200000,-0.250000,-0.057725
1.250000,-0.250000,-0.075389
1.300000,-0.250000,-0.095705
1.350000,-0.250000,-0.118828
1.400000,-0.250000,-0.144952
1.450000,-0.250000,-0.174317
1.500000,-0.250000,-0.207223
1.550000,-0.250000,-0.244054
1.600000,-0.250000,-0.285309
1.650000,-0.250000,-0.331654
1.700000,-0.250000,-0.384004
1.750000,-0.250000,-0.443687
1.800000,-0.250000,-0.512742
1.850000,-0.250000,-0.594625
1.900000,-0.250000,-0.696156
1.950000,-0.250000,-0.835561
2.000000,-0.250000,-2.666233
2.050000,-0.250000,
2.100000,-0.250000,
2.150000,-0.250000,
2.200000,-0.250000,
2.250000,-0.250000,
2.300000,-0.250000,
2.350000,-0.250000,
2.400000,-0.250000,
2.450000,-0.250000,
2.500000,-0.250000,
2.550000,-0.250000,
2.600000,-0.250000,
2.650000,-0.250000,
2.700000,-0.250000,
2.750000,-0.250000,
2.800000,-0.250000,
2.850000,-0.250000,
2.900000,-0.250000,
2.950000,-0.250000,
3.000000,-0.250000,
3.050000,-0.250000,
3.100000,-0.250000,
3.150000,-0.250000,
3.200000,-0.250000,
3.250000,-0.250000,
3.300000,-0.250000,
3.350000,-0.250000,
3.400000,-0.250000,
3.450000,-0.250000,
3.500000,-0.250000,
-3.500000,-0.200000,
-3.450000,-0.200000,
-3.400000,-0.200000,
-3.350000,-0.200000,
-3.300000,-0.200000,
-3.250000,-0.200000,
-3.200000,-0.200000,
-3.150000,-0.200000,
-3.100000,-0.200000,
-3.050000,-0.200000,
-3.000000,-0.200000,
-2.950000,-0.200000,
-2.900000,-0.200000,
-2.850000,-0.200000,
-2.800000,-0.200000,
-2.750000,-0.200000,
-2.700000,-0.200000,
-2.650000,-0.200000,
-2.600000,-0.200000,
-2.550000,-0.200000,
-2.500000,-0.200000,
-2.450000,-0.200000,
-2.400000,-0.200000,
-2.350000,-0.200000,-0.891541
-2.300000,-0.200000,-0.688171
-2.250000,-0.200000,-0.553814
-2.200000,-0.200000,-0.447958
-2.150000,-0.200000,-0.359144
-2.100000,-0.200000,-0.282154
-2.050000,-0.200000,-0.214080
-2.000000,-0.200000,-0.153103
-1.950000,-0.200000,-0.097993
-1.900000,-0.200000,-0.047874
-1.850000,-0.200000,-0.002095
-1.800000,-0.200000,0.039844
-1.750000,-0.200000,0.078334
-1.700000,-0.200000,0.113688
-1.650000,-0.200000,0.146164
-1.600000,-0.200000,0.175971
-1.550000,-0.200000,0.203286
-1.500000,-0.200000,0.228255
-1.450000,-0.200000,0.251005
-1.400000,-0.200000,0.271641
-1.350000,-0.200000,0.290253
-1.300000,-0.200000,0.306919
-1.250000,-0.200000,0.321706
-1.200000,-0.200000,0.334668
-1.150000,-0.200000,0.345853
-1.100000,-0.200000,0.355301
-1.050000,-0.200000,0.363044
-1.000000,-0.200000,0.369108
-0.950000,-0.200000,0.373514
-0.900000,-0.200000,0.376274
-0.850000,-0.200000,0.377399
-0.800000,-0.200000,0.376892
-0.750000,-0.200000,0.374751
-0.700000,-0.200000,0.370970
-0.650000,-0.200000,0.365535
-0.600000,-0.200000,0.358430
-0.550000,-0.200000,0.349631
-0.500000,-0.200000,0.339107
-0.450000,-0.200000,0.326822
-0.400000,-0.200000,0.312732
-0.350000,-0.200000,0.296784
-0.300000,-0.200000,0.278917
-0.250000,-0.200000,0.259057
-0.200000,-0.200000,0.237119
-0.150000,-0.200000,0.213003
-0.100000,-0.200000,0.186592
-0.050000,-0.200000,0.157747
-0.000000,-0.200000,0.126304
0.050000,-0.200000,0.092066
0.100000,-0.200000,0.054795
0.150000,-0.200000,0.014203
0.200000,-0.200000,-0.030070
0.250000,-0.200000,-0.078480
0.300000,-0.200000,-0.071576
0.350000,-0.200000,-0.048036
0.400000,-0.200000,-0.027201
0.450000,-0.200000,-0.008923
0.500000,-0.200000,0.006917
0.550000,-0.200000,0.020419
0.600000,-0.200000,0.031663
0.650000,-0.200000,0.040712
0.700000,-0.200000,0.047615
0.750000,-0.200000,0.052410
0.800000,-0.200000,0.055121
0.850000,-0.200000,0.055763
0.900000,-0.200000,0.054339
0.950000,-0.200000,0.050841
1.000000,-0.200000,0.045252
1.050000,-0.200000,0.037542
1.100000,-0.200000,0.027670
1.150000,-0.200000,0.015580
1.200000,-0.200000,0.001203
1.250000,-0.200000,-0.015547
1.300000,-0.200000,-0.034776
1.350000,-0.200000,-0.056616
1.400000,-0.200000,-0.081225
1.450000,-0.200000,-0.108799
1.500000,-0.200000,-0.139579
1.550000,-0.200000,-0.173868
1.600000,-0.200000,-0.212047
1.650000,-0.200000,-0.254611
1.700000,-0.200000,-0.302218
1.750000,-0.200000,-0.355768
1.800000,-0.200000,-0.416553
1.850000,-0.200000,-0.486545
1.900000,-0.200000,-0.569034
1.950000,-0.200000,-0.670362
2.000000,-0.200000,-0.806605
2.050000,-0.200000,-1.101833
2.100000,-0.200000,
2.150000,-0.200000,
2.200000,-0.200000,
2.250000,-0.200000,
2.300000,-0.200000,
2.350000,-0.200000,
2.400000,-0.200000,
2.450000,-0.200000,
2.500000,-0.200000,
2.550000,-0.200000,
2.600000,-0.200000,
2.650000,-0.200000,
2.700000,-0.200000,
2.750000,-0.200000,
2.800000,-0.200000,
2.850000,-0.200000,
2.900000,-0.200000,
2.950000,-0.200000,
3.000000,-0.200000,
3.050000,-0.200000,
3.100000,-0.200000,
3.150000,-0.200000,
3.200000,-0.200000,
3.250000,-0.200000,
3.300000,-0.200000,
3.350000,-0.200000,
3.400000,-0.200000,
3.450000,-0.200000,
3.500000,-0.200000,
-3.500000,-0.150000,
-3.450000,-0.150000,
-3.400000,-0.150000,
-3.350000,-0.150000,
-3.300000,-0.150000,
-3.250000,-0.150000,
-3.200000,-0.150000,
-3.150000,-0.150000,
-3.100000,-0.150000,
-3.050000,-0.150000,
-3.000000,-0.150000,
-2.950000,-0.150000,
-2.900000,-0.150000,
-2.850000,-0.150000,
-2.800000,-0.150000,
-2.750000,-0.150000,
-2.700000,-0.150000,
-2.650000,-0.150000,
-2.600000,-0.150000,
-2.550000,-0.150000,
-2.500000,-0.150000,
-2.450000,-0.150000,
-2.400000,-0.150000,
-2.350000,-0.150000,
-2.300000,-0.150000,-0.801283
-2.250000,-0.150000,-0.636713
-2.200000,-0.150000,-0.516948
-2.150000,-0.150000,-0.419751
-2.100000,-0.150000,-0.337035
-2.050000,-0.150000,-0.264753
-2.000000,-0.150000,-0.200533
-1.950000,-0.150000,-0.142836
-1.900000,-0.150000,-0.090604
-1.850000,-0.150000,-0.043063
-1.800000,-0.150000,0.000363
-1.750000,-0.150000,0.040125
-1.700000,-0.150000,0.076578
-1.650000,-0.150000,0.110007
-1.600000,-0.150000,0.140646
-1.550000,-0.150000,0.168690
-1.500000,-0.150000,0.194300
-1.450000,-0.150000,0.217612
-1.400000,-0.150000,0.238743
-1.350000,-0.150000,0.257788
-1.300000,-0.150000,0.274833
-1.250000,-0.150000,0.289948
-1.200000,-0.150000,0.303193
-1.150000,-0.150000,0.314618
-1.100000,-0.150000,0.324265
-1.050000,-0.150000,0.332170
-1.000000,-0.150000,0.338359
-0.950000,-0.150000,0.342855
-0.900000,-0.150000,0.345672
-0.850000,-0.150000,0.346820
-0.800000,-0.150000,0.346302
-0.750000,-0.150000,0.344118
-0.700000,-0.150000,0.340259
-0.650000,-0.150000,0.334712
-0.600000,-0.150000,0.327460
-0.550000,-0.150000,0.318475
-0.500000,-0.150000,0.307727
-0.450000,-0.150000,0.295177
-0.400000,-0.150000,0.280776
-0.350000,-0.150000,0.264469
-0.300000,-0.150000,0.246190
-0.250000,-0.150000,0.225859
-0.200000,-0.150000,0.203385
-0.150000,-0.150000,0.178659
-0.100000,-0.150000,0.151554
-0.050000,-0.150000,0.121917
-0.000000,-0.150000,0.089569
0.050000,-0.150000,0.054291
0.100000,-0.150000,0.015819
0.150000,-0.150000,-0.026174
0.200000,-0.150000,-0.067124
0.250000,-0.150000,-0.039187
0.300000,-0.150000,-0.014123
0.350000,-0.150000,0.008255
0.400000,-0.150000,0.028100
0.450000,-0.150000,0.045535
0.500000,-0.150000,0.060666
0.550000,-0.150000,0.073578
0.600000,-0.150000,0.084339
0.650000,-0.150000,0.093006
0.700000,-0.150000,0.099621
0.750000,-0.150000,0.104218
0.800000,-0.150000,0.106818
0.850000,-0.150000,0.107434
0.900000,-0.150000,0.106068
0.950000,-0.150000,0.102714
1.000000,-0.150000,0.097357
1.050000,-0.150000,0.089969
1.100000,-0.150000,0.080516
1.150000,-0.150000,0.068948
1.200000,-0.150000,0.055206
1.250000,-0.150000,0.039214
1.300000,-0.150000,0.020880
1.350000,-0.150000,0.000093
1.400000,-0.150000,-0.023282
1.450000,-0.150000,-0.049409
1.500000,-0.150000,-0.078490
1.550000,-0.150000,-0.110770
1.600000,-0.150000,-0.146557
1.650000,-0.150000,-0.186239
1.700000,-0.150000,-0.230319
1.750000,-0.150000,-0.279459
1.800000,-0.150000,-0.334570
1.850000,-0.150000,-0.396952
1.900000,-0.150000,-0.468585
1.950000,-0.150000,-0.552763
2.000000,-0.150000,-0.655794
2.050000,-0.150000,-0.793461
2.100000,-0.150000,-1.070353
2.150000,-0.150000,
2.200000,-0.150000,
2.250000,-0.150000,
2.300000,-0.150000,
2.350000,-0.150000,
2.400000,-0.150000,
2.450000,-0.150000,
2.500000,-0.150000,
2.550000,-0.150000,
2.600000,-0.150000,
2.650000,-0.150000,
2.700000,-0.150000,
2.750000,-0.150000,
2.800000,-0.150000,
2.850000,-0.150000,
2.900000,-0.150000,
2.950000,-0.150000,
3.000000,-0.150000,
3.050000,-0.150000,
3.100000,-0.150000,
3.150000,-0.150000,
3.200000,-0.150000,
3.250000,-0.150000,
3.300000,-0.150000,
3.350000,-0.150000,
3.400000,-0.150000,
3.450000,-0.150000,
3.500000,-0.150000,
-3.500000,-0.100000,
-3.450000,-0.100000,
-3.400000,-0.100000,
-3.350000,-0.100000,
-3.300000,-0.100000,
-3.250000,-0.100000,
-3.200000,-0.100000,
-3.150000,-0.100000,
-3.100000,-0.100000,
-3.050000,-0.100000,
-3.000000,-0.100000,
-2.950000,-0.100000,
-2.900000,-0.100000,
-2.850000,-0.100000,
-2.800000,-0.100000,
-2.750000,-0.100000,
-2.700000,-0.100000,
-2.650000,-0.100000,
-2.600000,-0.100000,
-2.550000,-0.100000,
-2.500000,-0.100000,
-2.450000,-0.100000,
-2.400000,-0.100000,
-2.350000,-0.100000,
-2.300000,-0.100000,-0.989848
-2.250000,-0.100000,-0.741708
-2.200000,-0.100000,-0.598846
-2.150000,-0.100000,-0.489573
-2.100000,-0.100000,-0.399175
-2.050000,-0.100000,-0.321486
-2.000000,-0.100000,-0.253215
-1.950000,-0.100000,-0.192356
-1.900000,-0.100000,-0.137577
-1.850000,-0.100000,-0.087942
-1.800000,-0.100000,-0.042761
-1.750000,-0.100000,-0.001511
-1.700000,-0.100000,0.036216
-1.650000,-0.100000,0.070747
-1.600000,-0.100000,0.102343
-1.550000,-0.100000,0.131223
-1.500000,-0.100000,0.157564
-1.450000,-0.100000,0.181517
-1.400000,-0.100000,0.203209
-1.350000,-0.100000,0.222747
-1.300000,-0.100000,0.240220
-1.250000,-0.100000,0.255705
-1.200000,-0.100000,0.269268
-1.150000,-0.100000,0.280963
-1.100000,-0.100000,0.290835
-1.050000,-0.100000,0.298922
-1.000000,-0.100000,0.305252
-0.950000,-0.100000,0.309850
-0.900000,-0.100000,0.312730
-0.850000,-0.100000,0.313904
-0.800000,-0.100000,0.313375
-0.750000,-0.100000,0.311141
-0.700000,-0.100000,0.307195
-0.650000,-0.100000,0.301523
-0.600000,-0.100000,0.294104
-0.550000,-0.100000,0.284911
-0.500000,-0.100000,0.273911
-0.450000,-0.100000,0.261061
-0.400000,-0.100000,0.246309
-0.350000,-0.100000,0.229597
-0.300000,-0.100000,0.210850
-0.250000,-0.100000,0.189985
-0.200000,-0.100000,0.166901
-0.150000,-0.100000,0.141480
-0.100000,-0.100000,0.113580
-0.050000,-0.100000,0.083035
-0.000000,-0.100000,0.049643
0.050000,-0.100000,0.013160
0.100000,-0.100000,-0.026714
0.150000,-0.100000,-0.041581
0.200000,-0.100000,-0.012080
0.250000,-0.100000,0.014543
0.300000,-0.100000,0.038479
0.350000,-0.100000,0.059889
0.400000,-0.100000,0.078903
0.450000,-0.100000,0.095630
0.500000,-0.100000,0.110162
0.550000,-0.100000,0.122573
0.600000,-0.100000,0.132925
0.650000,-0.100000,0.141267
0.700000,-0.100000,0.147638
0.750000,-0.100000,0.152065
0.800000,-0.100000,0.154571
0.850000,-0.100000,0.155164
0.900000,-0.100000,0.153848
0.950000,-0.100000,0.150617
1.000000,-0.100000,0.145457
1.050000,-0.100000,0.138344
1.100000,-0.100000,0.129247
1.150000,-0.100000,0.118122
1.200000,-0.100000,0.104916
1.250000,-0.100000,0.089563
1.300000,-0.100000,0.071982
1.350000,-0.100000,0.052076
1.400000,-0.100000,0.029727
1.450000,-0.100000,0.004794
1.500000,-0.100000,-0.022893
1.550000,-0.100000,-0.053542
1.600000,-0.100000,-0.087408
1.650000,-0.100000,-0.124810
1.700000,-0.100000,-0.166146
1.750000,-0.100000,-0.211936
1.800000,-0.100000,-0.262865
1.850000,-0.100000,-0.319872
1.900000,-0.100000,-0.384306
1.950000,-0.100000,-0.458224
2.000000,-0.100000,-0.545066
2.050000,-0.100000,-0.651478
2.100000,-0.100000,-0.794393
2.150000,-0.100000,-1.116589
2.200000,-0.100000,
2.250000,-0.100000,
2.300000,-0.100000,
2.350000,-0.100000,
2.400000,-0.100000,
2.450000,-0.100000,
2.500000,-0.100000,
2.550000,-0.100000,
2.600000,-0.100000,
2.650000,-0.100000,
2.700000,-0.100000,
2.750000,-0.100000,
2.800000,-0.100000,
2.850000,-0.100000,
2.900000,-0.100000,
2.950000,-0.100000,
3.000000,-0.100000,
3.050000,-0.100000,
3.100000,-0.100000,
3.150000,-0.100000,
3.200000,-0.100000,
3.250000,-0.100000,
3.300000,-0.100000,
3.350000,-0.100000,
3.400000,-0.100000,
3.450000,-0.100000,
3.500000,-0.100000,
-3.500000,-0.050000,
-3.450000,-0.050000,
-3.400000,-0.050000,
-3.350000,-0.050000,
-3.300000,-0.050000,
-3.250000,-0.050000,
-3.200000,-0.050000,
-3.150000,-0.050000,
-3.100000,-0.050000,
-3.050000,-0.050000,
-3.000000,-0.050000,
-2.950000,-0.050000,
-2.900000,-0.050000,
-2.850000,-0.050000,
-2.800000,-0.050000,
-2.750000,-0.050000,
-2.700000,-0.050000,
-2.650000,-0.050000,
-2.600000,-0.050000,
-2.550000,-0.050000,
-2.500000,-0.050000,
-2.450000,-0.050000,
-2.400000,-0.050000,
-2.350000,-0.050000,
-2.300000,-0.050000,
-2.250000,-0.050000,-0.894266
-2.200000,-0.050000,-0.700579
-2.150000,-0.050000,-0.571913
-2.100000,-0.050000,-0.470549
-2.050000,-0.050000,-0.385617
-2.000000,-0.050000,-0.312135
-1.950000,-0.050000,-0.247315
-1.900000,-0.050000,-0.189413
-1.850000,-0.050000,-0.137246
-1.800000,-0.050000,-0.089971
-1.750000,-0.050000,-0.046962
-1.700000,-0.050000,-0.007739
-1.650000,-0.050000,0.028075
-1.600000,-0.050000,0.060781
-1.550000,-0.050000,0.090625
-1.500000,-0.050000,0.117807
-1.450000,-0.050000,0.142494
-1.400000,-0.050000,0.164828
-1.350000,-0.050000,0.184925
-1.300000,-0.050000,0.202885
-1.250000,-0.050000,0.218792
-1.200000,-0.050000,0.232715
-1.150000,-0.050000,0.244716
-1.100000,-0.050000,0.254842
-1.050000,-0.050000,0.263134
-1.000000,-0.050000,0.269623
-0.950000,-0.050000,0.274335
-0.900000,-0.050000,0.277287
-0.850000,-0.050000,0.278490
-0.800000,-0.050000,0.277947
-0.750000,-0.050000,0.275658
-0.700000,-0.050000,0.271614
-0.650000,-0.050000,0.265800
-0.600000,-0.050000,0.258193
-0.550000,-0.050000,0.248766
-0.500000,-0.050000,0.237480
-0.450000,-0.050000,0.224290
-0.400000,-0.050000,0.209141
-0.350000,-0.050000,0.191968
-0.300000,-0.050000,0.172690
-0.250000,-0.050000,0.151215
-0.200000,-0.050000,0.127434
-0.150000,-0.050000,0.101214
-0.100000,-0.050000,0.072399
-0.050000,-0.050000,0.040802
-0.000000,-0.050000,0.006196
0.050000,-0.050000,-0.031697
0.100000,-0.050000,-0.021012
0.150000,-0.050000,0.010115
0.200000,-0.050000,0.038339
0.250000,-0.050000,0.063861
0.300000,-0.050000,0.086847
0.350000,-0.050000,0.107436
0.400000,-0.050000,0.125744
0.450000,-0.050000,0.141868
0.500000,-0.050000,0.155887
0.550000,-0.050000,0.167869
0.600000,-0.050000,0.177869
0.650000,-0.050000,0.185932
0.700000,-0.050000,0.192091
0.750000,-0.050000,0.196373
0.800000,-0.050000,0.198796
0.850000,-0.050000,0.199370
0.900000,-0.050000,0.198097
0.950000,-0.050000,0.194972
1.000000,-0.050000,0.189982
1.050000,-0.050000,0.183106
1.100000,-0.050000,0.174315
1.150000,-0.050000,0.163571
1.200000,-0.050000,0.150825
1.250000,-0.050000,0.136018
1.300000,-0.050000,0.119078
1.350000,-0.050000,0.099919
1.400000,-0.050000,0.078438
1.450000,-0.050000,0.054510
1.500000,-0.050000,0.027987
1.550000,-0.050000,-0.001309
1.600000,-0.050000,-0.033597
1.650000,-0.050000,-0.069143
1.700000,-0.050000,-0.108279
1.750000,-0.050000,-0.151424
1.800000,-0.050000,-0.199123
1.850000,-0.050000,-0.252096
1.900000,-0.050000,-0.311336
1.950000,-0.050000,-0.378277
2.000000,-0.050000,-0.455125
2.050000,-0.050000,-0.545618
2.100000,-0.050000,-0.657145
2.150000,-0.050000,-0.809516
2.200000,-0.050000,
2.250000,-0.050000,
2.300000,-0.050000,
2.350000,-0.050000,
2.400000,-0.050000,
2.450000,-0.050000,
2.500000,-0.050000,
2.550000,-0.050000,
2.600000,-0.050000,
2.650000,-0.050000,
2.700000,-0.050000,
2.750000,-0.050000,
2.800000,-0.050000,
2.850000,-0.050000,
2.900000,-0.050000,
2.950000,-0.050000,
3.000000,-0.050000,
3.050000,-0.050000,
3.100000,-0.050000,
3.150000,-0.050000,
3.200000,-0.050000,
3.250000,-0.050000,
3.300000,-0.050000,
3.350000,-0.050000,
3.400000,-0.050000,
3.450000,-0.050000,
3.500000,-0.050000,
-3.500000,-0.000000,
-3.450000,-0.000000,
-3.400000,-0.000000,
-3.350000,-0.000000,
-3.300000,-0.000000,
-3.250000,-0.000000,
-3.200000,-0.000000,
-3.150000,-0.000000,
-3.100000,-0.000000,
-3.050000,-0.000000,
-3.000000,-0.000000,
-2.950000,-0.000000,
-2.900000,-0.000000,
-2.850000,-0.000000,
-2.800000,-0.000000,
-2.750000,-0.000000,
-2.700000,-0.000000,
-2.650000,-0.000000,
-2.600000,-0.000000,
-2.550000,-0.000000,
-2.500000,-0.000000,
-2.450000,-0.000000,
-2.400000,-0.000000,
-2.350000,-0.000000,
-2.300000,-0.000000,
-2.250000,-0.000000,
-2.200000,-0.000000,-0.840875
-2.150000,-0.000000,-0.673148
-2.100000,-0.000000,-0.554442
-2.050000,-0.000000,-0.459191
-2.000000,-0.000000,-0.378711
-1.950000,-0.000000,-0.308775
-1.900000,-0.000000,-0.246945
-1.850000,-0.000000,-0.191657
-1.800000,-0.000000,-0.141839
-1.750000,-0.000000,-0.096720
-1.700000,-0.000000,-0.055720
-1.650000,-0.000000,-0.018392
-1.600000,-0.000000,0.015613
-1.550000,-0.000000,0.046579
-1.500000,-0.000000,0.074735
-1.450000,-0.000000,0.100270
-1.400000,-0.000000,0.123342
-1.350000,-0.000000,0.144081
-1.300000,-0.000000,0.162598
-1.250000,-0.000000,0.178985
-1.200000,-0.000000,0.193320
-1.150000,-0.000000,0.205668
-1.100000,-0.000000,0.216082
-1.050000,-0.000000,0.224607
-1.000000,-0.000000,0.231277
-0.950000,-0.000000,0.236119
-0.900000,-0.000000,0.239152
-0.850000,-0.000000,0.240387
-0.800000,-0.000000,0.239830
-0.750000,-0.000000,0.237479
-0.700000,-0.000000,0.233323
-0.650000,-0.000000,0.227348
-0.600000,-0.000000,0.219528
-0.550000,-0.000000,0.209834
-0.500000,-0.000000,0.198223
-0.450000,-0.000000,0.184647
-0.400000,-0.000000,0.169045
-0.350000,-0.000000,0.151344
-0.300000,-0.000000,0.131457
-0.250000,-0.000000,0.109283
-0.200000,-0.000000,0.084697
-0.150000,-0.000000,0.057553
-0.100000,-0.000000,0.027675
-0.050000,-0.000000,-0.005151
-0.000000,-0.000000,-0.041184
0.050000,-0.000000,-0.005151
0.100000,-0.000000,0.027675
0.150000,-0.000000,0.057553
0.200000,-0.000000,0.084697
0.250000,-0.000000,0.109283
0.300000,-0.000000,0.131457
0.350000,-0.000000,0.151344
0.400000,-0.000000,0.169045
0.450000,-0.000000,0.184647
0.500000,-0.000000,0.198223
0.550000,-0.000000,0.209834
0.600000,-0.000000,0.219528
0.650000,-0.000000,0.227348
0.700000,-0.000000,0.233323
0.750000,-0.000000,0.237479
0.800000,-0.000000,0.239830
0.850000,-0.000000,0.240387
0.900000,-0.000000,0.239152
0.950000,-0.000000,0.236119
1.000000,-0.000000,0.231277
1.050000,-0.000000,0.224607
1.100000,-0.000000,0.216082
1.150000,-0.000000,0.205668
1.200000,-0.000000,0.193320
1.250000,-0.000000,0.178985
1.300000,-0.000000,0.162598
1.350000,-0.000000,0.144081
1.400000,-0.000000,0.123342
1.450000,-0.000000,0.100270
1.500000,-0.000000,0.074735
1.550000,-0.000000,0.046579
1.600000,-0.000000,0.015613
1.650000,-0.000000,-0.018392
1.700000,-0.000000,-0.055720
1.750000,-0.000000,-0.096720
1.800000,-0.000000,-0.141839
1.850000,-0.000000,-0.191657
1.900000,-0.000000,-0.246945
1.950000,-0.000000,-0.308775
2.000000,-0.000000,-0.378711
2.050000,-0.000000,-0.459191
2.100000,-0.000000,-0.554442
2.150000,-0.000000,-0.673148
2.200000,-0.000000,-0.840875
2.250000,-0.000000,
2.300000,-0.000000,
2.350000,-0.000000,
2.400000,-0.000000,
2.450000,-0.000000,
2.500000,-0.000000,
2.550000,-0.000000,
2.600000,-0.000000,
2.650000,-0.000000,
2.700000,-0.000000,
2.750000,-0.000000,
2.800000,-0.000000,
2.850000,-0.000000,
2.900000,-0.000000,
2.950000,-0.000000,
3.000000,-0.000000,
3.050000,-0.000000,
3.100000,-0.000000,
3.150000,-0.000000,
3.200000,-0.000000,
3.250000,-0.000000,
3.300000,-0.000000,
3.350000,-0.000000,
3.400000,-0.000000,
3.450000,-0.000000,
3.500000,-0.000000,
-3.500000,0.050000,
-3.450000,0.050000,
-3.400000,0.050000,
-3.350000,0.050000,
-3.300000,0.050000,
-3.250000,0.050000,
-3.200000,0.050000,
-3.150000,0.050000,
-3.100000,0.050000,
-3.050000,0.050000,
-3.000000,0.050000,
-2.950000,0.050000,
-2.900000,0.050000,
-2.850000,0.050000,
-2.800000,0.050000,
-2.750000,0.050000,
-2.700000,0.050000,
-2.650000,0.050000,
-2.600000,0.050000,
-2.550000,0.050000,
-2.500000,0.050000,
-2.450000,0.050000,
-2.400000,0.050000,
-2.350000,0.050000,
-2.300000,0.050000,
-2.250000,0.050000,
-2.200000,0.050000,
-2.150000,0.050000,-0.809516
-2.100000,0.050000,-0.657145
-2.050000,0.050000,-0.545618
-2.000000,0.050000,-0.455125
-1.950000,0.050000,-0.378277
-1.900000,0.050000,-0.311336
-1.850000,0.050000,-0.252096
-1.800000,0.050000,-0.199123
-1.750000,0.050000,-0.151424
-1.700000,0.050000,-0.108279
-1.650000,0.050000,-0.069143
-1.600000,0.050000,-0.033597
-1.550000,0.050000,-0.001309
-1.500000,0.050000,0.027987
-1.450000,0.050000,0.054510
-1.400000,0.050000,0.078438
-1.350000,0.050000,0.099919
-1.300000,0.050000,0.119078
-1.250000,0.050000,0.136018
-1.200000,0.050000,0.150825
-1.150000,0.050000,0.163571
-1.100000,0.050000,0.174315
-1.050000,0.050000,0.183106
-1.000000,0.050000,0.189982
-0.950000,0.050000,0.194972
-0.900000,0.050000,0.198097
-0.850000,0.050000,0.199370
-0.800000,0.050000,0.198796
-0.750000,0.050000,0.196373
-0.700000,0.050000,0.192091
-0.650000,0.050000,0.185932
-0.600000,0.050000,0.177869
-0.550000,0.050000,0.167869
-0.500000,0.050000,0.155887
-0.450000,0.050000,0.141868
-0.400000,0.050000,0.125744
-0.350000,0.050000,0.107436
-0.300000,0.050000,0.086847
-0.250000,0.050000,0.063861
-0.200000,0.050000,0.038339
-0.150000,0.050000,0.010115
-0.100000,0.050000,-0.021012
-0.050000,0.050000,-0.031697
-0.000000,0.050000,0.006196
0.050000,0.050000,0.040802
0.100000,0.050000,0.072399
0.150000,0.050000,0.101214
0.200000,0.050000,0.127434
0.250000,0.050000,0.151215
0.300000,0.050000,0.172690
0.350000,0.050000,0.191968
0.400000,0.050000,0.209141
0.450000,0.050000,0.224290
0.500000,0.050000,0.237480
0.550000,0.050000,0.248766
0.600000,0.050000,0.258193
0.650000,0.050000,0.265800
0.700000,0.050000,0.271614
0.750000,0.050000,0.275658
0.800000,0.050000,0.277947
0.850000,0.050000,0.278490
0.900000,0.050000,0.277287
0.950000,0.050000,0.274335
1.000000,0.050000,0.269623
1.050000,0.050000,0.263134
1.100000,0.050000,0.254842
1.150000,0.050000,0.244716
1.200000,0.050000,0.232715
1.250000,0.050000,0.218792
1.300000,0.050000,0.202885
1.350000,0.050000,0.184925
1.400000,0.050000,0.164828
1.450000,0.050000,0.142494
1.500000,0.050000,0.117807
1.550000,0.050000,0.090625
1.600000,0.050000,0.060781
1.650000,0.050000,0.028075
1.700000,0.050000,-0.007739
1.750000,0.050000,-0.046962
1.800000,0.050000,-0.089971
1.850000,0.050000,-0.137246
1.900000,0.050000,-0.189413
1.950000,0.050000,-0.247315
2.000000,0.050000,-0.312135
2.050000,0.050000,-0.385617
2.100000,0.050000,-0.470549
2.150000,0.050000,-0.571913
2.200000,0.050000,-0.700579
2.250000,0.050000,-0.894266
2.300000,0.050000,
2.350000,0.050000,
2.400000,0.050000,
2.450000,0.050000,
2.500000,0.050000,
2.550000,0.050000,
2.600000,0.050000,
2.650000,0.050000,
2.700000,0.050000,
2.750000,0.050000,
2.800000,0.050000,
2.850000,0.050000,
2.900000,0.050000,
2.950000,0.050000,
3.000000,0.050000,
3.050000,0.050000,
3.100000,0.050000,
3.150000,0.050000,
3.200000,0.050000,
3.250000,0.050000,
3.300000,0.050000,
3.350000,0.050000,
3.400000,0.050000,
3.450000,0.050000,
3.500000,0.050000,
-3.500000,0.100000,
-3.450000,0.100000,
-3.400000,0.100000,
-3.350000,0.100000,
-3.300000,0.100000,
-3.250000,0.100000,
-3.200000,0.100000,
-3.150000,0.100000,
-3.100000,0.100000,
-3.050000,0.100000,
-3.000000,0.100000,
-2.950000,0.100000,
-2.900000,0.100000,
-2.850000,0.100000,
-2.800000,0.100000,
-2.750000,0.100000,
-2.700000,0.100000,
-2.650000,0.100000,
-2.600000,0.100000,
-2.550000,0.100000,
-2.500000,0.100000,
-2.450000,0.100000,
-2.400000,0.100000,
-2.350000,0.100000,
-2.300000,0.100000,
-2.250000,0.100000,
-2.200000,0.100000,
-2.150000,0.100000,-1.116589
-2.100000,0.100000,-0.794393
-2.050000,0.100000,-0.651478
-2.000000,0.100000,-0.545066
-1.950000,0.100000,-0.458224
-1.900000,0.100000,-0.384306
-1.850000,0.100000,-0.319872
-1.800000,0.100000,-0.262865
-1.750000,0.100000,-0.211936
-1.700000,0.100000,-0.166146
-1.650000,0.100000,-0.124810
-1.600000,0.100000,-0.087408
-1.550000,0.100000,-0.053542
-1.500000,0.100000,-0.022893
-1.450000,0.100000,0.004794
-1.400000,0.100000,0.029727
-1.350000,0.100000,0.052076
-1.300000,0.100000,0.071982
-1.250000,0.100000,0.089563
-1.200000,0.100000,0.104916
-1.150000,0.100000,0.118122
-1.100000,0.100000,0.129247
-1.050000,0.100000,0.138344
-1.000000,0.100000,0.145457
-0.950000,0.100000,0.150617
-0.900000,0.100000,0.153848
-0.850000,0.100000,0.155164
-0.800000,0.100000,0.154571
-0.750000,0.100000,0.152065
-0.700000,0.100000,0.147638
-0.650000,0.100000,0.141267
-0.600000,0.100000,0.132925
-0.550000,0.100000,0.122573
-0.500000,0.100000,0.110162
-0.450000,0.100000,0.095630
-0.400000,0.100000,0.078903
-0.350000,0.100000,0.059889
-0.300000,0.100000,0.038479
-0.250000,0.100000,0.014543
-0.200000,0.100000,-0.012080
-0.150000,0.100000,-0.041581
-0.100000,0.100000,-0.026714
-0.050000,0.100000,0.013160
-0.000000,0.100000,0.049643
0.050000,0.100000,0.083035
0.100000,0.100000,0.113580
0.150000,0.100000,0.141480
0.200000,0.100000,0.166901
0.250000,0.100000,0.189985
0.300000,0.100000,0.210850
0.350000,0.100000,0.229597
0.400000,0.100000,0.246309
0.450000,0.100000,0.261061
0.500000,0.100000,0.273911
0.550000,0.100000,0.284911
0.600000,0.100000,0.294104
0.650000,0.100000,0.301523
0.700000,0.100000,0.307195
0.750000,0.100000,0.311141
0.800000,0.100000,0.313375
0.850000,0.100000,0.313904
0.900000,0.100000,0.312730
0.950000,0.100000,0.309850
1.000000,0.100000,0.305252
1.050000,0.100000,0.298922
1.100000,0.100000,0.290835
1.150000,0.100000,0.280963
1.200000,0.100000,0.269268
1.250000,0.100000,0.255705
1.300000,0.100000,0.240220
1.350000,0.100000,0.222747
1.400000,0.100000,0.203209
1.450000,0.100000,0.181517
1.500000,0.100000,0.157564
1.550000,0.100000,0.131223
1.600000,0.100000,0.102343
1.650000,0.100000,0.070747
1.700000,0.100000,0.036216
1.750000,0.100000,-0.001511
1.800000,0.100000,-0.042761
1.850000,0.100000,-0.087942
1.900000,0.100000,-0.137577
1.950000,0.100000,-0.192356
2.000000,0.100000,-0.253215
2.050000,0.100000,-0.321486
2.100000,0.100000,-0.399175
2.150000,0.100000,-0.489573
2.200000,0.100000,-0.598846
2.250000,0.100000,-0.741708
2.300000,0.100000,-0.989848
2.350000,0.100000,
2.400000,0.100000,
2.450000,0.100000,
2.500000,0.100000,
2.550000,0.100000,
2.600000,0.100000,
2.650000,0.100000,
2.700000,0.100000,
2.750000,0.100000,
2.800000,0.100000,
2.850000,0.100000,
2.900000,0.100000,
2.950000,0.100000,
3.000000,0.100000,
3.050000,0.100000,
3.100000,0.100000,
3.150000,0.100000,
3.200000,0.100000,
3.250000,0.100000,
3.300000,0.100000,
3.350000,0.100000,
3.400000,0.100000,
3.450000,0.100000,
3.500000,0.100000,
-3.500000,0.150000,
-3.450000,0.150000,
-3.400000,0.150000,
-3.350000,0.150000,
-3.300000,0.150000,
-3.250000,0.150000,
-3.200000,0.150000,
-3.150000,0.150000,
-3.100000,0.150000,
-3.050000,0.150000,
-3.000000,0.150000,
-2.950000,0.150000,
-2.900000,0.150000,
-2.850000,0.150000,
-2.800000,0.150000,
-2.750000,0.150000,
-2.700000,0.150000,
-2.650000,0.150000,
-2.600000,0.150000,
-2.550000,0.150000,
-2.500000,0.150000,
-2.450000,0.150000,
-2.400000,0.150000,
-2.350000,0.150000,
-2.300000,0.150000,
-2.250000,0.150000,
-2.200000,0.150000,
-2.150000,0.150000,
-2.100000,0.150000,-1.070353
-2.050000,0.150000,-0.793461
-2.000000,0.150000,-0.655794
-1.950000,0.150000,-0.552763
-1.900000,0.150000,-0.468585
-1.850000,0.150000,-0.396952
-1.800000,0.150000,-0.334570
-1.750000,0.150000,-0.279459
-1.700000,0.150000,-0.230319
-1.650000,0.150000,-0.186239
-1.600000,0.150000,-0.146557
-1.550000,0.150000,-0.110770
-1.500000,0.150000,-0.078490
-1.450000,0.150000,-0.049409
-1.400000,0.150000,-0.023282
-1.350000,0.150000,0.000093
-1.300000,0.150000,0.020880
-1.250000,0.150000,0.039214
-1.200000,0.150000,0.055206
-1.150000,0.150000,0.068948
-1.100000,0.150000,0.080516
-1.050000,0.150000,0.089969
-1.000000,0.150000,0.097357
-0.950000,0.150000,0.102714
-0.900000,0.150000,0.106068
-0.850000,0.150000,0.107434
-0.800000,0.150000,0.106818
-0.750000,0.150000,0.104218
-0.700000,0.150000,0.099621
-0.650000,0.150000,0.093006
-0.600000,0.150000,0.084339
-0.550000,0.150000,0.073578
-0.500000,0.150000,0.060666
-0.450000,0.150000,0.045535
-0.400000,0.150000,0.028100
-0.350000,0.150000,0.008255
-0.300000,0.150000,-0.014123
-0.250000,0.150000,-0.039187
-0.200000,0.150000,-0.067124
-0.150000,0.150000,-0.026174
-0.100000,0.150000,0.015819
-0.050000,0.150000,0.054291
-0.000000,0.150000,0.089569
0.050000,0.150000,0.121917
0.100000,0.150000,0.151554
0.150000,0.150000,0.178659
0.200000,0.150000,0.203385
0.250000,0.150000,0.225859
0.300000,0.150000,0.246190
0.350000,0.150000,0.264469
0.400000,0.150000,0.280776
0.450000,0.150000,0.295177
0.500000,0.150000,0.307727
0.550000,0.150000,0.318475
0.600000,0.150000,0.327460
0.650000,0.150000,0.334712
0.700000,0.150000,0.340259
0.750000,0.150000,0.344118
0.800000,0.150000,0.346302
0.850000,0.150000,0.346820
0.900000,0.150000,0.345672
0.950000,0.150000,0.342855
1.000000,0.150000,0.338359
1.050000,0.150000,0.332170
1.100000,0.150000,0.324265
1.150000,0.150000,0.314618
1.200000,0.150000,0.303193
1.250000,0.150000,0.289948
1.300000,0.150000,0.274833
1.350000,0.150000,0.257788
1.400000,0.150000,0.238743
1.450000,0.150000,0.217612
1.500000,0.150000,0.194300
1.550000,0.150000,0.168690
1.600000,0.150000,0.140646
1.650000,0.150000,0.110007
1.700000,0.150000,0.076578
1.750000,0.150000,0.040125
1.800000,0.150000,0.000363
1.850000,0.150000,-0.043063
1.900000,0.150000,-0.090604
1.950000,0.150000,-0.142836
2.000000,0.150000,-0.200533
2.050000,0.150000,-0.264753
2.100000,0.150000,-0.337035
2.150000,0.150000,-0.419751
2.200000,0.150000,-0.516948
2.250000,0.150000,-0.636713
2.300000,0.150000,-0.801283
2.350000,0.150000,
2.400000,0.150000,
2.450000,0.150000,
2.500000,0.150000,
2.550000,0.150000,
2.600000,0.150000,
2.650000,0.150000,
2.700000,0.150000,
2.750000,0.150000,
2.800000,0.150000,
2.850000,0.150000,
2.900000,0.150000,
2.950000,0.150000,
3.000000,0.150000,
3.050000,0.150000,
3.100000,0.150000,
3.150000,0.150000,
3.200000,0.150000,
3.250000,0.150000,
3.300000,0.150000,
3.350000,0.150000,
3.400000,0.150000,
3.450000,0.150000,
3.500000,0.150000,
-3.500000,0.200000,
-3.450000,0.200000,
-3.400000,0.200000,
-3.350000,0.200000,
-3.300000,0.200000,
-3.250000,0.200000,
-3.200000,0.200000,
-3.150000,0.200000,
-3.100000,0.200000,
-3.050000,0.200000,
-3.000000,0.200000,
-2.950000,0.200000,
-2.900000,0.200000,
-2.850000,0.200000,
-2.800000,0.200000,
-2.750000,0.200000,
-2.700000,0.200000,
-2.650000,0.200000,
-2.600000,0.200000,
-2.550000,0.200000,
-2.500000,0.200000,
-2.450000,0.200000,
-2.400000,0.200000,
-2.350000,0.200000,
-2.300000,0.200000,
-2.250000,0.200000,
-2.200000,0.200000,
-2.150000,0.200000,
-2.100000,0.200000,
-2.050000,0.200000,-1.101833
-2.000000,0.200000,-0.806605
-1.950000,0.200000,-0.670362
-1.900000,0.200000,-0.569034
-1.850000,0.200000,-0.486545
-1.800000,0.200000,-0.416553
-1.750000,0.200000,-0.355768
-1.700000,0.200000,-0.302218
-1.650000,0.200000,-0.254611
-1.600000,0.200000,-0.212047
-1.550000,0.200000,-0.173868
-1.500000,0.200000,-0.139579
-1.450000,0.200000,-0.108799
-1.400000,0.200000,-0.081225
-1.350000,0.200000,-0.056616
-1.300000,0.200000,-0.034776
-1.250000,0.200000,-0.015547
-1.200000,0.200000,0.001203
-1.150000,0.200000,0.015580
-1.100000,0.200000,0.027670
-1.050000,0.200000,0.037542
-1.000000,0.200000,0.045252
-0.950000,0.200000,0.050841
-0.900000,0.200000,0.054339
-0.850000,0.200000,0.055763
-0.800000,0.200000,0.055121
-0.750000,0.200000,0.052410
-0.700000,0.200000,0.047615
-0.650000,0.200000,0.040712
-0.600000,0.200000,0.031663
-0.550000,0.200000,0.020419
-0.500000,0.200000,0.006917
-0.450000,0.200000,-0.008923
-0.400000,0.200000,-0.027201
-0.350000,0.200000,-0.048036
-0.300000,0.200000,-0.071576
-0.250000,0.200000,-0.078480
-0.200000,0.200000,-0.030070
-0.150000,0.200000,0.014203
-0.100000,0.200000,0.054795
-0.050000,0.200000,0.092066
-0.000000,0.200000,0.126304
0.050000,0.200000,0.157747
0.100000,0.200000,0.186592
0.150000,0.200000,0.213003
0.200000,0.200000,0.237119
0.250000,0.200000,0.259057
0.300000,0.200000,0.278917
0.350000,0.200000,0.296784
0.400000,0.200000,0.312732
0.450000,0.200000,0.326822
0.500000,0.200000,0.339107
0.550000,0.200000,0.349631
0.600000,0.200000,0.358430
0.650000,0.200000,0.365535
0.700000,0.200000,0.370970
0.750000,0.200000,0.374751
0.800000,0.200000,0.376892
0.850000,0.200000,0.377399
0.900000,0.200000,0.376274
0.950000,0.200000,0.373514
1.000000,0.200000,0.369108
1.050000,0.200000,0.363044
1.100000,0.200000,0.355301
1.150000,0.200000,0.345853
1.200000,0.200000,0.334668
1.250000,0.200000,0.321706
1.300000,0.200000,0.306919
1.350000,0.200000,0.290253
1.400000,0.200000,0.271641
1.450000,0.200000,0.251005
1.500000,0.200000,0.228255
1.550000,0.200000,0.203286
1.600000,0.200000,0.175971
1.650000,0.200000,0.146164
1.700000,0.200000,0.113688
1.750000,0.200000,0.078334
1.800000,0.200000,0.039844
1.850000,0.200000,-0.002095
1.900000,0.200000,-0.047874
1.950000,0.200000,-0.097993
2.000000,0.200000,-0.153103
2.050000,0.200000,-0.214080
2.100000,0.200000,-0.282154
2.150000,0.200000,-0.359144
2.200000,0.200000,-0.447958
2.250000,0.200000,-0.553814
2.300000,0.200000,-0.688171
2.350000,0.200000,-0.891541
2.400000,0.200000,
2.450000,0.200000,
2.500000,0.200000,
2.550000,0.200000,
2.600000,0.200000,
2.650000,0.200000,
2.700000,0.200000,
2.750000,0.200000,
2.800000,0.200000,
2.850000,0.200000,
2.900000,0.200000,
2.950000,0.200000,
3.000000,0.200000,
3.050000,0.200000,
3.100000,0.200000,
3.150000,0.200000,
3.200000,0.200000,
3.250000,0.200000,
3.300000,0.200000,
3.350000,0.200000,
3.400000,0.200000,
3.450000,0.200000,
3.500000,0.200000,
-3.500000,0.250000,
-3.450000,0.250000,
-3.400000,0.250000,
-3.350000,0.250000,
-3.300000,0.250000,
-3.250000,0.250000,
-3.200000,0.250000,
-3.150000,0.250000,
-3.100000,0.250000,
-3.050000,0.250000,
-3.000000,0.250000,
-2.950000,0.250000,
-2.900000,0.250000,
-2.850000,0.250000,
-2.800000,0.250000,
-2.750000,0.250000,
-2.700000,0.250000,
-2.650000,0.250000,
-2.600000,0.250000,
-2.550000,0.250000,
-2.500000,0.250000,
-2.450000,0.250000,
-2.400000,0.250000,
-2.350000,0.250000,
-2.300000,0.250000,
-2.250000,0.250000,
-2.200000,0.250000,
-2.150000,0.250000,
-2.100000,0.250000,
-2.050000,0.250000,
-2.000000,0.250000,-2.666233
-1.950000,0.250000,-0.835561
-1.900000,0.250000,-0.696156
-1.850000,0.250000,-0.594625
-1.800000,0.250000,-0.512742
-1.750000,0.250000,-0.443687
-1.700000,0.250000,-0.384004
-1.650000,0.250000,-0.331654
-1.600000,0.250000,-0.285309
-1.550000,0.250000,-0.244054
-1.500000,0.250000,-0.207223
-1.450000,0.250000,-0.174317
-1.400000,0.250000,-0.144952
-1.350000,0.250000,-0.118828
-1.300000,0.250000,-0.095705
-1.250000,0.250000,-0.075389
-1.200000,0.250000,-0.057725
-1.150000,0.250000,-0.042587
-1.100000,0.250000,-0.029872
-1.050000,0.250000,-0.019499
-1.000000,0.250000,-0.011404
-0.950000,0.250000,-0.005539
-0.900000,0.250000,-0.001870
-0.850000,0.250000,-0.000377
-0.800000,0.250000,-0.001050
-0.750000,0.250000,-0.003894
-0.700000,0.250000,-0.008924
-0.650000,0.250000,-0.016171
-0.600000,0.250000,-0.025675
-0.550000,0.250000,-0.037495
-0.500000,0.250000,-0.051706
-0.450000,0.250000,-0.068401
-0.400000,0.250000,-0.087696
-0.350000,0.250000,-0.109737
-0.300000,0.250000,-0.089585
-0.250000,0.250000,-0.038451
-0.200000,0.250000,0.008294
-0.150000,0.250000,0.051160
-0.100000,0.250000,0.090548
-0.050000,0.250000,0.126779
-0.000000,0.250000,0.160114
0.050000,0.250000,0.190767
0.100000,0.250000,0.218919
0.150000,0.250000,0.244720
0.200000,0.250000,0.268299
0.250000,0.250000,0.289763
0.300000,0.250000,0.309207
0.350000,0.250000,0.326709
0.400000,0.250000,0.342338
0.450000,0.250000,0.356152
0.500000,0.250000,0.368200
0.550000,0.250000,0.378524
0.600000,0.250000,0.387159
0.650000,0.250000,0.394132
0.700000,0.250000,0.399467
0.750000,0.250000,0.403179
0.800000,0.250000,0.405281
0.850000,0.250000,0.405779
0.900000,0.250000,0.404674
0.950000,0.250000,0.401964
1.000000,0.250000,0.397640
1.050000,0.250000,0.391687
1.100000,0.250000,0.384088
1.150000,0.250000,0.374818
1.200000,0.250000,0.363846
1.250000,0.250000,0.351135
1.300000,0.250000,0.336641
1.350000,0.250000,0.320310
1.400000,0.250000,0.302082
1.450000,0.250000,0.281883
1.500000,0.250000,0.259631
1.550000,0.250000,0.235225
1.600000,0.250000,0.208550
1.650000,0.250000,0.179471
1.700000,0.250000,0.147826
1.750000,0.250000,0.113423
1.800000,0.250000,0.076031
1.850000,0.250000,0.035368
1.900000,0.250000,-0.008913
1.950000,0.250000,-0.057251
2.000000,0.250000,-0.110210
2.050000,0.250000,-0.168532
2.100000,0.250000,-0.233235
2.150000,0.250000,-0.305778
2.200000,0.250000,-0.388382
2.250000,0.250000,-0.484760
2.300000,0.250000,-0.602068
2.350000,0.250000,-0.758476
2.400000,0.250000,-1.094466
2.450000,0.250000,
2.500000,0.250000,
2.550000,0.250000,
2.600000,0.250000,
2.650000,0.250000,
2.700000,0.250000,
2.750000,0.250000,
2.800000,0.250000,
2.850000,0.250000,
2.900000,0.250000,
2.950000,0.250000,
3.000000,0.250000,
3.050000,0.250000,
3.100000,0.250000,
3.150000,0.250000,
3.200000,0.250000,
3.250000,0.250000,
3.300000,0.250000,
3.350000,0.250000,
3.400000,0.250000,
3.450000,0.250000,
3.500000,0.250000,
-3.500000,0.300000,
-3.450000,0.300000,
-3.400000,0.300000,
-3.350000,0.300000,
-3.300000,0.300000,
-3.250000,0.300000,
-3.200000,0.300000,
-3.150000,0.300000,
-3.100000,0.300000,
-3.050000,0.300000,
-3.000000,0.300000,
-2.950000,0.300000,
-2.900000,0.300000,
-2.850000,0.300000,
-2.800000,0.300000,
-2.750000,0.300000,
-2.700000,0.300000,
-2.650000,0.300000,
-2.600000,0.300000,
-2.550000,0.300000,
-2.500000,0.300000,
-2.450000,0.300000,
-2.400000,0.300000,
-2.350000,0.300000,
-2.300000,0.300000,
-2.250000,0.300000,
-2.200000,0.300000,
-2.150000,0.300000,
-2.100000,0.300000,
-2.050000,0.300000,-2.784993
-2.000000,0.300000,-2.632500
-1.950000,0.300000,-2.511492
-1.900000,0.300000,-0.885377
-1.850000,0.300000,-0.735242
-1.800000,0.300000,-0.630901
-1.750000,0.300000,-0.548241
-1.700000,0.300000,-0.479258
-1.650000,0.300000,-0.420089
-1.600000,0.300000,-0.368515
-1.550000,0.300000,-0.323122
-1.500000,0.300000,-0.282944
-1.450000,0.300000,-0.247288
-1.400000,0.300000,-0.215640
-1.350000,0.300000,-0.187605
-1.300000,0.300000,-0.162877
-1.250000,0.300000,-0.141214
-1.200000,0.300000,-0.122423
-1.150000,0.300000,-0.106350
-1.100000,0.300000,-0.092871
-1.050000,0.300000,-0.081889
-1.000000,0.300000,-0.073327
-0.950000,0.300000,-0.067128
-0.900000,0.300000,-0.063252
-0.850000,0.300000,-0.061675
-0.800000,0.300000,-0.062386
-0.750000,0.300000,-0.065390
-0.700000,0.300000,-0.070706
-0.650000,0.300000,-0.078368
-0.600000,0.300000,-0.088426
-0.550000,0.300000,-0.100950
-0.500000,0.300000,-0.116029
-0.450000,0.300000,-0.133775
-0.400000,0.300000,-0.154330
-0.350000,0.300000,-0.105560
-0.300000,0.300000,-0.051416
-0.250000,0.300000,-0.001974
-0.200000,0.300000,0.043348
-0.150000,0.300000,0.085003
-0.100000,0.300000,0.123349
-0.050000,0.300000,0.158675
-0.000000,0.300000,0.191220
0.050000,0.300000,0.221181
0.100000,0.300000,0.248723
0.150000,0.300000,0.273986
0.200000,0.300000,0.297089
0.250000,0.300000,0.318134
0.300000,0.300000,0.337208
0.350000,0.300000,0.354386
0.400000,0.300000,0.369731
0.450000,0.300000,0.383299
0.500000,0.300000,0.395136
0.550000,0.300000,0.405282
0.600000,0.300000,0.413769
0.650000,0.300000,0.420625
0.700000,0.300000,0.425870
0.750000,0.300000,0.429520
0.800000,0.300000,0.431587
0.850000,0.300000,0.432077
0.900000,0.300000,0.430991
0.950000,0.300000,0.428325
1.000000,0.300000,0.424073
1.050000,0.300000,0.418221
1.100000,0.300000,0.410751
1.150000,0.300000,0.401639
1.200000,0.300000,0.390858
1.250000,0.300000,0.378371
1.300000,0.300000,0.364136
1.350000,0.300000,0.348104
1.400000,0.300000,0.330217
1.450000,0.300000,0.310407
1.500000,0.300000,0.288594
1.550000,0.300000,0.264686
1.600000,0.300000,0.238576
1.650000,0.300000,0.210136
1.700000,0.300000,0.179219
1.750000,0.300000,0.145647
1.800000,0.300000,0.109208
1.850000,0.300000,0.069648
1.900000,0.300000,0.026652
1.950000,0.300000,-0.020170
2.000000,0.300000,-0.071315
2.050000,0.300000,-0.127426
2.100000,0.300000,-0.189371
2.150000,0.300000,-0.258357
2.200000,0.300000,-0.336163
2.250000,0.300000,-0.425606
2.300000,0.300000,-0.531677
2.350000,0.300000,-0.665063
2.400000,0.300000,-0.860855
2.450000,0.300000,
2.500000,0.300000,
2.550000,0.300000,
2.600000,0.300000,
2.650000,0.300000,
2.700000,0.300000,
2.750000,0.300000,
2.800000,0.300000,
2.850000,0.300000,
2.900000,0.300000,
2.950000,0.300000,
3.000000,0.300000,
3.050000,0.300000,
3.100000,0.300000,
3.150000,0.300000,
3.200000,0.300000,
3.250000,0.300000,
3.300000,0.300000,
3.350000,0.300000,
3.400000,0.300000,
3.450000,0.300000,
3.500000,0.300000,
-3.500000,0.350000,
-3.450000,0.350000,
-3.400000,0.350000,
-3.350000,0.350000,
-3.300000,0.350000,
-3.250000,0.350000,
-3.200000,0.350000,
-3.150000,0.350000,
-3.100000,0.350000,
-3.050000,0.350000,
-3.000000,0.350000,
-2.950000,0.350000,
-2.900000,0.350000,
-2.850000,0.350000,
-2.800000,0.350000,
-2.750000,0.350000,
-2.700000,0.350000,
-2.650000,0.350000,
-2.600000,0.350000,
-2.550000,0.350000,
-2.500000,0.350000,
-2.450000,0.350000,
-2.400000,0.350000,
-2.350000,0.350000,
-2.300000,0.350000,
-2.250000,0.350000,
-2.200000,0.350000,
-2.150000,0.350000,
-2.100000,0.350000,
-2.050000,0.350000,-2.748588
-2.000000,0.350000,-2.603873
-1.950000,0.350000,-2.487045
-1.900000,0.350000,-2.387490
-1.850000,0.350000,-0.972412
-1.800000,0.350000,-0.791889
-1.750000,0.350000,-0.680305
-1.700000,0.350000,-0.594811
-1.650000,0.350000,-0.524696
-1.600000,0.350000,-0.465253
-1.550000,0.350000,-0.413909
-1.500000,0.350000,-0.369075
-1.450000,0.350000,-0.329689
-1.400000,0.350000,-0.295002
-1.350000,0.350000,-0.264465
-1.300000,0.350000,-0.237662
-1.250000,0.350000,-0.214275
-1.200000,0.350000,-0.194054
-1.150000,0.350000,-0.176803
-1.100000,0.350000,-0.162367
-1.050000,0.350000,-0.150624
-1.000000,0.350000,-0.141482
-0.950000,0.350000,-0.134869
-0.900000,0.350000,-0.130737
-0.850000,0.350000,-0.129056
-0.800000,0.350000,-0.129813
-0.750000,0.350000,-0.133015
-0.700000,0.350000,-0.138685
-0.650000,0.350000,-0.146863
-0.600000,0.350000,-0.157613
-0.550000,0.350000,-0.171017
-0.500000,0.350000,-0.187186
-0.450000,0.350000,-0.190138
-0.400000,0.350000,-0.126635
-0.350000,0.350000,-0.069132
-0.300000,0.350000,-0.016720
-0.250000,0.350000,0.031277
-0.200000,0.350000,0.075375
-0.150000,0.350000,0.115981
-0.100000,0.350000,0.153419
-0.050000,0.350000,0.187954
-0.000000,0.350000,0.219806
0.050000,0.350000,0.249157
0.100000,0.350000,0.276160
0.150000,0.350000,0.300947
0.200000,0.350000,0.323629
0.250000,0.350000,0.344302
0.300000,0.350000,0.363047
0.350000,0.350000,0.379936
0.400000,0.350000,0.395028
0.450000,0.350000,0.408376
0.500000,0.350000,0.420025
0.550000,0.350000,0.430011
0.600000,0.350000,0.438367
0.650000,0.350000,0.445117
0.700000,0.350000,0.450282
0.750000,0.350000,0.453877
0.800000,0.350000,0.455913
0.850000,0.350000,0.456395
0.900000,0.350000,0.455326
0.950000,0.350000,0.452701
1.000000,0.350000,0.448513
1.050000,0.350000,0.442750
1.100000,0.350000,0.435395
1.150000,0.350000,0.426426
1.200000,0.350000,0.415814
1.250000,0.350000,0.403527
1.300000,0.350000,0.389525
1.350000,0.350000,0.373759
1.400000,0.350000,0.356176
1.450000,0.350000,0.336710
1.500000,0.350000,0.315288
1.550000,0.350000,0.291821
1.600000,0.350000,0.266209
1.650000,0.350000,0.238334
1.700000,0.350000,0.208057
1.750000,0.350000,0.175213
1.800000,0.350000,0.139607
1.850000,0.350000,0.101004
1.900000,0.350000,0.059119
1.950000,0.350000,0.013599
2.000000,0.350000,-0.036001
2.050000,0.350000,-0.090249
2.100000,0.350000,-0.149900
2.150000,0.350000,-0.215981
2.200000,0.350000,-0.289966
2.250000,0.350000,-0.374098
2.300000,0.350000,-0.472119
2.350000,0.350000,-0.591229
2.400000,0.350000,-0.749618
2.450000,0.350000,-1.079040
2.500000,0.350000,
2.550000,0.350000,
2.600000,0.350000,
2.650000,0.350000,
2.700000,0.350000,
2.750000,0.350000,
2.800000,0.350000,
2.850000,0.350000,
2.900000,0.350000,
2.950000,0.350000,
3.000000,0.350000,
3.050000,0.350000,
3.100000,0.350000,
3.150000,0.350000,
3.200000,0.350000,
3.250000,0.350000,
3.300000,0.350000,
3.350000,0.350000,
3.400000,0.350000,
3.450000,0.350000,
3.500000,0.350000,
-3.500000,0.400000,
-3.450000,0.400000,
-3.400000,0.400000,
-3.350000,0.400000,
-3.300000,0.400000,
-3.250000,0.400000,
-3.200000,0.400000,
-3.150000,0.400000,
-3.100000,0.400000,
-3.050000,0.400000,
-3.000000,0.400000,
-2.950000,0.400000,
-2.900000,0.400000,
-2.850000,0.400000,
-2.800000,0.400000,
-2.750000,0.400000,
-2.700000,0.400000,
-2.650000,0.400000,
-2.600000,0.400000,
-2.550000,0.400000,
-2.500000,0.400000,
-2.450000,0.400000,
-2.400000,0.400000,
-2.350000,0.400000,
-2.300000,0.400000,
-2.250000,0.400000,
-2.200000,0.400000,
-2.150000,0.400000,
-2.100000,0.400000,
-2.050000,0.400000,-2.718576
-2.000000,0.400000,-2.579755
-1.950000,0.400000,-2.466245
-1.900000,0.400000,-2.368879
-1.850000,0.400000,-2.283072
-1.800000,0.400000,-2.206135
-1.750000,0.400000,-0.876627
-1.700000,0.400000,-0.747588
-1.650000,0.400000,-0.655537
-1.600000,0.400000,-0.582343
-1.550000,0.400000,-0.521436
-1.500000,0.400000,-0.469531
-1.450000,0.400000,-0.424705
-1.400000,0.400000,-0.385721
-1.350000,0.400000,-0.351726
-1.300000,0.400000,-0.322110
-1.250000,0.400000,-0.296419
-1.200000,0.400000,-0.274310
-1.150000,0.400000,-0.255518
-1.100000,0.400000,-0.239839
-1.050000,0.400000,-0.227116
-1.000000,0.400000,-0.217226
-0.950000,0.400000,-0.210083
-0.900000,0.400000,-0.205624
-0.850000,0.400000,-0.203810
-0.800000,0.400000,-0.204628
-0.750000,0.400000,-0.208083
-0.700000,0.400000,-0.214204
-0.650000,0.400000,-0.223046
-0.600000,0.400000,-0.234684
-0.550000,0.400000,-0.249229
-0.500000,0.400000,-0.221102
-0.450000,0.400000,-0.153130
-0.400000,0.400000,-0.091835
-0.350000,0.400000,-0.036119
-0.300000,0.400000,0.014815
-0.250000,0.400000,0.061568
-0.200000,0.400000,0.104606
-0.150000,0.400000,0.144298
-0.100000,0.400000,0.180943
-0.050000,0.400000,0.214784
-0.000000,0.400000,0.246026
0.050000,0.400000,0.274839
0.100000,0.400000,0.301366
0.150000,0.400000,0.325731
0.200000,0.400000,0.348039
0.250000,0.400000,0.368380
0.300000,0.400000,0.386833
0.350000,0.400000,0.403464
0.400000,0.400000,0.418330
0.450000,0.400000,0.431482
0.500000,0.400000,0.442963
0.550000,0.400000,0.452807
0.600000,0.400000,0.461044
0.650000,0.400000,0.467700
0.700000,0.400000,0.472793
0.750000,0.400000,0.476339
0.800000,0.400000,0.478347
0.850000,0.400000,0.478822
0.900000,0.400000,0.477767
0.950000,0.400000,0.475179
1.000000,0.400000,0.471049
1.050000,0.400000,0.465366
1.100000,0.400000,0.458114
1.150000,0.400000,0.449272
1.200000,0.400000,0.438813
1.250000,0.400000,0.426704
1.300000,0.400000,0.412909
1.350000,0.400000,0.397381
1.400000,0.400000,0.380068
1.450000,0.400000,0.360909
1.500000,0.400000,0.339834
1.550000,0.400000,0.316759
1.600000,0.400000,0.291589
1.650000,0.400000,0.264212
1.700000,0.400000,0.234498
1.750000,0.400000,0.202294
1.800000,0.400000,0.167418
1.850000,0.400000,0.129652
1.900000,0.400000,0.088732
1.950000,0.400000,0.044336
2.000000,0.400000,-0.003938
2.050000,0.400000,-0.056602
2.100000,0.400000,-0.114321
2.150000,0.400000,-0.177993
2.200000,0.400000,-0.248870
2.250000,0.400000,-0.328806
2.300000,0.400000,-0.420754
2.350000,0.400000,-0.529994
2.400000,0.400000,-0.668033
2.450000,0.400000,-0.874614
2.500000,0.400000,
2.550000,0.400000,
2.600000,0.400000,
2.650000,0.400000,
2.700000,0.400000,
2.750000,0.400000,
2.800000,0.400000,
2.850000,0.400000,
2.900000,0.400000,
2.950000,0.400000,
3.000000,0.400000,
3.050000,0.400000,
3.100000,0.400000,
3.150000,0.400000,
3.200000,0.400000,
3.250000,0.400000,
3.300000,0.400000,
3.350000,0.400000,
3.400000,0.400000,
3.450000,0.400000,
3.500000,0.400000,
-3.500000,0.450000,
-3.450000,0.450000,
-3.400000,0.450000,
-3.350000,0.450000,
-3.300000,0.450000,
-3.250000,0.450000,
-3.200000,0.450000,
-3.150000,0.450000,
-3.100000,0.450000,
-3.050000,0.450000,
-3.000000,0.450000,
-2.950000,0.450000,
-2.900000,0.450000,
-2.850000,0.450000,
-2.800000,0.450000,
-2.750000,0.450000,
-2.700000,0.450000,
-2.650000,0.450000,
-2.600000,0.450000,
-2.550000,0.450000,
-2.500000,0.450000,
-2.450000,0.450000,
-2.400000,0.450000,
-2.350000,0.450000,
-2.300000,0.450000,
-2.250000,0.450000,
-2.200000,0.450000,
-2.150000,0.450000,
-2.100000,0.450000,
-2.050000,0.450000,-2.694028
-2.000000,0.450000,-2.559713
-1.950000,0.450000,-2.448829
-1.900000,0.450000,-2.353227
-1.850000,0.450000,-2.268705
-1.800000,0.450000,-2.192753
-1.750000,0.450000,-2.123729
-1.700000,0.450000,-1.040519
-1.650000,0.450000,-0.844158
-1.600000,0.450000,-0.736542
-1.550000,0.450000,-0.656420
-1.500000,0.450000,-0.591927
-1.450000,0.450000,-0.538140
-1.400000,0.450000,-0.492445
-1.350000,0.450000,-0.453260
-1.300000,0.450000,-0.419543
-1.250000,0.450000,-0.390570
-1.200000,0.450000,-0.365818
-1.150000,0.450000,-0.344900
-1.100000,0.450000,-0.327525
-1.050000,0.450000,-0.313474
-1.000000,0.450000,-0.302583
-0.950000,0.450000,-0.294730
-0.900000,0.450000,-0.289834
-0.850000,0.450000,-0.287844
-0.800000,0.450000,-0.288741
-0.750000,0.450000,-0.292533
-0.700000,0.450000,-0.299259
-0.650000,0.450000,-0.308989
-0.600000,0.450000,-0.321827
-0.550000,0.450000,-0.258690
-0.500000,0.450000,-0.185489
-0.450000,0.450000,-0.119853
-0.400000,0.450000,-0.060420
-0.350000,0.450000,-0.006228
-0.300000,0.450000,0.043436
-0.250000,0.450000,0.089114
-0.200000,0.450000,0.131231
-0.150000,0.450000,0.170126
-0.100000,0.450000,0.206075
-0.050000,0.450000,0.239306
-0.000000,0.450000,0.270011
0.050000,0.450000,0.298348
0.100000,0.450000,0.324454
0.150000,0.450000,0.348445
0.200000,0.450000,0.370421
0.250000,0.450000,0.390467
0.300000,0.450000,0.408659
0.350000,0.450000,0.425060
0.400000,0.450000,0.439725
0.450000,0.450000,0.452703
0.500000,0.450000,0.464032
0.550000,0.450000,0.473749
0.600000,0.450000,0.481881
0.650000,0.450000,0.488453
0.700000,0.450000,0.493482
0.750000,0.450000,0.496983
0.800000,0.450000,0.498966
0.850000,0.450000,0.499435
0.900000,0.450000,0.498393
0.950000,0.450000,0.495837
1.000000,0.450000,0.491759
1.050000,0.450000,0.486148
1.100000,0.450000,0.478989
1.150000,0.450000,0.470260
1.200000,0.450000,0.459937
1.250000,0.450000,0.447988
1.300000,0.450000,0.434377
1.350000,0.450000,0.419061
1.400000,0.450000,0.401989
1.450000,0.450000,0.383103
1.500000,0.450000,0.362336
1.550000,0.450000,0.339609
1.600000,0.450000,0.314830
1.650000,0.450000,0.287894
1.700000,0.450000,0.258679
1.750000,0.450000,0.227038
1.800000,0.450000,0.192803
1.850000,0.450000,0.155768
1.900000,0.450000,0.115690
1.950000,0.450000,0.072269
2.000000,0.450000,0.025139
2.050000,0.450000,-0.026167
2.100000,0.450000,-0.082248
2.150000,0.450000,-0.143897
2.200000,0.450000,-0.212207
2.250000,0.450000,-0.288753
2.300000,0.450000,-0.375958
2.350000,0.450000,-0.477930
2.400000,0.450000,-0.602792
2.450000,0.450000,-0.772343
2.500000,0.450000,
2.550000,0.450000,
2.600000,0.450000,
2.650000,0.450000,
2.700000,0.450000,
2.750000,0.450000,
2.800000,0.450000,
2.850000,0.450000,
2.900000,0.450000,
2.950000,0.450000,
3.000000,0.450000,
3.050000,0.450000,
3.100000,0.450000,
3.150000,0.450000,
3.200000,0.450000,
3.250000,0.450000,
3.300000,0.450000,
3.350000,0.450000,
3.400000,0.450000,
3.450000,0.450000,
3.500000,0.450000,
-3.500000,0.500000,
-3.450000,0.500000,
-3.400000,0.500000,
-3.350000,0.500000,
-3.300000,0.500000,
-3.250000,0.500000,
-3.200000,0.500000,
-3.150000,0.500000,
-3.100000,0.500000,
-3.050000,0.500000,
-3.000000,0.500000,
-2.950000,0.500000,
-2.900000,0.500000,
-2.850000,0.500000,
-2.800000,0.500000,
-2.750000,0.500000,
-2.700000,0.500000,
-2.650000,0.500000,
-2.600000,0.500000,
-2.550000,0.500000,
-2.500000,0.500000,
-2.450000,0.500000,
-2.400000,0.500000,
-2.350000,0.500000,
-2.300000,0.500000,
-2.250000,0.500000,
-2.200000,0.500000,
-2.150000,0.500000,
-2.100000,0.500000,
-2.050000,0.500000,-2.674314
-2.000000,0.500000,-2.543429
-1.950000,0.500000,-2.434596
-1.900000,0.500000,-2.340391
-1.850000,0.500000,-2.256895
-1.800000,0.500000,-2.181735
-1.750000,0.500000,-2.113344
-1.700000,0.500000,-2.050623
-1.650000,0.500000,-1.992764
-1.600000,0.500000,-1.023734
-1.550000,0.500000,-0.853772
-1.500000,0.500000,-0.755977
-1.450000,0.500000,-0.683098
-1.400000,0.500000,-0.624756
-1.350000,0.500000,-0.576535
-1.300000,0.500000,-0.536063
-1.250000,0.500000,-0.501899
-1.200000,0.500000,-0.473093
-1.150000,0.500000,-0.448989
-1.100000,0.500000,-0.429118
-1.050000,0.500000,-0.413140
-1.000000,0.500000,-0.400807
-0.950000,0.500000,-0.391943
-0.900000,0.500000,-0.386427
-0.850000,0.500000,-0.384188
-0.800000,0.500000,-0.385197
-0.750000,0.500000,-0.389467
-0.700000,0.500000,-0.397052
-0.650000,0.500000,-0.394745
-0.600000,0.500000,-0.303781
-0.550000,0.500000,-0.224325
-0.500000,0.500000,-0.153633
-0.450000,0.500000,-0.089959
-0.400000,0.500000,-0.032107
-0.350000,0.500000,0.020781
-0.300000,0.500000,0.069350
-0.250000,0.500000,0.114095
-0.200000,0.500000,0.155409
-0.150000,0.500000,0.193606
-0.100000,0.500000,0.228946
-0.050000,0.500000,0.261641
-0.000000,0.500000,0.291871
0.050000,0.500000,0.319788
0.100000,0.500000,0.345521
0.150000,0.500000,0.369181
0.200000,0.500000,0.390862
0.250000,0.500000,0.410647
0.300000,0.500000,0.428607
0.350000,0.500000,0.444803
0.400000,0.500000,0.459289
0.450000,0.500000,0.472110
0.500000,0.500000,0.483306
0.550000,0.500000,0.492909
0.600000,0.500000,0.500947
0.650000,0.500000,0.507443
0.700000,0.500000,0.512415
0.750000,0.500000,0.515876
0.800000,0.500000,0.517836
0.850000,0.500000,0.518301
0.900000,0.500000,0.517271
0.950000,0.500000,0.514743
1.000000,0.500000,0.510712
1.050000,0.500000,0.505165
1.100000,0.500000,0.498088
1.150000,0.500000,0.489460
1.200000,0.500000,0.479258
1.250000,0.500000,0.467452
1.300000,0.500000,0.454006
1.350000,0.500000,0.438878
1.400000,0.500000,0.422021
1.450000,0.500000,0.403378
1.500000,0.500000,0.382885
1.550000,0.500000,0.360465
1.600000,0.500000,0.336033
1.650000,0.500000,0.309488
1.700000,0.500000,0.280712
1.750000,0.500000,0.249568
1.800000,0.500000,0.215895
1.850000,0.500000,0.179501
1.900000,0.500000,0.140158
1.950000,0.500000,0.097586
2.000000,0.500000,0.051445
2.050000,0.500000,0.001307
2.100000,0.500000,-0.053374
2.150000,0.500000,-0.113313
2.200000,0.500000,-0.179478
2.250000,0.500000,-0.253240
2.300000,0.500000,-0.336652
2.350000,0.500000,-0.433049
2.400000,0.500000,-0.548596
2.450000,0.500000,-0.697587
2.500000,0.500000,-0.941242
2.550000,0.500000,
2.600000,0.500000,
2.650000,0.500000,
2.700000,0.500000,
2.750000,0.500000,
2.800000,0.500000,
2.850000,0.500000,
2.900000,0.500000,
2.950000,0.500000,
3.000000,0.500000,
3.050000,0.500000,
3.100000,0.500000,
3.150000,0.500000,
3.200000,0.500000,
3.250000,0.500000,
3.300000,0.500000,
3.350000,0.500000,
3.400000,0.500000,
3.450000,0.500000,
3.500000,0.500000,
-3.500000,0.550000,
-3.450000,0.550000,
-3.400000,0.550000,
-3.350000,0.550000,
-3.300000,0.550000,
-3.250000,0.550000,
-3.200000,0.550000,
-3.150000,0.550000,
-3.100000,0.550000,
-3.050000,0.550000,
-3.000000,0.550000,
-2.950000,0.550000,
-2.900000,0.550000,
-2.850000,0.550000,
-2.800000,0.550000,
-2.750000,0.550000,
-2.700000,0.550000,
-2.650000,0.550000,
-2.600000,0.550000,
-2.550000,0.550000,
-2.500000,0.550000,
-2.450000,0.550000,
-2.400000,0.550000,
-2.350000,0.550000,
-2.300000,0.550000,
-2.250000,0.550000,
-2.200000,0.550000,
-2.150000,0.550000,
-2.100000,0.550000,
-2.050000,0.550000,-2.658997
-2.000000,0.550000,-2.530667
-1.950000,0.550000,-2.423394
-1.900000,0.550000,-2.330261
-1.850000,0.550000,-2.247558
-1.800000,0.550000,-2.173013
-1.750000,0.550000,-2.105116
-1.700000,0.550000,-2.042801
-1.650000,0.550000,-1.985282
-1.600000,0.550000,-1.931960
-1.550000,0.550000,-1.882367
-1.500000,0.550000,-1.836126
-1.450000,0.550000,-0.910385
-1.400000,0.550000,-0.811026
-1.350000,0.550000,-0.740525
-1.300000,0.550000,-0.685686
-1.250000,0.550000,-0.641466
-1.200000,0.550000,-0.605294
-1.150000,0.550000,-0.575661
-1.100000,0.550000,-0.551603
-1.050000,0.550000,-0.532472
-1.000000,0.550000,-0.517825
-0.950000,0.550000,-0.507357
-0.900000,0.550000,-0.500867
-0.850000,0.550000,-0.498237
-0.800000,0.550000,-0.499422
-0.750000,0.550000,-0.504441
-0.700000,0.550000,-0.459167
-0.650000,0.550000,-0.357646
-0.600000,0.550000,-0.270489
-0.550000,0.550000,-0.193782
-0.500000,0.550000,-0.125185
-0.450000,0.550000,-0.063169
-0.400000,0.550000,-0.006666
-0.350000,0.550000,0.045101
-0.300000,0.550000,0.092723
-0.250000,0.550000,0.136659
-0.200000,0.550000,0.177273
-0.150000,0.550000,0.214861
-0.100000,0.550000,0.249666
-0.050000,0.550000,0.281890
-0.000000,0.550000,0.311703
0.050000,0.550000,0.339249
0.100000,0.550000,0.364652
0.150000,0.550000,0.388018
0.200000,0.550000,0.409438
0.250000,0.550000,0.428991
0.300000,0.550000,0.446746
0.350000,0.550000,0.462760
0.400000,0.550000,0.477087
0.450000,0.550000,0.489769
0.500000,0.550000,0.500846
0.550000,0.550000,0.510347
0.600000,0.550000,0.518302
0.650000,0.550000,0.524731
0.700000,0.550000,0.529652
0.750000,0.550000,0.533078
0.800000,0.550000,0.535018
0.850000,0.550000,0.535478
0.900000,0.550000,0.534458
0.950000,0.550000,0.531956
1.000000,0.550000,0.527966
1.050000,0.550000,0.522476
1.100000,0.550000,0.515472
1.150000,0.550000,0.506935
1.200000,0.550000,0.496841
1.250000,0.550000,0.485161
1.300000,0.550000,0.471861
1.350000,0.550000,0.456902
1.400000,0.550000,0.440235
1.450000,0.550000,0.421808
1.500000,0.550000,0.401557
1.550000,0.550000,0.379410
1.600000,0.550000,0.355285
1.650000,0.550000,0.329084
1.700000,0.550000,0.300695
1.750000,0.550000,0.269988
1.800000,0.550000,0.236809
1.850000,0.550000,0.200977
1.900000,0.550000,0.162276
1.950000,0.550000,0.120443
2.000000,0.550000,0.075159
2.050000,0.550000,0.026028
2.100000,0.550000,-0.027453
2.150000,0.550000,-0.085937
2.200000,0.550000,-0.150298
2.250000,0.550000,-0.221751
2.300000,0.550000,-0.302076
2.350000,0.550000,-0.394079
2.400000,0.550000,-0.502685
2.450000,0.550000,-0.638260
2.500000,0.550000,-0.833279
2.550000,0.550000,
2.600000,0.550000,
2.650000,0.550000,
2.700000,0.550000,
2.750000,0.550000,
2.800000,0.550000,
2.850000,0.550000,
2.900000,0.550000,
2.950000,0.550000,
3.000000,0.550000,
3.050000,0.550000,
3.100000,0.550000,
3.150000,0.550000,
3.200000,0.550000,
3.250000,0.550000,
3.300000,0.550000,
3.350000,0.550000,
3.400000,0.550000,
3.450000,0.550000,
3.500000,0.550000,
-3.500000,0.600000,
-3.450000,0.600000,
-3.400000,0.600000,
-3.350000,0.600000,
-3.300000,0.600000,
-3.250000,0.600000,
-3.200000,0.600000,
-3.150000,0.600000,
-3.100000,0.600000,
-3.050000,0.600000,
-3.000000,0.600000,
-2.950000,0.600000,
-2.900000,0.600000,
-2.850000,0.600000,
-2.800000,0.600000,
-2.750000,0.600000,
-2.700000,0.600000,
-2.650000,0.600000,
-2.600000,0.600000,
-2.550000,0.600000,
-2.500000,0.600000,
-2.450000,0.600000,
-2.400000,0.600000,
-2.350000,0.600000,
-2.300000,0.600000,
-2.250000,0.600000,
-2.200000,0.600000,
-2.150000,0.600000,
-2.100000,0.600000,
-2.050000,0.600000,-2.647773
-2.000000,0.600000,-2.521259
-1.950000,0.600000,-2.415108
-1.900000,0.600000,-2.322754
-1.850000,0.600000,-2.240629
-1.800000,0.600000,-2.166534
-1.750000,0.600000,-2.098999
-1.700000,0.600000,-2.036982
-1.650000,0.600000,-1.979715
-1.600000,0.600000,-1.926607
-1.550000,0.600000,-1.877198
-1.500000,0.600000,-1.831119
-1.450000,0.600000,-1.788066
-1.400000,0.600000,-1.668621
-1.350000,0.600000,-1.092630
-1.300000,0.600000,-0.926098
-1.250000,0.600000,-0.845369
-1.200000,0.600000,-0.788479
-1.150000,0.600000,-0.745367
-1.100000,0.600000,-0.711991
-1.050000,0.600000,-0.686265
-1.000000,0.600000,-0.666978
-0.950000,0.600000,-0.653386
-0.900000,0.600000,-0.645034
-0.850000,0.600000,-0.641665
-0.800000,0.600000,-0.643182
-0.750000,0.600000,-0.538256
-0.700000,0.600000,-0.422218
-0.650000,0.600000,-0.325206
-0.600000,0.600000,-0.241139
-0.550000,0.600000,-0.166707
-0.500000,0.600000,-0.099869
-0.450000,0.600000,-0.039259
-0.400000,0.600000,0.016090
-0.350000,0.600000,0.066893
-0.300000,0.600000,0.113698
-0.250000,0.600000,0.156931
-0.200000,0.600000,0.196936
-0.150000,0.600000,0.233992
-0.100000,0.600000,0.268329
-0.050000,0.600000,0.300140
-0.000000,0.600000,0.329586
0.050000,0.600000,0.356807
0.100000,0.600000,0.381920
0.150000,0.600000,0.405027
0.200000,0.600000,0.426217
0.250000,0.600000,0.445565
0.300000,0.600000,0.463137
0.350000,0.600000,0.478991
0.400000,0.600000,0.493177
0.450000,0.600000,0.505736
0.500000,0.600000,0.516707
0.550000,0.600000,0.526119
0.600000,0.600000,0.533999
0.650000,0.600000,0.540368
0.700000,0.600000,0.545244
0.750000,0.600000,0.548639
0.800000,0.600000,0.550561
0.850000,0.600000,0.551017
0.900000,0.600000,0.550007
0.950000,0.600000,0.547528
1.000000,0.600000,0.543574
1.050000,0.600000,0.538135
1.100000,0.600000,0.531196
1.150000,0.600000,0.522739
1.200000,0.600000,0.512740
1.250000,0.600000,0.501173
1.300000,0.600000,0.488002
1.350000,0.600000,0.473191
1.400000,0.600000,0.456693
1.450000,0.600000,0.438456
1.500000,0.600000,0.418419
1.550000,0.600000,0.396513
1.600000,0.600000,0.372658
1.650000,0.600000,0.346760
1.700000,0.600000,0.318712
1.750000,0.600000,0.288389
1.800000,0.600000,0.255643
1.850000,0.600000,0.220302
1.900000,0.600000,0.182159
1.950000,0.600000,0.140968
2.000000,0.600000,0.096428
2.050000,0.600000,0.048166
2.100000,0.600000,-0.004286
2.150000,0.600000,-0.061530
2.200000,0.600000,-0.124365
2.250000,0.600000,-0.193887
2.300000,0.600000,-0.271675
2.350000,0.600000,-0.360150
2.400000,0.600000,-0.463406
2.450000,0.600000,-0.589482
2.500000,0.600000,-0.759647
2.550000,0.600000,
2.600000,0.600000,
2.650000,0.600000,
2.700000,0.600000,
2.750000,0.600000,
2.800000,0.600000,
2.850000,0.600000,
2.900000,0.600000,
2.950000,0.600000,
3.000000,0.600000,
3.050000,0.600000,
3.100000,0.600000,
3.150000,0.600000,
3.200000,0.600000,
3.250000,0.600000,
3.300000,0.600000,
3.350000,0.600000,
3.400000,0.600000,
3.450000,0.600000,
3.500000,0.600000,
-3.500000,0.650000,
-3.450000,0.650000,
-3.400000,0.650000,
-3.350000,0.650000,
-3.300000,0.650000,
-3.250000,0.650000,
-3.200000,0.650000,
-3.150000,0.650000,
-3.100000,0.650000,
-3.050000,0.650000,
-3.000000,0.650000,
-2.950000,0.650000,
-2.900000,0.650000,
-2.850000,0.650000,
-2.800000,0.650000,
-2.750000,0.650000,
-2.700000,0.650000,
-2.650000,0.650000,
-2.600000,0.650000,
-2.550000,0.650000,
-2.500000,0.650000,
-2.450000,0.650000,
-2.400000,0.650000,
-2.350000,0.650000,
-2.300000,0.650000,
-2.250000,0.650000,
-2.200000,0.650000,
-2.150000,0.650000,
-2.100000,0.650000,
-2.050000,0.650000,-2.640439
-2.000000,0.650000,-2.515086
-1.950000,0.650000,-2.409659
-1.900000,0.650000,-2.317810
-1.850000,0.650000,-2.236062
-1.800000,0.650000,-2.162261
-1.750000,0.650000,-2.094962
-1.700000,0.650000,-2.033141
-1.650000,0.650000,-1.976038
-1.600000,0.650000,-1.923071
-1.550000,0.650000,-1.873783
-1.500000,0.650000,-1.827810
-1.450000,0.650000,-1.726457
-1.400000,0.650000,-1.594940
-1.350000,0.650000,-1.487917
-1.300000,0.650000,-1.396482
-1.250000,0.650000,-1.316206
-1.200000,0.650000,-1.244501
-1.150000,0.650000,-1.179694
-1.100000,0.650000,-1.002096
-1.050000,0.650000,-0.938555
-1.000000,0.650000,-0.899445
-0.950000,0.650000,-0.874351
-0.900000,0.650000,-0.859678
-0.850000,0.650000,-0.838882
-0.800000,0.650000,-0.638709
-0.750000,0.650000,-0.500661
-0.700000,0.650000,-0.390308
-0.650000,0.650000,-0.296897
-0.600000,0.650000,-0.215359
-0.550000,0.650000,-0.142822
-0.500000,0.650000,-0.077465
-0.450000,0.650000,-0.018049
-0.400000,0.650000,0.036315
-0.350000,0.650000,0.086291
-0.300000,0.650000,0.132390
-0.250000,0.650000,0.175016
-0.200000,0.650000,0.214493
-0.150000,0.650000,0.251086
-0.100000,0.650000,0.285016
-0.050000,0.650000,0.316465
-0.000000,0.650000,0.345591
0.050000,0.650000,0.372527
0.100000,0.650000,0.397386
0.150000,0.650000,0.420266
0.200000,0.650000,0.441253
0.250000,0.650000,0.460421
0.300000,0.650000,0.477834
0.350000,0.650000,0.493547
0.400000,0.650000,0.507608
0.450000,0.650000,0.520059
0.500000,0.650000,0.530936
0.550000,0.650000,0.540270
0.600000,0.650000,0.548084
0.650000,0.650000,0.554401
0.700000,0.650000,0.559237
0.750000,0.650000,0.562604
0.800000,0.650000,0.564511
0.850000,0.650000,0.564963
0.900000,0.650000,0.563961
0.950000,0.650000,0.561502
1.000000,0.650000,0.557580
1.050000,0.650000,0.552186
1.100000,0.650000,0.545304
1.150000,0.650000,0.536918
1.200000,0.650000,0.527004
1.250000,0.650000,0.515535
1.300000,0.650000,0.502479
1.350000,0.650000,0.487798
1.400000,0.650000,0.471448
1.450000,0.650000,0.453378
1.500000,0.650000,0.433530
1.550000,0.650000,0.411835
1.600000,0.650000,0.388217
1.650000,0.650000,0.362585
1.700000,0.650000,0.334835
1.750000,0.650000,0.304846
1.800000,0.650000,0.272478
1.850000,0.650000,0.237564
1.900000,0.650000,0.199908
1.950000,0.650000,0.159273
2.000000,0.650000,0.115375
2.050000,0.650000,0.067861
2.100000,0.650000,0.016292
2.150000,0.650000,-0.039896
2.200000,0.650000,-0.101439
2.250000,0.650000,-0.169343
2.300000,0.650000,-0.245030
2.350000,0.650000,-0.330640
2.400000,0.650000,-0.429681
2.450000,0.650000,-0.548701
2.500000,0.650000,-0.703229
2.550000,0.650000,-0.966436
2.600000,0.650000,
2.650000,0.650000,
2.700000,0.650000,
2.750000,0.650000,
2.800000,0.650000,
2.850000,0.650000,
2.900000,0.650000,
2.950000,0.650000,
3.000000,0.650000,
3.050000,0.650000,
3.100000,0.650000,
3.150000,0.650000,
3.200000,0.650000,
3.250000,0.650000,
3.300000,0.650000,
3.350000,0.650000,
3.400000,0.650000,
3.450000,0.650000,
3.500000,0.650000,
-3.500000,0.700000,
-3.450000,0.700000,
-3.400000,0.700000,
-3.350000,0.700000,
-3.300000,0.700000,
-3.250000,0.700000,
-3.200000,0.700000,
-3.150000,0.700000,
-3.100000,0.700000,
-3.050000,0.700000,
-3.000000,0.700000,
-2.950000,0.700000,
-2.900000,0.700000,
-2.850000,0.700000,
-2.800000,0.700000,
-2.750000,0.700000,
-2.700000,0.700000,
-2.650000,0.700000,
-2.600000,0.700000,
-2.550000,0.700000,
-2.500000,0.700000,
-2.450000,0.700000,
-2.400000,0.700000,
-2.350000,0.700000,
-2.300000,0.700000,
-2.250000,0.700000,
-2.200000,0.700000,
-2.150000,0.700000,
-2.100000,0.700000,
-2.050000,0.700000,-2.636866
-2.000000,0.700000,-2.512072
-1.950000,0.700000,-2.406995
-1.900000,0.700000,-2.315391
-1.850000,0.700000,-2.233826
-1.800000,0.700000,-2.160168
-1.750000,0.700000,-2.092985
-1.700000,0.700000,-2.031260
-1.650000,0.700000,-1.974236
-1.600000,0.700000,-1.921338
-1.550000,0.700000,-1.872110
-1.500000,0.700000,-1.801287
-1.450000,0.700000,-1.649991
-1.400000,0.700000,-1.531727
-1.350000,0.700000,-1.432615
-1.300000,0.700000,-1.346560
-1.250000,0.700000,-1.270230
-1.200000,0.700000,-1.201566
-1.150000,0.700000,-1.139187
-1.100000,0.700000,-1.082115
-1.050000,0.700000,-1.029625
-1.000000,0.700000,-0.981163
-0.950000,0.700000,-0.936293
-0.900000,0.700000,-0.894669
-0.850000,0.700000,-0.777210
-0.800000,0.700000,-0.598813
-0.750000,0.700000,-0.468746
-0.700000,0.700000,-0.362828
-0.650000,0.700000,-0.272320
-0.600000,0.700000,-0.192864
-0.550000,0.700000,-0.121905
-0.500000,0.700000,-0.057793
-0.450000,0.700000,0.000611
-0.400000,0.700000,0.054136
-0.350000,0.700000,0.103405
-0.300000,0.700000,0.148899
-0.250000,0.700000,0.191002
-0.200000,0.700000,0.230024
-0.150000,0.700000,0.266217
-0.100000,0.700000,0.299793
-0.050000,0.700000,0.330930
-0.000000,0.700000,0.359778
0.050000,0.700000,0.386466
0.100000,0.700000,0.411103
0.150000,0.700000,0.433786
0.200000,0.700000,0.454597
0.250000,0.700000,0.473608
0.300000,0.700000,0.490881
0.350000,0.700000,0.506470
0.400000,0.700000,0.520423
0.450000,0.700000,0.532780
0.500000,0.700000,0.543576
0.550000,0.700000,0.552840
0.600000,0.700000,0.560597
0.650000,0.700000,0.566868
0.700000,0.700000,0.571669
0.750000,0.700000,0.575012
0.800000,0.700000,0.576905
0.850000,0.700000,0.577354
0.900000,0.700000,0.576359
0.950000,0.700000,0.573918
1.000000,0.700000,0.570024
1.050000,0.700000,0.564669
1.100000,0.700000,0.557837
1.150000,0.700000,0.549513
1.200000,0.700000,0.539672
1.250000,0.700000,0.528290
1.300000,0.700000,0.515333
1.350000,0.700000,0.500766
1.400000,0.700000,0.484546
1.450000,0.700000,0.466622
1.500000,0.700000,0.446938
1.550000,0.700000,0.425427
1.600000,0.700000,0.402015
1.650000,0.700000,0.376614
1.700000,0.700000,0.349123
1.750000,0.700000,0.319425
1.800000,0.700000,0.287384
1.850000,0.700000,0.252840
1.900000,0.700000,0.215603
1.950000,0.700000,0.175448
2.000000,0.700000,0.132102
2.050000,0.700000,0.085229
2.100000,0.700000,0.034413
2.150000,0.700000,-0.020876
2.200000,0.700000,-0.081329
2.250000,0.700000,-0.147875
2.300000,0.700000,-0.221819
2.350000,0.700000,-0.305087
2.400000,0.700000,-0.400765
2.450000,0.700000,-0.514388
2.500000,0.700000,-0.658123
2.550000,0.700000,-0.875067
2.600000,0.700000,
2.650000,0.700000,
2.700000,0.700000,
2.750000,0.700000,
2.800000,0.700000,
2.850000,0.700000,
2.900000,0.700000,
2.950000,0.700000,
3.000000,0.700000,
3.050000,0.700000,
3.100000,0.700000,
3.150000,0.700000,
3.200000,0.700000,
3.250000,0.700000,
3.300000,0.700000,
3.350000,0.700000,
3.400000,0.700000,
3.450000,0.700000,
3.500000,0.700000,
-3.500000,0.750000,
-3.450000,0.750000,
-3.400000,0.750000,
-3.350000,0.750000,
-3.300000,0.750000,
-3.250000,0.750000,
-3.200000,0.750000,
-3.150000,0.750000,
-3.100000,0.750000,
-3.050000,0.750000,
-3.000000,0.750000,
-2.950000,0.750000,
-2.900000,0.750000,
-2.850000,0.750000,
-2.800000,0.750000,
-2.750000,0.750000,
-2.700000,0.750000,
-2.650000,0.750000,
-2.600000,0.750000,
-2.550000,0.750000,
-2.500000,0.750000,
-2.450000,0.750000,
-2.400000,0.750000,
-2.350000,0.750000,
-2.300000,0.750000,
-2.250000,0.750000,
-2.200000,0.750000,
-2.150000,0.750000,
-2.100000,0.750000,
-2.050000,0.750000,-2.636997
-2.000000,0.750000,-2.512182
-1.950000,0.750000,-2.407093
-1.900000,0.750000,-2.315480
-1.850000,0.750000,-2.233908
-1.800000,0.750000,-2.160245
-1.750000,0.750000,-2.093058
-1.700000,0.750000,-2.031329
-1.650000,0.750000,-1.974303
-1.600000,0.750000,-1.921401
-1.550000,0.750000,-1.872171
-1.500000,0.750000,-1.719086
-1.450000,0.750000,-1.585374
-1.400000,0.750000,-1.476521
-1.350000,0.750000,-1.383465
-1.300000,0.750000,-1.301707
-1.250000,0.750000,-1.228616
-1.200000,0.750000,-1.162497
-1.150000,0.750000,-1.102179
-1.100000,0.750000,-1.046813
-1.050000,0.750000,-0.995761
-1.000000,0.750000,-0.948527
-0.950000,0.750000,-0.904719
-0.900000,0.750000,-0.864020
-0.850000,0.750000,-0.730129
-0.800000,0.750000,-0.565824
-0.750000,0.750000,-0.441749
-0.700000,0.750000,-0.339330
-0.650000,0.750000,-0.251173
-0.600000,0.750000,-0.173427
-0.550000,0.750000,-0.103779
-0.500000,0.750000,-0.040710
-0.450000,0.750000,0.016843
-0.400000,0.750000,0.069659
-0.350000,0.750000,0.118327
-0.300000,0.750000,0.163306
-0.250000,0.750000,0.204963
-0.200000,0.750000,0.243595
-0.150000,0.750000,0.279446
-0.100000,0.750000,0.312720
-0.050000,0.750000,0.343588
-0.000000,0.750000,0.372197
0.050000,0.750000,0.398671
0.100000,0.750000,0.423118
0.150000,0.750000,0.445631
0.200000,0.750000,0.466290
0.250000,0.750000,0.485165
0.300000,0.750000,0.502317
0.350000,0.750000,0.517800
0.400000,0.750000,0.531659
0.450000,0.750000,0.543934
0.500000,0.750000,0.554660
0.550000,0.750000,0.563864
0.600000,0.750000,0.571572
0.650000,0.750000,0.577803
0.700000,0.750000,0.582574
0.750000,0.750000,0.585896
0.800000,0.750000,0.587777
0.850000,0.750000,0.588223
0.900000,0.750000,0.587234
0.950000,0.750000,0.584808
1.000000,0.750000,0.580939
1.050000,0.750000,0.575618
1.100000,0.750000,0.568830
1.150000,0.750000,0.560558
1.200000,0.750000,0.550782
1.250000,0.750000,0.539474
1.300000,0.750000,0.526603
1.350000,0.750000,0.512135
1.400000,0.750000,0.496026
1.450000,0.750000,0.478228
1.500000,0.750000,0.458686
1.550000,0.750000,0.437334
1.600000,0.750000,0.414100
1.650000,0.750000,0.388897
1.700000,0.750000,0.361629
1.750000,0.750000,0.332181
1.800000,0.750000,0.300420
1.850000,0.750000,0.266193
1.900000,0.750000,0.229316
1.950000,0.750000,0.189571
2.000000,0.750000,0.146695
2.050000,0.750000,0.100367
2.100000,0.750000,0.050190
2.150000,0.750000,-0.004341
2.200000,0.750000,-0.063877
2.250000,0.750000,-0.129291
2.300000,0.750000,-0.201791
2.350000,0.750000,-0.283144
2.400000,0.750000,-0.376121
2.450000,0.750000,-0.485547
2.500000,0.750000,-0.621453
2.550000,0.750000,-0.814181
2.600000,0.750000,
2.650000,0.750000,
2.700000,0.750000,
2.750000,0.750000,
2.800000,0.750000,
2.850000,0.750000,
2.900000,0.750000,
2.950000,0.750000,
3.000000,0.750000,
3.050000,0.750000,
3.100000,0.750000,
3.150000,0.750000,
3.200000,0.750000,
3.250000,0.750000,
3.300000,0.750000,
3.350000,0.750000,
3.400000,0.750000,
3.450000,0.750000,
3.500000,0.750000,
-3.500000,0.800000,
-3.450000,0.800000,
-3.400000,0.800000,
-3.350000,0.800000,
-3.300000,0.800000,
-3.250000,0.800000,
-3.200000,0.800000,
-3.150000,0.800000,
-3.100000,0.800000,
-3.050000,0.800000,
-3.000000,0.800000,
-2.950000,0.800000,
-2.900000,0.800000,
-2.850000,0.800000,
-2.800000,0.800000,
-2.750000,0.800000,
-2.700000,0.800000,
-2.650000,0.800000,
-2.600000,0.800000,
-2.550000,0.800000,
-2.500000,0.800000,
-2.450000,0.800000,
-2.400000,0.800000,
-2.350000,0.800000,
-2.300000,0.800000,
-2.250000,0.800000,
-2.200000,0.800000,
-2.150000,0.800000,
-2.100000,0.800000,
-2.050000,0.800000,-2.640833
-2.000000,0.800000,-2.515418
-1.950000,0.800000,-2.409953
-1.900000,0.800000,-2.318077
-1.850000,0.800000,-2.236308
-1.800000,0.800000,-2.162491
-1.750000,0.800000,-2.095180
-1.700000,0.800000,-2.033349
-1.650000,0.800000,-1.976236
-1.600000,0.800000,-1.923262
-1.550000,0.800000,-1.808308
-1.500000,0.800000,-1.651355
-1.450000,0.800000,-1.529555
-1.400000,0.800000,-1.427770
-1.350000,0.800000,-1.339506
-1.300000,0.800000,-1.261256
-1.250000,0.800000,-1.190867
-1.200000,0.800000,-1.126904
-1.150000,0.800000,-1.068351
-1.100000,0.800000,-1.014460
-1.050000,0.800000,-0.964659
-1.000000,0.800000,-0.918500
-0.950000,0.800000,-0.875626
-0.900000,0.800000,-0.835745
-0.850000,0.800000,-0.693154
-0.800000,0.800000,-0.538630
-0.750000,0.800000,-0.419127
-0.700000,0.800000,-0.319477
-0.650000,0.800000,-0.233217
-0.600000,0.800000,-0.156869
-0.550000,0.800000,-0.088302
-0.500000,0.800000,-0.026098
-0.450000,0.800000,0.030746
-0.400000,0.800000,0.082969
-0.350000,0.800000,0.131133
-0.300000,0.800000,0.175680
-0.250000,0.800000,0.216961
-0.200000,0.800000,0.255264
-0.150000,0.800000,0.290826
-0.100000,0.800000,0.323843
-0.050000,0.800000,0.354484
-0.000000,0.800000,0.382891
0.050000,0.800000,0.409184
0.100000,0.800000,0.433469
0.150000,0.800000,0.455837
0.200000,0.800000,0.476367
0.250000,0.800000,0.495127
0.300000,0.800000,0.512177
0.350000,0.800000,0.527569
0.400000,0.800000,0.541348
0.450000,0.800000,0.553553
0.500000,0.800000,0.564219
0.550000,0.800000,0.573372
0.600000,0.800000,0.581038
0.650000,0.800000,0.587235
0.700000,0.800000,0.591980
0.750000,0.800000,0.595284
0.800000,0.800000,0.597155
0.850000,0.800000,0.597599
0.900000,0.800000,0.596615
0.950000,0.800000,0.594202
1.000000,0.800000,0.590354
1.050000,0.800000,0.585061
1.100000,0.800000,0.578311
1.150000,0.800000,0.570085
1.200000,0.800000,0.560362
1.250000,0.800000,0.549118
1.300000,0.800000,0.536321
1.350000,0.800000,0.521936
1.400000,0.800000,0.505922
1.450000,0.800000,0.488232
1.500000,0.800000,0.468810
1.550000,0.800000,0.447593
1.600000,0.800000,0.424509
1.650000,0.800000,0.399476
1.700000,0.800000,0.372396
1.750000,0.800000,0.343160
1.800000,0.800000,0.311638
1.850000,0.800000,0.277678
1.900000,0.800000,0.241105
1.950000,0.800000,0.201705
2.000000,0.800000,0.159225
2.050000,0.800000,0.113355
2.100000,0.800000,0.063713
2.150000,0.800000,0.009815
2.200000,0.800000,-0.048959
2.250000,0.800000,-0.113435
2.300000,0.800000,-0.184749
2.350000,0.800000,-0.264544
2.400000,0.800000,-0.355354
2.450000,0.800000,-0.461495
2.500000,0.800000,-0.591567
2.550000,0.800000,-0.769064
2.600000,0.800000,
2.650000,0.800000,
2.700000,0.800000,
2.750000,0.800000,
2.800000,0.800000,
2.850000,0.800000,
2.900000,0.800000,
2.950000,0.800000,
3.000000,0.800000,
3.050000,0.800000,
3.100000,0.800000,
3.150000,0.800000,
3.200000,0.800000,
3.250000,0.800000,
3.300000,0.800000,
3.350000,0.800000,
3.400000,0.800000,
3.450000,0.800000,
3.500000,0.800000,
-3.500000,0.850000,
-3.450000,0.850000,
-3.400000,0.850000,
-3.350000,0.850000,
-3.300000,0.850000,
-3.250000,0.850000,
-3.200000,0.850000,
-3.150000,0.850000,
-3.100000,0.850000,
-3.050000,0.850000,
-3.000000,0.850000,
-2.950000,0.850000,
-2.900000,0.850000,
-2.850000,0.850000,
-2.800000,0.850000,
-2.750000,0.850000,
-2.700000,0.850000,
-2.650000,0.850000,
-2.600000,0.850000,
-2.550000,0.850000,
-2.500000,0.850000,
-2.450000,0.850000,
-2.400000,0.850000,
-2.350000,0.850000,
-2.300000,0.850000,
-2.250000,0.850000,
-2.200000,0.850000,
-2.150000,0.850000,
-2.100000,0.850000,
-2.050000,0.850000,-2.648438
-2.000000,0.850000,-2.521818
-1.950000,0.850000,-2.415600
-1.900000,0.850000,-2.323200
-1.850000,0.850000,-2.241041
-1.800000,0.850000,-2.166920
-1.750000,0.850000,-2.099363
-1.700000,0.850000,-2.037329
-1.650000,0.850000,-1.980046
-1.600000,0.850000,-1.926926
-1.550000,0.850000,-1.734095
-1.500000,0.850000,-1.593820
-1.450000,0.850000,-1.480698
-1.400000,0.850000,-1.384425
-1.350000,0.850000,-1.300042
-1.300000,0.850000,-1.224704
-1.250000,0.850000,-1.156595
-1.200000,0.850000,-1.094473
-1.150000,0.850000,-1.037443
-1.100000,0.850000,-0.984833
-1.050000,0.850000,-0.936126
-1.000000,0.850000,-0.890913
-0.950000,0.850000,-0.848863
-0.900000,0.850000,-0.809706
-0.850000,0.850000,-0.663996
-0.800000,0.850000,-0.516492
-0.750000,0.850000,-0.400488
-0.700000,0.850000,-0.303016
-0.650000,0.850000,-0.218271
-0.600000,0.850000,-0.143050
-0.550000,0.850000,-0.075361
-0.500000,0.850000,-0.013861
-0.450000,0.850000,0.042402
-0.400000,0.850000,0.094137
-0.350000,0.850000,0.141887
-0.300000,0.850000,0.186076
-0.250000,0.850000,0.227047
-0.200000,0.850000,0.265078
-0.150000,0.850000,0.300400
-0.100000,0.850000,0.333205
-0.050000,0.850000,0.363657
-0.000000,0.850000,0.391895
0.050000,0.850000,0.418037
0.100000,0.850000,0.442188
0.150000,0.850000,0.464436
0.200000,0.850000,0.484858
0.250000,0.850000,0.503522
0.300000,0.850000,0.520486
0.350000,0.850000,0.535803
0.400000,0.850000,0.549515
0.450000,0.850000,0.561663
0.500000,0.850000,0.572278
0.550000,0.850000,0.581389
0.600000,0.850000,0.589019
0.650000,0.850000,0.595188
0.700000,0.850000,0.599911
0.750000,0.850000,0.603201
0.800000,0.850000,0.605064
0.850000,0.850000,0.605505
0.900000,0.850000,0.604526
0.950000,0.850000,0.602124
1.000000,0.850000,0.598293
1.050000,0.850000,0.593025
1.100000,0.850000,0.586305
1.150000,0.850000,0.578116
1.200000,0.850000,0.568439
1.250000,0.850000,0.557248
1.300000,0.850000,0.544512
1.350000,0.850000,0.530198
1.400000,0.850000,0.514263
1.450000,0.850000,0.496662
1.500000,0.850000,0.477340
1.550000,0.850000,0.456236
1.600000,0.850000,0.433278
1.650000,0.850000,0.408385
1.700000,0.850000,0.381462
1.750000,0.850000,0.352401
1.800000,0.850000,0.321077
1.850000,0.850000,0.287340
1.900000,0.850000,0.251017
1.950000,0.850000,0.211903
2.000000,0.850000,0.169750
2.050000,0.850000,0.124258
2.100000,0.850000,0.075056
2.150000,0.850000,0.021678
2.200000,0.850000,-0.036472
2.250000,0.850000,-0.100184
2.300000,0.850000,-0.170538
2.350000,0.850000,-0.249080
2.400000,0.850000,-0.338169
2.450000,0.850000,-0.441747
2.500000,0.850000,-0.567430
2.550000,0.850000,-0.734605
2.600000,0.850000,-1.098832
2.650000,0.850000,
2.700000,0.850000,
2.750000,0.850000,
2.800000,0.850000,
2.850000,0.850000,
2.900000,0.850000,
2.950000,0.850000,
3.000000,0.850000,
3.050000,0.850000,
3.100000,0.850000,
3.150000,0.850000,
3.200000,0.850000,
3.250000,0.850000,
3.300000,0.850000,
3.350000,0.850000,
3.400000,0.850000,
3.450000,0.850000,
3.500000,0.850000,
-3.500000,0.900000,
-3.450000,0.900000,
-3.400000,0.900000,
-3.350000,0.900000,
-3.300000,0.900000,
-3.250000,0.900000,
-3.200000,0.900000,
-3.150000,0.900000,
-3.100000,0.900000,
-3.050000,0.900000,
-3.000000,0.900000,
-2.950000,0.900000,
-2.900000,0.900000,
-2.850000,0.900000,
-2.800000,0.900000,
-2.750000,0.900000,
-2.700000,0.900000,
-2.650000,0.900000,
-2.600000,0.900000,
-2.550000,0.900000,
-2.500000,0.900000,
-2.450000,0.900000,
-2.400000,0.900000,
-2.350000,0.900000,
-2.300000,0.900000,
-2.250000,0.900000,
-2.200000,0.900000,
-2.150000,0.900000,
-2.100000,0.900000,
-2.050000,0.900000,-2.659944
-2.000000,0.900000,-2.531459
-1.950000,0.900000,-2.424090
-1.900000,0.900000,-2.330891
-1.850000,0.900000,-2.248139
-1.800000,0.900000,-2.173556
-1.750000,0.900000,-2.105628
-1.700000,0.900000,-2.043288
-1.650000,0.900000,-1.985748
-1.600000,0.900000,-1.842927
-1.550000,0.900000,-1.672849
-1.500000,0.900000,-1.544098
-1.450000,0.900000,-1.437597
-1.400000,0.900000,-1.345736
-1.350000,0.900000,-1.264551
-1.300000,0.900000,-1.191658
-1.250000,0.900000,-1.125491
-1.200000,0.900000,-1.064953
-1.150000,0.900000,-1.009243
-1.100000,0.900000,-0.957751
-1.050000,0.900000,-0.910004
-1.000000,0.900000,-0.865624
-0.950000,0.900000,-0.824302
-0.900000,0.900000,-0.785786
-0.850000,0.900000,-0.641321
-0.800000,0.900000,-0.498897
-0.750000,0.900000,-0.385541
-0.700000,0.900000,-0.289751
-0.650000,0.900000,-0.206191
-0.600000,0.900000,-0.131858
-0.550000,0.900000,-0.064863
-0.500000,0.900000,-0.003925
-0.450000,0.900000,0.051875
-0.400000,0.900000,0.103221
-0.350000,0.900000,0.150638
-0.300000,0.900000,0.194541
-0.250000,0.900000,0.235263
-0.200000,0.900000,0.273075
-0.150000,0.900000,0.308203
-0.100000,0.900000,0.340838
-0.050000,0.900000,0.371137
-0.000000,0.900000,0.399239
0.050000,0.900000,0.425260
0.100000,0.900000,0.449302
0.150000,0.900000,0.471452
0.200000,0.900000,0.491787
0.250000,0.900000,0.510374
0.300000,0.900000,0.527269
0.350000,0.900000,0.542524
0.400000,0.900000,0.556183
0.450000,0.900000,0.568283
0.500000,0.900000,0.578858
0.550000,0.900000,0.587935
0.600000,0.900000,0.595536
0.650000,0.900000,0.601683
0.700000,0.900000,0.606389
0.750000,0.900000,0.609666
0.800000,0.900000,0.611522
0.850000,0.900000,0.611962
0.900000,0.900000,0.610986
0.950000,0.900000,0.608593
1.000000,0.900000,0.604776
1.050000,0.900000,0.599527
1.100000,0.900000,0.592832
1.150000,0.900000,0.584675
1.200000,0.900000,0.575034
1.250000,0.900000,0.563886
1.300000,0.900000,0.551200
1.350000,0.900000,0.536942
1.400000,0.900000,0.521071
1.450000,0.900000,0.503542
1.500000,0.900000,0.484302
1.550000,0.900000,0.463288
1.600000,0.900000,0.440432
1.650000,0.900000,0.415652
1.700000,0.900000,0.388856
1.750000,0.900000,0.359937
1.800000,0.900000,0.328771
1.850000,0.900000,0.295214
1.900000,0.900000,0.259094
1.950000,0.900000,0.220209
2.000000,0.900000,0.178319
2.050000,0.900000,0.133129
2.100000,0.900000,0.084280
2.150000,0.900000,0.031317
2.200000,0.900000,-0.026336
2.250000,0.900000,-0.089442
2.300000,0.900000,-0.159037
2.350000,0.900000,-0.236595
2.400000,0.900000,-0.324343
2.450000,0.900000,-0.425954
2.500000,0.900000,-0.548355
2.550000,0.900000,-0.708330
2.600000,0.900000,-0.993862
2.650000,0.900000,
2.700000,0.900000,
2.750000,0.900000,
2.800000,0.900000,
2.850000,0.900000,
2.900000,0.900000,
2.950000,0.900000,
3.000000,0.900000,
3.050000,0.900000,
3.100000,0.900000,
3.150000,0.900000,
3.200000,0.900000,
3.250000,0.900000,
3.300000,0.900000,
3.350000,0.900000,
3.400000,0.900000,
3.450000,0.900000,
3.500000,0.900000,
-3.500000,0.950000,
-3.450000,0.950000,
-3.400000,0.950000,
-3.350000,0.950000,
-3.300000,0.950000,
-3.250000,0.950000,
-3.200000,0.950000,
-3.150000,0.950000,
-3.100000,0.950000,
-3.050000,0.950000,
-3.000000,0.950000,
-2.950000,0.950000,
-2.900000,0.950000,
-2.850000,0.950000,
-2.800000,0.950000,
-2.750000,0.950000,
-2.700000,0.950000,
-2.650000,0.950000,
-2.600000,0.950000,
-2.550000,0.950000,
-2.500000,0.950000,
-2.450000,0.950000,
-2.400000,0.950000,
-2.350000,0.950000,
-2.300000,0.950000,
-2.250000,0.950000,
-2.200000,0.950000,
-2.150000,0.950000,
-2.100000,0.950000,
-2.050000,0.950000,
-2.000000,0.950000,-2.544463
-1.950000,0.950000,-2.435503
-1.900000,0.950000,-2.341210
-1.850000,0.950000,-2.257649
-1.800000,0.950000,-2.182439
-1.750000,0.950000,-2.114008
-1.700000,0.950000,-2.051254
-1.650000,0.950000,-1.993367
-1.600000,0.950000,-1.773454
-1.550000,0.950000,-1.620967
-1.500000,0.950000,-1.500699
-1.450000,0.950000,-1.399408
-1.400000,0.950000,-1.311148
-1.350000,0.950000,-1.232630
-1.300000,0.950000,-1.161809
-1.250000,0.950000,-1.097305
-1.200000,0.950000,-1.038136
-1.150000,0.950000,-0.983574
-1.100000,0.950000,-0.933061
-1.050000,0.950000,-0.886157
-1.000000,0.950000,-0.842511
-0.950000,0.950000,-0.801833
-0.900000,0.950000,-0.763887
-0.850000,0.950000,-0.624297
-0.800000,0.950000,-0.485486
-0.750000,0.950000,-0.374075
-0.700000,0.950000,-0.279539
-0.650000,0.950000,-0.196869
-0.600000,0.950000,-0.123207
-0.550000,0.950000,-0.056740
-0.500000,0.950000,0.003771
-0.450000,0.950000,0.059217
-0.400000,0.950000,0.110265
-0.350000,0.950000,0.157428
-0.300000,0.950000,0.201111
-0.250000,0.950000,0.241641
-0.200000,0.950000,0.279285
-0.150000,0.950000,0.314265
-0.100000,0.950000,0.346767
-0.050000,0.950000,0.376950
-0.000000,0.950000,0.404947
0.050000,0.950000,0.430874
0.100000,0.950000,0.454832
0.150000,0.950000,0.476907
0.200000,0.950000,0.497175
0.250000,0.950000,0.515702
0.300000,0.950000,0.532544
0.350000,0.950000,0.547752
0.400000,0.950000,0.561369
0.450000,0.950000,0.573433
0.500000,0.950000,0.583976
0.550000,0.950000,0.593026
0.600000,0.950000,0.600606
0.650000,0.950000,0.606735
0.700000,0.950000,0.611427
0.750000,0.950000,0.614695
0.800000,0.950000,0.616546
0.850000,0.950000,0.616984
0.900000,0.950000,0.616012
0.950000,0.950000,0.613625
1.000000,0.950000,0.609820
1.050000,0.950000,0.604585
1.100000,0.950000,0.597909
1.150000,0.950000,0.589776
1.200000,0.950000,0.580164
1.250000,0.950000,0.569049
1.300000,0.950000,0.556401
1.350000,0.950000,0.542186
1.400000,0.950000,0.526365
1.450000,0.950000,0.508892
1.500000,0.950000,0.489714
1.550000,0.950000,0.468771
1.600000,0.950000,0.445992
1.650000,0.950000,0.421300
1.700000,0.950000,0.394602
1.750000,0.950000,0.365793
1.800000,0.950000,0.334749
1.850000,0.950000,0.301329
1.900000,0.950000,0.265365
1.950000,0.950000,0.226657
2.000000,0.950000,0.184968
2.050000,0.950000,0.140011
2.100000,0.950000,0.091431
2.150000,0.950000,0.038786
2.200000,0.950000,-0.018489
2.250000,0.950000,-0.081134
2.300000,0.950000,-0.150153
2.350000,0.950000,-0.226967
2.400000,0.950000,-0.313711
2.450000,0.950000,-0.413862
2.500000,0.950000,-0.533875
2.550000,0.950000,-0.688852
2.600000,0.950000,-0.945821
2.650000,0.950000,
2.700000,0.950000,
2.750000,0.950000,
2.800000,0.950000,
2.850000,0.950000,
2.900000,0.950000,
2.950000,0.950000,
3.000000,0.950000,
3.050000,0.950000,
3.100000,0.950000,
3.150000,0.950000,
3.200000,0.950000,
3.250000,0.950000,
3.300000,0.950000,
3.350000,0.950000,
3.400000,0.950000,
3.450000,0.950000,
3.500000,0.950000,
-3.500000,1.000000,
-3.450000,1.000000,
-3.400000,1.000000,
-3.350000,1.000000,
-3.300000,1.000000,
-3.250000,1.000000,
-3.200000,1.000000,
-3.150000,1.000000,
-3.100000,1.000000,
-3.050000,1.000000,
-3.000000,1.000000,
-2.950000,1.000000,
-2.900000,1.000000,
-2.850000,1.000000,
-2.800000,1.000000,
-2.750000,1.000000,
-2.700000,1.000000,
-2.650000,1.000000,
-2.600000,1.000000,
-2.550000,1.000000,
-2.500000,1.000000,
-2.450000,1.000000,
-2.400000,1.000000,
-2.350000,1.000000,
-2.300000,1.000000,
-2.250000,1.000000,
-2.200000,1.000000,
-2.150000,1.000000,
-2.100000,1.000000,
-2.050000,1.000000,
-2.000000,1.000000,-2.561005
-1.950000,1.000000,-2.449955
-1.900000,1.000000,-2.354241
-1.850000,1.000000,-2.269637
-1.800000,1.000000,-2.193621
-1.750000,1.000000,-2.124547
-1.700000,1.000000,-2.061265
-1.650000,1.000000,-1.912787
-1.600000,1.000000,-1.716756
-1.550000,1.000000,-1.576385
-1.500000,1.000000,-1.462620
-1.450000,1.000000,-1.365520
-1.400000,1.000000,-1.280235
-1.350000,1.000000,-1.203963
-1.300000,1.000000,-1.134908
-1.250000,1.000000,-1.071834
-1.200000,1.000000,-1.013852
-1.150000,1.000000,-0.960290
-1.100000,1.000000,-0.910633
-1.050000,1.000000,-0.864471
-1.000000,1.000000,-0.821471
-0.950000,1.000000,-0.781363
-0.900000,1.000000,-0.743921
-0.850000,1.000000,-0.612392
-0.800000,1.000000,-0.476011
-0.750000,1.000000,-0.365937
-0.700000,1.000000,-0.272273
-0.650000,1.000000,-0.190225
-0.600000,1.000000,-0.117035
-0.550000,1.000000,-0.050940
-0.500000,1.000000,0.009270
-0.450000,1.000000,0.064467
-0.400000,1.000000,0.115303
-0.350000,1.000000,0.162286
-0.300000,1.000000,0.205813
-0.250000,1.000000,0.246207
-0.200000,1.000000,0.283731
-0.150000,1.000000,0.318606
-0.100000,1.000000,0.351015
-0.050000,1.000000,0.381113
-0.000000,1.000000,0.409036
0.050000,1.000000,0.434897
0.100000,1.000000,0.458795
0.150000,1.000000,0.480817
0.200000,1.000000,0.501037
0.250000,1.000000,0.519520
0.300000,1.000000,0.536324
0.350000,1.000000,0.551499
0.400000,1.000000,0.565086
0.450000,1.000000,0.577124
0.500000,1.000000,0.587645
0.550000,1.000000,0.596676
0.600000,1.000000,0.604240
0.650000,1.000000,0.610356
0.700000,1.000000,0.615039
0.750000,1.000000,0.618300
0.800000,1.000000,0.620147
0.850000,1.000000,0.620585
0.900000,1.000000,0.619614
0.950000,1.000000,0.617233
1.000000,1.000000,0.613435
1.050000,1.000000,0.608211
1.100000,1.000000,0.601549
1.150000,1.000000,0.593433
1.200000,1.000000,0.583841
1.250000,1.000000,0.572749
1.300000,1.000000,0.560129
1.350000,1.000000,0.545946
1.400000,1.000000,0.530160
1.450000,1.000000,0.512727
1.500000,1.000000,0.493593
1.550000,1.000000,0.472699
1.600000,1.000000,0.449977
1.650000,1.000000,0.425347
1.700000,1.000000,0.398718
1.750000,1.000000,0.369987
1.800000,1.000000,0.339031
1.850000,1.000000,0.305709
1.900000,1.000000,0.269855
1.950000,1.000000,0.231272
2.000000,1.000000,0.189727
2.050000,1.000000,0.144934
2.100000,1.000000,0.096545
2.150000,1.000000,0.044124
2.200000,1.000000,-0.012882
2.250000,1.000000,-0.075202
2.300000,1.000000,-0.143816
2.350000,1.000000,-0.220110
2.400000,1.000000,-0.306152
2.450000,1.000000,-0.405292
2.500000,1.000000,-0.523674
2.550000,1.000000,-0.675342
2.600000,1.000000,-0.917220
2.650000,1.000000,
2.700000,1.000000,
2.750000,1.000000,
2.800000,1.000000,
2.850000,1.000000,
2.900000,1.000000,
2.950000,1.000000,
3.000000,1.000000,
3.050000,1.000000,
3.100000,1.000000,
3.150000,1.000000,
3.200000,1.000000,
3.250000,1.000000,
3.300000,1.000000,
3.350000,1.000000,
3.400000,1.000000,
3.450000,1.000000,
3.500000,1.000000,
-3.500000,1.050000,
-3.450000,1.050000,
-3.400000,1.050000,
-3.350000,1.050000,
-3.300000,1.050000,
-3.250000,1.050000,
-3.200000,1.050000,
-3.150000,1.050000,
-3.100000,1.050000,
-3.050000,1.050000,
-3.000000,1.050000,
-2.950000,1.050000,
-2.900000,1.050000,
-2.850000,1.050000,
-2.800000,1.050000,
-2.750000,1.050000,
-2.700000,1.050000,
-2.650000,1.050000,
-2.600000,1.050000,
-2.550000,1.050000,
-2.500000,1.050000,
-2.450000,1.050000,
-2.400000,1.050000,
-2.350000,1.050000,
-2.300000,1.050000,
-2.250000,1.050000,
-2.200000,1.050000,
-2.150000,1.050000,
-2.100000,1.050000,
-2.050000,1.050000,
-2.000000,1.050000,-2.581324
-1.950000,1.050000,-2.467604
-1.900000,1.050000,-2.370098
-1.850000,1.050000,-2.284189
-1.800000,1.050000,-2.207174
-1.750000,1.050000,-2.137304
-1.700000,1.050000,-2.073370
-1.650000,1.050000,-1.843646
-1.600000,1.050000,-1.669287
-1.550000,1.050000,-1.537794
-1.500000,1.050000,-1.429151
-1.450000,1.050000,-1.335471
-1.400000,1.050000,-1.252668
-1.350000,1.050000,-1.178296
-1.300000,1.050000,-1.110751
-1.250000,1.050000,-1.048911
-1.200000,1.050000,-0.991956
-1.150000,1.050000,-0.939267
-1.100000,1.050000,-0.890359
-1.050000,1.050000,-0.844846
-1.000000,1.050000,-0.802416
-0.950000,1.050000,-0.762811
-0.900000,1.050000,-0.725815
-0.850000,1.050000,-0.605274
-0.800000,1.050000,-0.470310
-0.750000,1.050000,-0.361026
-0.700000,1.050000,-0.267880
-0.650000,1.050000,-0.186204
-0.600000,1.050000,-0.113297
-0.550000,1.050000,-0.047425
-0.500000,1.050000,0.012604
-0.450000,1.050000,0.067650
-0.400000,1.050000,0.118360
-0.350000,1.050000,0.165233
-0.300000,1.050000,0.208666
-0.250000,1.050000,0.248978
-0.200000,1.050000,0.286430
-0.150000,1.050000,0.321241
-0.100000,1.050000,0.353593
-0.050000,1.050000,0.383642
-0.000000,1.050000,0.411519
0.050000,1.050000,0.437340
0.100000,1.050000,0.461202
0.150000,1.050000,0.483191
0.200000,1.050000,0.503382
0.250000,1.050000,0.521840
0.300000,1.050000,0.538621
0.350000,1.050000,0.553775
0.400000,1.050000,0.567345
0.450000,1.050000,0.579367
0.500000,1.050000,0.589874
0.550000,1.050000,0.598894
0.600000,1.050000,0.606448
0.650000,1.050000,0.612557
0.700000,1.050000,0.617234
0.750000,1.050000,0.620491
0.800000,1.050000,0.622336
0.850000,1.050000,0.622773
0.900000,1.050000,0.621803
0.950000,1.050000,0.619425
1.000000,1.050000,0.615632
1.050000,1.050000,0.610414
1.100000,1.050000,0.603761
1.150000,1.050000,0.595654
1.200000,1.050000,0.586075
1.250000,1.050000,0.574998
1.300000,1.050000,0.562394
1.350000,1.050000,0.548229
1.400000,1.050000,0.532465
1.450000,1.050000,0.515056
1.500000,1.050000,0.495949
1.550000,1.050000,0.475086
1.600000,1.050000,0.452397
1.650000,1.050000,0.427805
1.700000,1.050000,0.401218
1.750000,1.050000,0.372533
1.800000,1.050000,0.341630
1.850000,1.050000,0.308367
1.900000,1.050000,0.272580
1.950000,1.050000,0.234073
2.000000,1.050000,0.192614
2.050000,1.050000,0.147920
2.100000,1.050000,0.099647
2.150000,1.050000,0.047362
2.200000,1.050000,-0.009484
2.250000,1.050000,-0.071608
2.300000,1.050000,-0.139979
2.350000,1.050000,-0.215961
2.400000,1.050000,-0.301585
2.450000,1.050000,-0.400125
2.500000,1.050000,-0.517546
2.550000,1.050000,-0.667303
2.600000,1.050000,-0.901390
2.650000,1.050000,
2.700000,1.050000,
2.750000,1.050000,
2.800000,1.050000,
2.850000,1.050000,
2.900000,1.050000,
2.950000,1.050000,
3.000000,1.050000,
3.050000,1.050000,
3.100000,1.050000,
3.150000,1.050000,
3.200000,1.050000,
3.250000,1.050000,
3.300000,1.050000,
3.350000,1.050000,
3.400000,1.050000,
3.450000,1.050000,
3.500000,1.050000,
-3.500000,1.100000,
-3.450000,1.100000,
-3.400000,1.100000,
-3.350000,1.100000,
-3.300000,1.100000,
-3.250000,1.100000,
-3.200000,1.100000,
-3.150000,1.100000,
-3.100000,1.100000,
-3.050000,1.100000,
-3.000000,1.100000,
-2.950000,1.100000,
-2.900000,1.100000,
-2.850000,1.100000,
-2.800000,1.100000,
-2.750000,1.100000,
-2.700000,1.100000,
-2.650000,1.100000,
-2.600000,1.100000,
-2.550000,1.100000,
-2.500000,1.100000,
-2.450000,1.100000,
-2.400000,1.100000,
-2.350000,1.100000,
-2.300000,1.100000,
-2.250000,1.100000,
-2.200000,1.100000,
-2.150000,1.100000,
-2.100000,1.100000,
-2.050000,1.100000,
-2.000000,1.100000,-2.605746
-1.950000,1.100000,-2.488652
-1.900000,1.100000,-2.388924
-1.850000,1.100000,-2.301417
-1.800000,1.100000,-2.223184
-1.750000,1.100000,-2.152350
-1.700000,1.100000,-2.047280
-1.650000,1.100000,-1.789006
-1.600000,1.100000,-1.629037
-1.550000,1.100000,-1.504304
-1.500000,1.100000,-1.399767
-1.450000,1.100000,-1.308906
-1.400000,1.100000,-1.228185
-1.350000,1.100000,-1.155426
-1.300000,1.100000,-1.089172
-1.250000,1.100000,-1.028394
-1.200000,1.100000,-0.972331
-1.150000,1.100000,-0.920400
-1.100000,1.100000,-0.872145
-1.050000,1.100000,-0.827202
-1.000000,1.100000,-0.785271
-0.950000,1.100000,-0.746107
-0.900000,1.100000,-0.709503
-0.850000,1.100000,-0.602757
-0.800000,1.100000,-0.468287
-0.750000,1.100000,-0.359281
-0.700000,1.100000,-0.266318
-0.650000,1.100000,-0.184774
-0.600000,1.100000,-0.111966
-0.550000,1.100000,-0.046173
-0.500000,1.100000,0.013791
-0.450000,1.100000,0.068784
-0.400000,1.100000,0.119448
-0.350000,1.100000,0.166283
-0.300000,1.100000,0.209683
-0.250000,1.100000,0.249965
-0.200000,1.100000,0.287392
-0.150000,1.100000,0.322180
-0.100000,1.100000,0.354512
-0.050000,1.100000,0.384543
-0.000000,1.100000,0.412404
0.050000,1.100000,0.438210
0.100000,1.100000,0.462060
0.150000,1.100000,0.484037
0.200000,1.100000,0.504218
0.250000,1.100000,0.522667
0.300000,1.100000,0.539440
0.350000,1.100000,0.554586
0.400000,1.100000,0.568149
0.450000,1.100000,0.580166
0.500000,1.100000,0.590669
0.550000,1.100000,0.599684
0.600000,1.100000,0.607236
0.650000,1.100000,0.613341
0.700000,1.100000,0.618016
0.750000,1.100000,0.621272
0.800000,1.100000,0.623116
0.850000,1.100000,0.623553
0.900000,1.100000,0.622584
0.950000,1.100000,0.620206
1.000000,1.100000,0.616414
1.050000,1.100000,0.611200
1.100000,1.100000,0.604549
1.150000,1.100000,0.596446
1.200000,1.100000,0.586871
1.250000,1.100000,0.575799
1.300000,1.100000,0.563201
1.350000,1.100000,0.549043
1.400000,1.100000,0.533287
1.450000,1.100000,0.515886
1.500000,1.100000,0.496789
1.550000,1.100000,0.475936
1.600000,1.100000,0.453259
1.650000,1.100000,0.428680
1.700000,1.100000,0.402109
1.750000,1.100000,0.373441
1.800000,1.100000,0.342556
1.850000,1.100000,0.309314
1.900000,1.100000,0.273551
1.950000,1.100000,0.235071
2.000000,1.100000,0.193643
2.050000,1.100000,0.148984
2.100000,1.100000,0.100751
2.150000,1.100000,0.048514
2.200000,1.100000,-0.008274
2.250000,1.100000,-0.070329
2.300000,1.100000,-0.138614
2.350000,1.100000,-0.214485
2.400000,1.100000,-0.299961
2.450000,1.100000,-0.398290
2.500000,1.100000,-0.515374
2.550000,1.100000,-0.664467
2.600000,1.100000,-0.895977
2.650000,1.100000,
2.700000,1.100000,
2.750000,1.100000,
2.800000,1.100000,
2.850000,1.100000,
2.900000,1.100000,
2.950000,1.100000,
3.000000,1.100000,
3.050000,1.100000,
3.100000,1.100000,
3.150000,1.100000,
3.200000,1.100000,
3.250000,1.100000,
3.300000,1.100000,
3.350000,1.100000,
3.400000,1.100000,
3.450000,1.100000,
3.500000,1.100000,
-3.500000,1.150000,
-3.450000,1.150000,
-3.400000,1.150000,
-3.350000,1.150000,
-3.300000,1.150000,
-3.250000,1.150000,
-3.200000,1.150000,
-3.150000,1.150000,
-3.100000,1.150000,
-3.050000,1.150000,
-3.000000,1.150000,
-2.950000,1.150000,
-2.900000,1.150000,
-2.850000,1.150000,
-2.800000,1.150000,
-2.750000,1.150000,
-2.700000,1.150000,
-2.650000,1.150000,
-2.600000,1.150000,
-2.550000,1.150000,
-2.500000,1.150000,
-2.450000,1.150000,
-2.400000,1.150000,
-2.350000,1.150000,
-2.300000,1.150000,
-2.250000,1.150000,
-2.200000,1.150000,
-2.150000,1.150000,
-2.100000,1.150000,
-2.050000,1.150000,
-2.000000,1.150000,
-1.950000,1.150000,-2.513370
-1.900000,1.150000,-2.410907
-1.850000,1.150000,-2.321459
-1.800000,1.150000,-2.241763
-1.750000,1.150000,-2.169778
-1.700000,1.150000,-1.964388
-1.650000,1.150000,-1.744440
-1.600000,1.150000,-1.594740
-1.550000,1.150000,-1.475281
-1.500000,1.150000,-1.374072
-1.450000,1.150000,-1.285547
-1.400000,1.150000,-1.206575
-1.350000,1.150000,-1.135183
-1.300000,1.150000,-1.070034
-1.250000,1.150000,-1.010170
-1.200000,1.150000,-0.954875
-1.150000,1.150000,-0.903600
-1.100000,1.150000,-0.855913
-1.050000,1.150000,-0.811465
-1.000000,1.150000,-0.769970
-0.950000,1.150000,-0.731192
-0.900000,1.150000,-0.694932
-0.850000,1.150000,-0.604778
-0.800000,1.150000,-0.469911
-0.750000,1.150000,-0.360682
-0.700000,1.150000,-0.267572
-0.650000,1.150000,-0.185922
-0.600000,1.150000,-0.113035
-0.550000,1.150000,-0.047178
-0.500000,1.150000,0.012838
-0.450000,1.150000,0.067873
-0.400000,1.150000,0.118574
-0.350000,1.150000,0.165440
-0.300000,1.150000,0.208866
-0.250000,1.150000,0.249172
-0.200000,1.150000,0.286620
-0.150000,1.150000,0.321426
-0.100000,1.150000,0.353774
-0.050000,1.150000,0.383819
-0.000000,1.150000,0.411694
0.050000,1.150000,0.437511
0.100000,1.150000,0.461371
0.150000,1.150000,0.483358
0.200000,1.150000,0.503547
0.250000,1.150000,0.522003
0.300000,1.150000,0.538782
0.350000,1.150000,0.553935
0.400000,1.150000,0.567503
0.450000,1.150000,0.579524
0.500000,1.150000,0.590031
0.550000,1.150000,0.599050
0.600000,1.150000,0.606603
0.650000,1.150000,0.612711
0.700000,1.150000,0.617388
0.750000,1.150000,0.620645
0.800000,1.150000,0.622489
0.850000,1.150000,0.622926
0.900000,1.150000,0.621957
0.950000,1.150000,0.619579
1.000000,1.150000,0.615786
1.050000,1.150000,0.610569
1.100000,1.150000,0.603916
1.150000,1.150000,0.595810
1.200000,1.150000,0.586232
1.250000,1.150000,0.575155
1.300000,1.150000,0.562553
1.350000,1.150000,0.548390
1.400000,1.150000,0.532627
1.450000,1.150000,0.515219
1.500000,1.150000,0.496114
1.550000,1.150000,0.475253
1.600000,1.150000,0.452567
1.650000,1.150000,0.427977
1.700000,1.150000,0.401394
1.750000,1.150000,0.372712
1.800000,1.150000,0.341812
1.850000,1.150000,0.308554
1.900000,1.150000,0.272771
1.950000,1.150000,0.234270
2.000000,1.150000,0.192817
2.050000,1.150000,0.148130
2.100000,1.150000,0.099864
2.150000,1.150000,0.047589
2.200000,1.150000,-0.009246
2.250000,1.150000,-0.071356
2.300000,1.150000,-0.139710
2.350000,1.150000,-0.215670
2.400000,1.150000,-0.301265
2.450000,1.150000,-0.399763
2.500000,1.150000,-0.517117
2.550000,1.150000,-0.666744
2.600000,1.150000,-0.900315
2.650000,1.150000,
2.700000,1.150000,
2.750000,1.150000,
2.800000,1.150000,
2.850000,1.150000,
2.900000,1.150000,
2.950000,1.150000,
3.000000,1.150000,
3.050000,1.150000,
3.100000,1.150000,
3.150000,1.150000,
3.200000,1.150000,
3.250000,1.150000,
3.300000,1.150000,
3.350000,1.150000,
3.400000,1.150000,
3.450000,1.150000,
3.500000,1.150000,
-3.500000,1.200000,
-3.450000,1.200000,
-3.400000,1.200000,
-3.350000,1.200000,
-3.300000,1.200000,
-3.250000,1.200000,
-3.200000,1.200000,
-3.150000,1.200000,
-3.100000,1.200000,
-3.050000,1.200000,
-3.000000,1.200000,
-2.950000,1.200000,
-2.900000,1.200000,
-2.850000,1.200000,
-2.800000,1.200000,
-2.750000,1.200000,
-2.700000,1.200000,
-2.650000,1.200000,
-2.600000,1.200000,
-2.550000,1.200000,
-2.500000,1.200000,
-2.450000,1.200000,
-2.400000,1.200000,
-2.350000,1.200000,
-2.300000,1.200000,
-2.250000,1.200000,
-2.200000,1.200000,
-2.150000,1.200000,
-2.100000,1.200000,
-2.050000,1.200000,
-2.000000,1.200000,
-1.950000,1.200000,-2.542108
-1.900000,1.200000,-2.436284
-1.850000,1.200000,-2.344491
-1.800000,1.200000,-2.263046
-1.750000,1.200000,-2.189697
-1.700000,1.200000,-1.905501
-1.650000,1.200000,-1.707607
-1.600000,1.200000,-1.565542
-1.550000,1.200000,-1.450257
-1.500000,1.200000,-1.351761
-1.450000,1.200000,-1.265173
-1.400000,1.200000,-1.187668
-1.350000,1.200000,-1.117433
-1.300000,1.200000,-1.053223
-1.250000,1.200000,-0.994139
-1.200000,1.200000,-0.939503
-1.150000,1.200000,-0.888793
-1.100000,1.200000,-0.841596
-1.050000,1.200000,-0.797576
-1.000000,1.200000,-0.756458
-0.950000,1.200000,-0.718015
-0.900000,1.200000,-0.682053
-0.850000,1.200000,-0.611387
-0.800000,1.200000,-0.475207
-0.750000,1.200000,-0.365246
-0.700000,1.200000,-0.271654
-0.650000,1.200000,-0.189659
-0.600000,1.200000,-0.116509
-0.550000,1.200000,-0.050445
-0.500000,1.200000,0.009739
-0.450000,1.200000,0.064914
-0.400000,1.200000,0.115733
-0.350000,1.200000,0.162700
-0.300000,1.200000,0.206214
-0.250000,1.200000,0.246596
-0.200000,1.200000,0.284111
-0.150000,1.200000,0.318976
-0.100000,1.200000,0.351377
-0.050000,1.200000,0.381469
-0.000000,1.200000,0.409385
0.050000,1.200000,0.435240
0.100000,1.200000,0.459133
0.150000,1.200000,0.481151
0.200000,1.200000,0.501366
0.250000,1.200000,0.519846
0.300000,1.200000,0.536647
0.350000,1.200000,0.551819
0.400000,1.200000,0.565404
0.450000,1.200000,0.577440
0.500000,1.200000,0.587959
0.550000,1.200000,0.596988
0.600000,1.200000,0.604551
0.650000,1.200000,0.610666
0.700000,1.200000,0.615348
0.750000,1.200000,0.618608
0.800000,1.200000,0.620455
0.850000,1.200000,0.620893
0.900000,1.200000,0.619922
0.950000,1.200000,0.617541
1.000000,1.200000,0.613744
1.050000,1.200000,0.608521
1.100000,1.200000,0.601860
1.150000,1.200000,0.593745
1.200000,1.200000,0.584155
1.250000,1.200000,0.573065
1.300000,1.200000,0.560447
1.350000,1.200000,0.546267
1.400000,1.200000,0.530484
1.450000,1.200000,0.513054
1.500000,1.200000,0.493924
1.550000,1.200000,0.473035
1.600000,1.200000,0.450317
1.650000,1.200000,0.425692
1.700000,1.200000,0.399070
1.750000,1.200000,0.370345
1.800000,1.200000,0.339396
1.850000,1.200000,0.306082
1.900000,1.200000,0.270238
1.950000,1.200000,0.231666
2.000000,1.200000,0.190133
2.050000,1.200000,0.145354
2.100000,1.200000,0.096981
2.150000,1.200000,0.044580
2.200000,1.200000,-0.012404
2.250000,1.200000,-0.074696
2.300000,1.200000,-0.143276
2.350000,1.200000,-0.219526
2.400000,1.200000,-0.305509
2.450000,1.200000,-0.404564
2.500000,1.200000,-0.522809
2.550000,1.200000,-0.674204
2.600000,1.200000,-0.914933
2.650000,1.200000,
2.700000,1.200000,
2.750000,1.200000,
2.800000,1.200000,
2.850000,1.200000,
2.900000,1.200000,
2.950000,1.200000,
3.000000,1.200000,
3.050000,1.200000,
3.100000,1.200000,
3.150000,1.200000,
3.200000,1.200000,
3.250000,1.200000,
3.300000,1.200000,
3.350000,1.200000,
3.400000,1.200000,
3.450000,1.200000,
3.500000,1.200000,
-3.500000,1.250000,
-3.450000,1.250000,
-3.400000,1.250000,
-3.350000,1.250000,
-3.300000,1.250000,
-3.250000,1.250000,
-3.200000,1.250000,
-3.150000,1.250000,
-3.100000,1.250000,
-3.050000,1.250000,
-3.000000,1.250000,
-2.950000,1.250000,
-2.900000,1.250000,
-2.850000,1.250000,
-2.800000,1.250000,
-2.750000,1.250000,
-2.700000,1.250000,
-2.650000,1.250000,
-2.600000,1.250000,
-2.550000,1.250000,
-2.500000,1.250000,
-2.450000,1.250000,
-2.400000,1.250000,
-2.350000,1.250000,
-2.300000,1.250000,
-2.250000,1.250000,
-2.200000,1.250000,
-2.150000,1.250000,
-2.100000,1.250000,
-2.050000,1.250000,
-2.000000,1.250000,
-1.950000,1.250000,-2.575337
-1.900000,1.250000,-2.465358
-1.850000,1.250000,-2.370731
-1.800000,1.250000,-2.287202
-1.750000,1.250000,-2.212243
-1.700000,1.250000,-1.860483
-1.650000,1.250000,-1.677098
-1.600000,1.250000,-1.540843
-1.550000,1.250000,-1.428882
-1.500000,1.250000,-1.332597
-1.450000,1.250000,-1.247609
-1.400000,1.250000,-1.171327
-1.350000,1.250000,-1.102063
-1.300000,1.250000,-1.038645
-1.250000,1.250000,-0.980221
-1.200000,1.250000,-0.926145
-1.150000,1.250000,-0.875917
-1.100000,1.250000,-0.829137
-1.050000,1.250000,-0.785483
-1.000000,1.250000,-0.744688
-0.950000,1.250000,-0.706531
-0.900000,1.250000,-0.670825
-0.850000,1.250000,-0.622756
-0.800000,1.250000,-0.484263
-0.750000,1.250000,-0.373027
-0.700000,1.250000,-0.278604
-0.650000,1.250000,-0.196014
-0.600000,1.250000,-0.122414
-0.550000,1.250000,-0.055995
-0.500000,1.250000,0.004477
-0.450000,1.250000,0.059892
-0.400000,1.250000,0.110912
-0.350000,1.250000,0.158052
-0.300000,1.250000,0.201715
-0.250000,1.250000,0.242227
-0.200000,1.250000,0.279856
-0.150000,1.250000,0.314822
-0.100000,1.250000,0.347313
-0.050000,1.250000,0.377484
-0.000000,1.250000,0.405472
0.050000,1.250000,0.431391
0.100000,1.250000,0.455341
0.150000,1.250000,0.477409
0.200000,1.250000,0.497671
0.250000,1.250000,0.516192
0.300000,1.250000,0.533029
0.350000,1.250000,0.548233
0.400000,1.250000,0.561846
0.450000,1.250000,0.573907
0.500000,1.250000,0.584447
0.550000,1.250000,0.593495
0.600000,1.250000,0.601073
0.650000,1.250000,0.607199
0.700000,1.250000,0.611891
0.750000,1.250000,0.615158
0.800000,1.250000,0.617008
0.850000,1.250000,0.617447
0.900000,1.250000,0.616474
0.950000,1.250000,0.614088
1.000000,1.250000,0.610284
1.050000,1.250000,0.605051
1.100000,1.250000,0.598377
1.150000,1.250000,0.590245
1.200000,1.250000,0.580636
1.250000,1.250000,0.569524
1.300000,1.250000,0.556879
1.350000,1.250000,0.542669
1.400000,1.250000,0.526853
1.450000,1.250000,0.509384
1.500000,1.250000,0.490212
1.550000,1.250000,0.469275
1.600000,1.250000,0.446504
1.650000,1.250000,0.421820
1.700000,1.250000,0.395131
1.750000,1.250000,0.366331
1.800000,1.250000,0.335299
1.850000,1.250000,0.301892
1.900000,1.250000,0.265941
1.950000,1.250000,0.227250
2.000000,1.250000,0.185579
2.050000,1.250000,0.140643
2.100000,1.250000,0.092088
2.150000,1.250000,0.039472
2.200000,1.250000,-0.017768
2.250000,1.250000,-0.080371
2.300000,1.250000,-0.149338
2.350000,1.250000,-0.226085
2.400000,1.250000,-0.312738
2.450000,1.250000,-0.412758
2.500000,1.250000,-0.532558
2.550000,1.250000,-0.687097
2.600000,1.250000,-0.941938
2.650000,1.250000,
2.700000,1.250000,
2.750000,1.250000,
2.800000,1.250000,
2.850000,1.250000,
2.900000,1.250000,
2.950000,1.250000,
3.000000,1.250000,
3.050000,1.250000,
3.100000,1.250000,
3.150000,1.250000,
3.200000,1.250000,
3.250000,1.250000,
3.300000,1.250000,
3.350000,1.250000,
3.400000,1.250000,
3.450000,1.250000,
3.500000,1.250000,
-3.500000,1.300000,
-3.450000,1.300000,
-3.400000,1.300000,
-3.350000,1.300000,
-3.300000,1.300000,
-3.250000,1.300000,
-3.200000,1.300000,
-3.150000,1.300000,
-3.100000,1.300000,
-3.050000,1.300000,
-3.000000,1.300000,
-2.950000,1.300000,
-2.900000,1.300000,
-2.850000,1.300000,
-2.800000,1.300000,
-2.750000,1.300000,
-2.700000,1.300000,
-2.650000,1.300000,
-2.600000,1.300000,
-2.550000,1.300000,
-2.500000,1.300000,
-2.450000,1.300000,
-2.400000,1.300000,
-2.350000,1.300000,
-2.300000,1.300000,
-2.250000,1.300000,
-2.200000,1.300000,
-2.150000,1.300000,
-2.100000,1.300000,
-2.050000,1.300000,
-2.000000,1.300000,
-1.950000,1.300000,
-1.900000,1.300000,-2.498525
-1.850000,1.300000,-2.400455
-1.800000,1.300000,-2.314438
-1.750000,1.300000,-2.155672
-1.700000,1.300000,-1.825230
-1.650000,1.300000,-1.651994
-1.600000,1.300000,-1.520206
-1.550000,1.300000,-1.410887
-1.500000,1.300000,-1.316391
-1.450000,1.300000,-1.232713
-1.400000,1.300000,-1.157439
-1.350000,1.300000,-1.088980
-1.300000,1.300000,-1.026222
-1.250000,1.300000,-0.968349
-1.200000,1.300000,-0.914742
-1.150000,1.300000,-0.864917
-1.100000,1.300000,-0.818489
-1.050000,1.300000,-0.775142
-1.000000,1.300000,-0.734620
-0.950000,1.300000,-0.696706
-0.900000,1.300000,-0.661216
-0.850000,1.300000,-0.627995
-0.800000,1.300000,-0.497234
-0.750000,1.300000,-0.384123
-0.700000,1.300000,-0.288490
-0.650000,1.300000,-0.205040
-0.600000,1.300000,-0.130791
-0.550000,1.300000,-0.063862
-0.500000,1.300000,-0.002976
-0.450000,1.300000,0.052780
-0.400000,1.300000,0.104089
-0.350000,1.300000,0.151475
-0.300000,1.300000,0.195350
-0.250000,1.300000,0.236048
-0.200000,1.300000,0.273839
-0.150000,1.300000,0.308950
-0.100000,1.300000,0.341568
-0.050000,1.300000,0.371853
-0.000000,1.300000,0.399942
0.050000,1.300000,0.425951
0.100000,1.300000,0.449983
0.150000,1.300000,0.472124
0.200000,1.300000,0.492450
0.250000,1.300000,0.511029
0.300000,1.300000,0.527918
0.350000,1.300000,0.543168
0.400000,1.300000,0.556821
0.450000,1.300000,0.568917
0.500000,1.300000,0.579488
0.550000,1.300000,0.588561
0.600000,1.300000,0.596160
0.650000,1.300000,0.602304
0.700000,1.300000,0.607008
0.750000,1.300000,0.610284
0.800000,1.300000,0.612140
0.850000,1.300000,0.612580
0.900000,1.300000,0.611605
0.950000,1.300000,0.609212
1.000000,1.300000,0.605397
1.050000,1.300000,0.600149
1.100000,1.300000,0.593457
1.150000,1.300000,0.585302
1.200000,1.300000,0.575665
1.250000,1.300000,0.564521
1.300000,1.300000,0.551840
1.350000,1.300000,0.537587
1.400000,1.300000,0.521723
1.450000,1.300000,0.504201
1.500000,1.300000,0.484968
1.550000,1.300000,0.463963
1.600000,1.300000,0.441116
1.650000,1.300000,0.416347
1.700000,1.300000,0.389563
1.750000,1.300000,0.360658
1.800000,1.300000,0.329507
1.850000,1.300000,0.295967
1.900000,1.300000,0.259866
1.950000,1.300000,0.221003
2.000000,1.300000,0.179138
2.050000,1.300000,0.133977
2.100000,1.300000,0.085160
2.150000,1.300000,0.032238
2.200000,1.300000,-0.025369
2.250000,1.300000,-0.088418
2.300000,1.300000,-0.157941
2.350000,1.300000,-0.235406
2.400000,1.300000,-0.323029
2.450000,1.300000,-0.424457
2.500000,1.300000,-0.546557
2.550000,1.300000,-0.705891
2.600000,1.300000,-0.987214
2.650000,1.300000,
2.700000,1.300000,
2.750000,1.300000,
2.800000,1.300000,
2.850000,1.300000,
2.900000,1.300000,
2.950000,1.300000,
3.000000,1.300000,
3.050000,1.300000,
3.100000,1.300000,
3.150000,1.300000,
3.200000,1.300000,
3.250000,1.300000,
3.300000,1.300000,
3.350000,1.300000,
3.400000,1.300000,
3.450000,1.300000,
3.500000,1.300000,
-3.500000,1.350000,
-3.450000,1.350000,
-3.400000,1.350000,
-3.350000,1.350000,
-3.300000,1.350000,
-3.250000,1.350000,
-3.200000,1.350000,
-3.150000,1.350000,
-3.100000,1.350000,
-3.050000,1.350000,
-3.000000,1.350000,
-2.950000,1.350000,
-2.900000,1.350000,
-2.850000,1.350000,
-2.800000,1.350000,
-2.750000,1.350000,
-2.700000,1.350000,
-2.650000,1.350000,
-2.600000,1.350000,
-2.550000,1.350000,
-2.500000,1.350000,
-2.450000,1.350000,
-2.400000,1.350000,
-2.350000,1.350000,
-2.300000,1.350000,
-2.250000,1.350000,
-2.200000,1.350000,
-2.150000,1.350000,
-2.100000,1.350000,
-2.050000,1.350000,
-2.000000,1.350000,
-1.950000,1.350000,
-1.900000,1.350000,-2.536309
-1.850000,1.350000,-2.434017
-1.800000,1.350000,-2.345016
-1.750000,1.350000,-2.077645
-1.700000,1.350000,-1.797614
-1.650000,1.350000,-1.631673
-1.600000,1.350000,-1.503308
-1.550000,1.350000,-1.396068
-1.500000,1.350000,-1.302999
-1.450000,1.350000,-1.220373
-1.400000,1.350000,-1.145915
-1.350000,1.350000,-1.078110
-1.300000,1.350000,-1.015890
-1.250000,1.350000,-0.958469
-1.200000,1.350000,-0.905246
-1.150000,1.350000,-0.855752
-1.100000,1.350000,-0.809612
-1.050000,1.350000,-0.766519
-1.000000,1.350000,-0.726222
-0.950000,1.350000,-0.688506
-0.900000,1.350000,-0.653195
-0.850000,1.350000,-0.620134
-0.800000,1.350000,-0.514357
-0.750000,1.350000,-0.398681
-0.700000,1.350000,-0.301415
-0.650000,1.350000,-0.216814
-0.600000,1.350000,-0.141702
-0.550000,1.350000,-0.074097
-0.500000,1.350000,-0.012666
-0.450000,1.350000,0.043542
-0.400000,1.350000,0.095230
-0.350000,1.350000,0.142939
-0.300000,1.350000,0.187094
-0.250000,1.350000,0.228035
-0.200000,1.350000,0.266039
-0.150000,1.350000,0.301337
-0.100000,1.350000,0.334122
-0.050000,1.350000,0.364556
-0.000000,1.350000,0.392777
0.050000,1.350000,0.418905
0.100000,1.350000,0.443043
0.150000,1.350000,0.465278
0.200000,1.350000,0.485690
0.250000,1.350000,0.504344
0.300000,1.350000,0.521301
0.350000,1.350000,0.536610
0.400000,1.350000,0.550316
0.450000,1.350000,0.562458
0.500000,1.350000,0.573068
0.550000,1.350000,0.582175
0.600000,1.350000,0.589802
0.650000,1.350000,0.595968
0.700000,1.350000,0.600689
0.750000,1.350000,0.603977
0.800000,1.350000,0.605839
0.850000,1.350000,0.606280
0.900000,1.350000,0.605302
0.950000,1.350000,0.602901
1.000000,1.350000,0.599072
1.050000,1.350000,0.593805
1.100000,1.350000,0.587088
1.150000,1.350000,0.578904
1.200000,1.350000,0.569231
1.250000,1.350000,0.558045
1.300000,1.350000,0.545315
1.350000,1.350000,0.531008
1.400000,1.350000,0.515081
1.450000,1.350000,0.497488
1.500000,1.350000,0.478176
1.550000,1.350000,0.457083
1.600000,1.350000,0.434137
1.650000,1.350000,0.409258
1.700000,1.350000,0.382350
1.750000,1.350000,0.353307
1.800000,1.350000,0.322001
1.850000,1.350000,0.288286
1.900000,1.350000,0.251988
1.950000,1.350000,0.212902
2.000000,1.350000,0.170780
2.050000,1.350000,0.125325
2.100000,1.350000,0.076165
2.150000,1.350000,0.022838
2.200000,1.350000,-0.035252
2.250000,1.350000,-0.098891
2.300000,1.350000,-0.169152
2.350000,1.350000,-0.247574
2.400000,1.350000,-0.336499
2.450000,1.350000,-0.439836
2.500000,1.350000,-0.565111
2.550000,1.350000,-0.731369
2.600000,1.350000,-1.078239
2.650000,1.350000,
2.700000,1.350000,
2.750000,1.350000,
2.800000,1.350000,
2.850000,1.350000,
2.900000,1.350000,
2.950000,1.350000,
3.000000,1.350000,
3.050000,1.350000,
3.100000,1.350000,
3.150000,1.350000,
3.200000,1.350000,
3.250000,1.350000,
3.300000,1.350000,
3.350000,1.350000,
3.400000,1.350000,
3.450000,1.350000,
3.500000,1.350000,
-3.500000,1.400000,
-3.450000,1.400000,
-3.400000,1.400000,
-3.350000,1.400000,
-3.300000,1.400000,
-3.250000,1.400000,
-3.200000,1.400000,
-3.150000,1.400000,
-3.100000,1.400000,
-3.050000,1.400000,
-3.000000,1.400000,
-2.950000,1.400000,
-2.900000,1.400000,
-2.850000,1.400000,
-2.800000,1.400000,
-2.750000,1.400000,
-2.700000,1.400000,
-2.650000,1.400000,
-2.600000,1.400000,
-2.550000,1.400000,
-2.500000,1.400000,
-2.450000,1.400000,
-2.400000,1.400000,
-2.350000,1.400000,
-2.300000,1.400000,
-2.250000,1.400000,
-2.200000,1.400000,
-2.150000,1.400000,
-2.100000,1.400000,
-2.050000,1.400000,
-2.000000,1.400000,
-1.950000,1.400000,
-1.900000,1.400000,-2.579423
-1.850000,1.400000,-2.471876
-1.800000,1.400000,-2.379262
-1.750000,1.400000,-2.031634
-1.700000,1.400000,-1.776387
-1.650000,1.400000,-1.615697
-1.600000,1.400000,-1.489911
-1.550000,1.400000,-1.384266
-1.500000,1.400000,-1.292304
-1.450000,1.400000,-1.210502
-1.400000,1.400000,-1.136684
-1.350000,1.400000,-1.069394
-1.300000,1.400000,-1.007599
-1.250000,1.400000,-0.950535
-1.200000,1.400000,-0.897616
-1.150000,1.400000,-0.848386
-1.100000,1.400000,-0.802475
-1.050000,1.400000,-0.759584
-1.000000,1.400000,-0.719465
-0.950000,1.400000,-0.681909
-0.900000,1.400000,-0.646740
-0.850000,1.400000,-0.613807
-0.800000,1.400000,-0.535978
-0.750000,1.400000,-0.416904
-0.700000,1.400000,-0.317519
-0.650000,1.400000,-0.231442
-0.600000,1.400000,-0.155229
-0.550000,1.400000,-0.086768
-0.500000,1.400000,-0.024648
-0.450000,1.400000,0.032127
-0.400000,1.400000,0.084292
-0.350000,1.400000,0.132406
-0.300000,1.400000,0.176910
-0.250000,1.400000,0.218155
-0.200000,1.400000,0.256425
-0.150000,1.400000,0.291958
-0.100000,1.400000,0.324951
-0.050000,1.400000,0.355569
-0.000000,1.400000,0.383955
0.050000,1.400000,0.410231
0.100000,1.400000,0.434500
0.150000,1.400000,0.456854
0.200000,1.400000,0.477370
0.250000,1.400000,0.496119
0.300000,1.400000,0.513159
0.350000,1.400000,0.528542
0.400000,1.400000,0.542313
0.450000,1.400000,0.554512
0.500000,1.400000,0.565171
0.550000,1.400000,0.574320
0.600000,1.400000,0.581981
0.650000,1.400000,0.588175
0.700000,1.400000,0.592917
0.750000,1.400000,0.596220
0.800000,1.400000,0.598090
0.850000,1.400000,0.598533
0.900000,1.400000,0.597550
0.950000,1.400000,0.595139
1.000000,1.400000,0.591293
1.050000,1.400000,0.586003
1.100000,1.400000,0.579255
1.150000,1.400000,0.571034
1.200000,1.400000,0.561317
1.250000,1.400000,0.550079
1.300000,1.400000,0.537289
1.350000,1.400000,0.522913
1.400000,1.400000,0.506909
1.450000,1.400000,0.489229
1.500000,1.400000,0.469818
1.550000,1.400000,0.448615
1.600000,1.400000,0.425546
1.650000,1.400000,0.400529
1.700000,1.400000,0.373468
1.750000,1.400000,0.344253
1.800000,1.400000,0.312754
1.850000,1.400000,0.278821
1.900000,1.400000,0.242278
1.950000,1.400000,0.202912
2.000000,1.400000,0.160471
2.050000,1.400000,0.114646
2.100000,1.400000,0.065056
2.150000,1.400000,0.011221
2.200000,1.400000,-0.047478
2.250000,1.400000,-0.111863
2.300000,1.400000,-0.183062
2.350000,1.400000,-0.262706
2.400000,1.400000,-0.353308
2.450000,1.400000,-0.459136
2.500000,1.400000,-0.588667
2.550000,1.400000,-0.764841
2.600000,1.400000,
2.650000,1.400000,
2.700000,1.400000,
2.750000,1.400000,
2.800000,1.400000,
2.850000,1.400000,
2.900000,1.400000,
2.950000,1.400000,
3.000000,1.400000,
3.050000,1.400000,
3.100000,1.400000,
3.150000,1.400000,
3.200000,1.400000,
3.250000,1.400000,
3.300000,1.400000,
3.350000,1.400000,
3.400000,1.400000,
3.450000,1.400000,
3.500000,1.400000,
-3.500000,1.450000,
-3.450000,1.450000,
-3.400000,1.450000,
-3.350000,1.450000,
-3.300000,1.450000,
-3.250000,1.450000,
-3.200000,1.450000,
-3.150000,1.450000,
-3.100000,1.450000,
-3.050000,1.450000,
-3.000000,1.450000,
-2.950000,1.450000,
-2.900000,1.450000,
-2.850000,1.450000,
-2.800000,1.450000,
-2.750000,1.450000,
-2.700000,1.450000,
-2.650000,1.450000,
-2.600000,1.450000,
-2.550000,1.450000,
-2.500000,1.450000,
-2.450000,1.450000,
-2.400000,1.450000,
-2.350000,1.450000,
-2.300000,1.450000,
-2.250000,1.450000,
-2.200000,1.450000,
-2.150000,1.450000,
-2.100000,1.450000,
-2.050000,1.450000,
-2.000000,1.450000,
-1.950000,1.450000,
-1.900000,1.450000,
-1.850000,1.450000,-2.514641
-1.800000,1.450000,-2.417597
-1.750000,1.450000,-2.001528
-1.700000,1.450000,-1.760771
-1.650000,1.450000,-1.603761
-1.600000,1.450000,-1.479840
-1.550000,1.450000,-1.375365
-1.500000,1.450000,-1.284222
-1.450000,1.450000,-1.203031
-1.400000,1.450000,-1.129691
-1.350000,1.450000,-1.062787
-1.300000,1.450000,-1.001310
-1.250000,1.450000,-0.944513
-1.200000,1.450000,-0.891824
-1.150000,1.450000,-0.842791
-1.100000,1.450000,-0.797053
-1.050000,1.450000,-0.754314
-1.000000,1.450000,-0.714330
-0.950000,1.450000,-0.676894
-0.900000,1.450000,-0.641832
-0.850000,1.450000,-0.608995
-0.800000,1.450000,-0.562588
-0.750000,1.450000,-0.439074
-0.700000,1.450000,-0.336990
-0.650000,1.450000,-0.249060
-0.600000,1.450000,-0.171481
-0.550000,1.450000,-0.101963
-0.500000,1.450000,-0.038996
-0.450000,1.450000,0.018473
-0.400000,1.450000,0.071219
-0.350000,1.450000,0.119827
-0.300000,1.450000,0.164755
-0.250000,1.450000,0.206368
-0.200000,1.450000,0.244961
-0.150000,1.450000,0.280778
-0.100000,1.450000,0.314021
-0.050000,1.450000,0.344863
-0.000000,1.450000,0.373448
0.050000,1.450000,0.399901
0.100000,1.450000,0.424329
0.150000,1.450000,0.446824
0.200000,1.450000,0.467468
0.250000,1.450000,0.486330
0.300000,1.450000,0.503470
0.350000,1.450000,0.518942
0.400000,1.450000,0.532792
0.450000,1.450000,0.545059
0.500000,1.450000,0.555777
0.550000,1.450000,0.564976
0.600000,1.450000,0.572678
0.650000,1.450000,0.578906
0.700000,1.450000,0.583673
0.750000,1.450000,0.586993
0.800000,1.450000,0.588873
0.850000,1.450000,0.589319
0.900000,1.450000,0.588331
0.950000,1.450000,0.585906
1.000000,1.450000,0.582040
1.050000,1.450000,0.576722
1.100000,1.450000,0.569938
1.150000,1.450000,0.561672
1.200000,1.450000,0.551902
1.250000,1.450000,0.540601
1.300000,1.450000,0.527740
1.350000,1.450000,0.513281
1.400000,1.450000,0.497183
1.450000,1.450000,0.479398
1.500000,1.450000,0.459870
1.550000,1.450000,0.438534
1.600000,1.450000,0.415317
1.650000,1.450000,0.390135
1.700000,1.450000,0.362888
1.750000,1.450000,0.333465
1.800000,1.450000,0.301733
1.850000,1.450000,0.267537
1.900000,1.450000,0.230696
1.950000,1.450000,0.190992
2.000000,1.450000,0.148162
2.050000,1.450000,0.101889
2.100000,1.450000,0.051775
2.150000,1.450000,-0.002681
2.200000,1.450000,-0.062127
2.250000,1.450000,-0.127429
2.300000,1.450000,-0.199788
2.350000,1.450000,-0.280955
2.400000,1.450000,-0.373670
2.450000,1.450000,-0.482698
2.500000,1.450000,-0.617882
2.550000,1.450000,-0.808617
2.600000,1.450000,
2.650000,1.450000,
2.700000,1.450000,
2.750000,1.450000,
2.800000,1.450000,
2.850000,1.450000,
2.900000,1.450000,
2.950000,1.450000,
3.000000,1.450000,
3.050000,1.450000,
3.100000,1.450000,
3.150000,1.450000,
3.200000,1.450000,
3.250000,1.450000,
3.300000,1.450000,
3.350000,1.450000,
3.400000,1.450000,
3.450000,1.450000,
3.500000,1.450000,
-3.500000,1.500000,
-3.450000,1.500000,
-3.400000,1.500000,
-3.350000,1.500000,
-3.300000,1.500000,
-3.250000,1.500000,
-3.200000,1.500000,
-3.150000,1.500000,
-3.100000,1.500000,
-3.050000,1.500000,
-3.000000,1.500000,
-2.950000,1.500000,
-2.900000,1.500000,
-2.850000,1.500000,
-2.800000,1.500000,
-2.750000,1.500000,
-2.700000,1.500000,
-2.650000,1.500000,
-2.600000,1.500000,
-2.550000,1.500000,
-2.500000,1.500000,
-2.450000,1.500000,
-2.400000,1.500000,
-2.350000,1.500000,
-2.300000,1.500000,
-2.250000,1.500000,
-2.200000,1.500000,
-2.150000,1.500000,
-2.100000,1.500000,
-2.050000,1.500000,
-2.000000,1.500000,
-1.950000,1.500000,
-1.900000,1.500000,
-1.850000,1.500000,-2.563152
-1.800000,1.500000,-2.460572
-1.750000,1.500000,-1.982522
-1.700000,1.500000,-1.750272
-1.650000,1.500000,-1.595653
-1.600000,1.500000,-1.472970
-1.550000,1.500000,-1.369280
-1.500000,1.500000,-1.278688
-1.450000,1.500000,-1.197911
-1.400000,1.500000,-1.124895
-1.350000,1.500000,-1.058252
-1.300000,1.500000,-0.996992
-1.250000,1.500000,-0.940378
-1.200000,1.500000,-0.887845
-1.150000,1.500000,-0.838947
-1.100000,1.500000,-0.793327
-1.050000,1.500000,-0.750692
-1.000000,1.500000,-0.710799
-0.950000,1.500000,-0.673446
-0.900000,1.500000,-0.638457
-0.850000,1.500000,-0.605687
-0.800000,1.500000,-0.575006
-0.750000,1.500000,-0.465570
-0.700000,1.500000,-0.360075
-0.650000,1.500000,-0.269849
-0.600000,1.500000,-0.190596
-0.550000,1.500000,-0.119793
-0.500000,1.500000,-0.055804
-0.450000,1.500000,0.002500
-0.400000,1.500000,0.055942
-0.350000,1.500000,0.105139
-0.300000,1.500000,0.150573
-0.250000,1.500000,0.192624
-0.200000,1.500000,0.231600
-0.150000,1.500000,0.267753
-0.100000,1.500000,0.301294
-0.050000,1.500000,0.332399
-0.000000,1.500000,0.361219
0.050000,1.500000,0.387882
0.100000,1.500000,0.412497
0.150000,1.500000,0.435160
0.200000,1.500000,0.455954
0.250000,1.500000,0.474949
0.300000,1.500000,0.492208
0.350000,1.500000,0.507784
0.400000,1.500000,0.521726
0.450000,1.500000,0.534074
0.500000,1.500000,0.544861
0.550000,1.500000,0.554118
0.600000,1.500000,0.561870
0.650000,1.500000,0.568136
0.700000,1.500000,0.572933
0.750000,1.500000,0.576274
0.800000,1.500000,0.578166
0.850000,1.500000,0.578614
0.900000,1.500000,0.577620
0.950000,1.500000,0.575180
1.000000,1.500000,0.571290
1.050000,1.500000,0.565938
1.100000,1.500000,0.559112
1.150000,1.500000,0.550794
1.200000,1.500000,0.540961
1.250000,1.500000,0.529587
1.300000,1.500000,0.516640
1.350000,1.500000,0.502085
1.400000,1.500000,0.485877
1.450000,1.500000,0.467968
1.500000,1.500000,0.448301
1.550000,1.500000,0.426809
1.600000,1.500000,0.403417
1.650000,1.500000,0.378039
1.700000,1.500000,0.350574
1.750000,1.500000,0.320905
1.800000,1.500000,0.288897
1.850000,1.500000,0.254390
1.900000,1.500000,0.217196
1.950000,1.500000,0.177089
2.000000,1.500000,0.133798
2.050000,1.500000,0.086989
2.100000,1.500000,0.036248
2.150000,1.500000,-0.018951
2.200000,1.500000,-0.079296
2.250000,1.500000,-0.145709
2.300000,1.500000,-0.219481
2.350000,1.500000,-0.302521
2.400000,1.500000,-0.397874
2.450000,1.500000,-0.510986
2.500000,1.500000,-0.653746
2.550000,1.500000,-0.867366
2.600000,1.500000,
2.650000,1.500000,
2.700000,1.500000,
2.750000,1.500000,
2.800000,1.500000,
2.850000,1.500000,
2.900000,1.500000,
2.950000,1.500000,
3.000000,1.500000,
3.050000,1.500000,
3.100000,1.500000,
3.150000,1.500000,
3.200000,1.500000,
3.250000,1.500000,
3.300000,1.500000,
3.350000,1.500000,
3.400000,1.500000,
3.450000,1.500000,
3.500000,1.500000,
-3.500000,1.550000,
-3.450000,1.550000,
-3.400000,1.550000,
-3.350000,1.550000,
-3.300000,1.550000,
-3.250000,1.550000,
-3.200000,1.550000,
-3.150000,1.550000,
-3.100000,1.550000,
-3.050000,1.550000,
-3.000000,1.550000,
-2.950000,1.550000,
-2.900000,1.550000,
-2.850000,1.550000,
-2.800000,1.550000,
-2.750000,1.550000,
-2.700000,1.550000,
-2.650000,1.550000,
-2.600000,1.550000,
-2.550000,1.550000,
-2.500000,1.550000,
-2.450000,1.550000,
-2.400000,1.550000,
-2.350000,1.550000,
-2.300000,1.550000,
-2.250000,1.550000,
-2.200000,1.550000,
-2.150000,1.550000,
-2.100000,1.550000,
-2.050000,1.550000,
-2.000000,1.550000,
-1.950000,1.550000,
-1.900000,1.550000,
-1.850000,1.550000,
-1.800000,1.550000,-2.508930
-1.750000,1.550000,-1.972575
-1.700000,1.550000,-1.744592
-1.650000,1.550000,-1.591240
-1.600000,1.550000,-1.469221
-1.550000,1.550000,-1.365955
-1.500000,1.550000,-1.275661
-1.450000,1.550000,-1.195109
-1.400000,1.550000,-1.122269
-1.350000,1.550000,-1.055769
-1.300000,1.550000,-0.994626
-1.250000,1.550000,-0.938112
-1.200000,1.550000,-0.885664
-1.150000,1.550000,-0.836840
-1.100000,1.550000,-0.791284
-1.050000,1.550000,-0.748706
-1.000000,1.550000,-0.708864
-0.950000,1.550000,-0.671555
-0.900000,1.550000,-0.636607
-0.850000,1.550000,-0.603872
-0.800000,1.550000,-0.573224
-0.750000,1.550000,-0.496915
-0.700000,1.550000,-0.387101
-0.650000,1.550000,-0.294037
-0.600000,1.550000,-0.212747
-0.550000,1.550000,-0.140397
-0.500000,1.550000,-0.075186
-0.450000,1.550000,-0.015890
-0.400000,1.550000,0.038376
-0.350000,1.550000,0.088269
-0.300000,1.550000,0.134298
-0.250000,1.550000,0.176863
-0.200000,1.550000,0.216286
-0.150000,1.550000,0.252833
-0.100000,1.550000,0.286721
-0.050000,1.550000,0.318134
-0.000000,1.550000,0.347228
0.050000,1.550000,0.374135
0.100000,1.550000,0.398968
0.150000,1.550000,0.421825
0.200000,1.550000,0.442792
0.250000,1.550000,0.461942
0.300000,1.550000,0.479338
0.350000,1.550000,0.495037
0.400000,1.550000,0.509085
0.450000,1.550000,0.521526
0.500000,1.550000,0.532393
0.550000,1.550000,0.541718
0.600000,1.550000,0.549526
0.650000,1.550000,0.555838
0.700000,1.550000,0.560670
0.750000,1.550000,0.564034
0.800000,1.550000,0.565939
0.850000,1.550000,0.566391
0.900000,1.550000,0.565389
0.950000,1.550000,0.562933
1.000000,1.550000,0.559014
1.050000,1.550000,0.553625
1.100000,1.550000,0.546749
1.150000,1.550000,0.538369
1.200000,1.550000,0.528464
1.250000,1.550000,0.517005
1.300000,1.550000,0.503960
1.350000,1.550000,0.489293
1.400000,1.550000,0.472958
1.450000,1.550000,0.454905
1.500000,1.550000,0.435076
1.550000,1.550000,0.413403
1.600000,1.550000,0.389808
1.650000,1.550000,0.364203
1.700000,1.550000,0.336483
1.750000,1.550000,0.306528
1.800000,1.550000,0.274198
1.850000,1.550000,0.239327
1.900000,1.550000,0.201720
1.950000,1.550000,0.161141
2.000000,1.550000,0.117308
2.050000,1.550000,0.069869
2.100000,1.550000,0.018388
2.150000,1.550000,-0.037694
2.200000,1.550000,-0.099110
2.250000,1.550000,-0.166853
2.300000,1.550000,-0.242333
2.350000,1.550000,-0.327664
2.400000,1.550000,-0.426301
2.450000,1.550000,-0.544660
2.500000,1.550000,-0.697820
2.550000,1.550000,-0.953816
2.600000,1.550000,
2.650000,1.550000,
2.700000,1.550000,
2.750000,1.550000,
2.800000,1.550000,
2.850000,1.550000,
2.900000,1.550000,
2.950000,1.550000,
3.000000,1.550000,
3.050000,1.550000,
3.100000,1.550000,
3.150000,1.550000,
3.200000,1.550000,
3.250000,1.550000,
3.300000,1.550000,
3.350000,1.550000,
3.400000,1.550000,
3.450000,1.550000,
3.500000,1.550000,
-3.500000,1.600000,
-3.450000,1.600000,
-3.400000,1.600000,
-3.350000,1.600000,
-3.300000,1.600000,
-3.250000,1.600000,
-3.200000,1.600000,
-3.150000,1.600000,
-3.100000,1.600000,
-3.050000,1.600000,
-3.000000,1.600000,
-2.950000,1.600000,
-2.900000,1.600000,
-2.850000,1.600000,
-2.800000,1.600000,
-2.750000,1.600000,
-2.700000,1.600000,
-2.650000,1.600000,
-2.600000,1.600000,
-2.550000,1.600000,
-2.500000,1.600000,
-2.450000,1.600000,
-2.400000,1.600000,
-2.350000,1.600000,
-2.300000,1.600000,
-2.250000,1.600000,
-2.200000,1.600000,
-2.150000,1.600000,
-2.100000,1.600000,
-2.050000,1.600000,
-2.000000,1.600000,
-1.950000,1.600000,
-1.900000,1.600000,
-1.850000,1.600000,
-1.800000,1.600000,
-1.750000,1.600000,-1.970822
-1.700000,1.600000,-1.743579
-1.650000,1.600000,-1.590450
-1.600000,1.600000,-1.468550
-1.550000,1.600000,-1.365359
-1.500000,1.600000,-1.275119
-1.450000,1.600000,-1.194607
-1.400000,1.600000,-1.121798
-1.350000,1.600000,-1.055323
-1.300000,1.600000,-0.994202
-1.250000,1.600000,-0.937706
-1.200000,1.600000,-0.885273
-1.150000,1.600000,-0.836462
-1.100000,1.600000,-0.790918
-1.050000,1.600000,-0.748350
-1.000000,1.600000,-0.708516
-0.950000,1.600000,-0.671215
-0.900000,1.600000,-0.636275
-0.850000,1.600000,-0.603547
-0.800000,1.600000,-0.572905
-0.750000,1.600000,-0.533844
-0.700000,1.600000,-0.418501
-0.650000,1.600000,-0.321922
-0.600000,1.600000,-0.238156
-0.550000,1.600000,-0.163948
-0.500000,1.600000,-0.097284
-0.450000,1.600000,-0.036815
-0.400000,1.600000,0.018419
-0.350000,1.600000,0.069126
-0.300000,1.600000,0.115848
-0.250000,1.600000,0.159011
-0.200000,1.600000,0.198955
-0.150000,1.600000,0.235957
-0.100000,1.600000,0.270246
-0.050000,1.600000,0.302015
-0.000000,1.600000,0.331424
0.050000,1.600000,0.358612
0.100000,1.600000,0.383695
0.150000,1.600000,0.406776
0.200000,1.600000,0.427943
0.250000,1.600000,0.447270
0.300000,1.600000,0.464824
0.350000,1.600000,0.480661
0.400000,1.600000,0.494833
0.450000,1.600000,0.507380
0.500000,1.600000,0.518339
0.550000,1.600000,0.527742
0.600000,1.600000,0.535615
0.650000,1.600000,0.541978
0.700000,1.600000,0.546849
0.750000,1.600000,0.550241
0.800000,1.600000,0.552161
0.850000,1.600000,0.552617
0.900000,1.600000,0.551607
0.950000,1.600000,0.549131
1.000000,1.600000,0.545180
1.050000,1.600000,0.539746
1.100000,1.600000,0.532814
1.150000,1.600000,0.524365
1.200000,1.600000,0.514377
1.250000,1.600000,0.502820
1.300000,1.600000,0.489663
1.350000,1.600000,0.474867
1.400000,1.600000,0.458386
1.450000,1.600000,0.440168
1.500000,1.600000,0.420154
1.550000,1.600000,0.398272
1.600000,1.600000,0.374444
1.650000,1.600000,0.348577
1.700000,1.600000,0.320564
1.750000,1.600000,0.290279
1.800000,1.600000,0.257577
1.850000,1.600000,0.222286
1.900000,1.600000,0.184200
1.950000,1.600000,0.143074
2.000000,1.600000,0.098608
2.050000,1.600000,0.050433
2.100000,1.600000,-0.001915
2.150000,1.600000,-0.059036
2.200000,1.600000,-0.121719
2.250000,1.600000,-0.191051
2.300000,1.600000,-0.268589
2.350000,1.600000,-0.356723
2.400000,1.600000,-0.459469
2.450000,1.600000,-0.584673
2.500000,1.600000,-0.752798
2.550000,1.600000,
2.600000,1.600000,
2.650000,1.600000,
2.700000,1.600000,
2.750000,1.600000,
2.800000,1.600000,
2.850000,1.600000,
2.900000,1.600000,
2.950000,1.600000,
3.000000,1.600000,
3.050000,1.600000,
3.100000,1.600000,
3.150000,1.600000,
3.200000,1.600000,
3.250000,1.600000,
3.300000,1.600000,
3.350000,1.600000,
3.400000,1.600000,
3.450000,1.600000,
3.500000,1.600000,
-3.500000,1.650000,
-3.450000,1.650000,
-3.400000,1.650000,
-3.350000,1.650000,
-3.300000,1.650000,
-3.250000,1.650000,
-3.200000,1.650000,
-3.150000,1.650000,
-3.100000,1.650000,
-3.050000,1.650000,
-3.000000,1.650000,
-2.950000,1.650000,
-2.900000,1.650000,
-2.850000,1.650000,
-2.800000,1.650000,
-2.750000,1.650000,
-2.700000,1.650000,
-2.650000,1.650000,
-2.600000,1.650000,
-2.550000,1.650000,
-2.500000,1.650000,
-2.450000,1.650000,
-2.400000,1.650000,
-2.350000,1.650000,
-2.300000,1.650000,
-2.250000,1.650000,
-2.200000,1.650000,
-2.150000,1.650000,
-2.100000,1.650000,
-2.050000,1.650000,
-2.000000,1.650000,
-1.950000,1.650000,
-1.900000,1.650000,
-1.850000,1.650000,
-1.800000,1.650000,
-1.750000,1.650000,-1.977124
-1.700000,1.650000,-1.747205
-1.650000,1.650000,-1.593273
-1.600000,1.650000,-1.470949
-1.550000,1.650000,-1.367488
-1.500000,1.650000,-1.277057
-1.450000,1.650000,-1.196401
-1.400000,1.650000,-1.123480
-1.350000,1.650000,-1.056914
-1.300000,1.650000,-0.995718
-1.250000,1.650000,-0.939157
-1.200000,1.650000,-0.886670
-1.150000,1.650000,-0.837812
-1.100000,1.650000,-0.792226
-1.050000,1.650000,-0.749622
-1.000000,1.650000,-0.709757
-0.950000,1.650000,-0.672427
-0.900000,1.650000,-0.637460
-0.850000,1.650000,-0.604709
-0.800000,1.650000,-0.574046
-0.750000,1.650000,-0.545361
-0.700000,1.650000,-0.454864
-0.650000,1.650000,-0.353888
-0.600000,1.650000,-0.267100
-0.550000,1.650000,-0.190662
-0.500000,1.650000,-0.122272
-0.450000,1.650000,-0.060421
-0.400000,1.650000,-0.004054
-0.350000,1.650000,0.047601
-0.300000,1.650000,0.095128
-0.250000,1.650000,0.138982
-0.200000,1.650000,0.179526
-0.150000,1.650000,0.217052
-0.100000,1.650000,0.251802
-0.050000,1.650000,0.283978
-0.000000,1.650000,0.313749
0.050000,1.650000,0.341258
0.100000,1.650000,0.366628
0.150000,1.650000,0.389964
0.200000,1.650000,0.411357
0.250000,1.650000,0.430886
0.300000,1.650000,0.448620
0.350000,1.650000,0.464616
0.400000,1.650000,0.478926
0.450000,1.650000,0.491594
0.500000,1.650000,0.502658
0.550000,1.650000,0.512150
0.600000,1.650000,0.520096
0.650000,1.650000,0.526518
0.700000,1.650000,0.531433
0.750000,1.650000,0.534856
0.800000,1.650000,0.536794
0.850000,1.650000,0.537253
0.900000,1.650000,0.536235
0.950000,1.650000,0.533736
1.000000,1.650000,0.529750
1.050000,1.650000,0.524266
1.100000,1.650000,0.517269
1.150000,1.650000,0.508741
1.200000,1.650000,0.498658
1.250000,1.650000,0.486991
1.300000,1.650000,0.473707
1.350000,1.650000,0.458764
1.400000,1.650000,0.442117
1.450000,1.650000,0.423711
1.500000,1.650000,0.403485
1.550000,1.650000,0.381366
1.600000,1.650000,0.357272
1.650000,1.650000,0.331106
1.700000,1.650000,0.302757
1.750000,1.650000,0.272094
1.800000,1.650000,0.238966
1.850000,1.650000,0.203191
1.900000,1.650000,0.164554
1.950000,1.650000,0.122795
2.000000,1.650000,0.077598
2.050000,1.650000,0.028569
2.100000,1.650000,-0.024792
2.150000,1.650000,-0.083131
2.200000,1.650000,-0.147313
2.250000,1.650000,-0.218538
2.300000,1.650000,-0.298562
2.350000,1.650000,-0.390142
2.400000,1.650000,-0.498096
2.450000,1.650000,-0.632479
2.500000,1.650000,-0.824071
2.550000,1.650000,
2.600000,1.650000,
2.650000,1.650000,
2.700000,1.650000,
2.750000,1.650000,
2.800000,1.650000,
2.850000,1.650000,
2.900000,1.650000,
2.950000,1.650000,
3.000000,1.650000,
3.050000,1.650000,
3.100000,1.650000,
3.150000,1.650000,
3.200000,1.650000,
3.250000,1.650000,
3.300000,1.650000,
3.350000,1.650000,
3.400000,1.650000,
3.450000,1.650000,
3.500000,1.650000,
-3.500000,1.700000,
-3.450000,1.700000,
-3.400000,1.700000,
-3.350000,1.700000,
-3.300000,1.700000,
-3.250000,1.700000,
-3.200000,1.700000,
-3.150000,1.700000,
-3.100000,1.700000,
-3.050000,1.700000,
-3.000000,1.700000,
-2.950000,1.700000,
-2.900000,1.700000,
-2.850000,1.700000,
-2.800000,1.700000,
-2.750000,1.700000,
-2.700000,1.700000,
-2.650000,1.700000,
-2.600000,1.700000,
-2.550000,1.700000,
-2.500000,1.700000,
-2.450000,1.700000,
-2.400000,1.700000,
-2.350000,1.700000,
-2.300000,1.700000,
-2.250000,1.700000,
-2.200000,1.700000,
-2.150000,1.700000,
-2.100000,1.700000,
-2.050000,1.700000,
-2.000000,1.700000,
-1.950000,1.700000,
-1.900000,1.700000,
-1.850000,1.700000,
-1.800000,1.700000,
-1.750000,1.700000,-1.992002
-1.700000,1.700000,-1.755568
-1.650000,1.700000,-1.599751
-1.600000,1.700000,-1.476445
-1.550000,1.700000,-1.372360
-1.500000,1.700000,-1.281489
-1.450000,1.700000,-1.200504
-1.400000,1.700000,-1.127324
-1.350000,1.700000,-1.060549
-1.300000,1.700000,-0.999179
-1.250000,1.700000,-0.942473
-1.200000,1.700000,-0.889860
-1.150000,1.700000,-0.840894
-1.100000,1.700000,-0.795215
-1.050000,1.700000,-0.752527
-1.000000,1.700000,-0.712588
-0.950000,1.700000,-0.675193
-0.900000,1.700000,-0.640167
-0.850000,1.700000,-0.607363
-0.800000,1.700000,-0.576653
-0.750000,1.700000,-0.547924
-0.700000,1.700000,-0.497012
-0.650000,1.700000,-0.390447
-0.600000,1.700000,-0.299940
-0.550000,1.700000,-0.220811
-0.500000,1.700000,-0.150366
-0.450000,1.700000,-0.086887
-0.400000,1.700000,-0.029193
-0.350000,1.700000,0.023564
-0.300000,1.700000,0.072023
-0.250000,1.700000,0.116674
-0.200000,1.700000,0.157907
-0.150000,1.700000,0.196034
-0.100000,1.700000,0.231311
-0.050000,1.700000,0.263952
-0.000000,1.700000,0.294134
0.050000,1.700000,0.322008
0.100000,1.700000,0.347703
0.150000,1.700000,0.371329
0.200000,1.700000,0.392980
0.250000,1.700000,0.412738
0.300000,1.700000,0.430674
0.350000,1.700000,0.446850
0.400000,1.700000,0.461317
0.450000,1.700000,0.474122
0.500000,1.700000,0.485304
0.550000,1.700000,0.494896
0.600000,1.700000,0.502924
0.650000,1.700000,0.509412
0.700000,1.700000,0.514378
0.750000,1.700000,0.517836
0.800000,1.700000,0.519794
0.850000,1.700000,0.520258
0.900000,1.700000,0.519229
0.950000,1.700000,0.516704
1.000000,1.700000,0.512677
1.050000,1.700000,0.507137
1.100000,1.700000,0.500068
1.150000,1.700000,0.491451
1.200000,1.700000,0.481262
1.250000,1.700000,0.469470
1.300000,1.700000,0.456041
1.350000,1.700000,0.440932
1.400000,1.700000,0.424097
1.450000,1.700000,0.405479
1.500000,1.700000,0.385014
1.550000,1.700000,0.362626
1.600000,1.700000,0.338229
1.650000,1.700000,0.311723
1.700000,1.700000,0.282992
1.750000,1.700000,0.251899
1.800000,1.700000,0.218283
1.850000,1.700000,0.181954
1.900000,1.700000,0.142685
1.950000,1.700000,0.100199
2.000000,1.700000,0.054158
2.050000,1.700000,0.004137
2.100000,1.700000,-0.050404
2.150000,1.700000,-0.110172
2.200000,1.700000,-0.176125
2.250000,1.700000,-0.249614
2.300000,1.700000,-0.332657
2.350000,1.700000,-0.428524
2.400000,1.700000,-0.543216
2.450000,1.700000,-0.690478
2.500000,1.700000,-0.926418
2.550000,1.700000,
2.600000,1.700000,
2.650000,1.700000,
2.700000,1.700000,
2.750000,1.700000,
2.800000,1.700000,
2.850000,1.700000,
2.900000,1.700000,
2.950000,1.700000,
3.000000,1.700000,
3.050000,1.700000,
3.100000,1.700000,
3.150000,1.700000,
3.200000,1.700000,
3.250000,1.700000,
3.300000,1.700000,
3.350000,1.700000,
3.400000,1.700000,
3.450000,1.700000,
3.500000,1.700000,
-3.500000,1.750000,
-3.450000,1.750000,
-3.400000,1.750000,
-3.350000,1.750000,
-3.300000,1.750000,
-3.250000,1.750000,
-3.200000,1.750000,
-3.150000,1.750000,
-3.100000,1.750000,
-3.050000,1.750000,
-3.000000,1.750000,
-2.950000,1.750000,
-2.900000,1.750000,
-2.850000,1.750000,
-2.800000,1.750000,
-2.750000,1.750000,
-2.700000,1.750000,
-2.650000,1.750000,
-2.600000,1.750000,
-2.550000,1.750000,
-2.500000,1.750000,
-2.450000,1.750000,
-2.400000,1.750000,
-2.350000,1.750000,
-2.300000,1.750000,
-2.250000,1.750000,
-2.200000,1.750000,
-2.150000,1.750000,
-2.100000,1.750000,
-2.050000,1.750000,
-2.000000,1.750000,
-1.950000,1.750000,
-1.900000,1.750000,
-1.850000,1.750000,
-1.800000,1.750000,
-1.750000,1.750000,-2.016885
-1.700000,1.750000,-1.768897
-1.650000,1.750000,-1.609991
-1.600000,1.750000,-1.485103
-1.550000,1.750000,-1.380020
-1.500000,1.750000,-1.288450
-1.450000,1.750000,-1.206941
-1.400000,1.750000,-1.133352
-1.350000,1.750000,-1.066246
-1.300000,1.750000,-1.004603
-1.250000,1.750000,-0.947666
-1.200000,1.750000,-0.894857
-1.150000,1.750000,-0.845721
-1.100000,1.750000,-0.799893
-1.050000,1.750000,-0.757074
-1.000000,1.750000,-0.717019
-0.950000,1.750000,-0.679521
-0.900000,1.750000,-0.644403
-0.850000,1.750000,-0.611516
-0.800000,1.750000,-0.580730
-0.750000,1.750000,-0.551934
-0.700000,1.750000,-0.525030
-0.650000,1.750000,-0.432298
-0.600000,1.750000,-0.337145
-0.550000,1.750000,-0.254739
-0.500000,1.750000,-0.181835
-0.450000,1.750000,-0.116430
-0.400000,1.750000,-0.057182
-0.350000,1.750000,-0.003142
-0.300000,1.750000,0.046395
-0.250000,1.750000,0.091964
-0.200000,1.750000,0.133987
-0.150000,1.750000,0.172801
-0.100000,1.750000,0.208680
-0.050000,1.750000,0.241850
-0.000000,1.750000,0.272499
0.050000,1.750000,0.300788
0.100000,1.750000,0.326851
0.150000,1.750000,0.350804
0.200000,1.750000,0.372746
0.250000,1.750000,0.392762
0.300000,1.750000,0.410927
0.350000,1.750000,0.427305
0.400000,1.750000,0.441949
0.450000,1.750000,0.454909
0.500000,1.750000,0.466223
0.550000,1.750000,0.475927
0.600000,1.750000,0.484048
0.650000,1.750000,0.490611
0.700000,1.750000,0.495633
0.750000,1.750000,0.499130
0.800000,1.750000,0.501110
0.850000,1.750000,0.501579
0.900000,1.750000,0.500539
0.950000,1.750000,0.497986
1.000000,1.750000,0.493913
1.050000,1.750000,0.488310
1.100000,1.750000,0.481159
1.150000,1.750000,0.472442
1.200000,1.750000,0.462133
1.250000,1.750000,0.450200
1.300000,1.750000,0.436608
1.350000,1.750000,0.421314
1.400000,1.750000,0.404267
1.450000,1.750000,0.385409
1.500000,1.750000,0.364674
1.550000,1.750000,0.341981
1.600000,1.750000,0.317243
1.650000,1.750000,0.290352
1.700000,1.750000,0.261187
1.750000,1.750000,0.229604
1.800000,1.750000,0.195434
1.850000,1.750000,0.158473
1.900000,1.750000,0.118480
1.950000,1.750000,0.075158
2.000000,1.750000,0.028143
2.050000,1.750000,-0.023027
2.100000,1.750000,-0.078944
2.150000,1.750000,-0.140393
2.200000,1.750000,-0.208450
2.250000,1.750000,-0.284664
2.300000,1.750000,-0.371414
2.350000,1.750000,-0.472707
2.400000,1.750000,-0.596400
2.450000,1.750000,-0.763174
2.500000,1.750000,
2.550000,1.750000,
2.600000,1.750000,
2.650000,1.750000,
2.700000,1.750000,
2.750000,1.750000,
2.800000,1.750000,
2.850000,1.750000,
2.900000,1.750000,
2.950000,1.750000,
3.000000,1.750000,
3.050000,1.750000,
3.100000,1.750000,
3.150000,1.750000,
3.200000,1.750000,
3.250000,1.750000,
3.300000,1.750000,
3.350000,1.750000,
3.400000,1.750000,
3.450000,1.750000,
3.500000,1.750000,
-3.500000,1.800000,
-3.450000,1.800000,
-3.400000,1.800000,
-3.350000,1.800000,
-3.300000,1.800000,
-3.250000,1.800000,
-3.200000,1.800000,
-3.150000,1.800000,
-3.100000,1.800000,
-3.050000,1.800000,
-3.000000,1.800000,
-2.950000,1.800000,
-2.900000,1.800000,
-2.850000,1.800000,
-2.800000,1.800000,
-2.750000,1.800000,
-2.700000,1.800000,
-2.650000,1.800000,
-2.600000,1.800000,
-2.550000,1.800000,
-2.500000,1.800000,
-2.450000,1.800000,
-2.400000,1.800000,
-2.350000,1.800000,
-2.300000,1.800000,
-2.250000,1.800000,
-2.200000,1.800000,
-2.150000,1.800000,
-2.100000,1.800000,
-2.050000,1.800000,
-2.000000,1.800000,
-1.950000,1.800000,
-1.900000,1.800000,
-1.850000,1.800000,
-1.800000,1.800000,
-1.750000,1.800000,-2.055015
-1.700000,1.800000,-1.787593
-1.650000,1.800000,-1.624168
-1.600000,1.800000,-1.497026
-1.550000,1.800000,-1.390540
-1.500000,1.800000,-1.297992
-1.450000,1.800000,-1.215754
-1.400000,1.800000,-1.141597
-1.350000,1.800000,-1.074034
-1.300000,1.800000,-1.012014
-1.250000,1.800000,-0.954759
-1.200000,1.800000,-0.901679
-1.150000,1.800000,-0.852309
-1.100000,1.800000,-0.806276
-1.050000,1.800000,-0.763278
-1.000000,1.800000,-0.723064
-0.950000,1.800000,-0.685424
-0.900000,1.800000,-0.650179
-0.850000,1.800000,-0.617178
-0.800000,1.800000,-0.586290
-0.750000,1.800000,-0.557401
-0.700000,1.800000,-0.530413
-0.650000,1.800000,-0.480423
-0.600000,1.800000,-0.379342
-0.550000,1.800000,-0.292892
-0.500000,1.800000,-0.217017
-0.450000,1.800000,-0.149321
-0.400000,1.800000,-0.088245
-0.350000,1.800000,-0.032708
-0.300000,1.800000,0.018078
-0.250000,1.800000,0.064706
-0.200000,1.800000,0.107637
-0.150000,1.800000,0.147237
-0.100000,1.800000,0.183801
-0.050000,1.800000,0.217572
-0.000000,1.800000,0.248752
0.050000,1.800000,0.277509
0.100000,1.800000,0.303988
0.150000,1.800000,0.328310
0.200000,1.800000,0.350580
0.250000,1.800000,0.370888
0.300000,1.800000,0.389310
0.350000,1.800000,0.405914
0.400000,1.800000,0.420758
0.450000,1.800000,0.433890
0.500000,1.800000,0.445353
0.550000,1.800000,0.455182
0.600000,1.800000,0.463408
0.650000,1.800000,0.470054
0.700000,1.800000,0.475140
0.750000,1.800000,0.478680
0.800000,1.800000,0.480685
0.850000,1.800000,0.481160
0.900000,1.800000,0.480107
0.950000,1.800000,0.477522
1.000000,1.800000,0.473398
1.050000,1.800000,0.467724
1.100000,1.800000,0.460482
1.150000,1.800000,0.451653
1.200000,1.800000,0.441209
1.250000,1.800000,0.429119
1.300000,1.800000,0.415345
1.350000,1.800000,0.399841
1.400000,1.800000,0.382556
1.450000,1.800000,0.363429
1.500000,1.800000,0.342389
1.550000,1.800000,0.319354
1.600000,1.800000,0.294229
1.650000,1.800000,0.266903
1.700000,1.800000,0.237247
1.750000,1.800000,0.205108
1.800000,1.800000,0.170306
1.850000,1.800000,0.132624
1.900000,1.800000,0.091802
1.950000,1.800000,0.047519
2.000000,1.800000,-0.000622
2.050000,1.800000,-0.053127
2.100000,1.800000,-0.110654
2.150000,1.800000,-0.174088
2.200000,1.800000,-0.244661
2.250000,1.800000,-0.324192
2.300000,1.800000,-0.415565
2.350000,1.800000,-0.523907
2.400000,1.800000,-0.660244
2.450000,1.800000,-0.861290
2.500000,1.800000,
2.550000,1.800000,
2.600000,1.800000,
2.650000,1.800000,
2.700000,1.800000,
2.750000,1.800000,
2.800000,1.800000,
2.850000,1.800000,
2.900000,1.800000,
2.950000,1.800000,
3.000000,1.800000,
3.050000,1.800000,
3.100000,1.800000,
3.150000,1.800000,
3.200000,1.800000,
3.250000,1.800000,
3.300000,1.800000,
3.350000,1.800000,
3.400000,1.800000,
3.450000,1.800000,
3.500000,1.800000,
-3.500000,1.850000,
-3.450000,1.850000,
-3.400000,1.850000,
-3.350000,1.850000,
-3.300000,1.850000,
-3.250000,1.850000,
-3.200000,1.850000,
-3.150000,1.850000,
-3.100000,1.850000,
-3.050000,1.850000,
-3.000000,1.850000,
-2.950000,1.850000,
-2.900000,1.850000,
-2.850000,1.850000,
-2.800000,1.850000,
-2.750000,1.850000,
-2.700000,1.850000,
-2.650000,1.850000,
-2.600000,1.850000,
-2.550000,1.850000,
-2.500000,1.850000,
-2.450000,1.850000,
-2.400000,1.850000,
-2.350000,1.850000,
-2.300000,1.850000,
-2.250000,1.850000,
-2.200000,1.850000,
-2.150000,1.850000,
-2.100000,1.850000,
-2.050000,1.850000,
-2.000000,1.850000,
-1.950000,1.850000,
-1.900000,1.850000,
-1.850000,1.850000,
-1.800000,1.850000,
-1.750000,1.850000,-2.115143
-1.700000,1.850000,-1.812293
-1.650000,1.850000,-1.642543
-1.600000,1.850000,-1.512367
-1.550000,1.850000,-1.404022
-1.500000,1.850000,-1.310192
-1.450000,1.850000,-1.227004
-1.400000,1.850000,-1.152110
-1.350000,1.850000,-1.083955
-1.300000,1.850000,-1.021447
-1.250000,1.850000,-0.963783
-1.200000,1.850000,-0.910355
-1.150000,1.850000,-0.860683
-1.100000,1.850000,-0.814388
-1.050000,1.850000,-0.771160
-1.000000,1.850000,-0.730741
-0.950000,1.850000,-0.692919
-0.900000,1.850000,-0.657512
-0.850000,1.850000,-0.624365
-0.800000,1.850000,-0.593346
-0.750000,1.850000,-0.564338
-0.700000,1.850000,-0.537243
-0.650000,1.850000,-0.511972
-0.600000,1.850000,-0.427401
-0.550000,1.850000,-0.335862
-0.500000,1.850000,-0.256351
-0.450000,1.850000,-0.185903
-0.400000,1.850000,-0.122660
-0.350000,1.850000,-0.065367
-0.300000,1.850000,-0.013127
-0.250000,1.850000,0.034725
-0.200000,1.850000,0.078700
-0.150000,1.850000,0.119199
-0.100000,1.850000,0.156545
-0.050000,1.850000,0.191000
-0.000000,1.850000,0.222782
0.050000,1.850000,0.252070
0.100000,1.850000,0.279019
0.150000,1.850000,0.303758
0.200000,1.850000,0.326397
0.250000,1.850000,0.347031
0.300000,1.850000,0.365743
0.350000,1.850000,0.382601
0.400000,1.850000,0.397668
0.450000,1.850000,0.410994
0.500000,1.850000,0.422623
0.550000,1.850000,0.432593
0.600000,1.850000,0.440935
0.650000,1.850000,0.447674
0.700000,1.850000,0.452831
0.750000,1.850000,0.456421
0.800000,1.850000,0.458453
0.850000,1.850000,0.458935
0.900000,1.850000,0.457867
0.950000,1.850000,0.455246
1.000000,1.850000,0.451065
1.050000,1.850000,0.445311
1.100000,1.850000,0.437968
1.150000,1.850000,0.429014
1.200000,1.850000,0.418420
1.250000,1.850000,0.406153
1.300000,1.850000,0.392174
1.350000,1.850000,0.376436
1.400000,1.850000,0.358884
1.450000,1.850000,0.339453
1.500000,1.850000,0.318071
1.550000,1.850000,0.294649
1.600000,1.850000,0.269088
1.650000,1.850000,0.241270
1.700000,1.850000,0.211058
1.750000,1.850000,0.178288
1.800000,1.850000,0.142766
1.850000,1.850000,0.104261
1.900000,1.850000,0.062488
1.950000,1.850000,0.017098
2.000000,1.850000,-0.032347
2.050000,1.850000,-0.086410
2.100000,1.850000,-0.145833
2.150000,1.850000,-0.211629
2.200000,1.850000,-0.285244
2.250000,1.850000,-0.368871
2.300000,1.850000,-0.466147
2.350000,1.850000,-0.584010
2.400000,1.850000,-0.739635
2.450000,1.850000,-1.036783
2.500000,1.850000,
2.550000,1.850000,
2.600000,1.850000,
2.650000,1.850000,
2.700000,1.850000,
2.750000,1.850000,
2.800000,1.850000,
2.850000,1.850000,
2.900000,1.850000,
2.950000,1.850000,
3.000000,1.850000,
3.050000,1.850000,
3.100000,1.850000,
3.150000,1.850000,
3.200000,1.850000,
3.250000,1.850000,
3.300000,1.850000,
3.350000,1.850000,
3.400000,1.850000,
3.450000,1.850000,
3.500000,1.850000,
-3.500000,1.900000,
-3.450000,1.900000,
-3.400000,1.900000,
-3.350000,1.900000,
-3.300000,1.900000,
-3.250000,1.900000,
-3.200000,1.900000,
-3.150000,1.900000,
-3.100000,1.900000,
-3.050000,1.900000,
-3.000000,1.900000,
-2.950000,1.900000,
-2.900000,1.900000,
-2.850000,1.900000,
-2.800000,1.900000,
-2.750000,1.900000,
-2.700000,1.900000,
-2.650000,1.900000,
-2.600000,1.900000,
-2.550000,1.900000,
-2.500000,1.900000,
-2.450000,1.900000,
-2.400000,1.900000,
-2.350000,1.900000,
-2.300000,1.900000,
-2.250000,1.900000,
-2.200000,1.900000,
-2.150000,1.900000,
-2.100000,1.900000,
-2.050000,1.900000,
-2.000000,1.900000,
-1.950000,1.900000,
-1.900000,1.900000,
-1.850000,1.900000,
-1.800000,1.900000,
-1.750000,1.900000,
-1.700000,1.900000,-1.844008
-1.650000,1.900000,-1.665489
-1.600000,1.900000,-1.531334
-1.550000,1.900000,-1.420605
-1.500000,1.900000,-1.325151
-1.450000,1.900000,-1.240769
-1.400000,1.900000,-1.164953
-1.350000,1.900000,-1.096061
-1.300000,1.900000,-1.032948
-1.250000,1.900000,-0.974778
-1.200000,1.900000,-0.920918
-1.150000,1.900000,-0.870875
-1.100000,1.900000,-0.824257
-1.050000,1.900000,-0.780744
-1.000000,1.900000,-0.740075
-0.950000,1.900000,-0.702030
-0.900000,1.900000,-0.666423
-0.850000,1.900000,-0.633097
-0.800000,1.900000,-0.601917
-0.750000,1.900000,-0.572764
-0.700000,1.900000,-0.545538
-0.650000,1.900000,-0.520148
-0.600000,1.900000,-0.482576
-0.550000,1.900000,-0.384453
-0.500000,1.900000,-0.300408
-0.450000,1.900000,-0.226610
-0.400000,1.900000,-0.160774
-0.350000,1.900000,-0.101406
-0.300000,1.900000,-0.047465
-0.250000,1.900000,0.001809
-0.200000,1.900000,0.046988
-0.150000,1.900000,0.088521
-0.100000,1.900000,0.126762
-0.050000,1.900000,0.161996
-0.000000,1.900000,0.194461
0.050000,1.900000,0.224351
0.100000,1.900000,0.251831
0.150000,1.900000,0.277039
0.200000,1.900000,0.300094
0.250000,1.900000,0.321097
0.300000,1.900000,0.340133
0.350000,1.900000,0.357277
0.400000,1.900000,0.372593
0.450000,1.900000,0.386136
0.500000,1.900000,0.397952
0.550000,1.900000,0.408079
0.600000,1.900000,0.416551
0.650000,1.900000,0.423395
0.700000,1.900000,0.428631
0.750000,1.900000,0.432275
0.800000,1.900000,0.434338
0.850000,1.900000,0.434827
0.900000,1.900000,0.433743
0.950000,1.900000,0.431082
1.000000,1.900000,0.426837
1.050000,1.900000,0.420995
1.100000,1.900000,0.413538
1.150000,1.900000,0.404443
1.200000,1.900000,0.393681
1.250000,1.900000,0.381217
1.300000,1.900000,0.367009
1.350000,1.900000,0.351008
1.400000,1.900000,0.333156
1.450000,1.900000,0.313385
1.500000,1.900000,0.291617
1.550000,1.900000,0.267760
1.600000,1.900000,0.241707
1.650000,1.900000,0.213333
1.700000,1.900000,0.182489
1.750000,1.900000,0.149001
1.800000,1.900000,0.112659
1.850000,1.900000,0.073210
1.900000,1.900000,0.030343
1.950000,1.900000,-0.016327
2.000000,1.900000,-0.067291
2.050000,1.900000,-0.123184
2.100000,1.900000,-0.184857
2.150000,1.900000,-0.253498
2.200000,1.900000,-0.330845
2.250000,1.900000,-0.419640
2.300000,1.900000,-0.524706
2.350000,1.900000,-0.656224
2.400000,1.900000,-0.846353
2.450000,1.900000,
2.500000,1.900000,
2.550000,1.900000,
2.600000,1.900000,
2.650000,1.900000,
2.700000,1.900000,
2.750000,1.900000,
2.800000,1.900000,
2.850000,1.900000,
2.900000,1.900000,
2.950000,1.900000,
3.000000,1.900000,
3.050000,1.900000,
3.100000,1.900000,
3.150000,1.900000,
3.200000,1.900000,
3.250000,1.900000,
3.300000,1.900000,
3.350000,1.900000,
3.400000,1.900000,
3.450000,1.900000,
3.500000,1.900000,
-3.500000,1.950000,
-3.450000,1.950000,
-3.400000,1.950000,
-3.350000,1.950000,
-3.300000,1.950000,
-3.250000,1.950000,
-3.200000,1.950000,
-3.150000,1.950000,
-3.100000,1.950000,
-3.050000,1.950000,
-3.000000,1.950000,
-2.950000,1.950000,
-2.900000,1.950000,
-2.850000,1.950000,
-2.800000,1.950000,
-2.750000,1.950000,
-2.700000,1.950000,
-2.650000,1.950000,
-2.600000,1.950000,
-2.550000,1.950000,
-2.500000,1.950000,
-2.450000,1.950000,
-2.400000,1.950000,
-2.350000,1.950000,
-2.300000,1.950000,
-2.250000,1.950000,
-2.200000,1.950000,
-2.150000,1.950000,
-2.100000,1.950000,
-2.050000,1.950000,
-2.000000,1.950000,
-1.950000,1.950000,
-1.900000,1.950000,
-1.850000,1.950000,
-1.800000,1.950000,
-1.750000,1.950000,
-1.700000,1.950000,-1.884404
-1.650000,1.950000,-1.693541
-1.600000,1.950000,-1.554209
-1.550000,1.950000,-1.440472
-1.500000,1.950000,-1.343000
-1.450000,1.950000,-1.257151
-1.400000,1.950000,-1.180208
-1.350000,1.950000,-1.110420
-1.300000,1.950000,-1.046574
-1.250000,1.950000,-0.987793
-1.200000,1.950000,-0.933413
-1.150000,1.950000,-0.882924
-1.100000,1.950000,-0.835918
-1.050000,1.950000,-0.792065
-1.000000,1.950000,-0.751096
-0.950000,1.950000,-0.712783
-0.900000,1.950000,-0.676939
-0.850000,1.950000,-0.643399
-0.800000,1.950000,-0.612026
-0.750000,1.950000,-0.582701
-0.700000,1.950000,-0.555318
-0.650000,1.950000,-0.529787
-0.600000,1.950000,-0.506027
-0.550000,1.950000,-0.439810
-0.500000,1.950000,-0.349964
-0.450000,1.950000,-0.272014
-0.400000,1.950000,-0.203032
-0.350000,1.950000,-0.141186
-0.300000,1.950000,-0.085237
-0.250000,1.950000,-0.034301
-0.200000,1.950000,0.012278
-0.150000,1.950000,0.055003
-0.100000,1.950000,0.094270
-0.050000,1.950000,0.130395
-0.000000,1.950000,0.163638
0.050000,1.950000,0.194212
0.100000,1.950000,0.222293
0.150000,1.950000,0.248032
0.200000,1.950000,0.271556
0.250000,1.950000,0.292972
0.300000,1.950000,0.312373
0.350000,1.950000,0.329838
0.400000,1.950000,0.345435
0.450000,1.950000,0.359220
0.500000,1.950000,0.371244
0.550000,1.950000,0.381548
0.600000,1.950000,0.390166
0.650000,1.950000,0.397125
0.700000,1.950000,0.402450
0.750000,1.950000,0.406155
0.800000,1.950000,0.408253
0.850000,1.950000,0.408750
0.900000,1.950000,0.407647
0.950000,1.950000,0.404942
1.000000,1.950000,0.400626
1.050000,1.950000,0.394685
1.100000,1.950000,0.387101
1.150000,1.950000,0.377849
1.200000,1.950000,0.366899
1.250000,1.950000,0.354214
1.300000,1.950000,0.339749
1.350000,1.950000,0.323453
1.400000,1.950000,0.305264
1.450000,1.950000,0.285110
1.500000,1.950000,0.262908
1.550000,1.950000,0.238560
1.600000,1.950000,0.211950
1.650000,1.950000,0.182945
1.700000,1.950000,0.151384
1.750000,1.950000,0.117077
1.800000,1.950000,0.079796
1.850000,1.950000,0.039261
1.900000,1.950000,-0.004870
1.950000,1.950000,-0.053031
2.000000,1.950000,-0.105776
2.050000,1.950000,-0.163837
2.100000,1.950000,-0.228213
2.150000,1.950000,-0.300329
2.200000,1.950000,-0.382351
2.250000,1.950000,-0.477869
2.300000,1.950000,-0.593735
2.350000,1.950000,-0.746934
2.400000,1.950000,-1.041134
2.450000,1.950000,
2.500000,1.950000,
2.550000,1.950000,
2.600000,1.950000,
2.650000,1.950000,
2.700000,1.950000,
2.750000,1.950000,
2.800000,1.950000,
2.850000,1.950000,
2.900000,1.950000,
2.950000,1.950000,
3.000000,1.950000,
3.050000,1.950000,
3.100000,1.950000,
3.150000,1.950000,
3.200000,1.950000,
3.250000,1.950000,
3.300000,1.950000,
3.350000,1.950000,
3.400000,1.950000,
3.450000,1.950000,
3.500000,1.950000,
-3.500000,2.000000,
-3.450000,2.000000,
-3.400000,2.000000,
-3.350000,2.000000,
-3.300000,2.000000,
-3.250000,2.000000,
-3.200000,2.000000,
-3.150000,2.000000,
-3.100000,2.000000,
-3.050000,2.000000,
-3.000000,2.000000,
-2.950000,2.000000,
-2.900000,2.000000,
-2.850000,2.000000,
-2.800000,2.000000,
-2.750000,2.000000,
-2.700000,2.000000,
-2.650000,2.000000,
-2.600000,2.000000,
-2.550000,2.000000,
-2.500000,2.000000,
-2.450000,2.000000,
-2.400000,2.000000,
-2.350000,2.000000,
-2.300000,2.000000,
-2.250000,2.000000,
-2.200000,2.000000,
-2.150000,2.000000,
-2.100000,2.000000,
-2.050000,2.000000,
-2.000000,2.000000,
-1.950000,2.000000,
-1.900000,2.000000,
-1.850000,2.000000,
-1.800000,2.000000,
-1.750000,2.000000,
-1.700000,2.000000,-1.936499
-1.650000,2.000000,-1.727468
-1.600000,2.000000,-1.581375
-1.550000,2.000000,-1.463861
-1.500000,2.000000,-1.363908
-1.450000,2.000000,-1.276275
-1.400000,2.000000,-1.197977
-1.350000,2.000000,-1.127116
-1.300000,2.000000,-1.062398
-1.250000,2.000000,-1.002890
-1.200000,2.000000,-0.947896
-1.150000,2.000000,-0.896879
-1.100000,2.000000,-0.849416
-1.050000,2.000000,-0.805163
-1.000000,2.000000,-0.763840
-0.950000,2.000000,-0.725215
-0.900000,2.000000,-0.689090
-0.850000,2.000000,-0.655300
-0.800000,2.000000,-0.623703
-0.750000,2.000000,-0.594175
-0.700000,2.000000,-0.566609
-0.650000,2.000000,-0.540912
-0.600000,2.000000,-0.517003
-0.550000,2.000000,-0.494810
-0.500000,2.000000,-0.406111
-0.450000,2.000000,-0.322883
-0.400000,2.000000,-0.250014
-0.350000,2.000000,-0.185167
-0.300000,2.000000,-0.126821
-0.250000,2.000000,-0.073924
-0.200000,2.000000,-0.025710
-0.150000,2.000000,0.018399
-0.100000,2.000000,0.058851
-0.050000,2.000000,0.096000
-0.000000,2.000000,0.130134
0.050000,2.000000,0.161485
0.100000,2.000000,0.190250
0.150000,2.000000,0.216591
0.200000,2.000000,0.240645
0.250000,2.000000,0.262528
0.300000,2.000000,0.282340
0.350000,2.000000,0.300166
0.400000,2.000000,0.316077
0.450000,2.000000,0.330135
0.500000,2.000000,0.342393
0.550000,2.000000,0.352893
0.600000,2.000000,0.361674
0.650000,2.000000,0.368764
0.700000,2.000000,0.374187
0.750000,2.000000,0.377960
0.800000,2.000000,0.380097
0.850000,2.000000,0.380603
0.900000,2.000000,0.379480
0.950000,2.000000,0.376725
1.000000,2.000000,0.372330
1.050000,2.000000,0.366278
1.100000,2.000000,0.358552
1.150000,2.000000,0.349124
1.200000,2.000000,0.337963
1.250000,2.000000,0.325030
1.300000,2.000000,0.310277
1.350000,2.000000,0.293649
1.400000,2.000000,0.275081
1.450000,2.000000,0.254496
1.500000,2.000000,0.231804
1.550000,2.000000,0.206899
1.600000,2.000000,0.179659
1.650000,2.000000,0.149936
1.700000,2.000000,0.117556
1.750000,2.000000,0.082312
1.800000,2.000000,0.043950
1.850000,2.000000,0.002160
1.900000,2.000000,-0.043444
1.950000,2.000000,-0.093353
2.000000,2.000000,-0.148209
2.050000,2.000000,-0.208871
2.100000,2.000000,-0.276541
2.150000,2.000000,-0.352992
2.200000,2.000000,-0.441040
2.250000,2.000000,-0.545693
2.300000,2.000000,-0.677756
2.350000,2.000000,-0.873495
2.400000,2.000000,
2.450000,2.000000,
2.500000,2.000000,
2.550000,2.000000,
2.600000,2.000000,
2.650000,2.000000,
2.700000,2.000000,
2.750000,2.000000,
2.800000,2.000000,
2.850000,2.000000,
2.900000,2.000000,
2.950000,2.000000,
3.000000,2.000000,
3.050000,2.000000,
3.100000,2.000000,
3.150000,2.000000,
3.200000,2.000000,
3.250000,2.000000,
3.300000,2.000000,
3.350000,2.000000,
3.400000,2.000000,
3.450000,2.000000,
3.500000,2.000000,
-3.500000,2.050000,
-3.450000,2.050000,
-3.400000,2.050000,
-3.350000,2.050000,
-3.300000,2.050000,
-3.250000,2.050000,
-3.200000,2.050000,
-3.150000,2.050000,
-3.100000,2.050000,
-3.050000,2.050000,
-3.000000,2.050000,
-2.950000,2.050000,
-2.900000,2.050000,
-2.850000,2.050000,
-2.800000,2.050000,
-2.750000,2.050000,
-2.700000,2.050000,
-2.650000,2.050000,
-2.600000,2.050000,
-2.550000,2.050000,
-2.500000,2.050000,
-2.450000,2.050000,
-2.400000,2.050000,
-2.350000,2.050000,
-2.300000,2.050000,
-2.250000,2.050000,
-2.200000,2.050000,
-2.150000,2.050000,
-2.100000,2.050000,
-2.050000,2.050000,
-2.000000,2.050000,
-1.950000,2.050000,
-1.900000,2.050000,
-1.850000,2.050000,
-1.800000,2.050000,
-1.750000,2.050000,-2.214926
-1.700000,2.050000,-1.907692
-1.650000,2.050000,-1.745250
-1.600000,2.050000,-1.613353
-1.550000,2.050000,-1.491085
-1.500000,2.050000,-1.388088
-1.450000,2.050000,-1.298304
-1.400000,2.050000,-1.218386
-1.350000,2.050000,-1.146253
-1.300000,2.050000,-1.080504
-1.250000,2.050000,-1.020143
-1.200000,2.050000,-0.964430
-1.150000,2.050000,-0.912799
-1.100000,2.050000,-0.864802
-1.050000,2.050000,-0.820084
-1.000000,2.050000,-0.778352
-0.950000,2.050000,-0.739363
-0.900000,2.050000,-0.702916
-0.850000,2.050000,-0.668837
-0.800000,2.050000,-0.636979
-0.750000,2.050000,-0.607217
-0.700000,2.050000,-0.579440
-0.650000,2.050000,-0.553553
-0.600000,2.050000,-0.529472
-0.550000,2.050000,-0.507123
-0.500000,2.050000,-0.470467
-0.450000,2.050000,-0.380293
-0.400000,2.050000,-0.302502
-0.350000,2.050000,-0.233951
-0.300000,2.050000,-0.172703
-0.250000,2.050000,-0.117463
-0.200000,2.050000,-0.067317
-0.150000,2.050000,-0.021587
-0.100000,2.050000,0.020242
-0.050000,2.050000,0.058574
-0.000000,2.050000,0.093731
0.050000,2.050000,0.125974
0.100000,2.050000,0.155518
0.150000,2.050000,0.182543
0.200000,2.050000,0.207199
0.250000,2.050000,0.229611
0.300000,2.050000,0.249887
0.350000,2.050000,0.268119
0.400000,2.050000,0.284385
0.450000,2.050000,0.298750
0.500000,2.050000,0.311270
0.550000,2.050000,0.321992
0.600000,2.050000,0.330955
0.650000,2.050000,0.338191
0.700000,2.050000,0.343724
0.750000,2.050000,0.347574
0.800000,2.050000,0.349754
0.850000,2.050000,0.350270
0.900000,2.050000,0.349125
0.950000,2.050000,0.346314
1.000000,2.050000,0.341829
1.050000,2.050000,0.335654
1.100000,2.050000,0.327768
1.150000,2.050000,0.318143
1.200000,2.050000,0.306746
1.250000,2.050000,0.293534
1.300000,2.050000,0.278457
1.350000,2.050000,0.261456
1.400000,2.050000,0.242460
1.450000,2.050000,0.221387
1.500000,2.050000,0.198139
1.550000,2.050000,0.172603
1.600000,2.050000,0.144644
1.650000,2.050000,0.114101
1.700000,2.050000,0.080783
1.750000,2.050000,0.044458
1.800000,2.050000,0.004845
1.850000,2.050000,-0.038408
1.900000,2.050000,-0.085741
1.950000,2.050000,-0.137724
2.000000,2.050000,-0.195112
2.050000,2.050000,-0.258945
2.100000,2.050000,-0.330716
2.150000,2.050000,-0.412728
2.200000,2.050000,-0.508868
2.250000,2.050000,-0.626797
2.300000,2.050000,-0.786903
2.350000,2.050000,
2.400000,2.050000,
2.450000,2.050000,
2.500000,2.050000,
2.550000,2.050000,
2.600000,2.050000,
2.650000,2.050000,
2.700000,2.050000,
2.750000,2.050000,
2.800000,2.050000,
2.850000,2.050000,
2.900000,2.050000,
2.950000,2.050000,
3.000000,2.050000,
3.050000,2.050000,
3.100000,2.050000,
3.150000,2.050000,
3.200000,2.050000,
3.250000,2.050000,
3.300000,2.050000,
3.350000,2.050000,
3.400000,2.050000,
3.450000,2.050000,
3.500000,2.050000,
-3.500000,2.100000,
-3.450000,2.100000,
-3.400000,2.100000,
-3.350000,2.100000,
-3.300000,2.100000,
-3.250000,2.100000,
-3.200000,2.100000,
-3.150000,2.100000,
-3.100000,2.100000,
-3.050000,2.100000,
-3.000000,2.100000,
-2.950000,2.100000,
-2.900000,2.100000,
-2.850000,2.100000,
-2.800000,2.100000,
-2.750000,2.100000,
-2.700000,2.100000,
-2.650000,2.100000,
-2.600000,2.100000,
-2.550000,2.100000,
-2.500000,2.100000,
-2.450000,2.100000,
-2.400000,2.100000,
-2.350000,2.100000,
-2.300000,2.100000,
-2.250000,2.100000,
-2.200000,2.100000,
-2.150000,2.100000,
-2.100000,2.100000,
-2.050000,2.100000,
-2.000000,2.100000,
-1.950000,2.100000,
-1.900000,2.100000,
-1.850000,2.100000,
-1.800000,2.100000,
-1.750000,2.100000,-2.014426
-1.700000,2.100000,-1.813050
-1.650000,2.100000,-1.673212
-1.600000,2.100000,-1.561123
-1.550000,2.100000,-1.466066
-1.500000,2.100000,-1.382962
-1.450000,2.100000,-1.308923
-1.400000,2.100000,-1.241588
-1.350000,2.100000,-1.167955
-1.300000,2.100000,-1.100999
-1.250000,2.100000,-1.039644
-1.200000,2.100000,-0.983095
-1.150000,2.100000,-0.930751
-1.100000,2.100000,-0.882140
-1.050000,2.100000,-0.836886
-1.000000,2.100000,-0.794683
-0.950000,2.100000,-0.755278
-0.900000,2.100000,-0.718459
-0.850000,2.100000,-0.684049
-0.800000,2.100000,-0.651895
-0.750000,2.100000,-0.621866
-0.700000,2.100000,-0.593848
-0.650000,2.100000,-0.567743
-0.600000,2.100000,-0.543466
-0.550000,2.100000,-0.520940
-0.500000,2.100000,-0.500099
-0.450000,2.100000,-0.445831
-0.400000,2.100000,-0.361586
-0.350000,2.100000,-0.288348
-0.300000,2.100000,-0.223516
-0.250000,2.100000,-0.165436
-0.200000,2.100000,-0.112978
-0.150000,2.100000,-0.065329
-0.100000,2.100000,-0.021884
-0.050000,2.100000,0.017826
-0.000000,2.100000,0.054168
0.050000,2.100000,0.087438
0.100000,2.100000,0.117878
0.150000,2.100000,0.145685
0.200000,2.100000,0.171026
0.250000,2.100000,0.194039
0.300000,2.100000,0.214843
0.350000,2.100000,0.233535
0.400000,2.100000,0.250201
0.450000,2.100000,0.264912
0.500000,2.100000,0.277727
0.550000,2.100000,0.288698
0.600000,2.100000,0.297867
0.650000,2.100000,0.305267
0.700000,2.100000,0.310925
0.750000,2.100000,0.314861
0.800000,2.100000,0.317089
0.850000,2.100000,0.317617
0.900000,2.100000,0.316446
0.950000,2.100000,0.313573
1.000000,2.100000,0.308987
1.050000,2.100000,0.302673
1.100000,2.100000,0.294607
1.150000,2.100000,0.284761
1.200000,2.100000,0.273097
1.250000,2.100000,0.259571
1.300000,2.100000,0.244128
1.350000,2.100000,0.226704
1.400000,2.100000,0.207224
1.450000,2.100000,0.185597
1.500000,2.100000,0.161718
1.550000,2.100000,0.135461
1.600000,2.100000,0.106679
1.650000,2.100000,0.075194
1.700000,2.100000,0.040792
1.750000,2.100000,0.003214
1.800000,2.100000,-0.037862
1.850000,2.100000,-0.082836
1.900000,2.100000,-0.132223
1.950000,2.100000,-0.186699
2.000000,2.100000,-0.247179
2.050000,2.100000,-0.314960
2.100000,2.100000,-0.391983
2.150000,2.100000,-0.481416
2.200000,2.100000,-0.589110
2.250000,2.100000,-0.728696
2.300000,2.100000,-0.959537
2.350000,2.100000,
2.400000,2.100000,
2.450000,2.100000,
2.500000,2.100000,
2.550000,2.100000,
2.600000,2.100000,
2.650000,2.100000,
2.700000,2.100000,
2.750000,2.100000,
2.800000,2.100000,
2.850000,2.100000,
2.900000,2.100000,
2.950000,2.100000,
3.000000,2.100000,
3.050000,2.100000,
3.100000,2.100000,
3.150000,2.100000,
3.200000,2.100000,
3.250000,2.100000,
3.300000,2.100000,
3.350000,2.100000,
3.400000,2.100000,
3.450000,2.100000,
3.500000,2.100000,
-3.500000,2.150000,
-3.450000,2.150000,
-3.400000,2.150000,
-3.350000,2.150000,
-3.300000,2.150000,
-3.250000,2.150000,
-3.200000,2.150000,
-3.150000,2.150000,
-3.100000,2.150000,
-3.050000,2.150000,
-3.000000,2.150000,
-2.950000,2.150000,
-2.900000,2.150000,
-2.850000,2.150000,
-2.800000,2.150000,
-2.750000,2.150000,
-2.700000,2.150000,
-2.650000,2.150000,
-2.600000,2.150000,
-2.550000,2.150000,
-2.500000,2.150000,
-2.450000,2.150000,
-2.400000,2.150000,
-2.350000,2.150000,
-2.300000,2.150000,
-2.250000,2.150000,
-2.200000,2.150000,
-2.150000,2.150000,
-2.100000,2.150000,
-2.050000,2.150000,
-2.000000,2.150000,
-1.950000,2.150000,
-1.900000,2.150000,
-1.850000,2.150000,
-1.800000,2.150000,
-1.750000,2.150000,-1.902149
-1.700000,2.150000,-1.737057
-1.650000,2.150000,-1.611626
-1.600000,2.150000,-1.507772
-1.550000,2.150000,-1.418187
-1.500000,2.150000,-1.339043
-1.450000,2.150000,-1.268027
-1.400000,2.150000,-1.203618
-1.350000,2.150000,-1.144750
-1.300000,2.150000,-1.090639
-1.250000,2.150000,-1.040693
-1.200000,2.150000,-0.994448
-1.150000,2.150000,-0.950819
-1.100000,2.150000,-0.901502
-1.050000,2.150000,-0.855634
-1.000000,2.150000,-0.812893
-0.950000,2.150000,-0.773013
-0.900000,2.150000,-0.735773
-0.850000,2.150000,-0.700986
-0.800000,2.150000,-0.668495
-0.750000,2.150000,-0.638163
-0.700000,2.150000,-0.609872
-0.650000,2.150000,-0.583522
-0.600000,2.150000,-0.559022
-0.550000,2.150000,-0.536295
-0.500000,2.150000,-0.515274
-0.450000,2.150000,-0.495897
-0.400000,2.150000,-0.428877
-0.350000,2.150000,-0.349496
-0.300000,2.150000,-0.280120
-0.250000,2.150000,-0.218522
-0.200000,2.150000,-0.163251
-0.150000,2.150000,-0.113301
-0.100000,2.150000,-0.067936
-0.050000,2.150000,-0.026604
-0.000000,2.150000,0.011124
0.050000,2.150000,0.045588
0.100000,2.150000,0.077062
0.150000,2.150000,0.105770
0.200000,2.150000,0.131897
0.250000,2.150000,0.155598
0.300000,2.150000,0.177002
0.350000,2.150000,0.196218
0.400000,2.150000,0.213338
0.450000,2.150000,0.228441
0.500000,2.150000,0.241591
0.550000,2.150000,0.252844
0.600000,2.150000,0.262245
0.650000,2.150000,0.269830
0.700000,2.150000,0.275628
0.750000,2.150000,0.279661
0.800000,2.150000,0.281943
0.850000,2.150000,0.282484
0.900000,2.150000,0.281285
0.950000,2.150000,0.278341
1.000000,2.150000,0.273642
1.050000,2.150000,0.267171
1.100000,2.150000,0.258903
1.150000,2.150000,0.248806
1.200000,2.150000,0.236841
1.250000,2.150000,0.222959
1.300000,2.150000,0.207101
1.350000,2.150000,0.189197
1.400000,2.150000,0.169165
1.450000,2.150000,0.146906
1.500000,2.150000,0.122304
1.550000,2.150000,0.095219
1.600000,2.150000,0.065488
1.650000,2.150000,0.032912
1.700000,2.150000,-0.002752
1.750000,2.150000,-0.041800
1.800000,2.150000,-0.084601
1.850000,2.150000,-0.131628
1.900000,2.150000,-0.183493
1.950000,2.150000,-0.241020
2.000000,2.150000,-0.305359
2.050000,2.150000,-0.378200
2.100000,2.150000,-0.462222
2.150000,2.150000,-0.562159
2.200000,2.150000,-0.688129
2.250000,2.150000,-0.873120
2.300000,2.150000,
2.350000,2.150000,
2.400000,2.150000,
2.450000,2.150000,
2.500000,2.150000,
2.550000,2.150000,
2.600000,2.150000,
2.650000,2.150000,
2.700000,2.150000,
2.750000,2.150000,
2.800000,2.150000,
2.850000,2.150000,
2.900000,2.150000,
2.950000,2.150000,
3.000000,2.150000,
3.050000,2.150000,
3.100000,2.150000,
3.150000,2.150000,
3.200000,2.150000,
3.250000,2.150000,
3.300000,2.150000,
3.350000,2.150000,
3.400000,2.150000,
3.450000,2.150000,
3.500000,2.150000,
-3.500000,2.200000,
-3.450000,2.200000,
-3.400000,2.200000,
-3.350000,2.200000,
-3.300000,2.200000,
-3.250000,2.200000,
-3.200000,2.200000,
-3.150000,2.200000,
-3.100000,2.200000,
-3.050000,2.200000,
-3.000000,2.200000,
-2.950000,2.200000,
-2.900000,2.200000,
-2.850000,2.200000,
-2.800000,2.200000,
-2.750000,2.200000,
-2.700000,2.200000,
-2.650000,2.200000,
-2.600000,2.200000,
-2.550000,2.200000,
-2.500000,2.200000,
-2.450000,2.200000,
-2.400000,2.200000,
-2.350000,2.200000,
-2.300000,2.200000,
-2.250000,2.200000,
-2.200000,2.200000,
-2.150000,2.200000,
-2.100000,2.200000,
-2.050000,2.200000,
-2.000000,2.200000,
-1.950000,2.200000,
-1.900000,2.200000,
-1.850000,2.200000,
-1.800000,2.200000,-2.030308
-1.750000,2.200000,-1.817944
-1.700000,2.200000,-1.673327
-1.650000,2.200000,-1.558027
-1.600000,2.200000,-1.460464
-1.550000,2.200000,-1.375253
-1.500000,2.200000,-1.299362
-1.450000,2.200000,-1.230880
-1.400000,2.200000,-1.168508
-1.350000,2.200000,-1.111318
-1.300000,2.200000,-1.058616
-1.250000,2.200000,-1.009870
-1.200000,2.200000,-0.964660
-1.150000,2.200000,-0.922647
-1.100000,2.200000,-0.883556
-1.050000,2.200000,-0.847156
-1.000000,2.200000,-0.813257
-0.950000,2.200000,-0.781695
-0.900000,2.200000,-0.752330
-0.850000,2.200000,-0.719704
-0.800000,2.200000,-0.686832
-0.750000,2.200000,-0.656158
-0.700000,2.200000,-0.627560
-0.650000,2.200000,-0.600932
-0.600000,2.200000,-0.576183
-0.550000,2.200000,-0.553231
-0.500000,2.200000,-0.532006
-0.450000,2.200000,-0.512446
-0.400000,2.200000,-0.494496
-0.350000,2.200000,-0.419076
-0.300000,2.200000,-0.343726
-0.250000,2.200000,-0.277650
-0.200000,2.200000,-0.218881
-0.150000,2.200000,-0.166116
-0.100000,2.200000,-0.118437
-0.050000,2.200000,-0.075170
-0.000000,2.200000,-0.035804
0.050000,2.200000,0.000062
0.100000,2.200000,0.032743
0.150000,2.200000,0.062497
0.200000,2.200000,0.089533
0.250000,2.200000,0.114025
0.300000,2.200000,0.136118
0.350000,2.200000,0.155934
0.400000,2.200000,0.173574
0.450000,2.200000,0.189123
0.500000,2.200000,0.202655
0.550000,2.200000,0.214228
0.600000,2.200000,0.223892
0.650000,2.200000,0.231686
0.700000,2.200000,0.237643
0.750000,2.200000,0.241786
0.800000,2.200000,0.244130
0.850000,2.200000,0.244685
0.900000,2.200000,0.243454
0.950000,2.200000,0.240430
1.000000,2.200000,0.235604
1.050000,2.200000,0.228954
1.100000,2.200000,0.220457
1.150000,2.200000,0.210075
1.200000,2.200000,0.197768
1.250000,2.200000,0.183480
1.300000,2.200000,0.167149
1.350000,2.200000,0.148697
1.400000,2.200000,0.128032
1.450000,2.200000,0.105047
1.500000,2.200000,0.079610
1.550000,2.200000,0.051568
1.600000,2.200000,0.020733
1.650000,2.200000,-0.013120
1.700000,2.200000,-0.050269
1.750000,2.200000,-0.091059
1.800000,2.200000,-0.135928
1.850000,2.200000,-0.185441
1.900000,2.200000,-0.240353
1.950000,2.200000,-0.301706
2.000000,2.200000,-0.371010
2.050000,2.200000,-0.450610
2.100000,2.200000,-0.544520
2.150000,2.200000,-0.660837
2.200000,2.200000,-0.822294
2.250000,2.200000,
2.300000,2.200000,
2.350000,2.200000,
2.400000,2.200000,
2.450000,2.200000,
2.500000,2.200000,
2.550000,2.200000,
2.600000,2.200000,
2.650000,2.200000,
2.700000,2.200000,
2.750000,2.200000,
2.800000,2.200000,
2.850000,2.200000,
2.900000,2.200000,
2.950000,2.200000,
3.000000,2.200000,
3.050000,2.200000,
3.100000,2.200000,
3.150000,2.200000,
3.200000,2.200000,
3.250000,2.200000,
3.300000,2.200000,
3.350000,2.200000,
3.400000,2.200000,
3.450000,2.200000,
3.500000,2.200000,
-3.500000,2.250000,
-3.450000,2.250000,
-3.400000,2.250000,
-3.350000,2.250000,
-3.300000,2.250000,
-3.250000,2.250000,
-3.200000,2.250000,
-3.150000,2.250000,
-3.100000,2.250000,
-3.050000,2.250000,
-3.000000,2.250000,
-2.950000,2.250000,
-2.900000,2.250000,
-2.850000,2.250000,
-2.800000,2.250000,
-2.750000,2.250000,
-2.700000,2.250000,
-2.650000,2.250000,
-2.600000,2.250000,
-2.550000,2.250000,
-2.500000,2.250000,
-2.450000,2.250000,
-2.400000,2.250000,
-2.350000,2.250000,
-2.300000,2.250000,
-2.250000,2.250000,
-2.200000,2.250000,
-2.150000,2.250000,
-2.100000,2.250000,
-2.050000,2.250000,
-2.000000,2.250000,
-1.950000,2.250000,
-1.900000,2.250000,
-1.850000,2.250000,
-1.800000,2.250000,-1.925687
-1.750000,2.250000,-1.749714
-1.700000,2.250000,-1.618611
-1.650000,2.250000,-1.510866
-1.600000,2.250000,-1.418271
-1.550000,2.250000,-1.336630
-1.500000,2.250000,-1.263453
-1.450000,2.250000,-1.197116
-1.400000,2.250000,-1.136490
-1.350000,2.250000,-1.080751
-1.300000,2.250000,-1.029276
-1.250000,2.250000,-0.981581
-1.200000,2.250000,-0.937280
-1.150000,2.250000,-0.896063
-1.100000,2.250000,-0.857671
-1.050000,2.250000,-0.821892
-1.000000,2.250000,-0.788544
-0.950000,2.250000,-0.757474
-0.900000,2.250000,-0.728550
-0.850000,2.250000,-0.701659
-0.800000,2.250000,-0.676702
-0.750000,2.250000,-0.653594
-0.700000,2.250000,-0.632259
-0.650000,2.250000,-0.612633
-0.600000,2.250000,-0.594656
-0.550000,2.250000,-0.571794
-0.500000,2.250000,-0.550342
-0.450000,2.250000,-0.530577
-0.400000,2.250000,-0.512443
-0.350000,2.250000,-0.495891
-0.300000,2.250000,-0.416141
-0.250000,2.250000,-0.344141
-0.200000,2.250000,-0.280889
-0.150000,2.250000,-0.224600
-0.100000,2.250000,-0.174074
-0.050000,2.250000,-0.128459
-0.000000,2.250000,-0.087126
0.050000,2.250000,-0.049594
0.100000,2.250000,-0.015487
0.150000,2.250000,0.015493
0.200000,2.250000,0.043590
0.250000,2.250000,0.069002
0.300000,2.250000,0.091894
0.350000,2.250000,0.112401
0.400000,2.250000,0.130638
0.450000,2.250000,0.146701
0.500000,2.250000,0.160669
0.550000,2.250000,0.172608
0.600000,2.250000,0.182572
0.650000,2.250000,0.190607
0.700000,2.250000,0.196745
0.750000,2.250000,0.201012
0.800000,2.250000,0.203427
0.850000,2.250000,0.203999
0.900000,2.250000,0.202730
0.950000,2.250000,0.199616
1.000000,2.250000,0.194643
1.050000,2.250000,0.187791
1.100000,2.250000,0.179031
1.150000,2.250000,0.168325
1.200000,2.250000,0.155625
1.250000,2.250000,0.140873
1.300000,2.250000,0.123998
1.350000,2.250000,0.104914
1.400000,2.250000,0.083519
1.450000,2.250000,0.059691
1.500000,2.250000,0.033284
1.550000,2.250000,0.004121
1.600000,2.250000,-0.028011
1.650000,2.250000,-0.063375
1.700000,2.250000,-0.102296
1.750000,2.250000,-0.145186
1.800000,2.250000,-0.192575
1.850000,2.250000,-0.245167
1.900000,2.250000,-0.303925
1.950000,2.250000,-0.370233
2.000000,2.250000,-0.446208
2.050000,2.250000,-0.535397
2.100000,2.250000,-0.644684
2.150000,2.250000,-0.791787
2.200000,2.250000,
2.250000,2.250000,
2.300000,2.250000,
2.350000,2.250000,
2.400000,2.250000,
2.450000,2.250000,
2.500000,2.250000,
2.550000,2.250000,
2.600000,2.250000,
2.650000,2.250000,
2.700000,2.250000,
2.750000,2.250000,
2.800000,2.250000,
2.850000,2.250000,
2.900000,2.250000,
2.950000,2.250000,
3.000000,2.250000,
3.050000,2.250000,
3.100000,2.250000,
3.150000,2.250000,
3.200000,2.250000,
3.250000,2.250000,
3.300000,2.250000,
3.350000,2.250000,
3.400000,2.250000,
3.450000,2.250000,
3.500000,2.250000,
-3.500000,2.300000,
-3.450000,2.300000,
-3.400000,2.300000,
-3.350000,2.300000,
-3.300000,2.300000,
-3.250000,2.300000,
-3.200000,2.300000,
-3.150000,2.300000,
-3.100000,2.300000,
-3.050000,2.300000,
-3.000000,2.300000,
-2.950000,2.300000,
-2.900000,2.300000,
-2.850000,2.300000,
-2.800000,2.300000,
-2.750000,2.300000,
-2.700000,2.300000,
-2.650000,2.300000,
-2.600000,2.300000,
-2.550000,2.300000,
-2.500000,2.300000,
-2.450000,2.300000,
-2.400000,2.300000,
-2.350000,2.300000,
-2.300000,2.300000,
-2.250000,2.300000,
-2.200000,2.300000,
-2.150000,2.300000,
-2.100000,2.300000,
-2.050000,2.300000,
-2.000000,2.300000,
-1.950000,2.300000,
-1.900000,2.300000,
-1.850000,2.300000,
-1.800000,2.300000,-1.847547
-1.750000,2.300000,-1.692407
-1.700000,2.300000,-1.570987
-1.650000,2.300000,-1.469101
-1.600000,2.300000,-1.380519
-1.550000,2.300000,-1.301837
-1.500000,2.300000,-1.230949
-1.450000,2.300000,-1.166445
-1.400000,2.300000,-1.107324
-1.350000,2.300000,-1.052845
-1.300000,2.300000,-1.002442
-1.250000,2.300000,-0.955670
-1.200000,2.300000,-0.912172
-1.150000,2.300000,-0.871658
-1.100000,2.300000,-0.833888
-1.050000,2.300000,-0.798660
-1.000000,2.300000,-0.765803
-0.950000,2.300000,-0.735173
-0.900000,2.300000,-0.706643
-0.850000,2.300000,-0.680107
-0.800000,2.300000,-0.655469
-0.750000,2.300000,-0.632647
-0.700000,2.300000,-0.611571
-0.650000,2.300000,-0.592176
-0.600000,2.300000,-0.574408
-0.550000,2.300000,-0.558217
-0.500000,2.300000,-0.543562
-0.450000,2.300000,-0.530405
-0.400000,2.300000,-0.518713
-0.350000,2.300000,-0.508458
-0.300000,2.300000,-0.499617
-0.250000,2.300000,-0.419991
-0.200000,2.300000,-0.350751
-0.150000,2.300000,-0.289903
-0.100000,2.300000,-0.235779
-0.050000,2.300000,-0.187251
-0.000000,2.300000,-0.143512
0.050000,2.300000,-0.103964
0.100000,2.300000,-0.068150
0.150000,2.300000,-0.035711
0.200000,2.300000,-0.006360
0.250000,2.300000,0.020133
0.300000,2.300000,0.043958
0.350000,2.300000,0.065271
0.400000,2.300000,0.084202
0.450000,2.300000,0.100859
0.500000,2.300000,0.115331
0.550000,2.300000,0.127692
0.600000,2.300000,0.138003
0.650000,2.300000,0.146312
0.700000,2.300000,0.152658
0.750000,2.300000,0.157069
0.800000,2.300000,0.159565
0.850000,2.300000,0.160156
0.900000,2.300000,0.158845
0.950000,2.300000,0.155626
1.000000,2.300000,0.150486
1.050000,2.300000,0.143401
1.100000,2.300000,0.134339
1.150000,2.300000,0.123259
1.200000,2.300000,0.110107
1.250000,2.300000,0.094817
1.300000,2.300000,0.077311
1.350000,2.300000,0.057493
1.400000,2.300000,0.035245
1.450000,2.300000,0.010431
1.500000,2.300000,-0.017119
1.550000,2.300000,-0.047608
1.600000,2.300000,-0.081288
1.650000,2.300000,-0.118468
1.700000,2.300000,-0.159541
1.750000,2.300000,-0.205013
1.800000,2.300000,-0.255549
1.850000,2.300000,-0.312062
1.900000,2.300000,-0.375849
1.950000,2.300000,-0.448881
2.000000,2.300000,-0.534414
2.050000,2.300000,-0.638625
2.100000,2.300000,-0.776651
2.150000,2.300000,-1.034132
2.200000,2.300000,
2.250000,2.300000,
2.300000,2.300000,
2.350000,2.300000,
2.400000,2.300000,
2.450000,2.300000,
2.500000,2.300000,
2.550000,2.300000,
2.600000,2.300000,
2.650000,2.300000,
2.700000,2.300000,
2.750000,2.300000,
2.800000,2.300000,
2.850000,2.300000,
2.900000,2.300000,
2.950000,2.300000,
3.000000,2.300000,
3.050000,2.300000,
3.100000,2.300000,
3.150000,2.300000,
3.200000,2.300000,
3.250000,2.300000,
3.300000,2.300000,
3.350000,2.300000,
3.400000,2.300000,
3.450000,2.300000,
3.500000,2.300000,
-3.500000,2.350000,
-3.450000,2.350000,
-3.400000,2.350000,
-3.350000,2.350000,
-3.300000,2.350000,
-3.250000,2.350000,
-3.200000,2.350000,
-3.150000,2.350000,
-3.100000,2.350000,
-3.050000,2.350000,
-3.000000,2.350000,
-2.950000,2.350000,
-2.900000,2.350000,
-2.850000,2.350000,
-2.800000,2.350000,
-2.750000,2.350000,
-2.700000,2.350000,
-2.650000,2.350000,
-2.600000,2.350000,
-2.550000,2.350000,
-2.500000,2.350000,
-2.450000,2.350000,
-2.400000,2.350000,
-2.350000,2.350000,
-2.300000,2.350000,
-2.250000,2.350000,
-2.200000,2.350000,
-2.150000,2.350000,
-2.100000,2.350000,
-2.050000,2.350000,
-2.000000,2.350000,
-1.950000,2.350000,
-1.900000,2.350000,
-1.850000,2.350000,
-1.800000,2.350000,-1.784639
-1.750000,2.350000,-1.643330
-1.700000,2.350000,-1.529208
-1.650000,2.350000,-1.431987
-1.600000,2.350000,-1.346703
-1.550000,2.350000,-1.270501
-1.500000,2.350000,-1.201559
-1.450000,2.350000,-1.138630
-1.400000,2.350000,-1.080812
-1.350000,2.350000,-1.027431
-1.300000,2.350000,-0.977967
-1.250000,2.350000,-0.932006
-1.200000,2.350000,-0.889217
-1.150000,2.350000,-0.849326
-1.100000,2.350000,-0.812107
-1.050000,2.350000,-0.777369
-1.000000,2.350000,-0.744950
-0.950000,2.350000,-0.714712
-0.900000,2.350000,-0.686535
-0.850000,2.350000,-0.660316
-0.800000,2.350000,-0.635964
-0.750000,2.350000,-0.613400
-0.700000,2.350000,-0.592556
-0.650000,2.350000,-0.573369
-0.600000,2.350000,-0.555788
-0.550000,2.350000,-0.539765
-0.500000,2.350000,-0.525258
-0.450000,2.350000,-0.512232
-0.400000,2.350000,-0.500656
-0.350000,2.350000,-0.490501
-0.300000,2.350000,-0.481745
-0.250000,2.350000,-0.474369
-0.200000,2.350000,-0.430734
-0.150000,2.350000,-0.363710
-0.100000,2.350000,-0.304874
-0.050000,2.350000,-0.252621
-0.000000,2.350000,-0.205864
0.050000,2.350000,-0.163825
0.100000,2.350000,-0.125925
0.150000,2.350000,-0.091721
0.200000,2.350000,-0.060867
0.250000,2.350000,-0.033086
0.300000,2.350000,-0.008155
0.350000,2.350000,0.014109
0.400000,2.350000,0.033855
0.450000,2.350000,0.051208
0.500000,2.350000,0.066268
0.550000,2.350000,0.079121
0.600000,2.350000,0.089834
0.650000,2.350000,0.098463
0.700000,2.350000,0.105050
0.750000,2.350000,0.109627
0.800000,2.350000,0.112216
0.850000,2.350000,0.112829
0.900000,2.350000,0.111469
0.950000,2.350000,0.108130
1.000000,2.350000,0.102795
1.050000,2.350000,0.095440
1.100000,2.350000,0.086028
1.150000,2.350000,0.074513
1.200000,2.350000,0.060833
1.250000,2.350000,0.044916
1.300000,2.350000,0.026671
1.350000,2.350000,0.005988
1.400000,2.350000,-0.017266
1.450000,2.350000,-0.043252
1.500000,2.350000,-0.072167
1.550000,2.350000,-0.104253
1.600000,2.350000,-0.139810
1.650000,2.350000,-0.179218
1.700000,2.350000,-0.222966
1.750000,2.350000,-0.271697
1.800000,2.350000,-0.326291
1.850000,2.350000,-0.387999
1.900000,2.350000,-0.458710
1.950000,2.350000,-0.541532
2.000000,2.350000,-0.642300
2.050000,2.350000,-0.775043
2.100000,2.350000,-1.010651
2.150000,2.350000,
2.200000,2.350000,
2.250000,2.350000,
2.300000,2.350000,
2.350000,2.350000,
2.400000,2.350000,
2.450000,2.350000,
2.500000,2.350000,
2.550000,2.350000,
2.600000,2.350000,
2.650000,2.350000,
2.700000,2.350000,
2.750000,2.350000,
2.800000,2.350000,
2.850000,2.350000,
2.900000,2.350000,
2.950000,2.350000,
3.000000,2.350000,
3.050000,2.350000,
3.100000,2.350000,
3.150000,2.350000,
3.200000,2.350000,
3.250000,2.350000,
3.300000,2.350000,
3.350000,2.350000,
3.400000,2.350000,
3.450000,2.350000,
3.500000,2.350000,
-3.500000,2.400000,
-3.450000,2.400000,
-3.400000,2.400000,
-3.350000,2.400000,
-3.300000,2.400000,
-3.250000,2.400000,
-3.200000,2.400000,
-3.150000,2.400000,
-3.100000,2.400000,
-3.050000,2.400000,
-3.000000,2.400000,
-2.950000,2.400000,
-2.900000,2.400000,
-2.850000,2.400000,
-2.800000,2.400000,
-2.750000,2.400000,
-2.700000,2.400000,
-2.650000,2.400000,
-2.600000,2.400000,
-2.550000,2.400000,
-2.500000,2.400000,
-2.450000,2.400000,
-2.400000,2.400000,
-2.350000,2.400000,
-2.300000,2.400000,
-2.250000,2.400000,
-2.200000,2.400000,
-2.150000,2.400000,
-2.100000,2.400000,
-2.050000,2.400000,
-2.000000,2.400000,
-1.950000,2.400000,
-1.900000,2.400000,
-1.850000,2.400000,
-1.800000,2.400000,-1.732229
-1.750000,2.400000,-1.600846
-1.700000,2.400000,-1.492411
-1.650000,2.400000,-1.398976
-1.600000,2.400000,-1.316433
-1.550000,2.400000,-1.242327
-1.500000,2.400000,-1.175049
-1.450000,2.400000,-1.113476
-1.400000,2.400000,-1.056789
-1.350000,2.400000,-1.004367
-1.300000,2.400000,-0.955725
-1.250000,2.400000,-0.910478
-1.200000,2.400000,-0.868314
-1.150000,2.400000,-0.828974
-1.100000,2.400000,-0.792244
-1.050000,2.400000,-0.757941
-1.000000,2.400000,-0.725912
-0.950000,2.400000,-0.696024
-0.900000,2.400000,-0.668162
-0.850000,2.400000,-0.642226
-0.800000,2.400000,-0.618129
-0.750000,2.400000,-0.595796
-0.700000,2.400000,-0.575159
-0.650000,2.400000,-0.556160
-0.600000,2.400000,-0.538746
-0.550000,2.400000,-0.522873
-0.500000,2.400000,-0.508500
-0.450000,2.400000,-0.495592
-0.400000,2.400000,-0.484119
-0.350000,2.400000,-0.474055
-0.300000,2.400000,-0.465376
-0.250000,2.400000,-0.458063
-0.200000,2.400000,-0.452101
-0.150000,2.400000,-0.447477
-0.100000,2.400000,-0.383340
-0.050000,2.400000,-0.326125
-0.000000,2.400000,-0.275451
0.050000,2.400000,-0.230242
0.100000,2.400000,-0.189731
0.150000,2.400000,-0.153345
0.200000,2.400000,-0.120651
0.250000,2.400000,-0.091307
0.300000,2.400000,-0.065043
0.350000,2.400000,-0.041641
0.400000,2.400000,-0.020923
0.450000,2.400000,-0.002746
0.500000,2.400000,0.013011
0.550000,2.400000,0.026444
0.600000,2.400000,0.037630
0.650000,2.400000,0.046634
0.700000,2.400000,0.053503
0.750000,2.400000,0.058275
0.800000,2.400000,0.060973
0.850000,2.400000,0.061612
0.900000,2.400000,0.060195
0.950000,2.400000,0.056714
1.000000,2.400000,0.051152
1.050000,2.400000,0.043480
1.100000,2.400000,0.033657
1.150000,2.400000,0.021629
1.200000,2.400000,0.007327
1.250000,2.400000,-0.009333
1.300000,2.400000,-0.028457
1.350000,2.400000,-0.050172
1.400000,2.400000,-0.074634
1.450000,2.400000,-0.102035
1.500000,2.400000,-0.132612
1.550000,2.400000,-0.166658
1.600000,2.400000,-0.204548
1.650000,2.400000,-0.246761
1.700000,2.400000,-0.293933
1.750000,2.400000,-0.346934
1.800000,2.400000,-0.407001
1.850000,2.400000,-0.476007
1.900000,2.400000,-0.557039
1.950000,2.400000,-0.655926
2.000000,2.400000,-0.786785
2.050000,2.400000,-1.024422
2.100000,2.400000,
2.150000,2.400000,
2.200000,2.400000,
2.250000,2.400000,
2.300000,2.400000,
2.350000,2.400000,
2.400000,2.400000,
2.450000,2.400000,
2.500000,2.400000,
2.550000,2.400000,
2.600000,2.400000,
2.650000,2.400000,
2.700000,2.400000,
2.750000,2.400000,
2.800000,2.400000,
2.850000,2.400000,
2.900000,2.400000,
2.950000,2.400000,
3.000000,2.400000,
3.050000,2.400000,
3.100000,2.400000,
3.150000,2.400000,
3.200000,2.400000,
3.250000,2.400000,
3.300000,2.400000,
3.350000,2.400000,
3.400000,2.400000,
3.450000,2.400000,
3.500000,2.400000,
-3.500000,2.450000,
-3.450000,2.450000,
-3.400000,2.450000,
-3.350000,2.450000,
-3.300000,2.450000,
-3.250000,2.450000,
-3.200000,2.450000,
-3.150000,2.450000,
-3.100000,2.450000,
-3.050000,2.450000,
-3.000000,2.450000,
-2.950000,2.450000,
-2.900000,2.450000,
-2.850000,2.450000,
-2.800000,2.450000,
-2.750000,2.450000,
-2.700000,2.450000,
-2.650000,2.450000,
-2.600000,2.450000,
-2.550000,2.450000,
-2.500000,2.450000,
-2.450000,2.450000,
-2.400000,2.450000,
-2.350000,2.450000,
-2.300000,2.450000,
-2.250000,2.450000,
-2.200000,2.450000,
-2.150000,2.450000,
-2.100000,2.450000,
-2.050000,2.450000,
-2.000000,2.450000,
-1.950000,2.450000,
-1.900000,2.450000,
-1.850000,2.450000,
-1.800000,2.450000,-1.687791
-1.750000,2.450000,-1.563874
-1.700000,2.450000,-1.459973
-1.650000,2.450000,-1.369650
-1.600000,2.450000,-1.289404
-1.550000,2.450000,-1.217077
-1.500000,2.450000,-1.151224
-1.450000,2.450000,-1.090824
-1.400000,2.450000,-1.035119
-1.350000,2.450000,-0.983533
-1.300000,2.450000,-0.935611
-1.250000,2.450000,-0.890991
-1.200000,2.450000,-0.849377
-1.150000,2.450000,-0.810524
-1.100000,2.450000,-0.774226
-1.050000,2.450000,-0.740309
-1.000000,2.450000,-0.708626
-0.950000,2.450000,-0.679048
-0.900000,2.450000,-0.651466
-0.850000,2.450000,-0.625782
-0.800000,2.450000,-0.601913
-0.750000,2.450000,-0.579785
-0.700000,2.450000,-0.559334
-0.650000,2.450000,-0.540501
-0.600000,2.450000,-0.523238
-0.550000,2.450000,-0.507499
-0.500000,2.450000,-0.493245
-0.450000,2.450000,-0.480443
-0.400000,2.450000,-0.469063
-0.350000,2.450000,-0.459079
-0.300000,2.450000,-0.450469
-0.250000,2.450000,-0.443214
-0.200000,2.450000,-0.437298
-0.150000,2.450000,-0.432710
-0.100000,2.450000,-0.429439
-0.050000,2.450000,-0.410167
-0.000000,2.450000,-0.354156
0.050000,2.450000,-0.304751
0.100000,2.450000,-0.260857
0.150000,2.450000,-0.221694
0.200000,2.450000,-0.186688
0.250000,2.450000,-0.155404
0.300000,2.450000,-0.127500
0.350000,2.450000,-0.102708
0.400000,2.450000,-0.080811
0.450000,2.450000,-0.061637
0.500000,2.450000,-0.045044
0.550000,2.450000,-0.030918
0.600000,2.450000,-0.019166
0.650000,2.450000,-0.009715
0.700000,2.450000,-0.002510
0.750000,2.450000,0.002493
0.800000,2.450000,0.005321
0.850000,2.450000,0.005990
0.900000,2.450000,0.004505
0.950000,2.450000,0.000857
1.000000,2.450000,-0.004975
1.050000,2.450000,-0.013025
1.100000,2.450000,-0.023338
1.150000,2.450000,-0.035979
1.200000,2.450000,-0.051027
1.250000,2.450000,-0.068582
1.300000,2.450000,-0.088768
1.350000,2.450000,-0.111738
1.400000,2.450000,-0.137680
1.450000,2.450000,-0.166828
1.500000,2.450000,-0.199476
1.550000,2.450000,-0.235997
1.600000,2.450000,-0.276873
1.650000,2.450000,-0.322748
1.700000,2.450000,-0.374500
1.750000,2.450000,-0.433396
1.800000,2.450000,-0.501363
1.850000,2.450000,-0.581618
1.900000,2.450000,-0.680358
1.950000,2.450000,-0.813252
2.000000,2.450000,-1.098052
2.050000,2.450000,
2.100000,2.450000,
2.150000,2.450000,
2.200000,2.450000,
2.250000,2.450000,
2.300000,2.450000,
2.350000,2.450000,
2.400000,2.450000,
2.450000,2.450000,
2.500000,2.450000,
2.550000,2.450000,
2.600000,2.450000,
2.650000,2.450000,
2.700000,2.450000,
2.750000,2.450000,
2.800000,2.450000,
2.850000,2.450000,
2.900000,2.450000,
2.950000,2.450000,
3.000000,2.450000,
3.050000,2.450000,
3.100000,2.450000,
3.150000,2.450000,
3.200000,2.450000,
3.250000,2.450000,
3.300000,2.450000,
3.350000,2.450000,
3.400000,2.450000,
3.450000,2.450000,
3.500000,2.450000,
-3.500000,2.500000,
-3.450000,2.500000,
-3.400000,2.500000,
-3.350000,2.500000,
-3.300000,2.500000,
-3.250000,2.500000,
-3.200000,2.500000,
-3.150000,2.500000,
-3.100000,2.500000,
-3.050000,2.500000,
-3.000000,2.500000,
-2.950000,2.500000,
-2.900000,2.500000,
-2.850000,2.500000,
-2.800000,2.500000,
-2.750000,2.500000,
-2.700000,2.500000,
-2.650000,2.500000,
-2.600000,2.500000,
-2.550000,2.500000,
-2.500000,2.500000,
-2.450000,2.500000,
-2.400000,2.500000,
-2.350000,2.500000,
-2.300000,2.500000,
-2.250000,2.500000,
-2.200000,2.500000,
-2.150000,2.500000,
-2.100000,2.500000,
-2.050000,2.500000,
-2.000000,2.500000,
-1.950000,2.500000,
-1.900000,2.500000,
-1.850000,2.500000,
-1.800000,2.500000,-1.649787
-1.750000,2.500000,-1.531661
-1.700000,2.500000,-1.431428
-1.650000,2.500000,-1.343684
-1.600000,2.500000,-1.265372
-1.550000,2.500000,-1.194558
-1.500000,2.500000,-1.129928
-1.450000,2.500000,-1.070539
-1.400000,2.500000,-1.015686
-1.350000,2.500000,-0.964827
-1.300000,2.500000,-0.917535
-1.250000,2.500000,-0.873464
-1.200000,2.500000,-0.832333
-1.150000,2.500000,-0.793907
-1.100000,2.500000,-0.757990
-1.050000,2.500000,-0.724414
-1.000000,2.500000,-0.693036
-0.950000,2.500000,-0.663733
-0.900000,2.500000,-0.636398
-0.850000,2.500000,-0.610938
-0.800000,2.500000,-0.587271
-0.750000,2.500000,-0.565325
-0.700000,2.500000,-0.545038
-0.650000,2.500000,-0.526354
-0.600000,2.500000,-0.509224
-0.550000,2.500000,-0.493604
-0.500000,2.500000,-0.479457
-0.450000,2.500000,-0.466749
-0.400000,2.500000,-0.455452
-0.350000,2.500000,-0.445539
-0.300000,2.500000,-0.436990
-0.250000,2.500000,-0.429786
-0.200000,2.500000,-0.423912
-0.150000,2.500000,-0.419356
-0.100000,2.500000,-0.416108
-0.050000,2.500000,-0.414162
-0.000000,2.500000,-0.413513
0.050000,2.500000,-0.389712
0.100000,2.500000,-0.341221
0.150000,2.500000,-0.298375
0.200000,2.500000,-0.260364
0.250000,2.500000,-0.226593
0.300000,2.500000,-0.196614
0.350000,2.500000,-0.170080
0.400000,2.500000,-0.146719
0.450000,2.500000,-0.126315
0.500000,2.500000,-0.108696
0.550000,2.500000,-0.093722
0.600000,2.500000,-0.081282
0.650000,2.500000,-0.071290
0.700000,2.500000,-0.063678
0.750000,2.500000,-0.058396
0.800000,2.500000,-0.055411
0.850000,2.500000,-0.054705
0.900000,2.500000,-0.056272
0.950000,2.500000,-0.060123
1.000000,2.500000,-0.066282
1.050000,2.500000,-0.074788
1.100000,2.500000,-0.085697
1.150000,2.500000,-0.099084
1.200000,2.500000,-0.115045
1.250000,2.500000,-0.133700
1.300000,2.500000,-0.155200
1.350000,2.500000,-0.179734
1.400000,2.500000,-0.207536
1.450000,2.500000,-0.238904
1.500000,2.500000,-0.274220
1.550000,2.500000,-0.313981
1.600000,2.500000,-0.358853
1.650000,2.500000,-0.409758
1.700000,2.500000,-0.468036
1.750000,2.500000,-0.535768
1.800000,2.500000,-0.616508
1.850000,2.500000,-0.717403
1.900000,2.500000,-0.858362
1.950000,2.500000,
2.000000,2.500000,
2.050000,2.500000,
2.100000,2.500000,
2.150000,2.500000,
2.200000,2.500000,
2.250000,2.500000,
2.300000,2.500000,
2.350000,2.500000,
2.400000,2.500000,
2.450000,2.500000,
2.500000,2.500000,
2.550000,2.500000,
2.600000,2.500000,
2.650000,2.500000,
2.700000,2.500000,
2.750000,2.500000,
2.800000,2.500000,
2.850000,2.500000,
2.900000,2.500000,
2.950000,2.500000,
3.000000,2.500000,
3.050000,2.500000,
3.100000,2.500000,
3.150000,2.500000,
3.200000,2.500000,
3.250000,2.500000,
3.300000,2.500000,
3.350000,2.500000,
3.400000,2.500000,
3.450000,2.500000,
3.500000,2.500000,
-3.500000,2.550000,
-3.450000,2.550000,
-3.400000,2.550000,
-3.350000,2.550000,
-3.300000,2.550000,
-3.250000,2.550000,
-3.200000,2.550000,
-3.150000,2.550000,
-3.100000,2.550000,
-3.050000,2.550000,
-3.000000,2.550000,
-2.950000,2.550000,
-2.900000,2.550000,
-2.850000,2.550000,
-2.800000,2.550000,
-2.750000,2.550000,
-2.700000,2.550000,
-2.650000,2.550000,
-2.600000,2.550000,
-2.550000,2.550000,
-2.500000,2.550000,
-2.450000,2.550000,
-2.400000,2.550000,
-2.350000,2.550000,
-2.300000,2.550000,
-2.250000,2.550000,
-2.200000,2.550000,
-2.150000,2.550000,
-2.100000,2.550000,
-2.050000,2.550000,
-2.000000,2.550000,
-1.950000,2.550000,
-1.900000,2.550000,
-1.850000,2.550000,
-1.800000,2.550000,
-1.750000,2.550000,-1.503656
-1.700000,2.550000,-1.406418
-1.650000,2.550000,-1.320821
-1.600000,2.550000,-1.244138
-1.550000,2.550000,-1.174612
-1.500000,2.550000,-1.111029
-1.450000,2.550000,-1.052510
-1.400000,2.550000,-0.998393
-1.350000,2.550000,-0.948165
-1.300000,2.550000,-0.901419
-1.250000,2.550000,-0.857827
-1.200000,2.550000,-0.817118
-1.150000,2.550000,-0.779066
-1.100000,2.550000,-0.743482
-1.050000,2.550000,-0.710204
-1.000000,2.550000,-0.679094
-0.950000,2.550000,-0.650033
-0.900000,2.550000,-0.622916
-0.850000,2.550000,-0.597652
-0.800000,2.550000,-0.574163
-0.750000,2.550000,-0.552379
-0.700000,2.550000,-0.532237
-0.650000,2.550000,-0.513683
-0.600000,2.550000,-0.496671
-0.550000,2.550000,-0.481156
-0.500000,2.550000,-0.467103
-0.450000,2.550000,-0.454479
-0.400000,2.550000,-0.443254
-0.350000,2.550000,-0.433405
-0.300000,2.550000,-0.424910
-0.250000,2.550000,-0.417751
-0.200000,2.550000,-0.411914
-0.150000,2.550000,-0.407386
-0.100000,2.550000,-0.404158
-0.050000,2.550000,-0.402224
-0.000000,2.550000,-0.401579
0.050000,2.550000,-0.402224
0.100000,2.550000,-0.404158
0.150000,2.550000,-0.385879
0.200000,2.550000,-0.343756
0.250000,2.550000,-0.306658
0.300000,2.550000,-0.273950
0.350000,2.550000,-0.245157
0.400000,2.550000,-0.219919
0.450000,2.550000,-0.197953
0.500000,2.550000,-0.179039
0.550000,2.550000,-0.163002
0.600000,2.550000,-0.149705
0.650000,2.550000,-0.139039
0.700000,2.550000,-0.130923
0.750000,2.550000,-0.125297
0.800000,2.550000,-0.122118
0.850000,2.550000,-0.121366
0.900000,2.550000,-0.123035
0.950000,2.550000,-0.127136
1.000000,2.550000,-0.133699
1.050000,2.550000,-0.142771
1.100000,2.550000,-0.154422
1.150000,2.550000,-0.168742
1.200000,2.550000,-0.185849
1.250000,2.550000,-0.205895
1.300000,2.550000,-0.229070
1.350000,2.550000,-0.255617
1.400000,2.550000,-0.285843
1.450000,2.550000,-0.320150
1.500000,2.550000,-0.359063
1.550000,2.550000,-0.403300
1.600000,2.550000,-0.453866
1.650000,2.550000,-0.512254
1.700000,2.550000,-0.580847
1.750000,2.550000,-0.663904
1.800000,2.550000,-0.770694
1.850000,2.550000,-0.933220
1.900000,2.550000,
1.950000,2.550000,
2.000000,2.550000,
2.050000,2.550000,
2.100000,2.550000,
2.150000,2.550000,
2.200000,2.550000,
2.250000,2.550000,
2.300000,2.550000,
2.350000,2.550000,
2.400000,2.550000,
2.450000,2.550000,
2.500000,2.550000,
2.550000,2.550000,
2.600000,2.550000,
2.650000,2.550000,
2.700000,2.550000,
2.750000,2.550000,
2.800000,2.550000,
2.850000,2.550000,
2.900000,2.550000,
2.950000,2.550000,
3.000000,2.550000,
3.050000,2.550000,
3.100000,2.550000,
3.150000,2.550000,
3.200000,2.550000,
3.250000,2.550000,
3.300000,2.550000,
3.350000,2.550000,
3.400000,2.550000,
3.450000,2.550000,
3.500000,2.550000,
-3.500000,2.600000,
-3.450000,2.600000,
-3.400000,2.600000,
-3.350000,2.600000,
-3.300000,2.600000,
-3.250000,2.600000,
-3.200000,2.600000,
-3.150000,2.600000,
-3.100000,2.600000,
-3.050000,2.600000,
-3.000000,2.600000,
-2.950000,2.600000,
-2.900000,2.600000,
-2.850000,2.600000,
-2.800000,2.600000,
-2.750000,2.600000,
-2.700000,2.600000,
-2.650000,2.600000,
-2.600000,2.600000,
-2.550000,2.600000,
-2.500000,2.600000,
-2.450000,2.600000,
-2.400000,2.600000,
-2.350000,2.600000,
-2.300000,2.600000,
-2.250000,2.600000,
-2.200000,2.600000,
-2.150000,2.600000,
-2.100000,2.600000,
-2.050000,2.600000,
-2.000000,2.600000,
-1.950000,2.600000,
-1.900000,2.600000,
-1.850000,2.600000,
-1.800000,2.600000,
-1.750000,2.600000,-1.479450
-1.700000,2.600000,-1.384668
-1.650000,2.600000,-1.300858
-1.600000,2.600000,-1.225545
-1.550000,2.600000,-1.157109
-1.500000,2.600000,-1.094418
-1.450000,2.600000,-1.036643
-1.400000,2.600000,-0.983158
-1.350000,2.600000,-0.933473
-1.300000,2.600000,-0.887199
-1.250000,2.600000,-0.844021
-1.200000,2.600000,-0.803677
-1.150000,2.600000,-0.765950
-1.100000,2.600000,-0.730655
-1.050000,2.600000,-0.697637
-1.000000,2.600000,-0.666761
-0.950000,2.600000,-0.637909
-0.900000,2.600000,-0.610982
-0.850000,2.600000,-0.585891
-0.800000,2.600000,-0.562557
-0.750000,2.600000,-0.540912
-0.700000,2.600000,-0.520897
-0.650000,2.600000,-0.502458
-0.600000,2.600000,-0.485548
-0.550000,2.600000,-0.470126
-0.500000,2.600000,-0.456155
-0.450000,2.600000,-0.443604
-0.400000,2.600000,-0.432443
-0.350000,2.600000,-0.422649
-0.300000,2.600000,-0.414202
-0.250000,2.600000,-0.407082
-0.200000,2.600000,-0.401277
-0.150000,2.600000,-0.396774
-0.100000,2.600000,-0.393563
-0.050000,2.600000,-0.391640
-0.000000,2.600000,-0.390999
0.050000,2.600000,-0.391640
0.100000,2.600000,-0.393563
0.150000,2.600000,-0.396774
0.200000,2.600000,-0.401277
0.250000,2.600000,-0.398413
0.300000,2.600000,-0.361910
0.350000,2.600000,-0.330041
0.400000,2.600000,-0.302286
0.450000,2.600000,-0.278254
0.500000,2.600000,-0.257646
0.550000,2.600000,-0.240230
0.600000,2.600000,-0.225826
0.650000,2.600000,-0.214297
0.700000,2.600000,-0.205537
0.750000,2.600000,-0.199471
0.800000,2.600000,-0.196047
0.850000,2.600000,-0.195237
0.900000,2.600000,-0.197034
0.950000,2.600000,-0.201454
1.000000,2.600000,-0.208532
1.050000,2.600000,-0.218329
1.100000,2.600000,-0.230932
1.150000,2.600000,-0.246457
1.200000,2.600000,-0.265057
1.250000,2.600000,-0.286931
1.300000,2.600000,-0.312332
1.350000,2.600000,-0.341592
1.400000,2.600000,-0.375145
1.450000,2.600000,-0.413573
1.500000,2.600000,-0.457682
1.550000,2.600000,-0.508635
1.600000,2.600000,-0.568211
1.650000,2.600000,-0.639394
1.700000,2.600000,-0.727950
1.750000,2.600000,-0.848598
1.800000,2.600000,-1.136775
1.850000,2.600000,
1.900000,2.600000,
1.950000,2.600000,
2.000000,2.600000,
2.050000,2.600000,
2.100000,2.600000,
2.150000,2.600000,
2.200000,2.600000,
2.250000,2.600000,
2.300000,2.600000,
2.350000,2.600000,
2.400000,2.600000,
2.450000,2.600000,
2.500000,2.600000,
2.550000,2.600000,
2.600000,2.600000,
2.650000,2.600000,
2.700000,2.600000,
2.750000,2.600000,
2.800000,2.600000,
2.850000,2.600000,
2.900000,2.600000,
2.950000,2.600000,
3.000000,2.600000,
3.050000,2.600000,
3.100000,2.600000,
3.150000,2.600000,
3.200000,2.600000,
3.250000,2.600000,
3.300000,2.600000,
3.350000,2.600000,
3.400000,2.600000,
3.450000,2.600000,
3.500000,2.600000,
-3.500000,2.650000,
-3.450000,2.650000,
-3.400000,2.650000,
-3.350000,2.650000,
-3.300000,2.650000,
-3.250000,2.650000,
-3.200000,2.650000,
-3.150000,2.650000,
-3.100000,2.650000,
-3.050000,2.650000,
-3.000000,2.650000,
-2.950000,2.650000,
-2.900000,2.650000,
-2.850000,2.650000,
-2.800000,2.650000,
-2.750000,2.650000,
-2.700000,2.650000,
-2.650000,2.650000,
-2.600000,2.650000,
-2.550000,2.650000,
-2.500000,2.650000,
-2.450000,2.650000,
-2.400000,2.650000,
-2.350000,2.650000,
-2.300000,2.650000,
-2.250000,2.650000,
-2.200000,2.650000,
-2.150000,2.650000,
-2.100000,2.650000,
-2.050000,2.650000,
-2.000000,2.650000,
-1.950000,2.650000,
-1.900000,2.650000,
-1.850000,2.650000,
-1.800000,2.650000,
-1.750000,2.650000,-1.458731
-1.700000,2.650000,-1.365959
-1.650000,2.650000,-1.283629
-1.600000,2.650000,-1.209462
-1.550000,2.650000,-1.141943
-1.500000,2.650000,-1.080004
-1.450000,2.650000,-1.022861
-1.400000,2.650000,-0.969912
-1.350000,2.650000,-0.920691
-1.300000,2.650000,-0.874820
-1.250000,2.650000,-0.831996
-1.200000,2.650000,-0.791965
-1.150000,2.650000,-0.754516
-1.100000,2.650000,-0.719470
-1.050000,2.650000,-0.686675
-1.000000,2.650000,-0.655999
-0.950000,2.650000,-0.627329
-0.900000,2.650000,-0.600565
-0.850000,2.650000,-0.575622
-0.800000,2.650000,-0.552422
-0.750000,2.650000,-0.530898
-0.700000,2.650000,-0.510993
-0.650000,2.650000,-0.492653
-0.600000,2.650000,-0.475832
-0.550000,2.650000,-0.460489
-0.500000,2.650000,-0.446589
-0.450000,2.650000,-0.434100
-0.400000,2.650000,-0.422995
-0.350000,2.650000,-0.413249
-0.300000,2.650000,-0.404843
-0.250000,2.650000,-0.397758
-0.200000,2.650000,-0.391980
-0.150000,2.650000,-0.387498
-0.100000,2.650000,-0.384303
-0.050000,2.650000,-0.382389
-0.000000,2.650000,-0.381751
0.050000,2.650000,-0.382389
0.100000,2.650000,-0.384303
0.150000,2.650000,-0.387498
0.200000,2.650000,-0.391980
0.250000,2.650000,-0.397758
0.300000,2.650000,-0.404843
0.350000,2.650000,-0.413249
0.400000,2.650000,-0.396805
0.450000,2.650000,-0.369874
0.500000,2.650000,-0.346925
0.550000,2.650000,-0.327627
0.600000,2.650000,-0.311729
0.650000,2.650000,-0.299042
0.700000,2.650000,-0.289424
0.750000,2.650000,-0.282774
0.800000,2.650000,-0.279024
0.850000,2.650000,-0.278137
0.900000,2.650000,-0.280105
0.950000,2.650000,-0.284946
1.000000,2.650000,-0.292709
1.050000,2.650000,-0.303475
1.100000,2.650000,-0.317358
1.150000,2.650000,-0.334517
1.200000,2.650000,-0.355163
1.250000,2.650000,-0.379575
1.300000,2.650000,-0.408122
1.350000,2.650000,-0.441299
1.400000,2.650000,-0.479789
1.450000,2.650000,-0.524566
1.500000,2.650000,-0.577088
1.550000,2.650000,-0.639719
1.600000,2.650000,-0.716776
1.650000,2.650000,-0.818016
1.700000,2.650000,-0.981642
1.750000,2.650000,-1.458731
1.800000,2.650000,
1.850000,2.650000,
1.900000,2.650000,
1.950000,2.650000,
2.000000,2.650000,
2.050000,2.650000,
2.100000,2.650000,
2.150000,2.650000,
2.200000,2.650000,
2.250000,2.650000,
2.300000,2.650000,
2.350000,2.650000,
2.400000,2.650000,
2.450000,2.650000,
2.500000,2.650000,
2.550000,2.650000,
2.600000,2.650000,
2.650000,2.650000,
2.700000,2.650000,
2.750000,2.650000,
2.800000,2.650000,
2.850000,2.650000,
2.900000,2.650000,
2.950000,2.650000,
3.000000,2.650000,
3.050000,2.650000,
3.100000,2.650000,
3.150000,2.650000,
3.200000,2.650000,
3.250000,2.650000,
3.300000,2.650000,
3.350000,2.650000,
3.400000,2.650000,
3.450000,2.650000,
3.500000,2.650000,
-3.500000,2.700000,
-3.450000,2.700000,
-3.400000,2.700000,
-3.350000,2.700000,
-3.300000,2.700000,
-3.250000,2.700000,
-3.200000,2.700000,
-3.150000,2.700000,
-3.100000,2.700000,
-3.050000,2.700000,
-3.000000,2.700000,
-2.950000,2.700000,
-2.900000,2.700000,
-2.850000,2.700000,
-2.800000,2.700000,
-2.750000,2.700000,
-2.700000,2.700000,
-2.650000,2.700000,
-2.600000,2.700000,
-2.550000,2.700000,
-2.500000,2.700000,
-2.450000,2.700000,
-2.400000,2.700000,
-2.350000,2.700000,
-2.300000,2.700000,
-2.250000,2.700000,
-2.200000,2.700000,
-2.150000,2.700000,
-2.100000,2.700000,
-2.050000,2.700000,
-2.000000,2.700000,
-1.950000,2.700000,
-1.900000,2.700000,
-1.850000,2.700000,
-1.800000,2.700000,
-1.750000,2.700000,
-1.700000,2.700000,-1.350119
-1.650000,2.700000,-1.269004
-1.600000,2.700000,-1.195782
-1.550000,2.700000,-1.129024
-1.500000,2.700000,-1.067714
-1.450000,2.700000,-1.011098
-1.400000,2.700000,-0.958600
-1.350000,2.700000,-0.909767
-1.300000,2.700000,-0.864235
-1.250000,2.700000,-0.821709
-1.200000,2.700000,-0.781942
-1.150000,2.700000,-0.744728
-1.100000,2.700000,-0.709892
-1.050000,2.700000,-0.677286
-1.000000,2.700000,-0.646780
-0.950000,2.700000,-0.618263
-0.900000,2.700000,-0.591638
-0.850000,2.700000,-0.566820
-0.800000,2.700000,-0.543733
-0.750000,2.700000,-0.522313
-0.700000,2.700000,-0.502500
-0.650000,2.700000,-0.484244
-0.600000,2.700000,-0.467498
-0.550000,2.700000,-0.452223
-0.500000,2.700000,-0.438384
-0.450000,2.700000,-0.425948
-0.400000,2.700000,-0.414890
-0.350000,2.700000,-0.405185
-0.300000,2.700000,-0.396813
-0.250000,2.700000,-0.389758
-0.200000,2.700000,-0.384004
-0.150000,2.700000,-0.379540
-0.100000,2.700000,-0.376358
-0.050000,2.700000,-0.374451
-0.000000,2.700000,-0.373816
0.050000,2.700000,-0.374451
0.100000,2.700000,-0.376358
0.150000,2.700000,-0.379540
0.200000,2.700000,-0.384004
0.250000,2.700000,-0.389758
0.300000,2.700000,-0.396813
0.350000,2.700000,-0.405185
0.400000,2.700000,-0.414890
0.450000,2.700000,-0.425948
0.500000,2.700000,-0.438384
0.550000,2.700000,-0.428857
0.600000,2.700000,-0.410793
0.650000,2.700000,-0.396447
0.700000,2.700000,-0.385610
0.750000,2.700000,-0.378136
0.800000,2.700000,-0.373928
0.850000,2.700000,-0.372934
0.900000,2.700000,-0.375141
0.950000,2.700000,-0.380576
1.000000,2.700000,-0.389309
1.050000,2.700000,-0.401453
1.100000,2.700000,-0.417178
1.150000,2.700000,-0.436719
1.200000,2.700000,-0.460397
1.250000,2.700000,-0.488654
1.300000,2.700000,-0.522102
1.350000,2.700000,-0.561621
1.400000,2.700000,-0.608524
1.450000,2.700000,-0.664929
1.500000,2.700000,-0.734644
1.550000,2.700000,-0.826032
1.600000,2.700000,-0.968660
1.650000,2.700000,-1.269004
1.700000,2.700000,-1.350119
1.750000,2.700000,
1.800000,2.700000,
1.850000,2.700000,
1.900000,2.700000,
1.950000,2.700000,
2.000000,2.700000,
2.050000,2.700000,
2.100000,2.700000,
2.150000,2.700000,
2.200000,2.700000,
2.250000,2.700000,
2.300000,2.700000,
2.350000,2.700000,
2.400000,2.700000,
2.450000,2.700000,
2.500000,2.700000,
2.550000,2.700000,
2.600000,2.700000,
2.650000,2.700000,
2.700000,2.700000,
2.750000,2.700000,
2.800000,2.700000,
2.850000,2.700000,
2.900000,2.700000,
2.950000,2.700000,
3.000000,2.700000,
3.050000,2.700000,
3.100000,2.700000,
3.150000,2.700000,
3.200000,2.700000,
3.250000,2.700000,
3.300000,2.700000,
3.350000,2.700000,
3.400000,2.700000,
3.450000,2.700000,
3.500000,2.700000,
-3.500000,2.750000,
-3.450000,2.750000,
-3.400000,2.750000,
-3.350000,2.750000,
-3.300000,2.750000,
-3.250000,2.750000,
-3.200000,2.750000,
-3.150000,2.750000,
-3.100000,2.750000,
-3.050000,2.750000,
-3.000000,2.750000,
-2.950000,2.750000,
-2.900000,2.750000,
-2.850000,2.750000,
-2.800000,2.750000,
-2.750000,2.750000,
-2.700000,2.750000,
-2.650000,2.750000,
-2.600000,2.750000,
-2.550000,2.750000,
-2.500000,2.750000,
-2.450000,2.750000,
-2.400000,2.750000,
-2.350000,2.750000,
-2.300000,2.750000,
-2.250000,2.750000,
-2.200000,2.750000,
-2.150000,2.750000,
-2.100000,2.750000,
-2.050000,2.750000,
-2.000000,2.750000,
-1.950000,2.750000,
-1.900000,2.750000,
-1.850000,2.750000,
-1.800000,2.750000,
-1.750000,2.750000,
-1.700000,2.750000,-1.337013
-1.650000,2.750000,-1.256876
-1.600000,2.750000,-1.184422
-1.550000,2.750000,-1.118284
-1.500000,2.750000,-1.057486
-1.450000,2.750000,-1.001301
-1.400000,2.750000,-0.949172
-1.350000,2.750000,-0.900659
-1.300000,2.750000,-0.855406
-1.250000,2.750000,-0.813125
-1.200000,2.750000,-0.773576
-1.150000,2.750000,-0.736556
-1.100000,2.750000,-0.701894
-1.050000,2.750000,-0.669443
-1.000000,2.750000,-0.639078
-0.950000,2.750000,-0.610688
-0.900000,2.750000,-0.584178
-0.850000,2.750000,-0.559463
-0.800000,2.750000,-0.536471
-0.750000,2.750000,-0.515136
-0.700000,2.750000,-0.495400
-0.650000,2.750000,-0.477213
-0.600000,2.750000,-0.460530
-0.550000,2.750000,-0.445311
-0.500000,2.750000,-0.431522
-0.450000,2.750000,-0.419131
-0.400000,2.750000,-0.408111
-0.350000,2.750000,-0.398440
-0.300000,2.750000,-0.390097
-0.250000,2.750000,-0.383066
-0.200000,2.750000,-0.377331
-0.150000,2.750000,-0.372883
-0.100000,2.750000,-0.369711
-0.050000,2.750000,-0.367811
-0.000000,2.750000,-0.367178
0.050000,2.750000,-0.367811
0.100000,2.750000,-0.369711
0.150000,2.750000,-0.372883
0.200000,2.750000,-0.377331
0.250000,2.750000,-0.383066
0.300000,2.750000,-0.390097
0.350000,2.750000,-0.398440
0.400000,2.750000,-0.408111
0.450000,2.750000,-0.419131
0.500000,2.750000,-0.431522
0.550000,2.750000,-0.445311
0.600000,2.750000,-0.460530
0.650000,2.750000,-0.477213
0.700000,2.750000,-0.495400
0.750000,2.750000,-0.490734
0.800000,2.750000,-0.485817
0.850000,2.750000,-0.484657
0.900000,2.750000,-0.487233
0.950000,2.750000,-0.493589
1.000000,2.750000,-0.503836
1.050000,2.750000,-0.518161
1.100000,2.750000,-0.536849
1.150000,2.750000,-0.560310
1.200000,2.750000,-0.589138
1.250000,2.750000,-0.624207
1.300000,2.750000,-0.666860
1.350000,2.750000,-0.719322
1.400000,2.750000,-0.785750
1.450000,2.750000,-0.875953
1.500000,2.750000,-1.035151
1.550000,2.750000,-1.118284
1.600000,2.750000,-1.184422
1.650000,2.750000,-1.256876
1.700000,2.750000,-1.337013
1.750000,2.750000,
1.800000,2.750000,
1.850000,2.750000,
1.900000,2.750000,
1.950000,2.750000,
2.000000,2.750000,
2.050000,2.750000,
2.100000,2.750000,
2.150000,2.750000,
2.200000,2.750000,
2.250000,2.750000,
2.300000,2.750000,
2.350000,2.750000,
2.400000,2.750000,
2.450000,2.750000,
2.500000,2.750000,
2.550000,2.750000,
2.600000,2.750000,
2.650000,2.750000,
2.700000,2.750000,
2.750000,2.750000,
2.800000,2.750000,
2.850000,2.750000,
2.900000,2.750000,
2.950000,2.750000,
3.000000,2.750000,
3.050000,2.750000,
3.100000,2.750000,
3.150000,2.750000,
3.200000,2.750000,
3.250000,2.750000,
3.300000,2.750000,
3.350000,2.750000,
3.400000,2.750000,
3.450000,2.750000,
3.500000,2.750000,
-3.500000,2.800000,
-3.450000,2.800000,
-3.400000,2.800000,
-3.350000,2.800000,
-3.300000,2.800000,
-3.250000,2.800000,
-3.200000,2.800000,
-3.150000,2.800000,
-3.100000,2.800000,
-3.050000,2.800000,
-3.000000,2.800000,
-2.950000,2.800000,
-2.900000,2.800000,
-2.850000,2.800000,
-2.800000,2.800000,
-2.750000,2.800000,
-2.700000,2.800000,
-2.650000,2.800000,
-2.600000,2.800000,
-2.550000,2.800000,
-2.500000,2.800000,
-2.450000,2.800000,
-2.400000,2.800000,
-2.350000,2.800000,
-2.300000,2.800000,
-2.250000,2.800000,
-2.200000,2.800000,
-2.150000,2.800000,
-2.100000,2.800000,
-2.050000,2.800000,
-2.000000,2.800000,
-1.950000,2.800000,
-1.900000,2.800000,
-1.850000,2.800000,
-1.800000,2.800000,
-1.750000,2.800000,
-1.700000,2.800000,
-1.650000,2.800000,-1.247164
-1.600000,2.800000,-1.175313
-1.550000,2.800000,-1.109663
-1.500000,2.800000,-1.049271
-1.450000,2.800000,-0.993429
-1.400000,2.800000,-0.941593
-1.350000,2.800000,-0.893333
-1.300000,2.800000,-0.848302
-1.250000,2.800000,-0.806217
-1.200000,2.800000,-0.766841
-1.150000,2.800000,-0.729975
-1.100000,2.800000,-0.695452
-1.050000,2.800000,-0.663126
-1.000000,2.800000,-0.632873
-0.950000,2.800000,-0.604584
-0.900000,2.800000,-0.578166
-0.850000,2.800000,-0.553534
-0.800000,2.800000,-0.530617
-0.750000,2.800000,-0.509350
-0.700000,2.800000,-0.489676
-0.650000,2.800000,-0.471545
-0.600000,2.800000,-0.454912
-0.550000,2.800000,-0.439738
-0.500000,2.800000,-0.425989
-0.450000,2.800000,-0.413633
-0.400000,2.800000,-0.402645
-0.350000,2.800000,-0.393001
-0.300000,2.800000,-0.384681
-0.250000,2.800000,-0.377669
-0.200000,2.800000,-0.371950
-0.150000,2.800000,-0.367514
-0.100000,2.800000,-0.364351
-0.050000,2.800000,-0.362456
-0.000000,2.800000,-0.361825
0.050000,2.800000,-0.362456
0.100000,2.800000,-0.364351
0.150000,2.800000,-0.367514
0.200000,2.800000,-0.371950
0.250000,2.800000,-0.377669
0.300000,2.800000,-0.384681
0.350000,2.800000,-0.393001
0.400000,2.800000,-0.402645
0.450000,2.800000,-0.413633
0.500000,2.800000,-0.425989
0.550000,2.800000,-0.439738
0.600000,2.800000,-0.454912
0.650000,2.800000,-0.471545
0.700000,2.800000,-0.489676
0.750000,2.800000,-0.509350
0.800000,2.800000,-0.530617
0.850000,2.800000,-0.553534
0.900000,2.800000,-0.578166
0.950000,2.800000,-0.604584
1.000000,2.800000,-0.632873
1.050000,2.800000,-0.663126
1.100000,2.800000,-0.691504
1.150000,2.800000,-0.723293
1.200000,2.800000,-0.763962
1.250000,2.800000,-0.806217
1.300000,2.800000,-0.848302
1.350000,2.800000,-0.893333
1.400000,2.800000,-0.941593
1.450000,2.800000,-0.993429
1.500000,2.800000,-1.049271
1.550000,2.800000,-1.109663
1.600000,2.800000,-1.175313
1.650000,2.800000,-1.247164
1.700000,2.800000,
1.750000,2.800000,
1.800000,2.800000,
1.850000,2.800000,
1.900000,2.800000,
1.950000,2.800000,
2.000000,2.800000,
2.050000,2.800000,
2.100000,2.800000,
2.150000,2.800000,
2.200000,2.800000,
2.250000,2.800000,
2.300000,2.800000,
2.350000,2.800000,
2.400000,2.800000,
2.450000,2.800000,
2.500000,2.800000,
2.550000,2.800000,
2.600000,2.800000,
2.650000,2.800000,
2.700000,2.800000,
2.750000,2.800000,
2.800000,2.800000,
2.850000,2.800000,
2.900000,2.800000,
2.950000,2.800000,
3.000000,2.800000,
3.050000,2.800000,
3.100000,2.800000,
3.150000,2.800000,
3.200000,2.800000,
3.250000,2.800000,
3.300000,2.800000,
3.350000,2.800000,
3.400000,2.800000,
3.450000,2.800000,
3.500000,2.800000,
-3.500000,2.850000,
-3.450000,2.850000,
-3.400000,2.850000,
-3.350000,2.850000,
-3.300000,2.850000,
-3.250000,2.850000,
-3.200000,2.850000,
-3.150000,2.850000,
-3.100000,2.850000,
-3.050000,2.850000,
-3.000000,2.850000,
-2.950000,2.850000,
-2.900000,2.850000,
-2.850000,2.850000,
-2.800000,2.850000,
-2.750000,2.850000,
-2.700000,2.850000,
-2.650000,2.850000,
-2.600000,2.850000,
-2.550000,2.850000,
-2.500000,2.850000,
-2.450000,2.850000,
-2.400000,2.850000,
-2.350000,2.850000,
-2.300000,2.850000,
-2.250000,2.850000,
-2.200000,2.850000,
-2.150000,2.850000,
-2.100000,2.850000,
-2.050000,2.850000,
-2.000000,2.850000,
-1.950000,2.850000,
-1.900000,2.850000,
-1.850000,2.850000,
-1.800000,2.850000,
-1.750000,2.850000,
-1.700000,2.850000,
-1.650000,2.850000,
-1.600000,2.850000,-1.168402
-1.550000,2.850000,-1.103119
-1.500000,2.850000,-1.043030
-1.450000,2.850000,-0.987446
-1.400000,2.850000,-0.935830
-1.350000,2.850000,-0.887762
-1.300000,2.850000,-0.842898
-1.250000,2.850000,-0.800961
-1.200000,2.850000,-0.761715
-1.150000,2.850000,-0.724967
-1.100000,2.850000,-0.690548
-1.050000,2.850000,-0.658316
-1.000000,2.850000,-0.628148
-0.950000,2.850000,-0.599936
-0.900000,2.850000,-0.573587
-0.850000,2.850000,-0.549019
-0.800000,2.850000,-0.526158
-0.750000,2.850000,-0.504943
-0.700000,2.850000,-0.485315
-0.650000,2.850000,-0.467226
-0.600000,2.850000,-0.450632
-0.550000,2.850000,-0.435492
-0.500000,2.850000,-0.421773
-0.450000,2.850000,-0.409444
-0.400000,2.850000,-0.398480
-0.350000,2.850000,-0.388856
-0.300000,2.850000,-0.380554
-0.250000,2.850000,-0.373557
-0.200000,2.850000,-0.367850
-0.150000,2.850000,-0.363423
-0.100000,2.850000,-0.360267
-0.050000,2.850000,-0.358375
-0.000000,2.850000,-0.357745
0.050000,2.850000,-0.358375
0.100000,2.850000,-0.360267
0.150000,2.850000,-0.363423
0.200000,2.850000,-0.367850
0.250000,2.850000,-0.373557
0.300000,2.850000,-0.380554
0.350000,2.850000,-0.388856
0.400000,2.850000,-0.398480
0.450000,2.850000,-0.409444
0.500000,2.850000,-0.421773
0.550000,2.850000,-0.435492
0.600000,2.850000,-0.450632
0.650000,2.850000,-0.467226
0.700000,2.850000,-0.485315
0.750000,2.850000,-0.504943
0.800000,2.850000,-0.526158
0.850000,2.850000,-0.549019
0.900000,2.850000,-0.573587
0.950000,2.850000,-0.599936
1.000000,2.850000,-0.628148
1.050000,2.850000,-0.658316
1.100000,2.850000,-0.690548
1.150000,2.850000,-0.724967
1.200000,2.850000,-0.761715
1.250000,2.850000,-0.800961
1.300000,2.850000,-0.842898
1.350000,2.850000,-0.887762
1.400000,2.850000,-0.935830
1.450000,2.850000,-0.987446
1.500000,2.850000,-1.043030
1.550000,2.850000,-1.103119
1.600000,2.850000,-1.168402
1.650000,2.850000,
1.700000,2.850000,
1.750000,2.850000,
1.800000,2.850000,
1.850000,2.850000,
1.900000,2.850000,
1.950000,2.850000,
2.000000,2.850000,
2.050000,2.850000,
2.100000,2.850000,
2.150000,2.850000,
2.200000,2.850000,
2.250000,2.850000,
2.300000,2.850000,
2.350000,2.850000,
2.400000,2.850000,
2.450000,2.850000,
2.500000,2.850000,
2.550000,2.850000,
2.600000,2.850000,
2.650000,2.850000,
2.700000,2.850000,
2.750000,2.850000,
2.800000,2.850000,
2.850000,2.850000,
2.900000,2.850000,
2.950000,2.850000,
3.000000,2.850000,
3.050000,2.850000,
3.100000,2.850000,
3.150000,2.850000,
3.200000,2.850000,
3.250000,2.850000,
3.300000,2.850000,
3.350000,2.850000,
3.400000,2.850000,
3.450000,2.850000,
3.500000,2.850000,
-3.500000,2.900000,
-3.450000,2.900000,
-3.400000,2.900000,
-3.350000,2.900000,
-3.300000,2.900000,
-3.250000,2.900000,
-3.200000,2.900000,
-3.150000,2.900000,
-3.100000,2.900000,
-3.050000,2.900000,
-3.000000,2.900000,
-2.950000,2.900000,
-2.900000,2.900000,
-2.850000,2.900000,
-2.800000,2.900000,
-2.750000,2.900000,
-2.700000,2.900000,
-2.650000,2.900000,
-2.600000,2.900000,
-2.550000,2.900000,
-2.500000,2.900000,
-2.450000,2.900000,
-2.400000,2.900000,
-2.350000,2.900000,
-2.300000,2.900000,
-2.250000,2.900000,
-2.200000,2.900000,
-2.150000,2.900000,
-2.100000,2.900000,
-2.050000,2.900000,
-2.000000,2.900000,
-1.950000,2.900000,
-1.900000,2.900000,
-1.850000,2.900000,
-1.800000,2.900000,
-1.750000,2.900000,
-1.700000,2.900000,
-1.650000,2.900000,
-1.600000,2.900000,
-1.550000,2.900000,-1.098618
-1.500000,2.900000,-1.038737
-1.450000,2.900000,-0.983328
-1.400000,2.900000,-0.931863
-1.350000,2.900000,-0.883925
-1.300000,2.900000,-0.839176
-1.250000,2.900000,-0.797340
-1.200000,2.900000,-0.758184
-1.150000,2.900000,-0.721516
-1.100000,2.900000,-0.687169
-1.050000,2.900000,-0.655001
-1.000000,2.900000,-0.624892
-0.950000,2.900000,-0.596732
-0.900000,2.900000,-0.570431
-0.850000,2.900000,-0.545906
-0.800000,2.900000,-0.523085
-0.750000,2.900000,-0.501904
-0.700000,2.900000,-0.482309
-0.650000,2.900000,-0.464249
-0.600000,2.900000,-0.447680
-0.550000,2.900000,-0.432564
-0.500000,2.900000,-0.418866
-0.450000,2.900000,-0.406556
-0.400000,2.900000,-0.395608
-0.350000,2.900000,-0.385998
-0.300000,2.900000,-0.377708
-0.250000,2.900000,-0.370721
-0.200000,2.900000,-0.365022
-0.150000,2.900000,-0.360601
-0.100000,2.900000,-0.357450
-0.050000,2.900000,-0.355561
-0.000000,2.900000,-0.354932
0.050000,2.900000,-0.355561
0.100000,2.900000,-0.357450
0.150000,2.900000,-0.360601
0.200000,2.900000,-0.365022
0.250000,2.900000,-0.370721
0.300000,2.900000,-0.377708
0.350000,2.900000,-0.385998
0.400000,2.900000,-0.395608
0.450000,2.900000,-0.406556
0.500000,2.900000,-0.418866
0.550000,2.900000,-0.432564
0.600000,2.900000,-0.447680
0.650000,2.900000,-0.464249
0.700000,2.900000,-0.482309
0.750000,2.900000,-0.501904
0.800000,2.900000,-0.523085
0.850000,2.900000,-0.545906
0.900000,2.900000,-0.570431
0.950000,2.900000,-0.596732
1.000000,2.900000,-0.624892
1.050000,2.900000,-0.655001
1.100000,2.900000,-0.687169
1.150000,2.900000,-0.721516
1.200000,2.900000,-0.758184
1.250000,2.900000,-0.797340
1.300000,2.900000,-0.839176
1.350000,2.900000,-0.883925
1.400000,2.900000,-0.931863
1.450000,2.900000,-0.983328
1.500000,2.900000,-1.038737
1.550000,2.900000,-1.098618
1.600000,2.900000,
1.650000,2.900000,
1.700000,2.900000,
1.750000,2.900000,
1.800000,2.900000,
1.850000,2.900000,
1.900000,2.900000,
1.950000,2.900000,
2.000000,2.900000,
2.050000,2.900000,
2.100000,2.900000,
2.150000,2.900000,
2.200000,2.900000,
2.250000,2.900000,
2.300000,2.900000,
2.350000,2.900000,
2.400000,2.900000,
2.450000,2.900000,
2.500000,2.900000,
2.550000,2.900000,
2.600000,2.900000,
2.650000,2.900000,
2.700000,2.900000,
2.750000,2.900000,
2.800000,2.900000,
2.850000,2.900000,
2.900000,2.900000,
2.950000,2.900000,
3.000000,2.900000,
3.050000,2.900000,
3.100000,2.900000,
3.150000,2.900000,
3.200000,2.900000,
3.250000,2.900000,
3.300000,2.900000,
3.350000,2.900000,
3.400000,2.900000,
3.450000,2.900000,
3.500000,2.900000,
-3.500000,2.950000,
-3.450000,2.950000,
-3.400000,2.950000,
-3.350000,2.950000,
-3.300000,2.950000,
-3.250000,2.950000,
-3.200000,2.950000,
-3.150000,2.950000,
-3.100000,2.950000,
-3.050000,2.950000,
-3.000000,2.950000,
-2.950000,2.950000,
-2.900000,2.950000,
-2.850000,2.950000,
-2.800000,2.950000,
-2.750000,2.950000,
-2.700000,2.950000,
-2.650000,2.950000,
-2.600000,2.950000,
-2.550000,2.950000,
-2.500000,2.950000,
-2.450000,2.950000,
-2.400000,2.950000,
-2.350000,2.950000,
-2.300000,2.950000,
-2.250000,2.950000,
-2.200000,2.950000,
-2.150000,2.950000,
-2.100000,2.950000,
-2.050000,2.950000,
-2.000000,2.950000,
-1.950000,2.950000,
-1.900000,2.950000,
-1.850000,2.950000,
-1.800000,2.950000,
-1.750000,2.950000,
-1.700000,2.950000,
-1.650000,2.950000,
-1.600000,2.950000,
-1.550000,2.950000,
-1.500000,2.950000,-1.036371
-1.450000,2.950000,-0.981058
-1.400000,2.950000,-0.929676
-1.350000,2.950000,-0.881810
-1.300000,2.950000,-0.837124
-1.250000,2.950000,-0.795343
-1.200000,2.950000,-0.756237
-1.150000,2.950000,-0.719612
-1.100000,2.950000,-0.685305
-1.050000,2.950000,-0.653173
-1.000000,2.950000,-0.623095
-0.950000,2.950000,-0.594965
-0.900000,2.950000,-0.568690
-0.850000,2.950000,-0.544188
-0.800000,2.950000,-0.521388
-0.750000,2.950000,-0.500228
-0.700000,2.950000,-0.480650
-0.650000,2.950000,-0.462606
-0.600000,2.950000,-0.446052
-0.550000,2.950000,-0.430948
-0.500000,2.950000,-0.417262
-0.450000,2.950000,-0.404962
-0.400000,2.950000,-0.394023
-0.350000,2.950000,-0.384421
-0.300000,2.950000,-0.376138
-0.250000,2.950000,-0.369156
-0.200000,2.950000,-0.363462
-0.150000,2.950000,-0.359044
-0.100000,2.950000,-0.355895
-0.050000,2.950000,-0.354008
-0.000000,2.950000,-0.353379
0.050000,2.950000,-0.354008
0.100000,2.950000,-0.355895
0.150000,2.950000,-0.359044
0.200000,2.950000,-0.363462
0.250000,2.950000,-0.369156
0.300000,2.950000,-0.376138
0.350000,2.950000,-0.384421
0.400000,2.950000,-0.394023
0.450000,2.950000,-0.404962
0.500000,2.950000,-0.417262
0.550000,2.950000,-0.430948
0.600000,2.950000,-0.446052
0.650000,2.950000,-0.462606
0.700000,2.950000,-0.480650
0.750000,2.950000,-0.500228
0.800000,2.950000,-0.521388
0.850000,2.950000,-0.544188
0.900000,2.950000,-0.568690
0.950000,2.950000,-0.594965
1.000000,2.950000,-0.623095
1.050000,2.950000,-0.653173
1.100000,2.950000,-0.685305
1.150000,2.950000,-0.719612
1.200000,2.950000,-0.756237
1.250000,2.950000,-0.795343
1.300000,2.950000,-0.837124
1.350000,2.950000,-0.881810
1.400000,2.950000,-0.929676
1.450000,2.950000,-0.981058
1.500000,2.950000,-1.036371
1.550000,2.950000,
1.600000,2.950000,
1.650000,2.950000,
1.700000,2.950000,
1.750000,2.950000,
1.800000,2.950000,
1.850000,2.950000,
1.900000,2.950000,
1.950000,2.950000,
2.000000,2.950000,
2.050000,2.950000,
2.100000,2.950000,
2.150000,2.950000,
2.200000,2.950000,
2.250000,2.950000,
2.300000,2.950000,
2.350000,2.950000,
2.400000,2.950000,
2.450000,2.950000,
2.500000,2.950000,
2.550000,2.950000,
2.600000,2.950000,
2.650000,2.950000,
2.700000,2.950000,
2.750000,2.950000,
2.800000,2.950000,
2.850000,2.950000,
2.900000,2.950000,
2.950000,2.950000,
3.000000,2.950000,
3.050000,2.950000,
3.100000,2.950000,
3.150000,2.950000,
3.200000,2.950000,
3.250000,2.950000,
3.300000,2.950000,
3.350000,2.950000,
3.400000,2.950000,
3.450000,2.950000,
3.500000,2.950000,
-3.500000,3.000000,
-3.450000,3.000000,
-3.400000,3.000000,
-3.350000,3.000000,
-3.300000,3.000000,
-3.250000,3.000000,
-3.200000,3.000000,
-3.150000,3.000000,
-3.100000,3.000000,
-3.050000,3.000000,
-3.000000,3.000000,
-2.950000,3.000000,
-2.900000,3.000000,
-2.850000,3.000000,
-2.800000,3.000000,
-2.750000,3.000000,
-2.700000,3.000000,
-2.650000,3.000000,
-2.600000,3.000000,
-2.550000,3.000000,
-2.500000,3.000000,
-2.450000,3.000000,
-2.400000,3.000000,
-2.350000,3.000000,
-2.300000,3.000000,
-2.250000,3.000000,
-2.200000,3.000000,
-2.150000,3.000000,
-2.100000,3.000000,
-2.050000,3.000000,
-2.000000,3.000000,
-1.950000,3.000000,
-1.900000,3.000000,
-1.850000,3.000000,
-1.800000,3.000000,
-1.750000,3.000000,
-1.700000,3.000000,
-1.650000,3.000000,
-1.600000,3.000000,
-1.550000,3.000000,
-1.500000,3.000000,
-1.450000,3.000000,-0.980627
-1.400000,3.000000,-0.929261
-1.350000,3.000000,-0.881408
-1.300000,3.000000,-0.836734
-1.250000,3.000000,-0.794964
-1.200000,3.000000,-0.755867
-1.150000,3.000000,-0.719251
-1.100000,3.000000,-0.684951
-1.050000,3.000000,-0.652826
-1.000000,3.000000,-0.622754
-0.950000,3.000000,-0.594629
-0.900000,3.000000,-0.568359
-0.850000,3.000000,-0.543862
-0.800000,3.000000,-0.521066
-0.750000,3.000000,-0.499909
-0.700000,3.000000,-0.480335
-0.650000,3.000000,-0.462294
-0.600000,3.000000,-0.445742
-0.550000,3.000000,-0.430641
-0.500000,3.000000,-0.416957
-0.450000,3.000000,-0.404659
-0.400000,3.000000,-0.393722
-0.350000,3.000000,-0.384121
-0.300000,3.000000,-0.375839
-0.250000,3.000000,-0.368859
-0.200000,3.000000,-0.363165
-0.150000,3.000000,-0.358749
-0.100000,3.000000,-0.355600
-0.050000,3.000000,-0.353713
-0.000000,3.000000,-0.353084
0.050000,3.000000,-0.353713
0.100000,3.000000,-0.355600
0.150000,3.000000,-0.358749
0.200000,3.000000,-0.363165
0.250000,3.000000,-0.368859
0.300000,3.000000,-0.375839
0.350000,3.000000,-0.384121
0.400000,3.000000,-0.393722
0.450000,3.000000,-0.404659
0.500000,3.000000,-0.416957
0.550000,3.000000,-0.430641
0.600000,3.000000,-0.445742
0.650000,3.000000,-0.462294
0.700000,3.000000,-0.480335
0.750000,3.000000,-0.499909
0.800000,3.000000,-0.521066
0.850000,3.000000,-0.543862
0.900000,3.000000,-0.568359
0.950000,3.000000,-0.594629
1.000000,3.000000,-0.622754
1.050000,3.000000,-0.652826
1.100000,3.000000,-0.684951
1.150000,3.000000,-0.719251
1.200000,3.000000,-0.755867
1.250000,3.000000,-0.794964
1.300000,3.000000,-0.836734
1.350000,3.000000,-0.881408
1.400000,3.000000,-0.929261
1.450000,3.000000,-0.980627
1.500000,3.000000,
1.550000,3.000000,
1.600000,3.000000,
1.650000,3.000000,
1.700000,3.000000,
1.750000,3.000000,
1.800000,3.000000,
1.850000,3.000000,
1.900000,3.000000,
1.950000,3.000000,
2.000000,3.000000,
2.050000,3.000000,
2.100000,3.000000,
2.150000,3.000000,
2.200000,3.000000,
2.250000,3.000000,
2.300000,3.000000,
2.350000,3.000000,
2.400000,3.000000,
2.450000,3.000000,
2.500000,3.000000,
2.550000,3.000000,
2.600000,3.000000,
2.650000,3.000000,
2.700000,3.000000,
2.750000,3.000000,
2.800000,3.000000,
2.850000,3.000000,
2.900000,3.000000,
2.950000,3.000000,
3.000000,3.000000,
3.050000,3.000000,
3.100000,3.000000,
3.150000,3.000000,
3.200000,3.000000,
3.250000,3.000000,
3.300000,3.000000,
3.350000,3.000000,
3.400000,3.000000,
3.450000,3.000000,
3.500000,3.000000,
-3.500000,3.050000,
-3.450000,3.050000,
-3.400000,3.050000,
-3.350000,3.050000,
-3.300000,3.050000,
-3.250000,3.050000,
-3.200000,3.050000,
-3.150000,3.050000,
-3.100000,3.050000,
-3.050000,3.050000,
-3.000000,3.050000,
-2.950000,3.050000,
-2.900000,3.050000,
-2.850000,3.050000,
-2.800000,3.050000,
-2.750000,3.050000,
-2.700000,3.050000,
-2.650000,3.050000,
-2.600000,3.050000,
-2.550000,3.050000,
-2.500000,3.050000,
-2.450000,3.050000,
-2.400000,3.050000,
-2.350000,3.050000,
-2.300000,3.050000,
-2.250000,3.050000,
-2.200000,3.050000,
-2.150000,3.050000,
-2.100000,3.050000,
-2.050000,3.050000,
-2.000000,3.050000,
-1.950000,3.050000,
-1.900000,3.050000,
-1.850000,3.050000,
-1.800000,3.050000,
-1.750000,3.050000,
-1.700000,3.050000,
-1.650000,3.050000,
-1.600000,3.050000,
-1.550000,3.050000,
-1.500000,3.050000,
-1.450000,3.050000,
-1.400000,3.050000,-0.930616
-1.350000,3.050000,-0.882719
-1.300000,3.050000,-0.838006
-1.250000,3.050000,-0.796201
-1.200000,3.050000,-0.757074
-1.150000,3.050000,-0.720430
-1.100000,3.050000,-0.686106
-1.050000,3.050000,-0.653959
-1.000000,3.050000,-0.623867
-0.950000,3.050000,-0.595724
-0.900000,3.050000,-0.569438
-0.850000,3.050000,-0.544926
-0.800000,3.050000,-0.522117
-0.750000,3.050000,-0.500949
-0.700000,3.050000,-0.481363
-0.650000,3.050000,-0.463312
-0.600000,3.050000,-0.446752
-0.550000,3.050000,-0.431643
-0.500000,3.050000,-0.417951
-0.450000,3.050000,-0.405647
-0.400000,3.050000,-0.394704
-0.350000,3.050000,-0.385099
-0.300000,3.050000,-0.376813
-0.250000,3.050000,-0.369829
-0.200000,3.050000,-0.364133
-0.150000,3.050000,-0.359714
-0.100000,3.050000,-0.356563
-0.050000,3.050000,-0.354675
-0.000000,3.050000,-0.354047
0.050000,3.050000,-0.354675
0.100000,3.050000,-0.356563
0.150000,3.050000,-0.359714
0.200000,3.050000,-0.364133
0.250000,3.050000,-0.369829
0.300000,3.050000,-0.376813
0.350000,3.050000,-0.385099
0.400000,3.050000,-0.394704
0.450000,3.050000,-0.405647
0.500000,3.050000,-0.417951
0.550000,3.050000,-0.431643
0.600000,3.050000,-0.446752
0.650000,3.050000,-0.463312
0.700000,3.050000,-0.481363
0.750000,3.050000,-0.500949
0.800000,3.050000,-0.522117
0.850000,3.050000,-0.544926
0.900000,3.050000,-0.569438
0.950000,3.050000,-0.595724
1.000000,3.050000,-0.623867
1.050000,3.050000,-0.653959
1.100000,3.050000,-0.686106
1.150000,3.050000,-0.720430
1.200000,3.050000,-0.757074
1.250000,3.050000,-0.796201
1.300000,3.050000,-0.838006
1.350000,3.050000,-0.882719
1.400000,3.050000,-0.930616
1.450000,3.050000,
1.500000,3.050000,
1.550000,3.050000,
1.600000,3.050000,
1.650000,3.050000,
1.700000,3.050000,
1.750000,3.050000,
1.800000,3.050000,
1.850000,3.050000,
1.900000,3.050000,
1.950000,3.050000,
2.000000,3.050000,
2.050000,3.050000,
2.100000,3.050000,
2.150000,3.050000,
2.200000,3.050000,
2.250000,3.050000,
2.300000,3.050000,
2.350000,3.050000,
2.400000,3.050000,
2.450000,3.050000,
2.500000,3.050000,
2.550000,3.050000,
2.600000,3.050000,
2.650000,3.050000,
2.700000,3.050000,
2.750000,3.050000,
2.800000,3.050000,
2.850000,3.050000,
2.900000,3.050000,
2.950000,3.050000,
3.000000,3.050000,
3.050000,3.050000,
3.100000,3.050000,
3.150000,3.050000,
3.200000,3.050000,
3.250000,3.050000,
3.300000,3.050000,
3.350000,3.050000,
3.400000,3.050000,
3.450000,3.050000,
3.500000,3.050000,
-3.500000,3.100000,
-3.450000,3.100000,
-3.400000,3.100000,
-3.350000,3.100000,
-3.300000,3.100000,
-3.250000,3.100000,
-3.200000,3.100000,
-3.150000,3.100000,
-3.100000,3.100000,
-3.050000,3.100000,
-3.000000,3.100000,
-2.950000,3.100000,
-2.900000,3.100000,
-2.850000,3.100000,
-2.800000,3.100000,
-2.750000,3.100000,
-2.700000,3.100000,
-2.650000,3.100000,
-2.600000,3.100000,
-2.550000,3.100000,
-2.500000,3.100000,
-2.450000,3.100000,
-2.400000,3.100000,
-2.350000,3.100000,
-2.300000,3.100000,
-2.250000,3.100000,
-2.200000,3.100000,
-2.150000,3.100000,
-2.100000,3.100000,
-2.050000,3.100000,
-2.000000,3.100000,
-1.950000,3.100000,
-1.900000,3.100000,
-1.850000,3.100000,
-1.800000,3.100000,
-1.750000,3.100000,
-1.700000,3.100000,
-1.650000,3.100000,
-1.600000,3.100000,
-1.550000,3.100000,
-1.500000,3.100000,
-1.450000,3.100000,
-1.400000,3.100000,
-1.350000,3.100000,-0.885746
-1.300000,3.100000,-0.840943
-1.250000,3.100000,-0.799059
-1.200000,3.100000,-0.759861
-1.150000,3.100000,-0.723154
-1.100000,3.100000,-0.688773
-1.050000,3.100000,-0.656575
-1.000000,3.100000,-0.626438
-0.950000,3.100000,-0.598254
-0.900000,3.100000,-0.571930
-0.850000,3.100000,-0.547384
-0.800000,3.100000,-0.524544
-0.750000,3.100000,-0.503347
-0.700000,3.100000,-0.483737
-0.650000,3.100000,-0.465663
-0.600000,3.100000,-0.449082
-0.550000,3.100000,-0.433954
-0.500000,3.100000,-0.420246
-0.450000,3.100000,-0.407928
-0.400000,3.100000,-0.396972
-0.350000,3.100000,-0.387356
-0.300000,3.100000,-0.379060
-0.250000,3.100000,-0.372068
-0.200000,3.100000,-0.366365
-0.150000,3.100000,-0.361941
-0.100000,3.100000,-0.358787
-0.050000,3.100000,-0.356897
-0.000000,3.100000,-0.356268
0.050000,3.100000,-0.356897
0.100000,3.100000,-0.358787
0.150000,3.100000,-0.361941
0.200000,3.100000,-0.366365
0.250000,3.100000,-0.372068
0.300000,3.100000,-0.379060
0.350000,3.100000,-0.387356
0.400000,3.100000,-0.396972
0.450000,3.100000,-0.407928
0.500000,3.100000,-0.420246
0.550000,3.100000,-0.433954
0.600000,3.100000,-0.449082
0.650000,3.100000,-0.465663
0.700000,3.100000,-0.483737
0.750000,3.100000,-0.503347
0.800000,3.100000,-0.524544
0.850000,3.100000,-0.547384
0.900000,3.100000,-0.571930
0.950000,3.100000,-0.598254
1.000000,3.100000,-0.626438
1.050000,3.100000,-0.656575
1.100000,3.100000,-0.688773
1.150000,3.100000,-0.723154
1.200000,3.100000,-0.759861
1.250000,3.100000,-0.799059
1.300000,3.100000,-0.840943
1.350000,3.100000,-0.885746
1.400000,3.100000,
1.450000,3.100000,
1.500000,3.100000,
1.550000,3.100000,
1.600000,3.100000,
1.650000,3.100000,
1.700000,3.100000,
1.750000,3.100000,
1.800000,3.100000,
1.850000,3.100000,
1.900000,3.100000,
1.950000,3.100000,
2.000000,3.100000,
2.050000,3.100000,
2.100000,3.100000,
2.150000,3.100000,
2.200000,3.100000,
2.250000,3.100000,
2.300000,3.100000,
2.350000,3.100000,
2.400000,3.100000,
2.450000,3.100000,
2.500000,3.100000,
2.550000,3.100000,
2.600000,3.100000,
2.650000,3.100000,
2.700000,3.100000,
2.750000,3.100000,
2.800000,3.100000,
2.850000,3.100000,
2.900000,3.100000,
2.950000,3.100000,
3.000000,3.100000,
3.050000,3.100000,
3.100000,3.100000,
3.150000,3.100000,
3.200000,3.100000,
3.250000,3.100000,
3.300000,3.100000,
3.350000,3.100000,
3.400000,3.100000,
3.450000,3.100000,
3.500000,3.100000,
-3.500000,3.150000,
-3.450000,3.150000,
-3.400000,3.150000,
-3.350000,3.150000,
-3.300000,3.150000,
-3.250000,3.150000,
-3.200000,3.150000,
-3.150000,3.150000,
-3.100000,3.150000,
-3.050000,3.150000,
-3.000000,3.150000,
-2.950000,3.150000,
-2.900000,3.150000,
-2.850000,3.150000,
-2.800000,3.150000,
-2.750000,3.150000,
-2.700000,3.150000,
-2.650000,3.150000,
-2.600000,3.150000,
-2.550000,3.150000,
-2.500000,3.150000,
-2.450000,3.150000,
-2.400000,3.150000,
-2.350000,3.150000,
-2.300000,3.150000,
-2.250000,3.150000,
-2.200000,3.150000,
-2.150000,3.150000,
-2.100000,3.150000,
-2.050000,3.150000,
-2.000000,3.150000,
-1.950000,3.150000,
-1.900000,3.150000,
-1.850000,3.150000,
-1.800000,3.150000,
-1.750000,3.150000,
-1.700000,3.150000,
-1.650000,3.150000,
-1.600000,3.150000,
-1.550000,3.150000,
-1.500000,3.150000,
-1.450000,3.150000,
-1.400000,3.150000,
-1.350000,3.150000,
-1.300000,3.150000,
-1.250000,3.150000,-0.803546
-1.200000,3.150000,-0.764236
-1.150000,3.150000,-0.727430
-1.100000,3.150000,-0.692960
-1.050000,3.150000,-0.660682
-1.000000,3.150000,-0.630472
-0.950000,3.150000,-0.602223
-0.900000,3.150000,-0.575840
-0.850000,3.150000,-0.551240
-0.800000,3.150000,-0.528352
-0.750000,3.150000,-0.507111
-0.700000,3.150000,-0.487461
-0.650000,3.150000,-0.469351
-0.600000,3.150000,-0.452738
-0.550000,3.150000,-0.437581
-0.500000,3.150000,-0.423847
-0.450000,3.150000,-0.411505
-0.400000,3.150000,-0.400529
-0.350000,3.150000,-0.390896
-0.300000,3.150000,-0.382585
-0.250000,3.150000,-0.375580
-0.200000,3.150000,-0.369868
-0.150000,3.150000,-0.365436
-0.100000,3.150000,-0.362276
-0.050000,3.150000,-0.360383
-0.000000,3.150000,-0.359752
0.050000,3.150000,-0.360383
0.100000,3.150000,-0.362276
0.150000,3.150000,-0.365436
0.200000,3.150000,-0.369868
0.250000,3.150000,-0.375580
0.300000,3.150000,-0.382585
0.350000,3.150000,-0.390896
0.400000,3.150000,-0.400529
0.450000,3.150000,-0.411505
0.500000,3.150000,-0.423847
0.550000,3.150000,-0.437581
0.600000,3.150000,-0.452738
0.650000,3.150000,-0.469351
0.700000,3.150000,-0.487461
0.750000,3.150000,-0.507111
0.800000,3.150000,-0.528352
0.850000,3.150000,-0.551240
0.900000,3.150000,-0.575840
0.950000,3.150000,-0.602223
1.000000,3.150000,-0.630472
1.050000,3.150000,-0.660682
1.100000,3.150000,-0.692960
1.150000,3.150000,-0.727430
1.200000,3.150000,-0.764236
1.250000,3.150000,-0.803546
1.300000,3.150000,
1.350000,3.150000,
1.400000,3.150000,
1.450000,3.150000,
1.500000,3.150000,
1.550000,3.150000,
1.600000,3.150000,
1.650000,3.150000,
1.700000,3.150000,
1.750000,3.150000,
1.800000,3.150000,
1.850000,3.150000,
1.900000,3.150000,
1.950000,3.150000,
2.000000,3.150000,
2.050000,3.150000,
2.100000,3.150000,
2.150000,3.150000,
2.200000,3.150000,
2.250000,3.150000,
2.300000,3.150000,
2.350000,3.150000,
2.400000,3.150000,
2.450000,3.150000,
2.500000,3.150000,
2.550000,3.150000,
2.600000,3.150000,
2.650000,3.150000,
2.700000,3.150000,
2.750000,3.150000,
2.800000,3.150000,
2.850000,3.150000,
2.900000,3.150000,
2.950000,3.150000,
3.000000,3.150000,
3.050000,3.150000,
3.100000,3.150000,
3.150000,3.150000,
3.200000,3.150000,
3.250000,3.150000,
3.300000,3.150000,
3.350000,3.150000,
3.400000,3.150000,
3.450000,3.150000,
3.500000,3.150000,
-3.500000,3.200000,
-3.450000,3.200000,
-3.400000,3.200000,
-3.350000,3.200000,
-3.300000,3.200000,
-3.250000,3.200000,
-3.200000,3.200000,
-3.150000,3.200000,
-3.100000,3.200000,
-3.050000,3.200000,
-3.000000,3.200000,
-2.950000,3.200000,
-2.900000,3.200000,
-2.850000,3.200000,
-2.800000,3.200000,
-2.750000,3.200000,
-2.700000,3.200000,
-2.650000,3.200000,
-2.600000,3.200000,
-2.550000,3.200000,
-2.500000,3.200000,
-2.450000,3.200000,
-2.400000,3.200000,
-2.350000,3.200000,
-2.300000,3.200000,
-2.250000,3.200000,
-2.200000,3.200000,
-2.150000,3.200000,
-2.100000,3.200000,
-2.050000,3.200000,
-2.000000,3.200000,
-1.950000,3.200000,
-1.900000,3.200000,
-1.850000,3.200000,
-1.800000,3.200000,
-1.750000,3.200000,
-1.700000,3.200000,
-1.650000,3.200000,
-1.600000,3.200000,
-1.550000,3.200000,
-1.500000,3.200000,
-1.450000,3.200000,
-1.400000,3.200000,
-1.350000,3.200000,
-1.300000,3.200000,
-1.250000,3.200000,
-1.200000,3.200000,
-1.150000,3.200000,-0.733271
-1.100000,3.200000,-0.698679
-1.050000,3.200000,-0.666290
-1.000000,3.200000,-0.635981
-0.950000,3.200000,-0.607642
-0.900000,3.200000,-0.581177
-0.850000,3.200000,-0.556505
-0.800000,3.200000,-0.533550
-0.750000,3.200000,-0.512249
-0.700000,3.200000,-0.492544
-0.650000,3.200000,-0.474385
-0.600000,3.200000,-0.457727
-0.550000,3.200000,-0.442530
-0.500000,3.200000,-0.428761
-0.450000,3.200000,-0.416388
-0.400000,3.200000,-0.405384
-0.350000,3.200000,-0.395726
-0.300000,3.200000,-0.387395
-0.250000,3.200000,-0.380373
-0.200000,3.200000,-0.374647
-0.150000,3.200000,-0.370204
-0.100000,3.200000,-0.367037
-0.050000,3.200000,-0.365139
-0.000000,3.200000,-0.364507
0.050000,3.200000,-0.365139
0.100000,3.200000,-0.367037
0.150000,3.200000,-0.370204
0.200000,3.200000,-0.374647
0.250000,3.200000,-0.380373
0.300000,3.200000,-0.387395
0.350000,3.200000,-0.395726
0.400000,3.200000,-0.405384
0.450000,3.200000,-0.416388
0.500000,3.200000,-0.428761
0.550000,3.200000,-0.442530
0.600000,3.200000,-0.457727
0.650000,3.200000,-0.474385
0.700000,3.200000,-0.492544
0.750000,3.200000,-0.512249
0.800000,3.200000,-0.533550
0.850000,3.200000,-0.556505
0.900000,3.200000,-0.581177
0.950000,3.200000,-0.607642
1.000000,3.200000,-0.635981
1.050000,3.200000,-0.666290
1.100000,3.200000,-0.698679
1.150000,3.200000,-0.733271
1.200000,3.200000,
1.250000,3.200000,
1.300000,3.200000,
1.350000,3.200000,
1.400000,3.200000,
1.450000,3.200000,
1.500000,3.200000,
1.550000,3.200000,
1.600000,3.200000,
1.650000,3.200000,
1.700000,3.200000,
1.750000,3.200000,
1.800000,3.200000,
1.850000,3.200000,
1.900000,3.200000,
1.950000,3.200000,
2.000000,3.200000,
2.050000,3.200000,
2.100000,3.200000,
2.150000,3.200000,
2.200000,3.200000,
2.250000,3.200000,
2.300000,3.200000,
2.350000,3.200000,
2.400000,3.200000,
2.450000,3.200000,
2.500000,3.200000,
2.550000,3.200000,
2.600000,3.200000,
2.650000,3.200000,
2.700000,3.200000,
2.750000,3.200000,
2.800000,3.200000,
2.850000,3.200000,
2.900000,3.200000,
2.950000,3.200000,
3.000000,3.200000,
3.050000,3.200000,
3.100000,3.200000,
3.150000,3.200000,
3.200000,3.200000,
3.250000,3.200000,
3.300000,3.200000,
3.350000,3.200000,
3.400000,3.200000,
3.450000,3.200000,
3.500000,3.200000,
-3.500000,3.250000,
-3.450000,3.250000,
-3.400000,3.250000,
-3.350000,3.250000,
-3.300000,3.250000,
-3.250000,3.250000,
-3.200000,3.250000,
-3.150000,3.250000,
-3.100000,3.250000,
-3.050000,3.250000,
-3.000000,3.250000,
-2.950000,3.250000,
-2.900000,3.250000,
-2.850000,3.250000,
-2.800000,3.250000,
-2.750000,3.250000,
-2.700000,3.250000,
-2.650000,3.250000,
-2.600000,3.250000,
-2.550000,3.250000,
-2.500000,3.250000,
-2.450000,3.250000,
-2.400000,3.250000,
-2.350000,3.250000,
-2.300000,3.250000,
-2.250000,3.250000,
-2.200000,3.250000,
-2.150000,3.250000,
-2.100000,3.250000,
-2.050000,3.250000,
-2.000000,3.250000,
-1.950000,3.250000,
-1.900000,3.250000,
-1.850000,3.250000,
-1.800000,3.250000,
-1.750000,3.250000,
-1.700000,3.250000,
-1.650000,3.250000,
-1.600000,3.250000,
-1.550000,3.250000,
-1.500000,3.250000,
-1.450000,3.250000,
-1.400000,3.250000,
-1.350000,3.250000,
-1.300000,3.250000,
-1.250000,3.250000,
-1.200000,3.250000,
-1.150000,3.250000,
-1.100000,3.250000,
-1.050000,3.250000,-0.673415
-1.000000,3.250000,-0.642979
-0.950000,3.250000,-0.614524
-0.900000,3.250000,-0.587956
-0.850000,3.250000,-0.563189
-0.800000,3.250000,-0.540149
-0.750000,3.250000,-0.518771
-0.700000,3.250000,-0.498996
-0.650000,3.250000,-0.480774
-0.600000,3.250000,-0.464060
-0.550000,3.250000,-0.448813
-0.500000,3.250000,-0.434998
-0.450000,3.250000,-0.422584
-0.400000,3.250000,-0.411545
-0.350000,3.250000,-0.401857
-0.300000,3.250000,-0.393500
-0.250000,3.250000,-0.386456
-0.200000,3.250000,-0.380711
-0.150000,3.250000,-0.376255
-0.100000,3.250000,-0.373078
-0.050000,3.250000,-0.371175
-0.000000,3.250000,-0.370541
0.050000,3.250000,-0.371175
0.100000,3.250000,-0.373078
0.150000,3.250000,-0.376255
0.200000,3.250000,-0.380711
0.250000,3.250000,-0.386456
0.300000,3.250000,-0.393500
0.350000,3.250000,-0.401857
0.400000,3.250000,-0.411545
0.450000,3.250000,-0.422584
0.500000,3.250000,-0.434998
0.550000,3.250000,-0.448813
0.600000,3.250000,-0.464060
0.650000,3.250000,-0.480774
0.700000,3.250000,-0.498996
0.750000,3.250000,-0.518771
0.800000,3.250000,-0.540149
0.850000,3.250000,-0.563189
0.900000,3.250000,-0.587956
0.950000,3.250000,-0.614524
1.000000,3.250000,-0.642979
1.050000,3.250000,-0.673415
1.100000,3.250000,
1.150000,3.250000,
1.200000,3.250000,
1.250000,3.250000,
1.300000,3.250000,
1.350000,3.250000,
1.400000,3.250000,
1.450000,3.250000,
1.500000,3.250000,
1.550000,3.250000,
1.600000,3.250000,
1.650000,3.250000,
1.700000,3.250000,
1.750000,3.250000,
1.800000,3.250000,
1.850000,3.250000,
1.900000,3.250000,
1.950000,3.250000,
2.000000,3.250000,
2.050000,3.250000,
2.100000,3.250000,
2.150000,3.250000,
2.200000,3.250000,
2.250000,3.250000,
2.300000,3.250000,
2.350000,3.250000,
2.400000,3.250000,
2.450000,3.250000,
2.500000,3.250000,
2.550000,3.250000,
2.600000,3.250000,
2.650000,3.250000,
2.700000,3.250000,
2.750000,3.250000,
2.800000,3.250000,
2.850000,3.250000,
2.900000,3.250000,
2.950000,3.250000,
3.000000,3.250000,
3.050000,3.250000,
3.100000,3.250000,
3.150000,3.250000,
3.200000,3.250000,
3.250000,3.250000,
3.300000,3.250000,
3.350000,3.250000,
3.400000,3.250000,
3.450000,3.250000,
3.500000,3.250000,
-3.500000,3.300000,
-3.450000,3.300000,
-3.400000,3.300000,
-3.350000,3.300000,
-3.300000,3.300000,
-3.250000,3.300000,
-3.200000,3.300000,
-3.150000,3.300000,
-3.100000,3.300000,
-3.050000,3.300000,
-3.000000,3.300000,
-2.950000,3.300000,
-2.900000,3.300000,
-2.850000,3.300000,
-2.800000,3.300000,
-2.750000,3.300000,
-2.700000,3.300000,
-2.650000,3.300000,
-2.600000,3.300000,
-2.550000,3.300000,
-2.500000,3.300000,
-2.450000,3.300000,
-2.400000,3.300000,
-2.350000,3.300000,
-2.300000,3.300000,
-2.250000,3.300000,
-2.200000,3.300000,
-2.150000,3.300000,
-2.100000,3.300000,
-2.050000,3.300000,
-2.000000,3.300000,
-1.950000,3.300000,
-1.900000,3.300000,
-1.850000,3.300000,
-1.800000,3.300000,
-1.750000,3.300000,
-1.700000,3.300000,
-1.650000,3.300000,
-1.600000,3.300000,
-1.550000,3.300000,
-1.500000,3.300000,
-1.450000,3.300000,
-1.400000,3.300000,
-1.350000,3.300000,
-1.300000,3.300000,
-1.250000,3.300000,
-1.200000,3.300000,
-1.150000,3.300000,
-1.100000,3.300000,
-1.050000,3.300000,
-1.000000,3.300000,
-0.950000,3.300000,-0.622888
-0.900000,3.300000,-0.596193
-0.850000,3.300000,-0.571311
-0.800000,3.300000,-0.548166
-0.750000,3.300000,-0.526694
-0.700000,3.300000,-0.506833
-0.650000,3.300000,-0.488534
-0.600000,3.300000,-0.471750
-0.550000,3.300000,-0.456441
-0.500000,3.300000,-0.442571
-0.450000,3.300000,-0.430108
-0.400000,3.300000,-0.419026
-0.350000,3.300000,-0.409300
-0.300000,3.300000,-0.400911
-0.250000,3.300000,-0.393840
-0.200000,3.300000,-0.388074
-0.150000,3.300000,-0.383601
-0.100000,3.300000,-0.380412
-0.050000,3.300000,-0.378502
-0.000000,3.300000,-0.377865
0.050000,3.300000,-0.378502
0.100000,3.300000,-0.380412
0.150000,3.300000,-0.383601
0.200000,3.300000,-0.388074
0.250000,3.300000,-0.393840
0.300000,3.300000,-0.400911
0.350000,3.300000,-0.409300
0.400000,3.300000,-0.419026
0.450000,3.300000,-0.430108
0.500000,3.300000,-0.442571
0.550000,3.300000,-0.456441
0.600000,3.300000,-0.471750
0.650000,3.300000,-0.488534
0.700000,3.300000,-0.506833
0.750000,3.300000,-0.526694
0.800000,3.300000,-0.548166
0.850000,3.300000,-0.571311
0.900000,3.300000,-0.596193
0.950000,3.300000,-0.622888
1.000000,3.300000,
1.050000,3.300000,
1.100000,3.300000,
1.150000,3.300000,
1.200000,3.300000,
1.250000,3.300000,
1.300000,3.300000,
1.350000,3.300000,
1.400000,3.300000,
1.450000,3.300000,
1.500000,3.300000,
1.550000,3.300000,
1.600000,3.300000,
1.650000,3.300000,
1.700000,3.300000,
1.750000,3.300000,
1.800000,3.300000,
1.850000,3.300000,
1.900000,3.300000,
1.950000,3.300000,
2.000000,3.300000,
2.050000,3.300000,
2.100000,3.300000,
2.150000,3.300000,
2.200000,3.300000,
2.250000,3.300000,
2.300000,3.300000,
2.350000,3.300000,
2.400000,3.300000,
2.450000,3.300000,
2.500000,3.300000,
2.550000,3.300000,
2.600000,3.300000,
2.650000,3.300000,
2.700000,3.300000,
2.750000,3.300000,
2.800000,3.300000,
2.850000,3.300000,
2.900000,3.300000,
2.950000,3.300000,
3.000000,3.300000,
3.050000,3.300000,
3.100000,3.300000,
3.150000,3.300000,
3.200000,3.300000,
3.250000,3.300000,
3.300000,3.300000,
3.350000,3.300000,
3.400000,3.300000,
3.450000,3.300000,
3.500000,3.300000,
-3.500000,3.350000,
-3.450000,3.350000,
-3.400000,3.350000,
-3.350000,3.350000,
-3.300000,3.350000,
-3.250000,3.350000,
-3.200000,3.350000,
-3.150000,3.350000,
-3.100000,3.350000,
-3.050000,3.350000,
-3.000000,3.350000,
-2.950000,3.350000,
-2.900000,3.350000,
-2.850000,3.350000,
-2.800000,3.350000,
-2.750000,3.350000,
-2.700000,3.350000,
-2.650000,3.350000,
-2.600000,3.350000,
-2.550000,3.350000,
-2.500000,3.350000,
-2.450000,3.350000,
-2.400000,3.350000,
-2.350000,3.350000,
-2.300000,3.350000,
-2.250000,3.350000,
-2.200000,3.350000,
-2.150000,3.350000,
-2.100000,3.350000,
-2.050000,3.350000,
-2.000000,3.350000,
-1.950000,3.350000,
-1.900000,3.350000,
-1.850000,3.350000,
-1.800000,3.350000,
-1.750000,3.350000,
-1.700000,3.350000,
-1.650000,3.350000,
-1.600000,3.350000,
-1.550000,3.350000,
-1.500000,3.350000,
-1.450000,3.350000,
-1.400000,3.350000,
-1.350000,3.350000,
-1.300000,3.350000,
-1.250000,3.350000,
-1.200000,3.350000,
-1.150000,3.350000,
-1.100000,3.350000,
-1.050000,3.350000,
-1.000000,3.350000,
-0.950000,3.350000,
-0.900000,3.350000,
-0.850000,3.350000,
-0.800000,3.350000,-0.557620
-0.750000,3.350000,-0.536034
-0.700000,3.350000,-0.516073
-0.650000,3.350000,-0.497682
-0.600000,3.350000,-0.480816
-0.550000,3.350000,-0.465432
-0.500000,3.350000,-0.451496
-0.450000,3.350000,-0.438975
-0.400000,3.350000,-0.427841
-0.350000,3.350000,-0.418071
-0.300000,3.350000,-0.409644
-0.250000,3.350000,-0.402541
-0.200000,3.350000,-0.396749
-0.150000,3.350000,-0.392256
-0.100000,3.350000,-0.389054
-0.050000,3.350000,-0.387134
-0.000000,3.350000,-0.386495
0.050000,3.350000,-0.387134
0.100000,3.350000,-0.389054
0.150000,3.350000,-0.392256
0.200000,3.350000,-0.396749
0.250000,3.350000,-0.402541
0.300000,3.350000,-0.409644
0.350000,3.350000,-0.418071
0.400000,3.350000,-0.427841
0.450000,3.350000,-0.438975
0.500000,3.350000,-0.451496
0.550000,3.350000,-0.465432
0.600000,3.350000,-0.480816
0.650000,3.350000,-0.497682
0.700000,3.350000,-0.516073
0.750000,3.350000,-0.536034
0.800000,3.350000,-0.557620
0.850000,3.350000,
0.900000,3.350000,
0.950000,3.350000,
1.000000,3.350000,
1.050000,3.350000,
1.100000,3.350000,
1.150000,3.350000,
1.200000,3.350000,
1.250000,3.350000,
1.300000,3.350000,
1.350000,3.350000,
1.400000,3.350000,
1.450000,3.350000,
1.500000,3.350000,
1.550000,3.350000,
1.600000,3.350000,
1.650000,3.350000,
1.700000,3.350000,
1.750000,3.350000,
1.800000,3.350000,
1.850000,3.350000,
1.900000,3.350000,
1.950000,3.350000,
2.000000,3.350000,
2.050000,3.350000,
2.100000,3.350000,
2.150000,3.350000,
2.200000,3.350000,
2.250000,3.350000,
2.300000,3.350000,
2.350000,3.350000,
2.400000,3.350000,
2.450000,3.350000,
2.500000,3.350000,
2.550000,3.350000,
2.600000,3.350000,
2.650000,3.350000,
2.700000,3.350000,
2.750000,3.350000,
2.800000,3.350000,
2.850000,3.350000,
2.900000,3.350000,
2.950000,3.350000,
3.000000,3.350000,
3.050000,3.350000,
3.100000,3.350000,
3.150000,3.350000,
3.200000,3.350000,
3.250000,3.350000,
3.300000,3.350000,
3.350000,3.350000,
3.400000,3.350000,
3.450000,3.350000,
3.500000,3.350000,
-3.500000,3.400000,
-3.450000,3.400000,
-3.400000,3.400000,
-3.350000,3.400000,
-3.300000,3.400000,
-3.250000,3.400000,
-3.200000,3.400000,
-3.150000,3.400000,
-3.100000,3.400000,
-3.050000,3.400000,
-3.000000,3.400000,
-2.950000,3.400000,
-2.900000,3.400000,
-2.850000,3.400000,
-2.800000,3.400000,
-2.750000,3.400000,
-2.700000,3.400000,
-2.650000,3.400000,
-2.600000,3.400000,
-2.550000,3.400000,
-2.500000,3.400000,
-2.450000,3.400000,
-2.400000,3.400000,
-2.350000,3.400000,
-2.300000,3.400000,
-2.250000,3.400000,
-2.200000,3.400000,
-2.150000,3.400000,
-2.100000,3.400000,
-2.050000,3.400000,
-2.000000,3.400000,
-1.950000,3.400000,
-1.900000,3.400000,
-1.850000,3.400000,
-1.800000,3.400000,
-1.750000,3.400000,
-1.700000,3.400000,
-1.650000,3.400000,
-1.600000,3.400000,
-1.550000,3.400000,
-1.500000,3.400000,
-1.450000,3.400000,
-1.400000,3.400000,
-1.350000,3.400000,
-1.300000,3.400000,
-1.250000,3.400000,
-1.200000,3.400000,
-1.150000,3.400000,
-1.100000,3.400000,
-1.050000,3.400000,
-1.000000,3.400000,
-0.950000,3.400000,
-0.900000,3.400000,
-0.850000,3.400000,
-0.800000,3.400000,
-0.750000,3.400000,
-0.700000,3.400000,
-0.650000,3.400000,-0.508238
-0.600000,3.400000,-0.491276
-0.550000,3.400000,-0.475806
-0.500000,3.400000,-0.461793
-0.450000,3.400000,-0.449204
-0.400000,3.400000,-0.438010
-0.350000,3.400000,-0.428188
-0.300000,3.400000,-0.419716
-0.250000,3.400000,-0.412577
-0.200000,3.400000,-0.406755
-0.150000,3.400000,-0.402239
-0.100000,3.400000,-0.399019
-0.050000,3.400000,-0.397090
-0.000000,3.400000,-0.396448
0.050000,3.400000,-0.397090
0.100000,3.400000,-0.399019
0.150000,3.400000,-0.402239
0.200000,3.400000,-0.406755
0.250000,3.400000,-0.412577
0.300000,3.400000,-0.419716
0.350000,3.400000,-0.428188
0.400000,3.400000,-0.438010
0.450000,3.400000,-0.449204
0.500000,3.400000,-0.461793
0.550000,3.400000,-0.475806
0.600000,3.400000,-0.491276
0.650000,3.400000,-0.508238
0.700000,3.400000,
0.750000,3.400000,
0.800000,3.400000,
0.850000,3.400000,
0.900000,3.400000,
0.950000,3.400000,
1.000000,3.400000,
1.050000,3.400000,
1.100000,3.400000,
1.150000,3.400000,
1.200000,3.400000,
1.250000,3.400000,
1.300000,3.400000,
1.350000,3.400000,
1.400000,3.400000,
1.450000,3.400000,
1.500000,3.400000,
1.550000,3.400000,
1.600000,3.400000,
1.650000,3.400000,
1.700000,3.400000,
1.750000,3.400000,
1.800000,3.400000,
1.850000,3.400000,
1.900000,3.400000,
1.950000,3.400000,
2.000000,3.400000,
2.050000,3.400000,
2.100000,3.400000,
2.150000,3.400000,
2.200000,3.400000,
2.250000,3.400000,
2.300000,3.400000,
2.350000,3.400000,
2.400000,3.400000,
2.450000,3.400000,
2.500000,3.400000,
2.550000,3.400000,
2.600000,3.400000,
2.650000,3.400000,
2.700000,3.400000,
2.750000,3.400000,
2.800000,3.400000,
2.850000,3.400000,
2.900000,3.400000,
2.950000,3.400000,
3.000000,3.400000,
3.050000,3.400000,
3.100000,3.400000,
3.150000,3.400000,
3.200000,3.400000,
3.250000,3.400000,
3.300000,3.400000,
3.350000,3.400000,
3.400000,3.400000,
3.450000,3.400000,
3.500000,3.400000,
-3.500000,3.450000,
-3.450000,3.450000,
-3.400000,3.450000,
-3.350000,3.450000,
-3.300000,3.450000,
-3.250000,3.450000,
-3.200000,3.450000,
-3.150000,3.450000,
-3.100000,3.450000,
-3.050000,3.450000,
-3.000000,3.450000,
-2.950000,3.450000,
-2.900000,3.450000,
-2.850000,3.450000,
-2.800000,3.450000,
-2.750000,3.450000,
-2.700000,3.450000,
-2.650000,3.450000,
-2.600000,3.450000,
-2.550000,3.450000,
-2.500000,3.450000,
-2.450000,3.450000,
-2.400000,3.450000,
-2.350000,3.450000,
-2.300000,3.450000,
-2.250000,3.450000,
-2.200000,3.450000,
-2.150000,3.450000,
-2.100000,3.450000,
-2.050000,3.450000,
-2.000000,3.450000,
-1.950000,3.450000,
-1.900000,3.450000,
-1.850000,3.450000,
-1.800000,3.450000,
-1.750000,3.450000,
-1.700000,3.450000,
-1.650000,3.450000,
-1.600000,3.450000,
-1.550000,3.450000,
-1.500000,3.450000,
-1.450000,3.450000,
-1.400000,3.450000,
-1.350000,3.450000,
-1.300000,3.450000,
-1.250000,3.450000,
-1.200000,3.450000,
-1.150000,3.450000,
-1.100000,3.450000,
-1.050000,3.450000,
-1.000000,3.450000,
-0.950000,3.450000,
-0.900000,3.450000,
-0.850000,3.450000,
-0.800000,3.450000,
-0.750000,3.450000,
-0.700000,3.450000,
-0.650000,3.450000,
-0.600000,3.450000,
-0.550000,3.450000,
-0.500000,3.450000,
-0.450000,3.450000,
-0.400000,3.450000,
-0.350000,3.450000,-0.439673
-0.300000,3.450000,-0.431150
-0.250000,3.450000,-0.423968
-0.200000,3.450000,-0.418111
-0.150000,3.450000,-0.413569
-0.100000,3.450000,-0.410330
-0.050000,3.450000,-0.408390
-0.000000,3.450000,-0.407744
0.050000,3.450000,-0.408390
0.100000,3.450000,-0.410330
0.150000,3.450000,-0.413569
0.200000,3.450000,-0.418111
0.250000,3.450000,-0.423968
0.300000,3.450000,-0.431150
0.350000,3.450000,-0.439673
0.400000,3.450000,
0.450000,3.450000,
0.500000,3.450000,
0.550000,3.450000,
0.600000,3.450000,
0.650000,3.450000,
0.700000,3.450000,
0.750000,3.450000,
0.800000,3.450000,
0.850000,3.450000,
0.900000,3.450000,
0.950000,3.450000,
1.000000,3.450000,
1.050000,3.450000,
1.100000,3.450000,
1.150000,3.450000,
1.200000,3.450000,
1.250000,3.450000,
1.300000,3.450000,
1.350000,3.450000,
1.400000,3.450000,
1.450000,3.450000,
1.500000,3.450000,
1.550000,3.450000,
1.600000,3.450000,
1.650000,3.450000,
1.700000,3.450000,
1.750000,3.450000,
1.800000,3.450000,
1.850000,3.450000,
1.900000,3.450000,
1.950000,3.450000,
2.000000,3.450000,
2.050000,3.450000,
2.100000,3.450000,
2.150000,3.450000,
2.200000,3.450000,
2.250000,3.450000,
2.300000,3.450000,
2.350000,3.450000,
2.400000,3.450000,
2.450000,3.450000,
2.500000,3.450000,
2.550000,3.450000,
2.600000,3.450000,
2.650000,3.450000,
2.700000,3.450000,
2.750000,3.450000,
2.800000,3.450000,
2.850000,3.450000,
2.900000,3.450000,
2.950000,3.450000,
3.000000,3.450000,
3.050000,3.450000,
3.100000,3.450000,
3.150000,3.450000,
3.200000,3.450000,
3.250000,3.450000,
3.300000,3.450000,
3.350000,3.450000,
3.400000,3.450000,
3.450000,3.450000,
3.500000,3.450000,
-3.500000,3.500000,
-3.450000,3.500000,
-3.400000,3.500000,
-3.350000,3.500000,
-3.300000,3.500000,
-3.250000,3.500000,
-3.200000,3.500000,
-3.150000,3.500000,
-3.100000,3.500000,
-3.050000,3.500000,
-3.000000,3.500000,
-2.950000,3.500000,
-2.900000,3.500000,
-2.850000,3.500000,
-2.800000,3.500000,
-2.750000,3.500000,
-2.700000,3.500000,
-2.650000,3.500000,
-2.600000,3.500000,
-2.550000,3.500000,
-2.500000,3.500000,
-2.450000,3.500000,
-2.400000,3.500000,
-2.350000,3.500000,
-2.300000,3.500000,
-2.250000,3.500000,
-2.200000,3.500000,
-2.150000,3.500000,
-2.100000,3.500000,
-2.050000,3.500000,
-2.000000,3.500000,
-1.950000,3.500000,
-1.900000,3.500000,
-1.850000,3.500000,
-1.800000,3.500000,
-1.750000,3.500000,
-1.700000,3.500000,
-1.650000,3.500000,
-1.600000,3.500000,
-1.550000,3.500000,
-1.500000,3.500000,
-1.450000,3.500000,
-1.400000,3.500000,
-1.350000,3.500000,
-1.300000,3.500000,
-1.250000,3.500000,
-1.200000,3.500000,
-1.150000,3.500000,
-1.100000,3.500000,
-1.050000,3.500000,
-1.000000,3.500000,
-0.950000,3.500000,
-0.900000,3.500000,
-0.850000,3.500000,
-0.800000,3.500000,
-0.750000,3.500000,
-0.700000,3.500000,
-0.650000,3.500000,
-0.600000,3.500000,
-0.550000,3.500000,
-0.500000,3.500000,
-0.450000,3.500000,
-0.400000,3.500000,
-0.350000,3.500000,
-0.300000,3.500000,
-0.250000,3.500000,
-0.200000,3.500000,
-0.150000,3.500000,
-0.100000,3.500000,
-0.050000,3.500000,
-0.000000,3.500000,
0.050000,3.500000,
0.100000,3.500000,
0.150000,3.500000,
0.200000,3.500000,
0.250000,3.500000,
0.300000,3.500000,
0.350000,3.500000,
0.400000,3.500000,
0.450000,3.500000,
0.500000,3.500000,
0.550000,3.500000,
0.600000,3.500000,
0.650000,3.500000,
0.700000,3.500000,
0.750000,3.500000,
0.800000,3.500000,
0.850000,3.500000,
0.900000,3.500000,
0.950000,3.500000,
1.000000,3.500000,
1.050000,3.500000,
1.100000,3.500000,
1.150000,3.500000,
1.200000,3.500000,
1.250000,3.500000,
1.300000,3.500000,
1.350000,3.500000,
1.400000,3.500000,
1.450000,3.500000,
1.500000,3.500000,
1.550000,3.500000,
1.600000,3.500000,
1.650000,3.500000,
1.700000,3.500000,
1.750000,3.500000,
1.800000,3.500000,
1.850000,3.500000,
1.900000,3.500000,
1.950000,3.500000,
2.000000,3.500000,
2.050000,3.500000,
2.100000,3.500000,
2.150000,3.500000,
2.200000,3.500000,
2.250000,3.500000,
2.300000,3.500000,
2.350000,3.500000,
2.400000,3.500000,
2.450000,3.500000,
2.500000,3.500000,
2.550000,3.500000,
2.600000,3.500000,
2.650000,3.500000,
2.700000,3.500000,
2.750000,3.500000,
2.800000,3.500000,
2.850000,3.500000,
2.900000,3.500000,
2.950000,3.500000,
3.000000,3.500000,
3.050000,3.500000,
3.100000,3.500000,
3.150000,3.500000,
3.200000,3.500000,
3.250000,3.500000,
3.300000,3.500000,
3.350000,3.500000,
3.400000,3.500000,
3.450000,3.500000,
3.500000,3.500000,
