x,y,z
-3.500000,-3.500000,
-3.400000,-3.500000,
-3.300000,-3.500000,
-3.200000,-3.500000,
-3.100000,-3.500000,
-3.000000,-3.500000,
-2.900000,-3.500000,
-2.800000,-3.500000,
-2.700000,-3.500000,
-2.600000,-3.500000,
-2.500000,-3.500000,
-2.400000,-3.500000,
-2.300000,-3.500000,
-2.200000,-3.500000,
-2.100000,-3.500000,
-2.000000,-3.500000,
-1.900000,-3.500000,
-1.800000,-3.500000,
-1.700000,-3.500000,
-1.600000,-3.500000,
-1.500000,-3.500000,
-1.400000,-3.500000,
-1.300000,-3.500000,
-1.200000,-3.500000,
-1.100000,-3.500000,
-1.000000,-3.500000,
-0.900000,-3.500000,
-0.800000,-3.500000,
-0.700000,-3.500000,
-0.600000,-3.500000,
-0.500000,-3.500000,
-0.400000,-3.500000,
-0.300000,-3.500000,
-0.200000,-3.500000,
-0.100000,-3.500000,
0.000000,-3.500000,
0.100000,-3.500000,
0.200000,-3.500000,
0.300000,-3.500000,
0.400000,-3.500000,
0.500000,-3.500000,
0.600000,-3.500000,
0.700000,-3.500000,
0.800000,-3.500000,
0.900000,-3.500000,
1.000000,-3.500000,
1.100000,-3.500000,
1.200000,-3.500000,
1.300000,-3.500000,
1.400000,-3.500000,
1.500000,-3.500000,
1.600000,-3.500000,
1.700000,-3.500000,
1.800000,-3.500000,
1.900000,-3.500000,
2.000000,-3.500000,
2.100000,-3.500000,
2.200000,-3.500000,
2.300000,-3.500000,
2.400000,-3.500000,
2.500000,-3.500000,
2.600000,-3.500000,
2.700000,-3.500000,
2.800000,-3.500000,
2.900000,-3.500000,
3.000000,-3.500000,
3.100000,-3.500000,
3.200000,-3.500000,
3.300000,-3.500000,
3.400000,-3.500000,
3.500000,-3.500000,
-3.500000,-3.400000,
-3.400000,-3.400000,
-3.300000,-3.400000,
-3.200000,-3.400000,
-3.100000,-3.400000,
-3.000000,-3.400000,
-2.900000,-3.400000,
-2.800000,-3.400000,
-2.700000,-3.400000,
-2.600000,-3.400000,
-2.500000,-3.400000,
-2.400000,-3.400000,
-2.300000,-3.400000,
-2.200000,-3.400000,
-2.100000,-3.400000,
-2.000000,-3.400000,
-1.900000,-3.400000,
-1.800000,-3.400000,
-1.700000,-3.400000,
-1.600000,-3.400000,
-1.500000,-3.400000,
-1.400000,-3.400000,
-1.300000,-3.400000,
-1.200000,-3.400000,
-1.100000,-3.400000,
-1.000000,-3.400000,
-0.900000,-3.400000,
-0.800000,-3.400000,
-0.700000,-3.400000,
-0.600000,-3.400000,
-0.500000,-3.400000,
-0.400000,-3.400000,
-0.300000,-3.400000,
-0.200000,-3.400000,
-0.100000,-3.400000,
0.000000,-3.400000,
0.100000,-3.400000,
0.200000,-3.400000,
0.300000,-3.400000,
0.400000,-3.400000,
0.500000,-3.400000,
0.600000,-3.400000,
0.700000,-3.400000,
0.800000,-3.400000,
0.900000,-3.400000,
1.000000,-3.400000,
1.100000,-3.400000,
1.200000,-3.400000,
1.300000,-3.400000,
1.400000,-3.400000,
1.500000,-3.400000,
1.600000,-3.400000,
1.700000,-3.400000,
1.800000,-3.400000,
1.900000,-3.400000,
2.000000,-3.400000,
2.100000,-3.400000,
2.200000,-3.400000,
2.300000,-3.400000,
2.400000,-3.400000,
2.500000,-3.400000,
2.600000,-3.400000,
2.700000,-3.400000,
2.800000,-3.400000,
2.900000,-3.400000,
3.000000,-3.400000,
3.100000,-3.400000,
3.200000,-3.400000,
3.300000,-3.400000,
3.400000,-3.400000,
3.500000,-3.400000,
-3.500000,-3.300000,
-3.400000,-3.300000,
-3.300000,-3.300000,
-3.200000,-3.300000,
-3.100000,-3.300000,
-3.000000,-3.300000,
-2.900000,-3.300000,
-2.800000,-3.300000,
-2.700000,-3.300000,
-2.600000,-3.300000,
-2.500000,-3.300000,
-2.400000,-3.300000,
-2.300000,-3.300000,
-2.200000,-3.300000,
-2.100000,-3.300000,
-2.000000,-3.300000,
-1.900000,-3.300000,
-1.800000,-3.300000,
-1.700000,-3.300000,
-1.600000,-3.300000,
-1.500000,-3.300000,
-1.400000,-3.300000,
-1.300000,-3.300000,
-1.200000,-3.300000,
-1.100000,-3.300000,0.349610
-1.000000,-3.300000,0.220634
-0.900000,-3.300000,0.063334
-0.800000,-3.300000,-0.140566
-0.700000,-3.300000,-0.455943
-0.600000,-3.300000,
-0.500000,-3.300000,
-0.400000,-3.300000,
-0.300000,-3.300000,
-0.200000,-3.300000,
-0.100000,-3.300000,
0.000000,-3.300000,
0.100000,-3.300000,
0.200000,-3.300000,
0.300000,-3.300000,
0.400000,-3.300000,
0.500000,-3.300000,
0.600000,-3.300000,
0.700000,-3.300000,
0.800000,-3.300000,
0.900000,-3.300000,
1.000000,-3.300000,
1.100000,-3.300000,
1.200000,-3.300000,
1.300000,-3.300000,
1.400000,-3.300000,
1.500000,-3.300000,
1.600000,-3.300000,
1.700000,-3.300000,
1.800000,-3.300000,
1.900000,-3.300000,
2.000000,-3.300000,
2.100000,-3.300000,
2.200000,-3.300000,
2.300000,-3.300000,
2.400000,-3.300000,
2.500000,-3.300000,
2.600000,-3.300000,
2.700000,-3.300000,
2.800000,-3.300000,
2.900000,-3.300000,
3.000000,-3.300000,
3.100000,-3.300000,
3.200000,-3.300000,
3.300000,-3.300000,
3.400000,-3.300000,
3.500000,-3.300000,
-3.500000,-3.200000,
-3.400000,-3.200000,
-3.300000,-3.200000,
-3.200000,-3.200000,
-3.100000,-3.200000,
-3.000000,-3.200000,
-2.900000,-3.200000,
-2.800000,-3.200000,
-2.700000,-3.200000,
-2.600000,-3.200000,
-2.500000,-3.200000,
-2.400000,-3.200000,
-2.300000,-3.200000,
-2.200000,-3.200000,
-2.100000,-3.200000,
-2.000000,-3.200000,
-1.900000,-3.200000,
-1.800000,-3.200000,
-1.700000,-3.200000,
-1.600000,-3.200000,
-1.500000,-3.200000,
-1.400000,-3.200000,0.223607
-1.300000,-3.200000,0.565685
-1.200000,-3.200000,0.504174
-1.100000,-3.200000,0.399146
-1.000000,-3.200000,0.275794
-0.900000,-3.200000,0.127296
-0.800000,-3.200000,-0.060188
-0.700000,-3.200000,-0.326058
-0.600000,-3.200000,
-0.500000,-3.200000,
-0.400000,-3.200000,
-0.300000,-3.200000,
-0.200000,-3.200000,
-0.100000,-3.200000,
0.000000,-3.200000,
0.100000,-3.200000,
0.200000,-3.200000,
0.300000,-3.200000,
0.400000,-3.200000,
0.500000,-3.200000,
0.600000,-3.200000,
0.700000,-3.200000,
0.800000,-3.200000,
0.900000,-3.200000,
1.000000,-3.200000,
1.100000,-3.200000,
1.200000,-3.200000,
1.300000,-3.200000,
1.400000,-3.200000,
1.500000,-3.200000,
1.600000,-3.200000,
1.700000,-3.200000,
1.800000,-3.200000,
1.900000,-3.200000,
2.000000,-3.200000,
2.100000,-3.200000,
2.200000,-3.200000,
2.300000,-3.200000,
2.400000,-3.200000,
2.500000,-3.200000,
2.600000,-3.200000,
2.700000,-3.200000,
2.800000,-3.200000,
2.900000,-3.200000,
3.000000,-3.200000,
3.100000,-3.200000,
3.200000,-3.200000,
3.300000,-3.200000,
3.400000,-3.200000,
3.500000,-3.200000,
-3.500000,-3.100000,
-3.400000,-3.100000,
-3.300000,-3.100000,
-3.200000,-3.100000,
-3.100000,-3.100000,
-3.000000,-3.100000,
-2.900000,-3.100000,
-2.800000,-3.100000,
-2.700000,-3.100000,
-2.600000,-3.100000,
-2.500000,-3.100000,
-2.400000,-3.100000,
-2.300000,-3.100000,
-2.200000,-3.100000,
-2.100000,-3.100000,
-2.000000,-3.100000,
-1.900000,-3.100000,
-1.800000,-3.100000,
-1.700000,-3.100000,
-1.600000,-3.100000,0.282843
-1.500000,-3.100000,0.624500
-1.400000,-3.100000,0.706727
-1.300000,-3.100000,0.629615
-1.200000,-3.100000,0.541190
-1.100000,-3.100000,0.439151
-1.000000,-3.100000,0.319979
-0.900000,-3.100000,0.177805
-0.800000,-3.100000,0.001349
-0.700000,-3.100000,-0.237775
-0.600000,-3.100000,-0.742024
-0.500000,-3.100000,
-0.400000,-3.100000,
-0.300000,-3.100000,
-0.200000,-3.100000,
-0.100000,-3.100000,
0.000000,-3.100000,
0.100000,-3.100000,
0.200000,-3.100000,
0.300000,-3.100000,
0.400000,-3.100000,
0.500000,-3.100000,
0.600000,-3.100000,
0.700000,-3.100000,
0.800000,-3.100000,
0.900000,-3.100000,-1.264787
1.000000,-3.100000,-1.133419
1.100000,-3.100000,-1.022112
1.200000,-3.100000,-0.926221
1.300000,-3.100000,-0.842842
1.400000,-3.100000,-0.770017
1.500000,-3.100000,
1.600000,-3.100000,
1.700000,-3.100000,
1.800000,-3.100000,
1.900000,-3.100000,
2.000000,-3.100000,
2.100000,-3.100000,
2.200000,-3.100000,
2.300000,-3.100000,
2.400000,-3.100000,
2.500000,-3.100000,
2.600000,-3.100000,
2.700000,-3.100000,
2.800000,-3.100000,
2.900000,-3.100000,
3.000000,-3.100000,
3.100000,-3.100000,
3.200000,-3.100000,
3.300000,-3.100000,
3.400000,-3.100000,
3.500000,-3.100000,
-3.500000,-3.000000,
-3.400000,-3.000000,
-3.300000,-3.000000,
-3.200000,-3.000000,
-3.100000,-3.000000,
-3.000000,-3.000000,
-2.900000,-3.000000,
-2.800000,-3.000000,
-2.700000,-3.000000,
-2.600000,-3.000000,
-2.500000,-3.000000,
-2.400000,-3.000000,
-2.300000,-3.000000,
-2.200000,-3.000000,
-2.100000,-3.000000,
-2.000000,-3.000000,
-1.900000,-3.000000,
-1.800000,-3.000000,0.100000
-1.700000,-3.000000,0.600000
-1.600000,-3.000000,0.830662
-1.500000,-3.000000,0.799158
-1.400000,-3.000000,0.732815
-1.300000,-3.000000,0.657026
-1.200000,-3.000000,0.570294
-1.100000,-3.000000,0.470484
-1.000000,-3.000000,0.354383
-0.900000,-3.000000,0.216749
-0.800000,-3.000000,0.047871
-0.700000,-3.000000,-0.174888
-0.600000,-3.000000,-0.551127
-0.500000,-3.000000,
-0.400000,-3.000000,
-0.300000,-3.000000,
-0.200000,-3.000000,
-0.100000,-3.000000,
0.000000,-3.000000,
0.100000,-3.000000,
0.200000,-3.000000,
0.300000,-3.000000,
0.400000,-3.000000,
0.500000,-3.000000,
0.600000,-3.000000,
0.700000,-3.000000,-1.577971
0.800000,-3.000000,-1.382660
0.900000,-3.000000,-1.228755
1.000000,-3.000000,-1.101110
1.100000,-3.000000,-0.992409
1.200000,-3.000000,-0.898452
1.300000,-3.000000,-0.816561
1.400000,-3.000000,-0.744913
1.500000,-3.000000,-0.682204
1.600000,-3.000000,-0.627467
1.700000,-3.000000,-0.579974
1.800000,-3.000000,
1.900000,-3.000000,
2.000000,-3.000000,
2.100000,-3.000000,
2.200000,-3.000000,
2.300000,-3.000000,
2.400000,-3.000000,
2.500000,-3.000000,
2.600000,-3.000000,
2.700000,-3.000000,
2.800000,-3.000000,
2.900000,-3.000000,
3.000000,-3.000000,
3.100000,-3.000000,
3.200000,-3.000000,
3.300000,-3.000000,
3.400000,-3.000000,
3.500000,-3.000000,
-3.500000,-2.900000,
-3.400000,-2.900000,
-3.300000,-2.900000,
-3.200000,-2.900000,
-3.100000,-2.900000,
-3.000000,-2.900000,
-2.900000,-2.900000,
-2.800000,-2.900000,
-2.700000,-2.900000,
-2.600000,-2.900000,
-2.500000,-2.900000,
-2.400000,-2.900000,
-2.300000,-2.900000,
-2.200000,-2.900000,
-2.100000,-2.900000,
-2.000000,-2.900000,
-1.900000,-2.900000,0.479583
-1.800000,-2.900000,0.774597
-1.700000,-2.900000,0.925190
-1.600000,-2.900000,0.875242
-1.500000,-2.900000,0.817877
-1.400000,-2.900000,0.752303
-1.300000,-2.900000,0.677474
-1.200000,-2.900000,0.591961
-1.100000,-2.900000,0.493746
-1.000000,-2.900000,0.379821
-0.900000,-2.900000,0.245350
-0.800000,-2.900000,0.081600
-0.700000,-2.900000,-0.130822
-0.600000,-2.900000,-0.463170
-0.500000,-2.900000,
-0.400000,-2.900000,
-0.300000,-2.900000,
-0.200000,-2.900000,
-0.100000,-2.900000,
0.000000,-2.900000,
0.100000,-2.900000,
0.200000,-2.900000,
0.300000,-2.900000,
0.400000,-2.900000,
0.500000,-2.900000,
0.600000,-2.900000,-1.803580
0.700000,-2.900000,-1.540392
0.800000,-2.900000,-1.352261
0.900000,-2.900000,-1.202353
1.000000,-2.900000,-1.077311
1.100000,-2.900000,-0.970456
1.200000,-2.900000,-0.877880
1.300000,-2.900000,-0.797059
1.400000,-2.900000,-0.726261
1.500000,-2.900000,-0.664236
1.600000,-2.900000,-0.610059
1.700000,-2.900000,-0.563022
1.800000,-2.900000,-0.522581
1.900000,-2.900000,
2.000000,-2.900000,
2.100000,-2.900000,
2.200000,-2.900000,
2.300000,-2.900000,
2.400000,-2.900000,
2.500000,-2.900000,
2.600000,-2.900000,
2.700000,-2.900000,
2.800000,-2.900000,
2.900000,-2.900000,
3.000000,-2.900000,
3.100000,-2.900000,
3.200000,-2.900000,
3.300000,-2.900000,
3.400000,-2.900000,
3.500000,-2.900000,
-3.500000,-2.800000,
-3.400000,-2.800000,
-3.300000,-2.800000,
-3.200000,-2.800000,
-3.100000,-2.800000,
-3.000000,-2.800000,
-2.900000,-2.800000,
-2.800000,-2.800000,
-2.700000,-2.800000,
-2.600000,-2.800000,
-2.500000,-2.800000,
-2.400000,-2.800000,
-2.300000,-2.800000,
-2.200000,-2.800000,
-2.100000,-2.800000,0.000000
-2.000000,-2.800000,0.640312
-1.900000,-2.800000,0.894427
-1.800000,-2.800000,0.979915
-1.700000,-2.800000,0.937056
-1.600000,-2.800000,0.887447
-1.500000,-2.800000,0.830495
-1.400000,-2.800000,0.765429
-1.300000,-2.800000,0.691232
-1.200000,-2.800000,0.606520
-1.100000,-2.800000,0.509347
-1.000000,-2.800000,0.396834
-0.900000,-2.800000,0.264395
-0.800000,-2.800000,0.103876
-0.700000,-2.800000,-0.102299
-0.600000,-2.800000,-0.413054
-0.500000,-2.800000,
-0.400000,-2.800000,
-0.300000,-2.800000,
-0.200000,-2.800000,
-0.100000,-2.800000,
0.000000,-2.800000,
0.100000,-2.800000,
0.200000,-2.800000,
0.300000,-2.800000,
0.400000,-2.800000,
0.500000,-2.800000,
0.600000,-2.800000,-1.768522
0.700000,-2.800000,-1.516060
0.800000,-2.800000,-1.332328
0.900000,-2.800000,-1.184938
1.000000,-2.800000,-1.061557
1.100000,-2.800000,-0.955892
1.200000,-2.800000,-0.864210
1.300000,-2.800000,-0.784086
1.400000,-2.800000,-0.713841
1.500000,-2.800000,-0.652265
1.600000,-2.800000,-0.598453
1.700000,-2.800000,-0.551717
1.800000,-2.800000,-0.511522
1.900000,-2.800000,-0.477452
2.000000,-2.800000,-0.447631
2.100000,-2.800000,
2.200000,-2.800000,
2.300000,-2.800000,
2.400000,-2.800000,
2.500000,-2.800000,
2.600000,-2.800000,
2.700000,-2.800000,
2.800000,-2.800000,
2.900000,-2.800000,
3.000000,-2.800000,
3.100000,-2.800000,
3.200000,-2.800000,
3.300000,-2.800000,
3.400000,-2.800000,
3.500000,-2.800000,
-3.500000,-2.700000,
-3.400000,-2.700000,
-3.300000,-2.700000,
-3.200000,-2.700000,
-3.100000,-2.700000,
-3.000000,-2.700000,
-2.900000,-2.700000,
-2.800000,-2.700000,
-2.700000,-2.700000,
-2.600000,-2.700000,
-2.500000,-2.700000,
-2.400000,-2.700000,
-2.300000,-2.700000,
-2.200000,-2.700000,0.346410
-2.100000,-2.700000,0.741620
-2.000000,-2.700000,0.979796
-1.900000,-2.700000,1.022483
-1.800000,-2.700000,0.986030
-1.700000,-2.700000,0.943316
-1.600000,-2.700000,0.893883
-1.500000,-2.700000,0.837147
-1.400000,-2.700000,0.772346
-1.300000,-2.700000,0.698478
-1.200000,-2.700000,0.614181
-1.100000,-2.700000,0.517548
-1.000000,-2.700000,0.405762
-0.900000,-2.700000,0.274363
-0.800000,-2.700000,0.115481
-0.700000,-2.700000,-0.087601
-0.600000,-2.700000,-0.388624
-0.500000,-2.700000,
-0.400000,-2.700000,
-0.300000,-2.700000,
-0.200000,-2.700000,
-0.100000,-2.700000,
0.000000,-2.700000,
0.100000,-2.700000,
0.200000,-2.700000,
0.300000,-2.700000,
0.400000,-2.700000,
0.500000,-2.700000,
0.600000,-2.700000,-1.751332
0.700000,-2.700000,-1.503862
0.800000,-2.700000,-1.322265
0.900000,-2.700000,-1.176115
1.000000,-2.700000,-1.053561
1.100000,-2.700000,-0.948490
1.200000,-2.700000,-0.857256
1.300000,-2.700000,-0.777481
1.400000,-2.700000,-0.707516
1.500000,-2.700000,-0.646165
1.600000,-2.700000,-0.592538
1.700000,-2.700000,-0.545953
1.800000,-2.700000,-0.494205
1.900000,-2.700000,-0.406322
2.000000,-2.700000,-0.332645
2.100000,-2.700000,-0.270760
2.200000,-2.700000,-0.219051
2.300000,-2.700000,
2.400000,-2.700000,
2.500000,-2.700000,
2.600000,-2.700000,
2.700000,-2.700000,
2.800000,-2.700000,
2.900000,-2.700000,
3.000000,-2.700000,
3.100000,-2.700000,
3.200000,-2.700000,
3.300000,-2.700000,
3.400000,-2.700000,
3.500000,-2.700000,
-3.500000,-2.600000,
-3.400000,-2.600000,
-3.300000,-2.600000,
-3.200000,-2.600000,
-3.100000,-2.600000,
-3.000000,-2.600000,
-2.900000,-2.600000,
-2.800000,-2.600000,
-2.700000,-2.600000,
-2.600000,-2.600000,
-2.500000,-2.600000,
-2.400000,-2.600000,
-2.300000,-2.600000,0.447214
-2.200000,-2.600000,0.806226
-2.100000,-2.600000,1.039230
-2.000000,-2.600000,1.053703
-1.900000,-2.600000,1.023165
-1.800000,-2.600000,0.986726
-1.700000,-2.600000,0.944028
-1.600000,-2.600000,0.894615
-1.500000,-2.600000,0.837903
-1.400000,-2.600000,0.773133
-1.300000,-2.600000,0.699301
-1.200000,-2.600000,0.615052
-1.100000,-2.600000,0.518480
-1.000000,-2.600000,0.406776
-0.900000,-2.600000,0.275494
-0.800000,-2.600000,0.116796
-0.700000,-2.600000,-0.085943
-0.600000,-2.600000,-0.385919
-0.500000,-2.600000,
-0.400000,-2.600000,
-0.300000,-2.600000,
-0.200000,-2.600000,
-0.100000,-2.600000,
0.000000,-2.600000,
0.100000,-2.600000,
0.200000,-2.600000,
0.300000,-2.600000,
0.400000,-2.600000,
0.500000,-2.600000,
0.600000,-2.600000,-1.750523
0.700000,-2.600000,-1.503284
0.800000,-2.600000,-1.321787
0.900000,-2.600000,-1.175696
1.000000,-2.600000,-1.053180
1.100000,-2.600000,-0.948137
1.200000,-2.600000,-0.856925
1.300000,-2.600000,-0.777167
1.400000,-2.600000,-0.707214
1.500000,-2.600000,-0.645875
1.600000,-2.600000,-0.592256
1.700000,-2.600000,-0.478245
1.800000,-2.600000,-0.383116
1.900000,-2.600000,-0.302895
2.000000,-2.600000,-0.234900
2.100000,-2.600000,-0.177342
2.200000,-2.600000,-0.128974
2.300000,-2.600000,-0.088895
2.400000,-2.600000,
2.500000,-2.600000,
2.600000,-2.600000,
2.700000,-2.600000,
2.800000,-2.600000,
2.900000,-2.600000,
3.000000,-2.600000,
3.100000,-2.600000,
3.200000,-2.600000,
3.300000,-2.600000,
3.400000,-2.600000,
3.500000,-2.600000,
-3.500000,-2.500000,
-3.400000,-2.500000,
-3.300000,-2.500000,
-3.200000,-2.500000,
-3.100000,-2.500000,
-3.000000,-2.500000,
-2.900000,-2.500000,
-2.800000,-2.500000,
-2.700000,-2.500000,
-2.600000,-2.500000,
-2.500000,-2.500000,
-2.400000,-2.500000,0.489898
-2.300000,-2.500000,0.842615
-2.200000,-2.500000,1.077033
-2.100000,-2.500000,1.074125
-2.000000,-2.500000,1.049151
-1.900000,-2.500000,1.018540
-1.800000,-2.500000,0.982009
-1.700000,-2.500000,0.939199
-1.600000,-2.500000,0.889651
-1.500000,-2.500000,0.832772
-1.400000,-2.500000,0.767798
-1.300000,-2.500000,0.693714
-1.200000,-2.500000,0.609145
-1.100000,-2.500000,0.512157
-1.000000,-2.500000,0.399894
-0.900000,-2.500000,0.267814
-0.800000,-2.500000,0.107861
-0.700000,-2.500000,-0.097241
-0.600000,-2.500000,-0.404552
-0.500000,-2.500000,
-0.400000,-2.500000,
-0.300000,-2.500000,
-0.200000,-2.500000,
-0.100000,-2.500000,
0.000000,-2.500000,
0.100000,-2.500000,
0.200000,-2.500000,
0.300000,-2.500000,
0.400000,-2.500000,
0.500000,-2.500000,
0.600000,-2.500000,-1.766030
0.700000,-2.500000,-1.514303
0.800000,-2.500000,-1.330881
0.900000,-2.500000,-1.183670
1.000000,-2.500000,-1.060409
1.100000,-2.500000,-0.954829
1.200000,-2.500000,-0.863212
1.300000,-2.500000,-0.783138
1.400000,-2.500000,-0.712934
1.500000,-2.500000,-0.605603
1.600000,-2.500000,-0.480671
1.700000,-2.500000,-0.376958
1.800000,-2.500000,-0.289312
1.900000,-2.500000,-0.214619
2.000000,-2.500000,-0.150837
2.100000,-2.500000,-0.096553
2.200000,-2.500000,-0.050749
2.300000,-2.500000,-0.012678
2.400000,-2.500000,0.018214
2.500000,-2.500000,
2.600000,-2.500000,
2.700000,-2.500000,
2.800000,-2.500000,
2.900000,-2.500000,
3.000000,-2.500000,
3.100000,-2.500000,
3.200000,-2.500000,
3.300000,-2.500000,
3.400000,-2.500000,
3.500000,-2.500000,
-3.500000,-2.400000,
-3.400000,-2.400000,
-3.300000,-2.400000,
-3.200000,-2.400000,
-3.100000,-2.400000,
-3.000000,-2.400000,
-2.900000,-2.400000,
-2.800000,-2.400000,
-2.700000,-2.400000,
-2.600000,-2.400000,
-2.500000,-2.400000,0.489898
-2.400000,-2.400000,0.854400
-2.300000,-2.400000,1.095445
-2.200000,-2.400000,1.084088
-2.100000,-2.400000,1.064440
-2.000000,-2.400000,1.039339
-1.900000,-2.400000,1.008567
-1.800000,-2.400000,0.971837
-1.700000,-2.400000,0.928785
-1.600000,-2.400000,0.878940
-1.500000,-2.400000,0.821700
-1.400000,-2.400000,0.756281
-1.300000,-2.400000,0.681645
-1.200000,-2.400000,0.596376
-1.100000,-2.400000,0.498480
-1.000000,-2.400000,0.384987
-0.900000,-2.400000,0.251140
-0.800000,-2.400000,0.088387
-0.700000,-2.400000,-0.122086
-0.600000,-2.400000,-0.447386
-0.500000,-2.400000,
-0.400000,-2.400000,
-0.300000,-2.400000,
-0.200000,-2.400000,
-0.100000,-2.400000,
0.000000,-2.400000,
0.100000,-2.400000,
0.200000,-2.400000,
0.300000,-2.400000,
0.400000,-2.400000,
0.500000,-2.400000,
0.600000,-2.400000,-1.799179
0.700000,-2.400000,-1.537379
0.800000,-2.400000,-1.349803
0.900000,-2.400000,-1.200210
1.000000,-2.400000,-1.075374
1.100000,-2.400000,-0.968667
1.200000,-2.400000,-0.876202
1.300000,-2.400000,-0.795467
1.400000,-2.400000,-0.639960
1.500000,-2.400000,-0.501606
1.600000,-2.400000,-0.387582
1.700000,-2.400000,-0.291379
1.800000,-2.400000,-0.209221
1.900000,-2.400000,-0.138693
2.000000,-2.400000,-0.078147
2.100000,-2.400000,-0.026411
2.200000,-2.400000,0.017374
2.300000,-2.400000,0.053851
2.400000,-2.400000,0.083503
2.500000,-2.400000,0.106692
2.600000,-2.400000,
2.700000,-2.400000,
2.800000,-2.400000,
2.900000,-2.400000,
3.000000,-2.400000,
3.100000,-2.400000,
3.200000,-2.400000,
3.300000,-2.400000,
3.400000,-2.400000,
3.500000,-2.400000,
-3.500000,-2.300000,
-3.400000,-2.300000,
-3.300000,-2.300000,
-3.200000,-2.300000,
-3.100000,-2.300000,
-3.000000,-2.300000,
-2.900000,-2.300000,
-2.800000,-2.300000,
-2.700000,-2.300000,
-2.600000,-2.300000,0.447214
-2.500000,-2.300000,0.842615
-2.400000,-2.300000,1.093010
-2.300000,-2.300000,1.083753
-2.200000,-2.300000,1.069284
-2.100000,-2.300000,1.049483
-2.000000,-2.300000,1.024184
-1.900000,-2.300000,0.993160
-1.800000,-2.300000,0.956120
-1.700000,-2.300000,0.912686
-1.600000,-2.300000,0.862376
-1.500000,-2.300000,0.804568
-1.400000,-2.300000,0.738449
-1.300000,-2.300000,0.662941
-1.200000,-2.300000,0.576565
-1.100000,-2.300000,0.477222
-1.000000,-2.300000,0.361760
-0.900000,-2.300000,0.225060
-0.800000,-2.300000,0.057708
-0.700000,-2.300000,-0.161919
-0.600000,-2.300000,-0.523462
-0.500000,-2.300000,
-0.400000,-2.300000,
-0.300000,-2.300000,
-0.200000,-2.300000,
-0.100000,-2.300000,
0.000000,-2.300000,
0.100000,-2.300000,
0.200000,-2.300000,
0.300000,-2.300000,
0.400000,-2.300000,
0.500000,-2.300000,
0.600000,-2.300000,-1.853348
0.700000,-2.300000,-1.573557
0.800000,-2.300000,-1.379115
0.900000,-2.300000,-1.225687
1.000000,-2.300000,-1.098349
1.100000,-2.300000,-0.989866
1.200000,-2.300000,-0.896070
1.300000,-2.300000,-0.698198
1.400000,-2.300000,-0.542178
1.500000,-2.300000,-0.415451
1.600000,-2.300000,-0.309175
1.700000,-2.300000,-0.218529
1.800000,-2.300000,-0.140543
1.900000,-2.300000,-0.073240
2.000000,-2.300000,-0.015236
2.100000,-2.300000,0.034476
2.200000,-2.300000,0.076646
2.300000,-2.300000,0.111841
2.400000,-2.300000,0.140490
2.500000,-2.300000,0.162917
2.600000,-2.300000,0.179362
2.700000,-2.300000,
2.800000,-2.300000,
2.900000,-2.300000,
3.000000,-2.300000,
3.100000,-2.300000,
3.200000,-2.300000,
3.300000,-2.300000,
3.400000,-2.300000,
3.500000,-2.300000,
-3.500000,-2.200000,
-3.400000,-2.200000,
-3.300000,-2.200000,
-3.200000,-2.200000,
-3.100000,-2.200000,
-3.000000,-2.200000,
-2.900000,-2.200000,
-2.800000,-2.200000,
-2.700000,-2.200000,0.346410
-2.600000,-2.200000,0.806226
-2.500000,-2.200000,1.077033
-2.400000,-2.200000,1.073115
-2.300000,-2.200000,1.063763
-2.200000,-2.200000,1.049143
-2.100000,-2.200000,1.029131
-2.000000,-2.200000,1.003556
-1.900000,-2.200000,0.972183
-1.800000,-2.200000,0.934711
-1.700000,-2.200000,0.890747
-1.600000,-2.200000,0.839789
-1.500000,-2.200000,0.781186
-1.400000,-2.200000,0.714088
-1.300000,-2.200000,0.637354
-1.200000,-2.200000,0.549414
-1.100000,-2.200000,0.448015
-1.000000,-2.200000,0.329729
-0.900000,-2.200000,0.188873
-0.800000,-2.200000,0.014646
-0.700000,-2.200000,-0.219516
-0.600000,-2.200000,-0.668535
-0.500000,-2.200000,
-0.400000,-2.200000,
-0.300000,-2.200000,
-0.200000,-2.200000,
-0.100000,-2.200000,
0.000000,-2.200000,
0.100000,-2.200000,
0.200000,-2.200000,
0.300000,-2.200000,
0.400000,-2.200000,
0.500000,-2.200000,
0.600000,-2.200000,-1.936331
0.700000,-2.200000,-1.624743
0.800000,-2.200000,-1.419777
0.900000,-2.200000,-1.260715
1.000000,-2.200000,-1.129778
1.100000,-2.200000,-1.018771
1.200000,-2.200000,-0.785598
1.300000,-2.200000,-0.604852
1.400000,-2.200000,-0.461861
1.500000,-2.200000,-0.343382
1.600000,-2.200000,-0.242852
1.700000,-2.200000,-0.156443
1.800000,-2.200000,-0.081700
1.900000,-2.200000,-0.016940
2.000000,-2.200000,0.039040
2.100000,-2.200000,0.087128
2.200000,-2.200000,0.127994
2.300000,-2.200000,0.162147
2.400000,-2.200000,0.189979
2.500000,-2.200000,0.211784
2.600000,-2.200000,0.227783
2.700000,-2.200000,0.238127
2.800000,-2.200000,
2.900000,-2.200000,
3.000000,-2.200000,
3.100000,-2.200000,
3.200000,-2.200000,
3.300000,-2.200000,
3.400000,-2.200000,
3.500000,-2.200000,
-3.500000,-2.100000,
-3.400000,-2.100000,
-3.300000,-2.100000,
-3.200000,-2.100000,
-3.100000,-2.100000,
-3.000000,-2.100000,
-2.900000,-2.100000,
-2.800000,-2.100000,0.000000
-2.700000,-2.100000,0.741620
-2.600000,-2.100000,1.039230
-2.500000,-2.100000,1.052002
-2.400000,-2.100000,1.047787
-2.300000,-2.100000,1.038311
-2.200000,-2.100000,1.023493
-2.100000,-2.100000,1.003206
-2.000000,-2.100000,0.977270
-1.900000,-2.100000,0.945442
-1.800000,-2.100000,0.907404
-1.700000,-2.100000,0.862744
-1.600000,-2.100000,0.810934
-1.500000,-2.100000,0.751284
-1.400000,-2.100000,0.682888
-1.300000,-2.100000,0.604523
-1.200000,-2.100000,0.514489
-1.100000,-2.100000,0.410311
-1.000000,-2.100000,0.288157
-0.900000,-2.100000,0.141488
-0.800000,-2.100000,-0.042744
-0.700000,-2.100000,-0.300309
-0.600000,-2.100000,
-0.500000,-2.100000,
-0.400000,-2.100000,
-0.300000,-2.100000,
-0.200000,-2.100000,
-0.100000,-2.100000,
0.000000,-2.100000,
0.100000,-2.100000,
0.200000,-2.100000,
0.300000,-2.100000,
0.400000,-2.100000,
0.500000,-2.100000,
0.600000,-2.100000,-2.071180
0.700000,-2.100000,-1.694333
0.800000,-2.100000,-1.473332
0.900000,-2.100000,-1.306237
1.000000,-2.100000,-1.170325
1.100000,-2.100000,-0.913652
1.200000,-2.100000,-0.694345
1.300000,-2.100000,-0.529282
1.400000,-2.100000,-0.395430
1.500000,-2.100000,-0.283038
1.600000,-2.100000,-0.186876
1.700000,-2.100000,-0.103756
1.800000,-2.100000,-0.031565
1.900000,-2.100000,0.031173
2.000000,-2.100000,0.085530
2.100000,-2.100000,0.132307
2.200000,-2.100000,0.172115
2.300000,-2.100000,0.205422
2.400000,-2.100000,0.232587
2.500000,-2.100000,0.253884
2.600000,-2.100000,0.269517
2.700000,-2.100000,0.279628
2.800000,-2.100000,
2.900000,-2.100000,
3.000000,-2.100000,
3.100000,-2.100000,
3.200000,-2.100000,
3.300000,-2.100000,
3.400000,-2.100000,
3.500000,-2.100000,
-3.500000,-2.000000,
-3.400000,-2.000000,
-3.300000,-2.000000,
-3.200000,-2.000000,
-3.100000,-2.000000,
-3.000000,-2.000000,
-2.900000,-2.000000,
-2.800000,-2.000000,0.640312
-2.700000,-2.000000,0.979796
-2.600000,-2.000000,1.020061
-2.500000,-2.000000,1.021090
-2.400000,-2.000000,1.016807
-2.300000,-2.000000,1.007173
-2.200000,-2.000000,0.992106
-2.100000,-2.000000,0.971473
-2.000000,-2.000000,0.945082
-1.900000,-2.000000,0.912676
-1.800000,-2.000000,0.873920
-1.700000,-2.000000,0.828377
-1.600000,-2.000000,0.775480
-1.500000,-2.000000,0.714491
-1.400000,-2.000000,0.644426
-1.300000,-2.000000,0.563950
-1.200000,-2.000000,0.471180
-1.100000,-2.000000,0.363328
-1.000000,-2.000000,0.235963
-0.900000,-2.000000,0.081220
-0.800000,-2.000000,-0.117768
-0.700000,-2.000000,-0.416726
-0.600000,-2.000000,
-0.500000,-2.000000,
-0.400000,-2.000000,
-0.300000,-2.000000,
-0.200000,-2.000000,
-0.100000,-2.000000,
0.000000,-2.000000,
0.100000,-2.000000,
0.200000,-2.000000,
0.300000,-2.000000,
0.400000,-2.000000,
0.500000,-2.000000,
0.600000,-2.000000,
0.700000,-2.000000,-1.788894
0.800000,-2.000000,-1.542274
0.900000,-2.000000,-1.363676
1.000000,-2.000000,-1.115286
1.100000,-2.000000,-0.820158
1.200000,-2.000000,-0.622172
1.300000,-2.000000,-0.467834
1.400000,-2.000000,-0.340638
1.500000,-2.000000,-0.232833
1.600000,-2.000000,-0.140036
1.700000,-2.000000,-0.059485
1.800000,-2.000000,0.010689
1.900000,-2.000000,0.071816
2.000000,-2.000000,0.124872
2.100000,-2.000000,0.170595
2.200000,-2.000000,0.209548
2.300000,-2.000000,0.242168
2.400000,-2.000000,0.268791
2.500000,-2.000000,0.289674
2.600000,-2.000000,0.305009
2.700000,-2.000000,0.314931
2.800000,-2.000000,0.319525
2.900000,-2.000000,
3.000000,-2.000000,
3.100000,-2.000000,
3.200000,-2.000000,
3.300000,-2.000000,
3.400000,-2.000000,
3.500000,-2.000000,
-3.500000,-1.900000,
-3.400000,-1.900000,
-3.300000,-1.900000,
-3.200000,-1.900000,
-3.100000,-1.900000,
-3.000000,-1.900000,
-2.900000,-1.900000,0.479583
-2.800000,-1.900000,0.894427
-2.700000,-1.900000,0.976729
-2.600000,-1.900000,0.983207
-2.500000,-1.900000,0.984257
-2.400000,-1.900000,0.979888
-2.300000,-1.900000,0.970060
-2.200000,-1.900000,0.954686
-2.100000,-1.900000,0.933622
-2.000000,-1.900000,0.906667
-1.900000,-1.900000,0.873545
-1.800000,-1.900000,0.833895
-1.700000,-1.900000,0.787248
-1.600000,-1.900000,0.732988
-1.500000,-1.900000,0.670309
-1.400000,-1.900000,0.598127
-1.300000,-1.900000,0.514950
-1.200000,-1.900000,0.418637
-1.100000,-1.900000,0.305947
-1.000000,-1.900000,0.171541
-0.900000,-1.900000,0.005391
-0.800000,-1.900000,-0.216536
-0.700000,-1.900000,-0.614654
-0.600000,-1.900000,-2.628666
-0.500000,-1.900000,-2.653607
-0.400000,-1.900000,-2.697009
-0.300000,-1.900000,-2.763660
-0.200000,-1.900000,-2.865071
-0.100000,-1.900000,
0.000000,-1.900000,
0.100000,-1.900000,
0.200000,-1.900000,
0.300000,-1.900000,
0.400000,-1.900000,-2.832966
0.500000,-1.900000,-2.777265
0.600000,-1.900000,-2.746321
0.700000,-1.900000,-1.538299
0.800000,-1.900000,-1.202165
0.900000,-1.900000,-1.053914
1.000000,-1.900000,-0.952308
1.100000,-1.900000,-0.749100
1.200000,-1.900000,-0.564973
1.300000,-1.900000,-0.418254
1.400000,-1.900000,-0.295986
1.500000,-1.900000,-0.191661
1.600000,-1.900000,-0.101458
1.700000,-1.900000,-0.022910
1.800000,-1.900000,0.045680
1.900000,-1.900000,0.105533
2.000000,-1.900000,0.157556
2.100000,-1.900000,0.202437
2.200000,-1.900000,0.240706
2.300000,-1.900000,0.272776
2.400000,-1.900000,0.298964
2.500000,-1.900000,0.319514
2.600000,-1.900000,0.334609
2.700000,-1.900000,0.344378
2.800000,-1.900000,0.348901
2.900000,-1.900000,0.348216
3.000000,-1.900000,
3.100000,-1.900000,
3.200000,-1.900000,
3.300000,-1.900000,
3.400000,-1.900000,
3.500000,-1.900000,
-3.500000,-1.800000,
-3.400000,-1.800000,
-3.300000,-1.800000,
-3.200000,-1.800000,
-3.100000,-1.800000,
-3.000000,-1.800000,0.100000
-2.900000,-1.800000,0.774597
-2.800000,-1.800000,0.921176
-2.700000,-1.800000,0.933431
-2.600000,-1.800000,0.940065
-2.500000,-1.800000,0.941140
-2.400000,-1.800000,0.936665
-2.300000,-1.800000,0.926600
-2.200000,-1.800000,0.910849
-2.100000,-1.800000,0.889259
-2.000000,-1.800000,0.861611
-1.900000,-1.800000,0.827606
-1.800000,-1.800000,0.786853
-1.700000,-1.800000,0.738835
-1.600000,-1.800000,0.682877
-1.500000,-1.800000,0.618079
-1.400000,-1.800000,0.543218
-1.300000,-1.800000,0.456584
-1.200000,-1.800000,0.355667
-1.100000,-1.800000,0.236541
-1.000000,-1.800000,0.092419
-0.900000,-1.800000,-0.090570
-0.800000,-1.800000,-0.352658
-0.700000,-1.800000,-0.912572
-0.600000,-1.800000,-1.059105
-0.500000,-1.800000,-1.291649
-0.400000,-1.800000,-2.434341
-0.300000,-1.800000,-2.478358
-0.200000,-1.800000,-2.538670
-0.100000,-1.800000,-2.619840
0.000000,-1.800000,-2.731337
0.100000,-1.800000,-2.728810
0.200000,-1.800000,-2.633434
0.300000,-1.800000,-2.564890
0.400000,-1.800000,-2.515758
0.500000,-1.800000,-2.482367
0.600000,-1.800000,-1.173286
0.700000,-1.800000,-0.998949
0.800000,-1.800000,-0.877518
0.900000,-1.800000,-0.785413
1.000000,-1.800000,-0.713595
1.100000,-1.800000,-0.657485
1.200000,-1.800000,-0.520305
1.300000,-1.800000,-0.379062
1.400000,-1.800000,-0.260439
1.500000,-1.800000,-0.158733
1.600000,-1.800000,-0.070506
1.700000,-1.800000,0.006504
1.800000,-1.800000,0.073869
1.900000,-1.800000,0.132733
2.000000,-1.800000,0.183951
2.100000,-1.800000,0.228175
2.200000,-1.800000,0.265909
2.300000,-1.800000,0.297546
2.400000,-1.800000,0.323392
2.500000,-1.800000,0.343681
2.600000,-1.800000,0.358587
2.700000,-1.800000,0.368235
2.800000,-1.800000,0.372703
2.900000,-1.800000,0.372026
3.000000,-1.800000,0.100000
3.100000,-1.800000,
3.200000,-1.800000,
3.300000,-1.800000,
3.400000,-1.800000,
3.500000,-1.800000,
-3.500000,-1.700000,
-3.400000,-1.700000,
-3.300000,-1.700000,
-3.200000,-1.700000,
-3.100000,-1.700000,
-3.000000,-1.700000,0.600000
-2.900000,-1.700000,0.852214
-2.800000,-1.700000,0.870736
-2.700000,-1.700000,0.883345
-2.600000,-1.700000,0.890169
-2.500000,-1.700000,0.891274
-2.400000,-1.700000,0.886673
-2.300000,-1.700000,0.876318
-2.200000,-1.700000,0.860108
-2.100000,-1.700000,0.837874
-2.000000,-1.700000,0.809375
-1.900000,-1.700000,0.774286
-1.800000,-1.700000,0.732171
-1.700000,-1.700000,0.682456
-1.600000,-1.700000,0.624378
-1.500000,-1.700000,0.556912
-1.400000,-1.700000,0.478642
-1.300000,-1.700000,0.387542
-1.200000,-1.700000,0.280547
-1.100000,-1.700000,0.152647
-1.000000,-1.700000,-0.005463
-0.900000,-1.700000,-0.215555
-0.800000,-1.700000,-0.574977
-0.700000,-1.700000,-0.698247
-0.600000,-1.700000,-0.805008
-0.500000,-1.700000,-0.942907
-0.400000,-1.700000,-1.138263
-0.300000,-1.700000,-2.282175
-0.200000,-1.700000,-2.329723
-0.100000,-1.700000,-2.391221
0.000000,-1.700000,-2.469907
0.100000,-1.700000,-2.463739
0.200000,-1.700000,-2.397076
0.300000,-1.700000,-2.346029
0.400000,-1.700000,-1.269052
0.500000,-1.700000,-1.028361
0.600000,-1.700000,-0.874368
0.700000,-1.700000,-0.758909
0.800000,-1.700000,-0.667780
0.900000,-1.700000,-0.594439
1.000000,-1.700000,-0.535255
1.100000,-1.700000,-0.487993
1.200000,-1.700000,-0.451199
1.300000,-1.700000,-0.349260
1.400000,-1.700000,-0.233272
1.500000,-1.700000,-0.133484
1.600000,-1.700000,-0.046715
1.700000,-1.700000,0.029151
1.800000,-1.700000,0.095602
1.900000,-1.700000,0.153726
2.000000,-1.700000,0.204339
2.100000,-1.700000,0.248067
2.200000,-1.700000,0.285398
2.300000,-1.700000,0.316709
2.400000,-1.700000,0.342296
2.500000,-1.700000,0.362387
2.600000,-1.700000,0.377150
2.700000,-1.700000,0.386706
2.800000,-1.700000,0.391132
2.900000,-1.700000,0.390462
3.000000,-1.700000,0.384691
3.100000,-1.700000,
3.200000,-1.700000,
3.300000,-1.700000,
3.400000,-1.700000,
3.500000,-1.700000,
-3.500000,-1.600000,
-3.400000,-1.600000,
-3.300000,-1.600000,
-3.200000,-1.600000,
-3.100000,-1.600000,0.282843
-3.000000,-1.600000,0.768144
-2.900000,-1.600000,0.793658
-2.800000,-1.600000,0.812828
-2.700000,-1.600000,0.825869
-2.600000,-1.600000,0.832924
-2.500000,-1.600000,0.834067
-2.400000,-1.600000,0.829309
-2.300000,-1.600000,0.818602
-2.200000,-1.600000,0.801829
-2.100000,-1.600000,0.778806
-2.000000,-1.600000,0.749264
-1.900000,-1.600000,0.712837
-1.800000,-1.600000,0.669033
-1.700000,-1.600000,0.617198
-1.600000,-1.600000,0.556453
-1.500000,-1.600000,0.485593
-1.400000,-1.600000,0.402921
-1.300000,-1.600000,0.305933
-1.200000,-1.600000,0.190683
-1.100000,-1.600000,0.050281
-1.000000,-1.600000,-0.129579
-0.900000,-1.600000,-0.392142
-0.800000,-1.600000,-0.460988
-0.700000,-1.600000,-0.534527
-0.600000,-1.600000,-0.623492
-0.500000,-1.600000,-0.732539
-0.400000,-1.600000,-0.870447
-0.300000,-1.600000,-1.058281
-0.200000,-1.600000,-1.401992
-0.100000,-1.600000,-2.220713
0.000000,-1.600000,-2.285577
0.100000,-1.600000,-2.276943
0.200000,-1.600000,-2.222175
0.300000,-1.600000,-1.158180
0.400000,-1.600000,-0.941851
0.500000,-1.600000,-0.791887
0.600000,-1.600000,-0.675920
0.700000,-1.600000,-0.582427
0.800000,-1.600000,-0.505708
0.900000,-1.600000,-0.442465
1.000000,-1.600000,-0.390607
1.100000,-1.600000,-0.348734
1.200000,-1.600000,-0.315880
1.300000,-1.600000,-0.291373
1.400000,-1.600000,-0.213983
1.500000,-1.600000,-0.115515
1.600000,-1.600000,-0.029756
1.700000,-1.600000,0.045316
1.800000,-1.600000,0.111129
1.900000,-1.600000,0.168735
2.000000,-1.600000,0.218924
2.100000,-1.600000,0.262305
2.200000,-1.600000,0.299352
2.300000,-1.600000,0.330433
2.400000,-1.600000,0.355839
2.500000,-1.600000,0.375789
2.600000,-1.600000,0.390452
2.700000,-1.600000,0.399944
2.800000,-1.600000,0.404340
2.900000,-1.600000,0.403675
3.000000,-1.600000,0.397942
3.100000,-1.600000,0.282843
3.200000,-1.600000,
3.300000,-1.600000,
3.400000,-1.600000,
3.500000,-1.600000,
-3.500000,-1.500000,
-3.400000,-1.500000,
-3.300000,-1.500000,
-3.200000,-1.500000,
-3.100000,-1.500000,0.624500
-3.000000,-1.500000,0.700069
-2.900000,-1.500000,0.726676
-2.800000,-1.500000,0.746644
-2.700000,-1.500000,0.760217
-2.600000,-1.500000,0.767556
-2.500000,-1.500000,0.768744
-2.400000,-1.500000,0.763796
-2.300000,-1.500000,0.752654
-2.200000,-1.500000,0.735190
-2.100000,-1.500000,0.711192
-2.000000,-1.500000,0.680356
-1.900000,-1.500000,0.642262
-1.800000,-1.500000,0.596341
-1.700000,-1.500000,0.541827
-1.600000,-1.500000,0.477670
-1.500000,-1.500000,0.402406
-1.400000,-1.500000,0.313904
-1.300000,-1.500000,0.208890
-1.200000,-1.500000,0.081875
-1.100000,-1.500000,-0.077749
-1.000000,-1.500000,-0.233952
-0.900000,-1.500000,-0.279710
-0.800000,-1.500000,-0.334885
-0.700000,-1.500000,-0.400759
-0.600000,-1.500000,-0.479193
-0.500000,-1.500000,-0.573021
-0.400000,-1.500000,-0.686904
-0.300000,-1.500000,-0.829519
-0.200000,-1.500000,-1.021237
-0.100000,-1.500000,-1.354231
0.000000,-1.500000,-2.139732
0.100000,-1.500000,-2.129064
0.200000,-1.500000,-1.107421
0.300000,-1.500000,-0.892449
0.400000,-1.500000,-0.739518
0.500000,-1.500000,-0.619597
0.600000,-1.500000,-0.521763
0.700000,-1.500000,-0.440482
0.800000,-1.500000,-0.372500
0.900000,-1.500000,-0.315727
1.000000,-1.500000,-0.268744
1.100000,-1.500000,-0.230553
1.200000,-1.500000,-0.200442
1.300000,-1.500000,-0.177903
1.400000,-1.500000,-0.162583
1.500000,-1.500000,-0.104558
1.600000,-1.500000,-0.019404
1.700000,-1.500000,0.055191
1.800000,-1.500000,0.120621
1.900000,-1.500000,0.177914
2.000000,-1.500000,0.227848
2.100000,-1.500000,0.271019
2.200000,-1.500000,0.307894
2.300000,-1.500000,0.338837
2.400000,-1.500000,0.364132
2.500000,-1.500000,0.383998
2.600000,-1.500000,0.398599
2.700000,-1.500000,0.408052
2.800000,-1.500000,0.412431
2.900000,-1.500000,0.411768
3.000000,-1.500000,0.406059
3.100000,-1.500000,0.395259
3.200000,-1.500000,
3.300000,-1.500000,
3.400000,-1.500000,
3.500000,-1.500000,
-3.500000,-1.400000,
-3.400000,-1.400000,
-3.300000,-1.400000,
-3.200000,-1.400000,0.223607
-3.100000,-1.400000,0.586775
-3.000000,-1.400000,0.622172
-2.900000,-1.400000,0.650149
-2.800000,-1.400000,0.671113
-2.700000,-1.400000,0.685349
-2.600000,-1.400000,0.693041
-2.500000,-1.400000,0.694286
-2.400000,-1.400000,0.689101
-2.300000,-1.400000,0.677419
-2.200000,-1.400000,0.659091
-2.100000,-1.400000,0.633874
-2.000000,-1.400000,0.601411
-1.900000,-1.400000,0.561206
-1.800000,-1.400000,0.512582
-1.700000,-1.400000,0.454606
-1.600000,-1.400000,0.385977
-1.500000,-1.400000,0.304817
-1.400000,-1.400000,0.208282
-1.300000,-1.400000,0.091719
-1.200000,-1.400000,-0.053480
-1.100000,-1.400000,-0.098917
-1.000000,-1.400000,-0.133709
-0.900000,-1.400000,-0.176274
-0.800000,-1.400000,-0.227329
-0.700000,-1.400000,-0.287852
-0.600000,-1.400000,-0.359212
-0.500000,-1.400000,-0.443388
-0.400000,-1.400000,-0.543398
-0.300000,-1.400000,-0.664228
-0.200000,-1.400000,-0.815264
-0.100000,-1.400000,-1.019063
0.000000,-1.400000,-1.390160
0.100000,-1.400000,-1.098714
0.200000,-1.400000,-0.872704
0.300000,-1.400000,-0.712005
0.400000,-1.400000,-0.585551
0.500000,-1.400000,-0.481814
0.600000,-1.400000,-0.394983
0.700000,-1.400000,-0.321648
0.800000,-1.400000,-0.259615
0.900000,-1.400000,-0.207389
1.000000,-1.400000,-0.163911
1.100000,-1.400000,-0.128412
1.200000,-1.400000,-0.100331
1.300000,-1.400000,-0.079260
1.400000,-1.400000,-0.064915
1.500000,-1.400000,-0.057109
1.600000,-1.400000,-0.015527
1.700000,-1.400000,0.058891
1.800000,-1.400000,0.124178
1.900000,-1.400000,0.181355
2.000000,-1.400000,0.231193
2.100000,-1.400000,0.274287
2.200000,-1.400000,0.311097
2.300000,-1.400000,0.341989
2.400000,-1.400000,0.367242
2.500000,-1.400000,0.387077
2.600000,-1.400000,0.401656
2.700000,-1.400000,0.411094
2.800000,-1.400000,0.415466
2.900000,-1.400000,0.414804
3.000000,-1.400000,0.409104
3.100000,-1.400000,0.398321
3.200000,-1.400000,0.223607
3.300000,-1.400000,
3.400000,-1.400000,
3.500000,-1.400000,
-3.500000,-1.300000,
-3.400000,-1.300000,
-3.300000,-1.300000,
-3.200000,-1.300000,0.448680
-3.100000,-1.300000,0.495085
-3.000000,-1.300000,0.532809
-2.900000,-1.300000,0.562541
-2.800000,-1.300000,0.584775
-2.700000,-1.300000,0.599851
-2.600000,-1.300000,0.607990
-2.500000,-1.300000,0.609308
-2.400000,-1.300000,0.603821
-2.300000,-1.300000,0.591455
-2.200000,-1.300000,0.572029
-2.100000,-1.300000,0.545254
-2.000000,-1.300000,0.510698
-1.900000,-1.300000,0.467755
-1.800000,-1.300000,0.415582
-1.700000,-1.300000,0.352989
-1.600000,-1.300000,0.278265
-1.500000,-1.300000,0.188825
-1.400000,-1.300000,0.080494
-1.300000,-1.300000,0.032414
-1.200000,-1.300000,0.012791
-1.100000,-1.300000,-0.013306
-1.000000,-1.300000,-0.046197
-0.900000,-1.300000,-0.086324
-0.800000,-1.300000,-0.134272
-0.700000,-1.300000,-0.190834
-0.600000,-1.300000,-0.257084
-0.500000,-1.300000,-0.334527
-0.400000,-1.300000,-0.425346
-0.300000,-1.300000,-0.532907
-0.200000,-1.300000,-0.662868
-0.100000,-1.300000,-0.826233
0.000000,-1.300000,-1.051354
0.100000,-1.300000,-0.880218
0.200000,-1.300000,-0.707084
0.300000,-1.300000,-0.571600
0.400000,-1.300000,-0.460428
0.500000,-1.300000,-0.367053
0.600000,-1.300000,-0.287711
0.700000,-1.300000,-0.220006
0.800000,-1.300000,-0.162308
0.900000,-1.300000,-0.113464
1.000000,-1.300000,-0.072631
1.100000,-1.300000,-0.039188
1.200000,-1.300000,-0.012670
1.300000,-1.300000,0.007262
1.400000,-1.300000,0.020848
1.500000,-1.300000,0.028247
1.600000,-1.300000,0.029541
1.700000,-1.300000,0.056457
1.800000,-1.300000,0.121838
1.900000,-1.300000,0.179092
2.000000,-1.300000,0.228993
2.100000,-1.300000,0.272137
2.200000,-1.300000,0.308990
2.300000,-1.300000,0.339915
2.400000,-1.300000,0.365196
2.500000,-1.300000,0.385052
2.600000,-1.300000,0.399645
2.700000,-1.300000,0.409093
2.800000,-1.300000,0.413469
2.900000,-1.300000,0.412807
3.000000,-1.300000,0.407101
3.100000,-1.300000,0.396307
3.200000,-1.300000,0.380342
3.300000,-1.300000,
3.400000,-1.300000,
3.500000,-1.300000,
-3.500000,-1.200000,
-3.400000,-1.200000,
-3.300000,-1.200000,
-3.200000,-1.200000,0.347768
-3.100000,-1.200000,0.388773
-3.000000,-1.200000,0.429604
-2.900000,-1.200000,0.461655
-2.800000,-1.200000,0.485553
-2.700000,-1.200000,0.501726
-2.600000,-1.200000,0.510447
-2.500000,-1.200000,0.511858
-2.400000,-1.200000,0.505981
-2.300000,-1.200000,0.492722
-2.200000,-1.200000,0.471861
-2.100000,-1.200000,0.443033
-2.000000,-1.200000,0.405695
-1.900000,-1.200000,0.359068
-1.800000,-1.200000,0.302037
-1.700000,-1.200000,0.232978
-1.600000,-1.200000,0.149433
-1.500000,-1.200000,0.125519
-1.400000,-1.200000,0.118535
-1.300000,-1.200000,0.105721
-1.200000,-1.200000,0.086942
-1.100000,-1.200000,0.062001
-1.000000,-1.200000,0.030615
-0.900000,-1.200000,-0.007592
-0.800000,-1.200000,-0.053121
-0.700000,-1.200000,-0.106635
-0.600000,-1.200000,-0.169021
-0.500000,-1.200000,-0.241488
-0.400000,-1.200000,-0.325735
-0.300000,-1.200000,-0.424260
-0.200000,-1.200000,-0.540987
-0.100000,-1.200000,-0.682733
0.000000,-1.200000,-0.863532
0.100000,-1.200000,-0.724381
0.200000,-1.200000,-0.576932
0.300000,-1.200000,-0.456576
0.400000,-1.200000,-0.355520
0.500000,-1.200000,-0.269408
0.600000,-1.200000,-0.195515
0.700000,-1.200000,-0.132014
0.800000,-1.200000,-0.077616
0.900000,-1.200000,-0.031383
1.000000,-1.200000,0.007385
1.100000,-1.200000,0.039211
1.200000,-1.200000,0.064491
1.300000,-1.200000,0.083517
1.400000,-1.200000,0.096498
1.500000,-1.200000,0.103571
1.600000,-1.200000,0.104809
1.700000,-1.200000,0.100224
1.800000,-1.200000,0.113577
1.900000,-1.200000,0.171102
2.000000,-1.200000,0.221225
2.100000,-1.200000,0.264552
2.200000,-1.200000,0.301554
2.300000,-1.200000,0.332600
2.400000,-1.200000,0.357976
2.500000,-1.200000,0.377905
2.600000,-1.200000,0.392552
2.700000,-1.200000,0.402034
2.800000,-1.200000,0.406426
2.900000,-1.200000,0.405761
3.000000,-1.200000,0.400034
3.100000,-1.200000,0.389202
3.200000,-1.200000,0.373178
3.300000,-1.200000,
3.400000,-1.200000,
3.500000,-1.200000,
-3.500000,-1.100000,
-3.400000,-1.100000,
-3.300000,-1.100000,0.387298
-3.200000,-1.100000,0.375312
-3.100000,-1.100000,0.313031
-3.000000,-1.100000,0.308906
-2.900000,-1.100000,0.344166
-2.800000,-1.100000,0.370343
-2.700000,-1.100000,0.388007
-2.600000,-1.100000,0.397515
-2.500000,-1.100000,0.399052
-2.400000,-1.100000,0.392647
-2.300000,-1.100000,0.378178
-2.200000,-1.100000,0.355356
-2.100000,-1.100000,0.323701
-2.000000,-1.100000,0.282480
-1.900000,-1.100000,0.230612
-1.800000,-1.100000,0.176383
-1.700000,-1.100000,0.186335
-1.600000,-1.100000,0.190701
-1.500000,-1.100000,0.189523
-1.400000,-1.100000,0.182788
-1.300000,-1.100000,0.170435
-1.200000,-1.100000,0.152344
-1.100000,-1.100000,0.128339
-1.000000,-1.100000,0.098169
-0.900000,-1.100000,0.061503
-0.800000,-1.100000,0.017902
-0.700000,-1.100000,-0.033207
-0.600000,-1.100000,-0.092580
-0.500000,-1.100000,-0.161230
-0.400000,-1.100000,-0.240547
-0.300000,-1.100000,-0.332509
-0.200000,-1.100000,-0.440082
-0.100000,-1.100000,-0.568069
0.000000,-1.100000,-0.725243
0.100000,-1.100000,-0.601851
0.200000,-1.100000,-0.470080
0.300000,-1.100000,-0.359933
0.400000,-1.100000,-0.266101
0.500000,-1.100000,-0.185366
0.600000,-1.100000,-0.115610
0.700000,-1.100000,-0.055360
0.800000,-1.100000,-0.003549
0.900000,-1.100000,0.040617
1.000000,-1.100000,0.077736
1.100000,-1.100000,0.108263
1.200000,-1.100000,0.132544
1.300000,-1.100000,0.150837
1.400000,-1.100000,0.163327
1.500000,-1.100000,0.170135
1.600000,-1.100000,0.171326
1.700000,-1.100000,0.166912
1.800000,-1.100000,0.156851
1.900000,-1.100000,0.157306
2.000000,-1.100000,0.207817
2.100000,-1.100000,0.251463
2.200000,-1.100000,0.288725
2.300000,-1.100000,0.319981
2.400000,-1.100000,0.345525
2.500000,-1.100000,0.365582
2.600000,-1.100000,0.380321
2.700000,-1.100000,0.389862
2.800000,-1.100000,0.394281
2.900000,-1.100000,0.393612
3.000000,-1.100000,0.387850
3.100000,-1.100000,0.376950
3.200000,-1.100000,0.360824
3.300000,-1.100000,0.339342
3.400000,-1.100000,
3.500000,-1.100000,
-3.500000,-1.000000,
-3.400000,-1.000000,
-3.300000,-1.000000,0.450205
-3.200000,-1.000000,0.396553
-3.100000,-1.000000,0.335077
-3.000000,-1.000000,0.264861
-2.900000,-1.000000,0.251124
-2.800000,-1.000000,0.250473
-2.700000,-1.000000,0.253938
-2.600000,-1.000000,0.264578
-2.500000,-1.000000,0.266296
-2.400000,-1.000000,0.259134
-2.300000,-1.000000,0.242919
-2.200000,-1.000000,0.217243
-2.100000,-1.000000,0.181410
-2.000000,-1.000000,0.197296
-1.900000,-1.000000,0.218080
-1.800000,-1.000000,0.233227
-1.700000,-1.000000,0.242874
-1.600000,-1.000000,0.247108
-1.500000,-1.000000,0.245965
-1.400000,-1.000000,0.239436
-1.300000,-1.000000,0.227462
-1.200000,-1.000000,0.209938
-1.100000,-1.000000,0.186700
-1.000000,-1.000000,0.157524
-0.900000,-1.000000,0.122111
-0.800000,-1.000000,0.080071
-0.700000,-1.000000,0.030894
-0.600000,-1.000000,-0.026082
-0.500000,-1.000000,-0.091731
-0.400000,-1.000000,-0.167234
-0.300000,-1.000000,-0.254231
-0.200000,-1.000000,-0.355100
-0.100000,-1.000000,-0.473515
0.000000,-1.000000,-0.615697
0.100000,-1.000000,-0.501573
0.200000,-1.000000,-0.380463
0.300000,-1.000000,-0.277680
0.400000,-1.000000,-0.189252
0.500000,-1.000000,-0.112642
0.600000,-1.000000,-0.046118
0.700000,-1.000000,0.011560
0.800000,-1.000000,0.061304
0.900000,-1.000000,0.103803
1.000000,-1.000000,0.139586
1.100000,-1.000000,0.169055
1.200000,-1.000000,0.192519
1.300000,-1.000000,0.210211
1.400000,-1.000000,0.222297
1.500000,-1.000000,0.228887
1.600000,-1.000000,0.230040
1.700000,-1.000000,0.225767
1.800000,-1.000000,0.216030
1.900000,-1.000000,0.200740
2.000000,-1.000000,0.188641
2.100000,-1.000000,0.232750
2.200000,-1.000000,0.270391
2.300000,-1.000000,0.301953
2.400000,-1.000000,0.327738
2.500000,-1.000000,0.347981
2.600000,-1.000000,0.362854
2.700000,-1.000000,0.372481
2.800000,-1.000000,0.376939
2.900000,-1.000000,0.376264
3.000000,-1.000000,0.370451
3.100000,-1.000000,0.359452
3.200000,-1.000000,0.343180
3.300000,-1.000000,0.321498
3.400000,-1.000000,
3.500000,-1.000000,
-3.500000,-0.900000,
-3.400000,-0.900000,
-3.300000,-0.900000,0.464918
-3.200000,-0.900000,0.411725
-3.100000,-0.900000,0.350812
-3.000000,-0.900000,0.281291
-2.900000,-0.900000,0.227948
-2.800000,-0.900000,0.227290
-2.700000,-0.900000,0.221425
-2.600000,-0.900000,0.210308
-2.500000,-0.900000,0.193844
-2.400000,-0.900000,0.171893
-2.300000,-0.900000,0.152478
-2.200000,-0.900000,0.190480
-2.100000,-0.900000,0.222262
-2.000000,-0.900000,0.248143
-1.900000,-0.900000,0.268366
-1.800000,-0.900000,0.283111
-1.700000,-0.900000,0.292506
-1.600000,-0.900000,0.296630
-1.500000,-0.900000,0.295517
-1.400000,-0.900000,0.289157
-1.300000,-0.900000,0.277499
-1.200000,-0.900000,0.260442
-1.100000,-0.900000,0.237838
-1.000000,-0.900000,0.209480
-0.900000,-0.900000,0.175096
-0.800000,-0.900000,0.134329
-0.700000,-0.900000,0.086721
-0.600000,-0.900000,0.031679
-0.500000,-0.900000,-0.031573
-0.400000,-0.900000,-0.104066
-0.300000,-0.900000,-0.187207
-0.200000,-0.900000,-0.282989
-0.100000,-0.900000,-0.394386
0.000000,-0.900000,-0.526182
0.100000,-0.900000,-0.417939
0.200000,-0.900000,-0.304539
0.300000,-0.900000,-0.207290
0.400000,-0.900000,-0.123029
0.500000,-0.900000,-0.049658
0.600000,-0.900000,0.014296
0.700000,-0.900000,0.069906
0.800000,-0.900000,0.117976
0.900000,-0.900000,0.159118
1.000000,-0.900000,0.193806
1.100000,-0.900000,0.222405
1.200000,-0.900000,0.245197
1.300000,-0.900000,0.262392
1.400000,-0.900000,0.274144
1.500000,-0.900000,0.280554
1.600000,-0.900000,0.281676
1.700000,-0.900000,0.277520
1.800000,-0.900000,0.268050
1.900000,-0.900000,0.253186
2.000000,-0.900000,0.232797
2.100000,-0.900000,0.208237
2.200000,-0.900000,0.246385
2.300000,-0.900000,0.278356
2.400000,-0.900000,0.304466
2.500000,-0.900000,0.324956
2.600000,-0.900000,0.340009
2.700000,-0.900000,0.349750
2.800000,-0.900000,0.354260
2.900000,-0.900000,0.353578
3.000000,-0.900000,0.347696
3.100000,-0.900000,0.336566
3.200000,-0.900000,0.320097
3.300000,-0.900000,0.298147
3.400000,-0.900000,
3.500000,-0.900000,
-3.500000,-0.800000,
-3.400000,-0.800000,0.223607
-3.300000,-0.800000,0.473903
-3.200000,-0.800000,0.420987
-3.100000,-0.800000,0.360412
-3.000000,-0.800000,0.291309
-2.900000,-0.800000,0.212515
-2.800000,-0.800000,0.198555
-2.700000,-0.800000,0.192602
-2.600000,-0.800000,0.181314
-2.500000,-0.800000,0.164593
-2.400000,-0.800000,0.155614
-2.300000,-0.800000,0.199073
-2.200000,-0.800000,0.236118
-2.100000,-0.800000,0.267130
-2.000000,-0.800000,0.292402
-1.900000,-0.800000,0.312160
-1.800000,-0.800000,0.326573
-1.700000,-0.800000,0.335758
-1.600000,-0.800000,0.339791
-1.500000,-0.800000,0.338702
-1.400000,-0.800000,0.332484
-1.300000,-0.800000,0.321086
-1.200000,-0.800000,0.304417
-1.100000,-0.800000,0.282337
-1.000000,-0.800000,0.254654
-0.900000,-0.800000,0.221116
-0.800000,-0.800000,0.181395
-0.700000,-0.800000,0.135068
-0.600000,-0.800000,0.081595
-0.500000,-0.800000,0.020276
-0.400000,-0.800000,-0.049813
-0.300000,-0.800000,-0.129913
-0.200000,-0.800000,-0.221750
-0.100000,-0.800000,-0.327834
0.000000,-0.800000,-0.452059
0.100000,-0.800000,-0.347649
0.200000,-0.800000,-0.240036
0.300000,-0.800000,-0.147055
0.400000,-0.800000,-0.066069
0.500000,-0.800000,0.004723
0.600000,-0.800000,0.066610
0.700000,-0.800000,0.120544
0.800000,-0.800000,0.167248
0.900000,-0.800000,0.207278
1.000000,-0.800000,0.241066
1.100000,-0.800000,0.268948
1.200000,-0.800000,0.291183
1.300000,-0.800000,0.307967
1.400000,-0.800000,0.319442
1.500000,-0.800000,0.325703
1.600000,-0.800000,0.326799
1.700000,-0.800000,0.322739
1.800000,-0.800000,0.313491
1.900000,-0.800000,0.298980
2.000000,-0.800000,0.279084
2.100000,-0.800000,0.253632
2.200000,-0.800000,0.222393
2.300000,-0.800000,0.248974
2.400000,-0.800000,0.275499
2.500000,-0.800000,0.296308
2.600000,-0.800000,0.311589
2.700000,-0.800000,0.321476
2.800000,-0.800000,0.326054
2.900000,-0.800000,0.325361
3.000000,-0.800000,0.319391
3.100000,-0.800000,0.308094
3.200000,-0.800000,0.291374
3.300000,-0.800000,0.269082
3.400000,-0.800000,0.223607
3.500000,-0.800000,
-3.500000,-0.700000,
-3.400000,-0.700000,0.447214
-3.300000,-0.700000,0.477249
-3.200000,-0.700000,0.424434
-3.100000,-0.700000,0.363985
-3.000000,-0.700000,0.295036
-2.900000,-0.700000,0.216434
-2.800000,-0.700000,0.164013
-2.700000,-0.700000,0.157949
-2.600000,-0.700000,0.146449
-2.500000,-0.700000,0.147430
-2.400000,-0.700000,0.196615
-2.300000,-0.700000,0.239113
-2.200000,-0.700000,0.275374
-2.100000,-0.700000,0.305751
-2.000000,-0.700000,0.330522
-1.900000,-0.700000,0.349896
-1.800000,-0.700000,0.364034
-1.700000,-0.700000,0.373047
-1.600000,-0.700000,0.377004
-1.500000,-0.700000,0.375936
-1.400000,-0.700000,0.369834
-1.300000,-0.700000,0.358652
-1.200000,-0.700000,0.342302
-1.100000,-0.700000,0.320655
-1.000000,-0.700000,0.293529
-0.900000,-0.700000,0.260686
-0.800000,-0.700000,0.221820
-0.700000,-0.700000,0.176540
-0.600000,-0.700000,0.124343
-0.500000,-0.700000,0.064585
-0.400000,-0.700000,-0.003575
-0.300000,-0.700000,-0.081258
-0.200000,-0.700000,-0.169998
-0.100000,-0.700000,-0.271986
0.000000,-0.700000,-0.390531
0.100000,-0.700000,-0.288580
0.200000,-0.700000,-0.185407
0.300000,-0.700000,-0.095767
0.400000,-0.700000,-0.017379
0.500000,-0.700000,0.051345
0.600000,-0.700000,0.111561
0.700000,-0.700000,0.164133
0.800000,-0.700000,0.209721
0.900000,-0.700000,0.248839
1.000000,-0.700000,0.281887
1.100000,-0.700000,0.309177
1.200000,-0.700000,0.330952
1.300000,-0.700000,0.347396
1.400000,-0.700000,0.358642
1.500000,-0.700000,0.364778
1.600000,-0.700000,0.365853
1.700000,-0.700000,0.361873
1.800000,-0.700000,0.352809
1.900000,-0.700000,0.338590
2.000000,-0.700000,0.319102
2.100000,-0.700000,0.294184
2.200000,-0.700000,0.263619
2.300000,-0.700000,0.227127
2.400000,-0.700000,0.240567
2.500000,-0.700000,0.261771
2.600000,-0.700000,0.277337
2.700000,-0.700000,0.287407
2.800000,-0.700000,0.292068
2.900000,-0.700000,0.291363
3.000000,-0.700000,0.285284
3.100000,-0.700000,0.273778
3.200000,-0.700000,0.256744
3.300000,-0.700000,0.234025
3.400000,-0.700000,0.205403
3.500000,-0.700000,
-3.500000,-0.600000,
-3.400000,-0.600000,0.520882
-3.300000,-0.600000,0.474985
-3.200000,-0.600000,0.422102
-3.100000,-0.600000,0.361568
-3.000000,-0.600000,0.292515
-2.900000,-0.600000,0.213783
-2.800000,-0.600000,0.123775
-2.700000,-0.600000,0.117133
-2.600000,-0.600000,0.127766
-2.500000,-0.600000,0.183063
-2.400000,-0.600000,0.231299
-2.300000,-0.600000,0.273016
-2.200000,-0.600000,0.308638
-2.100000,-0.600000,0.338498
-2.000000,-0.600000,0.362858
-1.900000,-0.600000,0.381919
-1.800000,-0.600000,0.395832
-1.700000,-0.600000,0.404703
-1.600000,-0.600000,0.408598
-1.500000,-0.600000,0.407546
-1.400000,-0.600000,0.401540
-1.300000,-0.600000,0.390535
-1.200000,-0.600000,0.374447
-1.100000,-0.600000,0.353153
-1.000000,-0.600000,0.326481
-0.900000,-0.600000,0.294206
-0.800000,-0.600000,0.256037
-0.700000,-0.600000,0.211605
-0.600000,-0.600000,0.160439
-0.500000,-0.600000,0.101938
-0.400000,-0.600000,0.035322
-0.300000,-0.600000,-0.040439
-0.200000,-0.600000,-0.126743
-0.100000,-0.600000,-0.225552
0.000000,-0.600000,-0.339771
0.100000,-0.600000,-0.239284
0.200000,-0.600000,-0.139555
0.300000,-0.600000,-0.052544
0.400000,-0.600000,0.023777
0.500000,-0.600000,0.090843
0.600000,-0.600000,0.149712
0.700000,-0.600000,0.201179
0.800000,-0.600000,0.245860
0.900000,-0.600000,0.284234
1.000000,-0.600000,0.316676
1.100000,-0.600000,0.343481
1.200000,-0.600000,0.364879
1.300000,-0.600000,0.381043
1.400000,-0.600000,0.392101
1.500000,-0.600000,0.398135
1.600000,-0.600000,0.399191
1.700000,-0.600000,0.395278
1.800000,-0.600000,0.386366
1.900000,-0.600000,0.372387
2.000000,-0.600000,0.353233
2.100000,-0.600000,0.328753
2.200000,-0.600000,0.298741
2.300000,-0.600000,0.262931
2.400000,-0.600000,0.220985
2.500000,-0.600000,0.221007
2.600000,-0.600000,0.236924
2.700000,-0.600000,0.247217
2.800000,-0.600000,0.251981
2.900000,-0.600000,0.251260
3.000000,-0.600000,0.245047
3.100000,-0.600000,0.233285
3.200000,-0.600000,0.215866
3.300000,-0.600000,0.192621
3.400000,-0.600000,0.163316
3.500000,-0.600000,
-3.500000,-0.500000,
-3.400000,-0.500000,0.513188
-3.300000,-0.500000,0.467092
-3.200000,-0.500000,0.413966
-3.100000,-0.500000,0.353136
-3.000000,-0.500000,0.283716
-2.900000,-0.500000,0.204526
-2.800000,-0.500000,0.113932
-2.700000,-0.500000,0.096228
-2.600000,-0.500000,0.158161
-2.500000,-0.500000,0.212538
-2.400000,-0.500000,0.260016
-2.300000,-0.500000,0.301108
-2.200000,-0.500000,0.336216
-2.100000,-0.500000,0.365661
-2.000000,-0.500000,0.389691
-1.900000,-0.500000,0.408499
-1.800000,-0.500000,0.422230
-1.700000,-0.500000,0.430987
-1.600000,-0.500000,0.434832
-1.500000,-0.500000,0.433794
-1.400000,-0.500000,0.427865
-1.300000,-0.500000,0.417002
-1.200000,-0.500000,0.401126
-1.100000,-0.500000,0.380117
-1.000000,-0.500000,0.353810
-0.900000,-0.500000,0.321990
-0.800000,-0.500000,0.284380
-0.700000,-0.500000,0.240626
-0.600000,-0.500000,0.190284
-0.500000,-0.500000,0.132783
-0.400000,-0.500000,0.067389
-0.300000,-0.500000,-0.006861
-0.200000,-0.500000,-0.091261
-0.100000,-0.500000,-0.187611
0.000000,-0.500000,-0.298533
0.100000,-0.500000,-0.198740
0.200000,-0.500000,-0.101682
0.300000,-0.500000,-0.016732
0.400000,-0.500000,0.057955
0.500000,-0.500000,0.123704
0.600000,-0.500000,0.181496
0.700000,-0.500000,0.232077
0.800000,-0.500000,0.276028
0.900000,-0.500000,0.313801
1.000000,-0.500000,0.345754
1.100000,-0.500000,0.372167
1.200000,-0.500000,0.393260
1.300000,-0.500000,0.409197
1.400000,-0.500000,0.420102
1.500000,-0.500000,0.426053
1.600000,-0.500000,0.427095
1.700000,-0.500000,0.423235
1.800000,-0.500000,0.414446
1.900000,-0.500000,0.400662
2.000000,-0.500000,0.381780
2.100000,-0.500000,0.357653
2.200000,-0.500000,0.328088
2.300000,-0.500000,0.292829
2.400000,-0.500000,0.251556
2.500000,-0.500000,0.203857
2.600000,-0.500000,0.189925
2.700000,-0.500000,0.200490
2.800000,-0.500000,0.205380
2.900000,-0.500000,0.204640
3.000000,-0.500000,0.198263
3.100000,-0.500000,0.186189
3.200000,-0.500000,0.168298
3.300000,-0.500000,0.144410
3.400000,-0.500000,0.114268
3.500000,-0.500000,
-3.500000,-0.400000,
-3.400000,-0.400000,0.499936
-3.300000,-0.400000,0.453493
-3.200000,-0.400000,0.399944
-3.100000,-0.400000,0.338595
-3.000000,-0.400000,0.268536
-2.900000,-0.400000,0.188542
-2.800000,-0.400000,0.096917
-2.700000,-0.400000,0.121422
-2.600000,-0.400000,0.182488
-2.500000,-0.400000,0.236150
-2.400000,-0.400000,0.283037
-2.300000,-0.400000,0.323641
-2.200000,-0.400000,0.358349
-2.100000,-0.400000,0.387468
-2.000000,-0.400000,0.411239
-1.900000,-0.400000,0.429849
-1.800000,-0.400000,0.443438
-1.700000,-0.400000,0.452104
-1.600000,-0.400000,0.455910
-1.500000,-0.400000,0.454882
-1.400000,-0.400000,0.449014
-1.300000,-0.400000,0.438263
-1.200000,-0.400000,0.422553
-1.100000,-0.400000,0.401767
-1.000000,-0.400000,0.375747
-0.900000,-0.400000,0.344283
-0.800000,-0.400000,0.307109
-0.700000,-0.400000,0.263885
-0.600000,-0.400000,0.214183
-0.500000,-0.400000,0.157458
-0.400000,-0.400000,0.093009
-0.300000,-0.400000,0.019923
-0.200000,-0.400000,-0.063019
-0.100000,-0.400000,-0.157500
0.000000,-0.400000,-0.265943
0.100000,-0.400000,-0.166214
0.200000,-0.400000,-0.071200
0.300000,-0.400000,0.012159
0.400000,-0.400000,0.085578
0.500000,-0.400000,0.150298
0.600000,-0.400000,0.207246
0.700000,-0.400000,0.257132
0.800000,-0.400000,0.300508
0.900000,-0.400000,0.337808
1.000000,-0.400000,0.369374
1.100000,-0.400000,0.395477
1.200000,-0.400000,0.416327
1.300000,-0.400000,0.432085
1.400000,-0.400000,0.442868
1.500000,-0.400000,0.448754
1.600000,-0.400000,0.449784
1.700000,-0.400000,0.445967
1.800000,-0.400000,0.437275
1.900000,-0.400000,0.423645
2.000000,-0.400000,0.404978
2.100000,-0.400000,0.381132
2.200000,-0.400000,0.351919
2.300000,-0.400000,0.317096
2.400000,-0.400000,0.276352
2.500000,-0.400000,0.229295
2.600000,-0.400000,0.175428
2.700000,-0.400000,0.146695
2.800000,-0.400000,0.151736
2.900000,-0.400000,0.150973
3.000000,-0.400000,0.144398
3.100000,-0.400000,0.131942
3.200000,-0.400000,0.113476
3.300000,-0.400000,0.105359
3.400000,-0.400000,0.162839
3.500000,-0.400000,
-3.500000,-0.300000,
-3.400000,-0.300000,0.481003
-3.300000,-0.300000,0.434055
-3.200000,-0.300000,0.379889
-3.100000,-0.300000,0.317783
-3.000000,-0.300000,0.246786
-2.900000,-0.300000,0.165611
-2.800000,-0.300000,0.072464
-2.700000,-0.300000,0.140568
-2.600000,-0.300000,0.200990
-2.500000,-0.300000,0.254121
-2.400000,-0.300000,0.300568
-2.300000,-0.300000,0.340807
-2.200000,-0.300000,0.375216
-2.100000,-0.300000,0.404092
-2.000000,-0.300000,0.427669
-1.900000,-0.300000,0.446131
-1.800000,-0.300000,0.459613
-1.700000,-0.300000,0.468212
-1.600000,-0.300000,0.471989
-1.500000,-0.300000,0.470969
-1.400000,-0.300000,0.465146
-1.300000,-0.300000,0.454479
-1.200000,-0.300000,0.438893
-1.100000,-0.300000,0.418274
-1.000000,-0.300000,0.392468
-0.900000,-0.300000,0.361270
-0.800000,-0.300000,0.324422
-0.700000,-0.300000,0.281593
-0.600000,-0.300000,0.232367
-0.500000,-0.300000,0.176218
-0.400000,-0.300000,0.112469
-0.300000,-0.300000,0.040244
-0.200000,-0.300000,-0.041627
-0.100000,-0.300000,-0.134741
0.000000,-0.300000,-0.241386
0.100000,-0.300000,-0.141173
0.200000,-0.300000,-0.047677
0.300000,-0.300000,0.034493
0.400000,-0.300000,0.106960
0.500000,-0.300000,0.170905
0.600000,-0.300000,0.227216
0.700000,-0.300000,0.276575
0.800000,-0.300000,0.319515
0.900000,-0.300000,0.356455
1.000000,-0.300000,0.387727
1.100000,-0.300000,0.413594
1.200000,-0.300000,0.434260
1.300000,-0.300000,0.449881
1.400000,-0.300000,0.460571
1.500000,-0.300000,0.466407
1.600000,-0.300000,0.467429
1.700000,-0.300000,0.463644
1.800000,-0.300000,0.455026
1.900000,-0.300000,0.441514
2.000000,-0.300000,0.423011
2.100000,-0.300000,0.399378
2.200000,-0.300000,0.370434
2.300000,-0.300000,0.335941
2.400000,-0.300000,0.295600
2.500000,-0.300000,0.249029
2.600000,-0.300000,0.195749
2.700000,-0.300000,0.135146
2.800000,-0.300000,0.090370
2.900000,-0.300000,0.089579
3.000000,-0.300000,0.082759
3.100000,-0.300000,0.069836
3.200000,-0.300000,0.113260
3.300000,-0.300000,0.177185
3.400000,-0.300000,0.231986
3.500000,-0.300000,
-3.500000,-0.200000,
-3.400000,-0.200000,0.456205
-3.300000,-0.200000,0.408579
-3.200000,-0.200000,0.353582
-3.100000,-0.200000,0.290454
-3.000000,-0.200000,0.218185
-2.900000,-0.200000,0.135402
-2.800000,-0.200000,0.085900
-2.700000,-0.200000,0.153861
-2.600000,-0.200000,0.213843
-2.500000,-0.200000,0.266612
-2.400000,-0.200000,0.312758
-2.300000,-0.200000,0.352748
-2.200000,-0.200000,0.386951
-2.100000,-0.200000,0.415660
-2.000000,-0.200000,0.439105
-1.900000,-0.200000,0.457465
-1.800000,-0.200000,0.470873
-1.700000,-0.200000,0.479426
-1.600000,-0.200000,0.483183
-1.500000,-0.200000,0.482169
-1.400000,-0.200000,0.476377
-1.300000,-0.200000,0.465767
-1.200000,-0.200000,0.450266
-1.100000,-0.200000,0.429762
-1.000000,-0.200000,0.404103
-0.900000,-0.200000,0.373088
-0.800000,-0.200000,0.336463
-0.700000,-0.200000,0.293904
-0.600000,-0.200000,0.245004
-0.500000,-0.200000,0.189248
-0.400000,-0.200000,0.125977
-0.300000,-0.200000,0.054336
-0.200000,-0.200000,-0.026807
-0.100000,-0.200000,-0.118999
0.000000,-0.200000,-0.224435
0.100000,-0.200000,-0.123242
0.200000,-0.200000,-0.030804
0.300000,-0.200000,0.050534
0.400000,-0.200000,0.122331
0.500000,-0.200000,0.185730
0.600000,-0.200000,0.241592
0.700000,-0.200000,0.290579
0.800000,-0.200000,0.333210
0.900000,-0.200000,0.369895
1.000000,-0.200000,0.400959
1.100000,-0.200000,0.426658
1.200000,-0.200000,0.447192
1.300000,-0.200000,0.462716
1.400000,-0.200000,0.473341
1.500000,-0.200000,0.479141
1.600000,-0.200000,0.480157
1.700000,-0.200000,0.476395
1.800000,-0.200000,0.467830
1.900000,-0.200000,0.454401
2.000000,-0.200000,0.436014
2.100000,-0.200000,0.412534
2.200000,-0.200000,0.383780
2.300000,-0.200000,0.349522
2.400000,-0.200000,0.309465
2.500000,-0.200000,0.263238
2.600000,-0.200000,0.210373
2.700000,-0.200000,0.150272
2.800000,-0.200000,0.082168
2.900000,-0.200000,0.019562
3.000000,-0.200000,0.024866
3.100000,-0.200000,0.107046
3.200000,-0.200000,0.177989
3.300000,-0.200000,0.239241
3.400000,-0.200000,0.291916
3.500000,-0.200000,
-3.500000,-0.100000,
-3.400000,-0.100000,0.425291
-3.300000,-0.100000,0.376791
-3.200000,-0.100000,0.320721
-3.100000,-0.100000,0.256266
-3.000000,-0.100000,0.182339
-2.900000,-0.100000,0.097445
-2.800000,-0.100000,0.093774
-2.700000,-0.100000,0.161433
-2.600000,-0.100000,0.221168
-2.500000,-0.100000,0.273732
-2.400000,-0.100000,0.319708
-2.300000,-0.100000,0.359557
-2.200000,-0.100000,0.393645
-2.100000,-0.100000,0.422259
-2.000000,-0.100000,0.445629
-1.900000,-0.100000,0.463931
-1.800000,-0.100000,0.477298
-1.700000,-0.100000,0.485825
-1.600000,-0.100000,0.489570
-1.500000,-0.100000,0.488559
-1.400000,-0.100000,0.482785
-1.300000,-0.100000,0.472208
-1.200000,-0.100000,0.456755
-1.100000,-0.100000,0.436316
-1.000000,-0.100000,0.410740
-0.900000,-0.100000,0.379828
-0.800000,-0.100000,0.343329
-0.700000,-0.100000,0.300923
-0.600000,-0.100000,0.252207
-0.500000,-0.100000,0.196673
-0.400000,-0.100000,0.133670
-0.300000,-0.100000,0.062358
-0.200000,-0.100000,-0.018378
-0.100000,-0.100000,-0.110053
0.000000,-0.100000,-0.214815
0.100000,-0.100000,-0.112165
0.200000,-0.100000,-0.020369
0.300000,-0.100000,0.060462
0.400000,-0.100000,0.131851
0.500000,-0.100000,0.194917
0.600000,-0.100000,0.250503
0.700000,-0.100000,0.299262
0.800000,-0.100000,0.341704
0.900000,-0.100000,0.378232
1.000000,-0.100000,0.409168
1.100000,-0.100000,0.434764
1.200000,-0.100000,0.455219
1.300000,-0.100000,0.470683
1.400000,-0.100000,0.481267
1.500000,-0.100000,0.487046
1.600000,-0.100000,0.488057
1.700000,-0.100000,0.484310
1.800000,-0.100000,0.475777
1.900000,-0.100000,0.462400
2.000000,-0.100000,0.444084
2.100000,-0.100000,0.420697
2.200000,-0.100000,0.392060
2.300000,-0.100000,0.357945
2.400000,-0.100000,0.318063
2.500000,-0.100000,0.272047
2.600000,-0.100000,0.219436
2.700000,-0.100000,0.159642
2.800000,-0.100000,0.091912
2.900000,-0.100000,0.015257
3.000000,-0.100000,0.086529
3.100000,-0.100000,0.165271
3.200000,-0.100000,0.233535
3.300000,-0.100000,0.292662
3.400000,-0.100000,0.343634
3.500000,-0.100000,
-3.500000,0.000000,0.000000
-3.400000,0.000000,0.387926
-3.300000,0.000000,0.338325
-3.200000,0.000000,0.280898
-3.100000,0.000000,0.214758
-3.000000,0.000000,0.138710
-2.900000,0.000000,0.051092
-2.800000,0.000000,0.095774
-2.700000,0.000000,0.163357
-2.600000,0.000000,0.223030
-2.500000,0.000000,0.275542
-2.400000,0.000000,0.321475
-2.300000,0.000000,0.361289
-2.200000,0.000000,0.395347
-2.100000,0.000000,0.423937
-2.000000,0.000000,0.447288
-1.900000,0.000000,0.465576
-1.800000,0.000000,0.478932
-1.700000,0.000000,0.487453
-1.600000,0.000000,0.491195
-1.500000,0.000000,0.490184
-1.400000,0.000000,0.484415
-1.300000,0.000000,0.473846
-1.200000,0.000000,0.458406
-1.100000,0.000000,0.437983
-1.000000,0.000000,0.412427
-0.900000,0.000000,0.381542
-0.800000,0.000000,0.345075
-0.700000,0.000000,0.302707
-0.600000,0.000000,0.254038
-0.500000,0.000000,0.198560
-0.400000,0.000000,0.135625
-0.300000,0.000000,0.064396
-0.200000,0.000000,-0.016237
-0.100000,0.000000,-0.107782
0.000000,0.000000,-0.212374
0.100000,0.000000,-0.107792
0.200000,0.000000,-0.016247
0.300000,0.000000,0.064386
0.400000,0.000000,0.135615
0.500000,0.000000,0.198550
0.600000,0.000000,0.254028
0.700000,0.000000,0.302697
0.800000,0.000000,0.345065
0.900000,0.000000,0.381532
1.000000,0.000000,0.412417
1.100000,0.000000,0.437973
1.200000,0.000000,0.458396
1.300000,0.000000,0.473836
1.400000,0.000000,0.484405
1.500000,0.000000,0.490174
1.600000,0.000000,0.491185
1.700000,0.000000,0.487443
1.800000,0.000000,0.478922
1.900000,0.000000,0.465566
2.000000,0.000000,0.447278
2.100000,0.000000,0.423927
2.200000,0.000000,0.395337
2.300000,0.000000,0.361279
2.400000,0.000000,0.321465
2.500000,0.000000,0.275532
2.600000,0.000000,0.223020
2.700000,0.000000,0.163347
2.800000,0.000000,0.095764
2.900000,0.000000,0.051059
3.000000,0.000000,0.138677
3.100000,0.000000,0.214724
3.200000,0.000000,0.280863
3.300000,0.000000,0.338290
3.400000,0.000000,0.387890
3.500000,0.000000,
-3.500000,0.100000,
-3.400000,0.100000,0.343673
-3.300000,0.100000,0.292701
-3.200000,0.100000,0.233573
-3.100000,0.100000,0.165309
-3.000000,0.100000,0.086566
-2.900000,0.100000,0.015266
-2.800000,0.100000,0.091922
-2.700000,0.100000,0.159652
-2.600000,0.100000,0.219446
-2.500000,0.100000,0.272057
-2.400000,0.100000,0.318073
-2.300000,0.100000,0.357955
-2.200000,0.100000,0.392070
-2.100000,0.100000,0.420707
-2.000000,0.100000,0.444094
-1.900000,0.100000,0.462410
-1.800000,0.100000,0.475787
-1.700000,0.100000,0.484320
-1.600000,0.100000,0.488067
-1.500000,0.100000,0.487056
-1.400000,0.100000,0.481277
-1.300000,0.100000,0.470693
-1.200000,0.100000,0.455229
-1.100000,0.100000,0.434774
-1.000000,0.100000,0.409178
-0.900000,0.100000,0.378242
-0.800000,0.100000,0.341714
-0.700000,0.100000,0.299272
-0.600000,0.100000,0.250513
-0.500000,0.100000,0.194927
-0.400000,0.100000,0.131861
-0.300000,0.100000,0.060472
-0.200000,0.100000,-0.020359
-0.100000,0.100000,-0.112155
0.000000,0.100000,-0.214825
0.100000,0.100000,-0.110063
0.200000,0.100000,-0.018388
0.300000,0.100000,0.062348
0.400000,0.100000,0.133660
0.500000,0.100000,0.196663
0.600000,0.100000,0.252197
0.700000,0.100000,0.300913
0.800000,0.100000,0.343319
0.900000,0.100000,0.379818
1.000000,0.100000,0.410730
1.100000,0.100000,0.436306
1.200000,0.100000,0.456745
1.300000,0.100000,0.472198
1.400000,0.100000,0.482775
1.500000,0.100000,0.488549
1.600000,0.100000,0.489560
1.700000,0.100000,0.485815
1.800000,0.100000,0.477288
1.900000,0.100000,0.463921
2.000000,0.100000,0.445619
2.100000,0.100000,0.422249
2.200000,0.100000,0.393635
2.300000,0.100000,0.359547
2.400000,0.100000,0.319698
2.500000,0.100000,0.273722
2.600000,0.100000,0.221158
2.700000,0.100000,0.161423
2.800000,0.100000,0.093764
2.900000,0.100000,0.097416
3.000000,0.100000,0.182310
3.100000,0.100000,0.256236
3.200000,0.100000,0.320689
3.300000,0.100000,0.376759
3.400000,0.100000,0.425258
3.500000,0.100000,
-3.500000,0.200000,
-3.400000,0.200000,0.291959
-3.300000,0.200000,0.239283
-3.200000,0.200000,0.178031
-3.100000,0.200000,0.107088
-3.000000,0.200000,0.024908
-2.900000,0.200000,0.019527
-2.800000,0.200000,0.082178
-2.700000,0.200000,0.150282
-2.600000,0.200000,0.210383
-2.500000,0.200000,0.263248
-2.400000,0.200000,0.309475
-2.300000,0.200000,0.349532
-2.200000,0.200000,0.383790
-2.100000,0.200000,0.412544
-2.000000,0.200000,0.436024
-1.900000,0.200000,0.454411
-1.800000,0.200000,0.467840
-1.700000,0.200000,0.476405
-1.600000,0.200000,0.480167
-1.500000,0.200000,0.479151
-1.400000,0.200000,0.473351
-1.300000,0.200000,0.462726
-1.200000,0.200000,0.447202
-1.100000,0.200000,0.426667
-1.000000,0.200000,0.400968
-0.900000,0.200000,0.369905
-0.800000,0.200000,0.333220
-0.700000,0.200000,0.290588
-0.600000,0.200000,0.241602
-0.500000,0.200000,0.185740
-0.400000,0.200000,0.122341
-0.300000,0.200000,0.050544
-0.200000,0.200000,-0.030794
-0.100000,0.200000,-0.123232
0.000000,0.200000,-0.224445
0.100000,0.200000,-0.119009
0.200000,0.200000,-0.026817
0.300000,0.200000,0.054326
0.400000,0.200000,0.125967
0.500000,0.200000,0.189238
0.600000,0.200000,0.244994
0.700000,0.200000,0.293894
0.800000,0.200000,0.336453
0.900000,0.200000,0.373078
1.000000,0.200000,0.404093
1.100000,0.200000,0.429752
1.200000,0.200000,0.450256
1.300000,0.200000,0.465757
1.400000,0.200000,0.476367
1.500000,0.200000,0.482159
1.600000,0.200000,0.483173
1.700000,0.200000,0.479416
1.800000,0.200000,0.470863
1.900000,0.200000,0.457455
2.000000,0.200000,0.439095
2.100000,0.200000,0.415650
2.200000,0.200000,0.386941
2.300000,0.200000,0.352738
2.400000,0.200000,0.312748
2.500000,0.200000,0.266602
2.600000,0.200000,0.213834
2.700000,0.200000,0.153851
2.800000,0.200000,0.085890
2.900000,0.200000,0.135376
3.000000,0.200000,0.218159
3.100000,0.200000,0.290427
3.200000,0.200000,0.353554
3.300000,0.200000,0.408550
3.400000,0.200000,0.456175
3.500000,0.200000,
-3.500000,0.300000,
-3.400000,0.300000,0.232033
-3.300000,0.300000,0.177232
-3.200000,0.300000,0.113307
-3.100000,0.300000,0.069799
-3.000000,0.300000,0.082724
-2.900000,0.300000,0.089546
-2.800000,0.300000,0.090339
-2.700000,0.300000,0.135156
-2.600000,0.300000,0.195759
-2.500000,0.300000,0.249039
-2.400000,0.300000,0.295610
-2.300000,0.300000,0.335951
-2.200000,0.300000,0.370444
-2.100000,0.300000,0.399388
-2.000000,0.300000,0.423021
-1.900000,0.300000,0.441524
-1.800000,0.300000,0.455036
-1.700000,0.300000,0.463654
-1.600000,0.300000,0.467439
-1.500000,0.300000,0.466417
-1.400000,0.300000,0.460581
-1.300000,0.300000,0.449891
-1.200000,0.300000,0.434270
-1.100000,0.300000,0.413604
-1.000000,0.300000,0.387737
-0.900000,0.300000,0.356465
-0.800000,0.300000,0.319525
-0.700000,0.300000,0.276585
-0.600000,0.300000,0.227226
-0.500000,0.300000,0.170915
-0.400000,0.300000,0.106970
-0.300000,0.300000,0.034503
-0.200000,0.300000,-0.047667
-0.100000,0.300000,-0.141164
0.000000,0.300000,-0.241396
0.100000,0.300000,-0.134751
0.200000,0.300000,-0.041637
0.300000,0.300000,0.040234
0.400000,0.300000,0.112459
0.500000,0.300000,0.176208
0.600000,0.300000,0.232357
0.700000,0.300000,0.281583
0.800000,0.300000,0.324412
0.900000,0.300000,0.361260
1.000000,0.300000,0.392458
1.100000,0.300000,0.418264
1.200000,0.300000,0.438883
1.300000,0.300000,0.454469
1.400000,0.300000,0.465136
1.500000,0.300000,0.470959
1.600000,0.300000,0.471979
1.700000,0.300000,0.468202
1.800000,0.300000,0.459603
1.900000,0.300000,0.446121
2.000000,0.300000,0.427659
2.100000,0.300000,0.404082
2.200000,0.300000,0.375206
2.300000,0.300000,0.340797
2.400000,0.300000,0.300558
2.500000,0.300000,0.254111
2.600000,0.300000,0.200980
2.700000,0.300000,0.140558
2.800000,0.300000,0.072443
2.900000,0.300000,0.165589
3.000000,0.300000,0.246762
3.100000,0.300000,0.317759
3.200000,0.300000,0.379864
3.300000,0.300000,0.434029
3.400000,0.300000,0.480976
3.500000,0.300000,
-3.500000,0.400000,
-3.400000,0.400000,0.162891
-3.300000,0.400000,0.105410
-3.200000,0.400000,0.113439
-3.100000,0.400000,0.131907
-3.000000,0.400000,0.144365
-2.900000,0.400000,0.150942
-2.800000,0.400000,0.151707
-2.700000,0.400000,0.146667
-2.600000,0.400000,0.175438
-2.500000,0.400000,0.229305
-2.400000,0.400000,0.276362
-2.300000,0.400000,0.317106
-2.200000,0.400000,0.351929
-2.100000,0.400000,0.381142
-2.000000,0.400000,0.404988
-1.900000,0.400000,0.423655
-1.800000,0.400000,0.437284
-1.700000,0.400000,0.445977
-1.600000,0.400000,0.449794
-1.500000,0.400000,0.448764
-1.400000,0.400000,0.442878
-1.300000,0.400000,0.432095
-1.200000,0.400000,0.416337
-1.100000,0.400000,0.395486
-1.000000,0.400000,0.369384
-0.900000,0.400000,0.337817
-0.800000,0.400000,0.300518
-0.700000,0.400000,0.257142
-0.600000,0.400000,0.207256
-0.500000,0.400000,0.150308
-0.400000,0.400000,0.085588
-0.300000,0.400000,0.012169
-0.200000,0.400000,-0.071190
-0.100000,0.400000,-0.166204
0.000000,0.400000,-0.265953
0.100000,0.400000,-0.157510
0.200000,0.400000,-0.063029
0.300000,0.400000,0.019913
0.400000,0.400000,0.092999
0.500000,0.400000,0.157448
0.600000,0.400000,0.214173
0.700000,0.400000,0.263875
0.800000,0.400000,0.307099
0.900000,0.400000,0.344273
1.000000,0.400000,0.375737
1.100000,0.400000,0.401757
1.200000,0.400000,0.422543
1.300000,0.400000,0.438253
1.400000,0.400000,0.449004
1.500000,0.400000,0.454873
1.600000,0.400000,0.455900
1.700000,0.400000,0.452094
1.800000,0.400000,0.443428
1.900000,0.400000,0.429839
2.000000,0.400000,0.411229
2.100000,0.400000,0.387458
2.200000,0.400000,0.358339
2.300000,0.400000,0.323631
2.400000,0.400000,0.283027
2.500000,0.400000,0.236140
2.600000,0.400000,0.182478
2.700000,0.400000,0.121412
2.800000,0.400000,0.096900
2.900000,0.400000,0.188523
3.000000,0.400000,0.268516
3.100000,0.400000,0.338574
3.200000,0.400000,0.399922
3.300000,0.400000,0.453470
3.400000,0.400000,0.499912
3.500000,0.400000,
-3.500000,0.500000,
-3.400000,0.500000,0.114229
-3.300000,0.500000,0.144372
-3.200000,0.500000,0.168263
-3.100000,0.500000,0.186156
-3.000000,0.500000,0.198232
-2.900000,0.500000,0.204610
-2.800000,0.500000,0.205352
-2.700000,0.500000,0.200464
-2.600000,0.500000,0.189900
-2.500000,0.500000,0.203867
-2.400000,0.500000,0.251566
-2.300000,0.500000,0.292839
-2.200000,0.500000,0.328098
-2.100000,0.500000,0.357663
-2.000000,0.500000,0.381790
-1.900000,0.500000,0.400671
-1.800000,0.500000,0.414456
-1.700000,0.500000,0.423245
-1.600000,0.500000,0.427105
-1.500000,0.500000,0.426063
-1.400000,0.500000,0.420112
-1.300000,0.500000,0.409207
-1.200000,0.500000,0.393270
-1.100000,0.500000,0.372177
-1.000000,0.500000,0.345764
-0.900000,0.500000,0.313811
-0.800000,0.500000,0.276038
-0.700000,0.500000,0.232087
-0.600000,0.500000,0.181506
-0.500000,0.500000,0.123714
-0.400000,0.500000,0.057965
-0.300000,0.500000,-0.016722
-0.200000,0.500000,-0.101672
-0.100000,0.500000,-0.198730
0.000000,0.500000,-0.298543
0.100000,0.500000,-0.187621
0.200000,0.500000,-0.091271
0.300000,0.500000,-0.006871
0.400000,0.500000,0.067379
0.500000,0.500000,0.132773
0.600000,0.500000,0.190274
0.700000,0.500000,0.240617
0.800000,0.500000,0.284370
0.900000,0.500000,0.321980
1.000000,0.500000,0.353800
1.100000,0.500000,0.380107
1.200000,0.500000,0.401116
1.300000,0.500000,0.416992
1.400000,0.500000,0.427855
1.500000,0.500000,0.433784
1.600000,0.500000,0.434822
1.700000,0.500000,0.430977
1.800000,0.500000,0.422220
1.900000,0.500000,0.408489
2.000000,0.500000,0.389681
2.100000,0.500000,0.365651
2.200000,0.500000,0.336206
2.300000,0.500000,0.301098
2.400000,0.500000,0.260006
2.500000,0.500000,0.212528
2.600000,0.500000,0.158151
2.700000,0.500000,0.096218
2.800000,0.500000,0.113918
2.900000,0.500000,0.204511
3.000000,0.500000,0.283699
3.100000,0.500000,0.353117
3.200000,0.500000,0.413947
3.300000,0.500000,0.467072
3.400000,0.500000,0.513167
3.500000,0.500000,
-3.500000,0.600000,
-3.400000,0.600000,0.163279
-3.300000,0.600000,0.192585
-3.200000,0.600000,0.215832
-3.100000,0.600000,0.233254
-3.000000,0.600000,0.245017
-2.900000,0.600000,0.251232
-2.800000,0.600000,0.251955
-2.700000,0.600000,0.247192
-2.600000,0.600000,0.236901
-2.500000,0.600000,0.220986
-2.400000,0.600000,0.220995
-2.300000,0.600000,0.262941
-2.200000,0.600000,0.298750
-2.100000,0.600000,0.328763
-2.000000,0.600000,0.353243
-1.900000,0.600000,0.372397
-1.800000,0.600000,0.386375
-1.700000,0.600000,0.395288
-1.600000,0.600000,0.399201
-1.500000,0.600000,0.398145
-1.400000,0.600000,0.392111
-1.300000,0.600000,0.381053
-1.200000,0.600000,0.364889
-1.100000,0.600000,0.343491
-1.000000,0.600000,0.316686
-0.900000,0.600000,0.284243
-0.800000,0.600000,0.245870
-0.700000,0.600000,0.201189
-0.600000,0.600000,0.149722
-0.500000,0.600000,0.090853
-0.400000,0.600000,0.023787
-0.300000,0.600000,-0.052534
-0.200000,0.600000,-0.139545
-0.100000,0.600000,-0.239274
0.000000,0.600000,-0.339780
0.100000,0.600000,-0.225561
0.200000,0.600000,-0.126753
0.300000,0.600000,-0.040449
0.400000,0.600000,0.035312
0.500000,0.600000,0.101929
0.600000,0.600000,0.160429
0.700000,0.600000,0.211595
0.800000,0.600000,0.256027
0.900000,0.600000,0.294196
1.000000,0.600000,0.326471
1.100000,0.600000,0.353143
1.200000,0.600000,0.374437
1.300000,0.600000,0.390525
1.400000,0.600000,0.401530
1.500000,0.600000,0.407536
1.600000,0.600000,0.408588
1.700000,0.600000,0.404693
1.800000,0.600000,0.395822
1.900000,0.600000,0.381909
2.000000,0.600000,0.362848
2.100000,0.600000,0.338488
2.200000,0.600000,0.308628
2.300000,0.600000,0.273006
2.400000,0.600000,0.231289
2.500000,0.600000,0.183053
2.600000,0.600000,0.127757
2.700000,0.600000,0.117079
2.800000,0.600000,0.123764
2.900000,0.600000,0.213770
3.000000,0.600000,0.292501
3.100000,0.600000,0.361553
3.200000,0.600000,0.422086
3.300000,0.600000,0.474968
3.400000,0.600000,0.520863
3.500000,0.600000,
-3.500000,0.700000,
-3.400000,0.700000,0.205367
-3.300000,0.700000,0.233991
-3.200000,0.700000,0.256712
-3.100000,0.700000,0.273748
-3.000000,0.700000,0.285255
-2.900000,0.700000,0.291336
-2.800000,0.700000,0.292043
-2.700000,0.700000,0.287383
-2.600000,0.700000,0.277316
-2.500000,0.700000,0.261751
-2.400000,0.700000,0.240548
-2.300000,0.700000,0.227137
-2.200000,0.700000,0.263629
-2.100000,0.700000,0.294194
-2.000000,0.700000,0.319112
-1.900000,0.700000,0.338600
-1.800000,0.700000,0.352819
-1.700000,0.700000,0.361883
-1.600000,0.700000,0.365863
-1.500000,0.700000,0.364788
-1.400000,0.700000,0.358652
-1.300000,0.700000,0.347406
-1.200000,0.700000,0.330962
-1.100000,0.700000,0.309187
-1.000000,0.700000,0.281897
-0.900000,0.700000,0.248849
-0.800000,0.700000,0.209731
-0.700000,0.700000,0.164143
-0.600000,0.700000,0.111571
-0.500000,0.700000,0.051355
-0.400000,0.700000,-0.017369
-0.300000,0.700000,-0.095757
-0.200000,0.700000,-0.185397
-0.100000,0.700000,-0.288570
0.000000,0.700000,-0.390540
0.100000,0.700000,-0.271996
0.200000,0.700000,-0.170008
0.300000,0.700000,-0.081268
0.400000,0.700000,-0.003585
0.500000,0.700000,0.064575
0.600000,0.700000,0.124333
0.700000,0.700000,0.176530
0.800000,0.700000,0.221810
0.900000,0.700000,0.260676
1.000000,0.700000,0.293519
1.100000,0.700000,0.320645
1.200000,0.700000,0.342293
1.300000,0.700000,0.358642
1.400000,0.700000,0.369824
1.500000,0.700000,0.375926
1.600000,0.700000,0.376994
1.700000,0.700000,0.373037
1.800000,0.700000,0.364024
1.900000,0.700000,0.349886
2.000000,0.700000,0.330512
2.100000,0.700000,0.305742
2.200000,0.700000,0.275364
2.300000,0.700000,0.239103
2.400000,0.700000,0.196605
2.500000,0.700000,0.147420
2.600000,0.700000,0.146396
2.700000,0.700000,0.157896
2.800000,0.700000,0.163959
2.900000,0.700000,0.216425
3.000000,0.700000,0.295025
3.100000,0.700000,0.363972
3.200000,0.700000,0.424421
3.300000,0.700000,0.477234
3.400000,0.700000,0.447214
3.500000,0.700000,
-3.500000,0.800000,
-3.400000,0.800000,0.223607
-3.300000,0.800000,0.269049
-3.200000,0.800000,0.291343
-3.100000,0.800000,0.308065
-3.000000,0.800000,0.319364
-2.900000,0.800000,0.325335
-2.800000,0.800000,0.326030
-2.700000,0.800000,0.321454
-2.600000,0.800000,0.311568
-2.500000,0.800000,0.296289
-2.400000,0.800000,0.275482
-2.300000,0.800000,0.248959
-2.200000,0.800000,0.222403
-2.100000,0.800000,0.253642
-2.000000,0.800000,0.279094
-1.900000,0.800000,0.298990
-1.800000,0.800000,0.313501
-1.700000,0.800000,0.322749
-1.600000,0.800000,0.326808
-1.500000,0.800000,0.325713
-1.400000,0.800000,0.319452
-1.300000,0.800000,0.307977
-1.200000,0.800000,0.291193
-1.100000,0.800000,0.268958
-1.000000,0.800000,0.241076
-0.900000,0.800000,0.207288
-0.800000,0.800000,0.167258
-0.700000,0.800000,0.120554
-0.600000,0.800000,0.066620
-0.500000,0.800000,0.004733
-0.400000,0.800000,-0.066059
-0.300000,0.800000,-0.147045
-0.200000,0.800000,-0.240026
-0.100000,0.800000,-0.347639
0.000000,0.800000,-0.452069
0.100000,0.800000,-0.327844
0.200000,0.800000,-0.221760
0.300000,0.800000,-0.129923
0.400000,0.800000,-0.049823
0.500000,0.800000,0.020266
0.600000,0.800000,0.081585
0.700000,0.800000,0.135058
0.800000,0.800000,0.181385
0.900000,0.800000,0.221106
1.000000,0.800000,0.254644
1.100000,0.800000,0.282327
1.200000,0.800000,0.304407
1.300000,0.800000,0.321076
1.400000,0.800000,0.332474
1.500000,0.800000,0.338692
1.600000,0.800000,0.339781
1.700000,0.800000,0.335748
1.800000,0.800000,0.326563
1.900000,0.800000,0.312150
2.000000,0.800000,0.292392
2.100000,0.800000,0.267120
2.200000,0.800000,0.236108
2.300000,0.800000,0.199063
2.400000,0.800000,0.155604
2.500000,0.800000,0.164543
2.600000,0.800000,0.181262
2.700000,0.800000,0.192549
2.800000,0.800000,0.198502
2.900000,0.800000,0.212509
3.000000,0.800000,0.291301
3.100000,0.800000,0.360403
3.200000,0.800000,0.420976
3.300000,0.800000,0.473891
3.400000,0.800000,0.223607
3.500000,0.800000,
-3.500000,0.900000,
-3.400000,0.900000,
-3.300000,0.900000,0.298116
-3.200000,0.900000,0.320068
-3.100000,0.900000,0.336539
-3.000000,0.900000,0.347670
-2.900000,0.900000,0.353553
-2.800000,0.900000,0.354238
-2.700000,0.900000,0.349729
-2.600000,0.900000,0.339989
-2.500000,0.900000,0.324938
-2.400000,0.900000,0.304449
-2.300000,0.900000,0.278341
-2.200000,0.900000,0.246372
-2.100000,0.900000,0.208226
-2.000000,0.900000,0.232807
-1.900000,0.900000,0.253196
-1.800000,0.900000,0.268060
-1.700000,0.900000,0.277530
-1.600000,0.900000,0.281686
-1.500000,0.900000,0.280564
-1.400000,0.900000,0.274154
-1.300000,0.900000,0.262402
-1.200000,0.900000,0.245207
-1.100000,0.900000,0.222415
-1.000000,0.900000,0.193816
-0.900000,0.900000,0.159128
-0.800000,0.900000,0.117986
-0.700000,0.900000,0.069916
-0.600000,0.900000,0.014306
-0.500000,0.900000,-0.049648
-0.400000,0.900000,-0.123019
-0.300000,0.900000,-0.207280
-0.200000,0.900000,-0.304529
-0.100000,0.900000,-0.417929
0.000000,0.900000,-0.526192
0.100000,0.900000,-0.394396
0.200000,0.900000,-0.282999
0.300000,0.900000,-0.187217
0.400000,0.900000,-0.104076
0.500000,0.900000,-0.031583
0.600000,0.900000,0.031669
0.700000,0.900000,0.086711
0.800000,0.900000,0.134319
0.900000,0.900000,0.175086
1.000000,0.900000,0.209470
1.100000,0.900000,0.237828
1.200000,0.900000,0.260432
1.300000,0.900000,0.277489
1.400000,0.900000,0.289147
1.500000,0.900000,0.295507
1.600000,0.900000,0.296620
1.700000,0.900000,0.292496
1.800000,0.900000,0.283101
1.900000,0.900000,0.268356
2.000000,0.900000,0.248133
2.100000,0.900000,0.222252
2.200000,0.900000,0.190470
2.300000,0.900000,0.152468
2.400000,0.900000,0.171844
2.500000,0.900000,0.193794
2.600000,0.900000,0.210257
2.700000,0.900000,0.221374
2.800000,0.900000,0.227237
2.900000,0.900000,0.227895
3.000000,0.900000,0.281286
3.100000,0.900000,0.350805
3.200000,0.900000,0.411717
3.300000,0.900000,0.464908
3.400000,0.900000,
3.500000,0.900000,
-3.500000,1.000000,
-3.400000,1.000000,
-3.300000,1.000000,0.321468
-3.200000,1.000000,0.343152
-3.100000,1.000000,0.359426
-3.000000,1.000000,0.370426
-2.900000,1.000000,0.376241
-2.800000,1.000000,0.376917
-2.700000,1.000000,0.372461
-2.600000,1.000000,0.362836
-2.500000,1.000000,0.347964
-2.400000,1.000000,0.327723
-2.300000,1.000000,0.301939
-2.200000,1.000000,0.270379
-2.100000,1.000000,0.232740
-2.000000,1.000000,0.188633
-1.900000,1.000000,0.200750
-1.800000,1.000000,0.216040
-1.700000,1.000000,0.225777
-1.600000,1.000000,0.230050
-1.500000,1.000000,0.228897
-1.400000,1.000000,0.222307
-1.300000,1.000000,0.210221
-1.200000,1.000000,0.192529
-1.100000,1.000000,0.169065
-1.000000,1.000000,0.139596
-0.900000,1.000000,0.103813
-0.800000,1.000000,0.061314
-0.700000,1.000000,0.011570
-0.600000,1.000000,-0.046108
-0.500000,1.000000,-0.112632
-0.400000,1.000000,-0.189242
-0.300000,1.000000,-0.277670
-0.200000,1.000000,-0.380453
-0.100000,1.000000,-0.501563
0.000000,1.000000,-0.615707
0.100000,1.000000,-0.473525
0.200000,1.000000,-0.355110
0.300000,1.000000,-0.254241
0.400000,1.000000,-0.167244
0.500000,1.000000,-0.091741
0.600000,1.000000,-0.026092
0.700000,1.000000,0.030884
0.800000,1.000000,0.080061
0.900000,1.000000,0.122101
1.000000,1.000000,0.157514
1.100000,1.000000,0.186690
1.200000,1.000000,0.209928
1.300000,1.000000,0.227452
1.400000,1.000000,0.239426
1.500000,1.000000,0.245955
1.600000,1.000000,0.247098
1.700000,1.000000,0.242864
1.800000,1.000000,0.233217
1.900000,1.000000,0.218070
2.000000,1.000000,0.197286
2.100000,1.000000,0.181276
2.200000,1.000000,0.217107
2.300000,1.000000,0.242780
2.400000,1.000000,0.258992
2.500000,1.000000,0.266151
2.600000,1.000000,0.264429
2.700000,1.000000,0.253786
2.800000,1.000000,0.250422
2.900000,1.000000,0.251071
3.000000,1.000000,0.264860
3.100000,1.000000,0.335074
3.200000,1.000000,0.396548
3.300000,1.000000,0.450199
3.400000,1.000000,
3.500000,1.000000,
-3.500000,1.100000,
-3.400000,1.100000,
-3.300000,1.100000,0.339313
-3.200000,1.100000,0.360798
-3.100000,1.100000,0.376924
-3.000000,1.100000,0.387826
-2.900000,1.100000,0.393590
-2.800000,1.100000,0.394260
-2.700000,1.100000,0.389843
-2.600000,1.100000,0.380303
-2.500000,1.100000,0.365566
-2.400000,1.100000,0.345511
-2.300000,1.100000,0.319969
-2.200000,1.100000,0.288714
-2.100000,1.100000,0.251454
-2.000000,1.100000,0.207810
-1.900000,1.100000,0.157301
-1.800000,1.100000,0.156861
-1.700000,1.100000,0.166922
-1.600000,1.100000,0.171336
-1.500000,1.100000,0.170145
-1.400000,1.100000,0.163337
-1.300000,1.100000,0.150847
-1.200000,1.100000,0.132554
-1.100000,1.100000,0.108273
-1.000000,1.100000,0.077746
-0.900000,1.100000,0.040627
-0.800000,1.100000,-0.003539
-0.700000,1.100000,-0.055350
-0.600000,1.100000,-0.115600
-0.500000,1.100000,-0.185356
-0.400000,1.100000,-0.266091
-0.300000,1.100000,-0.359923
-0.200000,1.100000,-0.470070
-0.100000,1.100000,-0.601841
0.000000,1.100000,-0.725252
0.100000,1.100000,-0.568079
0.200000,1.100000,-0.440092
0.300000,1.100000,-0.332519
0.400000,1.100000,-0.240557
0.500000,1.100000,-0.161240
0.600000,1.100000,-0.092590
0.700000,1.100000,-0.033217
0.800000,1.100000,0.017892
0.900000,1.100000,0.061493
1.000000,1.100000,0.098159
1.100000,1.100000,0.128329
1.200000,1.100000,0.152334
1.300000,1.100000,0.170425
1.400000,1.100000,0.182778
1.500000,1.100000,0.189513
1.600000,1.100000,0.190691
1.700000,1.100000,0.186325
1.800000,1.100000,0.176373
1.900000,1.100000,0.230491
2.000000,1.100000,0.282358
2.100000,1.100000,0.323577
2.200000,1.100000,0.355230
2.300000,1.100000,0.378049
2.400000,1.100000,0.392515
2.500000,1.100000,0.398917
2.600000,1.100000,0.397377
2.700000,1.100000,0.387865
2.800000,1.100000,0.370197
2.900000,1.100000,0.344016
3.000000,1.100000,0.308750
3.100000,1.100000,0.313031
3.200000,1.100000,0.375310
3.300000,1.100000,0.387298
3.400000,1.100000,
3.500000,1.100000,
-3.500000,1.200000,
-3.400000,1.200000,
-3.300000,1.200000,
-3.200000,1.200000,0.373153
-3.100000,1.200000,0.389178
-3.000000,1.200000,0.400012
-2.900000,1.200000,0.405740
-2.800000,1.200000,0.406406
-2.700000,1.200000,0.402016
-2.600000,1.200000,0.392536
-2.500000,1.200000,0.377891
-2.400000,1.200000,0.357963
-2.300000,1.200000,0.332588
-2.200000,1.200000,0.301544
-2.100000,1.200000,0.264544
-2.000000,1.200000,0.221219
-1.900000,1.200000,0.171098
-1.800000,1.200000,0.113576
-1.700000,1.200000,0.100234
-1.600000,1.200000,0.104819
-1.500000,1.200000,0.103581
-1.400000,1.200000,0.096508
-1.300000,1.200000,0.083527
-1.200000,1.200000,0.064501
-1.100000,1.200000,0.039221
-1.000000,1.200000,0.007395
-0.900000,1.200000,-0.031373
-0.800000,1.200000,-0.077606
-0.700000,1.200000,-0.132004
-0.600000,1.200000,-0.195505
-0.500000,1.200000,-0.269398
-0.400000,1.200000,-0.355510
-0.300000,1.200000,-0.456566
-0.200000,1.200000,-0.576922
-0.100000,1.200000,-0.724371
0.000000,1.200000,-0.863541
0.100000,1.200000,-0.682743
0.200000,1.200000,-0.540997
0.300000,1.200000,-0.424270
0.400000,1.200000,-0.325745
0.500000,1.200000,-0.241498
0.600000,1.200000,-0.169031
0.700000,1.200000,-0.106645
0.800000,1.200000,-0.053131
0.900000,1.200000,-0.007602
1.000000,1.200000,0.030605
1.100000,1.200000,0.061991
1.200000,1.200000,0.086933
1.300000,1.200000,0.105711
1.400000,1.200000,0.118525
1.500000,1.200000,0.125509
1.600000,1.200000,0.149326
1.700000,1.200000,0.232869
1.800000,1.200000,0.301926
1.900000,1.200000,0.358955
2.000000,1.200000,0.405580
2.100000,1.200000,0.442916
2.200000,1.200000,0.471741
2.300000,1.200000,0.492600
2.400000,1.200000,0.505857
2.500000,1.200000,0.511731
2.600000,1.200000,0.510317
2.700000,1.200000,0.501592
2.800000,1.200000,0.485416
2.900000,1.200000,0.461514
3.000000,1.200000,0.429458
3.100000,1.200000,0.388622
3.200000,1.200000,0.347769
3.300000,1.200000,
3.400000,1.200000,
3.500000,1.200000,
-3.500000,1.300000,
-3.400000,1.300000,
-3.300000,1.300000,
-3.200000,1.300000,0.380317
-3.100000,1.300000,0.396284
-3.000000,1.300000,0.407079
-2.900000,1.300000,0.412787
-2.800000,1.300000,0.413451
-2.700000,1.300000,0.409077
-2.600000,1.300000,0.399630
-2.500000,1.300000,0.385038
-2.400000,1.300000,0.365184
-2.300000,1.300000,0.339905
-2.200000,1.300000,0.308982
-2.100000,1.300000,0.272130
-2.000000,1.300000,0.228988
-1.900000,1.300000,0.179089
-1.800000,1.300000,0.121838
-1.700000,1.300000,0.056459
-1.600000,1.300000,0.029551
-1.500000,1.300000,0.028257
-1.400000,1.300000,0.020858
-1.300000,1.300000,0.007272
-1.200000,1.300000,-0.012660
-1.100000,1.300000,-0.039178
-1.000000,1.300000,-0.072621
-0.900000,1.300000,-0.113454
-0.800000,1.300000,-0.162298
-0.700000,1.300000,-0.219996
-0.600000,1.300000,-0.287701
-0.500000,1.300000,-0.367043
-0.400000,1.300000,-0.460418
-0.300000,1.300000,-0.571590
-0.200000,1.300000,-0.707075
-0.100000,1.300000,-0.880208
0.000000,1.300000,-1.051364
0.100000,1.300000,-0.826243
0.200000,1.300000,-0.662878
0.300000,1.300000,-0.532917
0.400000,1.300000,-0.425356
0.500000,1.300000,-0.334537
0.600000,1.300000,-0.257094
0.700000,1.300000,-0.190844
0.800000,1.300000,-0.134282
0.900000,1.300000,-0.086334
1.000000,1.300000,-0.046207
1.100000,1.300000,-0.013316
1.200000,1.300000,0.012781
1.300000,1.300000,0.032404
1.400000,1.300000,0.080398
1.500000,1.300000,0.188727
1.600000,1.300000,0.278164
1.700000,1.300000,0.352886
1.800000,1.300000,0.415477
1.900000,1.300000,0.467648
2.000000,1.300000,0.510588
2.100000,1.300000,0.545142
2.200000,1.300000,0.571915
2.300000,1.300000,0.591338
2.400000,1.300000,0.603702
2.500000,1.300000,0.609186
2.600000,1.300000,0.607866
2.700000,1.300000,0.599724
2.800000,1.300000,0.584644
2.900000,1.300000,0.562407
3.000000,1.300000,0.532671
3.100000,1.300000,0.494942
3.200000,1.300000,0.448532
3.300000,1.300000,
3.400000,1.300000,
3.500000,1.300000,
-3.500000,1.400000,
-3.400000,1.400000,
-3.300000,1.400000,
-3.200000,1.400000,0.223607
-3.100000,1.400000,0.398299
-3.000000,1.400000,0.409083
-2.900000,1.400000,0.414785
-2.800000,1.400000,0.415449
-2.700000,1.400000,0.411079
-2.600000,1.400000,0.401642
-2.500000,1.400000,0.387065
-2.400000,1.400000,0.367232
-2.300000,1.400000,0.341979
-2.200000,1.400000,0.311090
-2.100000,1.400000,0.274281
-2.000000,1.400000,0.231190
-1.900000,1.400000,0.181354
-1.800000,1.400000,0.124179
-1.700000,1.400000,0.058894
-1.600000,1.400000,-0.015520
-1.500000,1.400000,-0.057099
-1.400000,1.400000,-0.064905
-1.300000,1.400000,-0.079250
-1.200000,1.400000,-0.100321
-1.100000,1.400000,-0.128402
-1.000000,1.400000,-0.163901
-0.900000,1.400000,-0.207380
-0.800000,1.400000,-0.259605
-0.700000,1.400000,-0.321638
-0.600000,1.400000,-0.394974
-0.500000,1.400000,-0.481804
-0.400000,1.400000,-0.585541
-0.300000,1.400000,-0.711995
-0.200000,1.400000,-0.872694
-0.100000,1.400000,-1.098704
0.000000,1.400000,-1.390170
0.100000,1.400000,-1.019073
0.200000,1.400000,-0.815274
0.300000,1.400000,-0.664238
0.400000,1.400000,-0.543408
0.500000,1.400000,-0.443398
0.600000,1.400000,-0.359221
0.700000,1.400000,-0.287862
0.800000,1.400000,-0.227339
0.900000,1.400000,-0.176284
1.000000,1.400000,-0.133719
1.100000,1.400000,-0.098927
1.200000,1.400000,-0.053563
1.300000,1.400000,0.091632
1.400000,1.400000,0.208192
1.500000,1.400000,0.304724
1.600000,1.400000,0.385881
1.700000,1.400000,0.454508
1.800000,1.400000,0.512482
1.900000,1.400000,0.561104
2.000000,1.400000,0.601306
2.100000,1.400000,0.633767
2.200000,1.400000,0.658982
2.300000,1.400000,0.677307
2.400000,1.400000,0.688987
2.500000,1.400000,0.694170
2.600000,1.400000,0.692922
2.700000,1.400000,0.685227
2.800000,1.400000,0.670988
2.900000,1.400000,0.650021
3.000000,1.400000,0.622040
3.100000,1.400000,0.586639
3.200000,1.400000,0.223607
3.300000,1.400000,
3.400000,1.400000,
3.500000,1.400000,
-3.500000,1.500000,
-3.400000,1.500000,
-3.300000,1.500000,
-3.200000,1.500000,
-3.100000,1.500000,0.395239
-3.000000,1.500000,0.406039
-2.900000,1.500000,0.411750
-2.800000,1.500000,0.412414
-2.700000,1.500000,0.408038
-2.600000,1.500000,0.398586
-2.500000,1.500000,0.383986
-2.400000,1.500000,0.364122
-2.300000,1.500000,0.338828
-2.200000,1.500000,0.307887
-2.100000,1.500000,0.271014
-2.000000,1.500000,0.227845
-1.900000,1.500000,0.177914
-1.800000,1.500000,0.120623
-1.700000,1.500000,0.055196
-1.600000,1.500000,-0.019396
-1.500000,1.500000,-0.104547
-1.400000,1.500000,-0.162573
-1.300000,1.500000,-0.177893
-1.200000,1.500000,-0.200432
-1.100000,1.500000,-0.230543
-1.000000,1.500000,-0.268734
-0.900000,1.500000,-0.315717
-0.800000,1.500000,-0.372490
-0.700000,1.500000,-0.440472
-0.600000,1.500000,-0.521753
-0.500000,1.500000,-0.619587
-0.400000,1.500000,-0.739508
-0.300000,1.500000,-0.892439
-0.200000,1.500000,-1.107411
-0.100000,1.500000,-2.129160
0.000000,1.500000,-2.139825
0.100000,1.500000,-1.354241
0.200000,1.500000,-1.021247
0.300000,1.500000,-0.829529
0.400000,1.500000,-0.686914
0.500000,1.500000,-0.573031
0.600000,1.500000,-0.479203
0.700000,1.500000,-0.400768
0.800000,1.500000,-0.334894
0.900000,1.500000,-0.279720
1.000000,1.500000,-0.233962
1.100000,1.500000,-0.077821
1.200000,1.500000,0.081797
1.300000,1.500000,0.208808
1.400000,1.500000,0.313818
1.500000,1.500000,0.402317
1.600000,1.500000,0.477579
1.700000,1.500000,0.541733
1.800000,1.500000,0.596245
1.900000,1.500000,0.642163
2.000000,1.500000,0.680255
2.100000,1.500000,0.711089
2.200000,1.500000,0.735084
2.300000,1.500000,0.752547
2.400000,1.500000,0.763686
2.500000,1.500000,0.768632
2.600000,1.500000,0.767441
2.700000,1.500000,0.760099
2.800000,1.500000,0.746523
2.900000,1.500000,0.726552
3.000000,1.500000,0.699942
3.100000,1.500000,0.624500
3.200000,1.500000,
3.300000,1.500000,
3.400000,1.500000,
3.500000,1.500000,
-3.500000,1.600000,
-3.400000,1.600000,
-3.300000,1.600000,
-3.200000,1.600000,
-3.100000,1.600000,0.282843
-3.000000,1.600000,0.397924
-2.900000,1.600000,0.403658
-2.800000,1.600000,0.404325
-2.700000,1.600000,0.399930
-2.600000,1.600000,0.390440
-2.500000,1.600000,0.375779
-2.400000,1.600000,0.355830
-2.300000,1.600000,0.330426
-2.200000,1.600000,0.299347
-2.100000,1.600000,0.262302
-2.000000,1.600000,0.218923
-1.900000,1.600000,0.168736
-1.800000,1.600000,0.111133
-1.700000,1.600000,0.045322
-1.600000,1.600000,-0.029747
-1.500000,1.600000,-0.115502
-1.400000,1.600000,-0.213965
-1.300000,1.600000,-0.291363
-1.200000,1.600000,-0.315870
-1.100000,1.600000,-0.348724
-1.000000,1.600000,-0.390597
-0.900000,1.600000,-0.442455
-0.800000,1.600000,-0.505698
-0.700000,1.600000,-0.582417
-0.600000,1.600000,-0.675910
-0.500000,1.600000,-0.791877
-0.400000,1.600000,-0.941841
-0.300000,1.600000,-1.158170
-0.200000,1.600000,-2.222286
-0.100000,1.600000,-2.277061
0.000000,1.600000,-2.285691
0.100000,1.600000,-2.220820
0.200000,1.600000,-1.402002
0.300000,1.600000,-1.058291
0.400000,1.600000,-0.870457
0.500000,1.600000,-0.732549
0.600000,1.600000,-0.623502
0.700000,1.600000,-0.534536
0.800000,1.600000,-0.460998
0.900000,1.600000,-0.392180
1.000000,1.600000,-0.129638
1.100000,1.600000,0.050213
1.200000,1.600000,0.190608
1.300000,1.600000,0.305854
1.400000,1.600000,0.402839
1.500000,1.600000,0.485508
1.600000,1.600000,0.556365
1.700000,1.600000,0.617108
1.800000,1.600000,0.668940
1.900000,1.600000,0.712742
2.000000,1.600000,0.749167
2.100000,1.600000,0.778706
2.200000,1.600000,0.801727
2.300000,1.600000,0.818498
2.400000,1.600000,0.829203
2.500000,1.600000,0.833958
2.600000,1.600000,0.832813
2.700000,1.600000,0.825755
2.800000,1.600000,0.812711
2.900000,1.600000,0.793539
3.000000,1.600000,0.768022
3.100000,1.600000,0.282843
3.200000,1.600000,
3.300000,1.600000,
3.400000,1.600000,
3.500000,1.600000,
-3.500000,1.700000,
-3.400000,1.700000,
-3.300000,1.700000,
-3.200000,1.700000,
-3.100000,1.700000,
-3.000000,1.700000,0.384674
-2.900000,1.700000,0.390447
-2.800000,1.700000,0.391118
-2.700000,1.700000,0.386694
-2.600000,1.700000,0.377139
-2.500000,1.700000,0.362377
-2.400000,1.700000,0.342289
-2.300000,1.700000,0.316703
-2.200000,1.700000,0.285394
-2.100000,1.700000,0.248066
-2.000000,1.700000,0.204339
-1.900000,1.700000,0.153728
-1.800000,1.700000,0.095607
-1.700000,1.700000,0.029159
-1.600000,1.700000,-0.046704
-1.500000,1.700000,-0.133469
-1.400000,1.700000,-0.233253
-1.300000,1.700000,-0.349234
-1.200000,1.700000,-0.451189
-1.100000,1.700000,-0.487983
-1.000000,1.700000,-0.535245
-0.900000,1.700000,-0.594430
-0.800000,1.700000,-0.667770
-0.700000,1.700000,-0.758900
-0.600000,1.700000,-0.874358
-0.500000,1.700000,-1.028351
-0.400000,1.700000,-1.269042
-0.300000,1.700000,-2.346163
-0.200000,1.700000,-2.397218
-0.100000,1.700000,-2.463892
0.000000,1.700000,-2.470056
0.100000,1.700000,-2.391358
0.200000,1.700000,-2.329851
0.300000,1.700000,-2.282296
0.400000,1.700000,-1.138272
0.500000,1.700000,-0.942917
0.600000,1.700000,-0.805018
0.700000,1.700000,-0.698257
0.800000,1.700000,-0.574957
0.900000,1.700000,-0.215598
1.000000,1.700000,-0.005521
1.100000,1.700000,0.152582
1.200000,1.700000,0.280476
1.300000,1.700000,0.387466
1.400000,1.700000,0.478563
1.500000,1.700000,0.556830
1.600000,1.700000,0.624293
1.700000,1.700000,0.682368
1.800000,1.700000,0.732081
1.900000,1.700000,0.774194
2.000000,1.700000,0.809281
2.100000,1.700000,0.837777
2.200000,1.700000,0.860009
2.300000,1.700000,0.876217
2.400000,1.700000,0.886569
2.500000,1.700000,0.891169
2.600000,1.700000,0.890061
2.700000,1.700000,0.883235
2.800000,1.700000,0.870624
2.900000,1.700000,0.852099
3.000000,1.700000,0.600000
3.100000,1.700000,
3.200000,1.700000,
3.300000,1.700000,
3.400000,1.700000,
3.500000,1.700000,
-3.500000,1.800000,
-3.400000,1.800000,
-3.300000,1.800000,
-3.200000,1.800000,
-3.100000,1.800000,
-3.000000,1.800000,0.100000
-2.900000,1.800000,0.372012
-2.800000,1.800000,0.372690
-2.700000,1.800000,0.368223
-2.600000,1.800000,0.358577
-2.500000,1.800000,0.343673
-2.400000,1.800000,0.323386
-2.300000,1.800000,0.297542
-2.200000,1.800000,0.265906
-2.100000,1.800000,0.228174
-2.000000,1.800000,0.183953
-1.900000,1.800000,0.132737
-1.800000,1.800000,0.073876
-1.700000,1.800000,0.006513
-1.600000,1.800000,-0.070493
-1.500000,1.800000,-0.158716
-1.400000,1.800000,-0.260417
-1.300000,1.800000,-0.379033
-1.200000,1.800000,-0.520267
-1.100000,1.800000,-0.657475
-1.000000,1.800000,-0.713585
-0.900000,1.800000,-0.785403
-0.800000,1.800000,-0.877508
-0.700000,1.800000,-0.998939
-0.600000,1.800000,-1.173276
-0.500000,1.800000,-2.482533
-0.400000,1.800000,-2.515932
-0.300000,1.800000,-2.565075
-0.200000,1.800000,-2.633640
-0.100000,1.800000,-2.729053
0.000000,1.800000,-2.731573
0.100000,1.800000,-2.620036
0.200000,1.800000,-2.538843
0.300000,1.800000,-2.478519
0.400000,1.800000,-2.434493
0.500000,1.800000,-1.291659
0.600000,1.800000,-1.059115
0.700000,1.800000,-0.912582
0.800000,1.800000,-0.352674
0.900000,1.800000,-0.090614
1.000000,1.800000,0.092363
1.100000,1.800000,0.236478
1.200000,1.800000,0.355598
1.300000,1.800000,0.456511
1.400000,1.800000,0.543142
1.500000,1.800000,0.618000
1.600000,1.800000,0.682795
1.700000,1.800000,0.738751
1.800000,1.800000,0.786766
1.900000,1.800000,0.827517
2.000000,1.800000,0.861519
2.100000,1.800000,0.889166
2.200000,1.800000,0.910754
2.300000,1.800000,0.926502
2.400000,1.800000,0.936565
2.500000,1.800000,0.941037
2.600000,1.800000,0.939960
2.700000,1.800000,0.933324
2.800000,1.800000,0.921066
2.900000,1.800000,0.774597
3.000000,1.800000,0.100000
3.100000,1.800000,
3.200000,1.800000,
3.300000,1.800000,
3.400000,1.800000,
3.500000,1.800000,
-3.500000,1.900000,
-3.400000,1.900000,
-3.300000,1.900000,
-3.200000,1.900000,
-3.100000,1.900000,
-3.000000,1.900000,
-2.900000,1.900000,0.348203
-2.800000,1.900000,0.348889
-2.700000,1.900000,0.344368
-2.600000,1.900000,0.334601
-2.500000,1.900000,0.319507
-2.400000,1.900000,0.298959
-2.300000,1.900000,0.272773
-2.200000,1.900000,0.240705
-2.100000,1.900000,0.202438
-2.000000,1.900000,0.157559
-1.900000,1.900000,0.105538
-1.800000,1.900000,0.045688
-1.700000,1.900000,-0.022899
-1.600000,1.900000,-0.101443
-1.500000,1.900000,-0.191641
-1.400000,1.900000,-0.295961
-1.300000,1.900000,-0.418222
-1.200000,1.900000,-0.564931
-1.100000,1.900000,-0.749040
-1.000000,1.900000,-0.952298
-0.900000,1.900000,-1.053904
-0.800000,1.900000,-1.202155
-0.700000,1.900000,-1.538289
-0.600000,1.900000,-2.746585
-0.500000,1.900000,-2.777546
-0.400000,1.900000,-2.833284
-0.300000,1.900000,
-0.200000,1.900000,
-0.100000,1.900000,
0.000000,1.900000,
0.100000,1.900000,
0.200000,1.900000,-2.865406
0.300000,1.900000,-2.763927
0.400000,1.900000,-2.697245
0.500000,1.900000,-2.653826
0.600000,1.900000,-2.628876
0.700000,1.900000,-0.614566
0.800000,1.900000,-0.216560
0.900000,1.900000,0.005348
1.000000,1.900000,0.171487
1.100000,1.900000,0.305887
1.200000,1.900000,0.418571
1.300000,1.900000,0.514880
1.400000,1.900000,0.598054
1.500000,1.900000,0.670233
1.600000,1.900000,0.732909
1.700000,1.900000,0.787166
1.800000,1.900000,0.833811
1.900000,1.900000,0.873458
2.000000,1.900000,0.906578
2.100000,1.900000,0.933531
2.200000,1.900000,0.954593
2.300000,1.900000,0.969965
2.400000,1.900000,0.979790
2.500000,1.900000,0.984158
2.600000,1.900000,0.983106
2.700000,1.900000,0.976625
2.800000,1.900000,0.894427
2.900000,1.900000,0.479583
3.000000,1.900000,
3.100000,1.900000,
3.200000,1.900000,
3.300000,1.900000,
3.400000,1.900000,
3.500000,1.900000,
-3.500000,2.000000,
-3.400000,2.000000,
-3.300000,2.000000,
-3.200000,2.000000,
-3.100000,2.000000,
-3.000000,2.000000,
-2.900000,2.000000,
-2.800000,2.000000,0.319514
-2.700000,2.000000,0.314922
-2.600000,2.000000,0.305002
-2.500000,2.000000,0.289669
-2.400000,2.000000,0.268788
-2.300000,2.000000,0.242166
-2.200000,2.000000,0.209549
-2.100000,2.000000,0.170597
-2.000000,2.000000,0.124877
-1.900000,2.000000,0.071823
-1.800000,2.000000,0.010700
-1.700000,2.000000,-0.059471
-1.600000,2.000000,-0.140018
-1.500000,2.000000,-0.232810
-1.400000,2.000000,-0.340610
-1.300000,2.000000,-0.467798
-1.200000,2.000000,-0.622124
-1.100000,2.000000,-0.820088
-1.000000,2.000000,-1.115154
-0.900000,2.000000,-1.363627
-0.800000,2.000000,-1.542205
-0.700000,2.000000,-1.788778
-0.600000,2.000000,
-0.500000,2.000000,
-0.400000,2.000000,
-0.300000,2.000000,
-0.200000,2.000000,
-0.100000,2.000000,
0.000000,2.000000,
0.100000,2.000000,
0.200000,2.000000,
0.300000,2.000000,
0.400000,2.000000,
0.500000,2.000000,
0.600000,2.000000,
0.700000,2.000000,-0.416704
0.800000,2.000000,-0.117793
0.900000,2.000000,0.081179
1.000000,2.000000,0.235912
1.100000,2.000000,0.363270
1.200000,2.000000,0.471117
1.300000,2.000000,0.563883
1.400000,2.000000,0.644355
1.500000,2.000000,0.714417
1.600000,2.000000,0.775403
1.700000,2.000000,0.828298
1.800000,2.000000,0.873839
1.900000,2.000000,0.912592
2.000000,2.000000,0.944995
2.100000,2.000000,0.971384
2.200000,2.000000,0.992016
2.300000,2.000000,1.007080
2.400000,2.000000,1.016712
2.500000,2.000000,1.020993
2.600000,2.000000,1.019962
2.700000,2.000000,0.979796
2.800000,2.000000,0.640312
2.900000,2.000000,
3.000000,2.000000,
3.100000,2.000000,
3.200000,2.000000,
3.300000,2.000000,
3.400000,2.000000,
3.500000,2.000000,
-3.500000,2.100000,
-3.400000,2.100000,
-3.300000,2.100000,
-3.200000,2.100000,
-3.100000,2.100000,
-3.000000,2.100000,
-2.900000,2.100000,
-2.800000,2.100000,
-2.700000,2.100000,0.279621
-2.600000,2.100000,0.269511
-2.500000,2.100000,0.253880
-2.400000,2.100000,0.232585
-2.300000,2.100000,0.205422
-2.200000,2.100000,0.172117
-2.100000,2.100000,0.132311
-2.000000,2.100000,0.085536
-1.900000,2.100000,0.031182
-1.800000,2.100000,-0.031552
-1.700000,2.100000,-0.103740
-1.600000,2.100000,-0.186856
-1.500000,2.100000,-0.283012
-1.400000,2.100000,-0.395398
-1.300000,2.100000,-0.529240
-1.200000,2.100000,-0.694289
-1.100000,2.100000,-0.913567
-1.000000,2.100000,-1.170291
-0.900000,2.100000,-1.306191
-0.800000,2.100000,-1.473268
-0.700000,2.100000,-1.694234
-0.600000,2.100000,-2.070912
-0.500000,2.100000,
-0.400000,2.100000,
-0.300000,2.100000,
-0.200000,2.100000,
-0.100000,2.100000,
0.000000,2.100000,
0.100000,2.100000,
0.200000,2.100000,
0.300000,2.100000,
0.400000,2.100000,
0.500000,2.100000,
0.600000,2.100000,
0.700000,2.100000,-0.300301
0.800000,2.100000,-0.042770
0.900000,2.100000,0.141448
1.000000,2.100000,0.288108
1.100000,2.100000,0.410256
1.200000,2.100000,0.514428
1.300000,2.100000,0.604459
1.400000,2.100000,0.682820
1.500000,2.100000,0.751213
1.600000,2.100000,0.810859
1.700000,2.100000,0.862667
1.800000,2.100000,0.907324
1.900000,2.100000,0.945360
2.000000,2.100000,0.977187
2.100000,2.100000,1.003120
2.200000,2.100000,1.023405
2.300000,2.100000,1.038220
2.400000,2.100000,1.047695
2.500000,2.100000,1.051907
2.600000,2.100000,1.039230
2.700000,2.100000,0.741620
2.800000,2.100000,
2.900000,2.100000,
3.000000,2.100000,
3.100000,2.100000,
3.200000,2.100000,
3.300000,2.100000,
3.400000,2.100000,
3.500000,2.100000,
-3.500000,2.200000,
-3.400000,2.200000,
-3.300000,2.200000,
-3.200000,2.200000,
-3.100000,2.200000,
-3.000000,2.200000,
-2.900000,2.200000,
-2.800000,2.200000,
-2.700000,2.200000,0.238121
-2.600000,2.200000,0.227778
-2.500000,2.200000,0.211782
-2.400000,2.200000,0.189978
-2.300000,2.200000,0.162149
-2.200000,2.200000,0.127997
-2.100000,2.200000,0.087134
-2.000000,2.200000,0.039049
-1.900000,2.200000,-0.016928
-1.800000,2.200000,-0.081685
-1.700000,2.200000,-0.156424
-1.600000,2.200000,-0.242828
-1.500000,2.200000,-0.343353
-1.400000,2.200000,-0.461824
-1.300000,2.200000,-0.604804
-1.200000,2.200000,-0.785531
-1.100000,2.200000,-1.018745
-1.000000,2.200000,-1.129744
-0.900000,2.200000,-1.260670
-0.800000,2.200000,-1.419716
-0.700000,2.200000,-1.624653
-0.600000,2.200000,-1.936149
-0.500000,2.200000,
-0.400000,2.200000,
-0.300000,2.200000,
-0.200000,2.200000,
-0.100000,2.200000,
0.000000,2.200000,
0.100000,2.200000,
0.200000,2.200000,
0.300000,2.200000,
0.400000,2.200000,
0.500000,2.200000,
0.600000,2.200000,-0.668311
0.700000,2.200000,-0.219513
0.800000,2.200000,0.014622
0.900000,2.200000,0.188835
1.000000,2.200000,0.329682
1.100000,2.200000,0.447962
1.200000,2.200000,0.549355
1.300000,2.200000,0.637291
1.400000,2.200000,0.714022
1.500000,2.200000,0.781117
1.600000,2.200000,0.839717
1.700000,2.200000,0.890672
1.800000,2.200000,0.934634
1.900000,2.200000,0.972104
2.000000,2.200000,1.003474
2.100000,2.200000,1.029047
2.200000,2.200000,1.049057
2.300000,2.200000,1.063675
2.400000,2.200000,1.073025
2.500000,2.200000,1.077033
2.600000,2.200000,0.806226
2.700000,2.200000,0.346410
2.800000,2.200000,
2.900000,2.200000,
3.000000,2.200000,
3.100000,2.200000,
3.200000,2.200000,
3.300000,2.200000,
3.400000,2.200000,
3.500000,2.200000,
-3.500000,2.300000,
-3.400000,2.300000,
-3.300000,2.300000,
-3.200000,2.300000,
-3.100000,2.300000,
-3.000000,2.300000,
-2.900000,2.300000,
-2.800000,2.300000,
-2.700000,2.300000,
-2.600000,2.300000,0.179359
-2.500000,2.300000,0.162916
-2.400000,2.300000,0.140491
-2.300000,2.300000,0.111844
-2.200000,2.300000,0.076652
-2.100000,2.300000,0.034484
-2.000000,2.300000,-0.015225
-1.900000,2.300000,-0.073226
-1.800000,2.300000,-0.140525
-1.700000,2.300000,-0.218507
-1.600000,2.300000,-0.309148
-1.500000,2.300000,-0.415417
-1.400000,2.300000,-0.542135
-1.300000,2.300000,-0.698141
-1.200000,2.300000,-0.896051
-1.100000,2.300000,-0.989840
-1.000000,2.300000,-1.098315
-0.900000,2.300000,-1.225642
-0.800000,2.300000,-1.379055
-0.700000,2.300000,-1.573472
-0.600000,2.300000,-1.853195
-0.500000,2.300000,
-0.400000,2.300000,
-0.300000,2.300000,
-0.200000,2.300000,
-0.100000,2.300000,
0.000000,2.300000,
0.100000,2.300000,
0.200000,2.300000,
0.300000,2.300000,
0.400000,2.300000,
0.500000,2.300000,
0.600000,2.300000,-0.523357
0.700000,2.300000,-0.161916
0.800000,2.300000,0.057685
0.900000,2.300000,0.225025
1.000000,2.300000,0.361716
1.100000,2.300000,0.477171
1.200000,2.300000,0.576509
1.300000,2.300000,0.662881
1.400000,2.300000,0.738386
1.500000,2.300000,0.804501
1.600000,2.300000,0.862307
1.700000,2.300000,0.912614
1.800000,2.300000,0.956045
1.900000,2.300000,0.993083
2.000000,2.300000,1.024104
2.100000,2.300000,1.049402
2.200000,2.300000,1.069200
2.300000,2.300000,1.083668
2.400000,2.300000,1.092922
2.500000,2.300000,0.842615
2.600000,2.300000,0.447214
2.700000,2.300000,
2.800000,2.300000,
2.900000,2.300000,
3.000000,2.300000,
3.100000,2.300000,
3.200000,2.300000,
3.300000,2.300000,
3.400000,2.300000,
3.500000,2.300000,
-3.500000,2.400000,
-3.400000,2.400000,
-3.300000,2.400000,
-3.200000,2.400000,
-3.100000,2.400000,
-3.000000,2.400000,
-2.900000,2.400000,
-2.800000,2.400000,
-2.700000,2.400000,
-2.600000,2.400000,
-2.500000,2.400000,0.106693
-2.400000,2.400000,0.083507
-2.300000,2.400000,0.053857
-2.200000,2.400000,0.017382
-2.100000,2.400000,-0.026401
-2.000000,2.400000,-0.078134
-1.900000,2.400000,-0.138676
-1.800000,2.400000,-0.209200
-1.700000,2.400000,-0.291353
-1.600000,2.400000,-0.387550
-1.500000,2.400000,-0.501566
-1.400000,2.400000,-0.639908
-1.300000,2.400000,-0.795453
-1.200000,2.400000,-0.876182
-1.100000,2.400000,-0.968641
-1.000000,2.400000,-1.075340
-0.900000,2.400000,-1.200166
-0.800000,2.400000,-1.349744
-0.700000,2.400000,-1.537296
-0.600000,2.400000,-1.799039
-0.500000,2.400000,
-0.400000,2.400000,
-0.300000,2.400000,
-0.200000,2.400000,
-0.100000,2.400000,
0.000000,2.400000,
0.100000,2.400000,
0.200000,2.400000,
0.300000,2.400000,
0.400000,2.400000,
0.500000,2.400000,
0.600000,2.400000,-0.447305
0.700000,2.400000,-0.122082
0.800000,2.400000,0.088368
0.900000,2.400000,0.251108
1.000000,2.400000,0.384945
1.100000,2.400000,0.498432
1.200000,2.400000,0.596323
1.300000,2.400000,0.681587
1.400000,2.400000,0.756220
1.500000,2.400000,0.821636
1.600000,2.400000,0.878873
1.700000,2.400000,0.928715
1.800000,2.400000,0.971765
1.900000,2.400000,1.008492
2.000000,2.400000,1.039262
2.100000,2.400000,1.064360
2.200000,2.400000,1.084007
2.300000,2.400000,1.095445
2.400000,2.400000,0.854400
2.500000,2.400000,0.489898
2.600000,2.400000,
2.700000,2.400000,
2.800000,2.400000,
2.900000,2.400000,
3.000000,2.400000,
3.100000,2.400000,
3.200000,2.400000,
3.300000,2.400000,
3.400000,2.400000,
3.500000,2.400000,
-3.500000,2.500000,
-3.400000,2.500000,
-3.300000,2.500000,
-3.200000,2.500000,
-3.100000,2.500000,
-3.000000,2.500000,
-2.900000,2.500000,
-2.800000,2.500000,
-2.700000,2.500000,
-2.600000,2.500000,
-2.500000,2.500000,
-2.400000,2.500000,0.018219
-2.300000,2.500000,-0.012670
-2.200000,2.500000,-0.050738
-2.100000,2.500000,-0.096539
-2.000000,2.500000,-0.150821
-1.900000,2.500000,-0.214598
-1.800000,2.500000,-0.289286
-1.700000,2.500000,-0.376927
-1.600000,2.500000,-0.480632
-1.500000,2.500000,-0.605554
-1.400000,2.500000,-0.712923
-1.300000,2.500000,-0.783123
-1.200000,2.500000,-0.863192
-1.100000,2.500000,-0.954803
-1.000000,2.500000,-1.060374
-0.900000,2.500000,-1.183625
-0.800000,2.500000,-1.330822
-0.700000,2.500000,-1.514221
-0.600000,2.500000,-1.765897
-0.500000,2.500000,
-0.400000,2.500000,
-0.300000,2.500000,
-0.200000,2.500000,
-0.100000,2.500000,
0.000000,2.500000,
0.100000,2.500000,
0.200000,2.500000,
0.300000,2.500000,
0.400000,2.500000,
0.500000,2.500000,
0.600000,2.500000,-0.404477
0.700000,2.500000,-0.097234
0.800000,2.500000,0.107844
0.900000,2.500000,0.267784
1.000000,2.500000,0.399856
1.100000,2.500000,0.512112
1.200000,2.500000,0.609094
1.300000,2.500000,0.693659
1.400000,2.500000,0.767740
1.500000,2.500000,0.832711
1.600000,2.500000,0.889586
1.700000,2.500000,0.939132
1.800000,2.500000,0.981939
1.900000,2.500000,1.018467
2.000000,2.500000,1.049077
2.100000,2.500000,1.074048
2.200000,2.500000,1.077033
2.300000,2.500000,0.842615
2.400000,2.500000,0.489898
2.500000,2.500000,
2.600000,2.500000,
2.700000,2.500000,
2.800000,2.500000,
2.900000,2.500000,
3.000000,2.500000,
3.100000,2.500000,
3.200000,2.500000,
3.300000,2.500000,
3.400000,2.500000,
3.500000,2.500000,
-3.500000,2.600000,
-3.400000,2.600000,
-3.300000,2.600000,
-3.200000,2.600000,
-3.100000,2.600000,
-3.000000,2.600000,
-2.900000,2.600000,
-2.800000,2.600000,
-2.700000,2.600000,
-2.600000,2.600000,
-2.500000,2.600000,
-2.400000,2.600000,
-2.300000,2.600000,-0.088885
-2.200000,2.600000,-0.128960
-2.100000,2.600000,-0.177326
-2.000000,2.600000,-0.234880
-1.900000,2.600000,-0.302871
-1.800000,2.600000,-0.383086
-1.700000,2.600000,-0.478208
-1.600000,2.600000,-0.592253
-1.500000,2.600000,-0.645867
-1.400000,2.600000,-0.707203
-1.300000,2.600000,-0.777150
-1.200000,2.600000,-0.856903
-1.100000,2.600000,-0.948109
-1.000000,2.600000,-1.053145
-0.900000,2.600000,-1.175650
-0.800000,2.600000,-1.321727
-0.700000,2.600000,-1.503201
-0.600000,2.600000,-1.750391
-0.500000,2.600000,
-0.400000,2.600000,
-0.300000,2.600000,
-0.200000,2.600000,
-0.100000,2.600000,
0.000000,2.600000,
0.100000,2.600000,
0.200000,2.600000,
0.300000,2.600000,
0.400000,2.600000,
0.500000,2.600000,
0.600000,2.600000,-0.385841
0.700000,2.600000,-0.085932
0.800000,2.600000,0.116783
0.900000,2.600000,0.275468
1.000000,2.600000,0.406741
1.100000,2.600000,0.518438
1.200000,2.600000,0.615005
1.300000,2.600000,0.699249
1.400000,2.600000,0.773077
1.500000,2.600000,0.837844
1.600000,2.600000,0.894553
1.700000,2.600000,0.943963
1.800000,2.600000,0.986658
1.900000,2.600000,1.023095
2.000000,2.600000,1.053631
2.100000,2.600000,1.039230
2.200000,2.600000,0.806226
2.300000,2.600000,0.447214
2.400000,2.600000,
2.500000,2.600000,
2.600000,2.600000,
2.700000,2.600000,
2.800000,2.600000,
2.900000,2.600000,
3.000000,2.600000,
3.100000,2.600000,
3.200000,2.600000,
3.300000,2.600000,
3.400000,2.600000,
3.500000,2.600000,
-3.500000,2.700000,
-3.400000,2.700000,
-3.300000,2.700000,
-3.200000,2.700000,
-3.100000,2.700000,
-3.000000,2.700000,
-2.900000,2.700000,
-2.800000,2.700000,
-2.700000,2.700000,
-2.600000,2.700000,
-2.500000,2.700000,
-2.400000,2.700000,
-2.300000,2.700000,
-2.200000,2.700000,-0.219034
-2.100000,2.700000,-0.270740
-2.000000,2.700000,-0.332620
-1.900000,2.700000,-0.406292
-1.800000,2.700000,-0.494168
-1.700000,2.700000,-0.545952
-1.600000,2.700000,-0.592534
-1.500000,2.700000,-0.646157
-1.400000,2.700000,-0.707503
-1.300000,2.700000,-0.777464
-1.200000,2.700000,-0.857233
-1.100000,2.700000,-0.948461
-1.000000,2.700000,-1.053524
-0.900000,2.700000,-1.176068
-0.800000,2.700000,-1.322204
-0.700000,2.700000,-1.503777
-0.600000,2.700000,-1.751197
-0.500000,2.700000,
-0.400000,2.700000,
-0.300000,2.700000,
-0.200000,2.700000,
-0.100000,2.700000,
0.000000,2.700000,
0.100000,2.700000,
0.200000,2.700000,
0.300000,2.700000,
0.400000,2.700000,
0.500000,2.700000,
0.600000,2.700000,-0.388536
0.700000,2.700000,-0.087585
0.800000,2.700000,0.115473
0.900000,2.700000,0.274341
1.000000,2.700000,0.405730
1.100000,2.700000,0.517509
1.200000,2.700000,0.614137
1.300000,2.700000,0.698428
1.400000,2.700000,0.772293
1.500000,2.700000,0.837090
1.600000,2.700000,0.893823
1.700000,2.700000,0.943253
1.800000,2.700000,0.985964
1.900000,2.700000,1.022415
2.000000,2.700000,0.979796
2.100000,2.700000,0.741620
2.200000,2.700000,0.346410
2.300000,2.700000,
2.400000,2.700000,
2.500000,2.700000,
2.600000,2.700000,
2.700000,2.700000,
2.800000,2.700000,
2.900000,2.700000,
3.000000,2.700000,
3.100000,2.700000,
3.200000,2.700000,
3.300000,2.700000,
3.400000,2.700000,
3.500000,2.700000,
-3.500000,2.800000,
-3.400000,2.800000,
-3.300000,2.800000,
-3.200000,2.800000,
-3.100000,2.800000,
-3.000000,2.800000,
-2.900000,2.800000,
-2.800000,2.800000,
-2.700000,2.800000,
-2.600000,2.800000,
-2.500000,2.800000,
-2.400000,2.800000,
-2.300000,2.800000,
-2.200000,2.800000,
-2.100000,2.800000,
-2.000000,2.800000,-0.447600
-1.900000,2.800000,-0.477456
-1.800000,2.800000,-0.511523
-1.700000,2.800000,-0.551715
-1.600000,2.800000,-0.598448
-1.500000,2.800000,-0.652256
-1.400000,2.800000,-0.713828
-1.300000,2.800000,-0.784067
-1.200000,2.800000,-0.864186
-1.100000,2.800000,-0.955862
-1.000000,2.800000,-1.061519
-0.900000,2.800000,-1.184889
-0.800000,2.800000,-1.332264
-0.700000,2.800000,-1.515973
-0.600000,2.800000,-1.768380
-0.500000,2.800000,
-0.400000,2.800000,
-0.300000,2.800000,
-0.200000,2.800000,
-0.100000,2.800000,
0.000000,2.800000,
0.100000,2.800000,
0.200000,2.800000,
0.300000,2.800000,
0.400000,2.800000,
0.500000,2.800000,
0.600000,2.800000,-0.412946
0.700000,2.800000,-0.102275
0.800000,2.800000,0.103873
0.900000,2.800000,0.264377
1.000000,2.800000,0.396806
1.100000,2.800000,0.509312
1.200000,2.800000,0.606479
1.300000,2.800000,0.691186
1.400000,2.800000,0.765379
1.500000,2.800000,0.830440
1.600000,2.800000,0.887389
1.700000,2.800000,0.936996
1.800000,2.800000,0.979852
1.900000,2.800000,0.894427
2.000000,2.800000,0.640312
2.100000,2.800000,
2.200000,2.800000,
2.300000,2.800000,
2.400000,2.800000,
2.500000,2.800000,
2.600000,2.800000,
2.700000,2.800000,
2.800000,2.800000,
2.900000,2.800000,
3.000000,2.800000,
3.100000,2.800000,
3.200000,2.800000,
3.300000,2.800000,
3.400000,2.800000,
3.500000,2.800000,
-3.500000,2.900000,
-3.400000,2.900000,
-3.300000,2.900000,
-3.200000,2.900000,
-3.100000,2.900000,
-3.000000,2.900000,
-2.900000,2.900000,
-2.800000,2.900000,
-2.700000,2.900000,
-2.600000,2.900000,
-2.500000,2.900000,
-2.400000,2.900000,
-2.300000,2.900000,
-2.200000,2.900000,
-2.100000,2.900000,
-2.000000,2.900000,
-1.900000,2.900000,
-1.800000,2.900000,-0.522581
-1.700000,2.900000,-0.563019
-1.600000,2.900000,-0.610052
-1.500000,2.900000,-0.664225
-1.400000,2.900000,-0.726246
-1.300000,2.900000,-0.797039
-1.200000,2.900000,-0.877854
-1.100000,2.900000,-0.970424
-1.000000,2.900000,-1.077270
-0.900000,2.900000,-1.202302
-0.800000,2.900000,-1.352194
-0.700000,2.900000,-1.540298
-0.600000,2.900000,-1.803425
-0.500000,2.900000,
-0.400000,2.900000,
-0.300000,2.900000,
-0.200000,2.900000,
-0.100000,2.900000,
0.000000,2.900000,
0.100000,2.900000,
0.200000,2.900000,
0.300000,2.900000,
0.400000,2.900000,
0.500000,2.900000,
0.600000,2.900000,-0.463029
0.700000,2.900000,-0.130788
0.800000,2.900000,0.081604
0.900000,2.900000,0.245337
1.000000,2.900000,0.379797
1.100000,2.900000,0.493714
1.200000,2.900000,0.591923
1.300000,2.900000,0.677431
1.400000,2.900000,0.752256
1.500000,2.900000,0.817825
1.600000,2.900000,0.875188
1.700000,2.900000,0.925132
1.800000,2.900000,0.774597
1.900000,2.900000,0.479583
2.000000,2.900000,
2.100000,2.900000,
2.200000,2.900000,
2.300000,2.900000,
2.400000,2.900000,
2.500000,2.900000,
2.600000,2.900000,
2.700000,2.900000,
2.800000,2.900000,
2.900000,2.900000,
3.000000,2.900000,
3.100000,2.900000,
3.200000,2.900000,
3.300000,2.900000,
3.400000,2.900000,
3.500000,2.900000,
-3.500000,3.000000,
-3.400000,3.000000,
-3.300000,3.000000,
-3.200000,3.000000,
-3.100000,3.000000,
-3.000000,3.000000,
-2.900000,3.000000,
-2.800000,3.000000,
-2.700000,3.000000,
-2.600000,3.000000,
-2.500000,3.000000,
-2.400000,3.000000,
-2.300000,3.000000,
-2.200000,3.000000,
-2.100000,3.000000,
-2.000000,3.000000,
-1.900000,3.000000,
-1.800000,3.000000,
-1.700000,3.000000,-0.579969
-1.600000,3.000000,-0.627459
-1.500000,3.000000,-0.682191
-1.400000,3.000000,-0.744897
-1.300000,3.000000,-0.816540
-1.200000,3.000000,-0.898424
-1.100000,3.000000,-0.992375
-1.000000,3.000000,-1.101067
-0.900000,3.000000,-1.228701
-0.800000,3.000000,-1.382588
-0.700000,3.000000,-1.577871
-0.600000,3.000000,
-0.500000,3.000000,
-0.400000,3.000000,
-0.300000,3.000000,
-0.200000,3.000000,
-0.100000,3.000000,
0.000000,3.000000,
0.100000,3.000000,
0.200000,3.000000,
0.300000,3.000000,
0.400000,3.000000,
0.500000,3.000000,
0.600000,3.000000,-0.550908
0.700000,3.000000,-0.174840
0.800000,3.000000,0.047883
0.900000,3.000000,0.216742
1.000000,3.000000,0.354364
1.100000,3.000000,0.470456
1.200000,3.000000,0.570260
1.300000,3.000000,0.656987
1.400000,3.000000,0.732771
1.500000,3.000000,0.799109
1.600000,3.000000,0.830662
1.700000,3.000000,0.600000
1.800000,3.000000,0.100000
1.900000,3.000000,
2.000000,3.000000,
2.100000,3.000000,
2.200000,3.000000,
2.300000,3.000000,
2.400000,3.000000,
2.500000,3.000000,
2.600000,3.000000,
2.700000,3.000000,
2.800000,3.000000,
2.900000,3.000000,
3.000000,3.000000,
3.100000,3.000000,
3.200000,3.000000,
3.300000,3.000000,
3.400000,3.000000,
3.500000,3.000000,
-3.500000,3.100000,
-3.400000,3.100000,
-3.300000,3.100000,
-3.200000,3.100000,
-3.100000,3.100000,
-3.000000,3.100000,
-2.900000,3.100000,
-2.800000,3.100000,
-2.700000,3.100000,
-2.600000,3.100000,
-2.500000,3.100000,
-2.400000,3.100000,
-2.300000,3.100000,
-2.200000,3.100000,
-2.100000,3.100000,
-2.000000,3.100000,
-1.900000,3.100000,
-1.800000,3.100000,
-1.700000,3.100000,
-1.600000,3.100000,
-1.500000,3.100000,
-1.400000,3.100000,-0.769999
-1.300000,3.100000,-0.842818
-1.200000,3.100000,-0.926192
-1.100000,3.100000,-1.022075
-1.000000,3.100000,-1.133373
-0.900000,3.100000,-1.264728
-0.800000,3.100000,
-0.700000,3.100000,
-0.600000,3.100000,
-0.500000,3.100000,
-0.400000,3.100000,
-0.300000,3.100000,
-0.200000,3.100000,
-0.100000,3.100000,
0.000000,3.100000,
0.100000,3.100000,
0.200000,3.100000,
0.300000,3.100000,
0.400000,3.100000,
0.500000,3.100000,
0.600000,3.100000,-0.741293
0.700000,3.100000,-0.237707
0.800000,3.100000,0.001371
0.900000,3.100000,0.177804
1.000000,3.100000,0.319965
1.100000,3.100000,0.439128
1.200000,3.100000,0.541160
1.300000,3.100000,0.629579
1.400000,3.100000,0.706687
1.500000,3.100000,0.624500
1.600000,3.100000,0.282843
1.700000,3.100000,
1.800000,3.100000,
1.900000,3.100000,
2.000000,3.100000,
2.100000,3.100000,
2.200000,3.100000,
2.300000,3.100000,
2.400000,3.100000,
2.500000,3.100000,
2.600000,3.100000,
2.700000,3.100000,
2.800000,3.100000,
2.900000,3.100000,
3.000000,3.100000,
3.100000,3.100000,
3.200000,3.100000,
3.300000,3.100000,
3.400000,3.100000,
3.500000,3.100000,
-3.500000,3.200000,
-3.400000,3.200000,
-3.300000,3.200000,
-3.200000,3.200000,
-3.100000,3.200000,
-3.000000,3.200000,
-2.900000,3.200000,
-2.800000,3.200000,
-2.700000,3.200000,
-2.600000,3.200000,
-2.500000,3.200000,
-2.400000,3.200000,
-2.300000,3.200000,
-2.200000,3.200000,
-2.100000,3.200000,
-2.000000,3.200000,
-1.900000,3.200000,
-1.800000,3.200000,
-1.700000,3.200000,
-1.600000,3.200000,
-1.500000,3.200000,
-1.400000,3.200000,
-1.300000,3.200000,
-1.200000,3.200000,
-1.100000,3.200000,
-1.000000,3.200000,
-0.900000,3.200000,
-0.800000,3.200000,
-0.700000,3.200000,
-0.600000,3.200000,
-0.500000,3.200000,
-0.400000,3.200000,
-0.300000,3.200000,
-0.200000,3.200000,
-0.100000,3.200000,
0.000000,3.200000,
0.100000,3.200000,
0.200000,3.200000,
0.300000,3.200000,
0.400000,3.200000,
0.500000,3.200000,
0.600000,3.200000,
0.700000,3.200000,-0.325957
0.800000,3.200000,-0.060152
0.900000,3.200000,0.127304
1.000000,3.200000,0.275787
1.100000,3.200000,0.399128
1.200000,3.200000,0.504149
1.300000,3.200000,0.565685
1.400000,3.200000,0.223607
1.500000,3.200000,
1.600000,3.200000,
1.700000,3.200000,
1.800000,3.200000,
1.900000,3.200000,
2.000000,3.200000,
2.100000,3.200000,
2.200000,3.200000,
2.300000,3.200000,
2.400000,3.200000,
2.500000,3.200000,
2.600000,3.200000,
2.700000,3.200000,
2.800000,3.200000,
2.900000,3.200000,
3.000000,3.200000,
3.100000,3.200000,
3.200000,3.200000,
3.300000,3.200000,
3.400000,3.200000,
3.500000,3.200000,
-3.500000,3.300000,
-3.400000,3.300000,
-3.300000,3.300000,
-3.200000,3.300000,
-3.100000,3.300000,
-3.000000,3.300000,
-2.900000,3.300000,
-2.800000,3.300000,
-2.700000,3.300000,
-2.600000,3.300000,
-2.500000,3.300000,
-2.400000,3.300000,
-2.300000,3.300000,
-2.200000,3.300000,
-2.100000,3.300000,
-2.000000,3.300000,
-1.900000,3.300000,
-1.800000,3.300000,
-1.700000,3.300000,
-1.600000,3.300000,
-1.500000,3.300000,
-1.400000,3.300000,
-1.300000,3.300000,
-1.200000,3.300000,
-1.100000,3.300000,
-1.000000,3.300000,
-0.900000,3.300000,
-0.800000,3.300000,
-0.700000,3.300000,
-0.600000,3.300000,
-0.500000,3.300000,
-0.400000,3.300000,
-0.300000,3.300000,
-0.200000,3.300000,
-0.100000,3.300000,
0.000000,3.300000,
0.100000,3.300000,
0.200000,3.300000,
0.300000,3.300000,
0.400000,3.300000,
0.500000,3.300000,
0.600000,3.300000,
0.700000,3.300000,-0.455772
0.800000,3.300000,-0.140512
0.900000,3.300000,0.063353
1.000000,3.300000,0.220635
1.100000,3.300000,0.349599
1.200000,3.300000,
1.300000,3.300000,
1.400000,3.300000,
1.500000,3.300000,
1.600000,3.300000,
1.700000,3.300000,
1.800000,3.300000,
1.900000,3.300000,
2.000000,3.300000,
2.100000,3.300000,
2.200000,3.300000,
2.300000,3.300000,
2.400000,3.300000,
2.500000,3.300000,
2.600000,3.300000,
2.700000,3.300000,
2.800000,3.300000,
2.900000,3.300000,
3.000000,3.300000,
3.100000,3.300000,
3.200000,3.300000,
3.300000,3.300000,
3.400000,3.300000,
3.500000,3.300000,
-3.500000,3.400000,
-3.400000,3.400000,
-3.300000,3.400000,
-3.200000,3.400000,
-3.100000,3.400000,
-3.000000,3.400000,
-2.900000,3.400000,
-2.800000,3.400000,
-2.700000,3.400000,
-2.600000,3.400000,
-2.500000,3.400000,
-2.400000,3.400000,
-2.300000,3.400000,
-2.200000,3.400000,
-2.100000,3.400000,
-2.000000,3.400000,
-1.900000,3.400000,
-1.800000,3.400000,
-1.700000,3.400000,
-1.600000,3.400000,
-1.500000,3.400000,
-1.400000,3.400000,
-1.300000,3.400000,
-1.200000,3.400000,
-1.100000,3.400000,
-1.000000,3.400000,
-0.900000,3.400000,
-0.800000,3.400000,
-0.700000,3.400000,
-0.600000,3.400000,
-0.500000,3.400000,
-0.400000,3.400000,
-0.300000,3.400000,
-0.200000,3.400000,
-0.100000,3.400000,
0.000000,3.400000,
0.100000,3.400000,
0.200000,3.400000,
0.300000,3.400000,
0.400000,3.400000,
0.500000,3.400000,
0.600000,3.400000,
0.700000,3.400000,
0.800000,3.400000,
0.900000,3.400000,
1.000000,3.400000,
1.100000,3.400000,
1.200000,3.400000,
1.300000,3.400000,
1.400000,3.400000,
1.500000,3.400000,
1.600000,3.400000,
1.700000,3.400000,
1.800000,3.400000,
1.900000,3.400000,
2.000000,3.400000,
2.100000,3.400000,
2.200000,3.400000,
2.300000,3.400000,
2.400000,3.400000,
2.500000,3.400000,
2.600000,3.400000,
2.700000,3.400000,
2.800000,3.400000,
2.900000,3.400000,
3.000000,3.400000,
3.100000,3.400000,
3.200000,3.400000,
3.300000,3.400000,
3.400000,3.400000,
3.500000,3.400000,
-3.500000,3.500000,
-3.400000,3.500000,
-3.300000,3.500000,
-3.200000,3.500000,
-3.100000,3.500000,
-3.000000,3.500000,
-2.900000,3.500000,
-2.800000,3.500000,
-2.700000,3.500000,
-2.600000,3.500000,
-2.500000,3.500000,
-2.400000,3.500000,
-2.300000,3.500000,
-2.200000,3.500000,
-2.100000,3.500000,
-2.000000,3.500000,
-1.900000,3.500000,
-1.800000,3.500000,
-1.700000,3.500000,
-1.600000,3.500000,
-1.500000,3.500000,
-1.400000,3.500000,
-1.300000,3.500000,
-1.200000,3.500000,
-1.100000,3.500000,
-1.000000,3.500000,
-0.900000,3.500000,
-0.800000,3.500000,
-0.700000,3.500000,
-0.600000,3.500000,
-0.500000,3.500000,
-0.400000,3.500000,
-0.300000,3.500000,
-0.200000,3.500000,
-0.100000,3.500000,
0.000000,3.500000,
0.100000,3.500000,
0.200000,3.500000,
0.300000,3.500000,
0.400000,3.500000,
0.500000,3.500000,
0.600000,3.500000,
0.700000,3.500000,
0.800000,3.500000,
0.900000,3.500000,
1.000000,3.500000,
1.100000,3.500000,
1.200000,3.500000,
1.300000,3.500000,
1.400000,3.500000,
1.500000,3.500000,
1.600000,3.500000,
1.700000,3.500000,
1.800000,3.500000,
1.900000,3.500000,
2.000000,3.500000,
2.100000,3.500000,
2.200000,3.500000,
2.300000,3.500000,
2.400000,3.500000,
2.500000,3.500000,
2.600000,3.500000,
2.700000,3.500000,
2.800000,3.500000,
2.900000,3.500000,
3.000000,3.500000,
3.100000,3.500000,
3.200000,3.500000,
3.300000,3.500000,
3.400000,3.500000,
3.500000,3.500000,
