x,y,z
-3.500000,-3.500000,
-3.400000,-3.500000,
-3.300000,-3.500000,
-3.200000,-3.500000,
-3.100000,-3.500000,
-3.000000,-3.500000,
-2.900000,-3.500000,
-2.800000,-3.500000,
-2.700000,-3.500000,
-2.600000,-3.500000,
-2.500000,-3.500000,
-2.400000,-3.500000,
-2.300000,-3.500000,
-2.200000,-3.500000,
-2.100000,-3.500000,
-2.000000,-3.500000,
-1.900000,-3.500000,
-1.800000,-3.500000,
-1.700000,-3.500000,
-1.600000,-3.500000,
-1.500000,-3.500000,
-1.400000,-3.500000,
-1.300000,-3.500000,
-1.200000,-3.500000,
-1.100000,-3.500000,
-1.000000,-3.500000,
-0.900000,-3.500000,
-0.800000,-3.500000,
-0.700000,-3.500000,
-0.600000,-3.500000,
-0.500000,-3.500000,
-0.400000,-3.500000,
-0.300000,-3.500000,
-0.200000,-3.500000,
-0.100000,-3.500000,
0.000000,-3.500000,0.000000
0.100000,-3.500000,
0.200000,-3.500000,
0.300000,-3.500000,
0.400000,-3.500000,
0.500000,-3.500000,
0.600000,-3.500000,
0.700000,-3.500000,
0.800000,-3.500000,
0.900000,-3.500000,
1.000000,-3.500000,
1.100000,-3.500000,
1.200000,-3.500000,
1.300000,-3.500000,
1.400000,-3.500000,
1.500000,-3.500000,
1.600000,-3.500000,
1.700000,-3.500000,
1.800000,-3.500000,
1.900000,-3.500000,
2.000000,-3.500000,
2.100000,-3.500000,
2.200000,-3.500000,
2.300000,-3.500000,
2.400000,-3.500000,
2.500000,-3.500000,
2.600000,-3.500000,
2.700000,-3.500000,
2.800000,-3.500000,
2.900000,-3.500000,
3.000000,-3.500000,
3.100000,-3.500000,
3.200000,-3.500000,
3.300000,-3.500000,
3.400000,-3.500000,
3.500000,-3.500000,
-3.500000,-3.400000,
-3.400000,-3.400000,
-3.300000,-3.400000,
-3.200000,-3.400000,
-3.100000,-3.400000,
-3.000000,-3.400000,
-2.900000,-3.400000,
-2.800000,-3.400000,
-2.700000,-3.400000,
-2.600000,-3.400000,
-2.500000,-3.400000,
-2.400000,-3.400000,
-2.300000,-3.400000,
-2.200000,-3.400000,
-2.100000,-3.400000,
-2.000000,-3.400000,
-1.900000,-3.400000,
-1.800000,-3.400000,
-1.700000,-3.400000,
-1.600000,-3.400000,
-1.500000,-3.400000,
-1.400000,-3.400000,
-1.300000,-3.400000,
-1.200000,-3.400000,
-1.100000,-3.400000,
-1.000000,-3.400000,
-0.900000,-3.400000,
-0.800000,-3.400000,0.223607
-0.700000,-3.400000,0.447214
-0.600000,-3.400000,0.574456
-0.500000,-3.400000,0.663325
-0.400000,-3.400000,0.728011
-0.300000,-3.400000,0.774597
-0.200000,-3.400000,0.806226
-0.100000,-3.400000,0.824621
0.000000,-3.400000,0.830662
0.100000,-3.400000,0.824621
0.200000,-3.400000,0.806226
0.300000,-3.400000,0.774597
0.400000,-3.400000,0.728011
0.500000,-3.400000,0.663325
0.600000,-3.400000,0.574456
0.700000,-3.400000,0.447214
0.800000,-3.400000,0.223607
0.900000,-3.400000,
1.000000,-3.400000,
1.100000,-3.400000,
1.200000,-3.400000,
1.300000,-3.400000,
1.400000,-3.400000,
1.500000,-3.400000,
1.600000,-3.400000,
1.700000,-3.400000,
1.800000,-3.400000,
1.900000,-3.400000,
2.000000,-3.400000,
2.100000,-3.400000,
2.200000,-3.400000,
2.300000,-3.400000,
2.400000,-3.400000,
2.500000,-3.400000,
2.600000,-3.400000,
2.700000,-3.400000,
2.800000,-3.400000,
2.900000,-3.400000,
3.000000,-3.400000,
3.100000,-3.400000,
3.200000,-3.400000,
3.300000,-3.400000,
3.400000,-3.400000,
3.500000,-3.400000,
-3.500000,-3.300000,
-3.400000,-3.300000,
-3.300000,-3.300000,
-3.200000,-3.300000,
-3.100000,-3.300000,
-3.000000,-3.300000,
-2.900000,-3.300000,
-2.800000,-3.300000,
-2.700000,-3.300000,
-2.600000,-3.300000,
-2.500000,-3.300000,
-2.400000,-3.300000,
-2.300000,-3.300000,
-2.200000,-3.300000,
-2.100000,-3.300000,
-2.000000,-3.300000,
-1.900000,-3.300000,
-1.800000,-3.300000,
-1.700000,-3.300000,
-1.600000,-3.300000,
-1.500000,-3.300000,
-1.400000,-3.300000,
-1.300000,-3.300000,
-1.200000,-3.300000,
-1.100000,-3.300000,0.387298
-1.000000,-3.300000,0.600000
-0.900000,-3.300000,0.741620
-0.800000,-3.300000,0.848528
-0.700000,-3.300000,0.932738
-0.600000,-3.300000,1.000000
-0.500000,-3.300000,1.053565
-0.400000,-3.300000,1.095445
-0.300000,-3.300000,1.126943
-0.200000,-3.300000,1.148913
-0.100000,-3.300000,1.161895
0.000000,-3.300000,1.166190
0.100000,-3.300000,1.161895
0.200000,-3.300000,1.148913
0.300000,-3.300000,1.126943
0.400000,-3.300000,1.095445
0.500000,-3.300000,1.053565
0.600000,-3.300000,1.000000
0.700000,-3.300000,0.932738
0.800000,-3.300000,0.848528
0.900000,-3.300000,0.741620
1.000000,-3.300000,0.600000
1.100000,-3.300000,0.387298
1.200000,-3.300000,
1.300000,-3.300000,
1.400000,-3.300000,
1.500000,-3.300000,
1.600000,-3.300000,
1.700000,-3.300000,
1.800000,-3.300000,
1.900000,-3.300000,
2.000000,-3.300000,
2.100000,-3.300000,
2.200000,-3.300000,
2.300000,-3.300000,
2.400000,-3.300000,
2.500000,-3.300000,
2.600000,-3.300000,
2.700000,-3.300000,
2.800000,-3.300000,
2.900000,-3.300000,
3.000000,-3.300000,
3.100000,-3.300000,
3.200000,-3.300000,
3.300000,-3.300000,
3.400000,-3.300000,
3.500000,-3.300000,
-3.500000,-3.200000,
-3.400000,-3.200000,
-3.300000,-3.200000,
-3.200000,-3.200000,
-3.100000,-3.200000,
-3.000000,-3.200000,
-2.900000,-3.200000,
-2.800000,-3.200000,
-2.700000,-3.200000,
-2.600000,-3.200000,
-2.500000,-3.200000,
-2.400000,-3.200000,
-2.300000,-3.200000,
-2.200000,-3.200000,
-2.100000,-3.200000,
-2.000000,-3.200000,
-1.900000,-3.200000,
-1.800000,-3.200000,
-1.700000,-3.200000,
-1.600000,-3.200000,
-1.500000,-3.200000,
-1.400000,-3.200000,0.223607
-1.300000,-3.200000,0.565685
-1.200000,-3.200000,0.754983
-1.100000,-3.200000,0.894427
-1.000000,-3.200000,1.004988
-0.900000,-3.200000,1.095445
-0.800000,-3.200000,1.170470
-0.700000,-3.200000,1.232883
-0.600000,-3.200000,1.284523
-0.500000,-3.200000,1.326650
-0.400000,-3.200000,1.360147
-0.300000,-3.200000,1.385641
-0.200000,-3.200000,1.403567
-0.100000,-3.200000,1.414214
0.000000,-3.200000,1.417745
0.100000,-3.200000,1.414214
0.200000,-3.200000,1.403567
0.300000,-3.200000,1.385641
0.400000,-3.200000,1.360147
0.500000,-3.200000,1.326650
0.600000,-3.200000,1.284523
0.700000,-3.200000,1.232883
0.800000,-3.200000,1.170470
0.900000,-3.200000,1.095445
1.000000,-3.200000,1.004988
1.100000,-3.200000,0.894427
1.200000,-3.200000,0.754983
1.300000,-3.200000,0.565685
1.400000,-3.200000,0.223607
1.500000,-3.200000,
1.600000,-3.200000,
1.700000,-3.200000,
1.800000,-3.200000,
1.900000,-3.200000,
2.000000,-3.200000,
2.100000,-3.200000,
2.200000,-3.200000,
2.300000,-3.200000,
2.400000,-3.200000,
2.500000,-3.200000,
2.600000,-3.200000,
2.700000,-3.200000,
2.800000,-3.200000,
2.900000,-3.200000,
3.000000,-3.200000,
3.100000,-3.200000,
3.200000,-3.200000,
3.300000,-3.200000,
3.400000,-3.200000,
3.500000,-3.200000,
-3.500000,-3.100000,
-3.400000,-3.100000,
-3.300000,-3.100000,
-3.200000,-3.100000,
-3.100000,-3.100000,
-3.000000,-3.100000,
-2.900000,-3.100000,
-2.800000,-3.100000,
-2.700000,-3.100000,
-2.600000,-3.100000,
-2.500000,-3.100000,
-2.400000,-3.100000,
-2.300000,-3.100000,
-2.200000,-3.100000,
-2.100000,-3.100000,
-2.000000,-3.100000,
-1.900000,-3.100000,
-1.800000,-3.100000,
-1.700000,-3.100000,
-1.600000,-3.100000,0.282843
-1.500000,-3.100000,0.624500
-1.400000,-3.100000,0.824621
-1.300000,-3.100000,0.974679
-1.200000,-3.100000,1.095445
-1.100000,-3.100000,1.195826
-1.000000,-3.100000,1.280625
-0.900000,-3.100000,1.352775
-0.800000,-3.100000,1.414214
-0.700000,-3.100000,1.466288
-0.600000,-3.100000,1.509967
-0.500000,-3.100000,1.545962
-0.400000,-3.100000,1.574802
-0.300000,-3.100000,1.596872
-0.200000,-3.100000,1.612452
-0.100000,-3.100000,1.621727
0.000000,-3.100000,1.624808
0.100000,-3.100000,1.621727
0.200000,-3.100000,1.612452
0.300000,-3.100000,1.596872
0.400000,-3.100000,1.574802
0.500000,-3.100000,1.545962
0.600000,-3.100000,1.509967
0.700000,-3.100000,1.466288
0.800000,-3.100000,1.414214
0.900000,-3.100000,1.352775
1.000000,-3.100000,1.280625
1.100000,-3.100000,1.195826
1.200000,-3.100000,1.095445
1.300000,-3.100000,0.974679
1.400000,-3.100000,0.824621
1.500000,-3.100000,0.624500
1.600000,-3.100000,0.282843
1.700000,-3.100000,
1.800000,-3.100000,
1.900000,-3.100000,
2.000000,-3.100000,
2.100000,-3.100000,
2.200000,-3.100000,
2.300000,-3.100000,
2.400000,-3.100000,
2.500000,-3.100000,
2.600000,-3.100000,
2.700000,-3.100000,
2.800000,-3.100000,
2.900000,-3.100000,
3.000000,-3.100000,
3.100000,-3.100000,
3.200000,-3.100000,
3.300000,-3.100000,
3.400000,-3.100000,
3.500000,-3.100000,
-3.500000,-3.000000,
-3.400000,-3.000000,
-3.300000,-3.000000,
-3.200000,-3.000000,
-3.100000,-3.000000,
-3.000000,-3.000000,
-2.900000,-3.000000,
-2.800000,-3.000000,
-2.700000,-3.000000,
-2.600000,-3.000000,
-2.500000,-3.000000,
-2.400000,-3.000000,
-2.300000,-3.000000,
-2.200000,-3.000000,
-2.100000,-3.000000,
-2.000000,-3.000000,
-1.900000,-3.000000,
-1.800000,-3.000000,0.100000
-1.700000,-3.000000,0.600000
-1.600000,-3.000000,0.830662
-1.500000,-3.000000,1.000000
-1.400000,-3.000000,1.135782
-1.300000,-3.000000,1.249000
-1.200000,-3.000000,1.345362
-1.100000,-3.000000,1.428286
-1.000000,-3.000000,1.500000
-0.900000,-3.000000,1.562050
-0.800000,-3.000000,1.615549
-0.700000,-3.000000,1.661325
-0.600000,-3.000000,1.700000
-0.500000,-3.000000,1.732051
-0.400000,-3.000000,1.757840
-0.300000,-3.000000,1.777639
-0.200000,-3.000000,1.791647
-0.100000,-3.000000,1.800000
0.000000,-3.000000,1.802776
0.100000,-3.000000,1.800000
0.200000,-3.000000,1.791647
0.300000,-3.000000,1.777639
0.400000,-3.000000,1.757840
0.500000,-3.000000,1.732051
0.600000,-3.000000,1.700000
0.700000,-3.000000,1.661325
0.800000,-3.000000,1.615549
0.900000,-3.000000,1.562050
1.000000,-3.000000,1.500000
1.100000,-3.000000,1.428286
1.200000,-3.000000,1.345362
1.300000,-3.000000,1.249000
1.400000,-3.000000,1.135782
1.500000,-3.000000,1.000000
1.600000,-3.000000,0.830662
1.700000,-3.000000,0.600000
1.800000,-3.000000,0.100000
1.900000,-3.000000,
2.000000,-3.000000,
2.100000,-3.000000,
2.200000,-3.000000,
2.300000,-3.000000,
2.400000,-3.000000,
2.500000,-3.000000,
2.600000,-3.000000,
2.700000,-3.000000,
2.800000,-3.000000,
2.900000,-3.000000,
3.000000,-3.000000,
3.100000,-3.000000,
3.200000,-3.000000,
3.300000,-3.000000,
3.400000,-3.000000,
3.500000,-3.000000,
-3.500000,-2.900000,
-3.400000,-2.900000,
-3.300000,-2.900000,
-3.200000,-2.900000,
-3.100000,-2.900000,
-3.000000,-2.900000,
-2.900000,-2.900000,
-2.800000,-2.900000,
-2.700000,-2.900000,
-2.600000,-2.900000,
-2.500000,-2.900000,
-2.400000,-2.900000,
-2.300000,-2.900000,
-2.200000,-2.900000,
-2.100000,-2.900000,
-2.000000,-2.900000,
-1.900000,-2.900000,0.479583
-1.800000,-2.900000,0.774597
-1.700000,-2.900000,0.974679
-1.600000,-2.900000,1.131371
-1.500000,-2.900000,1.260952
-1.400000,-2.900000,1.371131
-1.300000,-2.900000,1.466288
-1.200000,-2.900000,1.549193
-1.100000,-2.900000,1.621727
-1.000000,-2.900000,1.685230
-0.900000,-2.900000,1.740690
-0.800000,-2.900000,1.788854
-0.700000,-2.900000,1.830301
-0.600000,-2.900000,1.865476
-0.500000,-2.900000,1.894730
-0.400000,-2.900000,1.918333
-0.300000,-2.900000,1.936492
-0.200000,-2.900000,1.949359
-0.100000,-2.900000,1.957039
0.000000,-2.900000,1.959592
0.100000,-2.900000,1.957039
0.200000,-2.900000,1.949359
0.300000,-2.900000,1.936492
0.400000,-2.900000,1.918333
0.500000,-2.900000,1.894730
0.600000,-2.900000,1.865476
0.700000,-2.900000,1.830301
0.800000,-2.900000,1.788854
0.900000,-2.900000,1.740690
1.000000,-2.900000,1.685230
1.100000,-2.900000,1.621727
1.200000,-2.900000,1.549193
1.300000,-2.900000,1.466288
1.400000,-2.900000,1.371131
1.500000,-2.900000,1.260952
1.600000,-2.900000,1.131371
1.700000,-2.900000,0.974679
1.800000,-2.900000,0.774597
1.900000,-2.900000,0.479583
2.000000,-2.900000,
2.100000,-2.900000,
2.200000,-2.900000,
2.300000,-2.900000,
2.400000,-2.900000,
2.500000,-2.900000,
2.600000,-2.900000,
2.700000,-2.900000,
2.800000,-2.900000,
2.900000,-2.900000,
3.000000,-2.900000,
3.100000,-2.900000,
3.200000,-2.900000,
3.300000,-2.900000,
3.400000,-2.900000,
3.500000,-2.900000,
-3.500000,-2.800000,
-3.400000,-2.800000,
-3.300000,-2.800000,
-3.200000,-2.800000,
-3.100000,-2.800000,
-3.000000,-2.800000,
-2.900000,-2.800000,
-2.800000,-2.800000,
-2.700000,-2.800000,
-2.600000,-2.800000,
-2.500000,-2.800000,
-2.400000,-2.800000,
-2.300000,-2.800000,
-2.200000,-2.800000,
-2.100000,-2.800000,0.000000
-2.000000,-2.800000,0.640312
-1.900000,-2.800000,0.894427
-1.800000,-2.800000,1.081665
-1.700000,-2.800000,1.232883
-1.600000,-2.800000,1.360147
-1.500000,-2.800000,1.469694
-1.400000,-2.800000,1.565248
-1.300000,-2.800000,1.649242
-1.200000,-2.800000,1.723369
-1.100000,-2.800000,1.788854
-1.000000,-2.800000,1.846619
-0.900000,-2.800000,1.897367
-0.800000,-2.800000,1.941649
-0.700000,-2.800000,1.979899
-0.600000,-2.800000,2.012461
-0.500000,-2.800000,2.039608
-0.400000,-2.800000,2.061553
-0.300000,-2.800000,2.078461
-0.200000,-2.800000,2.090454
-0.100000,-2.800000,2.097618
0.000000,-2.800000,2.100000
0.100000,-2.800000,2.097618
0.200000,-2.800000,2.090454
0.300000,-2.800000,2.078461
0.400000,-2.800000,2.061553
0.500000,-2.800000,2.039608
0.600000,-2.800000,2.012461
0.700000,-2.800000,1.979899
0.800000,-2.800000,1.941649
0.900000,-2.800000,1.897367
1.000000,-2.800000,1.846619
1.100000,-2.800000,1.788854
1.200000,-2.800000,1.723369
1.300000,-2.800000,1.649242
1.400000,-2.800000,1.565248
1.500000,-2.800000,1.469694
1.600000,-2.800000,1.360147
1.700000,-2.800000,1.232883
1.800000,-2.800000,1.081665
1.900000,-2.800000,0.894427
2.000000,-2.800000,0.640312
2.100000,-2.800000,
2.200000,-2.800000,
2.300000,-2.800000,
2.400000,-2.800000,
2.500000,-2.800000,
2.600000,-2.800000,
2.700000,-2.800000,
2.800000,-2.800000,
2.900000,-2.800000,
3.000000,-2.800000,
3.100000,-2.800000,
3.200000,-2.800000,
3.300000,-2.800000,
3.400000,-2.800000,
3.500000,-2.800000,
-3.500000,-2.700000,
-3.400000,-2.700000,
-3.300000,-2.700000,
-3.200000,-2.700000,
-3.100000,-2.700000,
-3.000000,-2.700000,
-2.900000,-2.700000,
-2.800000,-2.700000,
-2.700000,-2.700000,
-2.600000,-2.700000,
-2.500000,-2.700000,
-2.400000,-2.700000,
-2.300000,-2.700000,
-2.200000,-2.700000,0.346410
-2.100000,-2.700000,0.741620
-2.000000,-2.700000,0.979796
-1.900000,-2.700000,1.161895
-1.800000,-2.700000,1.311488
-1.700000,-2.700000,1.438749
-1.600000,-2.700000,1.549193
-1.500000,-2.700000,1.646208
-1.400000,-2.700000,1.732051
-1.300000,-2.700000,1.808314
-1.200000,-2.700000,1.876166
-1.100000,-2.700000,1.936492
-1.000000,-2.700000,1.989975
-0.900000,-2.700000,2.037155
-0.800000,-2.700000,2.078461
-0.700000,-2.700000,2.114237
-0.600000,-2.700000,2.144761
-0.500000,-2.700000,2.170253
-0.400000,-2.700000,2.190890
-0.300000,-2.700000,2.206808
-0.200000,-2.700000,2.218107
-0.100000,-2.700000,2.224860
0.000000,-2.700000,2.227106
0.100000,-2.700000,2.224860
0.200000,-2.700000,2.218107
0.300000,-2.700000,2.206808
0.400000,-2.700000,2.190890
0.500000,-2.700000,2.170253
0.600000,-2.700000,2.144761
0.700000,-2.700000,2.114237
0.800000,-2.700000,2.078461
0.900000,-2.700000,2.037155
1.000000,-2.700000,1.989975
1.100000,-2.700000,1.936492
1.200000,-2.700000,1.876166
1.300000,-2.700000,1.808314
1.400000,-2.700000,1.732051
1.500000,-2.700000,1.646208
1.600000,-2.700000,1.549193
1.700000,-2.700000,1.438749
1.800000,-2.700000,1.311488
1.900000,-2.700000,1.161895
2.000000,-2.700000,0.979796
2.100000,-2.700000,0.741620
2.200000,-2.700000,0.346410
2.300000,-2.700000,
2.400000,-2.700000,
2.500000,-2.700000,
2.600000,-2.700000,
2.700000,-2.700000,
2.800000,-2.700000,
2.900000,-2.700000,
3.000000,-2.700000,
3.100000,-2.700000,
3.200000,-2.700000,
3.300000,-2.700000,
3.400000,-2.700000,
3.500000,-2.700000,
-3.500000,-2.600000,
-3.400000,-2.600000,
-3.300000,-2.600000,
-3.200000,-2.600000,
-3.100000,-2.600000,
-3.000000,-2.600000,
-2.900000,-2.600000,
-2.800000,-2.600000,
-2.700000,-2.600000,
-2.600000,-2.600000,
-2.500000,-2.600000,
-2.400000,-2.600000,
-2.300000,-2.600000,0.447214
-2.200000,-2.600000,0.806226
-2.100000,-2.600000,1.039230
-2.000000,-2.600000,1.220656
-1.900000,-2.600000,1.371131
-1.800000,-2.600000,1.500000
-1.700000,-2.600000,1.612452
-1.600000,-2.600000,1.711724
-1.500000,-2.600000,1.800000
-1.400000,-2.600000,1.878829
-1.300000,-2.600000,1.949359
-1.200000,-2.600000,2.012461
-1.100000,-2.600000,2.068816
-1.000000,-2.600000,2.118962
-0.900000,-2.600000,2.163331
-0.800000,-2.600000,2.202272
-0.700000,-2.600000,2.182515
-0.600000,-2.600000,2.264950
-0.500000,-2.600000,2.289105
-0.400000,-2.600000,2.308679
-0.300000,-2.600000,2.323790
-0.200000,-2.600000,2.334524
-0.100000,-2.600000,2.340940
0.000000,-2.600000,2.343075
0.100000,-2.600000,2.340940
0.200000,-2.600000,2.334524
0.300000,-2.600000,2.323790
0.400000,-2.600000,2.308679
0.500000,-2.600000,2.289105
0.600000,-2.600000,2.264950
0.700000,-2.600000,2.236068
0.800000,-2.600000,2.202272
0.900000,-2.600000,2.163331
1.000000,-2.600000,2.118962
1.100000,-2.600000,2.068816
1.200000,-2.600000,2.012461
1.300000,-2.600000,1.949359
1.400000,-2.600000,1.878829
1.500000,-2.600000,1.800000
1.600000,-2.600000,1.711724
1.700000,-2.600000,1.612452
1.800000,-2.600000,1.500000
1.900000,-2.600000,1.371131
2.000000,-2.600000,1.220656
2.100000,-2.600000,1.039230
2.200000,-2.600000,0.806226
2.300000,-2.600000,0.447214
2.400000,-2.600000,
2.500000,-2.600000,
2.600000,-2.600000,
2.700000,-2.600000,
2.800000,-2.600000,
2.900000,-2.600000,
3.000000,-2.600000,
3.100000,-2.600000,
3.200000,-2.600000,
3.300000,-2.600000,
3.400000,-2.600000,
3.500000,-2.600000,
-3.500000,-2.500000,
-3.400000,-2.500000,
-3.300000,-2.500000,
-3.200000,-2.500000,
-3.100000,-2.500000,
-3.000000,-2.500000,
-2.900000,-2.500000,
-2.800000,-2.500000,
-2.700000,-2.500000,
-2.600000,-2.500000,
-2.500000,-2.500000,
-2.400000,-2.500000,0.489898
-2.300000,-2.500000,0.842615
-2.200000,-2.500000,1.077033
-2.100000,-2.500000,1.260952
-2.000000,-2.500000,1.414214
-1.900000,-2.500000,1.545962
-1.800000,-2.500000,1.661325
-1.700000,-2.500000,1.763519
-1.600000,-2.500000,1.854724
-1.500000,-2.500000,1.936492
-1.400000,-2.500000,2.009975
-1.300000,-2.500000,2.076054
-1.200000,-2.500000,2.135416
-1.100000,-2.500000,2.188607
-1.000000,-2.500000,2.236068
-0.900000,-2.500000,2.278157
-0.800000,-2.500000,2.315167
-0.700000,-2.500000,1.961031
-0.600000,-2.500000,2.374868
-0.500000,-2.500000,2.397916
-0.400000,-2.500000,2.416609
-0.300000,-2.500000,2.431049
-0.200000,-2.500000,2.441311
-0.100000,-2.500000,2.447448
0.000000,-2.500000,2.449490
0.100000,-2.500000,2.447448
0.200000,-2.500000,2.441311
0.300000,-2.500000,2.431049
0.400000,-2.500000,2.416609
0.500000,-2.500000,2.397916
0.600000,-2.500000,2.374868
0.700000,-2.500000,2.347339
0.800000,-2.500000,2.315167
0.900000,-2.500000,2.278157
1.000000,-2.500000,2.236068
1.100000,-2.500000,2.188607
1.200000,-2.500000,2.135416
1.300000,-2.500000,2.076054
1.400000,-2.500000,2.009975
1.500000,-2.500000,1.936492
1.600000,-2.500000,1.854724
1.700000,-2.500000,1.763519
1.800000,-2.500000,1.661325
1.900000,-2.500000,1.545962
2.000000,-2.500000,1.414214
2.100000,-2.500000,1.260952
2.200000,-2.500000,1.077033
2.300000,-2.500000,0.842615
2.400000,-2.500000,0.489898
2.500000,-2.500000,
2.600000,-2.500000,
2.700000,-2.500000,
2.800000,-2.500000,
2.900000,-2.500000,
3.000000,-2.500000,
3.100000,-2.500000,
3.200000,-2.500000,
3.300000,-2.500000,
3.400000,-2.500000,
3.500000,-2.500000,
-3.500000,-2.400000,
-3.400000,-2.400000,
-3.300000,-2.400000,
-3.200000,-2.400000,
-3.100000,-2.400000,
-3.000000,-2.400000,
-2.900000,-2.400000,
-2.800000,-2.400000,
-2.700000,-2.400000,
-2.600000,-2.400000,
-2.500000,-2.400000,0.489898
-2.400000,-2.400000,0.854400
-2.300000,-2.400000,1.095445
-2.200000,-2.400000,1.284523
-2.100000,-2.400000,1.442221
-2.000000,-2.400000,1.577973
-1.900000,-2.400000,1.697056
-1.800000,-2.400000,1.802776
-1.700000,-2.400000,1.897367
-1.600000,-2.400000,1.982423
-1.500000,-2.400000,2.059126
-1.400000,-2.400000,2.128380
-1.300000,-2.400000,2.190890
-1.200000,-2.400000,2.247221
-1.100000,-2.400000,2.297825
-1.000000,-2.400000,2.343075
-0.900000,-2.400000,2.383275
-0.800000,-2.400000,2.418677
-0.700000,-2.400000,2.449490
-0.600000,-2.400000,2.475884
-0.500000,-2.400000,2.497999
-0.400000,-2.400000,2.515949
-0.300000,-2.400000,2.529822
-0.200000,-2.400000,2.539685
-0.100000,-2.400000,2.545584
0.000000,-2.400000,2.547548
0.100000,-2.400000,2.545584
0.200000,-2.400000,2.539685
0.300000,-2.400000,2.529822
0.400000,-2.400000,2.515949
0.500000,-2.400000,2.497999
0.600000,-2.400000,2.475884
0.700000,-2.400000,2.449490
0.800000,-2.400000,2.418677
0.900000,-2.400000,2.383275
1.000000,-2.400000,2.343075
1.100000,-2.400000,2.297825
1.200000,-2.400000,2.247221
1.300000,-2.400000,2.190890
1.400000,-2.400000,2.128380
1.500000,-2.400000,2.059126
1.600000,-2.400000,1.982423
1.700000,-2.400000,1.897367
1.800000,-2.400000,1.802776
1.900000,-2.400000,1.697056
2.000000,-2.400000,1.577973
2.100000,-2.400000,1.442221
2.200000,-2.400000,1.284523
2.300000,-2.400000,1.095445
2.400000,-2.400000,0.854400
2.500000,-2.400000,0.489898
2.600000,-2.400000,
2.700000,-2.400000,
2.800000,-2.400000,
2.900000,-2.400000,
3.000000,-2.400000,
3.100000,-2.400000,
3.200000,-2.400000,
3.300000,-2.400000,
3.400000,-2.400000,
3.500000,-2.400000,
-3.500000,-2.300000,
-3.400000,-2.300000,
-3.300000,-2.300000,
-3.200000,-2.300000,
-3.100000,-2.300000,
-3.000000,-2.300000,
-2.900000,-2.300000,
-2.800000,-2.300000,
-2.700000,-2.300000,
-2.600000,-2.300000,0.447214
-2.500000,-2.300000,0.842615
-2.400000,-2.300000,1.095445
-2.300000,-2.300000,1.292285
-2.200000,-2.300000,1.456022
-2.100000,-2.300000,1.596872
-2.000000,-2.300000,1.720465
-1.900000,-2.300000,1.830301
-1.800000,-2.300000,1.928730
-1.700000,-2.300000,2.017424
-1.600000,-2.300000,2.097618
-1.500000,-2.300000,2.170253
-1.400000,-2.300000,2.236068
-1.300000,-2.300000,2.295648
-1.200000,-2.300000,2.349468
-1.100000,-2.300000,2.397916
-1.000000,-2.300000,2.441311
-0.900000,-2.300000,2.479919
-0.800000,-2.300000,2.513961
-0.700000,-2.300000,2.543619
-0.600000,-2.300000,1.282482
-0.500000,-2.300000,2.590367
-0.400000,-2.300000,2.607681
-0.300000,-2.300000,2.621068
-0.200000,-2.300000,2.630589
-0.100000,-2.300000,2.636285
0.000000,-2.300000,2.638181
0.100000,-2.300000,2.636285
0.200000,-2.300000,2.630589
0.300000,-2.300000,2.621068
0.400000,-2.300000,2.607681
0.500000,-2.300000,2.590367
0.600000,-2.300000,2.569047
0.700000,-2.300000,2.543619
0.800000,-2.300000,2.513961
0.900000,-2.300000,2.479919
1.000000,-2.300000,2.441311
1.100000,-2.300000,2.397916
1.200000,-2.300000,2.349468
1.300000,-2.300000,2.295648
1.400000,-2.300000,2.236068
1.500000,-2.300000,2.170253
1.600000,-2.300000,2.097618
1.700000,-2.300000,2.017424
1.800000,-2.300000,1.928730
1.900000,-2.300000,1.830301
2.000000,-2.300000,1.720465
2.100000,-2.300000,1.596872
2.200000,-2.300000,1.456022
2.300000,-2.300000,1.292285
2.400000,-2.300000,1.095445
2.500000,-2.300000,0.842615
2.600000,-2.300000,0.447214
2.700000,-2.300000,
2.800000,-2.300000,
2.900000,-2.300000,
3.000000,-2.300000,
3.100000,-2.300000,
3.200000,-2.300000,
3.300000,-2.300000,
3.400000,-2.300000,
3.500000,-2.300000,
-3.500000,-2.200000,
-3.400000,-2.200000,
-3.300000,-2.200000,
-3.200000,-2.200000,
-3.100000,-2.200000,
-3.000000,-2.200000,
-2.900000,-2.200000,
-2.800000,-2.200000,
-2.700000,-2.200000,0.346410
-2.600000,-2.200000,0.806226
-2.500000,-2.200000,1.077033
-2.400000,-2.200000,1.284523
-2.300000,-2.200000,1.456022
-2.200000,-2.200000,1.603122
-2.100000,-2.200000,1.732051
-2.000000,-2.200000,1.846619
-1.900000,-2.200000,1.949359
-1.800000,-2.200000,2.042058
-1.700000,-2.200000,2.126029
-1.600000,-2.200000,2.202272
-1.500000,-2.200000,2.271563
-1.400000,-2.200000,2.334524
-1.300000,-2.200000,2.391652
-1.200000,-2.200000,2.443358
-1.100000,-2.200000,2.489980
-1.000000,-2.200000,2.531798
-0.900000,-2.200000,2.569047
-0.800000,-2.200000,2.601922
-0.700000,-2.200000,2.630589
-0.600000,-2.200000,2.655184
-0.500000,-2.200000,2.675818
-0.400000,-2.200000,2.692582
-0.300000,-2.200000,2.705550
-0.200000,-2.200000,2.714774
-0.100000,-2.200000,2.720294
0.000000,-2.200000,2.722132
0.100000,-2.200000,2.720294
0.200000,-2.200000,2.714774
0.300000,-2.200000,2.705550
0.400000,-2.200000,2.692582
0.500000,-2.200000,2.675818
0.600000,-2.200000,2.655184
0.700000,-2.200000,2.630589
0.800000,-2.200000,2.601922
0.900000,-2.200000,2.569047
1.000000,-2.200000,2.531798
1.100000,-2.200000,2.489980
1.200000,-2.200000,2.443358
1.300000,-2.200000,2.391652
1.400000,-2.200000,2.334524
1.500000,-2.200000,2.271563
1.600000,-2.200000,2.202272
1.700000,-2.200000,2.126029
1.800000,-2.200000,2.042058
1.900000,-2.200000,1.949359
2.000000,-2.200000,1.846619
2.100000,-2.200000,1.732051
2.200000,-2.200000,1.603122
2.300000,-2.200000,1.456022
2.400000,-2.200000,1.284523
2.500000,-2.200000,1.077033
2.600000,-2.200000,0.806226
2.700000,-2.200000,0.346410
2.800000,-2.200000,
2.900000,-2.200000,
3.000000,-2.200000,
3.100000,-2.200000,
3.200000,-2.200000,
3.300000,-2.200000,
3.400000,-2.200000,
3.500000,-2.200000,
-3.500000,-2.100000,
-3.400000,-2.100000,
-3.300000,-2.100000,
-3.200000,-2.100000,
-3.100000,-2.100000,
-3.000000,-2.100000,
-2.900000,-2.100000,
-2.800000,-2.100000,0.000000
-2.700000,-2.100000,0.741620
-2.600000,-2.100000,1.039230
-2.500000,-2.100000,1.260952
-2.400000,-2.100000,1.442221
-2.300000,-2.100000,1.596872
-2.200000,-2.100000,1.732051
-2.100000,-2.100000,1.852026
-2.000000,-2.100000,1.959592
-1.900000,-2.100000,2.056696
-1.800000,-2.100000,2.144761
-1.700000,-2.100000,2.224860
-1.600000,-2.100000,2.297825
-1.500000,-2.100000,2.364318
-1.400000,-2.100000,2.424871
-1.300000,-2.100000,2.479919
-1.200000,-2.100000,2.529822
-1.100000,-2.100000,2.574879
-1.000000,-2.100000,2.615339
-0.900000,-2.100000,2.651415
-0.800000,-2.100000,2.683282
-0.700000,-2.100000,2.711088
-0.600000,-2.100000,2.734959
-0.500000,-2.100000,1.664930
-0.400000,-2.100000,2.771281
-0.300000,-2.100000,2.783882
-0.200000,-2.100000,2.792848
-0.100000,-2.100000,2.798214
0.000000,-2.100000,2.800000
0.100000,-2.100000,2.798214
0.200000,-2.100000,2.792848
0.300000,-2.100000,2.783882
0.400000,-2.100000,2.771281
0.500000,-2.100000,2.754995
0.600000,-2.100000,2.734959
0.700000,-2.100000,2.711088
0.800000,-2.100000,2.683282
0.900000,-2.100000,2.651415
1.000000,-2.100000,2.615339
1.100000,-2.100000,2.574879
1.200000,-2.100000,2.529822
1.300000,-2.100000,2.479919
1.400000,-2.100000,2.424871
1.500000,-2.100000,2.364318
1.600000,-2.100000,2.297825
1.700000,-2.100000,2.224860
1.800000,-2.100000,2.144761
1.900000,-2.100000,2.056696
2.000000,-2.100000,1.959592
2.100000,-2.100000,1.852026
2.200000,-2.100000,1.732051
2.300000,-2.100000,1.596872
2.400000,-2.100000,1.442221
2.500000,-2.100000,1.260952
2.600000,-2.100000,1.039230
2.700000,-2.100000,0.741620
2.800000,-2.100000,
2.900000,-2.100000,
3.000000,-2.100000,
3.100000,-2.100000,
3.200000,-2.100000,
3.300000,-2.100000,
3.400000,-2.100000,
3.500000,-2.100000,
-3.500000,-2.000000,
-3.400000,-2.000000,
-3.300000,-2.000000,
-3.200000,-2.000000,
-3.100000,-2.000000,
-3.000000,-2.000000,
-2.900000,-2.000000,
-2.800000,-2.000000,0.640312
-2.700000,-2.000000,0.979796
-2.600000,-2.000000,1.220656
-2.500000,-2.000000,1.414214
-2.400000,-2.000000,1.577973
-2.300000,-2.000000,1.720465
-2.200000,-2.000000,1.846619
-2.100000,-2.000000,1.959592
-2.000000,-2.000000,2.061553
-1.900000,-2.000000,2.154066
-1.800000,-2.000000,2.238303
-1.700000,-2.000000,2.315167
-1.600000,-2.000000,2.385372
-1.500000,-2.000000,2.449490
-1.400000,-2.000000,2.507987
-1.300000,-2.000000,2.561250
-1.200000,-2.000000,2.609598
-1.100000,-2.000000,2.653300
-1.000000,-2.000000,2.692582
-0.900000,-2.000000,2.727636
-0.800000,-2.000000,2.758623
-0.700000,-2.000000,2.785678
-0.600000,-2.000000,2.808914
-0.500000,-2.000000,1.722904
-0.400000,-2.000000,1.848853
-0.300000,-2.000000,2.856571
-0.200000,-2.000000,2.865310
-0.100000,-2.000000,2.870540
0.000000,-2.000000,2.872281
0.100000,-2.000000,2.870540
0.200000,-2.000000,2.865310
0.300000,-2.000000,2.856571
0.400000,-2.000000,2.844293
0.500000,-2.000000,2.828427
0.600000,-2.000000,2.808914
0.700000,-2.000000,2.785678
0.800000,-2.000000,2.758623
0.900000,-2.000000,2.727636
1.000000,-2.000000,2.692582
1.100000,-2.000000,2.653300
1.200000,-2.000000,2.609598
1.300000,-2.000000,2.561250
1.400000,-2.000000,2.507987
1.500000,-2.000000,2.449490
1.600000,-2.000000,2.385372
1.700000,-2.000000,2.315167
1.800000,-2.000000,2.238303
1.900000,-2.000000,2.154066
2.000000,-2.000000,2.061553
2.100000,-2.000000,1.959592
2.200000,-2.000000,1.846619
2.300000,-2.000000,1.720465
2.400000,-2.000000,1.577973
2.500000,-2.000000,1.414214
2.600000,-2.000000,1.220656
2.700000,-2.000000,0.979796
2.800000,-2.000000,0.640312
2.900000,-2.000000,
3.000000,-2.000000,
3.100000,-2.000000,
3.200000,-2.000000,
3.300000,-2.000000,
3.400000,-2.000000,
3.500000,-2.000000,
-3.500000,-1.900000,
-3.400000,-1.900000,
-3.300000,-1.900000,
-3.200000,-1.900000,
-3.100000,-1.900000,
-3.000000,-1.900000,
-2.900000,-1.900000,0.479583
-2.800000,-1.900000,0.894427
-2.700000,-1.900000,1.161895
-2.600000,-1.900000,1.371131
-2.500000,-1.900000,1.545962
-2.400000,-1.900000,1.697056
-2.300000,-1.900000,1.830301
-2.200000,-1.900000,1.949359
-2.100000,-1.900000,2.056696
-2.000000,-1.900000,2.154066
-1.900000,-1.900000,2.242766
-1.800000,-1.900000,2.323790
-1.700000,-1.900000,2.397916
-1.600000,-1.900000,2.465766
-1.500000,-1.900000,2.527845
-1.400000,-1.900000,2.584570
-1.300000,-1.900000,2.636285
-1.200000,-1.900000,2.683282
-1.100000,-1.900000,2.725803
-1.000000,-1.900000,2.764055
-0.900000,-1.900000,2.798214
-0.800000,-1.900000,2.828427
-0.700000,-1.900000,2.854820
-0.600000,-1.900000,2.877499
-0.500000,-1.900000,2.896550
-0.400000,-1.900000,1.889171
-0.300000,-1.900000,1.990858
-0.200000,-1.900000,2.932576
-0.100000,-1.900000,2.937686
0.000000,-1.900000,2.939388
0.100000,-1.900000,2.937686
0.200000,-1.900000,2.932576
0.300000,-1.900000,2.924038
0.400000,-1.900000,2.912044
0.500000,-1.900000,2.896550
0.600000,-1.900000,2.877499
0.700000,-1.900000,2.854820
0.800000,-1.900000,2.828427
0.900000,-1.900000,2.798214
1.000000,-1.900000,2.764055
1.100000,-1.900000,2.725803
1.200000,-1.900000,2.683282
1.300000,-1.900000,2.636285
1.400000,-1.900000,2.584570
1.500000,-1.900000,2.527845
1.600000,-1.900000,2.465766
1.700000,-1.900000,2.397916
1.800000,-1.900000,2.323790
1.900000,-1.900000,2.242766
2.000000,-1.900000,2.154066
2.100000,-1.900000,2.056696
2.200000,-1.900000,1.949359
2.300000,-1.900000,1.830301
2.400000,-1.900000,1.697056
2.500000,-1.900000,1.545962
2.600000,-1.900000,1.371131
2.700000,-1.900000,1.161895
2.800000,-1.900000,0.894427
2.900000,-1.900000,0.479583
3.000000,-1.900000,
3.100000,-1.900000,
3.200000,-1.900000,
3.300000,-1.900000,
3.400000,-1.900000,
3.500000,-1.900000,
-3.500000,-1.800000,
-3.400000,-1.800000,
-3.300000,-1.800000,
-3.200000,-1.800000,
-3.100000,-1.800000,
-3.000000,-1.800000,0.100000
-2.900000,-1.800000,0.774597
-2.800000,-1.800000,1.081665
-2.700000,-1.800000,1.311488
-2.600000,-1.800000,1.500000
-2.500000,-1.800000,1.661325
-2.400000,-1.800000,1.802776
-2.300000,-1.800000,1.928730
-2.200000,-1.800000,2.042058
-2.100000,-1.800000,2.144761
-2.000000,-1.800000,2.238303
-1.900000,-1.800000,2.323790
-1.800000,-1.800000,2.402082
-1.700000,-1.800000,2.473863
-1.600000,-1.800000,2.539685
-1.500000,-1.800000,2.600000
-1.400000,-1.800000,2.655184
-1.300000,-1.800000,2.705550
-1.200000,-1.800000,2.751363
-1.100000,-1.800000,2.792848
-1.000000,-1.800000,2.830194
-0.900000,-1.800000,2.863564
-0.800000,-1.800000,2.893095
-0.700000,-1.800000,2.918904
-0.600000,-1.800000,2.941088
-0.500000,-1.800000,2.959730
-0.400000,-1.800000,1.919776
-0.300000,-1.800000,2.019056
-0.200000,-1.800000,2.994996
-0.100000,-1.800000,3.000000
0.000000,-1.800000,3.001666
0.100000,-1.800000,3.000000
0.200000,-1.800000,2.994996
0.300000,-1.800000,2.986637
0.400000,-1.800000,2.974895
0.500000,-1.800000,2.959730
0.600000,-1.800000,2.941088
0.700000,-1.800000,2.918904
0.800000,-1.800000,2.893095
0.900000,-1.800000,2.863564
1.000000,-1.800000,2.830194
1.100000,-1.800000,2.792848
1.200000,-1.800000,2.751363
1.300000,-1.800000,2.705550
1.400000,-1.800000,2.655184
1.500000,-1.800000,2.600000
1.600000,-1.800000,2.539685
1.700000,-1.800000,2.473863
1.800000,-1.800000,2.402082
1.900000,-1.800000,2.323790
2.000000,-1.800000,2.238303
2.100000,-1.800000,2.144761
2.200000,-1.800000,2.042058
2.300000,-1.800000,1.928730
2.400000,-1.800000,1.802776
2.500000,-1.800000,1.661325
2.600000,-1.800000,1.500000
2.700000,-1.800000,1.311488
2.800000,-1.800000,1.081665
2.900000,-1.800000,0.774597
3.000000,-1.800000,0.100000
3.100000,-1.800000,
3.200000,-1.800000,
3.300000,-1.800000,
3.400000,-1.800000,
3.500000,-1.800000,
-3.500000,-1.700000,
-3.400000,-1.700000,
-3.300000,-1.700000,
-3.200000,-1.700000,
-3.100000,-1.700000,
-3.000000,-1.700000,0.600000
-2.900000,-1.700000,0.974679
-2.800000,-1.700000,1.232883
-2.700000,-1.700000,1.438749
-2.600000,-1.700000,1.612452
-2.500000,-1.700000,1.763519
-2.400000,-1.700000,1.897367
-2.300000,-1.700000,2.017424
-2.200000,-1.700000,2.126029
-2.100000,-1.700000,2.224860
-2.000000,-1.700000,2.315167
-1.900000,-1.700000,2.397916
-1.800000,-1.700000,2.473863
-1.700000,-1.700000,2.543619
-1.600000,-1.700000,2.607681
-1.500000,-1.700000,2.666458
-1.400000,-1.700000,2.720294
-1.300000,-1.700000,2.769476
-1.200000,-1.700000,2.814249
-1.100000,-1.700000,2.854820
-1.000000,-1.700000,2.891366
-0.900000,-1.700000,2.924038
-0.800000,-1.700000,2.952965
-0.700000,-1.700000,2.978255
-0.600000,-1.700000,3.000000
-0.500000,-1.700000,3.018278
-0.400000,-1.700000,1.941403
-0.300000,-1.700000,2.039046
-0.200000,-1.700000,2.122757
-0.100000,-1.700000,2.194921
0.000000,-1.700000,3.059412
0.100000,-1.700000,3.057777
0.200000,-1.700000,3.052868
0.300000,-1.700000,3.044667
0.400000,-1.700000,3.033150
0.500000,-1.700000,3.018278
0.600000,-1.700000,3.000000
0.700000,-1.700000,2.978255
0.800000,-1.700000,2.952965
0.900000,-1.700000,2.924038
1.000000,-1.700000,2.891366
1.100000,-1.700000,2.854820
1.200000,-1.700000,2.814249
1.300000,-1.700000,2.769476
1.400000,-1.700000,2.720294
1.500000,-1.700000,2.666458
1.600000,-1.700000,2.607681
1.700000,-1.700000,2.543619
1.800000,-1.700000,2.473863
1.900000,-1.700000,2.397916
2.000000,-1.700000,2.315167
2.100000,-1.700000,2.224860
2.200000,-1.700000,2.126029
2.300000,-1.700000,2.017424
2.400000,-1.700000,1.897367
2.500000,-1.700000,1.763519
2.600000,-1.700000,1.612452
2.700000,-1.700000,1.438749
2.800000,-1.700000,1.232883
2.900000,-1.700000,0.974679
3.000000,-1.700000,0.600000
3.100000,-1.700000,
3.200000,-1.700000,
3.300000,-1.700000,
3.400000,-1.700000,
3.500000,-1.700000,
-3.500000,-1.600000,
-3.400000,-1.600000,
-3.300000,-1.600000,
-3.200000,-1.600000,
-3.100000,-1.600000,0.282843
-3.000000,-1.600000,0.830662
-2.900000,-1.600000,1.131371
-2.800000,-1.600000,1.360147
-2.700000,-1.600000,1.549193
-2.600000,-1.600000,1.711724
-2.500000,-1.600000,1.854724
-2.400000,-1.600000,1.982423
-2.300000,-1.600000,2.097618
-2.200000,-1.600000,2.202272
-2.100000,-1.600000,2.297825
-2.000000,-1.600000,2.385372
-1.900000,-1.600000,2.465766
-1.800000,-1.600000,2.539685
-1.700000,-1.600000,2.607681
-1.600000,-1.600000,2.670206
-1.500000,-1.600000,2.727636
-1.400000,-1.600000,2.780288
-1.300000,-1.600000,2.828427
-1.200000,-1.600000,2.872281
-1.100000,-1.600000,2.912044
-1.000000,-1.600000,2.947881
-0.900000,-1.600000,2.979933
-0.800000,-1.600000,3.008322
-0.700000,-1.600000,3.033150
-0.600000,-1.600000,3.054505
-0.500000,-1.600000,3.072458
-0.400000,-1.600000,1.954527
-0.300000,-1.600000,2.051202
-0.200000,-1.600000,2.134189
-0.100000,-1.600000,2.205795
0.000000,-1.600000,2.267609
0.100000,-1.600000,3.111270
0.200000,-1.600000,3.106445
0.300000,-1.600000,3.098387
0.400000,-1.600000,3.087070
0.500000,-1.600000,3.072458
0.600000,-1.600000,3.054505
0.700000,-1.600000,3.033150
0.800000,-1.600000,3.008322
0.900000,-1.600000,2.979933
1.000000,-1.600000,2.947881
1.100000,-1.600000,2.912044
1.200000,-1.600000,2.872281
1.300000,-1.600000,2.828427
1.400000,-1.600000,2.780288
1.500000,-1.600000,2.727636
1.600000,-1.600000,2.670206
1.700000,-1.600000,2.607681
1.800000,-1.600000,2.539685
1.900000,-1.600000,2.465766
2.000000,-1.600000,2.385372
2.100000,-1.600000,2.297825
2.200000,-1.600000,2.202272
2.300000,-1.600000,2.097618
2.400000,-1.600000,1.982423
2.500000,-1.600000,1.854724
2.600000,-1.600000,1.711724
2.700000,-1.600000,1.549193
2.800000,-1.600000,1.360147
2.900000,-1.600000,1.131371
3.000000,-1.600000,0.830662
3.100000,-1.600000,0.282843
3.200000,-1.600000,
3.300000,-1.600000,
3.400000,-1.600000,
3.500000,-1.600000,
-3.500000,-1.500000,
-3.400000,-1.500000,
-3.300000,-1.500000,
-3.200000,-1.500000,
-3.100000,-1.500000,0.624500
-3.000000,-1.500000,1.000000
-2.900000,-1.500000,1.260952
-2.800000,-1.500000,1.469694
-2.700000,-1.500000,1.646208
-2.600000,-1.500000,1.800000
-2.500000,-1.500000,1.936492
-2.400000,-1.500000,2.059126
-2.300000,-1.500000,2.170253
-2.200000,-1.500000,2.271563
-2.100000,-1.500000,2.364318
-2.000000,-1.500000,2.449490
-1.900000,-1.500000,2.527845
-1.800000,-1.500000,2.600000
-1.700000,-1.500000,2.666458
-1.600000,-1.500000,2.727636
-1.500000,-1.500000,2.783882
-1.400000,-1.500000,2.835489
-1.300000,-1.500000,2.882707
-1.200000,-1.500000,2.925748
-1.100000,-1.500000,2.964793
-1.000000,-1.500000,3.000000
-0.900000,-1.500000,3.031501
-0.800000,-1.500000,3.059412
-0.700000,-1.500000,3.083829
-0.600000,-1.500000,3.104835
-0.500000,-1.500000,3.122499
-0.400000,-1.500000,1.959420
-0.300000,-1.500000,2.055739
-0.200000,-1.500000,2.138459
-0.100000,-1.500000,2.209859
0.000000,-1.500000,2.271510
0.100000,-1.500000,2.324542
0.200000,-1.500000,3.155947
0.300000,-1.500000,3.148015
0.400000,-1.500000,3.136877
0.500000,-1.500000,3.122499
0.600000,-1.500000,3.104835
0.700000,-1.500000,3.083829
0.800000,-1.500000,3.059412
0.900000,-1.500000,3.031501
1.000000,-1.500000,3.000000
1.100000,-1.500000,2.964793
1.200000,-1.500000,2.925748
1.300000,-1.500000,2.882707
1.400000,-1.500000,2.835489
1.500000,-1.500000,2.783882
1.600000,-1.500000,2.727636
1.700000,-1.500000,2.666458
1.800000,-1.500000,2.600000
1.900000,-1.500000,2.527845
2.000000,-1.500000,2.449490
2.100000,-1.500000,2.364318
2.200000,-1.500000,2.271563
2.300000,-1.500000,2.170253
2.400000,-1.500000,2.059126
2.500000,-1.500000,1.936492
2.600000,-1.500000,1.800000
2.700000,-1.500000,1.646208
2.800000,-1.500000,1.469694
2.900000,-1.500000,1.260952
3.000000,-1.500000,1.000000
3.100000,-1.500000,0.624500
3.200000,-1.500000,
3.300000,-1.500000,
3.400000,-1.500000,
3.500000,-1.500000,
-3.500000,-1.400000,
-3.400000,-1.400000,
-3.300000,-1.400000,
-3.200000,-1.400000,0.223607
-3.100000,-1.400000,0.824621
-3.000000,-1.400000,1.135782
-2.900000,-1.400000,1.371131
-2.800000,-1.400000,1.565248
-2.700000,-1.400000,1.732051
-2.600000,-1.400000,1.878829
-2.500000,-1.400000,2.009975
-2.400000,-1.400000,2.128380
-2.300000,-1.400000,2.236068
-2.200000,-1.400000,2.334524
-2.100000,-1.400000,2.424871
-2.000000,-1.400000,2.507987
-1.900000,-1.400000,2.584570
-1.800000,-1.400000,2.655184
-1.700000,-1.400000,2.720294
-1.600000,-1.400000,2.780288
-1.500000,-1.400000,2.835489
-1.400000,-1.400000,2.886174
-1.300000,-1.400000,2.932576
-1.200000,-1.400000,2.974895
-1.100000,-1.400000,3.013304
-1.000000,-1.400000,3.047950
-0.900000,-1.400000,3.078961
-0.800000,-1.400000,3.106445
-0.700000,-1.400000,3.130495
-0.600000,-1.400000,3.151190
-0.500000,-1.400000,3.168596
-0.400000,-1.400000,1.956180
-0.300000,-1.400000,2.052735
-0.200000,-1.400000,2.135632
-0.100000,-1.400000,2.207168
0.000000,-1.400000,2.268927
0.100000,-1.400000,2.322044
0.200000,-1.400000,2.367360
0.300000,-1.400000,2.405508
0.400000,-1.400000,3.182766
0.500000,-1.400000,3.168596
0.600000,-1.400000,3.151190
0.700000,-1.400000,3.130495
0.800000,-1.400000,3.106445
0.900000,-1.400000,3.078961
1.000000,-1.400000,3.047950
1.100000,-1.400000,3.013304
1.200000,-1.400000,2.974895
1.300000,-1.400000,2.932576
1.400000,-1.400000,2.886174
1.500000,-1.400000,2.835489
1.600000,-1.400000,2.780288
1.700000,-1.400000,2.720294
1.800000,-1.400000,2.655184
1.900000,-1.400000,2.584570
2.000000,-1.400000,2.507987
2.100000,-1.400000,2.167635
2.200000,-1.400000,2.156627
2.300000,-1.400000,2.140034
2.400000,-1.400000,2.117702
2.500000,-1.400000,2.009975
2.600000,-1.400000,1.878829
2.700000,-1.400000,1.732051
2.800000,-1.400000,1.565248
2.900000,-1.400000,1.371131
3.000000,-1.400000,1.135782
3.100000,-1.400000,0.824621
3.200000,-1.400000,0.223607
3.300000,-1.400000,
3.400000,-1.400000,
3.500000,-1.400000,
-3.500000,-1.300000,
-3.400000,-1.300000,
-3.300000,-1.300000,
-3.200000,-1.300000,0.565685
-3.100000,-1.300000,0.974679
-3.000000,-1.300000,1.249000
-2.900000,-1.300000,1.466288
-2.800000,-1.300000,1.649242
-2.700000,-1.300000,1.808314
-2.600000,-1.300000,1.949359
-2.500000,-1.300000,2.076054
-2.400000,-1.300000,2.190890
-2.300000,-1.300000,2.295648
-2.200000,-1.300000,2.391652
-2.100000,-1.300000,2.479919
-2.000000,-1.300000,2.561250
-1.900000,-1.300000,2.636285
-1.800000,-1.300000,2.705550
-1.700000,-1.300000,2.769476
-1.600000,-1.300000,2.828427
-1.500000,-1.300000,2.882707
-1.400000,-1.300000,2.932576
-1.300000,-1.300000,2.978255
-1.200000,-1.300000,3.019934
-1.100000,-1.300000,3.057777
-1.000000,-1.300000,3.091925
-0.900000,-1.300000,3.122499
-0.800000,-1.300000,3.149603
-0.700000,-1.300000,3.173326
-0.600000,-1.300000,3.193744
-0.500000,-1.300000,3.210919
-0.400000,-1.300000,1.944743
-0.300000,-1.300000,2.042138
-0.200000,-1.300000,2.125663
-0.100000,-1.300000,2.197685
0.000000,-1.300000,2.259826
0.100000,-1.300000,2.313248
0.200000,-1.300000,2.358809
0.300000,-1.300000,2.397152
0.400000,-1.300000,2.428765
0.500000,-1.300000,2.454018
0.600000,-1.300000,2.473188
0.700000,-1.300000,3.173326
0.800000,-1.300000,3.149603
0.900000,-1.300000,3.122499
1.000000,-1.300000,3.091925
1.100000,-1.300000,3.057777
1.200000,-1.300000,3.019934
1.300000,-1.300000,2.978255
1.400000,-1.300000,2.932576
1.500000,-1.300000,2.882707
1.600000,-1.300000,2.828427
1.700000,-1.300000,2.769476
1.800000,-1.300000,2.239440
1.900000,-1.300000,2.174044
2.000000,-1.300000,2.129401
2.100000,-1.300000,2.123743
2.200000,-1.300000,2.112463
2.300000,-1.300000,2.095455
2.400000,-1.300000,2.072552
2.500000,-1.300000,2.043515
2.600000,-1.300000,1.949359
2.700000,-1.300000,1.808314
2.800000,-1.300000,1.649242
2.900000,-1.300000,1.466288
3.000000,-1.300000,1.249000
3.100000,-1.300000,0.974679
3.200000,-1.300000,0.565685
3.300000,-1.300000,
3.400000,-1.300000,
3.500000,-1.300000,
-3.500000,-1.200000,
-3.400000,-1.200000,
-3.300000,-1.200000,
-3.200000,-1.200000,0.754983
-3.100000,-1.200000,1.095445
-3.000000,-1.200000,1.345362
-2.900000,-1.200000,1.549193
-2.800000,-1.200000,1.723369
-2.700000,-1.200000,1.876166
-2.600000,-1.200000,2.012461
-2.500000,-1.200000,2.135416
-2.400000,-1.200000,2.247221
-2.300000,-1.200000,2.349468
-2.200000,-1.200000,2.443358
-2.100000,-1.200000,2.529822
-2.000000,-1.200000,2.609598
-1.900000,-1.200000,2.683282
-1.800000,-1.200000,2.751363
-1.700000,-1.200000,2.814249
-1.600000,-1.200000,2.872281
-1.500000,-1.200000,2.925748
-1.400000,-1.200000,2.974895
-1.300000,-1.200000,3.019934
-1.200000,-1.200000,3.061046
-1.100000,-1.200000,3.098387
-1.000000,-1.200000,3.132092
-0.900000,-1.200000,3.162278
-0.800000,-1.200000,3.189044
-0.700000,-1.200000,3.212476
-0.600000,-1.200000,3.232646
-0.500000,-1.200000,3.249615
-0.400000,-1.200000,1.924873
-0.300000,-1.200000,2.023762
-0.200000,-1.200000,2.108399
-0.100000,-1.200000,2.181277
0.000000,-1.200000,2.244090
0.100000,-1.200000,2.298048
0.200000,-1.200000,2.344037
0.300000,-1.200000,2.382722
0.400000,-1.200000,2.414606
0.500000,-1.200000,2.440068
0.600000,-1.200000,2.459392
0.700000,-1.200000,2.472782
0.800000,-1.200000,2.480373
0.900000,-1.200000,2.482242
1.000000,-1.200000,2.478405
1.100000,-1.200000,2.468827
1.200000,-1.200000,2.453410
1.300000,-1.200000,2.431997
1.400000,-1.200000,2.404357
1.500000,-1.200000,2.370177
1.600000,-1.200000,2.329038
1.700000,-1.200000,2.280387
1.800000,-1.200000,2.223490
1.900000,-1.200000,2.157365
2.000000,-1.200000,2.080657
2.100000,-1.200000,2.073019
2.200000,-1.200000,2.061409
2.300000,-1.200000,2.043895
2.400000,-1.200000,2.020292
2.500000,-1.200000,1.990342
2.600000,-1.200000,1.953693
2.700000,-1.200000,1.876166
2.800000,-1.200000,1.723369
2.900000,-1.200000,1.549193
3.000000,-1.200000,1.345362
3.100000,-1.200000,1.095445
3.200000,-1.200000,0.754983
3.300000,-1.200000,
3.400000,-1.200000,
3.500000,-1.200000,
-3.500000,-1.100000,
-3.400000,-1.100000,
-3.300000,-1.100000,0.387298
-3.200000,-1.100000,0.894427
-3.100000,-1.100000,1.195826
-3.000000,-1.100000,1.428286
-2.900000,-1.100000,1.621727
-2.800000,-1.100000,1.788854
-2.700000,-1.100000,1.936492
-2.600000,-1.100000,2.068816
-2.500000,-1.100000,2.188607
-2.400000,-1.100000,2.297825
-2.300000,-1.100000,2.397916
-2.200000,-1.100000,2.489980
-2.100000,-1.100000,2.574879
-2.000000,-1.100000,2.653300
-1.900000,-1.100000,2.725803
-1.800000,-1.100000,2.792848
-1.700000,-1.100000,2.854820
-1.600000,-1.100000,2.912044
-1.500000,-1.100000,2.964793
-1.400000,-1.100000,3.013304
-1.300000,-1.100000,3.057777
-1.200000,-1.100000,3.098387
-1.100000,-1.100000,3.135283
-1.000000,-1.100000,3.168596
-0.900000,-1.100000,3.198437
-0.800000,-1.100000,3.224903
-0.700000,-1.100000,3.248076
-0.600000,-1.100000,3.268027
-0.500000,-1.100000,3.284814
-0.400000,-1.100000,1.896140
-0.300000,-1.100000,1.997269
-0.200000,-1.100000,2.083561
-0.100000,-1.100000,2.157705
0.000000,-1.100000,2.221510
0.100000,-1.100000,2.276255
0.200000,-1.100000,2.322872
0.300000,-1.100000,2.362059
0.400000,-1.100000,2.394338
0.500000,-1.100000,2.420105
0.600000,-1.100000,2.439654
0.700000,-1.100000,2.453197
0.800000,-1.100000,2.460874
0.900000,-1.100000,2.462764
1.000000,-1.100000,2.458884
1.100000,-1.100000,2.449197
1.200000,-1.100000,2.433603
1.300000,-1.100000,2.411938
1.400000,-1.100000,2.383964
1.500000,-1.100000,2.349354
1.600000,-1.100000,2.307673
1.700000,-1.100000,2.258342
1.800000,-1.100000,2.200595
1.900000,-1.100000,2.133392
2.000000,-1.100000,2.055300
2.100000,-1.100000,2.014848
2.200000,-1.100000,2.002835
2.300000,-1.100000,1.984700
2.400000,-1.100000,1.960241
2.500000,-1.100000,1.929166
2.600000,-1.100000,1.891081
2.700000,-1.100000,1.845456
2.800000,-1.100000,1.788854
2.900000,-1.100000,1.621727
3.000000,-1.100000,1.428286
3.100000,-1.100000,1.195826
3.200000,-1.100000,0.894427
3.300000,-1.100000,0.387298
3.400000,-1.100000,
3.500000,-1.100000,
-3.500000,-1.000000,
-3.400000,-1.000000,
-3.300000,-1.000000,0.600000
-3.200000,-1.000000,1.004988
-3.100000,-1.000000,1.280625
-3.000000,-1.000000,1.500000
-2.900000,-1.000000,1.685230
-2.800000,-1.000000,1.846619
-2.700000,-1.000000,1.989975
-2.600000,-1.000000,2.118962
-2.500000,-1.000000,2.236068
-2.400000,-1.000000,2.343075
-2.300000,-1.000000,2.441311
-2.200000,-1.000000,2.531798
-2.100000,-1.000000,2.615339
-2.000000,-1.000000,2.692582
-1.900000,-1.000000,2.764055
-1.800000,-1.000000,2.830194
-1.700000,-1.000000,2.891366
-1.600000,-1.000000,2.947881
-1.500000,-1.000000,3.000000
-1.400000,-1.000000,3.047950
-1.300000,-1.000000,3.091925
-1.200000,-1.000000,3.132092
-1.100000,-1.000000,3.168596
-1.000000,-1.000000,3.201562
-0.900000,-1.000000,3.231099
-0.800000,-1.000000,3.257299
-0.700000,-1.000000,3.280244
-0.600000,-1.000000,3.300000
-0.500000,-1.000000,3.316625
-0.400000,-1.000000,1.857869
-0.300000,-1.000000,1.962137
-0.200000,-1.000000,2.050723
-0.100000,-1.000000,2.126608
0.000000,-1.000000,2.191769
0.100000,-1.000000,2.247585
0.200000,-1.000000,2.295056
0.300000,-1.000000,2.334920
0.400000,-1.000000,2.367734
0.500000,-1.000000,2.393912
0.600000,-1.000000,2.413765
0.700000,-1.000000,2.427515
0.800000,-1.000000,2.435307
0.900000,-1.000000,2.437225
1.000000,-1.000000,2.433287
1.100000,-1.000000,2.423454
1.200000,-1.000000,2.407621
1.300000,-1.000000,2.385616
1.400000,-1.000000,2.357190
1.500000,-1.000000,2.321999
1.600000,-1.000000,2.279584
1.700000,-1.000000,2.229331
1.800000,-1.000000,2.170422
1.900000,-1.000000,2.101745
2.000000,-1.000000,2.021745
2.100000,-1.000000,1.948427
2.200000,-1.000000,1.935916
2.300000,-1.000000,1.917017
2.400000,-1.000000,1.891497
2.500000,-1.000000,1.859026
2.600000,-1.000000,1.819147
2.700000,-1.000000,1.771247
2.800000,-1.000000,1.714492
2.900000,-1.000000,1.647740
3.000000,-1.000000,1.500000
3.100000,-1.000000,1.280625
3.200000,-1.000000,1.004988
3.300000,-1.000000,0.600000
3.400000,-1.000000,
3.500000,-1.000000,
-3.500000,-0.900000,
-3.400000,-0.900000,
-3.300000,-0.900000,0.741620
-3.200000,-0.900000,1.095445
-3.100000,-0.900000,1.352775
-3.000000,-0.900000,1.562050
-2.900000,-0.900000,1.740690
-2.800000,-0.900000,1.897367
-2.700000,-0.900000,2.037155
-2.600000,-0.900000,2.163331
-2.500000,-0.900000,2.278157
-2.400000,-0.900000,2.383275
-2.300000,-0.900000,2.479919
-2.200000,-0.900000,2.569047
-2.100000,-0.900000,2.651415
-2.000000,-0.900000,2.727636
-1.900000,-0.900000,2.798214
-1.800000,-0.900000,2.863564
-1.700000,-0.900000,2.924038
-1.600000,-0.900000,2.979933
-1.500000,-0.900000,3.031501
-1.400000,-0.900000,3.078961
-1.300000,-0.900000,3.122499
-1.200000,-0.900000,3.162278
-1.100000,-0.900000,3.198437
-1.000000,-0.900000,3.231099
-0.900000,-0.900000,3.260368
-0.800000,-0.900000,3.286335
-0.700000,-0.900000,3.309078
-0.600000,-0.900000,3.328663
-0.500000,-0.900000,1.905610
-0.400000,-0.900000,1.809047
-0.300000,-0.900000,1.917601
-0.200000,-0.900000,2.009269
-0.100000,-0.900000,2.087469
0.000000,-0.900000,2.154419
0.100000,-0.900000,2.211641
0.200000,-0.900000,2.260225
0.300000,-0.900000,2.300973
0.400000,-0.900000,2.334479
0.500000,-0.900000,2.361191
0.600000,-0.900000,2.381437
0.700000,-0.900000,2.395453
0.800000,-0.900000,2.403394
0.900000,-0.900000,2.405349
1.000000,-0.900000,2.401336
1.100000,-0.900000,2.391314
1.200000,-0.900000,2.375172
1.300000,-0.900000,2.352728
1.400000,-0.900000,2.323716
1.500000,-0.900000,2.287771
1.600000,-0.900000,2.244398
1.700000,-0.900000,2.192939
1.800000,-0.900000,2.132505
1.900000,-0.900000,2.061877
2.000000,-0.900000,1.979331
2.100000,-0.900000,1.882313
2.200000,-0.900000,1.859558
2.300000,-0.900000,1.839704
2.400000,-0.900000,1.812854
2.500000,-0.900000,1.778620
2.600000,-0.900000,1.736463
2.700000,-0.900000,1.685643
2.800000,-0.900000,1.625142
2.900000,-0.900000,1.553522
3.000000,-0.900000,1.468688
3.100000,-0.900000,1.352775
3.200000,-0.900000,1.095445
3.300000,-0.900000,0.741620
3.400000,-0.900000,
3.500000,-0.900000,
-3.500000,-0.800000,
-3.400000,-0.800000,0.223607
-3.300000,-0.800000,0.848528
-3.200000,-0.800000,1.170470
-3.100000,-0.800000,1.414214
-3.000000,-0.800000,1.615549
-2.900000,-0.800000,1.788854
-2.800000,-0.800000,1.941649
-2.700000,-0.800000,2.078461
-2.600000,-0.800000,2.202272
-2.500000,-0.800000,2.315167
-2.400000,-0.800000,2.418677
-2.300000,-0.800000,2.513961
-2.200000,-0.800000,2.601922
-2.100000,-0.800000,2.683282
-2.000000,-0.800000,2.758623
-1.900000,-0.800000,2.828427
-1.800000,-0.800000,2.893095
-1.700000,-0.800000,2.952965
-1.600000,-0.800000,3.008322
-1.500000,-0.800000,3.059412
-1.400000,-0.800000,3.106445
-1.300000,-0.800000,3.149603
-1.200000,-0.800000,3.189044
-1.100000,-0.800000,3.224903
-1.000000,-0.800000,3.257299
-0.900000,-0.800000,3.286335
-0.800000,-0.800000,3.312099
-0.700000,-0.800000,3.334666
-0.600000,-0.800000,3.354102
-0.500000,-0.800000,1.939044
-0.400000,-0.800000,1.831353
-0.300000,-0.800000,1.862554
-0.200000,-0.800000,1.958329
-0.100000,-0.800000,2.039570
0.000000,-0.800000,2.108843
0.100000,-0.800000,2.167877
0.200000,-0.800000,2.217889
0.300000,-0.800000,2.259763
0.400000,-0.800000,2.294151
0.500000,-0.800000,2.321539
0.600000,-0.800000,2.342282
0.700000,-0.800000,2.356635
0.800000,-0.800000,2.364765
0.900000,-0.800000,2.366765
1.000000,-0.800000,2.362658
1.100000,-0.800000,2.352397
1.200000,-0.800000,2.335864
1.300000,-0.800000,2.312864
1.400000,-0.800000,2.283109
1.500000,-0.800000,2.246202
1.600000,-0.800000,2.201607
1.700000,-0.800000,2.148599
1.800000,-0.800000,2.086194
1.900000,-0.800000,2.013024
2.000000,-0.800000,1.927121
2.100000,-0.800000,1.825498
2.200000,-0.800000,1.772263
2.300000,-0.800000,1.751189
2.400000,-0.800000,1.722633
2.500000,-0.800000,1.686123
2.600000,-0.800000,1.640994
2.700000,-0.800000,1.586317
2.800000,-0.800000,1.520778
2.900000,-0.800000,1.442458
3.000000,-0.800000,1.348410
3.100000,-0.800000,1.233736
3.200000,-0.800000,1.170470
3.300000,-0.800000,0.848528
3.400000,-0.800000,0.223607
3.500000,-0.800000,
-3.500000,-0.700000,
-3.400000,-0.700000,0.447214
-3.300000,-0.700000,0.932738
-3.200000,-0.700000,1.232883
-3.100000,-0.700000,1.466288
-3.000000,-0.700000,1.661325
-2.900000,-0.700000,1.830301
-2.800000,-0.700000,1.979899
-2.700000,-0.700000,2.114237
-2.600000,-0.700000,2.236068
-2.500000,-0.700000,2.347339
-2.400000,-0.700000,2.449490
-2.300000,-0.700000,2.543619
-2.200000,-0.700000,2.630589
-2.100000,-0.700000,2.711088
-2.000000,-0.700000,2.785678
-1.900000,-0.700000,2.854820
-1.800000,-0.700000,2.918904
-1.700000,-0.700000,2.978255
-1.600000,-0.700000,3.033150
-1.500000,-0.700000,3.083829
-1.400000,-0.700000,3.130495
-1.300000,-0.700000,3.173326
-1.200000,-0.700000,3.212476
-1.100000,-0.700000,3.248076
-1.000000,-0.700000,3.280244
-0.900000,-0.700000,3.309078
-0.800000,-0.700000,3.334666
-0.700000,-0.700000,3.357082
-0.600000,-0.700000,3.376389
-0.500000,-0.700000,1.963704
-0.400000,-0.700000,1.858310
-0.300000,-0.700000,1.795372
-0.200000,-0.700000,1.896664
-0.100000,-0.700000,1.981905
0.000000,-0.700000,2.054193
0.100000,-0.700000,2.115554
0.200000,-0.700000,2.167384
0.300000,-0.700000,2.210685
0.400000,-0.700000,2.246185
0.500000,-0.700000,2.274423
0.600000,-0.700000,2.295789
0.700000,-0.700000,2.310564
0.800000,-0.700000,2.318929
0.900000,-0.700000,2.320987
1.000000,-0.700000,2.316761
1.100000,-0.700000,2.306202
1.200000,-0.700000,2.289180
1.300000,-0.700000,2.265482
1.400000,-0.700000,2.234792
1.500000,-0.700000,2.196672
1.600000,-0.700000,2.150525
1.700000,-0.700000,2.095539
1.800000,-0.700000,2.030595
1.900000,-0.700000,1.954112
2.000000,-0.700000,1.863763
2.100000,-0.700000,1.755897
2.200000,-0.700000,1.671897
2.300000,-0.700000,1.649220
2.400000,-0.700000,1.618405
2.500000,-0.700000,1.578851
2.600000,-0.700000,1.529692
2.700000,-0.700000,1.469686
2.800000,-0.700000,1.397004
2.900000,-0.700000,1.308826
3.000000,-0.700000,1.200451
3.100000,-0.700000,1.164481
3.200000,-0.700000,1.148767
3.300000,-0.700000,0.932738
3.400000,-0.700000,0.447214
3.500000,-0.700000,
-3.500000,-0.600000,
-3.400000,-0.600000,0.574456
-3.300000,-0.600000,1.000000
-3.200000,-0.600000,1.284523
-3.100000,-0.600000,1.509967
-3.000000,-0.600000,1.700000
-2.900000,-0.600000,1.865476
-2.800000,-0.600000,2.012461
-2.700000,-0.600000,2.144761
-2.600000,-0.600000,2.264950
-2.500000,-0.600000,2.374868
-2.400000,-0.600000,2.475884
-2.300000,-0.600000,2.569047
-2.200000,-0.600000,2.655184
-2.100000,-0.600000,2.734959
-2.000000,-0.600000,2.808914
-1.900000,-0.600000,2.877499
-1.800000,-0.600000,2.941088
-1.700000,-0.600000,3.000000
-1.600000,-0.600000,3.054505
-1.500000,-0.600000,3.104835
-1.400000,-0.600000,3.151190
-1.300000,-0.600000,3.193744
-1.200000,-0.600000,3.232646
-1.100000,-0.600000,3.268027
-1.000000,-0.600000,3.300000
-0.900000,-0.600000,3.328663
-0.800000,-0.600000,3.354102
-0.700000,-0.600000,3.376389
-0.600000,-0.600000,2.068898
-0.500000,-0.600000,1.980097
-0.400000,-0.600000,1.876175
-0.300000,-0.600000,1.752658
-0.200000,-0.600000,1.822463
-0.100000,-0.600000,1.913052
0.000000,-0.600000,1.989292
0.100000,-0.600000,2.053659
0.200000,-0.600000,2.107816
0.300000,-0.600000,2.152928
0.400000,-0.600000,2.189831
0.500000,-0.600000,2.219136
0.600000,-0.600000,2.241283
0.700000,-0.600000,2.256584
0.800000,-0.600000,2.265243
0.900000,-0.600000,2.267373
1.000000,-0.600000,2.263000
1.100000,-0.600000,2.252068
1.200000,-0.600000,2.234435
1.300000,-0.600000,2.209861
1.400000,-0.600000,2.177995
1.500000,-0.600000,2.138341
1.600000,-0.600000,2.090220
1.700000,-0.600000,2.032695
1.800000,-0.600000,1.964455
1.900000,-0.600000,1.883605
2.000000,-0.600000,1.787260
2.100000,-0.600000,1.670684
2.200000,-0.600000,1.555250
2.300000,-0.600000,1.530371
2.400000,-0.600000,1.496420
2.500000,-0.600000,1.452574
2.600000,-0.600000,1.397614
2.700000,-0.600000,1.329709
2.800000,-0.600000,1.245982
2.900000,-0.600000,1.141548
3.000000,-0.600000,1.122074
3.100000,-0.600000,1.111791
3.200000,-0.600000,1.095592
3.300000,-0.600000,1.000000
3.400000,-0.600000,0.574456
3.500000,-0.600000,
-3.500000,-0.500000,
-3.400000,-0.500000,0.663325
-3.300000,-0.500000,1.053565
-3.200000,-0.500000,1.326650
-3.100000,-0.500000,1.545962
-3.000000,-0.500000,1.732051
-2.900000,-0.500000,1.894730
-2.800000,-0.500000,2.039608
-2.700000,-0.500000,2.170253
-2.600000,-0.500000,2.289105
-2.500000,-0.500000,2.397916
-2.400000,-0.500000,2.497999
-2.300000,-0.500000,2.590367
-2.200000,-0.500000,2.675818
-2.100000,-0.500000,2.754995
-2.000000,-0.500000,2.828427
-1.900000,-0.500000,2.896550
-1.800000,-0.500000,2.959730
-1.700000,-0.500000,3.018278
-1.600000,-0.500000,3.072458
-1.500000,-0.500000,3.122499
-1.400000,-0.500000,3.168596
-1.300000,-0.500000,3.210919
-1.200000,-0.500000,3.249615
-1.100000,-0.500000,3.284814
-1.000000,-0.500000,3.316625
-0.900000,-0.500000,3.345146
-0.800000,-0.500000,3.370460
-0.700000,-0.500000,3.392639
-0.600000,-0.500000,2.076797
-0.500000,-0.500000,1.988541
-0.400000,-0.500000,1.885359
-0.300000,-0.500000,1.762911
-0.200000,-0.500000,1.732953
-0.100000,-0.500000,1.830917
0.000000,-0.500000,1.912454
0.100000,-0.500000,1.980775
0.200000,-0.500000,2.037948
0.300000,-0.500000,2.085383
0.400000,-0.500000,2.124072
0.500000,-0.500000,2.154728
0.600000,-0.500000,2.177859
0.700000,-0.500000,2.193823
0.800000,-0.500000,2.202850
0.900000,-0.500000,2.205070
1.000000,-0.500000,2.200512
1.100000,-0.500000,2.189112
1.200000,-0.500000,2.170710
1.300000,-0.500000,2.145033
1.400000,-0.500000,2.111674
1.500000,-0.500000,2.070062
1.600000,-0.500000,2.019400
1.700000,-0.500000,1.958570
1.800000,-0.500000,1.885971
1.900000,-0.500000,1.799215
2.000000,-0.500000,1.694497
2.100000,-0.500000,1.565105
2.200000,-0.500000,1.417094
2.300000,-0.500000,1.388972
2.400000,-0.500000,1.350325
2.500000,-0.500000,1.299894
2.600000,-0.500000,1.235712
2.700000,-0.500000,1.154574
2.800000,-0.500000,1.065366
2.900000,-0.500000,1.066710
3.000000,-0.500000,1.062080
3.100000,-0.500000,1.051426
3.200000,-0.500000,1.034632
3.300000,-0.500000,1.011507
3.400000,-0.500000,0.663325
3.500000,-0.500000,
-3.500000,-0.400000,
-3.400000,-0.400000,0.728011
-3.300000,-0.400000,1.095445
-3.200000,-0.400000,1.360147
-3.100000,-0.400000,1.574802
-3.000000,-0.400000,1.757840
-2.900000,-0.400000,1.918333
-2.800000,-0.400000,2.061553
-2.700000,-0.400000,2.190890
-2.600000,-0.400000,2.308679
-2.500000,-0.400000,2.416609
-2.400000,-0.400000,2.515949
-2.300000,-0.400000,2.607681
-2.200000,-0.400000,2.692582
-2.100000,-0.400000,2.771281
-2.000000,-0.400000,2.844293
-1.900000,-0.400000,2.912044
-1.800000,-0.400000,2.974895
-1.700000,-0.400000,3.033150
-1.600000,-0.400000,3.087070
-1.500000,-0.400000,3.136877
-1.400000,-0.400000,3.182766
-1.300000,-0.400000,3.224903
-1.200000,-0.400000,3.263434
-1.100000,-0.400000,3.298485
-1.000000,-0.400000,3.330165
-0.900000,-0.400000,3.358571
-0.800000,-0.400000,3.383785
-0.700000,-0.400000,2.153427
-0.600000,-0.400000,2.077404
-0.500000,-0.400000,1.989189
-0.400000,-0.400000,1.886064
-0.300000,-0.400000,1.763697
-0.200000,-0.400000,1.623559
-0.100000,-0.400000,1.732248
0.000000,-0.400000,1.821167
0.100000,-0.400000,1.894844
0.200000,-0.400000,1.956023
0.300000,-0.400000,2.006501
0.400000,-0.400000,2.047505
0.500000,-0.400000,2.079897
0.600000,-0.400000,2.104287
0.700000,-0.400000,2.121093
0.800000,-0.400000,2.130589
0.900000,-0.400000,2.132922
1.000000,-0.400000,2.128129
1.100000,-0.400000,2.116136
1.200000,-0.400000,2.096754
1.300000,-0.400000,2.069661
1.400000,-0.400000,2.034380
1.500000,-0.400000,1.990223
1.600000,-0.400000,1.936219
1.700000,-0.400000,1.870971
1.800000,-0.400000,1.792416
1.900000,-0.400000,1.697325
2.000000,-0.400000,1.580181
2.100000,-0.400000,1.430036
2.200000,-0.400000,1.247759
2.300000,-0.400000,1.214266
2.400000,-0.400000,1.167593
2.500000,-0.400000,1.105360
2.600000,-0.400000,1.023390
2.700000,-0.400000,0.989406
2.800000,-0.400000,0.997051
2.900000,-0.400000,0.998452
3.000000,-0.400000,0.993624
3.100000,-0.400000,0.982513
3.200000,-0.400000,0.964984
3.300000,-0.400000,0.940819
3.400000,-0.400000,0.728011
3.500000,-0.400000,
-3.500000,-0.300000,
-3.400000,-0.300000,0.774597
-3.300000,-0.300000,1.126943
-3.200000,-0.300000,1.385641
-3.100000,-0.300000,1.596872
-3.000000,-0.300000,1.777639
-2.900000,-0.300000,1.936492
-2.800000,-0.300000,2.078461
-2.700000,-0.300000,2.206808
-2.600000,-0.300000,2.323790
-2.500000,-0.300000,2.431049
-2.400000,-0.300000,2.529822
-2.300000,-0.300000,2.621068
-2.200000,-0.300000,2.705550
-2.100000,-0.300000,2.783882
-2.000000,-0.300000,2.856571
-1.900000,-0.300000,2.924038
-1.800000,-0.300000,2.986637
-1.700000,-0.300000,3.044667
-1.600000,-0.300000,3.098387
-1.500000,-0.300000,3.148015
-1.400000,-0.300000,3.193744
-1.300000,-0.300000,3.235738
-1.200000,-0.300000,3.274141
-1.100000,-0.300000,3.309078
-1.000000,-0.300000,3.340659
-0.900000,-0.300000,3.368976
-0.800000,-0.300000,2.213043
-0.700000,-0.300000,2.147104
-0.600000,-0.300000,2.070730
-0.500000,-0.300000,1.982056
-0.400000,-0.300000,1.878306
-0.300000,-0.300000,1.755039
-0.200000,-0.300000,1.604299
-0.100000,-0.300000,1.611524
0.000000,-0.300000,1.711417
0.100000,-0.300000,1.792713
0.200000,-0.300000,1.859427
0.300000,-0.300000,1.914022
0.400000,-0.300000,1.958112
0.500000,-0.300000,1.992795
0.600000,-0.300000,2.018831
0.700000,-0.300000,2.036735
0.800000,-0.300000,2.046838
0.900000,-0.300000,2.049320
1.000000,-0.300000,2.044222
1.100000,-0.300000,2.031458
1.200000,-0.300000,2.010796
1.300000,-0.300000,1.981849
1.400000,-0.300000,1.944023
1.500000,-0.300000,1.896457
1.600000,-0.300000,1.837901
1.700000,-0.300000,1.766496
1.800000,-0.300000,1.679356
1.900000,-0.300000,1.571620
2.000000,-0.300000,1.433924
2.100000,-0.300000,1.242775
2.200000,-0.300000,1.024801
2.300000,-0.300000,0.979911
2.400000,-0.300000,0.914811
2.500000,-0.300000,0.874854
2.600000,-0.300000,0.896427
2.700000,-0.300000,0.911133
2.800000,-0.300000,0.919170
2.900000,-0.300000,0.920642
3.000000,-0.300000,0.915568
3.100000,-0.300000,0.903883
3.200000,-0.300000,0.885432
3.300000,-0.300000,0.859960
3.400000,-0.300000,0.774597
3.500000,-0.300000,
-3.500000,-0.200000,
-3.400000,-0.200000,0.806226
-3.300000,-0.200000,1.148913
-3.200000,-0.200000,1.403567
-3.100000,-0.200000,1.612452
-3.000000,-0.200000,1.791647
-2.900000,-0.200000,1.949359
-2.800000,-0.200000,2.090454
-2.700000,-0.200000,2.218107
-2.600000,-0.200000,2.334524
-2.500000,-0.200000,2.441311
-2.400000,-0.200000,2.539685
-2.300000,-0.200000,2.630589
-2.200000,-0.200000,2.714774
-2.100000,-0.200000,2.792848
-2.000000,-0.200000,2.865310
-1.900000,-0.200000,2.932576
-1.800000,-0.200000,2.994996
-1.700000,-0.200000,3.052868
-1.600000,-0.200000,3.106445
-1.500000,-0.200000,3.155947
-1.400000,-0.200000,3.201562
-1.300000,-0.200000,3.243455
-1.200000,-0.200000,3.281768
-1.100000,-0.200000,3.316625
-1.000000,-0.200000,3.348134
-0.900000,-0.200000,2.257600
-0.800000,-0.200000,2.200315
-0.700000,-0.200000,2.133790
-0.600000,-0.200000,2.056667
-0.500000,-0.200000,1.967008
-0.400000,-0.200000,1.861915
-0.300000,-0.200000,1.736698
-0.200000,-0.200000,1.582829
-0.100000,-0.200000,1.457887
0.000000,-0.200000,1.576067
0.100000,-0.200000,1.669125
0.200000,-0.200000,1.743985
0.300000,-0.200000,1.804449
0.400000,-0.200000,1.852841
0.500000,-0.200000,1.890668
0.600000,-0.200000,1.918938
0.700000,-0.200000,1.938320
0.800000,-0.200000,1.949238
0.900000,-0.200000,1.951917
1.000000,-0.200000,1.946412
1.100000,-0.200000,1.932612
1.200000,-0.200000,1.910225
1.300000,-0.200000,1.878751
1.400000,-0.200000,1.837416
1.500000,-0.200000,1.785066
1.600000,-0.200000,1.719957
1.700000,-0.200000,1.639361
1.800000,-0.200000,1.538673
1.900000,-0.200000,1.409043
2.000000,-0.200000,1.228479
2.100000,-0.200000,0.859335
2.200000,-0.200000,0.743401
2.300000,-0.200000,0.765242
2.400000,-0.200000,0.781770
2.500000,-0.200000,0.793115
2.600000,-0.200000,0.805999
2.700000,-0.200000,0.821634
2.800000,-0.200000,0.830170
2.900000,-0.200000,0.831733
3.000000,-0.200000,0.826345
3.100000,-0.200000,0.813928
3.200000,-0.200000,0.794295
3.300000,-0.200000,0.767138
3.400000,-0.200000,0.731998
3.500000,-0.200000,
-3.500000,-0.100000,
-3.400000,-0.100000,0.824621
-3.300000,-0.100000,1.161895
-3.200000,-0.100000,1.414214
-3.100000,-0.100000,1.621727
-3.000000,-0.100000,1.800000
-2.900000,-0.100000,1.957039
-2.800000,-0.100000,2.097618
-2.700000,-0.100000,2.224860
-2.600000,-0.100000,2.340940
-2.500000,-0.100000,2.447448
-2.400000,-0.100000,2.545584
-2.300000,-0.100000,2.636285
-2.200000,-0.100000,2.720294
-2.100000,-0.100000,2.798214
-2.000000,-0.100000,2.870540
-1.900000,-0.100000,2.937686
-1.800000,-0.100000,3.000000
-1.700000,-0.100000,3.057777
-1.600000,-0.100000,3.111270
-1.500000,-0.100000,3.160696
-1.400000,-0.100000,3.206244
-1.300000,-0.100000,3.248076
-1.200000,-0.100000,3.286335
-1.100000,-0.100000,3.321144
-1.000000,-0.100000,3.352611
-0.900000,-0.100000,2.238751
-0.800000,-0.100000,2.180736
-0.700000,-0.100000,2.113289
-0.600000,-0.100000,2.034981
-0.500000,-0.100000,1.943759
-0.400000,-0.100000,1.836516
-0.300000,-0.100000,1.708147
-0.200000,-0.100000,1.549113
-0.100000,-0.100000,1.336809
0.000000,-0.100000,1.399827
0.100000,-0.100000,1.514026
0.200000,-0.100000,1.602264
0.300000,-0.100000,1.671848
0.400000,-0.100000,1.726684
0.500000,-0.100000,1.769104
0.600000,-0.100000,1.800582
0.700000,-0.100000,1.822063
0.800000,-0.100000,1.834128
0.900000,-0.100000,1.837085
1.000000,-0.100000,1.831008
1.100000,-0.100000,1.815744
1.200000,-0.100000,1.790900
1.300000,-0.100000,1.755779
1.400000,-0.100000,1.709279
1.500000,-0.100000,1.649682
1.600000,-0.100000,1.574223
1.700000,-0.100000,1.478136
1.800000,-0.100000,1.351963
1.900000,-0.100000,1.170707
2.000000,-0.100000,0.676512
2.100000,-0.100000,0.709703
2.200000,-0.100000,0.737132
2.300000,-0.100000,0.759044
2.400000,-0.100000,0.775624
2.500000,-0.100000,0.787005
2.600000,-0.100000,0.793277
2.700000,-0.100000,0.794490
2.800000,-0.100000,0.790651
2.900000,-0.100000,0.781732
3.000000,-0.100000,0.767663
3.100000,-0.100000,0.748332
3.200000,-0.100000,0.723580
3.300000,-0.100000,0.693191
3.400000,-0.100000,0.656887
3.500000,-0.100000,
-3.500000,0.000000,0.000000
-3.400000,0.000000,0.830662
-3.300000,0.000000,1.166190
-3.200000,0.000000,1.417745
-3.100000,0.000000,1.624808
-3.000000,0.000000,1.802776
-2.900000,0.000000,1.959592
-2.800000,0.000000,2.100000
-2.700000,0.000000,2.227106
-2.600000,0.000000,2.343075
-2.500000,0.000000,2.449490
-2.400000,0.000000,2.547548
-2.300000,0.000000,2.638181
-2.200000,0.000000,2.722132
-2.100000,0.000000,2.800000
-2.000000,0.000000,2.872281
-1.900000,0.000000,2.939388
-1.800000,0.000000,3.001666
-1.700000,0.000000,3.059412
-1.600000,0.000000,3.112876
-1.500000,0.000000,3.162278
-1.400000,0.000000,3.207803
-1.300000,0.000000,3.249615
-1.200000,0.000000,3.287856
-1.100000,0.000000,2.306139
-1.000000,0.000000,2.263501
-0.900000,0.000000,2.213069
-0.800000,0.000000,2.154029
-0.700000,0.000000,2.085282
-0.600000,0.000000,2.005293
-0.500000,0.000000,1.911836
-0.400000,0.000000,1.801487
-0.300000,0.000000,1.668481
-0.200000,0.000000,1.501608
-0.100000,0.000000,1.271904
0.000000,0.000000,1.132399
0.100000,0.000000,1.302449
0.200000,0.000000,1.418272
0.300000,0.000000,1.504517
0.400000,0.000000,1.570314
0.500000,0.000000,1.620197
0.600000,0.000000,1.656734
0.700000,0.000000,1.681460
0.800000,0.000000,1.695280
0.900000,0.000000,1.698660
1.000000,0.000000,1.691710
1.100000,0.000000,1.674203
1.200000,0.000000,1.645535
1.300000,0.000000,1.604611
1.400000,0.000000,1.549604
1.500000,0.000000,1.477418
1.600000,0.000000,1.382398
1.700000,0.000000,1.252277
1.800000,0.000000,1.046653
1.900000,0.000000,0.699809
2.000000,0.000000,0.681830
2.100000,0.000000,0.698025
2.200000,0.000000,0.725622
2.300000,0.000000,0.747664
2.400000,0.000000,0.764340
2.500000,0.000000,0.775787
2.600000,0.000000,0.782095
2.700000,0.000000,0.783314
2.800000,0.000000,0.779454
2.900000,0.000000,0.770484
3.000000,0.000000,0.756334
3.100000,0.000000,0.736889
3.200000,0.000000,0.711987
3.300000,0.000000,0.681410
3.400000,0.000000,0.644873
3.500000,0.000000,
-3.500000,0.100000,
-3.400000,0.100000,0.824621
-3.300000,0.100000,1.161895
-3.200000,0.100000,1.414214
-3.100000,0.100000,1.621727
-3.000000,0.100000,1.800000
-2.900000,0.100000,1.957039
-2.800000,0.100000,2.097618
-2.700000,0.100000,2.224860
-2.600000,0.100000,2.340940
-2.500000,0.100000,2.447448
-2.400000,0.100000,2.545584
-2.300000,0.100000,2.636285
-2.200000,0.100000,2.720294
-2.100000,0.100000,2.798214
-2.000000,0.100000,2.870540
-1.900000,0.100000,2.937686
-1.800000,0.100000,3.000000
-1.700000,0.100000,3.057777
-1.600000,0.100000,3.111270
-1.500000,0.100000,3.160696
-1.400000,0.100000,3.206244
-1.300000,0.100000,3.248076
-1.200000,0.100000,2.311343
-1.100000,0.100000,2.275212
-1.000000,0.100000,2.231714
-0.900000,0.100000,2.180198
-0.800000,0.100000,2.119791
-0.700000,0.100000,2.049299
-0.600000,0.100000,1.967039
-0.500000,0.100000,1.870530
-0.400000,0.100000,1.755868
-0.300000,0.100000,1.616258
-0.200000,0.100000,1.437648
-0.100000,0.100000,1.178086
0.000000,0.100000,-0.178095
0.100000,0.100000,0.877235
0.200000,0.100000,1.138695
0.300000,0.100000,1.271272
0.400000,0.100000,1.361754
0.500000,0.100000,1.426684
0.600000,0.100000,1.472772
0.700000,0.100000,1.503384
0.800000,0.100000,1.520315
0.900000,0.100000,1.524438
1.000000,0.100000,1.515954
1.100000,0.100000,1.494444
1.200000,0.100000,1.458760
1.300000,0.100000,1.406670
1.400000,0.100000,1.333961
1.500000,0.100000,1.231788
1.600000,0.100000,1.075055
1.700000,0.100000,0.743366
1.800000,0.100000,0.737214
1.900000,0.100000,0.725339
2.000000,0.100000,0.707625
2.100000,0.100000,0.683889
2.200000,0.100000,0.708774
2.300000,0.100000,0.731010
2.400000,0.100000,0.747830
2.500000,0.100000,0.759374
2.600000,0.100000,0.765735
2.700000,0.100000,0.766964
2.800000,0.100000,0.763072
2.900000,0.100000,0.754026
3.000000,0.100000,0.739755
3.100000,0.100000,0.720141
3.200000,0.100000,0.695018
3.300000,0.100000,0.664160
3.400000,0.100000,0.627275
3.500000,0.100000,
-3.500000,0.200000,
-3.400000,0.200000,0.806226
-3.300000,0.200000,1.148913
-3.200000,0.200000,1.403567
-3.100000,0.200000,1.612452
-3.000000,0.200000,1.791647
-2.900000,0.200000,1.949359
-2.800000,0.200000,2.090454
-2.700000,0.200000,2.218107
-2.600000,0.200000,2.334524
-2.500000,0.200000,2.441311
-2.400000,0.200000,2.539685
-2.300000,0.200000,2.630589
-2.200000,0.200000,2.714774
-2.100000,0.200000,2.792848
-2.000000,0.200000,2.865310
-1.900000,0.200000,2.932576
-1.800000,0.200000,2.994996
-1.700000,0.200000,3.052868
-1.600000,0.200000,3.106445
-1.500000,0.200000,3.155947
-1.400000,0.200000,3.201562
-1.300000,0.200000,2.366742
-1.200000,0.200000,2.274175
-1.100000,0.200000,2.237171
-1.000000,0.200000,2.192563
-0.900000,0.200000,2.139646
-0.800000,0.200000,2.077460
-0.700000,0.200000,2.004682
-0.600000,0.200000,1.919413
-0.500000,0.200000,1.818800
-0.400000,0.200000,1.698208
-0.300000,0.200000,1.549159
-0.200000,0.200000,1.352406
-0.100000,0.200000,1.031601
0.000000,0.200000,-0.048414
0.100000,0.200000,-0.116657
0.200000,0.200000,0.034759
0.300000,0.200000,0.158698
0.400000,0.200000,0.999822
0.500000,0.200000,1.128455
0.600000,0.200000,1.204311
0.700000,0.200000,1.250875
0.800000,0.200000,1.275664
0.900000,0.200000,1.281611
1.000000,0.200000,1.269337
1.100000,0.200000,1.237526
1.200000,0.200000,1.182095
1.300000,0.200000,1.092428
1.400000,0.200000,0.926641
1.500000,0.200000,0.758064
1.600000,0.200000,0.763178
1.700000,0.200000,0.762694
1.800000,0.200000,0.756609
1.900000,0.200000,0.744865
2.000000,0.200000,0.727347
2.100000,0.200000,0.703882
2.200000,0.200000,0.686446
2.300000,0.200000,0.708944
2.400000,0.200000,0.725957
2.500000,0.200000,0.737632
2.600000,0.200000,0.744065
2.700000,0.200000,0.745308
2.800000,0.200000,0.741372
2.900000,0.200000,0.732224
3.000000,0.200000,0.717789
3.100000,0.200000,0.697947
3.200000,0.200000,0.672524
3.300000,0.200000,0.641286
3.400000,0.200000,0.603931
3.500000,0.200000,
-3.500000,0.300000,
-3.400000,0.300000,0.774597
-3.300000,0.300000,1.126943
-3.200000,0.300000,1.385641
-3.100000,0.300000,1.596872
-3.000000,0.300000,1.777639
-2.900000,0.300000,1.936492
-2.800000,0.300000,2.078461
-2.700000,0.300000,2.206808
-2.600000,0.300000,2.323790
-2.500000,0.300000,2.431049
-2.400000,0.300000,2.529822
-2.300000,0.300000,2.621068
-2.200000,0.300000,2.705550
-2.100000,0.300000,2.783882
-2.000000,0.300000,2.856571
-1.900000,0.300000,2.924038
-1.800000,0.300000,2.986637
-1.700000,0.300000,3.044667
-1.600000,0.300000,3.098387
-1.500000,0.300000,2.549925
-1.400000,0.300000,2.469359
-1.300000,0.300000,2.377177
-1.200000,0.300000,2.270923
-1.100000,0.300000,2.191468
-1.000000,0.300000,2.145450
-0.900000,0.300000,2.090740
-0.800000,0.300000,2.026262
-0.700000,0.300000,1.950505
-0.600000,0.300000,1.861262
-0.500000,0.300000,1.755113
-0.400000,0.300000,1.626258
-0.300000,0.300000,1.463269
-0.200000,0.300000,1.235801
-0.100000,0.300000,0.121074
0.000000,0.300000,0.058465
0.100000,0.300000,-0.016849
0.200000,0.300000,0.057505
0.300000,0.300000,0.179106
0.400000,0.300000,0.281889
0.500000,0.300000,0.370018
0.600000,0.300000,0.446125
0.700000,0.300000,0.511998
0.800000,0.300000,0.568905
0.900000,0.300000,0.617777
1.000000,0.300000,0.659313
1.100000,0.300000,0.694046
1.200000,0.300000,0.722381
1.300000,0.300000,0.744624
1.400000,0.300000,0.761004
1.500000,0.300000,0.771681
1.600000,0.300000,0.776755
1.700000,0.300000,0.776275
1.800000,0.300000,0.770236
1.900000,0.300000,0.758582
2.000000,0.300000,0.741200
2.100000,0.300000,0.717921
2.200000,0.300000,0.688504
2.300000,0.300000,0.681272
2.400000,0.300000,0.698535
2.500000,0.300000,0.710379
2.600000,0.300000,0.716904
2.700000,0.300000,0.718165
2.800000,0.300000,0.714172
2.900000,0.300000,0.704893
3.000000,0.300000,0.690248
3.100000,0.300000,0.670112
3.200000,0.300000,0.644302
3.300000,0.300000,0.612574
3.400000,0.300000,0.574610
3.500000,0.300000,
-3.500000,0.400000,
-3.400000,0.400000,0.728011
-3.300000,0.400000,1.095445
-3.200000,0.400000,1.360147
-3.100000,0.400000,1.574802
-3.000000,0.400000,1.757840
-2.900000,0.400000,1.918333
-2.800000,0.400000,2.061553
-2.700000,0.400000,2.190890
-2.600000,0.400000,2.308679
-2.500000,0.400000,2.416609
-2.400000,0.400000,2.515949
-2.300000,0.400000,2.607681
-2.200000,0.400000,2.692582
-2.100000,0.400000,2.771281
-2.000000,0.400000,2.844293
-1.900000,0.400000,2.912044
-1.800000,0.400000,2.974895
-1.700000,0.400000,2.685245
-1.600000,0.400000,2.623401
-1.500000,0.400000,2.552883
-1.400000,0.400000,2.472476
-1.300000,0.400000,2.380496
-1.200000,0.400000,2.274511
-1.100000,0.400000,2.150777
-1.000000,0.400000,2.089565
-0.900000,0.400000,2.032561
-0.800000,0.400000,1.965119
-0.700000,0.400000,1.885458
-0.600000,0.400000,1.790902
-0.500000,0.400000,1.677131
-0.400000,0.400000,1.536334
-0.300000,0.400000,1.351182
-0.200000,0.400000,1.058353
-0.100000,0.400000,0.206710
0.000000,0.400000,0.148382
0.100000,0.400000,0.078797
0.200000,0.400000,0.070701
0.300000,0.400000,0.190984
0.400000,0.400000,0.292842
0.500000,0.400000,0.380284
0.600000,0.400000,0.455864
0.700000,0.400000,0.521323
0.800000,0.400000,0.577898
0.900000,0.400000,0.626504
1.000000,0.400000,0.667827
1.100000,0.400000,0.702389
1.200000,0.400000,0.730589
1.300000,0.400000,0.752730
1.400000,0.400000,0.769036
1.500000,0.400000,0.779665
1.600000,0.400000,0.784717
1.700000,0.400000,0.784239
1.800000,0.400000,0.778227
1.900000,0.400000,0.766624
2.000000,0.400000,0.749321
2.100000,0.400000,0.726150
2.200000,0.400000,0.696873
2.300000,0.400000,0.661173
2.400000,0.400000,0.665318
2.500000,0.400000,0.677372
2.600000,0.400000,0.684012
2.700000,0.400000,0.685295
2.800000,0.400000,0.681232
2.900000,0.400000,0.671789
3.000000,0.400000,0.656881
3.100000,0.400000,0.636376
3.200000,0.400000,0.610082
3.300000,0.400000,0.577740
3.400000,0.400000,0.539009
3.500000,0.400000,
-3.500000,0.500000,
-3.400000,0.500000,0.663325
-3.300000,0.500000,1.053565
-3.200000,0.500000,1.326650
-3.100000,0.500000,1.545962
-3.000000,0.500000,1.732051
-2.900000,0.500000,1.894730
-2.800000,0.500000,2.039608
-2.700000,0.500000,2.170253
-2.600000,0.500000,2.289105
-2.500000,0.500000,2.397916
-2.400000,0.500000,2.497999
-2.300000,0.500000,2.590367
-2.200000,0.500000,2.675818
-2.100000,0.500000,2.754995
-2.000000,0.500000,2.823933
-1.900000,0.500000,2.783411
-1.800000,0.500000,2.736333
-1.700000,0.500000,2.682163
-1.600000,0.500000,2.620204
-1.500000,0.500000,2.549544
-1.400000,0.500000,2.468958
-1.300000,0.500000,2.376750
-1.200000,0.500000,2.270461
-1.100000,0.500000,2.146303
-1.000000,0.500000,2.023796
-0.900000,0.500000,1.963827
-0.800000,0.500000,1.892501
-0.700000,0.500000,1.807625
-0.600000,0.500000,1.705771
-0.500000,0.500000,1.581064
-0.400000,0.500000,1.421739
-0.300000,0.500000,1.195392
-0.200000,0.500000,0.325940
-0.100000,0.500000,0.279897
0.000000,0.500000,0.224780
0.100000,0.500000,0.159402
0.200000,0.500000,0.082072
0.300000,0.500000,0.194581
0.400000,0.500000,0.296162
0.500000,0.500000,0.383398
0.600000,0.500000,0.458820
0.700000,0.500000,0.524153
0.800000,0.500000,0.580629
0.900000,0.500000,0.629155
1.000000,0.500000,0.670413
1.100000,0.500000,0.704923
1.200000,0.500000,0.733083
1.300000,0.500000,0.755193
1.400000,0.500000,0.771476
1.500000,0.500000,0.782091
1.600000,0.500000,0.787136
1.700000,0.500000,0.786659
1.800000,0.500000,0.780655
1.900000,0.500000,0.769068
2.000000,0.500000,0.751789
2.100000,0.500000,0.728650
2.200000,0.500000,0.699416
2.300000,0.500000,0.663770
2.400000,0.500000,0.625986
2.500000,0.500000,0.638300
2.600000,0.500000,0.645082
2.700000,0.500000,0.646392
2.800000,0.500000,0.642243
2.900000,0.500000,0.632597
3.000000,0.500000,0.617366
3.100000,0.500000,0.596406
3.200000,0.500000,0.569514
3.300000,0.500000,0.536410
3.400000,0.500000,0.496730
3.500000,0.500000,
-3.500000,0.600000,
-3.400000,0.600000,0.574456
-3.300000,0.600000,1.000000
-3.200000,0.600000,1.284523
-3.100000,0.600000,1.509967
-3.000000,0.600000,1.700000
-2.900000,0.600000,1.865476
-2.800000,0.600000,2.012461
-2.700000,0.600000,2.144761
-2.600000,0.600000,2.264950
-2.500000,0.600000,2.374868
-2.400000,0.600000,2.475884
-2.300000,0.600000,2.569047
-2.200000,0.600000,2.655184
-2.100000,0.600000,2.734959
-2.000000,0.600000,2.808914
-1.900000,0.600000,2.774983
-1.800000,0.600000,2.727681
-1.700000,0.600000,2.673237
-1.600000,0.600000,2.610942
-1.500000,0.600000,2.539867
-1.400000,0.600000,2.458760
-1.300000,0.600000,2.365881
-1.200000,0.600000,2.258701
-1.100000,0.600000,2.133295
-1.000000,0.600000,1.982960
-0.900000,0.600000,1.882699
-0.800000,0.600000,1.806149
-0.700000,0.600000,1.714065
-0.600000,0.600000,1.601692
-0.500000,0.600000,1.460076
-0.400000,0.600000,1.267702
-0.300000,0.600000,0.915761
-0.200000,0.600000,0.386635
-0.100000,0.600000,0.342523
0.000000,0.600000,0.289880
0.100000,0.600000,0.227697
0.200000,0.600000,0.154563
0.300000,0.600000,0.189970
0.400000,0.600000,0.291907
0.500000,0.600000,0.379407
0.600000,0.600000,0.455032
0.700000,0.600000,0.520525
0.800000,0.600000,0.577129
0.900000,0.600000,0.625758
1.000000,0.600000,0.667099
1.100000,0.600000,0.701675
1.200000,0.600000,0.729887
1.300000,0.600000,0.752036
1.400000,0.600000,0.768349
1.500000,0.600000,0.778982
1.600000,0.600000,0.784036
1.700000,0.600000,0.783558
1.800000,0.600000,0.777543
1.900000,0.600000,0.765936
2.000000,0.600000,0.748627
2.100000,0.600000,0.725446
2.200000,0.600000,0.696157
2.300000,0.600000,0.660442
2.400000,0.600000,0.617882
2.500000,0.600000,0.592764
2.600000,0.600000,0.599718
2.700000,0.600000,0.601062
2.800000,0.600000,0.596807
2.900000,0.600000,0.586914
3.000000,0.600000,0.571287
3.100000,0.600000,0.549772
3.200000,0.600000,0.522145
3.300000,0.600000,0.488106
3.400000,0.600000,0.447253
3.500000,0.600000,
-3.500000,0.700000,
-3.400000,0.700000,0.447214
-3.300000,0.700000,0.932738
-3.200000,0.700000,1.232883
-3.100000,0.700000,1.466288
-3.000000,0.700000,1.661325
-2.900000,0.700000,1.830301
-2.800000,0.700000,1.979899
-2.700000,0.700000,2.114237
-2.600000,0.700000,2.236068
-2.500000,0.700000,2.347339
-2.400000,0.700000,2.449490
-2.300000,0.700000,2.543619
-2.200000,0.700000,2.630589
-2.100000,0.700000,2.711088
-2.000000,0.700000,2.785678
-1.900000,0.700000,2.760962
-1.800000,0.700000,2.713281
-1.700000,0.700000,2.658374
-1.600000,0.700000,2.595512
-1.500000,0.700000,2.523735
-1.400000,0.700000,2.441742
-1.300000,0.700000,2.347722
-1.200000,0.700000,2.239017
-1.100000,0.700000,2.111463
-1.000000,0.700000,1.957833
-0.900000,0.700000,1.786400
-0.800000,0.700000,1.702517
-0.700000,0.700000,1.599878
-0.600000,0.700000,1.471020
-0.500000,0.700000,1.299234
-0.400000,0.700000,1.021698
-0.300000,0.700000,0.473625
-0.200000,0.700000,0.438497
-0.100000,0.700000,0.395909
0.000000,0.700000,0.345203
0.100000,0.700000,0.285495
0.200000,0.700000,0.215562
0.300000,0.700000,0.177058
0.400000,0.700000,0.280002
0.500000,0.700000,0.368250
0.600000,0.700000,0.444449
0.700000,0.700000,0.510394
0.800000,0.700000,0.567358
0.900000,0.700000,0.616276
1.000000,0.700000,0.657849
1.100000,0.700000,0.692612
1.200000,0.700000,0.720970
1.300000,0.700000,0.743231
1.400000,0.700000,0.759624
1.500000,0.700000,0.770308
1.600000,0.700000,0.775387
1.700000,0.700000,0.774906
1.800000,0.700000,0.768863
1.900000,0.700000,0.757199
2.000000,0.700000,0.739804
2.100000,0.700000,0.716506
2.200000,0.700000,0.687065
2.300000,0.700000,0.651156
2.400000,0.700000,0.608354
2.500000,0.700000,0.558099
2.600000,0.700000,0.547416
2.700000,0.700000,0.548800
2.800000,0.700000,0.544417
2.900000,0.700000,0.534223
3.000000,0.700000,0.518113
3.100000,0.700000,0.495918
3.200000,0.700000,0.467393
3.300000,0.700000,0.432203
3.400000,0.700000,0.389902
3.500000,0.700000,
-3.500000,0.800000,
-3.400000,0.800000,0.223607
-3.300000,0.800000,0.848528
-3.200000,0.800000,1.170470
-3.100000,0.800000,1.414214
-3.000000,0.800000,1.615549
-2.900000,0.800000,1.788854
-2.800000,0.800000,1.941649
-2.700000,0.800000,2.078461
-2.600000,0.800000,2.202272
-2.500000,0.800000,2.315167
-2.400000,0.800000,2.418677
-2.300000,0.800000,2.513961
-2.200000,0.800000,2.601922
-2.100000,0.800000,2.683282
-2.000000,0.800000,2.758623
-1.900000,0.800000,2.741215
-1.800000,0.800000,2.692989
-1.700000,0.800000,2.637417
-1.600000,0.800000,2.573737
-1.500000,0.800000,2.500943
-1.400000,0.800000,2.417667
-1.300000,0.800000,2.321981
-1.200000,0.800000,2.211035
-1.100000,0.800000,2.080290
-1.000000,0.800000,1.921676
-0.900000,0.800000,1.717812
-0.800000,0.800000,1.575483
-0.700000,0.800000,1.455763
-0.600000,0.800000,1.296499
-0.500000,0.800000,1.046803
-0.400000,0.800000,0.543993
-0.300000,0.800000,0.516569
-0.200000,0.800000,0.482391
-0.100000,0.800000,0.441011
0.000000,0.800000,0.391833
0.100000,0.800000,0.334059
0.200000,0.800000,0.266603
0.300000,0.800000,0.187952
0.400000,0.800000,0.260237
0.500000,0.800000,0.349753
0.600000,0.800000,0.426922
0.700000,0.800000,0.493628
0.800000,0.800000,0.551197
0.900000,0.800000,0.600602
1.000000,0.800000,0.642566
1.100000,0.800000,0.677640
1.200000,0.800000,0.706243
1.300000,0.800000,0.728691
1.400000,0.800000,0.745219
1.500000,0.800000,0.755990
1.600000,0.800000,0.761109
1.700000,0.800000,0.760625
1.800000,0.800000,0.754532
1.900000,0.800000,0.742774
2.000000,0.800000,0.725236
2.100000,0.800000,0.701742
2.200000,0.800000,0.672044
2.300000,0.800000,0.635811
2.400000,0.800000,0.592603
2.500000,0.800000,0.541843
2.600000,0.800000,0.487526
2.700000,0.800000,0.488959
2.800000,0.800000,0.484419
2.900000,0.800000,0.473857
3.000000,0.800000,0.457156
3.100000,0.800000,0.434126
3.200000,0.800000,0.404494
3.300000,0.800000,0.367881
3.400000,0.800000,0.223607
3.500000,0.800000,
-3.500000,0.900000,
-3.400000,0.900000,
-3.300000,0.900000,0.741620
-3.200000,0.900000,1.095445
-3.100000,0.900000,1.352775
-3.000000,0.900000,1.562050
-2.900000,0.900000,1.740690
-2.800000,0.900000,1.897367
-2.700000,0.900000,2.037155
-2.600000,0.900000,2.163331
-2.500000,0.900000,2.278157
-2.400000,0.900000,2.383275
-2.300000,0.900000,2.479919
-2.200000,0.900000,2.569047
-2.100000,0.900000,2.651415
-2.000000,0.900000,2.727636
-1.900000,0.900000,2.715547
-1.800000,0.900000,2.666595
-1.700000,0.900000,2.610132
-1.600000,0.900000,2.545355
-1.500000,0.900000,2.471191
-1.400000,0.900000,2.386174
-1.300000,0.900000,2.288216
-1.200000,0.900000,2.174180
-1.100000,0.900000,2.038964
-1.000000,0.900000,1.873172
-0.900000,0.900000,1.655159
-0.800000,0.900000,1.412623
-0.700000,0.900000,1.258995
-0.600000,0.900000,1.011353
-0.500000,0.900000,0.599797
-0.400000,0.900000,0.579228
-0.300000,0.900000,0.552387
-0.200000,0.900000,0.518962
-0.100000,0.900000,0.478538
0.000000,0.900000,0.430562
0.100000,0.900000,0.374299
0.200000,0.900000,0.308763
0.300000,0.900000,0.232591
0.400000,0.900000,0.232239
0.500000,0.900000,0.323613
0.600000,0.900000,0.402196
0.700000,0.900000,0.470005
0.800000,0.900000,0.528449
0.900000,0.900000,0.578554
1.000000,0.900000,0.621081
1.100000,0.900000,0.656603
1.200000,0.900000,0.685557
1.300000,0.900000,0.708273
1.400000,0.900000,0.724993
1.500000,0.900000,0.735888
1.600000,0.900000,0.741065
1.700000,0.900000,0.740576
1.800000,0.900000,0.734414
1.900000,0.900000,0.722521
2.000000,0.900000,0.704777
2.100000,0.900000,0.681002
2.200000,0.900000,0.650937
2.300000,0.900000,0.614237
2.400000,0.900000,0.570445
2.500000,0.900000,0.518958
2.600000,0.900000,0.458975
2.700000,0.900000,0.420693
2.800000,0.900000,0.415960
2.900000,0.900000,0.404943
3.000000,0.900000,0.387511
3.100000,0.900000,0.363447
3.200000,0.900000,0.332437
3.300000,0.900000,0.294044
3.400000,0.900000,
3.500000,0.900000,
-3.500000,1.000000,
-3.400000,1.000000,
-3.300000,1.000000,0.600000
-3.200000,1.000000,1.004988
-3.100000,1.000000,1.280625
-3.000000,1.000000,1.500000
-2.900000,1.000000,1.685230
-2.800000,1.000000,1.846619
-2.700000,1.000000,1.989975
-2.600000,1.000000,2.118962
-2.500000,1.000000,2.236068
-2.400000,1.000000,2.343075
-2.300000,1.000000,2.441311
-2.200000,1.000000,2.531798
-2.100000,1.000000,2.615339
-2.000000,1.000000,2.692582
-1.900000,1.000000,2.683695
-1.800000,1.000000,2.633809
-1.700000,1.000000,2.576199
-1.600000,1.000000,2.510001
-1.500000,1.000000,2.434055
-1.400000,1.000000,2.346758
-1.300000,1.000000,2.245793
-1.200000,1.000000,2.127608
-1.100000,1.000000,1.986254
-1.000000,1.000000,1.810205
-0.900000,1.000000,1.569966
-0.800000,1.000000,1.178600
-0.700000,1.000000,0.882844
-0.600000,1.000000,0.642433
-0.500000,1.000000,0.628147
-0.400000,1.000000,0.607918
-0.300000,1.000000,0.581533
-0.200000,1.000000,0.548697
-0.100000,1.000000,0.509017
0.000000,1.000000,0.461974
0.100000,1.000000,0.406880
0.200000,1.000000,0.342818
0.300000,1.000000,0.268534
0.400000,1.000000,0.195443
0.500000,1.000000,0.289376
0.600000,1.000000,0.369888
0.700000,1.000000,0.439193
0.800000,1.000000,0.498819
0.900000,1.000000,0.549866
1.000000,1.000000,0.593146
1.100000,1.000000,0.629268
1.200000,1.000000,0.658693
1.300000,1.000000,0.681766
1.400000,1.000000,0.698743
1.500000,1.000000,0.709803
1.600000,1.000000,0.715057
1.700000,1.000000,0.714560
1.800000,1.000000,0.708306
1.900000,1.000000,0.696233
2.000000,1.000000,0.678216
2.100000,1.000000,0.654064
2.200000,1.000000,0.623508
2.300000,1.000000,0.586184
2.400000,1.000000,0.541609
2.500000,1.000000,0.489142
2.600000,1.000000,0.427929
2.700000,1.000000,0.356810
2.800000,1.000000,0.337899
2.900000,1.000000,0.326314
3.000000,1.000000,0.307965
3.100000,1.000000,0.282600
3.200000,1.000000,0.249846
3.300000,1.000000,0.209184
3.400000,1.000000,
3.500000,1.000000,
-3.500000,1.100000,
-3.400000,1.100000,
-3.300000,1.100000,0.387298
-3.200000,1.100000,0.894427
-3.100000,1.100000,1.195826
-3.000000,1.100000,1.428286
-2.900000,1.100000,1.621727
-2.800000,1.100000,1.788854
-2.700000,1.100000,1.936492
-2.600000,1.100000,2.068816
-2.500000,1.100000,2.188607
-2.400000,1.100000,2.297825
-2.300000,1.100000,2.397916
-2.200000,1.100000,2.489980
-2.100000,1.100000,2.574879
-2.000000,1.100000,2.653300
-1.900000,1.100000,2.645306
-1.800000,1.100000,2.594247
-1.700000,1.100000,2.535187
-1.600000,1.100000,2.467185
-1.500000,1.100000,2.388960
-1.400000,1.100000,2.298718
-1.300000,1.100000,2.193816
-1.200000,1.100000,2.070095
-1.100000,1.100000,1.920282
-1.000000,1.100000,1.729213
-0.900000,1.100000,1.450547
-0.800000,1.100000,0.675587
-0.700000,1.100000,0.672847
-0.600000,1.100000,0.664464
-0.500000,1.100000,0.650357
-0.400000,1.100000,0.630387
-0.300000,1.100000,0.604348
-0.200000,1.100000,0.571959
-0.100000,1.100000,0.532842
0.000000,1.100000,0.486502
0.100000,1.100000,0.432287
0.200000,1.100000,0.369328
0.300000,1.100000,0.296450
0.400000,1.100000,0.212006
0.500000,1.100000,0.246388
0.600000,1.100000,0.329456
0.700000,1.100000,0.400726
0.800000,1.100000,0.461895
0.900000,1.100000,0.514167
1.000000,1.100000,0.558422
1.100000,1.100000,0.595318
1.200000,1.100000,0.625347
1.300000,1.100000,0.648880
1.400000,1.100000,0.666187
1.500000,1.100000,0.677458
1.600000,1.100000,0.682813
1.700000,1.100000,0.682306
1.800000,1.100000,0.675934
1.900000,1.100000,0.663629
2.000000,1.100000,0.645260
2.100000,1.100000,0.620625
2.200000,1.100000,0.589437
2.300000,1.100000,0.551307
2.400000,1.100000,0.505717
2.500000,1.100000,0.451976
2.600000,1.100000,0.389156
2.700000,1.100000,0.315983
2.800000,1.100000,0.248672
2.900000,1.100000,0.236361
3.000000,1.100000,0.216837
3.100000,1.100000,0.189794
3.200000,1.100000,0.154776
3.300000,1.100000,0.111139
3.400000,1.100000,
3.500000,1.100000,
-3.500000,1.200000,
-3.400000,1.200000,
-3.300000,1.200000,
-3.200000,1.200000,0.754983
-3.100000,1.200000,1.095445
-3.000000,1.200000,1.345362
-2.900000,1.200000,1.549193
-2.800000,1.200000,1.723369
-2.700000,1.200000,1.876166
-2.600000,1.200000,2.012461
-2.500000,1.200000,2.135416
-2.400000,1.200000,2.247221
-2.300000,1.200000,2.349468
-2.200000,1.200000,2.443358
-2.100000,1.200000,2.529822
-2.000000,1.200000,2.609598
-1.900000,1.200000,2.599921
-1.800000,1.200000,2.547400
-1.700000,1.200000,2.486525
-1.600000,1.200000,2.416246
-1.500000,1.200000,2.335119
-1.400000,1.200000,2.241080
-1.300000,1.200000,2.131012
-1.200000,1.200000,1.999820
-1.100000,1.200000,1.838051
-1.000000,1.200000,1.623597
-0.900000,1.200000,1.257845
-0.800000,1.200000,0.691659
-0.700000,1.200000,0.688943
-0.600000,1.200000,0.680636
-0.500000,1.200000,0.666657
-0.400000,1.200000,0.646873
-0.300000,1.200000,0.621083
-0.200000,1.200000,0.589014
-0.100000,1.200000,0.550300
0.000000,1.200000,0.504462
0.100000,1.200000,0.450872
0.200000,1.200000,0.388697
0.300000,1.200000,0.316810
0.400000,1.200000,0.233651
0.500000,1.200000,0.193724
0.600000,1.200000,0.280146
0.700000,1.200000,0.353965
0.800000,1.200000,0.417117
0.900000,1.200000,0.470954
1.000000,1.200000,0.516450
1.100000,1.200000,0.554326
1.200000,1.200000,0.585119
1.300000,1.200000,0.609231
1.400000,1.200000,0.626953
1.500000,1.200000,0.638490
1.600000,1.200000,0.643970
1.700000,1.200000,0.643451
1.800000,1.200000,0.636930
1.900000,1.200000,0.624334
2.000000,1.200000,0.605523
2.100000,1.200000,0.580279
2.200000,1.200000,0.548291
2.300000,1.200000,0.509140
2.400000,1.200000,0.462258
2.500000,1.200000,0.406888
2.600000,1.200000,0.342000
2.700000,1.200000,0.266159
2.800000,1.200000,0.177297
2.900000,1.200000,0.132770
3.000000,1.200000,0.111690
3.100000,1.200000,0.082408
3.200000,1.200000,0.044341
3.300000,1.200000,
3.400000,1.200000,
3.500000,1.200000,
-3.500000,1.300000,
-3.400000,1.300000,
-3.300000,1.300000,
-3.200000,1.300000,0.565685
-3.100000,1.300000,0.974679
-3.000000,1.300000,1.249000
-2.900000,1.300000,1.466288
-2.800000,1.300000,1.649242
-2.700000,1.300000,1.808314
-2.600000,1.300000,1.949359
-2.500000,1.300000,2.076054
-2.400000,1.300000,2.190890
-2.300000,1.300000,2.295648
-2.200000,1.300000,2.391652
-2.100000,1.300000,2.479919
-2.000000,1.300000,2.561250
-1.900000,1.300000,2.546939
-1.800000,1.300000,2.492599
-1.700000,1.300000,2.429450
-1.600000,1.300000,2.356294
-1.500000,1.300000,2.271455
-1.400000,1.300000,2.172473
-1.300000,1.300000,2.055512
-1.200000,1.300000,1.913957
-1.100000,1.300000,1.734377
-1.000000,1.300000,1.478423
-0.900000,1.300000,0.773363
-0.800000,1.300000,0.704104
-0.700000,1.300000,0.699367
-0.600000,1.300000,0.691107
-0.500000,1.300000,0.677211
-0.400000,1.300000,0.657545
-0.300000,1.300000,0.631914
-0.200000,1.300000,0.600048
-0.100000,1.300000,0.561590
0.000000,1.300000,0.516072
0.100000,1.300000,0.462878
0.200000,1.300000,0.401198
0.300000,1.300000,0.329937
0.400000,1.300000,0.247584
0.500000,1.300000,0.151963
0.600000,1.300000,0.220904
0.700000,1.300000,0.298031
0.800000,1.300000,0.363727
0.900000,1.300000,0.419554
1.000000,1.300000,0.466617
1.100000,1.300000,0.505726
1.200000,1.300000,0.537477
1.300000,1.300000,0.562313
1.400000,1.300000,0.580553
1.500000,1.300000,0.592420
1.600000,1.300000,0.598055
1.700000,1.300000,0.597522
1.800000,1.300000,0.590815
1.900000,1.300000,0.577857
2.000000,1.300000,0.558495
2.100000,1.300000,0.532489
2.200000,1.300000,0.499500
2.300000,1.300000,0.459062
2.400000,1.300000,0.410547
2.500000,1.300000,0.353102
2.600000,1.300000,0.285555
2.700000,1.300000,0.206245
2.800000,1.300000,0.112716
2.900000,1.300000,0.012011
3.000000,1.300000,-0.011232
3.100000,1.300000,-0.043657
3.200000,1.300000,-0.086075
3.300000,1.300000,
3.400000,1.300000,
3.500000,1.300000,
-3.500000,1.400000,
-3.400000,1.400000,
-3.300000,1.400000,
-3.200000,1.400000,0.223607
-3.100000,1.400000,0.824621
-3.000000,1.400000,1.135782
-2.900000,1.400000,1.371131
-2.800000,1.400000,1.565248
-2.700000,1.400000,1.732051
-2.600000,1.400000,1.878829
-2.500000,1.400000,2.009975
-2.400000,1.400000,2.128380
-2.300000,1.400000,2.236068
-2.200000,1.400000,2.334524
-2.100000,1.400000,2.424871
-2.000000,1.400000,2.507987
-1.900000,1.400000,2.485565
-1.800000,1.400000,2.428951
-1.700000,1.400000,2.362934
-1.600000,1.400000,2.286104
-1.500000,1.400000,2.196445
-1.400000,1.400000,2.090897
-1.300000,1.400000,1.964450
-1.200000,1.400000,1.807763
-1.100000,1.400000,1.598848
-1.000000,1.400000,1.236588
-0.900000,1.400000,0.816908
-0.800000,1.400000,0.749623
-0.700000,1.400000,0.704215
-0.600000,1.400000,0.695978
-0.500000,1.400000,0.682120
-0.400000,1.400000,0.662508
-0.300000,1.400000,0.636950
-0.200000,1.400000,0.605178
-0.100000,1.400000,0.566838
0.000000,1.400000,0.521466
0.100000,1.400000,0.468455
0.200000,1.400000,0.407002
0.300000,1.400000,0.336028
0.400000,1.400000,0.254044
0.500000,1.400000,0.158911
0.600000,1.400000,0.150231
0.700000,1.400000,0.231700
0.800000,1.400000,0.300685
0.900000,1.400000,0.359055
1.000000,1.400000,0.408106
1.100000,1.400000,0.448767
1.200000,1.400000,0.481719
1.300000,1.400000,0.507457
1.400000,1.400000,0.526342
1.500000,1.400000,0.538621
1.600000,1.400000,0.544449
1.700000,1.400000,0.543898
1.800000,1.400000,0.536961
1.900000,1.400000,0.523552
2.000000,1.400000,0.503502
2.100000,1.400000,0.476545
2.200000,1.400000,0.442299
2.300000,1.400000,0.400241
2.400000,1.400000,0.349652
2.500000,1.400000,0.289551
2.600000,1.400000,0.218559
2.700000,1.400000,0.134680
2.800000,1.400000,0.034860
2.900000,1.400000,-0.085966
3.000000,1.400000,-0.158279
3.100000,1.400000,-0.195501
3.200000,1.400000,
3.300000,1.400000,
3.400000,1.400000,
3.500000,1.400000,
-3.500000,1.500000,
-3.400000,1.500000,
-3.300000,1.500000,
-3.200000,1.500000,
-3.100000,1.500000,0.624500
-3.000000,1.500000,1.000000
-2.900000,1.500000,1.260952
-2.800000,1.500000,1.469694
-2.700000,1.500000,1.646208
-2.600000,1.500000,1.800000
-2.500000,1.500000,1.936492
-2.400000,1.500000,2.059126
-2.300000,1.500000,2.170253
-2.200000,1.500000,2.271563
-2.100000,1.500000,2.364318
-2.000000,1.500000,2.449490
-1.900000,1.500000,2.414737
-1.800000,1.500000,2.355245
-1.700000,1.500000,2.285552
-1.600000,1.500000,2.203940
-1.500000,1.500000,2.107861
-1.400000,1.500000,1.993274
-1.300000,1.500000,1.853057
-1.200000,1.500000,1.672158
-1.100000,1.500000,1.402922
-1.000000,1.500000,1.109075
-0.900000,1.500000,0.853184
-0.800000,1.500000,0.787457
-0.700000,1.500000,0.712162
-0.600000,1.500000,0.695293
-0.500000,1.500000,0.681430
-0.400000,1.500000,0.661811
-0.300000,1.500000,0.636242
-0.200000,1.500000,0.604456
-0.100000,1.500000,0.566100
0.000000,1.500000,0.520708
0.100000,1.500000,0.467671
0.200000,1.500000,0.406186
0.300000,1.500000,0.335172
0.400000,1.500000,0.253137
0.500000,1.500000,0.157935
0.600000,1.500000,0.067356
0.700000,1.500000,0.153219
0.800000,1.500000,0.226535
0.900000,1.500000,0.288202
1.000000,1.500000,0.339800
1.100000,1.500000,0.382435
1.200000,1.500000,0.416902
1.300000,1.500000,0.443777
1.400000,1.500000,0.463469
1.500000,1.500000,0.476262
1.600000,1.500000,0.482331
1.700000,1.500000,0.481757
1.800000,1.500000,0.474533
1.900000,1.500000,0.460561
2.000000,1.500000,0.439650
2.100000,1.500000,0.411495
2.200000,1.500000,0.375661
2.300000,1.500000,0.331539
2.400000,1.500000,0.278289
2.500000,1.500000,0.214735
2.600000,1.500000,0.139194
2.700000,1.500000,0.049139
2.800000,1.500000,-0.059476
2.900000,1.500000,-0.193891
3.000000,1.500000,-0.341954
3.100000,1.500000,-0.387685
3.200000,1.500000,
3.300000,1.500000,
3.400000,1.500000,
3.500000,1.500000,
-3.500000,1.600000,
-3.400000,1.600000,
-3.300000,1.600000,
-3.200000,1.600000,
-3.100000,1.600000,0.282843
-3.000000,1.600000,0.830662
-2.900000,1.600000,1.131371
-2.800000,1.600000,1.360147
-2.700000,1.600000,1.549193
-2.600000,1.600000,1.711724
-2.500000,1.600000,1.854724
-2.400000,1.600000,1.982423
-2.300000,1.600000,2.097618
-2.200000,1.600000,2.202272
-2.100000,1.600000,2.297825
-2.000000,1.600000,2.385372
-1.900000,1.600000,2.332988
-1.800000,1.600000,2.269778
-1.700000,1.600000,2.195259
-1.600000,1.600000,2.107222
-1.500000,1.600000,2.002236
-1.400000,1.600000,1.874460
-1.300000,1.600000,1.712318
-1.200000,1.600000,1.484671
-1.100000,1.600000,1.308422
-1.000000,1.600000,1.122427
-0.900000,1.600000,0.882666
-0.800000,1.600000,0.818152
-0.700000,1.600000,0.744375
-0.600000,1.600000,0.689047
-0.500000,1.600000,0.675134
-0.400000,1.600000,0.655445
-0.300000,1.600000,0.629783
-0.200000,1.600000,0.597877
-0.100000,1.600000,0.559369
0.000000,1.600000,0.513788
0.100000,1.600000,0.460517
0.200000,1.600000,0.398740
0.300000,1.600000,0.327357
0.400000,1.600000,0.244847
0.500000,1.600000,0.149017
0.600000,1.600000,0.082170
0.700000,1.600000,0.130101
0.800000,1.600000,0.171390
0.900000,1.600000,0.206474
1.000000,1.600000,0.260141
1.100000,1.600000,0.305330
1.200000,1.600000,0.341741
1.300000,1.600000,0.370063
1.400000,1.600000,0.390781
1.500000,1.600000,0.404224
1.600000,1.600000,0.410597
1.700000,1.600000,0.409995
1.800000,1.600000,0.402408
1.900000,1.600000,0.387724
2.000000,1.600000,0.365718
2.100000,1.600000,0.336036
2.200000,1.600000,0.298161
2.300000,1.600000,0.251365
2.400000,1.600000,0.194622
2.500000,1.600000,0.126463
2.600000,1.600000,0.044710
2.700000,1.600000,-0.054060
2.800000,1.600000,-0.175760
2.900000,1.600000,-0.275005
3.000000,1.600000,-0.382217
3.100000,1.600000,
3.200000,1.600000,
3.300000,1.600000,
3.400000,1.600000,
3.500000,1.600000,
-3.500000,1.700000,
-3.400000,1.700000,
-3.300000,1.700000,
-3.200000,1.700000,
-3.100000,1.700000,
-3.000000,1.700000,0.600000
-2.900000,1.700000,0.974679
-2.800000,1.700000,1.232883
-2.700000,1.700000,1.438749
-2.600000,1.700000,1.612452
-2.500000,1.700000,1.763519
-2.400000,1.700000,1.897367
-2.300000,1.700000,2.017424
-2.200000,1.700000,2.126029
-2.100000,1.700000,2.224860
-2.000000,1.700000,2.295432
-1.900000,1.700000,2.238219
-1.800000,1.700000,2.170055
-1.700000,1.700000,2.088952
-1.600000,1.700000,1.991855
-1.500000,1.700000,1.873658
-1.400000,1.700000,1.724596
-1.300000,1.700000,1.582667
-1.200000,1.700000,1.458303
-1.100000,1.700000,1.309603
-1.000000,1.700000,1.123868
-0.900000,1.700000,0.905710
-0.800000,1.700000,0.842114
-0.700000,1.700000,0.769478
-0.600000,1.700000,0.686459
-0.500000,1.700000,0.663174
-0.400000,1.700000,0.643350
-0.300000,1.700000,0.617508
-0.200000,1.700000,0.585370
-0.100000,1.700000,0.546571
0.000000,1.700000,0.500627
0.100000,1.700000,0.446905
0.200000,1.700000,0.384564
0.300000,1.700000,0.312468
0.400000,1.700000,0.229038
0.500000,1.700000,0.131985
0.600000,1.700000,0.091213
0.700000,1.700000,0.138905
0.800000,1.700000,0.179998
0.900000,1.700000,0.214923
1.000000,1.700000,0.244015
1.100000,1.700000,0.267537
1.200000,1.700000,0.285688
1.300000,1.700000,0.298618
1.400000,1.700000,0.306672
1.500000,1.700000,0.320955
1.600000,1.700000,0.327720
1.700000,1.700000,0.327081
1.800000,1.700000,0.319026
1.900000,1.700000,0.303422
2.000000,1.700000,0.279996
2.100000,1.700000,0.248319
2.200000,1.700000,0.207754
2.300000,1.700000,0.157387
2.400000,1.700000,0.095900
2.500000,1.700000,0.041706
2.600000,1.700000,-0.020244
2.700000,1.700000,-0.090896
2.800000,1.700000,-0.171473
2.900000,1.700000,-0.263674
3.000000,1.700000,-0.369956
3.100000,1.700000,
3.200000,1.700000,
3.300000,1.700000,
3.400000,1.700000,
3.500000,1.700000,
-3.500000,1.800000,
-3.400000,1.800000,
-3.300000,1.800000,
-3.200000,1.800000,
-3.100000,1.800000,
-3.000000,1.800000,0.100000
-2.900000,1.800000,0.774597
-2.800000,1.800000,1.081665
-2.700000,1.800000,1.311488
-2.600000,1.800000,1.500000
-2.500000,1.800000,1.661325
-2.400000,1.800000,1.802776
-2.300000,1.800000,1.928730
-2.200000,1.800000,2.042058
-2.100000,1.800000,2.144761
-2.000000,1.800000,2.189654
-1.900000,1.800000,2.127252
-1.800000,1.800000,2.052163
-1.700000,1.800000,1.961527
-1.600000,1.800000,1.856686
-1.500000,1.800000,1.775657
-1.400000,1.800000,1.682909
-1.300000,1.800000,1.575935
-1.200000,1.800000,1.450859
-1.100000,1.800000,1.301081
-1.000000,1.800000,1.113459
-0.900000,1.800000,0.922580
-0.800000,1.800000,0.859638
-0.700000,1.800000,0.787814
-0.600000,1.800000,0.705820
-0.500000,1.800000,0.645432
-0.400000,1.800000,0.625406
-0.300000,1.800000,0.599291
-0.200000,1.800000,0.566804
-0.100000,1.800000,0.527564
0.000000,1.800000,0.481070
0.100000,1.800000,0.426662
0.200000,1.800000,0.363463
0.300000,1.800000,0.290278
0.400000,1.800000,0.205437
0.500000,1.800000,0.106497
0.600000,1.800000,0.094574
0.700000,1.800000,0.142178
0.800000,1.800000,0.183198
0.900000,1.800000,0.218064
1.000000,1.800000,0.247109
1.100000,1.800000,0.270593
1.200000,1.800000,0.288717
1.300000,1.800000,0.301626
1.400000,1.800000,0.309424
1.500000,1.800000,0.312170
1.600000,1.800000,0.309885
1.700000,1.800000,0.302551
1.800000,1.800000,0.290113
1.900000,1.800000,0.272472
2.000000,1.800000,0.249486
2.100000,1.800000,0.220960
2.200000,1.800000,0.186640
2.300000,1.800000,0.146199
2.400000,1.800000,0.099218
2.500000,1.800000,0.045163
2.600000,1.800000,-0.016658
2.700000,1.800000,-0.087150
2.800000,1.800000,-0.167528
2.900000,1.800000,-0.259472
3.000000,1.800000,
3.100000,1.800000,
3.200000,1.800000,
3.300000,1.800000,
3.400000,1.800000,
3.500000,1.800000,
-3.500000,1.900000,
-3.400000,1.900000,
-3.300000,1.900000,
-3.200000,1.900000,
-3.100000,1.900000,
-3.000000,1.900000,
-2.900000,1.900000,0.479583
-2.800000,1.900000,0.894427
-2.700000,1.900000,1.161895
-2.600000,1.900000,1.371131
-2.500000,1.900000,1.545962
-2.400000,1.900000,1.697056
-2.300000,1.900000,1.830301
-2.200000,1.900000,1.949359
-2.100000,1.900000,2.056696
-2.000000,1.900000,2.081416
-1.900000,1.900000,2.033807
-1.800000,1.900000,1.979014
-1.700000,1.900000,1.916316
-1.600000,1.900000,1.844766
-1.500000,1.900000,1.763088
-1.400000,1.900000,1.669504
-1.300000,1.900000,1.561416
-1.200000,1.900000,1.434775
-1.100000,1.900000,1.282607
-1.000000,1.900000,1.090746
-0.900000,1.900000,0.933456
-0.800000,1.900000,0.870929
-0.700000,1.900000,0.799619
-0.600000,1.900000,0.718271
-0.500000,1.900000,0.625143
-0.400000,1.900000,0.601427
-0.300000,1.900000,0.574940
-0.200000,1.900000,0.541973
-0.100000,1.900000,0.502127
0.000000,1.900000,0.454876
0.100000,1.900000,0.399522
0.200000,1.900000,0.335133
0.300000,1.900000,0.260432
0.400000,1.900000,0.173614
0.500000,1.900000,0.072005
0.600000,1.900000,0.092284
0.700000,1.900000,0.139948
0.800000,1.900000,0.181018
0.900000,1.900000,0.215924
1.000000,1.900000,0.245001
1.100000,1.900000,0.268511
1.200000,1.900000,0.286653
1.300000,1.900000,0.299577
1.400000,1.900000,0.307382
1.500000,1.900000,0.310131
1.600000,1.900000,0.307844
1.700000,1.900000,0.300503
1.800000,1.900000,0.288052
1.900000,1.900000,0.270392
2.000000,1.900000,0.247381
2.100000,1.900000,0.218823
2.200000,1.900000,0.184464
2.300000,1.900000,0.143974
2.400000,1.900000,0.096935
2.500000,1.900000,0.042808
2.600000,1.900000,-0.019101
2.700000,1.900000,-0.089702
2.800000,1.900000,-0.170215
2.900000,1.900000,-0.262334
3.000000,1.900000,
3.100000,1.900000,
3.200000,1.900000,
3.300000,1.900000,
3.400000,1.900000,
3.500000,1.900000,
-3.500000,2.000000,
-3.400000,2.000000,
-3.300000,2.000000,
-3.200000,2.000000,
-3.100000,2.000000,
-3.000000,2.000000,
-2.900000,2.000000,
-2.800000,2.000000,0.640312
-2.700000,2.000000,0.979796
-2.600000,2.000000,1.220656
-2.500000,2.000000,1.414214
-2.400000,2.000000,1.577973
-2.300000,2.000000,1.720465
-2.200000,2.000000,1.846619
-2.100000,2.000000,1.959592
-2.000000,2.000000,2.061553
-1.900000,2.000000,2.017365
-1.800000,2.000000,1.962037
-1.700000,2.000000,1.898684
-1.600000,2.000000,1.826321
-1.500000,2.000000,1.743618
-1.400000,2.000000,1.648707
-1.300000,2.000000,1.538841
-1.200000,2.000000,1.409682
-1.100000,2.000000,1.253620
-1.000000,2.000000,1.054654
-0.900000,2.000000,0.938453
-0.800000,2.000000,0.876115
-0.700000,2.000000,0.805038
-0.600000,2.000000,0.723983
-0.500000,2.000000,0.631232
-0.400000,2.000000,0.571156
-0.300000,2.000000,0.544183
-0.200000,2.000000,0.510589
-0.100000,2.000000,0.469950
0.000000,2.000000,0.421704
0.100000,2.000000,0.365103
0.200000,2.000000,0.299137
0.300000,2.000000,0.222414
0.400000,2.000000,0.132936
0.500000,2.000000,0.029259
0.600000,2.000000,0.084323
0.700000,2.000000,0.132196
0.800000,2.000000,0.173439
0.900000,2.000000,0.208485
1.000000,2.000000,0.237675
1.100000,2.000000,0.261273
1.200000,2.000000,0.279483
1.300000,2.000000,0.292453
1.400000,2.000000,0.300287
1.500000,2.000000,0.303046
1.600000,2.000000,0.300750
1.700000,2.000000,0.293383
1.800000,2.000000,0.280886
1.900000,2.000000,0.263162
2.000000,2.000000,0.240064
2.100000,2.000000,0.211396
2.200000,2.000000,0.176898
2.300000,2.000000,0.136240
2.400000,2.000000,0.088994
2.500000,2.000000,0.034616
2.600000,2.000000,-0.027600
2.700000,2.000000,-0.098581
2.800000,2.000000,-0.179572
2.900000,2.000000,
3.000000,2.000000,
3.100000,2.000000,
3.200000,2.000000,
3.300000,2.000000,
3.400000,2.000000,
3.500000,2.000000,
-3.500000,2.100000,
-3.400000,2.100000,
-3.300000,2.100000,
-3.200000,2.100000,
-3.100000,2.100000,
-3.000000,2.100000,
-2.900000,2.100000,
-2.800000,2.100000,
-2.700000,2.100000,0.741620
-2.600000,2.100000,1.039230
-2.500000,2.100000,1.260952
-2.400000,2.100000,1.442221
-2.300000,2.100000,1.596872
-2.200000,2.100000,1.732051
-2.100000,2.100000,1.852026
-2.000000,2.100000,1.959592
-1.900000,2.100000,1.994960
-1.800000,2.100000,1.938888
-1.700000,2.100000,1.874617
-1.600000,2.100000,1.801114
-1.500000,2.100000,1.716965
-1.400000,2.100000,1.620175
-1.300000,2.100000,1.507768
-1.200000,2.100000,1.374965
-1.100000,2.100000,1.213143
-1.000000,2.100000,1.003196
-0.900000,2.100000,0.937621
-0.800000,2.100000,0.875252
-0.700000,2.100000,0.804136
-0.600000,2.100000,0.723033
-0.500000,2.100000,0.630220
-0.400000,2.100000,0.534243
-0.300000,2.100000,0.506653
-0.200000,2.100000,0.472261
-0.100000,2.100000,0.430608
0.000000,2.100000,0.381087
0.100000,2.100000,0.322878
0.200000,2.100000,0.254868
0.300000,2.100000,0.175497
0.400000,2.100000,0.082492
0.500000,2.100000,0.015102
0.600000,2.100000,0.070612
0.700000,2.100000,0.118851
0.800000,2.100000,0.160393
0.900000,2.100000,0.195683
1.000000,2.100000,0.225070
1.100000,2.100000,0.248823
1.200000,2.100000,0.267149
1.300000,2.100000,0.280201
1.400000,2.100000,0.288084
1.500000,2.100000,0.290860
1.600000,2.100000,0.288550
1.700000,2.100000,0.281136
1.800000,2.100000,0.268561
1.900000,2.100000,0.250723
2.000000,2.100000,0.227474
2.100000,2.100000,0.198614
2.200000,2.100000,0.163877
2.300000,2.100000,0.122924
2.400000,2.100000,0.075320
2.500000,2.100000,0.020503
2.600000,2.100000,-0.042250
2.700000,2.100000,-0.113896
2.800000,2.100000,
2.900000,2.100000,
3.000000,2.100000,
3.100000,2.100000,
3.200000,2.100000,
3.300000,2.100000,
3.400000,2.100000,
3.500000,2.100000,
-3.500000,2.200000,
-3.400000,2.200000,
-3.300000,2.200000,
-3.200000,2.200000,
-3.100000,2.200000,
-3.000000,2.200000,
-2.900000,2.200000,
-2.800000,2.200000,
-2.700000,2.200000,0.346410
-2.600000,2.200000,0.806226
-2.500000,2.200000,1.077033
-2.400000,2.200000,1.284523
-2.300000,2.200000,1.456022
-2.200000,2.200000,1.603122
-2.100000,2.200000,1.732051
-2.000000,2.200000,1.846619
-1.900000,2.200000,1.949359
-1.800000,2.200000,1.909303
-1.700000,2.200000,1.843821
-1.600000,2.200000,1.768802
-1.500000,2.200000,1.682723
-1.400000,2.200000,1.583401
-1.300000,2.200000,1.467532
-1.200000,2.200000,1.329674
-1.100000,2.200000,1.159602
-1.000000,2.200000,0.985707
-0.900000,2.200000,0.930954
-0.800000,2.200000,0.868332
-0.700000,2.200000,0.796904
-0.600000,2.200000,0.715409
-0.500000,2.200000,0.622091
-0.400000,2.200000,0.514395
-0.300000,2.200000,0.461865
-0.200000,2.200000,0.426468
-0.100000,2.200000,0.383536
0.000000,2.200000,0.332394
0.100000,2.200000,0.272131
0.200000,2.200000,0.201484
0.300000,2.200000,0.118659
0.400000,2.200000,0.020974
0.500000,2.200000,-0.005146
0.600000,2.200000,0.051014
0.700000,2.200000,0.099786
0.800000,2.200000,0.141763
0.900000,2.200000,0.177408
1.000000,2.200000,0.207080
1.100000,2.200000,0.231057
1.200000,2.200000,0.249552
1.300000,2.200000,0.262723
1.400000,2.200000,0.270676
1.500000,2.200000,0.273477
1.600000,2.200000,0.271146
1.700000,2.200000,0.263666
1.800000,2.200000,0.250977
1.900000,2.200000,0.232975
2.000000,2.200000,0.209507
2.100000,2.200000,0.180368
2.200000,2.200000,0.145283
2.300000,2.200000,0.103903
2.400000,2.200000,0.055775
2.500000,2.200000,0.000321
2.600000,2.200000,-0.063217
2.700000,2.200000,-0.135838
2.800000,2.200000,
2.900000,2.200000,
3.000000,2.200000,
3.100000,2.200000,
3.200000,2.200000,
3.300000,2.200000,
3.400000,2.200000,
3.500000,2.200000,
-3.500000,2.300000,
-3.400000,2.300000,
-3.300000,2.300000,
-3.200000,2.300000,
-3.100000,2.300000,
-3.000000,2.300000,
-2.900000,2.300000,
-2.800000,2.300000,
-2.700000,2.300000,
-2.600000,2.300000,0.447214
-2.500000,2.300000,0.842615
-2.400000,2.300000,1.095445
-2.300000,2.300000,1.292285
-2.200000,2.300000,1.456022
-2.100000,2.300000,1.596872
-2.000000,2.300000,1.720465
-1.900000,2.300000,1.830301
-1.800000,2.300000,1.872925
-1.700000,2.300000,1.805888
-1.600000,2.300000,1.728912
-1.500000,2.300000,1.640320
-1.400000,2.300000,1.537666
-1.300000,2.300000,1.417166
-1.200000,2.300000,1.272368
-1.100000,2.300000,1.090425
-1.000000,2.300000,0.973526
-0.900000,2.300000,0.918381
-0.800000,2.300000,0.855277
-0.700000,2.300000,0.783253
-0.600000,2.300000,0.701006
-0.500000,2.300000,0.606719
-0.400000,2.300000,0.497728
-0.300000,2.300000,0.409175
-0.200000,2.300000,0.372516
-0.100000,2.300000,0.327970
0.000000,2.300000,0.274773
0.100000,2.300000,0.211877
0.200000,2.300000,0.137814
0.300000,2.300000,0.050438
0.400000,2.300000,-0.053559
0.500000,2.300000,-0.031710
0.600000,2.300000,0.025327
0.700000,2.300000,0.074814
0.800000,2.300000,0.117376
0.900000,2.300000,0.153496
1.000000,2.300000,0.183549
1.100000,2.300000,0.207825
1.200000,2.300000,0.226546
1.300000,2.300000,0.239875
1.400000,2.300000,0.247923
1.500000,2.300000,0.250756
1.600000,2.300000,0.248398
1.700000,2.300000,0.240830
1.800000,2.300000,0.227989
1.900000,2.300000,0.209767
2.000000,2.300000,0.186007
2.100000,2.300000,0.156494
2.200000,2.300000,0.120943
2.300000,2.300000,0.078989
2.400000,2.300000,0.030160
2.500000,2.300000,-0.026155
2.600000,2.300000,-0.090754
2.700000,2.300000,
2.800000,2.300000,
2.900000,2.300000,
3.000000,2.300000,
3.100000,2.300000,
3.200000,2.300000,
3.300000,2.300000,
3.400000,2.300000,
3.500000,2.300000,
-3.500000,2.400000,
-3.400000,2.400000,
-3.300000,2.400000,
-3.200000,2.400000,
-3.100000,2.400000,
-3.000000,2.400000,
-2.900000,2.400000,
-2.800000,2.400000,
-2.700000,2.400000,
-2.600000,2.400000,
-2.500000,2.400000,0.489898
-2.400000,2.400000,0.854400
-2.300000,2.400000,1.095445
-2.200000,2.400000,1.284523
-2.100000,2.400000,1.442221
-2.000000,2.400000,1.577973
-1.900000,2.400000,1.697056
-1.800000,2.400000,1.802776
-1.700000,2.400000,1.760271
-1.600000,2.400000,1.680800
-1.500000,2.400000,1.588966
-1.400000,2.400000,1.481952
-1.300000,2.400000,1.355252
-1.200000,2.400000,1.200817
-1.100000,2.400000,1.003911
-1.000000,2.400000,0.955507
-0.900000,2.400000,0.899770
-0.800000,2.400000,0.835940
-0.700000,2.400000,0.763013
-0.600000,2.400000,0.679626
-0.500000,2.400000,0.583861
-0.400000,2.400000,0.472882
-0.300000,2.400000,0.347723
-0.200000,2.400000,0.309475
-0.100000,2.400000,0.262879
0.000000,2.400000,0.207047
0.100000,2.400000,0.140740
0.200000,2.400000,0.062176
0.300000,2.400000,-0.031331
0.400000,2.400000,-0.131711
0.500000,2.400000,-0.064902
0.600000,2.400000,-0.006731
0.700000,2.400000,0.043678
0.800000,2.400000,0.086992
0.900000,2.400000,0.123721
1.000000,2.400000,0.154263
1.100000,2.400000,0.178923
1.200000,2.400000,0.197932
1.300000,2.400000,0.211463
1.400000,2.400000,0.219631
1.500000,2.400000,0.222507
1.600000,2.400000,0.220114
1.700000,2.400000,0.212432
1.800000,2.400000,0.199397
1.900000,2.400000,0.180895
2.000000,2.400000,0.156761
2.100000,2.400000,0.126769
2.200000,2.400000,0.090621
2.300000,2.400000,0.047929
2.400000,2.400000,-0.001805
2.500000,2.400000,-0.059233
2.600000,2.400000,
2.700000,2.400000,
2.800000,2.400000,
2.900000,2.400000,
3.000000,2.400000,
3.100000,2.400000,
3.200000,2.400000,
3.300000,2.400000,
3.400000,2.400000,
3.500000,2.400000,
-3.500000,2.500000,
-3.400000,2.500000,
-3.300000,2.500000,
-3.200000,2.500000,
-3.100000,2.500000,
-3.000000,2.500000,
-2.900000,2.500000,
-2.800000,2.500000,
-2.700000,2.500000,
-2.600000,2.500000,
-2.500000,2.500000,
-2.400000,2.500000,0.489898
-2.300000,2.500000,0.842615
-2.200000,2.500000,1.077033
-2.100000,2.500000,1.260952
-2.000000,2.500000,1.414214
-1.900000,2.500000,1.545962
-1.800000,2.500000,1.661325
-1.700000,2.500000,1.706236
-1.600000,2.500000,1.623584
-1.500000,2.500000,1.527561
-1.400000,2.500000,1.414794
-1.300000,2.500000,1.279658
-1.200000,2.500000,1.111374
-1.100000,2.500000,0.980529
-1.000000,2.500000,0.931464
-0.900000,2.500000,0.874917
-0.800000,2.500000,0.810090
-0.700000,2.500000,0.735919
-0.600000,2.500000,0.650954
-0.500000,2.500000,0.553130
-0.400000,2.500000,0.439357
-0.300000,2.500000,0.304624
-0.200000,2.500000,0.236062
-0.100000,2.500000,0.186823
0.000000,2.500000,0.127555
0.100000,2.500000,0.056724
0.200000,2.500000,-0.027945
0.300000,2.500000,-0.130046
0.400000,2.500000,-0.173738
0.500000,2.500000,-0.105142
0.600000,2.500000,-0.045535
0.700000,2.500000,0.006037
0.800000,2.500000,0.050295
0.900000,2.500000,0.087788
1.000000,2.500000,0.118941
1.100000,2.500000,0.144079
1.200000,2.500000,0.163449
1.300000,2.500000,0.177231
1.400000,2.500000,0.185550
1.500000,2.500000,0.188478
1.600000,2.500000,0.186041
1.700000,2.500000,0.178218
1.800000,2.500000,0.164941
1.900000,2.500000,0.146089
2.000000,2.500000,0.121488
2.100000,2.500000,0.090898
2.200000,2.500000,0.054000
2.300000,2.500000,0.010383
2.400000,2.500000,-0.040493
2.500000,2.500000,
2.600000,2.500000,
2.700000,2.500000,
2.800000,2.500000,
2.900000,2.500000,
3.000000,2.500000,
3.100000,2.500000,
3.200000,2.500000,
3.300000,2.500000,
3.400000,2.500000,
3.500000,2.500000,
-3.500000,2.600000,
-3.400000,2.600000,
-3.300000,2.600000,
-3.200000,2.600000,
-3.100000,2.600000,
-3.000000,2.600000,
-2.900000,2.600000,
-2.800000,2.600000,
-2.700000,2.600000,
-2.600000,2.600000,
-2.500000,2.600000,
-2.400000,2.600000,
-2.300000,2.600000,0.447214
-2.200000,2.600000,0.806226
-2.100000,2.600000,1.039230
-2.000000,2.600000,1.220656
-1.900000,2.600000,1.371131
-1.800000,2.600000,1.500000
-1.700000,2.600000,1.612452
-1.600000,2.600000,1.556045
-1.500000,2.600000,1.454536
-1.400000,2.600000,1.334019
-1.300000,2.600000,1.186986
-1.200000,2.600000,0.997419
-1.100000,2.600000,0.951065
-1.000000,2.600000,0.901140
-0.900000,2.600000,0.843536
-0.800000,2.600000,0.777403
-0.700000,2.600000,0.701596
-0.600000,2.600000,0.614541
-0.500000,2.600000,0.513967
-0.400000,2.600000,0.396410
-0.300000,2.600000,0.256105
-0.200000,2.600000,0.150462
-0.100000,2.600000,0.097727
0.000000,2.600000,0.033836
0.100000,2.600000,-0.043221
0.200000,2.600000,-0.136578
0.300000,2.600000,-0.251561
0.400000,2.600000,-0.223841
0.500000,2.600000,-0.152987
0.600000,2.600000,-0.091581
0.700000,2.600000,-0.038559
0.800000,2.600000,0.006872
0.900000,2.600000,0.045311
1.000000,2.600000,0.077218
1.100000,2.600000,0.102946
1.200000,2.600000,0.122759
1.300000,2.600000,0.136850
1.400000,2.600000,0.145353
1.500000,2.600000,0.148346
1.600000,2.600000,0.145855
1.700000,2.600000,0.137859
1.800000,2.600000,0.124284
1.900000,2.600000,0.105002
2.000000,2.600000,0.079826
2.100000,2.600000,0.048497
2.200000,2.600000,0.010673
2.300000,2.600000,-0.034095
2.400000,2.600000,
2.500000,2.600000,
2.600000,2.600000,
2.700000,2.600000,
2.800000,2.600000,
2.900000,2.600000,
3.000000,2.600000,
3.100000,2.600000,
3.200000,2.600000,
3.300000,2.600000,
3.400000,2.600000,
3.500000,2.600000,
-3.500000,2.700000,
-3.400000,2.700000,
-3.300000,2.700000,
-3.200000,2.700000,
-3.100000,2.700000,
-3.000000,2.700000,
-2.900000,2.700000,
-2.800000,2.700000,
-2.700000,2.700000,
-2.600000,2.700000,
-2.500000,2.700000,
-2.400000,2.700000,
-2.300000,2.700000,
-2.200000,2.700000,0.346410
-2.100000,2.700000,0.741620
-2.000000,2.700000,0.979796
-1.900000,2.700000,1.161895
-1.800000,2.700000,1.311488
-1.700000,2.700000,1.438749
-1.600000,2.700000,1.476444
-1.500000,2.700000,1.367561
-1.400000,2.700000,1.236197
-1.300000,2.700000,1.071295
-1.200000,2.700000,0.958979
-1.100000,2.700000,0.915199
-1.000000,2.700000,0.864185
-0.900000,2.700000,0.805239
-0.800000,2.700000,0.737437
-0.700000,2.700000,0.659527
-0.600000,2.700000,0.569760
-0.500000,2.700000,0.465574
-0.400000,2.700000,0.342962
-0.300000,2.700000,0.194992
-0.200000,2.700000,0.049971
-0.100000,2.700000,-0.007577
0.000000,2.700000,-0.077991
0.100000,2.700000,-0.164151
0.200000,2.700000,-0.270917
0.300000,2.700000,-0.368339
0.400000,2.700000,-0.282890
0.500000,2.700000,-0.209183
0.600000,2.700000,-0.145521
0.700000,2.700000,-0.090695
0.800000,2.700000,-0.043814
0.900000,2.700000,-0.004209
1.000000,2.700000,0.028625
1.100000,2.700000,0.055075
1.200000,2.700000,0.075429
1.300000,2.700000,0.089898
1.400000,2.700000,0.098626
1.500000,2.700000,0.101697
1.600000,2.700000,0.099141
1.700000,2.700000,0.090934
1.800000,2.700000,0.076995
1.900000,2.700000,0.057188
2.000000,2.700000,0.031307
2.100000,2.700000,-0.000929
2.200000,2.700000,-0.039895
2.300000,2.700000,
2.400000,2.700000,
2.500000,2.700000,
2.600000,2.700000,
2.700000,2.700000,
2.800000,2.700000,
2.900000,2.700000,
3.000000,2.700000,
3.100000,2.700000,
3.200000,2.700000,
3.300000,2.700000,
3.400000,2.700000,
3.500000,2.700000,
-3.500000,2.800000,
-3.400000,2.800000,
-3.300000,2.800000,
-3.200000,2.800000,
-3.100000,2.800000,
-3.000000,2.800000,
-2.900000,2.800000,
-2.800000,2.800000,
-2.700000,2.800000,
-2.600000,2.800000,
-2.500000,2.800000,
-2.400000,2.800000,
-2.300000,2.800000,
-2.200000,2.800000,
-2.100000,2.800000,
-2.000000,2.800000,0.640312
-1.900000,2.800000,0.894427
-1.800000,2.800000,1.081665
-1.700000,2.800000,1.232883
-1.600000,2.800000,1.360147
-1.500000,2.800000,1.262960
-1.400000,2.800000,1.115394
-1.300000,2.800000,0.955369
-1.200000,2.800000,0.917398
-1.100000,2.800000,0.872516
-1.000000,2.800000,0.820142
-0.900000,2.800000,0.759510
-0.800000,2.800000,0.689599
-0.700000,2.800000,0.609008
-0.600000,2.800000,0.515745
-0.500000,2.800000,0.406825
-0.400000,2.800000,0.277419
-0.300000,2.800000,0.118718
-0.200000,2.800000,-0.069733
-0.100000,2.800000,-0.134344
0.000000,2.800000,-0.214714
0.100000,2.800000,-0.315638
0.200000,2.800000,-0.446480
0.300000,2.800000,-0.442311
0.400000,2.800000,-0.352082
0.500000,2.800000,-0.274732
0.600000,2.800000,-0.208226
0.700000,2.800000,-0.151145
0.800000,2.800000,-0.102462
0.900000,2.800000,-0.061419
1.000000,2.800000,-0.027446
1.100000,2.800000,-0.000111
1.200000,2.800000,0.020904
1.300000,2.800000,0.035834
1.400000,2.800000,0.044836
1.500000,2.800000,0.048003
1.600000,2.800000,0.045368
1.700000,2.800000,0.036903
1.800000,2.800000,0.022521
1.900000,2.800000,0.002071
2.000000,2.800000,-0.024673
2.100000,2.800000,
2.200000,2.800000,
2.300000,2.800000,
2.400000,2.800000,
2.500000,2.800000,
2.600000,2.800000,
2.700000,2.800000,
2.800000,2.800000,
2.900000,2.800000,
3.000000,2.800000,
3.100000,2.800000,
3.200000,2.800000,
3.300000,2.800000,
3.400000,2.800000,
3.500000,2.800000,
-3.500000,2.900000,
-3.400000,2.900000,
-3.300000,2.900000,
-3.200000,2.900000,
-3.100000,2.900000,
-3.000000,2.900000,
-2.900000,2.900000,
-2.800000,2.900000,
-2.700000,2.900000,
-2.600000,2.900000,
-2.500000,2.900000,
-2.400000,2.900000,
-2.300000,2.900000,
-2.200000,2.900000,
-2.100000,2.900000,
-2.000000,2.900000,
-1.900000,2.900000,0.479583
-1.800000,2.900000,0.774597
-1.700000,2.900000,0.974679
-1.600000,2.900000,1.131371
-1.500000,2.900000,1.134315
-1.400000,2.900000,0.959545
-1.300000,2.900000,0.907783
-1.200000,2.900000,0.868716
-1.100000,2.900000,0.822471
-1.000000,2.900000,0.768405
-0.900000,2.900000,0.705662
-0.800000,2.900000,0.633089
-0.700000,2.900000,0.549075
-0.600000,2.900000,0.451278
-0.500000,2.900000,0.336083
-0.400000,2.900000,0.197351
-0.300000,2.900000,0.022970
-0.200000,2.900000,-0.216371
-0.100000,2.900000,-0.292543
0.000000,2.900000,-0.390463
0.100000,2.900000,-0.520947
0.200000,2.900000,-0.545434
0.300000,2.900000,-0.529691
0.400000,2.900000,-0.433106
0.500000,2.900000,-0.351021
0.600000,2.900000,-0.280876
0.700000,2.900000,-0.220943
0.800000,2.900000,-0.170004
0.900000,2.900000,-0.127171
1.000000,2.900000,-0.091788
1.100000,2.900000,-0.063363
1.200000,2.900000,-0.041534
1.300000,2.900000,-0.026040
1.400000,2.900000,-0.016702
1.500000,2.900000,-0.013418
1.600000,2.900000,-0.016151
1.700000,2.900000,-0.024931
1.800000,2.900000,-0.039856
1.900000,2.900000,-0.061095
2.000000,2.900000,
2.100000,2.900000,
2.200000,2.900000,
2.300000,2.900000,
2.400000,2.900000,
2.500000,2.900000,
2.600000,2.900000,
2.700000,2.900000,
2.800000,2.900000,
2.900000,2.900000,
3.000000,2.900000,
3.100000,2.900000,
3.200000,2.900000,
3.300000,2.900000,
3.400000,2.900000,
3.500000,2.900000,
-3.500000,3.000000,
-3.400000,3.000000,
-3.300000,3.000000,
-3.200000,3.000000,
-3.100000,3.000000,
-3.000000,3.000000,
-2.900000,3.000000,
-2.800000,3.000000,
-2.700000,3.000000,
-2.600000,3.000000,
-2.500000,3.000000,
-2.400000,3.000000,
-2.300000,3.000000,
-2.200000,3.000000,
-2.100000,3.000000,
-2.000000,3.000000,
-1.900000,3.000000,
-1.800000,3.000000,0.100000
-1.700000,3.000000,0.600000
-1.600000,3.000000,0.830662
-1.500000,3.000000,0.968365
-1.400000,3.000000,0.886149
-1.300000,3.000000,0.852701
-1.200000,3.000000,0.812283
-1.100000,3.000000,0.764349
-1.000000,3.000000,0.708171
-0.900000,3.000000,0.642774
-0.800000,3.000000,0.566815
-0.700000,3.000000,0.478383
-0.600000,3.000000,0.374612
-0.500000,3.000000,0.250881
-0.400000,3.000000,0.098795
-0.300000,3.000000,-0.100437
-0.200000,3.000000,-0.406681
-0.100000,3.000000,-0.506559
0.000000,3.000000,-0.607058
0.100000,3.000000,-0.606537
0.200000,3.000000,-0.612193
0.300000,3.000000,-0.624092
0.400000,3.000000,-0.528467
0.500000,3.000000,-0.440037
0.600000,3.000000,-0.365122
0.700000,3.000000,-0.301513
0.800000,3.000000,-0.247699
0.900000,3.000000,-0.202607
1.000000,3.000000,-0.165457
1.100000,3.000000,-0.135672
1.200000,3.000000,-0.112834
1.300000,3.000000,-0.096640
1.400000,3.000000,-0.086888
1.500000,3.000000,-0.083459
1.600000,3.000000,-0.086312
1.700000,3.000000,-0.095482
1.800000,3.000000,
1.900000,3.000000,
2.000000,3.000000,
2.100000,3.000000,
2.200000,3.000000,
2.300000,3.000000,
2.400000,3.000000,
2.500000,3.000000,
2.600000,3.000000,
2.700000,3.000000,
2.800000,3.000000,
2.900000,3.000000,
3.000000,3.000000,
3.100000,3.000000,
3.200000,3.000000,
3.300000,3.000000,
3.400000,3.000000,
3.500000,3.000000,
-3.500000,3.100000,
-3.400000,3.100000,
-3.300000,3.100000,
-3.200000,3.100000,
-3.100000,3.100000,
-3.000000,3.100000,
-2.900000,3.100000,
-2.800000,3.100000,
-2.700000,3.100000,
-2.600000,3.100000,
-2.500000,3.100000,
-2.400000,3.100000,
-2.300000,3.100000,
-2.200000,3.100000,
-2.100000,3.100000,
-2.000000,3.100000,
-1.900000,3.100000,
-1.800000,3.100000,
-1.700000,3.100000,
-1.600000,3.100000,0.282843
-1.500000,3.100000,0.624500
-1.400000,3.100000,0.824103
-1.300000,3.100000,0.789333
-1.200000,3.100000,0.747238
-1.100000,3.100000,0.697194
-1.000000,3.100000,0.638359
-0.900000,3.100000,0.569582
-0.800000,3.100000,0.489249
-0.700000,3.100000,0.394991
-0.600000,3.100000,0.283109
-0.500000,3.100000,0.147242
-0.400000,3.100000,-0.025464
-0.300000,3.100000,-0.271262
-0.200000,3.100000,-0.697716
-0.100000,3.100000,-0.689958
0.000000,3.100000,-0.682924
0.100000,3.100000,-0.682378
0.200000,3.100000,-0.688313
0.300000,3.100000,-0.700804
0.400000,3.100000,-0.642120
0.500000,3.100000,-0.544776
0.600000,3.100000,-0.463378
0.700000,3.100000,-0.394884
0.800000,3.100000,-0.337314
0.900000,3.100000,-0.289306
1.000000,3.100000,-0.249896
1.100000,3.100000,-0.218387
1.200000,3.100000,-0.194274
1.300000,3.100000,-0.177200
1.400000,3.100000,-0.166928
1.500000,3.100000,-0.163317
1.600000,3.100000,-0.166322
1.700000,3.100000,
1.800000,3.100000,
1.900000,3.100000,
2.000000,3.100000,
2.100000,3.100000,
2.200000,3.100000,
2.300000,3.100000,
2.400000,3.100000,
2.500000,3.100000,
2.600000,3.100000,
2.700000,3.100000,
2.800000,3.100000,
2.900000,3.100000,
3.000000,3.100000,
3.100000,3.100000,
3.200000,3.100000,
3.300000,3.100000,
3.400000,3.100000,
3.500000,3.100000,
-3.500000,3.200000,
-3.400000,3.200000,
-3.300000,3.200000,
-3.200000,3.200000,
-3.100000,3.200000,
-3.000000,3.200000,
-2.900000,3.200000,
-2.800000,3.200000,
-2.700000,3.200000,
-2.600000,3.200000,
-2.500000,3.200000,
-2.400000,3.200000,
-2.300000,3.200000,
-2.200000,3.200000,
-2.100000,3.200000,
-2.000000,3.200000,
-1.900000,3.200000,
-1.800000,3.200000,
-1.700000,3.200000,
-1.600000,3.200000,
-1.500000,3.200000,
-1.400000,3.200000,0.223607
-1.300000,3.200000,0.565685
-1.200000,3.200000,0.672426
-1.100000,3.200000,0.619709
-1.000000,3.200000,0.557468
-0.900000,3.200000,0.484298
-0.800000,3.200000,0.398162
-0.700000,3.200000,0.295951
-0.600000,3.200000,0.172500
-0.500000,3.200000,0.018009
-0.400000,3.200000,-0.191496
-0.300000,3.200000,-0.591050
-0.200000,3.200000,-0.791444
-0.100000,3.200000,-0.777008
0.000000,3.200000,-0.769554
0.100000,3.200000,-0.768975
0.200000,3.200000,-0.775264
0.300000,3.200000,-0.788509
0.400000,3.200000,-0.781000
0.500000,3.200000,-0.670136
0.600000,3.200000,-0.579399
0.700000,3.200000,-0.504109
0.800000,3.200000,-0.441438
0.900000,3.200000,-0.389542
1.000000,3.200000,-0.347158
1.100000,3.200000,-0.313398
1.200000,3.200000,-0.287635
1.300000,3.200000,-0.269429
1.400000,3.200000,
1.500000,3.200000,
1.600000,3.200000,
1.700000,3.200000,
1.800000,3.200000,
1.900000,3.200000,
2.000000,3.200000,
2.100000,3.200000,
2.200000,3.200000,
2.300000,3.200000,
2.400000,3.200000,
2.500000,3.200000,
2.600000,3.200000,
2.700000,3.200000,
2.800000,3.200000,
2.900000,3.200000,
3.000000,3.200000,
3.100000,3.200000,
3.200000,3.200000,
3.300000,3.200000,
3.400000,3.200000,
3.500000,3.200000,
-3.500000,3.300000,
-3.400000,3.300000,
-3.300000,3.300000,
-3.200000,3.300000,
-3.100000,3.300000,
-3.000000,3.300000,
-2.900000,3.300000,
-2.800000,3.300000,
-2.700000,3.300000,
-2.600000,3.300000,
-2.500000,3.300000,
-2.400000,3.300000,
-2.300000,3.300000,
-2.200000,3.300000,
-2.100000,3.300000,
-2.000000,3.300000,
-1.900000,3.300000,
-1.800000,3.300000,
-1.700000,3.300000,
-1.600000,3.300000,
-1.500000,3.300000,
-1.400000,3.300000,
-1.300000,3.300000,
-1.200000,3.300000,
-1.100000,3.300000,0.387298
-1.000000,3.300000,0.463338
-0.900000,3.300000,0.384265
-0.800000,3.300000,0.290104
-0.700000,3.300000,0.176409
-0.600000,3.300000,0.035040
-0.500000,3.300000,-0.152444
-0.400000,3.300000,-0.458649
-0.300000,3.300000,-0.884138
-0.200000,3.300000,-0.884966
-0.100000,3.300000,-0.877004
0.000000,3.300000,-0.869002
0.100000,3.300000,-0.868381
0.200000,3.300000,-0.875132
0.300000,3.300000,-0.889365
0.400000,3.300000,-0.911324
0.500000,3.300000,-0.825173
0.600000,3.300000,-0.719625
0.700000,3.300000,-0.634160
0.800000,3.300000,-0.564140
0.900000,3.300000,-0.506788
1.000000,3.300000,-0.460312
1.100000,3.300000,
1.200000,3.300000,
1.300000,3.300000,
1.400000,3.300000,
1.500000,3.300000,
1.600000,3.300000,
1.700000,3.300000,
1.800000,3.300000,
1.900000,3.300000,
2.000000,3.300000,
2.100000,3.300000,
2.200000,3.300000,
2.300000,3.300000,
2.400000,3.300000,
2.500000,3.300000,
2.600000,3.300000,
2.700000,3.300000,
2.800000,3.300000,
2.900000,3.300000,
3.000000,3.300000,
3.100000,3.300000,
3.200000,3.300000,
3.300000,3.300000,
3.400000,3.300000,
3.500000,3.300000,
-3.500000,3.400000,
-3.400000,3.400000,
-3.300000,3.400000,
-3.200000,3.400000,
-3.100000,3.400000,
-3.000000,3.400000,
-2.900000,3.400000,
-2.800000,3.400000,
-2.700000,3.400000,
-2.600000,3.400000,
-2.500000,3.400000,
-2.400000,3.400000,
-2.300000,3.400000,
-2.200000,3.400000,
-2.100000,3.400000,
-2.000000,3.400000,
-1.900000,3.400000,
-1.800000,3.400000,
-1.700000,3.400000,
-1.600000,3.400000,
-1.500000,3.400000,
-1.400000,3.400000,
-1.300000,3.400000,
-1.200000,3.400000,
-1.100000,3.400000,
-1.000000,3.400000,
-0.900000,3.400000,
-0.800000,3.400000,0.159235
-0.700000,3.400000,0.027306
-0.600000,3.400000,-0.146526
-0.500000,3.400000,-0.418396
-0.400000,3.400000,
-0.300000,3.400000,
-0.200000,3.400000,
-0.100000,3.400000,
0.000000,3.400000,
0.100000,3.400000,
0.200000,3.400000,
0.300000,3.400000,
0.400000,3.400000,
0.500000,3.400000,
0.600000,3.400000,
0.700000,3.400000,
0.800000,3.400000,
0.900000,3.400000,
1.000000,3.400000,
1.100000,3.400000,
1.200000,3.400000,
1.300000,3.400000,
1.400000,3.400000,
1.500000,3.400000,
1.600000,3.400000,
1.700000,3.400000,
1.800000,3.400000,
1.900000,3.400000,
2.000000,3.400000,
2.100000,3.400000,
2.200000,3.400000,
2.300000,3.400000,
2.400000,3.400000,
2.500000,3.400000,
2.600000,3.400000,
2.700000,3.400000,
2.800000,3.400000,
2.900000,3.400000,
3.000000,3.400000,
3.100000,3.400000,
3.200000,3.400000,
3.300000,3.400000,
3.400000,3.400000,
3.500000,3.400000,
-3.500000,3.500000,
-3.400000,3.500000,
-3.300000,3.500000,
-3.200000,3.500000,
-3.100000,3.500000,
-3.000000,3.500000,
-2.900000,3.500000,
-2.800000,3.500000,
-2.700000,3.500000,
-2.600000,3.500000,
-2.500000,3.500000,
-2.400000,3.500000,
-2.300000,3.500000,
-2.200000,3.500000,
-2.100000,3.500000,
-2.000000,3.500000,
-1.900000,3.500000,
-1.800000,3.500000,
-1.700000,3.500000,
-1.600000,3.500000,
-1.500000,3.500000,
-1.400000,3.500000,
-1.300000,3.500000,
-1.200000,3.500000,
-1.100000,3.500000,
-1.000000,3.500000,
-0.900000,3.500000,
-0.800000,3.500000,
-0.700000,3.500000,
-0.600000,3.500000,
-0.500000,3.500000,
-0.400000,3.500000,
-0.300000,3.500000,
-0.200000,3.500000,
-0.100000,3.500000,
0.000000,3.500000,
0.100000,3.500000,
0.200000,3.500000,
0.300000,3.500000,
0.400000,3.500000,
0.500000,3.500000,
0.600000,3.500000,
0.700000,3.500000,
0.800000,3.500000,
0.900000,3.500000,
1.000000,3.500000,
1.100000,3.500000,
1.200000,3.500000,
1.300000,3.500000,
1.400000,3.500000,
1.500000,3.500000,
1.600000,3.500000,
1.700000,3.500000,
1.800000,3.500000,
1.900000,3.500000,
2.000000,3.500000,
2.100000,3.500000,
2.200000,3.500000,
2.300000,3.500000,
2.400000,3.500000,
2.500000,3.500000,
2.600000,3.500000,
2.700000,3.500000,
2.800000,3.500000,
2.900000,3.500000,
3.000000,3.500000,
3.100000,3.500000,
3.200000,3.500000,
3.300000,3.500000,
3.400000,3.500000,
3.500000,3.500000,
