x,y,z
-3.500000,-3.500000,
-3.400000,-3.500000,
-3.300000,-3.500000,
-3.200000,-3.500000,
-3.100000,-3.500000,
-3.000000,-3.500000,
-2.900000,-3.500000,
-2.800000,-3.500000,
-2.700000,-3.500000,
-2.600000,-3.500000,
-2.500000,-3.500000,
-2.400000,-3.500000,
-2.300000,-3.500000,
-2.200000,-3.500000,
-2.100000,-3.500000,
-2.000000,-3.500000,
-1.900000,-3.500000,
-1.800000,-3.500000,
-1.700000,-3.500000,
-1.600000,-3.500000,
-1.500000,-3.500000,
-1.400000,-3.500000,
-1.300000,-3.500000,
-1.200000,-3.500000,
-1.100000,-3.500000,
-1.000000,-3.500000,
-0.900000,-3.500000,
-0.800000,-3.500000,
-0.700000,-3.500000,
-0.600000,-3.500000,
-0.500000,-3.500000,
-0.400000,-3.500000,
-0.300000,-3.500000,
-0.200000,-3.500000,
-0.100000,-3.500000,
0.000000,-3.500000,
0.100000,-3.500000,
0.200000,-3.500000,
0.300000,-3.500000,
0.400000,-3.500000,
0.500000,-3.500000,
0.600000,-3.500000,
0.700000,-3.500000,
0.800000,-3.500000,
0.900000,-3.500000,
1.000000,-3.500000,
1.100000,-3.500000,
1.200000,-3.500000,
1.300000,-3.500000,
1.400000,-3.500000,
1.500000,-3.500000,
1.600000,-3.500000,
1.700000,-3.500000,
1.800000,-3.500000,
1.900000,-3.500000,
2.000000,-3.500000,
2.100000,-3.500000,
2.200000,-3.500000,
2.300000,-3.500000,
2.400000,-3.500000,
2.500000,-3.500000,
2.600000,-3.500000,
2.700000,-3.500000,
2.800000,-3.500000,
2.900000,-3.500000,
3.000000,-3.500000,
3.100000,-3.500000,
3.200000,-3.500000,
3.300000,-3.500000,
3.400000,-3.500000,
3.500000,-3.500000,
-3.500000,-3.400000,
-3.400000,-3.400000,
-3.300000,-3.400000,
-3.200000,-3.400000,
-3.100000,-3.400000,
-3.000000,-3.400000,
-2.900000,-3.400000,
-2.800000,-3.400000,
-2.700000,-3.400000,
-2.600000,-3.400000,
-2.500000,-3.400000,
-2.400000,-3.400000,
-2.300000,-3.400000,
-2.200000,-3.400000,
-2.100000,-3.400000,
-2.000000,-3.400000,
-1.900000,-3.400000,
-1.800000,-3.400000,
-1.700000,-3.400000,
-1.600000,-3.400000,
-1.500000,-3.400000,
-1.400000,-3.400000,
-1.300000,-3.400000,
-1.200000,-3.400000,
-1.100000,-3.400000,
-1.000000,-3.400000,
-0.900000,-3.400000,
-0.800000,-3.400000,
-0.700000,-3.400000,
-0.600000,-3.400000,
-0.500000,-3.400000,
-0.400000,-3.400000,
-0.300000,-3.400000,
-0.200000,-3.400000,
-0.100000,-3.400000,
0.000000,-3.400000,
0.100000,-3.400000,
0.200000,-3.400000,
0.300000,-3.400000,
0.400000,-3.400000,
0.500000,-3.400000,
0.600000,-3.400000,
0.700000,-3.400000,
0.800000,-3.400000,
0.900000,-3.400000,
1.000000,-3.400000,
1.100000,-3.400000,
1.200000,-3.400000,
1.300000,-3.400000,
1.400000,-3.400000,
1.500000,-3.400000,
1.600000,-3.400000,
1.700000,-3.400000,
1.800000,-3.400000,
1.900000,-3.400000,
2.000000,-3.400000,
2.100000,-3.400000,
2.200000,-3.400000,
2.300000,-3.400000,
2.400000,-3.400000,
2.500000,-3.400000,
2.600000,-3.400000,
2.700000,-3.400000,
2.800000,-3.400000,
2.900000,-3.400000,
3.000000,-3.400000,
3.100000,-3.400000,
3.200000,-3.400000,
3.300000,-3.400000,
3.400000,-3.400000,
3.500000,-3.400000,
-3.500000,-3.300000,
-3.400000,-3.300000,
-3.300000,-3.300000,
-3.200000,-3.300000,
-3.100000,-3.300000,
-3.000000,-3.300000,
-2.900000,-3.300000,
-2.800000,-3.300000,
-2.700000,-3.300000,
-2.600000,-3.300000,
-2.500000,-3.300000,
-2.400000,-3.300000,
-2.300000,-3.300000,
-2.200000,-3.300000,
-2.100000,-3.300000,
-2.000000,-3.300000,
-1.900000,-3.300000,
-1.800000,-3.300000,
-1.700000,-3.300000,
-1.600000,-3.300000,
-1.500000,-3.300000,
-1.400000,-3.300000,
-1.300000,-3.300000,
-1.200000,-3.300000,
-1.100000,-3.300000,
-1.000000,-3.300000,
-0.900000,-3.300000,
-0.800000,-3.300000,
-0.700000,-3.300000,
-0.600000,-3.300000,
-0.500000,-3.300000,
-0.400000,-3.300000,
-0.300000,-3.300000,
-0.200000,-3.300000,
-0.100000,-3.300000,
0.000000,-3.300000,
0.100000,-3.300000,
0.200000,-3.300000,
0.300000,-3.300000,
0.400000,-3.300000,
0.500000,-3.300000,
0.600000,-3.300000,-0.776411
0.700000,-3.300000,-0.509517
0.800000,-3.300000,-0.323575
0.900000,-3.300000,-0.177107
1.000000,-3.300000,-0.055938
1.100000,-3.300000,0.046848
1.200000,-3.300000,
1.300000,-3.300000,
1.400000,-3.300000,
1.500000,-3.300000,
1.600000,-3.300000,
1.700000,-3.300000,
1.800000,-3.300000,
1.900000,-3.300000,
2.000000,-3.300000,
2.100000,-3.300000,
2.200000,-3.300000,
2.300000,-3.300000,
2.400000,-3.300000,
2.500000,-3.300000,
2.600000,-3.300000,
2.700000,-3.300000,
2.800000,-3.300000,
2.900000,-3.300000,
3.000000,-3.300000,
3.100000,-3.300000,
3.200000,-3.300000,
3.300000,-3.300000,
3.400000,-3.300000,
3.500000,-3.300000,
-3.500000,-3.200000,
-3.400000,-3.200000,
-3.300000,-3.200000,
-3.200000,-3.200000,
-3.100000,-3.200000,
-3.000000,-3.200000,
-2.900000,-3.200000,
-2.800000,-3.200000,
-2.700000,-3.200000,
-2.600000,-3.200000,
-2.500000,-3.200000,
-2.400000,-3.200000,
-2.300000,-3.200000,
-2.200000,-3.200000,
-2.100000,-3.200000,
-2.000000,-3.200000,
-1.900000,-3.200000,
-1.800000,-3.200000,
-1.700000,-3.200000,
-1.600000,-3.200000,
-1.500000,-3.200000,
-1.400000,-3.200000,0.223607
-1.300000,-3.200000,0.565685
-1.200000,-3.200000,0.351234
-1.100000,-3.200000,
-1.000000,-3.200000,
-0.900000,-3.200000,
-0.800000,-3.200000,
-0.700000,-3.200000,
-0.600000,-3.200000,
-0.500000,-3.200000,
-0.400000,-3.200000,
-0.300000,-3.200000,
-0.200000,-3.200000,
-0.100000,-3.200000,
0.000000,-3.200000,
0.100000,-3.200000,
0.200000,-3.200000,
0.300000,-3.200000,
0.400000,-3.200000,
0.500000,-3.200000,-1.092047
0.600000,-3.200000,-0.653016
0.700000,-3.200000,-0.423471
0.800000,-3.200000,-0.252893
0.900000,-3.200000,-0.115230
1.000000,-3.200000,0.000125
1.100000,-3.200000,0.098758
1.200000,-3.200000,0.184035
1.300000,-3.200000,0.258172
1.400000,-3.200000,0.223607
1.500000,-3.200000,
1.600000,-3.200000,
1.700000,-3.200000,
1.800000,-3.200000,
1.900000,-3.200000,
2.000000,-3.200000,
2.100000,-3.200000,
2.200000,-3.200000,
2.300000,-3.200000,
2.400000,-3.200000,
2.500000,-3.200000,
2.600000,-3.200000,
2.700000,-3.200000,
2.800000,-3.200000,
2.900000,-3.200000,
3.000000,-3.200000,
3.100000,-3.200000,
3.200000,-3.200000,
3.300000,-3.200000,
3.400000,-3.200000,
3.500000,-3.200000,
-3.500000,-3.100000,
-3.400000,-3.100000,
-3.300000,-3.100000,
-3.200000,-3.100000,
-3.100000,-3.100000,
-3.000000,-3.100000,
-2.900000,-3.100000,
-2.800000,-3.100000,
-2.700000,-3.100000,
-2.600000,-3.100000,
-2.500000,-3.100000,
-2.400000,-3.100000,
-2.300000,-3.100000,
-2.200000,-3.100000,
-2.100000,-3.100000,
-2.000000,-3.100000,
-1.900000,-3.100000,
-1.800000,-3.100000,
-1.700000,-3.100000,
-1.600000,-3.100000,0.282843
-1.500000,-3.100000,0.624500
-1.400000,-3.100000,0.824621
-1.300000,-3.100000,0.813526
-1.200000,-3.100000,0.570020
-1.100000,-3.100000,
-1.000000,-3.100000,
-0.900000,-3.100000,
-0.800000,-3.100000,
-0.700000,-3.100000,
-0.600000,-3.100000,
-0.500000,-3.100000,
-0.400000,-3.100000,
-0.300000,-3.100000,
-0.200000,-3.100000,
-0.100000,-3.100000,
0.000000,-3.100000,
0.100000,-3.100000,
0.200000,-3.100000,
0.300000,-3.100000,
0.400000,-3.100000,
0.500000,-3.100000,-0.887860
0.600000,-3.100000,-0.563714
0.700000,-3.100000,-0.355942
0.800000,-3.100000,-0.195874
0.900000,-3.100000,-0.064618
1.000000,-3.100000,0.046364
1.100000,-3.100000,0.141807
1.200000,-3.100000,0.224657
1.300000,-3.100000,0.296893
1.400000,-3.100000,0.359912
1.500000,-3.100000,0.414738
1.600000,-3.100000,0.282843
1.700000,-3.100000,
1.800000,-3.100000,
1.900000,-3.100000,
2.000000,-3.100000,
2.100000,-3.100000,
2.200000,-3.100000,
2.300000,-3.100000,
2.400000,-3.100000,
2.500000,-3.100000,
2.600000,-3.100000,
2.700000,-3.100000,
2.800000,-3.100000,
2.900000,-3.100000,
3.000000,-3.100000,
3.100000,-3.100000,
3.200000,-3.100000,
3.300000,-3.100000,
3.400000,-3.100000,
3.500000,-3.100000,
-3.500000,-3.000000,
-3.400000,-3.000000,
-3.300000,-3.000000,
-3.200000,-3.000000,
-3.100000,-3.000000,
-3.000000,-3.000000,
-2.900000,-3.000000,
-2.800000,-3.000000,
-2.700000,-3.000000,
-2.600000,-3.000000,
-2.500000,-3.000000,
-2.400000,-3.000000,
-2.300000,-3.000000,
-2.200000,-3.000000,
-2.100000,-3.000000,
-2.000000,-3.000000,
-1.900000,-3.000000,
-1.800000,-3.000000,0.100000
-1.700000,-3.000000,0.600000
-1.600000,-3.000000,0.830662
-1.500000,-3.000000,1.000000
-1.400000,-3.000000,1.073055
-1.300000,-3.000000,0.915585
-1.200000,-3.000000,0.709234
-1.100000,-3.000000,0.377162
-1.000000,-3.000000,-1.352142
-0.900000,-3.000000,-1.394188
-0.800000,-3.000000,-1.443138
-0.700000,-3.000000,-1.499607
-0.600000,-3.000000,-1.564403
-0.500000,-3.000000,-1.638598
-0.400000,-3.000000,-1.723667
-0.300000,-3.000000,
-0.200000,-3.000000,
-0.100000,-3.000000,
0.000000,-3.000000,
0.100000,-3.000000,
0.200000,-3.000000,
0.300000,-3.000000,
0.400000,-3.000000,
0.500000,-3.000000,-0.776571
0.600000,-3.000000,-0.496855
0.700000,-3.000000,-0.303108
0.800000,-3.000000,-0.150460
0.900000,-3.000000,-0.023916
1.000000,-3.000000,0.083774
1.100000,-3.000000,0.176779
1.200000,-3.000000,0.257754
1.300000,-3.000000,0.328510
1.400000,-3.000000,0.390341
1.500000,-3.000000,0.444204
1.600000,-3.000000,0.490823
1.700000,-3.000000,0.530755
1.800000,-3.000000,0.100000
1.900000,-3.000000,
2.000000,-3.000000,
2.100000,-3.000000,
2.200000,-3.000000,
2.300000,-3.000000,
2.400000,-3.000000,
2.500000,-3.000000,
2.600000,-3.000000,
2.700000,-3.000000,
2.800000,-3.000000,
2.900000,-3.000000,
3.000000,-3.000000,
3.100000,-3.000000,
3.200000,-3.000000,
3.300000,-3.000000,
3.400000,-3.000000,
3.500000,-3.000000,
-3.500000,-2.900000,
-3.400000,-2.900000,
-3.300000,-2.900000,
-3.200000,-2.900000,
-3.100000,-2.900000,
-3.000000,-2.900000,
-2.900000,-2.900000,
-2.800000,-2.900000,
-2.700000,-2.900000,
-2.600000,-2.900000,
-2.500000,-2.900000,
-2.400000,-2.900000,
-2.300000,-2.900000,
-2.200000,-2.900000,
-2.100000,-2.900000,
-2.000000,-2.900000,
-1.900000,-2.900000,0.479583
-1.800000,-2.900000,0.774597
-1.700000,-2.900000,0.974679
-1.600000,-2.900000,1.131371
-1.500000,-2.900000,1.260952
-1.400000,-2.900000,1.143031
-1.300000,-2.900000,0.996927
-1.200000,-2.900000,0.812108
-1.100000,-2.900000,0.549343
-1.000000,-2.900000,-1.326570
-0.900000,-2.900000,-1.368011
-0.800000,-2.900000,-1.416218
-0.700000,-2.900000,-1.471779
-0.600000,-2.900000,-1.535453
-0.500000,-2.900000,-1.608250
-0.400000,-2.900000,-1.691540
-0.300000,-2.900000,-1.787254
-0.200000,-2.900000,-1.898252
-0.100000,-2.900000,
0.000000,-2.900000,
0.100000,-2.900000,
0.200000,-2.900000,
0.300000,-2.900000,
0.400000,-2.900000,
0.500000,-2.900000,-0.702422
0.600000,-2.900000,-0.447059
0.700000,-2.900000,-0.262692
0.800000,-2.900000,-0.115299
0.900000,-2.900000,0.007811
1.000000,-2.900000,0.113062
1.100000,-2.900000,0.204241
1.200000,-2.900000,0.283801
1.300000,-2.900000,0.353434
1.400000,-2.900000,0.414359
1.500000,-2.900000,0.467484
1.600000,-2.900000,0.513500
1.700000,-2.900000,0.552941
1.800000,-2.900000,0.586221
1.900000,-2.900000,0.479583
2.000000,-2.900000,
2.100000,-2.900000,
2.200000,-2.900000,
2.300000,-2.900000,
2.400000,-2.900000,
2.500000,-2.900000,
2.600000,-2.900000,
2.700000,-2.900000,
2.800000,-2.900000,
2.900000,-2.900000,
3.000000,-2.900000,
3.100000,-2.900000,
3.200000,-2.900000,
3.300000,-2.900000,
3.400000,-2.900000,
3.500000,-2.900000,
-3.500000,-2.800000,
-3.400000,-2.800000,
-3.300000,-2.800000,
-3.200000,-2.800000,
-3.100000,-2.800000,
-3.000000,-2.800000,
-2.900000,-2.800000,
-2.800000,-2.800000,
-2.700000,-2.800000,
-2.600000,-2.800000,
-2.500000,-2.800000,
-2.400000,-2.800000,
-2.300000,-2.800000,
-2.200000,-2.800000,
-2.100000,-2.800000,0.000000
-2.000000,-2.800000,0.640312
-1.900000,-2.800000,0.894427
-1.800000,-2.800000,1.081665
-1.700000,-2.800000,1.232883
-1.600000,-2.800000,1.360147
-1.500000,-2.800000,1.316199
-1.400000,-2.800000,1.200435
-1.300000,-2.800000,1.062422
-1.200000,-2.800000,0.891632
-1.100000,-2.800000,0.662364
-1.000000,-2.800000,0.231660
-0.900000,-2.800000,-1.347771
-0.800000,-2.800000,-1.395421
-0.700000,-2.800000,-1.450299
-0.600000,-2.800000,-1.513134
-0.500000,-2.800000,-1.584889
-0.400000,-2.800000,-1.666861
-0.300000,-2.800000,-1.760867
-0.200000,-2.800000,-1.869565
-0.100000,-2.800000,-1.997125
0.000000,-2.800000,
0.100000,-2.800000,
0.200000,-2.800000,
0.300000,-2.800000,
0.400000,-2.800000,-1.149441
0.500000,-2.800000,-0.652254
0.600000,-2.800000,-0.411409
0.700000,-2.800000,-0.233263
0.800000,-2.800000,-0.089489
0.900000,-2.800000,0.031213
1.000000,-2.800000,0.134732
1.100000,-2.800000,0.224604
1.200000,-2.800000,0.303145
1.300000,-2.800000,0.371966
1.400000,-2.800000,0.432234
1.500000,-2.800000,0.484823
1.600000,-2.800000,0.530400
1.700000,-2.800000,0.569482
1.800000,-2.800000,0.602471
1.900000,-2.800000,0.629682
2.000000,-2.800000,0.640312
2.100000,-2.800000,
2.200000,-2.800000,
2.300000,-2.800000,
2.400000,-2.800000,
2.500000,-2.800000,
2.600000,-2.800000,
2.700000,-2.800000,
2.800000,-2.800000,
2.900000,-2.800000,
3.000000,-2.800000,
3.100000,-2.800000,
3.200000,-2.800000,
3.300000,-2.800000,
3.400000,-2.800000,
3.500000,-2.800000,
-3.500000,-2.700000,
-3.400000,-2.700000,
-3.300000,-2.700000,
-3.200000,-2.700000,
-3.100000,-2.700000,
-3.000000,-2.700000,
-2.900000,-2.700000,
-2.800000,-2.700000,
-2.700000,-2.700000,
-2.600000,-2.700000,
-2.500000,-2.700000,
-2.400000,-2.700000,
-2.300000,-2.700000,
-2.200000,-2.700000,0.346410
-2.100000,-2.700000,0.741620
-2.000000,-2.700000,0.979796
-1.900000,-2.700000,1.161895
-1.800000,-2.700000,1.311488
-1.700000,-2.700000,1.438749
-1.600000,-2.700000,1.454901
-1.500000,-2.700000,1.358770
-1.400000,-2.700000,1.247036
-1.300000,-2.700000,1.114922
-1.200000,-2.700000,0.953803
-1.100000,-2.700000,0.744534
-1.000000,-2.700000,0.416845
-0.900000,-2.700000,-1.333270
-0.800000,-2.700000,-1.380528
-0.700000,-2.700000,-1.434928
-0.600000,-2.700000,-1.497177
-0.500000,-2.700000,-1.568204
-0.400000,-2.700000,-1.649262
-0.300000,-2.700000,-1.742087
-0.200000,-2.700000,-1.849208
-0.100000,-2.700000,-1.974546
0.000000,-2.700000,-2.124798
0.100000,-2.700000,
0.200000,-2.700000,
0.300000,-2.700000,
0.400000,-2.700000,-1.041756
0.500000,-2.700000,-0.620623
0.600000,-2.700000,-0.388219
0.700000,-2.700000,-0.213918
0.800000,-2.700000,-0.072432
0.900000,-2.700000,0.046726
1.000000,-2.700000,0.149127
1.100000,-2.700000,0.238151
1.200000,-2.700000,0.316028
1.300000,-2.700000,0.384319
1.400000,-2.700000,0.444157
1.500000,-2.700000,0.496395
1.600000,-2.700000,0.541683
1.700000,-2.700000,0.580528
1.800000,-2.700000,0.613325
1.900000,-2.700000,0.640383
2.000000,-2.700000,0.661941
2.100000,-2.700000,0.678180
2.200000,-2.700000,0.346410
2.300000,-2.700000,
2.400000,-2.700000,
2.500000,-2.700000,
2.600000,-2.700000,
2.700000,-2.700000,
2.800000,-2.700000,
2.900000,-2.700000,
3.000000,-2.700000,
3.100000,-2.700000,
3.200000,-2.700000,
3.300000,-2.700000,
3.400000,-2.700000,
3.500000,-2.700000,
-3.500000,-2.600000,
-3.400000,-2.600000,
-3.300000,-2.600000,
-3.200000,-2.600000,
-3.100000,-2.600000,
-3.000000,-2.600000,
-2.900000,-2.600000,
-2.800000,-2.600000,
-2.700000,-2.600000,
-2.600000,-2.600000,
-2.500000,-2.600000,
-2.400000,-2.600000,
-2.300000,-2.600000,0.447214
-2.200000,-2.600000,0.806226
-2.100000,-2.600000,1.039230
-2.000000,-2.600000,1.220656
-1.900000,-2.600000,1.371131
-1.800000,-2.600000,1.500000
-1.700000,-2.600000,1.568437
-1.600000,-2.600000,1.486655
-1.500000,-2.600000,1.392753
-1.400000,-2.600000,1.284030
-1.300000,-2.600000,1.156233
-1.200000,-2.600000,1.001928
-1.100000,-2.600000,0.805615
-1.000000,-2.600000,0.519878
-0.900000,-2.600000,-1.324370
-0.800000,-2.600000,-1.371391
-0.700000,-2.600000,-1.425502
-0.600000,-2.600000,-1.487397
-0.500000,-2.600000,-1.557986
-0.400000,-2.600000,-1.638494
-0.300000,-2.600000,-1.730612
-0.200000,-2.600000,-1.836793
-0.100000,-2.600000,-1.960815
0.000000,-2.600000,-2.109071
0.100000,-2.600000,-2.294147
0.200000,-2.600000,
0.300000,-2.600000,
0.400000,-2.600000,-1.001856
0.500000,-2.600000,-0.604944
0.600000,-2.600000,-0.376535
0.700000,-2.600000,-0.204114
0.800000,-2.600000,-0.063762
0.900000,-2.600000,0.054626
1.000000,-2.600000,0.156467
1.100000,-2.600000,0.245064
1.200000,-2.600000,0.322607
1.300000,-2.600000,0.390629
1.400000,-2.600000,0.450250
1.500000,-2.600000,0.502310
1.600000,-2.600000,0.547452
1.700000,-2.600000,0.586178
1.800000,-2.600000,0.618878
1.900000,-2.600000,0.645858
2.000000,-2.600000,0.667355
2.100000,-2.600000,0.683549
2.200000,-2.600000,0.694570
2.300000,-2.600000,0.447214
2.400000,-2.600000,
2.500000,-2.600000,
2.600000,-2.600000,
2.700000,-2.600000,
2.800000,-2.600000,
2.900000,-2.600000,
3.000000,-2.600000,
3.100000,-2.600000,
3.200000,-2.600000,
3.300000,-2.600000,
3.400000,-2.600000,
3.500000,-2.600000,
-3.500000,-2.500000,
-3.400000,-2.500000,
-3.300000,-2.500000,
-3.200000,-2.500000,
-3.100000,-2.500000,
-3.000000,-2.500000,
-2.900000,-2.500000,
-2.800000,-2.500000,
-2.700000,-2.500000,
-2.600000,-2.500000,
-2.500000,-2.500000,
-2.400000,-2.500000,0.489898
-2.300000,-2.500000,0.842615
-2.200000,-2.500000,1.077033
-2.100000,-2.500000,1.260952
-2.000000,-2.500000,1.414214
-1.900000,-2.500000,1.545962
-1.800000,-2.500000,1.661325
-1.700000,-2.500000,1.591548
-1.600000,-2.500000,1.511035
-1.500000,-2.500000,1.418773
-1.400000,-2.500000,1.312245
-1.300000,-2.500000,1.187544
-1.200000,-2.500000,1.038006
-1.100000,-2.500000,0.850285
-1.000000,-2.500000,0.587577
-0.900000,-2.500000,-1.320991
-0.800000,-2.500000,-1.367922
-0.700000,-2.500000,-1.421924
-0.600000,-2.500000,-1.483685
-0.500000,-2.500000,-1.554110
-0.400000,-2.500000,-1.634411
-0.300000,-2.500000,-1.726264
-0.200000,-2.500000,-1.832092
-0.100000,-2.500000,-1.955624
0.000000,-2.500000,-2.103141
0.100000,-2.500000,-2.286936
0.200000,-2.500000,
0.300000,-2.500000,
0.400000,-2.500000,-0.999882
0.500000,-2.500000,-0.604117
0.600000,-2.500000,-0.375916
0.700000,-2.500000,-0.203593
0.800000,-2.500000,-0.063301
0.900000,-2.500000,0.055047
1.000000,-2.500000,0.156857
1.100000,-2.500000,0.245432
1.200000,-2.500000,0.322957
1.300000,-2.500000,0.390965
1.400000,-2.500000,0.450575
1.500000,-2.500000,0.502625
1.600000,-2.500000,0.547760
1.700000,-2.500000,0.586479
1.800000,-2.500000,0.619174
1.900000,-2.500000,0.646150
2.000000,-2.500000,0.667644
2.100000,-2.500000,0.683836
2.200000,-2.500000,0.694855
2.300000,-2.500000,0.700788
2.400000,-2.500000,0.489898
2.500000,-2.500000,
2.600000,-2.500000,
2.700000,-2.500000,
2.800000,-2.500000,
2.900000,-2.500000,
3.000000,-2.500000,
3.100000,-2.500000,
3.200000,-2.500000,
3.300000,-2.500000,
3.400000,-2.500000,
3.500000,-2.500000,
-3.500000,-2.400000,
-3.400000,-2.400000,
-3.300000,-2.400000,
-3.200000,-2.400000,
-3.100000,-2.400000,
-3.000000,-2.400000,
-2.900000,-2.400000,
-2.800000,-2.400000,
-2.700000,-2.400000,
-2.600000,-2.400000,
-2.500000,-2.400000,0.489898
-2.400000,-2.400000,0.854400
-2.300000,-2.400000,1.095445
-2.200000,-2.400000,1.284523
-2.100000,-2.400000,1.442221
-2.000000,-2.400000,1.577973
-1.900000,-2.400000,1.697056
-1.800000,-2.400000,1.677825
-1.700000,-2.400000,1.608032
-1.600000,-2.400000,1.528400
-1.500000,-2.400000,1.437271
-1.400000,-2.400000,1.332246
-1.300000,-2.400000,1.209648
-1.200000,-2.400000,1.063287
-1.100000,-2.400000,0.881108
-1.000000,-2.400000,0.631821
-0.900000,-2.400000,-1.323100
-0.800000,-2.400000,-1.370087
-0.700000,-2.400000,-1.424157
-0.600000,-2.400000,-1.486001
-0.500000,-2.400000,-1.556529
-0.400000,-2.400000,-1.636958
-0.300000,-2.400000,-1.728977
-0.200000,-2.400000,-1.835025
-0.100000,-2.400000,-1.944588
0.000000,-2.400000,-2.053549
0.100000,-2.400000,-2.187555
0.200000,-2.400000,-2.361102
0.300000,-2.400000,
0.400000,-2.400000,-1.034940
0.500000,-2.400000,-0.618087
0.600000,-2.400000,-0.386337
0.700000,-2.400000,-0.212341
0.800000,-2.400000,-0.071039
0.900000,-2.400000,0.047995
1.000000,-2.400000,0.150305
1.100000,-2.400000,0.239260
1.200000,-2.400000,0.317084
1.300000,-2.400000,0.385331
1.400000,-2.400000,0.445134
1.500000,-2.400000,0.497343
1.600000,-2.400000,0.542608
1.700000,-2.400000,0.581434
1.800000,-2.400000,0.614216
1.900000,-2.400000,0.641261
2.000000,-2.400000,0.662809
2.100000,-2.400000,0.679041
2.200000,-2.400000,0.690087
2.300000,-2.400000,0.696034
2.400000,-2.400000,0.696928
2.500000,-2.400000,0.489898
2.600000,-2.400000,
2.700000,-2.400000,
2.800000,-2.400000,
2.900000,-2.400000,
3.000000,-2.400000,
3.100000,-2.400000,
3.200000,-2.400000,
3.300000,-2.400000,
3.400000,-2.400000,
3.500000,-2.400000,
-3.500000,-2.300000,
-3.400000,-2.300000,
-3.300000,-2.300000,
-3.200000,-2.300000,
-3.100000,-2.300000,
-3.000000,-2.300000,
-2.900000,-2.300000,
-2.800000,-2.300000,
-2.700000,-2.300000,
-2.600000,-2.300000,0.447214
-2.500000,-2.300000,0.842615
-2.400000,-2.300000,1.095445
-2.300000,-2.300000,1.292285
-2.200000,-2.300000,1.456022
-2.100000,-2.300000,1.596872
-2.000000,-2.300000,1.720465
-1.900000,-2.300000,1.748279
-1.800000,-2.300000,1.687466
-1.700000,-2.300000,1.618094
-1.600000,-2.300000,1.538990
-1.500000,-2.300000,1.448537
-1.400000,-2.300000,1.344408
-1.300000,-2.300000,1.223051
-1.200000,-2.300000,1.078549
-1.100000,-2.300000,0.899543
-1.000000,-2.300000,0.657526
-0.900000,-2.300000,0.155468
-0.800000,-2.300000,-1.377907
-0.700000,-2.300000,-1.432223
-0.600000,-2.300000,-1.494370
-0.500000,-2.300000,-1.565272
-0.400000,-2.300000,-1.626147
-0.300000,-2.300000,-1.686733
-0.200000,-2.300000,-1.757870
-0.100000,-2.300000,-1.841422
0.000000,-2.300000,-1.940192
0.100000,-2.300000,-2.058727
0.200000,-2.300000,-2.205323
0.300000,-2.300000,-2.398707
0.400000,-2.300000,-1.130222
0.500000,-2.300000,-0.647824
0.600000,-2.300000,-0.408193
0.700000,-2.300000,-0.230589
0.800000,-2.300000,-0.087136
0.900000,-2.300000,0.033351
1.000000,-2.300000,0.136714
1.100000,-2.300000,0.226469
1.200000,-2.300000,0.304918
1.300000,-2.300000,0.373665
1.400000,-2.300000,0.433874
1.500000,-2.300000,0.486415
1.600000,-2.300000,0.531952
1.700000,-2.300000,0.571000
1.800000,-2.300000,0.603963
1.900000,-2.300000,0.631153
2.000000,-2.300000,0.652813
2.100000,-2.300000,0.669128
2.200000,-2.300000,0.680230
2.300000,-2.300000,0.686206
2.400000,-2.300000,0.687105
2.500000,-2.300000,0.682932
2.600000,-2.300000,0.447214
2.700000,-2.300000,
2.800000,-2.300000,
2.900000,-2.300000,
3.000000,-2.300000,
3.100000,-2.300000,
3.200000,-2.300000,
3.300000,-2.300000,
3.400000,-2.300000,
3.500000,-2.300000,
-3.500000,-2.200000,
-3.400000,-2.200000,
-3.300000,-2.200000,
-3.200000,-2.200000,
-3.100000,-2.200000,
-3.000000,-2.200000,
-2.900000,-2.200000,
-2.800000,-2.200000,
-2.700000,-2.200000,0.346410
-2.600000,-2.200000,0.806226
-2.500000,-2.200000,1.077033
-2.400000,-2.200000,1.284523
-2.300000,-2.200000,1.456022
-2.200000,-2.200000,1.603122
-2.100000,-2.200000,1.732051
-2.000000,-2.200000,1.804787
-1.900000,-2.200000,1.751758
-1.800000,-2.200000,1.691071
-1.700000,-2.200000,1.621855
-1.600000,-2.200000,1.542947
-1.500000,-2.200000,1.452744
-1.400000,-2.200000,1.348945
-1.300000,-2.200000,1.228045
-1.200000,-2.200000,1.084222
-1.100000,-2.200000,0.906365
-1.000000,-2.200000,0.666912
-0.900000,-2.200000,0.194685
-0.800000,-2.200000,-1.391457
-0.700000,-2.200000,-1.427536
-0.600000,-2.200000,-1.461411
-0.500000,-2.200000,-1.502481
-0.400000,-2.200000,-1.551337
-0.300000,-2.200000,-1.608771
-0.200000,-2.200000,-1.675862
-0.100000,-2.200000,-1.754108
0.000000,-2.200000,-1.845686
0.100000,-2.200000,-1.953937
0.200000,-2.200000,-2.084462
0.300000,-2.200000,-2.248087
0.400000,-2.200000,-2.472360
0.500000,-2.200000,-0.695702
0.600000,-2.200000,-0.442370
0.700000,-2.200000,-0.258843
0.800000,-2.200000,-0.111934
0.900000,-2.200000,0.010858
1.000000,-2.200000,0.115880
1.100000,-2.200000,0.206887
1.200000,-2.200000,0.286313
1.300000,-2.200000,0.355839
1.400000,-2.200000,0.416678
1.500000,-2.200000,0.469734
1.600000,-2.200000,0.515692
1.700000,-2.200000,0.555086
1.800000,-2.200000,0.588328
1.900000,-2.200000,0.615742
2.000000,-2.200000,0.637575
2.100000,-2.200000,0.654018
2.200000,-2.200000,0.665206
2.300000,-2.200000,0.671228
2.400000,-2.200000,0.672134
2.500000,-2.200000,0.667929
2.600000,-2.200000,0.658581
2.700000,-2.200000,0.346410
2.800000,-2.200000,
2.900000,-2.200000,
3.000000,-2.200000,
3.100000,-2.200000,
3.200000,-2.200000,
3.300000,-2.200000,
3.400000,-2.200000,
3.500000,-2.200000,
-3.500000,-2.100000,
-3.400000,-2.100000,
-3.300000,-2.100000,
-3.200000,-2.100000,
-3.100000,-2.100000,
-3.000000,-2.100000,
-2.900000,-2.100000,
-2.800000,-2.100000,0.000000
-2.700000,-2.100000,0.741620
-2.600000,-2.100000,1.039230
-2.500000,-2.100000,1.260952
-2.400000,-2.100000,1.442221
-2.300000,-2.100000,1.596872
-2.200000,-2.100000,1.732051
-2.100000,-2.100000,1.848642
-2.000000,-2.100000,1.802548
-1.900000,-2.100000,1.749450
-1.800000,-2.100000,1.688680
-1.700000,-2.100000,1.619361
-1.600000,-2.100000,1.540323
-1.500000,-2.100000,1.449954
-1.400000,-2.100000,1.345936
-1.300000,-2.100000,1.224734
-1.200000,-2.100000,1.080461
-1.100000,-2.100000,0.901844
-1.000000,-2.100000,0.660700
-0.900000,-2.100000,0.169828
-0.800000,-2.100000,-1.341279
-0.700000,-2.100000,-1.367449
-0.600000,-2.100000,-1.400089
-0.500000,-2.100000,-1.439593
-0.400000,-2.100000,-1.486480
-0.300000,-2.100000,-1.541441
-0.200000,-2.100000,-1.605398
-0.100000,-2.100000,-1.679610
0.000000,-2.100000,-1.765857
0.100000,-2.100000,-1.866772
0.200000,-2.100000,-1.986528
0.300000,-2.100000,-2.132486
0.400000,-2.100000,-2.320237
0.500000,-2.100000,-0.766713
0.600000,-2.100000,-0.490454
0.700000,-2.100000,-0.297960
0.800000,-2.100000,-0.146001
0.900000,-2.100000,-0.019903
1.000000,-2.100000,0.087473
1.100000,-2.100000,0.180243
1.200000,-2.100000,0.261037
1.300000,-2.100000,0.331650
1.400000,-2.100000,0.393365
1.500000,-2.100000,0.447134
1.600000,-2.100000,0.493676
1.700000,-2.100000,0.533546
1.800000,-2.100000,0.567175
1.900000,-2.100000,0.594897
2.000000,-2.100000,0.616970
2.100000,-2.100000,0.633589
2.200000,-2.100000,0.644895
2.300000,-2.100000,0.650981
2.400000,-2.100000,0.651896
2.500000,-2.100000,0.647647
2.600000,-2.100000,0.638200
2.700000,-2.100000,0.623479
2.800000,-2.100000,
2.900000,-2.100000,
3.000000,-2.100000,
3.100000,-2.100000,
3.200000,-2.100000,
3.300000,-2.100000,
3.400000,-2.100000,
3.500000,-2.100000,
-3.500000,-2.000000,
-3.400000,-2.000000,
-3.300000,-2.000000,
-3.200000,-2.000000,
-3.100000,-2.000000,
-3.000000,-2.000000,
-2.900000,-2.000000,
-2.800000,-2.000000,0.640312
-2.700000,-2.000000,0.979796
-2.600000,-2.000000,1.220656
-2.500000,-2.000000,1.414214
-2.400000,-2.000000,1.577973
-2.300000,-2.000000,1.720465
-2.200000,-2.000000,1.846619
-2.100000,-2.000000,1.840969
-2.000000,-2.000000,1.794675
-1.900000,-2.000000,1.741334
-1.800000,-2.000000,1.680266
-1.700000,-2.000000,1.610580
-1.600000,-2.000000,1.531083
-1.500000,-2.000000,1.440126
-1.400000,-2.000000,1.335330
-1.300000,-2.000000,1.213049
-1.200000,-2.000000,1.067164
-1.100000,-2.000000,0.885803
-1.000000,-2.000000,0.638417
-0.900000,-2.000000,-0.914301
-0.800000,-2.000000,-1.069168
-0.700000,-2.000000,-1.315198
-0.600000,-2.000000,-1.346836
-0.500000,-2.000000,-1.385074
-0.400000,-2.000000,-1.430381
-0.300000,-2.000000,-1.483370
-0.200000,-2.000000,-1.544854
-0.100000,-2.000000,-1.615927
0.000000,-2.000000,-1.698100
0.100000,-2.000000,-1.793554
0.200000,-2.000000,-1.905611
0.300000,-2.000000,-2.039790
0.400000,-2.000000,-2.206605
0.500000,-2.000000,-0.872592
0.600000,-2.000000,-0.555182
0.700000,-2.000000,-0.349299
0.800000,-2.000000,-0.190201
0.900000,-2.000000,-0.059552
1.000000,-2.000000,0.051010
1.100000,-2.000000,0.146144
1.200000,-2.000000,0.228757
1.300000,-2.000000,0.300806
1.400000,-2.000000,0.363676
1.500000,-2.000000,0.418381
1.600000,-2.000000,0.465687
1.700000,-2.000000,0.506180
1.800000,-2.000000,0.540312
1.900000,-2.000000,0.568435
2.000000,-2.000000,0.590819
2.100000,-2.000000,0.607668
2.200000,-2.000000,0.619128
2.300000,-2.000000,0.625296
2.400000,-2.000000,0.626223
2.500000,-2.000000,0.621917
2.600000,-2.000000,0.612343
2.700000,-2.000000,0.597419
2.800000,-2.000000,0.577018
2.900000,-2.000000,
3.000000,-2.000000,
3.100000,-2.000000,
3.200000,-2.000000,
3.300000,-2.000000,
3.400000,-2.000000,
3.500000,-2.000000,
-3.500000,-1.900000,
-3.400000,-1.900000,
-3.300000,-1.900000,
-3.200000,-1.900000,
-3.100000,-1.900000,
-3.000000,-1.900000,
-2.900000,-1.900000,0.479583
-2.800000,-1.900000,0.894427
-2.700000,-1.900000,1.161895
-2.600000,-1.900000,1.371131
-2.500000,-1.900000,1.545962
-2.400000,-1.900000,1.697056
-2.300000,-1.900000,1.830301
-2.200000,-1.900000,1.867792
-2.100000,-1.900000,1.827734
-2.000000,-1.900000,1.781092
-1.900000,-1.900000,1.727327
-1.800000,-1.900000,1.665738
-1.700000,-1.900000,1.595409
-1.600000,-1.900000,1.515104
-1.500000,-1.900000,1.423110
-1.400000,-1.900000,1.316938
-1.300000,-1.900000,1.192738
-1.200000,-1.900000,1.043959
-1.100000,-1.900000,0.857577
-1.000000,-1.900000,0.598202
-0.900000,-1.900000,-0.674501
-0.800000,-1.900000,-0.779043
-0.700000,-1.900000,-0.916172
-0.600000,-1.900000,-1.116277
-0.500000,-1.900000,-1.338123
-0.400000,-1.900000,-1.382153
-0.300000,-1.900000,-1.433559
-0.200000,-1.900000,-1.493073
-0.100000,-1.900000,-1.561668
0.000000,-1.900000,-1.640670
0.100000,-1.900000,-1.731953
0.200000,-1.900000,-1.838292
0.300000,-1.900000,-1.964108
0.400000,-1.900000,-2.117264
0.500000,-1.900000,-1.057433
0.600000,-1.900000,-0.641546
0.700000,-1.900000,-0.415017
0.800000,-1.900000,-0.245824
0.900000,-1.900000,-0.108987
1.000000,-1.900000,0.005811
1.100000,-1.900000,0.104040
1.200000,-1.900000,0.189012
1.300000,-1.900000,0.262911
1.400000,-1.900000,0.327257
1.500000,-1.900000,0.383156
1.600000,-1.900000,0.431432
1.700000,-1.900000,0.472714
1.800000,-1.900000,0.507483
1.900000,-1.900000,0.536113
2.000000,-1.900000,0.558889
2.100000,-1.900000,0.576026
2.200000,-1.900000,0.587680
2.300000,-1.900000,0.593951
2.400000,-1.900000,0.594893
2.500000,-1.900000,0.590516
2.600000,-1.900000,0.580780
2.700000,-1.900000,0.565602
2.800000,-1.900000,0.544847
2.900000,-1.900000,0.479583
3.000000,-1.900000,
3.100000,-1.900000,
3.200000,-1.900000,
3.300000,-1.900000,
3.400000,-1.900000,
3.500000,-1.900000,
-3.500000,-1.800000,
-3.400000,-1.800000,
-3.300000,-1.800000,
-3.200000,-1.800000,
-3.100000,-1.800000,
-3.000000,-1.800000,0.100000
-2.900000,-1.800000,0.774597
-2.800000,-1.800000,1.081665
-2.700000,-1.800000,1.311488
-2.600000,-1.800000,1.500000
-2.500000,-1.800000,1.661325
-2.400000,-1.800000,1.802776
-2.300000,-1.800000,1.883519
-2.200000,-1.800000,1.849287
-2.100000,-1.800000,1.808815
-2.000000,-1.800000,1.761666
-1.900000,-1.800000,1.707281
-1.800000,-1.800000,1.644932
-1.700000,-1.800000,1.573660
-1.600000,-1.800000,1.492168
-1.500000,-1.800000,1.398642
-1.400000,-1.800000,1.290424
-1.300000,-1.800000,1.163343
-1.200000,-1.800000,1.010149
-1.100000,-1.800000,0.815870
-1.000000,-1.800000,0.535865
-0.900000,-1.800000,-0.497431
-0.800000,-1.800000,-0.582486
-0.700000,-1.800000,-0.687474
-0.600000,-1.800000,-0.821048
-0.500000,-1.800000,-1.004092
-0.400000,-1.800000,-1.341130
-0.300000,-1.800000,-1.391263
-0.200000,-1.800000,-1.449202
-0.100000,-1.800000,-1.515832
0.000000,-1.800000,-1.592345
0.100000,-1.800000,-1.680399
0.200000,-1.800000,-1.782401
0.300000,-1.800000,-1.902066
0.400000,-1.800000,-2.045700
0.500000,-1.800000,-2.225763
0.600000,-1.800000,-0.760089
0.700000,-1.800000,-0.498705
0.800000,-1.800000,-0.314829
0.900000,-1.800000,-0.169508
1.000000,-1.800000,-0.049082
1.100000,-1.800000,0.053178
1.200000,-1.800000,0.141180
1.300000,-1.800000,0.217431
1.400000,-1.800000,0.283642
1.500000,-1.800000,0.341039
1.600000,-1.800000,0.390528
1.700000,-1.800000,0.432792
1.800000,-1.800000,0.468352
1.900000,-1.800000,0.497610
2.000000,-1.800000,0.520872
2.100000,-1.800000,0.538366
2.200000,-1.800000,0.550259
2.300000,-1.800000,0.556657
2.400000,-1.800000,0.557619
2.500000,-1.800000,0.553152
2.600000,-1.800000,0.543218
2.700000,-1.800000,0.527726
2.800000,-1.800000,0.506532
2.900000,-1.800000,0.479432
3.000000,-1.800000,0.100000
3.100000,-1.800000,
3.200000,-1.800000,
3.300000,-1.800000,
3.400000,-1.800000,
3.500000,-1.800000,
-3.500000,-1.700000,
-3.400000,-1.700000,
-3.300000,-1.700000,
-3.200000,-1.700000,
-3.100000,-1.700000,
-3.000000,-1.700000,0.600000
-2.900000,-1.700000,0.974679
-2.800000,-1.700000,1.232883
-2.700000,-1.700000,1.438749
-2.600000,-1.700000,1.612452
-2.500000,-1.700000,1.763519
-2.400000,-1.700000,1.888431
-2.300000,-1.700000,1.859739
-2.200000,-1.700000,1.825056
-2.100000,-1.700000,1.784027
-2.000000,-1.700000,1.736197
-1.900000,-1.700000,1.680977
-1.800000,-1.700000,1.617601
-1.700000,-1.700000,1.545051
-1.600000,-1.700000,1.461940
-1.500000,-1.700000,1.366314
-1.400000,-1.700000,1.255263
-1.300000,-1.700000,1.124135
-1.200000,-1.700000,0.964592
-1.100000,-1.700000,0.758394
-1.000000,-1.700000,0.441666
-0.900000,-1.700000,-0.354690
-0.800000,-1.700000,-0.428787
-0.700000,-1.700000,-0.517897
-0.600000,-1.700000,-0.626393
-0.500000,-1.700000,-0.762325
-0.400000,-1.700000,-0.944115
-0.300000,-1.700000,-1.246911
-0.200000,-1.700000,-1.412604
-0.100000,-1.700000,-1.477681
0.000000,-1.700000,-1.552242
0.100000,-1.700000,-1.637791
0.200000,-1.700000,-1.736475
0.300000,-1.700000,-1.851540
0.400000,-1.700000,-1.988305
0.500000,-1.700000,-1.887782
0.600000,-1.700000,-0.942611
0.700000,-1.700000,-0.606969
0.800000,-1.700000,-0.400338
0.900000,-1.700000,-0.243040
1.000000,-1.700000,-0.115031
1.100000,-1.700000,-0.007488
1.200000,-1.700000,0.084414
1.300000,-1.700000,0.163653
1.400000,-1.700000,0.232210
1.500000,-1.700000,0.291479
1.600000,-1.700000,0.342475
1.700000,-1.700000,0.385953
1.800000,-1.700000,0.422488
1.900000,-1.700000,0.452518
2.000000,-1.700000,0.476375
2.100000,-1.700000,0.494306
2.200000,-1.700000,0.506491
2.300000,-1.700000,0.513045
2.400000,-1.700000,0.514030
2.500000,-1.700000,0.509455
2.600000,-1.700000,0.499278
2.700000,-1.700000,0.483401
2.800000,-1.700000,0.461670
2.900000,-1.700000,0.433863
3.000000,-1.700000,0.399679
3.100000,-1.700000,
3.200000,-1.700000,
3.300000,-1.700000,
3.400000,-1.700000,
3.500000,-1.700000,
-3.500000,-1.600000,
-3.400000,-1.600000,
-3.300000,-1.600000,
-3.200000,-1.600000,
-3.100000,-1.600000,0.282843
-3.000000,-1.600000,0.830662
-2.900000,-1.600000,1.131371
-2.800000,-1.600000,1.360147
-2.700000,-1.600000,1.549193
-2.600000,-1.600000,1.711724
-2.500000,-1.600000,1.854724
-2.400000,-1.600000,1.859280
-2.300000,-1.600000,1.830126
-2.200000,-1.600000,1.794864
-2.100000,-1.600000,1.753120
-2.000000,-1.600000,1.704411
-1.900000,-1.600000,1.648112
-1.800000,-1.600000,1.583403
-1.700000,-1.600000,1.509185
-1.600000,-1.600000,1.423951
-1.500000,-1.600000,1.325541
-1.400000,-1.600000,1.210687
-1.300000,-1.600000,1.074020
-1.200000,-1.600000,0.905474
-1.100000,-1.600000,0.681038
-1.000000,-1.600000,0.283168
-0.900000,-1.600000,-0.234983
-0.800000,-1.600000,-0.301908
-0.700000,-1.600000,-0.381238
-0.600000,-1.600000,-0.475738
-0.500000,-1.600000,-0.589916
-0.400000,-1.600000,-0.732047
-0.300000,-1.600000,-0.921033
-0.200000,-1.600000,-1.233432
-0.100000,-1.600000,-1.446667
0.000000,-1.600000,-1.519714
0.100000,-1.600000,-1.603336
0.200000,-1.600000,-1.699497
0.300000,-1.600000,-1.811118
0.400000,-1.600000,-1.942871
0.500000,-1.600000,-1.807550
0.600000,-1.600000,-1.177099
0.700000,-1.600000,-0.754607
0.800000,-1.600000,-0.507767
0.900000,-1.600000,-0.332588
1.000000,-1.600000,-0.194036
1.100000,-1.600000,-0.079434
1.200000,-1.600000,0.017549
1.300000,-1.600000,0.100612
1.400000,-1.600000,0.172135
1.500000,-1.600000,0.233748
1.600000,-1.600000,0.286616
1.700000,-1.600000,0.331596
1.800000,-1.600000,0.369331
1.900000,-1.600000,0.400307
2.000000,-1.600000,0.424892
2.100000,-1.600000,0.443357
2.200000,-1.600000,0.455898
2.300000,-1.600000,0.462641
2.400000,-1.600000,0.463655
2.500000,-1.600000,0.458948
2.600000,-1.600000,0.448474
2.700000,-1.600000,0.432129
2.800000,-1.600000,0.409741
2.900000,-1.600000,0.381068
3.000000,-1.600000,0.345779
3.100000,-1.600000,0.282843
3.200000,-1.600000,
3.300000,-1.600000,
3.400000,-1.600000,
3.500000,-1.600000,
-3.500000,-1.500000,
-3.400000,-1.500000,
-3.300000,-1.500000,
-3.200000,-1.500000,
-3.100000,-1.500000,0.624500
-3.000000,-1.500000,1.000000
-2.900000,-1.500000,1.260952
-2.800000,-1.500000,1.469694
-2.700000,-1.500000,1.646208
-2.600000,-1.500000,1.800000
-2.500000,-1.500000,1.847901
-2.400000,-1.500000,1.824120
-2.300000,-1.500000,1.794388
-2.200000,-1.500000,1.758400
-2.100000,-1.500000,1.715757
-2.000000,-1.500000,1.665942
-1.900000,-1.500000,1.608279
-1.800000,-1.500000,1.541875
-1.700000,-1.500000,1.465524
-1.600000,-1.500000,1.377548
-1.500000,-1.500000,1.275500
-1.400000,-1.500000,1.155589
-1.300000,-1.500000,1.011341
-1.200000,-1.500000,0.829825
-1.100000,-1.500000,0.575533
-1.000000,-1.500000,-0.080030
-0.900000,-1.500000,-0.132430
-0.800000,-1.500000,-0.194253
-0.700000,-1.500000,-0.266869
-0.600000,-1.500000,-0.352252
-0.500000,-1.500000,-0.453401
-0.400000,-1.500000,-0.575253
-0.300000,-1.500000,-0.727038
-0.200000,-1.500000,-0.930654
-0.100000,-1.500000,-1.290260
0.000000,-1.500000,-1.494286
0.100000,-1.500000,-1.576462
0.200000,-1.500000,-1.670746
0.300000,-1.500000,-1.779834
0.400000,-1.500000,-1.907968
0.500000,-1.500000,-1.048049
0.600000,-1.500000,-0.853238
0.700000,-1.500000,-0.714461
0.800000,-1.500000,-0.606445
0.900000,-1.500000,-0.443238
1.000000,-1.500000,-0.289195
1.100000,-1.500000,-0.164828
1.200000,-1.500000,-0.061069
1.300000,-1.500000,0.026975
1.400000,-1.500000,0.102295
1.500000,-1.500000,0.166872
1.600000,-1.500000,0.222085
1.700000,-1.500000,0.268933
1.800000,-1.500000,0.308151
1.900000,-1.500000,0.340292
2.000000,-1.500000,0.365770
2.100000,-1.500000,0.384889
2.200000,-1.500000,0.397865
2.300000,-1.500000,0.404840
2.400000,-1.500000,0.405888
2.500000,-1.500000,0.401020
2.600000,-1.500000,0.390185
2.700000,-1.500000,0.373265
2.800000,-1.500000,0.350072
2.900000,-1.500000,0.320335
3.000000,-1.500000,0.283681
3.100000,-1.500000,0.239613
3.200000,-1.500000,
3.300000,-1.500000,
3.400000,-1.500000,
3.500000,-1.500000,
-3.500000,-1.400000,
-3.400000,-1.400000,
-3.300000,-1.400000,
-3.200000,-1.400000,0.223607
-3.100000,-1.400000,0.824621
-3.000000,-1.400000,1.135782
-2.900000,-1.400000,1.371131
-2.800000,-1.400000,1.565248
-2.700000,-1.400000,1.732051
-2.600000,-1.400000,1.825396
-2.500000,-1.400000,1.806924
-2.400000,-1.400000,1.782590
-2.300000,-1.400000,1.752144
-2.200000,-1.400000,1.715259
-2.100000,-1.400000,1.671501
-2.000000,-1.400000,1.620308
-1.900000,-1.400000,1.560936
-1.800000,-1.400000,1.492395
-1.700000,-1.400000,1.413332
-1.600000,-1.400000,1.321829
-1.500000,-1.400000,1.215026
-1.400000,-1.400000,1.088337
-1.300000,-1.400000,0.933510
-1.200000,-1.400000,0.732384
-1.100000,-1.400000,0.420103
-1.000000,-1.400000,0.005887
-0.900000,-1.400000,-0.043506
-0.800000,-1.400000,-0.101508
-0.700000,-1.400000,-0.169209
-0.600000,-1.400000,-0.248132
-0.500000,-1.400000,-0.340485
-0.400000,-1.400000,-0.449669
-0.300000,-1.400000,-0.581405
-0.200000,-1.400000,-0.746820
-0.100000,-1.400000,-0.974639
0.000000,-1.400000,-1.475612
0.100000,-1.400000,-1.556759
0.200000,-1.400000,-1.649714
0.300000,-1.400000,-1.331034
0.400000,-1.400000,-0.980887
0.500000,-1.400000,-0.790166
0.600000,-1.400000,-0.649990
0.700000,-1.400000,-0.538944
0.800000,-1.400000,-0.448121
0.900000,-1.400000,-0.372802
1.000000,-1.400000,-0.310138
1.100000,-1.400000,-0.258275
1.200000,-1.400000,-0.153883
1.300000,-1.400000,-0.059163
1.400000,-1.400000,0.021128
1.500000,-1.400000,0.089519
1.600000,-1.400000,0.147713
1.700000,-1.400000,0.196911
1.800000,-1.400000,0.237983
1.900000,-1.400000,0.271573
2.000000,-1.400000,0.298156
2.100000,-1.400000,0.318080
2.200000,-1.400000,0.331592
2.300000,-1.400000,0.338851
2.400000,-1.400000,0.339942
2.500000,-1.400000,0.334876
2.600000,-1.400000,0.323596
2.700000,-1.400000,0.305969
2.800000,-1.400000,0.281781
2.900000,-1.400000,0.250723
3.000000,-1.400000,0.212369
3.100000,-1.400000,0.166139
3.200000,-1.400000,0.111253
3.300000,-1.400000,
3.400000,-1.400000,
3.500000,-1.400000,
-3.500000,-1.300000,
-3.400000,-1.300000,
-3.300000,-1.300000,
-3.200000,-1.300000,0.565685
-3.100000,-1.300000,0.974679
-3.000000,-1.300000,1.249000
-2.900000,-1.300000,1.466288
-2.800000,-1.300000,1.649242
-2.700000,-1.300000,1.791339
-2.600000,-1.300000,1.778211
-2.500000,-1.300000,1.759238
-2.400000,-1.300000,1.734226
-2.300000,-1.300000,1.702905
-2.200000,-1.300000,1.664915
-2.100000,-1.300000,1.619779
-2.000000,-1.300000,1.566873
-1.900000,-1.300000,1.505364
-1.800000,-1.300000,1.434129
-1.700000,-1.300000,1.351607
-1.600000,-1.300000,1.255534
-1.500000,-1.300000,1.142430
-1.400000,-1.300000,1.006445
-1.300000,-1.300000,0.836195
-1.200000,-1.300000,0.602277
-1.100000,-1.300000,0.120838
-1.000000,-1.300000,0.081132
-0.900000,-1.300000,0.034099
-0.800000,-1.300000,-0.020942
-0.700000,-1.300000,-0.084896
-0.600000,-1.300000,-0.158999
-0.500000,-1.300000,-0.244991
-0.400000,-1.300000,-0.345430
-0.300000,-1.300000,-0.464349
-0.200000,-1.300000,-0.608783
-0.100000,-1.300000,-0.793357
0.000000,-1.300000,-1.062347
0.100000,-1.300000,-1.543946
0.200000,-1.300000,-1.306661
0.300000,-1.300000,-0.954017
0.400000,-1.300000,-0.757061
0.500000,-1.300000,-0.611111
0.600000,-1.300000,-0.494626
0.700000,-1.300000,-0.398568
0.800000,-1.300000,-0.318117
0.900000,-1.300000,-0.250355
1.000000,-1.300000,-0.193367
1.100000,-1.300000,-0.145835
1.200000,-1.300000,-0.106819
1.300000,-1.300000,-0.075638
1.400000,-1.300000,-0.051801
1.500000,-1.300000,-0.000200
1.600000,-1.300000,0.061872
1.700000,-1.300000,0.114088
1.800000,-1.300000,0.157518
1.900000,-1.300000,0.192935
2.000000,-1.300000,0.220905
2.100000,-1.300000,0.241837
2.200000,-1.300000,0.256017
2.300000,-1.300000,0.263630
2.400000,-1.300000,0.264774
2.500000,-1.300000,0.259462
2.600000,-1.300000,0.247627
2.700000,-1.300000,0.229117
2.800000,-1.300000,0.203682
2.900000,-1.300000,0.170961
3.000000,-1.300000,0.130449
3.100000,-1.300000,0.081454
3.200000,-1.300000,0.023023
3.300000,-1.300000,
3.400000,-1.300000,
3.500000,-1.300000,
-3.500000,-1.200000,
-3.400000,-1.200000,
-3.300000,-1.200000,
-3.200000,-1.200000,0.754983
-3.100000,-1.200000,1.095445
-3.000000,-1.200000,1.345362
-2.900000,-1.200000,1.549193
-2.800000,-1.200000,1.723369
-2.700000,-1.200000,1.737403
-2.600000,-1.200000,1.723859
-2.500000,-1.200000,1.704273
-2.400000,-1.200000,1.678431
-2.300000,-1.200000,1.646035
-2.200000,-1.200000,1.606682
-2.100000,-1.200000,1.559838
-2.000000,-1.200000,1.504795
-1.900000,-1.200000,1.440597
-1.800000,-1.200000,1.365935
-1.700000,-1.200000,1.278944
-1.600000,-1.200000,1.176842
-1.500000,-1.200000,1.055162
-1.400000,-1.200000,0.905853
-1.300000,-1.200000,0.711194
-1.200000,-1.200000,0.407779
-1.100000,-1.200000,0.185320
-1.000000,-1.200000,0.147131
-0.900000,-1.200000,0.101986
-0.800000,-1.200000,0.049296
-0.700000,-1.200000,-0.011720
-0.600000,-1.200000,-0.082105
-0.500000,-1.200000,-0.163293
-0.400000,-1.200000,-0.257330
-0.300000,-1.200000,-0.367297
-0.200000,-1.200000,-0.498216
-0.100000,-1.200000,-0.659362
0.000000,-1.200000,-0.872199
0.100000,-1.200000,-1.228533
0.200000,-1.200000,-0.961814
0.300000,-1.200000,-0.750158
0.400000,-1.200000,-0.594669
0.500000,-1.200000,-0.470613
0.600000,-1.200000,-0.367984
0.700000,-1.200000,-0.281539
0.800000,-1.200000,-0.208127
0.900000,-1.200000,-0.145691
1.000000,-1.200000,-0.092813
1.100000,-1.200000,-0.048478
1.200000,-1.200000,-0.011941
1.300000,-1.200000,0.017344
1.400000,-1.200000,0.039781
1.500000,-1.200000,0.055657
1.600000,-1.200000,0.065169
1.700000,-1.200000,0.068427
1.800000,-1.200000,0.065471
1.900000,-1.200000,0.102697
2.000000,-1.200000,0.132447
2.100000,-1.200000,0.154664
2.200000,-1.200000,0.169693
2.300000,-1.200000,0.177755
2.400000,-1.200000,0.178966
2.500000,-1.200000,0.173341
2.600000,-1.200000,0.160802
2.700000,-1.200000,0.141167
2.800000,-1.200000,0.114137
2.900000,-1.200000,0.079272
3.000000,-1.200000,0.035954
3.100000,-1.200000,-0.016682
3.200000,-1.200000,-0.079855
3.300000,-1.200000,
3.400000,-1.200000,
3.500000,-1.200000,
-3.500000,-1.100000,
-3.400000,-1.100000,
-3.300000,-1.100000,0.387298
-3.200000,-1.100000,0.894427
-3.100000,-1.100000,1.195826
-3.000000,-1.100000,1.428286
-2.900000,-1.100000,1.621727
-2.800000,-1.100000,1.683608
-2.700000,-1.100000,1.675680
-2.600000,-1.100000,1.661626
-2.500000,-1.100000,1.641288
-2.400000,-1.100000,1.614424
-2.300000,-1.100000,1.580698
-2.200000,-1.100000,1.539652
-2.100000,-1.100000,1.490672
-2.000000,-1.100000,1.432934
-1.900000,-1.100000,1.365307
-1.800000,-1.100000,1.286206
-1.700000,-1.100000,1.193310
-1.600000,-1.100000,1.083001
-1.500000,-1.100000,0.949087
-1.400000,-1.100000,0.779147
-1.300000,-1.100000,0.538801
-1.200000,-1.100000,0.272585
-1.100000,-1.100000,0.241885
-1.000000,-1.100000,0.204932
-0.900000,-1.100000,0.161320
-0.800000,-1.100000,0.110522
-0.700000,-1.100000,0.051851
-0.600000,-1.100000,-0.015600
-0.500000,-1.100000,-0.093056
-0.400000,-1.100000,-0.182228
-0.300000,-1.100000,-0.285605
-0.200000,-1.100000,-0.407063
-0.100000,-1.100000,-0.553242
0.000000,-1.100000,-0.737503
0.100000,-1.100000,-0.997194
0.200000,-1.100000,-0.768754
0.300000,-1.100000,-0.599490
0.400000,-1.100000,-0.465545
0.500000,-1.100000,-0.354905
0.600000,-1.100000,-0.261515
0.700000,-1.100000,-0.181818
0.800000,-1.100000,-0.113521
0.900000,-1.100000,-0.055052
1.000000,-1.100000,-0.005289
1.100000,-1.100000,0.036590
1.200000,-1.100000,0.071202
1.300000,-1.100000,0.099004
1.400000,-1.100000,0.120339
1.500000,-1.100000,0.135453
1.600000,-1.100000,0.144515
1.700000,-1.100000,0.147620
1.800000,-1.100000,0.144803
1.900000,-1.100000,0.136032
2.000000,-1.100000,0.121215
2.100000,-1.100000,0.100187
2.200000,-1.100000,0.072706
2.300000,-1.100000,0.079217
2.400000,-1.100000,0.080515
2.500000,-1.100000,0.074484
2.600000,-1.100000,0.061026
2.700000,-1.100000,0.039914
2.800000,-1.100000,0.010776
2.900000,-1.100000,-0.026946
3.000000,-1.100000,-0.074053
3.100000,-1.100000,-0.131692
3.200000,-1.100000,-0.201541
3.300000,-1.100000,-0.286154
3.400000,-1.100000,
3.500000,-1.100000,
-3.500000,-1.000000,
-3.400000,-1.000000,
-3.300000,-1.000000,0.600000
-3.200000,-1.000000,1.004988
-3.100000,-1.000000,1.280625
-3.000000,-1.000000,1.500000
-2.900000,-1.000000,1.615512
-2.800000,-1.000000,1.613538
-2.700000,-1.000000,1.605259
-2.600000,-1.000000,1.590574
-2.500000,-1.000000,1.569302
-2.400000,-1.000000,1.541167
-2.300000,-1.000000,1.505777
-2.200000,-1.000000,1.462598
-2.100000,-1.000000,1.410904
-2.000000,-1.000000,1.349701
-1.900000,-1.000000,1.277600
-1.800000,-1.000000,1.192589
-1.700000,-1.000000,1.091594
-1.600000,-1.000000,0.969519
-1.500000,-1.000000,0.816712
-1.400000,-1.000000,0.609678
-1.300000,-1.000000,0.345276
-1.200000,-1.000000,0.321151
-1.100000,-1.000000,0.291263
-1.000000,-1.000000,0.255326
-0.900000,-1.000000,0.212967
-0.800000,-1.000000,0.163708
-0.700000,-1.000000,0.106930
-0.600000,-1.000000,0.041827
-0.500000,-1.000000,-0.032681
-0.400000,-1.000000,-0.118067
-0.300000,-1.000000,-0.216431
-0.200000,-1.000000,-0.330933
-0.100000,-1.000000,-0.466713
0.000000,-1.000000,-0.633260
0.100000,-1.000000,-0.814803
0.200000,-1.000000,-0.625909
0.300000,-1.000000,-0.479151
0.400000,-1.000000,-0.358748
0.500000,-1.000000,-0.257271
0.600000,-1.000000,-0.170512
0.700000,-1.000000,-0.095821
0.800000,-1.000000,-0.031407
0.900000,-1.000000,0.024000
1.000000,-1.000000,0.071326
1.100000,-1.000000,0.111267
1.200000,-1.000000,0.144346
1.300000,-1.000000,0.170962
1.400000,-1.000000,0.191411
1.500000,-1.000000,0.205911
1.600000,-1.000000,0.214609
1.700000,-1.000000,0.217591
1.800000,-1.000000,0.214886
1.900000,-1.000000,0.206467
2.000000,-1.000000,0.192251
2.100000,-1.000000,0.172095
2.200000,-1.000000,0.145785
2.300000,-1.000000,0.113028
2.400000,-1.000000,0.073432
2.500000,-1.000000,0.026479
2.600000,-1.000000,-0.028516
2.700000,-1.000000,-0.077981
2.800000,-1.000000,-0.110036
2.900000,-1.000000,-0.151767
3.000000,-1.000000,-0.204293
3.100000,-1.000000,-0.269285
3.200000,-1.000000,-0.334814
3.300000,-1.000000,-0.379679
3.400000,-1.000000,
3.500000,-1.000000,
-3.500000,-0.900000,
-3.400000,-0.900000,
-3.300000,-0.900000,0.741620
-3.200000,-0.900000,1.095445
-3.100000,-0.900000,1.352775
-3.000000,-0.900000,1.531182
-2.900000,-0.900000,1.535717
-2.800000,-0.900000,1.533638
-2.700000,-0.900000,1.524919
-2.600000,-0.900000,1.509441
-2.500000,-0.900000,1.486992
-2.400000,-0.900000,1.457244
-2.300000,-0.900000,1.419731
-2.200000,-0.900000,1.373807
-2.100000,-0.900000,1.318578
-2.000000,-0.900000,1.252794
-1.900000,-0.900000,1.174648
-1.800000,-0.900000,1.081409
-1.700000,-0.900000,0.968628
-1.600000,-0.900000,0.828148
-1.500000,-0.900000,0.641406
-1.400000,-0.900000,0.405024
-1.300000,-0.900000,0.386840
-1.200000,-0.900000,0.363241
-1.100000,-0.900000,0.334024
-1.000000,-0.900000,0.298922
-0.900000,-0.900000,0.257589
-0.800000,-0.900000,0.209585
-0.700000,-0.900000,0.154344
-0.600000,-0.900000,0.091131
-0.500000,-0.900000,0.018979
-0.400000,-0.900000,-0.063421
-0.300000,-0.900000,-0.157897
-0.200000,-0.900000,-0.267132
-0.100000,-0.900000,-0.395333
0.000000,-0.900000,-0.549826
0.100000,-0.900000,-0.675898
0.200000,-0.900000,-0.512170
0.300000,-0.900000,-0.379683
0.400000,-0.900000,-0.268650
0.500000,-0.900000,-0.173838
0.600000,-0.900000,-0.092062
0.700000,-0.900000,-0.021219
0.800000,-0.900000,0.040162
0.900000,-0.900000,0.093145
1.000000,-0.900000,0.138526
1.100000,-0.900000,0.176906
1.200000,-0.900000,0.208745
1.300000,-0.900000,0.234396
1.400000,-0.900000,0.254124
1.500000,-0.900000,0.268122
1.600000,-0.900000,0.276523
1.700000,-0.900000,0.279403
1.800000,-0.900000,0.276790
1.900000,-0.900000,0.268659
2.000000,-0.900000,0.254935
2.100000,-0.900000,0.235490
2.200000,-0.900000,0.210132
2.300000,-0.900000,0.178600
2.400000,-0.900000,0.140547
2.500000,-0.900000,0.095520
2.600000,-0.900000,0.042922
2.700000,-0.900000,-0.018029
2.800000,-0.900000,-0.088383
2.900000,-0.900000,-0.169585
3.000000,-0.900000,-0.263701
3.100000,-0.900000,-0.322522
3.200000,-0.900000,-0.361410
3.300000,-0.900000,-0.406968
3.400000,-0.900000,
3.500000,-0.900000,
-3.500000,-0.800000,
-3.400000,-0.800000,0.223607
-3.300000,-0.800000,0.848528
-3.200000,-0.800000,1.170470
-3.100000,-0.800000,1.414214
-3.000000,-0.800000,1.439635
-2.900000,-0.800000,1.444462
-2.800000,-0.800000,1.442250
-2.700000,-0.800000,1.432966
-2.600000,-0.800000,1.416469
-2.500000,-0.800000,1.392498
-2.400000,-0.800000,1.360652
-2.300000,-0.800000,1.320351
-2.200000,-0.800000,1.270778
-2.100000,-0.800000,1.210774
-2.000000,-0.800000,1.138658
-1.900000,-0.800000,1.051889
-1.800000,-0.800000,0.946352
-1.700000,-0.800000,0.814586
-1.600000,-0.800000,0.640042
-1.500000,-0.800000,0.452993
-1.400000,-0.800000,0.440301
-1.300000,-0.800000,0.422443
-1.200000,-0.800000,0.399278
-1.100000,-0.800000,0.370611
-1.000000,-0.800000,0.336193
-0.900000,-0.800000,0.295698
-0.800000,-0.800000,0.248716
-0.700000,-0.800000,0.194720
-0.600000,-0.800000,0.133031
-0.500000,-0.800000,0.062764
-0.400000,-0.800000,-0.017268
-0.300000,-0.800000,-0.108699
-0.200000,-0.800000,-0.213882
-0.100000,-0.800000,-0.336408
0.000000,-0.800000,-0.482277
0.100000,-0.800000,-0.566572
0.200000,-0.800000,-0.418663
0.300000,-0.800000,-0.296079
0.400000,-0.800000,-0.191903
0.500000,-0.800000,-0.102135
0.600000,-0.800000,-0.024217
0.700000,-0.800000,0.043598
0.800000,-0.800000,0.102562
0.900000,-0.800000,0.153597
1.000000,-0.800000,0.197401
1.100000,-0.800000,0.234510
1.200000,-0.800000,0.265335
1.300000,-0.800000,0.290194
1.400000,-0.800000,0.309327
1.500000,-0.800000,0.322911
1.600000,-0.800000,0.331066
1.700000,-0.800000,0.333862
1.800000,-0.800000,0.331325
1.900000,-0.800000,0.323432
2.000000,-0.800000,0.310114
2.100000,-0.800000,0.291254
2.200000,-0.800000,0.266678
2.300000,-0.800000,0.236149
2.400000,-0.800000,0.199354
2.500000,-0.800000,0.155887
2.600000,-0.800000,0.105217
2.700000,-0.800000,0.046658
2.800000,-0.800000,-0.020702
2.900000,-0.800000,-0.098093
3.000000,-0.800000,-0.187235
3.100000,-0.800000,-0.290634
3.200000,-0.800000,-0.394165
3.300000,-0.800000,-0.428680
3.400000,-0.800000,
3.500000,-0.800000,
-3.500000,-0.700000,
-3.400000,-0.700000,0.447214
-3.300000,-0.700000,0.932738
-3.200000,-0.700000,1.232883
-3.100000,-0.700000,1.321250
-3.000000,-0.700000,1.334157
-2.900000,-0.700000,1.339371
-2.800000,-0.700000,1.336982
-2.700000,-0.700000,1.326949
-2.600000,-0.700000,1.309094
-2.500000,-0.700000,1.283084
-2.400000,-0.700000,1.248400
-2.300000,-0.700000,1.204280
-2.200000,-0.700000,1.149617
-2.100000,-0.700000,1.082783
-2.000000,-0.700000,1.001288
-1.900000,-0.700000,0.901066
-1.800000,-0.700000,0.774676
-1.700000,-0.700000,0.605354
-1.600000,-0.700000,0.490018
-1.500000,-0.700000,0.482504
-1.400000,-0.700000,0.469998
-1.300000,-0.700000,0.452406
-1.200000,-0.700000,0.429592
-1.100000,-0.700000,0.401373
-1.000000,-0.700000,0.367509
-0.900000,-0.700000,0.327693
-0.800000,-0.700000,0.281535
-0.700000,-0.700000,0.228540
-0.600000,-0.700000,0.168072
-0.500000,-0.700000,0.099305
-0.400000,-0.700000,0.021145
-0.300000,-0.700000,-0.067902
-0.200000,-0.700000,-0.169954
-0.100000,-0.700000,-0.288180
0.000000,-0.700000,-0.427719
0.100000,-0.700000,-0.477671
0.200000,-0.700000,-0.340656
0.300000,-0.700000,-0.225313
0.400000,-0.700000,-0.126334
0.500000,-0.700000,-0.040481
0.600000,-0.700000,0.034393
0.700000,-0.700000,0.099790
0.800000,-0.700000,0.156804
0.900000,-0.700000,0.206256
1.000000,-0.700000,0.248773
1.100000,-0.700000,0.284839
1.200000,-0.700000,0.314829
1.300000,-0.700000,0.339034
1.400000,-0.700000,0.357675
1.500000,-0.700000,0.370916
1.600000,-0.700000,0.378867
1.700000,-0.700000,0.381594
1.800000,-0.700000,0.379120
1.900000,-0.700000,0.371423
2.000000,-0.700000,0.358442
2.100000,-0.700000,0.340066
2.200000,-0.700000,0.316136
2.300000,-0.700000,0.286433
2.400000,-0.700000,0.250670
2.500000,-0.700000,0.208477
2.600000,-0.700000,0.159375
2.700000,-0.700000,0.102745
2.800000,-0.700000,0.037778
2.900000,-0.700000,-0.036605
3.000000,-0.700000,-0.108205
3.100000,-0.700000,-0.097007
3.200000,-0.700000,-0.098843
3.300000,-0.700000,-0.113808
3.400000,-0.700000,-0.142714
3.500000,-0.700000,
-3.500000,-0.600000,
-3.400000,-0.600000,0.574456
-3.300000,-0.600000,1.000000
-3.200000,-0.600000,1.173705
-3.100000,-0.600000,1.196788
-3.000000,-0.600000,1.211046
-2.900000,-0.600000,1.216797
-2.800000,-0.600000,1.214162
-2.700000,-0.600000,1.203087
-2.600000,-0.600000,1.183329
-2.500000,-0.600000,1.154435
-2.400000,-0.600000,1.115680
-2.300000,-0.600000,1.065967
-2.200000,-0.600000,1.003634
-2.100000,-0.600000,0.926073
-2.000000,-0.600000,0.828907
-1.900000,-0.600000,0.703808
-1.800000,-0.600000,0.530572
-1.700000,-0.600000,0.516690
-1.600000,-0.600000,0.514141
-1.500000,-0.600000,0.506715
-1.400000,-0.600000,0.494358
-1.300000,-0.600000,0.476978
-1.200000,-0.600000,0.454445
-1.100000,-0.600000,0.426583
-1.000000,-0.600000,0.393160
-0.900000,-0.600000,0.353882
-0.800000,-0.600000,0.308378
-0.700000,-0.600000,0.256174
-0.600000,-0.600000,0.196667
-0.500000,-0.600000,0.129077
-0.400000,-0.600000,0.052377
-0.300000,-0.600000,-0.034824
-0.200000,-0.600000,-0.134475
-0.100000,-0.600000,-0.249453
0.000000,-0.600000,-0.384315
0.100000,-0.600000,-0.404397
0.200000,-0.600000,-0.275283
0.300000,-0.600000,-0.165405
0.400000,-0.600000,-0.070450
0.500000,-0.600000,0.012320
0.600000,-0.600000,0.084766
0.700000,-0.600000,0.148215
0.800000,-0.600000,0.203649
0.900000,-0.600000,0.251810
1.000000,-0.600000,0.293272
1.100000,-0.600000,0.328480
1.200000,-0.600000,0.357781
1.300000,-0.600000,0.381446
1.400000,-0.600000,0.399680
1.500000,-0.600000,0.412636
1.600000,-0.600000,0.420418
1.700000,-0.600000,0.423088
1.800000,-0.600000,0.420666
1.900000,-0.600000,0.413133
2.000000,-0.600000,0.400431
2.100000,-0.600000,0.382456
2.200000,-0.600000,0.359059
2.300000,-0.600000,0.330037
2.400000,-0.600000,0.295123
2.500000,-0.600000,0.253975
2.600000,-0.600000,0.206151
2.700000,-0.600000,0.151086
2.800000,-0.600000,0.088046
2.900000,-0.600000,0.078689
3.000000,-0.600000,0.098097
3.100000,-0.600000,0.106931
3.200000,-0.600000,0.105479
3.300000,-0.600000,0.093695
3.400000,-0.600000,0.071189
3.500000,-0.600000,
-3.500000,-0.500000,
-3.400000,-0.500000,0.663325
-3.300000,-0.500000,1.009634
-3.200000,-0.500000,1.021255
-3.100000,-0.500000,1.047773
-3.000000,-0.500000,1.064072
-2.900000,-0.500000,1.070629
-2.800000,-0.500000,1.067627
-2.700000,-0.500000,1.054982
-2.600000,-0.500000,1.032332
-2.500000,-0.500000,0.998983
-2.400000,-0.500000,0.953787
-2.300000,-0.500000,0.894904
-2.200000,-0.500000,0.819311
-2.100000,-0.500000,0.721611
-2.000000,-0.500000,0.636075
-1.900000,-0.500000,0.555089
-1.800000,-0.500000,0.533406
-1.700000,-0.500000,0.535697
-1.600000,-0.500000,0.533172
-1.500000,-0.500000,0.525814
-1.400000,-0.500000,0.513571
-1.300000,-0.500000,0.496355
-1.200000,-0.500000,0.474039
-1.100000,-0.500000,0.446451
-1.000000,-0.500000,0.413368
-0.900000,-0.500000,0.374504
-0.800000,-0.500000,0.329502
-0.700000,-0.500000,0.277904
-0.600000,-0.500000,0.219131
-0.500000,-0.500000,0.152437
-0.400000,-0.500000,0.076844
-0.300000,-0.500000,-0.008964
-0.200000,-0.500000,-0.106819
-0.100000,-0.500000,-0.219391
0.000000,-0.500000,-0.350845
0.100000,-0.500000,-0.343881
0.200000,-0.500000,-0.220666
0.300000,-0.500000,-0.114987
0.400000,-0.500000,-0.023180
0.500000,-0.500000,0.057145
0.600000,-0.500000,0.127647
0.700000,-0.500000,0.189526
0.800000,-0.500000,0.243678
0.900000,-0.500000,0.290788
1.000000,-0.500000,0.331388
1.100000,-0.500000,0.365892
1.200000,-0.500000,0.394628
1.300000,-0.500000,0.417848
1.400000,-0.500000,0.435746
1.500000,-0.500000,0.448468
1.600000,-0.500000,0.456110
1.700000,-0.500000,0.458732
1.800000,-0.500000,0.456353
1.900000,-0.500000,0.448956
2.000000,-0.500000,0.436483
2.100000,-0.500000,0.418839
2.200000,-0.500000,0.395881
2.300000,-0.500000,0.367419
2.400000,-0.500000,0.333201
2.500000,-0.500000,0.292907
2.600000,-0.500000,0.246124
2.700000,-0.500000,0.192329
2.800000,-0.500000,0.216097
2.900000,-0.500000,0.242123
3.000000,-0.500000,0.258722
3.100000,-0.500000,0.266307
3.200000,-0.500000,0.265059
3.300000,-0.500000,0.254949
3.400000,-0.500000,0.235733
3.500000,-0.500000,
-3.500000,-0.400000,
-3.400000,-0.400000,0.728011
-3.300000,-0.400000,0.972968
-3.200000,-0.400000,0.979136
-3.100000,-0.400000,0.979883
-3.000000,-0.400000,0.975215
-2.900000,-0.400000,0.965092
-2.800000,-0.400000,0.949422
-2.700000,-0.400000,0.928060
-2.600000,-0.400000,0.900800
-2.500000,-0.400000,0.867365
-2.400000,-0.400000,0.827388
-2.300000,-0.400000,0.780395
-2.200000,-0.400000,0.725766
-2.100000,-0.400000,0.662683
-2.000000,-0.400000,0.590052
-1.900000,-0.400000,0.540407
-1.800000,-0.400000,0.547481
-1.700000,-0.400000,0.549756
-1.600000,-0.400000,0.547249
-1.500000,-0.400000,0.539941
-1.400000,-0.400000,0.527781
-1.300000,-0.400000,0.510685
-1.200000,-0.400000,0.488526
-1.100000,-0.400000,0.461137
-1.000000,-0.400000,0.428301
-0.900000,-0.400000,0.389738
-0.800000,-0.400000,0.345098
-0.700000,-0.400000,0.293938
-0.600000,-0.400000,0.235696
-0.500000,-0.400000,0.169648
-0.400000,-0.400000,0.094850
-0.300000,-0.400000,0.010037
-0.200000,-0.400000,-0.086540
-0.100000,-0.400000,-0.197413
0.000000,-0.400000,-0.326488
0.100000,-0.400000,-0.294265
0.200000,-0.400000,-0.175516
0.300000,-0.400000,-0.073081
0.400000,-0.400000,0.016259
0.500000,-0.400000,0.094650
0.600000,-0.400000,0.163603
0.700000,-0.400000,0.224223
0.800000,-0.400000,0.277342
0.900000,-0.400000,0.323602
1.000000,-0.400000,0.363503
1.100000,-0.400000,0.397436
1.200000,-0.400000,0.425711
1.300000,-0.400000,0.448569
1.400000,-0.400000,0.466194
1.500000,-0.400000,0.478723
1.600000,-0.400000,0.486252
1.700000,-0.400000,0.488835
1.800000,-0.400000,0.486491
1.900000,-0.400000,0.479204
2.000000,-0.400000,0.466919
2.100000,-0.400000,0.449544
2.200000,-0.400000,0.426945
2.300000,-0.400000,0.398938
2.400000,-0.400000,0.365286
2.500000,-0.400000,0.325684
2.600000,-0.400000,0.279743
2.700000,-0.400000,0.321279
2.800000,-0.400000,0.353261
2.900000,-0.400000,0.376425
3.000000,-0.400000,0.391257
3.100000,-0.400000,0.398049
3.200000,-0.400000,0.396931
3.300000,-0.400000,0.387881
3.400000,-0.400000,0.370727
3.500000,-0.400000,
-3.500000,-0.300000,
-3.400000,-0.300000,0.774597
-3.300000,-0.300000,0.930007
-3.200000,-0.300000,0.936322
-3.100000,-0.300000,0.937087
-3.000000,-0.300000,0.932308
-2.900000,-0.300000,0.921943
-2.800000,-0.300000,0.905892
-2.700000,-0.300000,0.883999
-2.600000,-0.300000,0.856043
-2.500000,-0.300000,0.821723
-2.400000,-0.300000,0.780641
-2.300000,-0.300000,0.732277
-2.200000,-0.300000,0.675947
-2.100000,-0.300000,0.610742
-2.000000,-0.300000,0.537791
-1.900000,-0.300000,0.549660
-1.800000,-0.300000,0.556703
-1.700000,-0.300000,0.558968
-1.600000,-0.300000,0.556472
-1.500000,-0.300000,0.549196
-1.400000,-0.300000,0.537091
-1.300000,-0.300000,0.520071
-1.200000,-0.300000,0.498015
-1.100000,-0.300000,0.470755
-1.000000,-0.300000,0.438078
-0.900000,-0.300000,0.399709
-0.800000,-0.300000,0.355304
-0.700000,-0.300000,0.304427
-0.600000,-0.300000,0.246526
-0.500000,-0.300000,0.180893
-0.400000,-0.300000,0.106605
-0.300000,-0.300000,0.022430
-0.200000,-0.300000,-0.073332
-0.100000,-0.300000,-0.183127
0.000000,-0.300000,-0.310704
0.100000,-0.300000,-0.254289
0.200000,-0.300000,-0.138919
0.300000,-0.300000,-0.038976
0.400000,-0.300000,0.048450
0.500000,-0.300000,0.125329
0.600000,-0.300000,0.193063
0.700000,-0.300000,0.252688
0.800000,-0.300000,0.304989
0.900000,-0.300000,0.350574
1.000000,-0.300000,0.389917
1.100000,-0.300000,0.423395
1.200000,-0.300000,0.451301
1.300000,-0.300000,0.473869
1.400000,-0.300000,0.491274
1.500000,-0.300000,0.503650
1.600000,-0.300000,0.511087
1.700000,-0.300000,0.513639
1.800000,-0.300000,0.511324
1.900000,-0.300000,0.504125
2.000000,-0.300000,0.491991
2.100000,-0.300000,0.474832
2.200000,-0.300000,0.452519
2.300000,-0.300000,0.424877
2.400000,-0.300000,0.391676
2.500000,-0.300000,0.355316
2.600000,-0.300000,0.402260
2.700000,-0.300000,0.439915
2.800000,-0.300000,0.469065
2.900000,-0.300000,0.490257
3.000000,-0.300000,0.503859
3.100000,-0.300000,0.510097
3.200000,-0.300000,0.509070
3.300000,-0.300000,0.500762
3.400000,-0.300000,0.485038
3.500000,-0.300000,
-3.500000,-0.200000,
-3.400000,-0.200000,0.806226
-3.300000,-0.200000,0.880288
-3.200000,-0.200000,0.886782
-3.100000,-0.200000,0.887568
-3.000000,-0.200000,0.882655
-2.900000,-0.200000,0.871993
-2.800000,-0.200000,0.855478
-2.700000,-0.200000,0.832937
-2.600000,-0.200000,0.804128
-2.500000,-0.200000,0.768720
-2.400000,-0.200000,0.726274
-2.300000,-0.200000,0.676209
-2.200000,-0.200000,0.617756
-2.100000,-0.200000,0.549880
-2.000000,-0.200000,0.542264
-1.900000,-0.200000,0.554108
-1.800000,-0.200000,0.561136
-1.700000,-0.200000,0.563396
-1.600000,-0.200000,0.560905
-1.500000,-0.200000,0.553644
-1.400000,-0.200000,0.541565
-1.300000,-0.200000,0.524583
-1.200000,-0.200000,0.502574
-1.100000,-0.200000,0.475376
-1.000000,-0.200000,0.442775
-0.900000,-0.200000,0.404499
-0.800000,-0.200000,0.360206
-0.700000,-0.200000,0.309464
-0.600000,-0.200000,0.251725
-0.500000,-0.200000,0.186290
-0.400000,-0.200000,0.112244
-0.300000,-0.200000,0.028371
-0.200000,-0.200000,-0.067005
-0.100000,-0.200000,-0.176291
0.000000,-0.200000,-0.303164
0.100000,-0.200000,-0.223076
0.200000,-0.200000,-0.110218
0.300000,-0.200000,-0.012149
0.400000,-0.200000,0.073826
0.500000,-0.200000,0.149552
0.600000,-0.200000,0.216353
0.700000,-0.200000,0.275214
0.800000,-0.200000,0.326885
0.900000,-0.200000,0.371949
1.000000,-0.200000,0.410862
1.100000,-0.200000,0.443986
1.200000,-0.200000,0.471608
1.300000,-0.200000,0.493950
1.400000,-0.200000,0.511185
1.500000,-0.200000,0.523442
1.600000,-0.200000,0.530808
1.700000,-0.200000,0.533336
1.800000,-0.200000,0.531042
1.900000,-0.200000,0.523912
2.000000,-0.200000,0.511895
2.100000,-0.200000,0.494904
2.200000,-0.200000,0.472813
2.300000,-0.200000,0.445453
2.400000,-0.200000,0.412602
2.500000,-0.200000,0.463459
2.600000,-0.200000,0.506719
2.700000,-0.200000,0.541588
2.800000,-0.200000,0.568678
2.900000,-0.200000,0.588422
3.000000,-0.200000,0.601117
3.100000,-0.200000,0.606943
3.200000,-0.200000,0.605984
3.300000,-0.200000,0.598224
3.400000,-0.200000,0.583556
3.500000,-0.200000,
-3.500000,-0.100000,
-3.400000,-0.100000,0.810534
-3.300000,-0.100000,0.823216
-3.200000,-0.100000,0.829927
-3.100000,-0.100000,0.830740
-3.000000,-0.100000,0.825661
-2.900000,-0.100000,0.814639
-2.800000,-0.100000,0.797555
-2.700000,-0.100000,0.774220
-2.600000,-0.100000,0.744363
-2.500000,-0.100000,0.707614
-2.400000,-0.100000,0.663476
-2.300000,-0.100000,0.611289
-2.200000,-0.100000,0.550166
-2.100000,-0.100000,0.525190
-2.000000,-0.100000,0.541935
-1.900000,-0.100000,0.553780
-1.800000,-0.100000,0.560809
-1.700000,-0.100000,0.563070
-1.600000,-0.100000,0.560578
-1.500000,-0.100000,0.553317
-1.400000,-0.100000,0.541235
-1.300000,-0.100000,0.524250
-1.200000,-0.100000,0.502239
-1.100000,-0.100000,0.475036
-1.000000,-0.100000,0.442429
-0.900000,-0.100000,0.404146
-0.800000,-0.100000,0.359845
-0.700000,-0.100000,0.309093
-0.600000,-0.100000,0.251343
-0.500000,-0.100000,0.185893
-0.400000,-0.100000,0.111829
-0.300000,-0.100000,0.027934
-0.200000,-0.100000,-0.067471
-0.100000,-0.100000,-0.176794
0.000000,-0.100000,-0.303718
0.100000,-0.100000,-0.200015
0.200000,-0.100000,-0.088947
0.300000,-0.100000,0.007777
0.400000,-0.100000,0.092705
0.500000,-0.100000,0.167595
0.600000,-0.100000,0.233718
0.700000,-0.100000,0.292021
0.800000,-0.100000,0.343232
0.900000,-0.100000,0.387914
1.000000,-0.100000,0.426511
1.100000,-0.100000,0.459377
1.200000,-0.100000,0.486788
1.300000,-0.100000,0.508965
1.400000,-0.100000,0.526076
1.500000,-0.100000,0.538245
1.600000,-0.100000,0.545559
1.700000,-0.100000,0.548068
1.800000,-0.100000,0.545791
1.900000,-0.100000,0.538712
2.000000,-0.100000,0.526780
2.100000,-0.100000,0.509912
2.200000,-0.100000,0.487985
2.300000,-0.100000,0.460832
2.400000,-0.100000,0.507516
2.500000,-0.100000,0.556465
2.600000,-0.100000,0.596982
2.700000,-0.100000,0.629753
2.800000,-0.100000,0.655277
2.900000,-0.100000,0.673914
3.000000,-0.100000,0.685911
3.100000,-0.100000,0.691421
3.200000,-0.100000,0.690513
3.300000,-0.100000,0.683176
3.400000,-0.100000,0.669319
3.500000,-0.100000,
-3.500000,0.000000,0.000000
-3.400000,0.000000,0.744822
-3.300000,0.000000,0.758015
-3.200000,0.000000,0.764995
-3.100000,0.000000,0.765840
-3.000000,0.000000,0.760559
-2.900000,0.000000,0.749094
-2.800000,0.000000,0.731310
-2.700000,0.000000,0.706995
-2.600000,0.000000,0.675839
-2.500000,0.000000,0.637419
-2.400000,0.000000,0.591161
-2.300000,0.000000,0.536291
-2.200000,0.000000,0.498195
-2.100000,0.000000,0.520014
-2.000000,0.000000,0.536801
-1.900000,0.000000,0.548675
-1.800000,0.000000,0.555721
-1.700000,0.000000,0.557988
-1.600000,0.000000,0.555490
-1.500000,0.000000,0.548211
-1.400000,0.000000,0.536100
-1.300000,0.000000,0.519072
-1.200000,0.000000,0.497005
-1.100000,0.000000,0.469731
-1.000000,0.000000,0.437037
-0.900000,0.000000,0.398648
-0.800000,0.000000,0.354218
-0.700000,0.000000,0.303311
-0.600000,0.000000,0.245374
-0.500000,0.000000,0.179697
-0.400000,0.000000,0.105355
-0.300000,0.000000,0.021113
-0.200000,0.000000,-0.074735
-0.100000,0.000000,-0.184644
0.000000,0.000000,-0.312378
0.100000,0.000000,-0.184690
0.200000,0.000000,-0.074781
0.300000,0.000000,0.021067
0.400000,0.000000,0.105309
0.500000,0.000000,0.179651
0.600000,0.000000,0.245328
0.700000,0.000000,0.303265
0.800000,0.000000,0.354172
0.900000,0.000000,0.398602
1.000000,0.000000,0.436991
1.100000,0.000000,0.469685
1.200000,0.000000,0.496959
1.300000,0.000000,0.519026
1.400000,0.000000,0.536054
1.500000,0.000000,0.548165
1.600000,0.000000,0.555444
1.700000,0.000000,0.557942
1.800000,0.000000,0.555675
1.900000,0.000000,0.548629
2.000000,0.000000,0.536755
2.100000,0.000000,0.519968
2.200000,0.000000,0.498149
2.300000,0.000000,0.536045
2.400000,0.000000,0.590898
2.500000,0.000000,0.637139
2.600000,0.000000,0.675542
2.700000,0.000000,0.706680
2.800000,0.000000,0.730978
2.900000,0.000000,0.748743
3.000000,0.000000,0.760189
3.100000,0.000000,0.765448
3.200000,0.000000,0.764582
3.300000,0.000000,0.757579
3.400000,0.000000,0.744360
3.500000,0.000000,
-3.500000,0.100000,
-3.400000,0.100000,0.669833
-3.300000,0.100000,0.683664
-3.200000,0.100000,0.690977
-3.100000,0.100000,0.691861
-3.000000,0.100000,0.686330
-2.900000,0.100000,0.674313
-2.800000,0.100000,0.655658
-2.700000,0.100000,0.630116
-2.600000,0.100000,0.597328
-2.500000,0.100000,0.556794
-2.400000,0.100000,0.507830
-2.300000,0.100000,0.460878
-2.200000,0.100000,0.488031
-2.100000,0.100000,0.509958
-2.000000,0.100000,0.526826
-1.900000,0.100000,0.538758
-1.800000,0.100000,0.545837
-1.700000,0.100000,0.548114
-1.600000,0.100000,0.545605
-1.500000,0.100000,0.538291
-1.400000,0.100000,0.526122
-1.300000,0.100000,0.509011
-1.200000,0.100000,0.486834
-1.100000,0.100000,0.459423
-1.000000,0.100000,0.426557
-0.900000,0.100000,0.387960
-0.800000,0.100000,0.343278
-0.700000,0.100000,0.292067
-0.600000,0.100000,0.233764
-0.500000,0.100000,0.167641
-0.400000,0.100000,0.092751
-0.300000,0.100000,0.007823
-0.200000,0.100000,-0.088901
-0.100000,0.100000,-0.199969
0.000000,0.100000,-0.303764
0.100000,0.100000,-0.176840
0.200000,0.100000,-0.067517
0.300000,0.100000,0.027888
0.400000,0.100000,0.111783
0.500000,0.100000,0.185847
0.600000,0.100000,0.251297
0.700000,0.100000,0.309047
0.800000,0.100000,0.359799
0.900000,0.100000,0.404100
1.000000,0.100000,0.442383
1.100000,0.100000,0.474990
1.200000,0.100000,0.502193
1.300000,0.100000,0.524204
1.400000,0.100000,0.541189
1.500000,0.100000,0.553271
1.600000,0.100000,0.560532
1.700000,0.100000,0.563024
1.800000,0.100000,0.560763
1.900000,0.100000,0.553734
2.000000,0.100000,0.541889
2.100000,0.100000,0.525144
2.200000,0.100000,0.549982
2.300000,0.100000,0.611087
2.400000,0.100000,0.663256
2.500000,0.100000,0.707377
2.600000,0.100000,0.744109
2.700000,0.100000,0.773948
2.800000,0.100000,0.797265
2.900000,0.100000,0.814331
3.000000,0.100000,0.825333
3.100000,0.100000,0.830392
3.200000,0.100000,0.829558
3.300000,0.100000,0.822824
3.400000,0.100000,0.810119
3.500000,0.100000,
-3.500000,0.200000,
-3.400000,0.200000,0.584134
-3.300000,0.200000,0.598773
-3.200000,0.200000,0.606506
-3.100000,0.200000,0.607441
-3.000000,0.200000,0.601592
-2.900000,0.200000,0.588877
-2.800000,0.200000,0.569114
-2.700000,0.200000,0.542006
-2.600000,0.200000,0.507121
-2.500000,0.200000,0.463846
-2.400000,0.200000,0.412648
-2.300000,0.200000,0.445499
-2.200000,0.200000,0.472859
-2.100000,0.200000,0.494950
-2.000000,0.200000,0.511941
-1.900000,0.200000,0.523958
-1.800000,0.200000,0.531088
-1.700000,0.200000,0.533382
-1.600000,0.200000,0.530854
-1.500000,0.200000,0.523488
-1.400000,0.200000,0.511231
-1.300000,0.200000,0.493996
-1.200000,0.200000,0.471654
-1.100000,0.200000,0.444032
-1.000000,0.200000,0.410908
-0.900000,0.200000,0.371995
-0.800000,0.200000,0.326931
-0.700000,0.200000,0.275260
-0.600000,0.200000,0.216399
-0.500000,0.200000,0.149598
-0.400000,0.200000,0.073872
-0.300000,0.200000,-0.012103
-0.200000,0.200000,-0.110172
-0.100000,0.200000,-0.223030
0.000000,0.200000,-0.303210
0.100000,0.200000,-0.176337
0.200000,0.200000,-0.067051
0.300000,0.200000,0.028325
0.400000,0.200000,0.112198
0.500000,0.200000,0.186244
0.600000,0.200000,0.251679
0.700000,0.200000,0.309418
0.800000,0.200000,0.360160
0.900000,0.200000,0.404453
1.000000,0.200000,0.442729
1.100000,0.200000,0.475330
1.200000,0.200000,0.502528
1.300000,0.200000,0.524537
1.400000,0.200000,0.541519
1.500000,0.200000,0.553598
1.600000,0.200000,0.560859
1.700000,0.200000,0.563350
1.800000,0.200000,0.561090
1.900000,0.200000,0.554062
2.000000,0.200000,0.542218
2.100000,0.200000,0.549757
2.200000,0.200000,0.617613
2.300000,0.200000,0.676047
2.400000,0.200000,0.726093
2.500000,0.200000,0.768521
2.600000,0.200000,0.803911
2.700000,0.200000,0.832702
2.800000,0.200000,0.855225
2.900000,0.200000,0.871722
3.000000,0.200000,0.882365
3.100000,0.200000,0.887259
3.200000,0.200000,0.886452
3.300000,0.200000,0.879938
3.400000,0.200000,0.806226
3.500000,0.200000,
-3.500000,0.300000,
-3.400000,0.300000,0.485692
-3.300000,0.300000,0.501383
-3.200000,0.300000,0.509662
-3.100000,0.300000,0.510663
-3.000000,0.300000,0.504402
-2.900000,0.300000,0.490779
-2.800000,0.300000,0.469568
-2.700000,0.300000,0.440402
-2.600000,0.300000,0.402732
-2.500000,0.300000,0.355775
-2.400000,0.300000,0.391722
-2.300000,0.300000,0.424923
-2.200000,0.300000,0.452565
-2.100000,0.300000,0.474878
-2.000000,0.300000,0.492037
-1.900000,0.300000,0.504171
-1.800000,0.300000,0.511370
-1.700000,0.300000,0.513685
-1.600000,0.300000,0.511133
-1.500000,0.300000,0.503696
-1.400000,0.300000,0.491320
-1.300000,0.300000,0.473915
-1.200000,0.300000,0.451347
-1.100000,0.300000,0.423441
-1.000000,0.300000,0.389963
-0.900000,0.300000,0.350620
-0.800000,0.300000,0.305035
-0.700000,0.300000,0.252734
-0.600000,0.300000,0.193109
-0.500000,0.300000,0.125375
-0.400000,0.300000,0.048496
-0.300000,0.300000,-0.038930
-0.200000,0.300000,-0.138873
-0.100000,0.300000,-0.254243
0.000000,0.300000,-0.310750
0.100000,0.300000,-0.183173
0.200000,0.300000,-0.073378
0.300000,0.300000,0.022384
0.400000,0.300000,0.106559
0.500000,0.300000,0.180847
0.600000,0.300000,0.246480
0.700000,0.300000,0.304381
0.800000,0.300000,0.355258
0.900000,0.300000,0.399663
1.000000,0.300000,0.438032
1.100000,0.300000,0.470709
1.200000,0.300000,0.497969
1.300000,0.300000,0.520025
1.400000,0.300000,0.537045
1.500000,0.300000,0.549150
1.600000,0.300000,0.556426
1.700000,0.300000,0.558922
1.800000,0.300000,0.556657
1.900000,0.300000,0.549614
2.000000,0.300000,0.537745
2.100000,0.300000,0.610657
2.200000,0.300000,0.675841
2.300000,0.300000,0.732150
2.400000,0.300000,0.780495
2.500000,0.300000,0.821559
2.600000,0.300000,0.855862
2.700000,0.300000,0.883800
2.800000,0.300000,0.905674
2.900000,0.300000,0.921707
3.000000,0.300000,0.932054
3.100000,0.300000,0.936813
3.200000,0.300000,0.936029
3.300000,0.300000,0.929694
3.400000,0.300000,0.774597
3.500000,0.300000,
-3.500000,0.400000,
-3.400000,0.400000,0.371479
-3.300000,0.400000,0.388595
-3.200000,0.400000,0.397612
-3.100000,0.400000,0.398701
-3.000000,0.400000,0.391884
-2.900000,0.400000,0.377031
-2.800000,0.400000,0.353850
-2.700000,0.400000,0.321853
-2.600000,0.400000,0.280304
-2.500000,0.400000,0.325730
-2.400000,0.400000,0.365332
-2.300000,0.400000,0.398984
-2.200000,0.400000,0.426991
-2.100000,0.400000,0.449590
-2.000000,0.400000,0.466965
-1.900000,0.400000,0.479250
-1.800000,0.400000,0.486537
-1.700000,0.400000,0.488881
-1.600000,0.400000,0.486298
-1.500000,0.400000,0.478769
-1.400000,0.400000,0.466240
-1.300000,0.400000,0.448615
-1.200000,0.400000,0.425757
-1.100000,0.400000,0.397482
-1.000000,0.400000,0.363549
-0.900000,0.400000,0.323648
-0.800000,0.400000,0.277388
-0.700000,0.400000,0.224269
-0.600000,0.400000,0.163649
-0.500000,0.400000,0.094696
-0.400000,0.400000,0.016305
-0.300000,0.400000,-0.073035
-0.200000,0.400000,-0.175470
-0.100000,0.400000,-0.294219
0.000000,0.400000,-0.326534
0.100000,0.400000,-0.197459
0.200000,0.400000,-0.086586
0.300000,0.400000,0.009991
0.400000,0.400000,0.094804
0.500000,0.400000,0.169602
0.600000,0.400000,0.235650
0.700000,0.400000,0.293892
0.800000,0.400000,0.345052
0.900000,0.400000,0.389692
1.000000,0.400000,0.428255
1.100000,0.400000,0.461091
1.200000,0.400000,0.488480
1.300000,0.400000,0.510639
1.400000,0.400000,0.527735
1.500000,0.400000,0.539895
1.600000,0.400000,0.547203
1.700000,0.400000,0.549710
1.800000,0.400000,0.547435
1.900000,0.400000,0.540361
2.000000,0.400000,0.590025
2.100000,0.400000,0.662633
2.200000,0.400000,0.725694
2.300000,0.400000,0.780302
2.400000,0.400000,0.827276
2.500000,0.400000,0.867234
2.600000,0.400000,0.900651
2.700000,0.400000,0.927893
2.800000,0.400000,0.949237
2.900000,0.400000,0.964889
3.000000,0.400000,0.974994
3.100000,0.400000,0.979642
3.200000,0.400000,0.978876
3.300000,0.400000,0.972688
3.400000,0.400000,0.728011
3.500000,0.400000,
-3.500000,0.500000,
-3.400000,0.500000,0.236617
-3.300000,0.500000,0.255787
-3.200000,0.500000,0.265859
-3.100000,0.500000,0.267075
-3.000000,0.500000,0.259464
-2.900000,0.500000,0.242843
-2.800000,0.500000,0.216800
-2.700000,0.500000,0.192375
-2.600000,0.500000,0.246170
-2.500000,0.500000,0.292953
-2.400000,0.500000,0.333247
-2.300000,0.500000,0.367465
-2.200000,0.500000,0.395927
-2.100000,0.500000,0.418885
-2.000000,0.500000,0.436529
-1.900000,0.500000,0.449002
-1.800000,0.500000,0.456399
-1.700000,0.500000,0.458778
-1.600000,0.500000,0.456156
-1.500000,0.500000,0.448514
-1.400000,0.500000,0.435792
-1.300000,0.500000,0.417894
-1.200000,0.500000,0.394674
-1.100000,0.500000,0.365938
-1.000000,0.500000,0.331434
-0.900000,0.500000,0.290834
-0.800000,0.500000,0.243724
-0.700000,0.500000,0.189572
-0.600000,0.500000,0.127693
-0.500000,0.500000,0.057191
-0.400000,0.500000,-0.023134
-0.300000,0.500000,-0.114941
-0.200000,0.500000,-0.220620
-0.100000,0.500000,-0.343835
0.000000,0.500000,-0.350891
0.100000,0.500000,-0.219437
0.200000,0.500000,-0.106865
0.300000,0.500000,-0.009010
0.400000,0.500000,0.076798
0.500000,0.500000,0.152391
0.600000,0.500000,0.219085
0.700000,0.500000,0.277858
0.800000,0.500000,0.329456
0.900000,0.500000,0.374458
1.000000,0.500000,0.413322
1.100000,0.500000,0.446405
1.200000,0.500000,0.473993
1.300000,0.500000,0.496309
1.400000,0.500000,0.513525
1.500000,0.500000,0.525768
1.600000,0.500000,0.533126
1.700000,0.500000,0.535651
1.800000,0.500000,0.533360
1.900000,0.500000,0.555124
2.000000,0.500000,0.636082
2.100000,0.500000,0.720492
2.200000,0.500000,0.818178
2.300000,0.500000,0.893742
2.400000,0.500000,0.952584
2.500000,0.500000,0.997735
2.600000,0.500000,1.031030
2.700000,0.500000,1.053620
2.800000,0.500000,1.066198
2.900000,0.500000,1.069125
3.000000,0.500000,1.062482
3.100000,0.500000,1.046083
3.200000,0.500000,1.019448
3.300000,0.500000,1.009386
3.400000,0.500000,0.663325
3.500000,0.500000,
-3.500000,0.600000,
-3.400000,0.600000,0.072274
-3.300000,0.600000,0.094718
-3.200000,0.600000,0.106455
-3.100000,0.600000,0.107869
-3.000000,0.600000,0.099007
-2.900000,0.600000,0.079579
-2.800000,0.600000,0.088092
-2.700000,0.600000,0.151132
-2.600000,0.600000,0.206197
-2.500000,0.600000,0.254021
-2.400000,0.600000,0.295169
-2.300000,0.600000,0.330083
-2.200000,0.600000,0.359105
-2.100000,0.600000,0.382502
-2.000000,0.600000,0.400476
-1.900000,0.600000,0.413179
-1.800000,0.600000,0.420712
-1.700000,0.600000,0.423134
-1.600000,0.600000,0.420464
-1.500000,0.600000,0.412682
-1.400000,0.600000,0.399726
-1.300000,0.600000,0.381492
-1.200000,0.600000,0.357827
-1.100000,0.600000,0.328526
-1.000000,0.600000,0.293318
-0.900000,0.600000,0.251856
-0.800000,0.600000,0.203695
-0.700000,0.600000,0.148261
-0.600000,0.600000,0.084812
-0.500000,0.600000,0.012366
-0.400000,0.600000,-0.070404
-0.300000,0.600000,-0.165359
-0.200000,0.600000,-0.275237
-0.100000,0.600000,-0.404351
0.000000,0.600000,-0.384361
0.100000,0.600000,-0.249499
0.200000,0.600000,-0.134521
0.300000,0.600000,-0.034870
0.400000,0.600000,0.052331
0.500000,0.600000,0.129031
0.600000,0.600000,0.196621
0.700000,0.600000,0.256128
0.800000,0.600000,0.308332
0.900000,0.600000,0.353836
1.000000,0.600000,0.393114
1.100000,0.600000,0.426537
1.200000,0.600000,0.454399
1.300000,0.600000,0.476932
1.400000,0.600000,0.494312
1.500000,0.600000,0.506669
1.600000,0.600000,0.514095
1.700000,0.600000,0.516644
1.800000,0.600000,0.529799
1.900000,0.600000,0.703012
2.000000,0.600000,0.828072
2.100000,0.600000,0.925195
2.200000,0.600000,1.002710
2.300000,0.600000,1.064997
2.400000,0.600000,1.114661
2.500000,0.600000,1.153365
2.600000,0.600000,1.182205
2.700000,0.600000,1.201905
2.800000,0.600000,1.212919
2.900000,0.600000,1.215486
3.000000,0.600000,1.209662
3.100000,0.600000,1.195321
3.200000,0.600000,1.172145
3.300000,0.600000,1.000000
3.400000,0.600000,0.574456
3.500000,0.600000,
-3.500000,0.700000,
-3.400000,0.700000,-0.141254
-3.300000,0.700000,-0.112449
-3.200000,0.700000,-0.097554
-3.100000,0.700000,-0.095767
-3.000000,0.700000,-0.106994
-2.900000,0.700000,-0.036559
-2.800000,0.700000,0.037824
-2.700000,0.700000,0.102791
-2.600000,0.700000,0.159421
-2.500000,0.700000,0.208523
-2.400000,0.700000,0.250716
-2.300000,0.700000,0.286479
-2.200000,0.700000,0.316182
-2.100000,0.700000,0.340112
-2.000000,0.700000,0.358488
-1.900000,0.700000,0.371469
-1.800000,0.700000,0.379166
-1.700000,0.700000,0.381640
-1.600000,0.700000,0.378913
-1.500000,0.700000,0.370962
-1.400000,0.700000,0.357721
-1.300000,0.700000,0.339080
-1.200000,0.700000,0.314875
-1.100000,0.700000,0.284885
-1.000000,0.700000,0.248819
-0.900000,0.700000,0.206302
-0.800000,0.700000,0.156850
-0.700000,0.700000,0.099836
-0.600000,0.700000,0.034439
-0.500000,0.700000,-0.040435
-0.400000,0.700000,-0.126288
-0.300000,0.700000,-0.225267
-0.200000,0.700000,-0.340610
-0.100000,0.700000,-0.477625
0.000000,0.700000,-0.427765
0.100000,0.700000,-0.288226
0.200000,0.700000,-0.170000
0.300000,0.700000,-0.067948
0.400000,0.700000,0.021099
0.500000,0.700000,0.099259
0.600000,0.700000,0.168026
0.700000,0.700000,0.228494
0.800000,0.700000,0.281489
0.900000,0.700000,0.327647
1.000000,0.700000,0.367463
1.100000,0.700000,0.401327
1.200000,0.700000,0.429546
1.300000,0.700000,0.452360
1.400000,0.700000,0.469952
1.500000,0.700000,0.482458
1.600000,0.700000,0.489972
1.700000,0.700000,0.604889
1.800000,0.700000,0.774119
1.900000,0.700000,0.900440
2.000000,0.700000,1.000602
2.100000,0.700000,1.082042
2.200000,0.700000,1.148824
2.300000,0.700000,1.203436
2.400000,0.700000,1.247505
2.500000,0.700000,1.282138
2.600000,0.700000,1.308095
2.700000,0.700000,1.325895
2.800000,0.700000,1.335870
2.900000,0.700000,1.338198
3.000000,0.700000,1.332919
3.100000,0.700000,1.319940
3.200000,0.700000,1.232883
3.300000,0.700000,0.932738
3.400000,0.700000,0.447214
3.500000,0.700000,
-3.500000,0.800000,
-3.400000,0.800000,
-3.300000,0.800000,-0.426269
-3.200000,0.800000,-0.394660
-3.100000,0.800000,-0.290588
-3.000000,0.800000,-0.187189
-2.900000,0.800000,-0.098047
-2.800000,0.800000,-0.020656
-2.700000,0.800000,0.046704
-2.600000,0.800000,0.105263
-2.500000,0.800000,0.155933
-2.400000,0.800000,0.199400
-2.300000,0.800000,0.236195
-2.200000,0.800000,0.266724
-2.100000,0.800000,0.291300
-2.000000,0.800000,0.310160
-1.900000,0.800000,0.323478
-1.800000,0.800000,0.331371
-1.700000,0.800000,0.333908
-1.600000,0.800000,0.331112
-1.500000,0.800000,0.322957
-1.400000,0.800000,0.309373
-1.300000,0.800000,0.290240
-1.200000,0.800000,0.265381
-1.100000,0.800000,0.234556
-1.000000,0.800000,0.197447
-0.900000,0.800000,0.153643
-0.800000,0.800000,0.102608
-0.700000,0.800000,0.043644
-0.600000,0.800000,-0.024171
-0.500000,0.800000,-0.102089
-0.400000,0.800000,-0.191857
-0.300000,0.800000,-0.296033
-0.200000,0.800000,-0.418617
-0.100000,0.800000,-0.566526
0.000000,0.800000,-0.482323
0.100000,0.800000,-0.336454
0.200000,0.800000,-0.213928
0.300000,0.800000,-0.108745
0.400000,0.800000,-0.017314
0.500000,0.800000,0.062718
0.600000,0.800000,0.132985
0.700000,0.800000,0.194674
0.800000,0.800000,0.248670
0.900000,0.800000,0.295652
1.000000,0.800000,0.336147
1.100000,0.800000,0.370565
1.200000,0.800000,0.399232
1.300000,0.800000,0.422397
1.400000,0.800000,0.440255
1.500000,0.800000,0.452947
1.600000,0.800000,0.639825
1.700000,0.800000,0.814227
1.800000,0.800000,0.945900
1.900000,0.800000,1.051364
2.000000,0.800000,1.138069
2.100000,0.800000,1.210128
2.200000,0.800000,1.270079
2.300000,0.800000,1.319601
2.400000,0.800000,1.359850
2.500000,0.800000,1.391646
2.600000,0.800000,1.415566
2.700000,0.800000,1.432011
2.800000,0.800000,1.441240
2.900000,0.800000,1.443396
3.000000,0.800000,1.438508
3.100000,0.800000,1.414214
3.200000,0.800000,1.170470
3.300000,0.800000,0.848528
3.400000,0.800000,0.223607
3.500000,0.800000,
-3.500000,0.900000,
-3.400000,0.900000,
-3.300000,0.900000,-0.407484
-3.200000,0.900000,-0.361897
-3.100000,0.900000,-0.322983
-3.000000,0.900000,-0.263655
-2.900000,0.900000,-0.169539
-2.800000,0.900000,-0.088337
-2.700000,0.900000,-0.017983
-2.600000,0.900000,0.042968
-2.500000,0.900000,0.095566
-2.400000,0.900000,0.140593
-2.300000,0.900000,0.178646
-2.200000,0.900000,0.210178
-2.100000,0.900000,0.235536
-2.000000,0.900000,0.254981
-1.900000,0.900000,0.268705
-1.800000,0.900000,0.276836
-1.700000,0.900000,0.279449
-1.600000,0.900000,0.276569
-1.500000,0.900000,0.268168
-1.400000,0.900000,0.254170
-1.300000,0.900000,0.234442
-1.200000,0.900000,0.208791
-1.100000,0.900000,0.176952
-1.000000,0.900000,0.138572
-0.900000,0.900000,0.093191
-0.800000,0.900000,0.040208
-0.700000,0.900000,-0.021173
-0.600000,0.900000,-0.092016
-0.500000,0.900000,-0.173792
-0.400000,0.900000,-0.268604
-0.300000,0.900000,-0.379637
-0.200000,0.900000,-0.512124
-0.100000,0.900000,-0.675852
0.000000,0.900000,-0.549872
0.100000,0.900000,-0.395379
0.200000,0.900000,-0.267178
0.300000,0.900000,-0.157943
0.400000,0.900000,-0.063467
0.500000,0.900000,0.018933
0.600000,0.900000,0.091085
0.700000,0.900000,0.154298
0.800000,0.900000,0.209539
0.900000,0.900000,0.257543
1.000000,0.900000,0.298876
1.100000,0.900000,0.333978
1.200000,0.900000,0.363195
1.300000,0.900000,0.386794
1.400000,0.900000,0.404978
1.500000,0.900000,0.641432
1.600000,0.900000,0.827976
1.700000,0.900000,0.968337
1.800000,0.900000,1.081030
1.900000,0.900000,1.174197
2.000000,0.900000,1.252280
2.100000,0.900000,1.318007
2.200000,0.900000,1.373182
2.300000,0.900000,1.419055
2.400000,0.900000,1.456518
2.500000,0.900000,1.486217
2.600000,0.900000,1.508617
2.700000,0.900000,1.524043
2.800000,0.900000,1.532711
2.900000,0.900000,1.534736
3.000000,0.900000,1.530145
3.100000,0.900000,1.352775
3.200000,0.900000,1.095445
3.300000,0.900000,0.741620
3.400000,0.900000,
3.500000,0.900000,
-3.500000,1.000000,
-3.400000,1.000000,
-3.300000,1.000000,-0.380188
-3.200000,1.000000,-0.335295
-3.100000,1.000000,-0.270275
-3.000000,1.000000,-0.205202
-2.900000,1.000000,-0.152609
-2.800000,1.000000,-0.110820
-2.700000,1.000000,-0.078714
-2.600000,1.000000,-0.028470
-2.500000,1.000000,0.026525
-2.400000,1.000000,0.073478
-2.300000,1.000000,0.113074
-2.200000,1.000000,0.145831
-2.100000,1.000000,0.172141
-2.000000,1.000000,0.192297
-1.900000,1.000000,0.206513
-1.800000,1.000000,0.214932
-1.700000,1.000000,0.217637
-1.600000,1.000000,0.214655
-1.500000,1.000000,0.205957
-1.400000,1.000000,0.191457
-1.300000,1.000000,0.171008
-1.200000,1.000000,0.144392
-1.100000,1.000000,0.111313
-1.000000,1.000000,0.071372
-0.900000,1.000000,0.024046
-0.800000,1.000000,-0.031361
-0.700000,1.000000,-0.095775
-0.600000,1.000000,-0.170466
-0.500000,1.000000,-0.257225
-0.400000,1.000000,-0.358702
-0.300000,1.000000,-0.479105
-0.200000,1.000000,-0.625863
-0.100000,1.000000,-0.814757
0.000000,1.000000,-0.633306
0.100000,1.000000,-0.466759
0.200000,1.000000,-0.330979
0.300000,1.000000,-0.216477
0.400000,1.000000,-0.118113
0.500000,1.000000,-0.032727
0.600000,1.000000,0.041781
0.700000,1.000000,0.106884
0.800000,1.000000,0.163662
0.900000,1.000000,0.212921
1.000000,1.000000,0.255280
1.100000,1.000000,0.291217
1.200000,1.000000,0.321105
1.300000,1.000000,0.345230
1.400000,1.000000,0.609982
1.500000,1.000000,0.816733
1.600000,1.000000,0.969387
1.700000,1.000000,1.091356
1.800000,1.000000,1.192267
1.900000,1.000000,1.277209
2.000000,1.000000,1.349248
2.100000,1.000000,1.410394
2.200000,1.000000,1.462035
2.300000,1.000000,1.505163
2.400000,1.000000,1.540505
2.500000,1.000000,1.568592
2.600000,1.000000,1.589816
2.700000,1.000000,1.604451
2.800000,1.000000,1.612681
2.900000,1.000000,1.614604
3.000000,1.000000,1.500000
3.100000,1.000000,1.280625
3.200000,1.000000,1.004988
3.300000,1.000000,0.600000
3.400000,1.000000,
3.500000,1.000000,
-3.500000,1.100000,
-3.400000,1.100000,
-3.300000,1.100000,-0.287239
-3.200000,1.100000,-0.202528
-3.100000,1.100000,-0.132601
-3.000000,1.100000,-0.074897
-2.900000,1.100000,-0.027734
-2.800000,1.100000,0.010037
-2.700000,1.100000,0.039221
-2.600000,1.100000,0.060374
-2.500000,1.100000,0.073871
-2.400000,1.100000,0.079940
-2.300000,1.100000,0.078679
-2.200000,1.100000,0.072752
-2.100000,1.100000,0.100233
-2.000000,1.100000,0.121261
-1.900000,1.100000,0.136078
-1.800000,1.100000,0.144849
-1.700000,1.100000,0.147666
-1.600000,1.100000,0.144561
-1.500000,1.100000,0.135499
-1.400000,1.100000,0.120385
-1.300000,1.100000,0.099050
-1.200000,1.100000,0.071248
-1.100000,1.100000,0.036636
-1.000000,1.100000,-0.005243
-0.900000,1.100000,-0.055006
-0.800000,1.100000,-0.113475
-0.700000,1.100000,-0.181772
-0.600000,1.100000,-0.261469
-0.500000,1.100000,-0.354859
-0.400000,1.100000,-0.465499
-0.300000,1.100000,-0.599444
-0.200000,1.100000,-0.768708
-0.100000,1.100000,-0.997240
0.000000,1.100000,-0.737549
0.100000,1.100000,-0.553288
0.200000,1.100000,-0.407109
0.300000,1.100000,-0.285651
0.400000,1.100000,-0.182274
0.500000,1.100000,-0.093102
0.600000,1.100000,-0.015646
0.700000,1.100000,0.051805
0.800000,1.100000,0.110476
0.900000,1.100000,0.161274
1.000000,1.100000,0.204886
1.100000,1.100000,0.241839
1.200000,1.100000,0.272539
1.300000,1.100000,0.539491
1.400000,1.100000,0.779387
1.500000,1.100000,0.949123
1.600000,1.100000,1.082906
1.700000,1.100000,1.193117
1.800000,1.100000,1.285933
1.900000,1.100000,1.364966
2.000000,1.100000,1.432532
2.100000,1.100000,1.490216
2.200000,1.100000,1.539143
2.300000,1.100000,1.580139
2.400000,1.100000,1.613817
2.500000,1.100000,1.640634
2.600000,1.100000,1.660925
2.700000,1.100000,1.674931
2.800000,1.100000,1.682812
2.900000,1.100000,1.621727
3.000000,1.100000,1.428286
3.100000,1.100000,1.195826
3.200000,1.100000,0.894427
3.300000,1.100000,0.387298
3.400000,1.100000,
3.500000,1.100000,
-3.500000,1.200000,
-3.400000,1.200000,
-3.300000,1.200000,
-3.200000,1.200000,-0.080772
-3.100000,1.200000,-0.017534
-3.000000,1.200000,0.035157
-2.900000,1.200000,0.078524
-2.800000,1.200000,0.113433
-2.700000,1.200000,0.140504
-2.600000,1.200000,0.160177
-2.500000,1.200000,0.172752
-2.400000,1.200000,0.178411
-2.300000,1.200000,0.177235
-2.200000,1.200000,0.169207
-2.100000,1.200000,0.154212
-2.000000,1.200000,0.132029
-1.900000,1.200000,0.102315
-1.800000,1.200000,0.065517
-1.700000,1.200000,0.068473
-1.600000,1.200000,0.065215
-1.500000,1.200000,0.055703
-1.400000,1.200000,0.039827
-1.300000,1.200000,0.017390
-1.200000,1.200000,-0.011895
-1.100000,1.200000,-0.048432
-1.000000,1.200000,-0.092767
-0.900000,1.200000,-0.145645
-0.800000,1.200000,-0.208081
-0.700000,1.200000,-0.281493
-0.600000,1.200000,-0.367938
-0.500000,1.200000,-0.470567
-0.400000,1.200000,-0.594623
-0.300000,1.200000,-0.750112
-0.200000,1.200000,-0.961768
-0.100000,1.200000,-1.228579
0.000000,1.200000,-0.872245
0.100000,1.200000,-0.659408
0.200000,1.200000,-0.498262
0.300000,1.200000,-0.367343
0.400000,1.200000,-0.257376
0.500000,1.200000,-0.163339
0.600000,1.200000,-0.082151
0.700000,1.200000,-0.011766
0.800000,1.200000,0.049250
0.900000,1.200000,0.101940
1.000000,1.200000,0.147085
1.100000,1.200000,0.185274
1.200000,1.200000,0.409223
1.300000,1.200000,0.711714
1.400000,1.200000,0.906080
1.500000,1.200000,1.055220
1.600000,1.200000,1.176783
1.700000,1.200000,1.278792
1.800000,1.200000,1.365706
1.900000,1.200000,1.440303
2.000000,1.200000,1.504440
2.100000,1.200000,1.559429
2.200000,1.200000,1.606221
2.300000,1.200000,1.645525
2.400000,1.200000,1.677874
2.500000,1.200000,1.703670
2.600000,1.200000,1.723210
2.700000,1.200000,1.736708
2.800000,1.200000,1.723369
2.900000,1.200000,1.549193
3.000000,1.200000,1.345362
3.100000,1.200000,1.095445
3.200000,1.200000,0.754983
3.300000,1.200000,
3.400000,1.200000,
3.500000,1.200000,
-3.500000,1.300000,
-3.400000,1.300000,
-3.300000,1.300000,
-3.200000,1.300000,0.022157
-3.100000,1.300000,0.080644
-3.000000,1.300000,0.129688
-2.900000,1.300000,0.170244
-2.800000,1.300000,0.203006
-2.700000,1.300000,0.228477
-2.600000,1.300000,0.247023
-2.500000,1.300000,0.258892
-2.400000,1.300000,0.264237
-2.300000,1.300000,0.263125
-2.200000,1.300000,0.255544
-2.100000,1.300000,0.241396
-2.000000,1.300000,0.220497
-1.900000,1.300000,0.192561
-1.800000,1.300000,0.157179
-1.700000,1.300000,0.113787
-1.600000,1.300000,0.061613
-1.500000,1.300000,-0.000413
-1.400000,1.300000,-0.051755
-1.300000,1.300000,-0.075592
-1.200000,1.300000,-0.106773
-1.100000,1.300000,-0.145789
-1.000000,1.300000,-0.193321
-0.900000,1.300000,-0.250309
-0.800000,1.300000,-0.318071
-0.700000,1.300000,-0.398522
-0.600000,1.300000,-0.494580
-0.500000,1.300000,-0.611065
-0.400000,1.300000,-0.757015
-0.300000,1.300000,-0.953971
-0.200000,1.300000,-1.306615
-0.100000,1.300000,-1.544426
0.000000,1.300000,-1.062393
0.100000,1.300000,-0.793403
0.200000,1.300000,-0.608829
0.300000,1.300000,-0.464395
0.400000,1.300000,-0.345476
0.500000,1.300000,-0.245037
0.600000,1.300000,-0.159045
0.700000,1.300000,-0.084942
0.800000,1.300000,-0.020988
0.900000,1.300000,0.034053
1.000000,1.300000,0.081086
1.100000,1.300000,0.120792
1.200000,1.300000,0.603227
1.300000,1.300000,0.836660
1.400000,1.300000,1.006679
1.500000,1.300000,1.142515
1.600000,1.300000,1.255509
1.700000,1.300000,1.351494
1.800000,1.300000,1.433942
1.900000,1.300000,1.505111
2.000000,1.300000,1.566561
2.100000,1.300000,1.619414
2.200000,1.300000,1.664499
2.300000,1.300000,1.702441
2.400000,1.300000,1.733715
2.500000,1.300000,1.758681
2.600000,1.300000,1.777609
2.700000,1.300000,1.790692
2.800000,1.300000,1.649242
2.900000,1.300000,1.466288
3.000000,1.300000,1.249000
3.100000,1.300000,0.974679
3.200000,1.300000,0.565685
3.300000,1.300000,
3.400000,1.300000,
3.500000,1.300000,
-3.500000,1.400000,
-3.400000,1.400000,
-3.300000,1.400000,
-3.200000,1.400000,0.110425
-3.100000,1.400000,0.165362
-3.000000,1.400000,0.211636
-2.900000,1.400000,0.250031
-2.800000,1.400000,0.281127
-2.700000,1.400000,0.305349
-2.600000,1.400000,0.323010
-2.500000,1.400000,0.334322
-2.400000,1.400000,0.339419
-2.300000,1.400000,0.338359
-2.200000,1.400000,0.331131
-2.100000,1.400000,0.317649
-2.000000,1.400000,0.297756
-1.900000,1.400000,0.271206
-1.800000,1.400000,0.237650
-1.700000,1.400000,0.196614
-1.600000,1.400000,0.147455
-1.500000,1.400000,0.089304
-1.400000,1.400000,0.020961
-1.300000,1.400000,-0.059273
-1.200000,1.400000,-0.153924
-1.100000,1.400000,-0.258229
-1.000000,1.400000,-0.310092
-0.900000,1.400000,-0.372756
-0.800000,1.400000,-0.448075
-0.700000,1.400000,-0.538898
-0.600000,1.400000,-0.649944
-0.500000,1.400000,-0.790120
-0.400000,1.400000,-0.980841
-0.300000,1.400000,-1.330988
-0.200000,1.400000,-1.650240
-0.100000,1.400000,-1.557273
0.000000,1.400000,-1.476117
0.100000,1.400000,-0.974685
0.200000,1.400000,-0.746866
0.300000,1.400000,-0.581451
0.400000,1.400000,-0.449715
0.500000,1.400000,-0.340531
0.600000,1.400000,-0.248178
0.700000,1.400000,-0.169255
0.800000,1.400000,-0.101554
0.900000,1.400000,-0.043552
1.000000,1.400000,0.005841
1.100000,1.400000,0.422038
1.200000,1.400000,0.733185
1.300000,1.400000,0.933958
1.400000,1.400000,1.088587
1.500000,1.400000,1.215139
1.600000,1.400000,1.321838
1.700000,1.400000,1.413256
1.800000,1.400000,1.492246
1.900000,1.400000,1.560722
2.000000,1.400000,1.620036
2.100000,1.400000,1.671176
2.200000,1.400000,1.714884
2.300000,1.400000,1.751721
2.400000,1.400000,1.782120
2.500000,1.400000,1.806410
2.600000,1.400000,1.824837
2.700000,1.400000,1.732051
2.800000,1.400000,1.565248
2.900000,1.400000,1.371131
3.000000,1.400000,1.135782
3.100000,1.400000,0.824621
3.200000,1.400000,0.223607
3.300000,1.400000,
3.400000,1.400000,
3.500000,1.400000,
-3.500000,1.500000,
-3.400000,1.500000,
-3.300000,1.500000,
-3.200000,1.500000,
-3.100000,1.500000,0.238863
-3.000000,1.500000,0.282973
-2.900000,1.500000,0.319664
-2.800000,1.500000,0.349437
-2.700000,1.500000,0.372663
-2.600000,1.500000,0.389614
-2.500000,1.500000,0.400480
-2.400000,1.500000,0.405378
-2.300000,1.500000,0.404360
-2.200000,1.500000,0.397414
-2.100000,1.500000,0.384468
-2.000000,1.500000,0.365379
-1.900000,1.500000,0.339933
-1.800000,1.500000,0.307823
-1.700000,1.500000,0.268639
-1.600000,1.500000,0.221829
-1.500000,1.500000,0.166656
-1.400000,1.500000,0.102125
-1.300000,1.500000,0.026856
-1.200000,1.500000,-0.061126
-1.100000,1.500000,-0.164808
-1.000000,1.500000,-0.289070
-0.900000,1.500000,-0.442956
-0.800000,1.500000,-0.606399
-0.700000,1.500000,-0.714415
-0.600000,1.500000,-0.853192
-0.500000,1.500000,-1.048003
-0.400000,1.500000,-1.908577
-0.300000,1.500000,-1.780417
-0.200000,1.500000,-1.671310
-0.100000,1.500000,-1.577012
0.000000,1.500000,-1.494824
0.100000,1.500000,-1.290306
0.200000,1.500000,-0.930700
0.300000,1.500000,-0.727084
0.400000,1.500000,-0.575299
0.500000,1.500000,-0.453447
0.600000,1.500000,-0.352298
0.700000,1.500000,-0.266915
0.800000,1.500000,-0.194299
0.900000,1.500000,-0.132476
1.000000,1.500000,-0.080076
1.100000,1.500000,0.576941
1.200000,1.500000,0.830567
1.300000,1.500000,1.011793
1.400000,1.500000,1.155861
1.500000,1.500000,1.275644
1.600000,1.500000,1.377591
1.700000,1.500000,1.465484
1.800000,1.500000,1.541763
1.900000,1.500000,1.608103
2.000000,1.500000,1.665709
2.100000,1.500000,1.715471
2.200000,1.500000,1.758064
2.300000,1.500000,1.794004
2.400000,1.500000,1.823690
2.500000,1.500000,1.847427
2.600000,1.500000,1.800000
2.700000,1.500000,1.646208
2.800000,1.500000,1.469694
2.900000,1.500000,1.260952
3.000000,1.500000,1.000000
3.100000,1.500000,0.624500
3.200000,1.500000,
3.300000,1.500000,
3.400000,1.500000,
3.500000,1.500000,
-3.500000,1.600000,
-3.400000,1.600000,
-3.300000,1.600000,
-3.200000,1.600000,
-3.100000,1.600000,0.282843
-3.000000,1.600000,0.345090
-2.900000,1.600000,0.380415
-2.800000,1.600000,0.409122
-2.700000,1.600000,0.431541
-2.600000,1.600000,0.447917
-2.500000,1.600000,0.458420
-2.400000,1.600000,0.463156
-2.300000,1.600000,0.462171
-2.200000,1.600000,0.455456
-2.100000,1.600000,0.442944
-2.000000,1.600000,0.424508
-1.900000,1.600000,0.399954
-1.800000,1.600000,0.369009
-1.700000,1.600000,0.331307
-1.600000,1.600000,0.286362
-1.500000,1.600000,0.233533
-1.400000,1.600000,0.171962
-1.300000,1.600000,0.100487
-1.200000,1.600000,0.017481
-1.100000,1.600000,-0.079432
-1.000000,1.600000,-0.193945
-0.900000,1.600000,-0.332371
-0.800000,1.600000,-0.507346
-0.700000,1.600000,-0.753706
-0.600000,1.600000,-1.177053
-0.500000,1.600000,-1.805333
-0.400000,1.600000,-1.943532
-0.300000,1.600000,-1.811746
-0.200000,1.600000,-1.700102
-0.100000,1.600000,-1.603923
0.000000,1.600000,-1.520288
0.100000,1.600000,-1.447229
0.200000,1.600000,-1.233478
0.300000,1.600000,-0.921079
0.400000,1.600000,-0.732093
0.500000,1.600000,-0.589962
0.600000,1.600000,-0.475784
0.700000,1.600000,-0.381284
0.800000,1.600000,-0.301954
0.900000,1.600000,-0.235029
1.000000,1.600000,0.287132
1.100000,1.600000,0.682263
1.200000,1.600000,0.906197
1.300000,1.600000,1.074487
1.400000,1.600000,1.210987
1.500000,1.600000,1.325717
1.600000,1.600000,1.424029
1.700000,1.600000,1.509181
1.800000,1.600000,1.583327
1.900000,1.600000,1.647974
2.000000,1.600000,1.704215
2.100000,1.600000,1.752871
2.200000,1.600000,1.794565
2.300000,1.600000,1.829781
2.400000,1.600000,1.858889
2.500000,1.600000,1.854724
2.600000,1.600000,1.711724
2.700000,1.600000,1.549193
2.800000,1.600000,1.360147
2.900000,1.600000,1.131371
3.000000,1.600000,0.830662
3.100000,1.600000,0.282843
3.200000,1.600000,
3.300000,1.600000,
3.400000,1.600000,
3.500000,1.600000,
-3.500000,1.700000,
-3.400000,1.700000,
-3.300000,1.700000,
-3.200000,1.700000,
-3.100000,1.700000,
-3.000000,1.700000,0.399007
-2.900000,1.700000,0.433226
-2.800000,1.700000,0.461065
-2.700000,1.700000,0.482827
-2.600000,1.700000,0.498733
-2.500000,1.700000,0.508939
-2.400000,1.700000,0.513542
-2.300000,1.700000,0.512584
-2.200000,1.700000,0.506058
-2.100000,1.700000,0.493902
-2.000000,1.700000,0.475998
-1.900000,1.700000,0.452171
-1.800000,1.700000,0.422172
-1.700000,1.700000,0.385669
-1.600000,1.700000,0.342224
-1.500000,1.700000,0.291266
-1.400000,1.700000,0.232037
-1.300000,1.700000,0.163526
-1.200000,1.700000,0.084341
-1.100000,1.700000,-0.007498
-1.000000,1.700000,-0.114962
-0.900000,1.700000,-0.242864
-0.800000,1.700000,-0.400001
-0.700000,1.700000,-0.606331
-0.600000,1.700000,-0.940809
-0.500000,1.700000,-1.884714
-0.400000,1.700000,-1.989025
-0.300000,1.700000,-1.852218
-0.200000,1.700000,-1.737124
-0.100000,1.700000,-1.638419
0.000000,1.700000,-1.552853
0.100000,1.700000,-1.478278
0.200000,1.700000,-1.413191
0.300000,1.700000,-1.246957
0.400000,1.700000,-0.944161
0.500000,1.700000,-0.762371
0.600000,1.700000,-0.626439
0.700000,1.700000,-0.517943
0.800000,1.700000,-0.428833
0.900000,1.700000,-0.354736
1.000000,1.700000,0.444163
1.100000,1.700000,0.759543
1.200000,1.700000,0.965318
1.300000,1.700000,1.124625
1.400000,1.700000,1.255593
1.500000,1.700000,1.366523
1.600000,1.700000,1.462053
1.700000,1.700000,1.545082
1.800000,1.700000,1.617561
1.900000,1.700000,1.680875
2.000000,1.700000,1.736037
2.100000,1.700000,1.783815
2.200000,1.700000,1.824794
2.300000,1.700000,1.859430
2.400000,1.700000,1.888076
2.500000,1.700000,1.763519
2.600000,1.700000,1.612452
2.700000,1.700000,1.438749
2.800000,1.700000,1.232883
2.900000,1.700000,0.974679
3.000000,1.700000,0.600000
3.100000,1.700000,
3.200000,1.700000,
3.300000,1.700000,
3.400000,1.700000,
3.500000,1.700000,
-3.500000,1.800000,
-3.400000,1.800000,
-3.300000,1.800000,
-3.200000,1.800000,
-3.100000,1.800000,
-3.000000,1.800000,0.100000
-2.900000,1.800000,0.478808
-2.800000,1.800000,0.505940
-2.700000,1.800000,0.527164
-2.600000,1.800000,0.542684
-2.500000,1.800000,0.552646
-2.400000,1.800000,0.557140
-2.300000,1.800000,0.556205
-2.200000,1.800000,0.549834
-2.100000,1.800000,0.537969
-2.000000,1.800000,0.520503
-1.900000,1.800000,0.497270
-1.800000,1.800000,0.468042
-1.700000,1.800000,0.432513
-1.600000,1.800000,0.390282
-1.500000,1.800000,0.340829
-1.400000,1.800000,0.283471
-1.300000,1.800000,0.217303
-1.200000,1.800000,0.141103
-1.100000,1.800000,0.053160
-1.000000,1.800000,-0.049027
-0.900000,1.800000,-0.169357
-0.800000,1.800000,-0.314543
-0.700000,1.800000,-0.498193
-0.600000,1.800000,-0.759025
-0.500000,1.800000,-2.226645
-0.400000,1.800000,-2.046488
-0.300000,1.800000,-1.902800
-0.200000,1.800000,-1.783099
-0.100000,1.800000,-1.681071
0.000000,1.800000,-1.592996
0.100000,1.800000,-1.516467
0.200000,1.800000,-1.449824
0.300000,1.800000,-1.391874
0.400000,1.800000,-1.341732
0.500000,1.800000,-1.004138
0.600000,1.800000,-0.821094
0.700000,1.800000,-0.687520
0.800000,1.800000,-0.582532
0.900000,1.800000,-0.497477
1.000000,1.800000,0.537969
1.100000,1.800000,0.816994
1.200000,1.800000,1.010892
1.300000,1.800000,1.163862
1.400000,1.800000,1.290788
1.500000,1.800000,1.398887
1.600000,1.800000,1.492317
1.700000,1.800000,1.573727
1.800000,1.800000,1.644929
1.900000,1.800000,1.707214
2.000000,1.800000,1.761542
2.100000,1.800000,1.808638
2.200000,1.800000,1.849061
2.300000,1.800000,1.883245
2.400000,1.800000,1.802776
2.500000,1.800000,1.661325
2.600000,1.800000,1.500000
2.700000,1.800000,1.311488
2.800000,1.800000,1.081665
2.900000,1.800000,0.774597
3.000000,1.800000,0.100000
3.100000,1.800000,
3.200000,1.800000,
3.300000,1.800000,
3.400000,1.800000,
3.500000,1.800000,
-3.500000,1.900000,
-3.400000,1.900000,
-3.300000,1.900000,
-3.200000,1.900000,
-3.100000,1.900000,
-3.000000,1.900000,
-2.900000,1.900000,0.479583
-2.800000,1.900000,0.544267
-2.700000,1.900000,0.565051
-2.600000,1.900000,0.580256
-2.500000,1.900000,0.590019
-2.400000,1.900000,0.594424
-2.300000,1.900000,0.593508
-2.200000,1.900000,0.587263
-2.100000,1.900000,0.575637
-2.000000,1.900000,0.558527
-1.900000,1.900000,0.535778
-1.800000,1.900000,0.507178
-1.700000,1.900000,0.472439
-1.600000,1.900000,0.431190
-1.500000,1.900000,0.382949
-1.400000,1.900000,0.327088
-1.300000,1.900000,0.262784
-1.200000,1.900000,0.188934
-1.100000,1.900000,0.104018
-1.000000,1.900000,0.005857
-0.900000,1.900000,-0.108854
-0.800000,1.900000,-0.245570
-0.700000,1.900000,-0.414577
-0.600000,1.900000,-0.640731
-0.500000,1.900000,-1.054196
-0.400000,1.900000,-2.118137
-0.300000,1.900000,-1.964909
-0.200000,1.900000,-1.839046
-0.100000,1.900000,-1.732674
0.000000,1.900000,-1.641366
0.100000,1.900000,-1.562344
0.200000,1.900000,-1.493734
0.300000,1.900000,-1.434207
0.400000,1.900000,-1.382790
0.500000,1.900000,-1.338751
0.600000,1.900000,-1.116323
0.700000,1.900000,-0.916218
0.800000,1.900000,-0.779089
0.900000,1.900000,-0.674547
1.000000,1.900000,0.600155
1.100000,1.900000,0.858707
1.200000,1.900000,1.044732
1.300000,1.900000,1.193294
1.400000,1.900000,1.317340
1.500000,1.900000,1.423393
1.600000,1.900000,1.515291
1.700000,1.900000,1.595514
1.800000,1.900000,1.665772
1.900000,1.900000,1.727297
2.000000,1.900000,1.781005
2.100000,1.900000,1.827593
2.200000,1.900000,1.867601
2.300000,1.900000,1.830301
2.400000,1.900000,1.697056
2.500000,1.900000,1.545962
2.600000,1.900000,1.371131
2.700000,1.900000,1.161895
2.800000,1.900000,0.894427
2.900000,1.900000,0.479583
3.000000,1.900000,
3.100000,1.900000,
3.200000,1.900000,
3.300000,1.900000,
3.400000,1.900000,
3.500000,1.900000,
-3.500000,2.000000,
-3.400000,2.000000,
-3.300000,2.000000,
-3.200000,2.000000,
-3.100000,2.000000,
-3.000000,2.000000,
-2.900000,2.000000,
-2.800000,2.000000,0.576448
-2.700000,2.000000,0.596877
-2.600000,2.000000,0.611828
-2.500000,2.000000,0.621429
-2.400000,2.000000,0.625762
-2.300000,2.000000,0.624861
-2.200000,2.000000,0.618719
-2.100000,2.000000,0.607286
-2.000000,2.000000,0.590464
-1.900000,2.000000,0.568107
-1.800000,2.000000,0.540013
-1.700000,2.000000,0.505911
-1.600000,2.000000,0.465450
-1.500000,2.000000,0.418178
-1.400000,2.000000,0.363510
-1.300000,2.000000,0.300682
-1.200000,2.000000,0.228679
-1.100000,2.000000,0.146120
-1.000000,2.000000,0.051052
-0.900000,2.000000,-0.059429
-0.800000,2.000000,-0.189968
-0.700000,2.000000,-0.348903
-0.600000,2.000000,-0.554491
-0.500000,2.000000,-0.870938
-0.400000,2.000000,-2.207589
-0.300000,2.000000,-2.040671
-0.200000,2.000000,-1.906430
-0.100000,2.000000,-1.794331
0.000000,2.000000,-1.698846
0.100000,2.000000,-1.616649
0.200000,2.000000,-1.545558
0.300000,2.000000,-1.484058
0.400000,2.000000,-1.431056
0.500000,2.000000,-1.385738
0.600000,2.000000,-1.347491
0.700000,2.000000,-1.315846
0.800000,2.000000,-1.069214
0.900000,2.000000,-0.914347
1.000000,2.000000,0.640328
1.100000,2.000000,0.886962
1.200000,2.000000,1.067977
1.300000,2.000000,1.213645
1.400000,2.000000,1.335772
1.500000,2.000000,1.440449
1.600000,2.000000,1.531309
1.700000,2.000000,1.610723
1.800000,2.000000,1.680337
1.900000,2.000000,1.741341
2.000000,2.000000,1.794624
2.100000,2.000000,1.840863
2.200000,2.000000,1.846619
2.300000,2.000000,1.720465
2.400000,2.000000,1.577973
2.500000,2.000000,1.414214
2.600000,2.000000,1.220656
2.700000,2.000000,0.979796
2.800000,2.000000,0.640312
2.900000,2.000000,
3.000000,2.000000,
3.100000,2.000000,
3.200000,2.000000,
3.300000,2.000000,
3.400000,2.000000,
3.500000,2.000000,
-3.500000,2.100000,
-3.400000,2.100000,
-3.300000,2.100000,
-3.200000,2.100000,
-3.100000,2.100000,
-3.000000,2.100000,
-2.900000,2.100000,
-2.800000,2.100000,
-2.700000,2.100000,0.622947
-2.600000,2.100000,0.637695
-2.500000,2.100000,0.647168
-2.400000,2.100000,0.651442
-2.300000,2.100000,0.650553
-2.200000,2.100000,0.644493
-2.100000,2.100000,0.633213
-2.000000,2.100000,0.616621
-1.900000,2.100000,0.594575
-1.800000,2.100000,0.566882
-1.700000,2.100000,0.533283
-1.600000,2.100000,0.493444
-1.500000,2.100000,0.446936
-1.400000,2.100000,0.393204
-1.300000,2.100000,0.331529
-1.200000,2.100000,0.260962
-1.100000,2.100000,0.180221
-1.000000,2.100000,0.087513
-0.900000,2.100000,-0.019785
-0.800000,2.100000,-0.145781
-0.700000,2.100000,-0.297592
-0.600000,2.100000,-0.489835
-0.500000,2.100000,-0.765451
-0.400000,2.100000,-2.321382
-0.300000,2.100000,-2.133471
-0.200000,2.100000,-1.987427
-0.100000,2.100000,-1.867615
0.000000,2.100000,-1.766661
0.100000,2.100000,-1.680384
0.200000,2.100000,-1.606149
0.300000,2.100000,-1.542174
0.400000,2.100000,-1.487198
0.500000,2.100000,-1.440298
0.600000,2.100000,-1.400784
0.700000,2.100000,-1.368135
0.800000,2.100000,-1.341957
0.900000,2.100000,0.179697
1.000000,2.100000,0.662638
1.100000,2.100000,0.903053
1.200000,2.100000,1.081323
1.300000,2.100000,1.225378
1.400000,2.100000,1.346424
1.500000,2.100000,1.450320
1.600000,2.100000,1.540590
1.700000,2.100000,1.619543
1.800000,2.100000,1.688789
1.900000,2.100000,1.749495
2.000000,2.100000,1.802534
2.100000,2.100000,1.848573
2.200000,2.100000,1.732051
2.300000,2.100000,1.596872
2.400000,2.100000,1.442221
2.500000,2.100000,1.260952
2.600000,2.100000,1.039230
2.700000,2.100000,0.741620
2.800000,2.100000,
2.900000,2.100000,
3.000000,2.100000,
3.100000,2.100000,
3.200000,2.100000,
3.300000,2.100000,
3.400000,2.100000,
3.500000,2.100000,
-3.500000,2.200000,
-3.400000,2.200000,
-3.300000,2.200000,
-3.200000,2.200000,
-3.100000,2.200000,
-3.000000,2.200000,
-2.900000,2.200000,
-2.800000,2.200000,
-2.700000,2.200000,0.346410
-2.600000,2.200000,0.658084
-2.500000,2.200000,0.667458
-2.400000,2.200000,0.671688
-2.300000,2.200000,0.670809
-2.200000,2.200000,0.664811
-2.100000,2.200000,0.653650
-2.000000,2.200000,0.637233
-1.900000,2.200000,0.615427
-1.800000,2.200000,0.588041
-1.700000,2.200000,0.554828
-1.600000,2.200000,0.515466
-1.500000,2.200000,0.469541
-1.400000,2.200000,0.416522
-1.300000,2.200000,0.355723
-1.200000,2.200000,0.286241
-1.100000,2.200000,0.206867
-1.000000,2.200000,0.115921
-0.900000,2.200000,0.010974
-0.800000,2.200000,-0.111720
-0.700000,2.200000,-0.258491
-0.600000,2.200000,-0.441793
-0.500000,2.200000,-0.694617
-0.400000,2.200000,-2.473792
-0.300000,2.200000,-2.249220
-0.200000,2.200000,-2.085464
-0.100000,2.200000,-1.954862
0.000000,2.200000,-1.846559
0.100000,2.200000,-1.754943
0.200000,2.200000,-1.676668
0.300000,2.200000,-1.609555
0.400000,2.200000,-1.552101
0.500000,2.200000,-1.503231
0.600000,2.200000,-1.462149
0.700000,2.200000,-1.428263
0.800000,2.200000,-1.392260
0.900000,2.200000,0.203532
1.000000,2.200000,0.668934
1.100000,2.200000,0.907643
1.200000,2.200000,1.085144
1.300000,2.200000,1.228743
1.400000,2.200000,1.349482
1.500000,2.200000,1.453157
1.600000,2.200000,1.543258
1.700000,2.200000,1.622080
1.800000,2.200000,1.691221
1.900000,2.200000,1.751841
2.000000,2.200000,1.804810
2.100000,2.200000,1.732051
2.200000,2.200000,1.603122
2.300000,2.200000,1.456022
2.400000,2.200000,1.284523
2.500000,2.200000,1.077033
2.600000,2.200000,0.806226
2.700000,2.200000,0.346410
2.800000,2.200000,
2.900000,2.200000,
3.000000,2.200000,
3.100000,2.200000,
3.200000,2.200000,
3.300000,2.200000,
3.400000,2.200000,
3.500000,2.200000,
-3.500000,2.300000,
-3.400000,2.300000,
-3.300000,2.300000,
-3.200000,2.300000,
-3.100000,2.300000,
-3.000000,2.300000,
-2.900000,2.300000,
-2.800000,2.300000,
-2.700000,2.300000,
-2.600000,2.300000,0.447214
-2.500000,2.300000,0.682469
-2.400000,2.300000,0.686667
-2.300000,2.300000,0.685794
-2.200000,2.300000,0.679842
-2.100000,2.300000,0.668766
-2.000000,2.300000,0.652478
-1.900000,2.300000,0.630845
-1.800000,2.300000,0.603683
-1.700000,2.300000,0.570749
-1.600000,2.300000,0.531732
-1.500000,2.300000,0.486228
-1.400000,2.300000,0.433723
-1.300000,2.300000,0.373554
-1.200000,2.300000,0.304851
-1.100000,2.300000,0.226453
-1.000000,2.300000,0.136759
-0.900000,2.300000,0.033469
-0.800000,2.300000,-0.086923
-0.700000,2.300000,-0.230244
-0.600000,2.300000,-0.407638
-0.500000,2.300000,-0.646828
-0.400000,2.300000,-1.124671
-0.300000,2.300000,-2.400090
-0.200000,2.300000,-2.206472
-0.100000,2.300000,-2.059759
0.000000,2.300000,-1.941151
0.100000,2.300000,-1.842330
0.200000,2.300000,-1.758742
0.300000,2.300000,-1.687576
0.400000,2.300000,-1.626966
0.500000,2.300000,-1.566101
0.600000,2.300000,-1.495201
0.700000,2.300000,-1.433056
0.800000,2.300000,-1.378740
0.900000,2.300000,0.167297
1.000000,2.300000,0.659690
1.100000,2.300000,0.900911
1.200000,2.300000,1.079542
1.300000,2.300000,1.223810
1.400000,2.300000,1.345000
1.500000,2.300000,1.449000
1.600000,2.300000,1.539348
1.700000,2.300000,1.618363
1.800000,2.300000,1.687658
1.900000,2.300000,1.748403
2.000000,2.300000,1.720465
2.100000,2.300000,1.596872
2.200000,2.300000,1.456022
2.300000,2.300000,1.292285
2.400000,2.300000,1.095445
2.500000,2.300000,0.842615
2.600000,2.300000,0.447214
2.700000,2.300000,
2.800000,2.300000,
2.900000,2.300000,
3.000000,2.300000,
3.100000,2.300000,
3.200000,2.300000,
3.300000,2.300000,
3.400000,2.300000,
3.500000,2.300000,
-3.500000,2.400000,
-3.400000,2.400000,
-3.300000,2.400000,
-3.200000,2.400000,
-3.100000,2.400000,
-3.000000,2.400000,
-2.900000,2.400000,
-2.800000,2.400000,
-2.700000,2.400000,
-2.600000,2.400000,
-2.500000,2.400000,0.489898
-2.400000,2.400000,0.696498
-2.300000,2.400000,0.695629
-2.200000,2.400000,0.689707
-2.100000,2.400000,0.678687
-2.000000,2.400000,0.662481
-1.900000,2.400000,0.640960
-1.800000,2.400000,0.613942
-1.700000,2.400000,0.581190
-1.600000,2.400000,0.542395
-1.500000,2.400000,0.497163
-1.400000,2.400000,0.444990
-1.300000,2.400000,0.385226
-1.200000,2.400000,0.317023
-1.100000,2.400000,0.239251
-1.000000,2.400000,0.150355
-0.900000,2.400000,0.048118
-0.800000,2.400000,-0.070823
-0.700000,2.400000,-0.211996
-0.600000,2.400000,-0.385790
-0.500000,2.400000,-0.617133
-0.400000,2.400000,-1.031548
-0.300000,2.400000,
-0.200000,2.400000,-2.362496
-0.100000,2.400000,-2.188741
0.000000,2.400000,-2.054623
0.100000,2.400000,-1.945591
0.200000,2.400000,-1.835885
0.300000,2.400000,-1.729838
0.400000,2.400000,-1.637821
0.500000,2.400000,-1.557392
0.600000,2.400000,-1.486864
0.700000,2.400000,-1.425020
0.800000,2.400000,-1.370951
0.900000,2.400000,-1.323963
1.000000,2.400000,0.634203
1.100000,2.400000,0.882593
1.200000,2.400000,1.064366
1.300000,2.400000,1.210477
1.400000,2.400000,1.332899
1.500000,2.400000,1.437788
1.600000,2.400000,1.528808
1.700000,2.400000,1.608348
1.800000,2.400000,1.678062
1.900000,2.400000,1.697056
2.000000,2.400000,1.577973
2.100000,2.400000,1.442221
2.200000,2.400000,1.284523
2.300000,2.400000,1.095445
2.400000,2.400000,0.854400
2.500000,2.400000,0.489898
2.600000,2.400000,
2.700000,2.400000,
2.800000,2.400000,
2.900000,2.400000,
3.000000,2.400000,
3.100000,2.400000,
3.200000,2.400000,
3.300000,2.400000,
3.400000,2.400000,
3.500000,2.400000,
-3.500000,2.500000,
-3.400000,2.500000,
-3.300000,2.500000,
-3.200000,2.500000,
-3.100000,2.500000,
-3.000000,2.500000,
-2.900000,2.500000,
-2.800000,2.500000,
-2.700000,2.500000,
-2.600000,2.500000,
-2.500000,2.500000,
-2.400000,2.500000,0.489898
-2.300000,2.500000,0.700390
-2.200000,2.500000,0.694482
-2.100000,2.500000,0.683488
-2.000000,2.500000,0.667323
-1.900000,2.500000,0.645855
-1.800000,2.500000,0.618907
-1.700000,2.500000,0.586242
-1.600000,2.500000,0.547554
-1.500000,2.500000,0.502452
-1.400000,2.500000,0.450438
-1.300000,2.500000,0.390868
-1.200000,2.500000,0.322904
-1.100000,2.500000,0.245430
-1.000000,2.500000,0.156915
-0.900000,2.500000,0.055177
-0.800000,2.500000,-0.063077
-0.700000,2.500000,-0.203240
-0.600000,2.500000,-0.375364
-0.500000,2.500000,-0.603170
-0.400000,2.500000,-0.996900
-0.300000,2.500000,
-0.200000,2.500000,
-0.100000,2.500000,-2.287849
0.000000,2.500000,-2.104049
0.100000,2.500000,-1.956528
0.200000,2.500000,-1.832994
0.300000,2.500000,-1.727163
0.400000,2.500000,-1.635309
0.500000,2.500000,-1.555007
0.600000,2.500000,-1.484580
0.700000,2.500000,-1.422818
0.800000,2.500000,-1.368816
0.900000,2.500000,-1.321883
1.000000,2.500000,0.590295
1.100000,2.500000,0.851922
1.200000,2.500000,1.039188
1.300000,2.500000,1.188455
1.400000,2.500000,1.312966
1.500000,2.500000,1.419352
1.600000,2.500000,1.511498
1.700000,2.500000,1.591915
1.800000,2.500000,1.661325
1.900000,2.500000,1.545962
2.000000,2.500000,1.414214
2.100000,2.500000,1.260952
2.200000,2.500000,1.077033
2.300000,2.500000,0.842615
2.400000,2.500000,0.489898
2.500000,2.500000,
2.600000,2.500000,
2.700000,2.500000,
2.800000,2.500000,
2.900000,2.500000,
3.000000,2.500000,
3.100000,2.500000,
3.200000,2.500000,
3.300000,2.500000,
3.400000,2.500000,
3.500000,2.500000,
-3.500000,2.600000,
-3.400000,2.600000,
-3.300000,2.600000,
-3.200000,2.600000,
-3.100000,2.600000,
-3.000000,2.600000,
-2.900000,2.600000,
-2.800000,2.600000,
-2.700000,2.600000,
-2.600000,2.600000,
-2.500000,2.600000,
-2.400000,2.600000,
-2.300000,2.600000,0.447214
-2.200000,2.600000,0.694205
-2.100000,2.600000,0.683209
-2.000000,2.600000,0.667041
-1.900000,2.600000,0.645571
-1.800000,2.600000,0.618619
-1.700000,2.600000,0.585948
-1.600000,2.600000,0.547254
-1.500000,2.600000,0.502145
-1.400000,2.600000,0.450121
-1.300000,2.600000,0.390540
-1.200000,2.600000,0.322563
-1.100000,2.600000,0.245071
-1.000000,2.600000,0.156534
-0.900000,2.600000,0.054768
-0.800000,2.600000,-0.063526
-0.700000,2.600000,-0.203748
-0.600000,2.600000,-0.375967
-0.500000,2.600000,-0.603974
-0.400000,2.600000,-0.998801
-0.300000,2.600000,
-0.200000,2.600000,
-0.100000,2.600000,-2.295123
0.000000,2.600000,-2.110030
0.100000,2.600000,-1.961764
0.200000,2.600000,-1.837735
0.300000,2.600000,-1.731549
0.400000,2.600000,-1.639427
0.500000,2.600000,-1.558916
0.600000,2.600000,-1.488324
0.700000,2.600000,-1.426427
0.800000,2.600000,-1.372315
0.900000,2.600000,-1.325292
1.000000,2.600000,0.523152
1.100000,2.600000,0.807454
1.200000,2.600000,1.003238
1.300000,2.600000,1.157240
1.400000,2.600000,1.284831
1.500000,2.600000,1.393399
1.600000,2.600000,1.487179
1.700000,2.600000,1.568860
1.800000,2.600000,1.500000
1.900000,2.600000,1.371131
2.000000,2.600000,1.220656
2.100000,2.600000,1.039230
2.200000,2.600000,0.806226
2.300000,2.600000,0.447214
2.400000,2.600000,
2.500000,2.600000,
2.600000,2.600000,
2.700000,2.600000,
2.800000,2.600000,
2.900000,2.600000,
3.000000,2.600000,
3.100000,2.600000,
3.200000,2.600000,
3.300000,2.600000,
3.400000,2.600000,
3.500000,2.600000,
-3.500000,2.700000,
-3.400000,2.700000,
-3.300000,2.700000,
-3.200000,2.700000,
-3.100000,2.700000,
-3.000000,2.700000,
-2.900000,2.700000,
-2.800000,2.700000,
-2.700000,2.700000,
-2.600000,2.700000,
-2.500000,2.700000,
-2.400000,2.700000,
-2.300000,2.700000,
-2.200000,2.700000,0.346410
-2.100000,2.700000,0.677847
-2.000000,2.700000,0.661635
-1.900000,2.700000,0.640104
-1.800000,2.700000,0.613075
-1.700000,2.700000,0.580307
-1.600000,2.700000,0.541493
-1.500000,2.700000,0.496239
-1.400000,2.700000,0.444038
-1.300000,2.700000,0.384240
-1.200000,2.700000,0.315995
-1.100000,2.700000,0.238170
-1.000000,2.700000,0.149207
-0.900000,2.700000,0.046882
-0.800000,2.700000,-0.072179
-0.700000,2.700000,-0.213531
-0.600000,2.700000,-0.387622
-0.500000,2.700000,-0.619599
-0.400000,2.700000,-1.038088
-0.300000,2.700000,
-0.200000,2.700000,
-0.100000,2.700000,
0.000000,2.700000,-2.125810
0.100000,2.700000,-1.975541
0.200000,2.700000,-1.850192
0.300000,2.700000,-1.743062
0.400000,2.700000,-1.650231
0.500000,2.700000,-1.569168
0.600000,2.700000,-1.498137
0.700000,2.700000,-1.435884
0.800000,2.700000,-1.381482
0.900000,2.700000,-1.334221
1.000000,2.700000,0.421235
1.100000,2.700000,0.746655
1.200000,2.700000,0.955274
1.300000,2.700000,1.116044
1.400000,2.700000,1.247928
1.500000,2.700000,1.359494
1.600000,2.700000,1.455492
1.700000,2.700000,1.438749
1.800000,2.700000,1.311488
1.900000,2.700000,1.161895
2.000000,2.700000,0.979796
2.100000,2.700000,0.741620
2.200000,2.700000,0.346410
2.300000,2.700000,
2.400000,2.700000,
2.500000,2.700000,
2.600000,2.700000,
2.700000,2.700000,
2.800000,2.700000,
2.900000,2.700000,
3.000000,2.700000,
3.100000,2.700000,
3.200000,2.700000,
3.300000,2.700000,
3.400000,2.700000,
3.500000,2.700000,
-3.500000,2.800000,
-3.400000,2.800000,
-3.300000,2.800000,
-3.200000,2.800000,
-3.100000,2.800000,
-3.000000,2.800000,
-2.900000,2.800000,
-2.800000,2.800000,
-2.700000,2.800000,
-2.600000,2.800000,
-2.500000,2.800000,
-2.400000,2.800000,
-2.300000,2.800000,
-2.200000,2.800000,
-2.100000,2.800000,
-2.000000,2.800000,0.640312
-1.900000,2.800000,0.629411
-1.800000,2.800000,0.602228
-1.700000,2.800000,0.569269
-1.600000,2.800000,0.530220
-1.500000,2.800000,0.484677
-1.400000,2.800000,0.432125
-1.300000,2.800000,0.371898
-1.200000,2.800000,0.303123
-1.100000,2.800000,0.224636
-1.000000,2.800000,0.134827
-0.900000,2.800000,0.031386
-0.800000,2.800000,-0.089215
-0.700000,2.800000,-0.232848
-0.600000,2.800000,-0.410769
-0.500000,2.800000,-0.651136
-0.400000,2.800000,-1.142595
-0.300000,2.800000,
-0.200000,2.800000,
-0.100000,2.800000,
0.000000,2.800000,
0.100000,2.800000,-1.998168
0.200000,2.800000,-1.870592
0.300000,2.800000,-1.761882
0.400000,2.800000,-1.667867
0.500000,2.800000,-1.585887
0.600000,2.800000,-1.514127
0.700000,2.800000,-1.451287
0.800000,2.800000,-1.396405
0.900000,2.800000,-1.348752
1.000000,2.800000,0.240444
1.100000,2.800000,0.664912
1.200000,2.800000,0.893314
1.300000,2.800000,1.063686
1.400000,2.800000,1.201436
1.500000,2.800000,1.317012
1.600000,2.800000,1.360147
1.700000,2.800000,1.232883
1.800000,2.800000,1.081665
1.900000,2.800000,0.894427
2.000000,2.800000,0.640312
2.100000,2.800000,
2.200000,2.800000,
2.300000,2.800000,
2.400000,2.800000,
2.500000,2.800000,
2.600000,2.800000,
2.700000,2.800000,
2.800000,2.800000,
2.900000,2.800000,
3.000000,2.800000,
3.100000,2.800000,
3.200000,2.800000,
3.300000,2.800000,
3.400000,2.800000,
3.500000,2.800000,
-3.500000,2.900000,
-3.400000,2.900000,
-3.300000,2.900000,
-3.200000,2.900000,
-3.100000,2.900000,
-3.000000,2.900000,
-2.900000,2.900000,
-2.800000,2.900000,
-2.700000,2.900000,
-2.600000,2.900000,
-2.500000,2.900000,
-2.400000,2.900000,
-2.300000,2.900000,
-2.200000,2.900000,
-2.100000,2.900000,
-2.000000,2.900000,
-1.900000,2.900000,0.479583
-1.800000,2.900000,0.585988
-1.700000,2.900000,0.552738
-1.600000,2.900000,0.513330
-1.500000,2.900000,0.467349
-1.400000,2.900000,0.414261
-1.300000,2.900000,0.353378
-1.200000,2.900000,0.283793
-1.100000,2.900000,0.204289
-1.000000,2.900000,0.113175
-0.900000,2.900000,0.008006
-0.800000,2.900000,-0.114998
-0.700000,2.900000,-0.262239
-0.600000,2.900000,-0.446358
-0.500000,2.900000,-0.701149
-0.400000,2.900000,
-0.300000,2.900000,
-0.200000,2.900000,
-0.100000,2.900000,
0.000000,2.900000,
0.100000,2.900000,
0.200000,2.900000,-1.899324
0.300000,2.900000,-1.788310
0.400000,2.900000,-1.692584
0.500000,2.900000,-1.609285
0.600000,2.900000,-1.536481
0.700000,2.900000,-1.472800
0.800000,2.900000,-1.417235
0.900000,2.900000,-1.369023
1.000000,2.900000,-1.327579
1.100000,2.900000,0.552645
1.200000,2.900000,0.814083
1.300000,2.900000,0.998371
1.400000,2.900000,1.144164
1.500000,2.900000,1.260952
1.600000,2.900000,1.131371
1.700000,2.900000,0.974679
1.800000,2.900000,0.774597
1.900000,2.900000,0.479583
2.000000,2.900000,
2.100000,2.900000,
2.200000,2.900000,
2.300000,2.900000,
2.400000,2.900000,
2.500000,2.900000,
2.600000,2.900000,
2.700000,2.900000,
2.800000,2.900000,
2.900000,2.900000,
3.000000,2.900000,
3.100000,2.900000,
3.200000,2.900000,
3.300000,2.900000,
3.400000,2.900000,
3.500000,2.900000,
-3.500000,3.000000,
-3.400000,3.000000,
-3.300000,3.000000,
-3.200000,3.000000,
-3.100000,3.000000,
-3.000000,3.000000,
-2.900000,3.000000,
-2.800000,3.000000,
-2.700000,3.000000,
-2.600000,3.000000,
-2.500000,3.000000,
-2.400000,3.000000,
-2.300000,3.000000,
-2.200000,3.000000,
-2.100000,3.000000,
-2.000000,3.000000,
-1.900000,3.000000,
-1.800000,3.000000,0.100000
-1.700000,3.000000,0.530563
-1.600000,3.000000,0.490663
-1.500000,3.000000,0.444080
-1.400000,3.000000,0.390257
-1.300000,3.000000,0.328469
-1.200000,3.000000,0.257763
-1.100000,3.000000,0.176845
-1.000000,3.000000,0.083909
-0.900000,3.000000,-0.023695
-0.800000,3.000000,-0.150124
-0.700000,3.000000,-0.302605
-0.600000,3.000000,-0.496065
-0.500000,3.000000,-0.775025
-0.400000,3.000000,
-0.300000,3.000000,
-0.200000,3.000000,
-0.100000,3.000000,
0.000000,3.000000,
0.100000,3.000000,
0.200000,3.000000,
0.300000,3.000000,
0.400000,3.000000,-1.724752
0.500000,3.000000,-1.639672
0.600000,3.000000,-1.565467
0.700000,3.000000,-1.500664
0.800000,3.000000,-1.444188
0.900000,3.000000,-1.395233
1.000000,3.000000,-1.353183
1.100000,3.000000,0.382418
1.200000,3.000000,0.711661
1.300000,3.000000,0.917272
1.400000,3.000000,1.074354
1.500000,3.000000,1.000000
1.600000,3.000000,0.830662
1.700000,3.000000,0.600000
1.800000,3.000000,0.100000
1.900000,3.000000,
2.000000,3.000000,
2.100000,3.000000,
2.200000,3.000000,
2.300000,3.000000,
2.400000,3.000000,
2.500000,3.000000,
2.600000,3.000000,
2.700000,3.000000,
2.800000,3.000000,
2.900000,3.000000,
3.000000,3.000000,
3.100000,3.000000,
3.200000,3.000000,
3.300000,3.000000,
3.400000,3.000000,
3.500000,3.000000,
-3.500000,3.100000,
-3.400000,3.100000,
-3.300000,3.100000,
-3.200000,3.100000,
-3.100000,3.100000,
-3.000000,3.100000,
-2.900000,3.100000,
-2.800000,3.100000,
-2.700000,3.100000,
-2.600000,3.100000,
-2.500000,3.100000,
-2.400000,3.100000,
-2.300000,3.100000,
-2.200000,3.100000,
-2.100000,3.100000,
-2.000000,3.100000,
-1.900000,3.100000,
-1.800000,3.100000,
-1.700000,3.100000,
-1.600000,3.100000,0.282843
-1.500000,3.100000,0.414628
-1.400000,3.100000,0.359842
-1.300000,3.100000,0.296869
-1.200000,3.100000,0.224685
-1.100000,3.100000,0.141895
-1.000000,3.100000,0.046525
-0.900000,3.100000,-0.064364
-0.800000,3.100000,-0.195494
-0.700000,3.100000,-0.355372
-0.600000,3.100000,-0.562794
-0.500000,3.100000,-0.885736
-0.400000,3.100000,
-0.300000,3.100000,
-0.200000,3.100000,
-0.100000,3.100000,
0.000000,3.100000,
0.100000,3.100000,
0.200000,3.100000,
0.300000,3.100000,
0.400000,3.100000,
0.500000,3.100000,
0.600000,3.100000,
0.700000,3.100000,
0.800000,3.100000,
0.900000,3.100000,
1.000000,3.100000,
1.100000,3.100000,
1.200000,3.100000,0.573282
1.300000,3.100000,0.815566
1.400000,3.100000,0.824621
1.500000,3.100000,0.624500
1.600000,3.100000,0.282843
1.700000,3.100000,
1.800000,3.100000,
1.900000,3.100000,
2.000000,3.100000,
2.100000,3.100000,
2.200000,3.100000,
2.300000,3.100000,
2.400000,3.100000,
2.500000,3.100000,
2.600000,3.100000,
2.700000,3.100000,
2.800000,3.100000,
2.900000,3.100000,
3.000000,3.100000,
3.100000,3.100000,
3.200000,3.100000,
3.300000,3.100000,
3.400000,3.100000,
3.500000,3.100000,
-3.500000,3.200000,
-3.400000,3.200000,
-3.300000,3.200000,
-3.200000,3.200000,
-3.100000,3.200000,
-3.000000,3.200000,
-2.900000,3.200000,
-2.800000,3.200000,
-2.700000,3.200000,
-2.600000,3.200000,
-2.500000,3.200000,
-2.400000,3.200000,
-2.300000,3.200000,
-2.200000,3.200000,
-2.100000,3.200000,
-2.000000,3.200000,
-1.900000,3.200000,
-1.800000,3.200000,
-1.700000,3.200000,
-1.600000,3.200000,
-1.500000,3.200000,
-1.400000,3.200000,0.223607
-1.300000,3.200000,0.258166
-1.200000,3.200000,0.184084
-1.100000,3.200000,0.098871
-1.000000,3.200000,0.000318
-0.900000,3.200000,-0.114935
-0.800000,3.200000,-0.252455
-0.700000,3.200000,-0.422808
-0.600000,3.200000,-0.651885
-0.500000,3.200000,-1.087240
-0.400000,3.200000,
-0.300000,3.200000,
-0.200000,3.200000,
-0.100000,3.200000,
0.000000,3.200000,
0.100000,3.200000,
0.200000,3.200000,
0.300000,3.200000,
0.400000,3.200000,
0.500000,3.200000,
0.600000,3.200000,
0.700000,3.200000,
0.800000,3.200000,
0.900000,3.200000,
1.000000,3.200000,
1.100000,3.200000,
1.200000,3.200000,0.357087
1.300000,3.200000,0.565685
1.400000,3.200000,0.223607
1.500000,3.200000,
1.600000,3.200000,
1.700000,3.200000,
1.800000,3.200000,
1.900000,3.200000,
2.000000,3.200000,
2.100000,3.200000,
2.200000,3.200000,
2.300000,3.200000,
2.400000,3.200000,
2.500000,3.200000,
2.600000,3.200000,
2.700000,3.200000,
2.800000,3.200000,
2.900000,3.200000,
3.000000,3.200000,
3.100000,3.200000,
3.200000,3.200000,
3.300000,3.200000,
3.400000,3.200000,
3.500000,3.200000,
-3.500000,3.300000,
-3.400000,3.300000,
-3.300000,3.300000,
-3.200000,3.300000,
-3.100000,3.300000,
-3.000000,3.300000,
-2.900000,3.300000,
-2.800000,3.300000,
-2.700000,3.300000,
-2.600000,3.300000,
-2.500000,3.300000,
-2.400000,3.300000,
-2.300000,3.300000,
-2.200000,3.300000,
-2.100000,3.300000,
-2.000000,3.300000,
-1.900000,3.300000,
-1.800000,3.300000,
-1.700000,3.300000,
-1.600000,3.300000,
-1.500000,3.300000,
-1.400000,3.300000,
-1.300000,3.300000,
-1.200000,3.300000,
-1.100000,3.300000,0.046993
-1.000000,3.300000,-0.055706
-0.900000,3.300000,-0.176760
-0.800000,3.300000,-0.323060
-0.700000,3.300000,-0.508717
-0.600000,3.300000,-0.774881
-0.500000,3.300000,
-0.400000,3.300000,
-0.300000,3.300000,
-0.200000,3.300000,
-0.100000,3.300000,
0.000000,3.300000,
0.100000,3.300000,
0.200000,3.300000,
0.300000,3.300000,
0.400000,3.300000,
0.500000,3.300000,
0.600000,3.300000,
0.700000,3.300000,
0.800000,3.300000,
0.900000,3.300000,
1.000000,3.300000,
1.100000,3.300000,
1.200000,3.300000,
1.300000,3.300000,
1.400000,3.300000,
1.500000,3.300000,
1.600000,3.300000,
1.700000,3.300000,
1.800000,3.300000,
1.900000,3.300000,
2.000000,3.300000,
2.100000,3.300000,
2.200000,3.300000,
2.300000,3.300000,
2.400000,3.300000,
2.500000,3.300000,
2.600000,3.300000,
2.700000,3.300000,
2.800000,3.300000,
2.900000,3.300000,
3.000000,3.300000,
3.100000,3.300000,
3.200000,3.300000,
3.300000,3.300000,
3.400000,3.300000,
3.500000,3.300000,
-3.500000,3.400000,
-3.400000,3.400000,
-3.300000,3.400000,
-3.200000,3.400000,
-3.100000,3.400000,
-3.000000,3.400000,
-2.900000,3.400000,
-2.800000,3.400000,
-2.700000,3.400000,
-2.600000,3.400000,
-2.500000,3.400000,
-2.400000,3.400000,
-2.300000,3.400000,
-2.200000,3.400000,
-2.100000,3.400000,
-2.000000,3.400000,
-1.900000,3.400000,
-1.800000,3.400000,
-1.700000,3.400000,
-1.600000,3.400000,
-1.500000,3.400000,
-1.400000,3.400000,
-1.300000,3.400000,
-1.200000,3.400000,
-1.100000,3.400000,
-1.000000,3.400000,
-0.900000,3.400000,
-0.800000,3.400000,
-0.700000,3.400000,
-0.600000,3.400000,
-0.500000,3.400000,
-0.400000,3.400000,
-0.300000,3.400000,
-0.200000,3.400000,
-0.100000,3.400000,
0.000000,3.400000,
0.100000,3.400000,
0.200000,3.400000,
0.300000,3.400000,
0.400000,3.400000,
0.500000,3.400000,
0.600000,3.400000,
0.700000,3.400000,
0.800000,3.400000,
0.900000,3.400000,
1.000000,3.400000,
1.100000,3.400000,
1.200000,3.400000,
1.300000,3.400000,
1.400000,3.400000,
1.500000,3.400000,
1.600000,3.400000,
1.700000,3.400000,
1.800000,3.400000,
1.900000,3.400000,
2.000000,3.400000,
2.100000,3.400000,
2.200000,3.400000,
2.300000,3.400000,
2.400000,3.400000,
2.500000,3.400000,
2.600000,3.400000,
2.700000,3.400000,
2.800000,3.400000,
2.900000,3.400000,
3.000000,3.400000,
3.100000,3.400000,
3.200000,3.400000,
3.300000,3.400000,
3.400000,3.400000,
3.500000,3.400000,
-3.500000,3.500000,
-3.400000,3.500000,
-3.300000,3.500000,
-3.200000,3.500000,
-3.100000,3.500000,
-3.000000,3.500000,
-2.900000,3.500000,
-2.800000,3.500000,
-2.700000,3.500000,
-2.600000,3.500000,
-2.500000,3.500000,
-2.400000,3.500000,
-2.300000,3.500000,
-2.200000,3.500000,
-2.100000,3.500000,
-2.000000,3.500000,
-1.900000,3.500000,
-1.800000,3.500000,
-1.700000,3.500000,
-1.600000,3.500000,
-1.500000,3.500000,
-1.400000,3.500000,
-1.300000,3.500000,
-1.200000,3.500000,
-1.100000,3.500000,
-1.000000,3.500000,
-0.900000,3.500000,
-0.800000,3.500000,
-0.700000,3.500000,
-0.600000,3.500000,
-0.500000,3.500000,
-0.400000,3.500000,
-0.300000,3.500000,
-0.200000,3.500000,
-0.100000,3.500000,
0.000000,3.500000,
0.100000,3.500000,
0.200000,3.500000,
0.300000,3.500000,
0.400000,3.500000,
0.500000,3.500000,
0.600000,3.500000,
0.700000,3.500000,
0.800000,3.500000,
0.900000,3.500000,
1.000000,3.500000,
1.100000,3.500000,
1.200000,3.500000,
1.300000,3.500000,
1.400000,3.500000,
1.500000,3.500000,
1.600000,3.500000,
1.700000,3.500000,
1.800000,3.500000,
1.900000,3.500000,
2.000000,3.500000,
2.100000,3.500000,
2.200000,3.500000,
2.300000,3.500000,
2.400000,3.500000,
2.500000,3.500000,
2.600000,3.500000,
2.700000,3.500000,
2.800000,3.500000,
2.900000,3.500000,
3.000000,3.500000,
3.100000,3.500000,
3.200000,3.500000,
3.300000,3.500000,
3.400000,3.500000,
3.500000,3.500000,
