x,y,z
-3.500000,-3.500000,
-3.400000,-3.500000,
-3.300000,-3.500000,
-3.200000,-3.500000,
-3.100000,-3.500000,
-3.000000,-3.500000,
-2.900000,-3.500000,
-2.800000,-3.500000,
-2.700000,-3.500000,
-2.600000,-3.500000,
-2.500000,-3.500000,
-2.400000,-3.500000,
-2.300000,-3.500000,
-2.200000,-3.500000,
-2.100000,-3.500000,
-2.000000,-3.500000,
-1.900000,-3.500000,
-1.800000,-3.500000,
-1.700000,-3.500000,
-1.600000,-3.500000,
-1.500000,-3.500000,
-1.400000,-3.500000,
-1.300000,-3.500000,
-1.200000,-3.500000,
-1.100000,-3.500000,
-1.000000,-3.500000,
-0.900000,-3.500000,
-0.800000,-3.500000,
-0.700000,-3.500000,
-0.600000,-3.500000,
-0.500000,-3.500000,
-0.400000,-3.500000,
-0.300000,-3.500000,
-0.200000,-3.500000,
-0.100000,-3.500000,
0.000000,-3.500000,
0.100000,-3.500000,
0.200000,-3.500000,
0.300000,-3.500000,
0.400000,-3.500000,
0.500000,-3.500000,
0.600000,-3.500000,
0.700000,-3.500000,
0.800000,-3.500000,
0.900000,-3.500000,
1.000000,-3.500000,
1.100000,-3.500000,
1.200000,-3.500000,
1.300000,-3.500000,
1.400000,-3.500000,
1.500000,-3.500000,
1.600000,-3.500000,
1.700000,-3.500000,
1.800000,-3.500000,
1.900000,-3.500000,
2.000000,-3.500000,
2.100000,-3.500000,
2.200000,-3.500000,
2.300000,-3.500000,
2.400000,-3.500000,
2.500000,-3.500000,
2.600000,-3.500000,
2.700000,-3.500000,
2.800000,-3.500000,
2.900000,-3.500000,
3.000000,-3.500000,
3.100000,-3.500000,
3.200000,-3.500000,
3.300000,-3.500000,
3.400000,-3.500000,
3.500000,-3.500000,
-3.500000,-3.400000,
-3.400000,-3.400000,
-3.300000,-3.400000,
-3.200000,-3.400000,
-3.100000,-3.400000,
-3.000000,-3.400000,
-2.900000,-3.400000,
-2.800000,-3.400000,
-2.700000,-3.400000,
-2.600000,-3.400000,
-2.500000,-3.400000,
-2.400000,-3.400000,
-2.300000,-3.400000,
-2.200000,-3.400000,
-2.100000,-3.400000,
-2.000000,-3.400000,
-1.900000,-3.400000,
-1.800000,-3.400000,
-1.700000,-3.400000,
-1.600000,-3.400000,
-1.500000,-3.400000,
-1.400000,-3.400000,
-1.300000,-3.400000,
-1.200000,-3.400000,
-1.100000,-3.400000,
-1.000000,-3.400000,
-0.900000,-3.400000,
-0.800000,-3.400000,
-0.700000,-3.400000,
-0.600000,-3.400000,
-0.500000,-3.400000,
-0.400000,-3.400000,
-0.300000,-3.400000,
-0.200000,-3.400000,
-0.100000,-3.400000,
0.000000,-3.400000,
0.100000,-3.400000,
0.200000,-3.400000,
0.300000,-3.400000,
0.400000,-3.400000,
0.500000,-3.400000,
0.600000,-3.400000,
0.700000,-3.400000,
0.800000,-3.400000,
0.900000,-3.400000,
1.000000,-3.400000,
1.100000,-3.400000,
1.200000,-3.400000,
1.300000,-3.400000,
1.400000,-3.400000,
1.500000,-3.400000,
1.600000,-3.400000,
1.700000,-3.400000,
1.800000,-3.400000,
1.900000,-3.400000,
2.000000,-3.400000,
2.100000,-3.400000,
2.200000,-3.400000,
2.300000,-3.400000,
2.400000,-3.400000,
2.500000,-3.400000,
2.600000,-3.400000,
2.700000,-3.400000,
2.800000,-3.400000,
2.900000,-3.400000,
3.000000,-3.400000,
3.100000,-3.400000,
3.200000,-3.400000,
3.300000,-3.400000,
3.400000,-3.400000,
3.500000,-3.400000,
-3.500000,-3.300000,
-3.400000,-3.300000,
-3.300000,-3.300000,
-3.200000,-3.300000,
-3.100000,-3.300000,
-3.000000,-3.300000,
-2.900000,-3.300000,
-2.800000,-3.300000,
-2.700000,-3.300000,
-2.600000,-3.300000,
-2.500000,-3.300000,
-2.400000,-3.300000,
-2.300000,-3.300000,
-2.200000,-3.300000,
-2.100000,-3.300000,
-2.000000,-3.300000,
-1.900000,-3.300000,
-1.800000,-3.300000,
-1.700000,-3.300000,
-1.600000,-3.300000,
-1.500000,-3.300000,
-1.400000,-3.300000,
-1.300000,-3.300000,
-1.200000,-3.300000,
-1.100000,-3.300000,
-1.000000,-3.300000,
-0.900000,-3.300000,
-0.800000,-3.300000,
-0.700000,-3.300000,
-0.600000,-3.300000,
-0.500000,-3.300000,
-0.400000,-3.300000,
-0.300000,-3.300000,
-0.200000,-3.300000,
-0.100000,-3.300000,
0.000000,-3.300000,
0.100000,-3.300000,
0.200000,-3.300000,
0.300000,-3.300000,
0.400000,-3.300000,
0.500000,-3.300000,
0.600000,-3.300000,
0.700000,-3.300000,
0.800000,-3.300000,
0.900000,-3.300000,
1.000000,-3.300000,
1.100000,-3.300000,
1.200000,-3.300000,
1.300000,-3.300000,
1.400000,-3.300000,
1.500000,-3.300000,
1.600000,-3.300000,
1.700000,-3.300000,
1.800000,-3.300000,
1.900000,-3.300000,
2.000000,-3.300000,
2.100000,-3.300000,
2.200000,-3.300000,
2.300000,-3.300000,
2.400000,-3.300000,
2.500000,-3.300000,
2.600000,-3.300000,
2.700000,-3.300000,
2.800000,-3.300000,
2.900000,-3.300000,
3.000000,-3.300000,
3.100000,-3.300000,
3.200000,-3.300000,
3.300000,-3.300000,
3.400000,-3.300000,
3.500000,-3.300000,
-3.500000,-3.200000,
-3.400000,-3.200000,
-3.300000,-3.200000,
-3.200000,-3.200000,
-3.100000,-3.200000,
-3.000000,-3.200000,
-2.900000,-3.200000,
-2.800000,-3.200000,
-2.700000,-3.200000,
-2.600000,-3.200000,
-2.500000,-3.200000,
-2.400000,-3.200000,
-2.300000,-3.200000,
-2.200000,-3.200000,
-2.100000,-3.200000,
-2.000000,-3.200000,
-1.900000,-3.200000,
-1.800000,-3.200000,
-1.700000,-3.200000,
-1.600000,-3.200000,
-1.500000,-3.200000,
-1.400000,-3.200000,
-1.300000,-3.200000,
-1.200000,-3.200000,
-1.100000,-3.200000,
-1.000000,-3.200000,
-0.900000,-3.200000,-1.089738
-0.800000,-3.200000,-1.067908
-0.700000,-3.200000,-1.054497
-0.600000,-3.200000,-1.049233
-0.500000,-3.200000,-1.052013
-0.400000,-3.200000,-1.062891
-0.300000,-3.200000,-1.082085
-0.200000,-3.200000,-1.109999
-0.100000,-3.200000,-1.147269
0.000000,-3.200000,-1.194847
0.100000,-3.200000,-1.184746
0.200000,-3.200000,-1.120599
0.300000,-3.200000,-1.068748
0.400000,-3.200000,-1.027574
0.500000,-3.200000,-0.995992
0.600000,-3.200000,-0.973267
0.700000,-3.200000,-0.958916
0.800000,-3.200000,-0.952653
0.900000,-3.200000,-0.954356
1.000000,-3.200000,-0.964059
1.100000,-3.200000,
1.200000,-3.200000,
1.300000,-3.200000,
1.400000,-3.200000,
1.500000,-3.200000,
1.600000,-3.200000,
1.700000,-3.200000,
1.800000,-3.200000,
1.900000,-3.200000,
2.000000,-3.200000,
2.100000,-3.200000,
2.200000,-3.200000,
2.300000,-3.200000,
2.400000,-3.200000,
2.500000,-3.200000,
2.600000,-3.200000,
2.700000,-3.200000,
2.800000,-3.200000,
2.900000,-3.200000,
3.000000,-3.200000,
3.100000,-3.200000,
3.200000,-3.200000,
3.300000,-3.200000,
3.400000,-3.200000,
3.500000,-3.200000,
-3.500000,-3.100000,
-3.400000,-3.100000,
-3.300000,-3.100000,
-3.200000,-3.100000,
-3.100000,-3.100000,
-3.000000,-3.100000,
-2.900000,-3.100000,
-2.800000,-3.100000,
-2.700000,-3.100000,
-2.600000,-3.100000,
-2.500000,-3.100000,
-2.400000,-3.100000,
-2.300000,-3.100000,
-2.200000,-3.100000,
-2.100000,-3.100000,
-2.000000,-3.100000,
-1.900000,-3.100000,
-1.800000,-3.100000,
-1.700000,-3.100000,
-1.600000,-3.100000,
-1.500000,-3.100000,
-1.400000,-3.100000,
-1.300000,-3.100000,
-1.200000,-3.100000,-1.081097
-1.100000,-3.100000,-1.035367
-1.000000,-3.100000,-0.998935
-0.900000,-3.100000,-0.971033
-0.800000,-3.100000,-0.951131
-0.700000,-3.100000,-0.938874
-0.600000,-3.100000,-0.934058
-0.500000,-3.100000,-0.936602
-0.400000,-3.100000,-0.946548
-0.300000,-3.100000,-0.964063
-0.200000,-3.100000,-0.989450
-0.100000,-3.100000,-1.023182
0.000000,-3.100000,-1.065946
0.100000,-3.100000,-1.048495
0.200000,-3.100000,-0.991497
0.300000,-3.100000,-0.944923
0.400000,-3.100000,-0.907657
0.500000,-3.100000,-0.878916
0.600000,-3.100000,-0.858157
0.700000,-3.100000,-0.845015
0.800000,-3.100000,-0.839272
0.900000,-3.100000,-0.840835
1.000000,-3.100000,-0.849727
1.100000,-3.100000,-0.866097
1.200000,-3.100000,-0.890220
1.300000,-3.100000,-0.922533
1.400000,-3.100000,
1.500000,-3.100000,
1.600000,-3.100000,
1.700000,-3.100000,
1.800000,-3.100000,
1.900000,-3.100000,
2.000000,-3.100000,
2.100000,-3.100000,
2.200000,-3.100000,
2.300000,-3.100000,
2.400000,-3.100000,
2.500000,-3.100000,
2.600000,-3.100000,
2.700000,-3.100000,
2.800000,-3.100000,
2.900000,-3.100000,
3.000000,-3.100000,
3.100000,-3.100000,
3.200000,-3.100000,
3.300000,-3.100000,
3.400000,-3.100000,
3.500000,-3.100000,
-3.500000,-3.000000,
-3.400000,-3.000000,
-3.300000,-3.000000,
-3.200000,-3.000000,
-3.100000,-3.000000,
-3.000000,-3.000000,
-2.900000,-3.000000,
-2.800000,-3.000000,
-2.700000,-3.000000,
-2.600000,-3.000000,
-2.500000,-3.000000,
-2.400000,-3.000000,
-2.300000,-3.000000,
-2.200000,-3.000000,
-2.100000,-3.000000,
-2.000000,-3.000000,
-1.900000,-3.000000,
-1.800000,-3.000000,
-1.700000,-3.000000,
-1.600000,-3.000000,
-1.500000,-3.000000,
-1.400000,-3.000000,-1.083579
-1.300000,-3.000000,-1.021946
-1.200000,-3.000000,-0.970694
-1.100000,-3.000000,-0.928655
-1.000000,-3.000000,-0.894998
-0.900000,-3.000000,-0.869130
-0.800000,-3.000000,-0.850631
-0.700000,-3.000000,-0.839220
-0.600000,-3.000000,-0.834732
-0.500000,-3.000000,-0.837103
-0.400000,-3.000000,-0.846366
-0.300000,-3.000000,-0.862655
-0.200000,-3.000000,-0.886213
-0.100000,-3.000000,-0.917414
0.000000,-3.000000,-0.956793
0.100000,-3.000000,-0.934435
0.200000,-3.000000,-0.882322
0.300000,-3.000000,-0.839453
0.400000,-3.000000,-0.804980
0.500000,-3.000000,-0.778298
0.600000,-3.000000,-0.758977
0.700000,-3.000000,-0.746725
0.800000,-3.000000,-0.741367
0.900000,-3.000000,-0.742825
1.000000,-3.000000,-0.751120
1.100000,-3.000000,-0.766371
1.200000,-3.000000,-0.788801
1.300000,-3.000000,-0.818758
1.400000,-3.000000,-0.856740
1.500000,-3.000000,-0.903447
1.600000,-3.000000,
1.700000,-3.000000,
1.800000,-3.000000,
1.900000,-3.000000,
2.000000,-3.000000,
2.100000,-3.000000,
2.200000,-3.000000,
2.300000,-3.000000,
2.400000,-3.000000,
2.500000,-3.000000,
2.600000,-3.000000,
2.700000,-3.000000,
2.800000,-3.000000,
2.900000,-3.000000,
3.000000,-3.000000,
3.100000,-3.000000,
3.200000,-3.000000,
3.300000,-3.000000,
3.400000,-3.000000,
3.500000,-3.000000,
-3.500000,-2.900000,
-3.400000,-2.900000,
-3.300000,-2.900000,
-3.200000,-2.900000,
-3.100000,-2.900000,
-3.000000,-2.900000,
-2.900000,-2.900000,
-2.800000,-2.900000,
-2.700000,-2.900000,
-2.600000,-2.900000,
-2.500000,-2.900000,
-2.400000,-2.900000,
-2.300000,-2.900000,
-2.200000,-2.900000,
-2.100000,-2.900000,
-2.000000,-2.900000,
-1.900000,-2.900000,
-1.800000,-2.900000,
-1.700000,-2.900000,
-1.600000,-2.900000,-1.128170
-1.500000,-2.900000,-1.048152
-1.400000,-2.900000,-0.980557
-1.300000,-2.900000,-0.923547
-1.200000,-2.900000,-0.875845
-1.100000,-2.900000,-0.836538
-1.000000,-2.900000,-0.804961
-0.900000,-2.900000,-0.780630
-0.800000,-2.900000,-0.763200
-0.700000,-2.900000,-0.752436
-0.600000,-2.900000,-0.748200
-0.500000,-2.900000,-0.750438
-0.400000,-2.900000,-0.759178
-0.300000,-2.900000,-0.774532
-0.200000,-2.900000,-0.796704
-0.100000,-2.900000,-0.826002
0.000000,-2.900000,-0.862864
0.100000,-2.900000,-0.837027
0.200000,-2.900000,-0.788479
0.300000,-2.900000,-0.748358
0.400000,-2.900000,-0.715985
0.500000,-2.900000,-0.690865
0.600000,-2.900000,-0.672642
0.700000,-2.900000,-0.661073
0.800000,-2.900000,-0.656009
0.900000,-2.900000,-0.657387
1.000000,-2.900000,-0.665224
1.100000,-2.900000,-0.679619
1.200000,-2.900000,-0.700760
1.300000,-2.900000,-0.728935
1.400000,-2.900000,-0.764556
1.500000,-2.900000,-0.808189
1.600000,-2.900000,-0.860613
1.700000,-2.900000,-0.922898
1.800000,-2.900000,
1.900000,-2.900000,
2.000000,-2.900000,
2.100000,-2.900000,
2.200000,-2.900000,
2.300000,-2.900000,
2.400000,-2.900000,
2.500000,-2.900000,
2.600000,-2.900000,
2.700000,-2.900000,
2.800000,-2.900000,
2.900000,-2.900000,
3.000000,-2.900000,
3.100000,-2.900000,
3.200000,-2.900000,
3.300000,-2.900000,
3.400000,-2.900000,
3.500000,-2.900000,
-3.500000,-2.800000,
-3.400000,-2.800000,
-3.300000,-2.800000,
-3.200000,-2.800000,
-3.100000,-2.800000,
-3.000000,-2.800000,
-2.900000,-2.800000,
-2.800000,-2.800000,
-2.700000,-2.800000,
-2.600000,-2.800000,
-2.500000,-2.800000,
-2.400000,-2.800000,
-2.300000,-2.800000,
-2.200000,-2.800000,
-2.100000,-2.800000,
-2.000000,-2.800000,-0.537574
-1.900000,-2.800000,-0.656246
-1.800000,-2.800000,-0.862042
-1.700000,-2.800000,-1.116626
-1.600000,-2.800000,-1.029414
-1.500000,-2.800000,-0.955282
-1.400000,-2.800000,-0.892156
-1.300000,-2.800000,-0.838603
-1.200000,-2.800000,-0.793599
-1.100000,-2.800000,-0.756392
-1.000000,-2.800000,-0.726428
-0.900000,-2.800000,-0.703297
-0.800000,-2.800000,-0.686705
-0.700000,-2.800000,-0.676450
-0.600000,-2.800000,-0.672412
-0.500000,-2.800000,-0.674545
-0.400000,-2.800000,-0.682874
-0.300000,-2.800000,-0.697494
-0.200000,-2.800000,-0.718582
-0.100000,-2.800000,-0.746401
0.000000,-2.800000,-0.781323
0.100000,-2.800000,-0.752927
0.200000,-2.800000,-0.707093
0.300000,-2.800000,-0.669089
0.400000,-2.800000,-0.638348
0.500000,-2.800000,-0.614449
0.600000,-2.800000,-0.597089
0.700000,-2.800000,-0.586058
0.800000,-2.800000,-0.581227
0.900000,-2.800000,-0.582542
1.000000,-2.800000,-0.590017
1.100000,-2.800000,-0.603738
1.200000,-2.800000,-0.623867
1.300000,-2.800000,-0.650653
1.400000,-2.800000,-0.684445
1.500000,-2.800000,-0.725723
1.600000,-2.800000,-0.775131
1.700000,-2.800000,-0.833545
1.800000,-2.800000,-0.902170
1.900000,-2.800000,-0.465787
2.000000,-2.800000,-0.302939
2.100000,-2.800000,
2.200000,-2.800000,
2.300000,-2.800000,
2.400000,-2.800000,
2.500000,-2.800000,
2.600000,-2.800000,
2.700000,-2.800000,
2.800000,-2.800000,
2.900000,-2.800000,
3.000000,-2.800000,
3.100000,-2.800000,
3.200000,-2.800000,
3.300000,-2.800000,
3.400000,-2.800000,
3.500000,-2.800000,
-3.500000,-2.700000,
-3.400000,-2.700000,
-3.300000,-2.700000,
-3.200000,-2.700000,
-3.100000,-2.700000,
-3.000000,-2.700000,
-2.900000,-2.700000,
-2.800000,-2.700000,
-2.700000,-2.700000,
-2.600000,-2.700000,
-2.500000,-2.700000,
-2.400000,-2.700000,
-2.300000,-2.700000,
-2.200000,-2.700000,-0.176632
-2.100000,-2.700000,-0.220246
-2.000000,-2.700000,-0.278307
-1.900000,-2.700000,-0.354205
-1.800000,-2.700000,-0.454249
-1.700000,-2.700000,-0.592666
-1.600000,-2.700000,-0.822788
-1.500000,-2.700000,-0.875476
-1.400000,-2.700000,-0.815753
-1.300000,-2.700000,-0.764872
-1.200000,-2.700000,-0.721976
-1.100000,-2.700000,-0.686425
-1.000000,-2.700000,-0.657741
-0.900000,-2.700000,-0.635568
-0.800000,-2.700000,-0.619647
-0.700000,-2.700000,-0.609800
-0.600000,-2.700000,-0.605922
-0.500000,-2.700000,-0.607971
-0.400000,-2.700000,-0.615969
-0.300000,-2.700000,-0.630002
-0.200000,-2.700000,-0.650224
-0.100000,-2.700000,-0.676867
0.000000,-2.700000,-0.710255
0.100000,-2.700000,-0.679942
0.200000,-2.700000,-0.636231
0.300000,-2.700000,-0.599899
0.400000,-2.700000,-0.570453
0.500000,-2.700000,-0.547530
0.600000,-2.700000,-0.530861
0.700000,-2.700000,-0.520263
0.800000,-2.700000,-0.515620
0.900000,-2.700000,-0.516883
1.000000,-2.700000,-0.524067
1.100000,-2.700000,-0.537247
1.200000,-2.700000,-0.556567
1.300000,-2.700000,-0.582246
1.400000,-2.700000,-0.614589
1.500000,-2.700000,-0.654013
1.600000,-2.700000,-0.701072
1.700000,-2.700000,-0.441700
1.800000,-2.700000,-0.249284
1.900000,-2.700000,-0.122342
2.000000,-2.700000,-0.028206
2.100000,-2.700000,0.044069
2.200000,-2.700000,0.099721
2.300000,-2.700000,
2.400000,-2.700000,
2.500000,-2.700000,
2.600000,-2.700000,
2.700000,-2.700000,
2.800000,-2.700000,
2.900000,-2.700000,
3.000000,-2.700000,
3.100000,-2.700000,
3.200000,-2.700000,
3.300000,-2.700000,
3.400000,-2.700000,
3.500000,-2.700000,
-3.500000,-2.600000,
-3.400000,-2.600000,
-3.300000,-2.600000,
-3.200000,-2.600000,
-3.100000,-2.600000,
-3.000000,-2.600000,
-2.900000,-2.600000,
-2.800000,-2.600000,
-2.700000,-2.600000,
-2.600000,-2.600000,
-2.500000,-2.600000,
-2.400000,-2.600000,
-2.300000,-2.600000,0.017586
-2.200000,-2.600000,-0.008885
-2.100000,-2.600000,-0.045503
-2.000000,-2.600000,-0.093382
-1.900000,-2.600000,-0.154240
-1.800000,-2.600000,-0.230813
-1.700000,-2.600000,-0.327794
-1.600000,-2.600000,-0.454388
-1.500000,-2.600000,-0.616537
-1.400000,-2.600000,-0.586338
-1.300000,-2.600000,-0.571351
-1.200000,-2.600000,-0.570614
-1.100000,-2.600000,-0.584080
-1.000000,-2.600000,-0.597706
-0.900000,-2.600000,-0.576307
-0.800000,-2.600000,-0.560930
-0.700000,-2.600000,-0.551415
-0.600000,-2.600000,-0.547666
-0.500000,-2.600000,-0.549647
-0.400000,-2.600000,-0.557377
-0.300000,-2.600000,-0.570932
-0.200000,-2.600000,-0.590453
-0.100000,-2.600000,-0.616148
0.000000,-2.600000,-0.648304
0.100000,-2.600000,-0.616544
0.200000,-2.600000,-0.574526
0.300000,-2.600000,-0.539534
0.400000,-2.600000,-0.511135
0.500000,-2.600000,-0.489001
0.600000,-2.600000,-0.472894
0.700000,-2.600000,-0.462646
0.800000,-2.600000,-0.458156
0.900000,-2.600000,-0.459378
1.000000,-2.600000,-0.466325
1.100000,-2.600000,-0.428666
1.200000,-2.600000,-0.397204
1.300000,-2.600000,-0.380440
1.400000,-2.600000,-0.377380
1.500000,-2.600000,-0.387851
1.600000,-2.600000,-0.289150
1.700000,-2.600000,-0.124492
1.800000,-2.600000,-0.004792
1.900000,-2.600000,0.088155
2.000000,-2.600000,0.162071
2.100000,-2.600000,0.221065
2.200000,-2.600000,0.267597
2.300000,-2.600000,0.303232
2.400000,-2.600000,
2.500000,-2.600000,
2.600000,-2.600000,
2.700000,-2.600000,
2.800000,-2.600000,
2.900000,-2.600000,
3.000000,-2.600000,
3.100000,-2.600000,
3.200000,-2.600000,
3.300000,-2.600000,
3.400000,-2.600000,
3.500000,-2.600000,
-3.500000,-2.500000,
-3.400000,-2.500000,
-3.300000,-2.500000,
-3.200000,-2.500000,
-3.100000,-2.500000,
-3.000000,-2.500000,
-2.900000,-2.500000,
-2.800000,-2.500000,
-2.700000,-2.500000,
-2.600000,-2.500000,
-2.500000,-2.500000,
-2.400000,-2.500000,0.166859
-2.300000,-2.500000,0.151631
-2.200000,-2.500000,0.128065
-2.100000,-2.500000,0.095666
-2.000000,-2.500000,0.053687
-1.900000,-2.500000,0.001027
-1.800000,-2.500000,-0.063949
-1.700000,-2.500000,-0.143762
-1.600000,-2.500000,-0.242569
-1.500000,-2.500000,-0.368076
-1.400000,-2.500000,-0.383155
-1.300000,-2.500000,-0.371510
-1.200000,-2.500000,-0.370934
-1.100000,-2.500000,-0.381407
-1.000000,-2.500000,-0.403323
-0.900000,-2.500000,-0.437573
-0.800000,-2.500000,-0.485751
-0.700000,-2.500000,-0.500488
-0.600000,-2.500000,-0.496846
-0.500000,-2.500000,-0.498770
-0.400000,-2.500000,-0.506280
-0.300000,-2.500000,-0.519445
-0.200000,-2.500000,-0.538394
-0.100000,-2.500000,-0.563316
0.000000,-2.500000,-0.594473
0.100000,-2.500000,-0.561626
0.200000,-2.500000,-0.520973
0.300000,-2.500000,-0.487068
0.400000,-2.500000,-0.459519
0.500000,-2.500000,-0.438030
0.600000,-2.500000,-0.422382
0.700000,-2.500000,-0.412422
0.800000,-2.500000,-0.381741
0.900000,-2.500000,-0.314109
1.000000,-2.500000,-0.263308
1.100000,-2.500000,-0.226465
1.200000,-2.500000,-0.201901
1.300000,-2.500000,-0.188643
1.400000,-2.500000,-0.186210
1.500000,-2.500000,-0.194518
1.600000,-2.500000,-0.044990
1.700000,-2.500000,0.075258
1.800000,-2.500000,0.170824
1.900000,-2.500000,0.248429
2.000000,-2.500000,0.311813
2.100000,-2.500000,0.363288
2.200000,-2.500000,0.404372
2.300000,-2.500000,0.436096
2.400000,-2.500000,0.459161
2.500000,-2.500000,
2.600000,-2.500000,
2.700000,-2.500000,
2.800000,-2.500000,
2.900000,-2.500000,
3.000000,-2.500000,
3.100000,-2.500000,
3.200000,-2.500000,
3.300000,-2.500000,
3.400000,-2.500000,
3.500000,-2.500000,
-3.500000,-2.400000,
-3.400000,-2.400000,
-3.300000,-2.400000,
-3.200000,-2.400000,
-3.100000,-2.400000,
-3.000000,-2.400000,
-2.900000,-2.400000,
-2.800000,-2.400000,
-2.700000,-2.400000,
-2.600000,-2.400000,
-2.500000,-2.400000,0.285841
-2.400000,-2.400000,0.279236
-2.300000,-2.400000,0.265267
-2.200000,-2.400000,0.243703
-2.100000,-2.400000,0.214169
-2.000000,-2.400000,0.176109
-1.900000,-2.400000,0.128730
-1.800000,-2.400000,0.070893
-1.700000,-2.400000,0.000946
-1.600000,-2.400000,-0.083622
-1.500000,-2.400000,-0.186887
-1.400000,-2.400000,-0.227577
-1.300000,-2.400000,-0.217634
-1.200000,-2.400000,-0.217142
-1.100000,-2.400000,-0.226086
-1.000000,-2.400000,-0.244712
-0.900000,-2.400000,-0.273556
-0.800000,-2.400000,-0.313532
-0.700000,-2.400000,-0.366097
-0.600000,-2.400000,-0.433592
-0.500000,-2.400000,-0.454723
-0.400000,-2.400000,-0.462052
-0.300000,-2.400000,-0.474897
-0.200000,-2.400000,-0.493377
-0.100000,-2.400000,-0.517667
0.000000,-2.400000,-0.548010
0.100000,-2.400000,-0.514364
0.200000,-2.400000,-0.474818
0.300000,-2.400000,-0.441798
0.400000,-2.400000,-0.414943
0.500000,-2.400000,-0.393981
0.600000,-2.400000,-0.360599
0.700000,-2.400000,-0.270830
0.800000,-2.400000,-0.200478
0.900000,-2.400000,-0.145334
1.000000,-2.400000,-0.102922
1.100000,-2.400000,-0.071697
1.200000,-2.400000,-0.050679
1.300000,-2.400000,-0.039273
1.400000,-2.400000,-0.037176
1.500000,-2.400000,0.002663
1.600000,-2.400000,0.127488
1.700000,-2.400000,0.227901
1.800000,-2.400000,0.310498
1.900000,-2.400000,0.379004
2.000000,-2.400000,0.435750
2.100000,-2.400000,0.482290
2.200000,-2.400000,0.519696
2.300000,-2.400000,0.548725
2.400000,-2.400000,0.569907
2.500000,-2.400000,0.489898
2.600000,-2.400000,
2.700000,-2.400000,
2.800000,-2.400000,
2.900000,-2.400000,
3.000000,-2.400000,
3.100000,-2.400000,
3.200000,-2.400000,
3.300000,-2.400000,
3.400000,-2.400000,
3.500000,-2.400000,
-3.500000,-2.300000,
-3.400000,-2.300000,
-3.300000,-2.300000,
-3.200000,-2.300000,
-3.100000,-2.300000,
-3.000000,-2.300000,
-2.900000,-2.300000,
-2.800000,-2.300000,
-2.700000,-2.300000,
-2.600000,-2.300000,0.381872
-2.500000,-2.300000,0.382483
-2.400000,-2.300000,0.376312
-2.300000,-2.300000,0.363273
-2.200000,-2.300000,0.343179
-2.100000,-2.300000,0.315729
-2.000000,-2.300000,0.280483
-1.900000,-2.300000,0.236822
-1.800000,-2.300000,0.183884
-1.700000,-2.300000,0.120457
-1.600000,-2.300000,0.044791
-1.500000,-2.300000,-0.045757
-1.400000,-2.300000,-0.100628
-1.300000,-2.300000,-0.091746
-1.200000,-2.300000,-0.091306
-1.100000,-2.300000,-0.099298
-1.000000,-2.300000,-0.115895
-0.900000,-2.300000,-0.141474
-0.800000,-2.300000,-0.176658
-0.700000,-2.300000,-0.222405
-0.600000,-2.300000,-0.280162
-0.500000,-2.300000,-0.352167
-0.400000,-2.300000,-0.424205
-0.300000,-2.300000,-0.436789
-0.200000,-2.300000,-0.454886
-0.100000,-2.300000,-0.478661
0.000000,-2.300000,-0.508341
0.100000,-2.300000,-0.474134
0.200000,-2.300000,-0.435484
0.300000,-2.300000,-0.403182
0.400000,-2.300000,-0.376893
0.500000,-2.300000,-0.287645
0.600000,-2.300000,-0.194145
0.700000,-2.300000,-0.119185
0.800000,-2.300000,-0.058832
0.900000,-2.300000,-0.010702
1.000000,-2.300000,0.026745
1.100000,-2.300000,0.054530
1.200000,-2.300000,0.073328
1.300000,-2.300000,0.083560
1.400000,-2.300000,0.085444
1.500000,-2.300000,0.156427
1.600000,-2.300000,0.263483
1.700000,-2.300000,0.352183
1.800000,-2.300000,0.426491
1.900000,-2.300000,0.488883
2.000000,-2.300000,0.541015
2.100000,-2.300000,0.584039
2.200000,-2.300000,0.618780
2.300000,-2.300000,0.645832
2.400000,-2.300000,0.665618
2.500000,-2.300000,0.678429
2.600000,-2.300000,0.447214
2.700000,-2.300000,
2.800000,-2.300000,
2.900000,-2.300000,
3.000000,-2.300000,
3.100000,-2.300000,
3.200000,-2.300000,
3.300000,-2.300000,
3.400000,-2.300000,
3.500000,-2.300000,
-3.500000,-2.200000,
-3.400000,-2.200000,
-3.300000,-2.200000,
-3.200000,-2.200000,
-3.100000,-2.200000,
-3.000000,-2.200000,
-2.900000,-2.200000,
-2.800000,-2.200000,
-2.700000,-2.200000,0.346410
-2.600000,-2.200000,0.466212
-2.500000,-2.200000,0.466790
-2.400000,-2.200000,0.460953
-2.300000,-2.200000,0.448629
-2.200000,-2.200000,0.429661
-2.100000,-2.200000,0.403796
-2.000000,-2.200000,0.370669
-1.900000,-2.200000,0.329775
-1.800000,-2.200000,0.280419
-1.700000,-2.200000,0.221651
-1.600000,-2.200000,0.152141
-1.500000,-2.200000,0.069967
-1.400000,-2.200000,0.006190
-1.300000,-2.200000,0.014339
-1.200000,-2.200000,0.014744
-1.100000,-2.200000,0.007410
-1.000000,-2.200000,-0.007796
-0.900000,-2.200000,-0.031160
-0.800000,-2.200000,-0.063154
-0.700000,-2.200000,-0.104479
-0.600000,-2.200000,-0.156165
-0.500000,-2.200000,-0.219724
-0.400000,-2.200000,-0.297454
-0.300000,-2.200000,-0.393070
-0.200000,-2.200000,-0.422517
-0.100000,-2.200000,-0.445876
0.000000,-2.200000,-0.475021
0.100000,-2.200000,-0.440455
0.200000,-2.200000,-0.402525
0.300000,-2.200000,-0.368575
0.400000,-2.200000,-0.243083
0.500000,-2.200000,-0.143595
0.600000,-2.200000,-0.062748
0.700000,-2.200000,0.003484
0.800000,-2.200000,0.057571
0.900000,-2.200000,0.101125
1.000000,-2.200000,0.135242
1.100000,-2.200000,0.160677
1.200000,-2.200000,0.177940
1.300000,-2.200000,0.187354
1.400000,-2.200000,0.189088
1.500000,-2.200000,0.279682
1.600000,-2.200000,0.375640
1.700000,-2.200000,0.456496
1.800000,-2.200000,0.525001
1.900000,-2.200000,0.582981
2.000000,-2.200000,0.631709
2.100000,-2.200000,0.672099
2.200000,-2.200000,0.704819
2.300000,-2.200000,0.730358
2.400000,-2.200000,0.749070
2.500000,-2.200000,0.761200
2.600000,-2.200000,0.766899
2.700000,-2.200000,0.346410
2.800000,-2.200000,
2.900000,-2.200000,
3.000000,-2.200000,
3.100000,-2.200000,
3.200000,-2.200000,
3.300000,-2.200000,
3.400000,-2.200000,
3.500000,-2.200000,
-3.500000,-2.100000,
-3.400000,-2.100000,
-3.300000,-2.100000,
-3.200000,-2.100000,
-3.100000,-2.100000,
-3.000000,-2.100000,
-2.900000,-2.100000,
-2.800000,-2.100000,0.000000
-2.700000,-2.100000,0.533437
-2.600000,-2.100000,0.540119
-2.500000,-2.100000,0.540670
-2.400000,-2.100000,0.535098
-2.300000,-2.100000,0.523339
-2.200000,-2.100000,0.505256
-2.100000,-2.100000,0.480633
-2.000000,-2.100000,0.449156
-1.900000,-2.100000,0.410395
-1.800000,-2.100000,0.363769
-1.700000,-2.100000,0.308496
-1.600000,-2.100000,0.243504
-1.500000,-2.100000,0.167292
-1.400000,-2.100000,0.097564
-1.300000,-2.100000,0.105177
-1.200000,-2.100000,0.105554
-1.100000,-2.100000,0.098703
-1.000000,-2.100000,0.084515
-0.900000,-2.100000,0.062756
-0.800000,-2.100000,0.033051
-0.700000,-2.100000,-0.005155
-0.600000,-2.100000,-0.052654
-0.500000,-2.100000,-0.110578
-0.400000,-2.100000,-0.180572
-0.300000,-2.100000,-0.265127
-0.200000,-2.100000,-0.368281
-0.100000,-2.100000,-0.418987
0.000000,-2.100000,-0.447707
0.100000,-2.100000,-0.412959
0.200000,-2.100000,-0.357857
0.300000,-2.100000,-0.222677
0.400000,-2.100000,-0.115231
0.500000,-2.100000,-0.027314
0.600000,-2.100000,0.045500
0.700000,-2.100000,0.105902
0.800000,-2.100000,0.155656
0.900000,-2.100000,0.195970
1.000000,-2.100000,0.227690
1.100000,-2.100000,0.251412
1.200000,-2.100000,0.267547
1.300000,-2.100000,0.276357
1.400000,-2.100000,0.277981
1.500000,-2.100000,0.381949
1.600000,-2.100000,0.470252
1.700000,-2.100000,0.545466
1.800000,-2.100000,0.609678
1.900000,-2.100000,0.664327
2.000000,-2.100000,0.710446
2.100000,-2.100000,0.748795
2.200000,-2.100000,0.779935
2.300000,-2.100000,0.804284
2.400000,-2.100000,0.822148
2.500000,-2.100000,0.833738
2.600000,-2.100000,0.839185
2.700000,-2.100000,0.741620
2.800000,-2.100000,
2.900000,-2.100000,
3.000000,-2.100000,
3.100000,-2.100000,
3.200000,-2.100000,
3.300000,-2.100000,
3.400000,-2.100000,
3.500000,-2.100000,
-3.500000,-2.000000,
-3.400000,-2.000000,
-3.300000,-2.000000,
-3.200000,-2.000000,
-3.100000,-2.000000,
-3.000000,-2.000000,
-2.900000,-2.000000,
-2.800000,-2.000000,0.640312
-2.700000,-2.000000,0.644110
-2.600000,-2.000000,0.604953
-2.500000,-2.000000,0.605483
-2.400000,-2.000000,0.600124
-2.300000,-2.000000,0.588819
-2.200000,-2.000000,0.571448
-2.100000,-2.000000,0.547817
-2.000000,-2.000000,0.517652
-1.900000,-2.000000,0.480577
-1.800000,-2.000000,0.436090
-1.700000,-2.000000,0.383523
-1.600000,-2.000000,0.321976
-1.500000,-2.000000,0.250218
-1.400000,-2.000000,0.176402
-1.300000,-2.000000,0.183605
-1.200000,-2.000000,0.183963
-1.100000,-2.000000,0.177480
-1.000000,-2.000000,0.164065
-0.900000,-2.000000,0.143522
-0.800000,-2.000000,0.115536
-0.700000,-2.000000,0.079648
-0.600000,-2.000000,0.035212
-0.500000,-2.000000,-0.018674
-0.400000,-2.000000,-0.083285
-0.300000,-2.000000,-0.160475
-0.200000,-2.000000,-0.253073
-0.100000,-2.000000,-0.365744
0.000000,-2.000000,-0.426136
0.100000,-2.000000,-0.373592
0.200000,-2.000000,-0.224773
0.300000,-2.000000,-0.107188
0.400000,-2.000000,-0.010867
0.500000,-2.000000,0.069366
0.600000,-2.000000,0.136593
0.700000,-2.000000,0.192813
0.800000,-2.000000,0.239392
0.900000,-2.000000,0.277293
1.000000,-2.000000,0.307208
1.100000,-2.000000,0.329630
1.200000,-2.000000,0.344904
1.300000,-2.000000,0.353252
1.400000,-2.000000,0.371384
1.500000,-2.000000,0.468283
1.600000,-2.000000,0.550987
1.700000,-2.000000,0.621961
1.800000,-2.000000,0.682881
1.900000,-2.000000,0.734939
2.000000,-2.000000,0.779007
2.100000,-2.000000,0.815737
2.200000,-2.000000,0.845617
2.300000,-2.000000,0.869013
2.400000,-2.000000,0.886194
2.500000,-2.000000,0.897349
2.600000,-2.000000,0.902594
2.700000,-2.000000,0.901984
2.800000,-2.000000,0.640312
2.900000,-2.000000,
3.000000,-2.000000,
3.100000,-2.000000,
3.200000,-2.000000,
3.300000,-2.000000,
3.400000,-2.000000,
3.500000,-2.000000,
-3.500000,-1.900000,
-3.400000,-1.900000,
-3.300000,-1.900000,
-3.200000,-1.900000,
-3.100000,-1.900000,
-3.000000,-1.900000,
-2.900000,-1.900000,0.479583
-2.800000,-1.900000,0.894427
-2.700000,-1.900000,0.839230
-2.600000,-1.900000,0.768722
-2.500000,-1.900000,0.679741
-2.400000,-1.900000,0.657048
-2.300000,-1.900000,0.646113
-2.200000,-1.900000,0.629318
-2.100000,-1.900000,0.606492
-2.000000,-1.900000,0.577385
-1.900000,-1.900000,0.541664
-1.800000,-1.900000,0.498883
-1.700000,-1.900000,0.448456
-1.600000,-1.900000,0.389604
-1.500000,-1.900000,0.321277
-1.400000,-1.900000,0.244649
-1.300000,-1.900000,0.251531
-1.200000,-1.900000,0.251873
-1.100000,-1.900000,0.245678
-1.000000,-1.900000,0.232868
-0.900000,-1.900000,0.213271
-0.800000,-1.900000,0.186616
-0.700000,-1.900000,0.152508
-0.600000,-1.900000,0.110401
-0.500000,-1.900000,0.059541
-0.400000,-1.900000,-0.001116
-0.300000,-1.900000,-0.073044
-0.200000,-1.900000,-0.158407
-0.100000,-1.900000,-0.260572
0.000000,-1.900000,-0.385270
0.100000,-1.900000,-0.249535
0.200000,-1.900000,-0.118978
0.300000,-1.900000,-0.012562
0.400000,-1.900000,0.076169
0.500000,-1.900000,0.150922
0.600000,-1.900000,0.214048
0.700000,-1.900000,0.267134
0.800000,-1.900000,0.311298
0.900000,-1.900000,0.347344
1.000000,-1.900000,0.375859
1.100000,-1.900000,0.397267
1.200000,-1.900000,0.411868
1.300000,-1.900000,0.419853
1.400000,-1.900000,0.450516
1.500000,-1.900000,0.541746
1.600000,-1.900000,0.620201
1.700000,-1.900000,0.687894
1.800000,-1.900000,0.746232
1.900000,-1.900000,0.796235
2.000000,-1.900000,0.838664
2.100000,-1.900000,0.874091
2.200000,-1.900000,0.902952
2.300000,-1.900000,0.925575
2.400000,-1.900000,0.942201
2.500000,-1.900000,0.953000
2.600000,-1.900000,0.958080
2.700000,-1.900000,1.032208
2.800000,-1.900000,0.894427
2.900000,-1.900000,0.479583
3.000000,-1.900000,
3.100000,-1.900000,
3.200000,-1.900000,
3.300000,-1.900000,
3.400000,-1.900000,
3.500000,-1.900000,
-3.500000,-1.800000,
-3.400000,-1.800000,
-3.300000,-1.800000,
-3.200000,-1.800000,
-3.100000,-1.800000,
-3.000000,-1.800000,0.100000
-2.900000,-1.800000,0.774597
-2.800000,-1.800000,1.040543
-2.700000,-1.800000,0.991981
-2.600000,-1.800000,0.931750
-2.500000,-1.800000,0.857698
-2.400000,-1.800000,0.766373
-2.300000,-1.800000,0.696005
-2.200000,-1.800000,0.679683
-2.100000,-1.800000,0.657512
-2.000000,-1.800000,0.629267
-1.900000,-1.800000,0.594643
-1.800000,-1.800000,0.553238
-1.700000,-1.800000,0.504526
-1.600000,-1.800000,0.447814
-1.500000,-1.800000,0.382182
-1.400000,-1.800000,0.306377
-1.300000,-1.800000,0.310300
-1.200000,-1.800000,0.310629
-1.100000,-1.800000,0.304664
-1.000000,-1.800000,0.292334
-0.900000,-1.800000,0.273487
-0.800000,-1.800000,0.247882
-0.700000,-1.800000,0.215172
-0.600000,-1.800000,0.174878
-0.500000,-1.800000,0.126350
-0.400000,-1.800000,0.068699
-0.300000,-1.800000,0.000695
-0.200000,-1.800000,-0.079419
-0.100000,-1.800000,-0.174269
0.000000,-1.800000,-0.288069
0.100000,-1.800000,-0.151323
0.200000,-1.800000,-0.032485
0.300000,-1.800000,0.066201
0.400000,-1.800000,0.149442
0.500000,-1.800000,0.220117
0.600000,-1.800000,0.280129
0.700000,-1.800000,0.330800
0.800000,-1.800000,0.373083
0.900000,-1.800000,0.407672
1.000000,-1.800000,0.435082
1.100000,-1.800000,0.455687
1.200000,-1.800000,0.469751
1.300000,-1.800000,0.477447
1.400000,-1.800000,0.517434
1.500000,-1.800000,0.604347
1.600000,-1.800000,0.679504
1.700000,-1.800000,0.744613
1.800000,-1.800000,0.800895
1.900000,-1.800000,0.849250
2.000000,-1.800000,0.890355
2.100000,-1.800000,0.924725
2.200000,-1.800000,0.952756
2.300000,-1.800000,0.974747
2.400000,-1.800000,0.990918
2.500000,-1.800000,1.061574
2.600000,-1.800000,1.143439
2.700000,-1.800000,1.209069
2.800000,-1.800000,1.081665
2.900000,-1.800000,0.774597
3.000000,-1.800000,0.100000
3.100000,-1.800000,
3.200000,-1.800000,
3.300000,-1.800000,
3.400000,-1.800000,
3.500000,-1.800000,
-3.500000,-1.700000,
-3.400000,-1.700000,
-3.300000,-1.700000,
-3.200000,-1.700000,
-3.100000,-1.700000,
-3.000000,-1.700000,0.600000
-2.900000,-1.700000,0.974679
-2.800000,-1.700000,1.161924
-2.700000,-1.700000,1.118127
-2.600000,-1.700000,1.064321
-2.500000,-1.700000,0.999064
-2.400000,-1.700000,0.920209
-2.300000,-1.700000,0.824358
-2.200000,-1.700000,0.723165
-2.100000,-1.700000,0.701531
-2.000000,-1.700000,0.673988
-1.900000,-1.700000,0.640257
-1.800000,-1.700000,0.599967
-1.700000,-1.700000,0.552637
-1.600000,-1.700000,0.497640
-1.500000,-1.700000,0.434148
-1.400000,-1.700000,0.361050
-1.300000,-1.700000,0.360895
-1.200000,-1.700000,0.361214
-1.100000,-1.700000,0.355434
-1.000000,-1.700000,0.343489
-0.900000,-1.700000,0.325242
-0.800000,-1.700000,0.300475
-0.700000,-1.700000,0.268876
-0.600000,-1.700000,0.230015
-0.500000,-1.700000,0.183315
-0.400000,-1.700000,0.127997
-0.300000,-1.700000,0.062996
-0.200000,-1.700000,-0.013175
-0.100000,-1.700000,-0.102680
0.000000,-1.700000,-0.206403
0.100000,-1.700000,-0.071673
0.200000,-1.700000,0.039032
0.300000,-1.700000,0.132098
0.400000,-1.700000,0.211227
0.500000,-1.700000,0.278786
0.600000,-1.700000,0.336383
0.700000,-1.700000,0.385163
0.800000,-1.700000,0.425960
0.900000,-1.700000,0.459392
1.000000,-1.700000,0.485920
1.100000,-1.700000,0.505881
1.200000,-1.700000,0.519515
1.300000,-1.700000,0.526978
1.400000,-1.700000,0.573913
1.500000,-1.700000,0.657480
1.600000,-1.700000,0.730042
1.700000,-1.700000,0.793097
1.800000,-1.700000,0.847732
1.900000,-1.700000,0.894757
2.000000,-1.700000,0.934789
2.100000,-1.700000,0.968299
2.200000,-1.700000,0.995653
2.300000,-1.700000,1.032710
2.400000,-1.700000,1.138412
2.500000,-1.700000,1.223865
2.600000,-1.700000,1.293775
2.700000,-1.700000,1.350949
2.800000,-1.700000,1.232883
2.900000,-1.700000,0.974679
3.000000,-1.700000,0.600000
3.100000,-1.700000,
3.200000,-1.700000,
3.300000,-1.700000,
3.400000,-1.700000,
3.500000,-1.700000,
-3.500000,-1.600000,
-3.400000,-1.600000,
-3.300000,-1.600000,
-3.200000,-1.600000,
-3.100000,-1.600000,0.282843
-3.000000,-1.600000,0.830662
-2.900000,-1.600000,1.131371
-2.800000,-1.600000,1.265587
-2.700000,-1.600000,1.225165
-2.600000,-1.600000,1.175806
-2.500000,-1.600000,1.116441
-2.400000,-1.600000,1.045544
-2.300000,-1.600000,0.960851
-2.200000,-1.600000,0.858792
-2.100000,-1.600000,0.739051
-2.000000,-1.600000,0.712081
-1.900000,-1.600000,0.679074
-1.800000,-1.600000,0.639686
-1.700000,-1.600000,0.593470
-1.600000,-1.600000,0.539847
-1.500000,-1.600000,0.478060
-1.400000,-1.600000,0.407101
-1.300000,-1.600000,0.404054
-1.200000,-1.600000,0.404365
-1.100000,-1.600000,0.398733
-1.000000,-1.600000,0.387098
-0.900000,-1.600000,0.369333
-0.800000,-1.600000,0.345238
-0.700000,-1.600000,0.314525
-0.600000,-1.600000,0.276804
-0.500000,-1.600000,0.231549
-0.400000,-1.600000,0.178060
-0.300000,-1.600000,0.115392
-0.200000,-1.600000,0.042240
-0.100000,-1.600000,-0.043251
0.000000,-1.600000,-0.132415
0.100000,-1.600000,-0.006597
0.200000,-1.600000,0.098213
0.300000,-1.600000,0.187074
0.400000,-1.600000,0.263063
0.500000,-1.600000,0.328207
0.600000,-1.600000,0.383914
0.700000,-1.600000,0.431200
0.800000,-1.600000,0.470818
0.900000,-1.600000,0.503327
1.000000,-1.600000,0.529149
1.100000,-1.600000,0.548593
1.200000,-1.600000,0.561880
1.300000,-1.600000,0.569157
1.400000,-1.600000,0.621191
1.500000,-1.600000,0.702144
1.600000,-1.600000,0.772657
1.700000,-1.600000,0.834076
1.800000,-1.600000,0.887391
1.900000,-1.600000,0.933345
2.000000,-1.600000,0.972509
2.100000,-1.600000,1.005323
2.200000,-1.600000,1.078877
2.300000,-1.600000,1.189706
2.400000,-1.600000,1.280315
2.500000,-1.600000,1.355423
2.600000,-1.600000,1.417875
2.700000,-1.600000,1.469523
2.800000,-1.600000,1.360147
2.900000,-1.600000,1.131371
3.000000,-1.600000,0.830662
3.100000,-1.600000,0.282843
3.200000,-1.600000,
3.300000,-1.600000,
3.400000,-1.600000,
3.500000,-1.600000,
-3.500000,-1.500000,
-3.400000,-1.500000,
-3.300000,-1.500000,
-3.200000,-1.500000,
-3.100000,-1.500000,0.624500
-3.000000,-1.500000,1.000000
-2.900000,-1.500000,1.260952
-2.800000,-1.500000,1.355266
-2.700000,-1.500000,1.317366
-2.600000,-1.500000,1.271279
-2.500000,-1.500000,1.216158
-2.400000,-1.500000,1.150830
-2.300000,-1.500000,1.073622
-2.200000,-1.500000,0.982043
-2.100000,-1.500000,0.872127
-2.000000,-1.500000,0.743957
-1.900000,-1.500000,0.711533
-1.800000,-1.500000,0.672868
-1.700000,-1.500000,0.627542
-1.600000,-1.500000,0.575014
-1.500000,-1.500000,0.514577
-1.400000,-1.500000,0.445302
-1.300000,-1.500000,0.440335
-1.200000,-1.500000,0.440639
-1.100000,-1.500000,0.435126
-1.000000,-1.500000,0.423740
-0.900000,-1.500000,0.406361
-0.800000,-1.500000,0.382802
-0.700000,-1.500000,0.352795
-0.600000,-1.500000,0.315978
-0.500000,-1.500000,0.271865
-0.400000,-1.500000,0.219814
-0.300000,-1.500000,0.158964
-0.200000,-1.500000,0.088142
-0.100000,-1.500000,0.005704
0.000000,-1.500000,-0.073095
0.100000,-1.500000,0.046346
0.200000,-1.500000,0.146785
0.300000,-1.500000,0.232461
0.400000,-1.500000,0.306035
0.500000,-1.500000,0.369301
0.600000,-1.500000,0.423526
0.700000,-1.500000,0.469636
0.800000,-1.500000,0.508319
0.900000,-1.500000,0.540094
1.000000,-1.500000,0.565353
1.100000,-1.500000,0.584384
1.200000,-1.500000,0.597395
1.300000,-1.500000,0.604522
1.400000,-1.500000,0.660159
1.500000,-1.500000,0.739073
1.600000,-1.500000,0.807975
1.700000,-1.500000,0.868101
1.800000,-1.500000,0.920366
1.900000,-1.500000,0.965466
2.000000,-1.500000,1.003936
2.100000,-1.500000,1.101112
2.200000,-1.500000,1.219276
2.300000,-1.500000,1.316394
2.400000,-1.500000,1.397546
2.500000,-1.500000,1.465780
2.600000,-1.500000,1.523079
2.700000,-1.500000,1.570802
2.800000,-1.500000,1.469694
2.900000,-1.500000,1.260952
3.000000,-1.500000,1.000000
3.100000,-1.500000,0.624500
3.200000,-1.500000,
3.300000,-1.500000,
3.400000,-1.500000,
3.500000,-1.500000,
-3.500000,-1.400000,
-3.400000,-1.400000,
-3.300000,-1.400000,
-3.200000,-1.400000,0.223607
-3.100000,-1.400000,0.824621
-3.000000,-1.400000,1.135782
-2.900000,-1.400000,1.371131
-2.800000,-1.400000,1.433385
-2.700000,-1.400000,1.397436
-2.600000,-1.400000,1.353852
-2.500000,-1.400000,1.301932
-2.400000,-1.400000,1.240724
-2.300000,-1.400000,1.168906
-2.200000,-1.400000,1.084584
-2.100000,-1.400000,0.984903
-2.000000,-1.400000,0.865220
-1.900000,-1.400000,0.737971
-1.800000,-1.400000,0.699875
-1.700000,-1.400000,0.655249
-1.600000,-1.400000,0.603578
-1.500000,-1.400000,0.544195
-1.400000,-1.400000,0.476226
-1.300000,-1.400000,0.470165
-1.200000,-1.400000,0.470464
-1.100000,-1.400000,0.465046
-1.000000,-1.400000,0.453856
-0.900000,-1.400000,0.436782
-0.800000,-1.400000,0.413646
-0.700000,-1.400000,0.384195
-0.600000,-1.400000,0.348087
-0.500000,-1.400000,0.304868
-0.400000,-1.400000,0.253936
-0.300000,-1.400000,0.194494
-0.200000,-1.400000,0.125463
-0.100000,-1.400000,0.045346
0.000000,-1.400000,-0.026055
0.100000,-1.400000,0.088750
0.200000,-1.400000,0.185934
0.300000,-1.400000,0.269199
0.400000,-1.400000,0.340925
0.500000,-1.400000,0.402743
0.600000,-1.400000,0.455818
0.700000,-1.400000,0.501010
0.800000,-1.400000,0.538962
0.900000,-1.400000,0.570161
1.000000,-1.400000,0.594977
1.100000,-1.400000,0.613684
1.200000,-1.400000,0.626476
1.300000,-1.400000,0.633485
1.400000,-1.400000,0.691463
1.500000,-1.400000,0.768811
1.600000,-1.400000,0.836468
1.700000,-1.400000,0.895588
1.800000,-1.400000,0.947035
1.900000,-1.400000,0.991466
2.000000,-1.400000,1.101164
2.100000,-1.400000,1.228976
2.200000,-1.400000,1.334028
2.300000,-1.400000,1.422145
2.400000,-1.400000,1.496755
2.500000,-1.400000,1.560063
2.600000,-1.400000,1.613576
2.700000,-1.400000,1.658364
2.800000,-1.400000,1.565248
2.900000,-1.400000,1.371131
3.000000,-1.400000,1.135782
3.100000,-1.400000,0.824621
3.200000,-1.400000,0.223607
3.300000,-1.400000,
3.400000,-1.400000,
3.500000,-1.400000,
-3.500000,-1.300000,
-3.400000,-1.300000,
-3.300000,-1.300000,
-3.200000,-1.300000,0.565685
-3.100000,-1.300000,0.974679
-3.000000,-1.300000,1.249000
-2.900000,-1.300000,1.466288
-2.800000,-1.300000,1.501613
-2.700000,-1.300000,1.467208
-2.600000,-1.300000,1.425591
-2.500000,-1.300000,1.376160
-2.400000,-1.300000,1.318112
-2.300000,-1.300000,1.250351
-2.200000,-1.300000,1.171353
-2.100000,-1.300000,1.078899
-2.000000,-1.300000,0.969576
-1.900000,-1.300000,0.837631
-1.800000,-1.300000,0.720984
-1.700000,-1.300000,0.676890
-1.600000,-1.300000,0.625868
-1.500000,-1.300000,0.567281
-1.400000,-1.300000,0.500296
-1.300000,-1.300000,0.493871
-1.200000,-1.300000,0.494166
-1.100000,-1.300000,0.488820
-1.000000,-1.300000,0.477782
-0.900000,-1.300000,0.460942
-0.800000,-1.300000,0.438131
-0.700000,-1.300000,0.409107
-0.600000,-1.300000,0.373543
-0.500000,-1.300000,0.331006
-0.400000,-1.300000,0.280927
-0.300000,-1.300000,0.222553
-0.200000,-1.300000,0.154871
-0.100000,-1.300000,0.076490
0.000000,-1.300000,0.010238
0.100000,-1.300000,0.121694
0.200000,-1.300000,0.216486
0.300000,-1.300000,0.297959
0.400000,-1.300000,0.368300
0.500000,-1.300000,0.429027
0.600000,-1.300000,0.481232
0.700000,-1.300000,0.525726
0.800000,-1.300000,0.563121
0.900000,-1.300000,0.593881
1.000000,-1.300000,0.618359
1.100000,-1.300000,0.636816
1.200000,-1.300000,0.649442
1.300000,-1.300000,0.656360
1.400000,-1.300000,0.715576
1.500000,-1.300000,0.791759
1.600000,-1.300000,0.858484
1.700000,-1.300000,0.916850
1.800000,-1.300000,0.967680
1.900000,-1.300000,1.079037
2.000000,-1.300000,1.219368
2.100000,-1.300000,1.334069
2.200000,-1.300000,1.430262
2.300000,-1.300000,1.511988
2.400000,-1.300000,1.581796
2.500000,-1.300000,1.641403
2.600000,-1.300000,1.692024
2.700000,-1.300000,1.734542
2.800000,-1.300000,1.649242
2.900000,-1.300000,1.466288
3.000000,-1.300000,1.249000
3.100000,-1.300000,0.974679
3.200000,-1.300000,0.565685
3.300000,-1.300000,
3.400000,-1.300000,
3.500000,-1.300000,
-3.500000,-1.200000,
-3.400000,-1.200000,
-3.300000,-1.200000,
-3.200000,-1.200000,0.754983
-3.100000,-1.200000,1.095445
-3.000000,-1.200000,1.345362
-2.900000,-1.200000,1.549193
-2.800000,-1.200000,1.561153
-2.700000,-1.200000,1.527990
-2.600000,-1.200000,1.487946
-2.500000,-1.200000,1.440490
-2.400000,-1.200000,1.384922
-2.300000,-1.200000,1.320305
-2.200000,-1.200000,1.245356
-2.100000,-1.200000,1.158261
-2.000000,-1.200000,1.056327
-1.900000,-1.200000,0.935270
-1.800000,-1.200000,0.787481
-1.700000,-1.200000,0.692683
-1.600000,-1.200000,0.642125
-1.500000,-1.200000,0.584106
-1.400000,-1.200000,0.517820
-1.300000,-1.200000,0.511695
-1.200000,-1.200000,0.511987
-1.100000,-1.200000,0.506695
-1.000000,-1.200000,0.495767
-0.900000,-1.200000,0.479099
-0.800000,-1.200000,0.456527
-0.700000,-1.200000,0.427815
-0.600000,-1.200000,0.392649
-0.500000,-1.200000,0.350611
-0.400000,-1.200000,0.301152
-0.300000,-1.200000,0.243552
-0.200000,-1.200000,0.176845
-0.100000,-1.200000,0.099713
0.000000,-1.200000,0.036796
0.100000,-1.200000,0.145917
0.200000,-1.200000,0.239022
0.300000,-1.200000,0.319220
0.400000,-1.200000,0.388571
0.500000,-1.200000,0.448513
0.600000,-1.200000,0.500090
0.700000,-1.200000,0.544081
0.800000,-1.200000,0.581072
0.900000,-1.200000,0.611514
1.000000,-1.200000,0.635746
1.100000,-1.200000,0.654022
1.200000,-1.200000,0.666526
1.300000,-1.200000,0.673379
1.400000,-1.200000,0.732837
1.500000,-1.200000,0.808206
1.600000,-1.200000,0.874279
1.700000,-1.200000,0.932115
1.800000,-1.200000,1.032990
1.900000,-1.200000,1.189894
2.000000,-1.200000,1.316519
2.100000,-1.200000,1.422222
2.200000,-1.200000,1.512024
2.300000,-1.200000,1.588988
2.400000,-1.200000,1.655135
2.500000,-1.200000,1.711876
2.600000,-1.200000,1.760229
2.700000,-1.200000,1.800949
2.800000,-1.200000,1.723369
2.900000,-1.200000,1.549193
3.000000,-1.200000,1.345362
3.100000,-1.200000,1.095445
3.200000,-1.200000,0.754983
3.300000,-1.200000,
3.400000,-1.200000,
3.500000,-1.200000,
-3.500000,-1.100000,
-3.400000,-1.100000,
-3.300000,-1.100000,0.387298
-3.200000,-1.100000,0.894427
-3.100000,-1.100000,1.195826
-3.000000,-1.100000,1.428286
-2.900000,-1.100000,1.621727
-2.800000,-1.100000,1.688300
-2.700000,-1.100000,1.690831
-2.600000,-1.100000,1.681992
-2.500000,-1.100000,1.661428
-2.400000,-1.100000,1.628259
-2.300000,-1.100000,1.580865
-2.200000,-1.100000,1.516396
-2.100000,-1.100000,1.429566
-2.000000,-1.100000,1.308885
-1.900000,-1.100000,1.116983
-1.800000,-1.100000,0.880037
-1.700000,-1.100000,0.710701
-1.600000,-1.100000,0.652519
-1.500000,-1.100000,0.594856
-1.400000,-1.100000,0.529009
-1.300000,-1.100000,0.523812
-1.200000,-1.100000,0.524102
-1.100000,-1.100000,0.518845
-1.000000,-1.100000,0.507991
-0.900000,-1.100000,0.491439
-0.800000,-1.100000,0.469025
-0.700000,-1.100000,0.440522
-0.600000,-1.100000,0.405621
-0.500000,-1.100000,0.363914
-0.400000,-1.100000,0.314868
-0.300000,-1.100000,0.257781
-0.200000,-1.100000,0.191719
-0.100000,-1.100000,0.115408
0.000000,-1.100000,0.054278
0.100000,-1.100000,0.161913
0.200000,-1.100000,0.253934
0.300000,-1.100000,0.333311
0.400000,-1.100000,0.402020
0.500000,-1.100000,0.461453
0.600000,-1.100000,0.512621
0.700000,-1.100000,0.556283
0.800000,-1.100000,0.593011
0.900000,-1.100000,0.623244
1.000000,-1.100000,0.647316
1.100000,-1.100000,0.665474
1.200000,-1.100000,0.677898
1.300000,-1.100000,0.684707
1.400000,-1.100000,0.743473
1.500000,-1.100000,0.818349
1.600000,-1.100000,0.884026
1.700000,-1.100000,0.958745
1.800000,-1.100000,1.138710
1.900000,-1.100000,1.280531
2.000000,-1.100000,1.397703
2.100000,-1.100000,1.496863
2.200000,-1.100000,1.581864
2.300000,-1.100000,1.655168
2.400000,-1.100000,1.718457
2.500000,-1.100000,1.772932
2.600000,-1.100000,1.819476
2.700000,-1.100000,1.858752
2.800000,-1.100000,1.788854
2.900000,-1.100000,1.621727
3.000000,-1.100000,1.428286
3.100000,-1.100000,1.195826
3.200000,-1.100000,0.894427
3.300000,-1.100000,0.387298
3.400000,-1.100000,
3.500000,-1.100000,
-3.500000,-1.000000,
-3.400000,-1.000000,
-3.300000,-1.000000,0.600000
-3.200000,-1.000000,1.004988
-3.100000,-1.000000,1.280625
-3.000000,-1.000000,1.500000
-2.900000,-1.000000,1.685230
-2.800000,-1.000000,1.846619
-2.700000,-1.000000,1.868978
-2.600000,-1.000000,1.861633
-2.500000,-1.000000,1.844638
-2.400000,-1.000000,1.817505
-2.300000,-1.000000,1.779385
-2.200000,-1.000000,1.728916
-2.100000,-1.000000,1.663916
-2.000000,-1.000000,1.580728
-1.900000,-1.000000,1.472561
-1.800000,-1.000000,1.323945
-1.700000,-1.000000,1.074122
-1.600000,-1.000000,0.657152
-1.500000,-1.000000,0.599648
-1.400000,-1.000000,0.533994
-1.300000,-1.000000,0.530335
-1.200000,-1.000000,0.530624
-1.100000,-1.000000,0.525386
-1.000000,-1.000000,0.514572
-0.900000,-1.000000,0.498081
-0.800000,-1.000000,0.475752
-0.700000,-1.000000,0.447360
-0.600000,-1.000000,0.412600
-0.500000,-1.000000,0.371069
-0.400000,-1.000000,0.322242
-0.300000,-1.000000,0.265427
-0.200000,-1.000000,0.199706
-0.100000,-1.000000,0.123829
0.000000,-1.000000,0.063087
0.100000,-1.000000,0.169987
0.200000,-1.000000,0.261472
0.300000,-1.000000,0.340438
0.400000,-1.000000,0.408828
0.500000,-1.000000,0.468006
0.600000,-1.000000,0.518970
0.700000,-1.000000,0.562467
0.800000,-1.000000,0.599063
0.900000,-1.000000,0.629192
1.000000,-1.000000,0.653182
1.100000,-1.000000,0.671281
1.200000,-1.000000,0.683665
1.300000,-1.000000,0.690453
1.400000,-1.000000,0.747621
1.500000,-1.000000,0.822307
1.600000,-1.000000,0.887830
1.700000,-1.000000,1.062007
1.800000,-1.000000,1.224184
1.900000,-1.000000,1.355666
2.000000,-1.000000,1.465965
2.100000,-1.000000,1.563684
2.200000,-1.000000,1.641501
2.300000,-1.000000,1.711938
2.400000,-1.000000,1.772961
2.500000,-1.000000,1.825624
2.600000,-1.000000,1.870711
2.700000,-1.000000,1.908818
2.800000,-1.000000,1.846619
2.900000,-1.000000,1.685230
3.000000,-1.000000,1.500000
3.100000,-1.000000,1.280625
3.200000,-1.000000,1.004988
3.300000,-1.000000,0.600000
3.400000,-1.000000,
3.500000,-1.000000,
-3.500000,-0.900000,
-3.400000,-0.900000,
-3.300000,-0.900000,0.741620
-3.200000,-0.900000,1.095445
-3.100000,-0.900000,1.352775
-3.000000,-0.900000,1.562050
-2.900000,-0.900000,1.740690
-2.800000,-0.900000,1.897367
-2.700000,-0.900000,2.012980
-2.600000,-0.900000,2.006518
-2.500000,-0.900000,1.991605
-2.400000,-0.900000,1.967914
-2.300000,-0.900000,1.934892
-2.200000,-0.900000,1.891687
-2.100000,-0.900000,1.837017
-2.000000,-0.900000,1.768929
-1.900000,-0.900000,1.684300
-1.800000,-0.900000,1.577697
-1.700000,-0.900000,1.438068
-1.600000,-0.900000,1.234121
-1.500000,-0.900000,0.598531
-1.400000,-0.900000,0.532832
-1.300000,-0.900000,0.531326
-1.200000,-0.900000,0.531615
-1.100000,-0.900000,0.526379
-1.000000,-0.900000,0.515572
-0.900000,-0.900000,0.499089
-0.800000,-0.900000,0.476774
-0.700000,-0.900000,0.448398
-0.600000,-0.900000,0.413659
-0.500000,-0.900000,0.372155
-0.400000,-0.900000,0.323361
-0.300000,-0.900000,0.266587
-0.200000,-0.900000,0.200918
-0.100000,-0.900000,0.125107
0.000000,-0.900000,0.063416
0.100000,-0.900000,0.170289
0.200000,-0.900000,0.261754
0.300000,-0.900000,0.340705
0.400000,-0.900000,0.409082
0.500000,-0.900000,0.468251
0.600000,-0.900000,0.519208
0.700000,-0.900000,0.562699
0.800000,-0.900000,0.599290
0.900000,-0.900000,0.629415
1.000000,-0.900000,0.653402
1.100000,-0.900000,0.671499
1.200000,-0.900000,0.683881
1.300000,-0.900000,0.690668
1.400000,-0.900000,0.745333
1.500000,-0.900000,0.820123
1.600000,-0.900000,0.952136
1.700000,-0.900000,1.341957
1.800000,-0.900000,1.522300
1.900000,-0.900000,1.643937
2.000000,-0.900000,1.734625
2.100000,-0.900000,1.804264
2.200000,-0.900000,1.857708
2.300000,-0.900000,1.897696
2.400000,-0.900000,1.925883
2.500000,-0.900000,1.943272
2.600000,-0.900000,1.950426
2.700000,-0.900000,1.951806
2.800000,-0.900000,1.897367
2.900000,-0.900000,1.740690
3.000000,-0.900000,1.562050
3.100000,-0.900000,1.352775
3.200000,-0.900000,1.095445
3.300000,-0.900000,0.741620
3.400000,-0.900000,
3.500000,-0.900000,
-3.500000,-0.800000,
-3.400000,-0.800000,0.223607
-3.300000,-0.800000,0.848528
-3.200000,-0.800000,1.170470
-3.100000,-0.800000,1.414214
-3.000000,-0.800000,1.615549
-2.900000,-0.800000,1.788854
-2.800000,-0.800000,1.941649
-2.700000,-0.800000,2.078461
-2.600000,-0.800000,2.128137
-2.500000,-0.800000,2.114613
-2.400000,-0.800000,2.093190
-2.300000,-0.800000,2.063467
-2.200000,-0.800000,2.024835
-2.100000,-0.800000,1.976410
-2.000000,-0.800000,1.916912
-1.900000,-0.800000,1.844434
-1.800000,-0.800000,1.756006
-1.700000,-0.800000,1.646599
-1.600000,-0.800000,1.506428
-1.500000,-0.800000,1.310384
-1.400000,-0.800000,1.276390
-1.300000,-0.800000,1.254183
-1.200000,-0.800000,1.204160
-1.100000,-0.800000,1.111305
-1.000000,-0.800000,0.510999
-0.900000,-0.800000,0.494474
-0.800000,-0.800000,0.472100
-0.700000,-0.800000,0.443648
-0.600000,-0.800000,0.408811
-0.500000,-0.800000,0.367184
-0.400000,-0.800000,0.318239
-0.300000,-0.800000,0.261277
-0.200000,-0.800000,0.195371
-0.100000,-0.800000,0.119259
0.000000,-0.800000,0.055273
0.100000,-0.800000,0.162824
0.200000,-0.800000,0.254785
0.300000,-0.800000,0.334115
0.400000,-0.800000,0.402788
0.500000,-0.800000,0.462192
0.600000,-0.800000,0.513337
0.700000,-0.800000,0.556980
0.800000,-0.800000,0.593694
0.900000,-0.800000,0.623915
1.000000,-0.800000,0.647977
1.100000,-0.800000,1.094676
1.200000,-0.800000,1.166896
1.300000,-0.800000,1.190724
1.400000,-0.800000,1.178877
1.500000,-0.800000,1.231026
1.600000,-0.800000,1.491022
1.700000,-0.800000,1.647605
1.800000,-0.800000,1.762827
1.900000,-0.800000,1.852649
2.000000,-0.800000,1.924117
2.100000,-0.800000,1.981049
2.200000,-0.800000,2.025754
2.300000,-0.800000,2.059709
2.400000,-0.800000,2.083879
2.500000,-0.800000,2.098881
2.600000,-0.800000,2.105073
2.700000,-0.800000,2.078461
2.800000,-0.800000,1.941649
2.900000,-0.800000,1.788854
3.000000,-0.800000,1.615549
3.100000,-0.800000,1.414214
3.200000,-0.800000,1.170470
3.300000,-0.800000,0.848528
3.400000,-0.800000,0.223607
3.500000,-0.800000,
-3.500000,-0.700000,
-3.400000,-0.700000,0.447214
-3.300000,-0.700000,0.932738
-3.200000,-0.700000,1.232883
-3.100000,-0.700000,1.466288
-3.000000,-0.700000,1.661325
-2.900000,-0.700000,1.830301
-2.800000,-0.700000,1.979899
-2.700000,-0.700000,2.114237
-2.600000,-0.700000,2.232462
-2.500000,-0.700000,2.219936
-2.400000,-0.700000,2.200135
-2.300000,-0.700000,2.172743
-2.200000,-0.700000,2.137289
-2.100000,-0.700000,2.093108
-2.000000,-0.700000,2.039260
-1.900000,-0.700000,1.974408
-1.800000,-0.700000,1.896587
-1.700000,-0.700000,1.802759
-1.600000,-0.700000,1.687819
-1.500000,-0.700000,1.564224
-1.400000,-0.700000,1.565017
-1.300000,-0.700000,1.551881
-1.200000,-0.700000,1.524015
-1.100000,-0.700000,1.479493
-1.000000,-0.700000,1.414448
-0.900000,-0.700000,1.320607
-0.800000,-0.700000,1.174497
-0.700000,-0.700000,0.433060
-0.600000,-0.700000,0.398003
-0.500000,-0.700000,0.356102
-0.400000,-0.700000,0.306815
-0.300000,-0.700000,0.249428
-0.200000,-0.700000,0.182989
-0.100000,-0.700000,0.106198
0.000000,-0.700000,0.038479
0.100000,-0.700000,0.147455
0.200000,-0.700000,0.240455
0.300000,-0.700000,0.320573
0.400000,-0.700000,0.389862
0.500000,-0.700000,0.449755
0.600000,-0.700000,0.501293
0.700000,-0.700000,1.113915
0.800000,-0.700000,1.299005
0.900000,-0.700000,1.402564
1.000000,-0.700000,1.470877
1.100000,-0.700000,1.515799
1.200000,-0.700000,1.542260
1.300000,-0.700000,1.552512
1.400000,-0.700000,1.547326
1.500000,-0.700000,1.576030
1.600000,-0.700000,1.728377
1.700000,-0.700000,1.844374
1.800000,-0.700000,1.936908
1.900000,-0.700000,2.012124
2.000000,-0.700000,2.073502
2.100000,-0.700000,2.123213
2.200000,-0.700000,2.162693
2.300000,-0.700000,2.192916
2.400000,-0.700000,2.214544
2.500000,-0.700000,2.228015
2.600000,-0.700000,2.233585
2.700000,-0.700000,2.114237
2.800000,-0.700000,1.979899
2.900000,-0.700000,1.830301
3.000000,-0.700000,1.661325
3.100000,-0.700000,1.466288
3.200000,-0.700000,1.232883
3.300000,-0.700000,0.932738
3.400000,-0.700000,0.447214
3.500000,-0.700000,
-3.500000,-0.600000,
-3.400000,-0.600000,0.574456
-3.300000,-0.600000,1.000000
-3.200000,-0.600000,1.284523
-3.100000,-0.600000,1.509967
-3.000000,-0.600000,1.700000
-2.900000,-0.600000,1.865476
-2.800000,-0.600000,2.012461
-2.700000,-0.600000,2.144761
-2.600000,-0.600000,2.264950
-2.500000,-0.600000,2.311296
-2.400000,-0.600000,2.292714
-2.300000,-0.600000,2.267061
-2.200000,-0.600000,2.233953
-2.100000,-0.600000,2.192859
-2.000000,-0.600000,2.143039
-1.900000,-0.600000,2.083473
-1.800000,-0.600000,2.012716
-1.700000,-0.600000,1.928651
-1.600000,-0.600000,1.827994
-1.500000,-0.600000,1.756271
-1.400000,-0.600000,1.756898
-1.300000,-0.600000,1.746549
-1.200000,-0.600000,1.724841
-1.100000,-0.600000,1.690903
-1.000000,-0.600000,1.643184
-0.900000,-0.600000,1.579016
-0.800000,-0.600000,1.493568
-0.700000,-0.600000,1.376755
-0.600000,-0.600000,1.199108
-0.500000,-0.600000,0.338782
-0.400000,-0.600000,0.288951
-0.300000,-0.600000,0.230886
-0.200000,-0.600000,0.163595
-0.100000,-0.600000,0.085715
0.000000,-0.600000,0.012649
0.100000,-0.600000,0.123889
0.200000,-0.600000,0.218526
0.300000,-0.600000,0.299882
0.400000,-0.600000,0.370132
0.500000,-0.600000,1.183190
0.600000,-0.600000,1.383381
0.700000,-0.600000,1.505839
0.800000,-0.600000,1.593102
0.900000,-0.600000,1.657441
1.000000,-0.600000,1.704379
1.100000,-0.600000,1.736852
1.200000,-0.600000,1.756507
1.300000,-0.600000,1.764220
1.400000,-0.600000,1.760311
1.500000,-0.600000,1.777741
1.600000,-0.600000,1.898251
1.700000,-0.600000,1.995587
1.800000,-0.600000,2.075772
1.900000,-0.600000,2.142267
2.000000,-0.600000,2.197262
2.100000,-0.600000,2.242225
2.200000,-0.600000,2.278175
2.300000,-0.600000,2.305828
2.400000,-0.600000,2.325684
2.500000,-0.600000,2.338077
2.600000,-0.600000,2.264950
2.700000,-0.600000,2.144761
2.800000,-0.600000,2.012461
2.900000,-0.600000,1.865476
3.000000,-0.600000,1.700000
3.100000,-0.600000,1.509967
3.200000,-0.600000,1.284523
3.300000,-0.600000,1.000000
3.400000,-0.600000,0.574456
3.500000,-0.600000,
-3.500000,-0.500000,
-3.400000,-0.500000,0.663325
-3.300000,-0.500000,1.053565
-3.200000,-0.500000,1.326650
-3.100000,-0.500000,1.545962
-3.000000,-0.500000,1.732051
-2.900000,-0.500000,1.894730
-2.800000,-0.500000,2.039608
-2.700000,-0.500000,2.170253
-2.600000,-0.500000,2.289105
-2.500000,-0.500000,2.391112
-2.400000,-0.500000,2.373477
-2.300000,-0.500000,2.349168
-2.200000,-0.500000,2.317862
-2.100000,-0.500000,2.279113
-2.000000,-0.500000,2.232313
-1.900000,-0.500000,2.176637
-1.800000,-0.500000,2.110948
-1.700000,-0.500000,2.033637
-1.600000,-0.500000,1.942332
-1.500000,-0.500000,1.905145
-1.400000,-0.500000,1.905684
-1.300000,-0.500000,1.896795
-1.200000,-0.500000,1.878235
-1.100000,-0.500000,1.849471
-1.000000,-0.500000,1.809595
-0.900000,-0.500000,1.757156
-0.800000,-0.500000,1.689830
-0.700000,-0.500000,1.603686
-0.600000,-0.500000,1.491289
-0.500000,-0.500000,1.335041
-0.400000,-0.500000,1.053886
-0.300000,-0.500000,0.205403
-0.200000,-0.500000,0.136903
-0.100000,-0.500000,0.057470
0.000000,-0.500000,-0.022854
0.100000,-0.500000,0.091647
0.200000,-0.500000,0.188617
0.300000,-0.500000,1.020023
0.400000,-0.500000,1.356069
0.500000,-0.500000,1.517593
0.600000,-0.500000,1.631298
0.700000,-0.500000,1.717401
0.800000,-0.500000,1.784010
0.900000,-0.500000,1.835301
1.000000,-0.500000,1.873699
1.100000,-0.500000,1.900689
1.200000,-0.500000,1.917182
1.300000,-0.500000,1.923684
1.400000,-0.500000,1.920387
1.500000,-0.500000,1.929032
1.600000,-0.500000,2.032849
1.700000,-0.500000,2.119042
1.800000,-0.500000,2.191284
1.900000,-0.500000,2.251897
2.000000,-0.500000,2.302445
2.100000,-0.500000,2.344022
2.200000,-0.500000,2.377413
2.300000,-0.500000,2.403180
2.400000,-0.500000,2.421724
2.500000,-0.500000,2.397916
2.600000,-0.500000,2.289105
2.700000,-0.500000,2.170253
2.800000,-0.500000,2.039608
2.900000,-0.500000,1.894730
3.000000,-0.500000,1.732051
3.100000,-0.500000,1.545962
3.200000,-0.500000,1.326650
3.300000,-0.500000,1.053565
3.400000,-0.500000,0.663325
3.500000,-0.500000,
-3.500000,-0.400000,
-3.400000,-0.400000,0.728011
-3.300000,-0.400000,1.095445
-3.200000,-0.400000,1.360147
-3.100000,-0.400000,1.574802
-3.000000,-0.400000,1.757840
-2.900000,-0.400000,1.918333
-2.800000,-0.400000,2.061553
-2.700000,-0.400000,2.190890
-2.600000,-0.400000,2.308679
-2.500000,-0.400000,2.416609
-2.400000,-0.400000,2.444175
-2.300000,-0.400000,2.420932
-2.200000,-0.400000,2.391045
-2.100000,-0.400000,2.354131
-2.000000,-0.400000,2.309670
-1.900000,-0.400000,2.256969
-1.800000,-0.400000,2.195089
-1.700000,-0.400000,2.122734
-1.600000,-0.400000,2.038058
-1.500000,-0.400000,2.027211
-1.400000,-0.400000,2.027694
-1.300000,-0.400000,2.019726
-1.200000,-0.400000,2.003131
-1.100000,-0.400000,1.977532
-1.000000,-0.400000,1.942301
-0.900000,-0.400000,1.896475
-0.800000,-0.400000,1.838595
-0.700000,-0.400000,1.766401
-0.600000,-0.400000,1.676192
-0.500000,-0.400000,1.561231
-0.400000,-0.400000,1.406627
-0.300000,-0.400000,1.159066
-0.200000,-0.400000,0.102489
-0.100000,-0.400000,0.020959
0.000000,-0.400000,-0.069009
0.100000,-0.400000,0.050015
0.200000,-0.400000,1.186709
0.300000,-0.400000,1.443799
0.400000,-0.400000,1.599381
0.500000,-0.400000,1.713947
0.600000,-0.400000,1.803251
0.700000,-0.400000,1.874266
0.800000,-0.400000,1.930783
0.900000,-0.400000,1.975091
1.000000,-0.400000,2.008656
1.100000,-0.400000,2.032433
1.200000,-0.400000,2.047032
1.300000,-0.400000,2.052802
1.400000,-0.400000,2.049875
1.500000,-0.400000,2.050870
1.600000,-0.400000,2.144151
1.700000,-0.400000,2.222835
1.800000,-0.400000,2.289495
1.900000,-0.400000,2.345853
2.000000,-0.400000,2.393116
2.100000,-0.400000,2.432154
2.200000,-0.400000,2.463603
2.300000,-0.400000,2.487927
2.400000,-0.400000,2.505462
2.500000,-0.400000,2.416609
2.600000,-0.400000,2.308679
2.700000,-0.400000,2.190890
2.800000,-0.400000,2.061553
2.900000,-0.400000,1.918333
3.000000,-0.400000,1.757840
3.100000,-0.400000,1.574802
3.200000,-0.400000,1.360147
3.300000,-0.400000,1.095445
3.400000,-0.400000,0.728011
3.500000,-0.400000,
-3.500000,-0.300000,
-3.400000,-0.300000,0.774597
-3.300000,-0.300000,1.126943
-3.200000,-0.300000,1.385641
-3.100000,-0.300000,1.596872
-3.000000,-0.300000,1.777639
-2.900000,-0.300000,1.936492
-2.800000,-0.300000,2.078461
-2.700000,-0.300000,2.206808
-2.600000,-0.300000,2.323790
-2.500000,-0.300000,2.431049
-2.400000,-0.300000,2.506065
-2.300000,-0.300000,2.483680
-2.200000,-0.300000,2.454932
-2.100000,-0.300000,2.419482
-2.000000,-0.300000,2.376874
-1.900000,-0.300000,2.326506
-1.800000,-0.300000,2.267576
-1.700000,-0.300000,2.198996
-1.600000,-0.300000,2.121878
-1.500000,-0.300000,2.130106
-1.400000,-0.300000,2.130551
-1.300000,-0.300000,2.123222
-1.200000,-0.300000,2.107983
-1.100000,-0.300000,2.084544
-1.000000,-0.300000,2.052429
-0.900000,-0.300000,2.010924
-0.800000,-0.300000,1.958984
-0.700000,-0.300000,1.895067
-0.600000,-0.300000,1.816824
-0.500000,-0.300000,1.720439
-0.400000,-0.300000,1.599025
-0.300000,-0.300000,1.437494
-0.200000,-0.300000,1.183111
-0.100000,-0.300000,-0.024540
0.000000,-0.300000,-0.123525
0.100000,-0.300000,1.231479
0.200000,-0.300000,1.485997
0.300000,-0.300000,1.646199
0.400000,-0.300000,1.766137
0.500000,-0.300000,1.861016
0.600000,-0.300000,1.937733
0.700000,-0.300000,2.000098
0.800000,-0.300000,2.050447
0.900000,-0.300000,2.090307
1.000000,-0.300000,2.120706
1.100000,-0.300000,2.142340
1.200000,-0.300000,2.155661
1.300000,-0.300000,2.160934
1.400000,-0.300000,2.158259
1.500000,-0.300000,2.152235
1.600000,-0.300000,2.238202
1.700000,-0.300000,2.311466
1.800000,-0.300000,2.373986
1.900000,-0.300000,2.427126
2.000000,-0.300000,2.471869
2.100000,-0.300000,2.508937
2.200000,-0.300000,2.538868
2.300000,-0.300000,2.562058
2.400000,-0.300000,2.529822
2.500000,-0.300000,2.431049
2.600000,-0.300000,2.323790
2.700000,-0.300000,2.206808
2.800000,-0.300000,2.078461
2.900000,-0.300000,1.936492
3.000000,-0.300000,1.777639
3.100000,-0.300000,1.596872
3.200000,-0.300000,1.385641
3.300000,-0.300000,1.126943
3.400000,-0.300000,0.774597
3.500000,-0.300000,
-3.500000,-0.200000,
-3.400000,-0.200000,0.806226
-3.300000,-0.200000,1.148913
-3.200000,-0.200000,1.403567
-3.100000,-0.200000,1.612452
-3.000000,-0.200000,1.791647
-2.900000,-0.200000,1.949359
-2.800000,-0.200000,2.090454
-2.700000,-0.200000,2.218107
-2.600000,-0.200000,2.334524
-2.500000,-0.200000,2.441311
-2.400000,-0.200000,2.539685
-2.300000,-0.200000,2.630589
-2.200000,-0.200000,2.714774
-2.100000,-0.200000,2.792848
-2.000000,-0.200000,2.865310
-1.900000,-0.200000,2.932576
-1.800000,-0.200000,2.994996
-1.700000,-0.200000,3.052868
-1.600000,-0.200000,3.106445
-1.500000,-0.200000,2.218134
-1.400000,-0.200000,2.218551
-1.300000,-0.200000,2.211692
-1.200000,-0.200000,2.197447
-1.100000,-0.200000,2.175580
-1.000000,-0.200000,2.145708
-0.900000,-0.200000,2.107263
-0.800000,-0.200000,2.059436
-0.700000,-0.200000,2.001067
-0.600000,-0.200000,1.930462
-0.500000,-0.200000,1.845044
-0.400000,-0.200000,1.740604
-0.300000,-0.200000,1.609427
-0.200000,-0.200000,1.434033
-0.100000,-0.200000,1.145851
0.000000,-0.200000,1.212238
0.100000,-0.200000,1.492479
0.200000,-0.200000,1.664502
0.300000,-0.200000,1.793226
0.400000,-0.200000,1.895599
0.500000,-0.200000,1.979149
0.600000,-0.200000,2.047996
0.700000,-0.200000,2.104663
0.800000,-0.200000,2.150809
0.900000,-0.200000,2.187564
1.000000,-0.200000,2.215718
1.100000,-0.200000,2.235813
1.200000,-0.200000,2.248211
1.300000,-0.200000,2.253123
1.400000,-0.200000,2.250630
1.500000,-0.200000,2.240692
1.600000,-0.200000,2.318562
1.700000,-0.200000,2.387740
1.800000,-0.200000,2.447080
1.900000,-0.200000,2.497715
2.000000,-0.200000,2.540474
2.100000,-0.200000,2.575980
2.200000,-0.200000,2.604700
2.300000,-0.200000,2.626980
2.400000,-0.200000,2.539685
2.500000,-0.200000,2.441311
2.600000,-0.200000,2.334524
2.700000,-0.200000,2.218107
2.800000,-0.200000,2.090454
2.900000,-0.200000,1.949359
3.000000,-0.200000,1.791647
3.100000,-0.200000,1.612452
3.200000,-0.200000,1.403567
3.300000,-0.200000,1.148913
3.400000,-0.200000,0.806226
3.500000,-0.200000,
-3.500000,-0.100000,
-3.400000,-0.100000,0.824621
-3.300000,-0.100000,1.161895
-3.200000,-0.100000,1.414214
-3.100000,-0.100000,1.621727
-3.000000,-0.100000,1.800000
-2.900000,-0.100000,1.957039
-2.800000,-0.100000,2.097618
-2.700000,-0.100000,2.224860
-2.600000,-0.100000,2.340940
-2.500000,-0.100000,2.447448
-2.400000,-0.100000,2.545584
-2.300000,-0.100000,2.636285
-2.200000,-0.100000,2.720294
-2.100000,-0.100000,2.798214
-2.000000,-0.100000,2.870540
-1.900000,-0.100000,2.937686
-1.800000,-0.100000,3.000000
-1.700000,-0.100000,3.057777
-1.600000,-0.100000,3.111270
-1.500000,-0.100000,3.160696
-1.400000,-0.100000,3.206244
-1.300000,-0.100000,3.248076
-1.200000,-0.100000,2.274407
-1.100000,-0.100000,2.253732
-1.000000,-0.100000,2.225546
-0.900000,-0.100000,2.189380
-0.800000,-0.100000,2.144569
-0.700000,-0.100000,2.090183
-0.600000,-0.100000,2.024904
-0.500000,-0.100000,1.946804
-0.400000,-0.100000,1.852920
-0.300000,-0.100000,1.738313
-0.200000,-0.100000,1.593574
-0.100000,-0.100000,1.395601
0.000000,-0.100000,1.464479
0.100000,-0.100000,1.656365
0.200000,-0.100000,1.797491
0.300000,-0.100000,1.909388
0.400000,-0.100000,2.001007
0.500000,-0.100000,2.077096
0.600000,-0.100000,2.140517
0.700000,-0.100000,2.193134
0.800000,-0.100000,2.236227
0.900000,-0.100000,2.270693
1.000000,-0.100000,2.297172
1.100000,-0.100000,2.316112
1.200000,-0.100000,2.327812
1.300000,-0.100000,2.332451
1.400000,-0.100000,2.330097
1.500000,-0.100000,2.320715
1.600000,-0.100000,2.387527
1.700000,-0.100000,2.453537
1.800000,-0.100000,2.510379
1.900000,-0.100000,2.559024
2.000000,-0.100000,2.600197
2.100000,-0.100000,2.634446
2.200000,-0.100000,2.662185
2.300000,-0.100000,2.636285
2.400000,-0.100000,2.545584
2.500000,-0.100000,2.447448
2.600000,-0.100000,2.340940
2.700000,-0.100000,2.224860
2.800000,-0.100000,2.097618
2.900000,-0.100000,1.957039
3.000000,-0.100000,1.800000
3.100000,-0.100000,1.621727
3.200000,-0.100000,1.414214
3.300000,-0.100000,1.161895
3.400000,-0.100000,0.824621
3.500000,-0.100000,
-3.500000,0.000000,0.000000
-3.400000,0.000000,0.830662
-3.300000,0.000000,1.166190
-3.200000,0.000000,1.417745
-3.100000,0.000000,1.624808
-3.000000,0.000000,1.802776
-2.900000,0.000000,1.959592
-2.800000,0.000000,2.100000
-2.700000,0.000000,2.227106
-2.600000,0.000000,2.343075
-2.500000,0.000000,2.449490
-2.400000,0.000000,2.547548
-2.300000,0.000000,2.638181
-2.200000,0.000000,2.722132
-2.100000,0.000000,2.800000
-2.000000,0.000000,2.872281
-1.900000,0.000000,2.939388
-1.800000,0.000000,3.001666
-1.700000,0.000000,3.059412
-1.600000,0.000000,3.112876
-1.500000,0.000000,3.162278
-1.400000,0.000000,3.207803
-1.300000,0.000000,3.249615
-1.200000,0.000000,3.287856
-1.100000,0.000000,2.321041
-1.000000,0.000000,2.294162
-0.900000,0.000000,2.259745
-0.800000,0.000000,2.217227
-0.700000,0.000000,2.165827
-0.600000,0.000000,2.104461
-0.500000,0.000000,2.031591
-0.400000,0.000000,1.944941
-0.300000,0.000000,1.840934
-0.200000,0.000000,1.713387
-0.100000,0.000000,1.549706
0.000000,0.000000,1.620893
0.100000,0.000000,1.779264
0.200000,0.000000,1.903240
0.300000,0.000000,2.004470
0.400000,0.000000,2.088781
0.500000,0.000000,2.159576
0.600000,0.000000,2.219036
0.700000,0.000000,2.268637
0.800000,0.000000,2.309422
0.900000,0.000000,2.342140
1.000000,0.000000,2.367329
1.100000,0.000000,2.385374
1.200000,0.000000,2.396533
1.300000,0.000000,2.400959
1.400000,0.000000,2.398713
1.500000,0.000000,2.389763
1.600000,0.000000,2.446672
1.700000,0.000000,2.510184
1.800000,0.000000,2.565034
1.900000,0.000000,2.612081
2.000000,0.000000,2.651972
2.100000,0.000000,2.685200
2.200000,0.000000,2.712141
2.300000,0.000000,2.638181
2.400000,0.000000,2.547548
2.500000,0.000000,2.449490
2.600000,0.000000,2.343075
2.700000,0.000000,2.227106
2.800000,0.000000,2.100000
2.900000,0.000000,1.959592
3.000000,0.000000,1.802776
3.100000,0.000000,1.624808
3.200000,0.000000,1.417745
3.300000,0.000000,1.166190
3.400000,0.000000,0.830662
3.500000,0.000000,
-3.500000,0.100000,
-3.400000,0.100000,0.824621
-3.300000,0.100000,1.161895
-3.200000,0.100000,1.414214
-3.100000,0.100000,1.621727
-3.000000,0.100000,1.800000
-2.900000,0.100000,1.957039
-2.800000,0.100000,2.097618
-2.700000,0.100000,2.224860
-2.600000,0.100000,2.340940
-2.500000,0.100000,2.447448
-2.400000,0.100000,2.545584
-2.300000,0.100000,2.636285
-2.200000,0.100000,2.720294
-2.100000,0.100000,2.798214
-2.000000,0.100000,2.870540
-1.900000,0.100000,2.937686
-1.800000,0.100000,3.000000
-1.700000,0.100000,3.057777
-1.600000,0.100000,3.111270
-1.500000,0.100000,3.160696
-1.400000,0.100000,3.206244
-1.300000,0.100000,3.248076
-1.200000,0.100000,3.286335
-1.100000,0.100000,3.321144
-1.000000,0.100000,3.352611
-0.900000,0.100000,2.320037
-0.800000,0.100000,2.279302
-0.700000,0.100000,2.230200
-0.600000,0.100000,2.171806
-0.500000,0.100000,2.102831
-0.400000,0.100000,2.021421
-0.300000,0.100000,1.924777
-0.200000,0.100000,1.808347
-0.100000,0.100000,1.663775
0.000000,0.100000,1.737076
0.100000,0.100000,1.876779
0.200000,0.100000,1.989712
0.300000,0.100000,2.083566
0.400000,0.100000,2.162604
0.500000,0.100000,2.229473
0.600000,0.100000,2.285935
0.700000,0.100000,2.333223
0.800000,0.100000,2.372219
0.900000,0.100000,2.403570
1.000000,0.100000,2.427747
1.100000,0.100000,2.445086
1.200000,0.100000,2.455817
1.300000,0.100000,2.460075
1.400000,0.100000,2.457914
1.500000,0.100000,2.449306
1.600000,0.100000,2.497123
1.700000,0.100000,2.558645
1.800000,0.100000,2.611898
1.900000,0.100000,2.657655
2.000000,0.100000,2.696506
2.100000,0.100000,2.728902
2.200000,0.100000,2.720294
2.300000,0.100000,2.636285
2.400000,0.100000,2.545584
2.500000,0.100000,2.447448
2.600000,0.100000,2.340940
2.700000,0.100000,2.224860
2.800000,0.100000,2.097618
2.900000,0.100000,1.957039
3.000000,0.100000,1.800000
3.100000,0.100000,1.621727
3.200000,0.100000,1.414214
3.300000,0.100000,1.161895
3.400000,0.100000,0.824621
3.500000,0.100000,
-3.500000,0.200000,
-3.400000,0.200000,0.806226
-3.300000,0.200000,1.148913
-3.200000,0.200000,1.403567
-3.100000,0.200000,1.612452
-3.000000,0.200000,1.791647
-2.900000,0.200000,1.949359
-2.800000,0.200000,2.090454
-2.700000,0.200000,2.218107
-2.600000,0.200000,2.334524
-2.500000,0.200000,2.441311
-2.400000,0.200000,2.539685
-2.300000,0.200000,2.630589
-2.200000,0.200000,2.714774
-2.100000,0.200000,2.792848
-2.000000,0.200000,2.865310
-1.900000,0.200000,2.932576
-1.800000,0.200000,2.994996
-1.700000,0.200000,3.052868
-1.600000,0.200000,3.106445
-1.500000,0.200000,3.155947
-1.400000,0.200000,3.201562
-1.300000,0.200000,3.243455
-1.200000,0.200000,3.281768
-1.100000,0.200000,3.316625
-1.000000,0.200000,3.348134
-0.900000,0.200000,3.376389
-0.800000,0.200000,2.332117
-0.700000,0.200000,2.284812
-0.600000,0.200000,2.228718
-0.500000,0.200000,2.162715
-0.400000,0.200000,2.085229
-0.300000,0.200000,1.993946
-0.200000,0.200000,1.885255
-0.100000,0.200000,1.752955
0.000000,0.200000,1.828268
0.100000,0.200000,1.955969
0.200000,0.200000,2.061223
0.300000,0.200000,2.149715
0.400000,0.200000,2.224812
0.500000,0.200000,2.288687
0.600000,0.200000,2.342834
0.700000,0.200000,2.388314
0.800000,0.200000,2.425902
0.900000,0.200000,2.456172
1.000000,0.200000,2.479543
1.100000,0.200000,2.496320
1.200000,0.200000,2.506708
1.300000,0.200000,2.510832
1.400000,0.200000,2.508739
1.500000,0.200000,2.500405
1.600000,0.200000,2.539707
1.700000,0.200000,2.599642
1.800000,0.200000,2.651614
1.900000,0.200000,2.696331
2.000000,0.200000,2.734341
2.100000,0.200000,2.766062
2.200000,0.200000,2.714774
2.300000,0.200000,2.630589
2.400000,0.200000,2.539685
2.500000,0.200000,2.441311
2.600000,0.200000,2.334524
2.700000,0.200000,2.218107
2.800000,0.200000,2.090454
2.900000,0.200000,1.949359
3.000000,0.200000,1.791647
3.100000,0.200000,1.612452
3.200000,0.200000,1.403567
3.300000,0.200000,1.148913
3.400000,0.200000,0.806226
3.500000,0.200000,
-3.500000,0.300000,
-3.400000,0.300000,0.774597
-3.300000,0.300000,1.126943
-3.200000,0.300000,1.385641
-3.100000,0.300000,1.596872
-3.000000,0.300000,1.777639
-2.900000,0.300000,1.936492
-2.800000,0.300000,2.078461
-2.700000,0.300000,2.206808
-2.600000,0.300000,2.323790
-2.500000,0.300000,2.431049
-2.400000,0.300000,2.529822
-2.300000,0.300000,2.621068
-2.200000,0.300000,2.705550
-2.100000,0.300000,2.783882
-2.000000,0.300000,2.856571
-1.900000,0.300000,2.924038
-1.800000,0.300000,2.986637
-1.700000,0.300000,3.044667
-1.600000,0.300000,3.098387
-1.500000,0.300000,3.148015
-1.400000,0.300000,3.193744
-1.300000,0.300000,3.235738
-1.200000,0.300000,3.274141
-1.100000,0.300000,3.309078
-1.000000,0.300000,3.340659
-0.900000,0.300000,3.368976
-0.800000,0.300000,3.394113
-0.700000,0.300000,2.330735
-0.600000,0.300000,2.276436
-0.500000,0.300000,2.212731
-0.400000,0.300000,2.138236
-0.300000,0.300000,2.050958
-0.200000,0.300000,1.947879
-0.100000,0.300000,1.824042
0.000000,0.300000,1.901324
0.100000,0.300000,2.020728
0.200000,0.300000,2.120407
0.300000,0.300000,2.204890
0.400000,0.300000,2.276980
0.500000,0.300000,2.338540
0.600000,0.300000,2.390876
0.700000,0.300000,2.434933
0.800000,0.300000,2.471407
0.900000,0.300000,2.500816
1.000000,0.300000,2.523545
1.100000,0.300000,2.539871
1.200000,0.300000,2.549985
1.300000,0.300000,2.554001
1.400000,0.300000,2.551962
1.500000,0.300000,2.543848
1.600000,0.300000,2.575042
1.700000,0.300000,2.633721
1.800000,0.300000,2.684672
1.900000,0.300000,2.728559
2.000000,0.300000,2.765894
2.100000,0.300000,2.783882
2.200000,0.300000,2.705550
2.300000,0.300000,2.621068
2.400000,0.300000,2.529822
2.500000,0.300000,2.431049
2.600000,0.300000,2.323790
2.700000,0.300000,2.206808
2.800000,0.300000,2.078461
2.900000,0.300000,1.936492
3.000000,0.300000,1.777639
3.100000,0.300000,1.596872
3.200000,0.300000,1.385641
3.300000,0.300000,1.126943
3.400000,0.300000,0.774597
3.500000,0.300000,
-3.500000,0.400000,
-3.400000,0.400000,0.728011
-3.300000,0.400000,1.095445
-3.200000,0.400000,1.360147
-3.100000,0.400000,1.574802
-3.000000,0.400000,1.757840
-2.900000,0.400000,1.918333
-2.800000,0.400000,2.061553
-2.700000,0.400000,2.190890
-2.600000,0.400000,2.308679
-2.500000,0.400000,2.416609
-2.400000,0.400000,2.515949
-2.300000,0.400000,2.607681
-2.200000,0.400000,2.692582
-2.100000,0.400000,2.771281
-2.000000,0.400000,2.844293
-1.900000,0.400000,2.912044
-1.800000,0.400000,2.974895
-1.700000,0.400000,3.033150
-1.600000,0.400000,3.087070
-1.500000,0.400000,3.136877
-1.400000,0.400000,3.182766
-1.300000,0.400000,3.224903
-1.200000,0.400000,3.263434
-1.100000,0.400000,3.298485
-1.000000,0.400000,3.330165
-0.900000,0.400000,3.358571
-0.800000,0.400000,3.383785
-0.700000,0.400000,3.405877
-0.600000,0.400000,2.315855
-0.500000,0.400000,2.253928
-0.400000,0.400000,2.181723
-0.300000,0.400000,2.097470
-0.200000,0.400000,1.998539
-0.100000,0.400000,1.880753
0.000000,0.400000,1.960002
0.100000,0.400000,2.073447
0.200000,0.400000,2.168990
0.300000,0.400000,2.250437
0.400000,0.400000,2.320216
0.500000,0.400000,2.379978
0.600000,0.400000,2.430898
0.700000,0.400000,2.473834
0.800000,0.400000,2.509426
0.900000,0.400000,2.538153
1.000000,0.400000,2.560370
1.100000,0.400000,2.576338
1.200000,0.400000,2.586233
1.300000,0.400000,3.224903
1.400000,0.400000,3.182766
1.500000,0.400000,3.136877
1.600000,0.400000,3.087070
1.700000,0.400000,3.033150
1.800000,0.400000,2.974895
1.900000,0.400000,2.912044
2.000000,0.400000,2.844293
2.100000,0.400000,2.771281
2.200000,0.400000,2.692582
2.300000,0.400000,2.607681
2.400000,0.400000,2.515949
2.500000,0.400000,2.416609
2.600000,0.400000,2.308679
2.700000,0.400000,2.190890
2.800000,0.400000,2.061553
2.900000,0.400000,1.918333
3.000000,0.400000,1.757840
3.100000,0.400000,1.574802
3.200000,0.400000,1.360147
3.300000,0.400000,1.095445
3.400000,0.400000,0.728011
3.500000,0.400000,
-3.500000,0.500000,
-3.400000,0.500000,0.663325
-3.300000,0.500000,1.053565
-3.200000,0.500000,1.326650
-3.100000,0.500000,1.545962
-3.000000,0.500000,1.732051
-2.900000,0.500000,1.894730
-2.800000,0.500000,2.039608
-2.700000,0.500000,2.170253
-2.600000,0.500000,2.289105
-2.500000,0.500000,2.397916
-2.400000,0.500000,2.497999
-2.300000,0.500000,2.590367
-2.200000,0.500000,2.675818
-2.100000,0.500000,2.754995
-2.000000,0.500000,2.828427
-1.900000,0.500000,2.896550
-1.800000,0.500000,2.959730
-1.700000,0.500000,3.018278
-1.600000,0.500000,3.072458
-1.500000,0.500000,3.122499
-1.400000,0.500000,3.168596
-1.300000,0.500000,3.210919
-1.200000,0.500000,3.249615
-1.100000,0.500000,3.284814
-1.000000,0.500000,3.316625
-0.900000,0.500000,3.345146
-0.800000,0.500000,3.370460
-0.700000,0.500000,3.392639
-0.600000,0.500000,3.411744
-0.500000,0.500000,2.287060
-0.400000,0.500000,2.216595
-0.300000,0.500000,2.134614
-0.200000,0.500000,2.038755
-0.100000,0.500000,1.925345
0.000000,0.500000,2.006592
0.100000,0.500000,2.115696
0.200000,0.500000,2.208156
0.300000,0.500000,2.287304
0.400000,0.500000,2.355315
0.500000,0.500000,2.413692
0.600000,0.500000,2.463514
0.700000,0.500000,2.505578
0.800000,0.500000,2.540481
0.900000,0.500000,2.568673
1.000000,0.500000,3.316625
1.100000,0.500000,3.284814
1.200000,0.500000,3.249615
1.300000,0.500000,3.210919
1.400000,0.500000,3.168596
1.500000,0.500000,3.122499
1.600000,0.500000,3.072458
1.700000,0.500000,3.018278
1.800000,0.500000,2.959730
1.900000,0.500000,2.896550
2.000000,0.500000,2.828427
2.100000,0.500000,2.754995
2.200000,0.500000,2.675818
2.300000,0.500000,2.590367
2.400000,0.500000,2.497999
2.500000,0.500000,2.397916
2.600000,0.500000,2.289105
2.700000,0.500000,2.170253
2.800000,0.500000,2.039608
2.900000,0.500000,1.894730
3.000000,0.500000,1.732051
3.100000,0.500000,1.545962
3.200000,0.500000,1.326650
3.300000,0.500000,1.053565
3.400000,0.500000,0.663325
3.500000,0.500000,
-3.500000,0.600000,
-3.400000,0.600000,0.574456
-3.300000,0.600000,1.000000
-3.200000,0.600000,1.284523
-3.100000,0.600000,1.509967
-3.000000,0.600000,1.700000
-2.900000,0.600000,1.865476
-2.800000,0.600000,2.012461
-2.700000,0.600000,2.144761
-2.600000,0.600000,2.264950
-2.500000,0.600000,2.374868
-2.400000,0.600000,2.475884
-2.300000,0.600000,2.569047
-2.200000,0.600000,2.655184
-2.100000,0.600000,2.734959
-2.000000,0.600000,2.808914
-1.900000,0.600000,2.877499
-1.800000,0.600000,2.941088
-1.700000,0.600000,3.000000
-1.600000,0.600000,3.054505
-1.500000,0.600000,3.104835
-1.400000,0.600000,3.151190
-1.300000,0.600000,3.193744
-1.200000,0.600000,3.232646
-1.100000,0.600000,3.268027
-1.000000,0.600000,3.300000
-0.900000,0.600000,3.328663
-0.800000,0.600000,3.354102
-0.700000,0.600000,3.376389
-0.600000,0.600000,3.395585
-0.500000,0.600000,3.411744
-0.400000,0.600000,2.243493
-0.300000,0.600000,2.163180
-0.200000,0.600000,2.069552
-0.100000,0.600000,1.959269
0.000000,0.600000,2.042575
0.100000,0.600000,2.148537
0.200000,0.600000,2.238730
0.300000,0.600000,2.316170
0.400000,0.600000,2.382857
0.500000,0.600000,2.440190
0.600000,0.600000,2.489181
0.700000,0.600000,2.530583
0.800000,0.600000,3.354102
0.900000,0.600000,3.328663
1.000000,0.600000,3.300000
1.100000,0.600000,3.268027
1.200000,0.600000,3.232646
1.300000,0.600000,3.193744
1.400000,0.600000,3.151190
1.500000,0.600000,3.104835
1.600000,0.600000,3.054505
1.700000,0.600000,3.000000
1.800000,0.600000,2.941088
1.900000,0.600000,2.877499
2.000000,0.600000,2.808914
2.100000,0.600000,2.734959
2.200000,0.600000,2.655184
2.300000,0.600000,2.569047
2.400000,0.600000,2.475884
2.500000,0.600000,2.374868
2.600000,0.600000,2.264950
2.700000,0.600000,2.144761
2.800000,0.600000,2.012461
2.900000,0.600000,1.865476
3.000000,0.600000,1.700000
3.100000,0.600000,1.509967
3.200000,0.600000,1.284523
3.300000,0.600000,1.000000
3.400000,0.600000,0.574456
3.500000,0.600000,
-3.500000,0.700000,
-3.400000,0.700000,0.447214
-3.300000,0.700000,0.932738
-3.200000,0.700000,1.232883
-3.100000,0.700000,1.466288
-3.000000,0.700000,1.661325
-2.900000,0.700000,1.830301
-2.800000,0.700000,1.979899
-2.700000,0.700000,2.114237
-2.600000,0.700000,2.236068
-2.500000,0.700000,2.347339
-2.400000,0.700000,2.449490
-2.300000,0.700000,2.543619
-2.200000,0.700000,2.630589
-2.100000,0.700000,2.711088
-2.000000,0.700000,2.785678
-1.900000,0.700000,2.854820
-1.800000,0.700000,2.918904
-1.700000,0.700000,2.978255
-1.600000,0.700000,3.033150
-1.500000,0.700000,3.083829
-1.400000,0.700000,3.130495
-1.300000,0.700000,3.173326
-1.200000,0.700000,3.212476
-1.100000,0.700000,3.248076
-1.000000,0.700000,3.280244
-0.900000,0.700000,3.309078
-0.800000,0.700000,3.334666
-0.700000,0.700000,3.357082
-0.600000,0.700000,3.376389
-0.500000,0.700000,3.392639
-0.400000,0.700000,2.262869
-0.300000,0.700000,2.183717
-0.200000,0.700000,2.091627
-0.100000,0.700000,1.983476
0.000000,0.700000,2.068931
0.100000,0.700000,2.172700
0.200000,0.700000,2.261292
0.300000,0.700000,2.337517
0.400000,0.700000,2.403257
0.500000,0.700000,2.459840
0.600000,0.700000,3.376389
0.700000,0.700000,3.357082
0.800000,0.700000,3.334666
0.900000,0.700000,3.309078
1.000000,0.700000,3.280244
1.100000,0.700000,3.248076
1.200000,0.700000,3.212476
1.300000,0.700000,3.173326
1.400000,0.700000,3.130495
1.500000,0.700000,3.083829
1.600000,0.700000,3.033150
1.700000,0.700000,2.978255
1.800000,0.700000,2.918904
1.900000,0.700000,2.854820
2.000000,0.700000,2.785678
2.100000,0.700000,2.711088
2.200000,0.700000,2.630589
2.300000,0.700000,2.543619
2.400000,0.700000,2.449490
2.500000,0.700000,2.347339
2.600000,0.700000,2.236068
2.700000,0.700000,2.114237
2.800000,0.700000,1.979899
2.900000,0.700000,1.830301
3.000000,0.700000,1.661325
3.100000,0.700000,1.466288
3.200000,0.700000,1.232883
3.300000,0.700000,0.932738
3.400000,0.700000,0.447214
3.500000,0.700000,
-3.500000,0.800000,
-3.400000,0.800000,0.223607
-3.300000,0.800000,0.848528
-3.200000,0.800000,1.170470
-3.100000,0.800000,1.414214
-3.000000,0.800000,1.615549
-2.900000,0.800000,1.788854
-2.800000,0.800000,1.941649
-2.700000,0.800000,2.078461
-2.600000,0.800000,2.202272
-2.500000,0.800000,2.315167
-2.400000,0.800000,2.418677
-2.300000,0.800000,2.513961
-2.200000,0.800000,2.601922
-2.100000,0.800000,2.683282
-2.000000,0.800000,2.758623
-1.900000,0.800000,2.828427
-1.800000,0.800000,2.893095
-1.700000,0.800000,2.952965
-1.600000,0.800000,3.008322
-1.500000,0.800000,3.059412
-1.400000,0.800000,3.106445
-1.300000,0.800000,3.149603
-1.200000,0.800000,3.189044
-1.100000,0.800000,3.224903
-1.000000,0.800000,3.257299
-0.900000,0.800000,3.286335
-0.800000,0.800000,3.312099
-0.700000,0.800000,3.334666
-0.600000,0.800000,3.354102
-0.500000,0.800000,3.370460
-0.400000,0.800000,3.383785
-0.300000,0.800000,2.196587
-0.200000,0.800000,2.105435
-0.100000,0.800000,1.998575
0.000000,0.800000,2.086302
0.100000,0.800000,2.188673
0.200000,0.800000,2.276236
0.300000,0.800000,2.351676
0.400000,0.800000,2.416803
0.500000,0.800000,3.370460
0.600000,0.800000,3.354102
0.700000,0.800000,3.334666
0.800000,0.800000,3.312099
0.900000,0.800000,3.286335
1.000000,0.800000,3.257299
1.100000,0.800000,3.224903
1.200000,0.800000,3.189044
1.300000,0.800000,3.149603
1.400000,0.800000,3.106445
1.500000,0.800000,3.059412
1.600000,0.800000,3.008322
1.700000,0.800000,2.952965
1.800000,0.800000,2.893095
1.900000,0.800000,2.828427
2.000000,0.800000,2.758623
2.100000,0.800000,2.683282
2.200000,0.800000,2.601922
2.300000,0.800000,2.513961
2.400000,0.800000,2.418677
2.500000,0.800000,2.315167
2.600000,0.800000,2.202272
2.700000,0.800000,2.078461
2.800000,0.800000,1.941649
2.900000,0.800000,1.788854
3.000000,0.800000,1.615549
3.100000,0.800000,1.414214
3.200000,0.800000,1.170470
3.300000,0.800000,0.848528
3.400000,0.800000,0.223607
3.500000,0.800000,
-3.500000,0.900000,
-3.400000,0.900000,
-3.300000,0.900000,0.741620
-3.200000,0.900000,1.095445
-3.100000,0.900000,1.352775
-3.000000,0.900000,1.562050
-2.900000,0.900000,1.740690
-2.800000,0.900000,1.897367
-2.700000,0.900000,2.037155
-2.600000,0.900000,2.163331
-2.500000,0.900000,2.278157
-2.400000,0.900000,2.383275
-2.300000,0.900000,2.479919
-2.200000,0.900000,2.569047
-2.100000,0.900000,2.651415
-2.000000,0.900000,2.727636
-1.900000,0.900000,2.798214
-1.800000,0.900000,2.863564
-1.700000,0.900000,2.924038
-1.600000,0.900000,2.979933
-1.500000,0.900000,3.031501
-1.400000,0.900000,3.078961
-1.300000,0.900000,3.122499
-1.200000,0.900000,3.162278
-1.100000,0.900000,3.198437
-1.000000,0.900000,3.231099
-0.900000,0.900000,3.260368
-0.800000,0.900000,3.286335
-0.700000,0.900000,3.309078
-0.600000,0.900000,3.328663
-0.500000,0.900000,3.345146
-0.400000,0.900000,3.358571
-0.300000,0.900000,2.202010
-0.200000,0.900000,2.111247
-0.100000,0.900000,2.004921
0.000000,0.900000,2.095081
0.100000,0.900000,2.196758
0.200000,0.900000,2.283810
0.300000,0.900000,2.358858
0.400000,0.900000,3.358571
0.500000,0.900000,3.345146
0.600000,0.900000,3.328663
0.700000,0.900000,3.309078
0.800000,0.900000,3.286335
0.900000,0.900000,3.260368
1.000000,0.900000,3.231099
1.100000,0.900000,3.198437
1.200000,0.900000,3.162278
1.300000,0.900000,3.122499
1.400000,0.900000,3.078961
1.500000,0.900000,3.031501
1.600000,0.900000,2.979933
1.700000,0.900000,2.924038
1.800000,0.900000,2.863564
1.900000,0.900000,2.798214
2.000000,0.900000,2.727636
2.100000,0.900000,2.651415
2.200000,0.900000,2.569047
2.300000,0.900000,2.479919
2.400000,0.900000,2.383275
2.500000,0.900000,2.278157
2.600000,0.900000,2.163331
2.700000,0.900000,2.037155
2.800000,0.900000,1.897367
2.900000,0.900000,1.740690
3.000000,0.900000,1.562050
3.100000,0.900000,1.352775
3.200000,0.900000,1.095445
3.300000,0.900000,0.741620
3.400000,0.900000,
3.500000,0.900000,
-3.500000,1.000000,
-3.400000,1.000000,
-3.300000,1.000000,0.600000
-3.200000,1.000000,1.004988
-3.100000,1.000000,1.280625
-3.000000,1.000000,1.500000
-2.900000,1.000000,1.685230
-2.800000,1.000000,1.846619
-2.700000,1.000000,1.989975
-2.600000,1.000000,2.118962
-2.500000,1.000000,2.236068
-2.400000,1.000000,2.343075
-2.300000,1.000000,2.441311
-2.200000,1.000000,2.531798
-2.100000,1.000000,2.615339
-2.000000,1.000000,2.692582
-1.900000,1.000000,2.764055
-1.800000,1.000000,2.830194
-1.700000,1.000000,2.891366
-1.600000,1.000000,2.947881
-1.500000,1.000000,3.000000
-1.400000,1.000000,3.047950
-1.300000,1.000000,3.091925
-1.200000,1.000000,3.132092
-1.100000,1.000000,3.168596
-1.000000,1.000000,3.201562
-0.900000,1.000000,3.231099
-0.800000,1.000000,3.257299
-0.700000,1.000000,3.280244
-0.600000,1.000000,3.300000
-0.500000,1.000000,3.316625
-0.400000,1.000000,3.330165
-0.300000,1.000000,3.340659
-0.200000,1.000000,2.109173
-0.100000,1.000000,2.002657
0.000000,1.000000,2.095456
0.100000,1.000000,2.197104
0.200000,1.000000,2.284134
0.300000,1.000000,3.340659
0.400000,1.000000,3.330165
0.500000,1.000000,3.316625
0.600000,1.000000,3.300000
0.700000,1.000000,3.280244
0.800000,1.000000,3.257299
0.900000,1.000000,3.231099
1.000000,1.000000,3.201562
1.100000,1.000000,3.168596
1.200000,1.000000,3.132092
1.300000,1.000000,3.091925
1.400000,1.000000,3.047950
1.500000,1.000000,3.000000
1.600000,1.000000,2.947881
1.700000,1.000000,2.891366
1.800000,1.000000,2.830194
1.900000,1.000000,2.764055
2.000000,1.000000,2.692582
2.100000,1.000000,2.615339
2.200000,1.000000,2.531798
2.300000,1.000000,2.441311
2.400000,1.000000,2.343075
2.500000,1.000000,2.236068
2.600000,1.000000,2.118962
2.700000,1.000000,1.989975
2.800000,1.000000,1.846619
2.900000,1.000000,1.685230
3.000000,1.000000,1.500000
3.100000,1.000000,1.280625
3.200000,1.000000,1.004988
3.300000,1.000000,0.600000
3.400000,1.000000,
3.500000,1.000000,
-3.500000,1.100000,
-3.400000,1.100000,
-3.300000,1.100000,0.387298
-3.200000,1.100000,0.894427
-3.100000,1.100000,1.195826
-3.000000,1.100000,1.428286
-2.900000,1.100000,1.621727
-2.800000,1.100000,1.788854
-2.700000,1.100000,1.936492
-2.600000,1.100000,2.068816
-2.500000,1.100000,2.188607
-2.400000,1.100000,2.297825
-2.300000,1.100000,2.397916
-2.200000,1.100000,2.489980
-2.100000,1.100000,2.574879
-2.000000,1.100000,2.653300
-1.900000,1.100000,2.725803
-1.800000,1.100000,2.792848
-1.700000,1.100000,2.854820
-1.600000,1.100000,2.912044
-1.500000,1.100000,2.964793
-1.400000,1.100000,3.013304
-1.300000,1.100000,3.057777
-1.200000,1.100000,3.098387
-1.100000,1.100000,3.135283
-1.000000,1.100000,3.168596
-0.900000,1.100000,3.198437
-0.800000,1.100000,3.224903
-0.700000,1.100000,3.248076
-0.600000,1.100000,3.268027
-0.500000,1.100000,3.284814
-0.400000,1.100000,3.298485
-0.300000,1.100000,3.309078
-0.200000,1.100000,2.099173
-0.100000,1.100000,1.991732
0.000000,1.100000,2.087436
0.100000,1.100000,2.189716
0.200000,1.100000,3.316625
0.300000,1.100000,3.309078
0.400000,1.100000,3.298485
0.500000,1.100000,3.284814
0.600000,1.100000,3.268027
0.700000,1.100000,3.248076
0.800000,1.100000,3.224903
0.900000,1.100000,3.198437
1.000000,1.100000,3.168596
1.100000,1.100000,3.135283
1.200000,1.100000,3.098387
1.300000,1.100000,3.057777
1.400000,1.100000,3.013304
1.500000,1.100000,2.964793
1.600000,1.100000,2.912044
1.700000,1.100000,2.854820
1.800000,1.100000,2.792848
1.900000,1.100000,2.725803
2.000000,1.100000,2.653300
2.100000,1.100000,2.574879
2.200000,1.100000,2.489980
2.300000,1.100000,2.397916
2.400000,1.100000,2.297825
2.500000,1.100000,2.188607
2.600000,1.100000,2.068816
2.700000,1.100000,1.936492
2.800000,1.100000,1.788854
2.900000,1.100000,1.621727
3.000000,1.100000,1.428286
3.100000,1.100000,1.195826
3.200000,1.100000,0.894427
3.300000,1.100000,0.387298
3.400000,1.100000,
3.500000,1.100000,
-3.500000,1.200000,
-3.400000,1.200000,
-3.300000,1.200000,
-3.200000,1.200000,0.754983
-3.100000,1.200000,1.095445
-3.000000,1.200000,1.345362
-2.900000,1.200000,1.549193
-2.800000,1.200000,1.723369
-2.700000,1.200000,1.876166
-2.600000,1.200000,2.012461
-2.500000,1.200000,2.135416
-2.400000,1.200000,2.247221
-2.300000,1.200000,2.349468
-2.200000,1.200000,2.443358
-2.100000,1.200000,2.529822
-2.000000,1.200000,2.609598
-1.900000,1.200000,2.683282
-1.800000,1.200000,2.751363
-1.700000,1.200000,2.814249
-1.600000,1.200000,2.872281
-1.500000,1.200000,2.925748
-1.400000,1.200000,2.974895
-1.300000,1.200000,3.019934
-1.200000,1.200000,3.061046
-1.100000,1.200000,3.098387
-1.000000,1.200000,3.132092
-0.900000,1.200000,3.162278
-0.800000,1.200000,3.189044
-0.700000,1.200000,3.212476
-0.600000,1.200000,3.232646
-0.500000,1.200000,3.249615
-0.400000,1.200000,3.263434
-0.300000,1.200000,3.274141
-0.200000,1.200000,3.281768
-0.100000,1.200000,1.971895
0.000000,1.200000,2.070847
0.100000,1.200000,3.286335
0.200000,1.200000,3.281768
0.300000,1.200000,3.274141
0.400000,1.200000,3.263434
0.500000,1.200000,3.249615
0.600000,1.200000,3.232646
0.700000,1.200000,3.212476
0.800000,1.200000,3.189044
0.900000,1.200000,3.162278
1.000000,1.200000,3.132092
1.100000,1.200000,3.098387
1.200000,1.200000,3.061046
1.300000,1.200000,3.019934
1.400000,1.200000,2.974895
1.500000,1.200000,2.925748
1.600000,1.200000,2.872281
1.700000,1.200000,2.814249
1.800000,1.200000,2.751363
1.900000,1.200000,2.683282
2.000000,1.200000,2.609598
2.100000,1.200000,2.529822
2.200000,1.200000,2.443358
2.300000,1.200000,2.349468
2.400000,1.200000,2.247221
2.500000,1.200000,2.135416
2.600000,1.200000,2.012461
2.700000,1.200000,1.876166
2.800000,1.200000,1.723369
2.900000,1.200000,1.549193
3.000000,1.200000,1.345362
3.100000,1.200000,1.095445
3.200000,1.200000,0.754983
3.300000,1.200000,
3.400000,1.200000,
3.500000,1.200000,
-3.500000,1.300000,
-3.400000,1.300000,
-3.300000,1.300000,
-3.200000,1.300000,0.565685
-3.100000,1.300000,0.974679
-3.000000,1.300000,1.249000
-2.900000,1.300000,1.466288
-2.800000,1.300000,1.649242
-2.700000,1.300000,1.808314
-2.600000,1.300000,1.949359
-2.500000,1.300000,2.076054
-2.400000,1.300000,2.190890
-2.300000,1.300000,2.295648
-2.200000,1.300000,2.391652
-2.100000,1.300000,2.479919
-2.000000,1.300000,2.561250
-1.900000,1.300000,2.636285
-1.800000,1.300000,2.705550
-1.700000,1.300000,2.769476
-1.600000,1.300000,2.828427
-1.500000,1.300000,2.882707
-1.400000,1.300000,2.932576
-1.300000,1.300000,2.978255
-1.200000,1.300000,3.019934
-1.100000,1.300000,3.057777
-1.000000,1.300000,3.091925
-0.900000,1.300000,3.122499
-0.800000,1.300000,3.149603
-0.700000,1.300000,3.173326
-0.600000,1.300000,3.193744
-0.500000,1.300000,3.210919
-0.400000,1.300000,3.224903
-0.300000,1.300000,3.235738
-0.200000,1.300000,3.243455
-0.100000,1.300000,1.942666
0.000000,1.300000,2.045318
0.100000,1.300000,3.248076
0.200000,1.300000,3.243455
0.300000,1.300000,3.235738
0.400000,1.300000,3.224903
0.500000,1.300000,3.210919
0.600000,1.300000,3.193744
0.700000,1.300000,3.173326
0.800000,1.300000,3.149603
0.900000,1.300000,3.122499
1.000000,1.300000,3.091925
1.100000,1.300000,3.057777
1.200000,1.300000,3.019934
1.300000,1.300000,2.978255
1.400000,1.300000,2.932576
1.500000,1.300000,2.882707
1.600000,1.300000,2.828427
1.700000,1.300000,2.769476
1.800000,1.300000,2.705550
1.900000,1.300000,2.636285
2.000000,1.300000,2.561250
2.100000,1.300000,2.479919
2.200000,1.300000,2.391652
2.300000,1.300000,2.295648
2.400000,1.300000,2.190890
2.500000,1.300000,2.076054
2.600000,1.300000,1.949359
2.700000,1.300000,1.808314
2.800000,1.300000,1.649242
2.900000,1.300000,1.466288
3.000000,1.300000,1.249000
3.100000,1.300000,0.974679
3.200000,1.300000,0.565685
3.300000,1.300000,
3.400000,1.300000,
3.500000,1.300000,
-3.500000,1.400000,
-3.400000,1.400000,
-3.300000,1.400000,
-3.200000,1.400000,0.223607
-3.100000,1.400000,0.824621
-3.000000,1.400000,1.135782
-2.900000,1.400000,1.371131
-2.800000,1.400000,1.565248
-2.700000,1.400000,1.732051
-2.600000,1.400000,1.878829
-2.500000,1.400000,2.009975
-2.400000,1.400000,2.128380
-2.300000,1.400000,2.236068
-2.200000,1.400000,2.334524
-2.100000,1.400000,2.424871
-2.000000,1.400000,2.507987
-1.900000,1.400000,2.584570
-1.800000,1.400000,2.655184
-1.700000,1.400000,2.720294
-1.600000,1.400000,2.780288
-1.500000,1.400000,2.835489
-1.400000,1.400000,2.886174
-1.300000,1.400000,2.932576
-1.200000,1.400000,2.974895
-1.100000,1.400000,3.013304
-1.000000,1.400000,3.047950
-0.900000,1.400000,3.078961
-0.800000,1.400000,3.106445
-0.700000,1.400000,3.130495
-0.600000,1.400000,3.151190
-0.500000,1.400000,3.168596
-0.400000,1.400000,3.182766
-0.300000,1.400000,3.193744
-0.200000,1.400000,3.201562
-0.100000,1.400000,1.903269
0.000000,1.400000,3.207803
0.100000,1.400000,3.206244
0.200000,1.400000,3.201562
0.300000,1.400000,3.193744
0.400000,1.400000,3.182766
0.500000,1.400000,3.168596
0.600000,1.400000,3.151190
0.700000,1.400000,3.130495
0.800000,1.400000,3.106445
0.900000,1.400000,3.078961
1.000000,1.400000,3.047950
1.100000,1.400000,3.013304
1.200000,1.400000,2.974895
1.300000,1.400000,2.932576
1.400000,1.400000,2.886174
1.500000,1.400000,2.835489
1.600000,1.400000,2.780288
1.700000,1.400000,2.720294
1.800000,1.400000,2.655184
1.900000,1.400000,2.584570
2.000000,1.400000,2.507987
2.100000,1.400000,2.424871
2.200000,1.400000,2.334524
2.300000,1.400000,2.236068
2.400000,1.400000,2.128380
2.500000,1.400000,2.009975
2.600000,1.400000,1.878829
2.700000,1.400000,1.732051
2.800000,1.400000,1.565248
2.900000,1.400000,1.371131
3.000000,1.400000,1.135782
3.100000,1.400000,0.824621
3.200000,1.400000,0.223607
3.300000,1.400000,
3.400000,1.400000,
3.500000,1.400000,
-3.500000,1.500000,
-3.400000,1.500000,
-3.300000,1.500000,
-3.200000,1.500000,
-3.100000,1.500000,0.624500
-3.000000,1.500000,1.000000
-2.900000,1.500000,1.260952
-2.800000,1.500000,1.469694
-2.700000,1.500000,1.646208
-2.600000,1.500000,1.800000
-2.500000,1.500000,1.936492
-2.400000,1.500000,2.059126
-2.300000,1.500000,2.170253
-2.200000,1.500000,2.271563
-2.100000,1.500000,2.364318
-2.000000,1.500000,2.449490
-1.900000,1.500000,2.527845
-1.800000,1.500000,2.600000
-1.700000,1.500000,2.666458
-1.600000,1.500000,2.727636
-1.500000,1.500000,2.783882
-1.400000,1.500000,2.835489
-1.300000,1.500000,2.882707
-1.200000,1.500000,2.925748
-1.100000,1.500000,2.964793
-1.000000,1.500000,3.000000
-0.900000,1.500000,3.031501
-0.800000,1.500000,3.059412
-0.700000,1.500000,3.083829
-0.600000,1.500000,3.104835
-0.500000,1.500000,3.122499
-0.400000,1.500000,3.136877
-0.300000,1.500000,3.148015
-0.200000,1.500000,3.155947
-0.100000,1.500000,1.852517
0.000000,1.500000,3.162278
0.100000,1.500000,3.160696
0.200000,1.500000,3.155947
0.300000,1.500000,3.148015
0.400000,1.500000,3.136877
0.500000,1.500000,3.122499
0.600000,1.500000,3.104835
0.700000,1.500000,3.083829
0.800000,1.500000,3.059412
0.900000,1.500000,3.031501
1.000000,1.500000,3.000000
1.100000,1.500000,2.964793
1.200000,1.500000,2.925748
1.300000,1.500000,2.882707
1.400000,1.500000,2.835489
1.500000,1.500000,2.783882
1.600000,1.500000,2.727636
1.700000,1.500000,2.666458
1.800000,1.500000,2.600000
1.900000,1.500000,2.527845
2.000000,1.500000,2.449490
2.100000,1.500000,2.364318
2.200000,1.500000,2.271563
2.300000,1.500000,2.170253
2.400000,1.500000,2.059126
2.500000,1.500000,1.936492
2.600000,1.500000,1.800000
2.700000,1.500000,1.646208
2.800000,1.500000,1.469694
2.900000,1.500000,1.260952
3.000000,1.500000,1.000000
3.100000,1.500000,0.624500
3.200000,1.500000,
3.300000,1.500000,
3.400000,1.500000,
3.500000,1.500000,
-3.500000,1.600000,
-3.400000,1.600000,
-3.300000,1.600000,
-3.200000,1.600000,
-3.100000,1.600000,0.282843
-3.000000,1.600000,0.830662
-2.900000,1.600000,1.131371
-2.800000,1.600000,1.360147
-2.700000,1.600000,1.549193
-2.600000,1.600000,1.711724
-2.500000,1.600000,1.854724
-2.400000,1.600000,1.982423
-2.300000,1.600000,2.097618
-2.200000,1.600000,2.202272
-2.100000,1.600000,2.297825
-2.000000,1.600000,2.385372
-1.900000,1.600000,2.465766
-1.800000,1.600000,2.539685
-1.700000,1.600000,2.607681
-1.600000,1.600000,2.670206
-1.500000,1.600000,2.727636
-1.400000,1.600000,2.780288
-1.300000,1.600000,2.828427
-1.200000,1.600000,2.872281
-1.100000,1.600000,2.912044
-1.000000,1.600000,2.947881
-0.900000,1.600000,2.979933
-0.800000,1.600000,3.008322
-0.700000,1.600000,3.033150
-0.600000,1.600000,3.054505
-0.500000,1.600000,3.072458
-0.400000,1.600000,3.087070
-0.300000,1.600000,3.098387
-0.200000,1.600000,3.106445
-0.100000,1.600000,3.111270
0.000000,1.600000,3.112876
0.100000,1.600000,3.111270
0.200000,1.600000,3.106445
0.300000,1.600000,3.098387
0.400000,1.600000,3.087070
0.500000,1.600000,3.072458
0.600000,1.600000,3.054505
0.700000,1.600000,3.033150
0.800000,1.600000,3.008322
0.900000,1.600000,2.979933
1.000000,1.600000,2.947881
1.100000,1.600000,2.912044
1.200000,1.600000,2.872281
1.300000,1.600000,2.828427
1.400000,1.600000,2.780288
1.500000,1.600000,2.727636
1.600000,1.600000,2.670206
1.700000,1.600000,2.607681
1.800000,1.600000,2.539685
1.900000,1.600000,2.465766
2.000000,1.600000,2.385372
2.100000,1.600000,2.297825
2.200000,1.600000,2.202272
2.300000,1.600000,2.097618
2.400000,1.600000,1.982423
2.500000,1.600000,1.854724
2.600000,1.600000,1.711724
2.700000,1.600000,1.549193
2.800000,1.600000,1.360147
2.900000,1.600000,1.131371
3.000000,1.600000,0.830662
3.100000,1.600000,0.282843
3.200000,1.600000,
3.300000,1.600000,
3.400000,1.600000,
3.500000,1.600000,
-3.500000,1.700000,
-3.400000,1.700000,
-3.300000,1.700000,
-3.200000,1.700000,
-3.100000,1.700000,
-3.000000,1.700000,0.600000
-2.900000,1.700000,0.974679
-2.800000,1.700000,1.232883
-2.700000,1.700000,1.438749
-2.600000,1.700000,1.612452
-2.500000,1.700000,1.763519
-2.400000,1.700000,1.897367
-2.300000,1.700000,2.017424
-2.200000,1.700000,2.126029
-2.100000,1.700000,2.224860
-2.000000,1.700000,2.315167
-1.900000,1.700000,2.397916
-1.800000,1.700000,2.473863
-1.700000,1.700000,2.543619
-1.600000,1.700000,2.607681
-1.500000,1.700000,2.666458
-1.400000,1.700000,2.720294
-1.300000,1.700000,2.769476
-1.200000,1.700000,2.814249
-1.100000,1.700000,2.854820
-1.000000,1.700000,2.891366
-0.900000,1.700000,2.924038
-0.800000,1.700000,2.952965
-0.700000,1.700000,2.978255
-0.600000,1.700000,3.000000
-0.500000,1.700000,3.018278
-0.400000,1.700000,3.033150
-0.300000,1.700000,3.044667
-0.200000,1.700000,3.052868
-0.100000,1.700000,3.057777
0.000000,1.700000,3.059412
0.100000,1.700000,3.057777
0.200000,1.700000,3.052868
0.300000,1.700000,3.044667
0.400000,1.700000,3.033150
0.500000,1.700000,3.018278
0.600000,1.700000,3.000000
0.700000,1.700000,2.978255
0.800000,1.700000,2.952965
0.900000,1.700000,2.924038
1.000000,1.700000,2.891366
1.100000,1.700000,2.854820
1.200000,1.700000,2.814249
1.300000,1.700000,2.769476
1.400000,1.700000,2.720294
1.500000,1.700000,2.666458
1.600000,1.700000,2.607681
1.700000,1.700000,2.543619
1.800000,1.700000,2.473863
1.900000,1.700000,2.397916
2.000000,1.700000,2.315167
2.100000,1.700000,2.224860
2.200000,1.700000,2.126029
2.300000,1.700000,2.017424
2.400000,1.700000,1.897367
2.500000,1.700000,1.763519
2.600000,1.700000,1.612452
2.700000,1.700000,1.438749
2.800000,1.700000,1.232883
2.900000,1.700000,0.974679
3.000000,1.700000,0.600000
3.100000,1.700000,
3.200000,1.700000,
3.300000,1.700000,
3.400000,1.700000,
3.500000,1.700000,
-3.500000,1.800000,
-3.400000,1.800000,
-3.300000,1.800000,
-3.200000,1.800000,
-3.100000,1.800000,
-3.000000,1.800000,0.100000
-2.900000,1.800000,0.774597
-2.800000,1.800000,1.081665
-2.700000,1.800000,1.311488
-2.600000,1.800000,1.500000
-2.500000,1.800000,1.661325
-2.400000,1.800000,1.802776
-2.300000,1.800000,1.928730
-2.200000,1.800000,2.042058
-2.100000,1.800000,2.144761
-2.000000,1.800000,2.238303
-1.900000,1.800000,2.323790
-1.800000,1.800000,2.402082
-1.700000,1.800000,2.473863
-1.600000,1.800000,2.539685
-1.500000,1.800000,2.600000
-1.400000,1.800000,2.655184
-1.300000,1.800000,2.705550
-1.200000,1.800000,2.751363
-1.100000,1.800000,2.792848
-1.000000,1.800000,2.830194
-0.900000,1.800000,2.863564
-0.800000,1.800000,2.893095
-0.700000,1.800000,2.918904
-0.600000,1.800000,2.941088
-0.500000,1.800000,2.959730
-0.400000,1.800000,2.974895
-0.300000,1.800000,2.986637
-0.200000,1.800000,2.994996
-0.100000,1.800000,3.000000
0.000000,1.800000,3.001666
0.100000,1.800000,3.000000
0.200000,1.800000,2.994996
0.300000,1.800000,2.986637
0.400000,1.800000,2.974895
0.500000,1.800000,2.959730
0.600000,1.800000,2.941088
0.700000,1.800000,2.918904
0.800000,1.800000,2.893095
0.900000,1.800000,2.863564
1.000000,1.800000,2.830194
1.100000,1.800000,2.792848
1.200000,1.800000,2.751363
1.300000,1.800000,2.705550
1.400000,1.800000,2.655184
1.500000,1.800000,2.600000
1.600000,1.800000,2.539685
1.700000,1.800000,2.473863
1.800000,1.800000,2.402082
1.900000,1.800000,2.323790
2.000000,1.800000,2.238303
2.100000,1.800000,2.144761
2.200000,1.800000,2.042058
2.300000,1.800000,1.928730
2.400000,1.800000,1.802776
2.500000,1.800000,1.661325
2.600000,1.800000,1.500000
2.700000,1.800000,1.311488
2.800000,1.800000,1.081665
2.900000,1.800000,0.774597
3.000000,1.800000,0.100000
3.100000,1.800000,
3.200000,1.800000,
3.300000,1.800000,
3.400000,1.800000,
3.500000,1.800000,
-3.500000,1.900000,
-3.400000,1.900000,
-3.300000,1.900000,
-3.200000,1.900000,
-3.100000,1.900000,
-3.000000,1.900000,
-2.900000,1.900000,0.479583
-2.800000,1.900000,0.894427
-2.700000,1.900000,1.161895
-2.600000,1.900000,1.371131
-2.500000,1.900000,1.545962
-2.400000,1.900000,1.697056
-2.300000,1.900000,1.830301
-2.200000,1.900000,1.949359
-2.100000,1.900000,2.056696
-2.000000,1.900000,2.154066
-1.900000,1.900000,2.242766
-1.800000,1.900000,2.323790
-1.700000,1.900000,2.397916
-1.600000,1.900000,2.465766
-1.500000,1.900000,2.527845
-1.400000,1.900000,2.584570
-1.300000,1.900000,2.636285
-1.200000,1.900000,2.683282
-1.100000,1.900000,2.725803
-1.000000,1.900000,2.764055
-0.900000,1.900000,2.798214
-0.800000,1.900000,2.828427
-0.700000,1.900000,2.854820
-0.600000,1.900000,2.877499
-0.500000,1.900000,2.896550
-0.400000,1.900000,2.912044
-0.300000,1.900000,2.924038
-0.200000,1.900000,2.932576
-0.100000,1.900000,2.937686
0.000000,1.900000,2.939388
0.100000,1.900000,2.937686
0.200000,1.900000,2.932576
0.300000,1.900000,2.924038
0.400000,1.900000,2.912044
0.500000,1.900000,2.896550
0.600000,1.900000,2.877499
0.700000,1.900000,2.854820
0.800000,1.900000,2.828427
0.900000,1.900000,2.798214
1.000000,1.900000,2.764055
1.100000,1.900000,2.725803
1.200000,1.900000,2.683282
1.300000,1.900000,2.636285
1.400000,1.900000,2.584570
1.500000,1.900000,2.527845
1.600000,1.900000,2.465766
1.700000,1.900000,2.397916
1.800000,1.900000,2.323790
1.900000,1.900000,2.242766
2.000000,1.900000,2.154066
2.100000,1.900000,2.056696
2.200000,1.900000,1.949359
2.300000,1.900000,1.830301
2.400000,1.900000,1.697056
2.500000,1.900000,1.545962
2.600000,1.900000,1.371131
2.700000,1.900000,1.161895
2.800000,1.900000,0.894427
2.900000,1.900000,0.479583
3.000000,1.900000,
3.100000,1.900000,
3.200000,1.900000,
3.300000,1.900000,
3.400000,1.900000,
3.500000,1.900000,
-3.500000,2.000000,
-3.400000,2.000000,
-3.300000,2.000000,
-3.200000,2.000000,
-3.100000,2.000000,
-3.000000,2.000000,
-2.900000,2.000000,
-2.800000,2.000000,0.640312
-2.700000,2.000000,0.979796
-2.600000,2.000000,1.220656
-2.500000,2.000000,1.414214
-2.400000,2.000000,1.577973
-2.300000,2.000000,1.720465
-2.200000,2.000000,1.846619
-2.100000,2.000000,1.959592
-2.000000,2.000000,2.061553
-1.900000,2.000000,2.154066
-1.800000,2.000000,2.238303
-1.700000,2.000000,2.315167
-1.600000,2.000000,2.385372
-1.500000,2.000000,2.449490
-1.400000,2.000000,2.507987
-1.300000,2.000000,2.561250
-1.200000,2.000000,2.609598
-1.100000,2.000000,2.653300
-1.000000,2.000000,2.692582
-0.900000,2.000000,2.727636
-0.800000,2.000000,2.758623
-0.700000,2.000000,2.785678
-0.600000,2.000000,2.808914
-0.500000,2.000000,2.828427
-0.400000,2.000000,2.844293
-0.300000,2.000000,2.856571
-0.200000,2.000000,2.865310
-0.100000,2.000000,2.870540
0.000000,2.000000,2.872281
0.100000,2.000000,2.870540
0.200000,2.000000,2.865310
0.300000,2.000000,2.856571
0.400000,2.000000,2.844293
0.500000,2.000000,2.828427
0.600000,2.000000,2.808914
0.700000,2.000000,2.785678
0.800000,2.000000,2.758623
0.900000,2.000000,2.727636
1.000000,2.000000,2.692582
1.100000,2.000000,2.653300
1.200000,2.000000,2.609598
1.300000,2.000000,2.561250
1.400000,2.000000,2.507987
1.500000,2.000000,2.449490
1.600000,2.000000,2.385372
1.700000,2.000000,2.315167
1.800000,2.000000,2.238303
1.900000,2.000000,2.154066
2.000000,2.000000,2.061553
2.100000,2.000000,1.959592
2.200000,2.000000,1.846619
2.300000,2.000000,1.720465
2.400000,2.000000,1.577973
2.500000,2.000000,1.414214
2.600000,2.000000,1.220656
2.700000,2.000000,0.979796
2.800000,2.000000,0.640312
2.900000,2.000000,
3.000000,2.000000,
3.100000,2.000000,
3.200000,2.000000,
3.300000,2.000000,
3.400000,2.000000,
3.500000,2.000000,
-3.500000,2.100000,
-3.400000,2.100000,
-3.300000,2.100000,
-3.200000,2.100000,
-3.100000,2.100000,
-3.000000,2.100000,
-2.900000,2.100000,
-2.800000,2.100000,
-2.700000,2.100000,0.741620
-2.600000,2.100000,1.039230
-2.500000,2.100000,1.260952
-2.400000,2.100000,1.442221
-2.300000,2.100000,1.596872
-2.200000,2.100000,1.732051
-2.100000,2.100000,1.852026
-2.000000,2.100000,1.959592
-1.900000,2.100000,2.056696
-1.800000,2.100000,2.144761
-1.700000,2.100000,2.224860
-1.600000,2.100000,2.297825
-1.500000,2.100000,2.364318
-1.400000,2.100000,2.424871
-1.300000,2.100000,2.479919
-1.200000,2.100000,2.529822
-1.100000,2.100000,2.574879
-1.000000,2.100000,2.615339
-0.900000,2.100000,2.651415
-0.800000,2.100000,2.683282
-0.700000,2.100000,2.711088
-0.600000,2.100000,2.734959
-0.500000,2.100000,2.754995
-0.400000,2.100000,2.771281
-0.300000,2.100000,2.783882
-0.200000,2.100000,2.792848
-0.100000,2.100000,2.798214
0.000000,2.100000,2.800000
0.100000,2.100000,2.798214
0.200000,2.100000,2.792848
0.300000,2.100000,2.783882
0.400000,2.100000,2.771281
0.500000,2.100000,2.754995
0.600000,2.100000,2.734959
0.700000,2.100000,2.711088
0.800000,2.100000,2.683282
0.900000,2.100000,2.651415
1.000000,2.100000,2.615339
1.100000,2.100000,2.574879
1.200000,2.100000,2.529822
1.300000,2.100000,2.479919
1.400000,2.100000,2.424871
1.500000,2.100000,2.364318
1.600000,2.100000,2.297825
1.700000,2.100000,2.224860
1.800000,2.100000,2.144761
1.900000,2.100000,2.056696
2.000000,2.100000,1.959592
2.100000,2.100000,1.852026
2.200000,2.100000,1.732051
2.300000,2.100000,1.596872
2.400000,2.100000,1.442221
2.500000,2.100000,1.260952
2.600000,2.100000,1.039230
2.700000,2.100000,0.741620
2.800000,2.100000,
2.900000,2.100000,
3.000000,2.100000,
3.100000,2.100000,
3.200000,2.100000,
3.300000,2.100000,
3.400000,2.100000,
3.500000,2.100000,
-3.500000,2.200000,
-3.400000,2.200000,
-3.300000,2.200000,
-3.200000,2.200000,
-3.100000,2.200000,
-3.000000,2.200000,
-2.900000,2.200000,
-2.800000,2.200000,
-2.700000,2.200000,0.346410
-2.600000,2.200000,0.806226
-2.500000,2.200000,1.077033
-2.400000,2.200000,1.284523
-2.300000,2.200000,1.456022
-2.200000,2.200000,1.603122
-2.100000,2.200000,1.732051
-2.000000,2.200000,1.846619
-1.900000,2.200000,1.949359
-1.800000,2.200000,2.042058
-1.700000,2.200000,2.126029
-1.600000,2.200000,2.202272
-1.500000,2.200000,2.271563
-1.400000,2.200000,2.334524
-1.300000,2.200000,2.391652
-1.200000,2.200000,2.443358
-1.100000,2.200000,2.489980
-1.000000,2.200000,2.531798
-0.900000,2.200000,2.569047
-0.800000,2.200000,2.601922
-0.700000,2.200000,2.630589
-0.600000,2.200000,2.655184
-0.500000,2.200000,2.675818
-0.400000,2.200000,2.692582
-0.300000,2.200000,2.705550
-0.200000,2.200000,2.714774
-0.100000,2.200000,2.720294
0.000000,2.200000,2.722132
0.100000,2.200000,2.720294
0.200000,2.200000,2.714774
0.300000,2.200000,2.705550
0.400000,2.200000,2.692582
0.500000,2.200000,2.675818
0.600000,2.200000,2.655184
0.700000,2.200000,2.630589
0.800000,2.200000,2.601922
0.900000,2.200000,2.569047
1.000000,2.200000,2.531798
1.100000,2.200000,2.489980
1.200000,2.200000,2.443358
1.300000,2.200000,2.391652
1.400000,2.200000,2.334524
1.500000,2.200000,2.271563
1.600000,2.200000,2.202272
1.700000,2.200000,2.126029
1.800000,2.200000,2.042058
1.900000,2.200000,1.949359
2.000000,2.200000,1.846619
2.100000,2.200000,1.732051
2.200000,2.200000,1.603122
2.300000,2.200000,1.456022
2.400000,2.200000,1.284523
2.500000,2.200000,1.077033
2.600000,2.200000,0.806226
2.700000,2.200000,0.346410
2.800000,2.200000,
2.900000,2.200000,
3.000000,2.200000,
3.100000,2.200000,
3.200000,2.200000,
3.300000,2.200000,
3.400000,2.200000,
3.500000,2.200000,
-3.500000,2.300000,
-3.400000,2.300000,
-3.300000,2.300000,
-3.200000,2.300000,
-3.100000,2.300000,
-3.000000,2.300000,
-2.900000,2.300000,
-2.800000,2.300000,
-2.700000,2.300000,
-2.600000,2.300000,0.447214
-2.500000,2.300000,0.842615
-2.400000,2.300000,1.095445
-2.300000,2.300000,1.292285
-2.200000,2.300000,1.456022
-2.100000,2.300000,1.596872
-2.000000,2.300000,1.720465
-1.900000,2.300000,1.830301
-1.800000,2.300000,1.928730
-1.700000,2.300000,2.017424
-1.600000,2.300000,2.097618
-1.500000,2.300000,2.170253
-1.400000,2.300000,2.236068
-1.300000,2.300000,2.295648
-1.200000,2.300000,2.349468
-1.100000,2.300000,2.397916
-1.000000,2.300000,2.441311
-0.900000,2.300000,2.479919
-0.800000,2.300000,2.513961
-0.700000,2.300000,2.543619
-0.600000,2.300000,2.569047
-0.500000,2.300000,2.590367
-0.400000,2.300000,2.607681
-0.300000,2.300000,2.621068
-0.200000,2.300000,2.630589
-0.100000,2.300000,2.636285
0.000000,2.300000,2.638181
0.100000,2.300000,2.636285
0.200000,2.300000,2.630589
0.300000,2.300000,2.621068
0.400000,2.300000,2.607681
0.500000,2.300000,2.590367
0.600000,2.300000,2.569047
0.700000,2.300000,2.543619
0.800000,2.300000,2.513961
0.900000,2.300000,2.479919
1.000000,2.300000,2.441311
1.100000,2.300000,2.397916
1.200000,2.300000,2.349468
1.300000,2.300000,2.295648
1.400000,2.300000,2.236068
1.500000,2.300000,2.170253
1.600000,2.300000,2.097618
1.700000,2.300000,2.017424
1.800000,2.300000,1.928730
1.900000,2.300000,1.830301
2.000000,2.300000,1.720465
2.100000,2.300000,1.596872
2.200000,2.300000,1.456022
2.300000,2.300000,1.292285
2.400000,2.300000,1.095445
2.500000,2.300000,0.842615
2.600000,2.300000,0.447214
2.700000,2.300000,
2.800000,2.300000,
2.900000,2.300000,
3.000000,2.300000,
3.100000,2.300000,
3.200000,2.300000,
3.300000,2.300000,
3.400000,2.300000,
3.500000,2.300000,
-3.500000,2.400000,
-3.400000,2.400000,
-3.300000,2.400000,
-3.200000,2.400000,
-3.100000,2.400000,
-3.000000,2.400000,
-2.900000,2.400000,
-2.800000,2.400000,
-2.700000,2.400000,
-2.600000,2.400000,
-2.500000,2.400000,0.489898
-2.400000,2.400000,0.854400
-2.300000,2.400000,1.095445
-2.200000,2.400000,1.284523
-2.100000,2.400000,1.442221
-2.000000,2.400000,1.577973
-1.900000,2.400000,1.697056
-1.800000,2.400000,1.802776
-1.700000,2.400000,1.897367
-1.600000,2.400000,1.982423
-1.500000,2.400000,2.059126
-1.400000,2.400000,2.128380
-1.300000,2.400000,2.190890
-1.200000,2.400000,2.247221
-1.100000,2.400000,2.297825
-1.000000,2.400000,2.343075
-0.900000,2.400000,2.383275
-0.800000,2.400000,2.418677
-0.700000,2.400000,2.449490
-0.600000,2.400000,2.475884
-0.500000,2.400000,2.497999
-0.400000,2.400000,2.515949
-0.300000,2.400000,2.529822
-0.200000,2.400000,2.539685
-0.100000,2.400000,2.545584
0.000000,2.400000,2.547548
0.100000,2.400000,2.545584
0.200000,2.400000,2.539685
0.300000,2.400000,2.529822
0.400000,2.400000,2.515949
0.500000,2.400000,2.497999
0.600000,2.400000,2.475884
0.700000,2.400000,2.449490
0.800000,2.400000,2.418677
0.900000,2.400000,2.383275
1.000000,2.400000,2.343075
1.100000,2.400000,2.297825
1.200000,2.400000,2.247221
1.300000,2.400000,2.190890
1.400000,2.400000,2.128380
1.500000,2.400000,2.059126
1.600000,2.400000,1.982423
1.700000,2.400000,1.897367
1.800000,2.400000,1.802776
1.900000,2.400000,1.697056
2.000000,2.400000,1.577973
2.100000,2.400000,1.442221
2.200000,2.400000,1.284523
2.300000,2.400000,1.095445
2.400000,2.400000,0.854400
2.500000,2.400000,0.489898
2.600000,2.400000,
2.700000,2.400000,
2.800000,2.400000,
2.900000,2.400000,
3.000000,2.400000,
3.100000,2.400000,
3.200000,2.400000,
3.300000,2.400000,
3.400000,2.400000,
3.500000,2.400000,
-3.500000,2.500000,
-3.400000,2.500000,
-3.300000,2.500000,
-3.200000,2.500000,
-3.100000,2.500000,
-3.000000,2.500000,
-2.900000,2.500000,
-2.800000,2.500000,
-2.700000,2.500000,
-2.600000,2.500000,
-2.500000,2.500000,
-2.400000,2.500000,0.489898
-2.300000,2.500000,0.842615
-2.200000,2.500000,1.077033
-2.100000,2.500000,1.260952
-2.000000,2.500000,1.414214
-1.900000,2.500000,1.545962
-1.800000,2.500000,1.661325
-1.700000,2.500000,1.763519
-1.600000,2.500000,1.854724
-1.500000,2.500000,1.936492
-1.400000,2.500000,2.009975
-1.300000,2.500000,2.076054
-1.200000,2.500000,2.135416
-1.100000,2.500000,2.188607
-1.000000,2.500000,2.236068
-0.900000,2.500000,2.278157
-0.800000,2.500000,2.315167
-0.700000,2.500000,2.347339
-0.600000,2.500000,2.374868
-0.500000,2.500000,2.397916
-0.400000,2.500000,2.416609
-0.300000,2.500000,2.431049
-0.200000,2.500000,2.441311
-0.100000,2.500000,2.447448
0.000000,2.500000,2.449490
0.100000,2.500000,2.447448
0.200000,2.500000,2.441311
0.300000,2.500000,2.431049
0.400000,2.500000,2.416609
0.500000,2.500000,2.397916
0.600000,2.500000,2.374868
0.700000,2.500000,2.347339
0.800000,2.500000,2.315167
0.900000,2.500000,2.278157
1.000000,2.500000,2.236068
1.100000,2.500000,2.188607
1.200000,2.500000,2.135416
1.300000,2.500000,2.076054
1.400000,2.500000,2.009975
1.500000,2.500000,1.936492
1.600000,2.500000,1.854724
1.700000,2.500000,1.763519
1.800000,2.500000,1.661325
1.900000,2.500000,1.545962
2.000000,2.500000,1.414214
2.100000,2.500000,1.260952
2.200000,2.500000,1.077033
2.300000,2.500000,0.842615
2.400000,2.500000,0.489898
2.500000,2.500000,
2.600000,2.500000,
2.700000,2.500000,
2.800000,2.500000,
2.900000,2.500000,
3.000000,2.500000,
3.100000,2.500000,
3.200000,2.500000,
3.300000,2.500000,
3.400000,2.500000,
3.500000,2.500000,
-3.500000,2.600000,
-3.400000,2.600000,
-3.300000,2.600000,
-3.200000,2.600000,
-3.100000,2.600000,
-3.000000,2.600000,
-2.900000,2.600000,
-2.800000,2.600000,
-2.700000,2.600000,
-2.600000,2.600000,
-2.500000,2.600000,
-2.400000,2.600000,
-2.300000,2.600000,0.447214
-2.200000,2.600000,0.806226
-2.100000,2.600000,1.039230
-2.000000,2.600000,1.220656
-1.900000,2.600000,1.371131
-1.800000,2.600000,1.500000
-1.700000,2.600000,1.612452
-1.600000,2.600000,1.711724
-1.500000,2.600000,1.800000
-1.400000,2.600000,1.878829
-1.300000,2.600000,1.949359
-1.200000,2.600000,2.012461
-1.100000,2.600000,2.068816
-1.000000,2.600000,2.118962
-0.900000,2.600000,2.163331
-0.800000,2.600000,2.202272
-0.700000,2.600000,2.236068
-0.600000,2.600000,2.264950
-0.500000,2.600000,2.289105
-0.400000,2.600000,2.308679
-0.300000,2.600000,
-0.200000,2.600000,2.334524
-0.100000,2.600000,2.340940
0.000000,2.600000,2.343075
0.100000,2.600000,2.340940
0.200000,2.600000,2.334524
0.300000,2.600000,2.323790
0.400000,2.600000,2.308679
0.500000,2.600000,2.289105
0.600000,2.600000,2.264950
0.700000,2.600000,2.236068
0.800000,2.600000,2.202272
0.900000,2.600000,2.163331
1.000000,2.600000,2.118962
1.100000,2.600000,2.068816
1.200000,2.600000,2.012461
1.300000,2.600000,1.949359
1.400000,2.600000,1.878829
1.500000,2.600000,1.800000
1.600000,2.600000,1.711724
1.700000,2.600000,1.612452
1.800000,2.600000,1.500000
1.900000,2.600000,1.371131
2.000000,2.600000,1.220656
2.100000,2.600000,1.039230
2.200000,2.600000,0.806226
2.300000,2.600000,0.447214
2.400000,2.600000,
2.500000,2.600000,
2.600000,2.600000,
2.700000,2.600000,
2.800000,2.600000,
2.900000,2.600000,
3.000000,2.600000,
3.100000,2.600000,
3.200000,2.600000,
3.300000,2.600000,
3.400000,2.600000,
3.500000,2.600000,
-3.500000,2.700000,
-3.400000,2.700000,
-3.300000,2.700000,
-3.200000,2.700000,
-3.100000,2.700000,
-3.000000,2.700000,
-2.900000,2.700000,
-2.800000,2.700000,
-2.700000,2.700000,
-2.600000,2.700000,
-2.500000,2.700000,
-2.400000,2.700000,
-2.300000,2.700000,
-2.200000,2.700000,0.346410
-2.100000,2.700000,0.741620
-2.000000,2.700000,0.979796
-1.900000,2.700000,1.161895
-1.800000,2.700000,1.311488
-1.700000,2.700000,1.438749
-1.600000,2.700000,1.549193
-1.500000,2.700000,1.646208
-1.400000,2.700000,1.732051
-1.300000,2.700000,1.808314
-1.200000,2.700000,1.876166
-1.100000,2.700000,1.936492
-1.000000,2.700000,1.989975
-0.900000,2.700000,2.037155
-0.800000,2.700000,2.078461
-0.700000,2.700000,2.114237
-0.600000,2.700000,2.144761
-0.500000,2.700000,2.170253
-0.400000,2.700000,2.190890
-0.300000,2.700000,
-0.200000,2.700000,2.218107
-0.100000,2.700000,2.224860
0.000000,2.700000,2.227106
0.100000,2.700000,2.224860
0.200000,2.700000,2.218107
0.300000,2.700000,2.206808
0.400000,2.700000,2.190890
0.500000,2.700000,2.170253
0.600000,2.700000,2.144761
0.700000,2.700000,2.114237
0.800000,2.700000,2.078461
0.900000,2.700000,2.037155
1.000000,2.700000,1.989975
1.100000,2.700000,1.936492
1.200000,2.700000,1.876166
1.300000,2.700000,1.808314
1.400000,2.700000,1.732051
1.500000,2.700000,1.646208
1.600000,2.700000,1.549193
1.700000,2.700000,1.438749
1.800000,2.700000,1.311488
1.900000,2.700000,1.161895
2.000000,2.700000,0.979796
2.100000,2.700000,0.741620
2.200000,2.700000,0.346410
2.300000,2.700000,
2.400000,2.700000,
2.500000,2.700000,
2.600000,2.700000,
2.700000,2.700000,
2.800000,2.700000,
2.900000,2.700000,
3.000000,2.700000,
3.100000,2.700000,
3.200000,2.700000,
3.300000,2.700000,
3.400000,2.700000,
3.500000,2.700000,
-3.500000,2.800000,
-3.400000,2.800000,
-3.300000,2.800000,
-3.200000,2.800000,
-3.100000,2.800000,
-3.000000,2.800000,
-2.900000,2.800000,
-2.800000,2.800000,
-2.700000,2.800000,
-2.600000,2.800000,
-2.500000,2.800000,
-2.400000,2.800000,
-2.300000,2.800000,
-2.200000,2.800000,
-2.100000,2.800000,
-2.000000,2.800000,0.640312
-1.900000,2.800000,0.894427
-1.800000,2.800000,1.081665
-1.700000,2.800000,1.232883
-1.600000,2.800000,1.360147
-1.500000,2.800000,1.469694
-1.400000,2.800000,1.565248
-1.300000,2.800000,1.649242
-1.200000,2.800000,1.723369
-1.100000,2.800000,1.788854
-1.000000,2.800000,1.846619
-0.900000,2.800000,1.897367
-0.800000,2.800000,1.941649
-0.700000,2.800000,1.979899
-0.600000,2.800000,2.012461
-0.500000,2.800000,2.039608
-0.400000,2.800000,
-0.300000,2.800000,
-0.200000,2.800000,2.090454
-0.100000,2.800000,2.097618
0.000000,2.800000,2.100000
0.100000,2.800000,2.097618
0.200000,2.800000,2.090454
0.300000,2.800000,2.078461
0.400000,2.800000,2.061553
0.500000,2.800000,2.039608
0.600000,2.800000,2.012461
0.700000,2.800000,1.979899
0.800000,2.800000,1.941649
0.900000,2.800000,1.897367
1.000000,2.800000,1.846619
1.100000,2.800000,1.788854
1.200000,2.800000,1.723369
1.300000,2.800000,1.649242
1.400000,2.800000,1.565248
1.500000,2.800000,1.469694
1.600000,2.800000,1.360147
1.700000,2.800000,1.232883
1.800000,2.800000,1.081665
1.900000,2.800000,0.894427
2.000000,2.800000,0.640312
2.100000,2.800000,
2.200000,2.800000,
2.300000,2.800000,
2.400000,2.800000,
2.500000,2.800000,
2.600000,2.800000,
2.700000,2.800000,
2.800000,2.800000,
2.900000,2.800000,
3.000000,2.800000,
3.100000,2.800000,
3.200000,2.800000,
3.300000,2.800000,
3.400000,2.800000,
3.500000,2.800000,
-3.500000,2.900000,
-3.400000,2.900000,
-3.300000,2.900000,
-3.200000,2.900000,
-3.100000,2.900000,
-3.000000,2.900000,
-2.900000,2.900000,
-2.800000,2.900000,
-2.700000,2.900000,
-2.600000,2.900000,
-2.500000,2.900000,
-2.400000,2.900000,
-2.300000,2.900000,
-2.200000,2.900000,
-2.100000,2.900000,
-2.000000,2.900000,
-1.900000,2.900000,0.479583
-1.800000,2.900000,0.774597
-1.700000,2.900000,0.974679
-1.600000,2.900000,1.131371
-1.500000,2.900000,1.260952
-1.400000,2.900000,1.371131
-1.300000,2.900000,1.466288
-1.200000,2.900000,1.549193
-1.100000,2.900000,1.621727
-1.000000,2.900000,1.685230
-0.900000,2.900000,1.740690
-0.800000,2.900000,1.788854
-0.700000,2.900000,1.830301
-0.600000,2.900000,1.865476
-0.500000,2.900000,1.894730
-0.400000,2.900000,
-0.300000,2.900000,
-0.200000,2.900000,
-0.100000,2.900000,1.957039
0.000000,2.900000,1.959592
0.100000,2.900000,1.957039
0.200000,2.900000,1.949359
0.300000,2.900000,1.936492
0.400000,2.900000,1.918333
0.500000,2.900000,1.894730
0.600000,2.900000,1.865476
0.700000,2.900000,1.830301
0.800000,2.900000,1.788854
0.900000,2.900000,1.740690
1.000000,2.900000,1.685230
1.100000,2.900000,1.621727
1.200000,2.900000,1.549193
1.300000,2.900000,1.466288
1.400000,2.900000,1.371131
1.500000,2.900000,1.260952
1.600000,2.900000,1.131371
1.700000,2.900000,0.974679
1.800000,2.900000,0.774597
1.900000,2.900000,0.479583
2.000000,2.900000,
2.100000,2.900000,
2.200000,2.900000,
2.300000,2.900000,
2.400000,2.900000,
2.500000,2.900000,
2.600000,2.900000,
2.700000,2.900000,
2.800000,2.900000,
2.900000,2.900000,
3.000000,2.900000,
3.100000,2.900000,
3.200000,2.900000,
3.300000,2.900000,
3.400000,2.900000,
3.500000,2.900000,
-3.500000,3.000000,
-3.400000,3.000000,
-3.300000,3.000000,
-3.200000,3.000000,
-3.100000,3.000000,
-3.000000,3.000000,
-2.900000,3.000000,
-2.800000,3.000000,
-2.700000,3.000000,
-2.600000,3.000000,
-2.500000,3.000000,
-2.400000,3.000000,
-2.300000,3.000000,
-2.200000,3.000000,
-2.100000,3.000000,
-2.000000,3.000000,
-1.900000,3.000000,
-1.800000,3.000000,0.100000
-1.700000,3.000000,0.600000
-1.600000,3.000000,0.830662
-1.500000,3.000000,1.000000
-1.400000,3.000000,1.135782
-1.300000,3.000000,1.249000
-1.200000,3.000000,1.345362
-1.100000,3.000000,1.428286
-1.000000,3.000000,1.500000
-0.900000,3.000000,1.562050
-0.800000,3.000000,1.615549
-0.700000,3.000000,1.661325
-0.600000,3.000000,1.700000
-0.500000,3.000000,1.732051
-0.400000,3.000000,1.757840
-0.300000,3.000000,
-0.200000,3.000000,
-0.100000,3.000000,1.800000
0.000000,3.000000,1.802776
0.100000,3.000000,1.800000
0.200000,3.000000,1.791647
0.300000,3.000000,1.777639
0.400000,3.000000,1.757840
0.500000,3.000000,1.732051
0.600000,3.000000,1.700000
0.700000,3.000000,1.661325
0.800000,3.000000,1.615549
0.900000,3.000000,1.562050
1.000000,3.000000,1.500000
1.100000,3.000000,1.428286
1.200000,3.000000,1.345362
1.300000,3.000000,1.249000
1.400000,3.000000,1.135782
1.500000,3.000000,1.000000
1.600000,3.000000,0.830662
1.700000,3.000000,0.600000
1.800000,3.000000,0.100000
1.900000,3.000000,
2.000000,3.000000,
2.100000,3.000000,
2.200000,3.000000,
2.300000,3.000000,
2.400000,3.000000,
2.500000,3.000000,
2.600000,3.000000,
2.700000,3.000000,
2.800000,3.000000,
2.900000,3.000000,
3.000000,3.000000,
3.100000,3.000000,
3.200000,3.000000,
3.300000,3.000000,
3.400000,3.000000,
3.500000,3.000000,
-3.500000,3.100000,
-3.400000,3.100000,
-3.300000,3.100000,
-3.200000,3.100000,
-3.100000,3.100000,
-3.000000,3.100000,
-2.900000,3.100000,
-2.800000,3.100000,
-2.700000,3.100000,
-2.600000,3.100000,
-2.500000,3.100000,
-2.400000,3.100000,
-2.300000,3.100000,
-2.200000,3.100000,
-2.100000,3.100000,
-2.000000,3.100000,
-1.900000,3.100000,
-1.800000,3.100000,
-1.700000,3.100000,
-1.600000,3.100000,0.282843
-1.500000,3.100000,0.624500
-1.400000,3.100000,0.824621
-1.300000,3.100000,0.974679
-1.200000,3.100000,1.095445
-1.100000,3.100000,1.195826
-1.000000,3.100000,1.280625
-0.900000,3.100000,1.352775
-0.800000,3.100000,1.414214
-0.700000,3.100000,1.466288
-0.600000,3.100000,1.509967
-0.500000,3.100000,1.545962
-0.400000,3.100000,1.574802
-0.300000,3.100000,
-0.200000,3.100000,
-0.100000,3.100000,1.621727
0.000000,3.100000,1.624808
0.100000,3.100000,1.621727
0.200000,3.100000,1.612452
0.300000,3.100000,1.596872
0.400000,3.100000,1.574802
0.500000,3.100000,1.545962
0.600000,3.100000,1.509967
0.700000,3.100000,1.466288
0.800000,3.100000,1.414214
0.900000,3.100000,1.352775
1.000000,3.100000,1.280625
1.100000,3.100000,1.195826
1.200000,3.100000,1.095445
1.300000,3.100000,0.974679
1.400000,3.100000,0.824621
1.500000,3.100000,0.624500
1.600000,3.100000,0.282843
1.700000,3.100000,
1.800000,3.100000,
1.900000,3.100000,
2.000000,3.100000,
2.100000,3.100000,
2.200000,3.100000,
2.300000,3.100000,
2.400000,3.100000,
2.500000,3.100000,
2.600000,3.100000,
2.700000,3.100000,
2.800000,3.100000,
2.900000,3.100000,
3.000000,3.100000,
3.100000,3.100000,
3.200000,3.100000,
3.300000,3.100000,
3.400000,3.100000,
3.500000,3.100000,
-3.500000,3.200000,
-3.400000,3.200000,
-3.300000,3.200000,
-3.200000,3.200000,
-3.100000,3.200000,
-3.000000,3.200000,
-2.900000,3.200000,
-2.800000,3.200000,
-2.700000,3.200000,
-2.600000,3.200000,
-2.500000,3.200000,
-2.400000,3.200000,
-2.300000,3.200000,
-2.200000,3.200000,
-2.100000,3.200000,
-2.000000,3.200000,
-1.900000,3.200000,
-1.800000,3.200000,
-1.700000,3.200000,
-1.600000,3.200000,
-1.500000,3.200000,
-1.400000,3.200000,0.223607
-1.300000,3.200000,0.565685
-1.200000,3.200000,0.754983
-1.100000,3.200000,0.894427
-1.000000,3.200000,1.004988
-0.900000,3.200000,1.095445
-0.800000,3.200000,1.170470
-0.700000,3.200000,1.232883
-0.600000,3.200000,1.284523
-0.500000,3.200000,1.326650
-0.400000,3.200000,1.360147
-0.300000,3.200000,
-0.200000,3.200000,
-0.100000,3.200000,
0.000000,3.200000,1.417745
0.100000,3.200000,1.414214
0.200000,3.200000,1.403567
0.300000,3.200000,1.385641
0.400000,3.200000,1.360147
0.500000,3.200000,1.326650
0.600000,3.200000,1.284523
0.700000,3.200000,1.232883
0.800000,3.200000,1.170470
0.900000,3.200000,1.095445
1.000000,3.200000,1.004988
1.100000,3.200000,0.894427
1.200000,3.200000,0.754983
1.300000,3.200000,0.565685
1.400000,3.200000,0.223607
1.500000,3.200000,
1.600000,3.200000,
1.700000,3.200000,
1.800000,3.200000,
1.900000,3.200000,
2.000000,3.200000,
2.100000,3.200000,
2.200000,3.200000,
2.300000,3.200000,
2.400000,3.200000,
2.500000,3.200000,
2.600000,3.200000,
2.700000,3.200000,
2.800000,3.200000,
2.900000,3.200000,
3.000000,3.200000,
3.100000,3.200000,
3.200000,3.200000,
3.300000,3.200000,
3.400000,3.200000,
3.500000,3.200000,
-3.500000,3.300000,
-3.400000,3.300000,
-3.300000,3.300000,
-3.200000,3.300000,
-3.100000,3.300000,
-3.000000,3.300000,
-2.900000,3.300000,
-2.800000,3.300000,
-2.700000,3.300000,
-2.600000,3.300000,
-2.500000,3.300000,
-2.400000,3.300000,
-2.300000,3.300000,
-2.200000,3.300000,
-2.100000,3.300000,
-2.000000,3.300000,
-1.900000,3.300000,
-1.800000,3.300000,
-1.700000,3.300000,
-1.600000,3.300000,
-1.500000,3.300000,
-1.400000,3.300000,
-1.300000,3.300000,
-1.200000,3.300000,
-1.100000,3.300000,0.387298
-1.000000,3.300000,0.600000
-0.900000,3.300000,0.741620
-0.800000,3.300000,0.848528
-0.700000,3.300000,0.932738
-0.600000,3.300000,1.000000
-0.500000,3.300000,1.053565
-0.400000,3.300000,1.095445
-0.300000,3.300000,
-0.200000,3.300000,
-0.100000,3.300000,
0.000000,3.300000,1.166190
0.100000,3.300000,1.161895
0.200000,3.300000,1.148913
0.300000,3.300000,1.126943
0.400000,3.300000,1.095445
0.500000,3.300000,1.053565
0.600000,3.300000,1.000000
0.700000,3.300000,0.932738
0.800000,3.300000,0.848528
0.900000,3.300000,0.741620
1.000000,3.300000,0.600000
1.100000,3.300000,0.387298
1.200000,3.300000,
1.300000,3.300000,
1.400000,3.300000,
1.500000,3.300000,
1.600000,3.300000,
1.700000,3.300000,
1.800000,3.300000,
1.900000,3.300000,
2.000000,3.300000,
2.100000,3.300000,
2.200000,3.300000,
2.300000,3.300000,
2.400000,3.300000,
2.500000,3.300000,
2.600000,3.300000,
2.700000,3.300000,
2.800000,3.300000,
2.900000,3.300000,
3.000000,3.300000,
3.100000,3.300000,
3.200000,3.300000,
3.300000,3.300000,
3.400000,3.300000,
3.500000,3.300000,
-3.500000,3.400000,
-3.400000,3.400000,
-3.300000,3.400000,
-3.200000,3.400000,
-3.100000,3.400000,
-3.000000,3.400000,
-2.900000,3.400000,
-2.800000,3.400000,
-2.700000,3.400000,
-2.600000,3.400000,
-2.500000,3.400000,
-2.400000,3.400000,
-2.300000,3.400000,
-2.200000,3.400000,
-2.100000,3.400000,
-2.000000,3.400000,
-1.900000,3.400000,
-1.800000,3.400000,
-1.700000,3.400000,
-1.600000,3.400000,
-1.500000,3.400000,
-1.400000,3.400000,
-1.300000,3.400000,
-1.200000,3.400000,
-1.100000,3.400000,
-1.000000,3.400000,
-0.900000,3.400000,
-0.800000,3.400000,0.223607
-0.700000,3.400000,0.447214
-0.600000,3.400000,0.574456
-0.500000,3.400000,0.663325
-0.400000,3.400000,0.728011
-0.300000,3.400000,
-0.200000,3.400000,
-0.100000,3.400000,
0.000000,3.400000,
0.100000,3.400000,0.824621
0.200000,3.400000,0.806226
0.300000,3.400000,0.774597
0.400000,3.400000,0.728011
0.500000,3.400000,0.663325
0.600000,3.400000,0.574456
0.700000,3.400000,0.447214
0.800000,3.400000,0.223607
0.900000,3.400000,
1.000000,3.400000,
1.100000,3.400000,
1.200000,3.400000,
1.300000,3.400000,
1.400000,3.400000,
1.500000,3.400000,
1.600000,3.400000,
1.700000,3.400000,
1.800000,3.400000,
1.900000,3.400000,
2.000000,3.400000,
2.100000,3.400000,
2.200000,3.400000,
2.300000,3.400000,
2.400000,3.400000,
2.500000,3.400000,
2.600000,3.400000,
2.700000,3.400000,
2.800000,3.400000,
2.900000,3.400000,
3.000000,3.400000,
3.100000,3.400000,
3.200000,3.400000,
3.300000,3.400000,
3.400000,3.400000,
3.500000,3.400000,
-3.500000,3.500000,
-3.400000,3.500000,
-3.300000,3.500000,
-3.200000,3.500000,
-3.100000,3.500000,
-3.000000,3.500000,
-2.900000,3.500000,
-2.800000,3.500000,
-2.700000,3.500000,
-2.600000,3.500000,
-2.500000,3.500000,
-2.400000,3.500000,
-2.300000,3.500000,
-2.200000,3.500000,
-2.100000,3.500000,
-2.000000,3.500000,
-1.900000,3.500000,
-1.800000,3.500000,
-1.700000,3.500000,
-1.600000,3.500000,
-1.500000,3.500000,
-1.400000,3.500000,
-1.300000,3.500000,
-1.200000,3.500000,
-1.100000,3.500000,
-1.000000,3.500000,
-0.900000,3.500000,
-0.800000,3.500000,
-0.700000,3.500000,
-0.600000,3.500000,
-0.500000,3.500000,
-0.400000,3.500000,
-0.300000,3.500000,
-0.200000,3.500000,
-0.100000,3.500000,
0.000000,3.500000,
0.100000,3.500000,
0.200000,3.500000,
0.300000,3.500000,
0.400000,3.500000,
0.500000,3.500000,
0.600000,3.500000,
0.700000,3.500000,
0.800000,3.500000,
0.900000,3.500000,
1.000000,3.500000,
1.100000,3.500000,
1.200000,3.500000,
1.300000,3.500000,
1.400000,3.500000,
1.500000,3.500000,
1.600000,3.500000,
1.700000,3.500000,
1.800000,3.500000,
1.900000,3.500000,
2.000000,3.500000,
2.100000,3.500000,
2.200000,3.500000,
2.300000,3.500000,
2.400000,3.500000,
2.500000,3.500000,
2.600000,3.500000,
2.700000,3.500000,
2.800000,3.500000,
2.900000,3.500000,
3.000000,3.500000,
3.100000,3.500000,
3.200000,3.500000,
3.300000,3.500000,
3.400000,3.500000,
3.500000,3.500000,
