x,y,z
-3.500000,-3.500000,
-3.450000,-3.500000,
-3.400000,-3.500000,
-3.350000,-3.500000,
-3.300000,-3.500000,
-3.250000,-3.500000,
-3.200000,-3.500000,
-3.150000,-3.500000,
-3.100000,-3.500000,
-3.050000,-3.500000,
-3.000000,-3.500000,
-2.950000,-3.500000,
-2.900000,-3.500000,
-2.850000,-3.500000,
-2.800000,-3.500000,
-2.750000,-3.500000,
-2.700000,-3.500000,
-2.650000,-3.500000,
-2.600000,-3.500000,
-2.550000,-3.500000,
-2.500000,-3.500000,
-2.450000,-3.500000,
-2.400000,-3.500000,
-2.350000,-3.500000,
-2.300000,-3.500000,
-2.250000,-3.500000,
-2.200000,-3.500000,
-2.150000,-3.500000,
-2.100000,-3.500000,
-2.050000,-3.500000,
-2.000000,-3.500000,
-1.950000,-3.500000,
-1.900000,-3.500000,
-1.850000,-3.500000,
-1.800000,-3.500000,
-1.750000,-3.500000,
-1.700000,-3.500000,
-1.650000,-3.500000,
-1.600000,-3.500000,
-1.550000,-3.500000,
-1.500000,-3.500000,
-1.450000,-3.500000,
-1.400000,-3.500000,
-1.350000,-3.500000,
-1.300000,-3.500000,
-1.250000,-3.500000,
-1.200000,-3.500000,
-1.150000,-3.500000,
-1.100000,-3.500000,
-1.050000,-3.500000,
-1.000000,-3.500000,
-0.950000,-3.500000,
-0.900000,-3.500000,
-0.850000,-3.500000,
-0.800000,-3.500000,
-0.750000,-3.500000,
-0.700000,-3.500000,
-0.650000,-3.500000,
-0.600000,-3.500000,
-0.550000,-3.500000,
-0.500000,-3.500000,
-0.450000,-3.500000,
-0.400000,-3.500000,
-0.350000,-3.500000,
-0.300000,-3.500000,
-0.250000,-3.500000,
-0.200000,-3.500000,
-0.150000,-3.500000,
-0.100000,-3.500000,
-0.050000,-3.500000,
-0.000000,-3.500000,
0.050000,-3.500000,
0.100000,-3.500000,
0.150000,-3.500000,
0.200000,-3.500000,
0.250000,-3.500000,
0.300000,-3.500000,
0.350000,-3.500000,
0.400000,-3.500000,
0.450000,-3.500000,
0.500000,-3.500000,
0.550000,-3.500000,
0.600000,-3.500000,
0.650000,-3.500000,
0.700000,-3.500000,
0.750000,-3.500000,
0.800000,-3.500000,
0.850000,-3.500000,
0.900000,-3.500000,
0.950000,-3.500000,
1.000000,-3.500000,
1.050000,-3.500000,
1.100000,-3.500000,
1.150000,-3.500000,
1.200000,-3.500000,
1.250000,-3.500000,
1.300000,-3.500000,
1.350000,-3.500000,
1.400000,-3.500000,
1.450000,-3.500000,
1.500000,-3.500000,
1.550000,-3.500000,
1.600000,-3.500000,
1.650000,-3.500000,
1.700000,-3.500000,
1.750000,-3.500000,
1.800000,-3.500000,
1.850000,-3.500000,
1.900000,-3.500000,
1.950000,-3.500000,
2.000000,-3.500000,
2.050000,-3.500000,
2.100000,-3.500000,
2.150000,-3.500000,
2.200000,-3.500000,
2.250000,-3.500000,
2.300000,-3.500000,
2.350000,-3.500000,
2.400000,-3.500000,
2.450000,-3.500000,
2.500000,-3.500000,
2.550000,-3.500000,
2.600000,-3.500000,
2.650000,-3.500000,
2.700000,-3.500000,
2.750000,-3.500000,
2.800000,-3.500000,
2.850000,-3.500000,
2.900000,-3.500000,
2.950000,-3.500000,
3.000000,-3.500000,
3.050000,-3.500000,
3.100000,-3.500000,
3.150000,-3.500000,
3.200000,-3.500000,
3.250000,-3.500000,
3.300000,-3.500000,
3.350000,-3.500000,
3.400000,-3.500000,
3.450000,-3.500000,
3.500000,-3.500000,
-3.500000,-3.450000,
-3.450000,-3.450000,
-3.400000,-3.450000,
-3.350000,-3.450000,
-3.300000,-3.450000,
-3.250000,-3.450000,
-3.200000,-3.450000,
-3.150000,-3.450000,
-3.100000,-3.450000,
-3.050000,-3.450000,
-3.000000,-3.450000,
-2.950000,-3.450000,
-2.900000,-3.450000,
-2.850000,-3.450000,
-2.800000,-3.450000,
-2.750000,-3.450000,
-2.700000,-3.450000,
-2.650000,-3.450000,
-2.600000,-3.450000,
-2.550000,-3.450000,
-2.500000,-3.450000,
-2.450000,-3.450000,
-2.400000,-3.450000,
-2.350000,-3.450000,
-2.300000,-3.450000,
-2.250000,-3.450000,
-2.200000,-3.450000,
-2.150000,-3.450000,
-2.100000,-3.450000,
-2.050000,-3.450000,
-2.000000,-3.450000,
-1.950000,-3.450000,
-1.900000,-3.450000,
-1.850000,-3.450000,
-1.800000,-3.450000,
-1.750000,-3.450000,
-1.700000,-3.450000,
-1.650000,-3.450000,
-1.600000,-3.450000,
-1.550000,-3.450000,
-1.500000,-3.450000,
-1.450000,-3.450000,
-1.400000,-3.450000,
-1.350000,-3.450000,
-1.300000,-3.450000,
-1.250000,-3.450000,
-1.200000,-3.450000,
-1.150000,-3.450000,
-1.100000,-3.450000,
-1.050000,-3.450000,
-1.000000,-3.450000,
-0.950000,-3.450000,
-0.900000,-3.450000,
-0.850000,-3.450000,
-0.800000,-3.450000,
-0.750000,-3.450000,
-0.700000,-3.450000,
-0.650000,-3.450000,
-0.600000,-3.450000,
-0.550000,-3.450000,
-0.500000,-3.450000,
-0.450000,-3.450000,
-0.400000,-3.450000,
-0.350000,-3.450000,
-0.300000,-3.450000,
-0.250000,-3.450000,
-0.200000,-3.450000,
-0.150000,-3.450000,
-0.100000,-3.450000,
-0.050000,-3.450000,
-0.000000,-3.450000,
0.050000,-3.450000,
0.100000,-3.450000,
0.150000,-3.450000,
0.200000,-3.450000,
0.250000,-3.450000,
0.300000,-3.450000,
0.350000,-3.450000,
0.400000,-3.450000,
0.450000,-3.450000,
0.500000,-3.450000,
0.550000,-3.450000,
0.600000,-3.450000,
0.650000,-3.450000,
0.700000,-3.450000,
0.750000,-3.450000,
0.800000,-3.450000,
0.850000,-3.450000,
0.900000,-3.450000,
0.950000,-3.450000,
1.000000,-3.450000,
1.050000,-3.450000,
1.100000,-3.450000,
1.150000,-3.450000,
1.200000,-3.450000,
1.250000,-3.450000,
1.300000,-3.450000,
1.350000,-3.450000,
1.400000,-3.450000,
1.450000,-3.450000,
1.500000,-3.450000,
1.550000,-3.450000,
1.600000,-3.450000,
1.650000,-3.450000,
1.700000,-3.450000,
1.750000,-3.450000,
1.800000,-3.450000,
1.850000,-3.450000,
1.900000,-3.450000,
1.950000,-3.450000,
2.000000,-3.450000,
2.050000,-3.450000,
2.100000,-3.450000,
2.150000,-3.450000,
2.200000,-3.450000,
2.250000,-3.450000,
2.300000,-3.450000,
2.350000,-3.450000,
2.400000,-3.450000,
2.450000,-3.450000,
2.500000,-3.450000,
2.550000,-3.450000,
2.600000,-3.450000,
2.650000,-3.450000,
2.700000,-3.450000,
2.750000,-3.450000,
2.800000,-3.450000,
2.850000,-3.450000,
2.900000,-3.450000,
2.950000,-3.450000,
3.000000,-3.450000,
3.050000,-3.450000,
3.100000,-3.450000,
3.150000,-3.450000,
3.200000,-3.450000,
3.250000,-3.450000,
3.300000,-3.450000,
3.350000,-3.450000,
3.400000,-3.450000,
3.450000,-3.450000,
3.500000,-3.450000,
-3.500000,-3.400000,
-3.450000,-3.400000,
-3.400000,-3.400000,
-3.350000,-3.400000,
-3.300000,-3.400000,
-3.250000,-3.400000,
-3.200000,-3.400000,
-3.150000,-3.400000,
-3.100000,-3.400000,
-3.050000,-3.400000,
-3.000000,-3.400000,
-2.950000,-3.400000,
-2.900000,-3.400000,
-2.850000,-3.400000,
-2.800000,-3.400000,
-2.750000,-3.400000,
-2.700000,-3.400000,
-2.650000,-3.400000,
-2.600000,-3.400000,
-2.550000,-3.400000,
-2.500000,-3.400000,
-2.450000,-3.400000,
-2.400000,-3.400000,
-2.350000,-3.400000,
-2.300000,-3.400000,
-2.250000,-3.400000,
-2.200000,-3.400000,
-2.150000,-3.400000,
-2.100000,-3.400000,
-2.050000,-3.400000,
-2.000000,-3.400000,
-1.950000,-3.400000,
-1.900000,-3.400000,
-1.850000,-3.400000,
-1.800000,-3.400000,
-1.750000,-3.400000,
-1.700000,-3.400000,
-1.650000,-3.400000,
-1.600000,-3.400000,
-1.550000,-3.400000,
-1.500000,-3.400000,
-1.450000,-3.400000,
-1.400000,-3.400000,
-1.350000,-3.400000,
-1.300000,-3.400000,
-1.250000,-3.400000,
-1.200000,-3.400000,
-1.150000,-3.400000,
-1.100000,-3.400000,
-1.050000,-3.400000,
-1.000000,-3.400000,
-0.950000,-3.400000,
-0.900000,-3.400000,
-0.850000,-3.400000,
-0.800000,-3.400000,
-0.750000,-3.400000,
-0.700000,-3.400000,
-0.650000,-3.400000,
-0.600000,-3.400000,
-0.550000,-3.400000,
-0.500000,-3.400000,
-0.450000,-3.400000,
-0.400000,-3.400000,
-0.350000,-3.400000,
-0.300000,-3.400000,
-0.250000,-3.400000,
-0.200000,-3.400000,
-0.150000,-3.400000,
-0.100000,-3.400000,
-0.050000,-3.400000,
-0.000000,-3.400000,
0.050000,-3.400000,
0.100000,-3.400000,
0.150000,-3.400000,
0.200000,-3.400000,
0.250000,-3.400000,
0.300000,-3.400000,
0.350000,-3.400000,
0.400000,-3.400000,
0.450000,-3.400000,
0.500000,-3.400000,
0.550000,-3.400000,
0.600000,-3.400000,
0.650000,-3.400000,
0.700000,-3.400000,
0.750000,-3.400000,
0.800000,-3.400000,
0.850000,-3.400000,
0.900000,-3.400000,
0.950000,-3.400000,
1.000000,-3.400000,
1.050000,-3.400000,
1.100000,-3.400000,
1.150000,-3.400000,
1.200000,-3.400000,
1.250000,-3.400000,
1.300000,-3.400000,
1.350000,-3.400000,
1.400000,-3.400000,
1.450000,-3.400000,
1.500000,-3.400000,
1.550000,-3.400000,
1.600000,-3.400000,
1.650000,-3.400000,
1.700000,-3.400000,
1.750000,-3.400000,
1.800000,-3.400000,
1.850000,-3.400000,
1.900000,-3.400000,
1.950000,-3.400000,
2.000000,-3.400000,
2.050000,-3.400000,
2.100000,-3.400000,
2.150000,-3.400000,
2.200000,-3.400000,
2.250000,-3.400000,
2.300000,-3.400000,
2.350000,-3.400000,
2.400000,-3.400000,
2.450000,-3.400000,
2.500000,-3.400000,
2.550000,-3.400000,
2.600000,-3.400000,
2.650000,-3.400000,
2.700000,-3.400000,
2.750000,-3.400000,
2.800000,-3.400000,
2.850000,-3.400000,
2.900000,-3.400000,
2.950000,-3.400000,
3.000000,-3.400000,
3.050000,-3.400000,
3.100000,-3.400000,
3.150000,-3.400000,
3.200000,-3.400000,
3.250000,-3.400000,
3.300000,-3.400000,
3.350000,-3.400000,
3.400000,-3.400000,
3.450000,-3.400000,
3.500000,-3.400000,
-3.500000,-3.350000,
-3.450000,-3.350000,
-3.400000,-3.350000,
-3.350000,-3.350000,
-3.300000,-3.350000,
-3.250000,-3.350000,
-3.200000,-3.350000,
-3.150000,-3.350000,
-3.100000,-3.350000,
-3.050000,-3.350000,
-3.000000,-3.350000,
-2.950000,-3.350000,
-2.900000,-3.350000,
-2.850000,-3.350000,
-2.800000,-3.350000,
-2.750000,-3.350000,
-2.700000,-3.350000,
-2.650000,-3.350000,
-2.600000,-3.350000,
-2.550000,-3.350000,
-2.500000,-3.350000,
-2.450000,-3.350000,
-2.400000,-3.350000,
-2.350000,-3.350000,
-2.300000,-3.350000,
-2.250000,-3.350000,
-2.200000,-3.350000,
-2.150000,-3.350000,
-2.100000,-3.350000,
-2.050000,-3.350000,
-2.000000,-3.350000,
-1.950000,-3.350000,
-1.900000,-3.350000,
-1.850000,-3.350000,
-1.800000,-3.350000,
-1.750000,-3.350000,
-1.700000,-3.350000,
-1.650000,-3.350000,
-1.600000,-3.350000,
-1.550000,-3.350000,
-1.500000,-3.350000,
-1.450000,-3.350000,
-1.400000,-3.350000,
-1.350000,-3.350000,
-1.300000,-3.350000,
-1.250000,-3.350000,
-1.200000,-3.350000,
-1.150000,-3.350000,
-1.100000,-3.350000,
-1.050000,-3.350000,
-1.000000,-3.350000,
-0.950000,-3.350000,
-0.900000,-3.350000,
-0.850000,-3.350000,
-0.800000,-3.350000,
-0.750000,-3.350000,
-0.700000,-3.350000,
-0.650000,-3.350000,
-0.600000,-3.350000,
-0.550000,-3.350000,
-0.500000,-3.350000,
-0.450000,-3.350000,
-0.400000,-3.350000,
-0.350000,-3.350000,
-0.300000,-3.350000,
-0.250000,-3.350000,
-0.200000,-3.350000,
-0.150000,-3.350000,
-0.100000,-3.350000,
-0.050000,-3.350000,
-0.000000,-3.350000,
0.050000,-3.350000,
0.100000,-3.350000,
0.150000,-3.350000,
0.200000,-3.350000,
0.250000,-3.350000,
0.300000,-3.350000,
0.350000,-3.350000,
0.400000,-3.350000,
0.450000,-3.350000,
0.500000,-3.350000,
0.550000,-3.350000,
0.600000,-3.350000,
0.650000,-3.350000,
0.700000,-3.350000,
0.750000,-3.350000,
0.800000,-3.350000,
0.850000,-3.350000,
0.900000,-3.350000,
0.950000,-3.350000,
1.000000,-3.350000,
1.050000,-3.350000,
1.100000,-3.350000,
1.150000,-3.350000,
1.200000,-3.350000,
1.250000,-3.350000,
1.300000,-3.350000,
1.350000,-3.350000,
1.400000,-3.350000,
1.450000,-3.350000,
1.500000,-3.350000,
1.550000,-3.350000,
1.600000,-3.350000,
1.650000,-3.350000,
1.700000,-3.350000,
1.750000,-3.350000,
1.800000,-3.350000,
1.850000,-3.350000,
1.900000,-3.350000,
1.950000,-3.350000,
2.000000,-3.350000,
2.050000,-3.350000,
2.100000,-3.350000,
2.150000,-3.350000,
2.200000,-3.350000,
2.250000,-3.350000,
2.300000,-3.350000,
2.350000,-3.350000,
2.400000,-3.350000,
2.450000,-3.350000,
2.500000,-3.350000,
2.550000,-3.350000,
2.600000,-3.350000,
2.650000,-3.350000,
2.700000,-3.350000,
2.750000,-3.350000,
2.800000,-3.350000,
2.850000,-3.350000,
2.900000,-3.350000,
2.950000,-3.350000,
3.000000,-3.350000,
3.050000,-3.350000,
3.100000,-3.350000,
3.150000,-3.350000,
3.200000,-3.350000,
3.250000,-3.350000,
3.300000,-3.350000,
3.350000,-3.350000,
3.400000,-3.350000,
3.450000,-3.350000,
3.500000,-3.350000,
-3.500000,-3.300000,
-3.450000,-3.300000,
-3.400000,-3.300000,
-3.350000,-3.300000,
-3.300000,-3.300000,
-3.250000,-3.300000,
-3.200000,-3.300000,
-3.150000,-3.300000,
-3.100000,-3.300000,
-3.050000,-3.300000,
-3.000000,-3.300000,
-2.950000,-3.300000,
-2.900000,-3.300000,
-2.850000,-3.300000,
-2.800000,-3.300000,
-2.750000,-3.300000,
-2.700000,-3.300000,
-2.650000,-3.300000,
-2.600000,-3.300000,
-2.550000,-3.300000,
-2.500000,-3.300000,
-2.450000,-3.300000,
-2.400000,-3.300000,
-2.350000,-3.300000,
-2.300000,-3.300000,
-2.250000,-3.300000,
-2.200000,-3.300000,
-2.150000,-3.300000,
-2.100000,-3.300000,
-2.050000,-3.300000,
-2.000000,-3.300000,
-1.950000,-3.300000,
-1.900000,-3.300000,
-1.850000,-3.300000,
-1.800000,-3.300000,
-1.750000,-3.300000,
-1.700000,-3.300000,
-1.650000,-3.300000,
-1.600000,-3.300000,
-1.550000,-3.300000,
-1.500000,-3.300000,
-1.450000,-3.300000,
-1.400000,-3.300000,
-1.350000,-3.300000,
-1.300000,-3.300000,
-1.250000,-3.300000,
-1.200000,-3.300000,
-1.150000,-3.300000,
-1.100000,-3.300000,
-1.050000,-3.300000,
-1.000000,-3.300000,
-0.950000,-3.300000,
-0.900000,-3.300000,
-0.850000,-3.300000,
-0.800000,-3.300000,
-0.750000,-3.300000,
-0.700000,-3.300000,
-0.650000,-3.300000,
-0.600000,-3.300000,
-0.550000,-3.300000,
-0.500000,-3.300000,
-0.450000,-3.300000,
-0.400000,-3.300000,
-0.350000,-3.300000,
-0.300000,-3.300000,
-0.250000,-3.300000,
-0.200000,-3.300000,
-0.150000,-3.300000,
-0.100000,-3.300000,
-0.050000,-3.300000,
-0.000000,-3.300000,
0.050000,-3.300000,
0.100000,-3.300000,
0.150000,-3.300000,
0.200000,-3.300000,
0.250000,-3.300000,
0.300000,-3.300000,
0.350000,-3.300000,
0.400000,-3.300000,
0.450000,-3.300000,
0.500000,-3.300000,
0.550000,-3.300000,
0.600000,-3.300000,
0.650000,-3.300000,
0.700000,-3.300000,
0.750000,-3.300000,
0.800000,-3.300000,
0.850000,-3.300000,
0.900000,-3.300000,
0.950000,-3.300000,
1.000000,-3.300000,
1.050000,-3.300000,
1.100000,-3.300000,
1.150000,-3.300000,
1.200000,-3.300000,
1.250000,-3.300000,
1.300000,-3.300000,
1.350000,-3.300000,
1.400000,-3.300000,
1.450000,-3.300000,
1.500000,-3.300000,
1.550000,-3.300000,
1.600000,-3.300000,
1.650000,-3.300000,
1.700000,-3.300000,
1.750000,-3.300000,
1.800000,-3.300000,
1.850000,-3.300000,
1.900000,-3.300000,
1.950000,-3.300000,
2.000000,-3.300000,
2.050000,-3.300000,
2.100000,-3.300000,
2.150000,-3.300000,
2.200000,-3.300000,
2.250000,-3.300000,
2.300000,-3.300000,
2.350000,-3.300000,
2.400000,-3.300000,
2.450000,-3.300000,
2.500000,-3.300000,
2.550000,-3.300000,
2.600000,-3.300000,
2.650000,-3.300000,
2.700000,-3.300000,
2.750000,-3.300000,
2.800000,-3.300000,
2.850000,-3.300000,
2.900000,-3.300000,
2.950000,-3.300000,
3.000000,-3.300000,
3.050000,-3.300000,
3.100000,-3.300000,
3.150000,-3.300000,
3.200000,-3.300000,
3.250000,-3.300000,
3.300000,-3.300000,
3.350000,-3.300000,
3.400000,-3.300000,
3.450000,-3.300000,
3.500000,-3.300000,
-3.500000,-3.250000,
-3.450000,-3.250000,
-3.400000,-3.250000,
-3.350000,-3.250000,
-3.300000,-3.250000,
-3.250000,-3.250000,
-3.200000,-3.250000,
-3.150000,-3.250000,
-3.100000,-3.250000,
-3.050000,-3.250000,
-3.000000,-3.250000,
-2.950000,-3.250000,
-2.900000,-3.250000,
-2.850000,-3.250000,
-2.800000,-3.250000,
-2.750000,-3.250000,
-2.700000,-3.250000,
-2.650000,-3.250000,
-2.600000,-3.250000,
-2.550000,-3.250000,
-2.500000,-3.250000,
-2.450000,-3.250000,
-2.400000,-3.250000,
-2.350000,-3.250000,
-2.300000,-3.250000,
-2.250000,-3.250000,
-2.200000,-3.250000,
-2.150000,-3.250000,
-2.100000,-3.250000,
-2.050000,-3.250000,
-2.000000,-3.250000,
-1.950000,-3.250000,
-1.900000,-3.250000,
-1.850000,-3.250000,
-1.800000,-3.250000,
-1.750000,-3.250000,
-1.700000,-3.250000,
-1.650000,-3.250000,
-1.600000,-3.250000,
-1.550000,-3.250000,
-1.500000,-3.250000,
-1.450000,-3.250000,
-1.400000,-3.250000,
-1.350000,-3.250000,
-1.300000,-3.250000,
-1.250000,-3.250000,
-1.200000,-3.250000,
-1.150000,-3.250000,
-1.100000,-3.250000,
-1.050000,-3.250000,
-1.000000,-3.250000,
-0.950000,-3.250000,
-0.900000,-3.250000,
-0.850000,-3.250000,
-0.800000,-3.250000,
-0.750000,-3.250000,
-0.700000,-3.250000,
-0.650000,-3.250000,
-0.600000,-3.250000,
-0.550000,-3.250000,
-0.500000,-3.250000,
-0.450000,-3.250000,
-0.400000,-3.250000,
-0.350000,-3.250000,
-0.300000,-3.250000,
-0.250000,-3.250000,
-0.200000,-3.250000,
-0.150000,-3.250000,
-0.100000,-3.250000,
-0.050000,-3.250000,
-0.000000,-3.250000,
0.050000,-3.250000,
0.100000,-3.250000,
0.150000,-3.250000,
0.200000,-3.250000,
0.250000,-3.250000,
0.300000,-3.250000,
0.350000,-3.250000,
0.400000,-3.250000,
0.450000,-3.250000,
0.500000,-3.250000,
0.550000,-3.250000,
0.600000,-3.250000,
0.650000,-3.250000,
0.700000,-3.250000,
0.750000,-3.250000,
0.800000,-3.250000,
0.850000,-3.250000,
0.900000,-3.250000,
0.950000,-3.250000,
1.000000,-3.250000,
1.050000,-3.250000,
1.100000,-3.250000,
1.150000,-3.250000,
1.200000,-3.250000,
1.250000,-3.250000,
1.300000,-3.250000,
1.350000,-3.250000,
1.400000,-3.250000,
1.450000,-3.250000,
1.500000,-3.250000,
1.550000,-3.250000,
1.600000,-3.250000,
1.650000,-3.250000,
1.700000,-3.250000,
1.750000,-3.250000,
1.800000,-3.250000,
1.850000,-3.250000,
1.900000,-3.250000,
1.950000,-3.250000,
2.000000,-3.250000,
2.050000,-3.250000,
2.100000,-3.250000,
2.150000,-3.250000,
2.200000,-3.250000,
2.250000,-3.250000,
2.300000,-3.250000,
2.350000,-3.250000,
2.400000,-3.250000,
2.450000,-3.250000,
2.500000,-3.250000,
2.550000,-3.250000,
2.600000,-3.250000,
2.650000,-3.250000,
2.700000,-3.250000,
2.750000,-3.250000,
2.800000,-3.250000,
2.850000,-3.250000,
2.900000,-3.250000,
2.950000,-3.250000,
3.000000,-3.250000,
3.050000,-3.250000,
3.100000,-3.250000,
3.150000,-3.250000,
3.200000,-3.250000,
3.250000,-3.250000,
3.300000,-3.250000,
3.350000,-3.250000,
3.400000,-3.250000,
3.450000,-3.250000,
3.500000,-3.250000,
-3.500000,-3.200000,
-3.450000,-3.200000,
-3.400000,-3.200000,
-3.350000,-3.200000,
-3.300000,-3.200000,
-3.250000,-3.200000,
-3.200000,-3.200000,
-3.150000,-3.200000,
-3.100000,-3.200000,
-3.050000,-3.200000,
-3.000000,-3.200000,
-2.950000,-3.200000,
-2.900000,-3.200000,
-2.850000,-3.200000,
-2.800000,-3.200000,
-2.750000,-3.200000,
-2.700000,-3.200000,
-2.650000,-3.200000,
-2.600000,-3.200000,
-2.550000,-3.200000,
-2.500000,-3.200000,
-2.450000,-3.200000,
-2.400000,-3.200000,
-2.350000,-3.200000,
-2.300000,-3.200000,
-2.250000,-3.200000,
-2.200000,-3.200000,
-2.150000,-3.200000,
-2.100000,-3.200000,
-2.050000,-3.200000,
-2.000000,-3.200000,
-1.950000,-3.200000,
-1.900000,-3.200000,
-1.850000,-3.200000,
-1.800000,-3.200000,
-1.750000,-3.200000,
-1.700000,-3.200000,
-1.650000,-3.200000,
-1.600000,-3.200000,
-1.550000,-3.200000,
-1.500000,-3.200000,
-1.450000,-3.200000,
-1.400000,-3.200000,
-1.350000,-3.200000,
-1.300000,-3.200000,
-1.250000,-3.200000,
-1.200000,-3.200000,
-1.150000,-3.200000,
-1.100000,-3.200000,
-1.050000,-3.200000,
-1.000000,-3.200000,
-0.950000,-3.200000,
-0.900000,-3.200000,
-0.850000,-3.200000,
-0.800000,-3.200000,
-0.750000,-3.200000,
-0.700000,-3.200000,
-0.650000,-3.200000,
-0.600000,-3.200000,
-0.550000,-3.200000,
-0.500000,-3.200000,
-0.450000,-3.200000,
-0.400000,-3.200000,
-0.350000,-3.200000,
-0.300000,-3.200000,
-0.250000,-3.200000,
-0.200000,-3.200000,
-0.150000,-3.200000,
-0.100000,-3.200000,
-0.050000,-3.200000,
-0.000000,-3.200000,
0.050000,-3.200000,
0.100000,-3.200000,
0.150000,-3.200000,
0.200000,-3.200000,
0.250000,-3.200000,
0.300000,-3.200000,
0.350000,-3.200000,
0.400000,-3.200000,
0.450000,-3.200000,
0.500000,-3.200000,
0.550000,-3.200000,
0.600000,-3.200000,
0.650000,-3.200000,
0.700000,-3.200000,
0.750000,-3.200000,
0.800000,-3.200000,
0.850000,-3.200000,
0.900000,-3.200000,
0.950000,-3.200000,
1.000000,-3.200000,
1.050000,-3.200000,
1.100000,-3.200000,
1.150000,-3.200000,
1.200000,-3.200000,
1.250000,-3.200000,
1.300000,-3.200000,
1.350000,-3.200000,
1.400000,-3.200000,
1.450000,-3.200000,
1.500000,-3.200000,
1.550000,-3.200000,
1.600000,-3.200000,
1.650000,-3.200000,
1.700000,-3.200000,
1.750000,-3.200000,
1.800000,-3.200000,
1.850000,-3.200000,
1.900000,-3.200000,
1.950000,-3.200000,
2.000000,-3.200000,
2.050000,-3.200000,
2.100000,-3.200000,
2.150000,-3.200000,
2.200000,-3.200000,
2.250000,-3.200000,
2.300000,-3.200000,
2.350000,-3.200000,
2.400000,-3.200000,
2.450000,-3.200000,
2.500000,-3.200000,
2.550000,-3.200000,
2.600000,-3.200000,
2.650000,-3.200000,
2.700000,-3.200000,
2.750000,-3.200000,
2.800000,-3.200000,
2.850000,-3.200000,
2.900000,-3.200000,
2.950000,-3.200000,
3.000000,-3.200000,
3.050000,-3.200000,
3.100000,-3.200000,
3.150000,-3.200000,
3.200000,-3.200000,
3.250000,-3.200000,
3.300000,-3.200000,
3.350000,-3.200000,
3.400000,-3.200000,
3.450000,-3.200000,
3.500000,-3.200000,
-3.500000,-3.150000,
-3.450000,-3.150000,
-3.400000,-3.150000,
-3.350000,-3.150000,
-3.300000,-3.150000,
-3.250000,-3.150000,
-3.200000,-3.150000,
-3.150000,-3.150000,
-3.100000,-3.150000,
-3.050000,-3.150000,
-3.000000,-3.150000,
-2.950000,-3.150000,
-2.900000,-3.150000,
-2.850000,-3.150000,
-2.800000,-3.150000,
-2.750000,-3.150000,
-2.700000,-3.150000,
-2.650000,-3.150000,
-2.600000,-3.150000,
-2.550000,-3.150000,
-2.500000,-3.150000,
-2.450000,-3.150000,
-2.400000,-3.150000,
-2.350000,-3.150000,
-2.300000,-3.150000,
-2.250000,-3.150000,
-2.200000,-3.150000,
-2.150000,-3.150000,
-2.100000,-3.150000,
-2.050000,-3.150000,
-2.000000,-3.150000,
-1.950000,-3.150000,
-1.900000,-3.150000,
-1.850000,-3.150000,
-1.800000,-3.150000,
-1.750000,-3.150000,
-1.700000,-3.150000,
-1.650000,-3.150000,
-1.600000,-3.150000,
-1.550000,-3.150000,
-1.500000,-3.150000,
-1.450000,-3.150000,
-1.400000,-3.150000,
-1.350000,-3.150000,
-1.300000,-3.150000,
-1.250000,-3.150000,
-1.200000,-3.150000,
-1.150000,-3.150000,
-1.100000,-3.150000,
-1.050000,-3.150000,
-1.000000,-3.150000,
-0.950000,-3.150000,
-0.900000,-3.150000,
-0.850000,-3.150000,
-0.800000,-3.150000,
-0.750000,-3.150000,
-0.700000,-3.150000,
-0.650000,-3.150000,
-0.600000,-3.150000,
-0.550000,-3.150000,
-0.500000,-3.150000,
-0.450000,-3.150000,
-0.400000,-3.150000,
-0.350000,-3.150000,
-0.300000,-3.150000,
-0.250000,-3.150000,
-0.200000,-3.150000,
-0.150000,-3.150000,
-0.100000,-3.150000,
-0.050000,-3.150000,
-0.000000,-3.150000,
0.050000,-3.150000,
0.100000,-3.150000,
0.150000,-3.150000,
0.200000,-3.150000,
0.250000,-3.150000,
0.300000,-3.150000,
0.350000,-3.150000,
0.400000,-3.150000,
0.450000,-3.150000,
0.500000,-3.150000,
0.550000,-3.150000,
0.600000,-3.150000,
0.650000,-3.150000,
0.700000,-3.150000,
0.750000,-3.150000,
0.800000,-3.150000,
0.850000,-3.150000,
0.900000,-3.150000,
0.950000,-3.150000,
1.000000,-3.150000,
1.050000,-3.150000,
1.100000,-3.150000,
1.150000,-3.150000,
1.200000,-3.150000,
1.250000,-3.150000,
1.300000,-3.150000,
1.350000,-3.150000,
1.400000,-3.150000,
1.450000,-3.150000,
1.500000,-3.150000,
1.550000,-3.150000,
1.600000,-3.150000,
1.650000,-3.150000,
1.700000,-3.150000,
1.750000,-3.150000,
1.800000,-3.150000,
1.850000,-3.150000,
1.900000,-3.150000,
1.950000,-3.150000,
2.000000,-3.150000,
2.050000,-3.150000,
2.100000,-3.150000,
2.150000,-3.150000,
2.200000,-3.150000,
2.250000,-3.150000,
2.300000,-3.150000,
2.350000,-3.150000,
2.400000,-3.150000,
2.450000,-3.150000,
2.500000,-3.150000,
2.550000,-3.150000,
2.600000,-3.150000,
2.650000,-3.150000,
2.700000,-3.150000,
2.750000,-3.150000,
2.800000,-3.150000,
2.850000,-3.150000,
2.900000,-3.150000,
2.950000,-3.150000,
3.000000,-3.150000,
3.050000,-3.150000,
3.100000,-3.150000,
3.150000,-3.150000,
3.200000,-3.150000,
3.250000,-3.150000,
3.300000,-3.150000,
3.350000,-3.150000,
3.400000,-3.150000,
3.450000,-3.150000,
3.500000,-3.150000,
-3.500000,-3.100000,
-3.450000,-3.100000,
-3.400000,-3.100000,
-3.350000,-3.100000,
-3.300000,-3.100000,
-3.250000,-3.100000,
-3.200000,-3.100000,
-3.150000,-3.100000,
-3.100000,-3.100000,
-3.050000,-3.100000,
-3.000000,-3.100000,
-2.950000,-3.100000,
-2.900000,-3.100000,
-2.850000,-3.100000,
-2.800000,-3.100000,
-2.750000,-3.100000,
-2.700000,-3.100000,
-2.650000,-3.100000,
-2.600000,-3.100000,
-2.550000,-3.100000,
-2.500000,-3.100000,
-2.450000,-3.100000,
-2.400000,-3.100000,
-2.350000,-3.100000,
-2.300000,-3.100000,
-2.250000,-3.100000,
-2.200000,-3.100000,
-2.150000,-3.100000,
-2.100000,-3.100000,
-2.050000,-3.100000,
-2.000000,-3.100000,
-1.950000,-3.100000,
-1.900000,-3.100000,
-1.850000,-3.100000,
-1.800000,-3.100000,
-1.750000,-3.100000,
-1.700000,-3.100000,
-1.650000,-3.100000,
-1.600000,-3.100000,
-1.550000,-3.100000,
-1.500000,-3.100000,
-1.450000,-3.100000,
-1.400000,-3.100000,
-1.350000,-3.100000,
-1.300000,-3.100000,
-1.250000,-3.100000,
-1.200000,-3.100000,
-1.150000,-3.100000,
-1.100000,-3.100000,
-1.050000,-3.100000,
-1.000000,-3.100000,
-0.950000,-3.100000,
-0.900000,-3.100000,
-0.850000,-3.100000,
-0.800000,-3.100000,
-0.750000,-3.100000,
-0.700000,-3.100000,
-0.650000,-3.100000,
-0.600000,-3.100000,
-0.550000,-3.100000,
-0.500000,-3.100000,
-0.450000,-3.100000,
-0.400000,-3.100000,
-0.350000,-3.100000,
-0.300000,-3.100000,
-0.250000,-3.100000,
-0.200000,-3.100000,
-0.150000,-3.100000,
-0.100000,-3.100000,
-0.050000,-3.100000,
-0.000000,-3.100000,
0.050000,-3.100000,
0.100000,-3.100000,
0.150000,-3.100000,
0.200000,-3.100000,
0.250000,-3.100000,
0.300000,-3.100000,
0.350000,-3.100000,
0.400000,-3.100000,
0.450000,-3.100000,
0.500000,-3.100000,
0.550000,-3.100000,
0.600000,-3.100000,
0.650000,-3.100000,
0.700000,-3.100000,
0.750000,-3.100000,
0.800000,-3.100000,
0.850000,-3.100000,
0.900000,-3.100000,
0.950000,-3.100000,
1.000000,-3.100000,
1.050000,-3.100000,
1.100000,-3.100000,
1.150000,-3.100000,
1.200000,-3.100000,
1.250000,-3.100000,
1.300000,-3.100000,
1.350000,-3.100000,
1.400000,-3.100000,
1.450000,-3.100000,
1.500000,-3.100000,
1.550000,-3.100000,
1.600000,-3.100000,
1.650000,-3.100000,
1.700000,-3.100000,
1.750000,-3.100000,
1.800000,-3.100000,
1.850000,-3.100000,
1.900000,-3.100000,
1.950000,-3.100000,
2.000000,-3.100000,
2.050000,-3.100000,
2.100000,-3.100000,
2.150000,-3.100000,
2.200000,-3.100000,
2.250000,-3.100000,
2.300000,-3.100000,
2.350000,-3.100000,
2.400000,-3.100000,
2.450000,-3.100000,
2.500000,-3.100000,
2.550000,-3.100000,
2.600000,-3.100000,
2.650000,-3.100000,
2.700000,-3.100000,
2.750000,-3.100000,
2.800000,-3.100000,
2.850000,-3.100000,
2.900000,-3.100000,
2.950000,-3.100000,
3.000000,-3.100000,
3.050000,-3.100000,
3.100000,-3.100000,
3.150000,-3.100000,
3.200000,-3.100000,
3.250000,-3.100000,
3.300000,-3.100000,
3.350000,-3.100000,
3.400000,-3.100000,
3.450000,-3.100000,
3.500000,-3.100000,
-3.500000,-3.050000,
-3.450000,-3.050000,
-3.400000,-3.050000,
-3.350000,-3.050000,
-3.300000,-3.050000,
-3.250000,-3.050000,
-3.200000,-3.050000,
-3.150000,-3.050000,
-3.100000,-3.050000,
-3.050000,-3.050000,
-3.000000,-3.050000,
-2.950000,-3.050000,
-2.900000,-3.050000,
-2.850000,-3.050000,
-2.800000,-3.050000,
-2.750000,-3.050000,
-2.700000,-3.050000,
-2.650000,-3.050000,
-2.600000,-3.050000,
-2.550000,-3.050000,
-2.500000,-3.050000,
-2.450000,-3.050000,
-2.400000,-3.050000,
-2.350000,-3.050000,
-2.300000,-3.050000,
-2.250000,-3.050000,
-2.200000,-3.050000,
-2.150000,-3.050000,
-2.100000,-3.050000,
-2.050000,-3.050000,
-2.000000,-3.050000,
-1.950000,-3.050000,
-1.900000,-3.050000,
-1.850000,-3.050000,
-1.800000,-3.050000,
-1.750000,-3.050000,
-1.700000,-3.050000,
-1.650000,-3.050000,
-1.600000,-3.050000,
-1.550000,-3.050000,
-1.500000,-3.050000,
-1.450000,-3.050000,
-1.400000,-3.050000,
-1.350000,-3.050000,
-1.300000,-3.050000,
-1.250000,-3.050000,
-1.200000,-3.050000,
-1.150000,-3.050000,
-1.100000,-3.050000,
-1.050000,-3.050000,
-1.000000,-3.050000,
-0.950000,-3.050000,
-0.900000,-3.050000,
-0.850000,-3.050000,
-0.800000,-3.050000,
-0.750000,-3.050000,
-0.700000,-3.050000,
-0.650000,-3.050000,
-0.600000,-3.050000,
-0.550000,-3.050000,
-0.500000,-3.050000,
-0.450000,-3.050000,
-0.400000,-3.050000,
-0.350000,-3.050000,
-0.300000,-3.050000,
-0.250000,-3.050000,
-0.200000,-3.050000,
-0.150000,-3.050000,
-0.100000,-3.050000,
-0.050000,-3.050000,
-0.000000,-3.050000,
0.050000,-3.050000,
0.100000,-3.050000,
0.150000,-3.050000,
0.200000,-3.050000,
0.250000,-3.050000,
0.300000,-3.050000,
0.350000,-3.050000,
0.400000,-3.050000,
0.450000,-3.050000,
0.500000,-3.050000,
0.550000,-3.050000,
0.600000,-3.050000,
0.650000,-3.050000,
0.700000,-3.050000,
0.750000,-3.050000,
0.800000,-3.050000,
0.850000,-3.050000,
0.900000,-3.050000,
0.950000,-3.050000,
1.000000,-3.050000,
1.050000,-3.050000,
1.100000,-3.050000,
1.150000,-3.050000,
1.200000,-3.050000,
1.250000,-3.050000,
1.300000,-3.050000,
1.350000,-3.050000,
1.400000,-3.050000,
1.450000,-3.050000,
1.500000,-3.050000,
1.550000,-3.050000,
1.600000,-3.050000,
1.650000,-3.050000,
1.700000,-3.050000,
1.750000,-3.050000,
1.800000,-3.050000,
1.850000,-3.050000,
1.900000,-3.050000,
1.950000,-3.050000,
2.000000,-3.050000,
2.050000,-3.050000,
2.100000,-3.050000,
2.150000,-3.050000,
2.200000,-3.050000,
2.250000,-3.050000,
2.300000,-3.050000,
2.350000,-3.050000,
2.400000,-3.050000,
2.450000,-3.050000,
2.500000,-3.050000,
2.550000,-3.050000,
2.600000,-3.050000,
2.650000,-3.050000,
2.700000,-3.050000,
2.750000,-3.050000,
2.800000,-3.050000,
2.850000,-3.050000,
2.900000,-3.050000,
2.950000,-3.050000,
3.000000,-3.050000,
3.050000,-3.050000,
3.100000,-3.050000,
3.150000,-3.050000,
3.200000,-3.050000,
3.250000,-3.050000,
3.300000,-3.050000,
3.350000,-3.050000,
3.400000,-3.050000,
3.450000,-3.050000,
3.500000,-3.050000,
-3.500000,-3.000000,
-3.450000,-3.000000,
-3.400000,-3.000000,
-3.350000,-3.000000,
-3.300000,-3.000000,
-3.250000,-3.000000,
-3.200000,-3.000000,
-3.150000,-3.000000,
-3.100000,-3.000000,
-3.050000,-3.000000,
-3.000000,-3.000000,
-2.950000,-3.000000,
-2.900000,-3.000000,
-2.850000,-3.000000,
-2.800000,-3.000000,
-2.750000,-3.000000,
-2.700000,-3.000000,
-2.650000,-3.000000,
-2.600000,-3.000000,
-2.550000,-3.000000,
-2.500000,-3.000000,
-2.450000,-3.000000,
-2.400000,-3.000000,
-2.350000,-3.000000,
-2.300000,-3.000000,
-2.250000,-3.000000,
-2.200000,-3.000000,
-2.150000,-3.000000,
-2.100000,-3.000000,
-2.050000,-3.000000,
-2.000000,-3.000000,
-1.950000,-3.000000,
-1.900000,-3.000000,
-1.850000,-3.000000,
-1.800000,-3.000000,
-1.750000,-3.000000,
-1.700000,-3.000000,
-1.650000,-3.000000,
-1.600000,-3.000000,
-1.550000,-3.000000,
-1.500000,-3.000000,
-1.450000,-3.000000,
-1.400000,-3.000000,
-1.350000,-3.000000,
-1.300000,-3.000000,
-1.250000,-3.000000,
-1.200000,-3.000000,
-1.150000,-3.000000,
-1.100000,-3.000000,
-1.050000,-3.000000,
-1.000000,-3.000000,
-0.950000,-3.000000,
-0.900000,-3.000000,
-0.850000,-3.000000,
-0.800000,-3.000000,
-0.750000,-3.000000,
-0.700000,-3.000000,
-0.650000,-3.000000,
-0.600000,-3.000000,
-0.550000,-3.000000,
-0.500000,-3.000000,
-0.450000,-3.000000,
-0.400000,-3.000000,
-0.350000,-3.000000,
-0.300000,-3.000000,
-0.250000,-3.000000,
-0.200000,-3.000000,
-0.150000,-3.000000,
-0.100000,-3.000000,
-0.050000,-3.000000,
-0.000000,-3.000000,
0.050000,-3.000000,
0.100000,-3.000000,
0.150000,-3.000000,
0.200000,-3.000000,
0.250000,-3.000000,
0.300000,-3.000000,
0.350000,-3.000000,
0.400000,-3.000000,
0.450000,-3.000000,
0.500000,-3.000000,
0.550000,-3.000000,
0.600000,-3.000000,
0.650000,-3.000000,
0.700000,-3.000000,
0.750000,-3.000000,
0.800000,-3.000000,
0.850000,-3.000000,
0.900000,-3.000000,
0.950000,-3.000000,
1.000000,-3.000000,
1.050000,-3.000000,
1.100000,-3.000000,
1.150000,-3.000000,
1.200000,-3.000000,
1.250000,-3.000000,
1.300000,-3.000000,
1.350000,-3.000000,
1.400000,-3.000000,
1.450000,-3.000000,
1.500000,-3.000000,
1.550000,-3.000000,
1.600000,-3.000000,
1.650000,-3.000000,
1.700000,-3.000000,
1.750000,-3.000000,
1.800000,-3.000000,
1.850000,-3.000000,
1.900000,-3.000000,
1.950000,-3.000000,
2.000000,-3.000000,
2.050000,-3.000000,
2.100000,-3.000000,
2.150000,-3.000000,
2.200000,-3.000000,
2.250000,-3.000000,
2.300000,-3.000000,
2.350000,-3.000000,
2.400000,-3.000000,
2.450000,-3.000000,
2.500000,-3.000000,
2.550000,-3.000000,
2.600000,-3.000000,
2.650000,-3.000000,
2.700000,-3.000000,
2.750000,-3.000000,
2.800000,-3.000000,
2.850000,-3.000000,
2.900000,-3.000000,
2.950000,-3.000000,
3.000000,-3.000000,
3.050000,-3.000000,
3.100000,-3.000000,
3.150000,-3.000000,
3.200000,-3.000000,
3.250000,-3.000000,
3.300000,-3.000000,
3.350000,-3.000000,
3.400000,-3.000000,
3.450000,-3.000000,
3.500000,-3.000000,
-3.500000,-2.950000,
-3.450000,-2.950000,
-3.400000,-2.950000,
-3.350000,-2.950000,
-3.300000,-2.950000,
-3.250000,-2.950000,
-3.200000,-2.950000,
-3.150000,-2.950000,
-3.100000,-2.950000,
-3.050000,-2.950000,
-3.000000,-2.950000,
-2.950000,-2.950000,
-2.900000,-2.950000,
-2.850000,-2.950000,
-2.800000,-2.950000,
-2.750000,-2.950000,
-2.700000,-2.950000,
-2.650000,-2.950000,
-2.600000,-2.950000,
-2.550000,-2.950000,
-2.500000,-2.950000,
-2.450000,-2.950000,
-2.400000,-2.950000,
-2.350000,-2.950000,
-2.300000,-2.950000,
-2.250000,-2.950000,
-2.200000,-2.950000,
-2.150000,-2.950000,
-2.100000,-2.950000,
-2.050000,-2.950000,
-2.000000,-2.950000,
-1.950000,-2.950000,
-1.900000,-2.950000,
-1.850000,-2.950000,
-1.800000,-2.950000,
-1.750000,-2.950000,
-1.700000,-2.950000,
-1.650000,-2.950000,
-1.600000,-2.950000,
-1.550000,-2.950000,
-1.500000,-2.950000,
-1.450000,-2.950000,
-1.400000,-2.950000,
-1.350000,-2.950000,
-1.300000,-2.950000,
-1.250000,-2.950000,
-1.200000,-2.950000,
-1.150000,-2.950000,
-1.100000,-2.950000,
-1.050000,-2.950000,
-1.000000,-2.950000,
-0.950000,-2.950000,
-0.900000,-2.950000,
-0.850000,-2.950000,
-0.800000,-2.950000,
-0.750000,-2.950000,
-0.700000,-2.950000,
-0.650000,-2.950000,
-0.600000,-2.950000,
-0.550000,-2.950000,
-0.500000,-2.950000,
-0.450000,-2.950000,
-0.400000,-2.950000,
-0.350000,-2.950000,
-0.300000,-2.950000,
-0.250000,-2.950000,
-0.200000,-2.950000,
-0.150000,-2.950000,
-0.100000,-2.950000,
-0.050000,-2.950000,
-0.000000,-2.950000,
0.050000,-2.950000,
0.100000,-2.950000,
0.150000,-2.950000,
0.200000,-2.950000,
0.250000,-2.950000,
0.300000,-2.950000,
0.350000,-2.950000,
0.400000,-2.950000,
0.450000,-2.950000,
0.500000,-2.950000,
0.550000,-2.950000,
0.600000,-2.950000,
0.650000,-2.950000,
0.700000,-2.950000,
0.750000,-2.950000,
0.800000,-2.950000,
0.850000,-2.950000,
0.900000,-2.950000,
0.950000,-2.950000,
1.000000,-2.950000,
1.050000,-2.950000,
1.100000,-2.950000,
1.150000,-2.950000,
1.200000,-2.950000,
1.250000,-2.950000,
1.300000,-2.950000,
1.350000,-2.950000,
1.400000,-2.950000,
1.450000,-2.950000,
1.500000,-2.950000,
1.550000,-2.950000,
1.600000,-2.950000,
1.650000,-2.950000,
1.700000,-2.950000,
1.750000,-2.950000,
1.800000,-2.950000,
1.850000,-2.950000,
1.900000,-2.950000,
1.950000,-2.950000,
2.000000,-2.950000,
2.050000,-2.950000,
2.100000,-2.950000,
2.150000,-2.950000,
2.200000,-2.950000,
2.250000,-2.950000,
2.300000,-2.950000,
2.350000,-2.950000,
2.400000,-2.950000,
2.450000,-2.950000,
2.500000,-2.950000,
2.550000,-2.950000,
2.600000,-2.950000,
2.650000,-2.950000,
2.700000,-2.950000,
2.750000,-2.950000,
2.800000,-2.950000,
2.850000,-2.950000,
2.900000,-2.950000,
2.950000,-2.950000,
3.000000,-2.950000,
3.050000,-2.950000,
3.100000,-2.950000,
3.150000,-2.950000,
3.200000,-2.950000,
3.250000,-2.950000,
3.300000,-2.950000,
3.350000,-2.950000,
3.400000,-2.950000,
3.450000,-2.950000,
3.500000,-2.950000,
-3.500000,-2.900000,
-3.450000,-2.900000,
-3.400000,-2.900000,
-3.350000,-2.900000,
-3.300000,-2.900000,
-3.250000,-2.900000,
-3.200000,-2.900000,
-3.150000,-2.900000,
-3.100000,-2.900000,
-3.050000,-2.900000,
-3.000000,-2.900000,
-2.950000,-2.900000,
-2.900000,-2.900000,
-2.850000,-2.900000,
-2.800000,-2.900000,
-2.750000,-2.900000,
-2.700000,-2.900000,
-2.650000,-2.900000,
-2.600000,-2.900000,
-2.550000,-2.900000,
-2.500000,-2.900000,
-2.450000,-2.900000,
-2.400000,-2.900000,
-2.350000,-2.900000,
-2.300000,-2.900000,
-2.250000,-2.900000,
-2.200000,-2.900000,
-2.150000,-2.900000,
-2.100000,-2.900000,
-2.050000,-2.900000,
-2.000000,-2.900000,
-1.950000,-2.900000,0.193649
-1.900000,-2.900000,
-1.850000,-2.900000,
-1.800000,-2.900000,
-1.750000,-2.900000,
-1.700000,-2.900000,
-1.650000,-2.900000,
-1.600000,-2.900000,
-1.550000,-2.900000,
-1.500000,-2.900000,
-1.450000,-2.900000,
-1.400000,-2.900000,
-1.350000,-2.900000,
-1.300000,-2.900000,
-1.250000,-2.900000,
-1.200000,-2.900000,
-1.150000,-2.900000,
-1.100000,-2.900000,
-1.050000,-2.900000,
-1.000000,-2.900000,
-0.950000,-2.900000,
-0.900000,-2.900000,
-0.850000,-2.900000,
-0.800000,-2.900000,
-0.750000,-2.900000,
-0.700000,-2.900000,
-0.650000,-2.900000,
-0.600000,-2.900000,
-0.550000,-2.900000,
-0.500000,-2.900000,
-0.450000,-2.900000,
-0.400000,-2.900000,
-0.350000,-2.900000,
-0.300000,-2.900000,
-0.250000,-2.900000,
-0.200000,-2.900000,
-0.150000,-2.900000,
-0.100000,-2.900000,
-0.050000,-2.900000,
-0.000000,-2.900000,
0.050000,-2.900000,
0.100000,-2.900000,
0.150000,-2.900000,
0.200000,-2.900000,
0.250000,-2.900000,
0.300000,-2.900000,
0.350000,-2.900000,
0.400000,-2.900000,
0.450000,-2.900000,
0.500000,-2.900000,
0.550000,-2.900000,
0.600000,-2.900000,
0.650000,-2.900000,
0.700000,-2.900000,
0.750000,-2.900000,
0.800000,-2.900000,
0.850000,-2.900000,
0.900000,-2.900000,
0.950000,-2.900000,
1.000000,-2.900000,
1.050000,-2.900000,
1.100000,-2.900000,
1.150000,-2.900000,
1.200000,-2.900000,
1.250000,-2.900000,
1.300000,-2.900000,
1.350000,-2.900000,
1.400000,-2.900000,
1.450000,-2.900000,
1.500000,-2.900000,
1.550000,-2.900000,
1.600000,-2.900000,
1.650000,-2.900000,
1.700000,-2.900000,
1.750000,-2.900000,
1.800000,-2.900000,
1.850000,-2.900000,
1.900000,-2.900000,
1.950000,-2.900000,
2.000000,-2.900000,
2.050000,-2.900000,
2.100000,-2.900000,
2.150000,-2.900000,
2.200000,-2.900000,
2.250000,-2.900000,
2.300000,-2.900000,
2.350000,-2.900000,
2.400000,-2.900000,
2.450000,-2.900000,
2.500000,-2.900000,
2.550000,-2.900000,
2.600000,-2.900000,
2.650000,-2.900000,
2.700000,-2.900000,
2.750000,-2.900000,
2.800000,-2.900000,
2.850000,-2.900000,
2.900000,-2.900000,
2.950000,-2.900000,
3.000000,-2.900000,
3.050000,-2.900000,
3.100000,-2.900000,
3.150000,-2.900000,
3.200000,-2.900000,
3.250000,-2.900000,
3.300000,-2.900000,
3.350000,-2.900000,
3.400000,-2.900000,
3.450000,-2.900000,
3.500000,-2.900000,
-3.500000,-2.850000,
-3.450000,-2.850000,
-3.400000,-2.850000,
-3.350000,-2.850000,
-3.300000,-2.850000,
-3.250000,-2.850000,
-3.200000,-2.850000,
-3.150000,-2.850000,
-3.100000,-2.850000,
-3.050000,-2.850000,
-3.000000,-2.850000,
-2.950000,-2.850000,
-2.900000,-2.850000,
-2.850000,-2.850000,
-2.800000,-2.850000,
-2.750000,-2.850000,
-2.700000,-2.850000,
-2.650000,-2.850000,
-2.600000,-2.850000,
-2.550000,-2.850000,
-2.500000,-2.850000,
-2.450000,-2.850000,
-2.400000,-2.850000,
-2.350000,-2.850000,
-2.300000,-2.850000,
-2.250000,-2.850000,
-2.200000,-2.850000,
-2.150000,-2.850000,
-2.100000,-2.850000,
-2.050000,-2.850000,
-2.000000,-2.850000,0.357071
-1.950000,-2.850000,0.399438
-1.900000,-2.850000,0.226869
-1.850000,-2.850000,
-1.800000,-2.850000,
-1.750000,-2.850000,
-1.700000,-2.850000,
-1.650000,-2.850000,
-1.600000,-2.850000,
-1.550000,-2.850000,
-1.500000,-2.850000,
-1.450000,-2.850000,
-1.400000,-2.850000,
-1.350000,-2.850000,
-1.300000,-2.850000,
-1.250000,-2.850000,
-1.200000,-2.850000,
-1.150000,-2.850000,
-1.100000,-2.850000,
-1.050000,-2.850000,
-1.000000,-2.850000,
-0.950000,-2.850000,
-0.900000,-2.850000,
-0.850000,-2.850000,
-0.800000,-2.850000,
-0.750000,-2.850000,
-0.700000,-2.850000,
-0.650000,-2.850000,
-0.600000,-2.850000,
-0.550000,-2.850000,
-0.500000,-2.850000,
-0.450000,-2.850000,
-0.400000,-2.850000,
-0.350000,-2.850000,
-0.300000,-2.850000,
-0.250000,-2.850000,
-0.200000,-2.850000,
-0.150000,-2.850000,
-0.100000,-2.850000,
-0.050000,-2.850000,
-0.000000,-2.850000,
0.050000,-2.850000,
0.100000,-2.850000,
0.150000,-2.850000,
0.200000,-2.850000,
0.250000,-2.850000,
0.300000,-2.850000,
0.350000,-2.850000,
0.400000,-2.850000,
0.450000,-2.850000,
0.500000,-2.850000,
0.550000,-2.850000,
0.600000,-2.850000,
0.650000,-2.850000,
0.700000,-2.850000,
0.750000,-2.850000,
0.800000,-2.850000,
0.850000,-2.850000,
0.900000,-2.850000,
0.950000,-2.850000,
1.000000,-2.850000,
1.050000,-2.850000,
1.100000,-2.850000,
1.150000,-2.850000,
1.200000,-2.850000,
1.250000,-2.850000,
1.300000,-2.850000,
1.350000,-2.850000,
1.400000,-2.850000,
1.450000,-2.850000,
1.500000,-2.850000,
1.550000,-2.850000,
1.600000,-2.850000,
1.650000,-2.850000,
1.700000,-2.850000,
1.750000,-2.850000,
1.800000,-2.850000,
1.850000,-2.850000,
1.900000,-2.850000,
1.950000,-2.850000,
2.000000,-2.850000,
2.050000,-2.850000,
2.100000,-2.850000,
2.150000,-2.850000,
2.200000,-2.850000,
2.250000,-2.850000,
2.300000,-2.850000,
2.350000,-2.850000,
2.400000,-2.850000,
2.450000,-2.850000,
2.500000,-2.850000,
2.550000,-2.850000,
2.600000,-2.850000,
2.650000,-2.850000,
2.700000,-2.850000,
2.750000,-2.850000,
2.800000,-2.850000,
2.850000,-2.850000,
2.900000,-2.850000,
2.950000,-2.850000,
3.000000,-2.850000,
3.050000,-2.850000,
3.100000,-2.850000,
3.150000,-2.850000,
3.200000,-2.850000,
3.250000,-2.850000,
3.300000,-2.850000,
3.350000,-2.850000,
3.400000,-2.850000,
3.450000,-2.850000,
3.500000,-2.850000,
-3.500000,-2.800000,
-3.450000,-2.800000,
-3.400000,-2.800000,
-3.350000,-2.800000,
-3.300000,-2.800000,
-3.250000,-2.800000,
-3.200000,-2.800000,
-3.150000,-2.800000,
-3.100000,-2.800000,
-3.050000,-2.800000,
-3.000000,-2.800000,
-2.950000,-2.800000,
-2.900000,-2.800000,
-2.850000,-2.800000,
-2.800000,-2.800000,
-2.750000,-2.800000,
-2.700000,-2.800000,
-2.650000,-2.800000,
-2.600000,-2.800000,
-2.550000,-2.800000,
-2.500000,-2.800000,
-2.450000,-2.800000,
-2.400000,-2.800000,
-2.350000,-2.800000,
-2.300000,-2.800000,
-2.250000,-2.800000,
-2.200000,-2.800000,
-2.150000,-2.800000,
-2.100000,-2.800000,
-2.050000,-2.800000,0.455522
-2.000000,-2.800000,0.621905
-1.950000,-2.800000,0.520373
-1.900000,-2.800000,0.393054
-1.850000,-2.800000,0.208690
-1.800000,-2.800000,
-1.750000,-2.800000,
-1.700000,-2.800000,
-1.650000,-2.800000,
-1.600000,-2.800000,
-1.550000,-2.800000,
-1.500000,-2.800000,
-1.450000,-2.800000,
-1.400000,-2.800000,
-1.350000,-2.800000,
-1.300000,-2.800000,
-1.250000,-2.800000,
-1.200000,-2.800000,
-1.150000,-2.800000,
-1.100000,-2.800000,
-1.050000,-2.800000,
-1.000000,-2.800000,
-0.950000,-2.800000,
-0.900000,-2.800000,
-0.850000,-2.800000,
-0.800000,-2.800000,
-0.750000,-2.800000,
-0.700000,-2.800000,
-0.650000,-2.800000,
-0.600000,-2.800000,
-0.550000,-2.800000,
-0.500000,-2.800000,
-0.450000,-2.800000,
-0.400000,-2.800000,
-0.350000,-2.800000,
-0.300000,-2.800000,
-0.250000,-2.800000,
-0.200000,-2.800000,
-0.150000,-2.800000,
-0.100000,-2.800000,
-0.050000,-2.800000,
-0.000000,-2.800000,
0.050000,-2.800000,
0.100000,-2.800000,
0.150000,-2.800000,
0.200000,-2.800000,
0.250000,-2.800000,
0.300000,-2.800000,
0.350000,-2.800000,
0.400000,-2.800000,
0.450000,-2.800000,
0.500000,-2.800000,
0.550000,-2.800000,
0.600000,-2.800000,
0.650000,-2.800000,
0.700000,-2.800000,
0.750000,-2.800000,
0.800000,-2.800000,
0.850000,-2.800000,
0.900000,-2.800000,
0.950000,-2.800000,
1.000000,-2.800000,
1.050000,-2.800000,
1.100000,-2.800000,
1.150000,-2.800000,
1.200000,-2.800000,
1.250000,-2.800000,
1.300000,-2.800000,
1.350000,-2.800000,
1.400000,-2.800000,
1.450000,-2.800000,
1.500000,-2.800000,
1.550000,-2.800000,
1.600000,-2.800000,
1.650000,-2.800000,
1.700000,-2.800000,
1.750000,-2.800000,
1.800000,-2.800000,
1.850000,-2.800000,
1.900000,-2.800000,
1.950000,-2.800000,
2.000000,-2.800000,
2.050000,-2.800000,
2.100000,-2.800000,
2.150000,-2.800000,
2.200000,-2.800000,
2.250000,-2.800000,
2.300000,-2.800000,
2.350000,-2.800000,
2.400000,-2.800000,
2.450000,-2.800000,
2.500000,-2.800000,
2.550000,-2.800000,
2.600000,-2.800000,
2.650000,-2.800000,
2.700000,-2.800000,
2.750000,-2.800000,
2.800000,-2.800000,
2.850000,-2.800000,
2.900000,-2.800000,
2.950000,-2.800000,
3.000000,-2.800000,
3.050000,-2.800000,
3.100000,-2.800000,
3.150000,-2.800000,
3.200000,-2.800000,
3.250000,-2.800000,
3.300000,-2.800000,
3.350000,-2.800000,
3.400000,-2.800000,
3.450000,-2.800000,
3.500000,-2.800000,
-3.500000,-2.750000,
-3.450000,-2.750000,
-3.400000,-2.750000,
-3.350000,-2.750000,
-3.300000,-2.750000,
-3.250000,-2.750000,
-3.200000,-2.750000,
-3.150000,-2.750000,
-3.100000,-2.750000,
-3.050000,-2.750000,
-3.000000,-2.750000,
-2.950000,-2.750000,
-2.900000,-2.750000,
-2.850000,-2.750000,
-2.800000,-2.750000,
-2.750000,-2.750000,
-2.700000,-2.750000,
-2.650000,-2.750000,
-2.600000,-2.750000,
-2.550000,-2.750000,
-2.500000,-2.750000,
-2.450000,-2.750000,
-2.400000,-2.750000,
-2.350000,-2.750000,
-2.300000,-2.750000,
-2.250000,-2.750000,
-2.200000,-2.750000,
-2.150000,-2.750000,0.254951
-2.100000,-2.750000,0.526783
-2.050000,-2.750000,0.696419
-2.000000,-2.750000,0.706788
-1.950000,-2.750000,0.617529
-1.900000,-2.750000,0.511125
-1.850000,-2.750000,0.375993
-1.800000,-2.750000,0.170877
-1.750000,-2.750000,
-1.700000,-2.750000,
-1.650000,-2.750000,
-1.600000,-2.750000,
-1.550000,-2.750000,
-1.500000,-2.750000,
-1.450000,-2.750000,
-1.400000,-2.750000,
-1.350000,-2.750000,
-1.300000,-2.750000,
-1.250000,-2.750000,
-1.200000,-2.750000,
-1.150000,-2.750000,
-1.100000,-2.750000,
-1.050000,-2.750000,
-1.000000,-2.750000,
-0.950000,-2.750000,
-0.900000,-2.750000,
-0.850000,-2.750000,
-0.800000,-2.750000,
-0.750000,-2.750000,
-0.700000,-2.750000,
-0.650000,-2.750000,
-0.600000,-2.750000,
-0.550000,-2.750000,
-0.500000,-2.750000,
-0.450000,-2.750000,
-0.400000,-2.750000,
-0.350000,-2.750000,
-0.300000,-2.750000,
-0.250000,-2.750000,
-0.200000,-2.750000,
-0.150000,-2.750000,
-0.100000,-2.750000,
-0.050000,-2.750000,
-0.000000,-2.750000,
0.050000,-2.750000,
0.100000,-2.750000,
0.150000,-2.750000,
0.200000,-2.750000,
0.250000,-2.750000,
0.300000,-2.750000,
0.350000,-2.750000,
0.400000,-2.750000,
0.450000,-2.750000,
0.500000,-2.750000,
0.550000,-2.750000,
0.600000,-2.750000,
0.650000,-2.750000,
0.700000,-2.750000,
0.750000,-2.750000,
0.800000,-2.750000,
0.850000,-2.750000,
0.900000,-2.750000,
0.950000,-2.750000,
1.000000,-2.750000,
1.050000,-2.750000,
1.100000,-2.750000,
1.150000,-2.750000,
1.200000,-2.750000,
1.250000,-2.750000,
1.300000,-2.750000,
1.350000,-2.750000,
1.400000,-2.750000,
1.450000,-2.750000,
1.500000,-2.750000,
1.550000,-2.750000,
1.600000,-2.750000,
1.650000,-2.750000,
1.700000,-2.750000,
1.750000,-2.750000,
1.800000,-2.750000,
1.850000,-2.750000,
1.900000,-2.750000,
1.950000,-2.750000,
2.000000,-2.750000,
2.050000,-2.750000,
2.100000,-2.750000,
2.150000,-2.750000,
2.200000,-2.750000,
2.250000,-2.750000,
2.300000,-2.750000,
2.350000,-2.750000,
2.400000,-2.750000,
2.450000,-2.750000,
2.500000,-2.750000,
2.550000,-2.750000,
2.600000,-2.750000,
2.650000,-2.750000,
2.700000,-2.750000,
2.750000,-2.750000,
2.800000,-2.750000,
2.850000,-2.750000,
2.900000,-2.750000,
2.950000,-2.750000,
3.000000,-2.750000,
3.050000,-2.750000,
3.100000,-2.750000,
3.150000,-2.750000,
3.200000,-2.750000,
3.250000,-2.750000,
3.300000,-2.750000,
3.350000,-2.750000,
3.400000,-2.750000,
3.450000,-2.750000,
3.500000,-2.750000,
-3.500000,-2.700000,
-3.450000,-2.700000,
-3.400000,-2.700000,
-3.350000,-2.700000,
-3.300000,-2.700000,
-3.250000,-2.700000,
-3.200000,-2.700000,
-3.150000,-2.700000,
-3.100000,-2.700000,
-3.050000,-2.700000,
-3.000000,-2.700000,
-2.950000,-2.700000,
-2.900000,-2.700000,
-2.850000,-2.700000,
-2.800000,-2.700000,
-2.750000,-2.700000,
-2.700000,-2.700000,
-2.650000,-2.700000,
-2.600000,-2.700000,
-2.550000,-2.700000,
-2.500000,-2.700000,
-2.450000,-2.700000,
-2.400000,-2.700000,
-2.350000,-2.700000,
-2.300000,-2.700000,
-2.250000,-2.700000,
-2.200000,-2.700000,0.346410
-2.150000,-2.700000,0.580948
-2.100000,-2.700000,0.741620
-2.050000,-2.700000,0.851941
-2.000000,-2.700000,0.780604
-1.950000,-2.700000,0.699724
-1.900000,-2.700000,0.605987
-1.850000,-2.700000,0.493233
-1.800000,-2.700000,0.347008
-1.750000,-2.700000,0.102212
-1.700000,-2.700000,
-1.650000,-2.700000,
-1.600000,-2.700000,
-1.550000,-2.700000,
-1.500000,-2.700000,
-1.450000,-2.700000,
-1.400000,-2.700000,
-1.350000,-2.700000,
-1.300000,-2.700000,
-1.250000,-2.700000,
-1.200000,-2.700000,
-1.150000,-2.700000,
-1.100000,-2.700000,
-1.050000,-2.700000,
-1.000000,-2.700000,
-0.950000,-2.700000,
-0.900000,-2.700000,
-0.850000,-2.700000,
-0.800000,-2.700000,
-0.750000,-2.700000,
-0.700000,-2.700000,
-0.650000,-2.700000,
-0.600000,-2.700000,
-0.550000,-2.700000,
-0.500000,-2.700000,
-0.450000,-2.700000,
-0.400000,-2.700000,
-0.350000,-2.700000,
-0.300000,-2.700000,
-0.250000,-2.700000,
-0.200000,-2.700000,
-0.150000,-2.700000,
-0.100000,-2.700000,
-0.050000,-2.700000,
-0.000000,-2.700000,
0.050000,-2.700000,
0.100000,-2.700000,
0.150000,-2.700000,
0.200000,-2.700000,
0.250000,-2.700000,
0.300000,-2.700000,
0.350000,-2.700000,
0.400000,-2.700000,
0.450000,-2.700000,
0.500000,-2.700000,
0.550000,-2.700000,
0.600000,-2.700000,
0.650000,-2.700000,
0.700000,-2.700000,
0.750000,-2.700000,
0.800000,-2.700000,
0.850000,-2.700000,
0.900000,-2.700000,
0.950000,-2.700000,
1.000000,-2.700000,
1.050000,-2.700000,
1.100000,-2.700000,
1.150000,-2.700000,
1.200000,-2.700000,
1.250000,-2.700000,
1.300000,-2.700000,
1.350000,-2.700000,
1.400000,-2.700000,
1.450000,-2.700000,
1.500000,-2.700000,
1.550000,-2.700000,
1.600000,-2.700000,
1.650000,-2.700000,
1.700000,-2.700000,
1.750000,-2.700000,
1.800000,-2.700000,
1.850000,-2.700000,
1.900000,-2.700000,
1.950000,-2.700000,
2.000000,-2.700000,
2.050000,-2.700000,
2.100000,-2.700000,
2.150000,-2.700000,
2.200000,-2.700000,
2.250000,-2.700000,
2.300000,-2.700000,
2.350000,-2.700000,
2.400000,-2.700000,
2.450000,-2.700000,
2.500000,-2.700000,
2.550000,-2.700000,
2.600000,-2.700000,
2.650000,-2.700000,
2.700000,-2.700000,
2.750000,-2.700000,
2.800000,-2.700000,
2.850000,-2.700000,
2.900000,-2.700000,
2.950000,-2.700000,
3.000000,-2.700000,
3.050000,-2.700000,
3.100000,-2.700000,
3.150000,-2.700000,
3.200000,-2.700000,
3.250000,-2.700000,
3.300000,-2.700000,
3.350000,-2.700000,
3.400000,-2.700000,
3.450000,-2.700000,
3.500000,-2.700000,
-3.500000,-2.650000,
-3.450000,-2.650000,
-3.400000,-2.650000,
-3.350000,-2.650000,
-3.300000,-2.650000,
-3.250000,-2.650000,
-3.200000,-2.650000,
-3.150000,-2.650000,
-3.100000,-2.650000,
-3.050000,-2.650000,
-3.000000,-2.650000,
-2.950000,-2.650000,
-2.900000,-2.650000,
-2.850000,-2.650000,
-2.800000,-2.650000,
-2.750000,-2.650000,
-2.700000,-2.650000,
-2.650000,-2.650000,
-2.600000,-2.650000,
-2.550000,-2.650000,
-2.500000,-2.650000,
-2.450000,-2.650000,
-2.400000,-2.650000,
-2.350000,-2.650000,
-2.300000,-2.650000,
-2.250000,-2.650000,0.406202
-2.200000,-2.650000,0.622495
-2.150000,-2.650000,0.777817
-2.100000,-2.650000,0.904157
-2.050000,-2.650000,0.912672
-2.000000,-2.650000,0.845972
-1.950000,-2.650000,0.771247
-1.900000,-2.650000,0.686187
-1.850000,-2.650000,0.586911
-1.800000,-2.650000,0.465864
-1.750000,-2.650000,0.303479
-1.700000,-2.650000,
-1.650000,-2.650000,
-1.600000,-2.650000,
-1.550000,-2.650000,
-1.500000,-2.650000,
-1.450000,-2.650000,
-1.400000,-2.650000,
-1.350000,-2.650000,
-1.300000,-2.650000,
-1.250000,-2.650000,
-1.200000,-2.650000,
-1.150000,-2.650000,
-1.100000,-2.650000,
-1.050000,-2.650000,
-1.000000,-2.650000,
-0.950000,-2.650000,
-0.900000,-2.650000,
-0.850000,-2.650000,
-0.800000,-2.650000,
-0.750000,-2.650000,
-0.700000,-2.650000,
-0.650000,-2.650000,
-0.600000,-2.650000,
-0.550000,-2.650000,
-0.500000,-2.650000,
-0.450000,-2.650000,
-0.400000,-2.650000,
-0.350000,-2.650000,
-0.300000,-2.650000,
-0.250000,-2.650000,
-0.200000,-2.650000,
-0.150000,-2.650000,
-0.100000,-2.650000,
-0.050000,-2.650000,
-0.000000,-2.650000,
0.050000,-2.650000,
0.100000,-2.650000,
0.150000,-2.650000,
0.200000,-2.650000,
0.250000,-2.650000,
0.300000,-2.650000,
0.350000,-2.650000,
0.400000,-2.650000,
0.450000,-2.650000,
0.500000,-2.650000,
0.550000,-2.650000,
0.600000,-2.650000,
0.650000,-2.650000,
0.700000,-2.650000,
0.750000,-2.650000,
0.800000,-2.650000,
0.850000,-2.650000,
0.900000,-2.650000,
0.950000,-2.650000,
1.000000,-2.650000,
1.050000,-2.650000,
1.100000,-2.650000,
1.150000,-2.650000,
1.200000,-2.650000,
1.250000,-2.650000,
1.300000,-2.650000,
1.350000,-2.650000,
1.400000,-2.650000,
1.450000,-2.650000,
1.500000,-2.650000,
1.550000,-2.650000,
1.600000,-2.650000,
1.650000,-2.650000,-1.567814
1.700000,-2.650000,-1.493855
1.750000,-2.650000,-1.427394
1.800000,-2.650000,-1.367096
1.850000,-2.650000,-1.312010
1.900000,-2.650000,-1.261434
1.950000,-2.650000,
2.000000,-2.650000,
2.050000,-2.650000,
2.100000,-2.650000,
2.150000,-2.650000,
2.200000,-2.650000,
2.250000,-2.650000,
2.300000,-2.650000,
2.350000,-2.650000,
2.400000,-2.650000,
2.450000,-2.650000,
2.500000,-2.650000,
2.550000,-2.650000,
2.600000,-2.650000,
2.650000,-2.650000,
2.700000,-2.650000,
2.750000,-2.650000,
2.800000,-2.650000,
2.850000,-2.650000,
2.900000,-2.650000,
2.950000,-2.650000,
3.000000,-2.650000,
3.050000,-2.650000,
3.100000,-2.650000,
3.150000,-2.650000,
3.200000,-2.650000,
3.250000,-2.650000,
3.300000,-2.650000,
3.350000,-2.650000,
3.400000,-2.650000,
3.450000,-2.650000,
3.500000,-2.650000,
-3.500000,-2.600000,
-3.450000,-2.600000,
-3.400000,-2.600000,
-3.350000,-2.600000,
-3.300000,-2.600000,
-3.250000,-2.600000,
-3.200000,-2.600000,
-3.150000,-2.600000,
-3.100000,-2.600000,
-3.050000,-2.600000,
-3.000000,-2.600000,
-2.950000,-2.600000,
-2.900000,-2.600000,
-2.850000,-2.600000,
-2.800000,-2.600000,
-2.750000,-2.600000,
-2.700000,-2.600000,
-2.650000,-2.600000,
-2.600000,-2.600000,
-2.550000,-2.600000,
-2.500000,-2.600000,
-2.450000,-2.600000,
-2.400000,-2.600000,
-2.350000,-2.600000,
-2.300000,-2.600000,0.447214
-2.250000,-2.600000,0.653835
-2.200000,-2.600000,0.806226
-2.150000,-2.600000,0.931397
-2.100000,-2.600000,1.024802
-2.050000,-2.600000,0.967573
-2.000000,-2.600000,0.904558
-1.950000,-2.600000,0.834577
-1.900000,-2.600000,0.755903
-1.850000,-2.600000,0.665831
-1.800000,-2.600000,0.559641
-1.750000,-2.600000,0.427520
-1.700000,-2.600000,0.239708
-1.650000,-2.600000,
-1.600000,-2.600000,
-1.550000,-2.600000,
-1.500000,-2.600000,
-1.450000,-2.600000,
-1.400000,-2.600000,
-1.350000,-2.600000,
-1.300000,-2.600000,
-1.250000,-2.600000,
-1.200000,-2.600000,
-1.150000,-2.600000,
-1.100000,-2.600000,
-1.050000,-2.600000,
-1.000000,-2.600000,
-0.950000,-2.600000,
-0.900000,-2.600000,
-0.850000,-2.600000,
-0.800000,-2.600000,
-0.750000,-2.600000,
-0.700000,-2.600000,
-0.650000,-2.600000,
-0.600000,-2.600000,
-0.550000,-2.600000,
-0.500000,-2.600000,
-0.450000,-2.600000,
-0.400000,-2.600000,
-0.350000,-2.600000,
-0.300000,-2.600000,
-0.250000,-2.600000,
-0.200000,-2.600000,
-0.150000,-2.600000,
-0.100000,-2.600000,
-0.050000,-2.600000,
-0.000000,-2.600000,
0.050000,-2.600000,
0.100000,-2.600000,
0.150000,-2.600000,
0.200000,-2.600000,
0.250000,-2.600000,
0.300000,-2.600000,
0.350000,-2.600000,
0.400000,-2.600000,
0.450000,-2.600000,
0.500000,-2.600000,
0.550000,-2.600000,
0.600000,-2.600000,
0.650000,-2.600000,
0.700000,-2.600000,
0.750000,-2.600000,
0.800000,-2.600000,
0.850000,-2.600000,
0.900000,-2.600000,
0.950000,-2.600000,
1.000000,-2.600000,
1.050000,-2.600000,
1.100000,-2.600000,
1.150000,-2.600000,
1.200000,-2.600000,
1.250000,-2.600000,
1.300000,-2.600000,
1.350000,-2.600000,
1.400000,-2.600000,
1.450000,-2.600000,
1.500000,-2.600000,-1.786852
1.550000,-2.600000,-1.682840
1.600000,-2.600000,-1.593623
1.650000,-2.600000,-1.515114
1.700000,-2.600000,-1.444890
1.750000,-2.600000,-1.381370
1.800000,-2.600000,-1.323456
1.850000,-2.600000,-1.270345
1.900000,-2.600000,-1.221433
1.950000,-2.600000,-1.176250
2.000000,-2.600000,-1.134422
2.050000,-2.600000,-1.095646
2.100000,-2.600000,
2.150000,-2.600000,
2.200000,-2.600000,
2.250000,-2.600000,
2.300000,-2.600000,
2.350000,-2.600000,
2.400000,-2.600000,
2.450000,-2.600000,
2.500000,-2.600000,
2.550000,-2.600000,
2.600000,-2.600000,
2.650000,-2.600000,
2.700000,-2.600000,
2.750000,-2.600000,
2.800000,-2.600000,
2.850000,-2.600000,
2.900000,-2.600000,
2.950000,-2.600000,
3.000000,-2.600000,
3.050000,-2.600000,
3.100000,-2.600000,
3.150000,-2.600000,
3.200000,-2.600000,
3.250000,-2.600000,
3.300000,-2.600000,
3.350000,-2.600000,
3.400000,-2.600000,
3.450000,-2.600000,
3.500000,-2.600000,
-3.500000,-2.550000,
-3.450000,-2.550000,
-3.400000,-2.550000,
-3.350000,-2.550000,
-3.300000,-2.550000,
-3.250000,-2.550000,
-3.200000,-2.550000,
-3.150000,-2.550000,
-3.100000,-2.550000,
-3.050000,-2.550000,
-3.000000,-2.550000,
-2.950000,-2.550000,
-2.900000,-2.550000,
-2.850000,-2.550000,
-2.800000,-2.550000,
-2.750000,-2.550000,
-2.700000,-2.550000,
-2.650000,-2.550000,
-2.600000,-2.550000,
-2.550000,-2.550000,
-2.500000,-2.550000,
-2.450000,-2.550000,
-2.400000,-2.550000,
-2.350000,-2.550000,0.474342
-2.300000,-2.550000,0.676387
-2.250000,-2.550000,0.827647
-2.200000,-2.550000,0.952628
-2.150000,-2.550000,1.060660
-2.100000,-2.550000,1.072284
-2.050000,-2.550000,1.017509
-2.000000,-2.550000,0.957501
-1.950000,-2.550000,0.891299
-1.900000,-2.550000,0.817552
-1.850000,-2.550000,0.734238
-1.800000,-2.550000,0.638083
-1.750000,-2.550000,0.523084
-1.700000,-2.550000,0.375499
-1.650000,-2.550000,0.139446
-1.600000,-2.550000,
-1.550000,-2.550000,
-1.500000,-2.550000,
-1.450000,-2.550000,
-1.400000,-2.550000,
-1.350000,-2.550000,
-1.300000,-2.550000,
-1.250000,-2.550000,
-1.200000,-2.550000,
-1.150000,-2.550000,
-1.100000,-2.550000,
-1.050000,-2.550000,
-1.000000,-2.550000,
-0.950000,-2.550000,
-0.900000,-2.550000,
-0.850000,-2.550000,
-0.800000,-2.550000,
-0.750000,-2.550000,
-0.700000,-2.550000,
-0.650000,-2.550000,
-0.600000,-2.550000,
-0.550000,-2.550000,
-0.500000,-2.550000,
-0.450000,-2.550000,
-0.400000,-2.550000,
-0.350000,-2.550000,
-0.300000,-2.550000,
-0.250000,-2.550000,
-0.200000,-2.550000,
-0.150000,-2.550000,
-0.100000,-2.550000,
-0.050000,-2.550000,
-0.000000,-2.550000,
0.050000,-2.550000,
0.100000,-2.550000,
0.150000,-2.550000,
0.200000,-2.550000,
0.250000,-2.550000,
0.300000,-2.550000,
0.350000,-2.550000,
0.400000,-2.550000,
0.450000,-2.550000,
0.500000,-2.550000,
0.550000,-2.550000,
0.600000,-2.550000,
0.650000,-2.550000,
0.700000,-2.550000,
0.750000,-2.550000,
0.800000,-2.550000,
0.850000,-2.550000,
0.900000,-2.550000,
0.950000,-2.550000,
1.000000,-2.550000,
1.050000,-2.550000,
1.100000,-2.550000,
1.150000,-2.550000,
1.200000,-2.550000,
1.250000,-2.550000,
1.300000,-2.550000,
1.350000,-2.550000,
1.400000,-2.550000,
1.450000,-2.550000,-1.836305
1.500000,-2.550000,-1.722226
1.550000,-2.550000,-1.625991
1.600000,-2.550000,-1.542129
1.650000,-2.550000,-1.467581
1.700000,-2.550000,-1.400426
1.750000,-2.550000,-1.339365
1.800000,-2.550000,-1.283471
1.850000,-2.550000,-1.232052
1.900000,-2.550000,-1.184578
1.950000,-2.550000,-1.140632
2.000000,-2.550000,-1.099878
2.050000,-2.550000,-0.965848
2.100000,-2.550000,-0.857160
2.150000,-2.550000,-0.777212
2.200000,-2.550000,-0.713268
2.250000,-2.550000,-0.660195
2.300000,-2.550000,-0.615306
2.350000,-2.550000,
2.400000,-2.550000,
2.450000,-2.550000,
2.500000,-2.550000,
2.550000,-2.550000,
2.600000,-2.550000,
2.650000,-2.550000,
2.700000,-2.550000,
2.750000,-2.550000,
2.800000,-2.550000,
2.850000,-2.550000,
2.900000,-2.550000,
2.950000,-2.550000,
3.000000,-2.550000,
3.050000,-2.550000,
3.100000,-2.550000,
3.150000,-2.550000,
3.200000,-2.550000,
3.250000,-2.550000,
3.300000,-2.550000,
3.350000,-2.550000,
3.400000,-2.550000,
3.450000,-2.550000,
3.500000,-2.550000,
-3.500000,-2.500000,
-3.450000,-2.500000,
-3.400000,-2.500000,
-3.350000,-2.500000,
-3.300000,-2.500000,
-3.250000,-2.500000,
-3.200000,-2.500000,
-3.150000,-2.500000,
-3.100000,-2.500000,
-3.050000,-2.500000,
-3.000000,-2.500000,
-2.950000,-2.500000,
-2.900000,-2.500000,
-2.850000,-2.500000,
-2.800000,-2.500000,
-2.750000,-2.500000,
-2.700000,-2.500000,
-2.650000,-2.500000,
-2.600000,-2.500000,
-2.550000,-2.500000,
-2.500000,-2.500000,
-2.450000,-2.500000,
-2.400000,-2.500000,0.489898
-2.350000,-2.500000,0.691014
-2.300000,-2.500000,0.842615
-2.250000,-2.500000,0.968246
-2.200000,-2.500000,1.077033
-2.150000,-2.500000,1.164340
-2.100000,-2.500000,1.115832
-2.050000,-2.500000,1.063126
-2.000000,-2.500000,1.005617
-1.950000,-2.500000,0.942503
-1.900000,-2.500000,0.872683
-1.850000,-2.500000,0.794572
-1.800000,-2.500000,0.705735
-1.750000,-2.500000,0.602057
-1.700000,-2.500000,0.475445
-1.650000,-2.500000,0.304439
-1.600000,-2.500000,
-1.550000,-2.500000,
-1.500000,-2.500000,
-1.450000,-2.500000,
-1.400000,-2.500000,
-1.350000,-2.500000,
-1.300000,-2.500000,
-1.250000,-2.500000,
-1.200000,-2.500000,
-1.150000,-2.500000,
-1.100000,-2.500000,
-1.050000,-2.500000,
-1.000000,-2.500000,
-0.950000,-2.500000,
-0.900000,-2.500000,
-0.850000,-2.500000,
-0.800000,-2.500000,
-0.750000,-2.500000,
-0.700000,-2.500000,
-0.650000,-2.500000,
-0.600000,-2.500000,
-0.550000,-2.500000,
-0.500000,-2.500000,
-0.450000,-2.500000,
-0.400000,-2.500000,
-0.350000,-2.500000,
-0.300000,-2.500000,
-0.250000,-2.500000,
-0.200000,-2.500000,
-0.150000,-2.500000,
-0.100000,-2.500000,
-0.050000,-2.500000,
-0.000000,-2.500000,
0.050000,-2.500000,
0.100000,-2.500000,
0.150000,-2.500000,
0.200000,-2.500000,
0.250000,-2.500000,
0.300000,-2.500000,
0.350000,-2.500000,
0.400000,-2.500000,
0.450000,-2.500000,
0.500000,-2.500000,
0.550000,-2.500000,
0.600000,-2.500000,
0.650000,-2.500000,
0.700000,-2.500000,
0.750000,-2.500000,
0.800000,-2.500000,
0.850000,-2.500000,
0.900000,-2.500000,
0.950000,-2.500000,
1.000000,-2.500000,
1.050000,-2.500000,
1.100000,-2.500000,
1.150000,-2.500000,
1.200000,-2.500000,
1.250000,-2.500000,
1.300000,-2.500000,
1.350000,-2.500000,
1.400000,-2.500000,-1.898284
1.450000,-2.500000,-1.770707
1.500000,-2.500000,-1.665695
1.550000,-2.500000,-1.575412
1.600000,-2.500000,-1.495823
1.650000,-2.500000,-1.424520
1.700000,-2.500000,-1.359929
1.750000,-2.500000,-1.300952
1.800000,-2.500000,-1.246789
1.850000,-2.500000,-1.196831
1.900000,-2.500000,-1.150609
1.950000,-2.500000,-0.947757
2.000000,-2.500000,-0.831936
2.050000,-2.500000,-0.746159
2.100000,-2.500000,-0.677029
2.150000,-2.500000,-0.619143
2.200000,-2.500000,-0.569671
2.250000,-2.500000,-0.526910
2.300000,-2.500000,-0.489741
2.350000,-2.500000,-0.457389
2.400000,-2.500000,-0.429291
2.450000,-2.500000,
2.500000,-2.500000,
2.550000,-2.500000,
2.600000,-2.500000,
2.650000,-2.500000,
2.700000,-2.500000,
2.750000,-2.500000,
2.800000,-2.500000,
2.850000,-2.500000,
2.900000,-2.500000,
2.950000,-2.500000,
3.000000,-2.500000,
3.050000,-2.500000,
3.100000,-2.500000,
3.150000,-2.500000,
3.200000,-2.500000,
3.250000,-2.500000,
3.300000,-2.500000,
3.350000,-2.500000,
3.400000,-2.500000,
3.450000,-2.500000,
3.500000,-2.500000,
-3.500000,-2.450000,
-3.450000,-2.450000,
-3.400000,-2.450000,
-3.350000,-2.450000,
-3.300000,-2.450000,
-3.250000,-2.450000,
-3.200000,-2.450000,
-3.150000,-2.450000,
-3.100000,-2.450000,
-3.050000,-2.450000,
-3.000000,-2.450000,
-2.950000,-2.450000,
-2.900000,-2.450000,
-2.850000,-2.450000,
-2.800000,-2.450000,
-2.750000,-2.450000,
-2.700000,-2.450000,
-2.650000,-2.450000,
-2.600000,-2.450000,
-2.550000,-2.450000,
-2.500000,-2.450000,
-2.450000,-2.450000,0.494975
-2.400000,-2.450000,0.698212
-2.350000,-2.450000,0.851469
-2.300000,-2.450000,0.978519
-2.250000,-2.450000,1.088577
-2.200000,-2.450000,1.186381
-2.150000,-2.450000,1.202866
-2.100000,-2.450000,1.155858
-2.050000,-2.450000,1.104918
-2.000000,-2.450000,1.049519
-1.950000,-2.450000,0.988974
-1.900000,-2.450000,0.922362
-1.850000,-2.450000,0.848392
-1.800000,-2.450000,0.765158
-1.750000,-2.450000,0.669626
-1.700000,-2.450000,0.556372
-1.650000,-2.450000,0.413594
-1.600000,-2.450000,0.200733
-1.550000,-2.450000,
-1.500000,-2.450000,
-1.450000,-2.450000,
-1.400000,-2.450000,
-1.350000,-2.450000,
-1.300000,-2.450000,
-1.250000,-2.450000,
-1.200000,-2.450000,
-1.150000,-2.450000,
-1.100000,-2.450000,
-1.050000,-2.450000,
-1.000000,-2.450000,
-0.950000,-2.450000,
-0.900000,-2.450000,
-0.850000,-2.450000,
-0.800000,-2.450000,
-0.750000,-2.450000,
-0.700000,-2.450000,
-0.650000,-2.450000,
-0.600000,-2.450000,
-0.550000,-2.450000,
-0.500000,-2.450000,
-0.450000,-2.450000,
-0.400000,-2.450000,
-0.350000,-2.450000,
-0.300000,-2.450000,
-0.250000,-2.450000,
-0.200000,-2.450000,
-0.150000,-2.450000,
-0.100000,-2.450000,
-0.050000,-2.450000,
-0.000000,-2.450000,
0.050000,-2.450000,
0.100000,-2.450000,
0.150000,-2.450000,
0.200000,-2.450000,
0.250000,-2.450000,
0.300000,-2.450000,
0.350000,-2.450000,
0.400000,-2.450000,
0.450000,-2.450000,
0.500000,-2.450000,
0.550000,-2.450000,
0.600000,-2.450000,
0.650000,-2.450000,
0.700000,-2.450000,
0.750000,-2.450000,
0.800000,-2.450000,
0.850000,-2.450000,
0.900000,-2.450000,
0.950000,-2.450000,
1.000000,-2.450000,
1.050000,-2.450000,
1.100000,-2.450000,
1.150000,-2.450000,
1.200000,-2.450000,
1.250000,-2.450000,
1.300000,-2.450000,
1.350000,-2.450000,-1.977340
1.400000,-2.450000,-1.830295
1.450000,-2.450000,-1.713865
1.500000,-2.450000,-1.615681
1.550000,-2.450000,-1.530107
1.600000,-2.450000,-1.454004
1.650000,-2.450000,-1.385406
1.700000,-2.450000,-1.322984
1.750000,-2.450000,-1.265791
1.800000,-2.450000,-1.213122
1.850000,-2.450000,-0.970973
1.900000,-2.450000,-0.836623
1.950000,-2.450000,-0.740361
2.000000,-2.450000,-0.663482
2.050000,-2.450000,-0.599194
2.100000,-2.450000,-0.544101
2.150000,-2.450000,-0.496213
2.200000,-2.450000,-0.454246
2.250000,-2.450000,-0.417315
2.300000,-2.450000,-0.384784
2.350000,-2.450000,-0.356178
2.400000,-2.450000,-0.331134
2.450000,-2.450000,-0.309371
2.500000,-2.450000,
2.550000,-2.450000,
2.600000,-2.450000,
2.650000,-2.450000,
2.700000,-2.450000,
2.750000,-2.450000,
2.800000,-2.450000,
2.850000,-2.450000,
2.900000,-2.450000,
2.950000,-2.450000,
3.000000,-2.450000,
3.050000,-2.450000,
3.100000,-2.450000,
3.150000,-2.450000,
3.200000,-2.450000,
3.250000,-2.450000,
3.300000,-2.450000,
3.350000,-2.450000,
3.400000,-2.450000,
3.450000,-2.450000,
3.500000,-2.450000,
-3.500000,-2.400000,
-3.450000,-2.400000,
-3.400000,-2.400000,
-3.350000,-2.400000,
-3.300000,-2.400000,
-3.250000,-2.400000,
-3.200000,-2.400000,
-3.150000,-2.400000,
-3.100000,-2.400000,
-3.050000,-2.400000,
-3.000000,-2.400000,
-2.950000,-2.400000,
-2.900000,-2.400000,
-2.850000,-2.400000,
-2.800000,-2.400000,
-2.750000,-2.400000,
-2.700000,-2.400000,
-2.650000,-2.400000,
-2.600000,-2.400000,
-2.550000,-2.400000,
-2.500000,-2.400000,0.489898
-2.450000,-2.400000,0.698212
-2.400000,-2.400000,0.854400
-2.350000,-2.400000,0.983616
-2.300000,-2.400000,1.095445
-2.250000,-2.400000,1.194780
-2.200000,-2.400000,1.280762
-2.150000,-2.400000,1.238398
-2.100000,-2.400000,1.192692
-2.050000,-2.400000,1.143274
-2.000000,-2.400000,1.089676
-1.950000,-2.400000,1.031300
-1.900000,-2.400000,0.967355
-1.850000,-2.400000,0.896761
-1.800000,-2.400000,0.817969
-1.750000,-2.400000,0.728618
-1.700000,-2.400000,0.624762
-1.650000,-2.400000,0.498785
-1.600000,-2.400000,0.331327
-1.550000,-2.400000,-0.029446
-1.500000,-2.400000,
-1.450000,-2.400000,
-1.400000,-2.400000,
-1.350000,-2.400000,
-1.300000,-2.400000,
-1.250000,-2.400000,
-1.200000,-2.400000,
-1.150000,-2.400000,
-1.100000,-2.400000,
-1.050000,-2.400000,
-1.000000,-2.400000,
-0.950000,-2.400000,
-0.900000,-2.400000,
-0.850000,-2.400000,
-0.800000,-2.400000,
-0.750000,-2.400000,
-0.700000,-2.400000,
-0.650000,-2.400000,
-0.600000,-2.400000,
-0.550000,-2.400000,
-0.500000,-2.400000,
-0.450000,-2.400000,
-0.400000,-2.400000,
-0.350000,-2.400000,
-0.300000,-2.400000,
-0.250000,-2.400000,
-0.200000,-2.400000,
-0.150000,-2.400000,
-0.100000,-2.400000,
-0.050000,-2.400000,
-0.000000,-2.400000,
0.050000,-2.400000,
0.100000,-2.400000,
0.150000,-2.400000,
0.200000,-2.400000,
0.250000,-2.400000,
0.300000,-2.400000,
0.350000,-2.400000,
0.400000,-2.400000,
0.450000,-2.400000,
0.500000,-2.400000,
0.550000,-2.400000,
0.600000,-2.400000,
0.650000,-2.400000,-2.445760
0.700000,-2.400000,-2.375878
0.750000,-2.400000,-2.322617
0.800000,-2.400000,-2.280388
0.850000,-2.400000,-2.246457
0.900000,-2.400000,-2.219253
0.950000,-2.400000,-2.197798
1.000000,-2.400000,-2.181450
1.050000,-2.400000,-2.169784
1.100000,-2.400000,-2.162523
1.150000,-2.400000,-2.159509
1.200000,-2.400000,-2.160677
1.250000,-2.400000,-2.166051
1.300000,-2.400000,-2.083401
1.350000,-2.400000,-1.904392
1.400000,-2.400000,-1.772210
1.450000,-2.400000,-1.663960
1.500000,-2.400000,-1.571113
1.550000,-2.400000,-1.489357
1.600000,-2.400000,-1.416148
1.650000,-2.400000,-1.349832
1.700000,-2.400000,-1.289263
1.750000,-2.400000,-1.048646
1.800000,-2.400000,-0.872302
1.850000,-2.400000,-0.758944
1.900000,-2.400000,-0.671062
1.950000,-2.400000,-0.598438
2.000000,-2.400000,-0.536467
2.050000,-2.400000,-0.482601
2.100000,-2.400000,-0.435252
2.150000,-2.400000,-0.393353
2.200000,-2.400000,-0.356144
2.250000,-2.400000,-0.323069
2.300000,-2.400000,-0.293703
2.350000,-2.400000,-0.267717
2.400000,-2.400000,-0.244851
2.450000,-2.400000,-0.224899
2.500000,-2.400000,-0.207695
2.550000,-2.400000,
2.600000,-2.400000,
2.650000,-2.400000,
2.700000,-2.400000,
2.750000,-2.400000,
2.800000,-2.400000,
2.850000,-2.400000,
2.900000,-2.400000,
2.950000,-2.400000,
3.000000,-2.400000,
3.050000,-2.400000,
3.100000,-2.400000,
3.150000,-2.400000,
3.200000,-2.400000,
3.250000,-2.400000,
3.300000,-2.400000,
3.350000,-2.400000,
3.400000,-2.400000,
3.450000,-2.400000,
3.500000,-2.400000,
-3.500000,-2.350000,
-3.450000,-2.350000,
-3.400000,-2.350000,
-3.350000,-2.350000,
-3.300000,-2.350000,
-3.250000,-2.350000,
-3.200000,-2.350000,
-3.150000,-2.350000,
-3.100000,-2.350000,
-3.050000,-2.350000,
-3.000000,-2.350000,
-2.950000,-2.350000,
-2.900000,-2.350000,
-2.850000,-2.350000,
-2.800000,-2.350000,
-2.750000,-2.350000,
-2.700000,-2.350000,
-2.650000,-2.350000,
-2.600000,-2.350000,
-2.550000,-2.350000,0.474342
-2.500000,-2.350000,0.691014
-2.450000,-2.350000,0.851469
-2.400000,-2.350000,0.983616
-2.350000,-2.350000,1.097725
-2.300000,-2.350000,1.198958
-2.250000,-2.350000,1.290349
-2.200000,-2.350000,1.312545
-2.150000,-2.350000,1.271170
-2.100000,-2.350000,1.226602
-2.050000,-2.350000,1.178504
-2.000000,-2.350000,1.126459
-1.950000,-2.350000,1.069934
-1.900000,-2.350000,1.008240
-1.850000,-2.350000,0.940449
-1.800000,-2.350000,0.865264
-1.750000,-2.350000,0.780774
-1.700000,-2.350000,0.683942
-1.650000,-2.350000,0.569358
-1.600000,-2.350000,0.425329
-1.550000,-2.350000,0.212463
-1.500000,-2.350000,
-1.450000,-2.350000,
-1.400000,-2.350000,
-1.350000,-2.350000,
-1.300000,-2.350000,
-1.250000,-2.350000,
-1.200000,-2.350000,
-1.150000,-2.350000,
-1.100000,-2.350000,
-1.050000,-2.350000,
-1.000000,-2.350000,
-0.950000,-2.350000,
-0.900000,-2.350000,
-0.850000,-2.350000,
-0.800000,-2.350000,
-0.750000,-2.350000,
-0.700000,-2.350000,
-0.650000,-2.350000,
-0.600000,-2.350000,
-0.550000,-2.350000,
-0.500000,-2.350000,
-0.450000,-2.350000,
-0.400000,-2.350000,
-0.350000,-2.350000,
-0.300000,-2.350000,
-0.250000,-2.350000,
-0.200000,-2.350000,
-0.150000,-2.350000,
-0.100000,-2.350000,
-0.050000,-2.350000,
-0.000000,-2.350000,
0.050000,-2.350000,
0.100000,-2.350000,
0.150000,-2.350000,
0.200000,-2.350000,
0.250000,-2.350000,
0.300000,-2.350000,
0.350000,-2.350000,
0.400000,-2.350000,
0.450000,-2.350000,
0.500000,-2.350000,-2.428109
0.550000,-2.350000,-2.342869
0.600000,-2.350000,-2.277519
0.650000,-2.350000,-2.224705
0.700000,-2.350000,-2.180976
0.750000,-2.350000,-2.144390
0.800000,-2.350000,-2.113729
0.850000,-2.350000,-2.088181
0.900000,-2.350000,-2.067177
0.950000,-2.350000,-2.050314
1.000000,-2.350000,-2.037301
1.050000,-2.350000,-2.027933
1.100000,-2.350000,-2.022069
1.150000,-2.350000,-2.019628
1.200000,-2.350000,-2.020574
1.250000,-2.350000,-2.024922
1.300000,-2.350000,-1.999576
1.350000,-2.350000,-1.843495
1.400000,-2.350000,-1.721767
1.450000,-2.350000,-1.619795
1.500000,-2.350000,-1.531231
1.550000,-2.350000,-1.452624
1.600000,-2.350000,-1.381846
1.650000,-2.350000,-1.317474
1.700000,-2.350000,-0.949447
1.750000,-2.350000,-0.804877
1.800000,-2.350000,-0.700625
1.850000,-2.350000,-0.616807
1.900000,-2.350000,-0.546195
1.950000,-2.350000,-0.485175
2.000000,-2.350000,-0.431626
2.050000,-2.350000,-0.384178
2.100000,-2.350000,-0.341887
2.150000,-2.350000,-0.304067
2.200000,-2.350000,-0.270206
2.250000,-2.350000,-0.239912
2.300000,-2.350000,-0.212873
2.350000,-2.350000,-0.188844
2.400000,-2.350000,-0.167627
2.450000,-2.350000,-0.149060
2.500000,-2.350000,-0.133012
2.550000,-2.350000,-0.119378
2.600000,-2.350000,
2.650000,-2.350000,
2.700000,-2.350000,
2.750000,-2.350000,
2.800000,-2.350000,
2.850000,-2.350000,
2.900000,-2.350000,
2.950000,-2.350000,
3.000000,-2.350000,
3.050000,-2.350000,
3.100000,-2.350000,
3.150000,-2.350000,
3.200000,-2.350000,
3.250000,-2.350000,
3.300000,-2.350000,
3.350000,-2.350000,
3.400000,-2.350000,
3.450000,-2.350000,
3.500000,-2.350000,
-3.500000,-2.300000,
-3.450000,-2.300000,
-3.400000,-2.300000,
-3.350000,-2.300000,
-3.300000,-2.300000,
-3.250000,-2.300000,
-3.200000,-2.300000,
-3.150000,-2.300000,
-3.100000,-2.300000,
-3.050000,-2.300000,
-3.000000,-2.300000,
-2.950000,-2.300000,
-2.900000,-2.300000,
-2.850000,-2.300000,
-2.800000,-2.300000,
-2.750000,-2.300000,
-2.700000,-2.300000,
-2.650000,-2.300000,
-2.600000,-2.300000,0.447214
-2.550000,-2.300000,0.676387
-2.500000,-2.300000,0.842615
-2.450000,-2.300000,0.978519
-2.400000,-2.300000,1.095445
-2.350000,-2.300000,1.198958
-2.300000,-2.300000,1.292285
-2.250000,-2.300000,1.377498
-2.200000,-2.300000,1.341880
-2.150000,-2.300000,1.301378
-2.100000,-2.300000,1.257808
-2.050000,-2.300000,1.210864
-2.000000,-2.300000,1.160166
-1.950000,-2.300000,1.105235
-1.900000,-2.300000,1.045459
-1.850000,-2.300000,0.980027
-1.800000,-2.300000,0.907826
-1.750000,-2.300000,0.827262
-1.700000,-2.300000,0.735893
-1.650000,-2.300000,0.629620
-1.600000,-2.300000,0.500459
-1.550000,-2.300000,0.327730
-1.500000,-2.300000,
-1.450000,-2.300000,
-1.400000,-2.300000,
-1.350000,-2.300000,
-1.300000,-2.300000,
-1.250000,-2.300000,
-1.200000,-2.300000,
-1.150000,-2.300000,
-1.100000,-2.300000,
-1.050000,-2.300000,
-1.000000,-2.300000,
-0.950000,-2.300000,
-0.900000,-2.300000,
-0.850000,-2.300000,
-0.800000,-2.300000,
-0.750000,-2.300000,
-0.700000,-2.300000,
-0.650000,-2.300000,
-0.600000,-2.300000,
-0.550000,-2.300000,
-0.500000,-2.300000,
-0.450000,-2.300000,
-0.400000,-2.300000,
-0.350000,-2.300000,
-0.300000,-2.300000,
-0.250000,-2.300000,
-0.200000,-2.300000,
-0.150000,-2.300000,
-0.100000,-2.300000,
-0.050000,-2.300000,
-0.000000,-2.300000,
0.050000,-2.300000,
0.100000,-2.300000,
0.150000,-2.300000,
0.200000,-2.300000,
0.250000,-2.300000,
0.300000,-2.300000,
0.350000,-2.300000,-2.492941
0.400000,-2.300000,-2.372356
0.450000,-2.300000,-2.286591
0.500000,-2.300000,-2.218786
0.550000,-2.300000,-2.162777
0.600000,-2.300000,-2.115475
0.650000,-2.300000,-2.075069
0.700000,-2.300000,-2.040394
0.750000,-2.300000,-2.010654
0.800000,-2.300000,-1.985278
0.850000,-2.300000,-1.963848
0.900000,-2.300000,-1.946052
0.950000,-2.300000,-1.931655
1.000000,-2.300000,-1.920483
1.050000,-2.300000,-1.912407
1.100000,-2.300000,-1.907339
1.150000,-2.300000,-1.905226
1.200000,-2.300000,-1.906045
1.250000,-2.300000,-1.909805
1.300000,-2.300000,-1.916547
1.350000,-2.300000,-1.791473
1.400000,-2.300000,-1.677536
1.450000,-2.300000,-1.580529
1.500000,-2.300000,-1.495468
1.550000,-2.300000,-1.419492
1.600000,-2.300000,-1.126781
1.650000,-2.300000,-0.888139
1.700000,-2.300000,-0.756020
1.750000,-2.300000,-0.656042
1.800000,-2.300000,-0.574021
1.850000,-2.300000,-0.504098
1.900000,-2.300000,-0.443162
1.950000,-2.300000,-0.389326
2.000000,-2.300000,-0.341342
2.050000,-2.300000,-0.298335
2.100000,-2.300000,-0.259663
2.150000,-2.300000,-0.224840
2.200000,-2.300000,-0.193490
2.250000,-2.300000,-0.165315
2.300000,-2.300000,-0.140074
2.350000,-2.300000,-0.117575
2.400000,-2.300000,-0.097656
2.450000,-2.300000,-0.080189
2.500000,-2.300000,-0.065065
2.550000,-2.300000,-0.052197
2.600000,-2.300000,-0.041513
2.650000,-2.300000,
2.700000,-2.300000,
2.750000,-2.300000,
2.800000,-2.300000,
2.850000,-2.300000,
2.900000,-2.300000,
2.950000,-2.300000,
3.000000,-2.300000,
3.050000,-2.300000,
3.100000,-2.300000,
3.150000,-2.300000,
3.200000,-2.300000,
3.250000,-2.300000,
3.300000,-2.300000,
3.350000,-2.300000,
3.400000,-2.300000,
3.450000,-2.300000,
3.500000,-2.300000,
-3.500000,-2.250000,
-3.450000,-2.250000,
-3.400000,-2.250000,
-3.350000,-2.250000,
-3.300000,-2.250000,
-3.250000,-2.250000,
-3.200000,-2.250000,
-3.150000,-2.250000,
-3.100000,-2.250000,
-3.050000,-2.250000,
-3.000000,-2.250000,
-2.950000,-2.250000,
-2.900000,-2.250000,
-2.850000,-2.250000,
-2.800000,-2.250000,
-2.750000,-2.250000,
-2.700000,-2.250000,
-2.650000,-2.250000,0.406202
-2.600000,-2.250000,0.653835
-2.550000,-2.250000,0.827647
-2.500000,-2.250000,0.968246
-2.450000,-2.250000,1.088577
-2.400000,-2.250000,1.194780
-2.350000,-2.250000,1.290349
-2.300000,-2.250000,1.377498
-2.250000,-2.250000,1.405924
-2.200000,-2.250000,1.368915
-2.150000,-2.250000,1.329184
-2.100000,-2.250000,1.286494
-2.050000,-2.250000,1.240562
-2.000000,-2.250000,1.191039
-1.950000,-2.250000,1.137490
-1.900000,-2.250000,1.079363
-1.850000,-2.250000,1.015936
-1.800000,-2.250000,0.946239
-1.750000,-2.250000,0.868905
-1.700000,-2.250000,0.781907
-1.650000,-2.250000,0.681988
-1.600000,-2.250000,0.563252
-1.550000,-2.250000,0.412554
-1.500000,-2.250000,0.181125
-1.450000,-2.250000,
-1.400000,-2.250000,
-1.350000,-2.250000,
-1.300000,-2.250000,
-1.250000,-2.250000,
-1.200000,-2.250000,
-1.150000,-2.250000,
-1.100000,-2.250000,
-1.050000,-2.250000,
-1.000000,-2.250000,
-0.950000,-2.250000,
-0.900000,-2.250000,
-0.850000,-2.250000,
-0.800000,-2.250000,
-0.750000,-2.250000,
-0.700000,-2.250000,
-0.650000,-2.250000,
-0.600000,-2.250000,
-0.550000,-2.250000,
-0.500000,-2.250000,
-0.450000,-2.250000,
-0.400000,-2.250000,
-0.350000,-2.250000,
-0.300000,-2.250000,
-0.250000,-2.250000,
-0.200000,-2.250000,
-0.150000,-2.250000,
-0.100000,-2.250000,
-0.050000,-2.250000,
-0.000000,-2.250000,
0.050000,-2.250000,
0.100000,-2.250000,
0.150000,-2.250000,
0.200000,-2.250000,
0.250000,-2.250000,-2.483770
0.300000,-2.250000,-2.353455
0.350000,-2.250000,-2.260855
0.400000,-2.250000,-2.187323
0.450000,-2.250000,-2.126173
0.500000,-2.250000,-2.074079
0.550000,-2.250000,-2.029097
0.600000,-2.250000,-1.989978
0.650000,-2.250000,-1.955865
0.700000,-2.250000,-1.926141
0.750000,-2.250000,-1.900351
0.800000,-2.250000,-1.878148
0.850000,-2.250000,-1.859268
0.900000,-2.250000,-1.843503
0.950000,-2.250000,-1.830697
1.000000,-2.250000,-1.820726
1.050000,-2.250000,-1.813502
1.100000,-2.250000,-1.808962
1.150000,-2.250000,-1.807067
1.200000,-2.250000,-1.807802
1.250000,-2.250000,-1.811172
1.300000,-2.250000,-1.817207
1.350000,-2.250000,-1.746454
1.400000,-2.250000,-1.638544
1.450000,-2.250000,-1.545548
1.500000,-2.250000,-1.463392
1.550000,-2.250000,-1.048916
1.600000,-2.250000,-0.847504
1.650000,-2.250000,-0.720669
1.700000,-2.250000,-0.622309
1.750000,-2.250000,-0.540659
1.800000,-2.250000,-0.470524
1.850000,-2.250000,-0.409054
1.900000,-2.250000,-0.354486
1.950000,-2.250000,-0.305634
2.000000,-2.250000,-0.261662
2.050000,-2.250000,-0.221948
2.100000,-2.250000,-0.186021
2.150000,-2.250000,-0.153511
2.200000,-2.250000,-0.124127
2.250000,-2.250000,-0.097630
2.300000,-2.250000,-0.073828
2.350000,-2.250000,-0.052562
2.400000,-2.250000,-0.033698
2.450000,-2.250000,-0.017129
2.500000,-2.250000,-0.002763
2.550000,-2.250000,0.009474
2.600000,-2.250000,0.019644
2.650000,-2.250000,0.027795
2.700000,-2.250000,
2.750000,-2.250000,
2.800000,-2.250000,
2.850000,-2.250000,
2.900000,-2.250000,
2.950000,-2.250000,
3.000000,-2.250000,
3.050000,-2.250000,
3.100000,-2.250000,
3.150000,-2.250000,
3.200000,-2.250000,
3.250000,-2.250000,
3.300000,-2.250000,
3.350000,-2.250000,
3.400000,-2.250000,
3.450000,-2.250000,
3.500000,-2.250000,
-3.500000,-2.200000,
-3.450000,-2.200000,
-3.400000,-2.200000,
-3.350000,-2.200000,
-3.300000,-2.200000,
-3.250000,-2.200000,
-3.200000,-2.200000,
-3.150000,-2.200000,
-3.100000,-2.200000,
-3.050000,-2.200000,
-3.000000,-2.200000,
-2.950000,-2.200000,
-2.900000,-2.200000,
-2.850000,-2.200000,
-2.800000,-2.200000,
-2.750000,-2.200000,
-2.700000,-2.200000,0.346410
-2.650000,-2.200000,0.622495
-2.600000,-2.200000,0.806226
-2.550000,-2.200000,0.952628
-2.500000,-2.200000,1.077033
-2.450000,-2.200000,1.186381
-2.400000,-2.200000,1.284523
-2.350000,-2.200000,1.373863
-2.300000,-2.200000,1.456022
-2.250000,-2.200000,1.430179
-2.200000,-2.200000,1.393775
-2.150000,-2.200000,1.354727
-2.100000,-2.200000,1.312815
-2.050000,-2.200000,1.267773
-2.000000,-2.200000,1.219279
-1.950000,-2.200000,1.166933
-1.900000,-2.200000,1.110231
-1.850000,-2.200000,1.048525
-1.800000,-2.200000,0.980949
-1.750000,-2.200000,0.906311
-1.700000,-2.200000,0.822882
-1.650000,-2.200000,0.727978
-1.600000,-2.200000,0.617000
-1.550000,-2.200000,0.480656
-1.500000,-2.200000,0.292791
-1.450000,-2.200000,
-1.400000,-2.200000,
-1.350000,-2.200000,
-1.300000,-2.200000,
-1.250000,-2.200000,
-1.200000,-2.200000,
-1.150000,-2.200000,
-1.100000,-2.200000,
-1.050000,-2.200000,
-1.000000,-2.200000,
-0.950000,-2.200000,
-0.900000,-2.200000,
-0.850000,-2.200000,
-0.800000,-2.200000,
-0.750000,-2.200000,
-0.700000,-2.200000,
-0.650000,-2.200000,
-0.600000,-2.200000,
-0.550000,-2.200000,
-0.500000,-2.200000,
-0.450000,-2.200000,
-0.400000,-2.200000,
-0.350000,-2.200000,
-0.300000,-2.200000,
-0.250000,-2.200000,
-0.200000,-2.200000,
-0.150000,-2.200000,
-0.100000,-2.200000,
-0.050000,-2.200000,
-0.000000,-2.200000,
0.050000,-2.200000,
0.100000,-2.200000,
0.150000,-2.200000,-2.523046
0.200000,-2.200000,-2.366047
0.250000,-2.200000,-2.260898
0.300000,-2.200000,-2.178674
0.350000,-2.200000,-2.110587
0.400000,-2.200000,-2.052535
0.450000,-2.200000,-2.002206
0.500000,-2.200000,-1.958139
0.550000,-2.200000,-1.919349
0.600000,-2.200000,-1.885132
0.650000,-2.200000,-1.854968
0.700000,-2.200000,-1.828463
0.750000,-2.200000,-1.805312
0.800000,-2.200000,-1.785275
0.850000,-2.200000,-1.768163
0.900000,-2.200000,-1.753827
0.950000,-2.200000,-1.742150
1.000000,-2.200000,-1.733040
1.050000,-2.200000,-1.726429
1.100000,-2.200000,-1.722270
1.150000,-2.200000,-1.720534
1.200000,-2.200000,-1.721207
1.250000,-2.200000,-1.724295
1.300000,-2.200000,-1.729820
1.350000,-2.200000,-1.707222
1.400000,-2.200000,-1.604097
1.450000,-2.200000,-1.514391
1.500000,-2.200000,-1.012138
1.550000,-2.200000,-0.821763
1.600000,-2.200000,-0.696282
1.650000,-2.200000,-0.597769
1.700000,-2.200000,-0.515453
1.750000,-2.200000,-0.444420
1.800000,-2.200000,-0.381931
1.850000,-2.200000,-0.326271
1.900000,-2.200000,-0.276280
1.950000,-2.200000,-0.231132
2.000000,-2.200000,-0.190215
2.050000,-2.200000,-0.153059
2.100000,-2.200000,-0.119298
2.150000,-2.200000,-0.088638
2.200000,-2.200000,-0.060841
2.250000,-2.200000,-0.035712
2.300000,-2.200000,-0.013091
2.350000,-2.200000,0.007158
2.400000,-2.200000,0.025145
2.450000,-2.200000,0.040966
2.500000,-2.200000,0.054698
2.550000,-2.200000,0.066405
2.600000,-2.200000,0.076142
2.650000,-2.200000,0.083950
2.700000,-2.200000,0.089864
2.750000,-2.200000,
2.800000,-2.200000,
2.850000,-2.200000,
2.900000,-2.200000,
2.950000,-2.200000,
3.000000,-2.200000,
3.050000,-2.200000,
3.100000,-2.200000,
3.150000,-2.200000,
3.200000,-2.200000,
3.250000,-2.200000,
3.300000,-2.200000,
3.350000,-2.200000,
3.400000,-2.200000,
3.450000,-2.200000,
3.500000,-2.200000,
-3.500000,-2.150000,
-3.450000,-2.150000,
-3.400000,-2.150000,
-3.350000,-2.150000,
-3.300000,-2.150000,
-3.250000,-2.150000,
-3.200000,-2.150000,
-3.150000,-2.150000,
-3.100000,-2.150000,
-3.050000,-2.150000,
-3.000000,-2.150000,
-2.950000,-2.150000,
-2.900000,-2.150000,
-2.850000,-2.150000,
-2.800000,-2.150000,
-2.750000,-2.150000,0.254951
-2.700000,-2.150000,0.580948
-2.650000,-2.150000,0.777817
-2.600000,-2.150000,0.931397
-2.550000,-2.150000,1.060660
-2.500000,-2.150000,1.173669
-2.450000,-2.150000,1.274755
-2.400000,-2.150000,1.366565
-2.350000,-2.150000,1.450862
-2.300000,-2.150000,1.485901
-2.250000,-2.150000,1.452435
-2.200000,-2.150000,1.416568
-2.150000,-2.150000,1.378126
-2.100000,-2.150000,1.336901
-2.050000,-2.150000,1.292644
-2.000000,-2.150000,1.245052
-1.950000,-2.150000,1.193757
-1.900000,-2.150000,1.138294
-1.850000,-2.150000,1.078070
-1.800000,-2.150000,1.012305
-1.750000,-2.150000,0.939940
-1.700000,-2.150000,0.859468
-1.650000,-2.150000,0.768615
-1.600000,-2.150000,0.663638
-1.550000,-2.150000,0.537499
-1.500000,-2.150000,0.373247
-1.450000,-2.150000,0.085029
-1.400000,-2.150000,
-1.350000,-2.150000,
-1.300000,-2.150000,
-1.250000,-2.150000,
-1.200000,-2.150000,
-1.150000,-2.150000,
-1.100000,-2.150000,
-1.050000,-2.150000,
-1.000000,-2.150000,
-0.950000,-2.150000,
-0.900000,-2.150000,
-0.850000,-2.150000,
-0.800000,-2.150000,
-0.750000,-2.150000,
-0.700000,-2.150000,
-0.650000,-2.150000,
-0.600000,-2.150000,
-0.550000,-2.150000,
-0.500000,-2.150000,
-0.450000,-2.150000,
-0.400000,-2.150000,
-0.350000,-2.150000,
-0.300000,-2.150000,
-0.250000,-2.150000,
-0.200000,-2.150000,
-0.150000,-2.150000,
-0.100000,-2.150000,
-0.050000,-2.150000,
-0.000000,-2.150000,
0.050000,-2.150000,-2.656454
0.100000,-2.150000,-2.413562
0.150000,-2.150000,-2.286729
0.200000,-2.150000,-2.191793
0.250000,-2.150000,-2.114490
0.300000,-2.150000,-2.049034
0.350000,-2.150000,-1.992382
0.400000,-2.150000,-1.942699
0.450000,-2.150000,-1.898774
0.500000,-2.150000,-1.859765
0.550000,-2.150000,-1.825053
0.600000,-2.150000,-1.794176
0.650000,-2.150000,-1.766775
0.700000,-2.150000,-1.742568
0.750000,-2.150000,-1.721332
0.800000,-2.150000,-1.702888
0.850000,-2.150000,-1.687091
0.900000,-2.150000,-1.673826
0.950000,-2.150000,-1.663001
1.000000,-2.150000,-1.654544
1.050000,-2.150000,-1.648400
1.100000,-2.150000,-1.383997
1.150000,-2.150000,-1.295159
1.200000,-2.150000,-1.245184
1.250000,-2.150000,-1.212483
1.300000,-2.150000,-1.191386
1.350000,-2.150000,-1.179544
1.400000,-2.150000,-1.175918
1.450000,-2.150000,-0.998553
1.500000,-2.150000,-0.808369
1.550000,-2.150000,-0.681472
1.600000,-2.150000,-0.581425
1.650000,-2.150000,-0.497594
1.700000,-2.150000,-0.425087
1.750000,-2.150000,-0.361161
1.800000,-2.150000,-0.304095
1.850000,-2.150000,-0.252723
1.900000,-2.150000,-0.206212
1.950000,-2.150000,-0.163945
2.000000,-2.150000,-0.125446
2.050000,-2.150000,-0.090345
2.100000,-2.150000,-0.058343
2.150000,-2.150000,-0.029199
2.200000,-2.150000,-0.002715
2.250000,-2.150000,0.021275
2.300000,-2.150000,0.042908
2.350000,-2.150000,0.062300
2.400000,-2.150000,0.079548
2.450000,-2.150000,0.094734
2.500000,-2.150000,0.107926
2.550000,-2.150000,0.119182
2.600000,-2.150000,0.128549
2.650000,-2.150000,0.136064
2.700000,-2.150000,0.141759
2.750000,-2.150000,0.145653
2.800000,-2.150000,
2.850000,-2.150000,
2.900000,-2.150000,
2.950000,-2.150000,
3.000000,-2.150000,
3.050000,-2.150000,
3.100000,-2.150000,
3.150000,-2.150000,
3.200000,-2.150000,
3.250000,-2.150000,
3.300000,-2.150000,
3.350000,-2.150000,
3.400000,-2.150000,
3.450000,-2.150000,
3.500000,-2.150000,
-3.500000,-2.100000,
-3.450000,-2.100000,
-3.400000,-2.100000,
-3.350000,-2.100000,
-3.300000,-2.100000,
-3.250000,-2.100000,
-3.200000,-2.100000,
-3.150000,-2.100000,
-3.100000,-2.100000,
-3.050000,-2.100000,
-3.000000,-2.100000,
-2.950000,-2.100000,
-2.900000,-2.100000,
-2.850000,-2.100000,
-2.800000,-2.100000,
-2.750000,-2.100000,0.526783
-2.700000,-2.100000,0.741620
-2.650000,-2.100000,0.904157
-2.600000,-2.100000,1.039230
-2.550000,-2.100000,1.156503
-2.500000,-2.100000,1.260952
-2.450000,-2.100000,1.355544
-2.400000,-2.100000,1.442221
-2.350000,-2.100000,1.522334
-2.300000,-2.100000,1.505816
-2.250000,-2.100000,1.472776
-2.200000,-2.100000,1.437387
-2.150000,-2.100000,1.399482
-2.100000,-2.100000,1.358864
-2.050000,-2.100000,1.315298
-2.000000,-2.100000,1.268500
-1.950000,-2.100000,1.218124
-1.900000,-2.100000,1.163739
-1.850000,-2.100000,1.104797
-1.800000,-2.100000,1.040587
-1.750000,-2.100000,0.970153
-1.700000,-2.100000,0.892158
-1.650000,-2.100000,0.804627
-1.600000,-2.100000,0.704419
-1.550000,-2.100000,0.585924
-1.500000,-2.100000,0.436966
-1.450000,-2.100000,0.215982
-1.400000,-2.100000,
-1.350000,-2.100000,
-1.300000,-2.100000,
-1.250000,-2.100000,
-1.200000,-2.100000,
-1.150000,-2.100000,
-1.100000,-2.100000,
-1.050000,-2.100000,
-1.000000,-2.100000,
-0.950000,-2.100000,
-0.900000,-2.100000,
-0.850000,-2.100000,
-0.800000,-2.100000,
-0.750000,-2.100000,
-0.700000,-2.100000,
-0.650000,-2.100000,
-0.600000,-2.100000,
-0.550000,-2.100000,-2.739742
-0.500000,-2.100000,-2.739918
-0.450000,-2.100000,-2.741524
-0.400000,-2.100000,-2.744563
-0.350000,-2.100000,-2.749042
-0.300000,-2.100000,-2.754973
-0.250000,-2.100000,-2.762371
-0.200000,-2.100000,-2.771254
-0.150000,-2.100000,-2.781646
-0.100000,-2.100000,-2.793575
-0.050000,-2.100000,
-0.000000,-2.100000,-2.515698
0.050000,-2.100000,-2.343131
0.100000,-2.100000,-2.228294
0.150000,-2.100000,-2.138251
0.200000,-2.100000,-2.063302
0.250000,-2.100000,-1.998965
0.300000,-2.100000,-1.942725
0.350000,-2.100000,-1.893004
0.400000,-2.100000,-1.848731
0.450000,-2.100000,-1.809144
0.500000,-2.100000,-1.773678
0.550000,-2.100000,-1.741902
0.600000,-2.100000,-1.713478
0.650000,-2.100000,-1.688140
0.700000,-2.100000,-1.665674
0.750000,-2.100000,-1.645905
0.800000,-2.100000,-1.628691
0.850000,-2.100000,-1.613918
0.900000,-2.100000,-1.323394
0.950000,-2.100000,-1.217282
1.000000,-2.100000,-1.149072
1.050000,-2.100000,-1.098592
1.100000,-2.100000,-1.059603
1.150000,-2.100000,-1.029200
1.200000,-2.100000,-1.005772
1.250000,-2.100000,-0.988349
1.300000,-2.100000,-0.976322
1.350000,-2.100000,-0.969319
1.400000,-2.100000,-0.967140
1.450000,-2.100000,-0.806228
1.500000,-2.100000,-0.675512
1.550000,-2.100000,-0.572692
1.600000,-2.100000,-0.486575
1.650000,-2.100000,-0.412062
1.700000,-2.100000,-0.346311
1.750000,-2.100000,-0.287545
1.800000,-2.100000,-0.234564
1.850000,-2.100000,-0.186512
1.900000,-2.100000,-0.142752
1.950000,-2.100000,-0.102798
2.000000,-2.100000,-0.066269
2.050000,-2.100000,-0.032858
2.100000,-2.100000,-0.002317
2.150000,-2.100000,0.025558
2.200000,-2.100000,0.050938
2.250000,-2.100000,0.073964
2.300000,-2.100000,0.094756
2.350000,-2.100000,0.113416
2.400000,-2.100000,0.130031
2.450000,-2.100000,0.144671
2.500000,-2.100000,0.157399
2.550000,-2.100000,0.168265
2.600000,-2.100000,0.177313
2.650000,-2.100000,0.184575
2.700000,-2.100000,0.190078
2.750000,-2.100000,0.193844
2.800000,-2.100000,0.000000
2.850000,-2.100000,
2.900000,-2.100000,
2.950000,-2.100000,
3.000000,-2.100000,
3.050000,-2.100000,
3.100000,-2.100000,
3.150000,-2.100000,
3.200000,-2.100000,
3.250000,-2.100000,
3.300000,-2.100000,
3.350000,-2.100000,
3.400000,-2.100000,
3.450000,-2.100000,
3.500000,-2.100000,
-3.500000,-2.050000,
-3.450000,-2.050000,
-3.400000,-2.050000,
-3.350000,-2.050000,
-3.300000,-2.050000,
-3.250000,-2.050000,
-3.200000,-2.050000,
-3.150000,-2.050000,
-3.100000,-2.050000,
-3.050000,-2.050000,
-3.000000,-2.050000,
-2.950000,-2.050000,
-2.900000,-2.050000,
-2.850000,-2.050000,
-2.800000,-2.050000,0.455522
-2.750000,-2.050000,0.696419
-2.700000,-2.050000,0.870345
-2.650000,-2.050000,1.012423
-2.600000,-2.050000,1.134681
-2.550000,-2.050000,1.242980
-2.500000,-2.050000,1.340709
-2.450000,-2.050000,1.430035
-2.400000,-2.050000,1.512448
-2.350000,-2.050000,1.554433
-2.300000,-2.050000,1.523938
-2.250000,-2.050000,1.491276
-2.200000,-2.050000,1.456310
-2.150000,-2.050000,1.418881
-2.100000,-2.050000,1.378799
-2.050000,-2.050000,1.335842
-2.000000,-2.050000,1.289741
-1.950000,-2.050000,1.240169
-1.900000,-2.050000,1.186722
-1.850000,-2.050000,1.128892
-1.800000,-2.050000,1.066020
-1.750000,-2.050000,0.997234
-1.700000,-2.050000,0.921327
-1.650000,-2.050000,0.836554
-1.600000,-2.050000,0.740205
-1.550000,-2.050000,0.627637
-1.500000,-2.050000,0.489487
-1.450000,-2.050000,0.299473
-1.400000,-2.050000,
-1.350000,-2.050000,
-1.300000,-2.050000,
-1.250000,-2.050000,
-1.200000,-2.050000,
-1.150000,-2.050000,
-1.100000,-2.050000,
-1.050000,-2.050000,
-1.000000,-2.050000,
-0.950000,-2.050000,
-0.900000,-2.050000,
-0.850000,-2.050000,
-0.800000,-2.050000,
-0.750000,-2.050000,-2.727102
-0.700000,-2.050000,-2.721614
-0.650000,-2.050000,-2.717553
-0.600000,-2.050000,-2.714908
-0.550000,-2.050000,-2.713674
-0.500000,-2.050000,-2.713848
-0.450000,-2.050000,-2.715430
-0.400000,-2.050000,-2.718424
-0.350000,-2.050000,-2.722837
-0.300000,-2.050000,-2.728680
-0.250000,-2.050000,-2.735967
-0.200000,-2.050000,-2.744716
-0.150000,-2.050000,-2.754949
-0.100000,-2.050000,-2.766693
-0.050000,-2.050000,-2.446246
-0.000000,-2.050000,-2.293652
0.050000,-2.050000,-2.184330
0.100000,-2.050000,-2.096487
0.150000,-2.050000,-2.022393
0.200000,-2.050000,-1.958221
0.250000,-2.050000,-1.901738
0.300000,-2.050000,-1.851507
0.350000,-2.050000,-1.806537
0.400000,-2.050000,-1.766114
0.450000,-2.050000,-1.729701
0.500000,-2.050000,-1.696886
0.550000,-2.050000,-1.667343
0.600000,-2.050000,-1.640814
0.650000,-2.050000,-1.617088
0.700000,-2.050000,-1.595994
0.750000,-2.050000,-1.325793
0.800000,-2.050000,-1.192661
0.850000,-2.050000,-1.108988
0.900000,-2.050000,-1.046086
0.950000,-2.050000,-0.996005
1.000000,-2.050000,-0.955154
1.050000,-2.050000,-0.921550
1.100000,-2.050000,-0.893972
1.150000,-2.050000,-0.871619
1.200000,-2.050000,-0.853941
1.250000,-2.050000,-0.840559
1.300000,-2.050000,-0.831211
1.350000,-2.050000,-0.825729
1.400000,-2.050000,-0.815178
1.450000,-2.050000,-0.678130
1.500000,-2.050000,-0.571283
1.550000,-2.050000,-0.482105
1.600000,-2.050000,-0.405056
1.650000,-2.050000,-0.337095
1.700000,-2.050000,-0.276338
1.750000,-2.050000,-0.221521
1.800000,-2.050000,-0.171747
1.850000,-2.050000,-0.126352
1.900000,-2.050000,-0.084829
1.950000,-2.050000,-0.046780
2.000000,-2.050000,-0.011888
2.050000,-2.050000,0.020106
2.100000,-2.050000,0.049413
2.150000,-2.050000,0.076210
2.200000,-2.050000,0.100645
2.250000,-2.050000,0.122844
2.300000,-2.050000,0.142913
2.350000,-2.050000,0.160941
2.400000,-2.050000,0.177007
2.450000,-2.050000,0.191173
2.500000,-2.050000,0.203497
2.550000,-2.050000,0.214024
2.600000,-2.050000,0.222792
2.650000,-2.050000,0.229833
2.700000,-2.050000,0.235170
2.750000,-2.050000,0.238822
2.800000,-2.050000,0.240802
2.850000,-2.050000,
2.900000,-2.050000,
2.950000,-2.050000,
3.000000,-2.050000,
3.050000,-2.050000,
3.100000,-2.050000,
3.150000,-2.050000,
3.200000,-2.050000,
3.250000,-2.050000,
3.300000,-2.050000,
3.350000,-2.050000,
3.400000,-2.050000,
3.450000,-2.050000,
3.500000,-2.050000,
-3.500000,-2.000000,
-3.450000,-2.000000,
-3.400000,-2.000000,
-3.350000,-2.000000,
-3.300000,-2.000000,
-3.250000,-2.000000,
-3.200000,-2.000000,
-3.150000,-2.000000,
-3.100000,-2.000000,
-3.050000,-2.000000,
-3.000000,-2.000000,
-2.950000,-2.000000,
-2.900000,-2.000000,
-2.850000,-2.000000,0.357071
-2.800000,-2.000000,0.640312
-2.750000,-2.000000,0.829156
-2.700000,-2.000000,0.979796
-2.650000,-2.000000,1.107926
-2.600000,-2.000000,1.220656
-2.550000,-2.000000,1.321930
-2.500000,-2.000000,1.414214
-2.450000,-2.000000,1.499166
-2.400000,-2.000000,1.577973
-2.350000,-2.000000,1.570521
-2.300000,-2.000000,1.540326
-2.250000,-2.000000,1.507999
-2.200000,-2.000000,1.473407
-2.150000,-2.000000,1.436397
-2.100000,-2.000000,1.396787
-2.050000,-2.000000,1.354365
-2.000000,-2.000000,1.308874
-1.950000,-2.000000,1.260004
-1.900000,-2.000000,1.207375
-1.850000,-2.000000,1.150507
-1.800000,-2.000000,1.088788
-1.750000,-2.000000,1.021411
-1.700000,-2.000000,0.947274
-1.650000,-2.000000,0.864805
-1.600000,-2.000000,0.771618
-1.550000,-2.000000,0.663751
-1.500000,-2.000000,0.533643
-1.450000,-2.000000,0.362532
-1.400000,-2.000000,0.036025
-1.350000,-2.000000,
-1.300000,-2.000000,
-1.250000,-2.000000,
-1.200000,-2.000000,
-1.150000,-2.000000,
-1.100000,-2.000000,
-1.050000,-2.000000,
-1.000000,-2.000000,
-0.950000,-2.000000,
-0.900000,-2.000000,-2.727445
-0.850000,-2.000000,-2.717720
-0.800000,-2.000000,-2.709450
-0.750000,-2.000000,-2.702617
-0.700000,-2.000000,-2.697204
-0.650000,-2.000000,-2.693198
-0.600000,-2.000000,-2.690589
-0.550000,-2.000000,-2.689372
-0.500000,-2.000000,-2.689543
-0.450000,-2.000000,-2.691104
-0.400000,-2.000000,-2.694057
-0.350000,-2.000000,-2.698410
-0.300000,-2.000000,-2.704173
-0.250000,-2.000000,-2.711360
-0.200000,-2.000000,-2.719987
-0.150000,-2.000000,-2.730076
-0.100000,-2.000000,-2.403457
-0.050000,-2.000000,-2.258862
-0.000000,-2.000000,-2.151684
0.050000,-2.000000,-2.064370
0.100000,-2.000000,-1.990120
0.150000,-2.000000,-1.925433
0.200000,-2.000000,-1.868221
0.250000,-2.000000,-1.817123
0.300000,-2.000000,-1.771187
0.350000,-2.000000,-1.729722
0.400000,-2.000000,-1.692207
0.450000,-2.000000,-1.658237
0.500000,-2.000000,-1.627493
0.550000,-2.000000,-1.599718
0.600000,-2.000000,-1.574704
0.650000,-2.000000,-1.259727
0.700000,-2.000000,-1.137100
0.750000,-2.000000,-1.052630
0.800000,-2.000000,-0.986845
0.850000,-2.000000,-0.933122
0.900000,-2.000000,-0.888239
0.950000,-2.000000,-0.850340
1.000000,-2.000000,-0.818249
1.050000,-2.000000,-0.791168
1.100000,-2.000000,-0.768536
1.150000,-2.000000,-0.749945
1.200000,-2.000000,-0.735100
1.250000,-2.000000,-0.723782
1.300000,-2.000000,-0.715837
1.350000,-2.000000,-0.711164
1.400000,-2.000000,-0.689444
1.450000,-2.000000,-0.577150
1.500000,-2.000000,-0.484071
1.550000,-2.000000,-0.403922
1.600000,-2.000000,-0.333345
1.650000,-2.000000,-0.270292
1.700000,-2.000000,-0.213402
1.750000,-2.000000,-0.161720
1.800000,-2.000000,-0.114540
1.850000,-2.000000,-0.071326
1.900000,-2.000000,-0.031660
1.950000,-2.000000,0.004792
2.000000,-2.000000,0.038299
2.050000,-2.000000,0.069086
2.100000,-2.000000,0.097336
2.150000,-2.000000,0.123206
2.200000,-2.000000,0.146826
2.250000,-2.000000,0.168308
2.300000,-2.000000,0.187747
2.350000,-2.000000,0.205224
2.400000,-2.000000,0.220809
2.450000,-2.000000,0.234561
2.500000,-2.000000,0.246530
2.550000,-2.000000,0.256759
2.600000,-2.000000,0.265281
2.650000,-2.000000,0.272127
2.700000,-2.000000,0.277317
2.750000,-2.000000,0.280870
2.800000,-2.000000,0.282795
2.850000,-2.000000,0.283100
2.900000,-2.000000,
2.950000,-2.000000,
3.000000,-2.000000,
3.050000,-2.000000,
3.100000,-2.000000,
3.150000,-2.000000,
3.200000,-2.000000,
3.250000,-2.000000,
3.300000,-2.000000,
3.350000,-2.000000,
3.400000,-2.000000,
3.450000,-2.000000,
3.500000,-2.000000,
-3.500000,-1.950000,
-3.450000,-1.950000,
-3.400000,-1.950000,
-3.350000,-1.950000,
-3.300000,-1.950000,
-3.250000,-1.950000,
-3.200000,-1.950000,
-3.150000,-1.950000,
-3.100000,-1.950000,
-3.050000,-1.950000,
-3.000000,-1.950000,
-2.950000,-1.950000,
-2.900000,-1.950000,0.193649
-2.850000,-1.950000,0.570088
-2.800000,-1.950000,0.779423
-2.750000,-1.950000,0.940744
-2.700000,-1.950000,1.075872
-2.650000,-1.950000,1.193734
-2.600000,-1.950000,1.299038
-2.550000,-1.950000,1.394633
-2.500000,-1.950000,1.482397
-2.450000,-1.950000,1.563650
-2.400000,-1.950000,1.612901
-2.350000,-1.950000,1.584963
-2.300000,-1.950000,1.555033
-2.250000,-1.950000,1.523001
-2.200000,-1.950000,1.488738
-2.150000,-1.950000,1.452095
-2.100000,-1.950000,1.412899
-2.050000,-1.950000,1.370945
-2.000000,-1.950000,1.325986
-1.950000,-1.950000,1.277728
-1.900000,-1.950000,1.225807
-1.850000,-1.950000,1.169771
-1.800000,-1.950000,1.109043
-1.750000,-1.950000,1.042870
-1.700000,-1.950000,0.970234
-1.650000,-1.950000,0.889698
-1.600000,-1.950000,0.799121
-1.550000,-1.950000,0.695039
-1.500000,-1.950000,0.571111
-1.450000,-1.950000,0.412893
-1.400000,-1.950000,0.162743
-1.350000,-1.950000,
-1.300000,-1.950000,
-1.250000,-1.950000,
-1.200000,-1.950000,
-1.150000,-1.950000,
-1.100000,-1.950000,
-1.050000,-1.950000,
-1.000000,-1.950000,-2.727964
-0.950000,-1.950000,-2.715416
-0.900000,-1.950000,-2.704355
-0.850000,-1.950000,-2.694754
-0.800000,-1.950000,-2.686590
-0.750000,-1.950000,-2.679843
-0.700000,-1.950000,-2.674498
-0.650000,-1.950000,-2.670541
-0.600000,-1.950000,-2.667965
-0.550000,-1.950000,-2.666763
-0.500000,-1.950000,-2.666933
-0.450000,-1.950000,-2.668474
-0.400000,-1.950000,-2.671391
-0.350000,-1.950000,-2.675689
-0.300000,-1.950000,-2.681380
-0.250000,-1.950000,-2.688475
-0.200000,-1.950000,-2.653402
-0.150000,-1.950000,-2.378223
-0.100000,-1.950000,-2.235821
-0.050000,-1.950000,-2.128594
-0.000000,-1.950000,-2.040606
0.050000,-1.950000,-1.965428
0.100000,-1.950000,-1.899689
0.150000,-1.950000,-1.841357
0.200000,-1.950000,-1.789095
0.250000,-1.950000,-1.741966
0.300000,-1.950000,-1.699284
0.350000,-1.950000,-1.660531
0.400000,-1.950000,-1.625304
0.450000,-1.950000,-1.593283
0.500000,-1.950000,-1.564210
0.550000,-1.950000,-1.256581
0.600000,-1.950000,-1.121330
0.650000,-1.950000,-1.028891
0.700000,-1.950000,-0.956659
0.750000,-1.950000,-0.897240
0.800000,-1.950000,-0.847088
0.850000,-1.950000,-0.804178
0.900000,-1.950000,-0.767223
0.950000,-1.950000,-0.735353
1.000000,-1.950000,-0.707947
1.050000,-1.950000,-0.684552
1.100000,-1.950000,-0.664828
1.150000,-1.950000,-0.648517
1.200000,-1.950000,-0.635425
1.250000,-1.950000,-0.625406
1.300000,-1.950000,-0.618355
1.350000,-1.950000,-0.614199
1.400000,-1.950000,-0.590486
1.450000,-1.950000,-0.492522
1.500000,-1.950000,-0.408637
1.550000,-1.950000,-0.334995
1.600000,-1.950000,-0.269312
1.650000,-1.950000,-0.210094
1.700000,-1.950000,-0.156301
1.750000,-1.950000,-0.107174
1.800000,-1.950000,-0.062138
1.850000,-1.950000,-0.020749
1.900000,-1.950000,0.017348
1.950000,-1.950000,0.052440
2.000000,-1.950000,0.084762
2.050000,-1.950000,0.114509
2.100000,-1.950000,0.141845
2.150000,-1.950000,0.166908
2.200000,-1.950000,0.189817
2.250000,-1.950000,0.210671
2.300000,-1.950000,0.229558
2.350000,-1.950000,0.246550
2.400000,-1.950000,0.261713
2.450000,-1.950000,0.275098
2.500000,-1.950000,0.286754
2.550000,-1.950000,0.296718
2.600000,-1.950000,0.305023
2.650000,-1.950000,0.311696
2.700000,-1.950000,0.316756
2.750000,-1.950000,0.320220
2.800000,-1.950000,0.322097
2.850000,-1.950000,0.322395
2.900000,-1.950000,0.193649
2.950000,-1.950000,
3.000000,-1.950000,
3.050000,-1.950000,
3.100000,-1.950000,
3.150000,-1.950000,
3.200000,-1.950000,
3.250000,-1.950000,
3.300000,-1.950000,
3.350000,-1.950000,
3.400000,-1.950000,
3.450000,-1.950000,
3.500000,-1.950000,
-3.500000,-1.900000,
-3.450000,-1.900000,
-3.400000,-1.900000,
-3.350000,-1.900000,
-3.300000,-1.900000,
-3.250000,-1.900000,
-3.200000,-1.900000,
-3.150000,-1.900000,
-3.100000,-1.900000,
-3.050000,-1.900000,
-3.000000,-1.900000,
-2.950000,-1.900000,
-2.900000,-1.900000,0.479583
-2.850000,-1.900000,0.719375
-2.800000,-1.900000,0.894427
-2.750000,-1.900000,1.038027
-2.700000,-1.900000,1.161895
-2.650000,-1.900000,1.271810
-2.600000,-1.900000,1.371131
-2.550000,-1.900000,1.462019
-2.500000,-1.900000,1.545962
-2.450000,-1.900000,1.624038
-2.400000,-1.900000,1.625531
-2.350000,-1.900000,1.597802
-2.300000,-1.900000,1.568104
-2.250000,-1.900000,1.536329
-2.200000,-1.900000,1.502352
-2.150000,-1.900000,1.466030
-2.100000,-1.900000,1.427194
-2.050000,-1.900000,1.385646
-2.000000,-1.900000,1.341149
-1.950000,-1.900000,1.293419
-1.900000,-1.900000,1.242110
-1.850000,-1.900000,1.186789
-1.800000,-1.900000,1.126910
-1.750000,-1.900000,1.061764
-1.700000,-1.900000,0.990397
-1.650000,-1.900000,0.911483
-1.600000,-1.900000,0.823068
-1.550000,-1.900000,0.722058
-1.500000,-1.900000,0.602973
-1.450000,-1.900000,0.454088
-1.400000,-1.900000,0.237043
-1.350000,-1.900000,
-1.300000,-1.900000,
-1.250000,-1.900000,
-1.200000,-1.900000,
-1.150000,-1.900000,
-1.100000,-1.900000,
-1.050000,-1.900000,-2.720163
-1.000000,-1.900000,-2.706267
-0.950000,-1.900000,-2.693871
-0.900000,-1.900000,-2.682942
-0.850000,-1.900000,-2.673454
-0.800000,-1.900000,-2.665385
-0.750000,-1.900000,-2.658717
-0.700000,-1.900000,-2.653433
-0.650000,-1.900000,-2.649522
-0.600000,-1.900000,-2.646975
-0.550000,-1.900000,-2.645787
-0.500000,-1.900000,-2.645954
-0.450000,-1.900000,-2.647478
-0.400000,-1.900000,-2.650361
-0.350000,-1.900000,-2.654611
-0.300000,-1.900000,-2.660235
-0.250000,-1.900000,-2.637660
-0.200000,-1.900000,-2.367133
-0.150000,-1.900000,-2.223009
-0.100000,-1.900000,-2.114033
-0.050000,-1.900000,-2.024383
-0.000000,-1.900000,-1.947624
0.050000,-1.900000,-1.880370
0.100000,-1.900000,-1.820573
0.150000,-1.900000,-1.766884
0.200000,-1.900000,-1.718357
0.250000,-1.900000,-1.674298
0.300000,-1.900000,-1.634182
0.350000,-1.900000,-1.597600
0.400000,-1.900000,-1.564228
0.450000,-1.900000,-1.313027
0.500000,-1.900000,-1.139980
0.550000,-1.900000,-1.032699
0.600000,-1.900000,-0.950655
0.650000,-1.900000,-0.883570
0.700000,-1.900000,-0.826911
0.750000,-1.900000,-0.778195
0.800000,-1.900000,-0.735887
0.850000,-1.900000,-0.698962
0.900000,-1.900000,-0.666699
0.950000,-1.900000,-0.638569
1.000000,-1.900000,-0.614176
1.050000,-1.900000,-0.593215
1.100000,-1.900000,-0.575452
1.150000,-1.900000,-0.560703
1.200000,-1.900000,-0.548828
1.250000,-1.900000,-0.539718
1.300000,-1.900000,-0.533296
1.350000,-1.900000,-0.529508
1.400000,-1.900000,-0.507677
1.450000,-1.900000,-0.419298
1.500000,-1.900000,-0.342074
1.550000,-1.900000,-0.273383
1.600000,-1.900000,-0.211550
1.650000,-1.900000,-0.155422
1.700000,-1.900000,-0.104169
1.750000,-1.900000,-0.057167
1.800000,-1.900000,-0.013937
1.850000,-1.900000,0.025903
1.900000,-1.900000,0.062658
1.950000,-1.900000,0.096579
2.000000,-1.900000,0.127874
2.050000,-1.900000,0.156717
2.100000,-1.900000,0.183254
2.150000,-1.900000,0.207610
2.200000,-1.900000,0.229894
2.250000,-1.900000,0.250195
2.300000,-1.900000,0.268594
2.350000,-1.900000,0.285157
2.400000,-1.900000,0.299944
2.450000,-1.900000,0.313005
2.500000,-1.900000,0.324382
2.550000,-1.900000,0.334111
2.600000,-1.900000,0.342223
2.650000,-1.900000,0.348741
2.700000,-1.900000,0.353685
2.750000,-1.900000,0.357070
2.800000,-1.900000,0.358905
2.850000,-1.900000,0.359195
2.900000,-1.900000,0.357942
2.950000,-1.900000,
3.000000,-1.900000,
3.050000,-1.900000,
3.100000,-1.900000,
3.150000,-1.900000,
3.200000,-1.900000,
3.250000,-1.900000,
3.300000,-1.900000,
3.350000,-1.900000,
3.400000,-1.900000,
3.450000,-1.900000,
3.500000,-1.900000,
-3.500000,-1.850000,
-3.450000,-1.850000,
-3.400000,-1.850000,
-3.350000,-1.850000,
-3.300000,-1.850000,
-3.250000,-1.850000,
-3.200000,-1.850000,
-3.150000,-1.850000,
-3.100000,-1.850000,
-3.050000,-1.850000,
-3.000000,-1.850000,
-2.950000,-1.850000,0.353553
-2.900000,-1.850000,0.646142
-2.850000,-1.850000,0.839643
-2.800000,-1.850000,0.993730
-2.750000,-1.850000,1.124722
-2.700000,-1.850000,1.239960
-2.650000,-1.850000,1.343503
-2.600000,-1.850000,1.437880
-2.550000,-1.850000,1.524795
-2.500000,-1.850000,1.605459
-2.450000,-1.850000,1.662311
-2.400000,-1.850000,1.636622
-2.350000,-1.850000,1.609074
-2.300000,-1.850000,1.579577
-2.250000,-1.850000,1.548024
-2.200000,-1.850000,1.514295
-2.150000,-1.850000,1.478249
-2.100000,-1.850000,1.439723
-2.050000,-1.850000,1.398524
-2.000000,-1.850000,1.354424
-1.950000,-1.850000,1.307148
-1.900000,-1.850000,1.256361
-1.850000,-1.850000,1.201651
-1.800000,-1.850000,1.142494
-1.750000,-1.850000,1.078216
-1.700000,-1.850000,1.007919
-1.650000,-1.850000,0.930360
-1.600000,-1.850000,0.843732
-1.550000,-1.850000,0.745223
-1.500000,-1.850000,0.629975
-1.450000,-1.850000,0.488077
-1.400000,-1.850000,0.290878
-1.350000,-1.850000,
-1.300000,-1.850000,
-1.250000,-1.850000,
-1.200000,-1.850000,
-1.150000,-1.850000,-2.732018
-1.100000,-1.850000,-2.715211
-1.050000,-1.850000,-2.699957
-1.000000,-1.850000,-2.686217
-0.950000,-1.850000,-2.673957
-0.900000,-1.850000,-2.663147
-0.850000,-1.850000,-2.653762
-0.800000,-1.850000,-2.645779
-0.750000,-1.850000,-2.639181
-0.700000,-1.850000,-2.633953
-0.650000,-1.850000,-2.630083
-0.600000,-1.850000,-2.627563
-0.550000,-1.850000,-2.626387
-0.500000,-1.850000,-2.626552
-0.450000,-1.850000,-2.628060
-0.400000,-1.850000,-2.630914
-0.350000,-1.850000,-2.635118
-0.300000,-1.850000,-2.640684
-0.250000,-1.850000,-2.368979
-0.200000,-1.850000,-2.219697
-0.150000,-1.850000,-2.107427
-0.100000,-1.850000,-2.015206
-0.050000,-1.850000,-1.936261
-0.000000,-1.850000,-1.867058
0.050000,-1.850000,-1.805471
0.100000,-1.850000,-1.750106
0.150000,-1.850000,-1.699985
0.200000,-1.850000,-1.654394
0.250000,-1.850000,-1.612792
0.300000,-1.850000,-1.574759
0.350000,-1.850000,-1.539960
0.400000,-1.850000,-1.199537
0.450000,-1.850000,-1.064788
0.500000,-1.850000,-0.968002
0.550000,-1.850000,-0.890600
0.600000,-1.850000,-0.825802
0.650000,-1.850000,-0.770212
0.700000,-1.850000,-0.721835
0.750000,-1.850000,-0.679385
0.800000,-1.850000,-0.641974
0.850000,-1.850000,-0.608963
0.900000,-1.850000,-0.579874
0.950000,-1.850000,-0.554342
1.000000,-1.850000,-0.532084
1.050000,-1.850000,-0.512877
1.100000,-1.850000,-0.496545
1.150000,-1.850000,-0.482947
1.200000,-1.850000,-0.471976
1.250000,-1.850000,-0.463546
1.300000,-1.850000,-0.457596
1.350000,-1.850000,-0.454084
1.400000,-1.850000,-0.436137
1.450000,-1.850000,-0.354709
1.500000,-1.850000,-0.282570
1.550000,-1.850000,-0.217791
1.600000,-1.850000,-0.159073
1.650000,-1.850000,-0.105491
1.700000,-1.850000,-0.056361
1.750000,-1.850000,-0.011156
1.800000,-1.850000,0.030535
1.850000,-1.850000,0.069043
1.900000,-1.850000,0.104637
1.950000,-1.850000,0.137541
2.000000,-1.850000,0.167939
2.050000,-1.850000,0.195988
2.100000,-1.850000,0.221823
2.150000,-1.850000,0.245556
2.200000,-1.850000,0.267286
2.250000,-1.850000,0.287097
2.300000,-1.850000,0.305062
2.350000,-1.850000,0.321244
2.400000,-1.850000,0.335697
2.450000,-1.850000,0.348467
2.500000,-1.850000,0.359595
2.550000,-1.850000,0.369114
2.600000,-1.850000,0.377053
2.650000,-1.850000,0.383433
2.700000,-1.850000,0.388273
2.750000,-1.850000,0.391587
2.800000,-1.850000,0.393383
2.850000,-1.850000,0.393668
2.900000,-1.850000,0.392440
2.950000,-1.850000,0.353553
3.000000,-1.850000,
3.050000,-1.850000,
3.100000,-1.850000,
3.150000,-1.850000,
3.200000,-1.850000,
3.250000,-1.850000,
3.300000,-1.850000,
3.350000,-1.850000,
3.400000,-1.850000,
3.450000,-1.850000,
3.500000,-1.850000,
-3.500000,-1.800000,
-3.450000,-1.800000,
-3.400000,-1.800000,
-3.350000,-1.800000,
-3.300000,-1.800000,
-3.250000,-1.800000,
-3.200000,-1.800000,
-3.150000,-1.800000,
-3.100000,-1.800000,
-3.050000,-1.800000,
-3.000000,-1.800000,0.100000
-2.950000,-1.800000,0.554527
-2.900000,-1.800000,0.774597
-2.850000,-1.800000,0.942072
-2.800000,-1.800000,1.081665
-2.750000,-1.800000,1.203121
-2.700000,-1.800000,1.311488
-2.650000,-1.800000,1.409787
-2.600000,-1.800000,1.500000
-2.550000,-1.800000,1.583509
-2.500000,-1.800000,1.661325
-2.450000,-1.800000,1.671753
-2.400000,-1.800000,1.646203
-2.350000,-1.800000,1.618810
-2.300000,-1.800000,1.589483
-2.250000,-1.800000,1.558120
-2.200000,-1.800000,1.524602
-2.150000,-1.800000,1.488792
-2.100000,-1.800000,1.450529
-2.050000,-1.800000,1.409627
-2.000000,-1.800000,1.365863
-1.950000,-1.800000,1.318971
-1.900000,-1.800000,1.268626
-1.850000,-1.800000,1.214429
-1.800000,-1.800000,1.155879
-1.750000,-1.800000,1.092329
-1.700000,-1.800000,1.022922
-1.650000,-1.800000,0.946486
-1.600000,-1.800000,0.861327
-1.550000,-1.800000,0.764846
-1.500000,-1.800000,0.652646
-1.450000,-1.800000,0.516072
-1.400000,-1.800000,0.332135
-1.350000,-1.800000,
-1.300000,-1.800000,
-1.250000,-1.800000,
-1.200000,-1.800000,-2.731292
-1.150000,-1.800000,-2.713084
-1.100000,-1.800000,-2.696453
-1.050000,-1.800000,-2.681358
-1.000000,-1.800000,-2.667758
-0.950000,-1.800000,-2.655622
-0.900000,-1.800000,-2.644919
-0.850000,-1.800000,-2.635626
-0.800000,-1.800000,-2.627721
-0.750000,-1.800000,-2.621187
-0.700000,-1.800000,-2.616009
-0.650000,-1.800000,-2.612176
-0.600000,-1.800000,-2.609680
-0.550000,-1.800000,-2.608515
-0.500000,-1.800000,-2.608679
-0.450000,-1.800000,-2.610173
-0.400000,-1.800000,-2.612999
-0.350000,-1.800000,-2.617163
-0.300000,-1.800000,-2.383950
-0.250000,-1.800000,-2.225707
-0.200000,-1.800000,-2.108535
-0.150000,-1.800000,-2.012817
-0.100000,-1.800000,-1.931073
-0.050000,-1.800000,-1.859485
-0.000000,-1.800000,-1.795785
0.050000,-1.800000,-1.738492
0.100000,-1.800000,-1.686581
0.150000,-1.800000,-1.639301
0.200000,-1.800000,-1.596088
0.250000,-1.800000,-1.556502
0.300000,-1.800000,-1.342520
0.350000,-1.800000,-1.132631
0.400000,-1.800000,-1.011217
0.450000,-1.800000,-0.919090
0.500000,-1.800000,-0.843664
0.550000,-1.800000,-0.779625
0.600000,-1.800000,-0.724122
0.650000,-1.800000,-0.675414
0.700000,-1.800000,-0.632349
0.750000,-1.800000,-0.594114
0.800000,-1.800000,-0.560116
0.850000,-1.800000,-0.529906
0.900000,-1.800000,-0.503137
0.950000,-1.800000,-0.479536
1.000000,-1.800000,-0.458887
1.050000,-1.800000,-0.441015
1.100000,-1.800000,-0.425782
1.150000,-1.800000,-0.413075
1.200000,-1.800000,-0.402806
1.250000,-1.800000,-0.394907
1.300000,-1.800000,-0.389328
1.350000,-1.800000,-0.386031
1.400000,-1.800000,-0.373137
1.450000,-1.800000,-0.297017
1.500000,-1.800000,-0.228903
1.550000,-1.800000,-0.167298
1.600000,-1.800000,-0.111156
1.650000,-1.800000,-0.059711
1.700000,-1.800000,-0.012380
1.750000,-1.800000,0.031287
1.800000,-1.800000,0.071650
1.850000,-1.800000,0.109003
1.900000,-1.800000,0.143585
1.950000,-1.800000,0.175597
2.000000,-1.800000,0.205206
2.050000,-1.800000,0.232556
2.100000,-1.800000,0.257768
2.150000,-1.800000,0.280948
2.200000,-1.800000,0.302186
2.250000,-1.800000,0.321560
2.300000,-1.800000,0.339138
2.350000,-1.800000,0.354979
2.400000,-1.800000,0.369133
2.450000,-1.800000,0.381644
2.500000,-1.800000,0.392548
2.550000,-1.800000,0.401879
2.600000,-1.800000,0.409661
2.650000,-1.800000,0.415917
2.700000,-1.800000,0.420664
2.750000,-1.800000,0.423914
2.800000,-1.800000,0.425676
2.850000,-1.800000,0.425955
2.900000,-1.800000,0.424751
2.950000,-1.800000,0.422062
3.000000,-1.800000,0.100000
3.050000,-1.800000,
3.100000,-1.800000,
3.150000,-1.800000,
3.200000,-1.800000,
3.250000,-1.800000,
3.300000,-1.800000,
3.350000,-1.800000,
3.400000,-1.800000,
3.450000,-1.800000,
3.500000,-1.800000,
-3.500000,-1.750000,
-3.450000,-1.750000,
-3.400000,-1.750000,
-3.350000,-1.750000,
-3.300000,-1.750000,
-3.250000,-1.750000,
-3.200000,-1.750000,
-3.150000,-1.750000,
-3.100000,-1.750000,
-3.050000,-1.750000,
-3.000000,-1.750000,0.433013
-2.950000,-1.750000,0.696419
-2.900000,-1.750000,0.881760
-2.850000,-1.750000,1.031988
-2.800000,-1.750000,1.160819
-2.750000,-1.750000,1.274755
-2.700000,-1.750000,1.377498
-2.650000,-1.750000,1.471394
-2.600000,-1.750000,1.558044
-2.550000,-1.750000,1.638597
-2.500000,-1.750000,1.703414
-2.450000,-1.750000,1.679733
-2.400000,-1.750000,1.654300
-2.350000,-1.750000,1.627036
-2.300000,-1.750000,1.597853
-2.250000,-1.750000,1.566648
-2.200000,-1.750000,1.533306
-2.150000,-1.750000,1.497692
-2.100000,-1.750000,1.459649
-2.050000,-1.750000,1.418994
-2.000000,-1.750000,1.375509
-1.950000,-1.750000,1.328935
-1.900000,-1.750000,1.278957
-1.850000,-1.750000,1.225186
-1.800000,-1.750000,1.167136
-1.750000,-1.750000,1.104185
-1.700000,-1.750000,1.035509
-1.650000,-1.750000,0.959989
-1.600000,-1.750000,0.876020
-1.550000,-1.750000,0.781166
-1.500000,-1.750000,0.671373
-1.450000,-1.750000,0.538874
-1.400000,-1.750000,0.364249
-1.350000,-1.750000,0.021643
-1.300000,-1.750000,
-1.250000,-1.750000,-2.733409
-1.200000,-1.750000,-2.713772
-1.150000,-1.750000,-2.695741
-1.100000,-1.750000,-2.679271
-1.050000,-1.750000,-2.664317
-1.000000,-1.750000,-2.650843
-0.950000,-1.750000,-2.638818
-0.900000,-1.750000,-2.628212
-0.850000,-1.750000,-2.619002
-0.800000,-1.750000,-2.611167
-0.750000,-1.750000,-2.604690
-0.700000,-1.750000,-2.599557
-0.650000,-1.750000,-2.595757
-0.600000,-1.750000,-2.593283
-0.550000,-1.750000,-2.592128
-0.500000,-1.750000,-2.592291
-0.450000,-1.750000,-2.593771
-0.400000,-1.750000,-2.596573
-0.350000,-1.750000,-2.413753
-0.300000,-1.750000,-2.241364
-0.250000,-1.750000,-2.117396
-0.200000,-1.750000,-2.017148
-0.150000,-1.750000,-1.931945
-0.100000,-1.750000,-1.857508
-0.050000,-1.750000,-1.791350
-0.000000,-1.750000,-1.731868
0.050000,-1.750000,-1.677959
0.100000,-1.750000,-1.628826
0.150000,-1.750000,-1.583868
0.200000,-1.750000,-1.542623
0.250000,-1.750000,-1.266314
0.300000,-1.750000,-1.088503
0.350000,-1.750000,-0.972550
0.400000,-1.750000,-0.882158
0.450000,-1.750000,-0.807149
0.500000,-1.750000,-0.742894
0.550000,-1.750000,-0.686819
0.600000,-1.750000,-0.637313
0.650000,-1.750000,-0.593292
0.700000,-1.750000,-0.553985
0.750000,-1.750000,-0.518821
0.800000,-1.750000,-0.487364
0.850000,-1.750000,-0.459278
0.900000,-1.750000,-0.434293
0.950000,-1.750000,-0.412194
1.000000,-1.750000,-0.392808
1.050000,-1.750000,-0.375993
1.100000,-1.750000,-0.361634
1.150000,-1.750000,-0.349640
1.200000,-1.750000,-0.339936
1.250000,-1.750000,-0.332465
1.300000,-1.750000,-0.327184
1.350000,-1.750000,-0.324063
1.400000,-1.750000,-0.316966
1.450000,-1.750000,-0.245046
1.500000,-1.750000,-0.180203
1.550000,-1.750000,-0.121228
1.600000,-1.750000,-0.067251
1.650000,-1.750000,-0.017621
1.700000,-1.750000,0.028165
1.750000,-1.750000,0.070502
1.800000,-1.750000,0.109712
1.850000,-1.750000,0.146055
1.900000,-1.750000,0.179747
1.950000,-1.750000,0.210973
2.000000,-1.750000,0.239884
2.050000,-1.750000,0.266613
2.100000,-1.750000,0.291272
2.150000,-1.750000,0.313959
2.200000,-1.750000,0.334758
2.250000,-1.750000,0.353741
2.300000,-1.750000,0.370973
2.350000,-1.750000,0.386507
2.400000,-1.750000,0.400393
2.450000,-1.750000,0.412670
2.500000,-1.750000,0.423373
2.550000,-1.750000,0.432534
2.600000,-1.750000,0.440176
2.650000,-1.750000,0.446320
2.700000,-1.750000,0.450983
2.750000,-1.750000,0.454175
2.800000,-1.750000,0.455906
2.850000,-1.750000,0.456180
2.900000,-1.750000,0.454998
2.950000,-1.750000,0.452356
3.000000,-1.750000,0.433013
3.050000,-1.750000,
3.100000,-1.750000,
3.150000,-1.750000,
3.200000,-1.750000,
3.250000,-1.750000,
3.300000,-1.750000,
3.350000,-1.750000,
3.400000,-1.750000,
3.450000,-1.750000,
3.500000,-1.750000,
-3.500000,-1.700000,
-3.450000,-1.700000,
-3.400000,-1.700000,
-3.350000,-1.700000,
-3.300000,-1.700000,
-3.250000,-1.700000,
-3.200000,-1.700000,
-3.150000,-1.700000,
-3.100000,-1.700000,
-3.050000,-1.700000,0.239792
-3.000000,-1.700000,0.600000
-2.950000,-1.700000,0.810864
-2.900000,-1.700000,0.974679
-2.850000,-1.700000,1.112430
-2.800000,-1.700000,1.232883
-2.750000,-1.700000,1.340709
-2.700000,-1.700000,1.438749
-2.650000,-1.700000,1.528888
-2.600000,-1.700000,1.612452
-2.550000,-1.700000,1.690414
-2.500000,-1.700000,1.709866
-2.450000,-1.700000,1.686272
-2.400000,-1.700000,1.660933
-2.350000,-1.700000,1.633774
-2.300000,-1.700000,1.604706
-2.250000,-1.700000,1.573630
-2.200000,-1.700000,1.540431
-2.150000,-1.700000,1.504976
-2.100000,-1.700000,1.467111
-2.050000,-1.700000,1.426656
-2.000000,-1.700000,1.383397
-1.950000,-1.700000,1.337080
-1.900000,-1.700000,1.287397
-1.850000,-1.700000,1.233969
-1.800000,-1.700000,1.176322
-1.750000,-1.700000,1.113851
-1.700000,-1.700000,1.045759
-1.650000,-1.700000,0.970968
-1.600000,-1.700000,0.887942
-1.550000,-1.700000,0.794366
-1.500000,-1.700000,0.686440
-1.450000,-1.700000,0.557031
-1.400000,-1.700000,0.389060
-1.350000,-1.700000,0.098517
-1.300000,-1.700000,-2.738382
-1.250000,-1.700000,-2.717278
-1.200000,-1.700000,-2.697817
-1.150000,-1.700000,-2.679946
-1.100000,-1.700000,-2.663617
-1.050000,-1.700000,-2.648791
-1.000000,-1.700000,-2.635430
-0.950000,-1.700000,-2.623504
-0.900000,-1.700000,-2.612985
-0.850000,-1.700000,-2.603849
-0.800000,-1.700000,-2.596077
-0.750000,-1.700000,-2.589651
-0.700000,-1.700000,-2.584559
-0.650000,-1.700000,-2.580789
-0.600000,-1.700000,-2.578333
-0.550000,-1.700000,-2.577188
-0.500000,-1.700000,-2.577349
-0.450000,-1.700000,-2.578818
-0.400000,-1.700000,-2.462839
-0.350000,-1.700000,-2.267591
-0.300000,-1.700000,-2.134340
-0.250000,-1.700000,-2.028320
-0.200000,-1.700000,-1.938894
-0.150000,-1.700000,-1.861090
-0.100000,-1.700000,-1.792095
-0.050000,-1.700000,-1.730136
-0.000000,-1.700000,-1.674006
0.050000,-1.700000,-1.622841
0.100000,-1.700000,-1.575995
0.150000,-1.700000,-1.532974
0.200000,-1.700000,-1.228160
0.250000,-1.700000,-1.060132
0.300000,-1.700000,-0.945619
0.350000,-1.700000,-0.855124
0.400000,-1.700000,-0.779453
0.450000,-1.700000,-0.714273
0.500000,-1.700000,-0.657126
0.550000,-1.700000,-0.606458
0.600000,-1.700000,-0.561211
0.650000,-1.700000,-0.520629
0.700000,-1.700000,-0.484149
0.750000,-1.700000,-0.451339
0.800000,-1.700000,-0.421862
0.850000,-1.700000,-0.395450
0.900000,-1.700000,-0.371887
0.950000,-1.700000,-0.350995
1.000000,-1.700000,-0.332630
1.050000,-1.700000,-0.316675
1.100000,-1.700000,-0.303032
1.150000,-1.700000,-0.291623
1.200000,-1.700000,-0.282384
1.250000,-1.700000,-0.275266
1.300000,-1.700000,-0.270232
1.350000,-1.700000,-0.267256
1.400000,-1.700000,-0.266323
1.450000,-1.700000,-0.197958
1.500000,-1.700000,-0.135826
1.550000,-1.700000,-0.079063
1.600000,-1.700000,-0.026929
1.650000,-1.700000,0.021141
1.700000,-1.700000,0.065589
1.750000,-1.700000,0.106769
1.800000,-1.700000,0.144967
1.850000,-1.700000,0.180421
1.900000,-1.700000,0.213329
1.950000,-1.700000,0.243857
2.000000,-1.700000,0.272149
2.050000,-1.700000,0.298325
2.100000,-1.700000,0.322490
2.150000,-1.700000,0.344736
2.200000,-1.700000,0.365141
2.250000,-1.700000,0.383774
2.300000,-1.700000,0.400694
2.350000,-1.700000,0.415953
2.400000,-1.700000,0.429597
2.450000,-1.700000,0.441663
2.500000,-1.700000,0.452186
2.550000,-1.700000,0.461193
2.600000,-1.700000,0.468708
2.650000,-1.700000,0.474752
2.700000,-1.700000,0.479338
2.750000,-1.700000,0.482479
2.800000,-1.700000,0.484182
2.850000,-1.700000,0.484451
2.900000,-1.700000,0.483288
2.950000,-1.700000,0.480689
3.000000,-1.700000,0.476648
3.050000,-1.700000,0.239792
3.100000,-1.700000,
3.150000,-1.700000,
3.200000,-1.700000,
3.250000,-1.700000,
3.300000,-1.700000,
3.350000,-1.700000,
3.400000,-1.700000,
3.450000,-1.700000,
3.500000,-1.700000,
-3.500000,-1.650000,
-3.450000,-1.650000,
-3.400000,-1.650000,
-3.350000,-1.650000,
-3.300000,-1.650000,
-3.250000,-1.650000,
-3.200000,-1.650000,
-3.150000,-1.650000,
-3.100000,-1.650000,
-3.050000,-1.650000,0.474342
-3.000000,-1.650000,0.726292
-2.950000,-1.650000,0.908295
-2.900000,-1.650000,1.057119
-2.850000,-1.650000,1.185327
-2.800000,-1.650000,1.299038
-2.750000,-1.650000,1.401785
-2.700000,-1.650000,1.495828
-2.650000,-1.650000,1.582719
-2.600000,-1.650000,1.663580
-2.550000,-1.650000,1.736768
-2.500000,-1.650000,1.714911
-2.450000,-1.650000,1.691384
-2.400000,-1.650000,1.666119
-2.350000,-1.650000,1.639041
-2.300000,-1.650000,1.610064
-2.250000,-1.650000,1.579087
-2.200000,-1.650000,1.545998
-2.150000,-1.650000,1.510666
-2.100000,-1.650000,1.472939
-2.050000,-1.650000,1.432639
-2.000000,-1.650000,1.389555
-1.950000,-1.650000,1.343438
-1.900000,-1.650000,1.293983
-1.850000,-1.650000,1.240818
-1.800000,-1.650000,1.183481
-1.750000,-1.650000,1.121379
-1.700000,-1.650000,1.053736
-1.650000,-1.650000,0.979502
-1.600000,-1.650000,0.897193
-1.550000,-1.650000,0.804585
-1.500000,-1.650000,0.698058
-1.450000,-1.650000,0.570925
-1.400000,-1.650000,0.407658
-1.350000,-1.650000,0.141659
-1.300000,-1.650000,-2.723620
-1.250000,-1.650000,-2.702690
-1.200000,-1.650000,-2.683387
-1.150000,-1.650000,-2.665657
-1.100000,-1.650000,-2.649455
-1.050000,-1.650000,-2.634742
-1.000000,-1.650000,-2.621481
-0.950000,-1.650000,-2.609643
-0.900000,-1.650000,-2.599201
-0.850000,-1.650000,-2.590132
-0.800000,-1.650000,-2.582415
-0.750000,-1.650000,-2.576036
-0.700000,-1.650000,-2.570980
-0.650000,-1.650000,-2.567236
-0.600000,-1.650000,-2.564798
-0.550000,-1.650000,-2.563660
-0.500000,-1.650000,-2.563821
-0.450000,-1.650000,-2.544058
-0.400000,-1.650000,-2.306222
-0.350000,-1.650000,-2.160054
-0.300000,-1.650000,-2.046654
-0.250000,-1.650000,-1.952080
-0.200000,-1.650000,-1.870297
-0.150000,-1.650000,-1.798033
-0.100000,-1.650000,-1.733273
-0.050000,-1.650000,-1.674671
-0.000000,-1.650000,-1.621275
0.050000,-1.650000,-1.572382
0.100000,-1.650000,-1.527455
0.150000,-1.650000,-1.212106
0.200000,-1.650000,-1.044518
0.250000,-1.650000,-0.928742
0.300000,-1.650000,-0.836764
0.350000,-1.650000,-0.759577
0.400000,-1.650000,-0.692891
0.450000,-1.650000,-0.634254
0.500000,-1.650000,-0.582113
0.550000,-1.650000,-0.535405
0.600000,-1.650000,-0.493369
0.650000,-1.650000,-0.455437
0.700000,-1.650000,-0.421172
0.750000,-1.650000,-0.390234
0.800000,-1.650000,-0.362349
0.850000,-1.650000,-0.337297
0.900000,-1.650000,-0.314895
0.950000,-1.650000,-0.294997
1.000000,-1.650000,-0.277478
1.050000,-1.650000,-0.262238
1.100000,-1.650000,-0.249191
1.150000,-1.650000,-0.238271
1.200000,-1.650000,-0.229422
1.250000,-1.650000,-0.222601
1.300000,-1.650000,-0.217775
1.350000,-1.650000,-0.214921
1.400000,-1.650000,-0.214026
1.450000,-1.650000,-0.155128
1.500000,-1.650000,-0.095276
1.550000,-1.650000,-0.040398
1.600000,-1.650000,0.010151
1.650000,-1.650000,0.056869
1.700000,-1.650000,0.100151
1.750000,-1.650000,0.140315
1.800000,-1.650000,0.177623
1.850000,-1.650000,0.212291
1.900000,-1.650000,0.244503
1.950000,-1.650000,0.274411
2.000000,-1.650000,0.302149
2.050000,-1.650000,0.327831
2.100000,-1.650000,0.351555
2.150000,-1.650000,0.373405
2.200000,-1.650000,0.393456
2.250000,-1.650000,0.411774
2.300000,-1.650000,0.428413
2.350000,-1.650000,0.443425
2.400000,-1.650000,0.456850
2.450000,-1.650000,0.468726
2.500000,-1.650000,0.479085
2.550000,-1.650000,0.487954
2.600000,-1.650000,0.495355
2.650000,-1.650000,0.501307
2.700000,-1.650000,0.505824
2.750000,-1.650000,0.508918
2.800000,-1.650000,0.510595
2.850000,-1.650000,0.510861
2.900000,-1.650000,0.509715
2.950000,-1.650000,0.507155
3.000000,-1.650000,0.503174
3.050000,-1.650000,0.474342
3.100000,-1.650000,
3.150000,-1.650000,
3.200000,-1.650000,
3.250000,-1.650000,
3.300000,-1.650000,
3.350000,-1.650000,
3.400000,-1.650000,
3.450000,-1.650000,
3.500000,-1.650000,
-3.500000,-1.600000,
-3.450000,-1.600000,
-3.400000,-1.600000,
-3.350000,-1.600000,
-3.300000,-1.600000,
-3.250000,-1.600000,
-3.200000,-1.600000,
-3.150000,-1.600000,
-3.100000,-1.600000,0.282843
-3.050000,-1.600000,0.622495
-3.000000,-1.600000,0.830662
-2.950000,-1.600000,0.993730
-2.900000,-1.600000,1.131371
-2.850000,-1.600000,1.251998
-2.800000,-1.600000,1.360147
-2.750000,-1.600000,1.458595
-2.700000,-1.600000,1.549193
-2.650000,-1.600000,1.633248
-2.600000,-1.600000,1.711724
-2.550000,-1.600000,1.740374
-2.500000,-1.600000,1.718561
-2.450000,-1.600000,1.695082
-2.400000,-1.600000,1.669870
-2.350000,-1.600000,1.642851
-2.300000,-1.600000,1.613938
-2.250000,-1.600000,1.583033
-2.200000,-1.600000,1.550024
-2.150000,-1.600000,1.514781
-2.100000,-1.600000,1.477153
-2.050000,-1.600000,1.436963
-2.000000,-1.600000,1.394005
-1.950000,-1.600000,1.348030
-1.900000,-1.600000,1.298739
-1.850000,-1.600000,1.245764
-1.800000,-1.600000,1.188648
-1.750000,-1.600000,1.126809
-1.700000,-1.600000,1.059486
-1.650000,-1.600000,0.985648
-1.600000,-1.600000,0.903848
-1.550000,-1.600000,0.811923
-1.500000,-1.600000,0.706378
-1.450000,-1.600000,0.580821
-1.400000,-1.600000,0.420723
-1.350000,-1.600000,0.168493
-1.300000,-1.600000,-2.710384
-1.250000,-1.600000,-2.689609
-1.200000,-1.600000,-2.670444
-1.150000,-1.600000,-2.652839
-1.100000,-1.600000,-2.636749
-1.050000,-1.600000,-2.622136
-1.000000,-1.600000,-2.608964
-0.950000,-1.600000,-2.597205
-0.900000,-1.600000,-2.586831
-0.850000,-1.600000,-2.577820
-0.800000,-1.600000,-2.570153
-0.750000,-1.600000,-2.563814
-0.700000,-1.600000,-2.558790
-0.650000,-1.600000,-2.555070
-0.600000,-1.600000,-2.552647
-0.550000,-1.600000,-2.542749
-0.500000,-1.600000,-2.517971
-0.450000,-1.600000,-2.360855
-0.400000,-1.600000,-2.195738
-0.350000,-1.600000,-2.072725
-0.300000,-1.600000,-1.971814
-0.250000,-1.600000,-1.885307
-0.200000,-1.600000,-1.809259
-0.150000,-1.600000,-1.741322
-0.100000,-1.600000,-1.679962
-0.050000,-1.600000,-1.624111
-0.000000,-1.600000,-1.572990
0.050000,-1.600000,-1.526010
0.100000,-1.600000,-1.214310
0.150000,-1.600000,-1.040340
0.200000,-1.600000,-0.921029
0.250000,-1.600000,-0.826360
0.300000,-1.600000,-0.746896
0.350000,-1.600000,-0.678177
0.400000,-1.600000,-0.617669
0.450000,-1.600000,-0.563766
0.500000,-1.600000,-0.515377
0.550000,-1.600000,-0.471716
0.600000,-1.600000,-0.432200
0.650000,-1.600000,-0.396381
0.700000,-1.600000,-0.363908
0.750000,-1.600000,-0.334498
0.800000,-1.600000,-0.307923
0.850000,-1.600000,-0.283998
0.900000,-1.600000,-0.262566
0.950000,-1.600000,-0.243500
1.000000,-1.600000,-0.226694
1.050000,-1.600000,-0.212057
1.100000,-1.600000,-0.199517
1.150000,-1.600000,-0.189013
1.200000,-1.600000,-0.180496
1.250000,-1.600000,-0.173928
1.300000,-1.600000,-0.169279
1.350000,-1.600000,-0.166529
1.400000,-1.600000,-0.165667
1.450000,-1.600000,-0.116077
1.500000,-1.600000,-0.058168
1.550000,-1.600000,-0.004910
1.600000,-1.600000,0.044265
1.650000,-1.600000,0.089804
1.700000,-1.600000,0.132063
1.750000,-1.600000,0.171333
1.800000,-1.600000,0.207853
1.850000,-1.600000,0.241824
1.900000,-1.600000,0.273415
1.950000,-1.600000,0.302771
2.000000,-1.600000,0.330015
2.050000,-1.600000,0.355254
2.100000,-1.600000,0.378580
2.150000,-1.600000,0.400075
2.200000,-1.600000,0.419808
2.250000,-1.600000,0.437842
2.300000,-1.600000,0.454228
2.350000,-1.600000,0.469015
2.400000,-1.600000,0.482244
2.450000,-1.600000,0.493948
2.500000,-1.600000,0.504159
2.550000,-1.600000,0.512902
2.600000,-1.600000,0.520200
2.650000,-1.600000,0.526069
2.700000,-1.600000,0.530524
2.750000,-1.600000,0.533575
2.800000,-1.600000,0.535229
2.850000,-1.600000,0.535491
2.900000,-1.600000,0.534361
2.950000,-1.600000,0.531836
3.000000,-1.600000,0.527910
3.050000,-1.600000,0.522575
3.100000,-1.600000,0.282843
3.150000,-1.600000,
3.200000,-1.600000,
3.250000,-1.600000,
3.300000,-1.600000,
3.350000,-1.600000,
3.400000,-1.600000,
3.450000,-1.600000,
3.500000,-1.600000,
-3.500000,-1.550000,
-3.450000,-1.550000,
-3.400000,-1.550000,
-3.350000,-1.550000,
-3.300000,-1.550000,
-3.250000,-1.550000,
-3.200000,-1.550000,
-3.150000,-1.550000,
-3.100000,-1.550000,0.487340
-3.050000,-1.550000,0.738241
-3.000000,-1.550000,0.920598
-2.950000,-1.550000,1.070047
-2.900000,-1.550000,1.198958
-2.850000,-1.550000,1.313393
-2.800000,-1.550000,1.416863
-2.750000,-1.550000,1.511622
-2.700000,-1.550000,1.599219
-2.650000,-1.550000,1.680774
-2.600000,-1.550000,1.757128
-2.550000,-1.550000,1.742611
-2.500000,-1.550000,1.720824
-2.450000,-1.550000,1.697374
-2.400000,-1.550000,1.672196
-2.350000,-1.550000,1.645213
-2.300000,-1.550000,1.616340
-2.250000,-1.550000,1.585479
-2.200000,-1.550000,1.552519
-2.150000,-1.550000,1.517331
-2.100000,-1.550000,1.479764
-2.050000,-1.550000,1.439643
-2.000000,-1.550000,1.396762
-1.950000,-1.550000,1.350875
-1.900000,-1.550000,1.301684
-1.850000,-1.550000,1.248826
-1.800000,-1.550000,1.191847
-1.750000,-1.550000,1.130170
-1.700000,-1.550000,1.063042
-1.650000,-1.550000,0.989448
-1.600000,-1.550000,0.907959
-1.550000,-1.550000,0.816451
-1.500000,-1.550000,0.711501
-1.450000,-1.550000,0.586894
-1.400000,-1.550000,0.428671
-1.350000,-1.550000,0.183841
-1.300000,-1.550000,-2.698641
-1.250000,-1.550000,-2.678000
-1.200000,-1.550000,-2.658957
-1.150000,-1.550000,-2.641461
-1.100000,-1.550000,-2.625470
-1.050000,-1.550000,-2.610944
-1.000000,-1.550000,-2.597851
-0.950000,-1.550000,-2.586160
-0.900000,-1.550000,-2.575846
-0.850000,-1.550000,-2.566886
-0.800000,-1.550000,-2.559263
-0.750000,-1.550000,-2.552959
-0.700000,-1.550000,-2.547963
-0.650000,-1.550000,-2.525003
-0.600000,-1.550000,-2.496046
-0.550000,-1.550000,-2.470068
-0.500000,-1.550000,-2.439610
-0.450000,-1.550000,-2.243460
-0.400000,-1.550000,-2.107462
-0.350000,-1.550000,-1.998607
-0.300000,-1.550000,-1.906428
-0.250000,-1.550000,-1.825966
-0.200000,-1.550000,-1.754403
-0.150000,-1.550000,-1.689947
-0.100000,-1.550000,-1.631380
-0.050000,-1.550000,-1.577825
-0.000000,-1.550000,-1.528626
0.050000,-1.550000,-1.235239
0.100000,-1.550000,-1.047277
0.150000,-1.550000,-0.922108
0.200000,-1.550000,-0.823542
0.250000,-1.550000,-0.741046
0.300000,-1.550000,-0.669775
0.350000,-1.550000,-0.607016
0.400000,-1.550000,-0.551067
0.450000,-1.550000,-0.500776
0.500000,-1.550000,-0.455319
0.550000,-1.550000,-0.414085
0.600000,-1.550000,-0.376607
0.650000,-1.550000,-0.342518
0.700000,-1.550000,-0.311523
0.750000,-1.550000,-0.283386
0.800000,-1.550000,-0.257911
0.850000,-1.550000,-0.234936
0.900000,-1.550000,-0.214326
0.950000,-1.550000,-0.195970
1.000000,-1.550000,-0.179771
1.050000,-1.550000,-0.165652
1.100000,-1.550000,-0.153546
1.150000,-1.550000,-0.143400
1.200000,-1.550000,-0.135169
1.250000,-1.550000,-0.128818
1.300000,-1.550000,-0.124323
1.350000,-1.550000,-0.121663
1.400000,-1.550000,-0.120830
1.450000,-1.550000,-0.080432
1.500000,-1.550000,-0.024190
1.550000,-1.550000,0.027664
1.600000,-1.550000,0.075641
1.650000,-1.550000,0.120146
1.700000,-1.550000,0.161503
1.750000,-1.550000,0.199982
1.800000,-1.550000,0.235803
1.850000,-1.550000,0.269154
1.900000,-1.550000,0.300192
1.950000,-1.550000,0.329053
2.000000,-1.550000,0.355854
2.050000,-1.550000,0.380696
2.100000,-1.550000,0.403666
2.150000,-1.550000,0.424841
2.200000,-1.550000,0.444288
2.250000,-1.550000,0.462065
2.300000,-1.550000,0.478223
2.350000,-1.550000,0.492808
2.400000,-1.550000,0.505858
2.450000,-1.550000,0.517407
2.500000,-1.550000,0.527484
2.550000,-1.550000,0.536114
2.600000,-1.550000,0.543318
2.650000,-1.550000,0.549112
2.700000,-1.550000,0.553510
2.750000,-1.550000,0.556522
2.800000,-1.550000,0.558156
2.850000,-1.550000,0.558415
2.900000,-1.550000,0.557299
2.950000,-1.550000,0.554806
3.000000,-1.550000,0.550930
3.050000,-1.550000,0.545663
3.100000,-1.550000,0.487340
3.150000,-1.550000,
3.200000,-1.550000,
3.250000,-1.550000,
3.300000,-1.550000,
3.350000,-1.550000,
3.400000,-1.550000,
3.450000,-1.550000,
3.500000,-1.550000,
-3.500000,-1.500000,
-3.450000,-1.500000,
-3.400000,-1.500000,
-3.350000,-1.500000,
-3.300000,-1.500000,
-3.250000,-1.500000,
-3.200000,-1.500000,
-3.150000,-1.500000,0.278388
-3.100000,-1.500000,0.624500
-3.050000,-1.500000,0.835165
-3.000000,-1.500000,1.000000
-2.950000,-1.500000,1.139079
-2.900000,-1.500000,1.260952
-2.850000,-1.500000,1.370219
-2.800000,-1.500000,1.469694
-2.750000,-1.500000,1.561249
-2.700000,-1.500000,1.646208
-2.650000,-1.500000,1.725543
-2.600000,-1.500000,1.763655
-2.550000,-1.500000,1.743482
-2.500000,-1.500000,1.721705
-2.450000,-1.500000,1.698267
-2.400000,-1.500000,1.673101
-2.350000,-1.500000,1.646132
-2.300000,-1.500000,1.617275
-2.250000,-1.500000,1.586432
-2.200000,-1.500000,1.553491
-2.150000,-1.500000,1.518323
-2.100000,-1.500000,1.480780
-2.050000,-1.500000,1.440686
-2.000000,-1.500000,1.397835
-1.950000,-1.500000,1.351982
-1.900000,-1.500000,1.302831
-1.850000,-1.500000,1.250017
-1.800000,-1.500000,1.193091
-1.750000,-1.500000,1.131477
-1.700000,-1.500000,1.064426
-1.650000,-1.500000,0.990926
-1.600000,-1.500000,0.909557
-1.550000,-1.500000,0.818209
-1.500000,-1.500000,0.713489
-1.450000,-1.500000,0.589247
-1.400000,-1.500000,0.431737
-1.350000,-1.500000,0.189597
-1.300000,-1.500000,-2.688362
-1.250000,-1.500000,-2.667837
-1.200000,-1.500000,-2.648899
-1.150000,-1.500000,-2.631498
-1.100000,-1.500000,-2.615592
-1.050000,-1.500000,-2.601142
-1.000000,-1.500000,-2.588116
-0.950000,-1.500000,-2.576484
-0.900000,-1.500000,-2.566222
-0.850000,-1.500000,-2.557308
-0.800000,-1.500000,-2.549722
-0.750000,-1.500000,-2.519163
-0.700000,-1.500000,-2.485821
-0.650000,-1.500000,-2.455660
-0.600000,-1.500000,-2.428432
-0.550000,-1.500000,-2.403934
-0.500000,-1.500000,-2.307020
-0.450000,-1.500000,-2.152352
-0.400000,-1.500000,-2.033241
-0.350000,-1.500000,-1.934127
-0.300000,-1.500000,-1.848456
-0.250000,-1.500000,-1.772715
-0.200000,-1.500000,-1.704761
-0.150000,-1.500000,-1.643171
-0.100000,-1.500000,-1.586939
-0.050000,-1.500000,-1.535328
-0.000000,-1.500000,-1.280347
0.050000,-1.500000,-1.065869
0.100000,-1.500000,-0.932031
0.150000,-1.500000,-0.828213
0.200000,-1.500000,-0.741867
0.250000,-1.500000,-0.667491
0.300000,-1.500000,-0.602083
0.350000,-1.500000,-0.543789
0.400000,-1.500000,-0.491365
0.450000,-1.500000,-0.443931
0.500000,-1.500000,-0.400838
0.550000,-1.500000,-0.361588
0.600000,-1.500000,-0.325794
0.650000,-1.500000,-0.293147
0.700000,-1.500000,-0.263396
0.750000,-1.500000,-0.236336
0.800000,-1.500000,-0.211796
0.850000,-1.500000,-0.189633
0.900000,-1.500000,-0.169729
0.950000,-1.500000,-0.151983
1.000000,-1.500000,-0.136309
1.050000,-1.500000,-0.122638
1.100000,-1.500000,-0.110909
1.150000,-1.500000,-0.101073
1.200000,-1.500000,-0.093091
1.250000,-1.500000,-0.086930
1.300000,-1.500000,-0.082568
1.350000,-1.500000,-0.079988
1.400000,-1.500000,-0.079178
1.450000,-1.500000,-0.047891
1.500000,-1.500000,0.006908
1.550000,-1.500000,0.057539
1.600000,-1.500000,0.104467
1.650000,-1.500000,0.148061
1.700000,-1.500000,0.188623
1.750000,-1.500000,0.226400
1.800000,-1.500000,0.261600
1.850000,-1.500000,0.294397
1.900000,-1.500000,0.324941
1.950000,-1.500000,0.353360
2.000000,-1.500000,0.379764
2.050000,-1.500000,0.404249
2.100000,-1.500000,0.426899
2.150000,-1.500000,0.447786
2.200000,-1.500000,0.466975
2.250000,-1.500000,0.484521
2.300000,-1.500000,0.500473
2.350000,-1.500000,0.514875
2.400000,-1.500000,0.527764
2.450000,-1.500000,0.539173
2.500000,-1.500000,0.549128
2.550000,-1.500000,0.557656
2.600000,-1.500000,0.564774
2.650000,-1.500000,0.570500
2.700000,-1.500000,0.574847
2.750000,-1.500000,0.577825
2.800000,-1.500000,0.579440
2.850000,-1.500000,0.579695
2.900000,-1.500000,0.578592
2.950000,-1.500000,0.576128
3.000000,-1.500000,0.572297
3.050000,-1.500000,0.567092
3.100000,-1.500000,0.560499
3.150000,-1.500000,0.278388
3.200000,-1.500000,
3.250000,-1.500000,
3.300000,-1.500000,
3.350000,-1.500000,
3.400000,-1.500000,
3.450000,-1.500000,
3.500000,-1.500000,
-3.500000,-1.450000,
-3.450000,-1.450000,
-3.400000,-1.450000,
-3.350000,-1.450000,
-3.300000,-1.450000,
-3.250000,-1.450000,
-3.200000,-1.450000,
-3.150000,-1.450000,0.474342
-3.100000,-1.450000,0.733144
-3.050000,-1.450000,0.919239
-3.000000,-1.450000,1.071214
-2.950000,-1.450000,1.202082
-2.900000,-1.450000,1.318143
-2.850000,-1.450000,1.423025
-2.800000,-1.450000,1.519046
-2.750000,-1.450000,1.607794
-2.700000,-1.450000,1.690414
-2.650000,-1.450000,1.767767
-2.600000,-1.450000,1.763168
-2.550000,-1.450000,1.742989
-2.500000,-1.450000,1.721207
-2.450000,-1.450000,1.697763
-2.400000,-1.450000,1.672590
-2.350000,-1.450000,1.645613
-2.300000,-1.450000,1.616746
-2.250000,-1.450000,1.585893
-2.200000,-1.450000,1.552942
-2.150000,-1.450000,1.517762
-2.100000,-1.450000,1.480206
-2.050000,-1.450000,1.440097
-2.000000,-1.450000,1.397229
-1.950000,-1.450000,1.351357
-1.900000,-1.450000,1.302183
-1.850000,-1.450000,1.249344
-1.800000,-1.450000,1.192388
-1.750000,-1.450000,1.130738
-1.700000,-1.450000,1.063644
-1.650000,-1.450000,0.990091
-1.600000,-1.450000,0.908654
-1.550000,-1.450000,0.817216
-1.500000,-1.450000,0.712366
-1.450000,-1.450000,0.587918
-1.400000,-1.450000,0.430006
-1.350000,-1.450000,0.186358
-1.300000,-1.450000,-2.409541
-1.250000,-1.450000,-2.393563
-1.200000,-1.450000,-2.384887
-1.150000,-1.450000,-2.383006
-1.100000,-1.450000,-2.387817
-1.050000,-1.450000,-2.399588
-1.000000,-1.450000,-2.419042
-0.950000,-1.450000,-2.447619
-0.900000,-1.450000,-2.488195
-0.850000,-1.450000,-2.525034
-0.800000,-1.450000,-2.486969
-0.750000,-1.450000,-2.452372
-0.700000,-1.450000,-2.420934
-0.650000,-1.450000,-2.392407
-0.600000,-1.450000,-2.366586
-0.550000,-1.450000,-2.343304
-0.500000,-1.450000,-2.209882
-0.450000,-1.450000,-2.076909
-0.400000,-1.450000,-1.969099
-0.350000,-1.450000,-1.877170
-0.300000,-1.450000,-1.796557
-0.250000,-1.450000,-1.724611
-0.200000,-1.450000,-1.659628
-0.150000,-1.450000,-1.600435
-0.100000,-1.450000,-1.546184
-0.050000,-1.450000,-1.374606
-0.000000,-1.450000,-1.097757
0.050000,-1.450000,-0.951282
0.100000,-1.450000,-0.840535
0.150000,-1.450000,-0.749381
0.200000,-1.450000,-0.671275
0.250000,-1.450000,-0.602776
0.300000,-1.450000,-0.541808
0.350000,-1.450000,-0.486999
0.400000,-1.450000,-0.437392
0.450000,-1.450000,-0.392281
0.500000,-1.450000,-0.351135
0.550000,-1.450000,-0.313537
0.600000,-1.450000,-0.279159
0.650000,-1.450000,-0.247734
0.700000,-1.450000,-0.219044
0.750000,-1.450000,-0.192906
0.800000,-1.450000,-0.169171
0.850000,-1.450000,-0.147710
0.900000,-1.450000,-0.128417
0.950000,-1.450000,-0.111201
1.000000,-1.450000,-0.095985
1.050000,-1.450000,-0.082704
1.100000,-1.450000,-0.071305
1.150000,-1.450000,-0.061741
1.200000,-1.450000,-0.053977
1.250000,-1.450000,-0.047983
1.300000,-1.450000,-0.043738
1.350000,-1.450000,-0.041227
1.400000,-1.450000,-0.040439
1.450000,-1.450000,-0.018211
1.500000,-1.450000,0.035334
1.550000,-1.450000,0.084896
1.600000,-1.450000,0.130902
1.650000,-1.450000,0.173693
1.700000,-1.450000,0.213550
1.750000,-1.450000,0.250704
1.800000,-1.450000,0.285350
1.850000,-1.450000,0.317654
1.900000,-1.450000,0.347757
1.950000,-1.450000,0.375780
2.000000,-1.450000,0.401828
2.050000,-1.450000,0.425993
2.100000,-1.450000,0.448354
2.150000,-1.450000,0.468982
2.200000,-1.450000,0.487938
2.250000,-1.450000,0.505276
2.300000,-1.450000,0.521043
2.350000,-1.450000,0.535280
2.400000,-1.450000,0.548023
2.450000,-1.450000,0.559305
2.500000,-1.450000,0.569151
2.550000,-1.450000,0.577586
2.600000,-1.450000,0.584627
2.650000,-1.450000,0.590292
2.700000,-1.450000,0.594593
2.750000,-1.450000,0.597539
2.800000,-1.450000,0.599136
2.850000,-1.450000,0.599389
2.900000,-1.450000,0.598298
2.950000,-1.450000,0.595860
3.000000,-1.450000,0.592070
3.050000,-1.450000,0.586920
3.100000,-1.450000,0.580398
3.150000,-1.450000,0.474342
3.200000,-1.450000,
3.250000,-1.450000,
3.300000,-1.450000,
3.350000,-1.450000,
3.400000,-1.450000,
3.450000,-1.450000,
3.500000,-1.450000,
-3.500000,-1.400000,
-3.450000,-1.400000,
-3.400000,-1.400000,
-3.350000,-1.400000,
-3.300000,-1.400000,
-3.250000,-1.400000,
-3.200000,-1.400000,0.223607
-3.150000,-1.400000,0.606218
-3.100000,-1.400000,0.824621
-3.050000,-1.400000,0.993730
-3.000000,-1.400000,1.135782
-2.950000,-1.400000,1.259960
-2.900000,-1.400000,1.371131
-2.850000,-1.400000,1.472243
-2.800000,-1.400000,1.565248
-2.750000,-1.400000,1.651514
-2.700000,-1.400000,1.732051
-2.650000,-1.400000,1.779977
-2.600000,-1.400000,1.761332
-2.550000,-1.400000,1.741133
-2.500000,-1.400000,1.719328
-2.450000,-1.400000,1.695859
-2.400000,-1.400000,1.670659
-2.350000,-1.400000,1.643652
-2.300000,-1.400000,1.614752
-2.250000,-1.400000,1.583863
-2.200000,-1.400000,1.550870
-2.150000,-1.400000,1.515646
-2.100000,-1.400000,1.478038
-2.050000,-1.400000,1.437872
-2.000000,-1.400000,1.394940
-1.950000,-1.400000,1.348995
-1.900000,-1.400000,1.299738
-1.850000,-1.400000,1.246802
-1.800000,-1.400000,1.189733
-1.750000,-1.400000,1.127949
-1.700000,-1.400000,1.060692
-1.650000,-1.400000,0.986938
-1.600000,-1.400000,0.905244
-1.550000,-1.400000,0.813460
-1.500000,-1.400000,0.708118
-1.450000,-1.400000,0.582886
-1.400000,-1.400000,0.423431
-1.350000,-1.400000,0.173795
-1.300000,-1.400000,-1.085914
-1.250000,-1.400000,-1.101289
-1.200000,-1.400000,-1.124004
-1.150000,-1.400000,-1.155535
-1.100000,-1.400000,-1.198703
-1.050000,-1.400000,-1.259879
-1.000000,-1.400000,-1.362251
-0.950000,-1.400000,-2.220523
-0.900000,-1.400000,-2.242910
-0.850000,-1.400000,-2.271418
-0.800000,-1.400000,-2.307207
-0.750000,-1.400000,-2.352195
-0.700000,-1.400000,-2.361499
-0.650000,-1.400000,-2.334322
-0.600000,-1.400000,-2.309673
-0.550000,-1.400000,-2.284632
-0.500000,-1.400000,-2.131498
-0.450000,-1.400000,-2.012365
-0.400000,-1.400000,-1.912742
-0.350000,-1.400000,-1.826353
-0.300000,-1.400000,-1.749793
-0.250000,-1.400000,-1.680965
-0.200000,-1.400000,-1.618467
-0.150000,-1.400000,-1.561307
-0.100000,-1.400000,-1.508754
-0.050000,-1.400000,-1.146592
-0.000000,-1.400000,-0.980912
0.050000,-1.400000,-0.860953
0.100000,-1.400000,-0.763795
0.150000,-1.400000,-0.681211
0.200000,-1.400000,-0.609107
0.250000,-1.400000,-0.545090
0.300000,-1.400000,-0.487613
0.350000,-1.400000,-0.435610
0.400000,-1.400000,-0.388307
0.450000,-1.400000,-0.345123
0.500000,-1.400000,-0.305610
0.550000,-1.400000,-0.269410
0.600000,-1.400000,-0.236239
0.650000,-1.400000,-0.205861
0.700000,-1.400000,-0.178083
0.750000,-1.400000,-0.152744
0.800000,-1.400000,-0.129708
0.850000,-1.400000,-0.108859
0.900000,-1.400000,-0.090100
0.950000,-1.400000,-0.073349
1.000000,-1.400000,-0.058534
1.050000,-1.400000,-0.045597
1.100000,-1.400000,-0.034487
1.150000,-1.400000,-0.025163
1.200000,-1.400000,-0.017592
1.250000,-1.400000,-0.011745
1.300000,-1.400000,-0.007604
1.350000,-1.400000,-0.005153
1.400000,-1.400000,-0.004385
1.450000,-1.400000,0.008809
1.500000,-1.400000,0.061260
1.550000,-1.400000,0.109886
1.600000,-1.400000,0.155080
1.650000,-1.400000,0.197161
1.700000,-1.400000,0.236393
1.750000,-1.400000,0.272994
1.800000,-1.400000,0.307148
1.850000,-1.400000,0.339012
1.900000,-1.400000,0.368720
1.950000,-1.400000,0.396389
2.000000,-1.400000,0.422118
2.050000,-1.400000,0.445995
2.100000,-1.400000,0.468098
2.150000,-1.400000,0.488493
2.200000,-1.400000,0.507240
2.250000,-1.400000,0.524391
2.300000,-1.400000,0.539990
2.350000,-1.400000,0.554078
2.400000,-1.400000,0.566691
2.450000,-1.400000,0.577858
2.500000,-1.400000,0.587605
2.550000,-1.400000,0.595956
2.600000,-1.400000,0.602928
2.650000,-1.400000,0.608537
2.700000,-1.400000,0.612796
2.750000,-1.400000,0.615714
2.800000,-1.400000,0.617296
2.850000,-1.400000,0.617546
2.900000,-1.400000,0.616465
2.950000,-1.400000,0.614051
3.000000,-1.400000,0.610298
3.050000,-1.400000,0.605198
3.100000,-1.400000,0.598740
3.150000,-1.400000,0.590911
3.200000,-1.400000,0.223607
3.250000,-1.400000,
3.300000,-1.400000,
3.350000,-1.400000,
3.400000,-1.400000,
3.450000,-1.400000,
3.500000,-1.400000,
-3.500000,-1.350000,
-3.450000,-1.350000,
-3.400000,-1.350000,
-3.350000,-1.350000,
-3.300000,-1.350000,
-3.250000,-1.350000,
-3.200000,-1.350000,0.433013
-3.150000,-1.350000,0.710634
-3.100000,-1.350000,0.904157
-3.050000,-1.350000,1.060660
-3.000000,-1.350000,1.194780
-2.950000,-1.350000,1.313393
-2.900000,-1.350000,1.420387
-2.850000,-1.350000,1.518223
-2.800000,-1.350000,1.608571
-2.750000,-1.350000,1.692631
-2.700000,-1.350000,1.771299
-2.650000,-1.350000,1.776819
-2.600000,-1.350000,1.758142
-2.550000,-1.350000,1.737908
-2.500000,-1.350000,1.716064
-2.450000,-1.350000,1.692552
-2.400000,-1.350000,1.667304
-2.350000,-1.350000,1.640245
-2.300000,-1.350000,1.611288
-2.250000,-1.350000,1.580334
-2.200000,-1.350000,1.547271
-2.150000,-1.350000,1.511967
-2.100000,-1.350000,1.474271
-2.050000,-1.350000,1.434006
-2.000000,-1.350000,1.390962
-1.950000,-1.350000,1.344889
-1.900000,-1.350000,1.295486
-1.850000,-1.350000,1.242382
-1.800000,-1.350000,1.185115
-1.750000,-1.350000,1.123096
-1.700000,-1.350000,1.055555
-1.650000,-1.350000,0.981447
-1.600000,-1.350000,0.899300
-1.550000,-1.350000,0.806909
-1.500000,-1.350000,0.700695
-1.450000,-1.350000,0.574066
-1.400000,-1.350000,0.411820
-1.350000,-1.350000,0.150455
-1.300000,-1.350000,-0.910247
-1.250000,-1.350000,-0.920883
-1.200000,-1.350000,-0.936191
-1.150000,-1.350000,-0.956571
-1.100000,-1.350000,-0.982629
-1.050000,-1.350000,-1.015294
-1.000000,-1.350000,-1.056045
-0.950000,-1.350000,-1.107434
-0.900000,-1.350000,-1.174569
-0.850000,-1.350000,-1.271310
-0.800000,-1.350000,-2.132841
-0.750000,-1.350000,-2.164476
-0.700000,-1.350000,-2.202369
-0.650000,-1.350000,-2.247912
-0.600000,-1.350000,-2.257060
-0.550000,-1.350000,-2.200199
-0.500000,-1.350000,-2.065475
-0.450000,-1.350000,-1.956084
-0.400000,-1.350000,-1.862698
-0.350000,-1.350000,-1.780721
-0.300000,-1.350000,-1.707479
-0.250000,-1.350000,-1.641254
-0.200000,-1.350000,-1.580862
-0.150000,-1.350000,-1.525444
-0.100000,-1.350000,-1.221360
-0.050000,-1.350000,-1.022879
-0.000000,-1.350000,-0.890290
0.050000,-1.350000,-0.785530
0.100000,-1.350000,-0.697530
0.150000,-1.350000,-0.621199
0.200000,-1.350000,-0.553690
0.250000,-1.350000,-0.493214
0.300000,-1.350000,-0.438561
0.350000,-1.350000,-0.388865
0.400000,-1.350000,-0.343484
0.450000,-1.350000,-0.301925
0.500000,-1.350000,-0.263799
0.550000,-1.350000,-0.228796
0.600000,-1.350000,-0.196663
0.650000,-1.350000,-0.167192
0.700000,-1.350000,-0.140208
0.750000,-1.350000,-0.115565
0.800000,-1.350000,-0.093140
0.850000,-1.350000,-0.072828
0.900000,-1.350000,-0.054539
0.950000,-1.350000,-0.038197
1.000000,-1.350000,-0.023737
1.050000,-1.350000,-0.011103
1.100000,-1.350000,-0.000250
1.150000,-1.350000,0.008861
1.200000,-1.350000,0.016262
1.250000,-1.350000,0.021978
1.300000,-1.350000,0.026027
1.350000,-1.350000,0.028424
1.400000,-1.350000,0.029175
1.450000,-1.350000,0.033336
1.500000,-1.350000,0.084831
1.550000,-1.350000,0.132634
1.600000,-1.350000,0.177114
1.650000,-1.350000,0.218569
1.700000,-1.350000,0.257248
1.750000,-1.350000,0.293357
1.800000,-1.350000,0.327074
1.850000,-1.350000,0.358545
1.900000,-1.350000,0.387902
1.950000,-1.350000,0.415253
2.000000,-1.350000,0.440697
2.050000,-1.350000,0.464318
2.100000,-1.350000,0.486189
2.150000,-1.350000,0.506375
2.200000,-1.350000,0.524934
2.250000,-1.350000,0.541916
2.300000,-1.350000,0.557365
2.350000,-1.350000,0.571320
2.400000,-1.350000,0.583815
2.450000,-1.350000,0.594879
2.500000,-1.350000,0.604537
2.550000,-1.350000,0.612812
2.600000,-1.350000,0.619722
2.650000,-1.350000,0.625282
2.700000,-1.350000,0.629503
2.750000,-1.350000,0.632394
2.800000,-1.350000,0.633962
2.850000,-1.350000,0.634211
2.900000,-1.350000,0.633139
2.950000,-1.350000,0.630746
3.000000,-1.350000,0.627026
3.050000,-1.350000,0.621972
3.100000,-1.350000,0.615572
3.150000,-1.350000,0.607813
3.200000,-1.350000,0.433013
3.250000,-1.350000,
3.300000,-1.350000,
3.350000,-1.350000,
3.400000,-1.350000,
3.450000,-1.350000,
3.500000,-1.350000,
-3.500000,-1.300000,
-3.450000,-1.300000,
-3.400000,-1.300000,
-3.350000,-1.300000,
-3.300000,-1.300000,
-3.250000,-1.300000,
-3.200000,-1.300000,0.565685
-3.150000,-1.300000,0.798436
-3.100000,-1.300000,0.974679
-3.050000,-1.300000,1.121383
-3.000000,-1.300000,1.249000
-2.950000,-1.300000,1.362901
-2.900000,-1.300000,1.466288
-2.850000,-1.300000,1.561249
-2.800000,-1.300000,1.649242
-2.750000,-1.300000,1.731329
-2.700000,-1.300000,1.789521
-2.650000,-1.300000,1.772314
-2.600000,-1.300000,1.753591
-2.550000,-1.300000,1.733307
-2.500000,-1.300000,1.711408
-2.450000,-1.300000,1.687834
-2.400000,-1.300000,1.662518
-2.350000,-1.300000,1.635384
-2.300000,-1.300000,1.606344
-2.250000,-1.300000,1.575298
-2.200000,-1.300000,1.542133
-2.150000,-1.300000,1.506716
-2.100000,-1.300000,1.468893
-2.050000,-1.300000,1.428485
-2.000000,-1.300000,1.385280
-1.950000,-1.300000,1.339025
-1.900000,-1.300000,1.289411
-1.850000,-1.300000,1.236064
-1.800000,-1.300000,1.178512
-1.750000,-1.300000,1.116154
-1.700000,-1.300000,1.048201
-1.650000,-1.300000,0.973581
-1.600000,-1.300000,0.890776
-1.550000,-1.300000,0.797499
-1.500000,-1.300000,0.690006
-1.450000,-1.300000,0.561305
-1.400000,-1.300000,0.394814
-1.350000,-1.300000,0.112663
-1.300000,-1.300000,-0.779908
-1.250000,-1.300000,-0.788574
-1.200000,-1.300000,-0.800950
-1.150000,-1.300000,-0.817240
-1.100000,-1.300000,-0.837735
-1.050000,-1.300000,-0.862846
-1.000000,-1.300000,-0.893152
-0.950000,-1.300000,-0.929491
-0.900000,-1.300000,-0.973124
-0.850000,-1.300000,-1.026092
-0.800000,-1.300000,-1.092076
-0.750000,-1.300000,-1.179178
-0.700000,-1.300000,-1.316232
-0.650000,-1.300000,-2.092551
-0.600000,-1.300000,-2.134076
-0.550000,-1.300000,-2.130924
-0.500000,-1.300000,-2.008542
-0.450000,-1.300000,-1.906429
-0.400000,-1.300000,-1.817960
-0.350000,-1.300000,-1.739575
-0.300000,-1.300000,-1.669096
-0.250000,-1.300000,-1.605073
-0.200000,-1.300000,-1.546482
-0.150000,-1.300000,-1.360341
-0.100000,-1.300000,-1.080935
-0.050000,-1.300000,-0.929939
-0.000000,-1.300000,-0.815291
0.050000,-1.300000,-0.720636
0.100000,-1.300000,-0.639297
0.150000,-1.300000,-0.567758
0.200000,-1.300000,-0.503889
0.250000,-1.300000,-0.446286
0.300000,-1.300000,-0.393964
0.350000,-1.300000,-0.346199
0.400000,-1.300000,-0.302443
0.450000,-1.300000,-0.262268
0.500000,-1.300000,-0.225334
0.550000,-1.300000,-0.191365
0.600000,-1.300000,-0.160134
0.650000,-1.300000,-0.131453
0.700000,-1.300000,-0.105164
0.750000,-1.300000,-0.081133
0.800000,-1.300000,-0.059246
0.850000,-1.300000,-0.039407
0.900000,-1.300000,-0.021534
0.950000,-1.300000,-0.005554
1.000000,-1.300000,0.008592
1.050000,-1.300000,0.020956
1.100000,-1.300000,0.031581
1.150000,-1.300000,0.040503
1.200000,-1.300000,0.047752
1.250000,-1.300000,0.053351
1.300000,-1.300000,0.057319
1.350000,-1.300000,0.059667
1.400000,-1.300000,0.060403
1.450000,-1.300000,0.059530
1.500000,-1.300000,0.106169
1.550000,-1.300000,0.153251
1.600000,-1.300000,0.197101
1.650000,-1.300000,0.238004
1.700000,-1.300000,0.276194
1.750000,-1.300000,0.311868
1.800000,-1.300000,0.345196
1.850000,-1.300000,0.376320
1.900000,-1.300000,0.405363
1.950000,-1.300000,0.432432
2.000000,-1.300000,0.457622
2.050000,-1.300000,0.481013
2.100000,-1.300000,0.502677
2.150000,-1.300000,0.522677
2.200000,-1.300000,0.541068
2.250000,-1.300000,0.557899
2.300000,-1.300000,0.573214
2.350000,-1.300000,0.587049
2.400000,-1.300000,0.599438
2.450000,-1.300000,0.610409
2.500000,-1.300000,0.619988
2.550000,-1.300000,0.628196
2.600000,-1.300000,0.635049
2.650000,-1.300000,0.640564
2.700000,-1.300000,0.644751
2.750000,-1.300000,0.647620
2.800000,-1.300000,0.649175
2.850000,-1.300000,0.649422
2.900000,-1.300000,0.648359
2.950000,-1.300000,0.645985
3.000000,-1.300000,0.642295
3.050000,-1.300000,0.637281
3.100000,-1.300000,0.630933
3.150000,-1.300000,0.623237
3.200000,-1.300000,0.565685
3.250000,-1.300000,
3.300000,-1.300000,
3.350000,-1.300000,
3.400000,-1.300000,
3.450000,-1.300000,
3.500000,-1.300000,
-3.500000,-1.250000,
-3.450000,-1.250000,
-3.400000,-1.250000,
-3.350000,-1.250000,
-3.300000,-1.250000,
-3.250000,-1.250000,0.353553
-3.200000,-1.250000,0.668954
-3.150000,-1.250000,0.874643
-3.100000,-1.250000,1.038027
-3.050000,-1.250000,1.176860
-3.000000,-1.250000,1.299038
-2.950000,-1.250000,1.408900
-2.900000,-1.250000,1.509139
-2.850000,-1.250000,1.601562
-2.800000,-1.250000,1.687454
-2.750000,-1.250000,1.767767
-2.700000,-1.250000,1.783714
-2.650000,-1.250000,1.766453
-2.600000,-1.250000,1.747671
-2.550000,-1.250000,1.727320
-2.500000,-1.250000,1.705348
-2.450000,-1.250000,1.681694
-2.400000,-1.250000,1.656289
-2.350000,-1.250000,1.629056
-2.300000,-1.250000,1.599908
-2.250000,-1.250000,1.568742
-2.200000,-1.250000,1.535442
-2.150000,-1.250000,1.499876
-2.100000,-1.250000,1.461887
-2.050000,-1.250000,1.421292
-2.000000,-1.250000,1.377875
-1.950000,-1.250000,1.331379
-1.900000,-1.250000,1.281489
-1.850000,-1.250000,1.227822
-1.800000,-1.250000,1.169893
-1.750000,-1.250000,1.107087
-1.700000,-1.250000,1.038588
-1.650000,-1.250000,0.963288
-1.600000,-1.250000,0.879605
-1.550000,-1.250000,0.785139
-1.500000,-1.250000,0.675915
-1.450000,-1.250000,0.544365
-1.400000,-1.250000,0.371817
-1.350000,-1.250000,0.049161
-1.300000,-1.250000,-0.672995
-1.250000,-1.250000,-0.680520
-1.200000,-1.250000,-0.691227
-1.150000,-1.250000,-0.705245
-1.100000,-1.250000,-0.722756
-1.050000,-1.250000,-0.744003
-1.000000,-1.250000,-0.769316
-0.950000,-1.250000,-0.799140
-0.900000,-1.250000,-0.834086
-0.850000,-1.250000,-0.875024
-0.800000,-1.250000,-0.923242
-0.750000,-1.250000,-0.980791
-0.700000,-1.250000,-1.051303
-0.650000,-1.250000,-1.142511
-0.600000,-1.250000,-1.279447
-0.550000,-1.250000,-2.044977
-0.500000,-1.250000,-1.958755
-0.450000,-1.250000,-1.862297
-0.400000,-1.250000,-1.777801
-0.350000,-1.250000,-1.702392
-0.300000,-1.250000,-1.634242
-0.250000,-1.250000,-1.572098
-0.200000,-1.250000,-1.515059
-0.150000,-1.250000,-1.163470
-0.100000,-1.250000,-0.982294
-0.050000,-1.250000,-0.854199
-0.000000,-1.250000,-0.751163
0.050000,-1.250000,-0.663794
0.100000,-1.250000,-0.587547
0.150000,-1.250000,-0.519803
0.200000,-1.250000,-0.458892
0.250000,-1.250000,-0.403665
0.300000,-1.250000,-0.353298
0.350000,-1.250000,-0.307169
0.400000,-1.250000,-0.264803
0.450000,-1.250000,-0.225821
0.500000,-1.250000,-0.189919
0.550000,-1.250000,-0.156850
0.600000,-1.250000,-0.126408
0.650000,-1.250000,-0.098420
0.700000,-1.250000,-0.072742
0.750000,-1.250000,-0.049250
0.800000,-1.250000,-0.027840
0.850000,-1.250000,-0.008421
0.900000,-1.250000,0.009084
0.950000,-1.250000,0.024742
1.000000,-1.250000,0.038608
1.050000,-1.250000,0.050731
1.100000,-1.250000,0.061153
1.150000,-1.250000,0.069906
1.200000,-1.250000,0.077019
1.250000,-1.250000,0.082514
1.300000,-1.250000,0.086409
1.350000,-1.250000,0.088714
1.400000,-1.250000,0.089437
1.450000,-1.250000,0.088580
1.500000,-1.250000,0.125376
1.550000,-1.250000,0.171827
1.600000,-1.250000,0.215126
1.650000,-1.250000,0.255542
1.700000,-1.250000,0.293301
1.750000,-1.250000,0.328592
1.800000,-1.250000,0.361576
1.850000,-1.250000,0.392391
1.900000,-1.250000,0.421157
1.950000,-1.250000,0.447977
2.000000,-1.250000,0.472940
2.050000,-1.250000,0.496127
2.100000,-1.250000,0.517607
2.150000,-1.250000,0.537441
2.200000,-1.250000,0.555683
2.250000,-1.250000,0.572380
2.300000,-1.250000,0.587574
2.350000,-1.250000,0.601303
2.400000,-1.250000,0.613598
2.450000,-1.250000,0.624487
2.500000,-1.250000,0.633994
2.550000,-1.250000,0.642141
2.600000,-1.250000,0.648945
2.650000,-1.250000,0.654420
2.700000,-1.250000,0.658577
2.750000,-1.250000,0.661424
2.800000,-1.250000,0.662969
2.850000,-1.250000,0.663214
2.900000,-1.250000,0.662158
2.950000,-1.250000,0.659802
3.000000,-1.250000,0.656138
3.050000,-1.250000,0.651160
3.100000,-1.250000,0.644858
3.150000,-1.250000,0.637219
3.200000,-1.250000,0.628226
3.250000,-1.250000,0.353553
3.300000,-1.250000,
3.350000,-1.250000,
3.400000,-1.250000,
3.450000,-1.250000,
3.500000,-1.250000,
-3.500000,-1.200000,
-3.450000,-1.200000,
-3.400000,-1.200000,
-3.350000,-1.200000,
-3.300000,-1.200000,
-3.250000,-1.200000,0.497494
-3.200000,-1.200000,0.754983
-3.150000,-1.200000,0.942072
-3.100000,-1.200000,1.095445
-3.050000,-1.200000,1.227803
-3.000000,-1.200000,1.345362
-2.950000,-1.200000,1.451723
-2.900000,-1.200000,1.549193
-2.850000,-1.200000,1.639360
-2.800000,-1.200000,1.723369
-2.750000,-1.200000,1.792391
-2.700000,-1.200000,1.776550
-2.650000,-1.200000,1.759222
-2.600000,-1.200000,1.740366
-2.550000,-1.200000,1.719933
-2.500000,-1.200000,1.697870
-2.450000,-1.200000,1.674116
-2.400000,-1.200000,1.648600
-2.350000,-1.200000,1.621246
-2.300000,-1.200000,1.591961
-2.250000,-1.200000,1.560646
-2.200000,-1.200000,1.527180
-2.150000,-1.200000,1.491428
-2.100000,-1.200000,1.453230
-2.050000,-1.200000,1.412402
-2.000000,-1.200000,1.368721
-1.950000,-1.200000,1.321923
-1.900000,-1.200000,1.271687
-1.850000,-1.200000,1.217618
-1.800000,-1.200000,1.159217
-1.750000,-1.200000,1.095845
-1.700000,-1.200000,1.026658
-1.650000,-1.200000,0.950495
-1.600000,-1.200000,0.865693
-1.550000,-1.200000,0.769702
-1.500000,-1.200000,0.658230
-1.450000,-1.200000,0.522900
-1.400000,-1.200000,0.341875
-1.350000,-1.200000,-0.577245
-1.300000,-1.200000,-0.581232
-1.250000,-1.200000,-0.587994
-1.200000,-1.200000,-0.597594
-1.150000,-1.200000,-0.610125
-1.100000,-1.200000,-0.625713
-1.050000,-1.200000,-0.644527
-1.000000,-1.200000,-0.666787
-0.950000,-1.200000,-0.692782
-0.900000,-1.200000,-0.722888
-0.850000,-1.200000,-0.757610
-0.800000,-1.200000,-0.797640
-0.750000,-1.200000,-0.843959
-0.700000,-1.200000,-0.898032
-0.650000,-1.200000,-0.962224
-0.600000,-1.200000,-1.040823
-0.550000,-1.200000,-1.143408
-0.500000,-1.200000,-1.305954
-0.450000,-1.200000,-1.822906
-0.400000,-1.200000,-1.741678
-0.350000,-1.200000,-1.668766
-0.300000,-1.200000,-1.602596
-0.250000,-1.200000,-1.542068
-0.200000,-1.200000,-1.299612
-0.150000,-1.200000,-1.051856
-0.100000,-1.200000,-0.904061
-0.050000,-1.200000,-0.790077
-0.000000,-1.200000,-0.695279
0.050000,-1.200000,-0.613443
0.100000,-1.200000,-0.541220
0.150000,-1.200000,-0.476559
0.200000,-1.200000,-0.418095
0.250000,-1.200000,-0.364864
0.300000,-1.200000,-0.316155
0.350000,-1.200000,-0.271429
0.400000,-1.200000,-0.230260
0.450000,-1.200000,-0.192313
0.500000,-1.200000,-0.157312
0.550000,-1.200000,-0.125031
0.600000,-1.200000,-0.095281
0.650000,-1.200000,-0.067904
0.700000,-1.200000,-0.042767
0.750000,-1.200000,-0.019753
0.800000,-1.200000,0.001235
0.850000,-1.200000,0.020281
0.900000,-1.200000,0.037458
0.950000,-1.200000,0.052828
1.000000,-1.200000,0.066445
1.050000,-1.200000,0.078353
1.100000,-1.200000,0.088593
1.150000,-1.200000,0.097195
1.200000,-1.200000,0.104187
1.250000,-1.200000,0.109589
1.300000,-1.200000,0.113418
1.350000,-1.200000,0.115684
1.400000,-1.200000,0.116395
1.450000,-1.200000,0.115552
1.500000,-1.200000,0.142541
1.550000,-1.200000,0.188442
1.600000,-1.200000,0.231258
1.650000,-1.200000,0.271249
1.700000,-1.200000,0.308630
1.750000,-1.200000,0.343584
1.800000,-1.200000,0.376266
1.850000,-1.200000,0.406810
1.900000,-1.200000,0.435331
1.950000,-1.200000,0.461930
2.000000,-1.200000,0.486694
2.050000,-1.200000,0.509701
2.100000,-1.200000,0.531019
2.150000,-1.200000,0.550706
2.200000,-1.200000,0.568815
2.250000,-1.200000,0.585393
2.300000,-1.200000,0.600482
2.350000,-1.200000,0.614116
2.400000,-1.200000,0.626327
2.450000,-1.200000,0.637143
2.500000,-1.200000,0.646588
2.550000,-1.200000,0.654681
2.600000,-1.200000,0.661440
2.650000,-1.200000,0.666879
2.700000,-1.200000,0.671010
2.750000,-1.200000,0.673839
2.800000,-1.200000,0.675374
2.850000,-1.200000,0.675617
2.900000,-1.200000,0.674568
2.950000,-1.200000,0.672227
3.000000,-1.200000,0.668587
3.050000,-1.200000,0.663641
3.100000,-1.200000,0.657380
3.150000,-1.200000,0.649791
3.200000,-1.200000,0.640857
3.250000,-1.200000,0.497494
3.300000,-1.200000,
3.350000,-1.200000,
3.400000,-1.200000,
3.450000,-1.200000,
3.500000,-1.200000,
-3.500000,-1.150000,
-3.450000,-1.150000,
-3.400000,-1.150000,
-3.350000,-1.150000,
-3.300000,-1.150000,0.193649
-3.250000,-1.150000,0.604152
-3.200000,-1.150000,0.829156
-3.150000,-1.150000,1.002497
-3.100000,-1.150000,1.147824
-3.050000,-1.150000,1.274755
-3.000000,-1.150000,1.388344
-2.950000,-1.150000,1.491643
-2.900000,-1.150000,1.586663
-2.850000,-1.150000,1.674813
-2.800000,-1.150000,1.757128
-2.750000,-1.150000,1.783927
-2.700000,-1.150000,1.768014
-2.650000,-1.150000,1.750606
-2.600000,-1.150000,1.731661
-2.550000,-1.150000,1.711129
-2.500000,-1.150000,1.688957
-2.450000,-1.150000,1.665082
-2.400000,-1.150000,1.639433
-2.350000,-1.150000,1.611931
-2.300000,-1.150000,1.582484
-2.250000,-1.150000,1.550988
-2.200000,-1.150000,1.517321
-2.150000,-1.150000,1.481344
-2.100000,-1.150000,1.442896
-2.050000,-1.150000,1.401785
-2.000000,-1.150000,1.357784
-1.950000,-1.150000,1.310621
-1.900000,-1.150000,1.259965
-1.850000,-1.150000,1.205406
-1.800000,-1.150000,1.146429
-1.750000,-1.150000,1.082367
-1.700000,-1.150000,1.012334
-1.650000,-1.150000,0.935109
-1.600000,-1.150000,0.848920
-1.550000,-1.150000,0.751017
-1.500000,-1.150000,0.636688
-1.450000,-1.150000,0.496415
-1.400000,-1.150000,0.303409
-1.350000,-1.150000,-0.496745
-1.300000,-1.150000,-0.500409
-1.250000,-1.150000,-0.506616
-1.200000,-1.150000,-0.515417
-1.150000,-1.150000,-0.526881
-1.100000,-1.150000,-0.541106
-1.050000,-1.150000,-0.558216
-1.000000,-1.150000,-0.578374
-0.950000,-1.150000,-0.601786
-0.900000,-1.150000,-0.628717
-0.850000,-1.150000,-0.659508
-0.800000,-1.150000,-0.694605
-0.750000,-1.150000,-0.734606
-0.700000,-1.150000,-0.780336
-0.650000,-1.150000,-0.832983
-0.600000,-1.150000,-0.894371
-0.550000,-1.150000,-0.967551
-0.500000,-1.150000,-1.058440
-0.450000,-1.150000,-1.182195
-0.400000,-1.150000,-1.709174
-0.350000,-1.150000,-1.638376
-0.300000,-1.150000,-1.573903
-0.250000,-1.150000,-1.514770
-0.200000,-1.150000,-1.148900
-0.150000,-1.150000,-0.967990
-0.100000,-1.150000,-0.838873
-0.050000,-1.150000,-0.734622
-0.000000,-1.150000,-0.646008
0.050000,-1.150000,-0.568522
0.100000,-1.150000,-0.499559
0.150000,-1.150000,-0.437447
0.200000,-1.150000,-0.381037
0.250000,-1.150000,-0.329499
0.300000,-1.150000,-0.282213
0.350000,-1.150000,-0.238695
0.400000,-1.150000,-0.198568
0.450000,-1.150000,-0.161523
0.500000,-1.150000,-0.127311
0.550000,-1.150000,-0.095722
0.600000,-1.150000,-0.066584
0.650000,-1.150000,-0.039748
0.700000,-1.150000,-0.015089
0.750000,-1.150000,0.007501
0.800000,-1.150000,0.028112
0.850000,-1.150000,0.046826
0.900000,-1.150000,0.063710
0.950000,-1.150000,0.078824
1.000000,-1.150000,0.092217
1.050000,-1.150000,0.103933
1.100000,-1.150000,0.114010
1.150000,-1.150000,0.122477
1.200000,-1.150000,0.129360
1.250000,-1.150000,0.134678
1.300000,-1.150000,0.138448
1.350000,-1.150000,0.140680
1.400000,-1.150000,0.141380
1.450000,-1.150000,0.140550
1.500000,-1.150000,0.157737
1.550000,-1.150000,0.203161
1.600000,-1.150000,0.245560
1.650000,-1.150000,0.285181
1.700000,-1.150000,0.322233
1.750000,-1.150000,0.356893
1.800000,-1.150000,0.389311
1.850000,-1.150000,0.419618
1.900000,-1.150000,0.447925
1.950000,-1.150000,0.474331
2.000000,-1.150000,0.498921
2.050000,-1.150000,0.521770
2.100000,-1.150000,0.542945
2.150000,-1.150000,0.562503
2.200000,-1.150000,0.580497
2.250000,-1.150000,0.596971
2.300000,-1.150000,0.611966
2.350000,-1.150000,0.625517
2.400000,-1.150000,0.637655
2.450000,-1.150000,0.648406
2.500000,-1.150000,0.657796
2.550000,-1.150000,0.665842
2.600000,-1.150000,0.672562
2.650000,-1.150000,0.677970
2.700000,-1.150000,0.682077
2.750000,-1.150000,0.684890
2.800000,-1.150000,0.686416
2.850000,-1.150000,0.686658
2.900000,-1.150000,0.685615
2.950000,-1.150000,0.683287
3.000000,-1.150000,0.679668
3.050000,-1.150000,0.674751
3.100000,-1.150000,0.668526
3.150000,-1.150000,0.660980
3.200000,-1.150000,0.652098
3.250000,-1.150000,0.604152
3.300000,-1.150000,0.193649
3.350000,-1.150000,
3.400000,-1.150000,
3.450000,-1.150000,
3.500000,-1.150000,
-3.500000,-1.100000,
-3.450000,-1.100000,
-3.400000,-1.100000,
-3.350000,-1.100000,
-3.300000,-1.100000,0.387298
-3.250000,-1.100000,0.691014
-3.200000,-1.100000,0.894427
-3.150000,-1.100000,1.057119
-3.100000,-1.100000,1.195826
-3.050000,-1.100000,1.318143
-3.000000,-1.100000,1.428286
-2.950000,-1.100000,1.528888
-2.900000,-1.100000,1.621727
-2.850000,-1.100000,1.708069
-2.800000,-1.100000,1.788617
-2.750000,-1.100000,1.774085
-2.700000,-1.100000,1.758087
-2.650000,-1.100000,1.740585
-2.600000,-1.100000,1.721535
-2.550000,-1.100000,1.700887
-2.500000,-1.100000,1.678587
-2.450000,-1.100000,1.654570
-2.400000,-1.100000,1.628764
-2.350000,-1.100000,1.601089
-2.300000,-1.100000,1.571450
-2.250000,-1.100000,1.539740
-2.200000,-1.100000,1.505836
-2.150000,-1.100000,1.469595
-2.100000,-1.100000,1.430850
-2.050000,-1.100000,1.389404
-2.000000,-1.100000,1.345023
-1.950000,-1.100000,1.297427
-1.900000,-1.100000,1.246271
-1.850000,-1.100000,1.191130
-1.800000,-1.100000,1.131464
-1.750000,-1.100000,1.066574
-1.700000,-1.100000,0.995524
-1.650000,-1.100000,0.917011
-1.600000,-1.100000,0.829128
-1.550000,-1.100000,0.728865
-1.500000,-1.100000,0.610936
-1.450000,-1.100000,0.464190
-1.400000,-1.100000,0.253574
-1.350000,-1.100000,-0.424616
-1.300000,-1.100000,-0.428032
-1.250000,-1.100000,-0.433815
-1.200000,-1.100000,-0.442006
-1.150000,-1.100000,-0.452661
-1.100000,-1.100000,-0.465857
-1.050000,-1.100000,-0.481694
-1.000000,-1.100000,-0.500297
-0.950000,-1.100000,-0.521826
-0.900000,-1.100000,-0.546479
-0.850000,-1.100000,-0.574510
-0.800000,-1.100000,-0.606237
-0.750000,-1.100000,-0.642075
-0.700000,-1.100000,-0.682567
-0.650000,-1.100000,-0.728454
-0.600000,-1.100000,-0.780777
-0.550000,-1.100000,-0.841082
-0.500000,-1.100000,-0.911850
-0.450000,-1.100000,-0.997542
-0.400000,-1.100000,-1.107991
-0.350000,-1.100000,-1.278508
-0.300000,-1.100000,-1.547952
-0.250000,-1.100000,-1.313493
-0.200000,-1.100000,-1.052060
-0.150000,-1.100000,-0.899984
-0.100000,-1.100000,-0.783128
-0.050000,-1.100000,-0.686046
-0.000000,-1.100000,-0.602250
0.050000,-1.100000,-0.528272
0.100000,-1.100000,-0.461997
0.150000,-1.100000,-0.402021
0.200000,-1.100000,-0.347354
0.250000,-1.100000,-0.297267
0.300000,-1.100000,-0.251207
0.350000,-1.100000,-0.208740
0.400000,-1.100000,-0.169520
0.450000,-1.100000,-0.133266
0.500000,-1.100000,-0.099748
0.550000,-1.100000,-0.068770
0.600000,-1.100000,-0.040172
0.650000,-1.100000,-0.013815
0.700000,-1.100000,0.010419
0.750000,-1.100000,0.032630
0.800000,-1.100000,0.052907
0.850000,-1.100000,0.071324
0.900000,-1.100000,0.087947
0.950000,-1.100000,0.102831
1.000000,-1.100000,0.116024
1.050000,-1.100000,0.127569
1.100000,-1.100000,0.137499
1.150000,-1.100000,0.145845
1.200000,-1.100000,0.152630
1.250000,-1.100000,0.157873
1.300000,-1.100000,0.161590
1.350000,-1.100000,0.163791
1.400000,-1.100000,0.164481
1.450000,-1.100000,0.163663
1.500000,-1.100000,0.171027
1.550000,-1.100000,0.216043
1.600000,-1.100000,0.258081
1.650000,-1.100000,0.297384
1.700000,-1.100000,0.334153
1.750000,-1.100000,0.368559
1.800000,-1.100000,0.400750
1.850000,-1.100000,0.430852
1.900000,-1.100000,0.458974
1.950000,-1.100000,0.485213
2.000000,-1.100000,0.509652
2.050000,-1.100000,0.532364
2.100000,-1.100000,0.553415
2.150000,-1.100000,0.572862
2.200000,-1.100000,0.590755
2.250000,-1.100000,0.607138
2.300000,-1.100000,0.622052
2.350000,-1.100000,0.635531
2.400000,-1.100000,0.647606
2.450000,-1.100000,0.658302
2.500000,-1.100000,0.667643
2.550000,-1.100000,0.675648
2.600000,-1.100000,0.682334
2.650000,-1.100000,0.687715
2.700000,-1.100000,0.691801
2.750000,-1.100000,0.694601
2.800000,-1.100000,0.696119
2.850000,-1.100000,0.696359
2.900000,-1.100000,0.695322
2.950000,-1.100000,0.693005
3.000000,-1.100000,0.689404
3.050000,-1.100000,0.684512
3.100000,-1.100000,0.678318
3.150000,-1.100000,0.670811
3.200000,-1.100000,0.661975
3.250000,-1.100000,0.651791
3.300000,-1.100000,0.387298
3.350000,-1.100000,
3.400000,-1.100000,
3.450000,-1.100000,
3.500000,-1.100000,
-3.500000,-1.050000,
-3.450000,-1.050000,
-3.400000,-1.050000,
-3.350000,-1.050000,
-3.300000,-1.050000,0.507445
-3.250000,-1.050000,0.764853
-3.200000,-1.050000,0.952628
-3.150000,-1.050000,1.106797
-3.100000,-1.050000,1.239960
-3.050000,-1.050000,1.358308
-3.000000,-1.050000,1.465435
-2.950000,-1.050000,1.563650
-2.900000,-1.050000,1.654539
-2.850000,-1.050000,1.739253
-2.800000,-1.050000,1.777462
-2.750000,-1.050000,1.762843
-2.700000,-1.050000,1.746747
-2.650000,-1.050000,1.729135
-2.600000,-1.050000,1.709964
-2.550000,-1.050000,1.689182
-2.500000,-1.050000,1.666733
-2.450000,-1.050000,1.642552
-2.400000,-1.050000,1.616565
-2.350000,-1.050000,1.588689
-2.300000,-1.050000,1.558827
-2.250000,-1.050000,1.526869
-2.200000,-1.050000,1.492690
-2.150000,-1.050000,1.456141
-2.100000,-1.050000,1.417050
-2.050000,-1.050000,1.375214
-2.000000,-1.050000,1.330391
-1.950000,-1.050000,1.282287
-1.900000,-1.050000,1.230545
-1.850000,-1.050000,1.174719
-1.800000,-1.050000,1.114241
-1.750000,-1.050000,1.048370
-1.700000,-1.050000,0.976108
-1.650000,-1.050000,0.896052
-1.600000,-1.050000,0.806117
-1.550000,-1.050000,0.702953
-1.500000,-1.050000,0.580487
-1.450000,-1.050000,0.425153
-1.400000,-1.050000,0.186301
-1.350000,-1.050000,-0.359260
-1.300000,-1.050000,-0.362478
-1.250000,-1.050000,-0.367925
-1.200000,-1.050000,-0.375632
-1.150000,-1.050000,-0.385649
-1.100000,-1.050000,-0.398037
-1.050000,-1.050000,-0.412879
-1.000000,-1.050000,-0.430277
-0.950000,-1.050000,-0.450359
-0.900000,-1.050000,-0.473284
-0.850000,-1.050000,-0.499248
-0.800000,-1.050000,-0.528497
-0.750000,-1.050000,-0.561340
-0.700000,-1.050000,-0.598172
-0.650000,-1.050000,-0.639510
-0.600000,-1.050000,-0.686046
-0.550000,-1.050000,-0.738741
-0.500000,-1.050000,-0.798997
-0.450000,-1.050000,-0.868998
-0.400000,-1.050000,-0.952517
-0.350000,-1.050000,-1.057257
-0.300000,-1.050000,-1.205530
-0.250000,-1.050000,-1.171703
-0.200000,-1.050000,-0.977774
-0.150000,-1.050000,-0.842844
-0.100000,-1.050000,-0.734741
-0.050000,-1.050000,-0.643168
-0.000000,-1.050000,-0.563227
0.050000,-1.050000,-0.492129
0.100000,-1.050000,-0.428101
0.150000,-1.050000,-0.369933
0.200000,-1.050000,-0.316756
0.250000,-1.050000,-0.267920
0.300000,-1.050000,-0.222923
0.350000,-1.050000,-0.181372
0.400000,-1.050000,-0.142946
0.450000,-1.050000,-0.107388
0.500000,-1.050000,-0.074480
0.550000,-1.050000,-0.044043
0.600000,-1.050000,-0.015924
0.650000,-1.050000,0.010008
0.700000,-1.050000,0.033864
0.750000,-1.050000,0.055740
0.800000,-1.050000,0.075718
0.850000,-1.050000,0.093870
0.900000,-1.050000,0.110259
0.950000,-1.050000,0.124938
1.000000,-1.050000,0.137952
1.050000,-1.050000,0.149343
1.100000,-1.050000,0.159142
1.150000,-1.050000,0.167379
1.200000,-1.050000,0.174076
1.250000,-1.050000,0.179253
1.300000,-1.050000,0.182922
1.350000,-1.050000,0.185095
1.400000,-1.050000,0.185776
1.450000,-1.050000,0.184968
1.500000,-1.050000,0.182669
1.550000,-1.050000,0.227134
1.600000,-1.050000,0.268868
1.650000,-1.050000,0.307900
1.700000,-1.050000,0.344428
1.750000,-1.050000,0.378619
1.800000,-1.050000,0.410616
1.850000,-1.050000,0.440543
1.900000,-1.050000,0.468508
1.950000,-1.050000,0.494604
2.000000,-1.050000,0.518914
2.050000,-1.050000,0.541510
2.100000,-1.050000,0.562455
2.150000,-1.050000,0.581806
2.200000,-1.050000,0.599613
2.250000,-1.050000,0.615919
2.300000,-1.050000,0.630764
2.350000,-1.050000,0.644181
2.400000,-1.050000,0.656201
2.450000,-1.050000,0.666850
2.500000,-1.050000,0.676149
2.550000,-1.050000,0.684120
2.600000,-1.050000,0.690777
2.650000,-1.050000,0.696135
2.700000,-1.050000,0.700203
2.750000,-1.050000,0.702991
2.800000,-1.050000,0.704503
2.850000,-1.050000,0.704742
2.900000,-1.050000,0.703709
2.950000,-1.050000,0.701402
3.000000,-1.050000,0.697816
3.050000,-1.050000,0.692945
3.100000,-1.050000,0.686778
3.150000,-1.050000,0.679304
3.200000,-1.050000,0.670506
3.250000,-1.050000,0.660368
3.300000,-1.050000,0.507445
3.350000,-1.050000,
3.400000,-1.050000,
3.450000,-1.050000,
3.500000,-1.050000,
-3.500000,-1.000000,
-3.450000,-1.000000,
-3.400000,-1.000000,
-3.350000,-1.000000,0.165831
-3.300000,-1.000000,0.600000
-3.250000,-1.000000,0.829156
-3.200000,-1.000000,1.004988
-3.150000,-1.000000,1.152172
-3.100000,-1.000000,1.280625
-3.050000,-1.000000,1.395529
-3.000000,-1.000000,1.500000
-2.950000,-1.000000,1.596089
-2.900000,-1.000000,1.685230
-2.850000,-1.000000,1.768474
-2.800000,-1.000000,1.764893
-2.750000,-1.000000,1.750174
-2.700000,-1.000000,1.733966
-2.650000,-1.000000,1.716230
-2.600000,-1.000000,1.696920
-2.550000,-1.000000,1.675985
-2.500000,-1.000000,1.653367
-2.450000,-1.000000,1.628998
-2.400000,-1.000000,1.602803
-2.350000,-1.000000,1.574696
-2.300000,-1.000000,1.544578
-2.250000,-1.000000,1.512337
-2.200000,-1.000000,1.477841
-2.150000,-1.000000,1.440938
-2.100000,-1.000000,1.401449
-2.050000,-1.000000,1.359162
-2.000000,-1.000000,1.313827
-1.950000,-1.000000,1.265136
-1.900000,-1.000000,1.212713
-1.850000,-1.000000,1.156089
-1.800000,-1.000000,1.094661
-1.750000,-1.000000,1.027637
-1.700000,-1.000000,0.953942
-1.650000,-1.000000,0.872045
-1.600000,-1.000000,0.779633
-1.550000,-1.000000,0.672900
-1.500000,-1.000000,0.544668
-1.450000,-1.000000,0.377601
-1.400000,-1.000000,0.082334
-1.350000,-1.000000,-0.299563
-1.300000,-1.000000,-0.302620
-1.250000,-1.000000,-0.307791
-1.200000,-1.000000,-0.315106
-1.150000,-1.000000,-0.324603
-1.100000,-1.000000,-0.336338
-1.050000,-1.000000,-0.350378
-1.000000,-1.000000,-0.366810
-0.950000,-1.000000,-0.385741
-0.900000,-1.000000,-0.407300
-0.850000,-1.000000,-0.431649
-0.800000,-1.000000,-0.458985
-0.750000,-1.000000,-0.489550
-0.700000,-1.000000,-0.523652
-0.650000,-1.000000,-0.561677
-0.600000,-1.000000,-0.604130
-0.550000,-1.000000,-0.651679
-0.500000,-1.000000,-0.705248
-0.450000,-1.000000,-0.766166
-0.400000,-1.000000,-0.836475
-0.350000,-1.000000,-0.919617
-0.300000,-1.000000,-1.022342
-0.250000,-1.000000,-1.081592
-0.200000,-1.000000,-0.917246
-0.150000,-1.000000,-0.793900
-0.100000,-1.000000,-0.692377
-0.050000,-1.000000,-0.605162
-0.000000,-1.000000,-0.528365
0.050000,-1.000000,-0.459663
0.100000,-1.000000,-0.397530
0.150000,-1.000000,-0.340905
0.200000,-1.000000,-0.289009
0.250000,-1.000000,-0.241255
0.300000,-1.000000,-0.197184
0.350000,-1.000000,-0.156432
0.400000,-1.000000,-0.118704
0.450000,-1.000000,-0.083757
0.500000,-1.000000,-0.051388
0.550000,-1.000000,-0.021429
0.600000,-1.000000,0.006267
0.650000,-1.000000,0.031821
0.700000,-1.000000,0.055341
0.750000,-1.000000,0.076917
0.800000,-1.000000,0.096630
0.850000,-1.000000,0.114546
0.900000,-1.000000,0.130726
0.950000,-1.000000,0.145221
1.000000,-1.000000,0.158076
1.050000,-1.000000,0.169329
1.100000,-1.000000,0.179011
1.150000,-1.000000,0.187151
1.200000,-1.000000,0.193769
1.250000,-1.000000,0.198886
1.300000,-1.000000,0.202513
1.350000,-1.000000,0.204660
1.400000,-1.000000,0.205334
1.450000,-1.000000,0.204535
1.500000,-1.000000,0.202262
1.550000,-1.000000,0.236474
1.600000,-1.000000,0.277954
1.650000,-1.000000,0.316762
1.700000,-1.000000,0.353089
1.750000,-1.000000,0.387100
1.800000,-1.000000,0.418936
1.850000,-1.000000,0.448718
1.900000,-1.000000,0.476551
1.950000,-1.000000,0.502528
2.000000,-1.000000,0.526730
2.050000,-1.000000,0.549228
2.100000,-1.000000,0.570085
2.150000,-1.000000,0.589357
2.200000,-1.000000,0.607091
2.250000,-1.000000,0.623333
2.300000,-1.000000,0.638120
2.350000,-1.000000,0.651486
2.400000,-1.000000,0.663460
2.450000,-1.000000,0.674068
2.500000,-1.000000,0.683333
2.550000,-1.000000,0.691275
2.600000,-1.000000,0.697907
2.650000,-1.000000,0.703246
2.700000,-1.000000,0.707299
2.750000,-1.000000,0.710077
2.800000,-1.000000,0.711583
2.850000,-1.000000,0.711822
2.900000,-1.000000,0.710793
2.950000,-1.000000,0.708494
3.000000,-1.000000,0.704921
3.050000,-1.000000,0.700068
3.100000,-1.000000,0.693923
3.150000,-1.000000,0.686476
3.200000,-1.000000,0.677711
3.250000,-1.000000,0.667611
3.300000,-1.000000,0.600000
3.350000,-1.000000,0.165831
3.400000,-1.000000,
3.450000,-1.000000,
3.500000,-1.000000,
-3.500000,-0.950000,
-3.450000,-0.950000,
-3.400000,-0.950000,
-3.350000,-0.950000,0.353553
-3.300000,-0.950000,0.676387
-3.250000,-0.950000,0.886002
-3.200000,-0.950000,1.052378
-3.150000,-0.950000,1.193734
-3.100000,-0.950000,1.318143
-3.050000,-0.950000,1.430035
-3.000000,-0.950000,1.532155
-2.950000,-0.950000,1.626346
-2.900000,-0.950000,1.713914
-2.850000,-0.950000,1.764249
-2.800000,-0.950000,1.750882
-2.750000,-0.950000,1.736049
-2.700000,-0.950000,1.719715
-2.650000,-0.950000,1.701838
-2.600000,-0.950000,1.682372
-2.550000,-0.950000,1.661263
-2.500000,-0.950000,1.638452
-2.450000,-0.950000,1.613869
-2.400000,-0.950000,1.587438
-2.350000,-0.950000,1.559070
-2.300000,-0.950000,1.528662
-2.250000,-0.950000,1.496097
-2.200000,-0.950000,1.461240
-2.150000,-0.950000,1.423932
-2.100000,-0.950000,1.383988
-2.050000,-0.950000,1.341186
-2.000000,-0.950000,1.295263
-1.950000,-0.950000,1.245896
-1.900000,-0.950000,1.192688
-1.850000,-0.950000,1.135139
-1.800000,-0.950000,1.072605
-1.750000,-0.950000,1.004232
-1.700000,-0.950000,0.928847
-1.650000,-0.950000,0.844755
-1.600000,-0.950000,0.749347
-1.550000,-0.950000,0.638192
-1.500000,-0.950000,0.502506
-1.450000,-0.950000,0.318580
-1.400000,-0.950000,-0.243798
-1.350000,-0.950000,-0.244714
-1.300000,-0.950000,-0.247636
-1.250000,-0.950000,-0.252578
-1.200000,-0.950000,-0.259565
-1.150000,-0.950000,-0.268632
-1.100000,-0.950000,-0.279825
-1.050000,-0.950000,-0.293204
-1.000000,-0.950000,-0.308843
-0.950000,-0.950000,-0.326832
-0.900000,-0.950000,-0.347283
-0.850000,-0.950000,-0.370330
-0.800000,-0.950000,-0.396136
-0.750000,-0.950000,-0.424902
-0.700000,-0.950000,-0.456873
-0.650000,-0.950000,-0.492358
-0.600000,-0.950000,-0.531745
-0.550000,-0.950000,-0.575537
-0.500000,-0.950000,-0.624398
-0.450000,-0.950000,-0.679242
-0.400000,-0.950000,-0.741377
-0.350000,-0.950000,-0.812797
-0.300000,-0.950000,-0.896829
-0.250000,-0.950000,-0.999878
-0.200000,-0.950000,-0.866478
-0.150000,-0.950000,-0.751528
-0.100000,-0.950000,-0.655123
-0.050000,-0.950000,-0.571426
-0.000000,-0.950000,-0.497227
0.050000,-0.950000,-0.430536
0.100000,-0.950000,-0.370014
0.150000,-0.950000,-0.314710
0.200000,-0.950000,-0.263919
0.250000,-0.950000,-0.217103
0.300000,-0.950000,-0.173839
0.350000,-0.950000,-0.133787
0.400000,-0.950000,-0.096670
0.450000,-0.950000,-0.062261
0.500000,-0.950000,-0.030368
0.550000,-0.950000,-0.000831
0.600000,-0.950000,0.026489
0.650000,-0.950000,0.051710
0.700000,-0.950000,0.074931
0.750000,-0.950000,0.096241
0.800000,-0.950000,0.115717
0.850000,-0.950000,0.133423
0.900000,-0.950000,0.149417
0.950000,-0.950000,0.163749
1.000000,-0.950000,0.176461
1.050000,-0.950000,0.187590
1.100000,-0.950000,0.197168
1.150000,-0.950000,0.205221
1.200000,-0.950000,0.211770
1.250000,-0.950000,0.216832
1.300000,-0.950000,0.220421
1.350000,-0.950000,0.222546
1.400000,-0.950000,0.223212
1.450000,-0.950000,0.222422
1.500000,-0.950000,0.220173
1.550000,-0.950000,0.244095
1.600000,-0.950000,0.285372
1.650000,-0.950000,0.323998
1.700000,-0.950000,0.360163
1.750000,-0.950000,0.394028
1.800000,-0.950000,0.425733
1.850000,-0.950000,0.455397
1.900000,-0.950000,0.483124
1.950000,-0.950000,0.509005
2.000000,-0.950000,0.533119
2.050000,-0.950000,0.555538
2.100000,-0.950000,0.576324
2.150000,-0.950000,0.595530
2.200000,-0.950000,0.613207
2.250000,-0.950000,0.629396
2.300000,-0.950000,0.644135
2.350000,-0.950000,0.657459
2.400000,-0.950000,0.669396
2.450000,-0.950000,0.679972
2.500000,-0.950000,0.689210
2.550000,-0.950000,0.697127
2.600000,-0.950000,0.703740
2.650000,-0.950000,0.709062
2.700000,-0.950000,0.713104
2.750000,-0.950000,0.715874
2.800000,-0.950000,0.717376
2.850000,-0.950000,0.717613
2.900000,-0.950000,0.716587
2.950000,-0.950000,0.714295
3.000000,-0.950000,0.710733
3.050000,-0.950000,0.705894
3.100000,-0.950000,0.699768
3.150000,-0.950000,0.692343
3.200000,-0.950000,0.683604
3.250000,-0.950000,0.673535
3.300000,-0.950000,0.662113
3.350000,-0.950000,0.353553
3.400000,-0.950000,
3.450000,-0.950000,
3.500000,-0.950000,
-3.500000,-0.900000,
-3.450000,-0.900000,
-3.400000,-0.900000,
-3.350000,-0.900000,0.466369
-3.300000,-0.900000,0.741620
-3.250000,-0.900000,0.936750
-3.200000,-0.900000,1.095445
-3.150000,-0.900000,1.231868
-3.100000,-0.900000,1.352775
-3.050000,-0.900000,1.462019
-3.000000,-0.900000,1.562050
-2.950000,-0.900000,1.654539
-2.900000,-0.900000,1.740690
-2.850000,-0.900000,1.748874
-2.800000,-0.900000,1.735394
-2.750000,-0.900000,1.720435
-2.700000,-0.900000,1.703959
-2.650000,-0.900000,1.685923
-2.600000,-0.900000,1.666281
-2.550000,-0.900000,1.644976
-2.500000,-0.900000,1.621948
-2.450000,-0.900000,1.597125
-2.400000,-0.900000,1.570428
-2.350000,-0.900000,1.541764
-2.300000,-0.900000,1.511027
-2.250000,-0.900000,1.478096
-2.200000,-0.900000,1.442830
-2.150000,-0.900000,1.405063
-2.100000,-0.900000,1.364601
-2.050000,-0.900000,1.321212
-2.000000,-0.900000,1.274617
-1.950000,-0.900000,1.224475
-1.900000,-0.900000,1.170364
-1.850000,-0.900000,1.111747
-1.800000,-0.900000,1.047929
-1.750000,-0.900000,0.977979
-1.700000,-0.900000,0.900600
-1.650000,-0.900000,0.813886
-1.600000,-0.900000,0.714830
-1.550000,-0.900000,0.598129
-1.500000,-0.900000,0.452527
-1.450000,-0.900000,0.242041
-1.400000,-0.900000,-0.193218
-1.350000,-0.900000,-0.194098
-1.300000,-0.900000,-0.196906
-1.250000,-0.900000,-0.201654
-1.200000,-0.900000,-0.208364
-1.150000,-0.900000,-0.217067
-1.100000,-0.900000,-0.227804
-1.050000,-0.900000,-0.240627
-1.000000,-0.900000,-0.255601
-0.950000,-0.900000,-0.272805
-0.900000,-0.900000,-0.292336
-0.850000,-0.900000,-0.314308
-0.800000,-0.900000,-0.338861
-0.750000,-0.900000,-0.366164
-0.700000,-0.900000,-0.396422
-0.650000,-0.900000,-0.429888
-0.600000,-0.900000,-0.466875
-0.550000,-0.900000,-0.507779
-0.500000,-0.900000,-0.553112
-0.450000,-0.900000,-0.603550
-0.400000,-0.900000,-0.660021
-0.350000,-0.900000,-0.723851
-0.300000,-0.900000,-0.797062
-0.250000,-0.900000,-0.883022
-0.200000,-0.900000,-0.823246
-0.150000,-0.900000,-0.714653
-0.100000,-0.900000,-0.622321
-0.050000,-0.900000,-0.541505
-0.000000,-0.900000,-0.469473
0.050000,-0.900000,-0.404480
0.100000,-0.900000,-0.345331
0.150000,-0.900000,-0.291162
0.200000,-0.900000,-0.241327
0.250000,-0.900000,-0.195325
0.300000,-0.900000,-0.152764
0.350000,-0.900000,-0.113323
0.400000,-0.900000,-0.076743
0.450000,-0.900000,-0.042807
0.500000,-0.900000,-0.011332
0.550000,-0.900000,0.017833
0.600000,-0.900000,0.044822
0.650000,-0.900000,0.069746
0.700000,-0.900000,0.092704
0.750000,-0.900000,0.113778
0.800000,-0.900000,0.133044
0.850000,-0.900000,0.150563
0.900000,-0.900000,0.166392
0.950000,-0.900000,0.180579
1.000000,-0.900000,0.193164
1.050000,-0.900000,0.204184
1.100000,-0.900000,0.213668
1.150000,-0.900000,0.221643
1.200000,-0.900000,0.228130
1.250000,-0.900000,0.233144
1.300000,-0.900000,0.236699
1.350000,-0.900000,0.238804
1.400000,-0.900000,0.239465
1.450000,-0.900000,0.238682
1.500000,-0.900000,0.236454
1.550000,-0.900000,0.250025
1.600000,-0.900000,0.291144
1.650000,-0.900000,0.329629
1.700000,-0.900000,0.365669
1.750000,-0.900000,0.399423
1.800000,-0.900000,0.431027
1.850000,-0.900000,0.460599
1.900000,-0.900000,0.488243
1.950000,-0.900000,0.514049
2.000000,-0.900000,0.538096
2.050000,-0.900000,0.560454
2.100000,-0.900000,0.581184
2.150000,-0.900000,0.600341
2.200000,-0.900000,0.617972
2.250000,-0.900000,0.634120
2.300000,-0.900000,0.648823
2.350000,-0.900000,0.662115
2.400000,-0.900000,0.674023
2.450000,-0.900000,0.684574
2.500000,-0.900000,0.693789
2.550000,-0.900000,0.701688
2.600000,-0.900000,0.708286
2.650000,-0.900000,0.713596
2.700000,-0.900000,0.717629
2.750000,-0.900000,0.720392
2.800000,-0.900000,0.721890
2.850000,-0.900000,0.722128
2.900000,-0.900000,0.721104
2.950000,-0.900000,0.718817
3.000000,-0.900000,0.715263
3.050000,-0.900000,0.710435
3.100000,-0.900000,0.704323
3.150000,-0.900000,0.696915
3.200000,-0.900000,0.688197
3.250000,-0.900000,0.678151
3.300000,-0.900000,0.666757
3.350000,-0.900000,0.466369
3.400000,-0.900000,
3.450000,-0.900000,
3.500000,-0.900000,
-3.500000,-0.850000,
-3.450000,-0.850000,
-3.400000,-0.850000,
-3.350000,-0.850000,0.552268
-3.300000,-0.850000,0.798436
-3.250000,-0.850000,0.982344
-3.200000,-0.850000,1.134681
-3.150000,-0.850000,1.266886
-3.100000,-0.850000,1.384738
-3.050000,-0.850000,1.491643
-3.000000,-0.850000,1.589811
-2.950000,-0.850000,1.680774
-2.900000,-0.850000,1.744140
-2.850000,-0.850000,1.731998
-2.800000,-0.850000,1.718393
-2.750000,-0.850000,1.703292
-2.700000,-0.850000,1.686657
-2.650000,-0.850000,1.668444
-2.600000,-0.850000,1.648604
-2.550000,-0.850000,1.627080
-2.500000,-0.850000,1.603809
-2.450000,-0.850000,1.578716
-2.400000,-0.850000,1.551720
-2.350000,-0.850000,1.522723
-2.300000,-0.850000,1.491617
-2.250000,-0.850000,1.458274
-2.200000,-0.850000,1.422546
-2.150000,-0.850000,1.384260
-2.100000,-0.850000,1.343211
-2.050000,-0.850000,1.299154
-2.000000,-0.850000,1.251794
-1.950000,-0.850000,1.200766
-1.900000,-0.850000,1.145617
-1.850000,-0.850000,1.085768
-1.800000,-0.850000,1.020459
-1.750000,-0.850000,0.948662
-1.700000,-0.850000,0.868922
-1.650000,-0.850000,0.779056
-1.600000,-0.850000,0.675511
-1.550000,-0.850000,0.551707
-1.500000,-0.850000,0.392311
-1.450000,-0.850000,0.130499
-1.400000,-0.850000,-0.146389
-1.350000,-0.850000,-0.147238
-1.300000,-0.850000,-0.149948
-1.250000,-0.850000,-0.154530
-1.200000,-0.850000,-0.161002
-1.150000,-0.850000,-0.169394
-1.100000,-0.850000,-0.179741
-1.050000,-0.850000,-0.192090
-1.000000,-0.850000,-0.206499
-0.950000,-0.850000,-0.223038
-0.900000,-0.850000,-0.241792
-0.850000,-0.850000,-0.262861
-0.800000,-0.850000,-0.286367
-0.750000,-0.850000,-0.312455
-0.700000,-0.850000,-0.341302
-0.650000,-0.850000,-0.373119
-0.600000,-0.850000,-0.408169
-0.550000,-0.850000,-0.446776
-0.500000,-0.850000,-0.489350
-0.450000,-0.850000,-0.536421
-0.400000,-0.850000,-0.588691
-0.350000,-0.850000,-0.647123
-0.300000,-0.850000,-0.713099
-0.250000,-0.850000,-0.788738
-0.200000,-0.850000,-0.786168
-0.150000,-0.850000,-0.682527
-0.100000,-0.850000,-0.593486
-0.050000,-0.850000,-0.515049
-0.000000,-0.850000,-0.444833
0.050000,-0.850000,-0.381280
0.100000,-0.850000,-0.323303
0.150000,-0.850000,-0.270109
0.200000,-0.850000,-0.221098
0.250000,-0.850000,-0.175803
0.300000,-0.850000,-0.133853
0.350000,-0.850000,-0.094946
0.400000,-0.850000,-0.058834
0.450000,-0.850000,-0.025312
0.500000,-0.850000,0.005795
0.550000,-0.850000,0.034634
0.600000,-0.850000,0.061331
0.650000,-0.850000,0.085995
0.700000,-0.850000,0.108719
0.750000,-0.850000,0.129586
0.800000,-0.850000,0.148666
0.850000,-0.850000,0.166020
0.900000,-0.850000,0.181703
0.950000,-0.850000,0.195761
1.000000,-0.850000,0.208234
1.050000,-0.850000,0.219157
1.100000,-0.850000,0.228559
1.150000,-0.850000,0.236466
1.200000,-0.850000,0.242896
1.250000,-0.850000,0.247868
1.300000,-0.850000,0.251393
1.350000,-0.850000,0.253481
1.400000,-0.850000,0.254136
1.450000,-0.850000,0.253359
1.500000,-0.850000,0.251150
1.550000,-0.850000,0.254282
1.600000,-0.850000,0.295288
1.650000,-0.850000,0.333674
1.700000,-0.850000,0.369625
1.750000,-0.850000,0.403298
1.800000,-0.850000,0.434829
1.850000,-0.850000,0.464337
1.900000,-0.850000,0.491922
1.950000,-0.850000,0.517675
2.000000,-0.850000,0.541674
2.050000,-0.850000,0.563987
2.100000,-0.850000,0.584678
2.150000,-0.850000,0.603798
2.200000,-0.850000,0.621397
2.250000,-0.850000,0.637516
2.300000,-0.850000,0.652193
2.350000,-0.850000,0.665461
2.400000,-0.850000,0.677349
2.450000,-0.850000,0.687882
2.500000,-0.850000,0.697082
2.550000,-0.850000,0.704968
2.600000,-0.850000,0.711554
2.650000,-0.850000,0.716856
2.700000,-0.850000,0.720882
2.750000,-0.850000,0.723640
2.800000,-0.850000,0.725136
2.850000,-0.850000,0.725373
2.900000,-0.850000,0.724351
2.950000,-0.850000,0.722068
3.000000,-0.850000,0.718520
3.050000,-0.850000,0.713700
3.100000,-0.850000,0.707598
3.150000,-0.850000,0.700203
3.200000,-0.850000,0.691500
3.250000,-0.850000,0.681471
3.300000,-0.850000,0.670095
3.350000,-0.850000,0.552268
3.400000,-0.850000,
3.450000,-0.850000,
3.500000,-0.850000,
-3.500000,-0.800000,
-3.450000,-0.800000,
-3.400000,-0.800000,0.223607
-3.350000,-0.800000,0.622495
-3.300000,-0.800000,0.848528
-3.250000,-0.800000,1.023474
-3.200000,-0.800000,1.170470
-3.150000,-0.800000,1.299038
-3.100000,-0.800000,1.414214
-3.050000,-0.800000,1.519046
-3.000000,-0.800000,1.615549
-2.950000,-0.800000,1.705139
-2.900000,-0.800000,1.725845
-2.850000,-0.800000,1.713580
-2.800000,-0.800000,1.699835
-2.750000,-0.800000,1.684576
-2.700000,-0.800000,1.667764
-2.650000,-0.800000,1.649353
-2.600000,-0.800000,1.629293
-2.550000,-0.800000,1.607524
-2.500000,-0.800000,1.583981
-2.450000,-0.800000,1.558587
-2.400000,-0.800000,1.531256
-2.350000,-0.800000,1.501887
-2.300000,-0.800000,1.470365
-2.250000,-0.800000,1.436558
-2.200000,-0.800000,1.400310
-2.150000,-0.800000,1.361438
-2.100000,-0.800000,1.319725
-2.050000,-0.800000,1.274911
-2.000000,-0.800000,1.226679
-1.950000,-0.800000,1.174639
-1.900000,-0.800000,1.118299
-1.850000,-0.800000,1.057027
-1.800000,-0.800000,0.989983
-1.750000,-0.800000,0.916014
-1.700000,-0.800000,0.833461
-1.650000,-0.800000,0.739768
-1.600000,-0.800000,0.630605
-1.550000,-0.800000,0.497424
-1.500000,-0.800000,0.317352
-1.450000,-0.800000,-0.103907
-1.400000,-0.800000,-0.102931
-1.350000,-0.800000,-0.103754
-1.300000,-0.800000,-0.106379
-1.250000,-0.800000,-0.110816
-1.200000,-0.800000,-0.117083
-1.150000,-0.800000,-0.125205
-1.100000,-0.800000,-0.135215
-1.050000,-0.800000,-0.147156
-1.000000,-0.800000,-0.161079
-0.950000,-0.800000,-0.177047
-0.900000,-0.800000,-0.195136
-0.850000,-0.800000,-0.215435
-0.800000,-0.800000,-0.238053
-0.750000,-0.800000,-0.263116
-0.700000,-0.800000,-0.290778
-0.650000,-0.800000,-0.321223
-0.600000,-0.800000,-0.354674
-0.550000,-0.800000,-0.391405
-0.500000,-0.800000,-0.431756
-0.450000,-0.800000,-0.476158
-0.400000,-0.800000,-0.525168
-0.350000,-0.800000,-0.579528
-0.300000,-0.800000,-0.640260
-0.250000,-0.800000,-0.708843
-0.200000,-0.800000,-0.754315
-0.150000,-0.800000,-0.654602
-0.100000,-0.800000,-0.568245
-0.050000,-0.800000,-0.491783
-0.000000,-0.800000,-0.423093
0.050000,-0.800000,-0.360759
0.100000,-0.800000,-0.303783
0.150000,-0.800000,-0.251425
0.200000,-0.800000,-0.203123
0.250000,-0.800000,-0.158438
0.300000,-0.800000,-0.117017
0.350000,-0.800000,-0.078573
0.400000,-0.800000,-0.042869
0.450000,-0.800000,-0.009707
0.500000,-0.800000,0.021079
0.550000,-0.800000,0.049632
0.600000,-0.800000,0.076074
0.650000,-0.800000,0.100510
0.700000,-0.800000,0.123030
0.750000,-0.800000,0.143714
0.800000,-0.800000,0.162631
0.850000,-0.800000,0.179841
0.900000,-0.800000,0.195396
0.950000,-0.800000,0.209341
1.000000,-0.800000,0.221715
1.050000,-0.800000,0.232552
1.100000,-0.800000,0.241882
1.150000,-0.800000,0.249728
1.200000,-0.800000,0.256110
1.250000,-0.800000,0.261044
1.300000,-0.800000,0.264543
1.350000,-0.800000,0.266615
1.400000,-0.800000,0.267265
1.450000,-0.800000,0.266494
1.500000,-0.800000,0.264301
1.550000,-0.800000,0.260681
1.600000,-0.800000,0.297819
1.650000,-0.800000,0.336144
1.700000,-0.800000,0.372040
1.750000,-0.800000,0.405665
1.800000,-0.800000,0.437152
1.850000,-0.800000,0.466620
1.900000,-0.800000,0.494169
1.950000,-0.800000,0.519890
2.000000,-0.800000,0.543859
2.050000,-0.800000,0.566146
2.100000,-0.800000,0.586812
2.150000,-0.800000,0.605911
2.200000,-0.800000,0.623490
2.250000,-0.800000,0.639591
2.300000,-0.800000,0.654253
2.350000,-0.800000,0.667506
2.400000,-0.800000,0.679382
2.450000,-0.800000,0.689904
2.500000,-0.800000,0.699094
2.550000,-0.800000,0.706971
2.600000,-0.800000,0.713552
2.650000,-0.800000,0.718848
2.700000,-0.800000,0.722870
2.750000,-0.800000,0.725625
2.800000,-0.800000,0.727120
2.850000,-0.800000,0.727357
2.900000,-0.800000,0.726336
2.950000,-0.800000,0.724055
3.000000,-0.800000,0.720510
3.050000,-0.800000,0.715695
3.100000,-0.800000,0.709599
3.150000,-0.800000,0.702212
3.200000,-0.800000,0.693517
3.250000,-0.800000,0.683499
3.300000,-0.800000,0.672136
3.350000,-0.800000,0.622495
3.400000,-0.800000,0.223607
3.450000,-0.800000,
3.500000,-0.800000,
-3.500000,-0.750000,
-3.450000,-0.750000,
-3.400000,-0.750000,0.357071
-3.350000,-0.750000,0.681909
-3.300000,-0.750000,0.893029
-3.250000,-0.750000,1.060660
-3.200000,-0.750000,1.203121
-3.150000,-0.750000,1.328533
-3.100000,-0.750000,1.441354
-3.050000,-0.750000,1.544345
-3.000000,-0.750000,1.639360
-2.950000,-0.750000,1.716908
-2.900000,-0.750000,1.705973
-2.850000,-0.750000,1.693571
-2.800000,-0.750000,1.679671
-2.750000,-0.750000,1.664237
-2.700000,-0.750000,1.647228
-2.650000,-0.750000,1.628597
-2.600000,-0.750000,1.608292
-2.550000,-0.750000,1.586251
-2.500000,-0.750000,1.562405
-2.450000,-0.750000,1.536674
-2.400000,-0.750000,1.508968
-2.350000,-0.750000,1.479182
-2.300000,-0.750000,1.447196
-2.250000,-0.750000,1.412868
-2.200000,-0.750000,1.376034
-2.150000,-0.750000,1.336501
-2.100000,-0.750000,1.294037
-2.050000,-0.750000,1.248364
-2.000000,-0.750000,1.199140
-1.950000,-0.750000,1.145942
-1.900000,-0.750000,1.088231
-1.850000,-0.750000,1.025309
-1.800000,-0.750000,0.956236
-1.750000,-0.750000,0.879699
-1.700000,-0.750000,0.793763
-1.650000,-0.750000,0.695352
-1.600000,-0.750000,0.578990
-1.550000,-0.750000,0.432841
-1.500000,-0.750000,0.217061
-1.450000,-0.750000,-0.063485
-1.400000,-0.750000,-0.062537
-1.350000,-0.750000,-0.063337
-1.300000,-0.750000,-0.065887
-1.250000,-0.750000,-0.070198
-1.200000,-0.750000,-0.076286
-1.150000,-0.750000,-0.084172
-1.100000,-0.750000,-0.093889
-1.050000,-0.750000,-0.105474
-1.000000,-0.750000,-0.118975
-0.950000,-0.750000,-0.134448
-0.900000,-0.750000,-0.151962
-0.850000,-0.750000,-0.171598
-0.800000,-0.750000,-0.193453
-0.750000,-0.750000,-0.217640
-0.700000,-0.750000,-0.244294
-0.650000,-0.750000,-0.273578
-0.600000,-0.750000,-0.305686
-0.550000,-0.750000,-0.340854
-0.500000,-0.750000,-0.379373
-0.450000,-0.750000,-0.421602
-0.400000,-0.750000,-0.468001
-0.350000,-0.750000,-0.519165
-0.300000,-0.750000,-0.575892
-0.250000,-0.750000,-0.639288
-0.200000,-0.750000,-0.710975
-0.150000,-0.750000,-0.630470
-0.100000,-0.750000,-0.546312
-0.050000,-0.750000,-0.471490
-0.000000,-0.750000,-0.404079
0.050000,-0.750000,-0.342775
0.100000,-0.750000,-0.286647
0.150000,-0.750000,-0.235003
0.200000,-0.750000,-0.187309
0.250000,-0.750000,-0.143147
0.300000,-0.750000,-0.102181
0.350000,-0.750000,-0.064136
0.400000,-0.750000,-0.028784
0.450000,-0.750000,0.004066
0.500000,-0.750000,0.034575
0.550000,-0.750000,0.062880
0.600000,-0.750000,0.089101
0.650000,-0.750000,0.113338
0.700000,-0.750000,0.135681
0.750000,-0.750000,0.156207
0.800000,-0.750000,0.174982
0.850000,-0.750000,0.192066
0.900000,-0.750000,0.207509
0.950000,-0.750000,0.221355
1.000000,-0.750000,0.233643
1.050000,-0.750000,0.244406
1.100000,-0.750000,0.253673
1.150000,-0.750000,0.261466
1.200000,-0.750000,0.267805
1.250000,-0.750000,0.272707
1.300000,-0.750000,0.276183
1.350000,-0.750000,0.278241
1.400000,-0.750000,0.278887
1.450000,-0.750000,0.278121
1.500000,-0.750000,0.275943
1.550000,-0.750000,0.272346
1.600000,-0.750000,0.298744
1.650000,-0.750000,0.337046
1.700000,-0.750000,0.372923
1.750000,-0.750000,0.406529
1.800000,-0.750000,0.438001
1.850000,-0.750000,0.467454
1.900000,-0.750000,0.494990
1.950000,-0.750000,0.520699
2.000000,-0.750000,0.544657
2.050000,-0.750000,0.566935
2.100000,-0.750000,0.587592
2.150000,-0.750000,0.606683
2.200000,-0.750000,0.624255
2.250000,-0.750000,0.640350
2.300000,-0.750000,0.655005
2.350000,-0.750000,0.668254
2.400000,-0.750000,0.680125
2.450000,-0.750000,0.690642
2.500000,-0.750000,0.699829
2.550000,-0.750000,0.707704
2.600000,-0.750000,0.714282
2.650000,-0.750000,0.719576
2.700000,-0.750000,0.723596
2.750000,-0.750000,0.726351
2.800000,-0.750000,0.727845
2.850000,-0.750000,0.728082
2.900000,-0.750000,0.727061
2.950000,-0.750000,0.724781
3.000000,-0.750000,0.721238
3.050000,-0.750000,0.716424
3.100000,-0.750000,0.710331
3.150000,-0.750000,0.702946
3.200000,-0.750000,0.694255
3.250000,-0.750000,0.684240
3.300000,-0.750000,0.672881
3.350000,-0.750000,0.660154
3.400000,-0.750000,0.357071
3.450000,-0.750000,
3.500000,-0.750000,
-3.500000,-0.700000,
-3.450000,-0.700000,
-3.400000,-0.700000,0.447214
-3.350000,-0.700000,0.733144
-3.300000,-0.700000,0.932738
-3.250000,-0.700000,1.094303
-3.200000,-0.700000,1.232883
-3.150000,-0.700000,1.355544
-3.100000,-0.700000,1.466288
-3.050000,-0.700000,1.567642
-3.000000,-0.700000,1.661325
-2.950000,-0.700000,1.695537
-2.900000,-0.700000,1.684471
-2.850000,-0.700000,1.671918
-2.800000,-0.700000,1.657845
-2.750000,-0.700000,1.642217
-2.700000,-0.700000,1.624990
-2.650000,-0.700000,1.606115
-2.600000,-0.700000,1.585537
-2.550000,-0.700000,1.563193
-2.500000,-0.700000,1.539010
-2.450000,-0.700000,1.512904
-2.400000,-0.700000,1.484780
-2.350000,-0.700000,1.454528
-2.300000,-0.700000,1.422020
-2.250000,-0.700000,1.387107
-2.200000,-0.700000,1.349615
-2.150000,-0.700000,1.309336
-2.100000,-0.700000,1.266022
-2.050000,-0.700000,1.219373
-2.000000,-0.700000,1.169017
-1.950000,-0.700000,1.114490
-1.900000,-0.700000,1.055196
-1.850000,-0.700000,0.990353
-1.800000,-0.700000,0.918892
-1.750000,-0.700000,0.839287
-1.700000,-0.700000,0.749227
-1.650000,-0.700000,0.644882
-1.600000,-0.700000,0.518962
-1.550000,-0.700000,0.353487
-1.500000,-0.700000,0.043237
-1.450000,-0.700000,-0.025879
-1.400000,-0.700000,-0.024955
-1.350000,-0.700000,-0.025734
-1.300000,-0.700000,-0.028219
-1.250000,-0.700000,-0.032419
-1.200000,-0.700000,-0.038348
-1.150000,-0.700000,-0.046028
-1.100000,-0.700000,-0.055487
-1.050000,-0.700000,-0.066760
-1.000000,-0.700000,-0.079891
-0.950000,-0.700000,-0.094931
-0.900000,-0.700000,-0.111944
-0.850000,-0.700000,-0.131004
-0.800000,-0.700000,-0.152196
-0.750000,-0.700000,-0.175626
-0.700000,-0.700000,-0.201413
-0.650000,-0.700000,-0.229703
-0.600000,-0.700000,-0.260667
-0.550000,-0.700000,-0.294514
-0.500000,-0.700000,-0.331495
-0.450000,-0.700000,-0.371919
-0.400000,-0.700000,-0.416176
-0.350000,-0.700000,-0.464758
-0.300000,-0.700000,-0.518314
-0.250000,-0.700000,-0.577714
-0.200000,-0.700000,-0.644186
-0.150000,-0.700000,-0.609821
-0.100000,-0.700000,-0.527461
-0.050000,-0.700000,-0.453996
-0.000000,-0.700000,-0.387651
0.050000,-0.700000,-0.327210
0.100000,-0.700000,-0.271798
0.150000,-0.700000,-0.220755
0.200000,-0.700000,-0.173576
0.250000,-0.700000,-0.129859
0.300000,-0.700000,-0.089281
0.350000,-0.700000,-0.051576
0.400000,-0.700000,-0.016525
0.450000,-0.700000,0.016058
0.500000,-0.700000,0.046329
0.550000,-0.700000,0.074422
0.600000,-0.700000,0.100453
0.650000,-0.700000,0.124520
0.700000,-0.700000,0.146711
0.750000,-0.700000,0.167101
0.800000,-0.700000,0.185754
0.850000,-0.700000,0.202729
0.900000,-0.700000,0.218076
0.950000,-0.700000,0.231837
1.000000,-0.700000,0.244051
1.050000,-0.700000,0.254750
1.100000,-0.700000,0.263962
1.150000,-0.700000,0.271710
1.200000,-0.700000,0.278013
1.250000,-0.700000,0.282886
1.300000,-0.700000,0.286342
1.350000,-0.700000,0.288389
1.400000,-0.700000,0.289030
1.450000,-0.700000,0.288269
1.500000,-0.700000,0.286103
1.550000,-0.700000,0.282527
1.600000,-0.700000,0.298065
1.650000,-0.700000,0.336384
1.700000,-0.700000,0.372275
1.750000,-0.700000,0.405894
1.800000,-0.700000,0.437378
1.850000,-0.700000,0.466842
1.900000,-0.700000,0.494387
1.950000,-0.700000,0.520105
2.000000,-0.700000,0.544071
2.050000,-0.700000,0.566356
2.100000,-0.700000,0.587019
2.150000,-0.700000,0.606116
2.200000,-0.700000,0.623693
2.250000,-0.700000,0.639793
2.300000,-0.700000,0.654452
2.350000,-0.700000,0.667705
2.400000,-0.700000,0.679579
2.450000,-0.700000,0.690100
2.500000,-0.700000,0.699289
2.550000,-0.700000,0.707166
2.600000,-0.700000,0.713746
2.650000,-0.700000,0.719041
2.700000,-0.700000,0.723063
2.750000,-0.700000,0.725818
2.800000,-0.700000,0.727313
2.850000,-0.700000,0.727549
2.900000,-0.700000,0.726528
2.950000,-0.700000,0.724248
3.000000,-0.700000,0.720703
3.050000,-0.700000,0.715888
3.100000,-0.700000,0.709793
3.150000,-0.700000,0.702407
3.200000,-0.700000,0.693713
3.250000,-0.700000,0.683696
3.300000,-0.700000,0.672334
3.350000,-0.700000,0.659603
3.400000,-0.700000,0.447214
3.450000,-0.700000,
3.500000,-0.700000,
-3.500000,-0.650000,
-3.450000,-0.650000,
-3.400000,-0.650000,0.517204
-3.350000,-0.650000,0.777817
-3.300000,-0.650000,0.968246
-3.250000,-0.650000,1.124722
-3.200000,-0.650000,1.259960
-3.150000,-0.650000,1.380217
-3.100000,-0.650000,1.489127
-3.050000,-0.650000,1.589025
-3.000000,-0.650000,1.681517
-2.950000,-0.650000,1.672491
-2.900000,-0.650000,1.661279
-2.850000,-0.650000,1.648558
-2.800000,-0.650000,1.634295
-2.750000,-0.650000,1.618451
-2.700000,-0.650000,1.600982
-2.650000,-0.650000,1.581837
-2.600000,-0.650000,1.560957
-2.550000,-0.650000,1.538275
-2.500000,-0.650000,1.513716
-2.450000,-0.650000,1.487192
-2.400000,-0.650000,1.458602
-2.350000,-0.650000,1.427828
-2.300000,-0.650000,1.394736
-2.250000,-0.650000,1.359167
-2.200000,-0.650000,1.320933
-2.150000,-0.650000,1.279811
-2.100000,-0.650000,1.235533
-2.050000,-0.650000,1.187772
-2.000000,-0.650000,1.136119
-1.950000,-0.650000,1.080061
-1.900000,-0.650000,1.018930
-1.850000,-0.650000,0.951834
-1.800000,-0.650000,0.877534
-1.750000,-0.650000,0.794216
-1.700000,-0.650000,0.699034
-1.650000,-0.650000,0.587005
-1.600000,-0.650000,0.447718
-1.550000,-0.650000,0.249173
-1.500000,-0.650000,0.006556
-1.450000,-0.650000,0.009125
-1.400000,-0.650000,0.010027
-1.350000,-0.650000,0.009266
-1.300000,-0.650000,0.006839
-1.250000,-0.650000,0.002738
-1.200000,-0.650000,-0.003052
-1.150000,-0.650000,-0.010549
-1.100000,-0.650000,-0.019780
-1.050000,-0.650000,-0.030778
-1.000000,-0.650000,-0.043583
-0.950000,-0.650000,-0.058243
-0.900000,-0.650000,-0.074815
-0.850000,-0.650000,-0.093369
-0.800000,-0.650000,-0.113983
-0.750000,-0.650000,-0.136752
-0.700000,-0.650000,-0.161787
-0.650000,-0.650000,-0.189216
-0.600000,-0.650000,-0.219197
-0.550000,-0.650000,-0.251912
-0.500000,-0.650000,-0.287585
-0.450000,-0.650000,-0.326487
-0.400000,-0.650000,-0.368954
-0.350000,-0.650000,-0.415406
-0.300000,-0.650000,-0.466384
-0.250000,-0.650000,-0.522601
-0.200000,-0.650000,-0.585030
-0.150000,-0.650000,-0.592415
-0.100000,-0.650000,-0.511514
-0.050000,-0.650000,-0.439160
-0.000000,-0.650000,-0.373694
0.050000,-0.650000,-0.313969
0.100000,-0.650000,-0.259150
0.150000,-0.650000,-0.208611
0.200000,-0.650000,-0.161862
0.250000,-0.650000,-0.118517
0.300000,-0.650000,-0.078264
0.350000,-0.650000,-0.040845
0.400000,-0.650000,-0.006047
0.450000,-0.650000,0.026311
0.500000,-0.650000,0.056382
0.550000,-0.650000,0.084296
0.600000,-0.650000,0.110167
0.650000,-0.650000,0.134090
0.700000,-0.650000,0.156152
0.750000,-0.650000,0.176426
0.800000,-0.650000,0.194977
0.850000,-0.650000,0.211860
0.900000,-0.650000,0.227125
0.950000,-0.650000,0.240815
1.000000,-0.650000,0.252966
1.050000,-0.650000,0.263611
1.100000,-0.650000,0.272776
1.150000,-0.650000,0.280486
1.200000,-0.650000,0.286757
1.250000,-0.650000,0.291607
1.300000,-0.650000,0.295046
1.350000,-0.650000,0.297083
1.400000,-0.650000,0.297721
1.450000,-0.650000,0.296964
1.500000,-0.650000,0.294808
1.550000,-0.650000,0.291250
1.600000,-0.650000,0.295780
1.650000,-0.650000,0.334154
1.700000,-0.650000,0.370094
1.750000,-0.650000,0.403758
1.800000,-0.650000,0.435281
1.850000,-0.650000,0.464781
1.900000,-0.650000,0.492359
1.950000,-0.650000,0.518105
2.000000,-0.650000,0.542098
2.050000,-0.650000,0.564407
2.100000,-0.650000,0.585093
2.150000,-0.650000,0.604209
2.200000,-0.650000,0.621804
2.250000,-0.650000,0.637920
2.300000,-0.650000,0.652594
2.350000,-0.650000,0.665859
2.400000,-0.650000,0.677744
2.450000,-0.650000,0.688275
2.500000,-0.650000,0.697473
2.550000,-0.650000,0.705357
2.600000,-0.650000,0.711943
2.650000,-0.650000,0.717243
2.700000,-0.650000,0.721268
2.750000,-0.650000,0.724026
2.800000,-0.650000,0.725522
2.850000,-0.650000,0.725759
2.900000,-0.650000,0.724737
2.950000,-0.650000,0.722454
3.000000,-0.650000,0.718907
3.050000,-0.650000,0.714087
3.100000,-0.650000,0.707987
3.150000,-0.650000,0.700593
3.200000,-0.650000,0.691892
3.250000,-0.650000,0.681865
3.300000,-0.650000,0.670492
3.350000,-0.650000,0.657749
3.400000,-0.650000,0.517204
3.450000,-0.650000,
3.500000,-0.650000,
-3.500000,-0.600000,
-3.450000,-0.600000,
-3.400000,-0.600000,0.574456
-3.350000,-0.600000,0.817007
-3.300000,-0.600000,1.000000
-3.250000,-0.600000,1.152172
-3.200000,-0.600000,1.284523
-3.150000,-0.600000,1.402676
-3.100000,-0.600000,1.509967
-3.050000,-0.600000,1.608571
-3.000000,-0.600000,1.657571
-2.950000,-0.600000,1.647701
-2.900000,-0.600000,1.636329
-2.850000,-0.600000,1.623423
-2.800000,-0.600000,1.608949
-2.750000,-0.600000,1.592867
-2.700000,-0.600000,1.575129
-2.650000,-0.600000,1.555683
-2.600000,-0.600000,1.534467
-2.550000,-0.600000,1.511411
-2.500000,-0.600000,1.486434
-2.450000,-0.600000,1.459443
-2.400000,-0.600000,1.430331
-2.350000,-0.600000,1.398973
-2.300000,-0.600000,1.365226
-2.250000,-0.600000,1.328917
-2.200000,-0.600000,1.289846
-2.150000,-0.600000,1.247769
-2.100000,-0.600000,1.202395
-2.050000,-0.600000,1.153362
-2.000000,-0.600000,1.100218
-1.950000,-0.600000,1.042385
-1.900000,-0.600000,0.979104
-1.850000,-0.600000,0.909339
-1.800000,-0.600000,0.831622
-1.750000,-0.600000,0.743734
-1.700000,-0.600000,0.642023
-1.650000,-0.600000,0.519619
-1.600000,-0.600000,0.359969
-1.550000,-0.600000,0.078814
-1.500000,-0.600000,0.039188
-1.450000,-0.600000,0.041703
-1.400000,-0.600000,0.042586
-1.350000,-0.600000,0.041841
-1.300000,-0.600000,0.039466
-1.250000,-0.600000,0.035452
-1.200000,-0.600000,0.029787
-1.150000,-0.600000,0.022452
-1.100000,-0.600000,0.013423
-1.050000,-0.600000,0.002670
-1.000000,-0.600000,-0.009846
-0.950000,-0.600000,-0.024170
-0.900000,-0.600000,-0.040354
-0.850000,-0.600000,-0.058462
-0.800000,-0.600000,-0.078567
-0.750000,-0.600000,-0.100757
-0.700000,-0.600000,-0.125132
-0.650000,-0.600000,-0.151812
-0.600000,-0.600000,-0.180938
-0.550000,-0.600000,-0.212675
-0.500000,-0.600000,-0.247224
-0.450000,-0.600000,-0.284826
-0.400000,-0.600000,-0.325776
-0.350000,-0.600000,-0.370441
-0.300000,-0.600000,-0.419282
-0.250000,-0.600000,-0.472901
-0.200000,-0.600000,-0.532096
-0.150000,-0.600000,-0.578067
-0.100000,-0.600000,-0.498332
-0.050000,-0.600000,-0.426872
-0.000000,-0.600000,-0.362117
0.050000,-0.600000,-0.302973
0.100000,-0.600000,-0.248639
0.150000,-0.600000,-0.198509
0.200000,-0.600000,-0.152112
0.250000,-0.600000,-0.109073
0.300000,-0.600000,-0.069087
0.350000,-0.600000,-0.031903
0.400000,-0.600000,0.002687
0.450000,-0.600000,0.034861
0.500000,-0.600000,0.064766
0.550000,-0.600000,0.092533
0.600000,-0.600000,0.118271
0.650000,-0.600000,0.142076
0.700000,-0.600000,0.164032
0.750000,-0.600000,0.184211
0.800000,-0.600000,0.202676
0.850000,-0.600000,0.219483
0.900000,-0.600000,0.234681
0.950000,-0.600000,0.248311
1.000000,-0.600000,0.260411
1.050000,-0.600000,0.271010
1.100000,-0.600000,0.280138
1.150000,-0.600000,0.287815
1.200000,-0.600000,0.294061
1.250000,-0.600000,0.298891
1.300000,-0.600000,0.302316
1.350000,-0.600000,0.304344
1.400000,-0.600000,0.304981
1.450000,-0.600000,0.304226
1.500000,-0.600000,0.302079
1.550000,-0.600000,0.298535
1.600000,-0.600000,0.293585
1.650000,-0.600000,0.330351
1.700000,-0.600000,0.366375
1.750000,-0.600000,0.400114
1.800000,-0.600000,0.431705
1.850000,-0.600000,0.461266
1.900000,-0.600000,0.488900
1.950000,-0.600000,0.514696
2.000000,-0.600000,0.538735
2.050000,-0.600000,0.561085
2.100000,-0.600000,0.581808
2.150000,-0.600000,0.600958
2.200000,-0.600000,0.618583
2.250000,-0.600000,0.634726
2.300000,-0.600000,0.649425
2.350000,-0.600000,0.662712
2.400000,-0.600000,0.674617
2.450000,-0.600000,0.685164
2.500000,-0.600000,0.694377
2.550000,-0.600000,0.702273
2.600000,-0.600000,0.708869
2.650000,-0.600000,0.714178
2.700000,-0.600000,0.718209
2.750000,-0.600000,0.720971
2.800000,-0.600000,0.722470
2.850000,-0.600000,0.722707
2.900000,-0.600000,0.721683
2.950000,-0.600000,0.719397
3.000000,-0.600000,0.715844
3.050000,-0.600000,0.711017
3.100000,-0.600000,0.704907
3.150000,-0.600000,0.697502
3.200000,-0.600000,0.688787
3.250000,-0.600000,0.678744
3.300000,-0.600000,0.667352
3.350000,-0.600000,0.654589
3.400000,-0.600000,0.574456
3.450000,-0.600000,
3.500000,-0.600000,
-3.500000,-0.550000,
-3.450000,-0.550000,0.212132
-3.400000,-0.550000,0.622495
-3.350000,-0.550000,0.851469
-3.300000,-0.550000,1.028348
-3.250000,-0.550000,1.176860
-3.200000,-0.550000,1.306713
-3.150000,-0.550000,1.423025
-3.100000,-0.550000,1.528888
-3.050000,-0.550000,1.626346
-3.000000,-0.550000,1.631116
-2.950000,-0.550000,1.621094
-2.900000,-0.550000,1.609543
-2.850000,-0.550000,1.596433
-2.800000,-0.550000,1.581725
-2.750000,-0.550000,1.565379
-2.700000,-0.550000,1.547343
-2.650000,-0.550000,1.527564
-2.600000,-0.550000,1.505974
-2.550000,-0.550000,1.482500
-2.500000,-0.550000,1.457056
-2.450000,-0.550000,1.429544
-2.400000,-0.550000,1.399848
-2.350000,-0.550000,1.367836
-2.300000,-0.550000,1.333350
-2.250000,-0.550000,1.296207
-2.200000,-0.550000,1.256188
-2.150000,-0.550000,1.213026
-2.100000,-0.550000,1.166398
-2.050000,-0.550000,1.115903
-2.000000,-0.550000,1.061032
-1.950000,-0.550000,1.001126
-1.900000,-0.550000,0.935303
-1.850000,-0.550000,0.862337
-1.800000,-0.550000,0.780438
-1.750000,-0.550000,0.686785
-1.700000,-0.550000,0.576449
-1.650000,-0.550000,0.439109
-1.600000,-0.550000,0.242940
-1.550000,-0.550000,0.065469
-1.500000,-0.550000,0.069542
-1.450000,-0.550000,0.072008
-1.400000,-0.550000,0.072874
-1.350000,-0.550000,0.072143
-1.300000,-0.550000,0.069814
-1.250000,-0.550000,0.065878
-1.200000,-0.550000,0.060324
-1.150000,-0.550000,0.053134
-1.100000,-0.550000,0.044285
-1.050000,-0.550000,0.033749
-1.000000,-0.550000,0.021490
-0.950000,-0.550000,0.007466
-0.900000,-0.550000,-0.008373
-0.850000,-0.550000,-0.026087
-0.800000,-0.550000,-0.045742
-0.750000,-0.550000,-0.067421
-0.700000,-0.550000,-0.091217
-0.650000,-0.550000,-0.117239
-0.600000,-0.550000,-0.145617
-0.550000,-0.550000,-0.176503
-0.500000,-0.550000,-0.210078
-0.450000,-0.550000,-0.246559
-0.400000,-0.550000,-0.286210
-0.350000,-0.550000,-0.329354
-0.300000,-0.550000,-0.376398
-0.250000,-0.550000,-0.427856
-0.200000,-0.550000,-0.484404
-0.150000,-0.550000,-0.546955
-0.100000,-0.550000,-0.487806
-0.050000,-0.550000,-0.417045
-0.000000,-0.550000,-0.352848
0.050000,-0.550000,-0.294161
0.100000,-0.550000,-0.240209
0.150000,-0.550000,-0.190403
0.200000,-0.550000,-0.144286
0.250000,-0.550000,-0.101488
0.300000,-0.550000,-0.061714
0.350000,-0.550000,-0.024717
0.400000,-0.550000,0.009708
0.450000,-0.550000,0.041734
0.500000,-0.550000,0.071509
0.550000,-0.550000,0.099158
0.600000,-0.550000,0.124790
0.650000,-0.550000,0.148501
0.700000,-0.550000,0.170372
0.750000,-0.550000,0.190475
0.800000,-0.550000,0.208872
0.850000,-0.550000,0.225619
0.900000,-0.550000,0.240763
0.950000,-0.550000,0.254346
1.000000,-0.550000,0.266403
1.050000,-0.550000,0.276967
1.100000,-0.550000,0.286064
1.150000,-0.550000,0.293716
1.200000,-0.550000,0.299942
1.250000,-0.550000,0.304756
1.300000,-0.550000,0.308170
1.350000,-0.550000,0.310191
1.400000,-0.550000,0.310825
1.450000,-0.550000,0.310073
1.500000,-0.550000,0.307934
1.550000,-0.550000,0.304401
1.600000,-0.550000,0.299467
1.650000,-0.550000,0.324964
1.700000,-0.550000,0.361107
1.750000,-0.550000,0.394954
1.800000,-0.550000,0.426641
1.850000,-0.550000,0.456289
1.900000,-0.550000,0.484002
1.950000,-0.550000,0.509870
2.000000,-0.550000,0.533973
2.050000,-0.550000,0.556381
2.100000,-0.550000,0.577157
2.150000,-0.550000,0.596355
2.200000,-0.550000,0.614024
2.250000,-0.550000,0.630206
2.300000,-0.550000,0.644939
2.350000,-0.550000,0.658257
2.400000,-0.550000,0.670190
2.450000,-0.550000,0.680761
2.500000,-0.550000,0.689995
2.550000,-0.550000,0.697909
2.600000,-0.550000,0.704519
2.650000,-0.550000,0.709840
2.700000,-0.550000,0.713880
2.750000,-0.550000,0.716648
2.800000,-0.550000,0.718150
2.850000,-0.550000,0.718387
2.900000,-0.550000,0.717362
2.950000,-0.550000,0.715071
3.000000,-0.550000,0.711510
3.050000,-0.550000,0.706672
3.100000,-0.550000,0.700549
3.150000,-0.550000,0.693127
3.200000,-0.550000,0.684392
3.250000,-0.550000,0.674326
3.300000,-0.550000,0.662909
3.350000,-0.550000,0.650115
3.400000,-0.550000,0.622495
3.450000,-0.550000,0.212132
3.500000,-0.550000,
-3.500000,-0.500000,
-3.450000,-0.500000,0.312250
-3.400000,-0.500000,0.663325
-3.350000,-0.500000,0.881760
-3.300000,-0.500000,1.053565
-3.250000,-0.500000,1.198958
-3.200000,-0.500000,1.326650
-3.150000,-0.500000,1.441354
-3.100000,-0.500000,1.545962
-3.050000,-0.500000,1.611434
-3.000000,-0.500000,1.602772
-2.950000,-0.500000,1.592582
-2.900000,-0.500000,1.580834
-2.850000,-0.500000,1.567497
-2.800000,-0.500000,1.552530
-2.750000,-0.500000,1.535890
-2.700000,-0.500000,1.517524
-2.650000,-0.500000,1.497373
-2.600000,-0.500000,1.475367
-2.550000,-0.500000,1.451428
-2.500000,-0.500000,1.425463
-2.450000,-0.500000,1.397366
-2.400000,-0.500000,1.367015
-2.350000,-0.500000,1.334265
-2.300000,-0.500000,1.298947
-2.250000,-0.500000,1.260859
-2.200000,-0.500000,1.219760
-2.150000,-0.500000,1.175357
-2.100000,-0.500000,1.127288
-2.050000,-0.500000,1.075101
-2.000000,-0.500000,1.018213
-1.950000,-0.500000,0.955859
-1.900000,-0.500000,0.886993
-1.850000,-0.500000,0.810124
-1.800000,-0.500000,0.722986
-1.750000,-0.500000,0.621822
-1.700000,-0.500000,0.499465
-1.650000,-0.500000,0.338145
-1.600000,-0.500000,0.088155
-1.550000,-0.500000,0.093746
-1.500000,-0.500000,0.097746
-1.450000,-0.500000,0.100168
-1.400000,-0.500000,0.101019
-1.350000,-0.500000,0.100302
-1.300000,-0.500000,0.098013
-1.250000,-0.500000,0.094147
-1.200000,-0.500000,0.088693
-1.150000,-0.500000,0.081632
-1.100000,-0.500000,0.072945
-1.050000,-0.500000,0.062602
-1.000000,-0.500000,0.050572
-0.950000,-0.500000,0.036815
-0.900000,-0.500000,0.021283
-0.850000,-0.500000,0.003920
-0.800000,-0.500000,-0.015336
-0.750000,-0.500000,-0.036562
-0.700000,-0.500000,-0.059846
-0.650000,-0.500000,-0.085288
-0.600000,-0.500000,-0.113009
-0.550000,-0.500000,-0.143148
-0.500000,-0.500000,-0.175873
-0.450000,-0.500000,-0.211380
-0.400000,-0.500000,-0.249909
-0.350000,-0.500000,-0.291749
-0.300000,-0.500000,-0.337261
-0.250000,-0.500000,-0.386897
-0.200000,-0.500000,-0.441241
-0.150000,-0.500000,-0.501067
-0.100000,-0.500000,-0.479854
-0.050000,-0.500000,-0.409612
-0.000000,-0.500000,-0.345831
0.050000,-0.500000,-0.287485
0.100000,-0.500000,-0.233819
0.150000,-0.500000,-0.184257
0.200000,-0.500000,-0.138348
0.250000,-0.500000,-0.095733
0.300000,-0.500000,-0.056118
0.350000,-0.500000,-0.019261
0.400000,-0.500000,0.015040
0.450000,-0.500000,0.046955
0.500000,-0.500000,0.076630
0.550000,-0.500000,0.104191
0.600000,-0.500000,0.129744
0.650000,-0.500000,0.153383
0.700000,-0.500000,0.175190
0.750000,-0.500000,0.195236
0.800000,-0.500000,0.213582
0.850000,-0.500000,0.230283
0.900000,-0.500000,0.245386
0.950000,-0.500000,0.258933
1.000000,-0.500000,0.270959
1.050000,-0.500000,0.281496
1.100000,-0.500000,0.290570
1.150000,-0.500000,0.298202
1.200000,-0.500000,0.304413
1.250000,-0.500000,0.309215
1.300000,-0.500000,0.312620
1.350000,-0.500000,0.314637
1.400000,-0.500000,0.315269
1.450000,-0.500000,0.314519
1.500000,-0.500000,0.312385
1.550000,-0.500000,0.308861
1.600000,-0.500000,0.303940
1.650000,-0.500000,0.317975
1.700000,-0.500000,0.354275
1.750000,-0.500000,0.388261
1.800000,-0.500000,0.420075
1.850000,-0.500000,0.449837
1.900000,-0.500000,0.477652
1.950000,-0.500000,0.503613
2.000000,-0.500000,0.527801
2.050000,-0.500000,0.550286
2.100000,-0.500000,0.571131
2.150000,-0.500000,0.590391
2.200000,-0.500000,0.608116
2.250000,-0.500000,0.624349
2.300000,-0.500000,0.639128
2.350000,-0.500000,0.652486
2.400000,-0.500000,0.664454
2.450000,-0.500000,0.675057
2.500000,-0.500000,0.684318
2.550000,-0.500000,0.692255
2.600000,-0.500000,0.698885
2.650000,-0.500000,0.704220
2.700000,-0.500000,0.708272
2.750000,-0.500000,0.711048
2.800000,-0.500000,0.712554
2.850000,-0.500000,0.712792
2.900000,-0.500000,0.711763
2.950000,-0.500000,0.709466
3.000000,-0.500000,0.705895
3.050000,-0.500000,0.701044
3.100000,-0.500000,0.694902
3.150000,-0.500000,0.687459
3.200000,-0.500000,0.678699
3.250000,-0.500000,0.668603
3.300000,-0.500000,0.657152
3.350000,-0.500000,0.644320
3.400000,-0.500000,0.630079
3.450000,-0.500000,0.312250
3.500000,-0.500000,
-3.500000,-0.450000,
-3.450000,-0.450000,0.380789
-3.400000,-0.450000,0.698212
-3.350000,-0.450000,0.908295
-3.300000,-0.450000,1.075872
-3.250000,-0.450000,1.218606
-3.200000,-0.450000,1.344433
-3.150000,-0.450000,1.457738
-3.100000,-0.450000,1.561249
-3.050000,-0.450000,1.581263
-3.000000,-0.450000,1.572444
-2.950000,-0.450000,1.562066
-2.900000,-0.450000,1.550100
-2.850000,-0.450000,1.536511
-2.800000,-0.450000,1.521257
-2.750000,-0.450000,1.504291
-2.700000,-0.450000,1.485557
-2.650000,-0.450000,1.464991
-2.600000,-0.450000,1.442521
-2.550000,-0.450000,1.418060
-2.500000,-0.450000,1.391511
-2.450000,-0.450000,1.362758
-2.400000,-0.450000,1.331669
-2.350000,-0.450000,1.298086
-2.300000,-0.450000,1.261823
-2.250000,-0.450000,1.222659
-2.200000,-0.450000,1.180326
-2.150000,-0.450000,1.134495
-2.100000,-0.450000,1.084756
-2.050000,-0.450000,1.030591
-2.000000,-0.450000,0.971322
-1.950000,-0.450000,0.906038
-1.900000,-0.450000,0.833468
-1.850000,-0.450000,0.751729
-1.800000,-0.450000,0.657825
-1.750000,-0.450000,0.546398
-1.700000,-0.450000,0.405792
-1.650000,-0.450000,0.195875
-1.600000,-0.450000,0.114479
-1.550000,-0.450000,0.119978
-1.500000,-0.450000,0.123914
-1.450000,-0.450000,0.126297
-1.400000,-0.450000,0.127134
-1.350000,-0.450000,0.126428
-1.300000,-0.450000,0.124177
-1.250000,-0.450000,0.120373
-1.200000,-0.450000,0.115008
-1.150000,-0.450000,0.108063
-1.100000,-0.450000,0.099520
-1.050000,-0.450000,0.089351
-1.000000,-0.450000,0.077526
-0.950000,-0.450000,0.064007
-0.900000,-0.450000,0.048748
-0.850000,-0.450000,0.031699
-0.800000,-0.450000,0.012798
-0.750000,-0.450000,-0.008026
-0.700000,-0.450000,-0.030855
-0.650000,-0.450000,-0.055784
-0.600000,-0.450000,-0.082925
-0.550000,-0.450000,-0.112408
-0.500000,-0.450000,-0.144386
-0.450000,-0.450000,-0.179043
-0.400000,-0.450000,-0.216595
-0.350000,-0.450000,-0.257307
-0.300000,-0.450000,-0.301502
-0.250000,-0.450000,-0.349586
-0.200000,-0.450000,-0.402070
-0.150000,-0.450000,-0.459626
-0.100000,-0.450000,-0.474414
-0.050000,-0.450000,-0.404523
-0.000000,-0.450000,-0.341023
0.050000,-0.450000,-0.282909
0.100000,-0.450000,-0.229438
0.150000,-0.450000,-0.180041
0.200000,-0.450000,-0.134275
0.250000,-0.450000,-0.091783
0.300000,-0.450000,-0.052277
0.350000,-0.450000,-0.015516
0.400000,-0.450000,0.018700
0.450000,-0.450000,0.050539
0.500000,-0.450000,0.080147
0.550000,-0.450000,0.107647
0.600000,-0.450000,0.133146
0.650000,-0.450000,0.156736
0.700000,-0.450000,0.178499
0.750000,-0.450000,0.198506
0.800000,-0.450000,0.216817
0.850000,-0.450000,0.233486
0.900000,-0.450000,0.248562
0.950000,-0.450000,0.262084
1.000000,-0.450000,0.274089
1.050000,-0.450000,0.284608
1.100000,-0.450000,0.293666
1.150000,-0.450000,0.301285
1.200000,-0.450000,0.307484
1.250000,-0.450000,0.312278
1.300000,-0.450000,0.315678
1.350000,-0.450000,0.317691
1.400000,-0.450000,0.318323
1.450000,-0.450000,0.317574
1.500000,-0.450000,0.315443
1.550000,-0.450000,0.311925
1.600000,-0.450000,0.307012
1.650000,-0.450000,0.309363
1.700000,-0.450000,0.345858
1.750000,-0.450000,0.380019
1.800000,-0.450000,0.411989
1.850000,-0.450000,0.441893
1.900000,-0.450000,0.469836
1.950000,-0.450000,0.495912
2.000000,-0.450000,0.520204
2.050000,-0.450000,0.542784
2.100000,-0.450000,0.563714
2.150000,-0.450000,0.583052
2.200000,-0.450000,0.600847
2.250000,-0.450000,0.617143
2.300000,-0.450000,0.631978
2.350000,-0.450000,0.645387
2.400000,-0.450000,0.657399
2.450000,-0.450000,0.668041
2.500000,-0.450000,0.677335
2.550000,-0.450000,0.685300
2.600000,-0.450000,0.691954
2.650000,-0.450000,0.697308
2.700000,-0.450000,0.701374
2.750000,-0.450000,0.704160
2.800000,-0.450000,0.705671
2.850000,-0.450000,0.705910
2.900000,-0.450000,0.704878
2.950000,-0.450000,0.702572
3.000000,-0.450000,0.698989
3.050000,-0.450000,0.694120
3.100000,-0.450000,0.687957
3.150000,-0.450000,0.680487
3.200000,-0.450000,0.671695
3.250000,-0.450000,0.661563
3.300000,-0.450000,0.650070
3.350000,-0.450000,0.637190
3.400000,-0.450000,0.622895
3.450000,-0.450000,0.380789
3.500000,-0.450000,
-3.500000,-0.400000,
-3.450000,-0.400000,0.433013
-3.400000,-0.400000,0.728011
-3.350000,-0.400000,0.931397
-3.300000,-0.400000,1.095445
-3.250000,-0.400000,1.235921
-3.200000,-0.400000,1.360147
-3.150000,-0.400000,1.472243
-3.100000,-0.400000,1.556440
-3.050000,-0.400000,1.549013
-3.000000,-0.400000,1.540020
-2.950000,-0.400000,1.529435
-2.900000,-0.400000,1.517226
-2.850000,-0.400000,1.503356
-2.800000,-0.400000,1.487782
-2.750000,-0.400000,1.470452
-2.700000,-0.400000,1.451307
-2.650000,-0.400000,1.430279
-2.600000,-0.400000,1.407288
-2.550000,-0.400000,1.382242
-2.500000,-0.400000,1.355035
-2.450000,-0.400000,1.325542
-2.400000,-0.400000,1.293617
-2.350000,-0.400000,1.259088
-2.300000,-0.400000,1.221748
-2.250000,-0.400000,1.181351
-2.200000,-0.400000,1.137595
-2.150000,-0.400000,1.090106
-2.100000,-0.400000,1.038414
-2.050000,-0.400000,0.981911
-2.000000,-0.400000,0.919791
-1.950000,-0.400000,0.850943
-1.900000,-0.400000,0.773760
-1.850000,-0.400000,0.685761
-1.800000,-0.400000,0.582721
-1.750000,-0.400000,0.456203
-1.700000,-0.400000,0.283089
-1.650000,-0.400000,0.131874
-1.600000,-0.400000,0.138847
-1.550000,-0.400000,0.144265
-1.500000,-0.400000,0.148142
-1.450000,-0.400000,0.150490
-1.400000,-0.400000,0.151315
-1.350000,-0.400000,0.150619
-1.300000,-0.400000,0.148401
-1.250000,-0.400000,0.144654
-1.200000,-0.400000,0.139368
-1.150000,-0.400000,0.132528
-1.100000,-0.400000,0.124114
-1.050000,-0.400000,0.114101
-1.000000,-0.400000,0.102459
-0.950000,-0.400000,0.089153
-0.900000,-0.400000,0.074139
-0.850000,-0.400000,0.057369
-0.800000,-0.400000,0.038784
-0.750000,-0.400000,0.018318
-0.700000,-0.400000,-0.004106
-0.650000,-0.400000,-0.028580
-0.600000,-0.400000,-0.055207
-0.550000,-0.400000,-0.084110
-0.500000,-0.400000,-0.115432
-0.450000,-0.400000,-0.149341
-0.400000,-0.400000,-0.186040
-0.350000,-0.400000,-0.225770
-0.300000,-0.400000,-0.268826
-0.250000,-0.400000,-0.315575
-0.200000,-0.400000,-0.366474
-0.150000,-0.400000,-0.422115
-0.100000,-0.400000,-0.471447
-0.050000,-0.400000,-0.401746
-0.000000,-0.400000,-0.338399
0.050000,-0.400000,-0.280411
0.100000,-0.400000,-0.227045
0.150000,-0.400000,-0.177738
0.200000,-0.400000,-0.132049
0.250000,-0.400000,-0.089625
0.300000,-0.400000,-0.050178
0.350000,-0.400000,-0.013469
0.400000,-0.400000,0.020700
0.450000,-0.400000,0.052499
0.500000,-0.400000,0.082070
0.550000,-0.400000,0.109537
0.600000,-0.400000,0.135006
0.650000,-0.400000,0.158570
0.700000,-0.400000,0.180309
0.750000,-0.400000,0.200294
0.800000,-0.400000,0.218586
0.850000,-0.400000,0.235239
0.900000,-0.400000,0.250299
0.950000,-0.400000,0.263808
1.000000,-0.400000,0.275801
1.050000,-0.400000,0.286309
1.100000,-0.400000,0.295359
1.150000,-0.400000,0.302971
1.200000,-0.400000,0.309165
1.250000,-0.400000,0.313954
1.300000,-0.400000,0.317351
1.350000,-0.400000,0.319362
1.400000,-0.400000,0.319993
1.450000,-0.400000,0.319245
1.500000,-0.400000,0.317116
1.550000,-0.400000,0.313601
1.600000,-0.400000,0.308693
1.650000,-0.400000,0.302379
1.700000,-0.400000,0.335832
1.750000,-0.400000,0.370203
1.800000,-0.400000,0.402362
1.850000,-0.400000,0.432435
1.900000,-0.400000,0.460532
1.950000,-0.400000,0.486747
2.000000,-0.400000,0.511165
2.050000,-0.400000,0.533858
2.100000,-0.400000,0.554892
2.150000,-0.400000,0.574323
2.200000,-0.400000,0.592201
2.250000,-0.400000,0.608572
2.300000,-0.400000,0.623475
2.350000,-0.400000,0.636944
2.400000,-0.400000,0.649009
2.450000,-0.400000,0.659698
2.500000,-0.400000,0.669032
2.550000,-0.400000,0.677031
2.600000,-0.400000,0.683713
2.650000,-0.400000,0.689090
2.700000,-0.400000,0.693173
2.750000,-0.400000,0.695971
2.800000,-0.400000,0.697488
2.850000,-0.400000,0.697728
2.900000,-0.400000,0.696692
2.950000,-0.400000,0.694376
3.000000,-0.400000,0.690778
3.050000,-0.400000,0.685889
3.100000,-0.400000,0.679700
3.150000,-0.400000,0.672198
3.200000,-0.400000,0.663368
3.250000,-0.400000,0.653192
3.300000,-0.400000,0.641647
3.350000,-0.400000,0.628710
3.400000,-0.400000,0.614351
3.450000,-0.400000,0.433013
3.500000,-0.400000,
-3.500000,-0.350000,
-3.450000,-0.350000,0.474342
-3.400000,-0.350000,0.753326
-3.350000,-0.350000,0.951315
-3.300000,-0.350000,1.112430
-3.250000,-0.350000,1.251000
-3.200000,-0.350000,1.373863
-3.150000,-0.350000,1.484924
-3.100000,-0.350000,1.522145
-3.050000,-0.350000,1.514560
-3.000000,-0.350000,1.505372
-2.950000,-0.350000,1.494556
-2.900000,-0.350000,1.482076
-2.850000,-0.350000,1.467894
-2.800000,-0.350000,1.451962
-2.750000,-0.350000,1.434225
-2.700000,-0.350000,1.414619
-2.650000,-0.350000,1.393071
-2.600000,-0.350000,1.369494
-2.550000,-0.350000,1.343789
-2.500000,-0.350000,1.315838
-2.450000,-0.350000,1.285506
-2.400000,-0.350000,1.252630
-2.350000,-0.350000,1.217019
-2.300000,-0.350000,1.178442
-2.250000,-0.350000,1.136621
-2.200000,-0.350000,1.091210
-2.150000,-0.350000,1.041778
-2.100000,-0.350000,0.987772
-2.050000,-0.350000,0.928465
-2.000000,-0.350000,0.862870
-1.950000,-0.350000,0.789581
-1.900000,-0.350000,0.706480
-1.850000,-0.350000,0.610084
-1.800000,-0.350000,0.493855
-1.750000,-0.350000,0.342100
-1.700000,-0.350000,0.146038
-1.650000,-0.350000,0.154469
-1.600000,-0.350000,0.161347
-1.550000,-0.350000,0.166691
-1.500000,-0.350000,0.170516
-1.450000,-0.350000,0.172832
-1.400000,-0.350000,0.173646
-1.350000,-0.350000,0.172960
-1.300000,-0.350000,0.170772
-1.250000,-0.350000,0.167075
-1.200000,-0.350000,0.161861
-1.150000,-0.350000,0.155114
-1.100000,-0.350000,0.146816
-1.050000,-0.350000,0.136942
-1.000000,-0.350000,0.125465
-0.950000,-0.350000,0.112349
-0.900000,-0.350000,0.097554
-0.850000,-0.350000,0.081034
-0.800000,-0.350000,0.062732
-0.750000,-0.350000,0.042585
-0.700000,-0.350000,0.020520
-0.650000,-0.350000,-0.003550
-0.600000,-0.350000,-0.029721
-0.550000,-0.350000,-0.058111
-0.500000,-0.350000,-0.088852
-0.450000,-0.350000,-0.122104
-0.400000,-0.350000,-0.158054
-0.350000,-0.350000,-0.196926
-0.300000,-0.350000,-0.238992
-0.250000,-0.350000,-0.284585
-0.200000,-0.350000,-0.334123
-0.150000,-0.350000,-0.388134
-0.100000,-0.350000,-0.447312
-0.050000,-0.350000,-0.401264
-0.000000,-0.350000,-0.337943
0.050000,-0.350000,-0.279977
0.100000,-0.350000,-0.226629
0.150000,-0.350000,-0.177338
0.200000,-0.350000,-0.131662
0.250000,-0.350000,-0.089250
0.300000,-0.350000,-0.049813
0.350000,-0.350000,-0.013113
0.400000,-0.350000,0.021048
0.450000,-0.350000,0.052840
0.500000,-0.350000,0.082404
0.550000,-0.350000,0.109865
0.600000,-0.350000,0.135329
0.650000,-0.350000,0.158889
0.700000,-0.350000,0.180624
0.750000,-0.350000,0.200605
0.800000,-0.350000,0.218894
0.850000,-0.350000,0.235543
0.900000,-0.350000,0.250601
0.950000,-0.350000,0.264108
1.000000,-0.350000,0.276099
1.050000,-0.350000,0.286605
1.100000,-0.350000,0.295653
1.150000,-0.350000,0.303264
1.200000,-0.350000,0.309457
1.250000,-0.350000,0.314246
1.300000,-0.350000,0.317642
1.350000,-0.350000,0.319653
1.400000,-0.350000,0.320284
1.450000,-0.350000,0.319536
1.500000,-0.350000,0.317407
1.550000,-0.350000,0.313893
1.600000,-0.350000,0.308985
1.650000,-0.350000,0.302673
1.700000,-0.350000,0.324166
1.750000,-0.350000,0.358785
1.800000,-0.350000,0.391166
1.850000,-0.350000,0.421440
1.900000,-0.350000,0.449717
1.950000,-0.350000,0.476095
2.000000,-0.350000,0.500661
2.050000,-0.350000,0.523488
2.100000,-0.350000,0.544642
2.150000,-0.350000,0.564182
2.200000,-0.350000,0.582159
2.250000,-0.350000,0.598619
2.300000,-0.350000,0.613600
2.350000,-0.350000,0.627140
2.400000,-0.350000,0.639267
2.450000,-0.350000,0.650010
2.500000,-0.350000,0.659391
2.550000,-0.350000,0.667431
2.600000,-0.350000,0.674146
2.650000,-0.350000,0.679549
2.700000,-0.350000,0.683652
2.750000,-0.350000,0.686464
2.800000,-0.350000,0.687988
2.850000,-0.350000,0.688230
2.900000,-0.350000,0.687188
2.950000,-0.350000,0.684862
3.000000,-0.350000,0.681245
3.050000,-0.350000,0.676332
3.100000,-0.350000,0.670112
3.150000,-0.350000,0.662573
3.200000,-0.350000,0.653699
3.250000,-0.350000,0.652502
3.300000,-0.350000,0.655410
3.350000,-0.350000,0.654958
3.400000,-0.350000,0.651140
3.450000,-0.350000,0.474342
3.500000,-0.350000,
-3.500000,-0.300000,
-3.450000,-0.300000,0.507445
-3.400000,-0.300000,0.774597
-3.350000,-0.300000,0.968246
-3.300000,-0.300000,1.126943
-3.250000,-0.300000,1.263922
-3.200000,-0.300000,1.385641
-3.150000,-0.300000,1.491666
-3.100000,-0.300000,1.485520
-3.050000,-0.300000,1.477757
-3.000000,-0.300000,1.468353
-2.950000,-0.300000,1.457278
-2.900000,-0.300000,1.444496
-2.850000,-0.300000,1.429963
-2.800000,-0.300000,1.413629
-2.750000,-0.300000,1.395434
-2.700000,-0.300000,1.375310
-2.650000,-0.300000,1.353176
-2.600000,-0.300000,1.328937
-2.550000,-0.300000,1.302483
-2.500000,-0.300000,1.273687
-2.450000,-0.300000,1.242396
-2.400000,-0.300000,1.208429
-2.350000,-0.300000,1.171572
-2.300000,-0.300000,1.131562
-2.250000,-0.300000,1.088078
-2.200000,-0.300000,1.040721
-2.150000,-0.300000,0.988980
-2.100000,-0.300000,0.932190
-2.050000,-0.300000,0.869457
-2.000000,-0.300000,0.799525
-1.950000,-0.300000,0.720534
-1.900000,-0.300000,0.629510
-1.850000,-0.300000,0.521106
-1.800000,-0.300000,0.383554
-1.750000,-0.300000,0.174889
-1.700000,-0.300000,0.166935
-1.650000,-0.300000,0.175260
-1.600000,-0.300000,0.182053
-1.550000,-0.300000,0.187331
-1.500000,-0.300000,0.191110
-1.450000,-0.300000,0.193398
-1.400000,-0.300000,0.194201
-1.350000,-0.300000,0.193524
-1.300000,-0.300000,0.191362
-1.250000,-0.300000,0.187711
-1.200000,-0.300000,0.182561
-1.150000,-0.300000,0.175897
-1.100000,-0.300000,0.167703
-1.050000,-0.300000,0.157954
-1.000000,-0.300000,0.146624
-0.950000,-0.300000,0.133679
-0.900000,-0.300000,0.119080
-0.850000,-0.300000,0.102782
-0.800000,-0.300000,0.084732
-0.750000,-0.300000,0.064870
-0.700000,-0.300000,0.043125
-0.650000,-0.300000,0.019416
-0.600000,-0.300000,-0.006352
-0.550000,-0.300000,-0.034286
-0.500000,-0.300000,-0.064515
-0.450000,-0.300000,-0.097187
-0.400000,-0.300000,-0.132478
-0.350000,-0.300000,-0.170599
-0.300000,-0.300000,-0.211800
-0.250000,-0.300000,-0.256391
-0.200000,-0.300000,-0.304753
-0.150000,-0.300000,-0.357366
-0.100000,-0.300000,-0.414855
-0.050000,-0.300000,-0.403072
-0.000000,-0.300000,-0.339653
0.050000,-0.300000,-0.281604
0.100000,-0.300000,-0.228188
0.150000,-0.300000,-0.178838
0.200000,-0.300000,-0.133112
0.250000,-0.300000,-0.090656
0.300000,-0.300000,-0.051180
0.350000,-0.300000,-0.014447
0.400000,-0.300000,0.019745
0.450000,-0.300000,0.051563
0.500000,-0.300000,0.081151
0.550000,-0.300000,0.108634
0.600000,-0.300000,0.134117
0.650000,-0.300000,0.157694
0.700000,-0.300000,0.179445
0.750000,-0.300000,0.199440
0.800000,-0.300000,0.217741
0.850000,-0.300000,0.234401
0.900000,-0.300000,0.249469
0.950000,-0.300000,0.262985
1.000000,-0.300000,0.274983
1.050000,-0.300000,0.285496
1.100000,-0.300000,0.294550
1.150000,-0.300000,0.302166
1.200000,-0.300000,0.308362
1.250000,-0.300000,0.313154
1.300000,-0.300000,0.316552
1.350000,-0.300000,0.318564
1.400000,-0.300000,0.319195
1.450000,-0.300000,0.318447
1.500000,-0.300000,0.316317
1.550000,-0.300000,0.312801
1.600000,-0.300000,0.307890
1.650000,-0.300000,0.301573
1.700000,-0.300000,0.310824
1.750000,-0.300000,0.345730
1.800000,-0.300000,0.378370
1.850000,-0.300000,0.408875
1.900000,-0.300000,0.437361
1.950000,-0.300000,0.463929
2.000000,-0.300000,0.488665
2.050000,-0.300000,0.511646
2.100000,-0.300000,0.532940
2.150000,-0.300000,0.552607
2.200000,-0.300000,0.570697
2.250000,-0.300000,0.587259
2.300000,-0.300000,0.602332
2.350000,-0.300000,0.615952
2.400000,-0.300000,0.628152
2.450000,-0.300000,0.638958
2.500000,-0.300000,0.648393
2.550000,-0.300000,0.656479
2.600000,-0.300000,0.663232
2.650000,-0.300000,0.668666
2.700000,-0.300000,0.672792
2.750000,-0.300000,0.675619
2.800000,-0.300000,0.677153
2.850000,-0.300000,0.677395
2.900000,-0.300000,0.676348
2.950000,-0.300000,0.686036
3.000000,-0.300000,0.707843
3.050000,-0.300000,0.726011
3.100000,-0.300000,0.740781
3.150000,-0.300000,0.752330
3.200000,-0.300000,0.760790
3.250000,-0.300000,0.766253
3.300000,-0.300000,0.768775
3.350000,-0.300000,0.768383
3.400000,-0.300000,0.765072
3.450000,-0.300000,0.507445
3.500000,-0.300000,
-3.500000,-0.250000,
-3.450000,-0.250000,0.533854
-3.400000,-0.250000,0.792149
-3.350000,-0.250000,0.982344
-3.300000,-0.250000,1.139079
-3.250000,-0.250000,1.274755
-3.200000,-0.250000,1.395529
-3.150000,-0.250000,1.452700
-3.100000,-0.250000,1.446398
-3.050000,-0.250000,1.438437
-3.000000,-0.250000,1.428790
-2.950000,-0.250000,1.417424
-2.900000,-0.250000,1.404301
-2.850000,-0.250000,1.389373
-2.800000,-0.250000,1.372586
-2.750000,-0.250000,1.353875
-2.700000,-0.250000,1.333164
-2.650000,-0.250000,1.310363
-2.600000,-0.250000,1.285370
-2.550000,-0.250000,1.258063
-2.500000,-0.250000,1.228297
-2.450000,-0.250000,1.195902
-2.400000,-0.250000,1.160675
-2.350000,-0.250000,1.122367
-2.300000,-0.250000,1.080678
-2.250000,-0.250000,1.035231
-2.200000,-0.250000,0.985551
-2.150000,-0.250000,0.931020
-2.100000,-0.250000,0.870814
-2.050000,-0.250000,0.803787
-2.000000,-0.250000,0.728267
-1.950000,-0.250000,0.641630
-1.900000,-0.250000,0.539309
-1.850000,-0.250000,0.411813
-1.800000,-0.250000,0.230447
-1.750000,-0.250000,0.176315
-1.700000,-0.250000,0.186084
-1.650000,-0.250000,0.194315
-1.600000,-0.250000,0.201031
-1.550000,-0.250000,0.206251
-1.500000,-0.250000,0.209987
-1.450000,-0.250000,0.212250
-1.400000,-0.250000,0.213045
-1.350000,-0.250000,0.212374
-1.300000,-0.250000,0.210236
-1.250000,-0.250000,0.206626
-1.200000,-0.250000,0.201533
-1.150000,-0.250000,0.194945
-1.100000,-0.250000,0.186843
-1.050000,-0.250000,0.177206
-1.000000,-0.250000,0.166008
-0.950000,-0.250000,0.153215
-0.900000,-0.250000,0.138791
-0.850000,-0.250000,0.122692
-0.800000,-0.250000,0.104867
-0.750000,-0.250000,0.085258
-0.700000,-0.250000,0.063798
-0.650000,-0.250000,0.040408
-0.600000,-0.250000,0.014999
-0.550000,-0.250000,-0.012532
-0.500000,-0.250000,-0.042308
-0.450000,-0.250000,-0.074468
-0.400000,-0.250000,-0.109180
-0.350000,-0.250000,-0.146641
-0.300000,-0.250000,-0.187086
-0.250000,-0.250000,-0.230804
-0.200000,-0.250000,-0.278147
-0.150000,-0.250000,-0.329557
-0.100000,-0.250000,-0.385601
-0.050000,-0.250000,-0.407183
-0.000000,-0.250000,-0.343537
0.050000,-0.250000,-0.285302
0.100000,-0.250000,-0.231729
0.150000,-0.250000,-0.182246
0.200000,-0.250000,-0.136405
0.250000,-0.250000,-0.093849
0.300000,-0.250000,-0.054286
0.350000,-0.250000,-0.017475
0.400000,-0.250000,0.016785
0.450000,-0.250000,0.048664
0.500000,-0.250000,0.078307
0.550000,-0.250000,0.105839
0.600000,-0.250000,0.131366
0.650000,-0.250000,0.154982
0.700000,-0.250000,0.176768
0.750000,-0.250000,0.196795
0.800000,-0.250000,0.215124
0.850000,-0.250000,0.231810
0.900000,-0.250000,0.246900
0.950000,-0.250000,0.260436
1.000000,-0.250000,0.272452
1.050000,-0.250000,0.282980
1.100000,-0.250000,0.292046
1.150000,-0.250000,0.299672
1.200000,-0.250000,0.305877
1.250000,-0.250000,0.310675
1.300000,-0.250000,0.314078
1.350000,-0.250000,0.316093
1.400000,-0.250000,0.316725
1.450000,-0.250000,0.315976
1.500000,-0.250000,0.313843
1.550000,-0.250000,0.310322
1.600000,-0.250000,0.305405
1.650000,-0.250000,0.299079
1.700000,-0.250000,0.295763
1.750000,-0.250000,0.330999
1.800000,-0.250000,0.363934
1.850000,-0.250000,0.394706
1.900000,-0.250000,0.423432
1.950000,-0.250000,0.450216
2.000000,-0.250000,0.475147
2.050000,-0.250000,0.498305
2.100000,-0.250000,0.519759
2.150000,-0.250000,0.539569
2.200000,-0.250000,0.557789
2.250000,-0.250000,0.574467
2.300000,-0.250000,0.589644
2.350000,-0.250000,0.603358
2.400000,-0.250000,0.615639
2.450000,-0.250000,0.626516
2.500000,-0.250000,0.636014
2.550000,-0.250000,0.644152
2.600000,-0.250000,0.650949
2.650000,-0.250000,0.656418
2.700000,-0.250000,0.660570
2.750000,-0.250000,0.679298
2.800000,-0.250000,0.713826
2.850000,-0.250000,0.743939
2.900000,-0.250000,0.770101
2.950000,-0.250000,0.792663
3.000000,-0.250000,0.811895
3.050000,-0.250000,0.828007
3.100000,-0.250000,0.841160
3.150000,-0.250000,0.851479
3.200000,-0.250000,0.859056
3.250000,-0.250000,0.863956
3.300000,-0.250000,0.866220
3.350000,-0.250000,0.865868
3.400000,-0.250000,0.792149
3.450000,-0.250000,0.533854
3.500000,-0.250000,
-3.500000,-0.200000,
-3.450000,-0.200000,0.554527
-3.400000,-0.200000,0.806226
-3.350000,-0.200000,0.993730
-3.300000,-0.200000,1.148913
-3.250000,-0.200000,1.283550
-3.200000,-0.200000,1.403567
-3.150000,-0.200000,1.411060
-3.100000,-0.200000,1.404583
-3.050000,-0.200000,1.396398
-3.000000,-0.200000,1.386476
-2.950000,-0.200000,1.374782
-2.900000,-0.200000,1.361274
-2.850000,-0.200000,1.345899
-2.800000,-0.200000,1.328598
-2.750000,-0.200000,1.309299
-2.700000,-0.200000,1.287919
-2.650000,-0.200000,1.264357
-2.600000,-0.200000,1.238500
-2.550000,-0.200000,1.210209
-2.500000,-0.200000,1.179322
-2.450000,-0.200000,1.145645
-2.400000,-0.200000,1.108942
-2.350000,-0.200000,1.068927
-2.300000,-0.200000,1.025243
-2.250000,-0.200000,0.977441
-2.200000,-0.200000,0.924938
-2.150000,-0.200000,0.866962
-2.100000,-0.200000,0.802449
-2.050000,-0.200000,0.729857
-2.000000,-0.200000,0.646805
-1.950000,-0.200000,0.549235
-1.900000,-0.200000,0.429034
-1.850000,-0.200000,0.263895
-1.800000,-0.200000,0.182663
-1.750000,-0.200000,0.193877
-1.700000,-0.200000,0.203544
-1.650000,-0.200000,0.211691
-1.600000,-0.200000,0.218339
-1.550000,-0.200000,0.223506
-1.500000,-0.200000,0.227205
-1.450000,-0.200000,0.229445
-1.400000,-0.200000,0.230232
-1.350000,-0.200000,0.229568
-1.300000,-0.200000,0.227452
-1.250000,-0.200000,0.223878
-1.200000,-0.200000,0.218836
-1.150000,-0.200000,0.212315
-1.100000,-0.200000,0.204296
-1.050000,-0.200000,0.194759
-1.000000,-0.200000,0.183677
-0.950000,-0.200000,0.171020
-0.900000,-0.200000,0.156752
-0.850000,-0.200000,0.140830
-0.800000,-0.200000,0.123205
-0.750000,-0.200000,0.103821
-0.700000,-0.200000,0.082614
-0.650000,-0.200000,0.059507
-0.600000,-0.200000,0.034416
-0.550000,-0.200000,0.007241
-0.500000,-0.200000,-0.022134
-0.450000,-0.200000,-0.053844
-0.400000,-0.200000,-0.088046
-0.350000,-0.200000,-0.124928
-0.300000,-0.200000,-0.164712
-0.250000,-0.200000,-0.207669
-0.200000,-0.200000,-0.254127
-0.150000,-0.200000,-0.304498
-0.100000,-0.200000,-0.359302
-0.050000,-0.200000,-0.413624
-0.000000,-0.200000,-0.349619
0.050000,-0.200000,-0.291089
0.100000,-0.200000,-0.237269
0.150000,-0.200000,-0.187576
0.200000,-0.200000,-0.141555
0.250000,-0.200000,-0.098841
0.300000,-0.200000,-0.059140
0.350000,-0.200000,-0.022208
0.400000,-0.200000,0.012160
0.450000,-0.200000,0.044135
0.500000,-0.200000,0.073864
0.550000,-0.200000,0.101472
0.600000,-0.200000,0.127068
0.650000,-0.200000,0.150746
0.700000,-0.200000,0.172587
0.750000,-0.200000,0.192663
0.800000,-0.200000,0.211037
0.850000,-0.200000,0.227763
0.900000,-0.200000,0.242888
0.950000,-0.200000,0.256454
1.000000,-0.200000,0.268498
1.050000,-0.200000,0.279049
1.100000,-0.200000,0.288135
1.150000,-0.200000,0.295778
1.200000,-0.200000,0.301997
1.250000,-0.200000,0.306805
1.300000,-0.200000,0.310216
1.350000,-0.200000,0.312235
1.400000,-0.200000,0.312868
1.450000,-0.200000,0.312117
1.500000,-0.200000,0.309980
1.550000,-0.200000,0.306451
1.600000,-0.200000,0.301523
1.650000,-0.200000,0.295184
1.700000,-0.200000,0.287419
1.750000,-0.200000,0.314544
1.800000,-0.200000,0.347816
1.850000,-0.200000,0.378890
1.900000,-0.200000,0.407888
1.950000,-0.200000,0.434918
2.000000,-0.200000,0.460071
2.050000,-0.200000,0.483429
2.100000,-0.200000,0.505063
2.150000,-0.200000,0.525037
2.200000,-0.200000,0.543404
2.250000,-0.200000,0.560213
2.300000,-0.200000,0.575509
2.350000,-0.200000,0.589327
2.400000,-0.200000,0.601700
2.450000,-0.200000,0.612659
2.500000,-0.200000,0.622226
2.550000,-0.200000,0.630424
2.600000,-0.200000,0.665469
2.650000,-0.200000,0.710030
2.700000,-0.200000,0.749263
2.750000,-0.200000,0.783888
2.800000,-0.200000,0.814433
2.850000,-0.200000,0.841299
2.900000,-0.200000,0.864797
2.950000,-0.200000,0.885171
3.000000,-0.200000,0.902612
3.050000,-0.200000,0.917274
3.100000,-0.200000,0.929277
3.150000,-0.200000,0.938712
3.200000,-0.200000,0.945651
3.250000,-0.200000,0.950143
3.300000,-0.200000,0.952221
3.350000,-0.200000,0.951897
3.400000,-0.200000,0.806226
3.450000,-0.200000,0.554527
3.500000,-0.200000,
-3.500000,-0.150000,
-3.450000,-0.150000,0.570088
-3.400000,-0.150000,0.817007
-3.350000,-0.150000,1.002497
-3.300000,-0.150000,1.156503
-3.250000,-0.150000,1.290349
-3.200000,-0.150000,1.371455
-3.150000,-0.150000,1.366518
-3.100000,-0.150000,1.359843
-3.050000,-0.150000,1.351403
-3.000000,-0.150000,1.341170
-2.950000,-0.150000,1.329103
-2.900000,-0.150000,1.315156
-2.850000,-0.150000,1.299271
-2.800000,-0.150000,1.281382
-2.750000,-0.150000,1.261410
-2.700000,-0.150000,1.239259
-2.650000,-0.150000,1.214820
-2.600000,-0.150000,1.187961
-2.550000,-0.150000,1.158526
-2.500000,-0.150000,1.126329
-2.450000,-0.150000,1.091142
-2.400000,-0.150000,1.052692
-2.350000,-0.150000,1.010635
-2.300000,-0.150000,0.964541
-2.250000,-0.150000,0.913854
-2.200000,-0.150000,0.857839
-2.150000,-0.150000,0.795484
-2.100000,-0.150000,0.725340
-2.050000,-0.150000,0.645181
-2.000000,-0.150000,0.551269
-1.950000,-0.150000,0.436301
-1.900000,-0.150000,0.281243
-1.850000,-0.150000,0.216514
-1.800000,-0.150000,0.198681
-1.750000,-0.150000,0.209790
-1.700000,-0.150000,0.219368
-1.650000,-0.150000,0.227440
-1.600000,-0.150000,0.234027
-1.550000,-0.150000,0.239147
-1.500000,-0.150000,0.242813
-1.450000,-0.150000,0.245033
-1.400000,-0.150000,0.245813
-1.350000,-0.150000,0.245155
-1.300000,-0.150000,0.243057
-1.250000,-0.150000,0.239515
-1.200000,-0.150000,0.234520
-1.150000,-0.150000,0.228057
-1.100000,-0.150000,0.220112
-1.050000,-0.150000,0.210664
-1.000000,-0.150000,0.199686
-0.950000,-0.150000,0.187150
-0.900000,-0.150000,0.173020
-0.850000,-0.150000,0.157254
-0.800000,-0.150000,0.139807
-0.750000,-0.150000,0.120623
-0.700000,-0.150000,0.099639
-0.650000,-0.150000,0.076783
-0.600000,-0.150000,0.051973
-0.550000,-0.150000,0.025112
-0.500000,-0.150000,-0.003911
-0.450000,-0.150000,-0.035224
-0.400000,-0.150000,-0.068979
-0.350000,-0.150000,-0.105354
-0.300000,-0.150000,-0.144561
-0.250000,-0.150000,-0.186855
-0.200000,-0.150000,-0.232546
-0.150000,-0.150000,-0.282019
-0.100000,-0.150000,-0.335759
-0.050000,-0.150000,-0.394391
-0.000000,-0.150000,-0.357933
0.050000,-0.150000,-0.298996
0.100000,-0.150000,-0.244835
0.150000,-0.150000,-0.194852
0.200000,-0.150000,-0.148582
0.250000,-0.150000,-0.105652
0.300000,-0.150000,-0.065762
0.350000,-0.150000,-0.028662
0.400000,-0.150000,0.005853
0.450000,-0.150000,0.037960
0.500000,-0.150000,0.067806
0.550000,-0.150000,0.095520
0.600000,-0.150000,0.121210
0.650000,-0.150000,0.144973
0.700000,-0.150000,0.166890
0.750000,-0.150000,0.187035
0.800000,-0.150000,0.205469
0.850000,-0.150000,0.222249
0.900000,-0.150000,0.237423
0.950000,-0.150000,0.251032
1.000000,-0.150000,0.263112
1.050000,-0.150000,0.273696
1.100000,-0.150000,0.282809
1.150000,-0.150000,0.290475
1.200000,-0.150000,0.296712
1.250000,-0.150000,0.301535
1.300000,-0.150000,0.304955
1.350000,-0.150000,0.306980
1.400000,-0.150000,0.307615
1.450000,-0.150000,0.306862
1.500000,-0.150000,0.304718
1.550000,-0.150000,0.301179
1.600000,-0.150000,0.296237
1.650000,-0.150000,0.289879
1.700000,-0.150000,0.282091
1.750000,-0.150000,0.296311
1.800000,-0.150000,0.329964
1.850000,-0.150000,0.361380
1.900000,-0.150000,0.390686
1.950000,-0.150000,0.417992
2.000000,-0.150000,0.443395
2.050000,-0.150000,0.466979
2.100000,-0.150000,0.488817
2.150000,-0.150000,0.508973
2.200000,-0.150000,0.527505
2.250000,-0.150000,0.544463
2.300000,-0.150000,0.559890
2.350000,-0.150000,0.573826
2.400000,-0.150000,0.586304
2.450000,-0.150000,0.616864
2.500000,-0.150000,0.674178
2.550000,-0.150000,0.724420
2.600000,-0.150000,0.768833
2.650000,-0.150000,0.808282
2.700000,-0.150000,0.843396
2.750000,-0.150000,0.874648
2.800000,-0.150000,0.902403
2.850000,-0.150000,0.926948
2.900000,-0.150000,0.948511
2.950000,-0.150000,0.967273
3.000000,-0.150000,0.983381
3.050000,-0.150000,0.996954
3.100000,-0.150000,1.008086
3.150000,-0.150000,1.016850
3.200000,-0.150000,1.023302
3.250000,-0.150000,1.027482
3.300000,-0.150000,1.029416
3.350000,-0.150000,1.002497
3.400000,-0.150000,0.817007
3.450000,-0.150000,0.570088
3.500000,-0.150000,
-3.500000,-0.100000,
-3.450000,-0.100000,0.580948
-3.400000,-0.100000,0.824621
-3.350000,-0.100000,1.008712
-3.300000,-0.100000,1.161895
-3.250000,-0.100000,1.295183
-3.200000,-0.100000,1.323902
-3.150000,-0.100000,1.318799
-3.100000,-0.100000,1.311896
-3.050000,-0.100000,1.303167
-3.000000,-0.100000,1.292576
-2.950000,-0.100000,1.280082
-2.900000,-0.100000,1.265631
-2.850000,-0.100000,1.249159
-2.800000,-0.100000,1.230592
-2.750000,-0.100000,1.209840
-2.700000,-0.100000,1.186795
-2.650000,-0.100000,1.161333
-2.600000,-0.100000,1.133301
-2.550000,-0.100000,1.102518
-2.500000,-0.100000,1.068766
-2.450000,-0.100000,1.031777
-2.400000,-0.100000,0.991219
-2.350000,-0.100000,0.946674
-2.300000,-0.100000,0.897601
-2.250000,-0.100000,0.843289
-2.200000,-0.100000,0.782760
-2.150000,-0.100000,0.714614
-2.100000,-0.100000,0.636713
-2.050000,-0.100000,0.545485
-2.000000,-0.100000,0.434026
-1.950000,-0.100000,0.306516
-1.900000,-0.100000,0.277241
-1.850000,-0.100000,0.245739
-1.800000,-0.100000,0.213085
-1.750000,-0.100000,0.224101
-1.700000,-0.100000,0.233599
-1.650000,-0.100000,0.241605
-1.600000,-0.100000,0.248139
-1.550000,-0.100000,0.253217
-1.500000,-0.100000,0.256853
-1.450000,-0.100000,0.259055
-1.400000,-0.100000,0.259829
-1.350000,-0.100000,0.259177
-1.300000,-0.100000,0.257096
-1.250000,-0.100000,0.253583
-1.200000,-0.100000,0.248627
-1.150000,-0.100000,0.242218
-1.100000,-0.100000,0.234338
-1.050000,-0.100000,0.224967
-1.000000,-0.100000,0.214082
-0.950000,-0.100000,0.201652
-0.900000,-0.100000,0.187643
-0.850000,-0.100000,0.172017
-0.800000,-0.100000,0.154726
-0.750000,-0.100000,0.135717
-0.700000,-0.100000,0.114930
-0.650000,-0.100000,0.092295
-0.600000,-0.100000,0.067731
-0.550000,-0.100000,0.041146
-0.500000,-0.100000,0.012432
-0.450000,-0.100000,-0.018534
-0.400000,-0.100000,-0.051898
-0.350000,-0.100000,-0.087831
-0.300000,-0.100000,-0.126535
-0.250000,-0.100000,-0.168253
-0.200000,-0.100000,-0.213280
-0.150000,-0.100000,-0.261978
-0.100000,-0.100000,-0.314804
-0.050000,-0.100000,-0.372339
-0.000000,-0.100000,-0.368530
0.050000,-0.100000,-0.309065
0.100000,-0.100000,-0.254464
0.150000,-0.100000,-0.204107
0.200000,-0.100000,-0.157516
0.250000,-0.100000,-0.114308
0.300000,-0.100000,-0.074175
0.350000,-0.100000,-0.036861
0.400000,-0.100000,-0.002155
0.450000,-0.100000,0.030120
0.500000,-0.100000,0.060117
0.550000,-0.100000,0.087965
0.600000,-0.100000,0.113777
0.650000,-0.100000,0.137647
0.700000,-0.100000,0.159662
0.750000,-0.100000,0.179893
0.800000,-0.100000,0.198406
0.850000,-0.100000,0.215255
0.900000,-0.100000,0.230490
0.950000,-0.100000,0.244153
1.000000,-0.100000,0.256281
1.050000,-0.100000,0.266906
1.100000,-0.100000,0.276055
1.150000,-0.100000,0.283750
1.200000,-0.100000,0.290010
1.250000,-0.100000,0.294851
1.300000,-0.100000,0.298284
1.350000,-0.100000,0.300316
1.400000,-0.100000,0.300954
1.450000,-0.100000,0.300198
1.500000,-0.100000,0.298046
1.550000,-0.100000,0.294494
1.600000,-0.100000,0.289533
1.650000,-0.100000,0.283151
1.700000,-0.100000,0.275334
1.750000,-0.100000,0.276236
1.800000,-0.100000,0.310319
1.850000,-0.100000,0.342120
1.900000,-0.100000,0.371772
1.950000,-0.100000,0.399389
2.000000,-0.100000,0.425073
2.050000,-0.100000,0.448909
2.100000,-0.100000,0.470975
2.150000,-0.100000,0.491336
2.200000,-0.100000,0.510053
2.250000,-0.100000,0.527176
2.300000,-0.100000,0.542752
2.350000,-0.100000,0.601302
2.400000,-0.100000,0.666444
2.450000,-0.100000,0.723337
2.500000,-0.100000,0.773615
2.550000,-0.100000,0.818375
2.600000,-0.100000,0.858399
2.650000,-0.100000,0.894265
2.700000,-0.100000,0.926413
2.750000,-0.100000,0.955186
2.800000,-0.100000,0.980856
2.850000,-0.100000,1.003642
2.900000,-0.100000,1.023721
2.950000,-0.100000,1.041236
3.000000,-0.100000,1.056306
3.050000,-0.100000,1.069025
3.100000,-0.100000,1.079471
3.150000,-0.100000,1.087704
3.200000,-0.100000,1.093770
3.250000,-0.100000,1.097703
3.300000,-0.100000,1.099522
3.350000,-0.100000,1.008712
3.400000,-0.100000,0.824621
3.450000,-0.100000,0.580948
3.500000,-0.100000,
-3.500000,-0.050000,
-3.450000,-0.050000,0.587367
-3.400000,-0.050000,0.829156
-3.350000,-0.050000,1.012423
-3.300000,-0.050000,1.165118
-3.250000,-0.050000,1.276309
-3.200000,-0.050000,1.272862
-3.150000,-0.050000,1.267567
-3.100000,-0.050000,1.260403
-3.050000,-0.050000,1.251339
-3.000000,-0.050000,1.240336
-2.950000,-0.050000,1.227346
-2.900000,-0.050000,1.212310
-2.850000,-0.050000,1.195156
-2.800000,-0.050000,1.175798
-2.750000,-0.050000,1.154132
-2.700000,-0.050000,1.130037
-2.650000,-0.050000,1.103364
-2.600000,-0.050000,1.073938
-2.550000,-0.050000,1.041543
-2.500000,-0.050000,1.005916
-2.450000,-0.050000,0.966731
-2.400000,-0.050000,0.923575
-2.350000,-0.050000,0.875918
-2.300000,-0.050000,0.823053
-2.250000,-0.050000,0.764018
-2.200000,-0.050000,0.697424
-2.150000,-0.050000,0.621156
-2.100000,-0.050000,0.531667
-2.050000,-0.050000,0.422083
-2.000000,-0.050000,0.359260
-1.950000,-0.050000,0.332525
-1.900000,-0.050000,0.303736
-1.850000,-0.050000,0.272778
-1.800000,-0.050000,0.239517
-1.750000,-0.050000,0.236849
-1.700000,-0.050000,0.246278
-1.650000,-0.050000,0.254225
-1.600000,-0.050000,0.260712
-1.550000,-0.050000,0.265754
-1.500000,-0.050000,0.269364
-1.450000,-0.050000,0.271551
-1.400000,-0.050000,0.272319
-1.350000,-0.050000,0.271671
-1.300000,-0.050000,0.269606
-1.250000,-0.050000,0.266117
-1.200000,-0.050000,0.261197
-1.150000,-0.050000,0.254833
-1.100000,-0.050000,0.247011
-1.050000,-0.050000,0.237709
-1.000000,-0.050000,0.226904
-0.950000,-0.050000,0.214567
-0.900000,-0.050000,0.200666
-0.850000,-0.050000,0.185160
-0.800000,-0.050000,0.168006
-0.750000,-0.050000,0.149151
-0.700000,-0.050000,0.128537
-0.650000,-0.050000,0.106094
-0.600000,-0.050000,0.081745
-0.550000,-0.050000,0.055401
-0.500000,-0.050000,0.026957
-0.450000,-0.050000,-0.003708
-0.400000,-0.050000,-0.036732
-0.350000,-0.050000,-0.072281
-0.300000,-0.050000,-0.110550
-0.250000,-0.050000,-0.151771
-0.200000,-0.050000,-0.196225
-0.150000,-0.050000,-0.244259
-0.100000,-0.050000,-0.296302
-0.050000,-0.050000,-0.352904
-0.000000,-0.050000,-0.381474
0.050000,-0.050000,-0.321352
0.100000,-0.050000,-0.266204
0.150000,-0.050000,-0.215385
0.200000,-0.050000,-0.168397
0.250000,-0.050000,-0.124845
0.300000,-0.050000,-0.084411
0.350000,-0.050000,-0.046833
0.400000,-0.050000,-0.011894
0.450000,-0.050000,0.020589
0.500000,-0.050000,0.050771
0.550000,-0.050000,0.078785
0.600000,-0.050000,0.104744
0.650000,-0.050000,0.128748
0.700000,-0.050000,0.150882
0.750000,-0.050000,0.171220
0.800000,-0.050000,0.189828
0.850000,-0.050000,0.206762
0.900000,-0.050000,0.222073
0.950000,-0.050000,0.235803
1.000000,-0.050000,0.247989
1.050000,-0.050000,0.258664
1.100000,-0.050000,0.267855
1.150000,-0.050000,0.275586
1.200000,-0.050000,0.281875
1.250000,-0.050000,0.286738
1.300000,-0.050000,0.290186
1.350000,-0.050000,0.292228
1.400000,-0.050000,0.292869
1.450000,-0.050000,0.292109
1.500000,-0.050000,0.289948
1.550000,-0.050000,0.286380
1.600000,-0.050000,0.281396
1.650000,-0.050000,0.274985
1.700000,-0.050000,0.267131
1.750000,-0.050000,0.257814
1.800000,-0.050000,0.288813
1.850000,-0.050000,0.321046
1.900000,-0.050000,0.351086
1.950000,-0.050000,0.379052
2.000000,-0.050000,0.405049
2.050000,-0.050000,0.429167
2.100000,-0.050000,0.451487
2.150000,-0.050000,0.472078
2.200000,-0.050000,0.491001
2.250000,-0.050000,0.566616
2.300000,-0.050000,0.641745
2.350000,-0.050000,0.706718
2.400000,-0.050000,0.763856
2.450000,-0.050000,0.814645
2.500000,-0.050000,0.860104
2.550000,-0.050000,0.900965
2.600000,-0.050000,0.937778
2.650000,-0.050000,0.970965
2.700000,-0.050000,1.000855
2.750000,-0.050000,1.027713
2.800000,-0.050000,1.051754
2.850000,-0.050000,1.073152
2.900000,-0.050000,1.092051
2.950000,-0.050000,1.108568
3.000000,-0.050000,1.122802
3.050000,-0.050000,1.134831
3.100000,-0.050000,1.144721
3.150000,-0.050000,1.152522
3.200000,-0.050000,1.158273
3.250000,-0.050000,1.162002
3.300000,-0.050000,1.163729
3.350000,-0.050000,1.012423
3.400000,-0.050000,0.829156
3.450000,-0.050000,0.587367
3.500000,-0.050000,
-3.500000,-0.000000,0.000000
-3.450000,-0.000000,0.589491
-3.400000,-0.000000,0.830662
-3.350000,-0.000000,1.013657
-3.300000,-0.000000,1.166190
-3.250000,-0.000000,1.221519
-3.200000,-0.000000,1.217927
-3.150000,-0.000000,1.212409
-3.100000,-0.000000,1.204940
-3.050000,-0.000000,1.195485
-3.000000,-0.000000,1.184000
-2.950000,-0.000000,1.170430
-2.900000,-0.000000,1.154707
-2.850000,-0.000000,1.136748
-2.800000,-0.000000,1.116454
-2.750000,-0.000000,1.093703
-2.700000,-0.000000,1.068352
-2.650000,-0.000000,1.040226
-2.600000,-0.000000,1.009112
-2.550000,-0.000000,0.974748
-2.500000,-0.000000,0.936808
-2.450000,-0.000000,0.894879
-2.400000,-0.000000,0.848428
-2.350000,-0.000000,0.796744
-2.300000,-0.000000,0.738850
-2.250000,-0.000000,0.673336
-2.200000,-0.000000,0.598031
-2.150000,-0.000000,0.509260
-2.100000,-0.000000,0.429946
-2.050000,-0.000000,0.407346
-2.000000,-0.000000,0.382915
-1.950000,-0.000000,0.356570
-1.900000,-0.000000,0.328217
-1.850000,-0.000000,0.297746
-1.800000,-0.000000,0.265030
-1.750000,-0.000000,0.248069
-1.700000,-0.000000,0.257437
-1.650000,-0.000000,0.265334
-1.600000,-0.000000,0.271780
-1.550000,-0.000000,0.276791
-1.500000,-0.000000,0.280378
-1.450000,-0.000000,0.282551
-1.400000,-0.000000,0.283315
-1.350000,-0.000000,0.282671
-1.300000,-0.000000,0.280618
-1.250000,-0.000000,0.277151
-1.200000,-0.000000,0.272262
-1.150000,-0.000000,0.265938
-1.100000,-0.000000,0.258165
-1.050000,-0.000000,0.248923
-1.000000,-0.000000,0.238188
-0.950000,-0.000000,0.225932
-0.900000,-0.000000,0.212124
-0.850000,-0.000000,0.196723
-0.800000,-0.000000,0.179687
-0.750000,-0.000000,0.160966
-0.700000,-0.000000,0.140500
-0.650000,-0.000000,0.118224
-0.600000,-0.000000,0.094062
-0.550000,-0.000000,0.067925
-0.500000,-0.000000,0.039713
-0.450000,-0.000000,0.009309
-0.400000,-0.000000,-0.023423
-0.350000,-0.000000,-0.058642
-0.300000,-0.000000,-0.096537
-0.250000,-0.000000,-0.137331
-0.200000,-0.000000,-0.181297
-0.150000,-0.000000,-0.228763
-0.100000,-0.000000,-0.280141
-0.050000,-0.000000,-0.335952
-0.000000,-0.000000,-0.396848
0.050000,-0.000000,-0.335927
0.100000,-0.000000,-0.280116
0.150000,-0.000000,-0.228738
0.200000,-0.000000,-0.181272
0.250000,-0.000000,-0.137306
0.300000,-0.000000,-0.096512
0.350000,-0.000000,-0.058617
0.400000,-0.000000,-0.023398
0.450000,-0.000000,0.009334
0.500000,-0.000000,0.039738
0.550000,-0.000000,0.067950
0.600000,-0.000000,0.094087
0.650000,-0.000000,0.118249
0.700000,-0.000000,0.140525
0.750000,-0.000000,0.160991
0.800000,-0.000000,0.179712
0.850000,-0.000000,0.196748
0.900000,-0.000000,0.212149
0.950000,-0.000000,0.225957
1.000000,-0.000000,0.238213
1.050000,-0.000000,0.248948
1.100000,-0.000000,0.258190
1.150000,-0.000000,0.265963
1.200000,-0.000000,0.272287
1.250000,-0.000000,0.277176
1.300000,-0.000000,0.280643
1.350000,-0.000000,0.282696
1.400000,-0.000000,0.283340
1.450000,-0.000000,0.282576
1.500000,-0.000000,0.280403
1.550000,-0.000000,0.276816
1.600000,-0.000000,0.271805
1.650000,-0.000000,0.265359
1.700000,-0.000000,0.257462
1.750000,-0.000000,0.248094
1.800000,-0.000000,0.265367
1.850000,-0.000000,0.298085
1.900000,-0.000000,0.328559
1.950000,-0.000000,0.356914
2.000000,-0.000000,0.383261
2.050000,-0.000000,0.407695
2.100000,-0.000000,0.430298
2.150000,-0.000000,0.509497
2.200000,-0.000000,0.598258
2.250000,-0.000000,0.673548
2.300000,-0.000000,0.739044
2.350000,-0.000000,0.796919
2.400000,-0.000000,0.848582
2.450000,-0.000000,0.895013
2.500000,-0.000000,0.936920
2.550000,-0.000000,0.974839
2.600000,-0.000000,1.009181
2.650000,-0.000000,1.040273
2.700000,-0.000000,1.068376
2.750000,-0.000000,1.093704
2.800000,-0.000000,1.116431
2.850000,-0.000000,1.136701
2.900000,-0.000000,1.154635
2.950000,-0.000000,1.170333
3.000000,-0.000000,1.183877
3.050000,-0.000000,1.195335
3.100000,-0.000000,1.204762
3.150000,-0.000000,1.212203
3.200000,-0.000000,1.217692
3.250000,-0.000000,1.221253
3.300000,-0.000000,1.166190
3.350000,-0.000000,1.013657
3.400000,-0.000000,0.830662
3.450000,-0.000000,0.589491
3.500000,-0.000000,0.000000
-3.500000,0.050000,
-3.450000,0.050000,0.587367
-3.400000,0.050000,0.829156
-3.350000,0.050000,1.012423
-3.300000,0.050000,1.164104
-3.250000,0.050000,1.162345
-3.200000,0.050000,1.158584
-3.150000,0.050000,1.152802
-3.100000,0.050000,1.144972
-3.050000,0.050000,1.135055
-3.000000,0.050000,1.122999
-2.950000,0.050000,1.108739
-2.900000,0.050000,1.092196
-2.850000,0.050000,1.073273
-2.800000,0.050000,1.051852
-2.750000,0.050000,1.027788
-2.700000,0.050000,1.000908
-2.650000,0.050000,0.970997
-2.600000,0.050000,0.937790
-2.550000,0.050000,0.900958
-2.500000,0.050000,0.860078
-2.450000,0.050000,0.814603
-2.400000,0.050000,0.763799
-2.350000,0.050000,0.706649
-2.300000,0.050000,0.641668
-2.250000,0.050000,0.566539
-2.200000,0.050000,0.490671
-2.150000,0.050000,0.471753
-2.100000,0.050000,0.451166
-2.050000,0.050000,0.428849
-2.000000,0.050000,0.404734
-1.950000,0.050000,0.378740
-1.900000,0.050000,0.350777
-1.850000,0.050000,0.320740
-1.800000,0.050000,0.288510
-1.750000,0.050000,0.257789
-1.700000,0.050000,0.267106
-1.650000,0.050000,0.274960
-1.600000,0.050000,0.281371
-1.550000,0.050000,0.286355
-1.500000,0.050000,0.289923
-1.450000,0.050000,0.292084
-1.400000,0.050000,0.292844
-1.350000,0.050000,0.292203
-1.300000,0.050000,0.290161
-1.250000,0.050000,0.286713
-1.200000,0.050000,0.281850
-1.150000,0.050000,0.275561
-1.100000,0.050000,0.267830
-1.050000,0.050000,0.258639
-1.000000,0.050000,0.247964
-0.950000,0.050000,0.235778
-0.900000,0.050000,0.222048
-0.850000,0.050000,0.206737
-0.800000,0.050000,0.189803
-0.750000,0.050000,0.171195
-0.700000,0.050000,0.150857
-0.650000,0.050000,0.128723
-0.600000,0.050000,0.104719
-0.550000,0.050000,0.078760
-0.500000,0.050000,0.050746
-0.450000,0.050000,0.020564
-0.400000,0.050000,-0.011919
-0.350000,0.050000,-0.046858
-0.300000,0.050000,-0.084436
-0.250000,0.050000,-0.124870
-0.200000,0.050000,-0.168422
-0.150000,0.050000,-0.215410
-0.100000,0.050000,-0.266229
-0.050000,0.050000,-0.321377
-0.000000,0.050000,-0.381499
0.050000,0.050000,-0.352879
0.100000,0.050000,-0.296277
0.150000,0.050000,-0.244234
0.200000,0.050000,-0.196200
0.250000,0.050000,-0.151746
0.300000,0.050000,-0.110525
0.350000,0.050000,-0.072256
0.400000,0.050000,-0.036707
0.450000,0.050000,-0.003683
0.500000,0.050000,0.026982
0.550000,0.050000,0.055426
0.600000,0.050000,0.081770
0.650000,0.050000,0.106119
0.700000,0.050000,0.128562
0.750000,0.050000,0.149176
0.800000,0.050000,0.168031
0.850000,0.050000,0.185185
0.900000,0.050000,0.200691
0.950000,0.050000,0.214592
1.000000,0.050000,0.226929
1.050000,0.050000,0.237734
1.100000,0.050000,0.247036
1.150000,0.050000,0.254858
1.200000,0.050000,0.261222
1.250000,0.050000,0.266142
1.300000,0.050000,0.269631
1.350000,0.050000,0.271696
1.400000,0.050000,0.272344
1.450000,0.050000,0.271576
1.500000,0.050000,0.269389
1.550000,0.050000,0.265779
1.600000,0.050000,0.260737
1.650000,0.050000,0.254250
1.700000,0.050000,0.246303
1.750000,0.050000,0.236874
1.800000,0.050000,0.239890
1.850000,0.050000,0.273152
1.900000,0.050000,0.304111
1.950000,0.050000,0.332901
2.000000,0.050000,0.359639
2.050000,0.050000,0.422501
2.100000,0.050000,0.532056
2.150000,0.050000,0.621517
2.200000,0.050000,0.697758
2.250000,0.050000,0.764324
2.300000,0.050000,0.823335
2.350000,0.050000,0.876174
2.400000,0.050000,0.923808
2.450000,0.050000,0.966939
2.500000,0.050000,1.006101
2.550000,0.050000,1.041704
2.600000,0.050000,1.074075
2.650000,0.050000,1.103478
2.700000,0.050000,1.130126
2.750000,0.050000,1.154198
2.800000,0.050000,1.175839
2.850000,0.050000,1.195173
2.900000,0.050000,1.212302
2.950000,0.050000,1.227313
3.000000,0.050000,1.240277
3.050000,0.050000,1.251253
3.100000,0.050000,1.260290
3.150000,0.050000,1.267427
3.200000,0.050000,1.272693
3.250000,0.050000,1.276111
3.300000,0.050000,1.165118
3.350000,0.050000,1.012423
3.400000,0.050000,0.829156
3.450000,0.050000,0.587367
3.500000,0.050000,
-3.500000,0.100000,
-3.450000,0.100000,0.580948
-3.400000,0.100000,0.824621
-3.350000,0.100000,1.008712
-3.300000,0.100000,1.099988
-3.250000,0.100000,1.098134
-3.200000,0.100000,1.094169
-3.150000,0.100000,1.088072
-3.100000,0.100000,1.079809
-3.050000,0.100000,1.069334
-3.000000,0.100000,1.056588
-2.950000,0.100000,1.041492
-2.900000,0.100000,1.023952
-2.850000,0.100000,1.003850
-2.800000,0.100000,0.981042
-2.750000,0.100000,0.955351
-2.700000,0.100000,0.926558
-2.650000,0.100000,0.894392
-2.600000,0.100000,0.858510
-2.550000,0.100000,0.818472
-2.500000,0.100000,0.773700
-2.450000,0.100000,0.723415
-2.400000,0.100000,0.666518
-2.350000,0.100000,0.601382
-2.300000,0.100000,0.542442
-2.250000,0.100000,0.526872
-2.200000,0.100000,0.509753
-2.150000,0.100000,0.491040
-2.100000,0.100000,0.470682
-2.050000,0.100000,0.448621
-2.000000,0.100000,0.424788
-1.950000,0.100000,0.399109
-1.900000,0.100000,0.371495
-1.850000,0.100000,0.341846
-1.800000,0.100000,0.310048
-1.750000,0.100000,0.275968
-1.700000,0.100000,0.275309
-1.650000,0.100000,0.283126
-1.600000,0.100000,0.289508
-1.550000,0.100000,0.294469
-1.500000,0.100000,0.298021
-1.450000,0.100000,0.300173
-1.400000,0.100000,0.300929
-1.350000,0.100000,0.300291
-1.300000,0.100000,0.298259
-1.250000,0.100000,0.294826
-1.200000,0.100000,0.289985
-1.150000,0.100000,0.283725
-1.100000,0.100000,0.276030
-1.050000,0.100000,0.266881
-1.000000,0.100000,0.256256
-0.950000,0.100000,0.244128
-0.900000,0.100000,0.230465
-0.850000,0.100000,0.215230
-0.800000,0.100000,0.198381
-0.750000,0.100000,0.179868
-0.700000,0.100000,0.159637
-0.650000,0.100000,0.137622
-0.600000,0.100000,0.113752
-0.550000,0.100000,0.087940
-0.500000,0.100000,0.060092
-0.450000,0.100000,0.030095
-0.400000,0.100000,-0.002180
-0.350000,0.100000,-0.036886
-0.300000,0.100000,-0.074200
-0.250000,0.100000,-0.114333
-0.200000,0.100000,-0.157541
-0.150000,0.100000,-0.204132
-0.100000,0.100000,-0.254489
-0.050000,0.100000,-0.309090
-0.000000,0.100000,-0.368555
0.050000,0.100000,-0.372314
0.100000,0.100000,-0.314779
0.150000,0.100000,-0.261953
0.200000,0.100000,-0.213255
0.250000,0.100000,-0.168228
0.300000,0.100000,-0.126510
0.350000,0.100000,-0.087806
0.400000,0.100000,-0.051873
0.450000,0.100000,-0.018509
0.500000,0.100000,0.012457
0.550000,0.100000,0.041171
0.600000,0.100000,0.067756
0.650000,0.100000,0.092320
0.700000,0.100000,0.114955
0.750000,0.100000,0.135742
0.800000,0.100000,0.154751
0.850000,0.100000,0.172042
0.900000,0.100000,0.187668
0.950000,0.100000,0.201677
1.000000,0.100000,0.214107
1.050000,0.100000,0.224992
1.100000,0.100000,0.234363
1.150000,0.100000,0.242243
1.200000,0.100000,0.248652
1.250000,0.100000,0.253608
1.300000,0.100000,0.257121
1.350000,0.100000,0.259202
1.400000,0.100000,0.259854
1.450000,0.100000,0.259080
1.500000,0.100000,0.256878
1.550000,0.100000,0.253242
1.600000,0.100000,0.248164
1.650000,0.100000,0.241630
1.700000,0.100000,0.233624
1.750000,0.100000,0.224126
1.800000,0.100000,0.213110
1.850000,0.100000,0.246149
1.900000,0.100000,0.277651
1.950000,0.100000,0.306928
2.000000,0.100000,0.434612
2.050000,0.100000,0.546014
2.100000,0.100000,0.637197
2.150000,0.100000,0.715059
2.200000,0.100000,0.783172
2.250000,0.100000,0.843669
2.300000,0.100000,0.897952
2.350000,0.100000,0.946997
2.400000,0.100000,0.991516
2.450000,0.100000,1.032048
2.500000,0.100000,1.069012
2.550000,0.100000,1.102739
2.600000,0.100000,1.133497
2.650000,0.100000,1.161504
2.700000,0.100000,1.186943
2.750000,0.100000,1.209963
2.800000,0.100000,1.230690
2.850000,0.100000,1.249233
2.900000,0.100000,1.265679
2.950000,0.100000,1.280105
3.000000,0.100000,1.292574
3.050000,0.100000,1.303139
3.100000,0.100000,1.311841
3.150000,0.100000,1.318717
3.200000,0.100000,1.323792
3.250000,0.100000,1.295183
3.300000,0.100000,1.161895
3.350000,0.100000,1.008712
3.400000,0.100000,0.824621
3.450000,0.100000,0.580948
3.500000,0.100000,
-3.500000,0.150000,
-3.450000,0.150000,0.570088
-3.400000,0.150000,0.817007
-3.350000,0.150000,1.002497
-3.300000,0.150000,1.029989
-3.250000,0.150000,1.028019
-3.200000,0.150000,1.023804
-3.150000,0.150000,1.017320
-3.100000,0.150000,1.008526
-3.050000,0.150000,0.997365
-3.000000,0.150000,0.983765
-2.950000,0.150000,0.967631
-2.900000,0.150000,0.948846
-2.850000,0.150000,0.927262
-2.800000,0.150000,0.902697
-2.750000,0.150000,0.874924
-2.700000,0.150000,0.843656
-2.650000,0.150000,0.808530
-2.600000,0.150000,0.769072
-2.550000,0.150000,0.724654
-2.500000,0.150000,0.674413
-2.450000,0.150000,0.617110
-2.400000,0.150000,0.586013
-2.350000,0.150000,0.573540
-2.300000,0.150000,0.559609
-2.250000,0.150000,0.544186
-2.200000,0.150000,0.527233
-2.150000,0.150000,0.508705
-2.100000,0.150000,0.488553
-2.050000,0.150000,0.466720
-2.000000,0.150000,0.443140
-1.950000,0.150000,0.417741
-1.900000,0.150000,0.390439
-1.850000,0.150000,0.361137
-1.800000,0.150000,0.329725
-1.750000,0.150000,0.296075
-1.700000,0.150000,0.282066
-1.650000,0.150000,0.289854
-1.600000,0.150000,0.296212
-1.550000,0.150000,0.301154
-1.500000,0.150000,0.304693
-1.450000,0.150000,0.306837
-1.400000,0.150000,0.307590
-1.350000,0.150000,0.306955
-1.300000,0.150000,0.304930
-1.250000,0.150000,0.301510
-1.200000,0.150000,0.296687
-1.150000,0.150000,0.290450
-1.100000,0.150000,0.282784
-1.050000,0.150000,0.273671
-1.000000,0.150000,0.263087
-0.950000,0.150000,0.251007
-0.900000,0.150000,0.237398
-0.850000,0.150000,0.222224
-0.800000,0.150000,0.205444
-0.750000,0.150000,0.187010
-0.700000,0.150000,0.166865
-0.650000,0.150000,0.144948
-0.600000,0.150000,0.121185
-0.550000,0.150000,0.095495
-0.500000,0.150000,0.067781
-0.450000,0.150000,0.037935
-0.400000,0.150000,0.005828
-0.350000,0.150000,-0.028687
-0.300000,0.150000,-0.065787
-0.250000,0.150000,-0.105677
-0.200000,0.150000,-0.148607
-0.150000,0.150000,-0.194877
-0.100000,0.150000,-0.244860
-0.050000,0.150000,-0.299021
-0.000000,0.150000,-0.357958
0.050000,0.150000,-0.394366
0.100000,0.150000,-0.335734
0.150000,0.150000,-0.281994
0.200000,0.150000,-0.232521
0.250000,0.150000,-0.186830
0.300000,0.150000,-0.144536
0.350000,0.150000,-0.105329
0.400000,0.150000,-0.068954
0.450000,0.150000,-0.035199
0.500000,0.150000,-0.003886
0.550000,0.150000,0.025137
0.600000,0.150000,0.051998
0.650000,0.150000,0.076808
0.700000,0.150000,0.099664
0.750000,0.150000,0.120648
0.800000,0.150000,0.139832
0.850000,0.150000,0.157279
0.900000,0.150000,0.173045
0.950000,0.150000,0.187175
1.000000,0.150000,0.199711
1.050000,0.150000,0.210689
1.100000,0.150000,0.220137
1.150000,0.150000,0.228082
1.200000,0.150000,0.234544
1.250000,0.150000,0.239540
1.300000,0.150000,0.243082
1.350000,0.150000,0.245180
1.400000,0.150000,0.245838
1.450000,0.150000,0.245058
1.500000,0.150000,0.242838
1.550000,0.150000,0.239172
1.600000,0.150000,0.234052
1.650000,0.150000,0.227465
1.700000,0.150000,0.219393
1.750000,0.150000,0.209815
1.800000,0.150000,0.198706
1.850000,0.150000,0.216962
1.900000,0.150000,0.282150
1.950000,0.150000,0.437048
2.000000,0.150000,0.551931
2.050000,0.150000,0.645783
2.100000,0.150000,0.725893
2.150000,0.150000,0.795996
2.200000,0.150000,0.858313
2.250000,0.150000,0.914295
2.300000,0.150000,0.964951
2.350000,0.150000,1.011016
2.400000,0.150000,1.053044
2.450000,0.150000,1.091468
2.500000,0.150000,1.126628
2.550000,0.150000,1.158800
2.600000,0.150000,1.188209
2.650000,0.150000,1.215043
2.700000,0.150000,1.239458
2.750000,0.150000,1.261584
2.800000,0.150000,1.281532
2.850000,0.150000,1.299396
2.900000,0.150000,1.315255
2.950000,0.150000,1.329178
3.000000,0.150000,1.341219
3.050000,0.150000,1.351427
3.100000,0.150000,1.359840
3.150000,0.150000,1.366489
3.200000,0.150000,1.371398
3.250000,0.150000,1.290349
3.300000,0.150000,1.156503
3.350000,0.150000,1.002497
3.400000,0.150000,0.817007
3.450000,0.150000,0.570088
3.500000,0.150000,
-3.500000,0.200000,
-3.450000,0.200000,0.554527
-3.400000,0.200000,0.806226
-3.350000,0.200000,0.952643
-3.300000,0.200000,0.952924
-3.250000,0.200000,0.950808
-3.200000,0.200000,0.946280
-3.150000,0.200000,0.939307
-3.100000,0.200000,0.929841
-3.050000,0.200000,0.917810
-3.000000,0.200000,0.903122
-2.950000,0.200000,0.885657
-2.900000,0.200000,0.865262
-2.850000,0.200000,0.841745
-2.800000,0.200000,0.814864
-2.750000,0.200000,0.784308
-2.700000,0.200000,0.749676
-2.650000,0.200000,0.710440
-2.600000,0.200000,0.665884
-2.550000,0.200000,0.630143
-2.500000,0.200000,0.621951
-2.450000,0.200000,0.612389
-2.400000,0.200000,0.601436
-2.350000,0.200000,0.589067
-2.300000,0.200000,0.575254
-2.250000,0.200000,0.559964
-2.200000,0.200000,0.543159
-2.150000,0.200000,0.524797
-2.100000,0.200000,0.504828
-2.050000,0.200000,0.483198
-2.000000,0.200000,0.459845
-1.950000,0.200000,0.434696
-1.900000,0.200000,0.407671
-1.850000,0.200000,0.378677
-1.800000,0.200000,0.347608
-1.750000,0.200000,0.314340
-1.700000,0.200000,0.287394
-1.650000,0.200000,0.295159
-1.600000,0.200000,0.301498
-1.550000,0.200000,0.306426
-1.500000,0.200000,0.309955
-1.450000,0.200000,0.312092
-1.400000,0.200000,0.312843
-1.350000,0.200000,0.312210
-1.300000,0.200000,0.310191
-1.250000,0.200000,0.306781
-1.200000,0.200000,0.301972
-1.150000,0.200000,0.295753
-1.100000,0.200000,0.288110
-1.050000,0.200000,0.279024
-1.000000,0.200000,0.268473
-0.950000,0.200000,0.256429
-0.900000,0.200000,0.242863
-0.850000,0.200000,0.227738
-0.800000,0.200000,0.211012
-0.750000,0.200000,0.192638
-0.700000,0.200000,0.172562
-0.650000,0.200000,0.150721
-0.600000,0.200000,0.127043
-0.550000,0.200000,0.101447
-0.500000,0.200000,0.073839
-0.450000,0.200000,0.044110
-0.400000,0.200000,0.012135
-0.350000,0.200000,-0.022233
-0.300000,0.200000,-0.059165
-0.250000,0.200000,-0.098866
-0.200000,0.200000,-0.141580
-0.150000,0.200000,-0.187601
-0.100000,0.200000,-0.237294
-0.050000,0.200000,-0.291114
-0.000000,0.200000,-0.349644
0.050000,0.200000,-0.413649
0.100000,0.200000,-0.359278
0.150000,0.200000,-0.304473
0.200000,0.200000,-0.254102
0.250000,0.200000,-0.207644
0.300000,0.200000,-0.164687
0.350000,0.200000,-0.124903
0.400000,0.200000,-0.088021
0.450000,0.200000,-0.053819
0.500000,0.200000,-0.022109
0.550000,0.200000,0.007266
0.600000,0.200000,0.034441
0.650000,0.200000,0.059532
0.700000,0.200000,0.082639
0.750000,0.200000,0.103846
0.800000,0.200000,0.123230
0.850000,0.200000,0.140855
0.900000,0.200000,0.156777
0.950000,0.200000,0.171045
1.000000,0.200000,0.183702
1.050000,0.200000,0.194784
1.100000,0.200000,0.204321
1.150000,0.200000,0.212340
1.200000,0.200000,0.218861
1.250000,0.200000,0.223903
1.300000,0.200000,0.227477
1.350000,0.200000,0.229593
1.400000,0.200000,0.230257
1.450000,0.200000,0.229470
1.500000,0.200000,0.227230
1.550000,0.200000,0.223531
1.600000,0.200000,0.218364
1.650000,0.200000,0.211716
1.700000,0.200000,0.203569
1.750000,0.200000,0.193902
1.800000,0.200000,0.182688
1.850000,0.200000,0.265054
1.900000,0.200000,0.429947
1.950000,0.200000,0.550031
2.000000,0.200000,0.647522
2.050000,0.200000,0.730514
2.100000,0.200000,0.803056
2.150000,0.200000,0.867527
2.200000,0.200000,0.925465
2.250000,0.200000,0.977933
2.300000,0.200000,1.025704
2.350000,0.200000,1.069357
2.400000,0.200000,1.109343
2.450000,0.200000,1.146018
2.500000,0.200000,1.179669
2.550000,0.200000,1.210529
2.600000,0.200000,1.238795
2.650000,0.200000,1.264627
2.700000,0.200000,1.288163
2.750000,0.200000,1.309519
2.800000,0.200000,1.328794
2.850000,0.200000,1.346070
2.900000,0.200000,1.361420
2.950000,0.200000,1.374904
3.000000,0.200000,1.386572
3.050000,0.200000,1.396469
3.100000,0.200000,1.404628
3.150000,0.200000,1.411079
3.200000,0.200000,1.403567
3.250000,0.200000,1.283550
3.300000,0.200000,1.148913
3.350000,0.200000,0.993730
3.400000,0.200000,0.806226
3.450000,0.200000,0.554527
3.500000,0.200000,
-3.500000,0.250000,
-3.450000,0.250000,0.533854
-3.400000,0.250000,0.792149
-3.350000,0.250000,0.866782
-3.300000,0.250000,0.867089
-3.250000,0.250000,0.864783
-3.200000,0.250000,0.859845
-3.150000,0.250000,0.852233
-3.100000,0.250000,0.841884
-3.050000,0.250000,0.828703
-3.000000,0.250000,0.812567
-2.950000,0.250000,0.793315
-2.900000,0.250000,0.770737
-2.850000,0.250000,0.744563
-2.800000,0.250000,0.714444
-2.750000,0.250000,0.679916
-2.700000,0.250000,0.660299
-2.650000,0.250000,0.656152
-2.600000,0.250000,0.650689
-2.550000,0.250000,0.643898
-2.500000,0.250000,0.635765
-2.450000,0.250000,0.626273
-2.400000,0.250000,0.615401
-2.350000,0.250000,0.603125
-2.300000,0.250000,0.589416
-2.250000,0.250000,0.574244
-2.200000,0.250000,0.557571
-2.150000,0.250000,0.539356
-2.100000,0.250000,0.519551
-2.050000,0.250000,0.498102
-2.000000,0.250000,0.474949
-1.950000,0.250000,0.450022
-1.900000,0.250000,0.423243
-1.850000,0.250000,0.394522
-1.800000,0.250000,0.363756
-1.750000,0.250000,0.330825
-1.700000,0.250000,0.295594
-1.650000,0.250000,0.299054
-1.600000,0.250000,0.305380
-1.550000,0.250000,0.310297
-1.500000,0.250000,0.313818
-1.450000,0.250000,0.315951
-1.400000,0.250000,0.316700
-1.350000,0.250000,0.316068
-1.300000,0.250000,0.314053
-1.250000,0.250000,0.310650
-1.200000,0.250000,0.305852
-1.150000,0.250000,0.299647
-1.100000,0.250000,0.292021
-1.050000,0.250000,0.282955
-1.000000,0.250000,0.272427
-0.950000,0.250000,0.260411
-0.900000,0.250000,0.246875
-0.850000,0.250000,0.231785
-0.800000,0.250000,0.215099
-0.750000,0.250000,0.196770
-0.700000,0.250000,0.176743
-0.650000,0.250000,0.154957
-0.600000,0.250000,0.131341
-0.550000,0.250000,0.105814
-0.500000,0.250000,0.078282
-0.450000,0.250000,0.048639
-0.400000,0.250000,0.016760
-0.350000,0.250000,-0.017500
-0.300000,0.250000,-0.054311
-0.250000,0.250000,-0.093874
-0.200000,0.250000,-0.136430
-0.150000,0.250000,-0.182271
-0.100000,0.250000,-0.231754
-0.050000,0.250000,-0.285327
-0.000000,0.250000,-0.343562
0.050000,0.250000,-0.407208
0.100000,0.250000,-0.385576
0.150000,0.250000,-0.329532
0.200000,0.250000,-0.278122
0.250000,0.250000,-0.230779
0.300000,0.250000,-0.187061
0.350000,0.250000,-0.146616
0.400000,0.250000,-0.109155
0.450000,0.250000,-0.074443
0.500000,0.250000,-0.042283
0.550000,0.250000,-0.012507
0.600000,0.250000,0.015024
0.650000,0.250000,0.040433
0.700000,0.250000,0.063823
0.750000,0.250000,0.085283
0.800000,0.250000,0.104892
0.850000,0.250000,0.122717
0.900000,0.250000,0.138816
0.950000,0.250000,0.153240
1.000000,0.250000,0.166033
1.050000,0.250000,0.177231
1.100000,0.250000,0.186868
1.150000,0.250000,0.194970
1.200000,0.250000,0.201558
1.250000,0.250000,0.206651
1.300000,0.250000,0.210261
1.350000,0.250000,0.212399
1.400000,0.250000,0.213070
1.450000,0.250000,0.212275
1.500000,0.250000,0.210012
1.550000,0.250000,0.206276
1.600000,0.250000,0.201056
1.650000,0.250000,0.194340
1.700000,0.250000,0.186109
1.750000,0.250000,0.176340
1.800000,0.250000,0.231925
1.850000,0.250000,0.412905
1.900000,0.250000,0.540242
1.950000,0.250000,0.642464
2.000000,0.250000,0.729028
2.050000,0.250000,0.804490
2.100000,0.250000,0.871468
2.150000,0.250000,0.931631
2.200000,0.250000,0.986124
2.250000,0.250000,1.035769
2.300000,0.250000,1.081183
2.350000,0.250000,1.122841
2.400000,0.250000,1.161120
2.450000,0.250000,1.196319
2.500000,0.250000,1.228687
2.550000,0.250000,1.258426
2.600000,0.250000,1.285708
2.650000,0.250000,1.310675
2.700000,0.250000,1.333451
2.750000,0.250000,1.354137
2.800000,0.250000,1.372824
2.850000,0.250000,1.389586
2.900000,0.250000,1.404489
2.950000,0.250000,1.417588
3.000000,0.250000,1.428928
3.050000,0.250000,1.438551
3.100000,0.250000,1.446487
3.150000,0.250000,1.452762
3.200000,0.250000,1.395529
3.250000,0.250000,1.274755
3.300000,0.250000,1.139079
3.350000,0.250000,0.982344
3.400000,0.250000,0.792149
3.450000,0.250000,0.533854
3.500000,0.250000,
-3.500000,0.300000,
-3.450000,0.300000,0.507445
-3.400000,0.300000,0.766269
-3.350000,0.300000,0.769522
-3.300000,0.300000,0.769863
-3.250000,0.300000,0.767296
-3.200000,0.300000,0.761794
-3.150000,0.300000,0.753299
-3.100000,0.300000,0.741720
-3.050000,0.300000,0.726926
-3.000000,0.300000,0.708739
-2.950000,0.300000,0.686920
-2.900000,0.300000,0.676077
-2.850000,0.300000,0.677131
-2.800000,0.300000,0.676894
-2.750000,0.300000,0.675367
-2.700000,0.300000,0.672546
-2.650000,0.300000,0.668425
-2.600000,0.300000,0.662997
-2.550000,0.300000,0.656250
-2.500000,0.300000,0.648169
-2.450000,0.300000,0.638739
-2.400000,0.300000,0.627939
-2.350000,0.300000,0.615745
-2.300000,0.300000,0.602130
-2.250000,0.300000,0.587062
-2.200000,0.300000,0.570506
-2.150000,0.300000,0.552420
-2.100000,0.300000,0.532759
-2.050000,0.300000,0.511470
-2.000000,0.300000,0.488494
-1.950000,0.300000,0.463763
-1.900000,0.300000,0.437201
-1.850000,0.300000,0.408720
-1.800000,0.300000,0.378220
-1.750000,0.300000,0.345586
-1.700000,0.300000,0.310686
-1.650000,0.300000,0.301548
-1.600000,0.300000,0.307865
-1.550000,0.300000,0.312776
-1.500000,0.300000,0.316292
-1.450000,0.300000,0.318422
-1.400000,0.300000,0.319170
-1.350000,0.300000,0.318539
-1.300000,0.300000,0.316527
-1.250000,0.300000,0.313129
-1.200000,0.300000,0.308337
-1.150000,0.300000,0.302141
-1.100000,0.300000,0.294525
-1.050000,0.300000,0.285471
-1.000000,0.300000,0.274958
-0.950000,0.300000,0.262960
-0.900000,0.300000,0.249444
-0.850000,0.300000,0.234377
-0.800000,0.300000,0.217716
-0.750000,0.300000,0.199415
-0.700000,0.300000,0.179420
-0.650000,0.300000,0.157669
-0.600000,0.300000,0.134092
-0.550000,0.300000,0.108609
-0.500000,0.300000,0.081126
-0.450000,0.300000,0.051538
-0.400000,0.300000,0.019720
-0.350000,0.300000,-0.014472
-0.300000,0.300000,-0.051205
-0.250000,0.300000,-0.090681
-0.200000,0.300000,-0.133137
-0.150000,0.300000,-0.178863
-0.100000,0.300000,-0.228213
-0.050000,0.300000,-0.281629
-0.000000,0.300000,-0.339678
0.050000,0.300000,-0.403097
0.100000,0.300000,-0.414830
0.150000,0.300000,-0.357341
0.200000,0.300000,-0.304728
0.250000,0.300000,-0.256366
0.300000,0.300000,-0.211775
0.350000,0.300000,-0.170574
0.400000,0.300000,-0.132453
0.450000,0.300000,-0.097162
0.500000,0.300000,-0.064490
0.550000,0.300000,-0.034261
0.600000,0.300000,-0.006327
0.650000,0.300000,0.019441
0.700000,0.300000,0.043150
0.750000,0.300000,0.064895
0.800000,0.300000,0.084757
0.850000,0.300000,0.102807
0.900000,0.300000,0.119105
0.950000,0.300000,0.133704
1.000000,0.300000,0.146649
1.050000,0.300000,0.157979
1.100000,0.300000,0.167728
1.150000,0.300000,0.175922
1.200000,0.300000,0.182586
1.250000,0.300000,0.187736
1.300000,0.300000,0.191387
1.350000,0.300000,0.193549
1.400000,0.300000,0.194226
1.450000,0.300000,0.193422
1.500000,0.300000,0.191134
1.550000,0.300000,0.187356
1.600000,0.300000,0.182078
1.650000,0.300000,0.175285
1.700000,0.300000,0.166960
1.750000,0.300000,0.176859
1.800000,0.300000,0.384851
1.850000,0.300000,0.522187
1.900000,0.300000,0.630465
1.950000,0.300000,0.721401
2.000000,0.300000,0.800324
2.050000,0.300000,0.870200
2.100000,0.300000,0.932885
2.150000,0.300000,0.989632
2.200000,0.300000,1.041334
2.250000,0.300000,1.088656
2.300000,0.300000,1.132107
2.350000,0.300000,1.172086
2.400000,0.300000,1.208914
2.450000,0.300000,1.242852
2.500000,0.300000,1.274116
2.550000,0.300000,1.302886
2.600000,0.300000,1.329313
2.650000,0.300000,1.353527
2.700000,0.300000,1.375636
2.750000,0.300000,1.395736
2.800000,0.300000,1.413906
2.850000,0.300000,1.430215
2.900000,0.300000,1.444724
2.950000,0.300000,1.457482
3.000000,0.300000,1.468532
3.050000,0.300000,1.477911
3.100000,0.300000,1.485649
3.150000,0.300000,1.491770
3.200000,0.300000,1.385641
3.250000,0.300000,1.263922
3.300000,0.300000,1.126943
3.350000,0.300000,0.968246
3.400000,0.300000,0.774597
3.450000,0.300000,0.507445
3.500000,0.300000,
-3.500000,0.350000,
-3.450000,0.350000,0.474342
-3.400000,0.350000,0.652676
-3.350000,0.350000,0.656424
-3.300000,0.350000,0.656817
-3.250000,0.350000,0.653860
-3.200000,0.350000,0.653412
-3.150000,0.350000,0.662293
-3.100000,0.350000,0.669840
-3.050000,0.350000,0.676066
-3.000000,0.350000,0.680986
-2.950000,0.350000,0.684609
-2.900000,0.350000,0.686942
-2.850000,0.350000,0.687990
-2.800000,0.350000,0.687755
-2.750000,0.350000,0.686236
-2.700000,0.350000,0.683431
-2.650000,0.350000,0.679333
-2.600000,0.350000,0.673936
-2.550000,0.350000,0.667227
-2.500000,0.350000,0.659193
-2.450000,0.350000,0.649817
-2.400000,0.350000,0.639079
-2.350000,0.350000,0.626957
-2.300000,0.350000,0.613424
-2.250000,0.350000,0.598447
-2.200000,0.350000,0.581993
-2.150000,0.350000,0.564022
-2.100000,0.350000,0.544487
-2.050000,0.350000,0.523338
-2.000000,0.350000,0.500517
-1.950000,0.350000,0.475957
-1.900000,0.350000,0.449584
-1.850000,0.350000,0.421313
-1.800000,0.350000,0.391045
-1.750000,0.350000,0.358670
-1.700000,0.350000,0.324058
-1.650000,0.350000,0.302648
-1.600000,0.350000,0.308960
-1.550000,0.350000,0.313868
-1.500000,0.350000,0.317382
-1.450000,0.350000,0.319511
-1.400000,0.350000,0.320259
-1.350000,0.350000,0.319628
-1.300000,0.350000,0.317617
-1.250000,0.350000,0.314221
-1.200000,0.350000,0.309432
-1.150000,0.350000,0.303239
-1.100000,0.350000,0.295628
-1.050000,0.350000,0.286581
-1.000000,0.350000,0.276074
-0.950000,0.350000,0.264083
-0.900000,0.350000,0.250576
-0.850000,0.350000,0.235518
-0.800000,0.350000,0.218869
-0.750000,0.350000,0.200580
-0.700000,0.350000,0.180599
-0.650000,0.350000,0.158864
-0.600000,0.350000,0.135304
-0.550000,0.350000,0.109840
-0.500000,0.350000,0.082379
-0.450000,0.350000,0.052815
-0.400000,0.350000,0.021023
-0.350000,0.350000,-0.013138
-0.300000,0.350000,-0.049838
-0.250000,0.350000,-0.089275
-0.200000,0.350000,-0.131687
-0.150000,0.350000,-0.177363
-0.100000,0.350000,-0.226654
-0.050000,0.350000,-0.280002
-0.000000,0.350000,-0.337968
0.050000,0.350000,-0.401289
0.100000,0.350000,-0.447287
0.150000,0.350000,-0.388109
0.200000,0.350000,-0.334098
0.250000,0.350000,-0.284560
0.300000,0.350000,-0.238967
0.350000,0.350000,-0.196901
0.400000,0.350000,-0.158029
0.450000,0.350000,-0.122079
0.500000,0.350000,-0.088827
0.550000,0.350000,-0.058086
0.600000,0.350000,-0.029696
0.650000,0.350000,-0.003525
0.700000,0.350000,0.020545
0.750000,0.350000,0.042610
0.800000,0.350000,0.062757
0.850000,0.350000,0.081059
0.900000,0.350000,0.097579
0.950000,0.350000,0.112374
1.000000,0.350000,0.125490
1.050000,0.350000,0.136967
1.100000,0.350000,0.146841
1.150000,0.350000,0.155139
1.200000,0.350000,0.161886
1.250000,0.350000,0.167100
1.300000,0.350000,0.170797
1.350000,0.350000,0.172985
1.400000,0.350000,0.173671
1.450000,0.350000,0.172857
1.500000,0.350000,0.170541
1.550000,0.350000,0.166716
1.600000,0.350000,0.161372
1.650000,0.350000,0.154494
1.700000,0.350000,0.146063
1.750000,0.350000,0.343657
1.800000,0.350000,0.495101
1.850000,0.350000,0.611170
1.900000,0.350000,0.707458
1.950000,0.350000,0.790479
2.000000,0.350000,0.863703
2.050000,0.350000,0.929244
2.100000,0.350000,0.988503
2.150000,0.350000,1.042466
2.200000,0.350000,1.091860
2.250000,0.350000,1.137236
2.300000,0.350000,1.179024
2.350000,0.350000,1.217569
2.400000,0.350000,1.253151
2.450000,0.350000,1.285999
2.500000,0.350000,1.316304
2.550000,0.350000,1.344228
2.600000,0.350000,1.369907
2.650000,0.350000,1.393458
2.700000,0.350000,1.414981
2.750000,0.350000,1.434562
2.800000,0.350000,1.452275
2.850000,0.350000,1.468183
2.900000,0.350000,1.482341
2.950000,0.350000,1.494796
3.000000,0.350000,1.505588
3.050000,0.350000,1.514751
3.100000,0.350000,1.522312
3.150000,0.350000,1.484924
3.200000,0.350000,1.373863
3.250000,0.350000,1.251000
3.300000,0.350000,1.112430
3.350000,0.350000,0.951315
3.400000,0.350000,0.753326
3.450000,0.350000,0.474342
3.500000,0.350000,
-3.500000,0.400000,
-3.450000,0.400000,0.433013
-3.400000,0.400000,0.614058
-3.350000,0.400000,0.628425
-3.300000,0.400000,0.641370
-3.250000,0.400000,0.652922
-3.200000,0.400000,0.663106
-3.150000,0.400000,0.671943
-3.100000,0.400000,0.679452
-3.050000,0.400000,0.685648
-3.000000,0.400000,0.690543
-2.950000,0.400000,0.694148
-2.900000,0.400000,0.696470
-2.850000,0.400000,0.697513
-2.800000,0.400000,0.697279
-2.750000,0.400000,0.695767
-2.700000,0.400000,0.692976
-2.650000,0.400000,0.688899
-2.600000,0.400000,0.683527
-2.550000,0.400000,0.676851
-2.500000,0.400000,0.668858
-2.450000,0.400000,0.659529
-2.400000,0.400000,0.648846
-2.350000,0.400000,0.636787
-2.300000,0.400000,0.623323
-2.250000,0.400000,0.608426
-2.200000,0.400000,0.592061
-2.150000,0.400000,0.574188
-2.100000,0.400000,0.554763
-2.050000,0.400000,0.533735
-2.000000,0.400000,0.511048
-1.950000,0.400000,0.486636
-1.900000,0.400000,0.460427
-1.850000,0.400000,0.432336
-1.800000,0.400000,0.402269
-1.750000,0.400000,0.370117
-1.700000,0.400000,0.335753
-1.650000,0.400000,0.302354
-1.600000,0.400000,0.308668
-1.550000,0.400000,0.313576
-1.500000,0.400000,0.317091
-1.450000,0.400000,0.319220
-1.400000,0.400000,0.319968
-1.350000,0.400000,0.319337
-1.300000,0.400000,0.317326
-1.250000,0.400000,0.313929
-1.200000,0.400000,0.309140
-1.150000,0.400000,0.302946
-1.100000,0.400000,0.295334
-1.050000,0.400000,0.286285
-1.000000,0.400000,0.275776
-0.950000,0.400000,0.263783
-0.900000,0.400000,0.250274
-0.850000,0.400000,0.235214
-0.800000,0.400000,0.218561
-0.750000,0.400000,0.200269
-0.700000,0.400000,0.180284
-0.650000,0.400000,0.158545
-0.600000,0.400000,0.134981
-0.550000,0.400000,0.109512
-0.500000,0.400000,0.082045
-0.450000,0.400000,0.052474
-0.400000,0.400000,0.020675
-0.350000,0.400000,-0.013494
-0.300000,0.400000,-0.050203
-0.250000,0.400000,-0.089650
-0.200000,0.400000,-0.132074
-0.150000,0.400000,-0.177763
-0.100000,0.400000,-0.227070
-0.050000,0.400000,-0.280436
-0.000000,0.400000,-0.338424
0.050000,0.400000,-0.401771
0.100000,0.400000,-0.471472
0.150000,0.400000,-0.422090
0.200000,0.400000,-0.366449
0.250000,0.400000,-0.315550
0.300000,0.400000,-0.268801
0.350000,0.400000,-0.225745
0.400000,0.400000,-0.186015
0.450000,0.400000,-0.149316
0.500000,0.400000,-0.115407
0.550000,0.400000,-0.084085
0.600000,0.400000,-0.055182
0.650000,0.400000,-0.028555
0.700000,0.400000,-0.004081
0.750000,0.400000,0.018343
0.800000,0.400000,0.038809
0.850000,0.400000,0.057394
0.900000,0.400000,0.074164
0.950000,0.400000,0.089178
1.000000,0.400000,0.102484
1.050000,0.400000,0.114126
1.100000,0.400000,0.124139
1.150000,0.400000,0.132553
1.200000,0.400000,0.139393
1.250000,0.400000,0.144679
1.300000,0.400000,0.148426
1.350000,0.400000,0.150644
1.400000,0.400000,0.151340
1.450000,0.400000,0.150515
1.500000,0.400000,0.148167
1.550000,0.400000,0.144290
1.600000,0.400000,0.138872
1.650000,0.400000,0.131899
1.700000,0.400000,0.285016
1.750000,0.400000,0.457647
1.800000,0.400000,0.583951
1.850000,0.400000,0.686858
1.900000,0.400000,0.774760
1.950000,0.400000,0.851868
2.000000,0.400000,0.920655
2.050000,0.400000,0.982722
2.100000,0.400000,1.039179
2.150000,0.400000,1.090829
2.200000,0.400000,1.138279
2.250000,0.400000,1.182000
2.300000,0.400000,1.222364
2.350000,0.400000,1.259673
2.400000,0.400000,1.294172
2.450000,0.400000,1.326069
2.500000,0.400000,1.355534
2.550000,0.400000,1.382715
2.600000,0.400000,1.407734
2.650000,0.400000,1.430700
2.700000,0.400000,1.451703
2.750000,0.400000,1.470823
2.800000,0.400000,1.488129
2.850000,0.400000,1.503679
2.900000,0.400000,1.517525
2.950000,0.400000,1.529709
3.000000,0.400000,1.540271
3.050000,0.400000,1.549240
3.100000,0.400000,1.556642
3.150000,0.400000,1.472243
3.200000,0.400000,1.360147
3.250000,0.400000,1.235921
3.300000,0.400000,1.095445
3.350000,0.400000,0.931397
3.400000,0.400000,0.728011
3.450000,0.400000,0.433013
3.500000,0.400000,
-3.500000,0.450000,
-3.450000,0.450000,0.380789
-3.400000,0.450000,0.622627
-3.350000,0.450000,0.636930
-3.300000,0.450000,0.649817
-3.250000,0.450000,0.661319
-3.200000,0.450000,0.671458
-3.150000,0.450000,0.680257
-3.100000,0.450000,0.687734
-3.050000,0.450000,0.693904
-3.000000,0.450000,0.698779
-2.950000,0.450000,0.702369
-2.900000,0.450000,0.704681
-2.850000,0.450000,0.705719
-2.800000,0.450000,0.705486
-2.750000,0.450000,0.703981
-2.700000,0.450000,0.701201
-2.650000,0.450000,0.697141
-2.600000,0.450000,0.691792
-2.550000,0.450000,0.685145
-2.500000,0.450000,0.677185
-2.450000,0.450000,0.667897
-2.400000,0.450000,0.657261
-2.350000,0.450000,0.645254
-2.300000,0.450000,0.631851
-2.250000,0.450000,0.617022
-2.200000,0.450000,0.600732
-2.150000,0.450000,0.582943
-2.100000,0.450000,0.563611
-2.050000,0.450000,0.542686
-2.000000,0.450000,0.520113
-1.950000,0.450000,0.495827
-1.900000,0.450000,0.469757
-1.850000,0.450000,0.441821
-1.800000,0.450000,0.411924
-1.750000,0.450000,0.379961
-1.700000,0.450000,0.345807
-1.650000,0.450000,0.309320
-1.600000,0.450000,0.306987
-1.550000,0.450000,0.311900
-1.500000,0.450000,0.315418
-1.450000,0.450000,0.317549
-1.400000,0.450000,0.318298
-1.350000,0.450000,0.317666
-1.300000,0.450000,0.315653
-1.250000,0.450000,0.312253
-1.200000,0.450000,0.307459
-1.150000,0.450000,0.301260
-1.100000,0.450000,0.293641
-1.050000,0.450000,0.284583
-1.000000,0.450000,0.274064
-0.950000,0.450000,0.262059
-0.900000,0.450000,0.248537
-0.850000,0.450000,0.233461
-0.800000,0.450000,0.216792
-0.750000,0.450000,0.198481
-0.700000,0.450000,0.178474
-0.650000,0.450000,0.156711
-0.600000,0.450000,0.133121
-0.550000,0.450000,0.107622
-0.500000,0.450000,0.080122
-0.450000,0.450000,0.050514
-0.400000,0.450000,0.018675
-0.350000,0.450000,-0.015541
-0.300000,0.450000,-0.052302
-0.250000,0.450000,-0.091808
-0.200000,0.450000,-0.134300
-0.150000,0.450000,-0.180066
-0.100000,0.450000,-0.229463
-0.050000,0.450000,-0.282934
-0.000000,0.450000,-0.341048
0.050000,0.450000,-0.404548
0.100000,0.450000,-0.474439
0.150000,0.450000,-0.459601
0.200000,0.450000,-0.402045
0.250000,0.450000,-0.349561
0.300000,0.450000,-0.301477
0.350000,0.450000,-0.257282
0.400000,0.450000,-0.216570
0.450000,0.450000,-0.179018
0.500000,0.450000,-0.144361
0.550000,0.450000,-0.112383
0.600000,0.450000,-0.082900
0.650000,0.450000,-0.055759
0.700000,0.450000,-0.030830
0.750000,0.450000,-0.008001
0.800000,0.450000,0.012823
0.850000,0.450000,0.031724
0.900000,0.450000,0.048773
0.950000,0.450000,0.064032
1.000000,0.450000,0.077551
1.050000,0.450000,0.089376
1.100000,0.450000,0.099545
1.150000,0.450000,0.108088
1.200000,0.450000,0.115033
1.250000,0.450000,0.120398
1.300000,0.450000,0.124202
1.350000,0.450000,0.126453
1.400000,0.450000,0.127159
1.450000,0.450000,0.126322
1.500000,0.450000,0.123939
1.550000,0.450000,0.120003
1.600000,0.450000,0.114504
1.650000,0.450000,0.198486
1.700000,0.450000,0.407488
1.750000,0.450000,0.547795
1.800000,0.450000,0.659052
1.850000,0.450000,0.752840
1.900000,0.450000,0.834491
1.950000,0.450000,0.906991
2.000000,0.450000,0.972214
2.050000,0.450000,1.031432
2.100000,0.450000,1.085551
2.150000,0.450000,1.135249
2.200000,0.450000,1.181042
2.250000,0.450000,1.223340
2.300000,0.450000,1.262471
2.350000,0.450000,1.298703
2.400000,0.450000,1.332256
2.450000,0.450000,1.363317
2.500000,0.450000,1.392042
2.550000,0.450000,1.418565
2.600000,0.450000,1.443000
2.650000,0.450000,1.465445
2.700000,0.450000,1.485985
2.750000,0.450000,1.504694
2.800000,0.450000,1.521636
2.850000,0.450000,1.536866
2.900000,0.450000,1.550432
2.950000,0.450000,1.562374
3.000000,0.450000,1.572728
3.050000,0.450000,1.581522
3.100000,0.450000,1.561249
3.150000,0.450000,1.457738
3.200000,0.450000,1.344433
3.250000,0.450000,1.218606
3.300000,0.450000,1.075872
3.350000,0.450000,0.908295
3.400000,0.450000,0.698212
3.450000,0.450000,0.380789
3.500000,0.450000,
-3.500000,0.500000,
-3.450000,0.500000,0.312250
-3.400000,0.500000,0.629836
-3.350000,0.500000,0.644085
-3.300000,0.500000,0.656924
-3.250000,0.500000,0.668383
-3.200000,0.500000,0.678486
-3.150000,0.500000,0.687253
-3.100000,0.500000,0.694703
-3.050000,0.500000,0.700851
-3.000000,0.500000,0.705709
-2.950000,0.500000,0.709286
-2.900000,0.500000,0.711590
-2.850000,0.500000,0.712625
-2.800000,0.500000,0.712392
-2.750000,0.500000,0.710892
-2.700000,0.500000,0.708122
-2.650000,0.500000,0.704076
-2.600000,0.500000,0.698747
-2.550000,0.500000,0.692123
-2.500000,0.500000,0.684192
-2.450000,0.500000,0.674937
-2.400000,0.500000,0.664340
-2.350000,0.500000,0.652378
-2.300000,0.500000,0.639025
-2.250000,0.500000,0.624252
-2.200000,0.500000,0.608025
-2.150000,0.500000,0.590307
-2.100000,0.500000,0.571052
-2.050000,0.500000,0.550214
-2.000000,0.500000,0.527735
-1.950000,0.500000,0.503555
-1.900000,0.500000,0.477600
-1.850000,0.500000,0.449792
-1.800000,0.500000,0.420037
-1.750000,0.500000,0.388231
-1.700000,0.500000,0.354252
-1.650000,0.500000,0.317961
-1.600000,0.500000,0.303915
-1.550000,0.500000,0.308836
-1.500000,0.500000,0.312360
-1.450000,0.500000,0.314494
-1.400000,0.500000,0.315244
-1.350000,0.500000,0.314612
-1.300000,0.500000,0.312595
-1.250000,0.500000,0.309190
-1.200000,0.500000,0.304388
-1.150000,0.500000,0.298177
-1.100000,0.500000,0.290545
-1.050000,0.500000,0.281471
-1.000000,0.500000,0.270934
-0.950000,0.500000,0.258908
-0.900000,0.500000,0.245361
-0.850000,0.500000,0.230258
-0.800000,0.500000,0.213557
-0.750000,0.500000,0.195211
-0.700000,0.500000,0.175165
-0.650000,0.500000,0.153358
-0.600000,0.500000,0.129719
-0.550000,0.500000,0.104166
-0.500000,0.500000,0.076605
-0.450000,0.500000,0.046930
-0.400000,0.500000,0.015015
-0.350000,0.500000,-0.019286
-0.300000,0.500000,-0.056143
-0.250000,0.500000,-0.095758
-0.200000,0.500000,-0.138373
-0.150000,0.500000,-0.184282
-0.100000,0.500000,-0.233844
-0.050000,0.500000,-0.287510
-0.000000,0.500000,-0.345855
0.050000,0.500000,-0.409637
0.100000,0.500000,-0.479879
0.150000,0.500000,-0.501042
0.200000,0.500000,-0.441216
0.250000,0.500000,-0.386872
0.300000,0.500000,-0.337236
0.350000,0.500000,-0.291724
0.400000,0.500000,-0.249884
0.450000,0.500000,-0.211355
0.500000,0.500000,-0.175848
0.550000,0.500000,-0.143123
0.600000,0.500000,-0.112984
0.650000,0.500000,-0.085263
0.700000,0.500000,-0.059821
0.750000,0.500000,-0.036537
0.800000,0.500000,-0.015311
0.850000,0.500000,0.003945
0.900000,0.500000,0.021308
0.950000,0.500000,0.036840
1.000000,0.500000,0.050597
1.050000,0.500000,0.062627
1.100000,0.500000,0.072970
1.150000,0.500000,0.081657
1.200000,0.500000,0.088718
1.250000,0.500000,0.094172
1.300000,0.500000,0.098038
1.350000,0.500000,0.100327
1.400000,0.500000,0.101044
1.450000,0.500000,0.100193
1.500000,0.500000,0.097771
1.550000,0.500000,0.093771
1.600000,0.500000,0.088180
1.650000,0.500000,0.340204
1.700000,0.500000,0.501065
1.750000,0.500000,0.623198
1.800000,0.500000,0.724218
1.850000,0.500000,0.811251
1.900000,0.500000,0.888038
1.950000,0.500000,0.956837
2.000000,0.500000,1.019133
2.050000,0.500000,1.075970
2.100000,0.500000,1.128113
2.150000,0.500000,1.176141
2.200000,0.500000,1.220506
2.250000,0.500000,1.261570
2.300000,0.500000,1.299625
2.350000,0.500000,1.334912
2.400000,0.500000,1.367632
2.450000,0.500000,1.397955
2.500000,0.500000,1.426024
2.550000,0.500000,1.451963
2.600000,0.500000,1.475876
2.650000,0.500000,1.497857
2.700000,0.500000,1.517983
2.750000,0.500000,1.536324
2.800000,0.500000,1.552940
2.850000,0.500000,1.567883
2.900000,0.500000,1.581197
2.950000,0.500000,1.592920
3.000000,0.500000,1.603087
3.050000,0.500000,1.611725
3.100000,0.500000,1.545962
3.150000,0.500000,1.441354
3.200000,0.500000,1.326650
3.250000,0.500000,1.198958
3.300000,0.500000,1.053565
3.350000,0.500000,0.881760
3.400000,0.500000,0.663325
3.450000,0.500000,0.312250
3.500000,0.500000,
-3.500000,0.550000,
-3.450000,0.550000,0.212132
-3.400000,0.550000,0.622495
-3.350000,0.550000,0.649905
-3.300000,0.550000,0.662706
-3.250000,0.550000,0.674130
-3.200000,0.550000,0.684203
-3.150000,0.550000,0.692945
-3.100000,0.550000,0.700373
-3.050000,0.550000,0.706503
-3.000000,0.550000,0.711347
-2.950000,0.550000,0.714914
-2.900000,0.550000,0.717211
-2.850000,0.550000,0.718243
-2.800000,0.550000,0.718012
-2.750000,0.550000,0.716516
-2.700000,0.550000,0.713754
-2.650000,0.550000,0.709719
-2.600000,0.550000,0.704405
-2.550000,0.550000,0.697801
-2.500000,0.550000,0.689892
-2.450000,0.550000,0.680665
-2.400000,0.550000,0.670099
-2.350000,0.550000,0.658173
-2.300000,0.550000,0.644861
-2.250000,0.550000,0.630134
-2.200000,0.550000,0.613958
-2.150000,0.550000,0.596295
-2.100000,0.550000,0.577104
-2.050000,0.550000,0.556335
-2.000000,0.550000,0.533933
-1.950000,0.550000,0.509837
-1.900000,0.550000,0.483976
-1.850000,0.550000,0.456271
-1.800000,0.550000,0.426631
-1.750000,0.550000,0.394951
-1.700000,0.550000,0.361113
-1.650000,0.550000,0.324978
-1.600000,0.550000,0.299442
-1.550000,0.550000,0.304376
-1.500000,0.550000,0.307909
-1.450000,0.550000,0.310048
-1.400000,0.550000,0.310800
-1.350000,0.550000,0.310166
-1.300000,0.550000,0.308145
-1.250000,0.550000,0.304731
-1.200000,0.550000,0.299917
-1.150000,0.550000,0.293691
-1.100000,0.550000,0.286039
-1.050000,0.550000,0.276942
-1.000000,0.550000,0.266378
-0.950000,0.550000,0.254321
-0.900000,0.550000,0.240738
-0.850000,0.550000,0.225594
-0.800000,0.550000,0.208847
-0.750000,0.550000,0.190450
-0.700000,0.550000,0.170347
-0.650000,0.550000,0.148476
-0.600000,0.550000,0.124765
-0.550000,0.550000,0.099133
-0.500000,0.550000,0.071484
-0.450000,0.550000,0.041709
-0.400000,0.550000,0.009683
-0.350000,0.550000,-0.024742
-0.300000,0.550000,-0.061739
-0.250000,0.550000,-0.101513
-0.200000,0.550000,-0.144311
-0.150000,0.550000,-0.190428
-0.100000,0.550000,-0.240234
-0.050000,0.550000,-0.294186
-0.000000,0.550000,-0.352873
0.050000,0.550000,-0.417070
0.100000,0.550000,-0.487831
0.150000,0.550000,-0.546930
0.200000,0.550000,-0.484379
0.250000,0.550000,-0.427831
0.300000,0.550000,-0.376373
0.350000,0.550000,-0.329329
0.400000,0.550000,-0.286185
0.450000,0.550000,-0.246534
0.500000,0.550000,-0.210053
0.550000,0.550000,-0.176478
0.600000,0.550000,-0.145592
0.650000,0.550000,-0.117214
0.700000,0.550000,-0.091192
0.750000,0.550000,-0.067396
0.800000,0.550000,-0.045717
0.850000,0.550000,-0.026062
0.900000,0.550000,-0.008348
0.950000,0.550000,0.007491
1.000000,0.550000,0.021515
1.050000,0.550000,0.033774
1.100000,0.550000,0.044310
1.150000,0.550000,0.053159
1.200000,0.550000,0.060349
1.250000,0.550000,0.065903
1.300000,0.550000,0.069839
1.350000,0.550000,0.072168
1.400000,0.550000,0.072899
1.450000,0.550000,0.072033
1.500000,0.550000,0.069567
1.550000,0.550000,0.065494
1.600000,0.550000,0.245655
1.650000,0.550000,0.440978
1.700000,0.550000,0.578002
1.750000,0.550000,0.688154
1.800000,0.550000,0.781679
1.850000,0.550000,0.863482
1.900000,0.550000,0.936370
1.950000,0.550000,1.002128
2.000000,0.550000,1.061978
2.050000,0.550000,1.116800
2.100000,0.550000,1.167250
2.150000,0.550000,1.213837
2.200000,0.550000,1.256962
2.250000,0.550000,1.296947
2.300000,0.550000,1.334057
2.350000,0.550000,1.368511
2.400000,0.550000,1.400494
2.450000,0.550000,1.430162
2.500000,0.550000,1.457647
2.550000,0.550000,1.483064
2.600000,0.550000,1.506512
2.650000,0.550000,1.528076
2.700000,0.550000,1.547831
2.750000,0.550000,1.565842
2.800000,0.550000,1.582165
2.850000,0.550000,1.596848
2.900000,0.550000,1.609935
2.950000,0.550000,1.621462
3.000000,0.550000,1.631461
3.050000,0.550000,1.626346
3.100000,0.550000,1.528888
3.150000,0.550000,1.423025
3.200000,0.550000,1.306713
3.250000,0.550000,1.176860
3.300000,0.550000,1.028348
3.350000,0.550000,0.851469
3.400000,0.550000,0.622495
3.450000,0.550000,0.212132
3.500000,0.550000,
-3.500000,0.600000,
-3.450000,0.600000,
-3.400000,0.600000,0.574456
-3.350000,0.600000,0.654403
-3.300000,0.600000,0.667174
-3.250000,0.600000,0.678572
-3.200000,0.600000,0.688622
-3.150000,0.600000,0.697344
-3.100000,0.600000,0.704755
-3.050000,0.600000,0.710872
-3.000000,0.600000,0.715705
-2.950000,0.600000,0.719264
-2.900000,0.600000,0.721557
-2.850000,0.600000,0.722586
-2.800000,0.600000,0.722355
-2.750000,0.600000,0.720863
-2.700000,0.600000,0.718107
-2.650000,0.600000,0.714081
-2.600000,0.600000,0.708779
-2.550000,0.600000,0.702189
-2.500000,0.600000,0.694298
-2.450000,0.600000,0.685092
-2.400000,0.600000,0.674550
-2.350000,0.600000,0.662651
-2.300000,0.600000,0.649371
-2.250000,0.600000,0.634678
-2.200000,0.600000,0.618542
-2.150000,0.600000,0.600923
-2.100000,0.600000,0.581779
-2.050000,0.600000,0.561063
-2.000000,0.600000,0.538721
-1.950000,0.600000,0.514689
-1.900000,0.600000,0.488900
-1.850000,0.600000,0.461274
-1.800000,0.600000,0.431722
-1.750000,0.600000,0.400139
-1.700000,0.600000,0.366409
-1.650000,0.600000,0.330395
-1.600000,0.600000,0.293561
-1.550000,0.600000,0.298510
-1.500000,0.600000,0.302054
-1.450000,0.600000,0.304201
-1.400000,0.600000,0.304956
-1.350000,0.600000,0.304319
-1.300000,0.600000,0.302291
-1.250000,0.600000,0.298866
-1.200000,0.600000,0.294036
-1.150000,0.600000,0.287790
-1.100000,0.600000,0.280113
-1.050000,0.600000,0.270985
-1.000000,0.600000,0.260386
-0.950000,0.600000,0.248286
-0.900000,0.600000,0.234656
-0.850000,0.600000,0.219458
-0.800000,0.600000,0.202651
-0.750000,0.600000,0.184186
-0.700000,0.600000,0.164007
-0.650000,0.600000,0.142051
-0.600000,0.600000,0.118246
-0.550000,0.600000,0.092508
-0.500000,0.600000,0.064741
-0.450000,0.600000,0.034836
-0.400000,0.600000,0.002662
-0.350000,0.600000,-0.031928
-0.300000,0.600000,-0.069112
-0.250000,0.600000,-0.109098
-0.200000,0.600000,-0.152137
-0.150000,0.600000,-0.198534
-0.100000,0.600000,-0.248664
-0.050000,0.600000,-0.302998
-0.000000,0.600000,-0.362142
0.050000,0.600000,-0.426897
0.100000,0.600000,-0.498357
0.150000,0.600000,-0.578092
0.200000,0.600000,-0.532071
0.250000,0.600000,-0.472876
0.300000,0.600000,-0.419257
0.350000,0.600000,-0.370416
0.400000,0.600000,-0.325751
0.450000,0.600000,-0.284801
0.500000,0.600000,-0.247199
0.550000,0.600000,-0.212650
0.600000,0.600000,-0.180913
0.650000,0.600000,-0.151787
0.700000,0.600000,-0.125107
0.750000,0.600000,-0.100732
0.800000,0.600000,-0.078542
0.850000,0.600000,-0.058437
0.900000,0.600000,-0.040329
0.950000,0.600000,-0.024145
1.000000,0.600000,-0.009821
1.050000,0.600000,0.002695
1.100000,0.600000,0.013448
1.150000,0.600000,0.022477
1.200000,0.600000,0.029812
1.250000,0.600000,0.035477
1.300000,0.600000,0.039491
1.350000,0.600000,0.041866
1.400000,0.600000,0.042611
1.450000,0.600000,0.041728
1.500000,0.600000,0.039213
1.550000,0.600000,0.083986
1.600000,0.600000,0.362241
1.650000,0.600000,0.521396
1.700000,0.600000,0.643552
1.750000,0.600000,0.745103
1.800000,0.600000,0.832876
1.850000,0.600000,0.910503
1.900000,0.600000,0.980193
1.950000,0.600000,1.043412
2.000000,0.600000,1.101190
2.050000,0.600000,1.154285
2.100000,0.600000,1.203274
2.150000,0.600000,1.248608
2.200000,0.600000,1.290647
2.250000,0.600000,1.329684
2.300000,0.600000,1.365960
2.350000,0.600000,1.399677
2.400000,0.600000,1.431004
2.450000,0.600000,1.460088
2.500000,0.600000,1.487052
2.550000,0.600000,1.512002
2.600000,0.600000,1.535033
2.650000,0.600000,1.556224
2.700000,0.600000,1.575645
2.750000,0.600000,1.593358
2.800000,0.600000,1.609417
2.850000,0.600000,1.623867
2.900000,0.600000,1.636749
2.950000,0.600000,1.648098
3.000000,0.600000,1.657944
3.050000,0.600000,1.608571
3.100000,0.600000,1.509967
3.150000,0.600000,1.402676
3.200000,0.600000,1.284523
3.250000,0.600000,1.152172
3.300000,0.600000,1.000000
3.350000,0.600000,0.817007
3.400000,0.600000,0.574456
3.450000,0.600000,
3.500000,0.600000,
-3.500000,0.650000,
-3.450000,0.650000,
-3.400000,0.650000,0.517204
-3.350000,0.650000,0.657587
-3.300000,0.650000,0.670337
-3.250000,0.650000,0.681717
-3.200000,0.650000,0.691750
-3.150000,0.650000,0.700458
-3.100000,0.650000,0.707858
-3.050000,0.650000,0.713965
-3.000000,0.650000,0.718791
-2.950000,0.650000,0.722345
-2.900000,0.650000,0.724633
-2.850000,0.650000,0.725661
-2.800000,0.650000,0.725431
-2.750000,0.650000,0.723941
-2.700000,0.650000,0.721189
-2.650000,0.650000,0.717170
-2.600000,0.650000,0.711875
-2.550000,0.650000,0.705296
-2.500000,0.650000,0.697418
-2.450000,0.650000,0.688226
-2.400000,0.650000,0.677702
-2.350000,0.650000,0.665822
-2.300000,0.650000,0.652564
-2.250000,0.650000,0.637896
-2.200000,0.650000,0.621787
-2.150000,0.650000,0.604199
-2.100000,0.650000,0.585089
-2.050000,0.650000,0.564411
-2.000000,0.650000,0.542110
-1.950000,0.650000,0.518124
-1.900000,0.650000,0.492386
-1.850000,0.650000,0.464815
-1.800000,0.650000,0.435324
-1.750000,0.650000,0.403810
-1.700000,0.650000,0.370156
-1.650000,0.650000,0.334226
-1.600000,0.650000,0.295863
-1.550000,0.650000,0.291225
-1.500000,0.650000,0.294783
-1.450000,0.650000,0.296939
-1.400000,0.650000,0.297696
-1.350000,0.650000,0.297058
-1.300000,0.650000,0.295021
-1.250000,0.650000,0.291582
-1.200000,0.650000,0.286732
-1.150000,0.650000,0.280461
-1.100000,0.650000,0.272751
-1.050000,0.650000,0.263586
-1.000000,0.650000,0.252941
-0.950000,0.650000,0.240790
-0.900000,0.650000,0.227100
-0.850000,0.650000,0.211835
-0.800000,0.650000,0.194952
-0.750000,0.650000,0.176401
-0.700000,0.650000,0.156127
-0.650000,0.650000,0.134065
-0.600000,0.650000,0.110142
-0.550000,0.650000,0.084271
-0.500000,0.650000,0.056357
-0.450000,0.650000,0.026286
-0.400000,0.650000,-0.006072
-0.350000,0.650000,-0.040870
-0.300000,0.650000,-0.078289
-0.250000,0.650000,-0.118542
-0.200000,0.650000,-0.161887
-0.150000,0.650000,-0.208636
-0.100000,0.650000,-0.259175
-0.050000,0.650000,-0.313994
-0.000000,0.650000,-0.373719
0.050000,0.650000,-0.439185
0.100000,0.650000,-0.511539
0.150000,0.650000,-0.592440
0.200000,0.650000,-0.585005
0.250000,0.650000,-0.522576
0.300000,0.650000,-0.466359
0.350000,0.650000,-0.415381
0.400000,0.650000,-0.368929
0.450000,0.650000,-0.326462
0.500000,0.650000,-0.287560
0.550000,0.650000,-0.251887
0.600000,0.650000,-0.219172
0.650000,0.650000,-0.189191
0.700000,0.650000,-0.161762
0.750000,0.650000,-0.136727
0.800000,0.650000,-0.113958
0.850000,0.650000,-0.093344
0.900000,0.650000,-0.074790
0.950000,0.650000,-0.058218
1.000000,0.650000,-0.043558
1.050000,0.650000,-0.030753
1.100000,0.650000,-0.019755
1.150000,0.650000,-0.010524
1.200000,0.650000,-0.003027
1.250000,0.650000,0.002763
1.300000,0.650000,0.006864
1.350000,0.650000,0.009291
1.400000,0.650000,0.010052
1.450000,0.650000,0.009150
1.500000,0.650000,0.006581
1.550000,0.650000,0.252221
1.600000,0.650000,0.449804
1.650000,0.650000,0.588732
1.700000,0.650000,0.700552
1.750000,0.650000,0.795592
1.800000,0.650000,0.878802
1.850000,0.650000,0.953017
1.900000,0.650000,1.020041
1.950000,0.650000,1.081111
2.000000,0.650000,1.137116
2.050000,0.650000,1.188720
2.100000,0.650000,1.236438
2.150000,0.650000,1.280676
2.200000,0.650000,1.321761
2.250000,0.650000,1.359960
2.300000,0.650000,1.395497
2.350000,0.650000,1.428558
2.400000,0.650000,1.459302
2.450000,0.650000,1.487864
2.500000,0.650000,1.514361
2.550000,0.650000,1.538893
2.600000,0.650000,1.561549
2.650000,0.650000,1.582404
2.700000,0.650000,1.601525
2.750000,0.650000,1.618970
2.800000,0.650000,1.634790
2.850000,0.650000,1.649029
2.900000,0.650000,1.661726
2.950000,0.650000,1.672915
3.000000,0.650000,1.681517
3.050000,0.650000,1.589025
3.100000,0.650000,1.489127
3.150000,0.650000,1.380217
3.200000,0.650000,1.259960
3.250000,0.650000,1.124722
3.300000,0.650000,0.968246
3.350000,0.650000,0.777817
3.400000,0.650000,0.517204
3.450000,0.650000,
3.500000,0.650000,
-3.500000,0.700000,
-3.450000,0.700000,
-3.400000,0.700000,0.447214
-3.350000,0.700000,0.659465
-3.300000,0.700000,0.672203
-3.250000,0.700000,0.683571
-3.200000,0.700000,0.693595
-3.150000,0.700000,0.702295
-3.100000,0.700000,0.709688
-3.050000,0.700000,0.715790
-3.000000,0.700000,0.720611
-2.950000,0.700000,0.724161
-2.900000,0.700000,0.726448
-2.850000,0.700000,0.727475
-2.800000,0.700000,0.727244
-2.750000,0.700000,0.725756
-2.700000,0.700000,0.723006
-2.650000,0.700000,0.718991
-2.600000,0.700000,0.713702
-2.550000,0.700000,0.707128
-2.500000,0.700000,0.699258
-2.450000,0.700000,0.690075
-2.400000,0.700000,0.679560
-2.350000,0.700000,0.667692
-2.300000,0.700000,0.654446
-2.250000,0.700000,0.639793
-2.200000,0.700000,0.623700
-2.150000,0.700000,0.606130
-2.100000,0.700000,0.587041
-2.050000,0.700000,0.566385
-2.000000,0.700000,0.544108
-1.950000,0.700000,0.520149
-1.900000,0.700000,0.494440
-1.850000,0.700000,0.466903
-1.800000,0.700000,0.437448
-1.750000,0.700000,0.405974
-1.700000,0.700000,0.372365
-1.650000,0.700000,0.336484
-1.600000,0.700000,0.298177
-1.550000,0.700000,0.282502
-1.500000,0.700000,0.286078
-1.450000,0.700000,0.288244
-1.400000,0.700000,0.289005
-1.350000,0.700000,0.288364
-1.300000,0.700000,0.286317
-1.250000,0.700000,0.282861
-1.200000,0.700000,0.277988
-1.150000,0.700000,0.271685
-1.100000,0.700000,0.263937
-1.050000,0.700000,0.254725
-1.000000,0.700000,0.244026
-0.950000,0.700000,0.231812
-0.900000,0.700000,0.218051
-0.850000,0.700000,0.202704
-0.800000,0.700000,0.185729
-0.750000,0.700000,0.167076
-0.700000,0.700000,0.146686
-0.650000,0.700000,0.124495
-0.600000,0.700000,0.100428
-0.550000,0.700000,0.074397
-0.500000,0.700000,0.046304
-0.450000,0.700000,0.016033
-0.400000,0.700000,-0.016550
-0.350000,0.700000,-0.051601
-0.300000,0.700000,-0.089306
-0.250000,0.700000,-0.129884
-0.200000,0.700000,-0.173601
-0.150000,0.700000,-0.220780
-0.100000,0.700000,-0.271823
-0.050000,0.700000,-0.327235
-0.000000,0.700000,-0.387676
0.050000,0.700000,-0.454021
0.100000,0.700000,-0.527486
0.150000,0.700000,-0.609846
0.200000,0.700000,-0.644161
0.250000,0.700000,-0.577689
0.300000,0.700000,-0.518289
0.350000,0.700000,-0.464733
0.400000,0.700000,-0.416151
0.450000,0.700000,-0.371894
0.500000,0.700000,-0.331470
0.550000,0.700000,-0.294489
0.600000,0.700000,-0.260642
0.650000,0.700000,-0.229678
0.700000,0.700000,-0.201388
0.750000,0.700000,-0.175601
0.800000,0.700000,-0.152171
0.850000,0.700000,-0.130979
0.900000,0.700000,-0.111919
0.950000,0.700000,-0.094906
1.000000,0.700000,-0.079866
1.050000,0.700000,-0.066735
1.100000,0.700000,-0.055462
1.150000,0.700000,-0.046003
1.200000,0.700000,-0.038323
1.250000,0.700000,-0.032394
1.300000,0.700000,-0.028194
1.350000,0.700000,-0.025709
1.400000,0.700000,-0.024930
1.450000,0.700000,-0.025854
1.500000,0.700000,0.050474
1.550000,0.700000,0.356068
1.600000,0.700000,0.520949
1.650000,0.700000,0.646581
1.700000,0.700000,0.750743
1.750000,0.700000,0.840672
1.800000,0.700000,0.920176
1.850000,0.700000,0.991556
1.900000,0.700000,1.056330
1.950000,0.700000,1.115563
2.000000,0.700000,1.170037
2.050000,0.700000,1.220346
2.100000,0.700000,1.266953
2.150000,0.700000,1.310227
2.200000,0.700000,1.350469
2.250000,0.700000,1.387926
2.300000,0.700000,1.422806
2.350000,0.700000,1.455283
2.400000,0.700000,1.485506
2.450000,0.700000,1.513601
2.500000,0.700000,1.539680
2.550000,0.700000,1.563837
2.600000,0.700000,1.586155
2.650000,0.700000,1.606708
2.700000,0.700000,1.625558
2.750000,0.700000,1.642761
2.800000,0.700000,1.658366
2.850000,0.700000,1.672415
2.900000,0.700000,1.684945
2.950000,0.700000,1.695987
3.000000,0.700000,1.661325
3.050000,0.700000,1.567642
3.100000,0.700000,1.466288
3.150000,0.700000,1.355544
3.200000,0.700000,1.232883
3.250000,0.700000,1.094303
3.300000,0.700000,0.932738
3.350000,0.700000,0.733144
3.400000,0.700000,0.447214
3.450000,0.700000,
3.500000,0.700000,
-3.500000,0.750000,
-3.450000,0.750000,
-3.400000,0.750000,0.357071
-3.350000,0.750000,0.660040
-3.300000,0.750000,0.672774
-3.250000,0.750000,0.684139
-3.200000,0.750000,0.694160
-3.150000,0.750000,0.702858
-3.100000,0.750000,0.710249
-3.050000,0.750000,0.716348
-3.000000,0.750000,0.721168
-2.950000,0.750000,0.724718
-2.900000,0.750000,0.727004
-2.850000,0.750000,0.728030
-2.800000,0.750000,0.727800
-2.750000,0.750000,0.726312
-2.700000,0.750000,0.723563
-2.650000,0.750000,0.719549
-2.600000,0.750000,0.714261
-2.550000,0.750000,0.707689
-2.500000,0.750000,0.699821
-2.450000,0.750000,0.690641
-2.400000,0.750000,0.680129
-2.350000,0.750000,0.668265
-2.300000,0.750000,0.655023
-2.250000,0.750000,0.640374
-2.200000,0.750000,0.624286
-2.150000,0.750000,0.606722
-2.100000,0.750000,0.587638
-2.050000,0.750000,0.566989
-2.000000,0.750000,0.544719
-1.950000,0.750000,0.520769
-1.900000,0.750000,0.495069
-1.850000,0.750000,0.467542
-1.800000,0.750000,0.438098
-1.750000,0.750000,0.406637
-1.700000,0.750000,0.373041
-1.650000,0.750000,0.337176
-1.600000,0.750000,0.298885
-1.550000,0.750000,0.272321
-1.500000,0.750000,0.275918
-1.450000,0.750000,0.278096
-1.400000,0.750000,0.278862
-1.350000,0.750000,0.278216
-1.300000,0.750000,0.276158
-1.250000,0.750000,0.272682
-1.200000,0.750000,0.267780
-1.150000,0.750000,0.261441
-1.100000,0.750000,0.253648
-1.050000,0.750000,0.244381
-1.000000,0.750000,0.233618
-0.950000,0.750000,0.221330
-0.900000,0.750000,0.207484
-0.850000,0.750000,0.192041
-0.800000,0.750000,0.174957
-0.750000,0.750000,0.156182
-0.700000,0.750000,0.135656
-0.650000,0.750000,0.113313
-0.600000,0.750000,0.089076
-0.550000,0.750000,0.062855
-0.500000,0.750000,0.034550
-0.450000,0.750000,0.004041
-0.400000,0.750000,-0.028809
-0.350000,0.750000,-0.064161
-0.300000,0.750000,-0.102206
-0.250000,0.750000,-0.143172
-0.200000,0.750000,-0.187334
-0.150000,0.750000,-0.235028
-0.100000,0.750000,-0.286672
-0.050000,0.750000,-0.342800
-0.000000,0.750000,-0.404104
0.050000,0.750000,-0.471515
0.100000,0.750000,-0.546337
0.150000,0.750000,-0.630495
0.200000,0.750000,-0.710950
0.250000,0.750000,-0.639263
0.300000,0.750000,-0.575867
0.350000,0.750000,-0.519140
0.400000,0.750000,-0.467976
0.450000,0.750000,-0.421577
0.500000,0.750000,-0.379348
0.550000,0.750000,-0.340829
0.600000,0.750000,-0.305661
0.650000,0.750000,-0.273553
0.700000,0.750000,-0.244269
0.750000,0.750000,-0.217615
0.800000,0.750000,-0.193428
0.850000,0.750000,-0.171573
0.900000,0.750000,-0.151937
0.950000,0.750000,-0.134423
1.000000,0.750000,-0.118950
1.050000,0.750000,-0.105449
1.100000,0.750000,-0.093864
1.150000,0.750000,-0.084147
1.200000,0.750000,-0.076261
1.250000,0.750000,-0.070173
1.300000,0.750000,-0.065862
1.350000,0.750000,-0.063312
1.400000,0.750000,-0.062512
1.450000,0.750000,-0.063460
1.500000,0.750000,0.220768
1.550000,0.750000,0.435209
1.600000,0.750000,0.580919
1.650000,0.750000,0.697037
1.700000,0.750000,0.795283
1.750000,0.750000,0.881097
1.800000,0.750000,0.957538
1.850000,0.750000,1.026532
1.900000,0.750000,1.089386
1.950000,0.750000,1.147038
2.000000,0.750000,1.200184
2.050000,0.750000,1.249361
2.100000,0.750000,1.294992
2.150000,0.750000,1.337416
2.200000,0.750000,1.376913
2.250000,0.750000,1.413712
2.300000,0.750000,1.448007
2.350000,0.750000,1.479963
2.400000,0.750000,1.509719
2.450000,0.750000,1.537397
2.500000,0.750000,1.563100
2.550000,0.750000,1.586920
2.600000,0.750000,1.608935
2.650000,0.750000,1.629215
2.700000,0.750000,1.647821
2.750000,0.750000,1.664806
2.800000,0.750000,1.680216
2.850000,0.750000,1.694093
2.900000,0.750000,1.706472
2.950000,0.750000,1.717384
3.000000,0.750000,1.639360
3.050000,0.750000,1.544345
3.100000,0.750000,1.441354
3.150000,0.750000,1.328533
3.200000,0.750000,1.203121
3.250000,0.750000,1.060660
3.300000,0.750000,0.893029
3.350000,0.750000,0.681909
3.400000,0.750000,0.357071
3.450000,0.750000,
3.500000,0.750000,
-3.500000,0.800000,
-3.450000,0.800000,
-3.400000,0.800000,0.223607
-3.350000,0.800000,0.622495
-3.300000,0.800000,0.672052
-3.250000,0.800000,0.683422
-3.200000,0.800000,0.693447
-3.150000,0.800000,0.702147
-3.100000,0.800000,0.709541
-3.050000,0.800000,0.715642
-3.000000,0.800000,0.720464
-2.950000,0.800000,0.724015
-2.900000,0.800000,0.726302
-2.850000,0.800000,0.727329
-2.800000,0.800000,0.727098
-2.750000,0.800000,0.725609
-2.700000,0.800000,0.722860
-2.650000,0.800000,0.718844
-2.600000,0.800000,0.713554
-2.550000,0.800000,0.706980
-2.500000,0.800000,0.699109
-2.450000,0.800000,0.689925
-2.400000,0.800000,0.679410
-2.350000,0.800000,0.667541
-2.300000,0.800000,0.654294
-2.250000,0.800000,0.639640
-2.200000,0.800000,0.623546
-2.150000,0.800000,0.605974
-2.100000,0.800000,0.586883
-2.050000,0.800000,0.566225
-2.000000,0.800000,0.543946
-1.950000,0.800000,0.519986
-1.900000,0.800000,0.494274
-1.850000,0.800000,0.466735
-1.800000,0.800000,0.437277
-1.750000,0.800000,0.405800
-1.700000,0.800000,0.372187
-1.650000,0.800000,0.336302
-1.600000,0.800000,0.297990
-1.550000,0.800000,0.260656
-1.500000,0.800000,0.264276
-1.450000,0.800000,0.266469
-1.400000,0.800000,0.267240
-1.350000,0.800000,0.266590
-1.300000,0.800000,0.264518
-1.250000,0.800000,0.261019
-1.200000,0.800000,0.256085
-1.150000,0.800000,0.249703
-1.100000,0.800000,0.241857
-1.050000,0.800000,0.232527
-1.000000,0.800000,0.221690
-0.950000,0.800000,0.209316
-0.900000,0.800000,0.195371
-0.850000,0.800000,0.179816
-0.800000,0.800000,0.162606
-0.750000,0.800000,0.143689
-0.700000,0.800000,0.123005
-0.650000,0.800000,0.100485
-0.600000,0.800000,0.076049
-0.550000,0.800000,0.049607
-0.500000,0.800000,0.021054
-0.450000,0.800000,-0.009732
-0.400000,0.800000,-0.042894
-0.350000,0.800000,-0.078598
-0.300000,0.800000,-0.117042
-0.250000,0.800000,-0.158463
-0.200000,0.800000,-0.203148
-0.150000,0.800000,-0.251450
-0.100000,0.800000,-0.303808
-0.050000,0.800000,-0.360784
-0.000000,0.800000,-0.423118
0.050000,0.800000,-0.491808
0.100000,0.800000,-0.568270
0.150000,0.800000,-0.654627
0.200000,0.800000,-0.754340
0.250000,0.800000,-0.708818
0.300000,0.800000,-0.640235
0.350000,0.800000,-0.579503
0.400000,0.800000,-0.525143
0.450000,0.800000,-0.476133
0.500000,0.800000,-0.431731
0.550000,0.800000,-0.391380
0.600000,0.800000,-0.354649
0.650000,0.800000,-0.321198
0.700000,0.800000,-0.290753
0.750000,0.800000,-0.263091
0.800000,0.800000,-0.238028
0.850000,0.800000,-0.215410
0.900000,0.800000,-0.195111
0.950000,0.800000,-0.177022
1.000000,0.800000,-0.161054
1.050000,0.800000,-0.147131
1.100000,0.800000,-0.135190
1.150000,0.800000,-0.125180
1.200000,0.800000,-0.117058
1.250000,0.800000,-0.110791
1.300000,0.800000,-0.106354
1.350000,0.800000,-0.103729
1.400000,0.800000,-0.102906
1.450000,0.800000,-0.103882
1.500000,0.800000,0.320413
1.550000,0.800000,0.499675
1.600000,0.800000,0.632501
1.650000,0.800000,0.741447
1.700000,0.800000,0.834989
1.750000,0.800000,0.917427
1.800000,0.800000,0.991303
1.850000,0.800000,1.058270
1.900000,0.800000,1.119477
1.950000,0.800000,1.175759
2.000000,0.800000,1.227747
2.050000,0.800000,1.275932
2.100000,0.800000,1.320704
2.150000,0.800000,1.362377
2.200000,0.800000,1.401213
2.250000,0.800000,1.437427
2.300000,0.800000,1.471201
2.350000,0.800000,1.502692
2.400000,0.800000,1.532031
2.450000,0.800000,1.559335
2.500000,0.800000,1.584701
2.550000,0.800000,1.608218
2.600000,0.800000,1.629961
2.650000,0.800000,1.649996
2.700000,0.800000,1.668382
2.750000,0.800000,1.685170
2.800000,0.800000,1.700405
2.850000,0.800000,1.714127
2.900000,0.800000,1.726369
2.950000,0.800000,1.705139
3.000000,0.800000,1.615549
3.050000,0.800000,1.519046
3.100000,0.800000,1.414214
3.150000,0.800000,1.299038
3.200000,0.800000,1.170470
3.250000,0.800000,1.023474
3.300000,0.800000,0.848528
3.350000,0.800000,0.622495
3.400000,0.800000,0.223607
3.450000,0.800000,
3.500000,0.800000,
-3.500000,0.850000,
-3.450000,0.850000,
-3.400000,0.850000,
-3.350000,0.850000,0.552268
-3.300000,0.850000,0.670036
-3.250000,0.850000,0.681417
-3.200000,0.850000,0.691452
-3.150000,0.850000,0.700162
-3.100000,0.850000,0.707563
-3.050000,0.850000,0.713671
-3.000000,0.850000,0.718497
-2.950000,0.850000,0.722051
-2.900000,0.850000,0.724340
-2.850000,0.850000,0.725368
-2.800000,0.850000,0.725138
-2.750000,0.850000,0.723648
-2.700000,0.850000,0.720895
-2.650000,0.850000,0.716875
-2.600000,0.850000,0.711580
-2.550000,0.850000,0.705000
-2.500000,0.850000,0.697121
-2.450000,0.850000,0.687928
-2.400000,0.850000,0.677401
-2.350000,0.850000,0.665520
-2.300000,0.850000,0.652259
-2.250000,0.850000,0.637589
-2.200000,0.850000,0.621478
-2.150000,0.850000,0.603887
-2.100000,0.850000,0.584774
-2.050000,0.850000,0.564092
-2.000000,0.850000,0.541787
-1.950000,0.850000,0.517797
-1.900000,0.850000,0.492054
-1.850000,0.850000,0.464478
-1.800000,0.850000,0.434981
-1.750000,0.850000,0.403461
-1.700000,0.850000,0.369799
-1.650000,0.850000,0.333862
-1.600000,0.850000,0.295489
-1.550000,0.850000,0.254498
-1.500000,0.850000,0.251125
-1.450000,0.850000,0.253334
-1.400000,0.850000,0.254111
-1.350000,0.850000,0.253456
-1.300000,0.850000,0.251368
-1.250000,0.850000,0.247843
-1.200000,0.850000,0.242871
-1.150000,0.850000,0.236441
-1.100000,0.850000,0.228534
-1.050000,0.850000,0.219132
-1.000000,0.850000,0.208209
-0.950000,0.850000,0.195736
-0.900000,0.850000,0.181678
-0.850000,0.850000,0.165995
-0.800000,0.850000,0.148641
-0.750000,0.850000,0.129561
-0.700000,0.850000,0.108694
-0.650000,0.850000,0.085970
-0.600000,0.850000,0.061306
-0.550000,0.850000,0.034609
-0.500000,0.850000,0.005770
-0.450000,0.850000,-0.025337
-0.400000,0.850000,-0.058859
-0.350000,0.850000,-0.094971
-0.300000,0.850000,-0.133878
-0.250000,0.850000,-0.175828
-0.200000,0.850000,-0.221123
-0.150000,0.850000,-0.270134
-0.100000,0.850000,-0.323328
-0.050000,0.850000,-0.381305
-0.000000,0.850000,-0.444858
0.050000,0.850000,-0.515074
0.100000,0.850000,-0.593511
0.150000,0.850000,-0.682552
0.200000,0.850000,-0.786193
0.250000,0.850000,-0.788713
0.300000,0.850000,-0.713074
0.350000,0.850000,-0.647098
0.400000,0.850000,-0.588666
0.450000,0.850000,-0.536396
0.500000,0.850000,-0.489325
0.550000,0.850000,-0.446751
0.600000,0.850000,-0.408144
0.650000,0.850000,-0.373094
0.700000,0.850000,-0.341277
0.750000,0.850000,-0.312430
0.800000,0.850000,-0.286342
0.850000,0.850000,-0.262836
0.900000,0.850000,-0.241767
0.950000,0.850000,-0.223013
1.000000,0.850000,-0.206474
1.050000,0.850000,-0.192065
1.100000,0.850000,-0.179716
1.150000,0.850000,-0.169369
1.200000,0.850000,-0.160977
1.250000,0.850000,-0.154505
1.300000,0.850000,-0.149923
1.350000,0.850000,-0.147213
1.400000,0.850000,-0.146364
1.450000,0.850000,0.135947
1.500000,0.850000,0.395086
1.550000,0.850000,0.553888
1.600000,0.850000,0.677388
1.650000,0.850000,0.780737
1.700000,0.850000,0.870461
1.750000,0.850000,0.950091
1.800000,0.850000,1.021799
1.850000,0.850000,1.087033
1.900000,0.850000,1.146817
1.950000,0.850000,1.201908
2.000000,0.850000,1.252885
2.050000,0.850000,1.300199
2.100000,0.850000,1.344213
2.150000,0.850000,1.385223
2.200000,0.850000,1.423473
2.250000,0.850000,1.459166
2.300000,0.850000,1.492477
2.350000,0.850000,1.523552
2.400000,0.850000,1.552519
2.450000,0.850000,1.579488
2.500000,0.850000,1.604552
2.550000,0.850000,1.627797
2.600000,0.850000,1.649295
2.650000,0.850000,1.669110
2.700000,0.850000,1.687299
2.750000,0.850000,1.703910
2.800000,0.850000,1.718987
2.850000,0.850000,1.732569
2.900000,0.850000,1.744688
2.950000,0.850000,1.680774
3.000000,0.850000,1.589811
3.050000,0.850000,1.491643
3.100000,0.850000,1.384738
3.150000,0.850000,1.266886
3.200000,0.850000,1.134681
3.250000,0.850000,0.982344
3.300000,0.850000,0.798436
3.350000,0.850000,0.552268
3.400000,0.850000,
3.450000,0.850000,
3.500000,0.850000,
-3.500000,0.900000,
-3.450000,0.900000,
-3.400000,0.900000,
-3.350000,0.900000,0.466369
-3.300000,0.900000,0.666721
-3.250000,0.900000,0.678122
-3.200000,0.900000,0.688174
-3.150000,0.900000,0.696898
-3.100000,0.900000,0.704311
-3.050000,0.900000,0.710429
-3.000000,0.900000,0.715263
-2.950000,0.900000,0.718823
-2.900000,0.900000,0.721116
-2.850000,0.900000,0.722146
-2.800000,0.900000,0.721915
-2.750000,0.900000,0.720422
-2.700000,0.900000,0.717665
-2.650000,0.900000,0.713639
-2.600000,0.900000,0.708335
-2.550000,0.900000,0.701744
-2.500000,0.900000,0.693852
-2.450000,0.900000,0.684643
-2.400000,0.900000,0.674099
-2.350000,0.900000,0.662198
-2.300000,0.900000,0.648914
-2.250000,0.900000,0.634218
-2.200000,0.900000,0.618077
-2.150000,0.900000,0.600454
-2.100000,0.900000,0.581306
-2.050000,0.900000,0.560584
-2.000000,0.900000,0.538236
-1.950000,0.900000,0.514198
-1.900000,0.900000,0.488401
-1.850000,0.900000,0.460768
-1.800000,0.900000,0.431206
-1.750000,0.900000,0.399614
-1.700000,0.900000,0.365873
-1.650000,0.900000,0.329846
-1.600000,0.900000,0.291375
-1.550000,0.900000,0.250272
-1.500000,0.900000,0.236429
-1.450000,0.900000,0.238657
-1.400000,0.900000,0.239440
-1.350000,0.900000,0.238779
-1.300000,0.900000,0.236674
-1.250000,0.900000,0.233119
-1.200000,0.900000,0.228105
-1.150000,0.900000,0.221618
-1.100000,0.900000,0.213643
-1.050000,0.900000,0.204159
-1.000000,0.900000,0.193139
-0.950000,0.900000,0.180554
-0.900000,0.900000,0.166367
-0.850000,0.900000,0.150538
-0.800000,0.900000,0.133019
-0.750000,0.900000,0.113753
-0.700000,0.900000,0.092679
-0.650000,0.900000,0.069721
-0.600000,0.900000,0.044797
-0.550000,0.900000,0.017808
-0.500000,0.900000,-0.011357
-0.450000,0.900000,-0.042832
-0.400000,0.900000,-0.076768
-0.350000,0.900000,-0.113348
-0.300000,0.900000,-0.152789
-0.250000,0.900000,-0.195350
-0.200000,0.900000,-0.241352
-0.150000,0.900000,-0.291187
-0.100000,0.900000,-0.345356
-0.050000,0.900000,-0.404505
-0.000000,0.900000,-0.469498
0.050000,0.900000,-0.541530
0.100000,0.900000,-0.622346
0.150000,0.900000,-0.714678
0.200000,0.900000,-0.823271
0.250000,0.900000,-0.882997
0.300000,0.900000,-0.797037
0.350000,0.900000,-0.723826
0.400000,0.900000,-0.659996
0.450000,0.900000,-0.603525
0.500000,0.900000,-0.553087
0.550000,0.900000,-0.507754
0.600000,0.900000,-0.466850
0.650000,0.900000,-0.429863
0.700000,0.900000,-0.396397
0.750000,0.900000,-0.366139
0.800000,0.900000,-0.338836
0.850000,0.900000,-0.314283
0.900000,0.900000,-0.292311
0.950000,0.900000,-0.272780
1.000000,0.900000,-0.255576
1.050000,0.900000,-0.240602
1.100000,0.900000,-0.227779
1.150000,0.900000,-0.217042
1.200000,0.900000,-0.208339
1.250000,0.900000,-0.201629
1.300000,0.900000,-0.196881
1.350000,0.900000,-0.194073
1.400000,0.900000,-0.193193
1.450000,0.900000,0.246024
1.500000,0.900000,0.455144
1.550000,0.900000,0.600267
1.600000,0.900000,0.716699
1.650000,0.900000,0.815574
1.700000,0.900000,0.902152
1.750000,0.900000,0.979426
1.800000,0.900000,1.049289
1.850000,0.900000,1.113033
1.900000,0.900000,1.171586
1.950000,0.900000,1.225641
2.000000,0.900000,1.275732
2.050000,0.900000,1.322281
2.100000,0.900000,1.365628
2.150000,0.900000,1.406051
2.200000,0.900000,1.443781
2.250000,0.900000,1.479012
2.300000,0.900000,1.511911
2.350000,0.900000,1.542616
2.400000,0.900000,1.571251
2.450000,0.900000,1.597920
2.500000,0.900000,1.622715
2.550000,0.900000,1.645717
2.600000,0.900000,1.666996
2.650000,0.900000,1.686613
2.700000,0.900000,1.704624
2.750000,0.900000,1.721076
2.800000,0.900000,1.736012
2.850000,0.900000,1.749468
2.900000,0.900000,1.740690
2.950000,0.900000,1.654539
3.000000,0.900000,1.562050
3.050000,0.900000,1.462019
3.100000,0.900000,1.352775
3.150000,0.900000,1.231868
3.200000,0.900000,1.095445
3.250000,0.900000,0.936750
3.300000,0.900000,0.741620
3.350000,0.900000,0.466369
3.400000,0.900000,
3.450000,0.900000,
3.500000,0.900000,
-3.500000,0.950000,
-3.450000,0.950000,
-3.400000,0.950000,
-3.350000,0.950000,0.353553
-3.300000,0.950000,0.662101
-3.250000,0.950000,0.673529
-3.200000,0.950000,0.683605
-3.150000,0.950000,0.692349
-3.100000,0.950000,0.699780
-3.050000,0.950000,0.705912
-3.000000,0.950000,0.710757
-2.950000,0.950000,0.714325
-2.900000,0.950000,0.716623
-2.850000,0.950000,0.717655
-2.800000,0.950000,0.717423
-2.750000,0.950000,0.715928
-2.700000,0.950000,0.713164
-2.650000,0.950000,0.709129
-2.600000,0.950000,0.703813
-2.550000,0.950000,0.697206
-2.500000,0.950000,0.689296
-2.450000,0.950000,0.680065
-2.400000,0.950000,0.669496
-2.350000,0.950000,0.657567
-2.300000,0.950000,0.644250
-2.250000,0.950000,0.629518
-2.200000,0.950000,0.613337
-2.150000,0.950000,0.595669
-2.100000,0.950000,0.576471
-2.050000,0.950000,0.555694
-2.000000,0.950000,0.533284
-1.950000,0.950000,0.509179
-1.900000,0.950000,0.483309
-1.850000,0.950000,0.455593
-1.800000,0.950000,0.425941
-1.750000,0.950000,0.394248
-1.700000,0.950000,0.360395
-1.650000,0.950000,0.324244
-1.600000,0.950000,0.285634
-1.550000,0.950000,0.244374
-1.500000,0.950000,0.220148
-1.450000,0.950000,0.222397
-1.400000,0.950000,0.223187
-1.350000,0.950000,0.222521
-1.300000,0.950000,0.220396
-1.250000,0.950000,0.216807
-1.200000,0.950000,0.211745
-1.150000,0.950000,0.205196
-1.100000,0.950000,0.197143
-1.050000,0.950000,0.187565
-1.000000,0.950000,0.176436
-0.950000,0.950000,0.163724
-0.900000,0.950000,0.149392
-0.850000,0.950000,0.133398
-0.800000,0.950000,0.115692
-0.750000,0.950000,0.096216
-0.700000,0.950000,0.074906
-0.650000,0.950000,0.051685
-0.600000,0.950000,0.026464
-0.550000,0.950000,-0.000856
-0.500000,0.950000,-0.030393
-0.450000,0.950000,-0.062286
-0.400000,0.950000,-0.096695
-0.350000,0.950000,-0.133812
-0.300000,0.950000,-0.173864
-0.250000,0.950000,-0.217128
-0.200000,0.950000,-0.263944
-0.150000,0.950000,-0.314735
-0.100000,0.950000,-0.370039
-0.050000,0.950000,-0.430561
-0.000000,0.950000,-0.497252
0.050000,0.950000,-0.571451
0.100000,0.950000,-0.655148
0.150000,0.950000,-0.751553
0.200000,0.950000,-0.866503
0.250000,0.950000,-0.999853
0.300000,0.950000,-0.896805
0.350000,0.950000,-0.812772
0.400000,0.950000,-0.741352
0.450000,0.950000,-0.679217
0.500000,0.950000,-0.624373
0.550000,0.950000,-0.575512
0.600000,0.950000,-0.531720
0.650000,0.950000,-0.492333
0.700000,0.950000,-0.456848
0.750000,0.950000,-0.424877
0.800000,0.950000,-0.396111
0.850000,0.950000,-0.370305
0.900000,0.950000,-0.347258
0.950000,0.950000,-0.326807
1.000000,0.950000,-0.308818
1.050000,0.950000,-0.293179
1.100000,0.950000,-0.279800
1.150000,0.950000,-0.268607
1.200000,0.950000,-0.259540
1.250000,0.950000,-0.252553
1.300000,0.950000,-0.247611
1.350000,0.950000,-0.244689
1.400000,0.950000,-0.243773
1.450000,0.950000,0.322045
1.500000,0.950000,0.505028
1.550000,0.950000,0.640307
1.600000,0.950000,0.751216
1.650000,0.950000,0.846453
1.700000,0.950000,0.930416
1.750000,0.950000,1.005698
1.800000,0.950000,1.073986
1.850000,0.950000,1.136447
1.900000,0.950000,1.193932
1.950000,0.950000,1.247084
2.000000,0.950000,1.296401
2.050000,0.950000,1.342278
2.100000,0.950000,1.385038
2.150000,0.950000,1.424943
2.200000,0.950000,1.462214
2.250000,0.950000,1.497036
2.300000,0.950000,1.529569
2.350000,0.950000,1.559946
2.400000,0.950000,1.588285
2.450000,0.950000,1.614687
2.500000,0.950000,1.639242
2.550000,0.950000,1.662027
2.600000,0.950000,1.683110
2.650000,0.950000,1.702551
2.700000,0.950000,1.720404
2.750000,0.950000,1.736714
2.800000,0.950000,1.751523
2.850000,0.950000,1.764866
2.900000,0.950000,1.713914
2.950000,0.950000,1.626346
3.000000,0.950000,1.532155
3.050000,0.950000,1.430035
3.100000,0.950000,1.318143
3.150000,0.950000,1.193734
3.200000,0.950000,1.052378
3.250000,0.950000,0.886002
3.300000,0.950000,0.676387
3.350000,0.950000,0.353553
3.400000,0.950000,
3.450000,0.950000,
3.500000,0.950000,
-3.500000,1.000000,
-3.450000,1.000000,
-3.400000,1.000000,
-3.350000,1.000000,0.165831
-3.300000,1.000000,0.600000
-3.250000,1.000000,0.667629
-3.200000,1.000000,0.677735
-3.150000,1.000000,0.686506
-3.100000,1.000000,0.693959
-3.050000,1.000000,0.700109
-3.000000,1.000000,0.704969
-2.950000,1.000000,0.708547
-2.900000,1.000000,0.710852
-2.850000,1.000000,0.711887
-2.800000,1.000000,0.711655
-2.750000,1.000000,0.710155
-2.700000,1.000000,0.707383
-2.650000,1.000000,0.703336
-2.600000,1.000000,0.698004
-2.550000,1.000000,0.691378
-2.500000,1.000000,0.683444
-2.450000,1.000000,0.674186
-2.400000,1.000000,0.663584
-2.350000,1.000000,0.651617
-2.300000,1.000000,0.638259
-2.250000,1.000000,0.623480
-2.200000,1.000000,0.607247
-2.150000,1.000000,0.589521
-2.100000,1.000000,0.570258
-2.050000,1.000000,0.549410
-2.000000,1.000000,0.526922
-1.950000,1.000000,0.502730
-1.900000,1.000000,0.476763
-1.850000,1.000000,0.448941
-1.800000,1.000000,0.419172
-1.750000,1.000000,0.387349
-1.700000,1.000000,0.353352
-1.650000,1.000000,0.317039
-1.600000,1.000000,0.278248
-1.550000,1.000000,0.236785
-1.500000,1.000000,0.202237
-1.450000,1.000000,0.204510
-1.400000,1.000000,0.205309
-1.350000,1.000000,0.204635
-1.300000,1.000000,0.202488
-1.250000,1.000000,0.198861
-1.200000,1.000000,0.193744
-1.150000,1.000000,0.187126
-1.100000,1.000000,0.178986
-1.050000,1.000000,0.169304
-1.000000,1.000000,0.158051
-0.950000,1.000000,0.145196
-0.900000,1.000000,0.130701
-0.850000,1.000000,0.114521
-0.800000,1.000000,0.096605
-0.750000,1.000000,0.076893
-0.700000,1.000000,0.055316
-0.650000,1.000000,0.031796
-0.600000,1.000000,0.006242
-0.550000,1.000000,-0.021454
-0.500000,1.000000,-0.051413
-0.450000,1.000000,-0.083782
-0.400000,1.000000,-0.118729
-0.350000,1.000000,-0.156457
-0.300000,1.000000,-0.197209
-0.250000,1.000000,-0.241280
-0.200000,1.000000,-0.289034
-0.150000,1.000000,-0.340930
-0.100000,1.000000,-0.397555
-0.050000,1.000000,-0.459688
-0.000000,1.000000,-0.528390
0.050000,1.000000,-0.605187
0.100000,1.000000,-0.692402
0.150000,1.000000,-0.793925
0.200000,1.000000,-0.917271
0.250000,1.000000,-1.081617
0.300000,1.000000,-1.022317
0.350000,1.000000,-0.919592
0.400000,1.000000,-0.836450
0.450000,1.000000,-0.766141
0.500000,1.000000,-0.705223
0.550000,1.000000,-0.651654
0.600000,1.000000,-0.604105
0.650000,1.000000,-0.561652
0.700000,1.000000,-0.523627
0.750000,1.000000,-0.489525
0.800000,1.000000,-0.458960
0.850000,1.000000,-0.431624
0.900000,1.000000,-0.407275
0.950000,1.000000,-0.385716
1.000000,1.000000,-0.366785
1.050000,1.000000,-0.350353
1.100000,1.000000,-0.336313
1.150000,1.000000,-0.324578
1.200000,1.000000,-0.315081
1.250000,1.000000,-0.307766
1.300000,1.000000,-0.302595
1.350000,1.000000,-0.299538
1.400000,1.000000,0.090019
1.450000,1.000000,0.380802
1.500000,1.000000,0.547131
1.550000,1.000000,0.675002
1.600000,1.000000,0.781508
1.650000,1.000000,0.873757
1.700000,1.000000,0.955529
1.750000,1.000000,1.029124
1.800000,1.000000,1.096063
1.850000,1.000000,1.157420
1.900000,1.000000,1.213981
1.950000,1.000000,1.266348
2.000000,1.000000,1.314988
2.050000,1.000000,1.360278
2.100000,1.000000,1.402522
2.150000,1.000000,1.441971
2.200000,1.000000,1.478838
2.250000,1.000000,1.513300
2.300000,1.000000,1.545508
2.350000,1.000000,1.575595
2.400000,1.000000,1.603672
2.450000,1.000000,1.629838
2.500000,1.000000,1.654180
2.550000,1.000000,1.676772
2.600000,1.000000,1.697681
2.650000,1.000000,1.716966
2.700000,1.000000,1.734677
2.750000,1.000000,1.750861
2.800000,1.000000,1.765557
2.850000,1.000000,1.768474
2.900000,1.000000,1.685230
2.950000,1.000000,1.596089
3.000000,1.000000,1.500000
3.050000,1.000000,1.395529
3.100000,1.000000,1.280625
3.150000,1.000000,1.152172
3.200000,1.000000,1.004988
3.250000,1.000000,0.829156
3.300000,1.000000,0.600000
3.350000,1.000000,0.165831
3.400000,1.000000,
3.450000,1.000000,
3.500000,1.000000,
-3.500000,1.050000,
-3.450000,1.050000,
-3.400000,1.050000,
-3.350000,1.050000,
-3.300000,1.050000,0.507445
-3.250000,1.050000,0.660410
-3.200000,1.050000,0.670554
-3.150000,1.050000,0.679358
-3.100000,1.050000,0.686838
-3.050000,1.050000,0.693010
-3.000000,1.050000,0.697888
-2.950000,1.050000,0.701479
-2.900000,1.050000,0.703792
-2.850000,1.050000,0.704831
-2.800000,1.050000,0.704598
-2.750000,1.050000,0.703092
-2.700000,1.050000,0.700311
-2.650000,1.050000,0.696249
-2.600000,1.050000,0.690898
-2.550000,1.050000,0.684247
-2.500000,1.050000,0.676284
-2.450000,1.050000,0.666991
-2.400000,1.050000,0.656350
-2.350000,1.050000,0.644338
-2.300000,1.050000,0.630929
-2.250000,1.050000,0.616092
-2.200000,1.050000,0.599794
-2.150000,1.050000,0.581996
-2.100000,1.050000,0.562654
-2.050000,1.050000,0.541718
-2.000000,1.050000,0.519133
-1.950000,1.050000,0.494833
-1.900000,1.050000,0.468748
-1.850000,1.050000,0.440795
-1.800000,1.050000,0.410881
-1.750000,1.050000,0.378897
-1.700000,1.050000,0.344721
-1.650000,1.050000,0.308208
-1.600000,1.050000,0.269193
-1.550000,1.050000,0.227478
-1.500000,1.050000,0.182828
-1.450000,1.050000,0.184943
-1.400000,1.050000,0.185751
-1.350000,1.050000,0.185070
-1.300000,1.050000,0.182897
-1.250000,1.050000,0.179228
-1.200000,1.050000,0.174051
-1.150000,1.050000,0.167354
-1.100000,1.050000,0.159117
-1.050000,1.050000,0.149318
-1.000000,1.050000,0.137927
-0.950000,1.050000,0.124913
-0.900000,1.050000,0.110234
-0.850000,1.050000,0.093845
-0.800000,1.050000,0.075693
-0.750000,1.050000,0.055715
-0.700000,1.050000,0.033839
-0.650000,1.050000,0.009983
-0.600000,1.050000,-0.015949
-0.550000,1.050000,-0.044068
-0.500000,1.050000,-0.074505
-0.450000,1.050000,-0.107413
-0.400000,1.050000,-0.142971
-0.350000,1.050000,-0.181397
-0.300000,1.050000,-0.222948
-0.250000,1.050000,-0.267945
-0.200000,1.050000,-0.316781
-0.150000,1.050000,-0.369958
-0.100000,1.050000,-0.428126
-0.050000,1.050000,-0.492154
-0.000000,1.050000,-0.563252
0.050000,1.050000,-0.643193
0.100000,1.050000,-0.734766
0.150000,1.050000,-0.842869
0.200000,1.050000,-0.977799
0.250000,1.050000,-1.171728
0.300000,1.050000,-1.205505
0.350000,1.050000,-1.057232
0.400000,1.050000,-0.952492
0.450000,1.050000,-0.868973
0.500000,1.050000,-0.798972
0.550000,1.050000,-0.738716
0.600000,1.050000,-0.686021
0.650000,1.050000,-0.639485
0.700000,1.050000,-0.598147
0.750000,1.050000,-0.561315
0.800000,1.050000,-0.528472
0.850000,1.050000,-0.499223
0.900000,1.050000,-0.473259
0.950000,1.050000,-0.450334
1.000000,1.050000,-0.430252
1.050000,1.050000,-0.412854
1.100000,1.050000,-0.398012
1.150000,1.050000,-0.385624
1.200000,1.050000,-0.375607
1.250000,1.050000,-0.367900
1.300000,1.050000,-0.362453
1.350000,1.050000,-0.359235
1.400000,1.050000,0.191548
1.450000,1.050000,0.428200
1.500000,1.050000,0.582916
1.550000,1.050000,0.705053
1.600000,1.050000,0.808002
1.650000,1.050000,0.897780
1.700000,1.050000,0.977715
1.750000,1.050000,1.049878
1.800000,1.050000,1.115666
1.850000,1.050000,1.176073
1.900000,1.050000,1.231836
1.950000,1.050000,1.283522
2.000000,1.050000,1.331576
2.050000,1.050000,1.376353
2.100000,1.050000,1.418147
2.150000,1.050000,1.457198
2.200000,1.050000,1.493710
2.250000,1.050000,1.527855
2.300000,1.050000,1.559780
2.350000,1.050000,1.589611
2.400000,1.050000,1.617457
2.450000,1.050000,1.643416
2.500000,1.050000,1.667569
2.550000,1.050000,1.689991
2.600000,1.050000,1.710747
2.650000,1.050000,1.729893
2.700000,1.050000,1.747480
2.750000,1.050000,1.763552
2.800000,1.050000,1.778148
2.850000,1.050000,1.739253
2.900000,1.050000,1.654539
2.950000,1.050000,1.563650
3.000000,1.050000,1.465435
3.050000,1.050000,1.358308
3.100000,1.050000,1.239960
3.150000,1.050000,1.106797
3.200000,1.050000,0.952628
3.250000,1.050000,0.764853
3.300000,1.050000,0.507445
3.350000,1.050000,
3.400000,1.050000,
3.450000,1.050000,
3.500000,1.050000,
-3.500000,1.100000,
-3.450000,1.100000,
-3.400000,1.100000,
-3.350000,1.100000,
-3.300000,1.100000,0.387298
-3.250000,1.100000,0.651858
-3.200000,1.100000,0.662047
-3.150000,1.100000,0.670889
-3.100000,1.100000,0.678402
-3.050000,1.100000,0.684601
-3.000000,1.100000,0.689499
-2.950000,1.100000,0.693106
-2.900000,1.100000,0.695429
-2.850000,1.100000,0.696473
-2.800000,1.100000,0.696239
-2.750000,1.100000,0.694726
-2.700000,1.100000,0.691933
-2.650000,1.100000,0.687854
-2.600000,1.100000,0.682480
-2.550000,1.100000,0.675800
-2.500000,1.100000,0.667802
-2.450000,1.100000,0.658468
-2.400000,1.100000,0.647780
-2.350000,1.100000,0.635713
-2.300000,1.100000,0.622242
-2.250000,1.100000,0.607337
-2.200000,1.100000,0.590962
-2.150000,1.100000,0.573078
-2.100000,1.100000,0.553641
-2.050000,1.100000,0.532600
-2.000000,1.100000,0.509898
-1.950000,1.100000,0.485470
-1.900000,1.100000,0.459243
-1.850000,1.100000,0.431133
-1.800000,1.100000,0.401044
-1.750000,1.100000,0.368868
-1.700000,1.100000,0.334477
-1.650000,1.100000,0.297724
-1.600000,1.100000,0.258440
-1.550000,1.100000,0.216421
-1.500000,1.100000,0.171427
-1.450000,1.100000,0.163638
-1.400000,1.100000,0.164456
-1.350000,1.100000,0.163766
-1.300000,1.100000,0.161565
-1.250000,1.100000,0.157848
-1.200000,1.100000,0.152605
-1.150000,1.100000,0.145820
-1.100000,1.100000,0.137474
-1.050000,1.100000,0.127544
-1.000000,1.100000,0.115999
-0.950000,1.100000,0.102806
-0.900000,1.100000,0.087922
-0.850000,1.100000,0.071299
-0.800000,1.100000,0.052882
-0.750000,1.100000,0.032605
-0.700000,1.100000,0.010394
-0.650000,1.100000,-0.013840
-0.600000,1.100000,-0.040197
-0.550000,1.100000,-0.068795
-0.500000,1.100000,-0.099773
-0.450000,1.100000,-0.133291
-0.400000,1.100000,-0.169545
-0.350000,1.100000,-0.208765
-0.300000,1.100000,-0.251232
-0.250000,1.100000,-0.297292
-0.200000,1.100000,-0.347379
-0.150000,1.100000,-0.402046
-0.100000,1.100000,-0.462022
-0.050000,1.100000,-0.528297
-0.000000,1.100000,-0.602275
0.050000,1.100000,-0.686071
0.100000,1.100000,-0.783153
0.150000,1.100000,-0.900009
0.200000,1.100000,-1.052085
0.250000,1.100000,-1.313518
0.300000,1.100000,-1.547944
0.350000,1.100000,-1.278483
0.400000,1.100000,-1.107966
0.450000,1.100000,-0.997517
0.500000,1.100000,-0.911825
0.550000,1.100000,-0.841057
0.600000,1.100000,-0.780752
0.650000,1.100000,-0.728429
0.700000,1.100000,-0.682542
0.750000,1.100000,-0.642050
0.800000,1.100000,-0.606212
0.850000,1.100000,-0.574485
0.900000,1.100000,-0.546454
0.950000,1.100000,-0.521801
1.000000,1.100000,-0.500272
1.050000,1.100000,-0.481669
1.100000,1.100000,-0.465832
1.150000,1.100000,-0.452636
1.200000,1.100000,-0.441981
1.250000,1.100000,-0.433790
1.300000,1.100000,-0.428007
1.350000,1.100000,-0.424591
1.400000,1.100000,0.258053
1.450000,1.100000,0.467145
1.500000,1.100000,0.613347
1.550000,1.100000,0.730970
1.600000,1.100000,0.831027
1.650000,1.100000,0.918759
1.700000,1.100000,0.997152
1.750000,1.100000,1.068105
1.800000,1.100000,1.132913
1.850000,1.100000,1.192507
1.900000,1.100000,1.247586
1.950000,1.100000,1.298686
2.000000,1.100000,1.346232
2.050000,1.100000,1.390566
2.100000,1.100000,1.431970
2.150000,1.100000,1.470675
2.200000,1.100000,1.506880
2.250000,1.100000,1.540749
2.300000,1.100000,1.572426
2.350000,1.100000,1.602034
2.400000,1.100000,1.629679
2.450000,1.100000,1.655456
2.500000,1.100000,1.679445
2.550000,1.100000,1.701719
2.600000,1.100000,1.722340
2.650000,1.100000,1.741365
2.700000,1.100000,1.758843
2.750000,1.100000,1.774817
2.800000,1.100000,1.788854
2.850000,1.100000,1.708069
2.900000,1.100000,1.621727
2.950000,1.100000,1.528888
3.000000,1.100000,1.428286
3.050000,1.100000,1.318143
3.100000,1.100000,1.195826
3.150000,1.100000,1.057119
3.200000,1.100000,0.894427
3.250000,1.100000,0.691014
3.300000,1.100000,0.387298
3.350000,1.100000,
3.400000,1.100000,
3.450000,1.100000,
3.500000,1.100000,
-3.500000,1.150000,
-3.450000,1.150000,
-3.400000,1.150000,
-3.350000,1.150000,
-3.300000,1.150000,0.193649
-3.250000,1.150000,0.604152
-3.200000,1.150000,0.652195
-3.150000,1.150000,0.661083
-3.100000,1.150000,0.668634
-3.050000,1.150000,0.674864
-3.000000,1.150000,0.679787
-2.950000,1.150000,0.683412
-2.900000,1.150000,0.685747
-2.850000,1.150000,0.686795
-2.800000,1.150000,0.686560
-2.750000,1.150000,0.685040
-2.700000,1.150000,0.682233
-2.650000,1.150000,0.678133
-2.600000,1.150000,0.672732
-2.550000,1.150000,0.666019
-2.500000,1.150000,0.657980
-2.450000,1.150000,0.648598
-2.400000,1.150000,0.637854
-2.350000,1.150000,0.625724
-2.300000,1.150000,0.612181
-2.250000,1.150000,0.597195
-2.200000,1.150000,0.580730
-2.150000,1.150000,0.562746
-2.100000,1.150000,0.543197
-2.050000,1.150000,0.522033
-2.000000,1.150000,0.499195
-1.950000,1.150000,0.474617
-1.900000,1.150000,0.448223
-1.850000,1.150000,0.419929
-1.800000,1.150000,0.389636
-1.750000,1.150000,0.357232
-1.700000,1.150000,0.322588
-1.650000,1.150000,0.285554
-1.600000,1.150000,0.245952
-1.550000,1.150000,0.203575
-1.500000,1.150000,0.158174
-1.450000,1.150000,0.140525
-1.400000,1.150000,0.141355
-1.350000,1.150000,0.140655
-1.300000,1.150000,0.138423
-1.250000,1.150000,0.134653
-1.200000,1.150000,0.129335
-1.150000,1.150000,0.122452
-1.100000,1.150000,0.113985
-1.050000,1.150000,0.103908
-1.000000,1.150000,0.092192
-0.950000,1.150000,0.078799
-0.900000,1.150000,0.063685
-0.850000,1.150000,0.046801
-0.800000,1.150000,0.028087
-0.750000,1.150000,0.007476
-0.700000,1.150000,-0.015114
-0.650000,1.150000,-0.039773
-0.600000,1.150000,-0.066609
-0.550000,1.150000,-0.095747
-0.500000,1.150000,-0.127336
-0.450000,1.150000,-0.161548
-0.400000,1.150000,-0.198593
-0.350000,1.150000,-0.238720
-0.300000,1.150000,-0.282237
-0.250000,1.150000,-0.329524
-0.200000,1.150000,-0.381062
-0.150000,1.150000,-0.437472
-0.100000,1.150000,-0.499584
-0.050000,1.150000,-0.568547
-0.000000,1.150000,-0.646033
0.050000,1.150000,-0.734647
0.100000,1.150000,-0.838898
0.150000,1.150000,-0.968015
0.200000,1.150000,-1.148925
0.250000,1.150000,-1.514777
0.300000,1.150000,-1.573904
0.350000,1.150000,-1.638370
0.400000,1.150000,-1.709160
0.450000,1.150000,-1.182170
0.500000,1.150000,-1.058415
0.550000,1.150000,-0.967526
0.600000,1.150000,-0.894346
0.650000,1.150000,-0.832958
0.700000,1.150000,-0.780311
0.750000,1.150000,-0.734581
0.800000,1.150000,-0.694580
0.850000,1.150000,-0.659483
0.900000,1.150000,-0.628692
0.950000,1.150000,-0.601761
1.000000,1.150000,-0.578349
1.050000,1.150000,-0.558191
1.100000,1.150000,-0.541081
1.150000,1.150000,-0.526856
1.200000,1.150000,-0.515392
1.250000,1.150000,-0.506591
1.300000,1.150000,-0.500384
1.350000,1.150000,-0.496720
1.400000,1.150000,0.307513
1.450000,1.150000,0.499314
1.500000,1.150000,0.639095
1.550000,1.150000,0.753134
1.600000,1.150000,0.850838
1.650000,1.150000,0.936878
1.700000,1.150000,1.013986
1.750000,1.150000,1.083921
1.800000,1.150000,1.147902
1.850000,1.150000,1.206808
1.900000,1.150000,1.261304
1.950000,1.150000,1.311904
2.000000,1.150000,1.359016
2.050000,1.150000,1.402971
2.100000,1.150000,1.444040
2.150000,1.150000,1.482449
2.200000,1.150000,1.518388
2.250000,1.150000,1.552020
2.300000,1.150000,1.583483
2.350000,1.150000,1.612899
2.400000,1.150000,1.640371
2.450000,1.150000,1.665990
2.500000,1.150000,1.689838
2.550000,1.150000,1.711983
2.600000,1.150000,1.732488
2.650000,1.150000,1.751408
2.700000,1.150000,1.768792
2.750000,1.150000,1.784681
2.800000,1.150000,1.757128
2.850000,1.150000,1.674813
2.900000,1.150000,1.586663
2.950000,1.150000,1.491643
3.000000,1.150000,1.388344
3.050000,1.150000,1.274755
3.100000,1.150000,1.147824
3.150000,1.150000,1.002497
3.200000,1.150000,0.829156
3.250000,1.150000,0.604152
3.300000,1.150000,0.193649
3.350000,1.150000,
3.400000,1.150000,
3.450000,1.150000,
3.500000,1.150000,
-3.500000,1.200000,
-3.450000,1.200000,
-3.400000,1.200000,
-3.350000,1.200000,
-3.300000,1.200000,
-3.250000,1.200000,0.497494
-3.200000,1.200000,0.640979
-3.150000,1.200000,0.649918
-3.100000,1.200000,0.657513
-3.050000,1.200000,0.663780
-3.000000,1.200000,0.668731
-2.950000,1.200000,0.672377
-2.900000,1.200000,0.674725
-2.850000,1.200000,0.675779
-2.800000,1.200000,0.675542
-2.750000,1.200000,0.674014
-2.700000,1.200000,0.671191
-2.650000,1.200000,0.667068
-2.600000,1.200000,0.661635
-2.550000,1.200000,0.654883
-2.500000,1.200000,0.646797
-2.450000,1.200000,0.637360
-2.400000,1.200000,0.626552
-2.350000,1.200000,0.614349
-2.300000,1.200000,0.600724
-2.250000,1.200000,0.585644
-2.200000,1.200000,0.569075
-2.150000,1.200000,0.550976
-2.100000,1.200000,0.531299
-2.050000,1.200000,0.509992
-2.000000,1.200000,0.486997
-1.950000,1.200000,0.462244
-1.900000,1.200000,0.435658
-1.850000,1.200000,0.407151
-1.800000,1.200000,0.376622
-1.750000,1.200000,0.343955
-1.700000,1.200000,0.309019
-1.650000,1.200000,0.271656
-1.600000,1.200000,0.231686
-1.550000,1.200000,0.188892
-1.500000,1.200000,0.143016
-1.450000,1.200000,0.115527
-1.400000,1.200000,0.116370
-1.350000,1.200000,0.115659
-1.300000,1.200000,0.113393
-1.250000,1.200000,0.109564
-1.200000,1.200000,0.104162
-1.150000,1.200000,0.097170
-1.100000,1.200000,0.088568
-1.050000,1.200000,0.078328
-1.000000,1.200000,0.066420
-0.950000,1.200000,0.052803
-0.900000,1.200000,0.037433
-0.850000,1.200000,0.020256
-0.800000,1.200000,0.001210
-0.750000,1.200000,-0.019778
-0.700000,1.200000,-0.042792
-0.650000,1.200000,-0.067929
-0.600000,1.200000,-0.095306
-0.550000,1.200000,-0.125055
-0.500000,1.200000,-0.157337
-0.450000,1.200000,-0.192338
-0.400000,1.200000,-0.230285
-0.350000,1.200000,-0.271454
-0.300000,1.200000,-0.316180
-0.250000,1.200000,-0.364889
-0.200000,1.200000,-0.418120
-0.150000,1.200000,-0.476584
-0.100000,1.200000,-0.541245
-0.050000,1.200000,-0.613468
-0.000000,1.200000,-0.695304
0.050000,1.200000,-0.790102
0.100000,1.200000,-0.904086
0.150000,1.200000,-1.051881
0.200000,1.200000,-1.299637
0.250000,1.200000,-1.542083
0.300000,1.200000,-1.602605
0.350000,1.200000,-1.668768
0.400000,1.200000,-1.741672
0.450000,1.200000,-1.822890
0.500000,1.200000,-1.305929
0.550000,1.200000,-1.143383
0.600000,1.200000,-1.040798
0.650000,1.200000,-0.962199
0.700000,1.200000,-0.898007
0.750000,1.200000,-0.843934
0.800000,1.200000,-0.797615
0.850000,1.200000,-0.757585
0.900000,1.200000,-0.722863
0.950000,1.200000,-0.692757
1.000000,1.200000,-0.666762
1.050000,1.200000,-0.644502
1.100000,1.200000,-0.625688
1.150000,1.200000,-0.610100
1.200000,1.200000,-0.597569
1.250000,1.200000,-0.587969
1.300000,1.200000,-0.581207
1.350000,1.200000,-0.577220
1.400000,1.200000,0.345771
1.450000,1.200000,0.525771
1.500000,1.200000,0.660642
1.550000,1.200000,0.771835
1.600000,1.200000,0.867633
1.650000,1.200000,0.952288
1.700000,1.200000,1.028333
1.750000,1.200000,1.097425
1.800000,1.200000,1.160714
1.850000,1.200000,1.219044
1.900000,1.200000,1.273051
1.950000,1.200000,1.323231
2.000000,1.200000,1.369978
2.050000,1.200000,1.413612
2.100000,1.200000,1.454398
2.150000,1.200000,1.492555
2.200000,1.200000,1.528270
2.250000,1.200000,1.561701
2.300000,1.200000,1.592983
2.350000,1.200000,1.622236
2.400000,1.200000,1.649560
2.450000,1.200000,1.675047
2.500000,1.200000,1.698773
2.550000,1.200000,1.720809
2.600000,1.200000,1.741216
2.650000,1.200000,1.760046
2.700000,1.200000,1.777349
2.750000,1.200000,1.793166
2.800000,1.200000,1.723369
2.850000,1.200000,1.639360
2.900000,1.200000,1.549193
2.950000,1.200000,1.451723
3.000000,1.200000,1.345362
3.050000,1.200000,1.227803
3.100000,1.200000,1.095445
3.150000,1.200000,0.942072
3.200000,1.200000,0.754983
3.250000,1.200000,0.497494
3.300000,1.200000,
3.350000,1.200000,
3.400000,1.200000,
3.450000,1.200000,
3.500000,1.200000,
-3.500000,1.250000,
-3.450000,1.250000,
-3.400000,1.250000,
-3.350000,1.250000,
-3.300000,1.250000,
-3.250000,1.250000,0.353553
-3.200000,1.250000,0.628373
-3.150000,1.250000,0.637372
-3.100000,1.250000,0.645017
-3.050000,1.250000,0.651324
-3.000000,1.250000,0.656308
-2.950000,1.250000,0.659977
-2.900000,1.250000,0.662340
-2.850000,1.250000,0.663401
-2.800000,1.250000,0.663163
-2.750000,1.250000,0.661625
-2.700000,1.250000,0.658784
-2.650000,1.250000,0.654633
-2.600000,1.250000,0.649166
-2.550000,1.250000,0.642370
-2.500000,1.250000,0.634230
-2.450000,1.250000,0.624730
-2.400000,1.250000,0.613849
-2.350000,1.250000,0.601563
-2.300000,1.250000,0.587843
-2.250000,1.250000,0.572658
-2.200000,1.250000,0.555971
-2.150000,1.250000,0.537739
-2.100000,1.250000,0.517916
-2.050000,1.250000,0.496447
-2.000000,1.250000,0.473272
-1.950000,1.250000,0.448321
-1.900000,1.250000,0.421515
-1.850000,1.250000,0.392764
-1.800000,1.250000,0.361964
-1.750000,1.250000,0.328996
-1.700000,1.250000,0.293723
-1.650000,1.250000,0.255984
-1.600000,1.250000,0.215589
-1.550000,1.250000,0.172315
-1.500000,1.250000,0.125891
-1.450000,1.250000,0.088555
-1.400000,1.250000,0.089412
-1.350000,1.250000,0.088689
-1.300000,1.250000,0.086384
-1.250000,1.250000,0.082490
-1.200000,1.250000,0.076994
-1.150000,1.250000,0.069881
-1.100000,1.250000,0.061128
-1.050000,1.250000,0.050706
-1.000000,1.250000,0.038583
-0.950000,1.250000,0.024717
-0.900000,1.250000,0.009059
-0.850000,1.250000,-0.008446
-0.800000,1.250000,-0.027865
-0.750000,1.250000,-0.049275
-0.700000,1.250000,-0.072767
-0.650000,1.250000,-0.098445
-0.600000,1.250000,-0.126433
-0.550000,1.250000,-0.156875
-0.500000,1.250000,-0.189944
-0.450000,1.250000,-0.225846
-0.400000,1.250000,-0.264828
-0.350000,1.250000,-0.307194
-0.300000,1.250000,-0.353323
-0.250000,1.250000,-0.403690
-0.200000,1.250000,-0.458917
-0.150000,1.250000,-0.519828
-0.100000,1.250000,-0.587572
-0.050000,1.250000,-0.663819
-0.000000,1.250000,-0.751188
0.050000,1.250000,-0.854224
0.100000,1.250000,-0.982319
0.150000,1.250000,-1.163495
0.200000,1.250000,-1.515088
0.250000,1.250000,-1.572121
0.300000,1.250000,-1.634259
0.350000,1.250000,-1.702403
0.400000,1.250000,-1.777803
0.450000,1.250000,-1.862290
0.500000,1.250000,-1.958737
0.550000,1.250000,-2.045549
0.600000,1.250000,-1.279422
0.650000,1.250000,-1.142486
0.700000,1.250000,-1.051278
0.750000,1.250000,-0.980766
0.800000,1.250000,-0.923217
0.850000,1.250000,-0.874999
0.900000,1.250000,-0.834061
0.950000,1.250000,-0.799115
1.000000,1.250000,-0.769291
1.050000,1.250000,-0.743978
1.100000,1.250000,-0.722731
1.150000,1.250000,-0.705220
1.200000,1.250000,-0.691202
1.250000,1.250000,-0.680495
1.300000,1.250000,-0.672970
1.350000,1.250000,0.060122
1.400000,1.250000,0.375594
1.450000,1.250000,0.547227
1.500000,1.250000,0.678341
1.550000,1.250000,0.787294
1.600000,1.250000,0.881569
1.650000,1.250000,0.965107
1.700000,1.250000,1.040290
1.750000,1.250000,1.108693
1.800000,1.250000,1.171417
1.850000,1.250000,1.229274
1.900000,1.250000,1.282879
1.950000,1.250000,1.332712
2.000000,1.250000,1.379157
2.050000,1.250000,1.422527
2.100000,1.250000,1.463078
2.150000,1.250000,1.501027
2.200000,1.250000,1.536556
2.250000,1.250000,1.569820
2.300000,1.250000,1.600953
2.350000,1.250000,1.630069
2.400000,1.250000,1.657272
2.450000,1.250000,1.682647
2.500000,1.250000,1.706273
2.550000,1.250000,1.728218
2.600000,1.250000,1.748542
2.650000,1.250000,1.767299
2.700000,1.250000,1.784535
2.750000,1.250000,1.767767
2.800000,1.250000,1.687454
2.850000,1.250000,1.601562
2.900000,1.250000,1.509139
2.950000,1.250000,1.408900
3.000000,1.250000,1.299038
3.050000,1.250000,1.176860
3.100000,1.250000,1.038027
3.150000,1.250000,0.874643
3.200000,1.250000,0.668954
3.250000,1.250000,0.353553
3.300000,1.250000,
3.350000,1.250000,
3.400000,1.250000,
3.450000,1.250000,
3.500000,1.250000,
-3.500000,1.300000,
-3.450000,1.300000,
-3.400000,1.300000,
-3.350000,1.300000,
-3.300000,1.300000,
-3.250000,1.300000,
-3.200000,1.300000,0.565685
-3.150000,1.300000,0.623416
-3.100000,1.300000,0.631117
-3.050000,1.300000,0.637471
-3.000000,1.300000,0.642490
-2.950000,1.300000,0.646186
-2.900000,1.300000,0.648566
-2.850000,1.300000,0.649635
-2.800000,1.300000,0.649395
-2.750000,1.300000,0.647846
-2.700000,1.300000,0.644984
-2.650000,1.300000,0.640804
-2.600000,1.300000,0.635296
-2.550000,1.300000,0.628450
-2.500000,1.300000,0.620251
-2.450000,1.300000,0.610680
-2.400000,1.300000,0.599717
-2.350000,1.300000,0.587336
-2.300000,1.300000,0.573510
-2.250000,1.300000,0.558205
-2.200000,1.300000,0.541384
-2.150000,1.300000,0.523003
-2.100000,1.300000,0.503015
-2.050000,1.300000,0.481362
-2.000000,1.300000,0.457984
-1.950000,1.300000,0.432808
-1.900000,1.300000,0.405752
-1.850000,1.300000,0.376724
-1.800000,1.300000,0.345617
-1.750000,1.300000,0.312307
-1.700000,1.300000,0.276651
-1.650000,1.300000,0.238482
-1.600000,1.300000,0.197603
-1.550000,1.300000,0.153778
-1.500000,1.300000,0.106725
-1.450000,1.300000,0.059505
-1.400000,1.300000,0.060378
-1.350000,1.300000,0.059642
-1.300000,1.300000,0.057294
-1.250000,1.300000,0.053326
-1.200000,1.300000,0.047727
-1.150000,1.300000,0.040478
-1.100000,1.300000,0.031556
-1.050000,1.300000,0.020931
-1.000000,1.300000,0.008567
-0.950000,1.300000,-0.005579
-0.900000,1.300000,-0.021559
-0.850000,1.300000,-0.039432
-0.800000,1.300000,-0.059271
-0.750000,1.300000,-0.081158
-0.700000,1.300000,-0.105189
-0.650000,1.300000,-0.131478
-0.600000,1.300000,-0.160159
-0.550000,1.300000,-0.191390
-0.500000,1.300000,-0.225359
-0.450000,1.300000,-0.262293
-0.400000,1.300000,-0.302468
-0.350000,1.300000,-0.346224
-0.300000,1.300000,-0.393989
-0.250000,1.300000,-0.446311
-0.200000,1.300000,-0.503914
-0.150000,1.300000,-0.567783
-0.100000,1.300000,-0.639322
-0.050000,1.300000,-0.720661
-0.000000,1.300000,-0.815316
0.050000,1.300000,-0.929964
0.100000,1.300000,-1.080960
0.150000,1.300000,-1.360366
0.200000,1.300000,-1.546518
0.250000,1.300000,-1.605105
0.300000,1.300000,-1.669123
0.350000,1.300000,-1.739595
0.400000,1.300000,-1.817972
0.450000,1.300000,-1.906432
0.500000,1.300000,-2.008533
0.550000,1.300000,-2.130898
0.600000,1.300000,-2.134742
0.650000,1.300000,-2.093165
0.700000,1.300000,-1.316207
0.750000,1.300000,-1.179153
0.800000,1.300000,-1.092051
0.850000,1.300000,-1.026067
0.900000,1.300000,-0.973099
0.950000,1.300000,-0.929466
1.000000,1.300000,-0.893127
1.050000,1.300000,-0.862821
1.100000,1.300000,-0.837710
1.150000,1.300000,-0.817215
1.200000,1.300000,-0.800925
1.250000,1.300000,-0.788549
1.300000,1.300000,-0.779883
1.350000,1.300000,0.120736
1.400000,1.300000,0.398530
1.450000,1.300000,0.564173
1.500000,1.300000,0.692454
1.550000,1.300000,0.799681
1.600000,1.300000,0.892768
1.650000,1.300000,0.975428
1.700000,1.300000,1.049931
1.750000,1.300000,1.117788
1.800000,1.300000,1.180063
1.850000,1.300000,1.237543
1.900000,1.300000,1.290827
1.950000,1.300000,1.340383
2.000000,1.300000,1.386587
2.050000,1.300000,1.429745
2.100000,1.300000,1.470109
2.150000,1.300000,1.507891
2.200000,1.300000,1.543271
2.250000,1.300000,1.576400
2.300000,1.300000,1.607412
2.350000,1.300000,1.636420
2.400000,1.300000,1.663524
2.450000,1.300000,1.688810
2.500000,1.300000,1.712355
2.550000,1.300000,1.734227
2.600000,1.300000,1.754485
2.650000,1.300000,1.773182
2.700000,1.300000,1.790364
2.750000,1.300000,1.731329
2.800000,1.300000,1.649242
2.850000,1.300000,1.561249
2.900000,1.300000,1.466288
2.950000,1.300000,1.362901
3.000000,1.300000,1.249000
3.050000,1.300000,1.121383
3.100000,1.300000,0.974679
3.150000,1.300000,0.798436
3.200000,1.300000,0.565685
3.250000,1.300000,
3.300000,1.300000,
3.350000,1.300000,
3.400000,1.300000,
3.450000,1.300000,
3.500000,1.300000,
-3.500000,1.350000,
-3.450000,1.350000,
-3.400000,1.350000,
-3.350000,1.350000,
-3.300000,1.350000,
-3.250000,1.350000,
-3.200000,1.350000,0.433013
-3.150000,1.350000,0.608018
-3.100000,1.350000,0.615783
-3.050000,1.350000,0.622188
-3.000000,1.350000,0.627248
-2.950000,1.350000,0.630974
-2.900000,1.350000,0.633373
-2.850000,1.350000,0.634451
-2.800000,1.350000,0.634209
-2.750000,1.350000,0.632647
-2.700000,1.350000,0.629762
-2.650000,1.350000,0.625548
-2.600000,1.350000,0.619996
-2.550000,1.350000,0.613094
-2.500000,1.350000,0.604827
-2.450000,1.350000,0.595177
-2.400000,1.350000,0.584121
-2.350000,1.350000,0.571636
-2.300000,1.350000,0.557690
-2.250000,1.350000,0.542251
-2.200000,1.350000,0.525279
-2.150000,1.350000,0.506731
-2.100000,1.350000,0.486556
-2.050000,1.350000,0.464698
-2.000000,1.350000,0.441090
-1.950000,1.350000,0.415660
-1.900000,1.350000,0.388323
-1.850000,1.350000,0.358983
-1.800000,1.350000,0.327529
-1.750000,1.350000,0.293831
-1.700000,1.350000,0.257742
-1.650000,1.350000,0.219085
-1.600000,1.350000,0.177655
-1.550000,1.350000,0.133203
-1.500000,1.350000,0.085431
-1.450000,1.350000,0.033971
-1.400000,1.350000,0.029150
-1.350000,1.350000,0.028399
-1.300000,1.350000,0.026002
-1.250000,1.350000,0.021953
-1.200000,1.350000,0.016237
-1.150000,1.350000,0.008836
-1.100000,1.350000,-0.000275
-1.050000,1.350000,-0.011128
-1.000000,1.350000,-0.023762
-0.950000,1.350000,-0.038222
-0.900000,1.350000,-0.054564
-0.850000,1.350000,-0.072853
-0.800000,1.350000,-0.093165
-0.750000,1.350000,-0.115590
-0.700000,1.350000,-0.140233
-0.650000,1.350000,-0.167217
-0.600000,1.350000,-0.196688
-0.550000,1.350000,-0.228821
-0.500000,1.350000,-0.263824
-0.450000,1.350000,-0.301950
-0.400000,1.350000,-0.343509
-0.350000,1.350000,-0.388890
-0.300000,1.350000,-0.438586
-0.250000,1.350000,-0.493239
-0.200000,1.350000,-0.553715
-0.150000,1.350000,-0.621224
-0.100000,1.350000,-0.697555
-0.050000,1.350000,-0.785555
-0.000000,1.350000,-0.890315
0.050000,1.350000,-1.022904
0.100000,1.350000,-1.221385
0.150000,1.350000,-1.525494
0.200000,1.350000,-1.580907
0.250000,1.350000,-1.641295
0.300000,1.350000,-1.707515
0.350000,1.350000,-1.780751
0.400000,1.350000,-1.862721
0.450000,1.350000,-1.956098
0.500000,1.350000,-2.065478
0.550000,1.350000,-2.200184
0.600000,1.350000,-2.258404
0.650000,1.350000,-2.248743
0.700000,1.350000,-2.203119
0.750000,1.350000,-2.165166
0.800000,1.350000,-2.133485
0.850000,1.350000,-1.271285
0.900000,1.350000,-1.174544
0.950000,1.350000,-1.107409
1.000000,1.350000,-1.056020
1.050000,1.350000,-1.015269
1.100000,1.350000,-0.982604
1.150000,1.350000,-0.956546
1.200000,1.350000,-0.936166
1.250000,1.350000,-0.920858
1.300000,1.350000,-0.910222
1.350000,1.350000,0.157567
1.400000,1.350000,0.415516
1.450000,1.350000,0.576955
1.500000,1.350000,0.703172
1.550000,1.350000,0.809121
1.600000,1.350000,0.901322
1.650000,1.350000,0.983324
1.700000,1.350000,1.057315
1.750000,1.350000,1.124759
1.800000,1.350000,1.186694
1.850000,1.350000,1.243889
1.900000,1.350000,1.296929
1.950000,1.350000,1.346274
2.000000,1.350000,1.392295
2.050000,1.350000,1.435291
2.100000,1.350000,1.475512
2.150000,1.350000,1.513167
2.200000,1.350000,1.548433
2.250000,1.350000,1.581460
2.300000,1.350000,1.612380
2.350000,1.350000,1.641304
2.400000,1.350000,1.668333
2.450000,1.350000,1.693551
2.500000,1.350000,1.717034
2.550000,1.350000,1.738850
2.600000,1.350000,1.759058
2.650000,1.350000,1.777709
2.700000,1.350000,1.771299
2.750000,1.350000,1.692631
2.800000,1.350000,1.608571
2.850000,1.350000,1.518223
2.900000,1.350000,1.420387
2.950000,1.350000,1.313393
3.000000,1.350000,1.194780
3.050000,1.350000,1.060660
3.100000,1.350000,0.904157
3.150000,1.350000,0.710634
3.200000,1.350000,0.433013
3.250000,1.350000,
3.300000,1.350000,
3.350000,1.350000,
3.400000,1.350000,
3.450000,1.350000,
3.500000,1.350000,
-3.500000,1.400000,
-3.450000,1.400000,
-3.400000,1.400000,
-3.350000,1.400000,
-3.300000,1.400000,
-3.250000,1.400000,
-3.200000,1.400000,0.223607
-3.150000,1.400000,0.591143
-3.100000,1.400000,0.598978
-3.050000,1.400000,0.605441
-3.000000,1.400000,0.610547
-2.950000,1.400000,0.614306
-2.900000,1.400000,0.616726
-2.850000,1.400000,0.617813
-2.800000,1.400000,0.617569
-2.750000,1.400000,0.615994
-2.700000,1.400000,0.613083
-2.650000,1.400000,0.608832
-2.600000,1.400000,0.603230
-2.550000,1.400000,0.596265
-2.500000,1.400000,0.587923
-2.450000,1.400000,0.578184
-2.400000,1.400000,0.567026
-2.350000,1.400000,0.554423
-2.300000,1.400000,0.540344
-2.250000,1.400000,0.524755
-2.200000,1.400000,0.507615
-2.150000,1.400000,0.488880
-2.100000,1.400000,0.468497
-2.050000,1.400000,0.446407
-2.000000,1.400000,0.422543
-1.950000,1.400000,0.396828
-1.900000,1.400000,0.369176
-1.850000,1.400000,0.339485
-1.800000,1.400000,0.307639
-1.750000,1.400000,0.273505
-1.700000,1.400000,0.236926
-1.650000,1.400000,0.197718
-1.600000,1.400000,0.155662
-1.550000,1.400000,0.110498
-1.500000,1.400000,0.061906
-1.450000,1.400000,0.009494
-1.400000,1.400000,-0.004410
-1.350000,1.400000,-0.005178
-1.300000,1.400000,-0.007629
-1.250000,1.400000,-0.011770
-1.200000,1.400000,-0.017617
-1.150000,1.400000,-0.025188
-1.100000,1.400000,-0.034512
-1.050000,1.400000,-0.045622
-1.000000,1.400000,-0.058559
-0.950000,1.400000,-0.073374
-0.900000,1.400000,-0.090125
-0.850000,1.400000,-0.108884
-0.800000,1.400000,-0.129733
-0.750000,1.400000,-0.152769
-0.700000,1.400000,-0.178108
-0.650000,1.400000,-0.205886
-0.600000,1.400000,-0.236264
-0.550000,1.400000,-0.269435
-0.500000,1.400000,-0.305635
-0.450000,1.400000,-0.345148
-0.400000,1.400000,-0.388332
-0.350000,1.400000,-0.435635
-0.300000,1.400000,-0.487638
-0.250000,1.400000,-0.545115
-0.200000,1.400000,-0.609132
-0.150000,1.400000,-0.681236
-0.100000,1.400000,-0.763820
-0.050000,1.400000,-0.860978
-0.000000,1.400000,-0.980937
0.050000,1.400000,-1.146617
0.100000,1.400000,-1.508816
0.150000,1.400000,-1.561366
0.200000,1.400000,-1.618522
0.250000,1.400000,-1.681015
0.300000,1.400000,-1.749839
0.350000,1.400000,-1.826394
0.400000,1.400000,-1.912776
0.450000,1.400000,-2.012391
0.500000,1.400000,-2.131514
0.550000,1.400000,-2.284630
0.600000,1.400000,-2.311119
0.650000,1.400000,-2.335808
0.700000,1.400000,-2.363029
0.750000,1.400000,-2.353245
0.800000,1.400000,-2.308136
0.850000,1.400000,-2.272264
0.900000,1.400000,-2.243695
0.950000,1.400000,-2.221264
1.000000,1.400000,-1.362226
1.050000,1.400000,-1.259854
1.100000,1.400000,-1.198678
1.150000,1.400000,-1.155510
1.200000,1.400000,-1.123979
1.250000,1.400000,-1.101264
1.300000,1.400000,-1.085889
1.350000,1.400000,0.180505
1.400000,1.400000,0.427139
1.450000,1.400000,0.585808
1.500000,1.400000,0.710630
1.550000,1.400000,0.815708
1.600000,1.400000,0.907300
1.650000,1.400000,0.988848
1.700000,1.400000,1.062484
1.750000,1.400000,1.129642
1.800000,1.400000,1.191342
1.850000,1.400000,1.248338
1.900000,1.400000,1.301208
1.950000,1.400000,1.350407
2.000000,1.400000,1.396300
2.050000,1.400000,1.439183
2.100000,1.400000,1.479305
2.150000,1.400000,1.516871
2.200000,1.400000,1.552057
2.250000,1.400000,1.585013
2.300000,1.400000,1.615868
2.350000,1.400000,1.644734
2.400000,1.400000,1.671710
2.450000,1.400000,1.696881
2.500000,1.400000,1.720321
2.550000,1.400000,1.742098
2.600000,1.400000,1.762270
2.650000,1.400000,1.780889
2.700000,1.400000,1.732051
2.750000,1.400000,1.651514
2.800000,1.400000,1.565248
2.850000,1.400000,1.472243
2.900000,1.400000,1.371131
2.950000,1.400000,1.259960
3.000000,1.400000,1.135782
3.050000,1.400000,0.993730
3.100000,1.400000,0.824621
3.150000,1.400000,0.606218
3.200000,1.400000,0.223607
3.250000,1.400000,
3.300000,1.400000,
3.350000,1.400000,
3.400000,1.400000,
3.450000,1.400000,
3.500000,1.400000,
-3.500000,1.450000,
-3.450000,1.450000,
-3.400000,1.450000,
-3.350000,1.450000,
-3.300000,1.450000,
-3.250000,1.450000,
-3.200000,1.450000,
-3.150000,1.450000,0.474342
-3.100000,1.450000,0.580663
-3.050000,1.450000,0.587191
-3.000000,1.450000,0.592346
-2.950000,1.450000,0.596142
-2.900000,1.450000,0.598586
-2.850000,1.450000,0.599684
-2.800000,1.450000,0.599437
-2.750000,1.450000,0.597847
-2.700000,1.450000,0.594908
-2.650000,1.450000,0.590614
-2.600000,1.450000,0.584957
-2.550000,1.450000,0.577924
-2.500000,1.450000,0.569498
-2.450000,1.450000,0.559660
-2.400000,1.450000,0.548388
-2.350000,1.450000,0.535654
-2.300000,1.450000,0.521427
-2.250000,1.450000,0.505671
-2.200000,1.450000,0.488344
-2.150000,1.450000,0.469400
-2.100000,1.450000,0.448785
-2.050000,1.450000,0.426437
-2.000000,1.450000,0.402287
-1.950000,1.450000,0.376254
-1.900000,1.450000,0.348248
-1.850000,1.450000,0.318163
-1.800000,1.450000,0.285878
-1.750000,1.450000,0.251253
-1.700000,1.450000,0.214122
-1.650000,1.450000,0.174291
-1.600000,1.450000,0.131529
-1.550000,1.450000,0.085555
-1.500000,1.450000,0.036029
-1.450000,1.450000,-0.017474
-1.400000,1.450000,-0.040464
-1.350000,1.450000,-0.041252
-1.300000,1.450000,-0.043763
-1.250000,1.450000,-0.048008
-1.200000,1.450000,-0.054002
-1.150000,1.450000,-0.061766
-1.100000,1.450000,-0.071330
-1.050000,1.450000,-0.082729
-1.000000,1.450000,-0.096010
-0.950000,1.450000,-0.111226
-0.900000,1.450000,-0.128442
-0.850000,1.450000,-0.147735
-0.800000,1.450000,-0.169196
-0.750000,1.450000,-0.192931
-0.700000,1.450000,-0.219069
-0.650000,1.450000,-0.247759
-0.600000,1.450000,-0.279184
-0.550000,1.450000,-0.313562
-0.500000,1.450000,-0.351160
-0.450000,1.450000,-0.392306
-0.400000,1.450000,-0.437417
-0.350000,1.450000,-0.487024
-0.300000,1.450000,-0.541833
-0.250000,1.450000,-0.602801
-0.200000,1.450000,-0.671300
-0.150000,1.450000,-0.749406
-0.100000,1.450000,-0.840560
-0.050000,1.450000,-0.951307
-0.000000,1.450000,-1.097782
0.050000,1.450000,-1.374631
0.100000,1.450000,-1.546256
0.150000,1.450000,-1.600503
0.200000,1.450000,-1.659693
0.250000,1.450000,-1.724672
0.300000,1.450000,-1.796614
0.350000,1.450000,-1.877222
0.400000,1.450000,-1.969147
0.450000,1.450000,-2.076950
0.500000,1.450000,-2.209914
0.550000,1.450000,-2.344827
0.600000,1.450000,-2.368149
0.650000,1.450000,-2.394015
0.700000,1.450000,-2.422593
0.750000,1.450000,-2.454089
0.800000,1.450000,-2.488752
0.850000,1.450000,-2.526893
0.900000,1.450000,-2.489766
0.950000,1.450000,-2.448960
1.000000,1.450000,-2.420250
1.050000,1.450000,-2.400711
1.100000,1.450000,-2.388888
1.150000,1.450000,-2.384047
1.200000,1.450000,-2.385918
1.250000,1.450000,-2.394603
1.300000,1.450000,-2.410613
1.350000,1.450000,0.192947
1.400000,1.450000,0.433756
1.450000,1.450000,0.590885
1.500000,1.450000,0.714920
1.550000,1.450000,0.819503
1.600000,1.450000,0.910748
1.650000,1.450000,0.992036
1.700000,1.450000,1.065469
1.750000,1.450000,1.132463
1.800000,1.450000,1.194027
1.850000,1.450000,1.250909
1.900000,1.450000,1.303682
1.950000,1.450000,1.352796
2.000000,1.450000,1.398615
2.050000,1.450000,1.441434
2.100000,1.450000,1.481498
2.150000,1.450000,1.519013
2.200000,1.450000,1.554153
2.250000,1.450000,1.587068
2.300000,1.450000,1.617886
2.350000,1.450000,1.646719
2.400000,1.450000,1.673664
2.450000,1.450000,1.698807
2.500000,1.450000,1.722223
2.550000,1.450000,1.743977
2.600000,1.450000,1.764128
2.650000,1.450000,1.767767
2.700000,1.450000,1.690414
2.750000,1.450000,1.607794
2.800000,1.450000,1.519046
2.850000,1.450000,1.423025
2.900000,1.450000,1.318143
2.950000,1.450000,1.202082
3.000000,1.450000,1.071214
3.050000,1.450000,0.919239
3.100000,1.450000,0.733144
3.150000,1.450000,0.474342
3.200000,1.450000,
3.250000,1.450000,
3.300000,1.450000,
3.350000,1.450000,
3.400000,1.450000,
3.450000,1.450000,
3.500000,1.450000,
-3.500000,1.500000,
-3.450000,1.500000,
-3.400000,1.500000,
-3.350000,1.500000,
-3.300000,1.500000,
-3.250000,1.500000,
-3.200000,1.500000,
-3.150000,1.500000,0.278388
-3.100000,1.500000,0.560793
-3.050000,1.500000,0.567391
-3.000000,1.500000,0.572603
-2.950000,1.500000,0.576439
-2.900000,1.500000,0.578909
-2.850000,1.500000,0.580019
-2.800000,1.500000,0.579770
-2.750000,1.500000,0.578162
-2.700000,1.500000,0.575191
-2.650000,1.500000,0.570852
-2.600000,1.500000,0.565133
-2.550000,1.500000,0.558023
-2.500000,1.500000,0.549505
-2.450000,1.500000,0.539558
-2.400000,1.500000,0.528159
-2.350000,1.500000,0.515280
-2.300000,1.500000,0.500888
-2.250000,1.500000,0.484947
-2.200000,1.500000,0.467413
-2.150000,1.500000,0.448237
-2.100000,1.500000,0.427363
-2.050000,1.500000,0.404728
-2.000000,1.500000,0.380258
-1.950000,1.500000,0.353870
-1.900000,1.500000,0.325469
-1.850000,1.500000,0.294944
-1.800000,1.500000,0.262167
-1.750000,1.500000,0.226990
-1.700000,1.500000,0.189238
-1.650000,1.500000,0.148704
-1.600000,1.500000,0.105141
-1.550000,1.500000,0.058248
-1.500000,1.500000,0.007656
-1.450000,1.500000,-0.047097
-1.400000,1.500000,-0.079203
-1.350000,1.500000,-0.080013
-1.300000,1.500000,-0.082593
-1.250000,1.500000,-0.086955
-1.200000,1.500000,-0.093116
-1.150000,1.500000,-0.101098
-1.100000,1.500000,-0.110934
-1.050000,1.500000,-0.122663
-1.000000,1.500000,-0.136334
-0.950000,1.500000,-0.152008
-0.900000,1.500000,-0.169754
-0.850000,1.500000,-0.189658
-0.800000,1.500000,-0.211821
-0.750000,1.500000,-0.236361
-0.700000,1.500000,-0.263421
-0.650000,1.500000,-0.293172
-0.600000,1.500000,-0.325819
-0.550000,1.500000,-0.361613
-0.500000,1.500000,-0.400863
-0.450000,1.500000,-0.443956
-0.400000,1.500000,-0.491390
-0.350000,1.500000,-0.543814
-0.300000,1.500000,-0.602108
-0.250000,1.500000,-0.667516
-0.200000,1.500000,-0.741892
-0.150000,1.500000,-0.828238
-0.100000,1.500000,-0.932056
-0.050000,1.500000,-1.065894
-0.000000,1.500000,-1.280372
0.050000,1.500000,-1.535413
0.100000,1.500000,-1.587021
0.150000,1.500000,-1.643250
0.200000,1.500000,-1.704837
0.250000,1.500000,-1.772788
0.300000,1.500000,-1.848526
0.350000,1.500000,-1.934194
0.400000,1.500000,-2.033304
0.450000,1.500000,-2.152411
0.500000,1.500000,-2.307075
0.550000,1.500000,-2.405586
0.600000,1.500000,-2.430130
0.650000,1.500000,-2.457411
0.700000,1.500000,-2.487632
0.750000,1.500000,-2.521044
0.800000,1.500000,-2.552038
0.850000,1.500000,-2.559644
0.900000,1.500000,-2.568580
0.950000,1.500000,-2.578864
1.000000,1.500000,-2.590518
1.050000,1.500000,-2.603567
1.100000,1.500000,-2.618040
1.150000,1.500000,-2.633971
1.200000,1.500000,-2.651398
1.250000,1.500000,-2.670363
1.300000,1.500000,-2.690916
1.350000,1.500000,0.196265
1.400000,1.500000,0.435556
1.450000,1.500000,0.592271
1.500000,1.500000,0.716093
1.550000,1.500000,0.820541
1.600000,1.500000,0.911692
1.650000,1.500000,0.992908
1.700000,1.500000,1.066286
1.750000,1.500000,1.133236
1.800000,1.500000,1.194763
1.850000,1.500000,1.251613
1.900000,1.500000,1.304359
1.950000,1.500000,1.353451
2.000000,1.500000,1.399250
2.050000,1.500000,1.442051
2.100000,1.500000,1.482099
2.150000,1.500000,1.519600
2.200000,1.500000,1.554727
2.250000,1.500000,1.587631
2.300000,1.500000,1.618439
2.350000,1.500000,1.647263
2.400000,1.500000,1.674200
2.450000,1.500000,1.699335
2.500000,1.500000,1.722744
2.550000,1.500000,1.744492
2.600000,1.500000,1.764638
2.650000,1.500000,1.725543
2.700000,1.500000,1.646208
2.750000,1.500000,1.561249
2.800000,1.500000,1.469694
2.850000,1.500000,1.370219
2.900000,1.500000,1.260952
2.950000,1.500000,1.139079
3.000000,1.500000,1.000000
3.050000,1.500000,0.835165
3.100000,1.500000,0.624500
3.150000,1.500000,0.278388
3.200000,1.500000,
3.250000,1.500000,
3.300000,1.500000,
3.350000,1.500000,
3.400000,1.500000,
3.450000,1.500000,
3.500000,1.500000,
-3.500000,1.550000,
-3.450000,1.550000,
-3.400000,1.550000,
-3.350000,1.550000,
-3.300000,1.550000,
-3.250000,1.550000,
-3.200000,1.550000,
-3.150000,1.550000,
-3.100000,1.550000,0.487340
-3.050000,1.550000,0.545992
-3.000000,1.550000,0.551265
-2.950000,1.550000,0.555146
-2.900000,1.550000,0.557645
-2.850000,1.550000,0.558768
-2.800000,1.550000,0.558516
-2.750000,1.550000,0.556889
-2.700000,1.550000,0.553884
-2.650000,1.550000,0.549493
-2.600000,1.550000,0.543707
-2.550000,1.550000,0.536512
-2.500000,1.550000,0.527891
-2.450000,1.550000,0.517823
-2.400000,1.550000,0.506284
-2.350000,1.550000,0.493245
-2.300000,1.550000,0.478671
-2.250000,1.550000,0.462524
-2.200000,1.550000,0.444759
-2.150000,1.550000,0.425326
-2.100000,1.550000,0.404165
-2.050000,1.550000,0.381210
-2.000000,1.550000,0.356384
-1.950000,1.550000,0.329600
-1.900000,1.550000,0.300758
-1.850000,1.550000,0.269740
-1.800000,1.550000,0.236412
-1.750000,1.550000,0.200615
-1.700000,1.550000,0.162163
-1.650000,1.550000,0.120836
-1.600000,1.550000,0.076365
-1.550000,1.550000,0.028426
-1.500000,1.550000,-0.023385
-1.450000,1.550000,-0.079575
-1.400000,1.550000,-0.120855
-1.350000,1.550000,-0.121688
-1.300000,1.550000,-0.124348
-1.250000,1.550000,-0.128843
-1.200000,1.550000,-0.135194
-1.150000,1.550000,-0.143425
-1.100000,1.550000,-0.153571
-1.050000,1.550000,-0.165677
-1.000000,1.550000,-0.179796
-0.950000,1.550000,-0.195995
-0.900000,1.550000,-0.214351
-0.850000,1.550000,-0.234961
-0.800000,1.550000,-0.257936
-0.750000,1.550000,-0.283411
-0.700000,1.550000,-0.311548
-0.650000,1.550000,-0.342543
-0.600000,1.550000,-0.376632
-0.550000,1.550000,-0.414110
-0.500000,1.550000,-0.455344
-0.450000,1.550000,-0.500801
-0.400000,1.550000,-0.551092
-0.350000,1.550000,-0.607041
-0.300000,1.550000,-0.669800
-0.250000,1.550000,-0.741071
-0.200000,1.550000,-0.823567
-0.150000,1.550000,-0.922133
-0.100000,1.550000,-1.047302
-0.050000,1.550000,-1.235264
-0.000000,1.550000,-1.528724
0.050000,1.550000,-1.577920
0.100000,1.550000,-1.631473
0.150000,1.550000,-1.690038
0.200000,1.550000,-1.754491
0.250000,1.550000,-1.826053
0.300000,1.550000,-1.906512
0.350000,1.550000,-1.998690
0.400000,1.550000,-2.107544
0.450000,1.550000,-2.243543
0.500000,1.550000,-2.439706
0.550000,1.550000,-2.471872
0.600000,1.550000,-2.497905
0.650000,1.550000,-2.526925
0.700000,1.550000,-2.550305
0.750000,1.550000,-2.555321
0.800000,1.550000,-2.561645
0.850000,1.550000,-2.569289
0.900000,1.550000,-2.578270
0.950000,1.550000,-2.588606
1.000000,1.550000,-2.600320
1.050000,1.550000,-2.613437
1.100000,1.550000,-2.627987
1.150000,1.550000,-2.644004
1.200000,1.550000,-2.661526
1.250000,1.550000,-2.680598
1.300000,1.550000,-2.701267
1.350000,1.550000,0.190782
1.400000,1.550000,0.432589
1.450000,1.550000,0.589988
1.500000,1.550000,0.714162
1.550000,1.550000,0.818831
1.600000,1.550000,0.910138
1.650000,1.550000,0.991471
1.700000,1.550000,1.064940
1.750000,1.550000,1.131964
1.800000,1.550000,1.193552
1.850000,1.550000,1.250454
1.900000,1.550000,1.303244
1.950000,1.550000,1.352373
2.000000,1.550000,1.398205
2.050000,1.550000,1.441035
2.100000,1.550000,1.481109
2.150000,1.550000,1.518633
2.200000,1.550000,1.553782
2.250000,1.550000,1.586704
2.300000,1.550000,1.617528
2.350000,1.550000,1.646367
2.400000,1.550000,1.673318
2.450000,1.550000,1.698466
2.500000,1.550000,1.721886
2.550000,1.550000,1.743644
2.600000,1.550000,1.757128
2.650000,1.550000,1.680774
2.700000,1.550000,1.599219
2.750000,1.550000,1.511622
2.800000,1.550000,1.416863
2.850000,1.550000,1.313393
2.900000,1.550000,1.198958
2.950000,1.550000,1.070047
3.000000,1.550000,0.920598
3.050000,1.550000,0.738241
3.100000,1.550000,0.487340
3.150000,1.550000,
3.200000,1.550000,
3.250000,1.550000,
3.300000,1.550000,
3.350000,1.550000,
3.400000,1.550000,
3.450000,1.550000,
3.500000,1.550000,
-3.500000,1.600000,
-3.450000,1.600000,
-3.400000,1.600000,
-3.350000,1.600000,
-3.300000,1.600000,
-3.250000,1.600000,
-3.200000,1.600000,
-3.150000,1.600000,
-3.100000,1.600000,0.282843
-3.050000,1.600000,0.522935
-3.000000,1.600000,0.528276
-2.950000,1.600000,0.532207
-2.900000,1.600000,0.534738
-2.850000,1.600000,0.535875
-2.800000,1.600000,0.535620
-2.750000,1.600000,0.533972
-2.700000,1.600000,0.530929
-2.650000,1.600000,0.526482
-2.600000,1.600000,0.520621
-2.550000,1.600000,0.513332
-2.500000,1.600000,0.504598
-2.450000,1.600000,0.494397
-2.400000,1.600000,0.482703
-2.350000,1.600000,0.469485
-2.300000,1.600000,0.454710
-2.250000,1.600000,0.438335
-2.200000,1.600000,0.420315
-2.150000,1.600000,0.400595
-2.100000,1.600000,0.379115
-2.050000,1.600000,0.355805
-2.000000,1.600000,0.330583
-1.950000,1.600000,0.303357
-1.900000,1.600000,0.274022
-1.850000,1.600000,0.242452
-1.800000,1.600000,0.208505
-1.750000,1.600000,0.172011
-1.700000,1.600000,0.132771
-1.650000,1.600000,0.090545
-1.600000,1.600000,0.045043
-1.550000,1.600000,-0.004091
-1.500000,1.600000,-0.057300
-1.450000,1.600000,-0.115153
-1.400000,1.600000,-0.165692
-1.350000,1.600000,-0.166554
-1.300000,1.600000,-0.169304
-1.250000,1.600000,-0.173953
-1.200000,1.600000,-0.180521
-1.150000,1.600000,-0.189038
-1.100000,1.600000,-0.199542
-1.050000,1.600000,-0.212082
-1.000000,1.600000,-0.226719
-0.950000,1.600000,-0.243525
-0.900000,1.600000,-0.262591
-0.850000,1.600000,-0.284023
-0.800000,1.600000,-0.307948
-0.750000,1.600000,-0.334523
-0.700000,1.600000,-0.363933
-0.650000,1.600000,-0.396406
-0.600000,1.600000,-0.432225
-0.550000,1.600000,-0.471741
-0.500000,1.600000,-0.515402
-0.450000,1.600000,-0.563791
-0.400000,1.600000,-0.617694
-0.350000,1.600000,-0.678202
-0.300000,1.600000,-0.746921
-0.250000,1.600000,-0.826385
-0.200000,1.600000,-0.921054
-0.150000,1.600000,-1.040365
-0.100000,1.600000,-1.214335
-0.050000,1.600000,-1.526121
-0.000000,1.600000,-1.573098
0.050000,1.600000,-1.624217
0.100000,1.600000,-1.680067
0.150000,1.600000,-1.741426
0.200000,1.600000,-1.809362
0.250000,1.600000,-1.885409
0.300000,1.600000,-1.971915
0.350000,1.600000,-2.072829
0.400000,1.600000,-2.195846
0.450000,1.600000,-2.360979
0.500000,1.600000,-2.519899
0.550000,1.600000,-2.544736
0.600000,1.600000,-2.555017
0.650000,1.600000,-2.557459
0.700000,1.600000,-2.561198
0.750000,1.600000,-2.566242
0.800000,1.600000,-2.572602
0.850000,1.600000,-2.580290
0.900000,1.600000,-2.589323
0.950000,1.600000,-2.599719
1.000000,1.600000,-2.611502
1.050000,1.600000,-2.624698
1.100000,1.600000,-2.639336
1.150000,1.600000,-2.655452
1.200000,1.600000,-2.673085
1.250000,1.600000,-2.692279
1.300000,1.600000,-2.713084
1.350000,1.600000,0.175955
1.400000,1.600000,0.424773
1.450000,1.600000,0.583999
1.500000,1.600000,0.709104
1.550000,1.600000,0.814359
1.600000,1.600000,0.906076
1.650000,1.600000,0.987716
1.700000,1.600000,1.061424
1.750000,1.600000,1.128641
1.800000,1.600000,1.190389
1.850000,1.600000,1.247425
1.900000,1.600000,1.300330
1.950000,1.600000,1.349559
2.000000,1.600000,1.395478
2.050000,1.600000,1.438385
2.100000,1.600000,1.478526
2.150000,1.600000,1.516111
2.200000,1.600000,1.551313
2.250000,1.600000,1.584284
2.300000,1.600000,1.615152
2.350000,1.600000,1.644031
2.400000,1.600000,1.671017
2.450000,1.600000,1.696197
2.500000,1.600000,1.719646
2.550000,1.600000,1.741431
2.600000,1.600000,1.711724
2.650000,1.600000,1.633248
2.700000,1.600000,1.549193
2.750000,1.600000,1.458595
2.800000,1.600000,1.360147
2.850000,1.600000,1.251998
2.900000,1.600000,1.131371
2.950000,1.600000,0.993730
3.000000,1.600000,0.830662
3.050000,1.600000,0.622495
3.100000,1.600000,0.282843
3.150000,1.600000,
3.200000,1.600000,
3.250000,1.600000,
3.300000,1.600000,
3.350000,1.600000,
3.400000,1.600000,
3.450000,1.600000,
3.500000,1.600000,
-3.500000,1.650000,
-3.450000,1.650000,
-3.400000,1.650000,
-3.350000,1.650000,
-3.300000,1.650000,
-3.250000,1.650000,
-3.200000,1.650000,
-3.150000,1.650000,
-3.100000,1.650000,
-3.050000,1.650000,0.474342
-3.000000,1.650000,0.503571
-2.950000,1.650000,0.507558
-2.900000,1.650000,0.510124
-2.850000,1.650000,0.511276
-2.800000,1.650000,0.511018
-2.750000,1.650000,0.509347
-2.700000,1.650000,0.506261
-2.650000,1.650000,0.501752
-2.600000,1.650000,0.495809
-2.550000,1.650000,0.488417
-2.500000,1.650000,0.479557
-2.450000,1.650000,0.469209
-2.400000,1.650000,0.457343
-2.350000,1.650000,0.443929
-2.300000,1.650000,0.428930
-2.250000,1.650000,0.412303
-2.200000,1.650000,0.394000
-2.150000,1.650000,0.373963
-2.100000,1.650000,0.352128
-2.050000,1.650000,0.328422
-2.000000,1.650000,0.302758
-1.950000,1.650000,0.275039
-1.900000,1.650000,0.245152
-1.850000,1.650000,0.212965
-1.800000,1.650000,0.178322
-1.750000,1.650000,0.141043
-1.700000,1.650000,0.100911
-1.650000,1.650000,0.057664
-1.600000,1.650000,0.010987
-1.550000,1.650000,-0.039516
-1.500000,1.650000,-0.094340
-1.450000,1.650000,-0.154127
-1.400000,1.650000,-0.214051
-1.350000,1.650000,-0.214946
-1.300000,1.650000,-0.217800
-1.250000,1.650000,-0.222626
-1.200000,1.650000,-0.229447
-1.150000,1.650000,-0.238296
-1.100000,1.650000,-0.249216
-1.050000,1.650000,-0.262262
-1.000000,1.650000,-0.277503
-0.950000,1.650000,-0.295022
-0.900000,1.650000,-0.314920
-0.850000,1.650000,-0.337322
-0.800000,1.650000,-0.362374
-0.750000,1.650000,-0.390259
-0.700000,1.650000,-0.421197
-0.650000,1.650000,-0.455462
-0.600000,1.650000,-0.493394
-0.550000,1.650000,-0.535430
-0.500000,1.650000,-0.582138
-0.450000,1.650000,-0.634279
-0.400000,1.650000,-0.692916
-0.350000,1.650000,-0.759602
-0.300000,1.650000,-0.836789
-0.250000,1.650000,-0.928767
-0.200000,1.650000,-1.044543
-0.150000,1.650000,-1.212131
-0.100000,1.650000,-1.527579
-0.050000,1.650000,-1.572504
-0.000000,1.650000,-1.621396
0.050000,1.650000,-1.674791
0.100000,1.650000,-1.733391
0.150000,1.650000,-1.798151
0.200000,1.650000,-1.870415
0.250000,1.650000,-1.952200
0.300000,1.650000,-2.046777
0.350000,1.650000,-2.160185
0.400000,1.650000,-2.306371
0.450000,1.650000,-2.544308
0.500000,1.650000,-2.566221
0.550000,1.650000,-2.566078
0.600000,1.650000,-2.567235
0.650000,1.650000,-2.569692
0.700000,1.650000,-2.573455
0.750000,1.650000,-2.578532
0.800000,1.650000,-2.584933
0.850000,1.650000,-2.592671
0.900000,1.650000,-2.601762
0.950000,1.650000,-2.612228
1.000000,1.650000,-2.624090
1.050000,1.650000,-2.637375
1.100000,1.650000,-2.652114
1.150000,1.650000,-2.668343
1.200000,1.650000,-2.686101
1.250000,1.650000,-2.705435
1.300000,1.650000,-2.726396
1.350000,1.650000,0.150060
1.400000,1.650000,0.411881
1.450000,1.650000,0.574204
1.500000,1.650000,0.700860
1.550000,1.650000,0.807082
1.600000,1.650000,0.899474
1.650000,1.650000,0.981617
1.700000,1.650000,1.055717
1.750000,1.650000,1.123250
1.800000,1.650000,1.185259
1.850000,1.650000,1.242515
1.900000,1.650000,1.295608
1.950000,1.650000,1.344999
2.000000,1.650000,1.391059
2.050000,1.650000,1.434090
2.100000,1.650000,1.474342
2.150000,1.650000,1.512024
2.200000,1.650000,1.547314
2.250000,1.650000,1.580364
2.300000,1.650000,1.611304
2.350000,1.650000,1.640246
2.400000,1.650000,1.667291
2.450000,1.650000,1.692524
2.500000,1.650000,1.716021
2.550000,1.650000,1.737849
2.600000,1.650000,1.663580
2.650000,1.650000,1.582719
2.700000,1.650000,1.495828
2.750000,1.650000,1.401785
2.800000,1.650000,1.299038
2.850000,1.650000,1.185327
2.900000,1.650000,1.057119
2.950000,1.650000,0.908295
3.000000,1.650000,0.726292
3.050000,1.650000,0.474342
3.100000,1.650000,
3.150000,1.650000,
3.200000,1.650000,
3.250000,1.650000,
3.300000,1.650000,
3.350000,1.650000,
3.400000,1.650000,
3.450000,1.650000,
3.500000,1.650000,
-3.500000,1.700000,
-3.450000,1.700000,
-3.400000,1.700000,
-3.350000,1.700000,
-3.300000,1.700000,
-3.250000,1.700000,
-3.200000,1.700000,
-3.150000,1.700000,
-3.100000,1.700000,
-3.050000,1.700000,0.239792
-3.000000,1.700000,0.477078
-2.950000,1.700000,0.481125
-2.900000,1.700000,0.483730
-2.850000,1.700000,0.484900
-2.800000,1.700000,0.484638
-2.750000,1.700000,0.482942
-2.700000,1.700000,0.479809
-2.650000,1.700000,0.475231
-2.600000,1.700000,0.469197
-2.550000,1.700000,0.461691
-2.500000,1.700000,0.452693
-2.450000,1.700000,0.442181
-2.400000,1.700000,0.430126
-2.350000,1.700000,0.416494
-2.300000,1.700000,0.401248
-2.250000,1.700000,0.384341
-2.200000,1.700000,0.365723
-2.150000,1.700000,0.345333
-2.100000,1.700000,0.323104
-2.050000,1.700000,0.298957
-2.000000,1.700000,0.272800
-1.950000,1.700000,0.244530
-1.900000,1.700000,0.214025
-1.850000,1.700000,0.181142
-1.800000,1.700000,0.145717
-1.750000,1.700000,0.107549
-1.700000,1.700000,0.066405
-1.650000,1.700000,0.021996
-1.600000,1.700000,-0.026030
-1.550000,1.700000,-0.078112
-1.500000,1.700000,-0.134813
-1.450000,1.700000,-0.196872
-1.400000,1.700000,-0.265290
-1.350000,1.700000,-0.267281
-1.300000,1.700000,-0.270257
-1.250000,1.700000,-0.275291
-1.200000,1.700000,-0.282409
-1.150000,1.700000,-0.291648
-1.100000,1.700000,-0.303057
-1.050000,1.700000,-0.316700
-1.000000,1.700000,-0.332655
-0.950000,1.700000,-0.351020
-0.900000,1.700000,-0.371912
-0.850000,1.700000,-0.395475
-0.800000,1.700000,-0.421887
-0.750000,1.700000,-0.451364
-0.700000,1.700000,-0.484174
-0.650000,1.700000,-0.520654
-0.600000,1.700000,-0.561236
-0.550000,1.700000,-0.606483
-0.500000,1.700000,-0.657151
-0.450000,1.700000,-0.714298
-0.400000,1.700000,-0.779478
-0.350000,1.700000,-0.855149
-0.300000,1.700000,-0.945644
-0.250000,1.700000,-1.060157
-0.200000,1.700000,-1.228185
-0.150000,1.700000,-1.533111
-0.100000,1.700000,-1.576131
-0.050000,1.700000,-1.622976
-0.000000,1.700000,-1.674141
0.050000,1.700000,-1.730271
0.100000,1.700000,-1.792230
0.150000,1.700000,-1.861226
0.200000,1.700000,-1.939033
0.250000,1.700000,-2.028463
0.300000,1.700000,-2.134493
0.350000,1.700000,-2.267764
0.400000,1.700000,-2.463084
0.450000,1.700000,-2.581268
0.500000,1.700000,-2.579817
0.550000,1.700000,-2.579674
0.600000,1.700000,-2.580839
0.650000,1.700000,-2.583313
0.700000,1.700000,-2.587103
0.750000,1.700000,-2.592216
0.800000,1.700000,-2.598663
0.850000,1.700000,-2.606458
0.900000,1.700000,-2.615616
0.950000,1.700000,-2.626159
1.000000,1.700000,-2.638110
1.050000,1.700000,-2.651497
1.100000,1.700000,-2.666350
1.150000,1.700000,-2.682707
1.200000,1.700000,-2.700607
1.250000,1.700000,-2.720099
1.300000,1.700000,-2.741236
1.350000,1.700000,0.108820
1.400000,1.700000,0.393507
1.450000,1.700000,0.560431
1.500000,1.700000,0.689328
1.550000,1.700000,0.796932
1.600000,1.700000,0.890281
1.650000,1.700000,0.973134
1.700000,1.700000,1.047787
1.750000,1.700000,1.115765
1.800000,1.700000,1.178139
1.850000,1.700000,1.235703
1.900000,1.700000,1.289058
1.950000,1.700000,1.338675
2.000000,1.700000,1.384933
2.050000,1.700000,1.428138
2.100000,1.700000,1.468543
2.150000,1.700000,1.506362
2.200000,1.700000,1.541775
2.250000,1.700000,1.574935
2.300000,1.700000,1.605973
2.350000,1.700000,1.635005
2.400000,1.700000,1.662131
2.450000,1.700000,1.687437
2.500000,1.700000,1.711000
2.550000,1.700000,1.690414
2.600000,1.700000,1.612452
2.650000,1.700000,1.528888
2.700000,1.700000,1.438749
2.750000,1.700000,1.340709
2.800000,1.700000,1.232883
2.850000,1.700000,1.112430
2.900000,1.700000,0.974679
2.950000,1.700000,0.810864
3.000000,1.700000,0.600000
3.050000,1.700000,0.239792
3.100000,1.700000,
3.150000,1.700000,
3.200000,1.700000,
3.250000,1.700000,
3.300000,1.700000,
3.350000,1.700000,
3.400000,1.700000,
3.450000,1.700000,
3.500000,1.700000,
-3.500000,1.750000,
-3.450000,1.750000,
-3.400000,1.750000,
-3.350000,1.750000,
-3.300000,1.750000,
-3.250000,1.750000,
-3.200000,1.750000,
-3.150000,1.750000,
-3.100000,1.750000,
-3.050000,1.750000,
-3.000000,1.750000,0.433013
-2.950000,1.750000,0.452827
-2.900000,1.750000,0.455475
-2.850000,1.750000,0.456664
-2.800000,1.750000,0.456398
-2.750000,1.750000,0.454674
-2.700000,1.750000,0.451489
-2.650000,1.750000,0.446836
-2.600000,1.750000,0.440700
-2.550000,1.750000,0.433068
-2.500000,1.750000,0.423918
-2.450000,1.750000,0.413225
-2.400000,1.750000,0.400960
-2.350000,1.750000,0.387087
-2.300000,1.750000,0.371566
-2.250000,1.750000,0.354349
-2.200000,1.750000,0.335380
-2.150000,1.750000,0.314598
-2.100000,1.750000,0.291929
-2.050000,1.750000,0.267289
-2.000000,1.750000,0.240581
-1.950000,1.750000,0.211693
-1.900000,1.750000,0.180493
-1.850000,1.750000,0.146827
-1.800000,1.750000,0.110515
-1.750000,1.750000,0.071340
-1.700000,1.750000,0.029041
-1.650000,1.750000,-0.016701
-1.600000,1.750000,-0.066281
-1.550000,1.750000,-0.120199
-1.500000,1.750000,-0.179104
-1.450000,1.750000,-0.243862
-1.400000,1.750000,-0.315675
-1.350000,1.750000,-0.324088
-1.300000,1.750000,-0.327209
-1.250000,1.750000,-0.332490
-1.200000,1.750000,-0.339961
-1.150000,1.750000,-0.349665
-1.100000,1.750000,-0.361659
-1.050000,1.750000,-0.376018
-1.000000,1.750000,-0.392833
-0.950000,1.750000,-0.412219
-0.900000,1.750000,-0.434318
-0.850000,1.750000,-0.459303
-0.800000,1.750000,-0.487389
-0.750000,1.750000,-0.518846
-0.700000,1.750000,-0.554010
-0.650000,1.750000,-0.593317
-0.600000,1.750000,-0.637338
-0.550000,1.750000,-0.686844
-0.500000,1.750000,-0.742919
-0.450000,1.750000,-0.807174
-0.400000,1.750000,-0.882183
-0.350000,1.750000,-0.972575
-0.300000,1.750000,-1.088528
-0.250000,1.750000,-1.266339
-0.200000,1.750000,-1.542774
-0.150000,1.750000,-1.584019
-0.100000,1.750000,-1.628976
-0.050000,1.750000,-1.678109
-0.000000,1.750000,-1.732018
0.050000,1.750000,-1.791501
0.100000,1.750000,-1.857662
0.150000,1.750000,-1.932102
0.200000,1.750000,-2.017311
0.250000,1.750000,-2.117570
0.300000,1.750000,-2.241562
0.350000,1.750000,-2.414015
0.400000,1.750000,-2.599074
0.450000,1.750000,-2.596290
0.500000,1.750000,-2.594828
0.550000,1.750000,-2.594684
0.600000,1.750000,-2.595858
0.650000,1.750000,-2.598352
0.700000,1.750000,-2.602172
0.750000,1.750000,-2.607326
0.800000,1.750000,-2.613825
0.850000,1.750000,-2.621682
0.900000,1.750000,-2.630916
0.950000,1.750000,-2.641546
1.000000,1.750000,-2.653597
1.050000,1.750000,-2.667097
1.100000,1.750000,-2.682079
1.150000,1.750000,-2.698579
1.200000,1.750000,-2.716640
1.250000,1.750000,-2.736309
1.300000,1.750000,
1.350000,1.750000,0.038211
1.400000,1.750000,0.368994
1.450000,1.750000,0.542420
1.500000,1.750000,0.674359
1.550000,1.750000,0.783809
1.600000,1.750000,0.878423
1.650000,1.750000,0.962210
1.700000,1.750000,1.037587
1.750000,1.750000,1.106144
1.800000,1.750000,1.168995
1.850000,1.750000,1.226959
1.900000,1.750000,1.280654
1.950000,1.750000,1.330565
2.000000,1.750000,1.377078
2.050000,1.750000,1.420508
2.100000,1.750000,1.461112
2.150000,1.750000,1.499108
2.200000,1.750000,1.534679
2.250000,1.750000,1.567980
2.300000,1.750000,1.599147
2.350000,1.750000,1.628294
2.400000,1.750000,1.655524
2.450000,1.750000,1.680924
2.500000,1.750000,1.704573
2.550000,1.750000,1.638597
2.600000,1.750000,1.558044
2.650000,1.750000,1.471394
2.700000,1.750000,1.377498
2.750000,1.750000,1.274755
2.800000,1.750000,1.160819
2.850000,1.750000,1.031988
2.900000,1.750000,0.881760
2.950000,1.750000,0.696419
3.000000,1.750000,0.433013
3.050000,1.750000,
3.100000,1.750000,
3.150000,1.750000,
3.200000,1.750000,
3.250000,1.750000,
3.300000,1.750000,
3.350000,1.750000,
3.400000,1.750000,
3.450000,1.750000,
3.500000,1.750000,
-3.500000,1.800000,
-3.450000,1.800000,
-3.400000,1.800000,
-3.350000,1.800000,
-3.300000,1.800000,
-3.250000,1.800000,
-3.200000,1.800000,
-3.150000,1.800000,
-3.100000,1.800000,
-3.050000,1.800000,
-3.000000,1.800000,0.100000
-2.950000,1.800000,0.422570
-2.900000,1.800000,0.425265
-2.850000,1.800000,0.426476
-2.800000,1.800000,0.426204
-2.750000,1.800000,0.424450
-2.700000,1.800000,0.421208
-2.650000,1.800000,0.416470
-2.600000,1.800000,0.410223
-2.550000,1.800000,0.402451
-2.500000,1.800000,0.393132
-2.450000,1.800000,0.382238
-2.400000,1.800000,0.369740
-2.350000,1.800000,0.355599
-2.300000,1.800000,0.339773
-2.250000,1.800000,0.322210
-2.200000,1.800000,0.302852
-2.150000,1.800000,0.281632
-2.100000,1.800000,0.258471
-2.050000,1.800000,0.233279
-2.000000,1.800000,0.205952
-1.950000,1.800000,0.176368
-1.900000,1.800000,0.144384
-1.850000,1.800000,0.109832
-1.800000,1.800000,0.072513
-1.750000,1.800000,0.032186
-1.700000,1.800000,-0.011438
-1.650000,1.800000,-0.058719
-1.600000,1.800000,-0.110107
-1.550000,1.800000,-0.166182
-1.500000,1.800000,-0.227705
-1.450000,1.800000,-0.295719
-1.400000,1.800000,-0.371710
-1.350000,1.800000,-0.386056
-1.300000,1.800000,-0.389353
-1.250000,1.800000,-0.394932
-1.200000,1.800000,-0.402831
-1.150000,1.800000,-0.413100
-1.100000,1.800000,-0.425807
-1.050000,1.800000,-0.441040
-1.000000,1.800000,-0.458912
-0.950000,1.800000,-0.479561
-0.900000,1.800000,-0.503162
-0.850000,1.800000,-0.529931
-0.800000,1.800000,-0.560141
-0.750000,1.800000,-0.594139
-0.700000,1.800000,-0.632374
-0.650000,1.800000,-0.675439
-0.600000,1.800000,-0.724147
-0.550000,1.800000,-0.779650
-0.500000,1.800000,-0.843689
-0.450000,1.800000,-0.919115
-0.400000,1.800000,-1.011242
-0.350000,1.800000,-1.132656
-0.300000,1.800000,-1.342545
-0.250000,1.800000,-1.556668
-0.200000,1.800000,-1.596253
-0.150000,1.800000,-1.639466
-0.100000,1.800000,-1.686747
-0.050000,1.800000,-1.738659
-0.000000,1.800000,-1.795953
0.050000,1.800000,-1.859657
0.100000,1.800000,-1.931250
0.150000,1.800000,-2.013001
0.200000,1.800000,-2.108732
0.250000,1.800000,-2.225930
0.300000,1.800000,-2.384237
0.350000,1.800000,-2.619719
0.400000,1.800000,-2.615571
0.450000,1.800000,-2.612763
0.500000,1.800000,-2.611288
0.550000,1.800000,-2.611142
0.600000,1.800000,-2.612326
0.650000,1.800000,-2.614843
0.700000,1.800000,-2.618696
0.750000,1.800000,-2.623896
0.800000,1.800000,-2.630453
0.850000,1.800000,-2.638381
0.900000,1.800000,-2.647698
0.950000,1.800000,-2.658425
1.000000,1.800000,-2.670588
1.050000,1.800000,-2.684215
1.100000,1.800000,-2.699339
1.150000,1.800000,-2.716000
1.200000,1.800000,-2.734240
1.250000,1.800000,
1.300000,1.800000,
1.350000,1.800000,
1.400000,1.800000,0.337286
1.450000,1.800000,0.519795
1.500000,1.800000,0.655748
1.550000,1.800000,0.767576
1.600000,1.800000,0.863801
1.650000,1.800000,0.948768
1.700000,1.800000,1.025054
1.750000,1.800000,1.094337
1.800000,1.800000,1.157783
1.850000,1.800000,1.216244
1.900000,1.800000,1.270362
1.950000,1.800000,1.320637
2.000000,1.800000,1.367467
2.050000,1.800000,1.411175
2.100000,1.800000,1.452025
2.150000,1.800000,1.490239
2.200000,1.800000,1.526005
2.250000,1.800000,1.559482
2.300000,1.800000,1.590806
2.350000,1.800000,1.620096
2.400000,1.800000,1.647454
2.450000,1.800000,1.672970
2.500000,1.800000,1.661325
2.550000,1.800000,1.583509
2.600000,1.800000,1.500000
2.650000,1.800000,1.409787
2.700000,1.800000,1.311488
2.750000,1.800000,1.203121
2.800000,1.800000,1.081665
2.850000,1.800000,0.942072
2.900000,1.800000,0.774597
2.950000,1.800000,0.554527
3.000000,1.800000,0.100000
3.050000,1.800000,
3.100000,1.800000,
3.150000,1.800000,
3.200000,1.800000,
3.250000,1.800000,
3.300000,1.800000,
3.350000,1.800000,
3.400000,1.800000,
3.450000,1.800000,
3.500000,1.800000,
-3.500000,1.850000,
-3.450000,1.850000,
-3.400000,1.850000,
-3.350000,1.850000,
-3.300000,1.850000,
-3.250000,1.850000,
-3.200000,1.850000,
-3.150000,1.850000,
-3.100000,1.850000,
-3.050000,1.850000,
-3.000000,1.850000,
-2.950000,1.850000,0.353553
-2.900000,1.850000,0.392993
-2.850000,1.850000,0.394227
-2.800000,1.850000,0.393950
-2.750000,1.850000,0.392162
-2.700000,1.850000,0.388856
-2.650000,1.850000,0.384025
-2.600000,1.850000,0.377655
-2.550000,1.850000,0.369728
-2.500000,1.850000,0.360220
-2.450000,1.850000,0.349104
-2.400000,1.850000,0.336346
-2.350000,1.850000,0.321908
-2.300000,1.850000,0.305741
-2.250000,1.850000,0.287792
-2.200000,1.850000,0.267998
-2.150000,1.850000,0.246287
-2.100000,1.850000,0.222575
-2.050000,1.850000,0.196763
-2.000000,1.850000,0.168738
-1.950000,1.850000,0.138367
-1.900000,1.850000,0.105493
-1.850000,1.850000,0.069932
-1.800000,1.850000,0.031462
-1.750000,1.850000,-0.010187
-1.700000,1.850000,-0.055344
-1.650000,1.850000,-0.104419
-1.600000,1.850000,-0.157934
-1.550000,1.850000,-0.216574
-1.500000,1.850000,-0.281257
-1.450000,1.850000,-0.353274
-1.400000,1.850000,-0.434541
-1.350000,1.850000,-0.454109
-1.300000,1.850000,-0.457621
-1.250000,1.850000,-0.463571
-1.200000,1.850000,-0.472001
-1.150000,1.850000,-0.482972
-1.100000,1.850000,-0.496570
-1.050000,1.850000,-0.512902
-1.000000,1.850000,-0.532109
-0.950000,1.850000,-0.554367
-0.900000,1.850000,-0.579899
-0.850000,1.850000,-0.608988
-0.800000,1.850000,-0.641999
-0.750000,1.850000,-0.679410
-0.700000,1.850000,-0.721860
-0.650000,1.850000,-0.770237
-0.600000,1.850000,-0.825827
-0.550000,1.850000,-0.890625
-0.500000,1.850000,-0.968027
-0.450000,1.850000,-1.064813
-0.400000,1.850000,-1.199562
-0.350000,1.850000,-1.540142
-0.300000,1.850000,-1.574940
-0.250000,1.850000,-1.612974
-0.200000,1.850000,-1.654576
-0.150000,1.850000,-1.700168
-0.100000,1.850000,-1.750290
-0.050000,1.850000,-1.805658
-0.000000,1.850000,-1.867248
0.050000,1.850000,-1.936458
0.100000,1.850000,-2.015413
0.150000,1.850000,-2.107649
0.200000,1.850000,-2.219948
0.250000,1.850000,-2.369298
0.300000,1.850000,-2.643296
0.350000,1.850000,-2.637747
0.400000,1.850000,-2.633559
0.450000,1.850000,-2.630724
0.500000,1.850000,-2.629234
0.550000,1.850000,-2.629087
0.600000,1.850000,-2.630283
0.650000,1.850000,-2.632824
0.700000,1.850000,-2.636715
0.750000,1.850000,-2.641965
0.800000,1.850000,-2.648586
0.850000,1.850000,-2.656592
0.900000,1.850000,-2.666002
0.950000,1.850000,-2.676838
1.000000,1.850000,-2.689125
1.050000,1.850000,-2.702893
1.100000,1.850000,-2.718177
1.150000,1.850000,-2.735016
1.200000,1.850000,
1.250000,1.850000,
1.300000,1.850000,
1.350000,1.850000,
1.400000,1.850000,0.296618
1.450000,1.850000,0.492020
1.500000,1.850000,0.633212
1.550000,1.850000,0.748052
1.600000,1.850000,0.846286
1.650000,1.850000,0.932709
1.700000,1.850000,1.010109
1.750000,1.850000,1.080276
1.800000,1.850000,1.144445
1.850000,1.850000,1.203509
1.900000,1.850000,1.258138
1.950000,1.850000,1.308853
2.000000,1.850000,1.356065
2.050000,1.850000,1.400107
2.100000,1.850000,1.441252
2.150000,1.850000,1.479729
2.200000,1.850000,1.515729
2.250000,1.850000,1.549415
2.300000,1.850000,1.580928
2.350000,1.850000,1.610388
2.400000,1.850000,1.637900
2.450000,1.850000,1.663556
2.500000,1.850000,1.605459
2.550000,1.850000,1.524795
2.600000,1.850000,1.437880
2.650000,1.850000,1.343503
2.700000,1.850000,1.239960
2.750000,1.850000,1.124722
2.800000,1.850000,0.993730
2.850000,1.850000,0.839643
2.900000,1.850000,0.646142
2.950000,1.850000,0.353553
3.000000,1.850000,
3.050000,1.850000,
3.100000,1.850000,
3.150000,1.850000,
3.200000,1.850000,
3.250000,1.850000,
3.300000,1.850000,
3.350000,1.850000,
3.400000,1.850000,
3.450000,1.850000,
3.500000,1.850000,
-3.500000,1.900000,
-3.450000,1.900000,
-3.400000,1.900000,
-3.350000,1.900000,
-3.300000,1.900000,
-3.250000,1.900000,
-3.200000,1.900000,
-3.150000,1.900000,
-3.100000,1.900000,
-3.050000,1.900000,
-3.000000,1.900000,
-2.950000,1.900000,
-2.900000,1.900000,0.358536
-2.850000,1.900000,0.359796
-2.800000,1.900000,0.359513
-2.750000,1.900000,0.357687
-2.700000,1.900000,0.354311
-2.650000,1.900000,0.349376
-2.600000,1.900000,0.342868
-2.550000,1.900000,0.334768
-2.500000,1.900000,0.325050
-2.450000,1.900000,0.313686
-2.400000,1.900000,0.300640
-2.350000,1.900000,0.285867
-2.300000,1.900000,0.269320
-2.250000,1.900000,0.250939
-2.200000,1.900000,0.230656
-2.150000,1.900000,0.208393
-2.100000,1.900000,0.184059
-2.050000,1.900000,0.157546
-2.000000,1.900000,0.128731
-1.950000,1.900000,0.097466
-1.900000,1.900000,0.063577
-1.850000,1.900000,0.026859
-1.800000,1.900000,-0.012939
-1.750000,1.900000,-0.056121
-1.700000,1.900000,-0.103068
-1.650000,1.900000,-0.154257
-1.600000,1.900000,-0.210308
-1.550000,1.900000,-0.272049
-1.500000,1.900000,-0.340623
-1.450000,1.900000,-0.417695
-1.400000,1.900000,-0.505865
-1.350000,1.900000,-0.529533
-1.300000,1.900000,-0.533321
-1.250000,1.900000,-0.539743
-1.200000,1.900000,-0.548853
-1.150000,1.900000,-0.560728
-1.100000,1.900000,-0.575477
-1.050000,1.900000,-0.593240
-1.000000,1.900000,-0.614201
-0.950000,1.900000,-0.638594
-0.900000,1.900000,-0.666724
-0.850000,1.900000,-0.698987
-0.800000,1.900000,-0.735912
-0.750000,1.900000,-0.778220
-0.700000,1.900000,-0.826936
-0.650000,1.900000,-0.883595
-0.600000,1.900000,-0.950680
-0.550000,1.900000,-1.032724
-0.500000,1.900000,-1.140005
-0.450000,1.900000,-1.313052
-0.400000,1.900000,-1.564427
-0.350000,1.900000,-1.597799
-0.300000,1.900000,-1.634381
-0.250000,1.900000,-1.674498
-0.200000,1.900000,-1.718558
-0.150000,1.900000,-1.767087
-0.100000,1.900000,-1.820780
-0.050000,1.900000,-1.880581
-0.000000,1.900000,-1.947843
0.050000,1.900000,-2.024614
0.100000,1.900000,-2.114282
0.150000,1.900000,-2.223291
0.200000,1.900000,-2.367492
0.250000,1.900000,-2.638702
0.300000,1.900000,-2.662923
0.350000,1.900000,-2.657315
0.400000,1.900000,-2.653082
0.450000,1.900000,-2.650217
0.500000,1.900000,-2.648711
0.550000,1.900000,-2.648563
0.600000,1.900000,-2.649771
0.650000,1.900000,-2.652339
0.700000,1.900000,-2.656271
0.750000,1.900000,-2.661577
0.800000,1.900000,-2.668270
0.850000,1.900000,-2.676363
0.900000,1.900000,-2.685876
0.950000,1.900000,-2.696831
1.000000,1.900000,-2.709256
1.050000,1.900000,-2.723181
1.100000,1.900000,
1.150000,1.900000,
1.200000,1.900000,
1.250000,1.900000,
1.300000,1.900000,
1.350000,1.900000,
1.400000,1.900000,0.243733
1.450000,1.900000,0.458312
1.500000,1.900000,0.606371
1.550000,1.900000,0.725001
1.600000,1.900000,0.825711
1.650000,1.900000,0.913906
1.700000,1.900000,0.992651
1.750000,1.900000,1.063881
1.800000,1.900000,1.128913
1.850000,1.900000,1.188694
1.900000,1.900000,1.243931
1.950000,1.900000,1.295165
2.000000,1.900000,1.342828
2.050000,1.900000,1.387265
2.100000,1.900000,1.428758
2.150000,1.900000,1.467544
2.200000,1.900000,1.503819
2.250000,1.900000,1.537752
2.300000,1.900000,1.569486
2.350000,1.900000,1.599145
2.400000,1.900000,1.626837
2.450000,1.900000,1.624038
2.500000,1.900000,1.545962
2.550000,1.900000,1.462019
2.600000,1.900000,1.371131
2.650000,1.900000,1.271810
2.700000,1.900000,1.161895
2.750000,1.900000,1.038027
2.800000,1.900000,0.894427
2.850000,1.900000,0.719375
2.900000,1.900000,0.479583
2.950000,1.900000,
3.000000,1.900000,
3.050000,1.900000,
3.100000,1.900000,
3.150000,1.900000,
3.200000,1.900000,
3.250000,1.900000,
3.300000,1.900000,
3.350000,1.900000,
3.400000,1.900000,
3.450000,1.900000,
3.500000,1.900000,
-3.500000,1.950000,
-3.450000,1.950000,
-3.400000,1.950000,
-3.350000,1.950000,
-3.300000,1.950000,
-3.250000,1.950000,
-3.200000,1.950000,
-3.150000,1.950000,
-3.100000,1.950000,
-3.050000,1.950000,
-3.000000,1.950000,
-2.950000,1.950000,
-2.900000,1.950000,0.193649
-2.850000,1.950000,0.323040
-2.800000,1.950000,0.322750
-2.750000,1.950000,0.320881
-2.700000,1.950000,0.317427
-2.650000,1.950000,0.312376
-2.600000,1.950000,0.305715
-2.550000,1.950000,0.297421
-2.500000,1.950000,0.287470
-2.450000,1.950000,0.275828
-2.400000,1.950000,0.262457
-2.350000,1.950000,0.247310
-2.300000,1.950000,0.230335
-2.250000,1.950000,0.211467
-2.200000,1.950000,0.190633
-2.150000,1.950000,0.167747
-2.100000,1.950000,0.142708
-2.050000,1.950000,0.115399
-2.000000,1.950000,0.085682
-1.950000,1.950000,0.053393
-1.900000,1.950000,0.018338
-1.850000,1.950000,-0.019718
-1.800000,1.950000,-0.061059
-1.750000,1.950000,-0.106040
-1.700000,1.950000,-0.155104
-1.650000,1.950000,-0.208822
-1.600000,1.950000,-0.267949
-1.550000,1.950000,-0.333519
-1.500000,1.950000,-0.407015
-1.450000,1.950000,-0.490703
-1.400000,1.950000,-0.588376
-1.350000,1.950000,-0.614224
-1.300000,1.950000,-0.618380
-1.250000,1.950000,-0.625431
-1.200000,1.950000,-0.635450
-1.150000,1.950000,-0.648542
-1.100000,1.950000,-0.664853
-1.050000,1.950000,-0.684577
-1.000000,1.950000,-0.707972
-0.950000,1.950000,-0.735378
-0.900000,1.950000,-0.767248
-0.850000,1.950000,-0.804203
-0.800000,1.950000,-0.847113
-0.750000,1.950000,-0.897265
-0.700000,1.950000,-0.956684
-0.650000,1.950000,-1.028916
-0.600000,1.950000,-1.121355
-0.550000,1.950000,-1.256606
-0.500000,1.950000,-1.564427
-0.450000,1.950000,-1.593500
-0.400000,1.950000,-1.625521
-0.350000,1.950000,-1.660749
-0.300000,1.950000,-1.699503
-0.250000,1.950000,-1.742186
-0.200000,1.950000,-1.789319
-0.150000,1.950000,-1.841585
-0.100000,1.950000,-1.899923
-0.050000,1.950000,-1.965672
-0.000000,1.950000,-2.040864
0.050000,1.950000,-2.128874
0.100000,1.950000,-2.236140
0.150000,1.950000,-2.378634
0.200000,1.950000,-2.654752
0.250000,1.950000,-2.691225
0.300000,1.950000,-2.684145
0.350000,1.950000,-2.678471
0.400000,1.950000,-2.674189
0.450000,1.950000,-2.671291
0.500000,1.950000,-2.669768
0.550000,1.950000,-2.669618
0.600000,1.950000,-2.670840
0.650000,1.950000,-2.673437
0.700000,1.950000,-2.677415
0.750000,1.950000,-2.682784
0.800000,1.950000,-2.689555
0.850000,1.950000,-2.697744
0.900000,1.950000,-2.707371
0.950000,1.950000,-2.718459
1.000000,1.950000,
1.050000,1.950000,
1.100000,1.950000,
1.150000,1.950000,
1.200000,1.950000,
1.250000,1.950000,
1.300000,1.950000,
1.350000,1.950000,
1.400000,1.950000,0.171317
1.450000,1.950000,0.417490
1.500000,1.950000,0.574703
1.550000,1.950000,0.698114
1.600000,1.950000,0.801864
1.650000,1.950000,0.892203
1.700000,1.950000,0.972557
1.750000,1.950000,1.045048
1.800000,1.950000,1.111101
1.850000,1.950000,1.171726
1.900000,1.950000,1.227674
1.950000,1.950000,1.279517
2.000000,1.950000,1.327706
2.050000,1.950000,1.372602
2.100000,1.950000,1.414500
2.150000,1.950000,1.453643
2.200000,1.950000,1.490238
2.250000,1.950000,1.524456
2.300000,1.950000,1.556447
2.350000,1.950000,1.586337
2.400000,1.950000,1.614237
2.450000,1.950000,1.563650
2.500000,1.950000,1.482397
2.550000,1.950000,1.394633
2.600000,1.950000,1.299038
2.650000,1.950000,1.193734
2.700000,1.950000,1.075872
2.750000,1.950000,0.940744
2.800000,1.950000,0.779423
2.850000,1.950000,0.570088
2.900000,1.950000,0.193649
2.950000,1.950000,
3.000000,1.950000,
3.050000,1.950000,
3.100000,1.950000,
3.150000,1.950000,
3.200000,1.950000,
3.250000,1.950000,
3.300000,1.950000,
3.350000,1.950000,
3.400000,1.950000,
3.450000,1.950000,
3.500000,1.950000,
-3.500000,2.000000,
-3.450000,2.000000,
-3.400000,2.000000,
-3.350000,2.000000,
-3.300000,2.000000,
-3.250000,2.000000,
-3.200000,2.000000,
-3.150000,2.000000,
-3.100000,2.000000,
-3.050000,2.000000,
-3.000000,2.000000,
-2.950000,2.000000,
-2.900000,2.000000,
-2.850000,2.000000,0.283792
-2.800000,2.000000,0.283496
-2.750000,2.000000,0.281579
-2.700000,2.000000,0.278036
-2.650000,2.000000,0.272856
-2.600000,2.000000,0.266022
-2.550000,2.000000,0.257512
-2.500000,2.000000,0.247297
-2.450000,2.000000,0.235342
-2.400000,2.000000,0.221606
-2.350000,2.000000,0.206038
-2.300000,2.000000,0.188580
-2.250000,2.000000,0.169161
-2.200000,2.000000,0.147702
-2.150000,2.000000,0.124106
-2.100000,2.000000,0.098263
-2.050000,2.000000,0.070043
-2.000000,2.000000,0.039289
-1.950000,2.000000,0.005819
-1.900000,2.000000,-0.030591
-1.850000,2.000000,-0.070210
-1.800000,2.000000,-0.113369
-1.750000,2.000000,-0.160486
-1.700000,2.000000,-0.212094
-1.650000,2.000000,-0.268893
-1.600000,2.000000,-0.331835
-1.550000,2.000000,-0.402270
-1.500000,2.000000,-0.482228
-1.450000,2.000000,-0.575033
-1.400000,2.000000,-0.686881
-1.350000,2.000000,-0.711189
-1.300000,2.000000,-0.715862
-1.250000,2.000000,-0.723807
-1.200000,2.000000,-0.735125
-1.150000,2.000000,-0.749970
-1.100000,2.000000,-0.768561
-1.050000,2.000000,-0.791193
-1.000000,2.000000,-0.818274
-0.950000,2.000000,-0.850365
-0.900000,2.000000,-0.888264
-0.850000,2.000000,-0.933147
-0.800000,2.000000,-0.986870
-0.750000,2.000000,-1.052655
-0.700000,2.000000,-1.137125
-0.650000,2.000000,-1.259752
-0.600000,2.000000,-1.574941
-0.550000,2.000000,-1.599955
-0.500000,2.000000,-1.627730
-0.450000,2.000000,-1.658474
-0.400000,2.000000,-1.692445
-0.350000,2.000000,-1.729962
-0.300000,2.000000,-1.771429
-0.250000,2.000000,-1.817369
-0.200000,2.000000,-1.868474
-0.150000,2.000000,-1.925693
-0.100000,2.000000,-1.990392
-0.050000,2.000000,-2.064659
-0.000000,2.000000,-2.152000
0.050000,2.000000,-2.259227
0.100000,2.000000,-2.403941
0.150000,2.000000,-2.732878
0.200000,2.000000,-2.722802
0.250000,2.000000,-2.714190
0.300000,2.000000,-2.707019
0.350000,2.000000,-2.701273
0.400000,2.000000,-2.696937
0.450000,2.000000,-2.694001
0.500000,2.000000,-2.692459
0.550000,2.000000,-2.692307
0.600000,2.000000,-2.693545
0.650000,2.000000,-2.696175
0.700000,2.000000,-2.700204
0.750000,2.000000,-2.705641
0.800000,2.000000,-2.712498
0.850000,2.000000,-2.720794
0.900000,2.000000,
0.950000,2.000000,
1.000000,2.000000,
1.050000,2.000000,
1.100000,2.000000,
1.150000,2.000000,
1.200000,2.000000,
1.250000,2.000000,
1.300000,2.000000,
1.350000,2.000000,
1.400000,2.000000,0.052156
1.450000,2.000000,0.367657
1.500000,2.000000,0.537479
1.550000,2.000000,0.666982
1.600000,2.000000,0.774476
1.650000,2.000000,0.867403
1.700000,2.000000,0.949675
1.750000,2.000000,1.023656
1.800000,2.000000,1.090906
1.850000,2.000000,1.152517
1.900000,2.000000,1.209292
1.950000,2.000000,1.261840
2.000000,2.000000,1.310637
2.050000,2.000000,1.356063
2.100000,2.000000,1.398426
2.150000,2.000000,1.437982
2.200000,2.000000,1.474943
2.250000,2.000000,1.509488
2.300000,2.000000,1.541772
2.350000,2.000000,1.571926
2.400000,2.000000,1.577973
2.450000,2.000000,1.499166
2.500000,2.000000,1.414214
2.550000,2.000000,1.321930
2.600000,2.000000,1.220656
2.650000,2.000000,1.107926
2.700000,2.000000,0.979796
2.750000,2.000000,0.829156
2.800000,2.000000,0.640312
2.850000,2.000000,0.357071
2.900000,2.000000,
2.950000,2.000000,
3.000000,2.000000,
3.050000,2.000000,
3.100000,2.000000,
3.150000,2.000000,
3.200000,2.000000,
3.250000,2.000000,
3.300000,2.000000,
3.350000,2.000000,
3.400000,2.000000,
3.450000,2.000000,
3.500000,2.000000,
-3.500000,2.050000,
-3.450000,2.050000,
-3.400000,2.050000,
-3.350000,2.050000,
-3.300000,2.050000,
-3.250000,2.050000,
-3.200000,2.050000,
-3.150000,2.050000,
-3.100000,2.050000,
-3.050000,2.050000,
-3.000000,2.050000,
-2.950000,2.050000,
-2.900000,2.050000,
-2.850000,2.050000,
-2.800000,2.050000,0.241554
-2.750000,2.050000,0.239583
-2.700000,2.050000,0.235941
-2.650000,2.050000,0.230615
-2.600000,2.050000,0.223587
-2.550000,2.050000,0.214832
-2.500000,2.050000,0.204319
-2.450000,2.050000,0.192011
-2.400000,2.050000,0.177861
-2.350000,2.050000,0.161815
-2.300000,2.050000,0.143807
-2.250000,2.050000,0.123760
-2.200000,2.050000,0.101586
-2.150000,2.050000,0.077177
-2.100000,2.050000,0.050410
-2.050000,2.050000,0.021137
-2.000000,2.050000,-0.010819
-1.950000,2.050000,-0.045669
-1.900000,2.050000,-0.083671
-1.850000,2.050000,-0.125139
-1.800000,2.050000,-0.170471
-1.750000,2.050000,-0.220169
-1.700000,2.050000,-0.274896
-1.650000,2.050000,-0.335542
-1.600000,2.050000,-0.403362
-1.550000,2.050000,-0.480224
-1.500000,2.050000,-0.569134
-1.450000,2.050000,-0.675559
-1.400000,2.050000,-0.811781
-1.350000,2.050000,-0.825754
-1.300000,2.050000,-0.831236
-1.250000,2.050000,-0.840583
-1.200000,2.050000,-0.853966
-1.150000,2.050000,-0.871644
-1.100000,2.050000,-0.893997
-1.050000,2.050000,-0.921575
-1.000000,2.050000,-0.955179
-0.950000,2.050000,-0.996030
-0.900000,2.050000,-1.046111
-0.850000,2.050000,-1.109013
-0.800000,2.050000,-1.192686
-0.750000,2.050000,-1.325818
-0.700000,2.050000,-1.596254
-0.650000,2.050000,-1.617348
-0.600000,2.050000,-1.641073
-0.550000,2.050000,-1.667602
-0.500000,2.050000,-1.697145
-0.450000,2.050000,-1.729962
-0.400000,2.050000,-1.766378
-0.350000,2.050000,-1.806804
-0.300000,2.050000,-1.851779
-0.250000,2.050000,-1.902017
-0.200000,2.050000,-1.958510
-0.150000,2.050000,-2.022697
-0.100000,2.050000,-2.096812
-0.050000,2.050000,-2.184690
-0.000000,2.050000,-2.294076
0.050000,2.050000,-2.446843
0.100000,2.050000,-2.769566
0.150000,2.050000,-2.757835
0.200000,2.050000,-2.747616
0.250000,2.050000,-2.738881
0.300000,2.050000,-2.731610
0.350000,2.050000,-2.725784
0.400000,2.050000,-2.721388
0.450000,2.050000,-2.718412
0.500000,2.050000,-2.716849
0.550000,2.050000,-2.716694
0.600000,2.050000,-2.717949
0.650000,2.050000,-2.720615
0.700000,2.050000,-2.724700
0.750000,2.050000,-2.730212
0.800000,2.050000,
0.850000,2.050000,
0.900000,2.050000,
0.950000,2.050000,
1.000000,2.050000,
1.050000,2.050000,
1.100000,2.050000,
1.150000,2.050000,
1.200000,2.050000,
1.250000,2.050000,
1.300000,2.050000,
1.350000,2.050000,
1.400000,2.050000,
1.450000,2.050000,0.305419
1.500000,2.050000,0.493636
1.550000,2.050000,0.631055
1.600000,2.050000,0.743197
1.650000,2.050000,0.839256
1.700000,2.050000,0.923815
1.750000,2.050000,0.999553
1.800000,2.050000,1.068203
1.850000,2.050000,1.130960
1.900000,2.050000,1.188692
1.950000,2.050000,1.242053
2.000000,2.050000,1.291550
2.050000,2.050000,1.337583
2.100000,2.050000,1.380479
2.150000,2.050000,1.420504
2.200000,2.050000,1.457882
2.250000,2.050000,1.492800
2.300000,2.050000,1.525418
2.350000,2.050000,1.555871
2.400000,2.050000,1.512448
2.450000,2.050000,1.430035
2.500000,2.050000,1.340709
2.550000,2.050000,1.242980
2.600000,2.050000,1.134681
2.650000,2.050000,1.012423
2.700000,2.050000,0.870345
2.750000,2.050000,0.696419
2.800000,2.050000,0.455522
2.850000,2.050000,
2.900000,2.050000,
2.950000,2.050000,
3.000000,2.050000,
3.050000,2.050000,
3.100000,2.050000,
3.150000,2.050000,
3.200000,2.050000,
3.250000,2.050000,
3.300000,2.050000,
3.350000,2.050000,
3.400000,2.050000,
3.450000,2.050000,
3.500000,2.050000,
-3.500000,2.100000,
-3.450000,2.100000,
-3.400000,2.100000,
-3.350000,2.100000,
-3.300000,2.100000,
-3.250000,2.100000,
-3.200000,2.100000,
-3.150000,2.100000,
-3.100000,2.100000,
-3.050000,2.100000,
-3.000000,2.100000,
-2.950000,2.100000,
-2.900000,2.100000,
-2.850000,2.100000,
-2.800000,2.100000,0.000000
-2.750000,2.100000,0.194662
-2.700000,2.100000,0.190907
-2.650000,2.100000,0.185415
-2.600000,2.100000,0.178166
-2.550000,2.100000,0.169133
-2.500000,2.100000,0.158282
-2.450000,2.100000,0.145571
-2.400000,2.100000,0.130949
-2.350000,2.100000,0.114355
-2.300000,2.100000,0.095717
-2.250000,2.100000,0.074949
-2.200000,2.100000,0.051951
-2.150000,2.100000,0.026602
-2.100000,2.100000,-0.001240
-2.050000,2.100000,-0.031743
-2.000000,2.100000,-0.065111
-1.950000,2.100000,-0.101592
-1.900000,2.100000,-0.141490
-1.850000,2.100000,-0.185185
-1.800000,2.100000,-0.233162
-1.750000,2.100000,-0.286051
-1.700000,2.100000,-0.344705
-1.650000,2.100000,-0.410314
-1.600000,2.100000,-0.484639
-1.550000,2.100000,-0.570490
-1.500000,2.100000,-0.672895
-1.450000,2.100000,-0.802824
-1.400000,2.100000,-0.967165
-1.350000,2.100000,-0.969344
-1.300000,2.100000,-0.976347
-1.250000,2.100000,-0.988374
-1.200000,2.100000,-1.005797
-1.150000,2.100000,-1.029225
-1.100000,2.100000,-1.059628
-1.050000,2.100000,-1.098617
-1.000000,2.100000,-1.149097
-0.950000,2.100000,-1.217307
-0.900000,2.100000,-1.323419
-0.850000,2.100000,-1.614206
-0.800000,2.100000,-1.628977
-0.750000,2.100000,-1.646190
-0.700000,2.100000,-1.665958
-0.650000,2.100000,-1.688424
-0.600000,2.100000,-1.713763
-0.550000,2.100000,-1.742187
-0.500000,2.100000,-1.773966
-0.450000,2.100000,-1.809435
-0.400000,2.100000,-1.849027
-0.350000,2.100000,-1.893306
-0.300000,2.100000,-1.943037
-0.250000,2.100000,-1.999289
-0.200000,2.100000,-2.063645
-0.150000,2.100000,-2.138623
-0.100000,2.100000,-2.228712
-0.050000,2.100000,-2.343640
-0.000000,2.100000,-2.516523
0.050000,2.100000,
0.100000,2.100000,-2.796537
0.150000,2.100000,-2.784621
0.200000,2.100000,-2.774242
0.250000,2.100000,-2.765373
0.300000,2.100000,-2.757991
0.350000,2.100000,-2.752076
0.400000,2.100000,-2.747614
0.450000,2.100000,-2.744593
0.500000,2.100000,-2.743006
0.550000,2.100000,-2.742850
0.600000,2.100000,
0.650000,2.100000,
0.700000,2.100000,
0.750000,2.100000,
0.800000,2.100000,
0.850000,2.100000,
0.900000,2.100000,
0.950000,2.100000,
1.000000,2.100000,
1.050000,2.100000,
1.100000,2.100000,
1.150000,2.100000,
1.200000,2.100000,
1.250000,2.100000,
1.300000,2.100000,
1.350000,2.100000,
1.400000,2.100000,
1.450000,2.100000,0.223477
1.500000,2.100000,0.441540
1.550000,2.100000,0.589574
1.600000,2.100000,0.707569
1.650000,2.100000,0.807449
1.700000,2.100000,0.894743
1.750000,2.100000,0.972555
1.800000,2.100000,1.042842
1.850000,2.100000,1.106929
1.900000,2.100000,1.165767
1.950000,2.100000,1.220062
2.000000,2.100000,1.270358
2.050000,2.100000,1.317085
2.100000,2.100000,1.360587
2.150000,2.100000,1.401147
2.200000,2.100000,1.438998
2.250000,2.100000,1.474337
2.300000,2.100000,1.507332
2.350000,2.100000,1.522334
2.400000,2.100000,1.442221
2.450000,2.100000,1.355544
2.500000,2.100000,1.260952
2.550000,2.100000,1.156503
2.600000,2.100000,1.039230
2.650000,2.100000,0.904157
2.700000,2.100000,0.741620
2.750000,2.100000,0.526783
2.800000,2.100000,0.000000
2.850000,2.100000,
2.900000,2.100000,
2.950000,2.100000,
3.000000,2.100000,
3.050000,2.100000,
3.100000,2.100000,
3.150000,2.100000,
3.200000,2.100000,
3.250000,2.100000,
3.300000,2.100000,
3.350000,2.100000,
3.400000,2.100000,
3.450000,2.100000,
3.500000,2.100000,
-3.500000,2.150000,
-3.450000,2.150000,
-3.400000,2.150000,
-3.350000,2.150000,
-3.300000,2.150000,
-3.250000,2.150000,
-3.200000,2.150000,
-3.150000,2.150000,
-3.100000,2.150000,
-3.050000,2.150000,
-3.000000,2.150000,
-2.950000,2.150000,
-2.900000,2.150000,
-2.850000,2.150000,
-2.800000,2.150000,
-2.750000,2.150000,0.146534
-2.700000,2.150000,0.142650
-2.650000,2.150000,0.136968
-2.600000,2.150000,0.129467
-2.550000,2.150000,0.120115
-2.500000,2.150000,0.108876
-2.450000,2.150000,0.095702
-2.400000,2.150000,0.080537
-2.350000,2.150000,0.063312
-2.300000,2.150000,0.043945
-2.250000,2.150000,0.022339
-2.200000,2.150000,-0.001620
-2.150000,2.150000,-0.028070
-2.100000,2.150000,-0.057175
-2.050000,2.150000,-0.089133
-2.000000,2.150000,-0.124185
-1.950000,2.150000,-0.162627
-1.900000,2.150000,-0.204828
-1.850000,2.150000,-0.251261
-1.800000,2.150000,-0.302539
-1.750000,2.150000,-0.359490
-1.700000,2.150000,-0.423270
-1.650000,2.150000,-0.495585
-1.600000,2.150000,-0.579144
-1.550000,2.150000,-0.678770
-1.500000,2.150000,-0.804874
-1.450000,2.150000,-0.992489
-1.400000,2.150000,-1.175943
-1.350000,2.150000,-1.179569
-1.300000,2.150000,-1.191411
-1.250000,2.150000,-1.212508
-1.200000,2.150000,-1.245209
-1.150000,2.150000,-1.295184
-1.100000,2.150000,-1.384022
-1.050000,2.150000,-1.648727
-1.000000,2.150000,-1.654867
-0.950000,2.150000,-1.663321
-0.900000,2.150000,-1.674143
-0.850000,2.150000,-1.687406
-0.800000,2.150000,-1.703202
-0.750000,2.150000,-1.721645
-0.700000,2.150000,-1.742881
-0.650000,2.150000,-1.767089
-0.600000,2.150000,-1.794492
-0.550000,2.150000,-1.825372
-0.500000,2.150000,-1.860088
-0.450000,2.150000,-1.899104
-0.400000,2.150000,-1.943037
-0.350000,2.150000,-1.992733
-0.300000,2.150000,-2.049402
-0.250000,2.150000,-2.114883
-0.200000,2.150000,-2.192225
-0.150000,2.150000,-2.287229
-0.100000,2.150000,-2.414216
-0.050000,2.150000,-2.658547
-0.000000,2.150000,
0.050000,2.150000,
0.100000,2.150000,
0.150000,2.150000,
0.200000,2.150000,
0.250000,2.150000,
0.300000,2.150000,
0.350000,2.150000,
0.400000,2.150000,
0.450000,2.150000,
0.500000,2.150000,
0.550000,2.150000,
0.600000,2.150000,
0.650000,2.150000,
0.700000,2.150000,
0.750000,2.150000,
0.800000,2.150000,
0.850000,2.150000,
0.900000,2.150000,
0.950000,2.150000,
1.000000,2.150000,
1.050000,2.150000,
1.100000,2.150000,
1.150000,2.150000,
1.200000,2.150000,
1.250000,2.150000,
1.300000,2.150000,
1.350000,2.150000,
1.400000,2.150000,
1.450000,2.150000,0.097593
1.500000,2.150000,0.378446
1.550000,2.150000,0.541446
1.600000,2.150000,0.666978
1.650000,2.150000,0.771577
1.700000,2.150000,0.862164
1.750000,2.150000,0.942434
1.800000,2.150000,1.014639
1.850000,2.150000,1.080272
1.900000,2.150000,1.140385
1.950000,2.150000,1.195752
2.000000,2.150000,1.246963
2.050000,2.150000,1.294480
2.100000,2.150000,1.338670
2.150000,2.150000,1.379834
2.200000,2.150000,1.418221
2.250000,2.150000,1.454036
2.300000,2.150000,1.487455
2.350000,2.150000,1.450862
2.400000,2.150000,1.366565
2.450000,2.150000,1.274755
2.500000,2.150000,1.173669
2.550000,2.150000,1.060660
2.600000,2.150000,0.931397
2.650000,2.150000,0.777817
2.700000,2.150000,0.580948
2.750000,2.150000,0.254951
2.800000,2.150000,
2.850000,2.150000,
2.900000,2.150000,
2.950000,2.150000,
3.000000,2.150000,
3.050000,2.150000,
3.100000,2.150000,
3.150000,2.150000,
3.200000,2.150000,
3.250000,2.150000,
3.300000,2.150000,
3.350000,2.150000,
3.400000,2.150000,
3.450000,2.150000,
3.500000,2.150000,
-3.500000,2.200000,
-3.450000,2.200000,
-3.400000,2.200000,
-3.350000,2.200000,
-3.300000,2.200000,
-3.250000,2.200000,
-3.200000,2.200000,
-3.150000,2.200000,
-3.100000,2.200000,
-3.050000,2.200000,
-3.000000,2.200000,
-2.950000,2.200000,
-2.900000,2.200000,
-2.850000,2.200000,
-2.800000,2.200000,
-2.750000,2.200000,
-2.700000,2.200000,0.090826
-2.650000,2.200000,0.084925
-2.600000,2.200000,0.077132
-2.550000,2.200000,0.067412
-2.500000,2.200000,0.055723
-2.450000,2.200000,0.042012
-2.400000,2.200000,0.026214
-2.350000,2.200000,0.008252
-2.300000,2.200000,-0.011969
-2.250000,2.200000,-0.034559
-2.200000,2.200000,-0.059652
-2.150000,2.200000,-0.087410
-2.100000,2.200000,-0.118025
-2.050000,2.200000,-0.151735
-2.000000,2.200000,-0.188832
-1.950000,2.200000,-0.229680
-1.900000,2.200000,-0.274747
-1.850000,2.200000,-0.324641
-1.800000,2.200000,-0.380181
-1.750000,2.200000,-0.442518
-1.700000,2.200000,-0.513349
-1.650000,2.200000,-0.595380
-1.600000,2.200000,-0.693448
-1.550000,2.200000,-0.818084
-1.500000,2.200000,-1.005615
-1.450000,2.200000,-1.512564
-1.400000,2.200000,-1.602028
-1.350000,2.200000,-1.704814
-1.300000,2.200000,-1.730209
-1.250000,2.200000,-1.724676
-1.200000,2.200000,-1.721581
-1.150000,2.200000,-1.720902
-1.100000,2.200000,-1.722633
-1.050000,2.200000,-1.726788
-1.000000,2.200000,-1.733395
-0.950000,2.200000,-1.742502
-0.900000,2.200000,-1.754177
-0.850000,2.200000,-1.768512
-0.800000,2.200000,-1.785623
-0.750000,2.200000,-1.805660
-0.700000,2.200000,-1.828813
-0.650000,2.200000,-1.855321
-0.600000,2.200000,-1.885489
-0.550000,2.200000,-1.919712
-0.500000,2.200000,-1.958511
-0.450000,2.200000,-2.002590
-0.400000,2.200000,-2.052936
-0.350000,2.200000,-2.111012
-0.300000,2.200000,-2.179134
-0.250000,2.200000,-2.261418
-0.200000,2.200000,-2.366682
-0.150000,2.200000,-2.524058
-0.100000,2.200000,
-0.050000,2.200000,
-0.000000,2.200000,
0.050000,2.200000,
0.100000,2.200000,
0.150000,2.200000,
0.200000,2.200000,
0.250000,2.200000,
0.300000,2.200000,
0.350000,2.200000,
0.400000,2.200000,
0.450000,2.200000,
0.500000,2.200000,
0.550000,2.200000,
0.600000,2.200000,
0.650000,2.200000,
0.700000,2.200000,
0.750000,2.200000,
0.800000,2.200000,
0.850000,2.200000,
0.900000,2.200000,
0.950000,2.200000,
1.000000,2.200000,
1.050000,2.200000,
1.100000,2.200000,
1.150000,2.200000,
1.200000,2.200000,
1.250000,2.200000,
1.300000,2.200000,
1.350000,2.200000,
1.400000,2.200000,
1.450000,2.200000,
1.500000,2.200000,0.299041
1.550000,2.200000,0.485003
1.600000,2.200000,0.620576
1.650000,2.200000,0.731106
1.700000,2.200000,0.825705
1.750000,2.200000,0.908909
1.800000,2.200000,0.983371
1.850000,2.200000,1.050804
1.900000,2.200000,1.112391
1.950000,2.200000,1.168989
2.000000,2.200000,1.221246
2.050000,2.200000,1.269662
2.100000,2.200000,1.314633
2.150000,2.200000,1.356482
2.200000,2.200000,1.395471
2.250000,2.200000,1.431822
2.300000,2.200000,1.456022
2.350000,2.200000,1.373863
2.400000,2.200000,1.284523
2.450000,2.200000,1.186381
2.500000,2.200000,1.077033
2.550000,2.200000,0.952628
2.600000,2.200000,0.806226
2.650000,2.200000,0.622495
2.700000,2.200000,0.346410
2.750000,2.200000,
2.800000,2.200000,
2.850000,2.200000,
2.900000,2.200000,
2.950000,2.200000,
3.000000,2.200000,
3.050000,2.200000,
3.100000,2.200000,
3.150000,2.200000,
3.200000,2.200000,
3.250000,2.200000,
3.300000,2.200000,
3.350000,2.200000,
3.400000,2.200000,
3.450000,2.200000,
3.500000,2.200000,
-3.500000,2.250000,
-3.450000,2.250000,
-3.400000,2.250000,
-3.350000,2.250000,
-3.300000,2.250000,
-3.250000,2.250000,
-3.200000,2.250000,
-3.150000,2.250000,
-3.100000,2.250000,
-3.050000,2.250000,
-3.000000,2.250000,
-2.950000,2.250000,
-2.900000,2.250000,
-2.850000,2.250000,
-2.800000,2.250000,
-2.750000,2.250000,
-2.700000,2.250000,
-2.650000,2.250000,0.028850
-2.600000,2.250000,0.020716
-2.550000,2.250000,0.010564
-2.500000,2.250000,-0.001652
-2.450000,2.250000,-0.015995
-2.400000,2.250000,-0.032538
-2.350000,2.250000,-0.051373
-2.300000,2.250000,-0.072608
-2.250000,2.250000,-0.096373
-2.200000,2.250000,-0.122829
-2.150000,2.250000,-0.152167
-2.100000,2.250000,-0.184623
-2.050000,2.250000,-0.220488
-2.000000,2.250000,-0.260130
-1.950000,2.250000,-0.304018
-1.900000,2.250000,-0.352766
-1.850000,2.250000,-0.407207
-1.800000,2.250000,-0.468514
-1.750000,2.250000,-0.538433
-1.700000,2.250000,-0.619774
-1.650000,2.250000,-0.717644
-1.600000,2.250000,-0.843513
-1.550000,2.250000,-1.041135
-1.500000,2.250000,-1.461650
-1.450000,2.250000,-1.543603
-1.400000,2.250000,-1.636327
-1.350000,2.250000,-1.743845
-1.300000,2.250000,-1.817639
-1.250000,2.250000,-1.811596
-1.200000,2.250000,-1.808218
-1.150000,2.250000,-1.807476
-1.100000,2.250000,-1.809366
-1.050000,2.250000,-1.813901
-1.000000,2.250000,-1.821122
-0.950000,2.250000,-1.831090
-0.900000,2.250000,-1.843896
-0.850000,2.250000,-1.859660
-0.800000,2.250000,-1.878541
-0.750000,2.250000,-1.900747
-0.700000,2.250000,-1.926541
-0.650000,2.250000,-1.956271
-0.600000,2.250000,-1.990393
-0.550000,2.250000,-2.029525
-0.500000,2.250000,-2.074524
-0.450000,2.250000,-2.126643
-0.400000,2.250000,-2.187829
-0.350000,2.250000,-2.261418
-0.300000,2.250000,-2.354126
-0.250000,2.250000,-2.484722
-0.200000,2.250000,
-0.150000,2.250000,
-0.100000,2.250000,
-0.050000,2.250000,
-0.000000,2.250000,
0.050000,2.250000,
0.100000,2.250000,
0.150000,2.250000,
0.200000,2.250000,
0.250000,2.250000,
0.300000,2.250000,
0.350000,2.250000,
0.400000,2.250000,
0.450000,2.250000,
0.500000,2.250000,
0.550000,2.250000,
0.600000,2.250000,
0.650000,2.250000,
0.700000,2.250000,
0.750000,2.250000,
0.800000,2.250000,
0.850000,2.250000,
0.900000,2.250000,
0.950000,2.250000,
1.000000,2.250000,
1.050000,2.250000,
1.100000,2.250000,
1.150000,2.250000,
1.200000,2.250000,
1.250000,2.250000,
1.300000,2.250000,
1.350000,2.250000,
1.400000,2.250000,
1.450000,2.250000,
1.500000,2.250000,0.189771
1.550000,2.250000,0.417481
1.600000,2.250000,0.567132
1.650000,2.250000,0.685317
1.700000,2.250000,0.784881
1.750000,2.250000,0.871623
1.800000,2.250000,0.948761
1.850000,2.250000,1.018301
1.900000,2.250000,1.081598
1.950000,2.250000,1.139615
2.000000,2.250000,1.193068
2.050000,2.250000,1.242508
2.100000,2.250000,1.288365
2.150000,2.250000,1.330988
2.200000,2.250000,1.370658
2.250000,2.250000,1.407611
2.300000,2.250000,1.377498
2.350000,2.250000,1.290349
2.400000,2.250000,1.194780
2.450000,2.250000,1.088577
2.500000,2.250000,0.968246
2.550000,2.250000,0.827647
2.600000,2.250000,0.653835
2.650000,2.250000,0.406202
2.700000,2.250000,
2.750000,2.250000,
2.800000,2.250000,
2.850000,2.250000,
2.900000,2.250000,
2.950000,2.250000,
3.000000,2.250000,
3.050000,2.250000,
3.100000,2.250000,
3.150000,2.250000,
3.200000,2.250000,
3.250000,2.250000,
3.300000,2.250000,
3.350000,2.250000,
3.400000,2.250000,
3.450000,2.250000,
3.500000,2.250000,
-3.500000,2.300000,
-3.450000,2.300000,
-3.400000,2.300000,
-3.350000,2.300000,
-3.300000,2.300000,
-3.250000,2.300000,
-3.200000,2.300000,
-3.150000,2.300000,
-3.100000,2.300000,
-3.050000,2.300000,
-3.000000,2.300000,
-2.950000,2.300000,
-2.900000,2.300000,
-2.850000,2.300000,
-2.800000,2.300000,
-2.750000,2.300000,
-2.700000,2.300000,
-2.650000,2.300000,
-2.600000,2.300000,-0.040348
-2.550000,2.300000,-0.051011
-2.500000,2.300000,-0.063856
-2.450000,2.300000,-0.078953
-2.400000,2.300000,-0.096391
-2.350000,2.300000,-0.116276
-2.300000,2.300000,-0.138738
-2.250000,2.300000,-0.163935
-2.200000,2.300000,-0.192062
-2.150000,2.300000,-0.223355
-2.100000,2.300000,-0.258113
-2.050000,2.300000,-0.296708
-2.000000,2.300000,-0.339624
-1.950000,2.300000,-0.387496
-1.900000,2.300000,-0.441194
-1.850000,2.300000,-0.501953
-1.800000,2.300000,-0.571636
-1.750000,2.300000,-0.653307
-1.700000,2.300000,-0.752714
-1.650000,2.300000,-0.883623
-1.600000,2.300000,-1.114534
-1.550000,2.300000,-1.417817
-1.500000,2.300000,-1.493616
-1.450000,2.300000,-1.578449
-1.400000,2.300000,-1.675145
-1.350000,2.300000,-1.788616
-1.300000,2.300000,-1.917038
-1.250000,2.300000,-1.910286
-1.200000,2.300000,-1.906517
-1.150000,2.300000,-1.905690
-1.100000,2.300000,-1.907798
-1.050000,2.300000,-1.912861
-1.000000,2.300000,-1.920934
-0.950000,2.300000,-1.932106
-0.900000,2.300000,-1.946502
-0.850000,2.300000,-1.964300
-0.800000,2.300000,-1.985734
-0.750000,2.300000,-2.011117
-0.700000,2.300000,-2.040867
-0.650000,2.300000,-2.075555
-0.600000,2.300000,-2.115980
-0.550000,2.300000,-2.163310
-0.500000,2.300000,-2.219360
-0.450000,2.300000,-2.287231
-0.400000,2.300000,-2.373115
-0.350000,2.300000,-2.494009
-0.300000,2.300000,
-0.250000,2.300000,
-0.200000,2.300000,
-0.150000,2.300000,
-0.100000,2.300000,
-0.050000,2.300000,
-0.000000,2.300000,
0.050000,2.300000,
0.100000,2.300000,
0.150000,2.300000,
0.200000,2.300000,
0.250000,2.300000,
0.300000,2.300000,
0.350000,2.300000,
0.400000,2.300000,
0.450000,2.300000,
0.500000,2.300000,
0.550000,2.300000,
0.600000,2.300000,
0.650000,2.300000,
0.700000,2.300000,
0.750000,2.300000,
0.800000,2.300000,
0.850000,2.300000,
0.900000,2.300000,
0.950000,2.300000,
1.000000,2.300000,
1.050000,2.300000,
1.100000,2.300000,
1.150000,2.300000,
1.200000,2.300000,
1.250000,2.300000,
1.300000,2.300000,
1.350000,2.300000,
1.400000,2.300000,
1.450000,2.300000,
1.500000,2.300000,-0.074750
1.550000,2.300000,0.333614
1.600000,2.300000,0.504751
1.650000,2.300000,0.633202
1.700000,2.300000,0.739047
1.750000,2.300000,0.830120
1.800000,2.300000,0.910462
1.850000,2.300000,0.982488
1.900000,2.300000,1.047779
1.950000,2.300000,1.107435
2.000000,2.300000,1.162263
2.050000,2.300000,1.212872
2.100000,2.300000,1.259736
2.150000,2.300000,1.303235
2.200000,2.300000,1.343673
2.250000,2.300000,1.377498
2.300000,2.300000,1.292285
2.350000,2.300000,1.198958
2.400000,2.300000,1.095445
2.450000,2.300000,0.978519
2.500000,2.300000,0.842615
2.550000,2.300000,0.676387
2.600000,2.300000,0.447214
2.650000,2.300000,
2.700000,2.300000,
2.750000,2.300000,
2.800000,2.300000,
2.850000,2.300000,
2.900000,2.300000,
2.950000,2.300000,
3.000000,2.300000,
3.050000,2.300000,
3.100000,2.300000,
3.150000,2.300000,
3.200000,2.300000,
3.250000,2.300000,
3.300000,2.300000,
3.350000,2.300000,
3.400000,2.300000,
3.450000,2.300000,
3.500000,2.300000,
-3.500000,2.350000,
-3.450000,2.350000,
-3.400000,2.350000,
-3.350000,2.350000,
-3.300000,2.350000,
-3.250000,2.350000,
-3.200000,2.350000,
-3.150000,2.350000,
-3.100000,2.350000,
-3.050000,2.350000,
-3.000000,2.350000,
-2.950000,2.350000,
-2.900000,2.350000,
-2.850000,2.350000,
-2.800000,2.350000,
-2.750000,2.350000,
-2.700000,2.350000,
-2.650000,2.350000,
-2.600000,2.350000,
-2.550000,2.350000,-0.118078
-2.500000,2.350000,-0.131686
-2.450000,2.350000,-0.147703
-2.400000,2.350000,-0.166235
-2.350000,2.350000,-0.187413
-2.300000,2.350000,-0.211396
-2.250000,2.350000,-0.238383
-2.200000,2.350000,-0.268617
-2.150000,2.350000,-0.302407
-2.100000,2.350000,-0.340143
-2.050000,2.350000,-0.382335
-2.000000,2.350000,-0.429660
-1.950000,2.350000,-0.483054
-1.900000,2.350000,-0.543873
-1.850000,2.350000,-0.614207
-1.800000,2.350000,-0.697610
-1.750000,2.350000,-0.801140
-1.700000,2.350000,-0.943939
-1.650000,2.350000,-1.315980
-1.600000,2.350000,-1.380222
-1.550000,2.350000,-1.450843
-1.500000,2.350000,-1.529253
-1.450000,2.350000,-1.617558
-1.400000,2.350000,-1.719165
-1.350000,2.350000,-1.840320
-1.300000,2.350000,-1.995275
-1.250000,2.350000,-2.025487
-1.200000,2.350000,-2.021129
-1.150000,2.350000,-2.020174
-1.100000,2.350000,-2.022609
-1.050000,2.350000,-2.028468
-1.000000,2.350000,-2.037835
-0.950000,2.350000,-2.050849
-0.900000,2.350000,-2.067716
-0.850000,2.350000,-2.088726
-0.800000,2.350000,-2.114286
-0.750000,2.350000,-2.144963
-0.700000,2.350000,-2.181573
-0.650000,2.350000,-2.225337
-0.600000,2.350000,-2.278205
-0.550000,2.350000,-2.343644
-0.500000,2.350000,-2.429057
-0.450000,2.350000,
-0.400000,2.350000,
-0.350000,2.350000,
-0.300000,2.350000,
-0.250000,2.350000,
-0.200000,2.350000,
-0.150000,2.350000,
-0.100000,2.350000,
-0.050000,2.350000,
-0.000000,2.350000,
0.050000,2.350000,
0.100000,2.350000,
0.150000,2.350000,
0.200000,2.350000,
0.250000,2.350000,
0.300000,2.350000,
0.350000,2.350000,
0.400000,2.350000,
0.450000,2.350000,
0.500000,2.350000,
0.550000,2.350000,
0.600000,2.350000,
0.650000,2.350000,
0.700000,2.350000,
0.750000,2.350000,
0.800000,2.350000,
0.850000,2.350000,
0.900000,2.350000,
0.950000,2.350000,
1.000000,2.350000,
1.050000,2.350000,
1.100000,2.350000,
1.150000,2.350000,
1.200000,2.350000,
1.250000,2.350000,
1.300000,2.350000,
1.350000,2.350000,
1.400000,2.350000,
1.450000,2.350000,
1.500000,2.350000,
1.550000,2.350000,0.220433
1.600000,2.350000,0.430229
1.650000,2.350000,0.573269
1.700000,2.350000,0.687317
1.750000,2.350000,0.783797
1.800000,2.350000,0.868032
1.850000,2.350000,0.943021
1.900000,2.350000,1.010654
1.950000,2.350000,1.072217
2.000000,2.350000,1.128631
2.050000,2.350000,1.180580
2.100000,2.350000,1.228592
2.150000,2.350000,1.273085
2.200000,2.350000,1.314391
2.250000,2.350000,1.290349
2.300000,2.350000,1.198958
2.350000,2.350000,1.097725
2.400000,2.350000,0.983616
2.450000,2.350000,0.851469
2.500000,2.350000,0.691014
2.550000,2.350000,0.474342
2.600000,2.350000,
2.650000,2.350000,
2.700000,2.350000,
2.750000,2.350000,
2.800000,2.350000,
2.850000,2.350000,
2.900000,2.350000,
2.950000,2.350000,
3.000000,2.350000,
3.050000,2.350000,
3.100000,2.350000,
3.150000,2.350000,
3.200000,2.350000,
3.250000,2.350000,
3.300000,2.350000,
3.350000,2.350000,
3.400000,2.350000,
3.450000,2.350000,
3.500000,2.350000,
-3.500000,2.400000,
-3.450000,2.400000,
-3.400000,2.400000,
-3.350000,2.400000,
-3.300000,2.400000,
-3.250000,2.400000,
-3.200000,2.400000,
-3.150000,2.400000,
-3.100000,2.400000,
-3.050000,2.400000,
-3.000000,2.400000,
-2.950000,2.400000,
-2.900000,2.400000,
-2.850000,2.400000,
-2.800000,2.400000,
-2.750000,2.400000,
-2.700000,2.400000,
-2.650000,2.400000,
-2.600000,2.400000,
-2.550000,2.400000,
-2.500000,2.400000,-0.206227
-2.450000,2.400000,-0.223395
-2.400000,2.400000,-0.243304
-2.350000,2.400000,-0.266121
-2.300000,2.400000,-0.292051
-2.250000,2.400000,-0.321351
-2.200000,2.400000,-0.354349
-2.150000,2.400000,-0.391464
-2.100000,2.400000,-0.433251
-2.050000,2.400000,-0.480460
-2.000000,2.400000,-0.534147
-1.950000,2.400000,-0.595878
-1.900000,2.400000,-0.668163
-1.850000,2.400000,-0.755507
-1.800000,2.400000,-0.867828
-1.750000,2.400000,-1.040467
-1.700000,2.400000,-1.287798
-1.650000,2.400000,-1.348247
-1.600000,2.400000,-1.414421
-1.550000,2.400000,-1.487456
-1.500000,2.400000,-1.568989
-1.450000,2.400000,-1.661536
-1.400000,2.400000,-1.769347
-1.350000,2.400000,-1.900789
-1.300000,2.400000,-2.078070
-1.250000,2.400000,-2.166761
-1.200000,2.400000,-2.161371
-1.150000,2.400000,-2.160192
-1.100000,2.400000,-2.163199
-1.050000,2.400000,-2.170458
-1.000000,2.400000,-2.182127
-0.950000,2.400000,-2.198483
-0.900000,2.400000,-2.219953
-0.850000,2.400000,-2.247181
-0.800000,2.400000,-2.281149
-0.750000,2.400000,-2.323435
-0.700000,2.400000,-2.376790
-0.650000,2.400000,-2.446850
-0.600000,2.400000,
-0.550000,2.400000,
-0.500000,2.400000,
-0.450000,2.400000,
-0.400000,2.400000,
-0.350000,2.400000,
-0.300000,2.400000,
-0.250000,2.400000,
-0.200000,2.400000,
-0.150000,2.400000,
-0.100000,2.400000,
-0.050000,2.400000,
-0.000000,2.400000,
0.050000,2.400000,
0.100000,2.400000,
0.150000,2.400000,
0.200000,2.400000,
0.250000,2.400000,
0.300000,2.400000,
0.350000,2.400000,
0.400000,2.400000,
0.450000,2.400000,
0.500000,2.400000,
0.550000,2.400000,
0.600000,2.400000,
0.650000,2.400000,
0.700000,2.400000,
0.750000,2.400000,
0.800000,2.400000,
0.850000,2.400000,
0.900000,2.400000,
0.950000,2.400000,
1.000000,2.400000,
1.050000,2.400000,
1.100000,2.400000,
1.150000,2.400000,
1.200000,2.400000,
1.250000,2.400000,
1.300000,2.400000,
1.350000,2.400000,
1.400000,2.400000,
1.450000,2.400000,
1.500000,2.400000,
1.550000,2.400000,0.001200
1.600000,2.400000,0.337262
1.650000,2.400000,0.503157
1.700000,2.400000,0.628420
1.750000,2.400000,0.731843
1.800000,2.400000,0.820894
1.850000,2.400000,0.899461
1.900000,2.400000,0.969877
1.950000,2.400000,1.033677
2.000000,2.400000,1.091931
2.050000,2.400000,1.145424
2.100000,2.400000,1.194751
2.150000,2.400000,1.240375
2.200000,2.400000,1.282667
2.250000,2.400000,1.194780
2.300000,2.400000,1.095445
2.350000,2.400000,0.983616
2.400000,2.400000,0.854400
2.450000,2.400000,0.698212
2.500000,2.400000,0.489898
2.550000,2.400000,
2.600000,2.400000,
2.650000,2.400000,
2.700000,2.400000,
2.750000,2.400000,
2.800000,2.400000,
2.850000,2.400000,
2.900000,2.400000,
2.950000,2.400000,
3.000000,2.400000,
3.050000,2.400000,
3.100000,2.400000,
3.150000,2.400000,
3.200000,2.400000,
3.250000,2.400000,
3.300000,2.400000,
3.350000,2.400000,
3.400000,2.400000,
3.450000,2.400000,
3.500000,2.400000,
-3.500000,2.450000,
-3.450000,2.450000,
-3.400000,2.450000,
-3.350000,2.450000,
-3.300000,2.450000,
-3.250000,2.450000,
-3.200000,2.450000,
-3.150000,2.450000,
-3.100000,2.450000,
-3.050000,2.450000,
-3.000000,2.450000,
-2.950000,2.450000,
-2.900000,2.450000,
-2.850000,2.450000,
-2.800000,2.450000,
-2.750000,2.450000,
-2.700000,2.450000,
-2.650000,2.450000,
-2.600000,2.450000,
-2.550000,2.450000,
-2.500000,2.450000,
-2.450000,2.450000,-0.307680
-2.400000,2.450000,-0.329390
-2.350000,2.450000,-0.354371
-2.300000,2.450000,-0.382903
-2.250000,2.450000,-0.415346
-2.200000,2.450000,-0.452169
-2.150000,2.450000,-0.494004
-2.100000,2.450000,-0.541725
-2.050000,2.450000,-0.596599
-2.000000,2.450000,-0.660583
-1.950000,2.450000,-0.737007
-1.900000,2.450000,-0.832475
-1.850000,2.450000,-0.964872
-1.800000,2.450000,-1.211774
-1.750000,2.450000,-1.264347
-1.700000,2.450000,-1.321429
-1.650000,2.450000,-1.383721
-1.600000,2.450000,-1.452161
-1.550000,2.450000,-1.528067
-1.500000,2.450000,-1.613384
-1.450000,2.450000,-1.711212
-1.400000,2.450000,-1.827094
-1.350000,2.450000,-1.973111
-1.300000,2.450000,
-1.250000,2.450000,
-1.200000,2.450000,
-1.150000,2.450000,
-1.100000,2.450000,
-1.050000,2.450000,
-1.000000,2.450000,
-0.950000,2.450000,
-0.900000,2.450000,
-0.850000,2.450000,
-0.800000,2.450000,
-0.750000,2.450000,
-0.700000,2.450000,
-0.650000,2.450000,
-0.600000,2.450000,
-0.550000,2.450000,
-0.500000,2.450000,
-0.450000,2.450000,
-0.400000,2.450000,
-0.350000,2.450000,
-0.300000,2.450000,
-0.250000,2.450000,
-0.200000,2.450000,
-0.150000,2.450000,
-0.100000,2.450000,
-0.050000,2.450000,
-0.000000,2.450000,
0.050000,2.450000,
0.100000,2.450000,
0.150000,2.450000,
0.200000,2.450000,
0.250000,2.450000,
0.300000,2.450000,
0.350000,2.450000,
0.400000,2.450000,
0.450000,2.450000,
0.500000,2.450000,
0.550000,2.450000,
0.600000,2.450000,
0.650000,2.450000,
0.700000,2.450000,
0.750000,2.450000,
0.800000,2.450000,
0.850000,2.450000,
0.900000,2.450000,
0.950000,2.450000,
1.000000,2.450000,
1.050000,2.450000,
1.100000,2.450000,
1.150000,2.450000,
1.200000,2.450000,
1.250000,2.450000,
1.300000,2.450000,
1.350000,2.450000,
1.400000,2.450000,
1.450000,2.450000,
1.500000,2.450000,
1.550000,2.450000,
1.600000,2.450000,0.209127
1.650000,2.450000,0.418672
1.700000,2.450000,0.560411
1.750000,2.450000,0.673106
1.800000,2.450000,0.768272
1.850000,2.450000,0.851241
1.900000,2.450000,0.925008
1.950000,2.450000,0.991457
2.000000,2.450000,1.051867
2.050000,2.450000,1.107151
2.100000,2.450000,1.157992
2.150000,2.450000,1.204912
2.200000,2.450000,1.186381
2.250000,2.450000,1.088577
2.300000,2.450000,0.978519
2.350000,2.450000,0.851469
2.400000,2.450000,0.698212
2.450000,2.450000,0.494975
2.500000,2.450000,
2.550000,2.450000,
2.600000,2.450000,
2.650000,2.450000,
2.700000,2.450000,
2.750000,2.450000,
2.800000,2.450000,
2.850000,2.450000,
2.900000,2.450000,
2.950000,2.450000,
3.000000,2.450000,
3.050000,2.450000,
3.100000,2.450000,
3.150000,2.450000,
3.200000,2.450000,
3.250000,2.450000,
3.300000,2.450000,
3.350000,2.450000,
3.400000,2.450000,
3.450000,2.450000,
3.500000,2.450000,
-3.500000,2.500000,
-3.450000,2.500000,
-3.400000,2.500000,
-3.350000,2.500000,
-3.300000,2.500000,
-3.250000,2.500000,
-3.200000,2.500000,
-3.150000,2.500000,
-3.100000,2.500000,
-3.050000,2.500000,
-3.000000,2.500000,
-2.950000,2.500000,
-2.900000,2.500000,
-2.850000,2.500000,
-2.800000,2.500000,
-2.750000,2.500000,
-2.700000,2.500000,
-2.650000,2.500000,
-2.600000,2.500000,
-2.550000,2.500000,
-2.500000,2.500000,
-2.450000,2.500000,
-2.400000,2.500000,-0.427281
-2.350000,2.500000,-0.455292
-2.300000,2.500000,-0.487539
-2.250000,2.500000,-0.524577
-2.200000,2.500000,-0.567174
-2.150000,2.500000,-0.616432
-2.100000,2.500000,-0.674025
-2.050000,2.500000,-0.742724
-2.000000,2.500000,-0.827783
-1.950000,2.500000,-0.942035
-1.900000,2.500000,-1.149350
-1.850000,2.500000,-1.195493
-1.800000,2.500000,-1.245360
-1.750000,2.500000,-1.299419
-1.700000,2.500000,-1.358275
-1.650000,2.500000,-1.422721
-1.600000,2.500000,-1.493846
-1.550000,2.500000,-1.573210
-1.500000,2.500000,-1.663191
-1.450000,2.500000,-1.767765
-1.400000,2.500000,-1.894616
-1.350000,2.500000,
-1.300000,2.500000,
-1.250000,2.500000,
-1.200000,2.500000,
-1.150000,2.500000,
-1.100000,2.500000,
-1.050000,2.500000,
-1.000000,2.500000,
-0.950000,2.500000,
-0.900000,2.500000,
-0.850000,2.500000,
-0.800000,2.500000,
-0.750000,2.500000,
-0.700000,2.500000,
-0.650000,2.500000,
-0.600000,2.500000,
-0.550000,2.500000,
-0.500000,2.500000,
-0.450000,2.500000,
-0.400000,2.500000,
-0.350000,2.500000,
-0.300000,2.500000,
-0.250000,2.500000,
-0.200000,2.500000,
-0.150000,2.500000,
-0.100000,2.500000,
-0.050000,2.500000,
-0.000000,2.500000,
0.050000,2.500000,
0.100000,2.500000,
0.150000,2.500000,
0.200000,2.500000,
0.250000,2.500000,
0.300000,2.500000,
0.350000,2.500000,
0.400000,2.500000,
0.450000,2.500000,
0.500000,2.500000,
0.550000,2.500000,
0.600000,2.500000,
0.650000,2.500000,
0.700000,2.500000,
0.750000,2.500000,
0.800000,2.500000,
0.850000,2.500000,
0.900000,2.500000,
0.950000,2.500000,
1.000000,2.500000,
1.050000,2.500000,
1.100000,2.500000,
1.150000,2.500000,
1.200000,2.500000,
1.250000,2.500000,
1.300000,2.500000,
1.350000,2.500000,
1.400000,2.500000,
1.450000,2.500000,
1.500000,2.500000,
1.550000,2.500000,
1.600000,2.500000,
1.650000,2.500000,0.310831
1.700000,2.500000,0.480041
1.750000,2.500000,0.605873
1.800000,2.500000,0.709085
1.850000,2.500000,0.797603
1.900000,2.500000,0.875476
1.950000,2.500000,0.945110
2.000000,2.500000,1.008072
2.050000,2.500000,1.065453
2.100000,2.500000,1.118050
2.150000,2.500000,1.166462
2.200000,2.500000,1.077033
2.250000,2.500000,0.968246
2.300000,2.500000,0.842615
2.350000,2.500000,0.691014
2.400000,2.500000,0.489898
2.450000,2.500000,
2.500000,2.500000,
2.550000,2.500000,
2.600000,2.500000,
2.650000,2.500000,
2.700000,2.500000,
2.750000,2.500000,
2.800000,2.500000,
2.850000,2.500000,
2.900000,2.500000,
2.950000,2.500000,
3.000000,2.500000,
3.050000,2.500000,
3.100000,2.500000,
3.150000,2.500000,
3.200000,2.500000,
3.250000,2.500000,
3.300000,2.500000,
3.350000,2.500000,
3.400000,2.500000,
3.450000,2.500000,
3.500000,2.500000,
-3.500000,2.550000,
-3.450000,2.550000,
-3.400000,2.550000,
-3.350000,2.550000,
-3.300000,2.550000,
-3.250000,2.550000,
-3.200000,2.550000,
-3.150000,2.550000,
-3.100000,2.550000,
-3.050000,2.550000,
-3.000000,2.550000,
-2.950000,2.550000,
-2.900000,2.550000,
-2.850000,2.550000,
-2.800000,2.550000,
-2.750000,2.550000,
-2.700000,2.550000,
-2.650000,2.550000,
-2.600000,2.550000,
-2.550000,2.550000,
-2.500000,2.550000,
-2.450000,2.550000,
-2.400000,2.550000,
-2.350000,2.550000,
-2.300000,2.550000,-0.612596
-2.250000,2.550000,-0.657260
-2.200000,2.550000,-0.710023
-2.150000,2.550000,-0.773510
-2.100000,2.550000,-0.852693
-2.050000,2.550000,-0.959706
-2.000000,2.550000,-1.098691
-1.950000,2.550000,-1.139376
-1.900000,2.550000,-1.183246
-1.850000,2.550000,-1.230633
-1.800000,2.550000,-1.281953
-1.750000,2.550000,-1.337734
-1.700000,2.550000,-1.398660
-1.650000,2.550000,-1.465652
-1.600000,2.550000,-1.539998
-1.550000,2.550000,-1.623595
-1.500000,2.550000,-1.719464
-1.450000,2.550000,-1.832980
-1.400000,2.550000,
-1.350000,2.550000,
-1.300000,2.550000,
-1.250000,2.550000,
-1.200000,2.550000,
-1.150000,2.550000,
-1.100000,2.550000,
-1.050000,2.550000,
-1.000000,2.550000,
-0.950000,2.550000,
-0.900000,2.550000,
-0.850000,2.550000,
-0.800000,2.550000,
-0.750000,2.550000,
-0.700000,2.550000,
-0.650000,2.550000,
-0.600000,2.550000,
-0.550000,2.550000,
-0.500000,2.550000,
-0.450000,2.550000,
-0.400000,2.550000,
-0.350000,2.550000,
-0.300000,2.550000,
-0.250000,2.550000,
-0.200000,2.550000,
-0.150000,2.550000,
-0.100000,2.550000,
-0.050000,2.550000,
-0.000000,2.550000,
0.050000,2.550000,
0.100000,2.550000,
0.150000,2.550000,
0.200000,2.550000,
0.250000,2.550000,
0.300000,2.550000,
0.350000,2.550000,
0.400000,2.550000,
0.450000,2.550000,
0.500000,2.550000,
0.550000,2.550000,
0.600000,2.550000,
0.650000,2.550000,
0.700000,2.550000,
0.750000,2.550000,
0.800000,2.550000,
0.850000,2.550000,
0.900000,2.550000,
0.950000,2.550000,
1.000000,2.550000,
1.050000,2.550000,
1.100000,2.550000,
1.150000,2.550000,
1.200000,2.550000,
1.250000,2.550000,
1.300000,2.550000,
1.350000,2.550000,
1.400000,2.550000,
1.450000,2.550000,
1.500000,2.550000,
1.550000,2.550000,
1.600000,2.550000,
1.650000,2.550000,0.149997
1.700000,2.550000,0.381023
1.750000,2.550000,0.527373
1.800000,2.550000,0.641741
1.850000,2.550000,0.737493
1.900000,2.550000,0.820521
1.950000,2.550000,0.894051
2.000000,2.550000,0.960078
2.050000,2.550000,1.019943
2.100000,2.550000,1.074597
2.150000,2.550000,1.060660
2.200000,2.550000,0.952628
2.250000,2.550000,0.827647
2.300000,2.550000,0.676387
2.350000,2.550000,0.474342
2.400000,2.550000,
2.450000,2.550000,
2.500000,2.550000,
2.550000,2.550000,
2.600000,2.550000,
2.650000,2.550000,
2.700000,2.550000,
2.750000,2.550000,
2.800000,2.550000,
2.850000,2.550000,
2.900000,2.550000,
2.950000,2.550000,
3.000000,2.550000,
3.050000,2.550000,
3.100000,2.550000,
3.150000,2.550000,
3.200000,2.550000,
3.250000,2.550000,
3.300000,2.550000,
3.350000,2.550000,
3.400000,2.550000,
3.450000,2.550000,
3.500000,2.550000,
-3.500000,2.600000,
-3.450000,2.600000,
-3.400000,2.600000,
-3.350000,2.600000,
-3.300000,2.600000,
-3.250000,2.600000,
-3.200000,2.600000,
-3.150000,2.600000,
-3.100000,2.600000,
-3.050000,2.600000,
-3.000000,2.600000,
-2.950000,2.600000,
-2.900000,2.600000,
-2.850000,2.600000,
-2.800000,2.600000,
-2.750000,2.600000,
-2.700000,2.600000,
-2.650000,2.600000,
-2.600000,2.600000,
-2.550000,2.600000,
-2.500000,2.600000,
-2.450000,2.600000,
-2.400000,2.600000,
-2.350000,2.600000,
-2.300000,2.600000,
-2.250000,2.600000,
-2.200000,2.600000,
-2.150000,2.600000,
-2.100000,2.600000,
-2.050000,2.600000,-1.094455
-2.000000,2.600000,-1.133164
-1.950000,2.600000,-1.174919
-1.900000,2.600000,-1.220019
-1.850000,2.600000,-1.268836
-1.800000,2.600000,-1.321839
-1.750000,2.600000,-1.379627
-1.700000,2.600000,-1.442995
-1.650000,2.600000,-1.513034
-1.600000,2.600000,-1.591306
-1.550000,2.600000,-1.680205
-1.500000,2.600000,-1.783753
-1.450000,2.600000,
-1.400000,2.600000,
-1.350000,2.600000,
-1.300000,2.600000,
-1.250000,2.600000,
-1.200000,2.600000,
-1.150000,2.600000,
-1.100000,2.600000,
-1.050000,2.600000,
-1.000000,2.600000,
-0.950000,2.600000,
-0.900000,2.600000,
-0.850000,2.600000,
-0.800000,2.600000,
-0.750000,2.600000,
-0.700000,2.600000,
-0.650000,2.600000,
-0.600000,2.600000,
-0.550000,2.600000,
-0.500000,2.600000,
-0.450000,2.600000,
-0.400000,2.600000,
-0.350000,2.600000,
-0.300000,2.600000,
-0.250000,2.600000,
-0.200000,2.600000,
-0.150000,2.600000,
-0.100000,2.600000,
-0.050000,2.600000,
-0.000000,2.600000,
0.050000,2.600000,
0.100000,2.600000,
0.150000,2.600000,
0.200000,2.600000,
0.250000,2.600000,
0.300000,2.600000,
0.350000,2.600000,
0.400000,2.600000,
0.450000,2.600000,
0.500000,2.600000,
0.550000,2.600000,
0.600000,2.600000,
0.650000,2.600000,
0.700000,2.600000,
0.750000,2.600000,
0.800000,2.600000,
0.850000,2.600000,
0.900000,2.600000,
0.950000,2.600000,
1.000000,2.600000,
1.050000,2.600000,
1.100000,2.600000,
1.150000,2.600000,
1.200000,2.600000,
1.250000,2.600000,
1.300000,2.600000,
1.350000,2.600000,
1.400000,2.600000,
1.450000,2.600000,
1.500000,2.600000,
1.550000,2.600000,
1.600000,2.600000,
1.650000,2.600000,
1.700000,2.600000,0.247325
1.750000,2.600000,0.432556
1.800000,2.600000,0.563724
1.850000,2.600000,0.669377
1.900000,2.600000,0.759091
1.950000,2.600000,0.837502
2.000000,2.600000,0.907280
2.050000,2.600000,0.970131
2.100000,2.600000,1.027223
2.150000,2.600000,0.931397
2.200000,2.600000,0.806226
2.250000,2.600000,0.653835
2.300000,2.600000,0.447214
2.350000,2.600000,
2.400000,2.600000,
2.450000,2.600000,
2.500000,2.600000,
2.550000,2.600000,
2.600000,2.600000,
2.650000,2.600000,
2.700000,2.600000,
2.750000,2.600000,
2.800000,2.600000,
2.850000,2.600000,
2.900000,2.600000,
2.950000,2.600000,
3.000000,2.600000,
3.050000,2.600000,
3.100000,2.600000,
3.150000,2.600000,
3.200000,2.600000,
3.250000,2.600000,
3.300000,2.600000,
3.350000,2.600000,
3.400000,2.600000,
3.450000,2.600000,
3.500000,2.600000,
-3.500000,2.650000,
-3.450000,2.650000,
-3.400000,2.650000,
-3.350000,2.650000,
-3.300000,2.650000,
-3.250000,2.650000,
-3.200000,2.650000,
-3.150000,2.650000,
-3.100000,2.650000,
-3.050000,2.650000,
-3.000000,2.650000,
-2.950000,2.650000,
-2.900000,2.650000,
-2.850000,2.650000,
-2.800000,2.650000,
-2.750000,2.650000,
-2.700000,2.650000,
-2.650000,2.650000,
-2.600000,2.650000,
-2.550000,2.650000,
-2.500000,2.650000,
-2.450000,2.650000,
-2.400000,2.650000,
-2.350000,2.650000,
-2.300000,2.650000,
-2.250000,2.650000,
-2.200000,2.650000,
-2.150000,2.650000,
-2.100000,2.650000,
-2.050000,2.650000,
-2.000000,2.650000,
-1.950000,2.650000,
-1.900000,2.650000,-1.259928
-1.850000,2.650000,-1.310401
-1.800000,2.650000,-1.365366
-1.750000,2.650000,-1.425522
-1.700000,2.650000,-1.491810
-1.650000,2.650000,-1.565553
-1.600000,2.650000,
-1.550000,2.650000,
-1.500000,2.650000,
-1.450000,2.650000,
-1.400000,2.650000,
-1.350000,2.650000,
-1.300000,2.650000,
-1.250000,2.650000,
-1.200000,2.650000,
-1.150000,2.650000,
-1.100000,2.650000,
-1.050000,2.650000,
-1.000000,2.650000,
-0.950000,2.650000,
-0.900000,2.650000,
-0.850000,2.650000,
-0.800000,2.650000,
-0.750000,2.650000,
-0.700000,2.650000,
-0.650000,2.650000,
-0.600000,2.650000,
-0.550000,2.650000,
-0.500000,2.650000,
-0.450000,2.650000,
-0.400000,2.650000,
-0.350000,2.650000,
-0.300000,2.650000,
-0.250000,2.650000,
-0.200000,2.650000,
-0.150000,2.650000,
-0.100000,2.650000,
-0.050000,2.650000,
-0.000000,2.650000,
0.050000,2.650000,
0.100000,2.650000,
0.150000,2.650000,
0.200000,2.650000,
0.250000,2.650000,
0.300000,2.650000,
0.350000,2.650000,
0.400000,2.650000,
0.450000,2.650000,
0.500000,2.650000,
0.550000,2.650000,
0.600000,2.650000,
0.650000,2.650000,
0.700000,2.650000,
0.750000,2.650000,
0.800000,2.650000,
0.850000,2.650000,
0.900000,2.650000,
0.950000,2.650000,
1.000000,2.650000,
1.050000,2.650000,
1.100000,2.650000,
1.150000,2.650000,
1.200000,2.650000,
1.250000,2.650000,
1.300000,2.650000,
1.350000,2.650000,
1.400000,2.650000,
1.450000,2.650000,
1.500000,2.650000,
1.550000,2.650000,
1.600000,2.650000,
1.650000,2.650000,
1.700000,2.650000,-0.062408
1.750000,2.650000,0.309984
1.800000,2.650000,0.470598
1.850000,2.650000,0.590855
1.900000,2.650000,0.689656
1.950000,2.650000,0.774388
2.000000,2.650000,0.848868
2.050000,2.650000,0.915376
2.100000,2.650000,0.904157
2.150000,2.650000,0.777817
2.200000,2.650000,0.622495
2.250000,2.650000,0.406202
2.300000,2.650000,
2.350000,2.650000,
2.400000,2.650000,
2.450000,2.650000,
2.500000,2.650000,
2.550000,2.650000,
2.600000,2.650000,
2.650000,2.650000,
2.700000,2.650000,
2.750000,2.650000,
2.800000,2.650000,
2.850000,2.650000,
2.900000,2.650000,
2.950000,2.650000,
3.000000,2.650000,
3.050000,2.650000,
3.100000,2.650000,
3.150000,2.650000,
3.200000,2.650000,
3.250000,2.650000,
3.300000,2.650000,
3.350000,2.650000,
3.400000,2.650000,
3.450000,2.650000,
3.500000,2.650000,
-3.500000,2.700000,
-3.450000,2.700000,
-3.400000,2.700000,
-3.350000,2.700000,
-3.300000,2.700000,
-3.250000,2.700000,
-3.200000,2.700000,
-3.150000,2.700000,
-3.100000,2.700000,
-3.050000,2.700000,
-3.000000,2.700000,
-2.950000,2.700000,
-2.900000,2.700000,
-2.850000,2.700000,
-2.800000,2.700000,
-2.750000,2.700000,
-2.700000,2.700000,
-2.650000,2.700000,
-2.600000,2.700000,
-2.550000,2.700000,
-2.500000,2.700000,
-2.450000,2.700000,
-2.400000,2.700000,
-2.350000,2.700000,
-2.300000,2.700000,
-2.250000,2.700000,
-2.200000,2.700000,
-2.150000,2.700000,
-2.100000,2.700000,
-2.050000,2.700000,
-2.000000,2.700000,
-1.950000,2.700000,
-1.900000,2.700000,
-1.850000,2.700000,
-1.800000,2.700000,
-1.750000,2.700000,
-1.700000,2.700000,
-1.650000,2.700000,
-1.600000,2.700000,
-1.550000,2.700000,
-1.500000,2.700000,
-1.450000,2.700000,
-1.400000,2.700000,
-1.350000,2.700000,
-1.300000,2.700000,
-1.250000,2.700000,
-1.200000,2.700000,
-1.150000,2.700000,
-1.100000,2.700000,
-1.050000,2.700000,
-1.000000,2.700000,
-0.950000,2.700000,
-0.900000,2.700000,
-0.850000,2.700000,
-0.800000,2.700000,
-0.750000,2.700000,
-0.700000,2.700000,
-0.650000,2.700000,
-0.600000,2.700000,
-0.550000,2.700000,
-0.500000,2.700000,
-0.450000,2.700000,
-0.400000,2.700000,
-0.350000,2.700000,
-0.300000,2.700000,
-0.250000,2.700000,
-0.200000,2.700000,
-0.150000,2.700000,
-0.100000,2.700000,
-0.050000,2.700000,
-0.000000,2.700000,
0.050000,2.700000,
0.100000,2.700000,
0.150000,2.700000,
0.200000,2.700000,
0.250000,2.700000,
0.300000,2.700000,
0.350000,2.700000,
0.400000,2.700000,
0.450000,2.700000,
0.500000,2.700000,
0.550000,2.700000,
0.600000,2.700000,
0.650000,2.700000,
0.700000,2.700000,
0.750000,2.700000,
0.800000,2.700000,
0.850000,2.700000,
0.900000,2.700000,
0.950000,2.700000,
1.000000,2.700000,
1.050000,2.700000,
1.100000,2.700000,
1.150000,2.700000,
1.200000,2.700000,
1.250000,2.700000,
1.300000,2.700000,
1.350000,2.700000,
1.400000,2.700000,
1.450000,2.700000,
1.500000,2.700000,
1.550000,2.700000,
1.600000,2.700000,
1.650000,2.700000,
1.700000,2.700000,
1.750000,2.700000,0.114767
1.800000,2.700000,0.352935
1.850000,2.700000,0.497774
1.900000,2.700000,0.609839
1.950000,2.700000,0.703143
2.000000,2.700000,0.783716
2.050000,2.700000,0.854821
2.100000,2.700000,0.741620
2.150000,2.700000,0.580948
2.200000,2.700000,0.346410
2.250000,2.700000,
2.300000,2.700000,
2.350000,2.700000,
2.400000,2.700000,
2.450000,2.700000,
2.500000,2.700000,
2.550000,2.700000,
2.600000,2.700000,
2.650000,2.700000,
2.700000,2.700000,
2.750000,2.700000,
2.800000,2.700000,
2.850000,2.700000,
2.900000,2.700000,
2.950000,2.700000,
3.000000,2.700000,
3.050000,2.700000,
3.100000,2.700000,
3.150000,2.700000,
3.200000,2.700000,
3.250000,2.700000,
3.300000,2.700000,
3.350000,2.700000,
3.400000,2.700000,
3.450000,2.700000,
3.500000,2.700000,
-3.500000,2.750000,
-3.450000,2.750000,
-3.400000,2.750000,
-3.350000,2.750000,
-3.300000,2.750000,
-3.250000,2.750000,
-3.200000,2.750000,
-3.150000,2.750000,
-3.100000,2.750000,
-3.050000,2.750000,
-3.000000,2.750000,
-2.950000,2.750000,
-2.900000,2.750000,
-2.850000,2.750000,
-2.800000,2.750000,
-2.750000,2.750000,
-2.700000,2.750000,
-2.650000,2.750000,
-2.600000,2.750000,
-2.550000,2.750000,
-2.500000,2.750000,
-2.450000,2.750000,
-2.400000,2.750000,
-2.350000,2.750000,
-2.300000,2.750000,
-2.250000,2.750000,
-2.200000,2.750000,
-2.150000,2.750000,
-2.100000,2.750000,
-2.050000,2.750000,
-2.000000,2.750000,
-1.950000,2.750000,
-1.900000,2.750000,
-1.850000,2.750000,
-1.800000,2.750000,
-1.750000,2.750000,
-1.700000,2.750000,
-1.650000,2.750000,
-1.600000,2.750000,
-1.550000,2.750000,
-1.500000,2.750000,
-1.450000,2.750000,
-1.400000,2.750000,
-1.350000,2.750000,
-1.300000,2.750000,
-1.250000,2.750000,
-1.200000,2.750000,
-1.150000,2.750000,
-1.100000,2.750000,
-1.050000,2.750000,
-1.000000,2.750000,
-0.950000,2.750000,
-0.900000,2.750000,
-0.850000,2.750000,
-0.800000,2.750000,
-0.750000,2.750000,
-0.700000,2.750000,
-0.650000,2.750000,
-0.600000,2.750000,
-0.550000,2.750000,
-0.500000,2.750000,
-0.450000,2.750000,
-0.400000,2.750000,
-0.350000,2.750000,
-0.300000,2.750000,
-0.250000,2.750000,
-0.200000,2.750000,
-0.150000,2.750000,
-0.100000,2.750000,
-0.050000,2.750000,
-0.000000,2.750000,
0.050000,2.750000,
0.100000,2.750000,
0.150000,2.750000,
0.200000,2.750000,
0.250000,2.750000,
0.300000,2.750000,
0.350000,2.750000,
0.400000,2.750000,
0.450000,2.750000,
0.500000,2.750000,
0.550000,2.750000,
0.600000,2.750000,
0.650000,2.750000,
0.700000,2.750000,
0.750000,2.750000,
0.800000,2.750000,
0.850000,2.750000,
0.900000,2.750000,
0.950000,2.750000,
1.000000,2.750000,
1.050000,2.750000,
1.100000,2.750000,
1.150000,2.750000,
1.200000,2.750000,
1.250000,2.750000,
1.300000,2.750000,
1.350000,2.750000,
1.400000,2.750000,
1.450000,2.750000,
1.500000,2.750000,
1.550000,2.750000,
1.600000,2.750000,
1.650000,2.750000,
1.700000,2.750000,
1.750000,2.750000,
1.800000,2.750000,0.180421
1.850000,2.750000,0.381593
1.900000,2.750000,0.515549
1.950000,2.750000,0.621328
2.000000,2.750000,0.710181
2.050000,2.750000,0.696419
2.100000,2.750000,0.526783
2.150000,2.750000,0.254951
2.200000,2.750000,
2.250000,2.750000,
2.300000,2.750000,
2.350000,2.750000,
2.400000,2.750000,
2.450000,2.750000,
2.500000,2.750000,
2.550000,2.750000,
2.600000,2.750000,
2.650000,2.750000,
2.700000,2.750000,
2.750000,2.750000,
2.800000,2.750000,
2.850000,2.750000,
2.900000,2.750000,
2.950000,2.750000,
3.000000,2.750000,
3.050000,2.750000,
3.100000,2.750000,
3.150000,2.750000,
3.200000,2.750000,
3.250000,2.750000,
3.300000,2.750000,
3.350000,2.750000,
3.400000,2.750000,
3.450000,2.750000,
3.500000,2.750000,
-3.500000,2.800000,
-3.450000,2.800000,
-3.400000,2.800000,
-3.350000,2.800000,
-3.300000,2.800000,
-3.250000,2.800000,
-3.200000,2.800000,
-3.150000,2.800000,
-3.100000,2.800000,
-3.050000,2.800000,
-3.000000,2.800000,
-2.950000,2.800000,
-2.900000,2.800000,
-2.850000,2.800000,
-2.800000,2.800000,
-2.750000,2.800000,
-2.700000,2.800000,
-2.650000,2.800000,
-2.600000,2.800000,
-2.550000,2.800000,
-2.500000,2.800000,
-2.450000,2.800000,
-2.400000,2.800000,
-2.350000,2.800000,
-2.300000,2.800000,
-2.250000,2.800000,
-2.200000,2.800000,
-2.150000,2.800000,
-2.100000,2.800000,
-2.050000,2.800000,
-2.000000,2.800000,
-1.950000,2.800000,
-1.900000,2.800000,
-1.850000,2.800000,
-1.800000,2.800000,
-1.750000,2.800000,
-1.700000,2.800000,
-1.650000,2.800000,
-1.600000,2.800000,
-1.550000,2.800000,
-1.500000,2.800000,
-1.450000,2.800000,
-1.400000,2.800000,
-1.350000,2.800000,
-1.300000,2.800000,
-1.250000,2.800000,
-1.200000,2.800000,
-1.150000,2.800000,
-1.100000,2.800000,
-1.050000,2.800000,
-1.000000,2.800000,
-0.950000,2.800000,
-0.900000,2.800000,
-0.850000,2.800000,
-0.800000,2.800000,
-0.750000,2.800000,
-0.700000,2.800000,
-0.650000,2.800000,
-0.600000,2.800000,
-0.550000,2.800000,
-0.500000,2.800000,
-0.450000,2.800000,
-0.400000,2.800000,
-0.350000,2.800000,
-0.300000,2.800000,
-0.250000,2.800000,
-0.200000,2.800000,
-0.150000,2.800000,
-0.100000,2.800000,
-0.050000,2.800000,
-0.000000,2.800000,
0.050000,2.800000,
0.100000,2.800000,
0.150000,2.800000,
0.200000,2.800000,
0.250000,2.800000,
0.300000,2.800000,
0.350000,2.800000,
0.400000,2.800000,
0.450000,2.800000,
0.500000,2.800000,
0.550000,2.800000,
0.600000,2.800000,
0.650000,2.800000,
0.700000,2.800000,
0.750000,2.800000,
0.800000,2.800000,
0.850000,2.800000,
0.900000,2.800000,
0.950000,2.800000,
1.000000,2.800000,
1.050000,2.800000,
1.100000,2.800000,
1.150000,2.800000,
1.200000,2.800000,
1.250000,2.800000,
1.300000,2.800000,
1.350000,2.800000,
1.400000,2.800000,
1.450000,2.800000,
1.500000,2.800000,
1.550000,2.800000,
1.600000,2.800000,
1.650000,2.800000,
1.700000,2.800000,
1.750000,2.800000,
1.800000,2.800000,
1.850000,2.800000,0.217138
1.900000,2.800000,0.398478
1.950000,2.800000,0.524738
2.000000,2.800000,0.625683
2.050000,2.800000,0.455522
2.100000,2.800000,0.000000
2.150000,2.800000,
2.200000,2.800000,
2.250000,2.800000,
2.300000,2.800000,
2.350000,2.800000,
2.400000,2.800000,
2.450000,2.800000,
2.500000,2.800000,
2.550000,2.800000,
2.600000,2.800000,
2.650000,2.800000,
2.700000,2.800000,
2.750000,2.800000,
2.800000,2.800000,
2.850000,2.800000,
2.900000,2.800000,
2.950000,2.800000,
3.000000,2.800000,
3.050000,2.800000,
3.100000,2.800000,
3.150000,2.800000,
3.200000,2.800000,
3.250000,2.800000,
3.300000,2.800000,
3.350000,2.800000,
3.400000,2.800000,
3.450000,2.800000,
3.500000,2.800000,
-3.500000,2.850000,
-3.450000,2.850000,
-3.400000,2.850000,
-3.350000,2.850000,
-3.300000,2.850000,
-3.250000,2.850000,
-3.200000,2.850000,
-3.150000,2.850000,
-3.100000,2.850000,
-3.050000,2.850000,
-3.000000,2.850000,
-2.950000,2.850000,
-2.900000,2.850000,
-2.850000,2.850000,
-2.800000,2.850000,
-2.750000,2.850000,
-2.700000,2.850000,
-2.650000,2.850000,
-2.600000,2.850000,
-2.550000,2.850000,
-2.500000,2.850000,
-2.450000,2.850000,
-2.400000,2.850000,
-2.350000,2.850000,
-2.300000,2.850000,
-2.250000,2.850000,
-2.200000,2.850000,
-2.150000,2.850000,
-2.100000,2.850000,
-2.050000,2.850000,
-2.000000,2.850000,
-1.950000,2.850000,
-1.900000,2.850000,
-1.850000,2.850000,
-1.800000,2.850000,
-1.750000,2.850000,
-1.700000,2.850000,
-1.650000,2.850000,
-1.600000,2.850000,
-1.550000,2.850000,
-1.500000,2.850000,
-1.450000,2.850000,
-1.400000,2.850000,
-1.350000,2.850000,
-1.300000,2.850000,
-1.250000,2.850000,
-1.200000,2.850000,
-1.150000,2.850000,
-1.100000,2.850000,
-1.050000,2.850000,
-1.000000,2.850000,
-0.950000,2.850000,
-0.900000,2.850000,
-0.850000,2.850000,
-0.800000,2.850000,
-0.750000,2.850000,
-0.700000,2.850000,
-0.650000,2.850000,
-0.600000,2.850000,
-0.550000,2.850000,
-0.500000,2.850000,
-0.450000,2.850000,
-0.400000,2.850000,
-0.350000,2.850000,
-0.300000,2.850000,
-0.250000,2.850000,
-0.200000,2.850000,
-0.150000,2.850000,
-0.100000,2.850000,
-0.050000,2.850000,
-0.000000,2.850000,
0.050000,2.850000,
0.100000,2.850000,
0.150000,2.850000,
0.200000,2.850000,
0.250000,2.850000,
0.300000,2.850000,
0.350000,2.850000,
0.400000,2.850000,
0.450000,2.850000,
0.500000,2.850000,
0.550000,2.850000,
0.600000,2.850000,
0.650000,2.850000,
0.700000,2.850000,
0.750000,2.850000,
0.800000,2.850000,
0.850000,2.850000,
0.900000,2.850000,
0.950000,2.850000,
1.000000,2.850000,
1.050000,2.850000,
1.100000,2.850000,
1.150000,2.850000,
1.200000,2.850000,
1.250000,2.850000,
1.300000,2.850000,
1.350000,2.850000,
1.400000,2.850000,
1.450000,2.850000,
1.500000,2.850000,
1.550000,2.850000,
1.600000,2.850000,
1.650000,2.850000,
1.700000,2.850000,
1.750000,2.850000,
1.800000,2.850000,
1.850000,2.850000,
1.900000,2.850000,0.234876
1.950000,2.850000,0.404798
2.000000,2.850000,0.357071
2.050000,2.850000,
2.100000,2.850000,
2.150000,2.850000,
2.200000,2.850000,
2.250000,2.850000,
2.300000,2.850000,
2.350000,2.850000,
2.400000,2.850000,
2.450000,2.850000,
2.500000,2.850000,
2.550000,2.850000,
2.600000,2.850000,
2.650000,2.850000,
2.700000,2.850000,
2.750000,2.850000,
2.800000,2.850000,
2.850000,2.850000,
2.900000,2.850000,
2.950000,2.850000,
3.000000,2.850000,
3.050000,2.850000,
3.100000,2.850000,
3.150000,2.850000,
3.200000,2.850000,
3.250000,2.850000,
3.300000,2.850000,
3.350000,2.850000,
3.400000,2.850000,
3.450000,2.850000,
3.500000,2.850000,
-3.500000,2.900000,
-3.450000,2.900000,
-3.400000,2.900000,
-3.350000,2.900000,
-3.300000,2.900000,
-3.250000,2.900000,
-3.200000,2.900000,
-3.150000,2.900000,
-3.100000,2.900000,
-3.050000,2.900000,
-3.000000,2.900000,
-2.950000,2.900000,
-2.900000,2.900000,
-2.850000,2.900000,
-2.800000,2.900000,
-2.750000,2.900000,
-2.700000,2.900000,
-2.650000,2.900000,
-2.600000,2.900000,
-2.550000,2.900000,
-2.500000,2.900000,
-2.450000,2.900000,
-2.400000,2.900000,
-2.350000,2.900000,
-2.300000,2.900000,
-2.250000,2.900000,
-2.200000,2.900000,
-2.150000,2.900000,
-2.100000,2.900000,
-2.050000,2.900000,
-2.000000,2.900000,
-1.950000,2.900000,
-1.900000,2.900000,
-1.850000,2.900000,
-1.800000,2.900000,
-1.750000,2.900000,
-1.700000,2.900000,
-1.650000,2.900000,
-1.600000,2.900000,
-1.550000,2.900000,
-1.500000,2.900000,
-1.450000,2.900000,
-1.400000,2.900000,
-1.350000,2.900000,
-1.300000,2.900000,
-1.250000,2.900000,
-1.200000,2.900000,
-1.150000,2.900000,
-1.100000,2.900000,
-1.050000,2.900000,
-1.000000,2.900000,
-0.950000,2.900000,
-0.900000,2.900000,
-0.850000,2.900000,
-0.800000,2.900000,
-0.750000,2.900000,
-0.700000,2.900000,
-0.650000,2.900000,
-0.600000,2.900000,
-0.550000,2.900000,
-0.500000,2.900000,
-0.450000,2.900000,
-0.400000,2.900000,
-0.350000,2.900000,
-0.300000,2.900000,
-0.250000,2.900000,
-0.200000,2.900000,
-0.150000,2.900000,
-0.100000,2.900000,
-0.050000,2.900000,
-0.000000,2.900000,
0.050000,2.900000,
0.100000,2.900000,
0.150000,2.900000,
0.200000,2.900000,
0.250000,2.900000,
0.300000,2.900000,
0.350000,2.900000,
0.400000,2.900000,
0.450000,2.900000,
0.500000,2.900000,
0.550000,2.900000,
0.600000,2.900000,
0.650000,2.900000,
0.700000,2.900000,
0.750000,2.900000,
0.800000,2.900000,
0.850000,2.900000,
0.900000,2.900000,
0.950000,2.900000,
1.000000,2.900000,
1.050000,2.900000,
1.100000,2.900000,
1.150000,2.900000,
1.200000,2.900000,
1.250000,2.900000,
1.300000,2.900000,
1.350000,2.900000,
1.400000,2.900000,
1.450000,2.900000,
1.500000,2.900000,
1.550000,2.900000,
1.600000,2.900000,
1.650000,2.900000,
1.700000,2.900000,
1.750000,2.900000,
1.800000,2.900000,
1.850000,2.900000,
1.900000,2.900000,
1.950000,2.900000,0.193649
2.000000,2.900000,
2.050000,2.900000,
2.100000,2.900000,
2.150000,2.900000,
2.200000,2.900000,
2.250000,2.900000,
2.300000,2.900000,
2.350000,2.900000,
2.400000,2.900000,
2.450000,2.900000,
2.500000,2.900000,
2.550000,2.900000,
2.600000,2.900000,
2.650000,2.900000,
2.700000,2.900000,
2.750000,2.900000,
2.800000,2.900000,
2.850000,2.900000,
2.900000,2.900000,
2.950000,2.900000,
3.000000,2.900000,
3.050000,2.900000,
3.100000,2.900000,
3.150000,2.900000,
3.200000,2.900000,
3.250000,2.900000,
3.300000,2.900000,
3.350000,2.900000,
3.400000,2.900000,
3.450000,2.900000,
3.500000,2.900000,
-3.500000,2.950000,
-3.450000,2.950000,
-3.400000,2.950000,
-3.350000,2.950000,
-3.300000,2.950000,
-3.250000,2.950000,
-3.200000,2.950000,
-3.150000,2.950000,
-3.100000,2.950000,
-3.050000,2.950000,
-3.000000,2.950000,
-2.950000,2.950000,
-2.900000,2.950000,
-2.850000,2.950000,
-2.800000,2.950000,
-2.750000,2.950000,
-2.700000,2.950000,
-2.650000,2.950000,
-2.600000,2.950000,
-2.550000,2.950000,
-2.500000,2.950000,
-2.450000,2.950000,
-2.400000,2.950000,
-2.350000,2.950000,
-2.300000,2.950000,
-2.250000,2.950000,
-2.200000,2.950000,
-2.150000,2.950000,
-2.100000,2.950000,
-2.050000,2.950000,
-2.000000,2.950000,
-1.950000,2.950000,
-1.900000,2.950000,
-1.850000,2.950000,
-1.800000,2.950000,
-1.750000,2.950000,
-1.700000,2.950000,
-1.650000,2.950000,
-1.600000,2.950000,
-1.550000,2.950000,
-1.500000,2.950000,
-1.450000,2.950000,
-1.400000,2.950000,
-1.350000,2.950000,
-1.300000,2.950000,
-1.250000,2.950000,
-1.200000,2.950000,
-1.150000,2.950000,
-1.100000,2.950000,
-1.050000,2.950000,
-1.000000,2.950000,
-0.950000,2.950000,
-0.900000,2.950000,
-0.850000,2.950000,
-0.800000,2.950000,
-0.750000,2.950000,
-0.700000,2.950000,
-0.650000,2.950000,
-0.600000,2.950000,
-0.550000,2.950000,
-0.500000,2.950000,
-0.450000,2.950000,
-0.400000,2.950000,
-0.350000,2.950000,
-0.300000,2.950000,
-0.250000,2.950000,
-0.200000,2.950000,
-0.150000,2.950000,
-0.100000,2.950000,
-0.050000,2.950000,
-0.000000,2.950000,
0.050000,2.950000,
0.100000,2.950000,
0.150000,2.950000,
0.200000,2.950000,
0.250000,2.950000,
0.300000,2.950000,
0.350000,2.950000,
0.400000,2.950000,
0.450000,2.950000,
0.500000,2.950000,
0.550000,2.950000,
0.600000,2.950000,
0.650000,2.950000,
0.700000,2.950000,
0.750000,2.950000,
0.800000,2.950000,
0.850000,2.950000,
0.900000,2.950000,
0.950000,2.950000,
1.000000,2.950000,
1.050000,2.950000,
1.100000,2.950000,
1.150000,2.950000,
1.200000,2.950000,
1.250000,2.950000,
1.300000,2.950000,
1.350000,2.950000,
1.400000,2.950000,
1.450000,2.950000,
1.500000,2.950000,
1.550000,2.950000,
1.600000,2.950000,
1.650000,2.950000,
1.700000,2.950000,
1.750000,2.950000,
1.800000,2.950000,
1.850000,2.950000,
1.900000,2.950000,
1.950000,2.950000,
2.000000,2.950000,
2.050000,2.950000,
2.100000,2.950000,
2.150000,2.950000,
2.200000,2.950000,
2.250000,2.950000,
2.300000,2.950000,
2.350000,2.950000,
2.400000,2.950000,
2.450000,2.950000,
2.500000,2.950000,
2.550000,2.950000,
2.600000,2.950000,
2.650000,2.950000,
2.700000,2.950000,
2.750000,2.950000,
2.800000,2.950000,
2.850000,2.950000,
2.900000,2.950000,
2.950000,2.950000,
3.000000,2.950000,
3.050000,2.950000,
3.100000,2.950000,
3.150000,2.950000,
3.200000,2.950000,
3.250000,2.950000,
3.300000,2.950000,
3.350000,2.950000,
3.400000,2.950000,
3.450000,2.950000,
3.500000,2.950000,
-3.500000,3.000000,
-3.450000,3.000000,
-3.400000,3.000000,
-3.350000,3.000000,
-3.300000,3.000000,
-3.250000,3.000000,
-3.200000,3.000000,
-3.150000,3.000000,
-3.100000,3.000000,
-3.050000,3.000000,
-3.000000,3.000000,
-2.950000,3.000000,
-2.900000,3.000000,
-2.850000,3.000000,
-2.800000,3.000000,
-2.750000,3.000000,
-2.700000,3.000000,
-2.650000,3.000000,
-2.600000,3.000000,
-2.550000,3.000000,
-2.500000,3.000000,
-2.450000,3.000000,
-2.400000,3.000000,
-2.350000,3.000000,
-2.300000,3.000000,
-2.250000,3.000000,
-2.200000,3.000000,
-2.150000,3.000000,
-2.100000,3.000000,
-2.050000,3.000000,
-2.000000,3.000000,
-1.950000,3.000000,
-1.900000,3.000000,
-1.850000,3.000000,
-1.800000,3.000000,
-1.750000,3.000000,
-1.700000,3.000000,
-1.650000,3.000000,
-1.600000,3.000000,
-1.550000,3.000000,
-1.500000,3.000000,
-1.450000,3.000000,
-1.400000,3.000000,
-1.350000,3.000000,
-1.300000,3.000000,
-1.250000,3.000000,
-1.200000,3.000000,
-1.150000,3.000000,
-1.100000,3.000000,
-1.050000,3.000000,
-1.000000,3.000000,
-0.950000,3.000000,
-0.900000,3.000000,
-0.850000,3.000000,
-0.800000,3.000000,
-0.750000,3.000000,
-0.700000,3.000000,
-0.650000,3.000000,
-0.600000,3.000000,
-0.550000,3.000000,
-0.500000,3.000000,
-0.450000,3.000000,
-0.400000,3.000000,
-0.350000,3.000000,
-0.300000,3.000000,
-0.250000,3.000000,
-0.200000,3.000000,
-0.150000,3.000000,
-0.100000,3.000000,
-0.050000,3.000000,
-0.000000,3.000000,
0.050000,3.000000,
0.100000,3.000000,
0.150000,3.000000,
0.200000,3.000000,
0.250000,3.000000,
0.300000,3.000000,
0.350000,3.000000,
0.400000,3.000000,
0.450000,3.000000,
0.500000,3.000000,
0.550000,3.000000,
0.600000,3.000000,
0.650000,3.000000,
0.700000,3.000000,
0.750000,3.000000,
0.800000,3.000000,
0.850000,3.000000,
0.900000,3.000000,
0.950000,3.000000,
1.000000,3.000000,
1.050000,3.000000,
1.100000,3.000000,
1.150000,3.000000,
1.200000,3.000000,
1.250000,3.000000,
1.300000,3.000000,
1.350000,3.000000,
1.400000,3.000000,
1.450000,3.000000,
1.500000,3.000000,
1.550000,3.000000,
1.600000,3.000000,
1.650000,3.000000,
1.700000,3.000000,
1.750000,3.000000,
1.800000,3.000000,
1.850000,3.000000,
1.900000,3.000000,
1.950000,3.000000,
2.000000,3.000000,
2.050000,3.000000,
2.100000,3.000000,
2.150000,3.000000,
2.200000,3.000000,
2.250000,3.000000,
2.300000,3.000000,
2.350000,3.000000,
2.400000,3.000000,
2.450000,3.000000,
2.500000,3.000000,
2.550000,3.000000,
2.600000,3.000000,
2.650000,3.000000,
2.700000,3.000000,
2.750000,3.000000,
2.800000,3.000000,
2.850000,3.000000,
2.900000,3.000000,
2.950000,3.000000,
3.000000,3.000000,
3.050000,3.000000,
3.100000,3.000000,
3.150000,3.000000,
3.200000,3.000000,
3.250000,3.000000,
3.300000,3.000000,
3.350000,3.000000,
3.400000,3.000000,
3.450000,3.000000,
3.500000,3.000000,
-3.500000,3.050000,
-3.450000,3.050000,
-3.400000,3.050000,
-3.350000,3.050000,
-3.300000,3.050000,
-3.250000,3.050000,
-3.200000,3.050000,
-3.150000,3.050000,
-3.100000,3.050000,
-3.050000,3.050000,
-3.000000,3.050000,
-2.950000,3.050000,
-2.900000,3.050000,
-2.850000,3.050000,
-2.800000,3.050000,
-2.750000,3.050000,
-2.700000,3.050000,
-2.650000,3.050000,
-2.600000,3.050000,
-2.550000,3.050000,
-2.500000,3.050000,
-2.450000,3.050000,
-2.400000,3.050000,
-2.350000,3.050000,
-2.300000,3.050000,
-2.250000,3.050000,
-2.200000,3.050000,
-2.150000,3.050000,
-2.100000,3.050000,
-2.050000,3.050000,
-2.000000,3.050000,
-1.950000,3.050000,
-1.900000,3.050000,
-1.850000,3.050000,
-1.800000,3.050000,
-1.750000,3.050000,
-1.700000,3.050000,
-1.650000,3.050000,
-1.600000,3.050000,
-1.550000,3.050000,
-1.500000,3.050000,
-1.450000,3.050000,
-1.400000,3.050000,
-1.350000,3.050000,
-1.300000,3.050000,
-1.250000,3.050000,
-1.200000,3.050000,
-1.150000,3.050000,
-1.100000,3.050000,
-1.050000,3.050000,
-1.000000,3.050000,
-0.950000,3.050000,
-0.900000,3.050000,
-0.850000,3.050000,
-0.800000,3.050000,
-0.750000,3.050000,
-0.700000,3.050000,
-0.650000,3.050000,
-0.600000,3.050000,
-0.550000,3.050000,
-0.500000,3.050000,
-0.450000,3.050000,
-0.400000,3.050000,
-0.350000,3.050000,
-0.300000,3.050000,
-0.250000,3.050000,
-0.200000,3.050000,
-0.150000,3.050000,
-0.100000,3.050000,
-0.050000,3.050000,
-0.000000,3.050000,
0.050000,3.050000,
0.100000,3.050000,
0.150000,3.050000,
0.200000,3.050000,
0.250000,3.050000,
0.300000,3.050000,
0.350000,3.050000,
0.400000,3.050000,
0.450000,3.050000,
0.500000,3.050000,
0.550000,3.050000,
0.600000,3.050000,
0.650000,3.050000,
0.700000,3.050000,
0.750000,3.050000,
0.800000,3.050000,
0.850000,3.050000,
0.900000,3.050000,
0.950000,3.050000,
1.000000,3.050000,
1.050000,3.050000,
1.100000,3.050000,
1.150000,3.050000,
1.200000,3.050000,
1.250000,3.050000,
1.300000,3.050000,
1.350000,3.050000,
1.400000,3.050000,
1.450000,3.050000,
1.500000,3.050000,
1.550000,3.050000,
1.600000,3.050000,
1.650000,3.050000,
1.700000,3.050000,
1.750000,3.050000,
1.800000,3.050000,
1.850000,3.050000,
1.900000,3.050000,
1.950000,3.050000,
2.000000,3.050000,
2.050000,3.050000,
2.100000,3.050000,
2.150000,3.050000,
2.200000,3.050000,
2.250000,3.050000,
2.300000,3.050000,
2.350000,3.050000,
2.400000,3.050000,
2.450000,3.050000,
2.500000,3.050000,
2.550000,3.050000,
2.600000,3.050000,
2.650000,3.050000,
2.700000,3.050000,
2.750000,3.050000,
2.800000,3.050000,
2.850000,3.050000,
2.900000,3.050000,
2.950000,3.050000,
3.000000,3.050000,
3.050000,3.050000,
3.100000,3.050000,
3.150000,3.050000,
3.200000,3.050000,
3.250000,3.050000,
3.300000,3.050000,
3.350000,3.050000,
3.400000,3.050000,
3.450000,3.050000,
3.500000,3.050000,
-3.500000,3.100000,
-3.450000,3.100000,
-3.400000,3.100000,
-3.350000,3.100000,
-3.300000,3.100000,
-3.250000,3.100000,
-3.200000,3.100000,
-3.150000,3.100000,
-3.100000,3.100000,
-3.050000,3.100000,
-3.000000,3.100000,
-2.950000,3.100000,
-2.900000,3.100000,
-2.850000,3.100000,
-2.800000,3.100000,
-2.750000,3.100000,
-2.700000,3.100000,
-2.650000,3.100000,
-2.600000,3.100000,
-2.550000,3.100000,
-2.500000,3.100000,
-2.450000,3.100000,
-2.400000,3.100000,
-2.350000,3.100000,
-2.300000,3.100000,
-2.250000,3.100000,
-2.200000,3.100000,
-2.150000,3.100000,
-2.100000,3.100000,
-2.050000,3.100000,
-2.000000,3.100000,
-1.950000,3.100000,
-1.900000,3.100000,
-1.850000,3.100000,
-1.800000,3.100000,
-1.750000,3.100000,
-1.700000,3.100000,
-1.650000,3.100000,
-1.600000,3.100000,
-1.550000,3.100000,
-1.500000,3.100000,
-1.450000,3.100000,
-1.400000,3.100000,
-1.350000,3.100000,
-1.300000,3.100000,
-1.250000,3.100000,
-1.200000,3.100000,
-1.150000,3.100000,
-1.100000,3.100000,
-1.050000,3.100000,
-1.000000,3.100000,
-0.950000,3.100000,
-0.900000,3.100000,
-0.850000,3.100000,
-0.800000,3.100000,
-0.750000,3.100000,
-0.700000,3.100000,
-0.650000,3.100000,
-0.600000,3.100000,
-0.550000,3.100000,
-0.500000,3.100000,
-0.450000,3.100000,
-0.400000,3.100000,
-0.350000,3.100000,
-0.300000,3.100000,
-0.250000,3.100000,
-0.200000,3.100000,
-0.150000,3.100000,
-0.100000,3.100000,
-0.050000,3.100000,
-0.000000,3.100000,
0.050000,3.100000,
0.100000,3.100000,
0.150000,3.100000,
0.200000,3.100000,
0.250000,3.100000,
0.300000,3.100000,
0.350000,3.100000,
0.400000,3.100000,
0.450000,3.100000,
0.500000,3.100000,
0.550000,3.100000,
0.600000,3.100000,
0.650000,3.100000,
0.700000,3.100000,
0.750000,3.100000,
0.800000,3.100000,
0.850000,3.100000,
0.900000,3.100000,
0.950000,3.100000,
1.000000,3.100000,
1.050000,3.100000,
1.100000,3.100000,
1.150000,3.100000,
1.200000,3.100000,
1.250000,3.100000,
1.300000,3.100000,
1.350000,3.100000,
1.400000,3.100000,
1.450000,3.100000,
1.500000,3.100000,
1.550000,3.100000,
1.600000,3.100000,
1.650000,3.100000,
1.700000,3.100000,
1.750000,3.100000,
1.800000,3.100000,
1.850000,3.100000,
1.900000,3.100000,
1.950000,3.100000,
2.000000,3.100000,
2.050000,3.100000,
2.100000,3.100000,
2.150000,3.100000,
2.200000,3.100000,
2.250000,3.100000,
2.300000,3.100000,
2.350000,3.100000,
2.400000,3.100000,
2.450000,3.100000,
2.500000,3.100000,
2.550000,3.100000,
2.600000,3.100000,
2.650000,3.100000,
2.700000,3.100000,
2.750000,3.100000,
2.800000,3.100000,
2.850000,3.100000,
2.900000,3.100000,
2.950000,3.100000,
3.000000,3.100000,
3.050000,3.100000,
3.100000,3.100000,
3.150000,3.100000,
3.200000,3.100000,
3.250000,3.100000,
3.300000,3.100000,
3.350000,3.100000,
3.400000,3.100000,
3.450000,3.100000,
3.500000,3.100000,
-3.500000,3.150000,
-3.450000,3.150000,
-3.400000,3.150000,
-3.350000,3.150000,
-3.300000,3.150000,
-3.250000,3.150000,
-3.200000,3.150000,
-3.150000,3.150000,
-3.100000,3.150000,
-3.050000,3.150000,
-3.000000,3.150000,
-2.950000,3.150000,
-2.900000,3.150000,
-2.850000,3.150000,
-2.800000,3.150000,
-2.750000,3.150000,
-2.700000,3.150000,
-2.650000,3.150000,
-2.600000,3.150000,
-2.550000,3.150000,
-2.500000,3.150000,
-2.450000,3.150000,
-2.400000,3.150000,
-2.350000,3.150000,
-2.300000,3.150000,
-2.250000,3.150000,
-2.200000,3.150000,
-2.150000,3.150000,
-2.100000,3.150000,
-2.050000,3.150000,
-2.000000,3.150000,
-1.950000,3.150000,
-1.900000,3.150000,
-1.850000,3.150000,
-1.800000,3.150000,
-1.750000,3.150000,
-1.700000,3.150000,
-1.650000,3.150000,
-1.600000,3.150000,
-1.550000,3.150000,
-1.500000,3.150000,
-1.450000,3.150000,
-1.400000,3.150000,
-1.350000,3.150000,
-1.300000,3.150000,
-1.250000,3.150000,
-1.200000,3.150000,
-1.150000,3.150000,
-1.100000,3.150000,
-1.050000,3.150000,
-1.000000,3.150000,
-0.950000,3.150000,
-0.900000,3.150000,
-0.850000,3.150000,
-0.800000,3.150000,
-0.750000,3.150000,
-0.700000,3.150000,
-0.650000,3.150000,
-0.600000,3.150000,
-0.550000,3.150000,
-0.500000,3.150000,
-0.450000,3.150000,
-0.400000,3.150000,
-0.350000,3.150000,
-0.300000,3.150000,
-0.250000,3.150000,
-0.200000,3.150000,
-0.150000,3.150000,
-0.100000,3.150000,
-0.050000,3.150000,
-0.000000,3.150000,
0.050000,3.150000,
0.100000,3.150000,
0.150000,3.150000,
0.200000,3.150000,
0.250000,3.150000,
0.300000,3.150000,
0.350000,3.150000,
0.400000,3.150000,
0.450000,3.150000,
0.500000,3.150000,
0.550000,3.150000,
0.600000,3.150000,
0.650000,3.150000,
0.700000,3.150000,
0.750000,3.150000,
0.800000,3.150000,
0.850000,3.150000,
0.900000,3.150000,
0.950000,3.150000,
1.000000,3.150000,
1.050000,3.150000,
1.100000,3.150000,
1.150000,3.150000,
1.200000,3.150000,
1.250000,3.150000,
1.300000,3.150000,
1.350000,3.150000,
1.400000,3.150000,
1.450000,3.150000,
1.500000,3.150000,
1.550000,3.150000,
1.600000,3.150000,
1.650000,3.150000,
1.700000,3.150000,
1.750000,3.150000,
1.800000,3.150000,
1.850000,3.150000,
1.900000,3.150000,
1.950000,3.150000,
2.000000,3.150000,
2.050000,3.150000,
2.100000,3.150000,
2.150000,3.150000,
2.200000,3.150000,
2.250000,3.150000,
2.300000,3.150000,
2.350000,3.150000,
2.400000,3.150000,
2.450000,3.150000,
2.500000,3.150000,
2.550000,3.150000,
2.600000,3.150000,
2.650000,3.150000,
2.700000,3.150000,
2.750000,3.150000,
2.800000,3.150000,
2.850000,3.150000,
2.900000,3.150000,
2.950000,3.150000,
3.000000,3.150000,
3.050000,3.150000,
3.100000,3.150000,
3.150000,3.150000,
3.200000,3.150000,
3.250000,3.150000,
3.300000,3.150000,
3.350000,3.150000,
3.400000,3.150000,
3.450000,3.150000,
3.500000,3.150000,
-3.500000,3.200000,
-3.450000,3.200000,
-3.400000,3.200000,
-3.350000,3.200000,
-3.300000,3.200000,
-3.250000,3.200000,
-3.200000,3.200000,
-3.150000,3.200000,
-3.100000,3.200000,
-3.050000,3.200000,
-3.000000,3.200000,
-2.950000,3.200000,
-2.900000,3.200000,
-2.850000,3.200000,
-2.800000,3.200000,
-2.750000,3.200000,
-2.700000,3.200000,
-2.650000,3.200000,
-2.600000,3.200000,
-2.550000,3.200000,
-2.500000,3.200000,
-2.450000,3.200000,
-2.400000,3.200000,
-2.350000,3.200000,
-2.300000,3.200000,
-2.250000,3.200000,
-2.200000,3.200000,
-2.150000,3.200000,
-2.100000,3.200000,
-2.050000,3.200000,
-2.000000,3.200000,
-1.950000,3.200000,
-1.900000,3.200000,
-1.850000,3.200000,
-1.800000,3.200000,
-1.750000,3.200000,
-1.700000,3.200000,
-1.650000,3.200000,
-1.600000,3.200000,
-1.550000,3.200000,
-1.500000,3.200000,
-1.450000,3.200000,
-1.400000,3.200000,
-1.350000,3.200000,
-1.300000,3.200000,
-1.250000,3.200000,
-1.200000,3.200000,
-1.150000,3.200000,
-1.100000,3.200000,
-1.050000,3.200000,
-1.000000,3.200000,
-0.950000,3.200000,
-0.900000,3.200000,
-0.850000,3.200000,
-0.800000,3.200000,
-0.750000,3.200000,
-0.700000,3.200000,
-0.650000,3.200000,
-0.600000,3.200000,
-0.550000,3.200000,
-0.500000,3.200000,
-0.450000,3.200000,
-0.400000,3.200000,
-0.350000,3.200000,
-0.300000,3.200000,
-0.250000,3.200000,
-0.200000,3.200000,
-0.150000,3.200000,
-0.100000,3.200000,
-0.050000,3.200000,
-0.000000,3.200000,
0.050000,3.200000,
0.100000,3.200000,
0.150000,3.200000,
0.200000,3.200000,
0.250000,3.200000,
0.300000,3.200000,
0.350000,3.200000,
0.400000,3.200000,
0.450000,3.200000,
0.500000,3.200000,
0.550000,3.200000,
0.600000,3.200000,
0.650000,3.200000,
0.700000,3.200000,
0.750000,3.200000,
0.800000,3.200000,
0.850000,3.200000,
0.900000,3.200000,
0.950000,3.200000,
1.000000,3.200000,
1.050000,3.200000,
1.100000,3.200000,
1.150000,3.200000,
1.200000,3.200000,
1.250000,3.200000,
1.300000,3.200000,
1.350000,3.200000,
1.400000,3.200000,
1.450000,3.200000,
1.500000,3.200000,
1.550000,3.200000,
1.600000,3.200000,
1.650000,3.200000,
1.700000,3.200000,
1.750000,3.200000,
1.800000,3.200000,
1.850000,3.200000,
1.900000,3.200000,
1.950000,3.200000,
2.000000,3.200000,
2.050000,3.200000,
2.100000,3.200000,
2.150000,3.200000,
2.200000,3.200000,
2.250000,3.200000,
2.300000,3.200000,
2.350000,3.200000,
2.400000,3.200000,
2.450000,3.200000,
2.500000,3.200000,
2.550000,3.200000,
2.600000,3.200000,
2.650000,3.200000,
2.700000,3.200000,
2.750000,3.200000,
2.800000,3.200000,
2.850000,3.200000,
2.900000,3.200000,
2.950000,3.200000,
3.000000,3.200000,
3.050000,3.200000,
3.100000,3.200000,
3.150000,3.200000,
3.200000,3.200000,
3.250000,3.200000,
3.300000,3.200000,
3.350000,3.200000,
3.400000,3.200000,
3.450000,3.200000,
3.500000,3.200000,
-3.500000,3.250000,
-3.450000,3.250000,
-3.400000,3.250000,
-3.350000,3.250000,
-3.300000,3.250000,
-3.250000,3.250000,
-3.200000,3.250000,
-3.150000,3.250000,
-3.100000,3.250000,
-3.050000,3.250000,
-3.000000,3.250000,
-2.950000,3.250000,
-2.900000,3.250000,
-2.850000,3.250000,
-2.800000,3.250000,
-2.750000,3.250000,
-2.700000,3.250000,
-2.650000,3.250000,
-2.600000,3.250000,
-2.550000,3.250000,
-2.500000,3.250000,
-2.450000,3.250000,
-2.400000,3.250000,
-2.350000,3.250000,
-2.300000,3.250000,
-2.250000,3.250000,
-2.200000,3.250000,
-2.150000,3.250000,
-2.100000,3.250000,
-2.050000,3.250000,
-2.000000,3.250000,
-1.950000,3.250000,
-1.900000,3.250000,
-1.850000,3.250000,
-1.800000,3.250000,
-1.750000,3.250000,
-1.700000,3.250000,
-1.650000,3.250000,
-1.600000,3.250000,
-1.550000,3.250000,
-1.500000,3.250000,
-1.450000,3.250000,
-1.400000,3.250000,
-1.350000,3.250000,
-1.300000,3.250000,
-1.250000,3.250000,
-1.200000,3.250000,
-1.150000,3.250000,
-1.100000,3.250000,
-1.050000,3.250000,
-1.000000,3.250000,
-0.950000,3.250000,
-0.900000,3.250000,
-0.850000,3.250000,
-0.800000,3.250000,
-0.750000,3.250000,
-0.700000,3.250000,
-0.650000,3.250000,
-0.600000,3.250000,
-0.550000,3.250000,
-0.500000,3.250000,
-0.450000,3.250000,
-0.400000,3.250000,
-0.350000,3.250000,
-0.300000,3.250000,
-0.250000,3.250000,
-0.200000,3.250000,
-0.150000,3.250000,
-0.100000,3.250000,
-0.050000,3.250000,
-0.000000,3.250000,
0.050000,3.250000,
0.100000,3.250000,
0.150000,3.250000,
0.200000,3.250000,
0.250000,3.250000,
0.300000,3.250000,
0.350000,3.250000,
0.400000,3.250000,
0.450000,3.250000,
0.500000,3.250000,
0.550000,3.250000,
0.600000,3.250000,
0.650000,3.250000,
0.700000,3.250000,
0.750000,3.250000,
0.800000,3.250000,
0.850000,3.250000,
0.900000,3.250000,
0.950000,3.250000,
1.000000,3.250000,
1.050000,3.250000,
1.100000,3.250000,
1.150000,3.250000,
1.200000,3.250000,
1.250000,3.250000,
1.300000,3.250000,
1.350000,3.250000,
1.400000,3.250000,
1.450000,3.250000,
1.500000,3.250000,
1.550000,3.250000,
1.600000,3.250000,
1.650000,3.250000,
1.700000,3.250000,
1.750000,3.250000,
1.800000,3.250000,
1.850000,3.250000,
1.900000,3.250000,
1.950000,3.250000,
2.000000,3.250000,
2.050000,3.250000,
2.100000,3.250000,
2.150000,3.250000,
2.200000,3.250000,
2.250000,3.250000,
2.300000,3.250000,
2.350000,3.250000,
2.400000,3.250000,
2.450000,3.250000,
2.500000,3.250000,
2.550000,3.250000,
2.600000,3.250000,
2.650000,3.250000,
2.700000,3.250000,
2.750000,3.250000,
2.800000,3.250000,
2.850000,3.250000,
2.900000,3.250000,
2.950000,3.250000,
3.000000,3.250000,
3.050000,3.250000,
3.100000,3.250000,
3.150000,3.250000,
3.200000,3.250000,
3.250000,3.250000,
3.300000,3.250000,
3.350000,3.250000,
3.400000,3.250000,
3.450000,3.250000,
3.500000,3.250000,
-3.500000,3.300000,
-3.450000,3.300000,
-3.400000,3.300000,
-3.350000,3.300000,
-3.300000,3.300000,
-3.250000,3.300000,
-3.200000,3.300000,
-3.150000,3.300000,
-3.100000,3.300000,
-3.050000,3.300000,
-3.000000,3.300000,
-2.950000,3.300000,
-2.900000,3.300000,
-2.850000,3.300000,
-2.800000,3.300000,
-2.750000,3.300000,
-2.700000,3.300000,
-2.650000,3.300000,
-2.600000,3.300000,
-2.550000,3.300000,
-2.500000,3.300000,
-2.450000,3.300000,
-2.400000,3.300000,
-2.350000,3.300000,
-2.300000,3.300000,
-2.250000,3.300000,
-2.200000,3.300000,
-2.150000,3.300000,
-2.100000,3.300000,
-2.050000,3.300000,
-2.000000,3.300000,
-1.950000,3.300000,
-1.900000,3.300000,
-1.850000,3.300000,
-1.800000,3.300000,
-1.750000,3.300000,
-1.700000,3.300000,
-1.650000,3.300000,
-1.600000,3.300000,
-1.550000,3.300000,
-1.500000,3.300000,
-1.450000,3.300000,
-1.400000,3.300000,
-1.350000,3.300000,
-1.300000,3.300000,
-1.250000,3.300000,
-1.200000,3.300000,
-1.150000,3.300000,
-1.100000,3.300000,
-1.050000,3.300000,
-1.000000,3.300000,
-0.950000,3.300000,
-0.900000,3.300000,
-0.850000,3.300000,
-0.800000,3.300000,
-0.750000,3.300000,
-0.700000,3.300000,
-0.650000,3.300000,
-0.600000,3.300000,
-0.550000,3.300000,
-0.500000,3.300000,
-0.450000,3.300000,
-0.400000,3.300000,
-0.350000,3.300000,
-0.300000,3.300000,
-0.250000,3.300000,
-0.200000,3.300000,
-0.150000,3.300000,
-0.100000,3.300000,
-0.050000,3.300000,
-0.000000,3.300000,
0.050000,3.300000,
0.100000,3.300000,
0.150000,3.300000,
0.200000,3.300000,
0.250000,3.300000,
0.300000,3.300000,
0.350000,3.300000,
0.400000,3.300000,
0.450000,3.300000,
0.500000,3.300000,
0.550000,3.300000,
0.600000,3.300000,
0.650000,3.300000,
0.700000,3.300000,
0.750000,3.300000,
0.800000,3.300000,
0.850000,3.300000,
0.900000,3.300000,
0.950000,3.300000,
1.000000,3.300000,
1.050000,3.300000,
1.100000,3.300000,
1.150000,3.300000,
1.200000,3.300000,
1.250000,3.300000,
1.300000,3.300000,
1.350000,3.300000,
1.400000,3.300000,
1.450000,3.300000,
1.500000,3.300000,
1.550000,3.300000,
1.600000,3.300000,
1.650000,3.300000,
1.700000,3.300000,
1.750000,3.300000,
1.800000,3.300000,
1.850000,3.300000,
1.900000,3.300000,
1.950000,3.300000,
2.000000,3.300000,
2.050000,3.300000,
2.100000,3.300000,
2.150000,3.300000,
2.200000,3.300000,
2.250000,3.300000,
2.300000,3.300000,
2.350000,3.300000,
2.400000,3.300000,
2.450000,3.300000,
2.500000,3.300000,
2.550000,3.300000,
2.600000,3.300000,
2.650000,3.300000,
2.700000,3.300000,
2.750000,3.300000,
2.800000,3.300000,
2.850000,3.300000,
2.900000,3.300000,
2.950000,3.300000,
3.000000,3.300000,
3.050000,3.300000,
3.100000,3.300000,
3.150000,3.300000,
3.200000,3.300000,
3.250000,3.300000,
3.300000,3.300000,
3.350000,3.300000,
3.400000,3.300000,
3.450000,3.300000,
3.500000,3.300000,
-3.500000,3.350000,
-3.450000,3.350000,
-3.400000,3.350000,
-3.350000,3.350000,
-3.300000,3.350000,
-3.250000,3.350000,
-3.200000,3.350000,
-3.150000,3.350000,
-3.100000,3.350000,
-3.050000,3.350000,
-3.000000,3.350000,
-2.950000,3.350000,
-2.900000,3.350000,
-2.850000,3.350000,
-2.800000,3.350000,
-2.750000,3.350000,
-2.700000,3.350000,
-2.650000,3.350000,
-2.600000,3.350000,
-2.550000,3.350000,
-2.500000,3.350000,
-2.450000,3.350000,
-2.400000,3.350000,
-2.350000,3.350000,
-2.300000,3.350000,
-2.250000,3.350000,
-2.200000,3.350000,
-2.150000,3.350000,
-2.100000,3.350000,
-2.050000,3.350000,
-2.000000,3.350000,
-1.950000,3.350000,
-1.900000,3.350000,
-1.850000,3.350000,
-1.800000,3.350000,
-1.750000,3.350000,
-1.700000,3.350000,
-1.650000,3.350000,
-1.600000,3.350000,
-1.550000,3.350000,
-1.500000,3.350000,
-1.450000,3.350000,
-1.400000,3.350000,
-1.350000,3.350000,
-1.300000,3.350000,
-1.250000,3.350000,
-1.200000,3.350000,
-1.150000,3.350000,
-1.100000,3.350000,
-1.050000,3.350000,
-1.000000,3.350000,
-0.950000,3.350000,
-0.900000,3.350000,
-0.850000,3.350000,
-0.800000,3.350000,
-0.750000,3.350000,
-0.700000,3.350000,
-0.650000,3.350000,
-0.600000,3.350000,
-0.550000,3.350000,
-0.500000,3.350000,
-0.450000,3.350000,
-0.400000,3.350000,
-0.350000,3.350000,
-0.300000,3.350000,
-0.250000,3.350000,
-0.200000,3.350000,
-0.150000,3.350000,
-0.100000,3.350000,
-0.050000,3.350000,
-0.000000,3.350000,
0.050000,3.350000,
0.100000,3.350000,
0.150000,3.350000,
0.200000,3.350000,
0.250000,3.350000,
0.300000,3.350000,
0.350000,3.350000,
0.400000,3.350000,
0.450000,3.350000,
0.500000,3.350000,
0.550000,3.350000,
0.600000,3.350000,
0.650000,3.350000,
0.700000,3.350000,
0.750000,3.350000,
0.800000,3.350000,
0.850000,3.350000,
0.900000,3.350000,
0.950000,3.350000,
1.000000,3.350000,
1.050000,3.350000,
1.100000,3.350000,
1.150000,3.350000,
1.200000,3.350000,
1.250000,3.350000,
1.300000,3.350000,
1.350000,3.350000,
1.400000,3.350000,
1.450000,3.350000,
1.500000,3.350000,
1.550000,3.350000,
1.600000,3.350000,
1.650000,3.350000,
1.700000,3.350000,
1.750000,3.350000,
1.800000,3.350000,
1.850000,3.350000,
1.900000,3.350000,
1.950000,3.350000,
2.000000,3.350000,
2.050000,3.350000,
2.100000,3.350000,
2.150000,3.350000,
2.200000,3.350000,
2.250000,3.350000,
2.300000,3.350000,
2.350000,3.350000,
2.400000,3.350000,
2.450000,3.350000,
2.500000,3.350000,
2.550000,3.350000,
2.600000,3.350000,
2.650000,3.350000,
2.700000,3.350000,
2.750000,3.350000,
2.800000,3.350000,
2.850000,3.350000,
2.900000,3.350000,
2.950000,3.350000,
3.000000,3.350000,
3.050000,3.350000,
3.100000,3.350000,
3.150000,3.350000,
3.200000,3.350000,
3.250000,3.350000,
3.300000,3.350000,
3.350000,3.350000,
3.400000,3.350000,
3.450000,3.350000,
3.500000,3.350000,
-3.500000,3.400000,
-3.450000,3.400000,
-3.400000,3.400000,
-3.350000,3.400000,
-3.300000,3.400000,
-3.250000,3.400000,
-3.200000,3.400000,
-3.150000,3.400000,
-3.100000,3.400000,
-3.050000,3.400000,
-3.000000,3.400000,
-2.950000,3.400000,
-2.900000,3.400000,
-2.850000,3.400000,
-2.800000,3.400000,
-2.750000,3.400000,
-2.700000,3.400000,
-2.650000,3.400000,
-2.600000,3.400000,
-2.550000,3.400000,
-2.500000,3.400000,
-2.450000,3.400000,
-2.400000,3.400000,
-2.350000,3.400000,
-2.300000,3.400000,
-2.250000,3.400000,
-2.200000,3.400000,
-2.150000,3.400000,
-2.100000,3.400000,
-2.050000,3.400000,
-2.000000,3.400000,
-1.950000,3.400000,
-1.900000,3.400000,
-1.850000,3.400000,
-1.800000,3.400000,
-1.750000,3.400000,
-1.700000,3.400000,
-1.650000,3.400000,
-1.600000,3.400000,
-1.550000,3.400000,
-1.500000,3.400000,
-1.450000,3.400000,
-1.400000,3.400000,
-1.350000,3.400000,
-1.300000,3.400000,
-1.250000,3.400000,
-1.200000,3.400000,
-1.150000,3.400000,
-1.100000,3.400000,
-1.050000,3.400000,
-1.000000,3.400000,
-0.950000,3.400000,
-0.900000,3.400000,
-0.850000,3.400000,
-0.800000,3.400000,
-0.750000,3.400000,
-0.700000,3.400000,
-0.650000,3.400000,
-0.600000,3.400000,
-0.550000,3.400000,
-0.500000,3.400000,
-0.450000,3.400000,
-0.400000,3.400000,
-0.350000,3.400000,
-0.300000,3.400000,
-0.250000,3.400000,
-0.200000,3.400000,
-0.150000,3.400000,
-0.100000,3.400000,
-0.050000,3.400000,
-0.000000,3.400000,
0.050000,3.400000,
0.100000,3.400000,
0.150000,3.400000,
0.200000,3.400000,
0.250000,3.400000,
0.300000,3.400000,
0.350000,3.400000,
0.400000,3.400000,
0.450000,3.400000,
0.500000,3.400000,
0.550000,3.400000,
0.600000,3.400000,
0.650000,3.400000,
0.700000,3.400000,
0.750000,3.400000,
0.800000,3.400000,
0.850000,3.400000,
0.900000,3.400000,
0.950000,3.400000,
1.000000,3.400000,
1.050000,3.400000,
1.100000,3.400000,
1.150000,3.400000,
1.200000,3.400000,
1.250000,3.400000,
1.300000,3.400000,
1.350000,3.400000,
1.400000,3.400000,
1.450000,3.400000,
1.500000,3.400000,
1.550000,3.400000,
1.600000,3.400000,
1.650000,3.400000,
1.700000,3.400000,
1.750000,3.400000,
1.800000,3.400000,
1.850000,3.400000,
1.900000,3.400000,
1.950000,3.400000,
2.000000,3.400000,
2.050000,3.400000,
2.100000,3.400000,
2.150000,3.400000,
2.200000,3.400000,
2.250000,3.400000,
2.300000,3.400000,
2.350000,3.400000,
2.400000,3.400000,
2.450000,3.400000,
2.500000,3.400000,
2.550000,3.400000,
2.600000,3.400000,
2.650000,3.400000,
2.700000,3.400000,
2.750000,3.400000,
2.800000,3.400000,
2.850000,3.400000,
2.900000,3.400000,
2.950000,3.400000,
3.000000,3.400000,
3.050000,3.400000,
3.100000,3.400000,
3.150000,3.400000,
3.200000,3.400000,
3.250000,3.400000,
3.300000,3.400000,
3.350000,3.400000,
3.400000,3.400000,
3.450000,3.400000,
3.500000,3.400000,
-3.500000,3.450000,
-3.450000,3.450000,
-3.400000,3.450000,
-3.350000,3.450000,
-3.300000,3.450000,
-3.250000,3.450000,
-3.200000,3.450000,
-3.150000,3.450000,
-3.100000,3.450000,
-3.050000,3.450000,
-3.000000,3.450000,
-2.950000,3.450000,
-2.900000,3.450000,
-2.850000,3.450000,
-2.800000,3.450000,
-2.750000,3.450000,
-2.700000,3.450000,
-2.650000,3.450000,
-2.600000,3.450000,
-2.550000,3.450000,
-2.500000,3.450000,
-2.450000,3.450000,
-2.400000,3.450000,
-2.350000,3.450000,
-2.300000,3.450000,
-2.250000,3.450000,
-2.200000,3.450000,
-2.150000,3.450000,
-2.100000,3.450000,
-2.050000,3.450000,
-2.000000,3.450000,
-1.950000,3.450000,
-1.900000,3.450000,
-1.850000,3.450000,
-1.800000,3.450000,
-1.750000,3.450000,
-1.700000,3.450000,
-1.650000,3.450000,
-1.600000,3.450000,
-1.550000,3.450000,
-1.500000,3.450000,
-1.450000,3.450000,
-1.400000,3.450000,
-1.350000,3.450000,
-1.300000,3.450000,
-1.250000,3.450000,
-1.200000,3.450000,
-1.150000,3.450000,
-1.100000,3.450000,
-1.050000,3.450000,
-1.000000,3.450000,
-0.950000,3.450000,
-0.900000,3.450000,
-0.850000,3.450000,
-0.800000,3.450000,
-0.750000,3.450000,
-0.700000,3.450000,
-0.650000,3.450000,
-0.600000,3.450000,
-0.550000,3.450000,
-0.500000,3.450000,
-0.450000,3.450000,
-0.400000,3.450000,
-0.350000,3.450000,
-0.300000,3.450000,
-0.250000,3.450000,
-0.200000,3.450000,
-0.150000,3.450000,
-0.100000,3.450000,
-0.050000,3.450000,
-0.000000,3.450000,
0.050000,3.450000,
0.100000,3.450000,
0.150000,3.450000,
0.200000,3.450000,
0.250000,3.450000,
0.300000,3.450000,
0.350000,3.450000,
0.400000,3.450000,
0.450000,3.450000,
0.500000,3.450000,
0.550000,3.450000,
0.600000,3.450000,
0.650000,3.450000,
0.700000,3.450000,
0.750000,3.450000,
0.800000,3.450000,
0.850000,3.450000,
0.900000,3.450000,
0.950000,3.450000,
1.000000,3.450000,
1.050000,3.450000,
1.100000,3.450000,
1.150000,3.450000,
1.200000,3.450000,
1.250000,3.450000,
1.300000,3.450000,
1.350000,3.450000,
1.400000,3.450000,
1.450000,3.450000,
1.500000,3.450000,
1.550000,3.450000,
1.600000,3.450000,
1.650000,3.450000,
1.700000,3.450000,
1.750000,3.450000,
1.800000,3.450000,
1.850000,3.450000,
1.900000,3.450000,
1.950000,3.450000,
2.000000,3.450000,
2.050000,3.450000,
2.100000,3.450000,
2.150000,3.450000,
2.200000,3.450000,
2.250000,3.450000,
2.300000,3.450000,
2.350000,3.450000,
2.400000,3.450000,
2.450000,3.450000,
2.500000,3.450000,
2.550000,3.450000,
2.600000,3.450000,
2.650000,3.450000,
2.700000,3.450000,
2.750000,3.450000,
2.800000,3.450000,
2.850000,3.450000,
2.900000,3.450000,
2.950000,3.450000,
3.000000,3.450000,
3.050000,3.450000,
3.100000,3.450000,
3.150000,3.450000,
3.200000,3.450000,
3.250000,3.450000,
3.300000,3.450000,
3.350000,3.450000,
3.400000,3.450000,
3.450000,3.450000,
3.500000,3.450000,
-3.500000,3.500000,
-3.450000,3.500000,
-3.400000,3.500000,
-3.350000,3.500000,
-3.300000,3.500000,
-3.250000,3.500000,
-3.200000,3.500000,
-3.150000,3.500000,
-3.100000,3.500000,
-3.050000,3.500000,
-3.000000,3.500000,
-2.950000,3.500000,
-2.900000,3.500000,
-2.850000,3.500000,
-2.800000,3.500000,
-2.750000,3.500000,
-2.700000,3.500000,
-2.650000,3.500000,
-2.600000,3.500000,
-2.550000,3.500000,
-2.500000,3.500000,
-2.450000,3.500000,
-2.400000,3.500000,
-2.350000,3.500000,
-2.300000,3.500000,
-2.250000,3.500000,
-2.200000,3.500000,
-2.150000,3.500000,
-2.100000,3.500000,
-2.050000,3.500000,
-2.000000,3.500000,
-1.950000,3.500000,
-1.900000,3.500000,
-1.850000,3.500000,
-1.800000,3.500000,
-1.750000,3.500000,
-1.700000,3.500000,
-1.650000,3.500000,
-1.600000,3.500000,
-1.550000,3.500000,
-1.500000,3.500000,
-1.450000,3.500000,
-1.400000,3.500000,
-1.350000,3.500000,
-1.300000,3.500000,
-1.250000,3.500000,
-1.200000,3.500000,
-1.150000,3.500000,
-1.100000,3.500000,
-1.050000,3.500000,
-1.000000,3.500000,
-0.950000,3.500000,
-0.900000,3.500000,
-0.850000,3.500000,
-0.800000,3.500000,
-0.750000,3.500000,
-0.700000,3.500000,
-0.650000,3.500000,
-0.600000,3.500000,
-0.550000,3.500000,
-0.500000,3.500000,
-0.450000,3.500000,
-0.400000,3.500000,
-0.350000,3.500000,
-0.300000,3.500000,
-0.250000,3.500000,
-0.200000,3.500000,
-0.150000,3.500000,
-0.100000,3.500000,
-0.050000,3.500000,
-0.000000,3.500000,
0.050000,3.500000,
0.100000,3.500000,
0.150000,3.500000,
0.200000,3.500000,
0.250000,3.500000,
0.300000,3.500000,
0.350000,3.500000,
0.400000,3.500000,
0.450000,3.500000,
0.500000,3.500000,
0.550000,3.500000,
0.600000,3.500000,
0.650000,3.500000,
0.700000,3.500000,
0.750000,3.500000,
0.800000,3.500000,
0.850000,3.500000,
0.900000,3.500000,
0.950000,3.500000,
1.000000,3.500000,
1.050000,3.500000,
1.100000,3.500000,
1.150000,3.500000,
1.200000,3.500000,
1.250000,3.500000,
1.300000,3.500000,
1.350000,3.500000,
1.400000,3.500000,
1.450000,3.500000,
1.500000,3.500000,
1.550000,3.500000,
1.600000,3.500000,
1.650000,3.500000,
1.700000,3.500000,
1.750000,3.500000,
1.800000,3.500000,
1.850000,3.500000,
1.900000,3.500000,
1.950000,3.500000,
2.000000,3.500000,
2.050000,3.500000,
2.100000,3.500000,
2.150000,3.500000,
2.200000,3.500000,
2.250000,3.500000,
2.300000,3.500000,
2.350000,3.500000,
2.400000,3.500000,
2.450000,3.500000,
2.500000,3.500000,
2.550000,3.500000,
2.600000,3.500000,
2.650000,3.500000,
2.700000,3.500000,
2.750000,3.500000,
2.800000,3.500000,
2.850000,3.500000,
2.900000,3.500000,
2.950000,3.500000,
3.000000,3.500000,
3.050000,3.500000,
3.100000,3.500000,
3.150000,3.500000,
3.200000,3.500000,
3.250000,3.500000,
3.300000,3.500000,
3.350000,3.500000,
3.400000,3.500000,
3.450000,3.500000,
3.500000,3.500000,
