x,y,z
-3.500000,-3.500000,
-3.400000,-3.500000,
-3.300000,-3.500000,
-3.200000,-3.500000,
-3.100000,-3.500000,
-3.000000,-3.500000,
-2.900000,-3.500000,
-2.800000,-3.500000,
-2.700000,-3.500000,
-2.600000,-3.500000,
-2.500000,-3.500000,
-2.400000,-3.500000,
-2.300000,-3.500000,
-2.200000,-3.500000,
-2.100000,-3.500000,
-2.000000,-3.500000,
-1.900000,-3.500000,
-1.800000,-3.500000,
-1.700000,-3.500000,
-1.600000,-3.500000,
-1.500000,-3.500000,
-1.400000,-3.500000,
-1.300000,-3.500000,
-1.200000,-3.500000,
-1.100000,-3.500000,
-1.000000,-3.500000,
-0.900000,-3.500000,
-0.800000,-3.500000,
-0.700000,-3.500000,
-0.600000,-3.500000,
-0.500000,-3.500000,
-0.400000,-3.500000,
-0.300000,-3.500000,
-0.200000,-3.500000,
-0.100000,-3.500000,
0.000000,-3.500000,
0.100000,-3.500000,
0.200000,-3.500000,
0.300000,-3.500000,
0.400000,-3.500000,
0.500000,-3.500000,
0.600000,-3.500000,
0.700000,-3.500000,
0.800000,-3.500000,
0.900000,-3.500000,
1.000000,-3.500000,
1.100000,-3.500000,
1.200000,-3.500000,
1.300000,-3.500000,
1.400000,-3.500000,
1.500000,-3.500000,
1.600000,-3.500000,
1.700000,-3.500000,
1.800000,-3.500000,
1.900000,-3.500000,
2.000000,-3.500000,
2.100000,-3.500000,
2.200000,-3.500000,
2.300000,-3.500000,
2.400000,-3.500000,
2.500000,-3.500000,
2.600000,-3.500000,
2.700000,-3.500000,
2.800000,-3.500000,
2.900000,-3.500000,
3.000000,-3.500000,
3.100000,-3.500000,
3.200000,-3.500000,
3.300000,-3.500000,
3.400000,-3.500000,
3.500000,-3.500000,
-3.500000,-3.400000,
-3.400000,-3.400000,
-3.300000,-3.400000,
-3.200000,-3.400000,
-3.100000,-3.400000,
-3.000000,-3.400000,
-2.900000,-3.400000,
-2.800000,-3.400000,
-2.700000,-3.400000,
-2.600000,-3.400000,
-2.500000,-3.400000,
-2.400000,-3.400000,
-2.300000,-3.400000,
-2.200000,-3.400000,
-2.100000,-3.400000,
-2.000000,-3.400000,
-1.900000,-3.400000,
-1.800000,-3.400000,
-1.700000,-3.400000,
-1.600000,-3.400000,
-1.500000,-3.400000,
-1.400000,-3.400000,
-1.300000,-3.400000,
-1.200000,-3.400000,
-1.100000,-3.400000,
-1.000000,-3.400000,
-0.900000,-3.400000,
-0.800000,-3.400000,
-0.700000,-3.400000,
-0.600000,-3.400000,
-0.500000,-3.400000,
-0.400000,-3.400000,
-0.300000,-3.400000,
-0.200000,-3.400000,
-0.100000,-3.400000,
0.000000,-3.400000,
0.100000,-3.400000,
0.200000,-3.400000,
0.300000,-3.400000,
0.400000,-3.400000,
0.500000,-3.400000,
0.600000,-3.400000,
0.700000,-3.400000,
0.800000,-3.400000,
0.900000,-3.400000,
1.000000,-3.400000,
1.100000,-3.400000,
1.200000,-3.400000,
1.300000,-3.400000,
1.400000,-3.400000,
1.500000,-3.400000,
1.600000,-3.400000,
1.700000,-3.400000,
1.800000,-3.400000,
1.900000,-3.400000,
2.000000,-3.400000,
2.100000,-3.400000,
2.200000,-3.400000,
2.300000,-3.400000,
2.400000,-3.400000,
2.500000,-3.400000,
2.600000,-3.400000,
2.700000,-3.400000,
2.800000,-3.400000,
2.900000,-3.400000,
3.000000,-3.400000,
3.100000,-3.400000,
3.200000,-3.400000,
3.300000,-3.400000,
3.400000,-3.400000,
3.500000,-3.400000,
-3.500000,-3.300000,
-3.400000,-3.300000,
-3.300000,-3.300000,
-3.200000,-3.300000,
-3.100000,-3.300000,
-3.000000,-3.300000,
-2.900000,-3.300000,
-2.800000,-3.300000,
-2.700000,-3.300000,
-2.600000,-3.300000,
-2.500000,-3.300000,
-2.400000,-3.300000,
-2.300000,-3.300000,
-2.200000,-3.300000,
-2.100000,-3.300000,
-2.000000,-3.300000,
-1.900000,-3.300000,
-1.800000,-3.300000,
-1.700000,-3.300000,
-1.600000,-3.300000,
-1.500000,-3.300000,
-1.400000,-3.300000,
-1.300000,-3.300000,
-1.200000,-3.300000,
-1.100000,-3.300000,
-1.000000,-3.300000,
-0.900000,-3.300000,
-0.800000,-3.300000,
-0.700000,-3.300000,
-0.600000,-3.300000,
-0.500000,-3.300000,
-0.400000,-3.300000,
-0.300000,-3.300000,
-0.200000,-3.300000,
-0.100000,-3.300000,
0.000000,-3.300000,
0.100000,-3.300000,
0.200000,-3.300000,
0.300000,-3.300000,
0.400000,-3.300000,
0.500000,-3.300000,
0.600000,-3.300000,
0.700000,-3.300000,
0.800000,-3.300000,
0.900000,-3.300000,
1.000000,-3.300000,
1.100000,-3.300000,
1.200000,-3.300000,
1.300000,-3.300000,
1.400000,-3.300000,
1.500000,-3.300000,
1.600000,-3.300000,
1.700000,-3.300000,
1.800000,-3.300000,
1.900000,-3.300000,
2.000000,-3.300000,
2.100000,-3.300000,
2.200000,-3.300000,
2.300000,-3.300000,
2.400000,-3.300000,
2.500000,-3.300000,
2.600000,-3.300000,
2.700000,-3.300000,
2.800000,-3.300000,
2.900000,-3.300000,
3.000000,-3.300000,
3.100000,-3.300000,
3.200000,-3.300000,
3.300000,-3.300000,
3.400000,-3.300000,
3.500000,-3.300000,
-3.500000,-3.200000,
-3.400000,-3.200000,
-3.300000,-3.200000,
-3.200000,-3.200000,
-3.100000,-3.200000,
-3.000000,-3.200000,
-2.900000,-3.200000,
-2.800000,-3.200000,
-2.700000,-3.200000,
-2.600000,-3.200000,
-2.500000,-3.200000,
-2.400000,-3.200000,
-2.300000,-3.200000,
-2.200000,-3.200000,
-2.100000,-3.200000,
-2.000000,-3.200000,
-1.900000,-3.200000,
-1.800000,-3.200000,
-1.700000,-3.200000,
-1.600000,-3.200000,
-1.500000,-3.200000,
-1.400000,-3.200000,
-1.300000,-3.200000,
-1.200000,-3.200000,
-1.100000,-3.200000,
-1.000000,-3.200000,
-0.900000,-3.200000,
-0.800000,-3.200000,
-0.700000,-3.200000,
-0.600000,-3.200000,
-0.500000,-3.200000,
-0.400000,-3.200000,
-0.300000,-3.200000,
-0.200000,-3.200000,
-0.100000,-3.200000,
0.000000,-3.200000,
0.100000,-3.200000,
0.200000,-3.200000,
0.300000,-3.200000,
0.400000,-3.200000,
0.500000,-3.200000,
0.600000,-3.200000,
0.700000,-3.200000,
0.800000,-3.200000,
0.900000,-3.200000,
1.000000,-3.200000,
1.100000,-3.200000,
1.200000,-3.200000,
1.300000,-3.200000,
1.400000,-3.200000,
1.500000,-3.200000,
1.600000,-3.200000,
1.700000,-3.200000,
1.800000,-3.200000,
1.900000,-3.200000,
2.000000,-3.200000,
2.100000,-3.200000,
2.200000,-3.200000,
2.300000,-3.200000,
2.400000,-3.200000,
2.500000,-3.200000,
2.600000,-3.200000,
2.700000,-3.200000,
2.800000,-3.200000,
2.900000,-3.200000,
3.000000,-3.200000,
3.100000,-3.200000,
3.200000,-3.200000,
3.300000,-3.200000,
3.400000,-3.200000,
3.500000,-3.200000,
-3.500000,-3.100000,
-3.400000,-3.100000,
-3.300000,-3.100000,
-3.200000,-3.100000,
-3.100000,-3.100000,
-3.000000,-3.100000,
-2.900000,-3.100000,
-2.800000,-3.100000,
-2.700000,-3.100000,
-2.600000,-3.100000,
-2.500000,-3.100000,
-2.400000,-3.100000,
-2.300000,-3.100000,
-2.200000,-3.100000,
-2.100000,-3.100000,
-2.000000,-3.100000,
-1.900000,-3.100000,
-1.800000,-3.100000,
-1.700000,-3.100000,
-1.600000,-3.100000,
-1.500000,-3.100000,
-1.400000,-3.100000,
-1.300000,-3.100000,
-1.200000,-3.100000,
-1.100000,-3.100000,
-1.000000,-3.100000,
-0.900000,-3.100000,
-0.800000,-3.100000,
-0.700000,-3.100000,
-0.600000,-3.100000,
-0.500000,-3.100000,
-0.400000,-3.100000,
-0.300000,-3.100000,
-0.200000,-3.100000,
-0.100000,-3.100000,
0.000000,-3.100000,
0.100000,-3.100000,
0.200000,-3.100000,
0.300000,-3.100000,
0.400000,-3.100000,
0.500000,-3.100000,
0.600000,-3.100000,
0.700000,-3.100000,
0.800000,-3.100000,
0.900000,-3.100000,
1.000000,-3.100000,
1.100000,-3.100000,
1.200000,-3.100000,
1.300000,-3.100000,
1.400000,-3.100000,
1.500000,-3.100000,
1.600000,-3.100000,
1.700000,-3.100000,
1.800000,-3.100000,
1.900000,-3.100000,
2.000000,-3.100000,
2.100000,-3.100000,
2.200000,-3.100000,
2.300000,-3.100000,
2.400000,-3.100000,
2.500000,-3.100000,
2.600000,-3.100000,
2.700000,-3.100000,
2.800000,-3.100000,
2.900000,-3.100000,
3.000000,-3.100000,
3.100000,-3.100000,
3.200000,-3.100000,
3.300000,-3.100000,
3.400000,-3.100000,
3.500000,-3.100000,
-3.500000,-3.000000,
-3.400000,-3.000000,
-3.300000,-3.000000,
-3.200000,-3.000000,
-3.100000,-3.000000,
-3.000000,-3.000000,
-2.900000,-3.000000,
-2.800000,-3.000000,
-2.700000,-3.000000,
-2.600000,-3.000000,
-2.500000,-3.000000,
-2.400000,-3.000000,
-2.300000,-3.000000,
-2.200000,-3.000000,
-2.100000,-3.000000,
-2.000000,-3.000000,
-1.900000,-3.000000,
-1.800000,-3.000000,
-1.700000,-3.000000,
-1.600000,-3.000000,
-1.500000,-3.000000,
-1.400000,-3.000000,
-1.300000,-3.000000,
-1.200000,-3.000000,
-1.100000,-3.000000,
-1.000000,-3.000000,
-0.900000,-3.000000,
-0.800000,-3.000000,
-0.700000,-3.000000,
-0.600000,-3.000000,
-0.500000,-3.000000,
-0.400000,-3.000000,
-0.300000,-3.000000,
-0.200000,-3.000000,
-0.100000,-3.000000,
0.000000,-3.000000,
0.100000,-3.000000,
0.200000,-3.000000,
0.300000,-3.000000,
0.400000,-3.000000,
0.500000,-3.000000,
0.600000,-3.000000,
0.700000,-3.000000,
0.800000,-3.000000,
0.900000,-3.000000,
1.000000,-3.000000,
1.100000,-3.000000,
1.200000,-3.000000,
1.300000,-3.000000,
1.400000,-3.000000,
1.500000,-3.000000,
1.600000,-3.000000,
1.700000,-3.000000,
1.800000,-3.000000,
1.900000,-3.000000,
2.000000,-3.000000,
2.100000,-3.000000,
2.200000,-3.000000,
2.300000,-3.000000,
2.400000,-3.000000,
2.500000,-3.000000,
2.600000,-3.000000,
2.700000,-3.000000,
2.800000,-3.000000,
2.900000,-3.000000,
3.000000,-3.000000,
3.100000,-3.000000,
3.200000,-3.000000,
3.300000,-3.000000,
3.400000,-3.000000,
3.500000,-3.000000,
-3.500000,-2.900000,
-3.400000,-2.900000,
-3.300000,-2.900000,
-3.200000,-2.900000,
-3.100000,-2.900000,
-3.000000,-2.900000,
-2.900000,-2.900000,
-2.800000,-2.900000,
-2.700000,-2.900000,
-2.600000,-2.900000,
-2.500000,-2.900000,
-2.400000,-2.900000,
-2.300000,-2.900000,
-2.200000,-2.900000,
-2.100000,-2.900000,
-2.000000,-2.900000,
-1.900000,-2.900000,
-1.800000,-2.900000,
-1.700000,-2.900000,
-1.600000,-2.900000,
-1.500000,-2.900000,
-1.400000,-2.900000,
-1.300000,-2.900000,
-1.200000,-2.900000,
-1.100000,-2.900000,
-1.000000,-2.900000,
-0.900000,-2.900000,
-0.800000,-2.900000,
-0.700000,-2.900000,
-0.600000,-2.900000,
-0.500000,-2.900000,
-0.400000,-2.900000,
-0.300000,-2.900000,
-0.200000,-2.900000,
-0.100000,-2.900000,
0.000000,-2.900000,
0.100000,-2.900000,
0.200000,-2.900000,
0.300000,-2.900000,
0.400000,-2.900000,
0.500000,-2.900000,
0.600000,-2.900000,
0.700000,-2.900000,
0.800000,-2.900000,
0.900000,-2.900000,
1.000000,-2.900000,
1.100000,-2.900000,
1.200000,-2.900000,
1.300000,-2.900000,
1.400000,-2.900000,
1.500000,-2.900000,
1.600000,-2.900000,
1.700000,-2.900000,
1.800000,-2.900000,
1.900000,-2.900000,
2.000000,-2.900000,
2.100000,-2.900000,
2.200000,-2.900000,
2.300000,-2.900000,
2.400000,-2.900000,
2.500000,-2.900000,
2.600000,-2.900000,
2.700000,-2.900000,
2.800000,-2.900000,
2.900000,-2.900000,
3.000000,-2.900000,
3.100000,-2.900000,
3.200000,-2.900000,
3.300000,-2.900000,
3.400000,-2.900000,
3.500000,-2.900000,
-3.500000,-2.800000,
-3.400000,-2.800000,
-3.300000,-2.800000,
-3.200000,-2.800000,
-3.100000,-2.800000,
-3.000000,-2.800000,
-2.900000,-2.800000,
-2.800000,-2.800000,
-2.700000,-2.800000,
-2.600000,-2.800000,
-2.500000,-2.800000,
-2.400000,-2.800000,
-2.300000,-2.800000,
-2.200000,-2.800000,
-2.100000,-2.800000,
-2.000000,-2.800000,
-1.900000,-2.800000,
-1.800000,-2.800000,
-1.700000,-2.800000,
-1.600000,-2.800000,
-1.500000,-2.800000,
-1.400000,-2.800000,
-1.300000,-2.800000,
-1.200000,-2.800000,
-1.100000,-2.800000,
-1.000000,-2.800000,
-0.900000,-2.800000,
-0.800000,-2.800000,
-0.700000,-2.800000,
-0.600000,-2.800000,
-0.500000,-2.800000,
-0.400000,-2.800000,
-0.300000,-2.800000,
-0.200000,-2.800000,
-0.100000,-2.800000,
0.000000,-2.800000,
0.100000,-2.800000,
0.200000,-2.800000,
0.300000,-2.800000,
0.400000,-2.800000,
0.500000,-2.800000,
0.600000,-2.800000,
0.700000,-2.800000,
0.800000,-2.800000,
0.900000,-2.800000,-1.882576
1.000000,-2.800000,-1.826263
1.100000,-2.800000,-1.786559
1.200000,-2.800000,
1.300000,-2.800000,
1.400000,-2.800000,
1.500000,-2.800000,
1.600000,-2.800000,
1.700000,-2.800000,
1.800000,-2.800000,
1.900000,-2.800000,
2.000000,-2.800000,
2.100000,-2.800000,
2.200000,-2.800000,
2.300000,-2.800000,
2.400000,-2.800000,
2.500000,-2.800000,
2.600000,-2.800000,
2.700000,-2.800000,
2.800000,-2.800000,
2.900000,-2.800000,
3.000000,-2.800000,
3.100000,-2.800000,
3.200000,-2.800000,
3.300000,-2.800000,
3.400000,-2.800000,
3.500000,-2.800000,
-3.500000,-2.700000,
-3.400000,-2.700000,
-3.300000,-2.700000,
-3.200000,-2.700000,
-3.100000,-2.700000,
-3.000000,-2.700000,
-2.900000,-2.700000,
-2.800000,-2.700000,
-2.700000,-2.700000,
-2.600000,-2.700000,
-2.500000,-2.700000,
-2.400000,-2.700000,
-2.300000,-2.700000,
-2.200000,-2.700000,
-2.100000,-2.700000,
-2.000000,-2.700000,
-1.900000,-2.700000,
-1.800000,-2.700000,
-1.700000,-2.700000,
-1.600000,-2.700000,
-1.500000,-2.700000,
-1.400000,-2.700000,
-1.300000,-2.700000,
-1.200000,-2.700000,
-1.100000,-2.700000,
-1.000000,-2.700000,
-0.900000,-2.700000,
-0.800000,-2.700000,
-0.700000,-2.700000,
-0.600000,-2.700000,
-0.500000,-2.700000,-2.168682
-0.400000,-2.700000,-2.119926
-0.300000,-2.700000,-2.080667
-0.200000,-2.700000,-2.050066
-0.100000,-2.700000,-2.027533
0.000000,-2.700000,-2.012669
0.100000,-2.700000,-2.005226
0.200000,-2.700000,-2.005082
0.300000,-2.700000,-2.012236
0.400000,-2.700000,-2.026803
0.500000,-2.700000,-2.020498
0.600000,-2.700000,-1.890030
0.700000,-2.700000,-1.793565
0.800000,-2.700000,-1.719471
0.900000,-2.700000,-1.662260
1.000000,-2.700000,-1.618886
1.100000,-2.700000,-1.587516
1.200000,-2.700000,-1.567026
1.300000,-2.700000,-1.556754
1.400000,-2.700000,-1.556392
1.500000,-2.700000,-1.565928
1.600000,-2.700000,
1.700000,-2.700000,
1.800000,-2.700000,
1.900000,-2.700000,
2.000000,-2.700000,
2.100000,-2.700000,
2.200000,-2.700000,
2.300000,-2.700000,
2.400000,-2.700000,
2.500000,-2.700000,
2.600000,-2.700000,
2.700000,-2.700000,
2.800000,-2.700000,
2.900000,-2.700000,
3.000000,-2.700000,
3.100000,-2.700000,
3.200000,-2.700000,
3.300000,-2.700000,
3.400000,-2.700000,
3.500000,-2.700000,
-3.500000,-2.600000,
-3.400000,-2.600000,
-3.300000,-2.600000,
-3.200000,-2.600000,
-3.100000,-2.600000,
-3.000000,-2.600000,
-2.900000,-2.600000,
-2.800000,-2.600000,
-2.700000,-2.600000,
-2.600000,-2.600000,
-2.500000,-2.600000,
-2.400000,-2.600000,
-2.300000,-2.600000,
-2.200000,-2.600000,
-2.100000,-2.600000,
-2.000000,-2.600000,
-1.900000,-2.600000,
-1.800000,-2.600000,
-1.700000,-2.600000,
-1.600000,-2.600000,
-1.500000,-2.600000,
-1.400000,-2.600000,
-1.300000,-2.600000,
-1.200000,-2.600000,
-1.100000,-2.600000,
-1.000000,-2.600000,
-0.900000,-2.600000,
-0.800000,-2.600000,
-0.700000,-2.600000,-2.178346
-0.600000,-2.600000,-2.113310
-0.500000,-2.600000,-2.059011
-0.400000,-2.600000,-2.014166
-0.300000,-2.600000,-1.977868
-0.200000,-2.600000,-1.949466
-0.100000,-2.600000,-1.928495
0.000000,-2.600000,-1.914636
0.100000,-2.600000,-1.907689
0.200000,-2.600000,-1.907554
0.300000,-2.600000,-1.914232
0.400000,-2.600000,-1.897021
0.500000,-2.600000,-1.774182
0.600000,-2.600000,-1.679033
0.700000,-2.600000,-1.603373
0.800000,-2.600000,-1.542892
0.900000,-2.600000,-1.495028
1.000000,-2.600000,-1.458151
1.100000,-2.600000,-1.431196
1.200000,-2.600000,-1.413468
1.300000,-2.600000,-1.404548
1.400000,-2.600000,-1.404233
1.500000,-2.600000,-1.412516
1.600000,-2.600000,-1.429584
1.700000,-2.600000,-1.455841
1.800000,-2.600000,-1.491957
1.900000,-2.600000,
2.000000,-2.600000,
2.100000,-2.600000,
2.200000,-2.600000,
2.300000,-2.600000,
2.400000,-2.600000,
2.500000,-2.600000,
2.600000,-2.600000,
2.700000,-2.600000,
2.800000,-2.600000,
2.900000,-2.600000,
3.000000,-2.600000,
3.100000,-2.600000,
3.200000,-2.600000,
3.300000,-2.600000,
3.400000,-2.600000,
3.500000,-2.600000,
-3.500000,-2.500000,
-3.400000,-2.500000,
-3.300000,-2.500000,
-3.200000,-2.500000,
-3.100000,-2.500000,
-3.000000,-2.500000,
-2.900000,-2.500000,
-2.800000,-2.500000,
-2.700000,-2.500000,
-2.600000,-2.500000,
-2.500000,-2.500000,
-2.400000,-2.500000,-0.122889
-2.300000,-2.500000,
-2.200000,-2.500000,
-2.100000,-2.500000,
-2.000000,-2.500000,
-1.900000,-2.500000,
-1.800000,-2.500000,
-1.700000,-2.500000,
-1.600000,-2.500000,
-1.500000,-2.500000,
-1.400000,-2.500000,
-1.300000,-2.500000,
-1.200000,-2.500000,
-1.100000,-2.500000,
-1.000000,-2.500000,
-0.900000,-2.500000,-2.230842
-0.800000,-2.500000,-2.146656
-0.700000,-2.500000,-2.075515
-0.600000,-2.500000,-2.015375
-0.500000,-2.500000,-1.964831
-0.400000,-2.500000,-1.922884
-0.300000,-2.500000,-1.888808
-0.200000,-2.500000,-1.862072
-0.100000,-2.500000,-1.842294
0.000000,-2.500000,-1.829206
0.100000,-2.500000,-1.822639
0.200000,-2.500000,-1.822513
0.300000,-2.500000,-1.819024
0.400000,-2.500000,-1.695707
0.500000,-2.500000,-1.597952
0.600000,-2.500000,-1.518613
0.700000,-2.500000,-1.453763
0.800000,-2.500000,-1.400988
0.900000,-2.500000,-1.358713
1.000000,-2.500000,-1.325866
1.100000,-2.500000,-1.301716
1.200000,-2.500000,-1.285773
1.300000,-2.500000,-1.277733
1.400000,-2.500000,-1.277449
1.500000,-2.500000,-1.284915
1.600000,-2.500000,-1.300269
1.700000,-2.500000,-1.323801
1.800000,-2.500000,-1.355986
1.900000,-2.500000,-1.397537
2.000000,-2.500000,
2.100000,-2.500000,
2.200000,-2.500000,
2.300000,-2.500000,
2.400000,-2.500000,
2.500000,-2.500000,
2.600000,-2.500000,
2.700000,-2.500000,
2.800000,-2.500000,
2.900000,-2.500000,
3.000000,-2.500000,
3.100000,-2.500000,
3.200000,-2.500000,
3.300000,-2.500000,
3.400000,-2.500000,
3.500000,-2.500000,
-3.500000,-2.400000,
-3.400000,-2.400000,
-3.300000,-2.400000,
-3.200000,-2.400000,
-3.100000,-2.400000,
-3.000000,-2.400000,
-2.900000,-2.400000,
-2.800000,-2.400000,
-2.700000,-2.400000,
-2.600000,-2.400000,
-2.500000,-2.400000,0.260476
-2.400000,-2.400000,0.113864
-2.300000,-2.400000,-0.089854
-2.200000,-2.400000,
-2.100000,-2.400000,
-2.000000,-2.400000,
-1.900000,-2.400000,
-1.800000,-2.400000,
-1.700000,-2.400000,
-1.600000,-2.400000,
-1.500000,-2.400000,
-1.400000,-2.400000,
-1.300000,-2.400000,-2.136958
-1.200000,-2.400000,-2.124058
-1.100000,-2.400000,-2.121186
-1.000000,-2.400000,-2.128256
-0.900000,-2.400000,-2.131695
-0.800000,-2.400000,-2.053793
-0.700000,-2.400000,-1.987391
-0.600000,-2.400000,-1.930906
-0.500000,-2.400000,-1.883214
-0.400000,-2.400000,-1.843496
-0.300000,-2.400000,-1.811144
-0.200000,-2.400000,-1.785711
-0.100000,-2.400000,-1.766869
0.000000,-2.400000,-1.754388
0.100000,-2.400000,-1.748123
0.200000,-2.400000,-1.748002
0.300000,-2.400000,-1.645056
0.400000,-2.400000,-1.542382
0.500000,-2.400000,-1.458010
0.600000,-2.400000,-1.388019
0.700000,-2.400000,-1.329972
0.800000,-2.400000,-1.282256
0.900000,-2.400000,-1.243756
1.000000,-2.400000,-1.213688
1.100000,-2.400000,-1.191500
1.200000,-2.400000,-1.176817
1.300000,-2.400000,-1.169401
1.400000,-2.400000,-1.169139
1.500000,-2.400000,-1.176026
1.600000,-2.400000,-1.190168
1.700000,-2.400000,-1.211793
1.800000,-2.400000,-1.241266
1.900000,-2.400000,-1.279122
2.000000,-2.400000,-1.326127
2.100000,-2.400000,-1.383366
2.200000,-2.400000,-1.282561
2.300000,-2.400000,
2.400000,-2.400000,
2.500000,-2.400000,
2.600000,-2.400000,
2.700000,-2.400000,
2.800000,-2.400000,
2.900000,-2.400000,
3.000000,-2.400000,
3.100000,-2.400000,
3.200000,-2.400000,
3.300000,-2.400000,
3.400000,-2.400000,
3.500000,-2.400000,
-3.500000,-2.300000,
-3.400000,-2.300000,
-3.300000,-2.300000,
-3.200000,-2.300000,
-3.100000,-2.300000,
-3.000000,-2.300000,
-2.900000,-2.300000,
-2.800000,-2.300000,
-2.700000,-2.300000,
-2.600000,-2.300000,0.447214
-2.500000,-2.300000,0.402405
-2.400000,-2.300000,0.279428
-2.300000,-2.300000,0.123067
-2.200000,-2.300000,-0.096144
-2.100000,-2.300000,
-2.000000,-2.300000,
-1.900000,-2.300000,
-1.800000,-2.300000,
-1.700000,-2.300000,
-1.600000,-2.300000,-2.070945
-1.500000,-2.300000,-2.031188
-1.400000,-2.300000,-2.001648
-1.300000,-2.300000,-1.981538
-1.200000,-2.300000,-1.970365
-1.100000,-2.300000,-1.967873
-1.000000,-2.300000,-1.974005
-0.900000,-2.300000,-1.988901
-0.800000,-2.300000,-1.974125
-0.700000,-2.300000,-1.911323
-0.600000,-2.300000,-1.857660
-0.500000,-2.300000,-1.812196
-0.400000,-2.300000,-1.774234
-0.300000,-2.300000,-1.743252
-0.200000,-2.300000,-1.718859
-0.100000,-2.300000,-1.700767
0.000000,-2.300000,-1.688775
0.100000,-2.300000,-1.682752
0.200000,-2.300000,-1.617786
0.300000,-2.300000,-1.508317
0.400000,-2.300000,-1.417750
0.500000,-2.300000,-1.341903
0.600000,-2.300000,-1.278180
0.700000,-2.300000,-1.224861
0.800000,-2.300000,-1.180747
0.900000,-2.300000,-1.144985
1.000000,-2.300000,-1.116957
1.100000,-2.300000,-1.096224
1.200000,-2.300000,-1.082479
1.300000,-2.300000,-1.075532
1.400000,-2.300000,-1.075286
1.500000,-2.300000,-1.081739
1.600000,-2.300000,-1.094978
1.700000,-2.300000,-1.115188
1.800000,-2.300000,-1.142666
1.900000,-2.300000,-1.177841
2.000000,-2.300000,-1.221315
2.100000,-2.300000,-1.273922
2.200000,-2.300000,-1.153189
2.300000,-2.300000,-1.025237
2.400000,-2.300000,-0.919270
2.500000,-2.300000,-0.829806
2.600000,-2.300000,
2.700000,-2.300000,
2.800000,-2.300000,
2.900000,-2.300000,
3.000000,-2.300000,
3.100000,-2.300000,
3.200000,-2.300000,
3.300000,-2.300000,
3.400000,-2.300000,
3.500000,-2.300000,
-3.500000,-2.200000,
-3.400000,-2.200000,
-3.300000,-2.200000,
-3.200000,-2.200000,
-3.100000,-2.200000,
-3.000000,-2.200000,
-2.900000,-2.200000,
-2.800000,-2.200000,
-2.700000,-2.200000,0.346410
-2.600000,-2.200000,0.609185
-2.500000,-2.200000,0.517985
-2.400000,-2.200000,0.409013
-2.300000,-2.200000,0.275756
-2.200000,-2.200000,0.104809
-2.100000,-2.200000,-0.143336
-2.000000,-2.200000,
-1.900000,-2.200000,
-1.800000,-2.200000,-2.033256
-1.700000,-2.200000,-1.977334
-1.600000,-2.200000,-1.932323
-1.500000,-2.200000,-1.897028
-1.400000,-2.200000,-1.870632
-1.300000,-2.200000,-1.852582
-1.200000,-2.200000,-1.842528
-1.100000,-2.200000,-1.840283
-1.000000,-2.200000,-1.845806
-0.900000,-2.200000,-1.859198
-0.800000,-2.200000,-1.880711
-0.700000,-2.200000,-1.845516
-0.600000,-2.200000,-1.794079
-0.500000,-2.200000,-1.750389
-0.400000,-2.200000,-1.713836
-0.300000,-2.200000,-1.683957
-0.200000,-2.200000,-1.660406
-0.100000,-2.200000,-1.642923
0.000000,-2.200000,-1.631327
0.100000,-2.200000,-1.611899
0.200000,-2.200000,-1.493712
0.300000,-2.200000,-1.395741
0.400000,-2.200000,-1.313254
0.500000,-2.200000,-1.243361
0.600000,-2.200000,-1.184159
0.700000,-2.200000,-1.134324
0.800000,-2.200000,-1.092909
0.900000,-2.200000,-1.059223
1.000000,-2.200000,-1.032757
1.100000,-2.200000,-1.013143
1.200000,-2.200000,-1.000126
1.300000,-2.200000,-0.993541
1.400000,-2.200000,-0.993308
1.500000,-2.200000,-0.999424
1.600000,-2.200000,-1.011964
1.700000,-2.200000,-1.031085
1.800000,-2.200000,-1.057036
1.900000,-2.200000,-1.090176
2.000000,-2.200000,-1.131001
2.100000,-2.200000,-1.180188
2.200000,-2.200000,-1.048768
2.300000,-2.200000,-0.932126
2.400000,-2.200000,-0.833880
2.500000,-2.200000,-0.750031
2.600000,-2.200000,-0.678044
2.700000,-2.200000,
2.800000,-2.200000,
2.900000,-2.200000,
3.000000,-2.200000,
3.100000,-2.200000,
3.200000,-2.200000,
3.300000,-2.200000,
3.400000,-2.200000,
3.500000,-2.200000,
-3.500000,-2.100000,
-3.400000,-2.100000,
-3.300000,-2.100000,
-3.200000,-2.100000,
-3.100000,-2.100000,
-3.000000,-2.100000,
-2.900000,-2.100000,
-2.800000,-2.100000,0.000000
-2.700000,-2.100000,0.741620
-2.600000,-2.100000,0.699176
-2.500000,-2.100000,0.614680
-2.400000,-2.100000,0.515090
-2.300000,-2.100000,0.395944
-2.200000,-2.100000,0.249171
-2.100000,-2.100000,0.056846
-2.000000,-2.100000,-0.246930
-1.900000,-2.100000,-1.968154
-1.800000,-2.100000,-1.907021
-1.700000,-2.100000,-1.856631
-1.600000,-2.100000,-1.815748
-1.500000,-2.100000,-1.783505
-1.400000,-2.100000,-1.759293
-1.300000,-2.100000,-1.742692
-1.200000,-2.100000,-1.733429
-1.100000,-2.100000,-1.731359
-1.000000,-2.100000,-1.736449
-0.900000,-2.100000,-1.748780
-0.800000,-2.100000,-1.768548
-0.700000,-2.100000,-1.788694
-0.600000,-2.100000,-1.739039
-0.500000,-2.100000,-1.696778
-0.400000,-2.100000,-1.661365
-0.300000,-2.100000,-1.632384
-0.200000,-2.100000,-1.609519
-0.100000,-2.100000,-1.592534
0.000000,-2.100000,-1.581263
0.100000,-2.100000,-1.497776
0.200000,-2.100000,-1.390962
0.300000,-2.100000,-1.300890
0.400000,-2.100000,-1.224198
0.500000,-2.100000,-1.158706
0.600000,-2.100000,-1.102912
0.700000,-2.100000,-1.055747
0.800000,-2.100000,-1.016424
0.900000,-2.100000,-0.984360
1.000000,-2.100000,-0.886647
1.100000,-2.100000,-0.812843
1.200000,-2.100000,-0.762652
1.300000,-2.100000,-0.730781
1.400000,-2.100000,-0.714686
1.500000,-2.100000,-0.713267
1.600000,-2.100000,-0.726431
1.700000,-2.100000,-0.755063
1.800000,-2.100000,-0.801361
1.900000,-2.100000,-0.869889
2.000000,-2.100000,-0.971057
2.100000,-2.100000,-1.092340
2.200000,-2.100000,-0.962454
2.300000,-2.100000,-0.853815
2.400000,-2.100000,-0.701586
2.500000,-2.100000,-0.599642
2.600000,-2.100000,-0.532066
2.700000,-2.100000,-0.487530
2.800000,-2.100000,
2.900000,-2.100000,
3.000000,-2.100000,
3.100000,-2.100000,
3.200000,-2.100000,
3.300000,-2.100000,
3.400000,-2.100000,
3.500000,-2.100000,
-3.500000,-2.000000,
-3.400000,-2.000000,
-3.300000,-2.000000,
-3.200000,-2.000000,
-3.100000,-2.000000,
-3.000000,-2.000000,
-2.900000,-2.000000,
-2.800000,-2.000000,0.640312
-2.700000,-2.000000,0.844556
-2.600000,-2.000000,0.776198
-2.500000,-2.000000,0.696681
-2.400000,-2.000000,0.603822
-2.300000,-2.000000,0.494267
-2.200000,-2.000000,0.362406
-2.100000,-2.000000,0.197420
-2.000000,-2.000000,-0.028087
-1.900000,-2.000000,-0.527166
-1.800000,-2.000000,-1.800148
-1.700000,-2.000000,-1.753665
-1.600000,-2.000000,-1.715756
-1.500000,-2.000000,-1.685744
-1.400000,-2.000000,-1.663145
-1.300000,-2.000000,-1.647620
-1.200000,-2.000000,-1.638947
-1.100000,-2.000000,-1.637008
-1.000000,-2.000000,-1.641776
-0.900000,-2.000000,-1.653316
-0.800000,-2.000000,-1.671789
-0.700000,-2.000000,-1.697463
-0.600000,-2.000000,-1.691704
-0.500000,-2.000000,-1.650600
-0.400000,-2.000000,-1.616114
-0.300000,-2.000000,-1.587865
-0.200000,-2.000000,-1.565561
-0.100000,-2.000000,-1.548984
0.000000,-2.000000,-1.520723
0.100000,-2.000000,-1.403200
0.200000,-2.000000,-1.304335
0.300000,-2.000000,-1.220026
0.400000,-2.000000,-1.147684
0.500000,-2.000000,-1.085560
0.600000,-2.000000,-1.032416
0.700000,-2.000000,-0.927519
0.800000,-2.000000,-0.796767
0.900000,-2.000000,-0.703639
1.000000,-2.000000,-0.634372
1.100000,-2.000000,-0.582913
1.200000,-2.000000,-0.546054
1.300000,-2.000000,-0.521966
1.400000,-2.000000,-0.509617
1.500000,-2.000000,-0.508523
1.600000,-2.000000,-0.518640
1.700000,-2.000000,-0.540364
1.800000,-2.000000,-0.574604
1.900000,-2.000000,-0.623003
2.000000,-2.000000,-0.688423
2.100000,-2.000000,-0.746438
2.200000,-2.000000,-0.575130
2.300000,-2.000000,-0.462089
2.400000,-2.000000,-0.379669
2.500000,-2.000000,-0.318228
2.600000,-2.000000,-0.273121
2.700000,-2.000000,-0.241795
2.800000,-2.000000,-0.222785
2.900000,-2.000000,
3.000000,-2.000000,
3.100000,-2.000000,
3.200000,-2.000000,
3.300000,-2.000000,
3.400000,-2.000000,
3.500000,-2.000000,
-3.500000,-1.900000,
-3.400000,-1.900000,
-3.300000,-1.900000,
-3.200000,-1.900000,
-3.100000,-1.900000,
-3.000000,-1.900000,
-2.900000,-1.900000,0.479583
-2.800000,-1.900000,0.894427
-2.700000,-1.900000,0.907701
-2.600000,-1.900000,0.842311
-2.500000,-1.900000,0.766611
-2.400000,-1.900000,0.678789
-2.300000,-1.900000,0.576162
-2.200000,-1.900000,0.454467
-2.100000,-1.900000,0.306161
-2.000000,-1.900000,0.115156
-1.900000,-1.900000,-0.170809
-1.800000,-1.900000,-1.708264
-1.700000,-1.900000,-1.664693
-1.600000,-1.900000,-1.629029
-1.500000,-1.900000,-1.600718
-1.400000,-1.900000,-1.579358
-1.300000,-1.900000,-1.564664
-1.200000,-1.900000,-1.556448
-1.100000,-1.900000,-1.554611
-1.000000,-1.900000,-1.559129
-0.900000,-1.900000,-1.570058
-0.800000,-1.900000,-1.587533
-0.700000,-1.900000,-1.611781
-0.600000,-1.900000,-1.643134
-0.500000,-1.900000,-1.611271
-0.400000,-1.900000,-1.577539
-0.300000,-1.900000,-1.549885
-0.200000,-1.900000,-1.528039
-0.100000,-1.900000,-1.511795
0.000000,-1.900000,-1.433005
0.100000,-1.900000,-1.323719
0.200000,-1.900000,-1.230703
0.300000,-1.900000,-1.150757
0.400000,-1.900000,-1.081775
0.500000,-1.900000,-0.969975
0.600000,-1.900000,-0.795734
0.700000,-1.900000,-0.674819
0.800000,-1.900000,-0.583341
0.900000,-1.900000,-0.512204
1.000000,-1.900000,-0.456820
1.100000,-1.900000,-0.414543
1.200000,-1.900000,-0.383743
1.300000,-1.900000,-0.363402
1.400000,-1.900000,-0.352912
1.500000,-1.900000,-0.351980
1.600000,-1.900000,-0.360581
1.700000,-1.900000,-0.378952
1.800000,-1.900000,-0.407636
1.900000,-1.900000,-0.447557
2.000000,-1.900000,-0.500202
2.100000,-1.900000,-0.418060
2.200000,-1.900000,-0.314733
2.300000,-1.900000,-0.234765
2.400000,-1.900000,-0.172151
2.500000,-1.900000,-0.123574
2.600000,-1.900000,-0.087030
2.700000,-1.900000,-0.061257
2.800000,-1.900000,-0.045471
2.900000,-1.900000,-0.039230
3.000000,-1.900000,
3.100000,-1.900000,
3.200000,-1.900000,
3.300000,-1.900000,
3.400000,-1.900000,
3.500000,-1.900000,
-3.500000,-1.800000,
-3.400000,-1.800000,
-3.300000,-1.800000,
-3.200000,-1.800000,
-3.100000,-1.800000,
-3.000000,-1.800000,0.100000
-2.900000,-1.800000,0.774597
-2.800000,-1.800000,1.016473
-2.700000,-1.800000,0.961988
-2.600000,-1.800000,0.898948
-2.500000,-1.800000,0.826231
-2.400000,-1.800000,0.742278
-2.300000,-1.800000,0.644843
-2.200000,-1.800000,0.530482
-2.100000,-1.800000,0.393442
-2.000000,-1.800000,0.222636
-1.900000,-1.800000,-0.009985
-1.800000,-1.800000,-0.518829
-1.700000,-1.800000,-1.587292
-1.600000,-1.800000,-1.553378
-1.500000,-1.800000,-1.526402
-1.400000,-1.800000,-1.506019
-1.300000,-1.800000,-1.491982
-1.200000,-1.800000,-1.484130
-1.100000,-1.800000,-1.482373
-1.000000,-1.800000,-1.486692
-0.900000,-1.800000,-1.497136
-0.800000,-1.800000,-1.513823
-0.700000,-1.800000,-1.536949
-0.600000,-1.800000,-1.566800
-0.500000,-1.800000,-1.578344
-0.400000,-1.800000,-1.545217
-0.300000,-1.800000,-1.518044
-0.200000,-1.800000,-1.496567
-0.100000,-1.800000,-1.480593
0.000000,-1.800000,-1.359807
0.100000,-1.800000,-1.256591
0.200000,-1.800000,-1.168018
0.300000,-1.800000,-1.091454
0.400000,-1.800000,-0.883018
0.500000,-1.800000,-0.716216
0.600000,-1.800000,-0.594826
0.700000,-1.800000,-0.500377
0.800000,-1.800000,-0.425050
0.900000,-1.800000,-0.364681
1.000000,-1.800000,-0.316780
1.100000,-1.800000,-0.279752
1.200000,-1.800000,-0.252548
1.300000,-1.800000,-0.234485
1.400000,-1.800000,-0.225141
1.500000,-1.800000,-0.224310
1.600000,-1.800000,-0.231974
1.700000,-1.800000,-0.248301
1.800000,-1.800000,-0.273667
1.900000,-1.800000,-0.308699
2.000000,-1.800000,-0.315466
2.100000,-1.800000,-0.212810
2.200000,-1.800000,-0.130948
2.300000,-1.800000,-0.064974
2.400000,-1.800000,-0.012015
2.500000,-1.800000,0.029746
2.600000,-1.800000,0.061511
2.700000,-1.800000,0.084077
2.800000,-1.800000,0.097962
2.900000,-1.800000,0.103464
3.000000,-1.800000,0.100000
3.100000,-1.800000,
3.200000,-1.800000,
3.300000,-1.800000,
3.400000,-1.800000,
3.500000,-1.800000,
-3.500000,-1.700000,
-3.400000,-1.700000,
-3.300000,-1.700000,
-3.200000,-1.700000,
-3.100000,-1.700000,
-3.000000,-1.700000,0.600000
-2.900000,-1.700000,0.974679
-2.800000,-1.700000,1.061287
-2.700000,-1.700000,1.008308
-2.600000,-1.700000,0.947142
-2.500000,-1.700000,0.876779
-2.400000,-1.700000,0.795842
-2.300000,-1.700000,0.702380
-2.200000,-1.700000,0.593487
-2.100000,-1.700000,0.464491
-2.000000,-1.700000,0.306975
-1.900000,-1.700000,0.102336
-1.800000,-1.700000,-0.216750
-1.700000,-1.700000,-1.519791
-1.600000,-1.700000,-1.487270
-1.500000,-1.700000,-1.461363
-1.400000,-1.700000,-1.441765
-1.300000,-1.700000,-1.428258
-1.200000,-1.700000,-1.420698
-1.100000,-1.700000,-1.419007
-1.000000,-1.700000,-1.423166
-0.900000,-1.700000,-1.433218
-0.800000,-1.700000,-1.449270
-0.700000,-1.700000,-1.471496
-0.600000,-1.700000,-1.500148
-0.500000,-1.700000,-1.535572
-0.400000,-1.700000,-1.518824
-0.300000,-1.700000,-1.492031
-0.200000,-1.700000,-1.470847
-0.100000,-1.700000,-1.414161
0.000000,-1.700000,-1.298620
0.100000,-1.700000,-1.200002
0.200000,-1.700000,-1.114866
0.300000,-1.700000,-0.843143
0.400000,-1.700000,-0.671759
0.500000,-1.700000,-0.544999
0.600000,-1.700000,-0.445020
0.700000,-1.700000,-0.364077
0.800000,-1.700000,-0.297986
0.900000,-1.700000,-0.244207
1.000000,-1.700000,-0.201089
1.100000,-1.700000,-0.167517
1.200000,-1.700000,-0.142731
1.300000,-1.700000,-0.126217
1.400000,-1.700000,-0.117659
1.500000,-1.700000,-0.116898
1.600000,-1.700000,-0.123919
1.700000,-1.700000,-0.138852
1.800000,-1.700000,-0.161982
1.900000,-1.700000,-0.193779
2.000000,-1.700000,-0.141836
2.100000,-1.700000,-0.055984
2.200000,-1.700000,0.014500
2.300000,-1.700000,0.072374
2.400000,-1.700000,0.119422
2.500000,-1.700000,0.156852
2.600000,-1.700000,0.185500
2.700000,-1.700000,0.205939
2.800000,-1.700000,0.218549
2.900000,-1.700000,0.223553
3.000000,-1.700000,0.221037
3.100000,-1.700000,
3.200000,-1.700000,
3.300000,-1.700000,
3.400000,-1.700000,
3.500000,-1.700000,
-3.500000,-1.600000,
-3.400000,-1.600000,
-3.300000,-1.600000,
-3.200000,-1.600000,
-3.100000,-1.600000,0.282843
-3.000000,-1.600000,0.830662
-2.900000,-1.600000,1.131371
-2.800000,-1.600000,1.099100
-2.700000,-1.600000,1.047329
-2.600000,-1.600000,0.987654
-2.500000,-1.600000,0.919153
-2.400000,-1.600000,0.840578
-2.300000,-1.600000,0.750187
-2.200000,-1.600000,0.645438
-2.100000,-1.600000,0.522361
-2.000000,-1.600000,0.374125
-1.900000,-1.600000,0.186858
-1.800000,-1.600000,-0.079052
-1.700000,-1.600000,-1.142093
-1.600000,-1.600000,-1.107328
-1.500000,-1.600000,-1.091570
-1.400000,-1.600000,-1.093262
-1.300000,-1.600000,-1.112565
-1.200000,-1.600000,-1.151432
-1.100000,-1.600000,-1.214831
-1.000000,-1.600000,-1.315629
-0.900000,-1.600000,-1.377319
-0.800000,-1.600000,-1.392854
-0.700000,-1.600000,-1.414349
-0.600000,-1.600000,-1.442030
-0.500000,-1.600000,-1.476209
-0.400000,-1.600000,-1.498110
-0.300000,-1.600000,-1.471607
-0.200000,-1.600000,-1.450647
-0.100000,-1.600000,-1.358464
0.000000,-1.600000,-1.247776
0.100000,-1.600000,-1.152689
0.200000,-1.600000,-0.840285
0.300000,-1.600000,-0.656093
0.400000,-1.600000,-0.520229
0.500000,-1.600000,-0.412639
0.600000,-1.600000,-0.324843
0.700000,-1.600000,-0.252308
0.800000,-1.600000,-0.192292
0.900000,-1.600000,-0.143009
1.000000,-1.600000,-0.103239
1.100000,-1.600000,-0.072130
1.200000,-1.600000,-0.049086
1.300000,-1.600000,-0.033700
1.400000,-1.600000,-0.025715
1.500000,-1.600000,-0.025005
1.600000,-1.600000,-0.031556
1.700000,-1.600000,-0.045474
1.800000,-1.600000,-0.066989
1.900000,-1.600000,-0.095285
2.000000,-1.600000,-0.003983
2.100000,-1.600000,0.071882
2.200000,-1.600000,0.135139
2.300000,-1.600000,0.187637
2.400000,-1.600000,0.230640
2.500000,-1.600000,0.265042
2.600000,-1.600000,0.291477
2.700000,-1.600000,0.310390
2.800000,-1.600000,0.322080
2.900000,-1.600000,0.326723
3.000000,-1.600000,0.324388
3.100000,-1.600000,0.282843
3.200000,-1.600000,
3.300000,-1.600000,
3.400000,-1.600000,
3.500000,-1.600000,
-3.500000,-1.500000,
-3.400000,-1.500000,
-3.300000,-1.500000,
-3.200000,-1.500000,
-3.100000,-1.500000,0.624500
-3.000000,-1.500000,1.000000
-2.900000,-1.500000,1.174156
-2.800000,-1.500000,1.130369
-2.700000,-1.500000,1.079554
-2.600000,-1.500000,1.021057
-2.500000,-1.500000,0.954017
-2.400000,-1.500000,0.877281
-2.300000,-1.500000,0.789259
-2.200000,-1.500000,0.687661
-2.100000,-1.500000,0.568989
-2.000000,-1.500000,0.427419
-1.900000,-1.500000,0.251773
-1.800000,-1.500000,0.014033
-1.700000,-1.500000,-0.477288
-1.600000,-1.500000,-0.827140
-1.500000,-1.500000,-0.816529
-1.400000,-1.500000,-0.817676
-1.300000,-1.500000,-0.830631
-1.200000,-1.500000,-0.855955
-1.100000,-1.500000,-0.894856
-1.000000,-1.500000,-0.949526
-0.900000,-1.500000,-1.023944
-0.800000,-1.500000,-1.126130
-0.700000,-1.500000,-1.277094
-0.600000,-1.500000,-1.391591
-0.500000,-1.500000,-1.424759
-0.400000,-1.500000,-1.464579
-0.300000,-1.500000,-1.456595
-0.200000,-1.500000,-1.435797
-0.100000,-1.500000,-1.313139
0.000000,-1.500000,-1.206121
0.100000,-1.500000,-0.873847
0.200000,-1.500000,-0.667381
0.300000,-1.500000,-0.518411
0.400000,-1.500000,-0.401008
0.500000,-1.500000,-0.305019
0.600000,-1.500000,-0.225204
0.700000,-1.500000,-0.158453
0.800000,-1.500000,-0.102756
0.900000,-1.500000,-0.056742
1.000000,-1.500000,-0.019446
1.100000,-1.500000,0.009822
1.200000,-1.500000,0.031553
1.300000,-1.500000,0.046084
1.400000,-1.500000,0.053631
1.500000,-1.500000,0.054304
1.600000,-1.500000,0.048110
1.700000,-1.500000,0.034962
1.800000,-1.500000,0.014666
1.900000,-1.500000,0.028213
2.000000,-1.500000,0.110296
2.100000,-1.500000,0.179445
2.200000,-1.500000,0.237657
2.300000,-1.500000,0.286300
2.400000,-1.500000,0.326349
2.500000,-1.500000,0.358508
2.600000,-1.500000,0.383287
2.700000,-1.500000,0.401050
2.800000,-1.500000,0.412043
2.900000,-1.500000,0.416412
3.000000,-1.500000,0.414215
3.100000,-1.500000,0.405422
3.200000,-1.500000,
3.300000,-1.500000,
3.400000,-1.500000,
3.500000,-1.500000,
-3.500000,-1.400000,
-3.400000,-1.400000,
-3.300000,-1.400000,
-3.200000,-1.400000,0.223607
-3.100000,-1.400000,0.824621
-3.000000,-1.400000,1.135782
-2.900000,-1.400000,1.198621
-2.800000,-1.400000,1.155440
-2.700000,-1.400000,1.105367
-2.600000,-1.400000,1.047780
-2.500000,-1.400000,0.981863
-2.400000,-1.400000,0.906535
-2.300000,-1.400000,0.820310
-2.200000,-1.400000,0.721079
-2.100000,-1.400000,0.605667
-2.000000,-1.400000,0.468908
-1.900000,-1.400000,0.301269
-1.800000,-1.400000,0.080709
-1.700000,-1.400000,-0.286621
-1.600000,-1.400000,-0.628598
-1.500000,-1.400000,-0.619988
-1.400000,-1.400000,-0.620921
-1.300000,-1.400000,-0.631422
-1.200000,-1.400000,-0.651788
-1.100000,-1.400000,-0.682627
-1.000000,-1.400000,-0.724963
-0.900000,-1.400000,-0.780431
-0.800000,-1.400000,-0.851692
-0.700000,-1.400000,-0.943367
-0.600000,-1.400000,-1.064633
-0.500000,-1.400000,-1.239725
-0.400000,-1.400000,-1.419313
-0.300000,-1.400000,-1.446868
-0.200000,-1.400000,-1.399028
-0.100000,-1.400000,-1.277095
0.000000,-1.400000,-0.951850
0.100000,-1.400000,-0.706930
0.200000,-1.400000,-0.539402
0.300000,-1.400000,-0.409400
0.400000,-1.400000,-0.303556
0.500000,-1.400000,-0.215404
0.600000,-1.400000,-0.141236
0.700000,-1.400000,-0.078705
0.800000,-1.400000,-0.026225
0.900000,-1.400000,0.017315
1.000000,-1.400000,0.052718
1.100000,-1.400000,0.080564
1.200000,-1.400000,0.101275
1.300000,-1.400000,0.115140
1.400000,-1.400000,0.122346
1.500000,-1.400000,0.122988
1.600000,-1.400000,0.117074
1.700000,-1.400000,0.104527
1.800000,-1.400000,0.085179
1.900000,-1.400000,0.131506
2.000000,-1.400000,0.207159
2.100000,-1.400000,0.271463
2.200000,-1.400000,0.325944
2.300000,-1.400000,0.371688
2.400000,-1.400000,0.409486
2.500000,-1.400000,0.439919
2.600000,-1.400000,0.463415
2.700000,-1.400000,0.480282
2.800000,-1.400000,0.490730
2.900000,-1.400000,0.494885
3.000000,-1.400000,0.492795
3.100000,-1.400000,0.484436
3.200000,-1.400000,0.223607
3.300000,-1.400000,
3.400000,-1.400000,
3.500000,-1.400000,
-3.500000,-1.300000,
-3.400000,-1.300000,
-3.300000,-1.300000,
-3.200000,-1.300000,0.565685
-3.100000,-1.300000,0.974679
-3.000000,-1.300000,1.249000
-2.900000,-1.300000,1.217305
-2.800000,-1.300000,1.174575
-2.700000,-1.300000,1.125054
-2.600000,-1.300000,1.068141
-2.500000,-1.300000,1.003055
-2.400000,-1.300000,0.928762
-2.300000,-1.300000,0.843854
-2.200000,-1.300000,0.746343
-2.100000,-1.300000,0.633273
-2.000000,-1.300000,0.499912
-1.900000,-1.300000,0.337756
-1.800000,-1.300000,0.128138
-1.700000,-1.300000,-0.195156
-1.600000,-1.300000,-0.470513
-1.500000,-1.300000,-0.463028
-1.400000,-1.300000,-0.463840
-1.300000,-1.300000,-0.472965
-1.200000,-1.300000,-0.490595
-1.100000,-1.300000,-0.517121
-1.000000,-1.300000,-0.553175
-0.900000,-1.300000,-0.599718
-0.800000,-1.300000,-0.658194
-0.700000,-1.300000,-0.730824
-0.600000,-1.300000,-0.821228
-0.500000,-1.300000,-0.935926
-0.400000,-1.300000,-1.089093
-0.300000,-1.300000,-1.328894
-0.200000,-1.300000,-1.368711
-0.100000,-1.300000,-1.107398
0.000000,-1.300000,-0.780082
0.100000,-1.300000,-0.584951
0.200000,-1.300000,-0.438336
0.300000,-1.300000,-0.320381
0.400000,-1.300000,-0.222478
0.500000,-1.300000,-0.139963
0.600000,-1.300000,-0.069980
0.700000,-1.300000,-0.010640
0.800000,-1.300000,0.039368
0.900000,-1.300000,0.080988
1.000000,-1.300000,0.114908
1.100000,-1.300000,0.141636
1.200000,-1.300000,0.161539
1.300000,-1.300000,0.174875
1.400000,-1.300000,0.181810
1.500000,-1.300000,0.182428
1.600000,-1.300000,0.176736
1.700000,-1.300000,0.164666
1.800000,-1.300000,0.146068
1.900000,-1.300000,0.219320
2.000000,-1.300000,0.290231
2.100000,-1.300000,0.350878
2.200000,-1.300000,0.402498
2.300000,-1.300000,0.445991
2.400000,-1.300000,0.482023
2.500000,-1.300000,0.511093
2.600000,-1.300000,0.533571
2.700000,-1.300000,0.549725
2.800000,-1.300000,0.559738
2.900000,-1.300000,0.563722
3.000000,-1.300000,0.561718
3.100000,-1.300000,0.553705
3.200000,-1.300000,0.539597
3.300000,-1.300000,
3.400000,-1.300000,
3.500000,-1.300000,
-3.500000,-1.200000,
-3.400000,-1.200000,
-3.300000,-1.200000,
-3.200000,-1.200000,0.754983
-3.100000,-1.200000,1.095445
-3.000000,-1.200000,1.266534
-2.900000,-1.200000,1.230382
-2.800000,-1.200000,1.187963
-2.700000,-1.200000,1.138820
-2.600000,-1.200000,1.082369
-2.500000,-1.200000,1.017851
-2.400000,-1.200000,0.944265
-2.300000,-1.200000,0.860251
-2.200000,-1.200000,0.763901
-2.100000,-1.200000,0.652401
-2.000000,-1.200000,0.521291
-1.900000,-1.200000,0.362696
-1.800000,-1.200000,0.159874
-1.700000,-1.200000,-0.141142
-1.600000,-1.200000,-0.338417
-1.500000,-1.200000,-0.331670
-1.400000,-1.200000,-0.332402
-1.300000,-1.200000,-0.340625
-1.200000,-1.200000,-0.356481
-1.100000,-1.200000,-0.380249
-1.000000,-1.200000,-0.412379
-0.900000,-1.200000,-0.453531
-0.800000,-1.200000,-0.504659
-0.700000,-1.200000,-0.567148
-0.600000,-1.200000,-0.643066
-0.500000,-1.200000,-0.735674
-0.400000,-1.200000,-0.850600
-0.300000,-1.200000,-0.999189
-0.200000,-1.200000,-1.213060
-0.100000,-1.200000,-0.901269
0.000000,-1.200000,-0.659546
0.100000,-1.200000,-0.489762
0.200000,-1.200000,-0.356373
0.300000,-1.200000,-0.246735
0.400000,-1.200000,-0.154585
0.500000,-1.200000,-0.076280
0.600000,-1.200000,-0.009486
0.700000,-1.200000,0.047384
0.800000,-1.200000,0.095460
0.900000,-1.200000,0.135565
1.000000,-1.200000,0.168309
1.100000,-1.200000,0.194144
1.200000,-1.200000,0.213401
1.300000,-1.200000,0.226314
1.400000,-1.200000,0.233031
1.500000,-1.200000,0.233630
1.600000,-1.200000,0.228116
1.700000,-1.200000,0.216429
1.800000,-1.200000,0.216357
1.900000,-1.200000,0.294565
2.000000,-1.200000,0.361850
2.100000,-1.200000,0.419657
2.200000,-1.200000,0.469028
2.300000,-1.200000,0.510734
2.400000,-1.200000,0.545357
2.500000,-1.200000,0.573332
2.600000,-1.200000,0.594989
2.700000,-1.200000,0.610566
2.800000,-1.200000,0.620227
2.900000,-1.200000,0.624071
3.000000,-1.200000,0.622137
3.100000,-1.200000,0.614406
3.200000,-1.200000,0.600798
3.300000,-1.200000,
3.400000,-1.200000,
3.500000,-1.200000,
-3.500000,-1.100000,
-3.400000,-1.100000,
-3.300000,-1.100000,0.387298
-3.200000,-1.100000,0.894427
-3.100000,-1.100000,1.195826
-3.000000,-1.100000,1.273978
-2.900000,-1.100000,1.237972
-2.800000,-1.100000,1.195730
-2.700000,-1.100000,1.146805
-2.600000,-1.100000,1.090618
-2.500000,-1.100000,1.026426
-2.400000,-1.100000,0.953242
-2.300000,-1.100000,0.869737
-2.200000,-1.100000,0.774046
-2.100000,-1.100000,0.663433
-2.000000,-1.100000,0.533585
-1.900000,-1.100000,0.376962
-1.800000,-1.100000,0.177808
-1.700000,-1.100000,-0.112303
-1.600000,-1.100000,-0.225173
-1.500000,-1.100000,-0.218951
-1.400000,-1.100000,-0.219627
-1.300000,-1.100000,-0.227208
-1.200000,-1.100000,-0.241805
-1.100000,-1.100000,-0.263637
-1.000000,-1.100000,-0.293047
-0.900000,-1.100000,-0.330532
-0.800000,-1.100000,-0.376795
-0.700000,-1.100000,-0.432818
-0.600000,-1.100000,-0.500001
-0.500000,-1.100000,-0.580401
-0.400000,-1.100000,-0.677220
-0.300000,-1.100000,-0.795885
-0.200000,-1.100000,-0.947049
-0.100000,-1.100000,-0.773396
0.000000,-1.100000,-0.567814
0.100000,-1.100000,-0.413617
0.200000,-1.100000,-0.289295
0.300000,-1.100000,-0.185673
0.400000,-1.100000,-0.097821
0.500000,-1.100000,-0.022727
0.600000,-1.100000,0.041596
0.700000,-1.100000,0.096532
0.800000,-1.100000,0.143083
0.900000,-1.100000,0.181985
1.000000,-1.100000,0.213790
1.100000,-1.100000,0.238911
1.200000,-1.100000,0.257650
1.300000,-1.100000,0.270221
1.400000,-1.100000,0.276763
1.500000,-1.100000,0.277346
1.600000,-1.100000,0.271976
1.700000,-1.100000,0.260596
1.800000,-1.100000,0.284600
1.900000,-1.100000,0.359175
2.000000,-1.100000,0.423625
2.100000,-1.100000,0.479184
2.200000,-1.100000,0.526758
2.300000,-1.100000,0.567028
2.400000,-1.100000,0.600510
2.500000,-1.100000,0.627597
2.600000,-1.100000,0.648585
2.700000,-1.100000,0.663691
2.800000,-1.100000,0.673064
2.900000,-1.100000,0.676794
3.000000,-1.100000,0.674917
3.100000,-1.100000,0.667416
3.200000,-1.100000,0.654218
3.300000,-1.100000,0.387298
3.400000,-1.100000,
3.500000,-1.100000,
-3.500000,-1.000000,
-3.400000,-1.000000,
-3.300000,-1.000000,0.600000
-3.200000,-1.000000,1.004988
-3.100000,-1.000000,1.280625
-3.000000,-1.000000,1.276107
-2.900000,-1.000000,1.240142
-2.800000,-1.000000,1.197951
-2.700000,-1.000000,1.149087
-2.600000,-1.000000,1.092976
-2.500000,-1.000000,1.028875
-2.400000,-1.000000,0.955806
-2.300000,-1.000000,0.872445
-2.200000,-1.000000,0.776941
-2.100000,-1.000000,0.666578
-2.000000,-1.000000,0.537085
-1.900000,-1.000000,0.381014
-1.800000,-1.000000,0.182875
-1.700000,-1.000000,-0.104338
-1.600000,-1.000000,-0.126630
-1.500000,-1.000000,-0.120804
-1.400000,-1.000000,-0.121436
-1.300000,-1.000000,-0.128535
-1.200000,-1.000000,-0.142191
-1.100000,-1.000000,-0.162581
-1.000000,-1.000000,-0.189983
-0.900000,-1.000000,-0.224797
-0.800000,-1.000000,-0.267572
-0.700000,-1.000000,-0.319064
-0.600000,-1.000000,-0.380315
-0.500000,-1.000000,-0.452796
-0.400000,-1.000000,-0.538659
-0.300000,-1.000000,-0.641243
-0.200000,-1.000000,-0.766215
-0.100000,-1.000000,-0.681051
0.000000,-1.000000,-0.496121
0.100000,-1.000000,-0.352375
0.200000,-1.000000,-0.234539
0.300000,-1.000000,-0.135379
0.400000,-1.000000,-0.050785
0.500000,-1.000000,0.021835
0.600000,-1.000000,0.084234
0.700000,-1.000000,0.137653
0.800000,-1.000000,0.182999
0.900000,-1.000000,0.220946
1.000000,-1.000000,0.252004
1.100000,-1.000000,0.276554
1.200000,-1.000000,0.294878
1.300000,-1.000000,0.307176
1.400000,-1.000000,0.313577
1.500000,-1.000000,0.314147
1.600000,-1.000000,0.308893
1.700000,-1.000000,0.297760
1.800000,-1.000000,0.342776
1.900000,-1.000000,0.414505
2.000000,-1.000000,0.476707
2.100000,-1.000000,0.530467
2.200000,-1.000000,0.576594
2.300000,-1.000000,0.615700
2.400000,-1.000000,0.648254
2.500000,-1.000000,0.674616
2.600000,-1.000000,0.695057
2.700000,-1.000000,0.709776
2.800000,-1.000000,0.718913
2.900000,-1.000000,0.722550
3.000000,-1.000000,0.720720
3.100000,-1.000000,0.713407
3.200000,-1.000000,0.700545
3.300000,-1.000000,0.600000
3.400000,-1.000000,
3.500000,-1.000000,
-3.500000,-0.900000,
-3.400000,-0.900000,
-3.300000,-0.900000,0.741620
-3.200000,-0.900000,1.095445
-3.100000,-0.900000,1.303076
-3.000000,-0.900000,1.272937
-2.900000,-0.900000,1.236911
-2.800000,-0.900000,1.194645
-2.700000,-0.900000,1.145689
-2.600000,-0.900000,1.089466
-2.500000,-0.900000,1.025228
-2.400000,-0.900000,0.951988
-2.300000,-0.900000,0.868412
-2.200000,-0.900000,0.772630
-2.100000,-0.900000,0.661894
-2.000000,-0.900000,0.531872
-1.900000,-0.900000,0.374977
-1.800000,-0.900000,0.175321
-1.700000,-0.900000,-0.051821
-1.600000,-0.900000,-0.040123
-1.500000,-0.900000,-0.034605
-1.400000,-0.900000,-0.035204
-1.300000,-0.900000,-0.041927
-1.200000,-0.900000,-0.054851
-1.100000,-0.900000,-0.074126
-1.000000,-0.900000,-0.099986
-0.900000,-0.900000,-0.132762
-0.800000,-0.900000,-0.172908
-0.700000,-0.900000,-0.221036
-0.600000,-0.900000,-0.277973
-0.500000,-0.900000,-0.344852
-0.400000,-0.900000,-0.423269
-0.300000,-0.900000,-0.515571
-0.200000,-0.900000,-0.625423
-0.100000,-0.900000,-0.611727
0.000000,-0.900000,-0.439992
0.100000,-0.900000,-0.303547
0.200000,-0.900000,-0.190439
0.300000,-0.900000,-0.094611
0.400000,-0.900000,-0.012492
0.500000,-0.900000,0.058229
0.600000,-0.900000,0.119139
0.700000,-0.900000,0.171376
0.800000,-0.900000,0.215778
0.900000,-0.900000,0.252975
1.000000,-0.900000,0.283444
1.100000,-0.900000,0.307543
1.200000,-0.900000,0.325539
1.300000,-0.900000,0.337620
1.400000,-0.900000,0.343910
1.500000,-0.900000,0.344471
1.600000,-0.900000,0.339308
1.700000,-0.900000,0.328370
1.800000,-0.900000,0.392058
1.900000,-0.900000,0.461536
2.000000,-0.900000,0.521944
2.100000,-0.900000,0.574260
2.200000,-0.900000,0.619217
2.300000,-0.900000,0.657380
2.400000,-0.900000,0.689180
2.500000,-0.900000,0.714950
2.600000,-0.900000,0.734943
2.700000,-0.900000,0.749347
2.800000,-0.900000,0.758290
2.900000,-0.900000,0.761850
3.000000,-0.900000,0.760059
3.100000,-0.900000,0.752900
3.200000,-0.900000,0.740313
3.300000,-0.900000,0.722183
3.400000,-0.900000,
3.500000,-0.900000,
-3.500000,-0.800000,
-3.400000,-0.800000,0.223607
-3.300000,-0.800000,0.848528
-3.200000,-0.800000,1.170470
-3.100000,-0.800000,1.294716
-3.000000,-0.800000,1.264443
-2.900000,-0.800000,1.228251
-2.800000,-0.800000,1.185781
-2.700000,-0.800000,1.136577
-2.600000,-0.800000,1.080051
-2.500000,-0.800000,1.015442
-2.400000,-0.800000,0.941741
-2.300000,-0.800000,0.857583
-2.200000,-0.800000,0.761046
-2.100000,-0.800000,0.649294
-2.000000,-0.800000,0.517824
-1.900000,-0.800000,0.358663
-1.800000,-0.800000,0.154776
-1.700000,-0.800000,0.025006
-1.600000,-0.800000,0.036178
-1.500000,-0.800000,0.041451
-1.400000,-0.800000,0.040878
-1.300000,-0.800000,0.034455
-1.200000,-0.800000,0.022114
-1.100000,-0.800000,0.003724
-1.000000,-0.800000,-0.020915
-0.900000,-0.800000,-0.052091
-0.800000,-0.800000,-0.090188
-0.700000,-0.800000,-0.135722
-0.600000,-0.800000,-0.189379
-0.500000,-0.800000,-0.252078
-0.400000,-0.800000,-0.325082
-0.300000,-0.800000,-0.410179
-0.200000,-0.800000,-0.510024
-0.100000,-0.800000,-0.559741
0.000000,-0.800000,-0.396823
0.100000,-0.800000,-0.265535
0.200000,-0.800000,-0.155864
0.300000,-0.800000,-0.062503
0.400000,-0.800000,0.017765
0.500000,-0.800000,0.087052
0.600000,-0.800000,0.146831
0.700000,-0.800000,0.198166
0.800000,-0.800000,0.241846
0.900000,-0.800000,0.278467
1.000000,-0.800000,0.308483
1.100000,-0.800000,0.332235
1.200000,-0.800000,0.349977
1.300000,-0.800000,0.361892
1.400000,-0.800000,0.368096
1.500000,-0.800000,0.368649
1.600000,-0.800000,0.363556
1.700000,-0.800000,0.355670
1.800000,-0.800000,0.433297
1.900000,-0.800000,0.500996
2.000000,-0.800000,0.559976
2.100000,-0.800000,0.611135
2.200000,-0.800000,0.655153
2.300000,-0.800000,0.692554
2.400000,-0.800000,0.723743
2.500000,-0.800000,0.749034
2.600000,-0.800000,0.768664
2.700000,-0.800000,0.782811
2.800000,-0.800000,0.791596
2.900000,-0.800000,0.795094
3.000000,-0.800000,0.793334
3.100000,-0.800000,0.786302
3.200000,-0.800000,0.773937
3.300000,-0.800000,0.756135
3.400000,-0.800000,0.223607
3.500000,-0.800000,
-3.500000,-0.700000,
-3.400000,-0.700000,0.447214
-3.300000,-0.700000,0.932738
-3.200000,-0.700000,1.232883
-3.100000,-0.700000,1.281047
-3.000000,-0.700000,1.250552
-2.900000,-0.700000,1.214084
-2.800000,-0.700000,1.171277
-2.700000,-0.700000,1.121662
-2.600000,-0.700000,1.064633
-2.500000,-0.700000,0.999406
-2.400000,-0.700000,0.924937
-2.300000,-0.700000,0.839806
-2.200000,-0.700000,0.742003
-2.100000,-0.700000,0.628538
-2.000000,-0.700000,0.494606
-1.900000,-0.700000,0.331541
-1.800000,-0.700000,0.120147
-1.700000,-0.700000,0.092844
-1.600000,-0.700000,0.103590
-1.500000,-0.700000,0.108663
-1.400000,-0.700000,0.108112
-1.300000,-0.700000,0.101932
-1.200000,-0.700000,0.090063
-1.100000,-0.700000,0.072391
-1.000000,-0.700000,0.048735
-0.900000,-0.700000,0.018844
-0.800000,-0.700000,-0.017619
-0.700000,-0.700000,-0.061100
-0.600000,-0.700000,-0.112187
-0.500000,-0.700000,-0.171657
-0.400000,-0.700000,-0.240553
-0.300000,-0.700000,-0.320317
-0.200000,-0.700000,-0.413013
-0.100000,-0.700000,-0.521765
0.000000,-0.700000,-0.364999
0.100000,-0.700000,-0.237284
0.200000,-0.700000,-0.130041
0.300000,-0.700000,-0.038442
0.400000,-0.700000,0.040490
0.500000,-0.700000,0.108737
0.600000,-0.700000,0.167692
0.700000,-0.700000,0.218367
0.800000,-0.700000,0.261518
0.900000,-0.700000,0.297716
1.000000,-0.700000,0.327398
1.100000,-0.700000,0.350894
1.200000,-0.700000,0.368450
1.300000,-0.700000,0.380241
1.400000,-0.700000,0.386382
1.500000,-0.700000,0.386929
1.600000,-0.700000,0.381889
1.700000,-0.700000,0.391253
1.800000,-0.700000,0.467127
1.900000,-0.700000,0.533432
2.000000,-0.700000,0.591287
2.100000,-0.700000,0.641530
2.200000,-0.700000,0.684802
2.300000,-0.700000,0.721597
2.400000,-0.700000,0.752299
2.500000,-0.700000,0.777207
2.600000,-0.700000,0.796547
2.700000,-0.700000,0.810488
2.800000,-0.700000,0.819147
2.900000,-0.700000,0.822596
3.000000,-0.700000,0.820861
3.100000,-0.700000,0.813929
3.200000,-0.700000,0.801743
3.300000,-0.700000,0.784203
3.400000,-0.700000,0.447214
3.500000,-0.700000,
-3.500000,-0.600000,
-3.400000,-0.600000,0.574456
-3.300000,-0.600000,1.000000
-3.200000,-0.600000,1.284523
-3.100000,-0.600000,1.261951
-3.000000,-0.600000,1.231141
-2.900000,-0.600000,1.194281
-2.800000,-0.600000,1.150994
-2.700000,-0.600000,1.100791
-2.600000,-0.600000,1.043044
-2.500000,-0.600000,0.976932
-2.400000,-0.600000,0.901358
-2.300000,-0.600000,0.814821
-2.200000,-0.600000,0.715179
-2.100000,-0.600000,0.599206
-2.000000,-0.600000,0.461624
-1.900000,-0.600000,0.292638
-1.800000,-0.600000,0.136722
-1.700000,-0.600000,0.152697
-1.600000,-0.600000,0.163092
-1.500000,-0.600000,0.168001
-1.400000,-0.600000,0.167468
-1.300000,-0.600000,0.161488
-1.200000,-0.600000,0.150007
-1.100000,-0.600000,0.132922
-1.000000,-0.600000,0.110069
-0.900000,-0.600000,0.081225
-0.800000,-0.600000,0.046087
-0.700000,-0.600000,0.004259
-0.600000,-0.600000,-0.044775
-0.500000,-0.600000,-0.101689
-0.400000,-0.600000,-0.167377
-0.300000,-0.600000,-0.243050
-0.200000,-0.600000,-0.330396
-0.100000,-0.600000,-0.431880
0.000000,-0.600000,-0.343500
0.100000,-0.600000,-0.218096
0.200000,-0.600000,-0.112444
0.300000,-0.600000,-0.022010
0.400000,-0.600000,0.056034
0.500000,-0.600000,0.123588
0.600000,-0.600000,0.181991
0.700000,-0.600000,0.232224
0.800000,-0.600000,0.275019
0.900000,-0.600000,0.310932
1.000000,-0.600000,0.340390
1.100000,-0.600000,0.363713
1.200000,-0.600000,0.381143
1.300000,-0.600000,0.392851
1.400000,-0.600000,0.398948
1.500000,-0.600000,0.399492
1.600000,-0.600000,0.394487
1.700000,-0.600000,0.419478
1.800000,-0.600000,0.494017
1.900000,-0.600000,0.559253
2.000000,-0.600000,0.616241
2.100000,-0.600000,0.665778
2.200000,-0.600000,0.708472
2.300000,-0.600000,0.744798
2.400000,-0.600000,0.775122
2.500000,-0.600000,0.799732
2.600000,-0.600000,0.818846
2.700000,-0.600000,0.832627
2.800000,-0.600000,0.841187
2.900000,-0.600000,0.844597
3.000000,-0.600000,0.842881
3.100000,-0.600000,0.836028
3.200000,-0.600000,0.823982
3.300000,-0.600000,0.806645
3.400000,-0.600000,0.574456
3.500000,-0.600000,
-3.500000,-0.500000,
-3.400000,-0.500000,0.663325
-3.300000,-0.500000,1.053565
-3.200000,-0.500000,1.262648
-3.100000,-0.500000,1.237262
-3.000000,-0.500000,1.206034
-2.900000,-0.500000,1.168655
-2.800000,-0.500000,1.124729
-2.700000,-0.500000,1.073745
-2.600000,-0.500000,1.015039
-2.500000,-0.500000,0.947740
-2.400000,-0.500000,0.870680
-2.300000,-0.500000,0.782241
-2.200000,-0.500000,0.680091
-2.100000,-0.500000,0.560655
-2.000000,-0.500000,0.417940
-1.900000,-0.500000,0.240345
-1.800000,-0.500000,0.189804
-1.700000,-0.500000,0.205328
-1.600000,-0.500000,0.215433
-1.500000,-0.500000,0.220206
-1.400000,-0.500000,0.219687
-1.300000,-0.500000,0.213873
-1.200000,-0.500000,0.202714
-1.100000,-0.500000,0.186113
-1.000000,-0.500000,0.163923
-0.900000,-0.500000,0.135938
-0.800000,-0.500000,0.101884
-0.700000,-0.500000,0.061403
-0.600000,-0.500000,0.014032
-0.500000,-0.500000,-0.040828
-0.400000,-0.500000,-0.103965
-0.300000,-0.500000,-0.176425
-0.200000,-0.500000,-0.259645
-0.100000,-0.500000,-0.355661
0.000000,-0.500000,-0.331704
0.100000,-0.500000,-0.207535
0.200000,-0.500000,-0.102740
0.300000,-0.500000,-0.012936
0.400000,-0.500000,0.064626
0.500000,-0.500000,0.131803
0.600000,-0.500000,0.189905
0.700000,-0.500000,0.239896
0.800000,-0.500000,0.282496
0.900000,-0.500000,0.318254
1.000000,-0.500000,0.347588
1.100000,-0.500000,0.370817
1.200000,-0.500000,0.388178
1.300000,-0.500000,0.399840
1.400000,-0.500000,0.405914
1.500000,-0.500000,0.406456
1.600000,-0.500000,0.401470
1.700000,-0.500000,0.440749
1.800000,-0.500000,0.514311
1.900000,-0.500000,0.578762
2.000000,-0.500000,0.635113
2.100000,-0.500000,0.684129
2.200000,-0.500000,0.726396
2.300000,-0.500000,0.762373
2.400000,-0.500000,0.792417
2.500000,-0.500000,0.816806
2.600000,-0.500000,0.835752
2.700000,-0.500000,0.849414
2.800000,-0.500000,0.857901
2.900000,-0.500000,0.861282
3.000000,-0.500000,0.859581
3.100000,-0.500000,0.852786
3.200000,-0.500000,0.840843
3.300000,-0.500000,0.823658
3.400000,-0.500000,0.663325
3.500000,-0.500000,
-3.500000,-0.400000,
-3.400000,-0.400000,0.728011
-3.300000,-0.400000,1.095445
-3.200000,-0.400000,1.232557
-3.100000,-0.400000,1.206752
-3.000000,-0.400000,1.174990
-2.900000,-0.400000,1.136948
-2.800000,-0.400000,1.092206
-2.700000,-0.400000,1.040219
-2.600000,-0.400000,0.980278
-2.500000,-0.400000,0.911445
-2.400000,-0.400000,0.832451
-2.300000,-0.400000,0.741518
-2.200000,-0.400000,0.636042
-2.100000,-0.400000,0.511938
-2.000000,-0.400000,0.362118
-1.900000,-0.400000,0.215619
-1.800000,-0.400000,0.236180
-1.700000,-0.400000,0.251330
-1.600000,-0.400000,0.261194
-1.500000,-0.400000,0.265855
-1.400000,-0.400000,0.265348
-1.300000,-0.400000,0.259672
-1.200000,-0.400000,0.248778
-1.100000,-0.400000,0.232579
-1.000000,-0.400000,0.210937
-0.900000,-0.400000,0.183661
-0.800000,-0.400000,0.150499
-0.700000,-0.400000,0.111122
-0.600000,-0.400000,0.065108
-0.500000,-0.400000,0.011913
-0.400000,-0.400000,-0.049171
-0.300000,-0.400000,-0.119072
-0.200000,-0.400000,-0.199047
-0.100000,-0.400000,-0.290844
0.000000,-0.400000,-0.329294
0.100000,-0.400000,-0.205374
0.200000,-0.400000,-0.100752
0.300000,-0.400000,-0.011076
0.400000,-0.400000,0.066388
0.500000,-0.400000,0.133487
0.600000,-0.400000,0.191529
0.700000,-0.400000,0.241470
0.800000,-0.400000,0.284031
0.900000,-0.400000,0.319757
1.000000,-0.400000,0.349066
1.100000,-0.400000,0.372275
1.200000,-0.400000,0.389622
1.300000,-0.400000,0.401275
1.400000,-0.400000,0.407344
1.500000,-0.400000,0.407885
1.600000,-0.400000,0.402903
1.700000,-0.400000,0.455350
1.800000,-0.400000,0.528255
1.900000,-0.400000,0.592178
2.000000,-0.400000,0.648099
2.100000,-0.400000,0.696761
2.200000,-0.400000,0.738740
2.300000,-0.400000,0.774481
2.400000,-0.400000,0.804335
2.500000,-0.400000,0.828573
2.600000,-0.400000,0.847405
2.700000,-0.400000,0.860987
2.800000,-0.400000,0.869424
2.900000,-0.400000,0.872785
3.000000,-0.400000,0.871094
3.100000,-0.400000,0.864339
3.200000,-0.400000,0.852467
3.300000,-0.400000,0.835384
3.400000,-0.400000,0.728011
3.500000,-0.400000,
-3.500000,-0.300000,
-3.400000,-0.300000,0.774597
-3.300000,-0.300000,1.126943
-3.200000,-0.300000,1.196449
-3.100000,-0.300000,1.170121
-3.000000,-0.300000,1.137695
-2.900000,-0.300000,1.098824
-2.800000,-0.300000,1.053058
-2.700000,-0.300000,0.999810
-2.600000,-0.300000,0.938308
-2.500000,-0.300000,0.867525
-2.400000,-0.300000,0.786053
-2.300000,-0.300000,0.691890
-2.200000,-0.300000,0.582041
-2.100000,-0.300000,0.451660
-2.000000,-0.300000,0.291913
-1.900000,-0.300000,0.256196
-1.800000,-0.300000,0.276330
-1.700000,-0.300000,0.291169
-1.600000,-0.300000,0.300834
-1.500000,-0.300000,0.305401
-1.400000,-0.300000,0.304905
-1.300000,-0.300000,0.299342
-1.200000,-0.300000,0.288669
-1.100000,-0.300000,0.272802
-1.000000,-0.300000,0.251613
-0.900000,-0.300000,0.224922
-0.800000,-0.300000,0.192494
-0.700000,-0.300000,0.154024
-0.600000,-0.300000,0.109118
-0.500000,-0.300000,0.057277
-0.400000,-0.300000,-0.002146
-0.300000,-0.300000,-0.069994
-0.200000,-0.300000,-0.147391
-0.100000,-0.300000,-0.235882
0.000000,-0.300000,-0.336204
0.100000,-0.300000,-0.211566
0.200000,-0.300000,-0.106445
0.300000,-0.300000,-0.016402
0.400000,-0.300000,0.061344
0.500000,-0.300000,0.128664
0.600000,-0.300000,0.186881
0.700000,-0.300000,0.236964
0.800000,-0.300000,0.279638
0.900000,-0.300000,0.315455
1.000000,-0.300000,0.344837
1.100000,-0.300000,0.368101
1.200000,-0.300000,0.385489
1.300000,-0.300000,0.397169
1.400000,-0.300000,0.403251
1.500000,-0.300000,0.403794
1.600000,-0.300000,0.398800
1.700000,-0.300000,0.463465
1.800000,-0.300000,0.536011
1.900000,-0.300000,0.599644
2.000000,-0.300000,0.655328
2.100000,-0.300000,0.703796
2.200000,-0.300000,0.745615
2.300000,-0.300000,0.781226
2.400000,-0.300000,0.810975
2.500000,-0.300000,0.835131
2.600000,-0.300000,0.853900
2.700000,-0.300000,0.867437
2.800000,-0.300000,0.875847
2.900000,-0.300000,0.879197
3.000000,-0.300000,0.877511
3.100000,-0.300000,0.870778
3.200000,-0.300000,0.858945
3.300000,-0.300000,0.841919
3.400000,-0.300000,0.774597
3.500000,-0.300000,
-3.500000,-0.200000,
-3.400000,-0.200000,0.806226
-3.300000,-0.200000,1.148913
-3.200000,-0.200000,1.153954
-3.100000,-0.200000,1.126983
-3.000000,-0.200000,1.093738
-2.900000,-0.200000,1.053842
-2.800000,-0.200000,1.006806
-2.700000,-0.200000,0.951984
-2.600000,-0.200000,0.888524
-2.500000,-0.200000,0.815276
-2.400000,-0.200000,0.730639
-2.300000,-0.200000,0.632293
-2.200000,-0.200000,0.516662
-2.100000,-0.200000,0.377712
-2.000000,-0.200000,0.265711
-1.900000,-0.200000,0.290849
-1.800000,-0.200000,0.310630
-1.700000,-0.200000,0.325214
-1.600000,-0.200000,0.334716
-1.500000,-0.200000,0.339206
-1.400000,-0.200000,0.338718
-1.300000,-0.200000,0.333249
-1.200000,-0.200000,0.322757
-1.100000,-0.200000,0.307164
-1.000000,-0.200000,0.286346
-0.900000,-0.200000,0.260135
-0.800000,-0.200000,0.228309
-0.700000,-0.200000,0.190578
-0.600000,-0.200000,0.146575
-0.500000,-0.200000,0.095833
-0.400000,-0.200000,0.037751
-0.300000,-0.200000,-0.028449
-0.200000,-0.200000,-0.103795
-0.100000,-0.200000,-0.189680
0.000000,-0.200000,-0.288067
0.100000,-0.200000,-0.226244
0.200000,-0.200000,-0.119922
0.300000,-0.200000,-0.028997
0.400000,-0.200000,0.049423
0.500000,-0.200000,0.117270
0.600000,-0.200000,0.175907
0.700000,-0.200000,0.226327
0.800000,-0.200000,0.269272
0.900000,-0.200000,0.305306
1.000000,-0.200000,0.334859
1.100000,-0.200000,0.358256
1.200000,-0.200000,0.375739
1.300000,-0.200000,0.387482
1.400000,-0.200000,0.393598
1.500000,-0.200000,0.394143
1.600000,-0.200000,0.389123
1.700000,-0.200000,0.465196
1.800000,-0.200000,0.537666
1.900000,-0.200000,0.601237
2.000000,-0.200000,0.656870
2.100000,-0.200000,0.705298
2.200000,-0.200000,0.747083
2.300000,-0.200000,0.782666
2.400000,-0.200000,0.812393
2.500000,-0.200000,0.836531
2.600000,-0.200000,0.855287
2.700000,-0.200000,0.868814
2.800000,-0.200000,0.877219
2.900000,-0.200000,0.880566
3.000000,-0.200000,0.878882
3.100000,-0.200000,0.872153
3.200000,-0.200000,0.860328
3.300000,-0.200000,0.843314
3.400000,-0.200000,0.806226
3.500000,-0.200000,
-3.500000,-0.100000,
-3.400000,-0.100000,0.824621
-3.300000,-0.100000,1.126175
-3.200000,-0.100000,1.104599
-3.100000,-0.100000,1.076841
-3.000000,-0.100000,1.042588
-2.900000,-0.100000,1.001429
-2.800000,-0.100000,0.952819
-2.700000,-0.100000,0.896037
-2.600000,-0.100000,0.830119
-2.500000,-0.100000,0.753743
-2.400000,-0.100000,0.665037
-2.300000,-0.100000,0.561209
-2.200000,-0.100000,0.437783
-2.100000,-0.100000,0.286730
-2.000000,-0.100000,0.295119
-1.900000,-0.100000,0.319885
-1.800000,-0.100000,0.339381
-1.700000,-0.100000,0.353758
-1.600000,-0.100000,0.363126
-1.500000,-0.100000,0.367554
-1.400000,-0.100000,0.367073
-1.300000,-0.100000,0.361680
-1.200000,-0.100000,0.351336
-1.100000,-0.100000,0.335964
-1.000000,-0.100000,0.315448
-0.900000,-0.100000,0.289626
-0.800000,-0.100000,0.258286
-0.700000,-0.100000,0.221153
-0.600000,-0.100000,0.177878
-0.500000,-0.100000,0.128018
-0.400000,-0.100000,0.071009
-0.300000,-0.100000,0.006122
-0.200000,-0.100000,-0.067599
-0.100000,-0.100000,-0.151439
0.000000,-0.100000,-0.247182
0.100000,-0.100000,-0.249730
0.200000,-0.100000,-0.141431
0.300000,-0.100000,-0.049062
0.400000,-0.100000,0.030454
0.500000,-0.100000,0.099157
0.600000,-0.100000,0.158473
0.700000,-0.100000,0.209437
0.800000,-0.100000,0.252821
0.900000,-0.100000,0.289205
1.000000,-0.100000,0.319033
1.100000,-0.100000,0.342642
1.200000,-0.100000,0.360280
1.300000,-0.100000,0.372125
1.400000,-0.100000,0.378293
1.500000,-0.100000,0.378843
1.600000,-0.100000,0.377641
1.700000,-0.100000,0.460564
1.800000,-0.100000,0.533238
1.900000,-0.100000,0.596974
2.000000,-0.100000,0.652743
2.100000,-0.100000,0.701280
2.200000,-0.100000,0.743156
2.300000,-0.100000,0.778814
2.400000,-0.100000,0.808600
2.500000,-0.100000,0.832785
2.600000,-0.100000,0.851577
2.700000,-0.100000,0.865129
2.800000,-0.100000,0.873550
2.900000,-0.100000,0.876903
3.000000,-0.100000,0.875216
3.100000,-0.100000,0.868475
3.200000,-0.100000,0.856628
3.300000,-0.100000,0.839581
3.400000,-0.100000,0.817198
3.500000,-0.100000,
-3.500000,0.000000,0.000000
-3.400000,0.000000,0.830662
-3.300000,0.000000,1.070077
-3.200000,0.000000,1.047772
-3.100000,0.000000,1.019047
-3.000000,0.000000,0.983555
-2.900000,0.000000,0.940833
-2.800000,0.000000,0.890264
-2.700000,0.000000,0.831024
-2.600000,0.000000,0.761992
-2.500000,0.000000,0.681604
-2.400000,0.000000,0.587578
-2.300000,0.000000,0.476391
-2.200000,0.000000,0.342064
-2.100000,0.000000,0.289207
-2.000000,0.000000,0.319076
-1.900000,0.000000,0.343548
-1.800000,0.000000,0.362817
-1.700000,0.000000,0.377030
-1.600000,0.000000,0.386292
-1.500000,0.000000,0.390670
-1.400000,0.000000,0.390194
-1.300000,0.000000,0.384862
-1.200000,0.000000,0.374635
-1.100000,0.000000,0.359440
-1.000000,0.000000,0.339163
-0.900000,0.000000,0.313650
-0.800000,0.000000,0.282695
-0.700000,0.000000,0.246034
-0.600000,0.000000,0.203334
-0.500000,0.000000,0.154170
-0.400000,0.000000,0.098003
-0.300000,0.000000,0.034143
-0.200000,0.000000,-0.038313
-0.100000,0.000000,-0.120569
0.000000,0.000000,-0.214283
0.100000,0.000000,-0.282579
0.200000,0.000000,-0.171392
0.300000,0.000000,-0.076938
0.400000,0.000000,0.004152
0.500000,0.000000,0.074077
0.600000,0.000000,0.134360
0.700000,0.000000,0.186097
0.800000,0.000000,0.230099
0.900000,0.000000,0.266978
1.000000,0.000000,0.297196
1.100000,0.000000,0.321103
1.200000,0.000000,0.338959
1.300000,0.000000,0.350949
1.400000,0.000000,0.357191
1.500000,0.000000,0.357747
1.600000,0.000000,0.365967
1.700000,0.000000,0.449512
1.800000,0.000000,0.522679
1.900000,0.000000,0.586812
2.000000,0.000000,0.642904
2.100000,0.000000,0.691707
2.200000,0.000000,0.733800
2.300000,0.000000,0.769635
2.400000,0.000000,0.799565
2.500000,0.000000,0.823864
2.600000,0.000000,0.842741
2.700000,0.000000,0.856355
2.800000,0.000000,0.864812
2.900000,0.000000,0.868181
3.000000,0.000000,0.866486
3.100000,0.000000,0.859715
3.200000,0.000000,0.847815
3.300000,0.000000,0.830691
3.400000,0.000000,0.808204
3.500000,0.000000,
-3.500000,0.100000,
-3.400000,0.100000,0.824621
-3.300000,0.100000,1.005877
-3.200000,0.100000,0.982675
-3.100000,0.100000,0.952755
-3.000000,0.100000,0.915725
-2.900000,0.100000,0.871051
-2.800000,0.100000,0.818018
-2.700000,0.100000,0.755654
-2.600000,0.100000,0.682613
-2.500000,0.100000,0.596961
-2.400000,0.100000,0.495780
-2.300000,0.100000,0.396753
-2.200000,0.100000,0.338114
-2.100000,0.100000,0.308192
-2.000000,0.100000,0.337779
-1.900000,0.100000,0.362026
-1.800000,0.100000,0.381121
-1.700000,0.100000,0.395208
-1.600000,0.100000,0.404389
-1.500000,0.100000,0.408729
-1.400000,0.100000,0.408258
-1.300000,0.100000,0.402972
-1.200000,0.100000,0.392835
-1.100000,0.100000,0.377774
-1.000000,0.100000,0.357681
-0.900000,0.100000,0.332403
-0.800000,0.100000,0.301742
-0.700000,0.100000,0.265442
-0.600000,0.100000,0.223179
-0.500000,0.100000,0.174543
-0.400000,0.100000,0.119016
-0.300000,0.100000,0.055933
-0.200000,0.100000,-0.015570
-0.100000,0.100000,-0.096638
0.000000,0.100000,-0.188839
0.100000,0.100000,-0.294407
0.200000,0.100000,-0.210441
0.300000,0.100000,-0.113129
0.400000,0.100000,-0.029904
0.500000,0.100000,0.041669
0.600000,0.100000,0.103248
0.700000,0.100000,0.156016
0.800000,0.100000,0.200843
0.900000,0.100000,0.238378
1.000000,0.100000,0.269113
1.100000,0.100000,0.293415
1.200000,0.100000,0.311559
1.300000,0.100000,0.323739
1.400000,0.100000,0.330079
1.500000,0.100000,0.330644
1.600000,0.100000,0.347346
1.700000,0.100000,0.431901
1.800000,0.100000,0.505867
1.900000,0.100000,0.570642
2.000000,0.100000,0.627257
2.100000,0.100000,0.676488
2.200000,0.100000,0.718932
2.300000,0.100000,0.755053
2.400000,0.100000,0.785213
2.500000,0.100000,0.809693
2.600000,0.100000,0.828709
2.700000,0.100000,0.842420
2.800000,0.100000,0.850938
2.900000,0.100000,0.854331
3.000000,0.100000,0.852624
3.100000,0.100000,0.845805
3.200000,0.100000,0.833819
3.300000,0.100000,0.816571
3.400000,0.100000,0.793917
3.500000,0.100000,
-3.500000,0.200000,
-3.400000,0.200000,0.806226
-3.300000,0.200000,0.932565
-3.200000,0.200000,0.908245
-3.100000,0.200000,0.876832
-3.000000,0.200000,0.837865
-2.900000,0.200000,0.790715
-2.800000,0.200000,0.734524
-2.700000,0.200000,0.668101
-2.600000,0.200000,0.589753
-2.500000,0.200000,0.496958
-2.400000,0.200000,0.446824
-2.300000,0.200000,0.395622
-2.200000,0.200000,0.336943
-2.100000,0.200000,0.321987
-2.000000,0.200000,0.351372
-1.900000,0.200000,0.375458
-1.800000,0.200000,0.394429
-1.700000,0.200000,0.408427
-1.600000,0.200000,0.417550
-1.500000,0.200000,0.421862
-1.400000,0.200000,0.421393
-1.300000,0.200000,0.416141
-1.200000,0.200000,0.406068
-1.100000,0.200000,0.391104
-1.000000,0.200000,0.371142
-0.900000,0.200000,0.346033
-0.800000,0.200000,0.315582
-0.700000,0.200000,0.279540
-0.600000,0.200000,0.237589
-0.500000,0.200000,0.189330
-0.400000,0.200000,0.134257
-0.300000,0.200000,0.071725
-0.200000,0.200000,0.000898
-0.100000,0.200000,-0.079332
0.000000,0.200000,-0.170470
0.100000,0.200000,-0.274649
0.200000,0.200000,-0.259508
0.300000,0.200000,-0.158360
0.400000,0.200000,-0.072306
0.500000,0.200000,0.001425
0.600000,0.200000,0.064691
0.700000,0.200000,0.118796
0.800000,0.200000,0.164686
0.900000,0.200000,0.203065
1.000000,0.200000,0.234462
1.100000,0.200000,0.259271
1.200000,0.200000,0.277783
1.300000,0.200000,0.290205
1.400000,0.200000,0.296670
1.500000,0.200000,0.297246
1.600000,0.200000,0.321507
1.700000,0.200000,0.407504
1.800000,0.200000,0.482604
1.900000,0.200000,0.548289
2.000000,0.200000,0.605642
2.100000,0.200000,0.655477
2.200000,0.200000,0.698415
2.300000,0.200000,0.734938
2.400000,0.200000,0.765422
2.500000,0.200000,0.790157
2.600000,0.200000,0.809367
2.700000,0.200000,0.823216
2.800000,0.200000,0.831818
2.900000,0.200000,0.835243
3.000000,0.200000,0.833520
3.100000,0.200000,0.826633
3.200000,0.200000,0.814528
3.300000,0.200000,0.797106
3.400000,0.200000,0.774217
3.500000,0.200000,
-3.500000,0.300000,
-3.400000,0.300000,0.774597
-3.300000,0.300000,0.848773
-3.200000,0.300000,0.823034
-3.100000,0.300000,0.789714
-3.000000,0.300000,0.748255
-2.900000,0.300000,0.697885
-2.800000,0.300000,0.637529
-2.700000,0.300000,0.565652
-2.600000,0.300000,0.522766
-2.500000,0.300000,0.484650
-2.400000,0.300000,0.440138
-2.300000,0.300000,0.388739
-2.200000,0.300000,0.329820
-2.100000,0.300000,0.330700
-2.000000,0.300000,0.359959
-1.900000,0.300000,0.383944
-1.800000,0.300000,0.402838
-1.700000,0.300000,0.416779
-1.600000,0.300000,0.425865
-1.500000,0.300000,0.430161
-1.400000,0.300000,0.429694
-1.300000,0.300000,0.424462
-1.200000,0.300000,0.414430
-1.100000,0.300000,0.399526
-1.000000,0.300000,0.379646
-0.900000,0.300000,0.354643
-0.800000,0.300000,0.324323
-0.700000,0.300000,0.288441
-0.600000,0.300000,0.246685
-0.500000,0.300000,0.198660
-0.400000,0.300000,0.143871
-0.300000,0.300000,0.081682
-0.200000,0.300000,0.011273
-0.100000,0.300000,-0.068437
0.000000,0.300000,-0.158918
0.100000,0.300000,-0.262244
0.200000,0.300000,-0.319949
0.300000,0.300000,-0.213659
0.400000,0.300000,-0.123886
0.500000,0.300000,-0.047350
0.600000,0.300000,0.018086
0.700000,0.300000,0.073897
0.800000,0.300000,0.121138
0.900000,0.300000,0.160585
1.000000,0.300000,0.192816
1.100000,0.300000,0.218262
1.200000,0.300000,0.237236
1.300000,0.300000,0.249962
1.400000,0.300000,0.256584
1.500000,0.300000,0.257174
1.600000,0.300000,0.288048
1.700000,0.300000,0.375985
1.800000,0.300000,0.452602
1.900000,0.300000,0.519499
2.000000,0.300000,0.577832
2.100000,0.300000,0.628464
2.200000,0.300000,0.672054
2.300000,0.300000,0.709107
2.400000,0.300000,0.740017
2.500000,0.300000,0.765088
2.600000,0.300000,0.784552
2.700000,0.300000,0.798581
2.800000,0.300000,0.807293
2.900000,0.300000,0.810763
3.000000,0.300000,0.809017
3.100000,0.300000,0.802043
3.200000,0.300000,0.789781
3.300000,0.300000,0.772129
3.400000,0.300000,0.748932
3.500000,0.300000,
-3.500000,0.400000,
-3.400000,0.400000,0.728011
-3.300000,0.400000,0.752570
-3.200000,0.400000,0.724982
-3.100000,0.400000,0.689154
-3.000000,0.400000,0.644384
-2.900000,0.400000,0.590877
-2.800000,0.400000,0.569838
-2.700000,0.400000,0.543285
-2.600000,0.400000,0.510980
-2.500000,0.400000,0.472617
-2.400000,0.400000,0.427804
-2.300000,0.400000,0.376037
-2.200000,0.400000,0.316668
-2.100000,0.400000,0.334397
-2.000000,0.400000,0.363603
-1.900000,0.400000,0.387545
-1.800000,0.400000,0.406406
-1.700000,0.400000,0.420323
-1.600000,0.400000,0.429395
-1.500000,0.400000,0.433683
-1.400000,0.400000,0.433217
-1.300000,0.400000,0.427994
-1.200000,0.400000,0.417978
-1.100000,0.400000,0.403100
-1.000000,0.400000,0.383255
-0.900000,0.400000,0.358296
-0.800000,0.400000,0.328032
-0.700000,0.400000,0.292218
-0.600000,0.400000,0.250543
-0.500000,0.400000,0.202618
-0.400000,0.400000,0.147947
-0.300000,0.400000,0.085902
-0.200000,0.400000,0.015670
-0.100000,0.400000,-0.063822
0.000000,0.400000,-0.154028
0.100000,0.400000,-0.256997
0.200000,0.400000,-0.375765
0.300000,0.400000,-0.280510
0.400000,0.400000,-0.185805
0.500000,0.400000,-0.105617
0.600000,0.400000,-0.037390
0.700000,0.400000,0.020594
0.800000,0.400000,0.069543
0.900000,0.400000,0.110334
1.000000,0.400000,0.143612
1.100000,0.400000,0.169852
1.200000,0.400000,0.189403
1.300000,0.400000,0.202508
1.400000,0.400000,0.209325
1.500000,0.400000,0.209932
1.600000,0.400000,0.246405
1.700000,0.400000,0.336879
1.800000,0.400000,0.415464
1.900000,0.400000,0.483921
2.000000,0.400000,0.543511
2.100000,0.400000,0.595164
2.200000,0.400000,0.639584
2.300000,0.400000,0.677311
2.400000,0.400000,0.708762
2.500000,0.400000,0.734259
2.600000,0.400000,0.754045
2.700000,0.400000,0.768302
2.800000,0.400000,0.777155
2.900000,0.400000,0.780679
3.000000,0.400000,0.778906
3.100000,0.400000,0.771819
3.200000,0.400000,0.759359
3.300000,0.400000,0.741417
3.400000,0.400000,0.717831
3.500000,0.400000,
-3.500000,0.500000,
-3.400000,0.500000,0.662681
-3.300000,0.500000,0.641105
-3.200000,0.500000,0.611006
-3.100000,0.500000,0.600727
-3.000000,0.500000,0.590147
-2.900000,0.500000,0.574311
-2.800000,0.500000,0.553089
-2.700000,0.500000,0.526298
-2.600000,0.500000,0.493695
-2.500000,0.500000,0.454965
-2.400000,0.500000,0.409701
-2.300000,0.500000,0.357385
-2.200000,0.500000,0.298379
-2.100000,0.500000,0.333105
-2.000000,0.500000,0.362330
-1.900000,0.500000,0.386287
-1.800000,0.500000,0.405160
-1.700000,0.500000,0.419085
-1.600000,0.500000,0.428161
-1.500000,0.500000,0.432452
-1.400000,0.500000,0.431986
-1.300000,0.500000,0.426760
-1.200000,0.500000,0.416738
-1.100000,0.500000,0.401851
-1.000000,0.500000,0.381994
-0.900000,0.500000,0.357019
-0.800000,0.500000,0.326736
-0.700000,0.500000,0.290898
-0.600000,0.500000,0.249195
-0.500000,0.500000,0.201235
-0.400000,0.500000,0.146523
-0.300000,0.500000,0.084428
-0.200000,0.500000,0.014134
-0.100000,0.500000,-0.065434
0.000000,0.500000,-0.155736
0.100000,0.500000,-0.258829
0.200000,0.500000,-0.377766
0.300000,0.500000,-0.361132
0.400000,0.500000,-0.259741
0.500000,0.500000,-0.174724
0.600000,0.500000,-0.102871
0.700000,0.500000,-0.042099
0.800000,0.500000,0.009023
0.900000,0.500000,0.051510
1.000000,0.500000,0.086101
1.100000,0.500000,0.113335
1.200000,0.500000,0.133604
1.300000,0.500000,0.147181
1.400000,0.500000,0.154239
1.500000,0.500000,0.154868
1.600000,0.500000,0.195795
1.700000,0.500000,0.302856
1.800000,0.500000,0.438543
1.900000,0.500000,0.539809
2.000000,0.500000,0.618524
2.100000,0.500000,0.680317
2.200000,0.500000,0.728341
2.300000,0.500000,0.764518
2.400000,0.500000,0.790064
2.500000,0.500000,0.805738
2.600000,0.500000,0.811970
2.700000,0.500000,0.808922
2.800000,0.500000,0.796516
2.900000,0.500000,0.774418
3.000000,0.500000,0.742912
3.100000,0.500000,0.735687
3.200000,0.500000,0.722981
3.300000,0.500000,0.704679
3.400000,0.500000,0.663325
3.500000,0.500000,
-3.500000,0.600000,
-3.400000,0.600000,0.574456
-3.300000,0.600000,0.584823
-3.200000,0.600000,0.584534
-3.100000,0.600000,0.579062
-3.000000,0.600000,0.568362
-2.900000,0.600000,0.552344
-2.800000,0.600000,0.530874
-2.700000,0.600000,0.503762
-2.600000,0.600000,0.470755
-2.500000,0.600000,0.431525
-2.400000,0.600000,0.385650
-2.300000,0.600000,0.332584
-2.200000,0.600000,0.291978
-2.100000,0.600000,0.326815
-2.000000,0.600000,0.356131
-1.900000,0.600000,0.380160
-1.800000,0.600000,0.399089
-1.700000,0.600000,0.413055
-1.600000,0.600000,0.422157
-1.500000,0.600000,0.426460
-1.400000,0.600000,0.425993
-1.300000,0.600000,0.420752
-1.200000,0.600000,0.410701
-1.100000,0.600000,0.395771
-1.000000,0.600000,0.375854
-0.900000,0.600000,0.350804
-0.800000,0.600000,0.320426
-0.700000,0.600000,0.284473
-0.600000,0.600000,0.242630
-0.500000,0.600000,0.194501
-0.400000,0.600000,0.139585
-0.300000,0.600000,0.077244
-0.200000,0.600000,0.006650
-0.100000,0.600000,-0.073291
0.000000,0.600000,-0.164064
0.100000,0.600000,-0.267768
0.200000,0.600000,-0.387532
0.300000,0.600000,-0.459039
0.400000,0.600000,-0.348212
0.500000,0.600000,-0.256627
0.600000,0.600000,-0.179961
0.700000,0.600000,-0.115550
0.800000,0.600000,-0.061630
0.900000,0.600000,-0.016979
1.000000,0.600000,0.019277
1.100000,0.600000,0.047765
1.200000,0.600000,0.068936
1.300000,0.600000,0.083102
1.400000,0.600000,0.090463
1.500000,0.600000,0.225023
1.600000,0.600000,0.407548
1.700000,0.600000,0.538038
1.800000,0.600000,0.639220
1.900000,0.600000,0.720138
2.000000,0.600000,0.785467
2.100000,0.600000,0.837975
2.200000,0.600000,0.879421
2.300000,0.600000,0.910973
2.400000,0.600000,0.933410
2.500000,0.600000,0.947237
2.600000,0.600000,0.952747
2.700000,0.600000,0.950051
2.800000,0.600000,0.939096
2.900000,0.600000,0.919653
3.000000,0.600000,0.891295
3.100000,0.600000,0.853346
3.200000,0.600000,0.804790
3.300000,0.600000,0.744100
3.400000,0.600000,0.574456
3.500000,0.600000,
-3.500000,0.700000,
-3.400000,0.700000,0.447214
-3.300000,0.700000,0.557735
-3.200000,0.700000,0.557443
-3.100000,0.700000,0.551892
-3.000000,0.700000,0.541038
-2.900000,0.700000,0.524787
-2.800000,0.700000,0.502997
-2.700000,0.700000,0.475471
-2.600000,0.700000,0.441942
-2.500000,0.700000,0.402066
-2.400000,0.700000,0.355397
-2.300000,0.700000,0.301358
-2.200000,0.700000,0.280441
-2.100000,0.700000,0.315480
-2.000000,0.700000,0.344960
-1.900000,0.700000,0.369121
-1.800000,0.700000,0.388151
-1.700000,0.700000,0.402191
-1.600000,0.700000,0.411341
-1.500000,0.700000,0.415666
-1.400000,0.700000,0.415196
-1.300000,0.700000,0.409928
-1.200000,0.700000,0.399825
-1.100000,0.700000,0.384816
-1.000000,0.700000,0.364792
-0.900000,0.700000,0.339604
-0.800000,0.700000,0.309054
-0.700000,0.700000,0.272891
-0.600000,0.700000,0.230793
-0.500000,0.700000,0.182357
-0.400000,0.700000,0.127071
-0.300000,0.700000,0.064280
-0.200000,0.700000,-0.006864
-0.100000,0.700000,-0.087486
0.000000,0.700000,-0.179122
0.100000,0.700000,-0.283951
0.200000,0.700000,-0.405245
0.300000,0.700000,-0.548323
0.400000,0.700000,-0.455271
0.500000,0.700000,-0.354312
0.600000,0.700000,-0.271023
0.700000,0.700000,-0.201728
0.800000,0.700000,-0.144117
0.900000,0.700000,-0.096648
1.000000,0.700000,-0.058246
1.100000,0.700000,-0.028153
1.200000,0.700000,-0.005833
1.300000,0.700000,0.009083
1.400000,0.700000,0.291989
1.500000,0.700000,0.471516
1.600000,0.700000,0.603902
1.700000,0.700000,0.708506
1.800000,0.700000,0.793568
1.900000,0.700000,0.863504
2.000000,0.700000,0.920985
2.100000,0.700000,0.967750
2.200000,0.700000,1.004979
2.300000,0.700000,1.033491
2.400000,0.700000,1.053851
2.500000,0.700000,1.066431
2.600000,0.700000,1.071450
2.700000,0.700000,1.068994
2.800000,0.700000,1.059021
2.900000,0.700000,1.041360
3.000000,0.700000,1.015692
3.100000,0.700000,0.981526
3.200000,0.700000,0.938139
3.300000,0.700000,0.884490
3.400000,0.700000,0.447214
3.500000,0.700000,
-3.500000,0.800000,
-3.400000,0.800000,0.223607
-3.300000,0.800000,0.524924
-3.200000,0.800000,0.524626
-3.100000,0.800000,0.518978
-3.000000,0.800000,0.507931
-2.900000,0.800000,0.491388
-2.800000,0.800000,0.469198
-2.700000,0.800000,0.441151
-2.600000,0.800000,0.406966
-2.500000,0.800000,0.366276
-2.400000,0.800000,0.318605
-2.300000,0.800000,0.263333
-2.200000,0.800000,0.263675
-2.100000,0.800000,0.299012
-2.000000,0.800000,0.328735
-1.900000,0.800000,0.353090
-1.800000,0.800000,0.372269
-1.700000,0.800000,0.386417
-1.600000,0.800000,0.395637
-1.500000,0.800000,0.399995
-1.400000,0.800000,0.399521
-1.300000,0.800000,0.394213
-1.200000,0.800000,0.384033
-1.100000,0.800000,0.368907
-1.000000,0.800000,0.348726
-0.900000,0.800000,0.323335
-0.800000,0.800000,0.292532
-0.700000,0.800000,0.256059
-0.600000,0.800000,0.213585
-0.500000,0.800000,0.164696
-0.400000,0.800000,0.108861
-0.300000,0.800000,0.045405
-0.200000,0.800000,-0.026555
-0.100000,0.800000,-0.108193
0.000000,0.800000,-0.201118
0.100000,0.800000,-0.307636
0.200000,0.800000,-0.431243
0.300000,0.800000,-0.577717
0.400000,0.800000,-0.588196
0.500000,0.800000,-0.472730
0.600000,0.800000,-0.379774
0.700000,0.800000,-0.303616
0.800000,0.800000,-0.240952
0.900000,0.800000,-0.189694
1.000000,0.800000,-0.148445
1.100000,0.800000,-0.116245
1.200000,0.800000,-0.001658
1.300000,0.800000,0.318629
1.400000,0.800000,0.504932
1.500000,0.800000,0.643455
1.600000,0.800000,0.753810
1.700000,0.800000,0.844410
1.800000,0.800000,0.919782
1.900000,0.800000,0.982682
2.000000,0.800000,1.034917
2.100000,0.800000,1.077729
2.200000,0.800000,1.111996
2.300000,0.800000,1.138341
2.400000,0.800000,1.157203
2.500000,0.800000,1.168879
2.600000,0.800000,1.173542
2.700000,0.800000,1.171260
2.800000,0.800000,1.162000
2.900000,0.800000,1.145626
3.000000,0.800000,1.121885
3.100000,0.800000,1.090391
3.200000,0.800000,1.050590
3.300000,0.800000,0.848528
3.400000,0.800000,0.223607
3.500000,0.800000,
-3.500000,0.900000,
-3.400000,0.900000,
-3.300000,0.900000,0.486081
-3.200000,0.900000,0.485777
-3.100000,0.900000,0.480009
-3.000000,0.900000,0.468725
-2.900000,0.900000,0.451821
-2.800000,0.900000,0.429137
-2.700000,0.900000,0.400447
-2.600000,0.900000,0.365450
-2.500000,0.900000,0.323750
-2.400000,0.900000,0.274830
-2.300000,0.900000,0.218012
-2.200000,0.900000,0.241543
-2.100000,0.900000,0.277282
-2.000000,0.900000,0.307331
-1.900000,0.900000,0.331946
-1.800000,0.900000,0.351325
-1.700000,0.900000,0.365619
-1.600000,0.900000,0.374932
-1.500000,0.900000,0.379334
-1.400000,0.900000,0.378856
-1.300000,0.900000,0.373494
-1.200000,0.900000,0.363210
-1.100000,0.900000,0.347929
-1.000000,0.900000,0.327536
-0.900000,0.900000,0.301872
-0.800000,0.900000,0.270729
-0.700000,0.900000,0.233839
-0.600000,0.900000,0.190859
-0.500000,0.900000,0.141356
-0.400000,0.900000,0.084780
-0.300000,0.900000,0.020421
-0.200000,0.900000,-0.052649
-0.100000,0.900000,-0.135673
0.000000,0.900000,-0.230369
0.100000,0.900000,-0.339223
0.200000,0.900000,-0.466064
0.300000,0.900000,-0.617363
0.400000,0.900000,-0.762853
0.500000,0.900000,-0.621220
0.600000,0.900000,-0.512660
0.700000,0.900000,-0.426107
0.800000,0.900000,-0.356100
0.900000,0.900000,-0.299490
1.000000,0.900000,-0.254299
1.100000,0.900000,-0.064169
1.200000,0.900000,0.310536
1.300000,0.900000,0.511733
1.400000,0.900000,0.660064
1.500000,0.900000,0.778252
1.600000,0.900000,0.875677
1.700000,0.900000,0.957302
1.800000,0.900000,1.026117
1.900000,0.900000,1.084081
2.000000,0.900000,1.132540
2.100000,0.900000,1.172454
2.200000,0.900000,1.204518
2.300000,0.900000,1.229237
2.400000,0.900000,1.246969
2.500000,0.900000,1.257958
2.600000,0.900000,1.262349
2.700000,0.900000,1.260200
2.800000,0.900000,1.251482
2.900000,0.900000,1.236082
3.000000,0.900000,1.213790
3.100000,0.900000,1.184291
3.200000,0.900000,1.095445
3.300000,0.900000,0.741620
3.400000,0.900000,
3.500000,0.900000,
-3.500000,1.000000,
-3.400000,1.000000,
-3.300000,1.000000,0.440814
-3.200000,1.000000,0.440502
-3.100000,1.000000,0.434588
-3.000000,1.000000,0.423014
-2.900000,1.000000,0.405669
-2.800000,1.000000,0.382380
-2.700000,1.000000,0.352901
-2.600000,1.000000,0.316905
-2.500000,1.000000,0.273957
-2.400000,1.000000,0.223487
-2.300000,1.000000,0.171474
-2.200000,1.000000,0.213856
-2.100000,1.000000,0.250110
-2.000000,1.000000,0.280577
-1.900000,1.000000,0.305525
-1.800000,1.000000,0.325161
-1.700000,1.000000,0.339641
-1.600000,1.000000,0.349074
-1.500000,1.000000,0.353532
-1.400000,1.000000,0.353048
-1.300000,1.000000,0.347618
-1.200000,1.000000,0.337201
-1.100000,1.000000,0.321721
-1.000000,1.000000,0.301056
-0.900000,1.000000,0.275044
-0.800000,1.000000,0.243465
-0.700000,1.000000,0.206038
-0.600000,1.000000,0.162407
-0.500000,1.000000,0.112115
-0.400000,1.000000,0.054581
-0.300000,1.000000,-0.010948
-0.200000,1.000000,-0.085462
-0.100000,1.000000,-0.170299
0.000000,1.000000,-0.267327
0.100000,1.000000,-0.379291
0.200000,1.000000,-0.510500
0.300000,1.000000,-0.668478
0.400000,1.000000,-0.868873
0.500000,1.000000,-0.822337
0.600000,1.000000,-0.682881
0.700000,1.000000,-0.578311
0.800000,1.000000,-0.496499
0.900000,1.000000,-0.431689
1.000000,1.000000,-0.380649
1.100000,1.000000,0.266134
1.200000,1.000000,0.492633
1.300000,1.000000,0.654968
1.400000,1.000000,0.783287
1.500000,1.000000,0.888958
1.600000,1.000000,0.977758
1.700000,1.000000,1.053092
1.800000,1.000000,1.117158
1.900000,1.000000,1.171461
2.000000,1.000000,1.217073
2.100000,1.000000,1.254773
2.200000,1.000000,1.285139
2.300000,1.000000,1.308594
2.400000,1.000000,1.325444
2.500000,1.000000,1.335895
2.600000,1.000000,1.340074
2.700000,1.000000,1.338029
2.800000,1.000000,1.329736
2.900000,1.000000,1.315096
3.000000,1.000000,1.293933
3.100000,1.000000,1.265975
3.200000,1.000000,1.004988
3.300000,1.000000,0.600000
3.400000,1.000000,
3.500000,1.000000,
-3.500000,1.100000,
-3.400000,1.100000,
-3.300000,1.100000,0.387298
-3.200000,1.100000,0.388299
-3.100000,1.100000,0.382206
-3.000000,1.100000,0.370279
-2.900000,1.100000,0.352397
-2.800000,1.100000,0.328367
-2.700000,1.100000,0.297921
-2.600000,1.100000,0.260694
-2.500000,1.100000,0.216203
-2.400000,1.100000,0.163805
-2.300000,1.100000,0.137200
-2.200000,1.100000,0.180366
-2.100000,1.100000,0.217262
-2.000000,1.100000,0.248251
-1.900000,1.100000,0.273614
-1.800000,1.100000,0.293568
-1.700000,1.100000,0.308279
-1.600000,1.100000,0.317861
-1.500000,1.100000,0.322389
-1.400000,1.100000,0.321897
-1.300000,1.100000,0.316382
-1.200000,1.100000,0.305801
-1.100000,1.100000,0.290072
-1.000000,1.100000,0.269071
-0.900000,1.100000,0.242624
-0.800000,1.100000,0.210501
-0.700000,1.100000,0.172406
-0.600000,1.100000,0.127959
-0.500000,1.100000,0.076677
-0.400000,1.100000,0.017937
-0.300000,1.100000,-0.049071
-0.200000,1.100000,-0.125422
-0.100000,1.100000,-0.212580
0.000000,1.100000,-0.312623
0.100000,1.100000,-0.428659
0.200000,1.100000,-0.565709
0.300000,1.100000,-0.732932
0.400000,1.100000,-0.951029
0.500000,1.100000,-1.193613
0.600000,1.100000,-0.928932
0.700000,1.100000,-0.781622
0.800000,1.100000,-0.676605
0.900000,1.100000,-0.597213
1.000000,1.100000,0.174639
1.100000,1.100000,0.445555
1.200000,1.100000,0.627798
1.300000,1.100000,0.769197
1.400000,1.100000,0.884875
1.500000,1.100000,0.981990
1.600000,1.100000,1.064607
1.700000,1.100000,1.135287
1.800000,1.100000,1.195761
1.900000,1.100000,1.247250
2.000000,1.100000,1.290646
2.100000,1.100000,1.326609
2.200000,1.100000,1.355632
2.300000,1.100000,1.378083
2.400000,1.100000,1.394228
2.500000,1.100000,1.404250
2.600000,1.100000,1.408258
2.700000,1.100000,1.406296
2.800000,1.100000,1.398343
2.900000,1.100000,1.384312
3.000000,1.100000,1.364046
3.100000,1.100000,1.195826
3.200000,1.100000,0.894427
3.300000,1.100000,0.387298
3.400000,1.100000,
3.500000,1.100000,
-3.500000,1.200000,
-3.400000,1.200000,
-3.300000,1.200000,
-3.200000,1.200000,0.328519
-3.100000,1.200000,0.322208
-3.000000,1.200000,0.309850
-2.900000,1.200000,0.291308
-2.800000,1.200000,0.266369
-2.700000,1.200000,0.234731
-2.600000,1.200000,0.195981
-2.500000,1.200000,0.149567
-2.400000,1.200000,0.094750
-2.300000,1.200000,0.096617
-2.200000,1.200000,0.140750
-2.100000,1.200000,0.178437
-2.000000,1.200000,0.210065
-1.900000,1.200000,0.235935
-1.800000,1.200000,0.256280
-1.700000,1.200000,0.271272
-1.600000,1.200000,0.281036
-1.500000,1.200000,0.285649
-1.400000,1.200000,0.285148
-1.300000,1.200000,0.279529
-1.200000,1.200000,0.268747
-1.100000,1.200000,0.252716
-1.000000,1.200000,0.231303
-0.900000,1.200000,0.204323
-0.800000,1.200000,0.171533
-0.700000,1.200000,0.132615
-0.600000,1.200000,0.087164
-0.500000,1.200000,0.034656
-0.400000,1.200000,-0.025584
-0.300000,1.200000,-0.094439
-0.200000,1.200000,-0.173099
-0.100000,1.200000,-0.263204
0.000000,1.200000,-0.367124
0.100000,1.200000,-0.488492
0.200000,1.200000,-0.633410
0.300000,1.200000,-0.813726
0.400000,1.200000,-1.059976
0.500000,1.200000,
0.600000,1.200000,
0.700000,1.200000,-1.133362
0.800000,1.200000,-0.940516
0.900000,1.200000,-0.009879
1.000000,1.200000,0.364284
1.100000,1.200000,0.576426
1.200000,1.200000,0.735178
1.300000,1.200000,0.863238
1.400000,1.200000,0.970163
1.500000,1.200000,1.061063
1.600000,1.200000,1.139045
1.700000,1.200000,1.206162
1.800000,1.200000,1.263841
1.900000,1.200000,1.313115
2.000000,1.200000,1.354751
2.100000,1.200000,1.389323
2.200000,1.200000,1.417267
2.300000,1.200000,1.438908
2.400000,1.200000,1.454483
2.500000,1.200000,1.464157
2.600000,1.200000,1.468027
2.700000,1.200000,1.466132
2.800000,1.200000,1.458454
2.900000,1.200000,1.444915
3.000000,1.200000,1.345362
3.100000,1.200000,1.095445
3.200000,1.200000,0.754983
3.300000,1.200000,
3.400000,1.200000,
3.500000,1.200000,
-3.500000,1.300000,
-3.400000,1.300000,
-3.300000,1.300000,
-3.200000,1.300000,0.260320
-3.100000,1.300000,0.253740
-3.000000,1.300000,0.240849
-2.900000,1.300000,0.221492
-2.800000,1.300000,0.195424
-2.700000,1.300000,0.162300
-2.600000,1.300000,0.121641
-2.500000,1.300000,0.072800
-2.400000,1.300000,0.014897
-2.300000,1.300000,0.049280
-2.200000,1.300000,0.094596
-2.100000,1.300000,0.133247
-2.000000,1.300000,0.165653
-1.900000,1.300000,0.192140
-1.800000,1.300000,0.212957
-1.700000,1.300000,0.228292
-1.600000,1.300000,0.238275
-1.500000,1.300000,0.242991
-1.400000,1.300000,0.242479
-1.300000,1.300000,0.236734
-1.200000,1.300000,0.225709
-1.100000,1.300000,0.209311
-1.000000,1.300000,0.187398
-0.900000,1.300000,0.159772
-0.800000,1.300000,0.126170
-0.700000,1.300000,0.086248
-0.600000,1.300000,0.039565
-0.500000,1.300000,-0.014450
-0.400000,1.300000,-0.076542
-0.300000,1.300000,-0.147699
-0.200000,1.300000,-0.229260
-0.100000,1.300000,-0.323112
0.000000,1.300000,-0.432043
0.100000,1.300000,-0.560478
0.200000,1.300000,-0.716252
0.300000,1.300000,-0.916082
0.400000,1.300000,-1.214475
0.500000,1.300000,
0.600000,1.300000,
0.700000,1.300000,
0.800000,1.300000,
0.900000,1.300000,0.232442
1.000000,1.300000,0.495988
1.100000,1.300000,0.679086
1.200000,1.300000,0.823005
1.300000,1.300000,0.941807
1.400000,1.300000,1.042338
1.500000,1.300000,1.128549
1.600000,1.300000,1.202959
1.700000,1.300000,1.267285
1.800000,1.300000,1.322749
1.900000,1.300000,1.370253
2.000000,1.300000,1.410473
2.100000,1.300000,1.443920
2.200000,1.300000,1.470987
2.300000,1.300000,1.491968
2.400000,1.300000,1.507078
2.500000,1.300000,1.516466
2.600000,1.300000,1.520223
2.700000,1.300000,1.518384
2.800000,1.300000,1.510931
2.900000,1.300000,1.466288
3.000000,1.300000,1.249000
3.100000,1.300000,0.974679
3.200000,1.300000,0.565685
3.300000,1.300000,
3.400000,1.300000,
3.500000,1.300000,
-3.500000,1.400000,
-3.400000,1.400000,
-3.300000,1.400000,
-3.200000,1.400000,0.182573
-3.100000,1.400000,0.175658
-3.000000,1.400000,0.162100
-2.900000,1.400000,0.141720
-2.800000,1.400000,0.114231
-2.700000,1.400000,0.079222
-2.600000,1.400000,0.036123
-2.500000,1.400000,-0.015851
-2.400000,1.400000,-0.059691
-2.300000,1.400000,-0.005386
-2.200000,1.400000,0.041376
-2.100000,1.400000,0.081201
-2.000000,1.400000,0.114551
-1.900000,1.400000,0.141785
-1.800000,1.400000,0.163174
-1.700000,1.400000,0.178921
-1.600000,1.400000,0.189169
-1.500000,1.400000,0.194009
-1.400000,1.400000,0.193484
-1.300000,1.400000,0.187587
-1.200000,1.400000,0.176269
-1.100000,1.400000,0.159429
-1.000000,1.400000,0.136911
-0.900000,1.400000,0.108502
-0.800000,1.400000,0.073913
-0.700000,1.400000,0.032768
-0.600000,1.400000,-0.015422
-0.500000,1.400000,-0.071291
-0.400000,1.400000,-0.135680
-0.300000,1.400000,-0.209711
-0.200000,1.400000,-0.294941
-0.100000,1.400000,-0.393606
0.000000,1.400000,-0.509124
0.100000,1.400000,-0.647176
0.200000,1.400000,-0.818635
0.300000,1.400000,-1.050569
0.400000,1.400000,-1.517003
0.500000,1.400000,
0.600000,1.400000,
0.700000,1.400000,
0.800000,1.400000,-0.020639
0.900000,1.400000,0.375683
1.000000,1.400000,0.596636
1.100000,1.400000,0.762001
1.200000,1.400000,0.895714
1.300000,1.400000,1.007764
1.400000,1.400000,1.103470
1.500000,1.400000,1.186062
1.600000,1.400000,1.257670
1.700000,1.400000,1.319781
1.800000,1.400000,1.373474
1.900000,1.400000,1.419551
2.000000,1.400000,1.458622
2.100000,1.400000,1.491155
2.200000,1.400000,1.517506
2.300000,1.400000,1.537946
2.400000,1.400000,1.552675
2.500000,1.400000,1.561829
2.600000,1.400000,1.565493
2.700000,1.400000,1.563700
2.800000,1.400000,1.556432
2.900000,1.400000,1.371131
3.000000,1.400000,1.135782
3.100000,1.400000,0.824621
3.200000,1.400000,0.223607
3.300000,1.400000,
3.400000,1.400000,
3.500000,1.400000,
-3.500000,1.500000,
-3.400000,1.500000,
-3.300000,1.500000,
-3.200000,1.500000,
-3.100000,1.500000,0.086393
-3.000000,1.500000,0.071983
-2.900000,1.500000,0.050289
-2.800000,1.500000,0.020964
-2.700000,1.500000,-0.016495
-2.600000,1.500000,-0.062801
-2.500000,1.500000,-0.118954
-2.400000,1.500000,-0.124637
-2.300000,1.500000,-0.068131
-2.200000,1.500000,-0.019592
-2.100000,1.500000,0.021667
-2.000000,1.500000,0.056167
-1.900000,1.500000,0.084306
-1.800000,1.500000,0.106386
-1.700000,1.500000,0.122632
-1.600000,1.500000,0.133200
-1.500000,1.500000,0.138190
-1.400000,1.500000,0.137648
-1.300000,1.500000,0.131569
-1.200000,1.500000,0.119897
-1.100000,1.500000,0.102521
-1.000000,1.500000,0.079273
-0.900000,1.500000,0.049912
-0.800000,1.500000,0.014122
-0.700000,1.500000,-0.028520
-0.600000,1.500000,-0.078562
-0.500000,1.500000,-0.136728
-0.400000,1.500000,-0.203984
-0.300000,1.500000,-0.281648
-0.200000,1.500000,-0.371585
-0.100000,1.500000,-0.476561
0.000000,1.500000,-0.600990
0.100000,1.500000,-0.752740
0.200000,1.500000,-0.948814
0.300000,1.500000,-1.246659
0.400000,1.500000,-1.653216
0.500000,1.500000,-2.031027
0.600000,1.500000,
0.700000,1.500000,
0.800000,1.500000,0.184802
0.900000,1.500000,0.479157
1.000000,1.500000,0.676207
1.100000,1.500000,0.829653
1.200000,1.500000,0.956000
1.300000,1.500000,1.062986
1.400000,1.500000,1.154984
1.500000,1.500000,1.234748
1.600000,1.500000,1.304140
1.700000,1.500000,1.364485
1.800000,1.500000,1.416754
1.900000,1.500000,1.461678
2.000000,1.500000,1.499819
2.100000,1.500000,1.531607
2.200000,1.500000,1.557375
2.300000,1.500000,1.577374
2.400000,1.500000,1.591790
2.500000,1.500000,1.600753
2.600000,1.500000,1.604340
2.700000,1.500000,1.602584
2.800000,1.500000,1.469694
2.900000,1.500000,1.260952
3.000000,1.500000,1.000000
3.100000,1.500000,0.624500
3.200000,1.500000,
3.300000,1.500000,
3.400000,1.500000,
3.500000,1.500000,
-3.500000,1.600000,
-3.400000,1.600000,
-3.300000,1.600000,
-3.200000,1.600000,
-3.100000,1.600000,-0.016303
-3.000000,1.600000,-0.031838
-2.900000,1.600000,-0.055273
-2.800000,1.600000,-0.087052
-2.700000,1.600000,-0.127825
-2.600000,1.600000,-0.178533
-2.500000,1.600000,-0.240541
-2.400000,1.600000,-0.199206
-2.300000,1.600000,-0.139948
-2.200000,1.600000,-0.089204
-2.100000,1.600000,-0.046177
-2.000000,1.600000,-0.010268
-1.900000,1.600000,0.018977
-1.800000,1.600000,0.041899
-1.700000,1.600000,0.058750
-1.600000,1.600000,0.069706
-1.500000,1.600000,0.074877
-1.400000,1.600000,0.074316
-1.300000,1.600000,0.068016
-1.200000,1.600000,0.055914
-1.100000,1.600000,0.037889
-1.000000,1.600000,0.013748
-0.900000,1.600000,-0.016774
-0.800000,1.600000,-0.054039
-0.700000,1.600000,-0.098527
-0.600000,1.600000,-0.150871
-0.500000,1.600000,-0.211915
-0.400000,1.600000,-0.282807
-0.300000,1.600000,-0.365148
-0.200000,1.600000,-0.461272
-0.100000,1.600000,-0.574797
0.000000,1.600000,-0.711877
0.100000,1.600000,-0.884723
0.200000,1.600000,-1.126340
0.300000,1.600000,-1.368036
0.400000,1.600000,-1.568309
0.500000,1.600000,-1.868447
0.600000,1.600000,
0.700000,1.600000,
0.800000,1.600000,0.305526
0.900000,1.600000,0.557940
1.000000,1.600000,0.739706
1.100000,1.600000,0.884732
1.200000,1.600000,1.005629
1.300000,1.600000,1.108765
1.400000,1.600000,1.197893
1.500000,1.600000,1.275441
1.600000,1.600000,1.343083
1.700000,1.600000,1.402021
1.800000,1.600000,1.453150
1.900000,1.600000,1.497149
2.000000,1.600000,1.534540
2.100000,1.600000,1.565726
2.200000,1.600000,1.591021
2.300000,1.600000,1.610661
2.400000,1.600000,1.624824
2.500000,1.600000,1.633631
2.600000,1.600000,1.637157
2.700000,1.600000,1.549193
2.800000,1.600000,1.360147
2.900000,1.600000,1.131371
3.000000,1.600000,0.830662
3.100000,1.600000,0.282843
3.200000,1.600000,
3.300000,1.600000,
3.400000,1.600000,
3.500000,1.600000,
-3.500000,1.700000,
-3.400000,1.700000,
-3.300000,1.700000,
-3.200000,1.700000,
-3.100000,1.700000,
-3.000000,1.700000,-0.152929
-2.900000,1.700000,-0.178791
-2.800000,1.700000,-0.214027
-2.700000,1.700000,-0.259548
-2.600000,1.700000,-0.316717
-2.500000,1.700000,-0.358289
-2.400000,1.700000,-0.284951
-2.300000,1.700000,-0.222183
-2.200000,1.700000,-0.168660
-2.100000,1.700000,-0.123424
-2.000000,1.700000,-0.085765
-1.900000,1.700000,-0.055154
-1.800000,1.700000,-0.031195
-1.700000,1.700000,-0.013601
-1.600000,1.700000,-0.002171
-1.500000,1.700000,0.003222
-1.400000,1.700000,0.002637
-1.300000,1.700000,-0.003934
-1.200000,1.700000,-0.016561
-1.100000,1.700000,-0.035385
-1.000000,1.700000,-0.060623
-0.900000,1.700000,-0.092582
-0.800000,1.700000,-0.131680
-0.700000,1.700000,-0.178479
-0.600000,1.700000,-0.233730
-0.500000,1.700000,-0.298453
-0.400000,1.700000,-0.374063
-0.300000,1.700000,-0.462603
-0.200000,1.700000,-0.567175
-0.100000,1.700000,-0.692906
0.000000,1.700000,-0.849443
0.100000,1.700000,-1.043615
0.200000,1.700000,-1.167646
0.300000,1.700000,-1.316658
0.400000,1.700000,-1.504224
0.500000,1.700000,-1.768338
0.600000,1.700000,
0.700000,1.700000,-0.023598
0.800000,1.700000,0.389922
0.900000,1.700000,0.618635
1.000000,1.700000,0.790028
1.100000,1.700000,0.928975
1.200000,1.700000,1.045807
1.300000,1.700000,1.146017
1.400000,1.700000,1.232935
1.500000,1.700000,1.308761
1.600000,1.700000,1.375032
1.700000,1.700000,1.432863
1.800000,1.700000,1.483093
1.900000,1.700000,1.526358
2.000000,1.700000,1.563152
2.100000,1.700000,1.593859
2.200000,1.700000,1.618777
2.300000,1.700000,1.638132
2.400000,1.700000,1.652092
2.500000,1.700000,1.660775
2.600000,1.700000,1.612452
2.700000,1.700000,1.438749
2.800000,1.700000,1.232883
2.900000,1.700000,0.974679
3.000000,1.700000,0.600000
3.100000,1.700000,
3.200000,1.700000,
3.300000,1.700000,
3.400000,1.700000,
3.500000,1.700000,
-3.500000,1.800000,
-3.400000,1.800000,
-3.300000,1.800000,
-3.200000,1.800000,
-3.100000,1.800000,
-3.000000,1.800000,
-2.900000,1.800000,-0.326760
-2.800000,1.800000,-0.367302
-2.700000,1.800000,-0.420319
-2.600000,1.800000,-0.488118
-2.500000,1.800000,-0.418368
-2.400000,1.800000,-0.319220
-2.300000,1.800000,-0.237357
-2.200000,1.800000,-0.169255
-2.100000,1.800000,-0.112687
-2.000000,1.800000,-0.066158
-1.900000,1.800000,-0.028628
-1.800000,1.800000,0.000640
-1.700000,1.800000,0.022164
-1.600000,1.800000,0.036299
-1.500000,1.800000,0.043266
-1.400000,1.800000,0.043169
-1.300000,1.800000,0.036008
-1.200000,1.800000,0.021674
-1.100000,1.800000,-0.000057
-1.000000,1.800000,-0.029543
-0.900000,1.800000,-0.067309
-0.800000,1.800000,-0.114097
-0.700000,1.800000,-0.170958
-0.600000,1.800000,-0.239403
-0.500000,1.800000,-0.321685
-0.400000,1.800000,-0.421376
-0.300000,1.800000,-0.544715
-0.200000,1.800000,-0.694552
-0.100000,1.800000,-0.819287
0.000000,1.800000,-0.909015
0.100000,1.800000,-1.012472
0.200000,1.800000,-1.133245
0.300000,1.800000,-1.277331
0.400000,1.800000,-1.456315
0.500000,1.800000,-1.699694
0.600000,1.800000,-2.258459
0.700000,1.800000,0.110979
0.800000,1.800000,0.450892
0.900000,1.800000,0.664780
1.000000,1.800000,0.828989
1.100000,1.800000,0.963549
1.200000,1.800000,1.077383
1.300000,1.800000,1.175403
1.400000,1.800000,1.260651
1.500000,1.800000,1.335168
1.600000,1.800000,1.400390
1.700000,1.800000,1.457372
1.800000,1.800000,1.506908
1.900000,1.800000,1.549606
2.000000,1.800000,1.585939
2.100000,1.800000,1.616275
2.200000,1.800000,1.640900
2.300000,1.800000,1.660033
2.400000,1.800000,1.673836
2.500000,1.800000,1.661325
2.600000,1.800000,1.500000
2.700000,1.800000,1.311488
2.800000,1.800000,1.081665
2.900000,1.800000,0.774597
3.000000,1.800000,0.100000
3.100000,1.800000,
3.200000,1.800000,
3.300000,1.800000,
3.400000,1.800000,
3.500000,1.800000,
-3.500000,1.900000,
-3.400000,1.900000,
-3.300000,1.900000,
-3.200000,1.900000,
-3.100000,1.900000,
-3.000000,1.900000,
-2.900000,1.900000,
-2.800000,1.900000,-0.562130
-2.700000,1.900000,-0.523865
-2.600000,1.900000,-0.393219
-2.500000,1.900000,-0.287155
-2.400000,1.900000,-0.199009
-2.300000,1.900000,-0.124987
-2.200000,1.900000,-0.062699
-2.100000,1.900000,-0.010538
-2.000000,1.900000,0.032620
-1.900000,1.900000,0.067585
-1.800000,1.900000,0.094940
-1.700000,1.900000,0.115103
-1.600000,1.900000,0.128365
-1.500000,1.900000,0.134907
-1.400000,1.900000,0.134817
-1.300000,1.900000,0.128092
-1.200000,1.900000,0.114644
-1.100000,1.900000,0.094288
-1.000000,1.900000,0.066731
-0.900000,1.900000,0.031551
-0.800000,1.900000,-0.011843
-0.700000,1.900000,-0.064264
-0.600000,1.900000,-0.126849
-0.500000,1.900000,-0.201221
-0.400000,1.900000,-0.289799
-0.300000,1.900000,-0.396429
-0.200000,1.900000,-0.527892
-0.100000,1.900000,-0.698494
0.000000,1.900000,-0.887745
0.100000,1.900000,-0.989548
0.200000,1.900000,-1.108034
0.300000,1.900000,-1.248725
0.400000,1.900000,-1.421991
0.500000,1.900000,-1.652736
0.600000,1.900000,-2.066690
0.700000,1.900000,0.187587
0.800000,1.900000,0.494079
0.900000,1.900000,0.698459
1.000000,1.900000,0.857768
1.100000,1.900000,0.989253
1.200000,1.900000,1.100952
1.300000,1.900000,1.197396
1.400000,1.900000,1.281435
1.500000,1.900000,1.354998
1.600000,1.900000,1.419454
1.700000,1.900000,1.475813
1.800000,1.900000,1.524840
1.900000,1.900000,1.567121
2.000000,1.900000,1.603114
2.100000,1.900000,1.633176
2.200000,1.900000,1.657585
2.300000,1.900000,1.676554
2.400000,1.900000,1.690240
2.500000,1.900000,1.545962
2.600000,1.900000,1.371131
2.700000,1.900000,1.161895
2.800000,1.900000,0.894427
2.900000,1.900000,0.479583
3.000000,1.900000,
3.100000,1.900000,
3.200000,1.900000,
3.300000,1.900000,
3.400000,1.900000,
3.500000,1.900000,
-3.500000,2.000000,
-3.400000,2.000000,
-3.300000,2.000000,
-3.200000,2.000000,
-3.100000,2.000000,
-3.000000,2.000000,
-2.900000,2.000000,
-2.800000,2.000000,-0.530462
-2.700000,2.000000,-0.388752
-2.600000,2.000000,-0.274009
-2.500000,2.000000,-0.178457
-2.400000,2.000000,-0.097785
-2.300000,2.000000,-0.029315
-2.200000,2.000000,0.028737
-2.100000,2.000000,0.077620
-2.000000,2.000000,0.118235
-1.900000,2.000000,0.151240
-1.800000,2.000000,0.177122
-1.700000,2.000000,0.196232
-1.600000,2.000000,0.208816
-1.500000,2.000000,0.215027
-1.400000,2.000000,0.214941
-1.300000,2.000000,0.208557
-1.200000,2.000000,0.195797
-1.100000,2.000000,0.176505
-1.000000,2.000000,0.150433
-0.900000,2.000000,0.117226
-0.800000,2.000000,0.076395
-0.700000,2.000000,0.027274
-0.600000,2.000000,-0.031045
-0.500000,2.000000,-0.099822
-0.400000,2.000000,-0.180861
-0.300000,2.000000,-0.276871
-0.200000,2.000000,-0.392225
-0.100000,2.000000,-0.534846
0.000000,2.000000,-0.722343
0.100000,2.000000,-0.974421
0.200000,2.000000,-1.091448
0.300000,2.000000,-1.229996
0.400000,2.000000,-1.399731
0.500000,2.000000,-1.623070
0.600000,2.000000,-1.996560
0.700000,2.000000,0.233513
0.800000,2.000000,0.522401
0.900000,2.000000,0.720947
1.000000,2.000000,0.877133
1.100000,2.000000,1.006622
1.200000,2.000000,1.116921
1.300000,2.000000,1.212325
1.400000,2.000000,1.295563
1.500000,2.000000,1.368490
1.600000,2.000000,1.432435
1.700000,2.000000,1.488378
1.800000,2.000000,1.537064
1.900000,2.000000,1.579065
2.000000,2.000000,1.614830
2.100000,2.000000,1.644708
2.200000,2.000000,1.668972
2.300000,2.000000,1.687830
2.400000,2.000000,1.577973
2.500000,2.000000,1.414214
2.600000,2.000000,1.220656
2.700000,2.000000,0.979796
2.800000,2.000000,0.640312
2.900000,2.000000,
3.000000,2.000000,
3.100000,2.000000,
3.200000,2.000000,
3.300000,2.000000,
3.400000,2.000000,
3.500000,2.000000,
-3.500000,2.100000,
-3.400000,2.100000,
-3.300000,2.100000,
-3.200000,2.100000,
-3.100000,2.100000,
-3.000000,2.100000,
-2.900000,2.100000,
-2.800000,2.100000,
-2.700000,2.100000,-0.279102
-2.600000,2.100000,-0.174788
-2.500000,2.100000,-0.086568
-2.400000,2.100000,-0.011317
-2.300000,2.100000,0.053016
-2.200000,2.100000,0.107850
-2.100000,2.100000,0.154208
-2.000000,2.100000,0.192841
-1.900000,2.100000,0.224309
-1.800000,2.100000,0.249028
-1.700000,2.100000,0.267302
-1.600000,2.100000,0.279345
-1.500000,2.100000,0.285293
-1.400000,2.100000,0.285210
-1.300000,2.100000,0.279097
-1.200000,2.100000,0.266885
-1.100000,2.100000,0.248438
-1.000000,2.100000,0.223539
-0.900000,2.100000,0.191881
-0.800000,2.100000,0.153045
-0.700000,2.100000,0.106465
-0.600000,2.100000,0.051386
-0.500000,2.100000,-0.013224
-0.400000,2.100000,-0.088800
-0.300000,2.100000,-0.177413
-0.200000,2.100000,-0.282228
-0.100000,2.100000,-0.408495
0.000000,2.100000,-0.566190
0.100000,2.100000,-0.779744
0.200000,2.100000,-1.083140
0.300000,2.100000,-1.220641
0.400000,2.100000,-1.388670
0.500000,2.100000,-1.608529
0.600000,2.100000,-1.966328
0.700000,2.100000,0.256870
0.800000,2.100000,0.537427
0.900000,2.100000,0.732998
1.000000,2.100000,0.887556
1.100000,2.100000,1.015995
1.200000,2.100000,1.125553
1.300000,2.100000,1.220404
1.400000,2.100000,1.303214
1.500000,2.100000,1.375802
1.600000,2.100000,1.439473
1.700000,2.100000,1.495193
1.800000,2.100000,1.543695
1.900000,2.100000,1.585546
2.000000,2.100000,1.621188
2.100000,2.100000,1.650967
2.200000,2.100000,1.675153
2.300000,2.100000,1.596872
2.400000,2.100000,1.442221
2.500000,2.100000,1.260952
2.600000,2.100000,1.039230
2.700000,2.100000,0.741620
2.800000,2.100000,
2.900000,2.100000,
3.000000,2.100000,
3.100000,2.100000,
3.200000,2.100000,
3.300000,2.100000,
3.400000,2.100000,
3.500000,2.100000,
-3.500000,2.200000,
-3.400000,2.200000,
-3.300000,2.200000,
-3.200000,2.200000,
-3.100000,2.200000,
-3.000000,2.200000,
-2.900000,2.200000,
-2.800000,2.200000,
-2.700000,2.200000,-0.187846
-2.600000,2.200000,-0.090918
-2.500000,2.200000,-0.008096
-2.400000,2.200000,0.063058
-2.300000,2.200000,0.124204
-2.200000,2.200000,0.176526
-2.100000,2.200000,0.220892
-2.000000,2.200000,0.257949
-1.900000,2.200000,0.288186
-1.800000,2.200000,0.311970
-1.700000,2.200000,0.329569
-1.600000,2.200000,0.341176
-1.500000,2.200000,0.346910
-1.400000,2.200000,0.346831
-1.300000,2.200000,0.340937
-1.200000,2.200000,0.329168
-1.100000,2.200000,0.311402
-1.000000,2.200000,0.287445
-0.900000,2.200000,0.257027
-0.800000,2.200000,0.219777
-0.700000,2.200000,0.175203
-0.600000,2.200000,0.122652
-0.500000,2.200000,0.061248
-0.400000,2.200000,-0.010200
-0.300000,2.200000,-0.093371
-0.200000,2.200000,-0.190730
-0.100000,2.200000,-0.306144
0.000000,2.200000,-0.446313
0.100000,2.200000,-0.624970
0.200000,2.200000,-0.882265
0.300000,2.200000,-1.220419
0.400000,2.200000,-1.388408
0.500000,2.200000,-1.608187
0.600000,2.200000,-1.965640
0.700000,2.200000,0.260654
0.800000,2.200000,0.539898
0.900000,2.200000,0.734988
1.000000,2.200000,0.889281
1.100000,2.200000,1.017547
1.200000,2.200000,1.126983
1.300000,2.200000,1.221743
1.400000,2.200000,1.304482
1.500000,2.200000,1.377015
1.600000,2.200000,1.440640
1.700000,2.200000,1.496323
1.800000,2.200000,1.544795
1.900000,2.200000,1.586622
2.000000,2.200000,1.622244
2.100000,2.200000,1.652006
2.200000,2.200000,1.603122
2.300000,2.200000,1.456022
2.400000,2.200000,1.284523
2.500000,2.200000,1.077033
2.600000,2.200000,0.806226
2.700000,2.200000,0.346410
2.800000,2.200000,
2.900000,2.200000,
3.000000,2.200000,
3.100000,2.200000,
3.200000,2.200000,
3.300000,2.200000,
3.400000,2.200000,
3.500000,2.200000,
-3.500000,2.300000,
-3.400000,2.300000,
-3.300000,2.300000,
-3.200000,2.300000,
-3.100000,2.300000,
-3.000000,2.300000,
-2.900000,2.300000,
-2.800000,2.300000,
-2.700000,2.300000,
-2.600000,2.300000,-0.019548
-2.500000,2.300000,0.059161
-2.400000,2.300000,0.127134
-2.300000,2.300000,0.185774
-2.200000,2.300000,0.236099
-2.100000,2.300000,0.278868
-2.000000,2.300000,0.314655
-1.900000,2.300000,0.343896
-1.800000,2.300000,0.366919
-1.700000,2.300000,0.383970
-1.600000,2.300000,0.395220
-1.500000,2.300000,0.400779
-1.400000,2.300000,0.400702
-1.300000,2.300000,0.394988
-1.200000,2.300000,0.383581
-1.100000,2.300000,0.366369
-1.000000,2.300000,0.343179
-0.900000,2.300000,0.313764
-0.800000,2.300000,0.277792
-0.700000,2.300000,0.234825
-0.600000,2.300000,0.184283
-0.500000,2.300000,0.125402
-0.400000,2.300000,0.057156
-0.300000,2.300000,-0.021872
-0.200000,2.300000,-0.113705
-0.100000,2.300000,-0.221393
0.000000,2.300000,-0.349918
0.100000,2.300000,-0.508491
0.200000,2.300000,-0.718505
0.300000,2.300000,-1.072637
0.400000,2.300000,-1.398937
0.500000,2.300000,-1.622022
0.600000,2.300000,-1.994308
0.700000,2.300000,0.245298
0.800000,2.300000,0.529932
0.900000,2.300000,0.726977
1.000000,2.300000,0.882345
1.100000,2.300000,1.011307
1.200000,2.300000,1.121234
1.300000,2.300000,1.216361
1.400000,2.300000,1.299384
1.500000,2.300000,1.372142
1.600000,2.300000,1.435950
1.700000,2.300000,1.491781
1.800000,2.300000,1.540375
1.900000,2.300000,1.582301
2.000000,2.300000,1.618005
2.100000,2.300000,1.596872
2.200000,2.300000,1.456022
2.300000,2.300000,1.292285
2.400000,2.300000,1.095445
2.500000,2.300000,0.842615
2.600000,2.300000,0.447214
2.700000,2.300000,
2.800000,2.300000,
2.900000,2.300000,
3.000000,2.300000,
3.100000,2.300000,
3.200000,2.300000,
3.300000,2.300000,
3.400000,2.300000,
3.500000,2.300000,
-3.500000,2.400000,
-3.400000,2.400000,
-3.300000,2.400000,
-3.200000,2.400000,
-3.100000,2.400000,
-3.000000,2.400000,
-2.900000,2.400000,
-2.800000,2.400000,
-2.700000,2.400000,
-2.600000,2.400000,
-2.500000,2.400000,0.116720
-2.400000,2.400000,0.182184
-2.300000,2.400000,0.238826
-2.200000,2.400000,0.287547
-2.100000,2.400000,0.329027
-2.000000,2.400000,0.363782
-1.900000,2.400000,0.392210
-1.800000,2.400000,0.414613
-1.700000,2.400000,0.431213
-1.600000,2.400000,0.442171
-1.500000,2.400000,0.447588
-1.400000,2.400000,0.447512
-1.300000,2.400000,0.441945
-1.200000,2.400000,0.430834
-1.100000,2.400000,0.414077
-1.000000,2.400000,0.391513
-0.900000,2.400000,0.362916
-0.800000,2.400000,0.327982
-0.700000,2.400000,0.286312
-0.600000,2.400000,0.237384
-0.500000,2.400000,0.180514
-0.400000,2.400000,0.114792
-0.300000,2.400000,0.038987
-0.200000,2.400000,-0.048628
-0.100000,2.400000,-0.150585
0.000000,2.400000,-0.270844
0.100000,2.400000,-0.416262
0.200000,2.400000,-0.600871
0.300000,2.400000,-0.865555
0.400000,2.400000,-1.420636
0.500000,2.400000,-1.650913
0.600000,2.400000,-2.061928
0.700000,2.400000,0.208959
0.800000,2.400000,0.507049
0.900000,2.400000,0.708720
1.000000,2.400000,0.866589
1.100000,2.400000,0.997158
1.200000,2.400000,1.108216
1.300000,2.400000,1.204184
1.400000,2.400000,1.287857
1.500000,2.400000,1.361129
1.600000,2.400000,1.425352
1.700000,2.400000,1.481522
1.800000,2.400000,1.530393
1.900000,2.400000,1.572546
2.000000,2.400000,1.577973
2.100000,2.400000,1.442221
2.200000,2.400000,1.284523
2.300000,2.400000,1.095445
2.400000,2.400000,0.854400
2.500000,2.400000,0.489898
2.600000,2.400000,
2.700000,2.400000,
2.800000,2.400000,
2.900000,2.400000,
3.000000,2.400000,
3.100000,2.400000,
3.200000,2.400000,
3.300000,2.400000,
3.400000,2.400000,
3.500000,2.400000,
-3.500000,2.500000,
-3.400000,2.500000,
-3.300000,2.500000,
-3.200000,2.500000,
-3.100000,2.500000,
-3.000000,2.500000,
-2.900000,2.500000,
-2.800000,2.500000,
-2.700000,2.500000,
-2.600000,2.500000,
-2.500000,2.500000,
-2.400000,2.500000,0.229137
-2.300000,2.500000,0.284178
-2.200000,2.500000,0.331605
-2.100000,2.500000,0.372040
-2.000000,2.500000,0.405956
-1.900000,2.500000,0.433722
-1.800000,2.500000,0.455617
-1.700000,2.500000,0.471849
-1.600000,2.500000,0.482567
-1.500000,2.500000,0.487866
-1.400000,2.500000,0.487793
-1.300000,2.500000,0.482346
-1.200000,2.500000,0.471478
-1.100000,2.500000,0.455093
-1.000000,2.500000,0.433041
-0.900000,2.500000,0.405111
-0.800000,2.500000,0.371021
-0.700000,2.500000,0.330402
-0.600000,2.500000,0.282775
-0.500000,2.500000,0.227515
-0.400000,2.500000,0.163801
-0.300000,2.500000,0.090532
-0.200000,2.500000,0.006187
-0.100000,2.500000,-0.091411
0.000000,2.500000,-0.205574
0.100000,2.500000,-0.341774
0.200000,2.500000,-0.510349
0.300000,2.500000,-0.736407
0.400000,2.500000,-1.155071
0.500000,2.500000,-1.696950
0.600000,2.500000,-2.235223
0.700000,2.500000,0.146155
0.800000,2.500000,0.470049
0.900000,2.500000,0.679624
1.000000,2.500000,0.841640
1.100000,2.500000,0.974831
1.200000,2.500000,1.087719
1.300000,2.500000,1.185041
1.400000,2.500000,1.269756
1.500000,2.500000,1.343851
1.600000,2.500000,1.408736
1.700000,2.500000,1.465444
1.800000,2.500000,1.514755
1.900000,2.500000,1.545962
2.000000,2.500000,1.414214
2.100000,2.500000,1.260952
2.200000,2.500000,1.077033
2.300000,2.500000,0.842615
2.400000,2.500000,0.489898
2.500000,2.500000,
2.600000,2.500000,
2.700000,2.500000,
2.800000,2.500000,
2.900000,2.500000,
3.000000,2.500000,
3.100000,2.500000,
3.200000,2.500000,
3.300000,2.500000,
3.400000,2.500000,
3.500000,2.500000,
-3.500000,2.600000,
-3.400000,2.600000,
-3.300000,2.600000,
-3.200000,2.600000,
-3.100000,2.600000,
-3.000000,2.600000,
-2.900000,2.600000,
-2.800000,2.600000,
-2.700000,2.600000,
-2.600000,2.600000,
-2.500000,2.600000,
-2.400000,2.600000,
-2.300000,2.600000,0.322445
-2.200000,2.600000,0.368833
-2.100000,2.600000,0.408424
-2.000000,2.600000,0.441662
-1.900000,2.600000,0.468890
-1.800000,2.600000,0.490372
-1.700000,2.600000,0.506305
-1.600000,2.600000,0.516828
-1.500000,2.600000,0.522032
-1.400000,2.600000,0.521960
-1.300000,2.600000,0.516611
-1.200000,2.600000,0.505941
-1.100000,2.600000,0.489859
-1.000000,2.600000,0.468222
-0.900000,2.600000,0.440833
-0.800000,2.600000,0.407426
-0.700000,2.600000,0.367656
-0.600000,2.600000,0.321074
-0.500000,2.600000,0.267103
-0.400000,2.600000,0.204985
-0.300000,2.600000,0.133716
-0.200000,2.600000,0.051924
-0.100000,2.600000,-0.042323
0.000000,2.600000,-0.151899
0.100000,2.600000,-0.281400
0.200000,2.600000,-0.439049
0.300000,2.600000,-0.642784
0.400000,2.600000,-0.954889
0.500000,2.600000,-1.764377
0.600000,2.600000,
0.700000,2.600000,0.041174
0.800000,2.600000,0.416649
0.900000,2.600000,0.638648
1.000000,2.600000,0.806856
1.100000,2.600000,0.943875
1.200000,2.600000,1.059397
1.300000,2.600000,1.158652
1.400000,2.600000,1.244845
1.500000,2.600000,1.320103
1.600000,2.600000,1.385919
1.700000,2.600000,1.443383
1.800000,2.600000,1.493312
1.900000,2.600000,1.371131
2.000000,2.600000,1.220656
2.100000,2.600000,1.039230
2.200000,2.600000,0.806226
2.300000,2.600000,0.447214
2.400000,2.600000,
2.500000,2.600000,
2.600000,2.600000,
2.700000,2.600000,
2.800000,2.600000,
2.900000,2.600000,
3.000000,2.600000,
3.100000,2.600000,
3.200000,2.600000,
3.300000,2.600000,
3.400000,2.600000,
3.500000,2.600000,
-3.500000,2.700000,
-3.400000,2.700000,
-3.300000,2.700000,
-3.200000,2.700000,
-3.100000,2.700000,
-3.000000,2.700000,
-2.900000,2.700000,
-2.800000,2.700000,
-2.700000,2.700000,
-2.600000,2.700000,
-2.500000,2.700000,
-2.400000,2.700000,
-2.300000,2.700000,
-2.200000,2.700000,0.346410
-2.100000,2.700000,0.438578
-2.000000,2.700000,0.471274
-1.900000,2.700000,0.498072
-1.800000,2.700000,0.519224
-1.700000,2.700000,0.534916
-1.600000,2.700000,0.545282
-1.500000,2.700000,0.550409
-1.400000,2.700000,0.550338
-1.300000,2.700000,0.545068
-1.200000,2.700000,0.534557
-1.100000,2.700000,0.518718
-1.000000,2.700000,0.497414
-0.900000,2.700000,0.470458
-0.800000,2.700000,0.437597
-0.700000,2.700000,0.398503
-0.600000,2.700000,0.352753
-0.500000,2.700000,0.299803
-0.400000,2.700000,0.238943
-0.300000,2.700000,0.169240
-0.200000,2.700000,0.089433
-0.100000,2.700000,-0.002238
0.000000,2.700000,-0.108345
0.100000,2.700000,-0.232901
0.200000,2.700000,-0.382822
0.300000,2.700000,-0.572177
0.400000,2.700000,-0.841341
0.500000,2.700000,-1.862550
0.600000,2.700000,
0.700000,2.700000,
0.800000,2.700000,0.342563
0.900000,2.700000,0.584079
1.000000,2.700000,0.761241
1.100000,2.700000,0.903605
1.200000,2.700000,1.022736
1.300000,2.700000,1.124606
1.400000,2.700000,1.212781
1.500000,2.700000,1.289588
1.600000,2.700000,1.356641
1.700000,2.700000,1.415105
1.800000,2.700000,1.311488
1.900000,2.700000,1.161895
2.000000,2.700000,0.979796
2.100000,2.700000,0.741620
2.200000,2.700000,0.346410
2.300000,2.700000,
2.400000,2.700000,
2.500000,2.700000,
2.600000,2.700000,
2.700000,2.700000,
2.800000,2.700000,
2.900000,2.700000,
3.000000,2.700000,
3.100000,2.700000,
3.200000,2.700000,
3.300000,2.700000,
3.400000,2.700000,
3.500000,2.700000,
-3.500000,2.800000,
-3.400000,2.800000,
-3.300000,2.800000,
-3.200000,2.800000,
-3.100000,2.800000,
-3.000000,2.800000,
-2.900000,2.800000,
-2.800000,2.800000,
-2.700000,2.800000,
-2.600000,2.800000,
-2.500000,2.800000,
-2.400000,2.800000,
-2.300000,2.800000,
-2.200000,2.800000,
-2.100000,2.800000,
-2.000000,2.800000,0.495082
-1.900000,2.800000,0.521544
-1.800000,2.800000,0.542437
-1.700000,2.800000,0.557940
-1.600000,2.800000,0.568184
-1.500000,2.800000,0.573250
-1.400000,2.800000,0.573180
-1.300000,2.800000,0.567973
-1.200000,2.800000,0.557586
-1.100000,2.800000,0.541937
-1.000000,2.800000,0.520894
-0.900000,2.800000,0.494277
-0.800000,2.800000,0.461841
-0.700000,2.800000,0.423274
-0.600000,2.800000,0.378170
-0.500000,2.800000,0.326011
-0.400000,2.800000,0.266123
-0.300000,2.800000,0.197625
-0.200000,2.800000,0.119333
-0.100000,2.800000,0.029613
0.000000,2.800000,-0.073896
0.100000,2.800000,-0.194813
0.200000,2.800000,-0.339212
0.300000,2.800000,-0.518878
0.400000,2.800000,-0.764129
0.500000,2.800000,-2.020271
0.600000,2.800000,
0.700000,2.800000,
0.800000,2.800000,0.238804
0.900000,2.800000,0.513075
1.000000,2.800000,0.703271
1.100000,2.800000,0.853019
1.200000,2.800000,0.976998
1.300000,2.800000,1.082322
1.400000,2.800000,1.173086
1.500000,2.800000,1.251901
1.600000,2.800000,1.320544
1.700000,2.800000,1.232883
1.800000,2.800000,1.081665
1.900000,2.800000,0.894427
2.000000,2.800000,0.640312
2.100000,2.800000,
2.200000,2.800000,
2.300000,2.800000,
2.400000,2.800000,
2.500000,2.800000,
2.600000,2.800000,
2.700000,2.800000,
2.800000,2.800000,
2.900000,2.800000,
3.000000,2.800000,
3.100000,2.800000,
3.200000,2.800000,
3.300000,2.800000,
3.400000,2.800000,
3.500000,2.800000,
-3.500000,2.900000,
-3.400000,2.900000,
-3.300000,2.900000,
-3.200000,2.900000,
-3.100000,2.900000,
-3.000000,2.900000,
-2.900000,2.900000,
-2.800000,2.900000,
-2.700000,2.900000,
-2.600000,2.900000,
-2.500000,2.900000,
-2.400000,2.900000,
-2.300000,2.900000,
-2.200000,2.900000,
-2.100000,2.900000,
-2.000000,2.900000,
-1.900000,2.900000,0.479583
-1.800000,2.900000,0.560214
-1.700000,2.900000,0.575577
-1.600000,2.900000,0.585728
-1.500000,2.900000,0.590750
-1.400000,2.900000,0.590680
-1.300000,2.900000,0.585519
-1.200000,2.900000,0.575226
-1.100000,2.900000,0.559719
-1.000000,2.900000,0.538872
-0.900000,2.900000,0.512508
-0.800000,2.900000,0.480391
-0.700000,2.900000,0.442217
-0.600000,2.900000,0.397595
-0.500000,2.900000,0.346024
-0.400000,2.900000,0.286857
-0.300000,2.900000,0.219249
-0.200000,2.900000,0.142074
-0.100000,2.900000,0.053781
0.000000,2.900000,-0.047843
0.100000,2.900000,-0.166153
0.200000,2.900000,-0.306675
0.300000,2.900000,-0.479795
0.400000,2.900000,-0.710484
0.500000,2.900000,-1.125716
0.600000,2.900000,
0.700000,2.900000,
0.800000,2.900000,0.079784
0.900000,2.900000,0.420574
1.000000,2.900000,0.630559
1.100000,2.900000,0.790640
1.200000,2.900000,0.921138
1.300000,2.900000,1.030998
1.400000,2.900000,1.125109
1.500000,2.900000,1.206490
1.600000,2.900000,1.131371
1.700000,2.900000,0.974679
1.800000,2.900000,0.774597
1.900000,2.900000,0.479583
2.000000,2.900000,
2.100000,2.900000,
2.200000,2.900000,
2.300000,2.900000,
2.400000,2.900000,
2.500000,2.900000,
2.600000,2.900000,
2.700000,2.900000,
2.800000,2.900000,
2.900000,2.900000,
3.000000,2.900000,
3.100000,2.900000,
3.200000,2.900000,
3.300000,2.900000,
3.400000,2.900000,
3.500000,2.900000,
-3.500000,3.000000,
-3.400000,3.000000,
-3.300000,3.000000,
-3.200000,3.000000,
-3.100000,3.000000,
-3.000000,3.000000,
-2.900000,3.000000,
-2.800000,3.000000,
-2.700000,3.000000,
-2.600000,3.000000,
-2.500000,3.000000,
-2.400000,3.000000,
-2.300000,3.000000,
-2.200000,3.000000,
-2.100000,3.000000,
-2.000000,3.000000,
-1.900000,3.000000,
-1.800000,3.000000,0.100000
-1.700000,3.000000,0.587970
-1.600000,3.000000,0.598058
-1.500000,3.000000,0.603048
-1.400000,3.000000,0.602979
-1.300000,3.000000,0.597850
-1.200000,3.000000,0.587621
-1.100000,3.000000,0.572213
-1.000000,3.000000,0.551501
-0.900000,3.000000,0.525312
-0.800000,3.000000,0.493415
-0.700000,3.000000,0.455513
-0.600000,3.000000,0.411223
-0.500000,3.000000,0.360057
-0.400000,3.000000,0.301385
-0.300000,3.000000,0.234387
-0.200000,3.000000,0.157973
-0.100000,3.000000,0.070652
0.000000,3.000000,-0.029698
0.100000,3.000000,-0.146262
0.200000,3.000000,-0.284220
0.300000,3.000000,-0.453118
0.400000,3.000000,-0.674973
0.500000,3.000000,-1.042581
0.600000,3.000000,
0.700000,3.000000,
0.800000,3.000000,
0.900000,3.000000,0.296103
1.000000,3.000000,0.539133
1.100000,3.000000,0.714223
1.200000,3.000000,0.853645
1.300000,3.000000,0.969509
1.400000,3.000000,1.067958
1.500000,3.000000,1.000000
1.600000,3.000000,0.830662
1.700000,3.000000,0.600000
1.800000,3.000000,0.100000
1.900000,3.000000,
2.000000,3.000000,
2.100000,3.000000,
2.200000,3.000000,
2.300000,3.000000,
2.400000,3.000000,
2.500000,3.000000,
2.600000,3.000000,
2.700000,3.000000,
2.800000,3.000000,
2.900000,3.000000,
3.000000,3.000000,
3.100000,3.000000,
3.200000,3.000000,
3.300000,3.000000,
3.400000,3.000000,
3.500000,3.000000,
-3.500000,3.100000,
-3.400000,3.100000,
-3.300000,3.100000,
-3.200000,3.100000,
-3.100000,3.100000,
-3.000000,3.100000,
-2.900000,3.100000,
-2.800000,3.100000,
-2.700000,3.100000,
-2.600000,3.100000,
-2.500000,3.100000,
-2.400000,3.100000,
-2.300000,3.100000,
-2.200000,3.100000,
-2.100000,3.100000,
-2.000000,3.100000,
-1.900000,3.100000,
-1.800000,3.100000,
-1.700000,3.100000,
-1.600000,3.100000,0.282843
-1.500000,3.100000,0.610242
-1.400000,3.100000,0.610173
-1.300000,3.100000,0.605063
-1.200000,3.100000,0.594872
-1.100000,3.100000,0.579521
-1.000000,3.100000,0.558887
-0.900000,3.100000,0.532799
-0.800000,3.100000,0.501030
-0.700000,3.100000,0.463284
-0.600000,3.100000,0.419186
-0.500000,3.100000,0.368254
-0.400000,3.100000,0.309867
-0.300000,3.100000,0.243220
-0.200000,3.100000,0.167244
-0.100000,3.100000,0.080478
0.000000,3.100000,-0.019145
0.100000,3.100000,-0.134718
0.200000,3.100000,-0.271233
0.300000,3.100000,-0.437791
0.400000,3.100000,-0.654914
0.500000,3.100000,-1.002243
0.600000,3.100000,
0.700000,3.100000,
0.800000,3.100000,
0.900000,3.100000,0.109274
1.000000,3.100000,0.421592
1.100000,3.100000,0.620155
1.200000,3.100000,0.772257
1.300000,3.100000,0.896247
1.400000,3.100000,0.824621
1.500000,3.100000,0.624500
1.600000,3.100000,0.282843
1.700000,3.100000,
1.800000,3.100000,
1.900000,3.100000,
2.000000,3.100000,
2.100000,3.100000,
2.200000,3.100000,
2.300000,3.100000,
2.400000,3.100000,
2.500000,3.100000,
2.600000,3.100000,
2.700000,3.100000,
2.800000,3.100000,
2.900000,3.100000,
3.000000,3.100000,
3.100000,3.100000,
3.200000,3.100000,
3.300000,3.100000,
3.400000,3.100000,
3.500000,3.100000,
-3.500000,3.200000,
-3.400000,3.200000,
-3.300000,3.200000,
-3.200000,3.200000,
-3.100000,3.200000,
-3.000000,3.200000,
-2.900000,3.200000,
-2.800000,3.200000,
-2.700000,3.200000,
-2.600000,3.200000,
-2.500000,3.200000,
-2.400000,3.200000,
-2.300000,3.200000,
-2.200000,3.200000,
-2.100000,3.200000,
-2.000000,3.200000,
-1.900000,3.200000,
-1.800000,3.200000,
-1.700000,3.200000,
-1.600000,3.200000,
-1.500000,3.200000,
-1.400000,3.200000,0.223607
-1.300000,3.200000,0.565685
-1.200000,3.200000,0.597034
-1.100000,3.200000,0.581700
-1.000000,3.200000,0.561089
-0.900000,3.200000,0.535031
-0.800000,3.200000,0.503300
-0.700000,3.200000,0.465601
-0.600000,3.200000,0.421560
-0.500000,3.200000,0.370696
-0.400000,3.200000,0.312394
-0.300000,3.200000,0.245851
-0.200000,3.200000,0.170004
-0.100000,3.200000,0.083402
0.000000,3.200000,-0.016007
0.100000,3.200000,-0.131288
0.200000,3.200000,-0.267381
0.300000,3.200000,-0.433257
0.400000,3.200000,-0.649026
0.500000,3.200000,-0.991005
0.600000,3.200000,
0.700000,3.200000,
0.800000,3.200000,
0.900000,3.200000,
1.000000,3.200000,0.260811
1.100000,3.200000,0.501995
1.200000,3.200000,0.673379
1.300000,3.200000,0.565685
1.400000,3.200000,0.223607
1.500000,3.200000,
1.600000,3.200000,
1.700000,3.200000,
1.800000,3.200000,
1.900000,3.200000,
2.000000,3.200000,
2.100000,3.200000,
2.200000,3.200000,
2.300000,3.200000,
2.400000,3.200000,
2.500000,3.200000,
2.600000,3.200000,
2.700000,3.200000,
2.800000,3.200000,
2.900000,3.200000,
3.000000,3.200000,
3.100000,3.200000,
3.200000,3.200000,
3.300000,3.200000,
3.400000,3.200000,
3.500000,3.200000,
-3.500000,3.300000,
-3.400000,3.300000,
-3.300000,3.300000,
-3.200000,3.300000,
-3.100000,3.300000,
-3.000000,3.300000,
-2.900000,3.300000,
-2.800000,3.300000,
-2.700000,3.300000,
-2.600000,3.300000,
-2.500000,3.300000,
-2.400000,3.300000,
-2.300000,3.300000,
-2.200000,3.300000,
-2.100000,3.300000,
-2.000000,3.300000,
-1.900000,3.300000,
-1.800000,3.300000,
-1.700000,3.300000,
-1.600000,3.300000,
-1.500000,3.300000,
-1.400000,3.300000,
-1.300000,3.300000,
-1.200000,3.300000,
-1.100000,3.300000,0.387298
-1.000000,3.300000,0.558125
-0.900000,3.300000,0.532027
-0.800000,3.300000,0.500245
-0.700000,3.300000,0.462483
-0.600000,3.300000,0.418365
-0.500000,3.300000,0.367409
-0.400000,3.300000,0.308993
-0.300000,3.300000,0.242310
-0.200000,3.300000,0.166289
-0.100000,3.300000,0.079466
0.000000,3.300000,-0.020232
0.100000,3.300000,-0.135905
0.200000,3.300000,-0.272568
0.300000,3.300000,-0.439362
0.400000,3.300000,-0.656960
0.500000,3.300000,-1.006206
0.600000,3.300000,
0.700000,3.300000,
0.800000,3.300000,
0.900000,3.300000,
1.000000,3.300000,-0.015358
1.100000,3.300000,0.345998
1.200000,3.300000,
1.300000,3.300000,
1.400000,3.300000,
1.500000,3.300000,
1.600000,3.300000,
1.700000,3.300000,
1.800000,3.300000,
1.900000,3.300000,
2.000000,3.300000,
2.100000,3.300000,
2.200000,3.300000,
2.300000,3.300000,
2.400000,3.300000,
2.500000,3.300000,
2.600000,3.300000,
2.700000,3.300000,
2.800000,3.300000,
2.900000,3.300000,
3.000000,3.300000,
3.100000,3.300000,
3.200000,3.300000,
3.300000,3.300000,
3.400000,3.300000,
3.500000,3.300000,
-3.500000,3.400000,
-3.400000,3.400000,
-3.300000,3.400000,
-3.200000,3.400000,
-3.100000,3.400000,
-3.000000,3.400000,
-2.900000,3.400000,
-2.800000,3.400000,
-2.700000,3.400000,
-2.600000,3.400000,
-2.500000,3.400000,
-2.400000,3.400000,
-2.300000,3.400000,
-2.200000,3.400000,
-2.100000,3.400000,
-2.000000,3.400000,
-1.900000,3.400000,
-1.800000,3.400000,
-1.700000,3.400000,
-1.600000,3.400000,
-1.500000,3.400000,
-1.400000,3.400000,
-1.300000,3.400000,
-1.200000,3.400000,
-1.100000,3.400000,
-1.000000,3.400000,
-0.900000,3.400000,
-0.800000,3.400000,0.223607
-0.700000,3.400000,0.447214
-0.600000,3.400000,0.409574
-0.500000,3.400000,0.358359
-0.400000,3.400000,0.299627
-0.300000,3.400000,0.232556
-0.200000,3.400000,0.156051
-0.100000,3.400000,0.068613
0.000000,3.400000,-0.031889
0.100000,3.400000,-0.148661
0.200000,3.400000,-0.286923
0.300000,3.400000,-0.456317
0.400000,3.400000,-0.679189
0.500000,3.400000,
0.600000,3.400000,
0.700000,3.400000,
0.800000,3.400000,
0.900000,3.400000,
1.000000,3.400000,
1.100000,3.400000,
1.200000,3.400000,
1.300000,3.400000,
1.400000,3.400000,
1.500000,3.400000,
1.600000,3.400000,
1.700000,3.400000,
1.800000,3.400000,
1.900000,3.400000,
2.000000,3.400000,
2.100000,3.400000,
2.200000,3.400000,
2.300000,3.400000,
2.400000,3.400000,
2.500000,3.400000,
2.600000,3.400000,
2.700000,3.400000,
2.800000,3.400000,
2.900000,3.400000,
3.000000,3.400000,
3.100000,3.400000,
3.200000,3.400000,
3.300000,3.400000,
3.400000,3.400000,
3.500000,3.400000,
-3.500000,3.500000,
-3.400000,3.500000,
-3.300000,3.500000,
-3.200000,3.500000,
-3.100000,3.500000,
-3.000000,3.500000,
-2.900000,3.500000,
-2.800000,3.500000,
-2.700000,3.500000,
-2.600000,3.500000,
-2.500000,3.500000,
-2.400000,3.500000,
-2.300000,3.500000,
-2.200000,3.500000,
-2.100000,3.500000,
-2.000000,3.500000,
-1.900000,3.500000,
-1.800000,3.500000,
-1.700000,3.500000,
-1.600000,3.500000,
-1.500000,3.500000,
-1.400000,3.500000,
-1.300000,3.500000,
-1.200000,3.500000,
-1.100000,3.500000,
-1.000000,3.500000,
-0.900000,3.500000,
-0.800000,3.500000,
-0.700000,3.500000,
-0.600000,3.500000,
-0.500000,3.500000,
-0.400000,3.500000,
-0.300000,3.500000,
-0.200000,3.500000,
-0.100000,3.500000,
0.000000,3.500000,
0.100000,3.500000,
0.200000,3.500000,
0.300000,3.500000,
0.400000,3.500000,
0.500000,3.500000,
0.600000,3.500000,
0.700000,3.500000,
0.800000,3.500000,
0.900000,3.500000,
1.000000,3.500000,
1.100000,3.500000,
1.200000,3.500000,
1.300000,3.500000,
1.400000,3.500000,
1.500000,3.500000,
1.600000,3.500000,
1.700000,3.500000,
1.800000,3.500000,
1.900000,3.500000,
2.000000,3.500000,
2.100000,3.500000,
2.200000,3.500000,
2.300000,3.500000,
2.400000,3.500000,
2.500000,3.500000,
2.600000,3.500000,
2.700000,3.500000,
2.800000,3.500000,
2.900000,3.500000,
3.000000,3.500000,
3.100000,3.500000,
3.200000,3.500000,
3.300000,3.500000,
3.400000,3.500000,
3.500000,3.500000,
