x,y,z
-3.500000,-3.500000,
-3.450000,-3.500000,
-3.400000,-3.500000,
-3.350000,-3.500000,
-3.300000,-3.500000,
-3.250000,-3.500000,
-3.200000,-3.500000,
-3.150000,-3.500000,
-3.100000,-3.500000,
-3.050000,-3.500000,
-3.000000,-3.500000,
-2.950000,-3.500000,
-2.900000,-3.500000,
-2.850000,-3.500000,
-2.800000,-3.500000,
-2.750000,-3.500000,
-2.700000,-3.500000,
-2.650000,-3.500000,
-2.600000,-3.500000,
-2.550000,-3.500000,
-2.500000,-3.500000,
-2.450000,-3.500000,
-2.400000,-3.500000,
-2.350000,-3.500000,
-2.300000,-3.500000,
-2.250000,-3.500000,
-2.200000,-3.500000,
-2.150000,-3.500000,
-2.100000,-3.500000,
-2.050000,-3.500000,
-2.000000,-3.500000,
-1.950000,-3.500000,
-1.900000,-3.500000,
-1.850000,-3.500000,
-1.800000,-3.500000,
-1.750000,-3.500000,
-1.700000,-3.500000,
-1.650000,-3.500000,
-1.600000,-3.500000,
-1.550000,-3.500000,
-1.500000,-3.500000,
-1.450000,-3.500000,
-1.400000,-3.500000,
-1.350000,-3.500000,
-1.300000,-3.500000,
-1.250000,-3.500000,
-1.200000,-3.500000,
-1.150000,-3.500000,
-1.100000,-3.500000,
-1.050000,-3.500000,
-1.000000,-3.500000,
-0.950000,-3.500000,
-0.900000,-3.500000,
-0.850000,-3.500000,
-0.800000,-3.500000,
-0.750000,-3.500000,
-0.700000,-3.500000,
-0.650000,-3.500000,
-0.600000,-3.500000,
-0.550000,-3.500000,
-0.500000,-3.500000,
-0.450000,-3.500000,
-0.400000,-3.500000,
-0.350000,-3.500000,
-0.300000,-3.500000,
-0.250000,-3.500000,
-0.200000,-3.500000,
-0.150000,-3.500000,
-0.100000,-3.500000,
-0.050000,-3.500000,
-0.000000,-3.500000,
0.050000,-3.500000,
0.100000,-3.500000,
0.150000,-3.500000,
0.200000,-3.500000,
0.250000,-3.500000,
0.300000,-3.500000,
0.350000,-3.500000,
0.400000,-3.500000,
0.450000,-3.500000,
0.500000,-3.500000,
0.550000,-3.500000,
0.600000,-3.500000,
0.650000,-3.500000,
0.700000,-3.500000,
0.750000,-3.500000,
0.800000,-3.500000,
0.850000,-3.500000,
0.900000,-3.500000,
0.950000,-3.500000,
1.000000,-3.500000,
1.050000,-3.500000,
1.100000,-3.500000,
1.150000,-3.500000,
1.200000,-3.500000,
1.250000,-3.500000,
1.300000,-3.500000,
1.350000,-3.500000,
1.400000,-3.500000,
1.450000,-3.500000,
1.500000,-3.500000,
1.550000,-3.500000,
1.600000,-3.500000,
1.650000,-3.500000,
1.700000,-3.500000,
1.750000,-3.500000,
1.800000,-3.500000,
1.850000,-3.500000,
1.900000,-3.500000,
1.950000,-3.500000,
2.000000,-3.500000,
2.050000,-3.500000,
2.100000,-3.500000,
2.150000,-3.500000,
2.200000,-3.500000,
2.250000,-3.500000,
2.300000,-3.500000,
2.350000,-3.500000,
2.400000,-3.500000,
2.450000,-3.500000,
2.500000,-3.500000,
2.550000,-3.500000,
2.600000,-3.500000,
2.650000,-3.500000,
2.700000,-3.500000,
2.750000,-3.500000,
2.800000,-3.500000,
2.850000,-3.500000,
2.900000,-3.500000,
2.950000,-3.500000,
3.000000,-3.500000,
3.050000,-3.500000,
3.100000,-3.500000,
3.150000,-3.500000,
3.200000,-3.500000,
3.250000,-3.500000,
3.300000,-3.500000,
3.350000,-3.500000,
3.400000,-3.500000,
3.450000,-3.500000,
3.500000,-3.500000,
-3.500000,-3.450000,
-3.450000,-3.450000,
-3.400000,-3.450000,
-3.350000,-3.450000,
-3.300000,-3.450000,
-3.250000,-3.450000,
-3.200000,-3.450000,
-3.150000,-3.450000,
-3.100000,-3.450000,
-3.050000,-3.450000,
-3.000000,-3.450000,
-2.950000,-3.450000,
-2.900000,-3.450000,
-2.850000,-3.450000,
-2.800000,-3.450000,
-2.750000,-3.450000,
-2.700000,-3.450000,
-2.650000,-3.450000,
-2.600000,-3.450000,
-2.550000,-3.450000,
-2.500000,-3.450000,
-2.450000,-3.450000,
-2.400000,-3.450000,
-2.350000,-3.450000,
-2.300000,-3.450000,
-2.250000,-3.450000,
-2.200000,-3.450000,
-2.150000,-3.450000,
-2.100000,-3.450000,
-2.050000,-3.450000,
-2.000000,-3.450000,
-1.950000,-3.450000,
-1.900000,-3.450000,
-1.850000,-3.450000,
-1.800000,-3.450000,
-1.750000,-3.450000,
-1.700000,-3.450000,
-1.650000,-3.450000,
-1.600000,-3.450000,
-1.550000,-3.450000,
-1.500000,-3.450000,
-1.450000,-3.450000,
-1.400000,-3.450000,
-1.350000,-3.450000,
-1.300000,-3.450000,
-1.250000,-3.450000,
-1.200000,-3.450000,
-1.150000,-3.450000,
-1.100000,-3.450000,
-1.050000,-3.450000,
-1.000000,-3.450000,
-0.950000,-3.450000,
-0.900000,-3.450000,
-0.850000,-3.450000,
-0.800000,-3.450000,
-0.750000,-3.450000,
-0.700000,-3.450000,
-0.650000,-3.450000,
-0.600000,-3.450000,
-0.550000,-3.450000,0.212132
-0.500000,-3.450000,0.312250
-0.450000,-3.450000,0.380789
-0.400000,-3.450000,0.378883
-0.350000,-3.450000,0.248499
-0.300000,-3.450000,0.078791
-0.250000,-3.450000,-0.220386
-0.200000,-3.450000,
-0.150000,-3.450000,
-0.100000,-3.450000,
-0.050000,-3.450000,
-0.000000,-3.450000,
0.050000,-3.450000,
0.100000,-3.450000,
0.150000,-3.450000,
0.200000,-3.450000,
0.250000,-3.450000,
0.300000,-3.450000,
0.350000,-3.450000,
0.400000,-3.450000,
0.450000,-3.450000,
0.500000,-3.450000,
0.550000,-3.450000,
0.600000,-3.450000,
0.650000,-3.450000,
0.700000,-3.450000,
0.750000,-3.450000,
0.800000,-3.450000,
0.850000,-3.450000,
0.900000,-3.450000,
0.950000,-3.450000,
1.000000,-3.450000,
1.050000,-3.450000,
1.100000,-3.450000,
1.150000,-3.450000,
1.200000,-3.450000,
1.250000,-3.450000,
1.300000,-3.450000,
1.350000,-3.450000,
1.400000,-3.450000,
1.450000,-3.450000,
1.500000,-3.450000,
1.550000,-3.450000,
1.600000,-3.450000,
1.650000,-3.450000,
1.700000,-3.450000,
1.750000,-3.450000,
1.800000,-3.450000,
1.850000,-3.450000,
1.900000,-3.450000,
1.950000,-3.450000,
2.000000,-3.450000,
2.050000,-3.450000,
2.100000,-3.450000,
2.150000,-3.450000,
2.200000,-3.450000,
2.250000,-3.450000,
2.300000,-3.450000,
2.350000,-3.450000,
2.400000,-3.450000,
2.450000,-3.450000,
2.500000,-3.450000,
2.550000,-3.450000,
2.600000,-3.450000,
2.650000,-3.450000,
2.700000,-3.450000,
2.750000,-3.450000,
2.800000,-3.450000,
2.850000,-3.450000,
2.900000,-3.450000,
2.950000,-3.450000,
3.000000,-3.450000,
3.050000,-3.450000,
3.100000,-3.450000,
3.150000,-3.450000,
3.200000,-3.450000,
3.250000,-3.450000,
3.300000,-3.450000,
3.350000,-3.450000,
3.400000,-3.450000,
3.450000,-3.450000,
3.500000,-3.450000,
-3.500000,-3.400000,
-3.450000,-3.400000,
-3.400000,-3.400000,
-3.350000,-3.400000,
-3.300000,-3.400000,
-3.250000,-3.400000,
-3.200000,-3.400000,
-3.150000,-3.400000,
-3.100000,-3.400000,
-3.050000,-3.400000,
-3.000000,-3.400000,
-2.950000,-3.400000,
-2.900000,-3.400000,
-2.850000,-3.400000,
-2.800000,-3.400000,
-2.750000,-3.400000,
-2.700000,-3.400000,
-2.650000,-3.400000,
-2.600000,-3.400000,
-2.550000,-3.400000,
-2.500000,-3.400000,
-2.450000,-3.400000,
-2.400000,-3.400000,
-2.350000,-3.400000,
-2.300000,-3.400000,
-2.250000,-3.400000,
-2.200000,-3.400000,
-2.150000,-3.400000,
-2.100000,-3.400000,
-2.050000,-3.400000,
-2.000000,-3.400000,
-1.950000,-3.400000,
-1.900000,-3.400000,
-1.850000,-3.400000,
-1.800000,-3.400000,
-1.750000,-3.400000,
-1.700000,-3.400000,
-1.650000,-3.400000,
-1.600000,-3.400000,
-1.550000,-3.400000,
-1.500000,-3.400000,
-1.450000,-3.400000,
-1.400000,-3.400000,
-1.350000,-3.400000,
-1.300000,-3.400000,
-1.250000,-3.400000,
-1.200000,-3.400000,
-1.150000,-3.400000,
-1.100000,-3.400000,
-1.050000,-3.400000,
-1.000000,-3.400000,
-0.950000,-3.400000,
-0.900000,-3.400000,
-0.850000,-3.400000,
-0.800000,-3.400000,0.223607
-0.750000,-3.400000,0.357071
-0.700000,-3.400000,0.447214
-0.650000,-3.400000,0.517204
-0.600000,-3.400000,0.574456
-0.550000,-3.400000,0.622495
-0.500000,-3.400000,0.584598
-0.450000,-3.400000,0.490794
-0.400000,-3.400000,0.382637
-0.350000,-3.400000,0.253005
-0.300000,-3.400000,0.084885
-0.250000,-3.400000,-0.204593
-0.200000,-3.400000,
-0.150000,-3.400000,
-0.100000,-3.400000,
-0.050000,-3.400000,
-0.000000,-3.400000,
0.050000,-3.400000,
0.100000,-3.400000,
0.150000,-3.400000,
0.200000,-3.400000,
0.250000,-3.400000,
0.300000,-3.400000,
0.350000,-3.400000,
0.400000,-3.400000,
0.450000,-3.400000,
0.500000,-3.400000,
0.550000,-3.400000,
0.600000,-3.400000,
0.650000,-3.400000,
0.700000,-3.400000,
0.750000,-3.400000,
0.800000,-3.400000,
0.850000,-3.400000,
0.900000,-3.400000,
0.950000,-3.400000,
1.000000,-3.400000,
1.050000,-3.400000,
1.100000,-3.400000,
1.150000,-3.400000,
1.200000,-3.400000,
1.250000,-3.400000,
1.300000,-3.400000,
1.350000,-3.400000,
1.400000,-3.400000,
1.450000,-3.400000,
1.500000,-3.400000,
1.550000,-3.400000,
1.600000,-3.400000,
1.650000,-3.400000,
1.700000,-3.400000,
1.750000,-3.400000,
1.800000,-3.400000,
1.850000,-3.400000,
1.900000,-3.400000,
1.950000,-3.400000,
2.000000,-3.400000,
2.050000,-3.400000,
2.100000,-3.400000,
2.150000,-3.400000,
2.200000,-3.400000,
2.250000,-3.400000,
2.300000,-3.400000,
2.350000,-3.400000,
2.400000,-3.400000,
2.450000,-3.400000,
2.500000,-3.400000,
2.550000,-3.400000,
2.600000,-3.400000,
2.650000,-3.400000,
2.700000,-3.400000,
2.750000,-3.400000,
2.800000,-3.400000,
2.850000,-3.400000,
2.900000,-3.400000,
2.950000,-3.400000,
3.000000,-3.400000,
3.050000,-3.400000,
3.100000,-3.400000,
3.150000,-3.400000,
3.200000,-3.400000,
3.250000,-3.400000,
3.300000,-3.400000,
3.350000,-3.400000,
3.400000,-3.400000,
3.450000,-3.400000,
3.500000,-3.400000,
-3.500000,-3.350000,
-3.450000,-3.350000,
-3.400000,-3.350000,
-3.350000,-3.350000,
-3.300000,-3.350000,
-3.250000,-3.350000,
-3.200000,-3.350000,
-3.150000,-3.350000,
-3.100000,-3.350000,
-3.050000,-3.350000,
-3.000000,-3.350000,
-2.950000,-3.350000,
-2.900000,-3.350000,
-2.850000,-3.350000,
-2.800000,-3.350000,
-2.750000,-3.350000,
-2.700000,-3.350000,
-2.650000,-3.350000,
-2.600000,-3.350000,
-2.550000,-3.350000,
-2.500000,-3.350000,
-2.450000,-3.350000,
-2.400000,-3.350000,
-2.350000,-3.350000,
-2.300000,-3.350000,
-2.250000,-3.350000,
-2.200000,-3.350000,
-2.150000,-3.350000,
-2.100000,-3.350000,
-2.050000,-3.350000,
-2.000000,-3.350000,
-1.950000,-3.350000,
-1.900000,-3.350000,
-1.850000,-3.350000,
-1.800000,-3.350000,
-1.750000,-3.350000,
-1.700000,-3.350000,
-1.650000,-3.350000,
-1.600000,-3.350000,
-1.550000,-3.350000,
-1.500000,-3.350000,
-1.450000,-3.350000,
-1.400000,-3.350000,
-1.350000,-3.350000,
-1.300000,-3.350000,
-1.250000,-3.350000,
-1.200000,-3.350000,
-1.150000,-3.350000,
-1.100000,-3.350000,
-1.050000,-3.350000,
-1.000000,-3.350000,0.165831
-0.950000,-3.350000,0.353553
-0.900000,-3.350000,0.466369
-0.850000,-3.350000,0.552268
-0.800000,-3.350000,0.622495
-0.750000,-3.350000,0.681909
-0.700000,-3.350000,0.733144
-0.650000,-3.350000,0.777817
-0.600000,-3.350000,0.743225
-0.550000,-3.350000,0.668242
-0.500000,-3.350000,0.585026
-0.450000,-3.350000,0.491267
-0.400000,-3.350000,0.383176
-0.350000,-3.350000,0.253652
-0.300000,-3.350000,0.085756
-0.250000,-3.350000,-0.202423
-0.200000,-3.350000,
-0.150000,-3.350000,
-0.100000,-3.350000,
-0.050000,-3.350000,
-0.000000,-3.350000,
0.050000,-3.350000,
0.100000,-3.350000,
0.150000,-3.350000,
0.200000,-3.350000,
0.250000,-3.350000,
0.300000,-3.350000,
0.350000,-3.350000,
0.400000,-3.350000,
0.450000,-3.350000,
0.500000,-3.350000,
0.550000,-3.350000,
0.600000,-3.350000,
0.650000,-3.350000,
0.700000,-3.350000,
0.750000,-3.350000,
0.800000,-3.350000,
0.850000,-3.350000,
0.900000,-3.350000,
0.950000,-3.350000,
1.000000,-3.350000,
1.050000,-3.350000,
1.100000,-3.350000,
1.150000,-3.350000,
1.200000,-3.350000,
1.250000,-3.350000,
1.300000,-3.350000,
1.350000,-3.350000,
1.400000,-3.350000,
1.450000,-3.350000,
1.500000,-3.350000,
1.550000,-3.350000,
1.600000,-3.350000,
1.650000,-3.350000,
1.700000,-3.350000,
1.750000,-3.350000,
1.800000,-3.350000,
1.850000,-3.350000,
1.900000,-3.350000,
1.950000,-3.350000,
2.000000,-3.350000,
2.050000,-3.350000,
2.100000,-3.350000,
2.150000,-3.350000,
2.200000,-3.350000,
2.250000,-3.350000,
2.300000,-3.350000,
2.350000,-3.350000,
2.400000,-3.350000,
2.450000,-3.350000,
2.500000,-3.350000,
2.550000,-3.350000,
2.600000,-3.350000,
2.650000,-3.350000,
2.700000,-3.350000,
2.750000,-3.350000,
2.800000,-3.350000,
2.850000,-3.350000,
2.900000,-3.350000,
2.950000,-3.350000,
3.000000,-3.350000,
3.050000,-3.350000,
3.100000,-3.350000,
3.150000,-3.350000,
3.200000,-3.350000,
3.250000,-3.350000,
3.300000,-3.350000,
3.350000,-3.350000,
3.400000,-3.350000,
3.450000,-3.350000,
3.500000,-3.350000,
-3.500000,-3.300000,
-3.450000,-3.300000,
-3.400000,-3.300000,
-3.350000,-3.300000,
-3.300000,-3.300000,
-3.250000,-3.300000,
-3.200000,-3.300000,
-3.150000,-3.300000,
-3.100000,-3.300000,
-3.050000,-3.300000,
-3.000000,-3.300000,
-2.950000,-3.300000,
-2.900000,-3.300000,
-2.850000,-3.300000,
-2.800000,-3.300000,
-2.750000,-3.300000,
-2.700000,-3.300000,
-2.650000,-3.300000,
-2.600000,-3.300000,
-2.550000,-3.300000,
-2.500000,-3.300000,
-2.450000,-3.300000,
-2.400000,-3.300000,
-2.350000,-3.300000,
-2.300000,-3.300000,
-2.250000,-3.300000,
-2.200000,-3.300000,
-2.150000,-3.300000,
-2.100000,-3.300000,
-2.050000,-3.300000,
-2.000000,-3.300000,
-1.950000,-3.300000,
-1.900000,-3.300000,
-1.850000,-3.300000,
-1.800000,-3.300000,
-1.750000,-3.300000,
-1.700000,-3.300000,
-1.650000,-3.300000,
-1.600000,-3.300000,
-1.550000,-3.300000,
-1.500000,-3.300000,
-1.450000,-3.300000,
-1.400000,-3.300000,
-1.350000,-3.300000,
-1.300000,-3.300000,
-1.250000,-3.300000,
-1.200000,-3.300000,
-1.150000,-3.300000,0.193649
-1.100000,-3.300000,0.387298
-1.050000,-3.300000,0.507445
-1.000000,-3.300000,0.600000
-0.950000,-3.300000,0.676387
-0.900000,-3.300000,0.741620
-0.850000,-3.300000,0.798436
-0.800000,-3.300000,0.848528
-0.750000,-3.300000,0.893029
-0.700000,-3.300000,0.872534
-0.650000,-3.300000,0.809786
-0.600000,-3.300000,0.741400
-0.550000,-3.300000,0.666289
-0.500000,-3.300000,0.582907
-0.450000,-3.300000,0.488924
-0.400000,-3.300000,0.380508
-0.350000,-3.300000,0.250450
-0.300000,-3.300000,0.081434
-0.250000,-3.300000,-0.213395
-0.200000,-3.300000,
-0.150000,-3.300000,
-0.100000,-3.300000,
-0.050000,-3.300000,
-0.000000,-3.300000,
0.050000,-3.300000,
0.100000,-3.300000,
0.150000,-3.300000,
0.200000,-3.300000,
0.250000,-3.300000,
0.300000,-3.300000,
0.350000,-3.300000,
0.400000,-3.300000,
0.450000,-3.300000,
0.500000,-3.300000,
0.550000,-3.300000,
0.600000,-3.300000,
0.650000,-3.300000,
0.700000,-3.300000,
0.750000,-3.300000,
0.800000,-3.300000,
0.850000,-3.300000,
0.900000,-3.300000,
0.950000,-3.300000,
1.000000,-3.300000,
1.050000,-3.300000,
1.100000,-3.300000,
1.150000,-3.300000,
1.200000,-3.300000,
1.250000,-3.300000,
1.300000,-3.300000,
1.350000,-3.300000,
1.400000,-3.300000,
1.450000,-3.300000,
1.500000,-3.300000,
1.550000,-3.300000,
1.600000,-3.300000,
1.650000,-3.300000,
1.700000,-3.300000,
1.750000,-3.300000,
1.800000,-3.300000,
1.850000,-3.300000,
1.900000,-3.300000,
1.950000,-3.300000,
2.000000,-3.300000,
2.050000,-3.300000,
2.100000,-3.300000,
2.150000,-3.300000,
2.200000,-3.300000,
2.250000,-3.300000,
2.300000,-3.300000,
2.350000,-3.300000,
2.400000,-3.300000,
2.450000,-3.300000,
2.500000,-3.300000,
2.550000,-3.300000,
2.600000,-3.300000,
2.650000,-3.300000,
2.700000,-3.300000,
2.750000,-3.300000,
2.800000,-3.300000,
2.850000,-3.300000,
2.900000,-3.300000,
2.950000,-3.300000,
3.000000,-3.300000,
3.050000,-3.300000,
3.100000,-3.300000,
3.150000,-3.300000,
3.200000,-3.300000,
3.250000,-3.300000,
3.300000,-3.300000,
3.350000,-3.300000,
3.400000,-3.300000,
3.450000,-3.300000,
3.500000,-3.300000,
-3.500000,-3.250000,
-3.450000,-3.250000,
-3.400000,-3.250000,
-3.350000,-3.250000,
-3.300000,-3.250000,
-3.250000,-3.250000,
-3.200000,-3.250000,
-3.150000,-3.250000,
-3.100000,-3.250000,
-3.050000,-3.250000,
-3.000000,-3.250000,
-2.950000,-3.250000,
-2.900000,-3.250000,
-2.850000,-3.250000,
-2.800000,-3.250000,
-2.750000,-3.250000,
-2.700000,-3.250000,
-2.650000,-3.250000,
-2.600000,-3.250000,
-2.550000,-3.250000,
-2.500000,-3.250000,
-2.450000,-3.250000,
-2.400000,-3.250000,
-2.350000,-3.250000,
-2.300000,-3.250000,
-2.250000,-3.250000,
-2.200000,-3.250000,
-2.150000,-3.250000,
-2.100000,-3.250000,
-2.050000,-3.250000,
-2.000000,-3.250000,
-1.950000,-3.250000,
-1.900000,-3.250000,
-1.850000,-3.250000,
-1.800000,-3.250000,
-1.750000,-3.250000,
-1.700000,-3.250000,
-1.650000,-3.250000,
-1.600000,-3.250000,
-1.550000,-3.250000,
-1.500000,-3.250000,
-1.450000,-3.250000,
-1.400000,-3.250000,
-1.350000,-3.250000,
-1.300000,-3.250000,
-1.250000,-3.250000,0.353553
-1.200000,-3.250000,0.497494
-1.150000,-3.250000,0.604152
-1.100000,-3.250000,0.691014
-1.050000,-3.250000,0.764853
-1.000000,-3.250000,0.829156
-0.950000,-3.250000,0.886002
-0.900000,-3.250000,0.936750
-0.850000,-3.250000,0.982344
-0.800000,-3.250000,0.980801
-0.750000,-3.250000,0.926989
-0.700000,-3.250000,0.868922
-0.650000,-3.250000,0.805987
-0.600000,-3.250000,0.737372
-0.550000,-3.250000,0.661975
-0.500000,-3.250000,0.578225
-0.450000,-3.250000,0.483743
-0.400000,-3.250000,0.374599
-0.350000,-3.250000,0.243343
-0.300000,-3.250000,0.071773
-0.250000,-3.250000,-0.240237
-0.200000,-3.250000,
-0.150000,-3.250000,
-0.100000,-3.250000,
-0.050000,-3.250000,
-0.000000,-3.250000,
0.050000,-3.250000,
0.100000,-3.250000,
0.150000,-3.250000,
0.200000,-3.250000,
0.250000,-3.250000,
0.300000,-3.250000,
0.350000,-3.250000,
0.400000,-3.250000,
0.450000,-3.250000,
0.500000,-3.250000,
0.550000,-3.250000,
0.600000,-3.250000,
0.650000,-3.250000,
0.700000,-3.250000,
0.750000,-3.250000,
0.800000,-3.250000,
0.850000,-3.250000,
0.900000,-3.250000,
0.950000,-3.250000,
1.000000,-3.250000,
1.050000,-3.250000,
1.100000,-3.250000,
1.150000,-3.250000,
1.200000,-3.250000,
1.250000,-3.250000,
1.300000,-3.250000,
1.350000,-3.250000,
1.400000,-3.250000,
1.450000,-3.250000,
1.500000,-3.250000,
1.550000,-3.250000,
1.600000,-3.250000,
1.650000,-3.250000,
1.700000,-3.250000,
1.750000,-3.250000,
1.800000,-3.250000,
1.850000,-3.250000,
1.900000,-3.250000,
1.950000,-3.250000,
2.000000,-3.250000,
2.050000,-3.250000,
2.100000,-3.250000,
2.150000,-3.250000,
2.200000,-3.250000,
2.250000,-3.250000,
2.300000,-3.250000,
2.350000,-3.250000,
2.400000,-3.250000,
2.450000,-3.250000,
2.500000,-3.250000,
2.550000,-3.250000,
2.600000,-3.250000,
2.650000,-3.250000,
2.700000,-3.250000,
2.750000,-3.250000,
2.800000,-3.250000,
2.850000,-3.250000,
2.900000,-3.250000,
2.950000,-3.250000,
3.000000,-3.250000,
3.050000,-3.250000,
3.100000,-3.250000,
3.150000,-3.250000,
3.200000,-3.250000,
3.250000,-3.250000,
3.300000,-3.250000,
3.350000,-3.250000,
3.400000,-3.250000,
3.450000,-3.250000,
3.500000,-3.250000,
-3.500000,-3.200000,
-3.450000,-3.200000,
-3.400000,-3.200000,
-3.350000,-3.200000,
-3.300000,-3.200000,
-3.250000,-3.200000,
-3.200000,-3.200000,
-3.150000,-3.200000,
-3.100000,-3.200000,
-3.050000,-3.200000,
-3.000000,-3.200000,
-2.950000,-3.200000,
-2.900000,-3.200000,
-2.850000,-3.200000,
-2.800000,-3.200000,
-2.750000,-3.200000,
-2.700000,-3.200000,
-2.650000,-3.200000,
-2.600000,-3.200000,
-2.550000,-3.200000,
-2.500000,-3.200000,
-2.450000,-3.200000,
-2.400000,-3.200000,
-2.350000,-3.200000,
-2.300000,-3.200000,
-2.250000,-3.200000,
-2.200000,-3.200000,
-2.150000,-3.200000,
-2.100000,-3.200000,
-2.050000,-3.200000,
-2.000000,-3.200000,
-1.950000,-3.200000,
-1.900000,-3.200000,
-1.850000,-3.200000,
-1.800000,-3.200000,
-1.750000,-3.200000,
-1.700000,-3.200000,
-1.650000,-3.200000,
-1.600000,-3.200000,
-1.550000,-3.200000,
-1.500000,-3.200000,
-1.450000,-3.200000,
-1.400000,-3.200000,0.223607
-1.350000,-3.200000,0.433013
-1.300000,-3.200000,0.565685
-1.250000,-3.200000,0.668954
-1.200000,-3.200000,0.754983
-1.150000,-3.200000,0.829156
-1.100000,-3.200000,0.894427
-1.050000,-3.200000,0.952628
-1.000000,-3.200000,1.004988
-0.950000,-3.200000,1.052378
-0.900000,-3.200000,1.072684
-0.850000,-3.200000,1.025875
-0.800000,-3.200000,0.975655
-0.750000,-3.200000,0.921633
-0.700000,-3.200000,0.863320
-0.650000,-3.200000,0.800090
-0.600000,-3.200000,0.731116
-0.550000,-3.200000,0.655272
-0.500000,-3.200000,0.570942
-0.450000,-3.200000,0.475672
-0.400000,-3.200000,0.365374
-0.350000,-3.200000,0.232198
-0.300000,-3.200000,0.056434
-0.250000,-3.200000,-0.294719
-0.200000,-3.200000,-1.353485
-0.150000,-3.200000,
-0.100000,-3.200000,
-0.050000,-3.200000,
-0.000000,-3.200000,
0.050000,-3.200000,
0.100000,-3.200000,
0.150000,-3.200000,
0.200000,-3.200000,
0.250000,-3.200000,
0.300000,-3.200000,
0.350000,-3.200000,
0.400000,-3.200000,
0.450000,-3.200000,
0.500000,-3.200000,
0.550000,-3.200000,
0.600000,-3.200000,
0.650000,-3.200000,
0.700000,-3.200000,
0.750000,-3.200000,
0.800000,-3.200000,
0.850000,-3.200000,
0.900000,-3.200000,
0.950000,-3.200000,
1.000000,-3.200000,
1.050000,-3.200000,
1.100000,-3.200000,
1.150000,-3.200000,
1.200000,-3.200000,
1.250000,-3.200000,
1.300000,-3.200000,
1.350000,-3.200000,
1.400000,-3.200000,
1.450000,-3.200000,
1.500000,-3.200000,
1.550000,-3.200000,
1.600000,-3.200000,
1.650000,-3.200000,
1.700000,-3.200000,
1.750000,-3.200000,
1.800000,-3.200000,
1.850000,-3.200000,
1.900000,-3.200000,
1.950000,-3.200000,
2.000000,-3.200000,
2.050000,-3.200000,
2.100000,-3.200000,
2.150000,-3.200000,
2.200000,-3.200000,
2.250000,-3.200000,
2.300000,-3.200000,
2.350000,-3.200000,
2.400000,-3.200000,
2.450000,-3.200000,
2.500000,-3.200000,
2.550000,-3.200000,
2.600000,-3.200000,
2.650000,-3.200000,
2.700000,-3.200000,
2.750000,-3.200000,
2.800000,-3.200000,
2.850000,-3.200000,
2.900000,-3.200000,
2.950000,-3.200000,
3.000000,-3.200000,
3.050000,-3.200000,
3.100000,-3.200000,
3.150000,-3.200000,
3.200000,-3.200000,
3.250000,-3.200000,
3.300000,-3.200000,
3.350000,-3.200000,
3.400000,-3.200000,
3.450000,-3.200000,
3.500000,-3.200000,
-3.500000,-3.150000,
-3.450000,-3.150000,
-3.400000,-3.150000,
-3.350000,-3.150000,
-3.300000,-3.150000,
-3.250000,-3.150000,
-3.200000,-3.150000,
-3.150000,-3.150000,
-3.100000,-3.150000,
-3.050000,-3.150000,
-3.000000,-3.150000,
-2.950000,-3.150000,
-2.900000,-3.150000,
-2.850000,-3.150000,
-2.800000,-3.150000,
-2.750000,-3.150000,
-2.700000,-3.150000,
-2.650000,-3.150000,
-2.600000,-3.150000,
-2.550000,-3.150000,
-2.500000,-3.150000,
-2.450000,-3.150000,
-2.400000,-3.150000,
-2.350000,-3.150000,
-2.300000,-3.150000,
-2.250000,-3.150000,
-2.200000,-3.150000,
-2.150000,-3.150000,
-2.100000,-3.150000,
-2.050000,-3.150000,
-2.000000,-3.150000,
-1.950000,-3.150000,
-1.900000,-3.150000,
-1.850000,-3.150000,
-1.800000,-3.150000,
-1.750000,-3.150000,
-1.700000,-3.150000,
-1.650000,-3.150000,
-1.600000,-3.150000,
-1.550000,-3.150000,
-1.500000,-3.150000,0.278388
-1.450000,-3.150000,0.474342
-1.400000,-3.150000,0.606218
-1.350000,-3.150000,0.710634
-1.300000,-3.150000,0.798436
-1.250000,-3.150000,0.874643
-1.200000,-3.150000,0.942072
-1.150000,-3.150000,1.002497
-1.100000,-3.150000,1.057119
-1.050000,-3.150000,1.106797
-1.000000,-3.150000,1.151101
-0.950000,-3.150000,1.110055
-0.900000,-3.150000,1.066153
-0.850000,-3.150000,1.019129
-0.800000,-3.150000,0.968661
-0.750000,-3.150000,0.914350
-0.700000,-3.150000,0.855699
-0.650000,-3.150000,0.792063
-0.600000,-3.150000,0.722596
-0.550000,-3.150000,0.646132
-0.500000,-3.150000,0.560998
-0.450000,-3.150000,0.464630
-0.400000,-3.150000,0.352710
-0.350000,-3.150000,0.216795
-0.300000,-3.150000,0.034812
-0.250000,-3.150000,-1.141775
-0.200000,-3.150000,-1.305331
-0.150000,-3.150000,
-0.100000,-3.150000,
-0.050000,-3.150000,
-0.000000,-3.150000,
0.050000,-3.150000,
0.100000,-3.150000,
0.150000,-3.150000,
0.200000,-3.150000,
0.250000,-3.150000,
0.300000,-3.150000,
0.350000,-3.150000,
0.400000,-3.150000,
0.450000,-3.150000,
0.500000,-3.150000,
0.550000,-3.150000,
0.600000,-3.150000,
0.650000,-3.150000,
0.700000,-3.150000,
0.750000,-3.150000,
0.800000,-3.150000,
0.850000,-3.150000,
0.900000,-3.150000,
0.950000,-3.150000,
1.000000,-3.150000,
1.050000,-3.150000,
1.100000,-3.150000,
1.150000,-3.150000,
1.200000,-3.150000,
1.250000,-3.150000,
1.300000,-3.150000,
1.350000,-3.150000,
1.400000,-3.150000,
1.450000,-3.150000,
1.500000,-3.150000,
1.550000,-3.150000,
1.600000,-3.150000,
1.650000,-3.150000,
1.700000,-3.150000,
1.750000,-3.150000,
1.800000,-3.150000,
1.850000,-3.150000,
1.900000,-3.150000,
1.950000,-3.150000,
2.000000,-3.150000,
2.050000,-3.150000,
2.100000,-3.150000,
2.150000,-3.150000,
2.200000,-3.150000,
2.250000,-3.150000,
2.300000,-3.150000,
2.350000,-3.150000,
2.400000,-3.150000,
2.450000,-3.150000,
2.500000,-3.150000,
2.550000,-3.150000,
2.600000,-3.150000,
2.650000,-3.150000,
2.700000,-3.150000,
2.750000,-3.150000,
2.800000,-3.150000,
2.850000,-3.150000,
2.900000,-3.150000,
2.950000,-3.150000,
3.000000,-3.150000,
3.050000,-3.150000,
3.100000,-3.150000,
3.150000,-3.150000,
3.200000,-3.150000,
3.250000,-3.150000,
3.300000,-3.150000,
3.350000,-3.150000,
3.400000,-3.150000,
3.450000,-3.150000,
3.500000,-3.150000,
-3.500000,-3.100000,
-3.450000,-3.100000,
-3.400000,-3.100000,
-3.350000,-3.100000,
-3.300000,-3.100000,
-3.250000,-3.100000,
-3.200000,-3.100000,
-3.150000,-3.100000,
-3.100000,-3.100000,
-3.050000,-3.100000,
-3.000000,-3.100000,
-2.950000,-3.100000,
-2.900000,-3.100000,
-2.850000,-3.100000,
-2.800000,-3.100000,
-2.750000,-3.100000,
-2.700000,-3.100000,
-2.650000,-3.100000,
-2.600000,-3.100000,
-2.550000,-3.100000,
-2.500000,-3.100000,
-2.450000,-3.100000,
-2.400000,-3.100000,
-2.350000,-3.100000,
-2.300000,-3.100000,
-2.250000,-3.100000,
-2.200000,-3.100000,
-2.150000,-3.100000,
-2.100000,-3.100000,
-2.050000,-3.100000,
-2.000000,-3.100000,
-1.950000,-3.100000,
-1.900000,-3.100000,
-1.850000,-3.100000,
-1.800000,-3.100000,
-1.750000,-3.100000,
-1.700000,-3.100000,
-1.650000,-3.100000,
-1.600000,-3.100000,0.282843
-1.550000,-3.100000,0.487340
-1.500000,-3.100000,0.624500
-1.450000,-3.100000,0.733144
-1.400000,-3.100000,0.824621
-1.350000,-3.100000,0.904157
-1.300000,-3.100000,0.974679
-1.250000,-3.100000,1.038027
-1.200000,-3.100000,1.095445
-1.150000,-3.100000,1.147824
-1.100000,-3.100000,1.195826
-1.050000,-3.100000,1.181881
-1.000000,-3.100000,1.143280
-0.950000,-3.100000,1.102021
-0.900000,-3.100000,1.057876
-0.850000,-3.100000,1.010576
-0.800000,-3.100000,0.959789
-0.750000,-3.100000,0.905109
-0.700000,-3.100000,0.846022
-0.650000,-3.100000,0.781865
-0.600000,-3.100000,0.711759
-0.550000,-3.100000,0.634492
-0.500000,-3.100000,0.548311
-0.450000,-3.100000,0.450502
-0.400000,-3.100000,0.336431
-0.350000,-3.100000,0.196803
-0.300000,-3.100000,0.005899
-0.250000,-3.100000,-1.112058
-0.200000,-3.100000,-1.266275
-0.150000,-3.100000,-1.499844
-0.100000,-3.100000,
-0.050000,-3.100000,
-0.000000,-3.100000,
0.050000,-3.100000,
0.100000,-3.100000,
0.150000,-3.100000,
0.200000,-3.100000,
0.250000,-3.100000,
0.300000,-3.100000,
0.350000,-3.100000,
0.400000,-3.100000,
0.450000,-3.100000,
0.500000,-3.100000,
0.550000,-3.100000,
0.600000,-3.100000,
0.650000,-3.100000,
0.700000,-3.100000,
0.750000,-3.100000,
0.800000,-3.100000,
0.850000,-3.100000,
0.900000,-3.100000,
0.950000,-3.100000,
1.000000,-3.100000,
1.050000,-3.100000,
1.100000,-3.100000,
1.150000,-3.100000,
1.200000,-3.100000,
1.250000,-3.100000,
1.300000,-3.100000,
1.350000,-3.100000,
1.400000,-3.100000,
1.450000,-3.100000,
1.500000,-3.100000,
1.550000,-3.100000,
1.600000,-3.100000,
1.650000,-3.100000,
1.700000,-3.100000,
1.750000,-3.100000,
1.800000,-3.100000,
1.850000,-3.100000,
1.900000,-3.100000,
1.950000,-3.100000,
2.000000,-3.100000,
2.050000,-3.100000,
2.100000,-3.100000,
2.150000,-3.100000,
2.200000,-3.100000,
2.250000,-3.100000,
2.300000,-3.100000,
2.350000,-3.100000,
2.400000,-3.100000,
2.450000,-3.100000,
2.500000,-3.100000,
2.550000,-3.100000,
2.600000,-3.100000,
2.650000,-3.100000,
2.700000,-3.100000,
2.750000,-3.100000,
2.800000,-3.100000,
2.850000,-3.100000,
2.900000,-3.100000,
2.950000,-3.100000,
3.000000,-3.100000,
3.050000,-3.100000,
3.100000,-3.100000,
3.150000,-3.100000,
3.200000,-3.100000,
3.250000,-3.100000,
3.300000,-3.100000,
3.350000,-3.100000,
3.400000,-3.100000,
3.450000,-3.100000,
3.500000,-3.100000,
-3.500000,-3.050000,
-3.450000,-3.050000,
-3.400000,-3.050000,
-3.350000,-3.050000,
-3.300000,-3.050000,
-3.250000,-3.050000,
-3.200000,-3.050000,
-3.150000,-3.050000,
-3.100000,-3.050000,
-3.050000,-3.050000,
-3.000000,-3.050000,
-2.950000,-3.050000,
-2.900000,-3.050000,
-2.850000,-3.050000,
-2.800000,-3.050000,
-2.750000,-3.050000,
-2.700000,-3.050000,
-2.650000,-3.050000,
-2.600000,-3.050000,
-2.550000,-3.050000,
-2.500000,-3.050000,
-2.450000,-3.050000,
-2.400000,-3.050000,
-2.350000,-3.050000,
-2.300000,-3.050000,
-2.250000,-3.050000,
-2.200000,-3.050000,
-2.150000,-3.050000,
-2.100000,-3.050000,
-2.050000,-3.050000,
-2.000000,-3.050000,
-1.950000,-3.050000,
-1.900000,-3.050000,
-1.850000,-3.050000,
-1.800000,-3.050000,
-1.750000,-3.050000,
-1.700000,-3.050000,0.239792
-1.650000,-3.050000,0.474342
-1.600000,-3.050000,0.622495
-1.550000,-3.050000,0.738241
-1.500000,-3.050000,0.835165
-1.450000,-3.050000,0.919239
-1.400000,-3.050000,0.993730
-1.350000,-3.050000,1.060660
-1.300000,-3.050000,1.121383
-1.250000,-3.050000,1.176860
-1.200000,-3.050000,1.227803
-1.150000,-3.050000,1.242977
-1.100000,-3.050000,1.208964
-1.050000,-3.050000,1.172623
-1.000000,-3.050000,1.133788
-0.950000,-3.050000,1.092266
-0.900000,-3.050000,1.047824
-0.850000,-3.050000,1.000183
-0.800000,-3.050000,0.949004
-0.750000,-3.050000,0.893868
-0.700000,-3.050000,0.834241
-0.650000,-3.050000,0.769436
-0.600000,-3.050000,0.698536
-0.550000,-3.050000,0.620265
-0.500000,-3.050000,0.532767
-0.450000,-3.050000,0.433130
-0.400000,-3.050000,0.316287
-0.350000,-3.050000,0.171740
-0.300000,-3.050000,-0.032033
-0.250000,-3.050000,-1.087129
-0.200000,-3.050000,-1.234399
-0.150000,-3.050000,-1.445714
-0.100000,-3.050000,
-0.050000,-3.050000,
-0.000000,-3.050000,
0.050000,-3.050000,
0.100000,-3.050000,
0.150000,-3.050000,
0.200000,-3.050000,
0.250000,-3.050000,
0.300000,-3.050000,
0.350000,-3.050000,
0.400000,-3.050000,
0.450000,-3.050000,
0.500000,-3.050000,
0.550000,-3.050000,
0.600000,-3.050000,
0.650000,-3.050000,
0.700000,-3.050000,
0.750000,-3.050000,
0.800000,-3.050000,
0.850000,-3.050000,
0.900000,-3.050000,
0.950000,-3.050000,
1.000000,-3.050000,
1.050000,-3.050000,
1.100000,-3.050000,
1.150000,-3.050000,
1.200000,-3.050000,
1.250000,-3.050000,
1.300000,-3.050000,
1.350000,-3.050000,
1.400000,-3.050000,
1.450000,-3.050000,
1.500000,-3.050000,
1.550000,-3.050000,
1.600000,-3.050000,
1.650000,-3.050000,
1.700000,-3.050000,
1.750000,-3.050000,
1.800000,-3.050000,
1.850000,-3.050000,
1.900000,-3.050000,
1.950000,-3.050000,
2.000000,-3.050000,
2.050000,-3.050000,
2.100000,-3.050000,
2.150000,-3.050000,
2.200000,-3.050000,
2.250000,-3.050000,
2.300000,-3.050000,
2.350000,-3.050000,
2.400000,-3.050000,
2.450000,-3.050000,
2.500000,-3.050000,
2.550000,-3.050000,
2.600000,-3.050000,
2.650000,-3.050000,
2.700000,-3.050000,
2.750000,-3.050000,
2.800000,-3.050000,
2.850000,-3.050000,
2.900000,-3.050000,
2.950000,-3.050000,
3.000000,-3.050000,
3.050000,-3.050000,
3.100000,-3.050000,
3.150000,-3.050000,
3.200000,-3.050000,
3.250000,-3.050000,
3.300000,-3.050000,
3.350000,-3.050000,
3.400000,-3.050000,
3.450000,-3.050000,
3.500000,-3.050000,
-3.500000,-3.000000,
-3.450000,-3.000000,
-3.400000,-3.000000,
-3.350000,-3.000000,
-3.300000,-3.000000,
-3.250000,-3.000000,
-3.200000,-3.000000,
-3.150000,-3.000000,
-3.100000,-3.000000,
-3.050000,-3.000000,
-3.000000,-3.000000,
-2.950000,-3.000000,
-2.900000,-3.000000,
-2.850000,-3.000000,
-2.800000,-3.000000,
-2.750000,-3.000000,
-2.700000,-3.000000,
-2.650000,-3.000000,
-2.600000,-3.000000,
-2.550000,-3.000000,
-2.500000,-3.000000,
-2.450000,-3.000000,
-2.400000,-3.000000,
-2.350000,-3.000000,
-2.300000,-3.000000,
-2.250000,-3.000000,
-2.200000,-3.000000,
-2.150000,-3.000000,
-2.100000,-3.000000,
-2.050000,-3.000000,
-2.000000,-3.000000,
-1.950000,-3.000000,
-1.900000,-3.000000,
-1.850000,-3.000000,
-1.800000,-3.000000,0.100000
-1.750000,-3.000000,0.433013
-1.700000,-3.000000,0.600000
-1.650000,-3.000000,0.726292
-1.600000,-3.000000,0.830662
-1.550000,-3.000000,0.920598
-1.500000,-3.000000,1.000000
-1.450000,-3.000000,1.071214
-1.400000,-3.000000,1.135782
-1.350000,-3.000000,1.194780
-1.300000,-3.000000,1.249000
-1.250000,-3.000000,1.294506
-1.200000,-3.000000,1.264561
-1.150000,-3.000000,1.232533
-1.100000,-3.000000,1.198296
-1.050000,-3.000000,1.161706
-1.000000,-3.000000,1.122593
-0.950000,-3.000000,1.080756
-0.900000,-3.000000,1.035957
-0.850000,-3.000000,0.987909
-0.800000,-3.000000,0.936259
-0.750000,-3.000000,0.880573
-0.700000,-3.000000,0.820295
-0.650000,-3.000000,0.754706
-0.600000,-3.000000,0.682839
-0.550000,-3.000000,0.603342
-0.500000,-3.000000,0.514221
-0.450000,-3.000000,0.412305
-0.400000,-3.000000,0.291942
-0.350000,-3.000000,0.140896
-0.300000,-3.000000,-0.082224
-0.250000,-3.000000,-1.066493
-0.200000,-3.000000,-1.208526
-0.150000,-3.000000,-1.405405
-0.100000,-3.000000,
-0.050000,-3.000000,
-0.000000,-3.000000,
0.050000,-3.000000,
0.100000,-3.000000,
0.150000,-3.000000,
0.200000,-3.000000,
0.250000,-3.000000,
0.300000,-3.000000,
0.350000,-3.000000,
0.400000,-3.000000,
0.450000,-3.000000,
0.500000,-3.000000,
0.550000,-3.000000,
0.600000,-3.000000,
0.650000,-3.000000,
0.700000,-3.000000,
0.750000,-3.000000,
0.800000,-3.000000,
0.850000,-3.000000,
0.900000,-3.000000,
0.950000,-3.000000,
1.000000,-3.000000,
1.050000,-3.000000,
1.100000,-3.000000,
1.150000,-3.000000,
1.200000,-3.000000,
1.250000,-3.000000,
1.300000,-3.000000,
1.350000,-3.000000,
1.400000,-3.000000,
1.450000,-3.000000,
1.500000,-3.000000,
1.550000,-3.000000,
1.600000,-3.000000,
1.650000,-3.000000,
1.700000,-3.000000,
1.750000,-3.000000,
1.800000,-3.000000,
1.850000,-3.000000,
1.900000,-3.000000,
1.950000,-3.000000,
2.000000,-3.000000,
2.050000,-3.000000,
2.100000,-3.000000,
2.150000,-3.000000,
2.200000,-3.000000,
2.250000,-3.000000,
2.300000,-3.000000,
2.350000,-3.000000,
2.400000,-3.000000,
2.450000,-3.000000,
2.500000,-3.000000,
2.550000,-3.000000,
2.600000,-3.000000,
2.650000,-3.000000,
2.700000,-3.000000,
2.750000,-3.000000,
2.800000,-3.000000,
2.850000,-3.000000,
2.900000,-3.000000,
2.950000,-3.000000,
3.000000,-3.000000,
3.050000,-3.000000,
3.100000,-3.000000,
3.150000,-3.000000,
3.200000,-3.000000,
3.250000,-3.000000,
3.300000,-3.000000,
3.350000,-3.000000,
3.400000,-3.000000,
3.450000,-3.000000,
3.500000,-3.000000,
-3.500000,-2.950000,
-3.450000,-2.950000,
-3.400000,-2.950000,
-3.350000,-2.950000,
-3.300000,-2.950000,
-3.250000,-2.950000,
-3.200000,-2.950000,
-3.150000,-2.950000,
-3.100000,-2.950000,
-3.050000,-2.950000,
-3.000000,-2.950000,
-2.950000,-2.950000,
-2.900000,-2.950000,
-2.850000,-2.950000,
-2.800000,-2.950000,
-2.750000,-2.950000,
-2.700000,-2.950000,
-2.650000,-2.950000,
-2.600000,-2.950000,
-2.550000,-2.950000,
-2.500000,-2.950000,
-2.450000,-2.950000,
-2.400000,-2.950000,
-2.350000,-2.950000,
-2.300000,-2.950000,
-2.250000,-2.950000,
-2.200000,-2.950000,
-2.150000,-2.950000,
-2.100000,-2.950000,
-2.050000,-2.950000,
-2.000000,-2.950000,
-1.950000,-2.950000,
-1.900000,-2.950000,
-1.850000,-2.950000,0.353553
-1.800000,-2.950000,0.554527
-1.750000,-2.950000,0.696419
-1.700000,-2.950000,0.810864
-1.650000,-2.950000,0.908295
-1.600000,-2.950000,0.993730
-1.550000,-2.950000,1.070047
-1.500000,-2.950000,1.139079
-1.450000,-2.950000,1.202082
-1.400000,-2.950000,1.259960
-1.350000,-2.950000,1.313393
-1.300000,-2.950000,1.311056
-1.250000,-2.950000,1.282894
-1.200000,-2.950000,1.252738
-1.150000,-2.950000,1.220476
-1.100000,-2.950000,1.185979
-1.050000,-2.950000,1.149098
-1.000000,-2.950000,1.109657
-0.950000,-2.950000,1.067451
-0.900000,-2.950000,1.022232
-0.850000,-2.950000,0.973702
-0.800000,-2.950000,0.921497
-0.750000,-2.950000,0.865159
-0.700000,-2.950000,0.804109
-0.650000,-2.950000,0.737585
-0.600000,-2.950000,0.664560
-0.550000,-2.950000,0.583583
-0.500000,-2.950000,0.492485
-0.450000,-2.950000,0.387752
-0.400000,-2.950000,0.262929
-0.350000,-2.950000,0.103205
-0.300000,-2.950000,-0.152084
-0.250000,-2.950000,-1.049791
-0.200000,-2.950000,-1.187881
-0.150000,-2.950000,-1.374884
-0.100000,-2.950000,
-0.050000,-2.950000,
-0.000000,-2.950000,
0.050000,-2.950000,
0.100000,-2.950000,
0.150000,-2.950000,
0.200000,-2.950000,
0.250000,-2.950000,
0.300000,-2.950000,
0.350000,-2.950000,
0.400000,-2.950000,
0.450000,-2.950000,
0.500000,-2.950000,
0.550000,-2.950000,
0.600000,-2.950000,
0.650000,-2.950000,
0.700000,-2.950000,
0.750000,-2.950000,
0.800000,-2.950000,
0.850000,-2.950000,
0.900000,-2.950000,
0.950000,-2.950000,
1.000000,-2.950000,
1.050000,-2.950000,
1.100000,-2.950000,
1.150000,-2.950000,
1.200000,-2.950000,
1.250000,-2.950000,
1.300000,-2.950000,
1.350000,-2.950000,
1.400000,-2.950000,
1.450000,-2.950000,
1.500000,-2.950000,
1.550000,-2.950000,
1.600000,-2.950000,
1.650000,-2.950000,
1.700000,-2.950000,
1.750000,-2.950000,
1.800000,-2.950000,
1.850000,-2.950000,
1.900000,-2.950000,
1.950000,-2.950000,
2.000000,-2.950000,
2.050000,-2.950000,
2.100000,-2.950000,
2.150000,-2.950000,
2.200000,-2.950000,
2.250000,-2.950000,
2.300000,-2.950000,
2.350000,-2.950000,
2.400000,-2.950000,
2.450000,-2.950000,
2.500000,-2.950000,
2.550000,-2.950000,
2.600000,-2.950000,
2.650000,-2.950000,
2.700000,-2.950000,
2.750000,-2.950000,
2.800000,-2.950000,
2.850000,-2.950000,
2.900000,-2.950000,
2.950000,-2.950000,
3.000000,-2.950000,
3.050000,-2.950000,
3.100000,-2.950000,
3.150000,-2.950000,
3.200000,-2.950000,
3.250000,-2.950000,
3.300000,-2.950000,
3.350000,-2.950000,
3.400000,-2.950000,
3.450000,-2.950000,
3.500000,-2.950000,
-3.500000,-2.900000,
-3.450000,-2.900000,
-3.400000,-2.900000,
-3.350000,-2.900000,
-3.300000,-2.900000,
-3.250000,-2.900000,
-3.200000,-2.900000,
-3.150000,-2.900000,
-3.100000,-2.900000,
-3.050000,-2.900000,
-3.000000,-2.900000,
-2.950000,-2.900000,
-2.900000,-2.900000,
-2.850000,-2.900000,
-2.800000,-2.900000,
-2.750000,-2.900000,
-2.700000,-2.900000,
-2.650000,-2.900000,
-2.600000,-2.900000,
-2.550000,-2.900000,
-2.500000,-2.900000,
-2.450000,-2.900000,
-2.400000,-2.900000,
-2.350000,-2.900000,
-2.300000,-2.900000,
-2.250000,-2.900000,
-2.200000,-2.900000,
-2.150000,-2.900000,
-2.100000,-2.900000,
-2.050000,-2.900000,
-2.000000,-2.900000,
-1.950000,-2.900000,0.193649
-1.900000,-2.900000,0.479583
-1.850000,-2.900000,0.646142
-1.800000,-2.900000,0.774597
-1.750000,-2.900000,0.881760
-1.700000,-2.900000,0.974679
-1.650000,-2.900000,1.057119
-1.600000,-2.900000,1.131371
-1.550000,-2.900000,1.198958
-1.500000,-2.900000,1.260952
-1.450000,-2.900000,1.318143
-1.400000,-2.900000,1.349178
-1.350000,-2.900000,1.324546
-1.300000,-2.900000,1.298084
-1.250000,-2.900000,1.269703
-1.200000,-2.900000,1.239303
-1.150000,-2.900000,1.206771
-1.100000,-2.900000,1.171973
-1.050000,-2.900000,1.134754
-1.000000,-2.900000,1.094935
-0.950000,-2.900000,1.052300
-0.900000,-2.900000,1.006593
-0.850000,-2.900000,0.957504
-0.800000,-2.900000,0.904649
-0.750000,-2.900000,0.847549
-0.700000,-2.900000,0.785590
-0.650000,-2.900000,0.717962
-0.600000,-2.900000,0.643562
-0.550000,-2.900000,0.560811
-0.500000,-2.900000,0.467318
-0.450000,-2.900000,0.359110
-0.400000,-2.900000,0.228601
-0.350000,-2.900000,0.056966
-0.300000,-2.900000,-0.270807
-0.250000,-2.900000,-1.036764
-0.200000,-2.900000,-1.171942
-0.150000,-2.900000,-1.352107
-0.100000,-2.900000,
-0.050000,-2.900000,
-0.000000,-2.900000,
0.050000,-2.900000,
0.100000,-2.900000,
0.150000,-2.900000,
0.200000,-2.900000,
0.250000,-2.900000,
0.300000,-2.900000,
0.350000,-2.900000,
0.400000,-2.900000,
0.450000,-2.900000,
0.500000,-2.900000,
0.550000,-2.900000,
0.600000,-2.900000,
0.650000,-2.900000,
0.700000,-2.900000,
0.750000,-2.900000,
0.800000,-2.900000,
0.850000,-2.900000,
0.900000,-2.900000,
0.950000,-2.900000,
1.000000,-2.900000,
1.050000,-2.900000,
1.100000,-2.900000,
1.150000,-2.900000,
1.200000,-2.900000,
1.250000,-2.900000,
1.300000,-2.900000,
1.350000,-2.900000,
1.400000,-2.900000,
1.450000,-2.900000,
1.500000,-2.900000,
1.550000,-2.900000,
1.600000,-2.900000,
1.650000,-2.900000,
1.700000,-2.900000,
1.750000,-2.900000,
1.800000,-2.900000,
1.850000,-2.900000,
1.900000,-2.900000,
1.950000,-2.900000,
2.000000,-2.900000,
2.050000,-2.900000,
2.100000,-2.900000,
2.150000,-2.900000,
2.200000,-2.900000,
2.250000,-2.900000,
2.300000,-2.900000,
2.350000,-2.900000,
2.400000,-2.900000,
2.450000,-2.900000,
2.500000,-2.900000,
2.550000,-2.900000,
2.600000,-2.900000,
2.650000,-2.900000,
2.700000,-2.900000,
2.750000,-2.900000,
2.800000,-2.900000,
2.850000,-2.900000,
2.900000,-2.900000,
2.950000,-2.900000,
3.000000,-2.900000,
3.050000,-2.900000,
3.100000,-2.900000,
3.150000,-2.900000,
3.200000,-2.900000,
3.250000,-2.900000,
3.300000,-2.900000,
3.350000,-2.900000,
3.400000,-2.900000,
3.450000,-2.900000,
3.500000,-2.900000,
-3.500000,-2.850000,
-3.450000,-2.850000,
-3.400000,-2.850000,
-3.350000,-2.850000,
-3.300000,-2.850000,
-3.250000,-2.850000,
-3.200000,-2.850000,
-3.150000,-2.850000,
-3.100000,-2.850000,
-3.050000,-2.850000,
-3.000000,-2.850000,
-2.950000,-2.850000,
-2.900000,-2.850000,
-2.850000,-2.850000,
-2.800000,-2.850000,
-2.750000,-2.850000,
-2.700000,-2.850000,
-2.650000,-2.850000,
-2.600000,-2.850000,
-2.550000,-2.850000,
-2.500000,-2.850000,
-2.450000,-2.850000,
-2.400000,-2.850000,
-2.350000,-2.850000,
-2.300000,-2.850000,
-2.250000,-2.850000,
-2.200000,-2.850000,
-2.150000,-2.850000,
-2.100000,-2.850000,
-2.050000,-2.850000,
-2.000000,-2.850000,0.357071
-1.950000,-2.850000,0.570088
-1.900000,-2.850000,0.719375
-1.850000,-2.850000,0.839643
-1.800000,-2.850000,0.942072
-1.750000,-2.850000,1.031988
-1.700000,-2.850000,1.112430
-1.650000,-2.850000,1.185327
-1.600000,-2.850000,1.251998
-1.550000,-2.850000,1.313393
-1.500000,-2.850000,1.370219
-1.450000,-2.850000,1.358108
-1.400000,-2.850000,1.335048
-1.350000,-2.850000,1.310213
-1.300000,-2.850000,1.283524
-1.250000,-2.850000,1.254893
-1.200000,-2.850000,1.224216
-1.150000,-2.850000,1.191375
-1.100000,-2.850000,1.156232
-1.050000,-2.850000,1.118627
-1.000000,-2.850000,1.078373
-0.950000,-2.850000,1.035245
-0.900000,-2.850000,0.988976
-0.850000,-2.850000,0.939240
-0.800000,-2.850000,0.885633
-0.750000,-2.850000,0.827647
-0.700000,-2.850000,0.764627
-0.650000,-2.850000,0.695704
-0.600000,-2.850000,0.619676
-0.550000,-2.850000,0.534808
-0.500000,-2.850000,0.438411
-0.450000,-2.850000,0.325891
-0.400000,-2.850000,0.188023
-0.350000,-2.850000,-0.000800
-0.300000,-2.850000,-0.916920
-0.250000,-2.850000,-1.027222
-0.200000,-2.850000,-1.160353
-0.150000,-2.850000,-1.335910
-0.100000,-2.850000,-1.683163
-0.050000,-2.850000,
-0.000000,-2.850000,
0.050000,-2.850000,
0.100000,-2.850000,
0.150000,-2.850000,
0.200000,-2.850000,
0.250000,-2.850000,
0.300000,-2.850000,
0.350000,-2.850000,
0.400000,-2.850000,
0.450000,-2.850000,
0.500000,-2.850000,
0.550000,-2.850000,
0.600000,-2.850000,
0.650000,-2.850000,
0.700000,-2.850000,
0.750000,-2.850000,
0.800000,-2.850000,
0.850000,-2.850000,
0.900000,-2.850000,
0.950000,-2.850000,
1.000000,-2.850000,
1.050000,-2.850000,
1.100000,-2.850000,
1.150000,-2.850000,
1.200000,-2.850000,
1.250000,-2.850000,
1.300000,-2.850000,
1.350000,-2.850000,
1.400000,-2.850000,
1.450000,-2.850000,
1.500000,-2.850000,
1.550000,-2.850000,
1.600000,-2.850000,
1.650000,-2.850000,
1.700000,-2.850000,
1.750000,-2.850000,
1.800000,-2.850000,
1.850000,-2.850000,
1.900000,-2.850000,
1.950000,-2.850000,
2.000000,-2.850000,
2.050000,-2.850000,
2.100000,-2.850000,
2.150000,-2.850000,
2.200000,-2.850000,
2.250000,-2.850000,
2.300000,-2.850000,
2.350000,-2.850000,
2.400000,-2.850000,
2.450000,-2.850000,
2.500000,-2.850000,
2.550000,-2.850000,
2.600000,-2.850000,
2.650000,-2.850000,
2.700000,-2.850000,
2.750000,-2.850000,
2.800000,-2.850000,
2.850000,-2.850000,
2.900000,-2.850000,
2.950000,-2.850000,
3.000000,-2.850000,
3.050000,-2.850000,
3.100000,-2.850000,
3.150000,-2.850000,
3.200000,-2.850000,
3.250000,-2.850000,
3.300000,-2.850000,
3.350000,-2.850000,
3.400000,-2.850000,
3.450000,-2.850000,
3.500000,-2.850000,
-3.500000,-2.800000,
-3.450000,-2.800000,
-3.400000,-2.800000,
-3.350000,-2.800000,
-3.300000,-2.800000,
-3.250000,-2.800000,
-3.200000,-2.800000,
-3.150000,-2.800000,
-3.100000,-2.800000,
-3.050000,-2.800000,
-3.000000,-2.800000,
-2.950000,-2.800000,
-2.900000,-2.800000,
-2.850000,-2.800000,
-2.800000,-2.800000,
-2.750000,-2.800000,
-2.700000,-2.800000,
-2.650000,-2.800000,
-2.600000,-2.800000,
-2.550000,-2.800000,
-2.500000,-2.800000,
-2.450000,-2.800000,
-2.400000,-2.800000,
-2.350000,-2.800000,
-2.300000,-2.800000,
-2.250000,-2.800000,
-2.200000,-2.800000,
-2.150000,-2.800000,
-2.100000,-2.800000,
-2.050000,-2.800000,0.455522
-2.000000,-2.800000,0.640312
-1.950000,-2.800000,0.779423
-1.900000,-2.800000,0.894427
-1.850000,-2.800000,0.993730
-1.800000,-2.800000,1.081665
-1.750000,-2.800000,1.160819
-1.700000,-2.800000,1.232883
-1.650000,-2.800000,1.299038
-1.600000,-2.800000,1.360147
-1.550000,-2.800000,1.384037
-1.500000,-2.800000,1.364158
-1.450000,-2.800000,1.342615
-1.400000,-2.800000,1.319346
-1.350000,-2.800000,1.294281
-1.300000,-2.800000,1.267337
-1.250000,-2.800000,1.238422
-1.200000,-2.800000,1.207431
-1.150000,-2.800000,1.174239
-1.100000,-2.800000,1.138704
-1.050000,-2.800000,1.100659
-1.000000,-2.800000,1.059908
-0.950000,-2.800000,1.016217
-0.900000,-2.800000,0.969304
-0.850000,-2.800000,0.918825
-0.800000,-2.800000,0.864351
-0.750000,-2.800000,0.805340
-0.700000,-2.800000,0.741086
-0.650000,-2.800000,0.670644
-0.600000,-2.800000,0.592694
-0.550000,-2.800000,0.505293
-0.500000,-2.800000,0.405360
-0.450000,-2.800000,0.287430
-0.400000,-2.800000,0.139781
-0.350000,-2.800000,-0.076252
-0.300000,-2.800000,-0.911509
-0.250000,-2.800000,-1.021036
-0.200000,-2.800000,-1.152876
-0.150000,-2.800000,-1.325607
-0.100000,-2.800000,-1.645768
-0.050000,-2.800000,
-0.000000,-2.800000,
0.050000,-2.800000,
0.100000,-2.800000,
0.150000,-2.800000,
0.200000,-2.800000,
0.250000,-2.800000,
0.300000,-2.800000,
0.350000,-2.800000,
0.400000,-2.800000,
0.450000,-2.800000,
0.500000,-2.800000,
0.550000,-2.800000,
0.600000,-2.800000,
0.650000,-2.800000,
0.700000,-2.800000,
0.750000,-2.800000,
0.800000,-2.800000,
0.850000,-2.800000,
0.900000,-2.800000,
0.950000,-2.800000,
1.000000,-2.800000,
1.050000,-2.800000,
1.100000,-2.800000,
1.150000,-2.800000,
1.200000,-2.800000,
1.250000,-2.800000,
1.300000,-2.800000,
1.350000,-2.800000,
1.400000,-2.800000,
1.450000,-2.800000,
1.500000,-2.800000,
1.550000,-2.800000,
1.600000,-2.800000,
1.650000,-2.800000,
1.700000,-2.800000,
1.750000,-2.800000,
1.800000,-2.800000,
1.850000,-2.800000,
1.900000,-2.800000,
1.950000,-2.800000,
2.000000,-2.800000,
2.050000,-2.800000,
2.100000,-2.800000,
2.150000,-2.800000,
2.200000,-2.800000,
2.250000,-2.800000,
2.300000,-2.800000,
2.350000,-2.800000,
2.400000,-2.800000,
2.450000,-2.800000,
2.500000,-2.800000,
2.550000,-2.800000,
2.600000,-2.800000,
2.650000,-2.800000,
2.700000,-2.800000,
2.750000,-2.800000,
2.800000,-2.800000,
2.850000,-2.800000,
2.900000,-2.800000,
2.950000,-2.800000,
3.000000,-2.800000,
3.050000,-2.800000,
3.100000,-2.800000,
3.150000,-2.800000,
3.200000,-2.800000,
3.250000,-2.800000,
3.300000,-2.800000,
3.350000,-2.800000,
3.400000,-2.800000,
3.450000,-2.800000,
3.500000,-2.800000,
-3.500000,-2.750000,
-3.450000,-2.750000,
-3.400000,-2.750000,
-3.350000,-2.750000,
-3.300000,-2.750000,
-3.250000,-2.750000,
-3.200000,-2.750000,
-3.150000,-2.750000,
-3.100000,-2.750000,
-3.050000,-2.750000,
-3.000000,-2.750000,
-2.950000,-2.750000,
-2.900000,-2.750000,
-2.850000,-2.750000,
-2.800000,-2.750000,
-2.750000,-2.750000,
-2.700000,-2.750000,
-2.650000,-2.750000,
-2.600000,-2.750000,
-2.550000,-2.750000,
-2.500000,-2.750000,
-2.450000,-2.750000,
-2.400000,-2.750000,
-2.350000,-2.750000,
-2.300000,-2.750000,
-2.250000,-2.750000,
-2.200000,-2.750000,
-2.150000,-2.750000,0.254951
-2.100000,-2.750000,0.526783
-2.050000,-2.750000,0.696419
-2.000000,-2.750000,0.829156
-1.950000,-2.750000,0.940744
-1.900000,-2.750000,1.038027
-1.850000,-2.750000,1.124722
-1.800000,-2.750000,1.203121
-1.750000,-2.750000,1.274755
-1.700000,-2.750000,1.340709
-1.650000,-2.750000,1.401785
-1.600000,-2.750000,1.385798
-1.550000,-2.750000,1.367355
-1.500000,-2.750000,1.347285
-1.450000,-2.750000,1.325531
-1.400000,-2.750000,1.302029
-1.350000,-2.750000,1.276704
-1.300000,-2.750000,1.249473
-1.250000,-2.750000,1.220239
-1.200000,-2.750000,1.188892
-1.150000,-2.750000,1.155304
-1.100000,-2.750000,1.119326
-1.050000,-2.750000,1.080782
-1.000000,-2.750000,1.039468
-0.950000,-2.750000,0.995136
-0.900000,-2.750000,0.947488
-0.850000,-2.750000,0.896157
-0.800000,-2.750000,0.840686
-0.750000,-2.750000,0.780490
-0.700000,-2.750000,0.714802
-0.650000,-2.750000,0.642581
-0.600000,-2.750000,0.562354
-0.550000,-2.750000,0.471908
-0.500000,-2.750000,0.367627
-0.450000,-2.750000,0.242784
-0.400000,-2.750000,0.081564
-0.350000,-2.750000,-0.187682
-0.300000,-2.750000,-0.908960
-0.250000,-2.750000,-1.018126
-0.200000,-2.750000,-1.149368
-0.150000,-2.750000,-1.320809
-0.100000,-2.750000,-1.631084
-0.050000,-2.750000,
-0.000000,-2.750000,
0.050000,-2.750000,
0.100000,-2.750000,
0.150000,-2.750000,
0.200000,-2.750000,
0.250000,-2.750000,
0.300000,-2.750000,
0.350000,-2.750000,
0.400000,-2.750000,
0.450000,-2.750000,
0.500000,-2.750000,
0.550000,-2.750000,
0.600000,-2.750000,
0.650000,-2.750000,
0.700000,-2.750000,
0.750000,-2.750000,
0.800000,-2.750000,
0.850000,-2.750000,
0.900000,-2.750000,
0.950000,-2.750000,
1.000000,-2.750000,
1.050000,-2.750000,
1.100000,-2.750000,
1.150000,-2.750000,
1.200000,-2.750000,
1.250000,-2.750000,
1.300000,-2.750000,
1.350000,-2.750000,
1.400000,-2.750000,
1.450000,-2.750000,
1.500000,-2.750000,
1.550000,-2.750000,
1.600000,-2.750000,
1.650000,-2.750000,
1.700000,-2.750000,
1.750000,-2.750000,
1.800000,-2.750000,
1.850000,-2.750000,
1.900000,-2.750000,
1.950000,-2.750000,
2.000000,-2.750000,
2.050000,-2.750000,
2.100000,-2.750000,
2.150000,-2.750000,
2.200000,-2.750000,
2.250000,-2.750000,
2.300000,-2.750000,
2.350000,-2.750000,
2.400000,-2.750000,
2.450000,-2.750000,
2.500000,-2.750000,
2.550000,-2.750000,
2.600000,-2.750000,
2.650000,-2.750000,
2.700000,-2.750000,
2.750000,-2.750000,
2.800000,-2.750000,
2.850000,-2.750000,
2.900000,-2.750000,
2.950000,-2.750000,
3.000000,-2.750000,
3.050000,-2.750000,
3.100000,-2.750000,
3.150000,-2.750000,
3.200000,-2.750000,
3.250000,-2.750000,
3.300000,-2.750000,
3.350000,-2.750000,
3.400000,-2.750000,
3.450000,-2.750000,
3.500000,-2.750000,
-3.500000,-2.700000,
-3.450000,-2.700000,
-3.400000,-2.700000,
-3.350000,-2.700000,
-3.300000,-2.700000,
-3.250000,-2.700000,
-3.200000,-2.700000,
-3.150000,-2.700000,
-3.100000,-2.700000,
-3.050000,-2.700000,
-3.000000,-2.700000,
-2.950000,-2.700000,
-2.900000,-2.700000,
-2.850000,-2.700000,
-2.800000,-2.700000,
-2.750000,-2.700000,
-2.700000,-2.700000,
-2.650000,-2.700000,
-2.600000,-2.700000,
-2.550000,-2.700000,
-2.500000,-2.700000,
-2.450000,-2.700000,
-2.400000,-2.700000,
-2.350000,-2.700000,
-2.300000,-2.700000,
-2.250000,-2.700000,
-2.200000,-2.700000,0.346410
-2.150000,-2.700000,0.580948
-2.100000,-2.700000,0.741620
-2.050000,-2.700000,0.870345
-2.000000,-2.700000,0.979796
-1.950000,-2.700000,1.075872
-1.900000,-2.700000,1.161895
-1.850000,-2.700000,1.239960
-1.800000,-2.700000,1.311488
-1.750000,-2.700000,1.377498
-1.700000,-2.700000,1.400239
-1.650000,-2.700000,1.384754
-1.600000,-2.700000,1.367717
-1.550000,-2.700000,1.349083
-1.500000,-2.700000,1.328801
-1.450000,-2.700000,1.306811
-1.400000,-2.700000,1.283047
-1.350000,-2.700000,1.257431
-1.300000,-2.700000,1.229878
-1.250000,-2.700000,1.200286
-1.200000,-2.700000,1.168539
-1.150000,-2.700000,1.134505
-1.100000,-2.700000,1.098026
-1.050000,-2.700000,1.058919
-1.000000,-2.700000,1.016966
-0.950000,-2.700000,0.971906
-0.900000,-2.700000,0.923420
-0.850000,-2.700000,0.871116
-0.800000,-2.700000,0.814499
-0.750000,-2.700000,0.752933
-0.700000,-2.700000,0.685575
-0.650000,-2.700000,0.611264
-0.600000,-2.700000,0.528327
-0.550000,-2.700000,0.434188
-0.500000,-2.700000,0.324479
-0.450000,-2.700000,0.190544
-0.400000,-2.700000,0.009110
-0.350000,-2.700000,-0.814702
-0.300000,-2.700000,-0.909248
-0.250000,-2.700000,-1.018455
-0.200000,-2.700000,-1.149764
-0.150000,-2.700000,-1.321349
-0.100000,-2.700000,-1.632676
-0.050000,-2.700000,
-0.000000,-2.700000,
0.050000,-2.700000,
0.100000,-2.700000,
0.150000,-2.700000,
0.200000,-2.700000,
0.250000,-2.700000,
0.300000,-2.700000,
0.350000,-2.700000,
0.400000,-2.700000,
0.450000,-2.700000,
0.500000,-2.700000,
0.550000,-2.700000,
0.600000,-2.700000,
0.650000,-2.700000,
0.700000,-2.700000,
0.750000,-2.700000,
0.800000,-2.700000,
0.850000,-2.700000,
0.900000,-2.700000,
0.950000,-2.700000,
1.000000,-2.700000,
1.050000,-2.700000,
1.100000,-2.700000,
1.150000,-2.700000,
1.200000,-2.700000,
1.250000,-2.700000,
1.300000,-2.700000,
1.350000,-2.700000,
1.400000,-2.700000,
1.450000,-2.700000,
1.500000,-2.700000,
1.550000,-2.700000,
1.600000,-2.700000,
1.650000,-2.700000,
1.700000,-2.700000,
1.750000,-2.700000,
1.800000,-2.700000,
1.850000,-2.700000,
1.900000,-2.700000,
1.950000,-2.700000,
2.000000,-2.700000,
2.050000,-2.700000,
2.100000,-2.700000,
2.150000,-2.700000,
2.200000,-2.700000,
2.250000,-2.700000,
2.300000,-2.700000,
2.350000,-2.700000,
2.400000,-2.700000,
2.450000,-2.700000,
2.500000,-2.700000,
2.550000,-2.700000,
2.600000,-2.700000,
2.650000,-2.700000,
2.700000,-2.700000,
2.750000,-2.700000,
2.800000,-2.700000,
2.850000,-2.700000,
2.900000,-2.700000,
2.950000,-2.700000,
3.000000,-2.700000,
3.050000,-2.700000,
3.100000,-2.700000,
3.150000,-2.700000,
3.200000,-2.700000,
3.250000,-2.700000,
3.300000,-2.700000,
3.350000,-2.700000,
3.400000,-2.700000,
3.450000,-2.700000,
3.500000,-2.700000,
-3.500000,-2.650000,
-3.450000,-2.650000,
-3.400000,-2.650000,
-3.350000,-2.650000,
-3.300000,-2.650000,
-3.250000,-2.650000,
-3.200000,-2.650000,
-3.150000,-2.650000,
-3.100000,-2.650000,
-3.050000,-2.650000,
-3.000000,-2.650000,
-2.950000,-2.650000,
-2.900000,-2.650000,
-2.850000,-2.650000,
-2.800000,-2.650000,
-2.750000,-2.650000,
-2.700000,-2.650000,
-2.650000,-2.650000,
-2.600000,-2.650000,
-2.550000,-2.650000,
-2.500000,-2.650000,
-2.450000,-2.650000,
-2.400000,-2.650000,
-2.350000,-2.650000,
-2.300000,-2.650000,
-2.250000,-2.650000,0.406202
-2.200000,-2.650000,0.622495
-2.150000,-2.650000,0.777817
-2.100000,-2.650000,0.904157
-2.050000,-2.650000,1.012423
-2.000000,-2.650000,1.107926
-1.950000,-2.650000,1.193734
-1.900000,-2.650000,1.271810
-1.850000,-2.650000,1.343503
-1.800000,-2.650000,1.407653
-1.750000,-2.650000,1.395024
-1.700000,-2.650000,1.380899
-1.650000,-2.650000,1.365244
-1.600000,-2.650000,1.348017
-1.550000,-2.650000,1.329170
-1.500000,-2.650000,1.308651
-1.450000,-2.650000,1.286398
-1.400000,-2.650000,1.262342
-1.350000,-2.650000,1.236402
-1.300000,-2.650000,1.208488
-1.250000,-2.650000,1.178494
-1.200000,-2.650000,1.146299
-1.150000,-2.650000,1.111763
-1.100000,-2.650000,1.074721
-1.050000,-2.650000,1.034978
-1.000000,-2.650000,0.992303
-0.950000,-2.650000,0.946416
-0.900000,-2.650000,0.896975
-0.850000,-2.650000,0.843557
-0.800000,-2.650000,0.785622
-0.750000,-2.650000,0.722470
-0.700000,-2.650000,0.653160
-0.650000,-2.650000,0.576379
-0.600000,-2.650000,0.490189
-0.550000,-2.650000,0.391512
-0.500000,-2.650000,0.274874
-0.450000,-2.650000,0.128454
-0.400000,-2.650000,-0.087407
-0.350000,-2.650000,-0.817526
-0.300000,-2.650000,-0.912376
-0.250000,-2.650000,-1.022026
-0.200000,-2.650000,-1.154071
-0.150000,-2.650000,-1.327246
-0.100000,-2.650000,-1.651098
-0.050000,-2.650000,
-0.000000,-2.650000,
0.050000,-2.650000,
0.100000,-2.650000,
0.150000,-2.650000,
0.200000,-2.650000,
0.250000,-2.650000,
0.300000,-2.650000,
0.350000,-2.650000,
0.400000,-2.650000,
0.450000,-2.650000,
0.500000,-2.650000,
0.550000,-2.650000,
0.600000,-2.650000,
0.650000,-2.650000,
0.700000,-2.650000,
0.750000,-2.650000,
0.800000,-2.650000,
0.850000,-2.650000,
0.900000,-2.650000,
0.950000,-2.650000,
1.000000,-2.650000,
1.050000,-2.650000,
1.100000,-2.650000,
1.150000,-2.650000,
1.200000,-2.650000,
1.250000,-2.650000,
1.300000,-2.650000,
1.350000,-2.650000,
1.400000,-2.650000,
1.450000,-2.650000,
1.500000,-2.650000,
1.550000,-2.650000,
1.600000,-2.650000,
1.650000,-2.650000,
1.700000,-2.650000,
1.750000,-2.650000,
1.800000,-2.650000,
1.850000,-2.650000,
1.900000,-2.650000,
1.950000,-2.650000,
2.000000,-2.650000,
2.050000,-2.650000,
2.100000,-2.650000,
2.150000,-2.650000,
2.200000,-2.650000,
2.250000,-2.650000,
2.300000,-2.650000,
2.350000,-2.650000,
2.400000,-2.650000,
2.450000,-2.650000,
2.500000,-2.650000,
2.550000,-2.650000,
2.600000,-2.650000,
2.650000,-2.650000,
2.700000,-2.650000,
2.750000,-2.650000,
2.800000,-2.650000,
2.850000,-2.650000,
2.900000,-2.650000,
2.950000,-2.650000,
3.000000,-2.650000,
3.050000,-2.650000,
3.100000,-2.650000,
3.150000,-2.650000,
3.200000,-2.650000,
3.250000,-2.650000,
3.300000,-2.650000,
3.350000,-2.650000,
3.400000,-2.650000,
3.450000,-2.650000,
3.500000,-2.650000,
-3.500000,-2.600000,
-3.450000,-2.600000,
-3.400000,-2.600000,
-3.350000,-2.600000,
-3.300000,-2.600000,
-3.250000,-2.600000,
-3.200000,-2.600000,
-3.150000,-2.600000,
-3.100000,-2.600000,
-3.050000,-2.600000,
-3.000000,-2.600000,
-2.950000,-2.600000,
-2.900000,-2.600000,
-2.850000,-2.600000,
-2.800000,-2.600000,
-2.750000,-2.600000,
-2.700000,-2.600000,
-2.650000,-2.600000,
-2.600000,-2.600000,
-2.550000,-2.600000,
-2.500000,-2.600000,
-2.450000,-2.600000,
-2.400000,-2.600000,
-2.350000,-2.600000,
-2.300000,-2.600000,0.447214
-2.250000,-2.600000,0.653835
-2.200000,-2.600000,0.806226
-2.150000,-2.600000,0.931397
-2.100000,-2.600000,1.039230
-2.050000,-2.600000,1.134681
-2.000000,-2.600000,1.220656
-1.950000,-2.600000,1.299038
-1.900000,-2.600000,1.371131
-1.850000,-2.600000,1.398288
-1.800000,-2.600000,1.386993
-1.750000,-2.600000,1.374216
-1.700000,-2.600000,1.359925
-1.650000,-2.600000,1.344081
-1.600000,-2.600000,1.326642
-1.550000,-2.600000,1.307560
-1.500000,-2.600000,1.286777
-1.450000,-2.600000,1.264232
-1.400000,-2.600000,1.239849
-1.350000,-2.600000,1.213547
-1.300000,-2.600000,1.185230
-1.250000,-2.600000,1.154787
-1.200000,-2.600000,1.122090
-1.150000,-2.600000,1.086991
-1.100000,-2.600000,1.049315
-1.050000,-2.600000,1.008854
-1.000000,-2.600000,0.965361
-0.950000,-2.600000,0.918534
-0.900000,-2.600000,0.868005
-0.850000,-2.600000,0.813309
-0.800000,-2.600000,0.753854
-0.750000,-2.600000,0.688856
-0.700000,-2.600000,0.617253
-0.650000,-2.600000,0.537527
-0.600000,-2.600000,0.447382
-0.550000,-2.600000,0.343023
-0.500000,-2.600000,0.217251
-0.450000,-2.600000,0.052452
-0.400000,-2.600000,-0.249268
-0.350000,-2.600000,-0.822936
-0.300000,-2.600000,-0.918373
-0.250000,-2.600000,-1.028886
-0.200000,-2.600000,-1.162369
-0.150000,-2.600000,-1.338707
-0.100000,-2.600000,-1.695614
-0.050000,-2.600000,
-0.000000,-2.600000,
0.050000,-2.600000,
0.100000,-2.600000,
0.150000,-2.600000,
0.200000,-2.600000,
0.250000,-2.600000,
0.300000,-2.600000,
0.350000,-2.600000,
0.400000,-2.600000,
0.450000,-2.600000,
0.500000,-2.600000,
0.550000,-2.600000,
0.600000,-2.600000,
0.650000,-2.600000,
0.700000,-2.600000,
0.750000,-2.600000,
0.800000,-2.600000,
0.850000,-2.600000,
0.900000,-2.600000,
0.950000,-2.600000,
1.000000,-2.600000,
1.050000,-2.600000,
1.100000,-2.600000,
1.150000,-2.600000,
1.200000,-2.600000,
1.250000,-2.600000,
1.300000,-2.600000,
1.350000,-2.600000,
1.400000,-2.600000,
1.450000,-2.600000,
1.500000,-2.600000,
1.550000,-2.600000,
1.600000,-2.600000,
1.650000,-2.600000,
1.700000,-2.600000,
1.750000,-2.600000,
1.800000,-2.600000,
1.850000,-2.600000,
1.900000,-2.600000,
1.950000,-2.600000,
2.000000,-2.600000,
2.050000,-2.600000,
2.100000,-2.600000,
2.150000,-2.600000,
2.200000,-2.600000,
2.250000,-2.600000,
2.300000,-2.600000,
2.350000,-2.600000,
2.400000,-2.600000,
2.450000,-2.600000,
2.500000,-2.600000,
2.550000,-2.600000,
2.600000,-2.600000,
2.650000,-2.600000,
2.700000,-2.600000,
2.750000,-2.600000,
2.800000,-2.600000,
2.850000,-2.600000,
2.900000,-2.600000,
2.950000,-2.600000,
3.000000,-2.600000,
3.050000,-2.600000,
3.100000,-2.600000,
3.150000,-2.600000,
3.200000,-2.600000,
3.250000,-2.600000,
3.300000,-2.600000,
3.350000,-2.600000,
3.400000,-2.600000,
3.450000,-2.600000,
3.500000,-2.600000,
-3.500000,-2.550000,
-3.450000,-2.550000,
-3.400000,-2.550000,
-3.350000,-2.550000,
-3.300000,-2.550000,
-3.250000,-2.550000,
-3.200000,-2.550000,
-3.150000,-2.550000,
-3.100000,-2.550000,
-3.050000,-2.550000,
-3.000000,-2.550000,
-2.950000,-2.550000,
-2.900000,-2.550000,
-2.850000,-2.550000,
-2.800000,-2.550000,
-2.750000,-2.550000,
-2.700000,-2.550000,
-2.650000,-2.550000,
-2.600000,-2.550000,
-2.550000,-2.550000,
-2.500000,-2.550000,
-2.450000,-2.550000,
-2.400000,-2.550000,
-2.350000,-2.550000,0.474342
-2.300000,-2.550000,0.676387
-2.250000,-2.550000,0.827647
-2.200000,-2.550000,0.952628
-2.150000,-2.550000,1.060660
-2.100000,-2.550000,1.156503
-2.050000,-2.550000,1.242980
-2.000000,-2.550000,1.321930
-1.950000,-2.550000,1.394584
-1.900000,-2.550000,1.386071
-1.850000,-2.550000,1.376109
-1.800000,-2.550000,1.364673
-1.750000,-2.550000,1.351733
-1.700000,-2.550000,1.337256
-1.650000,-2.550000,1.321204
-1.600000,-2.550000,1.303530
-1.550000,-2.550000,1.284186
-1.500000,-2.550000,1.263111
-1.450000,-2.550000,1.240239
-1.400000,-2.550000,1.215494
-1.350000,-2.550000,1.188788
-1.300000,-2.550000,1.160021
-1.250000,-2.550000,1.129075
-1.200000,-2.550000,1.095816
-1.150000,-2.550000,1.060084
-1.100000,-2.550000,1.021693
-1.050000,-2.550000,0.980422
-1.000000,-2.550000,0.936001
-0.950000,-2.550000,0.888106
-0.900000,-2.550000,0.836331
-0.850000,-2.550000,0.780165
-0.800000,-2.550000,0.718946
-0.750000,-2.550000,0.651788
-0.700000,-2.550000,0.577466
-0.650000,-2.550000,0.494189
-0.600000,-2.550000,0.399155
-0.550000,-2.550000,0.287486
-0.500000,-2.550000,0.149079
-0.450000,-2.550000,-0.046385
-0.400000,-2.550000,-0.745857
-0.350000,-2.550000,-0.830976
-0.300000,-2.550000,-0.927301
-0.250000,-2.550000,-1.039123
-0.200000,-2.550000,-1.174819
-0.150000,-2.550000,-1.356173
-0.100000,-2.550000,
-0.050000,-2.550000,
-0.000000,-2.550000,
0.050000,-2.550000,
0.100000,-2.550000,
0.150000,-2.550000,
0.200000,-2.550000,
0.250000,-2.550000,
0.300000,-2.550000,
0.350000,-2.550000,
0.400000,-2.550000,
0.450000,-2.550000,
0.500000,-2.550000,
0.550000,-2.550000,
0.600000,-2.550000,
0.650000,-2.550000,
0.700000,-2.550000,
0.750000,-2.550000,
0.800000,-2.550000,
0.850000,-2.550000,
0.900000,-2.550000,
0.950000,-2.550000,
1.000000,-2.550000,
1.050000,-2.550000,
1.100000,-2.550000,
1.150000,-2.550000,
1.200000,-2.550000,
1.250000,-2.550000,
1.300000,-2.550000,
1.350000,-2.550000,
1.400000,-2.550000,
1.450000,-2.550000,
1.500000,-2.550000,
1.550000,-2.550000,
1.600000,-2.550000,
1.650000,-2.550000,
1.700000,-2.550000,
1.750000,-2.550000,
1.800000,-2.550000,
1.850000,-2.550000,
1.900000,-2.550000,
1.950000,-2.550000,
2.000000,-2.550000,
2.050000,-2.550000,
2.100000,-2.550000,
2.150000,-2.550000,
2.200000,-2.550000,
2.250000,-2.550000,
2.300000,-2.550000,
2.350000,-2.550000,
2.400000,-2.550000,
2.450000,-2.550000,
2.500000,-2.550000,
2.550000,-2.550000,
2.600000,-2.550000,
2.650000,-2.550000,
2.700000,-2.550000,
2.750000,-2.550000,
2.800000,-2.550000,
2.850000,-2.550000,
2.900000,-2.550000,
2.950000,-2.550000,
3.000000,-2.550000,
3.050000,-2.550000,
3.100000,-2.550000,
3.150000,-2.550000,
3.200000,-2.550000,
3.250000,-2.550000,
3.300000,-2.550000,
3.350000,-2.550000,
3.400000,-2.550000,
3.450000,-2.550000,
3.500000,-2.550000,
-3.500000,-2.500000,
-3.450000,-2.500000,
-3.400000,-2.500000,
-3.350000,-2.500000,
-3.300000,-2.500000,
-3.250000,-2.500000,
-3.200000,-2.500000,
-3.150000,-2.500000,
-3.100000,-2.500000,
-3.050000,-2.500000,
-3.000000,-2.500000,
-2.950000,-2.500000,
-2.900000,-2.500000,
-2.850000,-2.500000,
-2.800000,-2.500000,
-2.750000,-2.500000,
-2.700000,-2.500000,
-2.650000,-2.500000,
-2.600000,-2.500000,
-2.550000,-2.500000,
-2.500000,-2.500000,
-2.450000,-2.500000,
-2.400000,-2.500000,0.489898
-2.350000,-2.500000,0.691014
-2.300000,-2.500000,0.842615
-2.250000,-2.500000,0.968246
-2.200000,-2.500000,1.077033
-2.150000,-2.500000,1.173669
-2.100000,-2.500000,1.260952
-2.050000,-2.500000,1.340709
-2.000000,-2.500000,1.378123
-1.950000,-2.500000,1.370946
-1.900000,-2.500000,1.362319
-1.850000,-2.500000,1.352222
-1.800000,-2.500000,1.340629
-1.750000,-2.500000,1.327508
-1.700000,-2.500000,1.312827
-1.650000,-2.500000,1.296542
-1.600000,-2.500000,1.278609
-1.550000,-2.500000,1.258973
-1.500000,-2.500000,1.237573
-1.450000,-2.500000,1.214339
-1.400000,-2.500000,1.189191
-1.350000,-2.500000,1.162035
-1.300000,-2.500000,1.132764
-1.250000,-2.500000,1.101256
-1.200000,-2.500000,1.067364
-1.150000,-2.500000,1.030921
-1.100000,-2.500000,0.991725
-1.050000,-2.500000,0.949535
-1.000000,-2.500000,0.904061
-0.950000,-2.500000,0.854945
-0.900000,-2.500000,0.801739
-0.850000,-2.500000,0.743872
-0.800000,-2.500000,0.680594
-0.750000,-2.500000,0.610885
-0.700000,-2.500000,0.533302
-0.650000,-2.500000,0.445674
-0.600000,-2.500000,0.344451
-0.550000,-2.500000,0.223013
-0.500000,-2.500000,0.065724
-0.450000,-2.500000,-0.199767
-0.400000,-2.500000,-0.755711
-0.350000,-2.500000,-0.841713
-0.300000,-2.500000,-0.939251
-0.250000,-2.500000,-1.052880
-0.200000,-2.500000,-1.191681
-0.150000,-2.500000,-1.380409
-0.100000,-2.500000,
-0.050000,-2.500000,
-0.000000,-2.500000,
0.050000,-2.500000,
0.100000,-2.500000,
0.150000,-2.500000,
0.200000,-2.500000,
0.250000,-2.500000,
0.300000,-2.500000,
0.350000,-2.500000,
0.400000,-2.500000,
0.450000,-2.500000,
0.500000,-2.500000,
0.550000,-2.500000,
0.600000,-2.500000,
0.650000,-2.500000,
0.700000,-2.500000,
0.750000,-2.500000,
0.800000,-2.500000,
0.850000,-2.500000,
0.900000,-2.500000,
0.950000,-2.500000,
1.000000,-2.500000,
1.050000,-2.500000,
1.100000,-2.500000,
1.150000,-2.500000,
1.200000,-2.500000,
1.250000,-2.500000,
1.300000,-2.500000,
1.350000,-2.500000,
1.400000,-2.500000,
1.450000,-2.500000,
1.500000,-2.500000,
1.550000,-2.500000,
1.600000,-2.500000,
1.650000,-2.500000,
1.700000,-2.500000,
1.750000,-2.500000,
1.800000,-2.500000,
1.850000,-2.500000,
1.900000,-2.500000,
1.950000,-2.500000,
2.000000,-2.500000,
2.050000,-2.500000,
2.100000,-2.500000,
2.150000,-2.500000,
2.200000,-2.500000,
2.250000,-2.500000,
2.300000,-2.500000,
2.350000,-2.500000,
2.400000,-2.500000,
2.450000,-2.500000,
2.500000,-2.500000,
2.550000,-2.500000,
2.600000,-2.500000,
2.650000,-2.500000,
2.700000,-2.500000,
2.750000,-2.500000,
2.800000,-2.500000,
2.850000,-2.500000,
2.900000,-2.500000,
2.950000,-2.500000,
3.000000,-2.500000,
3.050000,-2.500000,
3.100000,-2.500000,
3.150000,-2.500000,
3.200000,-2.500000,
3.250000,-2.500000,
3.300000,-2.500000,
3.350000,-2.500000,
3.400000,-2.500000,
3.450000,-2.500000,
3.500000,-2.500000,
-3.500000,-2.450000,
-3.450000,-2.450000,
-3.400000,-2.450000,
-3.350000,-2.450000,
-3.300000,-2.450000,
-3.250000,-2.450000,
-3.200000,-2.450000,
-3.150000,-2.450000,
-3.100000,-2.450000,
-3.050000,-2.450000,
-3.000000,-2.450000,
-2.950000,-2.450000,
-2.900000,-2.450000,
-2.850000,-2.450000,
-2.800000,-2.450000,
-2.750000,-2.450000,
-2.700000,-2.450000,
-2.650000,-2.450000,
-2.600000,-2.450000,
-2.550000,-2.450000,
-2.500000,-2.450000,
-2.450000,-2.450000,0.494975
-2.400000,-2.450000,0.698212
-2.350000,-2.450000,0.851469
-2.300000,-2.450000,0.978519
-2.250000,-2.450000,1.088577
-2.200000,-2.450000,1.186381
-2.150000,-2.450000,1.274755
-2.100000,-2.450000,1.355544
-2.050000,-2.450000,1.358663
-2.000000,-2.450000,1.352835
-1.950000,-2.450000,1.345554
-1.900000,-2.450000,1.336802
-1.850000,-2.450000,1.326555
-1.800000,-2.450000,1.314787
-1.750000,-2.450000,1.301468
-1.700000,-2.450000,1.286559
-1.650000,-2.450000,1.270018
-1.600000,-2.450000,1.251796
-1.550000,-2.450000,1.231837
-1.500000,-2.450000,1.210076
-1.450000,-2.450000,1.186439
-1.400000,-2.450000,1.160840
-1.350000,-2.450000,1.133181
-1.300000,-2.450000,1.103348
-1.250000,-2.450000,1.071209
-1.200000,-2.450000,1.036608
-1.150000,-2.450000,0.999362
-1.100000,-2.450000,0.959254
-1.050000,-2.450000,0.916022
-1.000000,-2.450000,0.869346
-0.950000,-2.450000,0.818828
-0.900000,-2.450000,0.763969
-0.850000,-2.450000,0.704120
-0.800000,-2.450000,0.638415
-0.750000,-2.450000,0.565658
-0.700000,-2.450000,0.484104
-0.650000,-2.450000,0.391027
-0.600000,-2.450000,0.281707
-0.550000,-2.450000,0.146436
-0.500000,-2.450000,-0.043381
-0.450000,-2.450000,-0.690088
-0.400000,-2.450000,-0.768100
-0.350000,-2.450000,-0.855239
-0.300000,-2.450000,-0.954352
-0.250000,-2.450000,-1.070357
-0.200000,-2.450000,-1.213339
-0.150000,-2.450000,-1.412712
-0.100000,-2.450000,
-0.050000,-2.450000,
-0.000000,-2.450000,
0.050000,-2.450000,
0.100000,-2.450000,
0.150000,-2.450000,
0.200000,-2.450000,
0.250000,-2.450000,
0.300000,-2.450000,
0.350000,-2.450000,
0.400000,-2.450000,
0.450000,-2.450000,
0.500000,-2.450000,
0.550000,-2.450000,
0.600000,-2.450000,
0.650000,-2.450000,
0.700000,-2.450000,
0.750000,-2.450000,
0.800000,-2.450000,
0.850000,-2.450000,
0.900000,-2.450000,
0.950000,-2.450000,
1.000000,-2.450000,
1.050000,-2.450000,
1.100000,-2.450000,
1.150000,-2.450000,
1.200000,-2.450000,
1.250000,-2.450000,
1.300000,-2.450000,
1.350000,-2.450000,
1.400000,-2.450000,
1.450000,-2.450000,
1.500000,-2.450000,
1.550000,-2.450000,
1.600000,-2.450000,
1.650000,-2.450000,
1.700000,-2.450000,
1.750000,-2.450000,
1.800000,-2.450000,
1.850000,-2.450000,
1.900000,-2.450000,
1.950000,-2.450000,
2.000000,-2.450000,
2.050000,-2.450000,
2.100000,-2.450000,
2.150000,-2.450000,
2.200000,-2.450000,
2.250000,-2.450000,
2.300000,-2.450000,
2.350000,-2.450000,
2.400000,-2.450000,
2.450000,-2.450000,
2.500000,-2.450000,
2.550000,-2.450000,
2.600000,-2.450000,
2.650000,-2.450000,
2.700000,-2.450000,
2.750000,-2.450000,
2.800000,-2.450000,
2.850000,-2.450000,
2.900000,-2.450000,
2.950000,-2.450000,
3.000000,-2.450000,
3.050000,-2.450000,
3.100000,-2.450000,
3.150000,-2.450000,
3.200000,-2.450000,
3.250000,-2.450000,
3.300000,-2.450000,
3.350000,-2.450000,
3.400000,-2.450000,
3.450000,-2.450000,
3.500000,-2.450000,
-3.500000,-2.400000,
-3.450000,-2.400000,
-3.400000,-2.400000,
-3.350000,-2.400000,
-3.300000,-2.400000,
-3.250000,-2.400000,
-3.200000,-2.400000,
-3.150000,-2.400000,
-3.100000,-2.400000,
-3.050000,-2.400000,
-3.000000,-2.400000,
-2.950000,-2.400000,
-2.900000,-2.400000,
-2.850000,-2.400000,
-2.800000,-2.400000,
-2.750000,-2.400000,
-2.700000,-2.400000,
-2.650000,-2.400000,
-2.600000,-2.400000,
-2.550000,-2.400000,
-2.500000,-2.400000,0.489898
-2.450000,-2.400000,0.698212
-2.400000,-2.400000,0.854400
-2.350000,-2.400000,0.983616
-2.300000,-2.400000,1.095445
-2.250000,-2.400000,1.194780
-2.200000,-2.400000,1.284523
-2.150000,-2.400000,1.339111
-2.100000,-2.400000,1.336104
-2.050000,-2.400000,1.331646
-2.000000,-2.400000,1.325727
-1.950000,-2.400000,1.318331
-1.900000,-2.400000,1.309438
-1.850000,-2.400000,1.299026
-1.800000,-2.400000,1.287067
-1.750000,-2.400000,1.273526
-1.700000,-2.400000,1.258366
-1.650000,-2.400000,1.241540
-1.600000,-2.400000,1.222998
-1.550000,-2.400000,1.202680
-1.500000,-2.400000,1.180517
-1.450000,-2.400000,1.156430
-1.400000,-2.400000,1.130329
-1.350000,-2.400000,1.102107
-1.300000,-2.400000,1.071643
-1.250000,-2.400000,1.038794
-1.200000,-2.400000,1.003393
-1.150000,-2.400000,0.965240
-1.100000,-2.400000,0.924097
-1.050000,-2.400000,0.879675
-1.000000,-2.400000,0.831619
-0.950000,-2.400000,0.779483
-0.900000,-2.400000,0.722699
-0.850000,-2.400000,0.660517
-0.800000,-2.400000,0.591921
-0.750000,-2.400000,0.515466
-0.700000,-2.400000,0.428973
-0.650000,-2.400000,0.328865
-0.600000,-2.400000,0.208431
-0.550000,-2.400000,0.051601
-0.500000,-2.400000,-0.220829
-0.450000,-2.400000,-0.704027
-0.400000,-2.400000,-0.783117
-0.350000,-2.400000,-0.871678
-0.300000,-2.400000,-0.972778
-0.250000,-2.400000,-1.091833
-0.200000,-2.400000,-1.240359
-0.150000,-2.400000,-1.455402
-0.100000,-2.400000,
-0.050000,-2.400000,
-0.000000,-2.400000,
0.050000,-2.400000,
0.100000,-2.400000,
0.150000,-2.400000,
0.200000,-2.400000,
0.250000,-2.400000,
0.300000,-2.400000,
0.350000,-2.400000,
0.400000,-2.400000,
0.450000,-2.400000,
0.500000,-2.400000,
0.550000,-2.400000,
0.600000,-2.400000,
0.650000,-2.400000,
0.700000,-2.400000,
0.750000,-2.400000,
0.800000,-2.400000,
0.850000,-2.400000,
0.900000,-2.400000,
0.950000,-2.400000,
1.000000,-2.400000,
1.050000,-2.400000,
1.100000,-2.400000,
1.150000,-2.400000,
1.200000,-2.400000,
1.250000,-2.400000,
1.300000,-2.400000,
1.350000,-2.400000,
1.400000,-2.400000,
1.450000,-2.400000,
1.500000,-2.400000,
1.550000,-2.400000,
1.600000,-2.400000,
1.650000,-2.400000,
1.700000,-2.400000,-1.888313
1.750000,-2.400000,-1.831505
1.800000,-2.400000,-1.778876
1.850000,-2.400000,-1.729960
1.900000,-2.400000,-1.684384
1.950000,-2.400000,
2.000000,-2.400000,
2.050000,-2.400000,
2.100000,-2.400000,
2.150000,-2.400000,
2.200000,-2.400000,
2.250000,-2.400000,
2.300000,-2.400000,
2.350000,-2.400000,
2.400000,-2.400000,
2.450000,-2.400000,
2.500000,-2.400000,
2.550000,-2.400000,
2.600000,-2.400000,
2.650000,-2.400000,
2.700000,-2.400000,
2.750000,-2.400000,
2.800000,-2.400000,
2.850000,-2.400000,
2.900000,-2.400000,
2.950000,-2.400000,
3.000000,-2.400000,
3.050000,-2.400000,
3.100000,-2.400000,
3.150000,-2.400000,
3.200000,-2.400000,
3.250000,-2.400000,
3.300000,-2.400000,
3.350000,-2.400000,
3.400000,-2.400000,
3.450000,-2.400000,
3.500000,-2.400000,
-3.500000,-2.350000,
-3.450000,-2.350000,
-3.400000,-2.350000,
-3.350000,-2.350000,
-3.300000,-2.350000,
-3.250000,-2.350000,
-3.200000,-2.350000,
-3.150000,-2.350000,
-3.100000,-2.350000,
-3.050000,-2.350000,
-3.000000,-2.350000,
-2.950000,-2.350000,
-2.900000,-2.350000,
-2.850000,-2.350000,
-2.800000,-2.350000,
-2.750000,-2.350000,
-2.700000,-2.350000,
-2.650000,-2.350000,
-2.600000,-2.350000,
-2.550000,-2.350000,0.474342
-2.500000,-2.350000,0.691014
-2.450000,-2.350000,0.851469
-2.400000,-2.350000,0.983616
-2.350000,-2.350000,1.097725
-2.300000,-2.350000,1.198958
-2.250000,-2.350000,1.290349
-2.200000,-2.350000,1.311912
-2.150000,-2.350000,1.310322
-2.100000,-2.350000,1.307264
-2.050000,-2.350000,1.302731
-2.000000,-2.350000,1.296710
-1.950000,-2.350000,1.289187
-1.900000,-2.350000,1.280140
-1.850000,-2.350000,1.269545
-1.800000,-2.350000,1.257372
-1.750000,-2.350000,1.243586
-1.700000,-2.350000,1.228147
-1.650000,-2.350000,1.211005
-1.600000,-2.350000,1.192107
-1.550000,-2.350000,1.171389
-1.500000,-2.350000,1.148778
-1.450000,-2.350000,1.124188
-1.400000,-2.350000,1.097524
-1.350000,-2.350000,1.068671
-1.300000,-2.350000,1.037497
-1.250000,-2.350000,1.003848
-1.200000,-2.350000,0.967541
-1.150000,-2.350000,0.928356
-1.100000,-2.350000,0.886031
-1.050000,-2.350000,0.840244
-1.000000,-2.350000,0.790594
-0.950000,-2.350000,0.736574
-0.900000,-2.350000,0.677525
-0.850000,-2.350000,0.612566
-0.800000,-2.350000,0.540470
-0.750000,-2.350000,0.459436
-0.700000,-2.350000,0.366626
-0.650000,-2.350000,0.257051
-0.600000,-2.350000,0.120167
-0.550000,-2.350000,-0.077325
-0.500000,-2.350000,-0.647889
-0.450000,-2.350000,-0.720479
-0.400000,-2.350000,-0.800882
-0.350000,-2.350000,-0.891189
-0.300000,-2.350000,-0.994762
-0.250000,-2.350000,-1.117690
-0.200000,-2.350000,-1.273581
-0.150000,-2.350000,-1.513219
-0.100000,-2.350000,
-0.050000,-2.350000,
-0.000000,-2.350000,
0.050000,-2.350000,
0.100000,-2.350000,
0.150000,-2.350000,
0.200000,-2.350000,
0.250000,-2.350000,
0.300000,-2.350000,
0.350000,-2.350000,
0.400000,-2.350000,
0.450000,-2.350000,
0.500000,-2.350000,
0.550000,-2.350000,
0.600000,-2.350000,
0.650000,-2.350000,
0.700000,-2.350000,
0.750000,-2.350000,
0.800000,-2.350000,
0.850000,-2.350000,
0.900000,-2.350000,
0.950000,-2.350000,
1.000000,-2.350000,
1.050000,-2.350000,
1.100000,-2.350000,
1.150000,-2.350000,
1.200000,-2.350000,
1.250000,-2.350000,
1.300000,-2.350000,
1.350000,-2.350000,
1.400000,-2.350000,
1.450000,-2.350000,
1.500000,-2.350000,
1.550000,-2.350000,-2.073329
1.600000,-2.350000,-2.000705
1.650000,-2.350000,-1.934475
1.700000,-2.350000,-1.873639
1.750000,-2.350000,-1.817458
1.800000,-2.350000,-1.765363
1.850000,-2.350000,-1.716909
1.900000,-2.350000,-1.671736
1.950000,-2.350000,-1.629552
2.000000,-2.350000,-1.590114
2.050000,-2.350000,-1.553217
2.100000,-2.350000,-1.518689
2.150000,-2.350000,
2.200000,-2.350000,-1.361256
2.250000,-2.350000,-1.276494
2.300000,-2.350000,
2.350000,-2.350000,
2.400000,-2.350000,
2.450000,-2.350000,
2.500000,-2.350000,
2.550000,-2.350000,
2.600000,-2.350000,
2.650000,-2.350000,
2.700000,-2.350000,
2.750000,-2.350000,
2.800000,-2.350000,
2.850000,-2.350000,
2.900000,-2.350000,
2.950000,-2.350000,
3.000000,-2.350000,
3.050000,-2.350000,
3.100000,-2.350000,
3.150000,-2.350000,
3.200000,-2.350000,
3.250000,-2.350000,
3.300000,-2.350000,
3.350000,-2.350000,
3.400000,-2.350000,
3.450000,-2.350000,
3.500000,-2.350000,
-3.500000,-2.300000,
-3.450000,-2.300000,
-3.400000,-2.300000,
-3.350000,-2.300000,
-3.300000,-2.300000,
-3.250000,-2.300000,
-3.200000,-2.300000,
-3.150000,-2.300000,
-3.100000,-2.300000,
-3.050000,-2.300000,
-3.000000,-2.300000,
-2.950000,-2.300000,
-2.900000,-2.300000,
-2.850000,-2.300000,
-2.800000,-2.300000,
-2.750000,-2.300000,
-2.700000,-2.300000,
-2.650000,-2.300000,
-2.600000,-2.300000,0.447214
-2.550000,-2.300000,0.676387
-2.500000,-2.300000,0.842615
-2.450000,-2.300000,0.978519
-2.400000,-2.300000,1.095445
-2.350000,-2.300000,1.198958
-2.300000,-2.300000,1.279937
-2.250000,-2.300000,1.281298
-2.200000,-2.300000,1.281168
-2.150000,-2.300000,1.279548
-2.100000,-2.300000,1.276434
-2.050000,-2.300000,1.271817
-2.000000,-2.300000,1.265685
-1.950000,-2.300000,1.258020
-1.900000,-2.300000,1.248802
-1.850000,-2.300000,1.238005
-1.800000,-2.300000,1.225595
-1.750000,-2.300000,1.211537
-1.700000,-2.300000,1.195787
-1.650000,-2.300000,1.178294
-1.600000,-2.300000,1.158999
-1.550000,-2.300000,1.137834
-1.500000,-2.300000,1.114720
-1.450000,-2.300000,1.089568
-1.400000,-2.300000,1.062271
-1.350000,-2.300000,1.032707
-1.300000,-2.300000,1.000732
-1.250000,-2.300000,0.966176
-1.200000,-2.300000,0.928837
-1.150000,-2.300000,0.888474
-1.100000,-2.300000,0.844791
-1.050000,-2.300000,0.797425
-1.000000,-2.300000,0.745917
-0.950000,-2.300000,0.689679
-0.900000,-2.300000,0.627933
-0.850000,-2.300000,0.559614
-0.800000,-2.300000,0.483192
-0.750000,-2.300000,0.396333
-0.700000,-2.300000,0.295117
-0.650000,-2.300000,0.171942
-0.600000,-2.300000,0.007225
-0.550000,-2.300000,-0.598565
-0.500000,-2.300000,-0.665741
-0.450000,-2.300000,-0.739562
-0.400000,-2.300000,-0.821546
-0.350000,-2.300000,-0.913977
-0.300000,-2.300000,-1.020606
-0.250000,-2.300000,-1.148457
-0.200000,-2.300000,-1.314297
-0.150000,-2.300000,-1.599375
-0.100000,-2.300000,
-0.050000,-2.300000,
-0.000000,-2.300000,
0.050000,-2.300000,
0.100000,-2.300000,
0.150000,-2.300000,
0.200000,-2.300000,
0.250000,-2.300000,
0.300000,-2.300000,
0.350000,-2.300000,
0.400000,-2.300000,
0.450000,-2.300000,
0.500000,-2.300000,
0.550000,-2.300000,
0.600000,-2.300000,
0.650000,-2.300000,
0.700000,-2.300000,
0.750000,-2.300000,
0.800000,-2.300000,
0.850000,-2.300000,
0.900000,-2.300000,
0.950000,-2.300000,
1.000000,-2.300000,
1.050000,-2.300000,
1.100000,-2.300000,
1.150000,-2.300000,
1.200000,-2.300000,
1.250000,-2.300000,
1.300000,-2.300000,
1.350000,-2.300000,
1.400000,-2.300000,
1.450000,-2.300000,
1.500000,-2.300000,-2.137689
1.550000,-2.300000,-2.058457
1.600000,-2.300000,-1.986764
1.650000,-2.300000,-1.921286
1.700000,-2.300000,-1.861074
1.750000,-2.300000,-1.805419
1.800000,-2.300000,-1.753774
1.850000,-2.300000,-1.705710
1.900000,-2.300000,-1.660877
1.950000,-2.300000,-1.618993
2.000000,-2.300000,-1.579820
2.050000,-2.300000,-1.543160
2.100000,-2.300000,-1.508844
2.150000,-2.300000,-1.476728
2.200000,-2.300000,-1.405265
2.250000,-2.300000,-1.316524
2.300000,-2.300000,-1.237924
2.350000,-2.300000,-1.167266
2.400000,-2.300000,
2.450000,-2.300000,
2.500000,-2.300000,
2.550000,-2.300000,
2.600000,-2.300000,
2.650000,-2.300000,
2.700000,-2.300000,
2.750000,-2.300000,
2.800000,-2.300000,
2.850000,-2.300000,
2.900000,-2.300000,
2.950000,-2.300000,
3.000000,-2.300000,
3.050000,-2.300000,
3.100000,-2.300000,
3.150000,-2.300000,
3.200000,-2.300000,
3.250000,-2.300000,
3.300000,-2.300000,
3.350000,-2.300000,
3.400000,-2.300000,
3.450000,-2.300000,
3.500000,-2.300000,
-3.500000,-2.250000,
-3.450000,-2.250000,
-3.400000,-2.250000,
-3.350000,-2.250000,
-3.300000,-2.250000,
-3.250000,-2.250000,
-3.200000,-2.250000,
-3.150000,-2.250000,
-3.100000,-2.250000,
-3.050000,-2.250000,
-3.000000,-2.250000,
-2.950000,-2.250000,
-2.900000,-2.250000,
-2.850000,-2.250000,
-2.800000,-2.250000,
-2.750000,-2.250000,
-2.700000,-2.250000,
-2.650000,-2.250000,0.406202
-2.600000,-2.250000,0.653835
-2.550000,-2.250000,0.827647
-2.500000,-2.250000,0.968246
-2.450000,-2.250000,1.088577
-2.400000,-2.250000,1.194780
-2.350000,-2.250000,1.244166
-2.300000,-2.250000,1.247077
-2.250000,-2.250000,1.248464
-2.200000,-2.250000,1.248332
-2.150000,-2.250000,1.246680
-2.100000,-2.250000,1.243503
-2.050000,-2.250000,1.238793
-2.000000,-2.250000,1.232537
-1.950000,-2.250000,1.224716
-1.900000,-2.250000,1.215307
-1.850000,-2.250000,1.204284
-1.800000,-2.250000,1.191611
-1.750000,-2.250000,1.177250
-1.700000,-2.250000,1.161153
-1.650000,-2.250000,1.143266
-1.600000,-2.250000,1.123527
-1.550000,-2.250000,1.101861
-1.500000,-2.250000,1.078185
-1.450000,-2.250000,1.052399
-1.400000,-2.250000,1.024389
-1.350000,-2.250000,0.994020
-1.300000,-2.250000,0.961134
-1.250000,-2.250000,0.925544
-1.200000,-2.250000,0.887025
-1.150000,-2.250000,0.845305
-1.100000,-2.250000,0.800048
-1.050000,-2.250000,0.750837
-1.000000,-2.250000,0.697139
-0.950000,-2.250000,0.638256
-0.900000,-2.250000,0.573245
-0.850000,-2.250000,0.500775
-0.800000,-2.250000,0.418864
-0.750000,-2.250000,0.324303
-0.700000,-2.250000,0.211225
-0.650000,-2.250000,0.066276
-0.600000,-2.250000,-0.163800
-0.550000,-2.250000,-0.617796
-0.500000,-2.250000,-0.686140
-0.450000,-2.250000,-0.761422
-0.400000,-2.250000,-0.845298
-0.350000,-2.250000,-0.940306
-0.300000,-2.250000,-1.050715
-0.250000,-2.250000,-1.184880
-0.200000,-2.250000,-1.364648
-0.150000,-2.250000,
-0.100000,-2.250000,
-0.050000,-2.250000,
-0.000000,-2.250000,
0.050000,-2.250000,
0.100000,-2.250000,
0.150000,-2.250000,
0.200000,-2.250000,
0.250000,-2.250000,
0.300000,-2.250000,
0.350000,-2.250000,
0.400000,-2.250000,
0.450000,-2.250000,
0.500000,-2.250000,
0.550000,-2.250000,
0.600000,-2.250000,
0.650000,-2.250000,
0.700000,-2.250000,
0.750000,-2.250000,
0.800000,-2.250000,
0.850000,-2.250000,
0.900000,-2.250000,
0.950000,-2.250000,
1.000000,-2.250000,
1.050000,-2.250000,
1.100000,-2.250000,
1.150000,-2.250000,
1.200000,-2.250000,
1.250000,-2.250000,
1.300000,-2.250000,
1.350000,-2.250000,
1.400000,-2.250000,
1.450000,-2.250000,-2.211770
1.500000,-2.250000,-2.124324
1.550000,-2.250000,-2.046054
1.600000,-2.250000,-1.975119
1.650000,-2.250000,-1.910257
1.700000,-2.250000,-1.850557
1.750000,-2.250000,-1.795335
1.800000,-2.250000,-1.744061
1.850000,-2.250000,-1.696318
1.900000,-2.250000,-1.651767
1.950000,-2.250000,-1.610131
2.000000,-2.250000,-1.571178
2.050000,-2.250000,-1.534715
2.100000,-2.250000,-1.500575
2.150000,-2.250000,-1.468617
2.200000,-2.250000,-1.438719
2.250000,-2.250000,-1.361127
2.300000,-2.250000,-1.278932
2.350000,-2.250000,-1.205512
2.400000,-2.250000,-1.139135
2.450000,-2.250000,-1.078609
2.500000,-2.250000,
2.550000,-2.250000,
2.600000,-2.250000,
2.650000,-2.250000,
2.700000,-2.250000,
2.750000,-2.250000,
2.800000,-2.250000,
2.850000,-2.250000,
2.900000,-2.250000,
2.950000,-2.250000,
3.000000,-2.250000,
3.050000,-2.250000,
3.100000,-2.250000,
3.150000,-2.250000,
3.200000,-2.250000,
3.250000,-2.250000,
3.300000,-2.250000,
3.350000,-2.250000,
3.400000,-2.250000,
3.450000,-2.250000,
3.500000,-2.250000,
-3.500000,-2.200000,
-3.450000,-2.200000,
-3.400000,-2.200000,
-3.350000,-2.200000,
-3.300000,-2.200000,
-3.250000,-2.200000,
-3.200000,-2.200000,
-3.150000,-2.200000,
-3.100000,-2.200000,
-3.050000,-2.200000,
-3.000000,-2.200000,
-2.950000,-2.200000,
-2.900000,-2.200000,
-2.850000,-2.200000,
-2.800000,-2.200000,
-2.750000,-2.200000,
-2.700000,-2.200000,0.346410
-2.650000,-2.200000,0.622495
-2.600000,-2.200000,0.806226
-2.550000,-2.200000,0.952628
-2.500000,-2.200000,1.077033
-2.450000,-2.200000,1.186381
-2.400000,-2.200000,1.204479
-2.350000,-2.200000,1.209019
-2.300000,-2.200000,1.211993
-2.250000,-2.200000,1.213411
-2.200000,-2.200000,1.213276
-2.150000,-2.200000,1.211588
-2.100000,-2.200000,1.208342
-2.050000,-2.200000,1.203528
-2.000000,-2.200000,1.197133
-1.950000,-2.200000,1.189138
-1.900000,-2.200000,1.179517
-1.850000,-2.200000,1.168241
-1.800000,-2.200000,1.155275
-1.750000,-2.200000,1.140574
-1.700000,-2.200000,1.124089
-1.650000,-2.200000,1.105762
-1.600000,-2.200000,1.085523
-1.550000,-2.200000,1.063294
-1.500000,-2.200000,1.038982
-1.450000,-2.200000,1.012479
-1.400000,-2.200000,0.983660
-1.350000,-2.200000,0.952375
-1.300000,-2.200000,0.918449
-1.250000,-2.200000,0.881672
-1.200000,-2.200000,0.841790
-1.150000,-2.200000,0.798492
-1.100000,-2.200000,0.751393
-1.050000,-2.200000,0.700003
-1.000000,-2.200000,0.643686
-0.950000,-2.200000,0.581593
-0.900000,-2.200000,0.512542
-0.850000,-2.200000,0.434803
-0.800000,-2.200000,0.345655
-0.750000,-2.200000,0.240330
-0.700000,-2.200000,0.108831
-0.650000,-2.200000,-0.079843
-0.600000,-2.200000,-0.575842
-0.550000,-2.200000,-0.639516
-0.500000,-2.200000,-0.709230
-0.450000,-2.200000,-0.786241
-0.400000,-2.200000,-0.872379
-0.350000,-2.200000,-0.970515
-0.300000,-2.200000,-1.085634
-0.250000,-2.200000,-1.228055
-0.200000,-2.200000,-1.428623
-0.150000,-2.200000,
-0.100000,-2.200000,
-0.050000,-2.200000,
-0.000000,-2.200000,
0.050000,-2.200000,
0.100000,-2.200000,
0.150000,-2.200000,
0.200000,-2.200000,
0.250000,-2.200000,
0.300000,-2.200000,
0.350000,-2.200000,
0.400000,-2.200000,
0.450000,-2.200000,
0.500000,-2.200000,
0.550000,-2.200000,
0.600000,-2.200000,
0.650000,-2.200000,
0.700000,-2.200000,
0.750000,-2.200000,
0.800000,-2.200000,
0.850000,-2.200000,
0.900000,-2.200000,
0.950000,-2.200000,
1.000000,-2.200000,
1.050000,-2.200000,
1.100000,-2.200000,
1.150000,-2.200000,
1.200000,-2.200000,
1.250000,-2.200000,
1.300000,-2.200000,
1.350000,-2.200000,
1.400000,-2.200000,-2.298111
1.450000,-2.200000,-2.199998
1.500000,-2.200000,-2.113548
1.550000,-2.200000,-2.036036
1.600000,-2.200000,-1.965702
1.650000,-2.200000,-1.901331
1.700000,-2.200000,-1.842039
1.750000,-2.200000,-1.787162
1.800000,-2.200000,-1.736186
1.850000,-2.200000,-1.688700
1.900000,-2.200000,-1.644375
1.950000,-2.200000,-1.602938
2.000000,-2.200000,-1.564162
2.050000,-2.200000,-1.527857
2.100000,-2.200000,-1.493859
2.150000,-2.200000,-1.462028
2.200000,-2.200000,-1.432245
2.250000,-2.200000,-1.404404
2.300000,-2.200000,-1.324418
2.350000,-2.200000,-1.247680
2.400000,-2.200000,-1.178701
2.450000,-2.200000,-1.116073
2.500000,-2.200000,-1.058797
2.550000,-2.200000,
2.600000,-2.200000,
2.650000,-2.200000,
2.700000,-2.200000,
2.750000,-2.200000,
2.800000,-2.200000,
2.850000,-2.200000,
2.900000,-2.200000,
2.950000,-2.200000,
3.000000,-2.200000,
3.050000,-2.200000,
3.100000,-2.200000,
3.150000,-2.200000,
3.200000,-2.200000,
3.250000,-2.200000,
3.300000,-2.200000,
3.350000,-2.200000,
3.400000,-2.200000,
3.450000,-2.200000,
3.500000,-2.200000,
-3.500000,-2.150000,
-3.450000,-2.150000,
-3.400000,-2.150000,
-3.350000,-2.150000,
-3.300000,-2.150000,
-3.250000,-2.150000,
-3.200000,-2.150000,
-3.150000,-2.150000,
-3.100000,-2.150000,
-3.050000,-2.150000,
-3.000000,-2.150000,
-2.950000,-2.150000,
-2.900000,-2.150000,
-2.850000,-2.150000,
-2.800000,-2.150000,
-2.750000,-2.150000,0.254951
-2.700000,-2.150000,0.580948
-2.650000,-2.150000,0.777817
-2.600000,-2.150000,0.931397
-2.550000,-2.150000,1.060660
-2.500000,-2.150000,1.152674
-2.450000,-2.150000,1.160577
-2.400000,-2.150000,1.166844
-2.350000,-2.150000,1.171492
-2.300000,-2.150000,1.174538
-2.250000,-2.150000,1.175989
-2.200000,-2.150000,1.175851
-2.150000,-2.150000,1.174123
-2.100000,-2.150000,1.170799
-2.050000,-2.150000,1.165870
-2.000000,-2.150000,1.159321
-1.950000,-2.150000,1.151130
-1.900000,-2.150000,1.141272
-1.850000,-2.150000,1.129714
-1.800000,-2.150000,1.116417
-1.750000,-2.150000,1.101335
-1.700000,-2.150000,1.084414
-1.650000,-2.150000,1.065590
-1.600000,-2.150000,1.044787
-1.550000,-2.150000,1.021921
-1.500000,-2.150000,0.996887
-1.450000,-2.150000,0.969568
-1.400000,-2.150000,0.939824
-1.350000,-2.150000,0.907489
-1.300000,-2.150000,0.872364
-1.250000,-2.150000,0.834212
-1.200000,-2.150000,0.792741
-1.150000,-2.150000,0.747590
-1.100000,-2.150000,0.698305
-1.050000,-2.150000,0.644299
-1.000000,-2.150000,0.584793
-0.950000,-2.150000,0.518717
-0.900000,-2.150000,0.444526
-0.850000,-2.150000,0.359836
-0.800000,-2.150000,0.260609
-0.750000,-2.150000,0.138832
-0.700000,-2.150000,-0.027107
-0.650000,-2.150000,-0.539274
-0.600000,-2.150000,-0.598893
-0.550000,-2.150000,-0.663868
-0.500000,-2.150000,-0.735189
-0.450000,-2.150000,-0.814243
-0.400000,-2.150000,-0.903093
-0.350000,-2.150000,-1.005052
-0.300000,-2.150000,-1.126121
-0.250000,-2.150000,-1.279690
-0.200000,-2.150000,-1.515546
-0.150000,-2.150000,
-0.100000,-2.150000,
-0.050000,-2.150000,
-0.000000,-2.150000,
0.050000,-2.150000,
0.100000,-2.150000,
0.150000,-2.150000,
0.200000,-2.150000,
0.250000,-2.150000,
0.300000,-2.150000,
0.350000,-2.150000,
0.400000,-2.150000,
0.450000,-2.150000,
0.500000,-2.150000,
0.550000,-2.150000,
0.600000,-2.150000,
0.650000,-2.150000,
0.700000,-2.150000,
0.750000,-2.150000,
0.800000,-2.150000,
0.850000,-2.150000,
0.900000,-2.150000,
0.950000,-2.150000,
1.000000,-2.150000,
1.050000,-2.150000,
1.100000,-2.150000,
1.150000,-2.150000,
1.200000,-2.150000,
1.250000,-2.150000,
1.300000,-2.150000,
1.350000,-2.150000,-2.400956
1.400000,-2.150000,-2.288064
1.450000,-2.150000,-2.190981
1.500000,-2.150000,-2.105278
1.550000,-2.150000,-2.028339
1.600000,-2.150000,-1.958461
1.650000,-2.150000,-1.894461
1.700000,-2.150000,-1.835480
1.750000,-2.150000,-1.780866
1.800000,-2.150000,-1.730116
1.850000,-2.150000,-1.682828
1.900000,-2.150000,-1.638675
1.950000,-2.150000,-1.597390
2.000000,-2.150000,-1.558750
2.050000,-2.150000,-1.522565
2.100000,-2.150000,-1.488676
2.150000,-2.150000,-1.456943
2.200000,-2.150000,-1.427248
2.250000,-2.150000,-1.399486
2.300000,-2.150000,-1.373568
2.350000,-2.150000,-1.294287
2.400000,-2.150000,-1.222194
2.450000,-2.150000,-1.157083
2.500000,-2.150000,-1.097778
2.550000,-2.150000,-1.043424
2.600000,-2.150000,
2.650000,-2.150000,
2.700000,-2.150000,
2.750000,-2.150000,
2.800000,-2.150000,
2.850000,-2.150000,
2.900000,-2.150000,
2.950000,-2.150000,
3.000000,-2.150000,
3.050000,-2.150000,
3.100000,-2.150000,
3.150000,-2.150000,
3.200000,-2.150000,
3.250000,-2.150000,
3.300000,-2.150000,
3.350000,-2.150000,
3.400000,-2.150000,
3.450000,-2.150000,
3.500000,-2.150000,
-3.500000,-2.100000,
-3.450000,-2.100000,
-3.400000,-2.100000,
-3.350000,-2.100000,
-3.300000,-2.100000,
-3.250000,-2.100000,
-3.200000,-2.100000,
-3.150000,-2.100000,
-3.100000,-2.100000,
-3.050000,-2.100000,
-3.000000,-2.100000,
-2.950000,-2.100000,
-2.900000,-2.100000,
-2.850000,-2.100000,
-2.800000,-2.100000,
-2.750000,-2.100000,0.526783
-2.700000,-2.100000,0.741620
-2.650000,-2.100000,0.904157
-2.600000,-2.100000,1.039230
-2.550000,-2.100000,1.102269
-2.500000,-2.100000,1.112094
-2.450000,-2.100000,1.120209
-2.400000,-2.100000,1.126641
-2.350000,-2.100000,1.131412
-2.300000,-2.100000,1.134537
-2.250000,-2.100000,1.136026
-2.200000,-2.100000,1.135885
-2.150000,-2.100000,1.134111
-2.100000,-2.100000,1.130701
-2.050000,-2.100000,1.125642
-2.000000,-2.100000,1.118919
-1.950000,-2.100000,1.110508
-1.900000,-2.100000,1.100383
-1.850000,-2.100000,1.088507
-1.800000,-2.100000,1.074838
-1.750000,-2.100000,1.059326
-1.700000,-2.100000,1.041911
-1.650000,-2.100000,1.022523
-1.600000,-2.100000,1.001081
-1.550000,-2.100000,0.977487
-1.500000,-2.100000,0.951629
-1.450000,-2.100000,0.923375
-1.400000,-2.100000,0.892566
-1.350000,-2.100000,0.859015
-1.300000,-2.100000,0.822495
-1.250000,-2.100000,0.782732
-1.200000,-2.100000,0.739384
-1.150000,-2.100000,0.692024
-1.100000,-2.100000,0.640103
-1.050000,-2.100000,0.582896
-1.000000,-2.100000,0.519413
-0.950000,-2.100000,0.448245
-0.900000,-2.100000,0.367246
-0.850000,-2.100000,0.272862
-0.800000,-2.100000,0.158317
-0.750000,-2.100000,0.006817
-0.700000,-2.100000,-0.283525
-0.650000,-2.100000,-0.563675
-0.600000,-2.100000,-0.624539
-0.550000,-2.100000,-0.691028
-0.500000,-2.100000,-0.764232
-0.450000,-2.100000,-0.845711
-0.400000,-2.100000,-0.937831
-0.350000,-2.100000,-1.044517
-0.300000,-2.100000,-1.173269
-0.250000,-2.100000,-1.342694
-0.200000,-2.100000,-1.666572
-0.150000,-2.100000,
-0.100000,-2.100000,
-0.050000,-2.100000,
-0.000000,-2.100000,
0.050000,-2.100000,
0.100000,-2.100000,
0.150000,-2.100000,
0.200000,-2.100000,
0.250000,-2.100000,
0.300000,-2.100000,
0.350000,-2.100000,
0.400000,-2.100000,
0.450000,-2.100000,
0.500000,-2.100000,
0.550000,-2.100000,
0.600000,-2.100000,
0.650000,-2.100000,
0.700000,-2.100000,
0.750000,-2.100000,
0.800000,-2.100000,
0.850000,-2.100000,
0.900000,-2.100000,
0.950000,-2.100000,
1.000000,-2.100000,
1.050000,-2.100000,
1.100000,-2.100000,
1.150000,-2.100000,
1.200000,-2.100000,
1.250000,-2.100000,
1.300000,-2.100000,
1.350000,-2.100000,-2.392850
1.400000,-2.100000,-2.281014
1.450000,-2.100000,-2.184641
1.500000,-2.100000,-2.099457
1.550000,-2.100000,-2.022916
1.600000,-2.100000,-1.953355
1.650000,-2.100000,-1.889615
1.700000,-2.100000,-1.830851
1.750000,-2.100000,-1.776422
1.800000,-2.100000,-1.725830
1.850000,-2.100000,-1.678680
1.900000,-2.100000,-1.634648
1.950000,-2.100000,-1.593471
2.000000,-2.100000,-1.554925
2.050000,-2.100000,-1.518826
2.100000,-2.100000,-1.485012
2.150000,-2.100000,-1.453348
2.200000,-2.100000,-1.423715
2.250000,-2.100000,-1.396009
2.300000,-2.100000,-1.370142
2.350000,-2.100000,-1.346014
2.400000,-2.100000,-1.270131
2.450000,-2.100000,-1.202055
2.500000,-2.100000,-1.140356
2.550000,-2.100000,-1.084026
2.600000,-2.100000,-1.032324
2.650000,-2.100000,
2.700000,-2.100000,
2.750000,-2.100000,
2.800000,-2.100000,
2.850000,-2.100000,
2.900000,-2.100000,
2.950000,-2.100000,
3.000000,-2.100000,
3.050000,-2.100000,
3.100000,-2.100000,
3.150000,-2.100000,
3.200000,-2.100000,
3.250000,-2.100000,
3.300000,-2.100000,
3.350000,-2.100000,
3.400000,-2.100000,
3.450000,-2.100000,
3.500000,-2.100000,
-3.500000,-2.050000,
-3.450000,-2.050000,
-3.400000,-2.050000,
-3.350000,-2.050000,
-3.300000,-2.050000,
-3.250000,-2.050000,
-3.200000,-2.050000,
-3.150000,-2.050000,
-3.100000,-2.050000,
-3.050000,-2.050000,
-3.000000,-2.050000,
-2.950000,-2.050000,
-2.900000,-2.050000,
-2.850000,-2.050000,
-2.800000,-2.050000,0.455522
-2.750000,-2.050000,0.696419
-2.700000,-2.050000,0.870345
-2.650000,-2.050000,1.012423
-2.600000,-2.050000,1.046652
-2.550000,-2.050000,1.058571
-2.500000,-2.050000,1.068688
-2.450000,-2.050000,1.077042
-2.400000,-2.050000,1.083662
-2.350000,-2.050000,1.088571
-2.300000,-2.050000,1.091786
-2.250000,-2.050000,1.093318
-2.200000,-2.050000,1.093172
-2.150000,-2.050000,1.091348
-2.100000,-2.050000,1.087839
-2.050000,-2.050000,1.082634
-2.000000,-2.050000,1.075714
-1.950000,-2.050000,1.067056
-1.900000,-2.050000,1.056628
-1.850000,-2.050000,1.044391
-1.800000,-2.050000,1.030300
-1.750000,-2.050000,1.014299
-1.700000,-2.050000,0.996321
-1.650000,-2.050000,0.976290
-1.600000,-2.050000,0.954114
-1.550000,-2.050000,0.929686
-1.500000,-2.050000,0.902878
-1.450000,-2.050000,0.873540
-1.400000,-2.050000,0.841493
-1.350000,-2.050000,0.806519
-1.300000,-2.050000,0.768357
-1.250000,-2.050000,0.726680
-1.200000,-2.050000,0.681081
-1.150000,-2.050000,0.631040
-1.100000,-2.050000,0.575871
-1.050000,-2.050000,0.514644
-1.000000,-2.050000,0.446040
-0.950000,-2.050000,0.368080
-0.900000,-2.050000,0.277528
-0.850000,-2.050000,0.168371
-0.800000,-2.050000,0.026472
-0.750000,-2.050000,-0.212356
-0.700000,-2.050000,-0.533407
-0.650000,-2.050000,-0.590650
-0.600000,-2.050000,-0.652956
-0.550000,-2.050000,-0.721209
-0.500000,-2.050000,-0.796632
-0.450000,-2.050000,-0.881006
-0.400000,-2.050000,-0.977108
-0.350000,-2.050000,-1.089742
-0.300000,-2.050000,-1.228749
-0.250000,-2.050000,-1.422854
-0.200000,-2.050000,
-0.150000,-2.050000,
-0.100000,-2.050000,
-0.050000,-2.050000,
-0.000000,-2.050000,
0.050000,-2.050000,
0.100000,-2.050000,
0.150000,-2.050000,
0.200000,-2.050000,
0.250000,-2.050000,
0.300000,-2.050000,
0.350000,-2.050000,
0.400000,-2.050000,
0.450000,-2.050000,
0.500000,-2.050000,
0.550000,-2.050000,
0.600000,-2.050000,
0.650000,-2.050000,
0.700000,-2.050000,
0.750000,-2.050000,
0.800000,-2.050000,
0.850000,-2.050000,
0.900000,-2.050000,
0.950000,-2.050000,
1.000000,-2.050000,
1.050000,-2.050000,
1.100000,-2.050000,
1.150000,-2.050000,
1.200000,-2.050000,
1.250000,-2.050000,
1.300000,-2.050000,
1.350000,-2.050000,-2.388116
1.400000,-2.050000,-2.276887
1.450000,-2.050000,-2.180926
1.500000,-2.050000,-2.096043
1.550000,-2.050000,-2.019734
1.600000,-2.050000,-1.950358
1.650000,-2.050000,-1.886769
1.700000,-2.050000,-1.828132
1.750000,-2.050000,-1.773811
1.800000,-2.050000,-1.723312
1.850000,-2.050000,-1.676242
1.900000,-2.050000,-1.632281
1.950000,-2.050000,-1.591166
2.000000,-2.050000,-1.552677
2.050000,-2.050000,-1.516627
2.100000,-2.050000,-1.482858
2.150000,-2.050000,-1.451234
2.200000,-2.050000,-1.421637
2.250000,-2.050000,-1.393965
2.300000,-2.050000,-1.368126
2.350000,-2.050000,-1.344044
2.400000,-2.050000,-1.321648
2.450000,-2.050000,-1.251519
2.500000,-2.050000,-1.186961
2.550000,-2.050000,-1.128300
2.600000,-2.050000,-1.074659
2.650000,-2.050000,
2.700000,-2.050000,
2.750000,-2.050000,
2.800000,-2.050000,
2.850000,-2.050000,
2.900000,-2.050000,
2.950000,-2.050000,
3.000000,-2.050000,
3.050000,-2.050000,
3.100000,-2.050000,
3.150000,-2.050000,
3.200000,-2.050000,
3.250000,-2.050000,
3.300000,-2.050000,
3.350000,-2.050000,
3.400000,-2.050000,
3.450000,-2.050000,
3.500000,-2.050000,
-3.500000,-2.000000,
-3.450000,-2.000000,
-3.400000,-2.000000,
-3.350000,-2.000000,
-3.300000,-2.000000,
-3.250000,-2.000000,
-3.200000,-2.000000,
-3.150000,-2.000000,
-3.100000,-2.000000,
-3.050000,-2.000000,
-3.000000,-2.000000,
-2.950000,-2.000000,
-2.900000,-2.000000,
-2.850000,-2.000000,0.357071
-2.800000,-2.000000,0.640312
-2.750000,-2.000000,0.829156
-2.700000,-2.000000,0.968982
-2.650000,-2.000000,0.985193
-2.600000,-2.000000,0.999428
-2.550000,-2.000000,1.011746
-2.500000,-2.000000,1.022198
-2.450000,-2.000000,1.030824
-2.400000,-2.000000,1.037657
-2.350000,-2.000000,1.042722
-2.300000,-2.000000,1.046039
-2.250000,-2.000000,1.047620
-2.200000,-2.000000,1.047469
-2.150000,-2.000000,1.045587
-2.100000,-2.000000,1.041967
-2.050000,-2.000000,1.036596
-2.000000,-2.000000,1.029453
-1.950000,-2.000000,1.020512
-1.900000,-2.000000,1.009739
-1.850000,-2.000000,0.997091
-1.800000,-2.000000,0.982517
-1.750000,-2.000000,0.965955
-1.700000,-2.000000,0.947331
-1.650000,-2.000000,0.926559
-1.600000,-2.000000,0.903536
-1.550000,-2.000000,0.878139
-1.500000,-2.000000,0.850224
-1.450000,-2.000000,0.819618
-1.400000,-2.000000,0.786111
-1.350000,-2.000000,0.749450
-1.300000,-2.000000,0.709321
-1.250000,-2.000000,0.665332
-1.200000,-2.000000,0.616979
-1.150000,-2.000000,0.563606
-1.100000,-2.000000,0.504321
-1.050000,-2.000000,0.437865
-1.000000,-2.000000,0.362360
-0.950000,-2.000000,0.274764
-0.900000,-2.000000,0.169498
-0.850000,-2.000000,0.033811
-0.800000,-2.000000,-0.184054
-0.750000,-2.000000,-0.507741
-0.700000,-2.000000,-0.561751
-0.650000,-2.000000,-0.620378
-0.600000,-2.000000,-0.684356
-0.550000,-2.000000,-0.754674
-0.500000,-2.000000,-0.832727
-0.450000,-2.000000,-0.920591
-0.400000,-2.000000,-1.021620
-0.350000,-2.000000,-1.141928
-0.300000,-2.000000,-1.295350
-0.250000,-2.000000,-1.535834
-0.200000,-2.000000,
-0.150000,-2.000000,
-0.100000,-2.000000,
-0.050000,-2.000000,
-0.000000,-2.000000,
0.050000,-2.000000,
0.100000,-2.000000,
0.150000,-2.000000,
0.200000,-2.000000,
0.250000,-2.000000,
0.300000,-2.000000,
0.350000,-2.000000,
0.400000,-2.000000,
0.450000,-2.000000,
0.500000,-2.000000,
0.550000,-2.000000,
0.600000,-2.000000,
0.650000,-2.000000,
0.700000,-2.000000,
0.750000,-2.000000,
0.800000,-2.000000,
0.850000,-2.000000,
0.900000,-2.000000,
0.950000,-2.000000,
1.000000,-2.000000,
1.050000,-2.000000,
1.100000,-2.000000,
1.150000,-2.000000,
1.200000,-2.000000,
1.250000,-2.000000,
1.300000,-2.000000,-2.520983
1.350000,-2.000000,-2.386690
1.400000,-2.000000,-2.275644
1.450000,-2.000000,-2.179806
1.500000,-2.000000,-2.095013
1.550000,-2.000000,-2.018774
1.600000,-2.000000,-1.949453
1.650000,-2.000000,-1.885910
1.700000,-2.000000,-1.827311
1.750000,-2.000000,-1.773022
1.800000,-2.000000,-1.722551
1.850000,-2.000000,-1.675506
1.900000,-2.000000,-1.631566
1.950000,-2.000000,-1.590470
2.000000,-2.000000,-1.551998
2.050000,-2.000000,-1.515963
2.100000,-2.000000,-1.482207
2.150000,-2.000000,-1.450596
2.200000,-2.000000,-1.421010
2.250000,-2.000000,-1.393347
2.300000,-2.000000,-1.367518
2.350000,-2.000000,-1.343443
2.400000,-2.000000,-1.321054
2.450000,-2.000000,-1.300290
2.500000,-2.000000,-1.238146
2.550000,-2.000000,-1.176700
2.600000,-2.000000,-1.120769
2.650000,-2.000000,-1.069573
2.700000,-2.000000,
2.750000,-2.000000,
2.800000,-2.000000,
2.850000,-2.000000,
2.900000,-2.000000,
2.950000,-2.000000,
3.000000,-2.000000,
3.050000,-2.000000,
3.100000,-2.000000,
3.150000,-2.000000,
3.200000,-2.000000,
3.250000,-2.000000,
3.300000,-2.000000,
3.350000,-2.000000,
3.400000,-2.000000,
3.450000,-2.000000,
3.500000,-2.000000,
-3.500000,-1.950000,
-3.450000,-1.950000,
-3.400000,-1.950000,
-3.350000,-1.950000,
-3.300000,-1.950000,
-3.250000,-1.950000,
-3.200000,-1.950000,
-3.150000,-1.950000,
-3.100000,-1.950000,
-3.050000,-1.950000,
-3.000000,-1.950000,
-2.950000,-1.950000,
-2.900000,-1.950000,0.193649
-2.850000,-1.950000,0.570088
-2.800000,-1.950000,0.779423
-2.750000,-1.950000,0.898084
-2.700000,-1.950000,0.917074
-2.650000,-1.950000,0.933918
-2.600000,-1.950000,0.948695
-2.550000,-1.950000,0.961473
-2.500000,-1.950000,0.972308
-2.450000,-1.950000,0.981246
-2.400000,-1.950000,0.988324
-2.350000,-1.950000,0.993569
-2.300000,-1.950000,0.997003
-2.250000,-1.950000,0.998639
-2.200000,-1.950000,0.998484
-2.150000,-1.950000,0.996535
-2.100000,-1.950000,0.992787
-2.050000,-1.950000,0.987225
-2.000000,-1.950000,0.979826
-1.950000,-1.950000,0.970561
-1.900000,-1.950000,0.959391
-1.850000,-1.950000,0.946270
-1.800000,-1.950000,0.931138
-1.750000,-1.950000,0.913928
-1.700000,-1.950000,0.894554
-1.650000,-1.950000,0.872919
-1.600000,-1.950000,0.848906
-1.550000,-1.950000,0.822372
-1.500000,-1.950000,0.793150
-1.450000,-1.950000,0.761037
-1.400000,-1.950000,0.725784
-1.350000,-1.950000,0.687086
-1.300000,-1.950000,0.644558
-1.250000,-1.950000,0.597709
-1.200000,-1.950000,0.545897
-1.150000,-1.950000,0.488251
-1.100000,-1.950000,0.423541
-1.050000,-1.950000,0.349937
-1.000000,-1.950000,0.264477
-0.950000,-1.950000,0.161751
-0.900000,-1.950000,0.029472
-0.850000,-1.950000,-0.181084
-0.800000,-1.950000,-0.486403
-0.750000,-1.950000,-0.537497
-0.700000,-1.950000,-0.592848
-0.650000,-1.950000,-0.653076
-0.600000,-1.950000,-0.719002
-0.550000,-1.950000,-0.791754
-0.500000,-1.950000,-0.872953
-0.450000,-1.950000,-0.965084
-0.400000,-1.950000,-1.072337
-0.350000,-1.950000,-1.202924
-0.300000,-1.950000,-1.378417
-0.250000,-1.950000,-1.804569
-0.200000,-1.950000,-1.769354
-0.150000,-1.950000,-1.744325
-0.100000,-1.950000,-1.727458
-0.050000,-1.950000,-1.717689
-0.000000,-1.950000,-1.714486
0.050000,-1.950000,-1.717689
0.100000,-1.950000,-1.727458
0.150000,-1.950000,-1.744325
0.200000,-1.950000,-1.769354
0.250000,-1.950000,-1.804569
0.300000,-1.950000,-1.854200
0.350000,-1.950000,-1.930020
0.400000,-1.950000,
0.450000,-1.950000,
0.500000,-1.950000,
0.550000,-1.950000,
0.600000,-1.950000,
0.650000,-1.950000,
0.700000,-1.950000,
0.750000,-1.950000,
0.800000,-1.950000,
0.850000,-1.950000,
0.900000,-1.950000,
0.950000,-1.950000,
1.000000,-1.950000,
1.050000,-1.950000,
1.100000,-1.950000,
1.150000,-1.950000,
1.200000,-1.950000,
1.250000,-1.950000,
1.300000,-1.950000,-2.523248
1.350000,-1.950000,-2.388555
1.400000,-1.950000,-2.277270
1.450000,-1.950000,-2.181271
1.500000,-1.950000,-2.096360
1.550000,-1.950000,-2.020029
1.600000,-1.950000,-1.950636
1.650000,-1.950000,-1.887034
1.700000,-1.950000,-1.828384
1.750000,-1.950000,-1.774053
1.800000,-1.950000,-1.723546
1.850000,-1.950000,-1.676469
1.900000,-1.950000,-1.632501
1.950000,-1.950000,-1.591380
2.000000,-1.950000,-1.552886
2.050000,-1.950000,-1.516831
2.100000,-1.950000,-1.483058
2.150000,-1.950000,-1.451431
2.200000,-1.950000,-1.421830
2.250000,-1.950000,-1.394155
2.300000,-1.950000,-1.368314
2.350000,-1.950000,-1.344229
2.400000,-1.950000,-1.321830
2.450000,-1.950000,-1.301057
2.500000,-1.950000,-1.281854
2.550000,-1.950000,-1.229808
2.600000,-1.950000,-1.171135
2.650000,-1.950000,-1.117671
2.700000,-1.950000,-1.068712
2.750000,-1.950000,
2.800000,-1.950000,
2.850000,-1.950000,
2.900000,-1.950000,
2.950000,-1.950000,
3.000000,-1.950000,
3.050000,-1.950000,
3.100000,-1.950000,
3.150000,-1.950000,
3.200000,-1.950000,
3.250000,-1.950000,
3.300000,-1.950000,
3.350000,-1.950000,
3.400000,-1.950000,
3.450000,-1.950000,
3.500000,-1.950000,
-3.500000,-1.900000,
-3.450000,-1.900000,
-3.400000,-1.900000,
-3.350000,-1.900000,
-3.300000,-1.900000,
-3.250000,-1.900000,
-3.200000,-1.900000,
-3.150000,-1.900000,
-3.100000,-1.900000,
-3.050000,-1.900000,
-3.000000,-1.900000,
-2.950000,-1.900000,
-2.900000,-1.900000,0.479583
-2.850000,-1.900000,0.719375
-2.800000,-1.900000,0.818971
-2.750000,-1.900000,0.841197
-2.700000,-1.900000,0.861046
-2.650000,-1.900000,0.878629
-2.600000,-1.900000,0.894039
-2.550000,-1.900000,0.907353
-2.500000,-1.900000,0.918634
-2.450000,-1.900000,0.927934
-2.400000,-1.900000,0.935294
-2.350000,-1.900000,0.940748
-2.300000,-1.900000,0.944317
-2.250000,-1.900000,0.946017
-2.200000,-1.900000,0.945855
-2.150000,-1.900000,0.943831
-2.100000,-1.900000,0.939935
-2.050000,-1.900000,0.934152
-2.000000,-1.900000,0.926456
-1.950000,-1.900000,0.916815
-1.900000,-1.900000,0.905184
-1.850000,-1.900000,0.891511
-1.800000,-1.900000,0.875729
-1.750000,-1.900000,0.857759
-1.700000,-1.900000,0.837505
-1.650000,-1.900000,0.814852
-1.600000,-1.900000,0.789664
-1.550000,-1.900000,0.761775
-1.500000,-1.900000,0.730985
-1.450000,-1.900000,0.697050
-1.400000,-1.900000,0.659665
-1.350000,-1.900000,0.618451
-1.300000,-1.900000,0.572919
-1.250000,-1.900000,0.522430
-1.200000,-1.900000,0.466113
-1.150000,-1.900000,0.402738
-1.100000,-1.900000,0.330466
-1.050000,-1.900000,0.246306
-1.000000,-1.900000,0.144750
-0.950000,-1.900000,0.013083
-0.900000,-1.900000,-0.202285
-0.850000,-1.900000,-0.469185
-0.800000,-1.900000,-0.517623
-0.750000,-1.900000,-0.570022
-0.700000,-1.900000,-0.626918
-0.650000,-1.900000,-0.689006
-0.600000,-1.900000,-0.757220
-0.550000,-1.900000,-0.832869
-0.500000,-1.900000,-0.917881
-0.450000,-1.900000,-1.015327
-0.400000,-1.900000,-1.130687
-0.350000,-1.900000,-1.275848
-0.300000,-1.900000,-1.491329
-0.250000,-1.900000,-1.573871
-0.200000,-1.900000,-1.553150
-0.150000,-1.900000,-1.537555
-0.100000,-1.900000,-1.526672
-0.050000,-1.900000,-1.520240
-0.000000,-1.900000,-1.518111
0.050000,-1.900000,-1.520240
0.100000,-1.900000,-1.526672
0.150000,-1.900000,-1.537555
0.200000,-1.900000,-1.553150
0.250000,-1.900000,-1.573871
0.300000,-1.900000,-1.600348
0.350000,-1.900000,-1.633546
0.400000,-1.900000,-1.675014
0.450000,-1.900000,-1.727458
0.500000,-1.900000,-1.796398
0.550000,-1.900000,-1.897575
0.600000,-1.900000,
0.650000,-1.900000,
0.700000,-1.900000,
0.750000,-1.900000,
0.800000,-1.900000,
0.850000,-1.900000,
0.900000,-1.900000,
0.950000,-1.900000,
1.000000,-1.900000,
1.050000,-1.900000,
1.100000,-1.900000,
1.150000,-1.900000,
1.200000,-1.900000,
1.250000,-1.900000,
1.300000,-1.900000,-2.529555
1.350000,-1.900000,-2.393734
1.400000,-1.900000,-2.281783
1.450000,-1.900000,-2.185333
1.500000,-1.900000,-2.100093
1.550000,-1.900000,-2.023509
1.600000,-1.900000,-1.953913
1.650000,-1.900000,-1.890145
1.700000,-1.900000,-1.831357
1.750000,-1.900000,-1.776908
1.800000,-1.900000,-1.726299
1.850000,-1.900000,-1.679134
1.900000,-1.900000,-1.635089
1.950000,-1.900000,-1.593900
2.000000,-1.900000,-1.555344
2.050000,-1.900000,-1.519235
2.100000,-1.900000,-1.485413
2.150000,-1.900000,-1.453742
2.200000,-1.900000,-1.424102
2.250000,-1.900000,-1.396390
2.300000,-1.900000,-1.370517
2.350000,-1.900000,-1.346402
2.400000,-1.900000,-1.323977
2.450000,-1.900000,-1.303179
2.500000,-1.900000,-1.283955
2.550000,-1.900000,-1.266255
2.600000,-1.900000,-1.226382
2.650000,-1.900000,-1.170194
2.700000,-1.900000,-1.118971
2.750000,-1.900000,
2.800000,-1.900000,
2.850000,-1.900000,
2.900000,-1.900000,
2.950000,-1.900000,
3.000000,-1.900000,
3.050000,-1.900000,
3.100000,-1.900000,
3.150000,-1.900000,
3.200000,-1.900000,
3.250000,-1.900000,
3.300000,-1.900000,
3.350000,-1.900000,
3.400000,-1.900000,
3.450000,-1.900000,
3.500000,-1.900000,
-3.500000,-1.850000,
-3.450000,-1.850000,
-3.400000,-1.850000,
-3.350000,-1.850000,
-3.300000,-1.850000,
-3.250000,-1.850000,
-3.200000,-1.850000,
-3.150000,-1.850000,
-3.100000,-1.850000,
-3.050000,-1.850000,
-3.000000,-1.850000,
-2.950000,-1.850000,0.353553
-2.900000,-1.850000,0.646142
-2.850000,-1.850000,0.729914
-2.800000,-1.850000,0.756030
-2.750000,-1.850000,0.779446
-2.700000,-1.850000,0.800319
-2.650000,-1.850000,0.818780
-2.600000,-1.850000,0.834939
-2.550000,-1.850000,0.848884
-2.500000,-1.850000,0.860689
-2.450000,-1.850000,0.870414
-2.400000,-1.850000,0.878107
-2.350000,-1.850000,0.883804
-2.300000,-1.850000,0.887531
-2.250000,-1.850000,0.889306
-2.200000,-1.850000,0.889137
-2.150000,-1.850000,0.887023
-2.100000,-1.850000,0.882955
-2.050000,-1.850000,0.876913
-2.000000,-1.850000,0.868870
-1.950000,-1.850000,0.858786
-1.900000,-1.850000,0.846614
-1.850000,-1.850000,0.832289
-1.800000,-1.850000,0.815737
-1.750000,-1.850000,0.796864
-1.700000,-1.850000,0.775559
-1.650000,-1.850000,0.751686
-1.600000,-1.850000,0.725082
-1.550000,-1.850000,0.695546
-1.500000,-1.850000,0.662835
-1.450000,-1.850000,0.626643
-1.400000,-1.850000,0.586587
-1.350000,-1.850000,0.542173
-1.300000,-1.850000,0.492748
-1.250000,-1.850000,0.437424
-1.200000,-1.850000,0.374933
-1.150000,-1.850000,0.303361
-1.100000,-1.850000,0.219556
-1.050000,-1.850000,0.117579
-1.000000,-1.850000,-0.016908
-0.950000,-1.850000,-0.258303
-0.900000,-1.850000,-0.455927
-0.850000,-1.850000,-0.501926
-0.800000,-1.850000,-0.551642
-0.750000,-1.850000,-0.605544
-0.700000,-1.850000,-0.664231
-0.650000,-1.850000,-0.728497
-0.600000,-1.850000,-0.799423
-0.550000,-1.850000,-0.878563
-0.500000,-1.850000,-0.968280
-0.450000,-1.850000,-1.072527
-0.400000,-1.850000,-1.198921
-0.350000,-1.850000,-1.366804
-0.300000,-1.850000,-1.440383
-0.250000,-1.850000,-1.420049
-0.200000,-1.850000,-1.403850
-0.150000,-1.850000,-1.391504
-0.100000,-1.850000,-1.382815
-0.050000,-1.850000,-1.377651
-0.000000,-1.850000,-1.375938
0.050000,-1.850000,-1.377651
0.100000,-1.850000,-1.382815
0.150000,-1.850000,-1.391504
0.200000,-1.850000,-1.403850
0.250000,-1.850000,-1.420049
0.300000,-1.850000,-1.440383
0.350000,-1.850000,-1.465244
0.400000,-1.850000,-1.495186
0.450000,-1.850000,-1.531000
0.500000,-1.850000,-1.573871
0.550000,-1.850000,-1.625681
0.600000,-1.850000,-1.689753
0.650000,-1.850000,-1.773083
0.700000,-1.850000,-1.897575
0.750000,-1.850000,
0.800000,-1.850000,
0.850000,-1.850000,
0.900000,-1.850000,
0.950000,-1.850000,
1.000000,-1.850000,
1.050000,-1.850000,
1.100000,-1.850000,
1.150000,-1.850000,
1.200000,-1.850000,
1.250000,-1.850000,
1.300000,-1.850000,-2.540030
1.350000,-1.850000,-2.402297
1.400000,-1.850000,-2.289228
1.450000,-1.850000,-2.192026
1.500000,-1.850000,-2.106238
1.550000,-1.850000,-2.029233
1.600000,-1.850000,-1.959302
1.650000,-1.850000,-1.895259
1.700000,-1.850000,-1.836242
1.750000,-1.850000,-1.781598
1.800000,-1.850000,-1.730822
1.850000,-1.850000,-1.683510
1.900000,-1.850000,-1.639338
1.950000,-1.850000,-1.598035
2.000000,-1.850000,-1.559379
2.050000,-1.850000,-1.523181
2.100000,-1.850000,-1.489279
2.150000,-1.850000,-1.457534
2.200000,-1.850000,-1.427829
2.250000,-1.850000,-1.400058
2.300000,-1.850000,-1.374131
2.350000,-1.850000,-1.349968
2.400000,-1.850000,-1.327499
2.450000,-1.850000,-1.306662
2.500000,-1.850000,-1.287401
2.550000,-1.850000,-1.269669
2.600000,-1.850000,-1.253422
2.650000,-1.850000,-1.227819
2.700000,-1.850000,-1.173865
2.750000,-1.850000,-1.124684
2.800000,-1.850000,
2.850000,-1.850000,
2.900000,-1.850000,
2.950000,-1.850000,
3.000000,-1.850000,
3.050000,-1.850000,
3.100000,-1.850000,
3.150000,-1.850000,
3.200000,-1.850000,
3.250000,-1.850000,
3.300000,-1.850000,
3.350000,-1.850000,
3.400000,-1.850000,
3.450000,-1.850000,
3.500000,-1.850000,
-3.500000,-1.800000,
-3.450000,-1.800000,
-3.400000,-1.800000,
-3.350000,-1.800000,
-3.300000,-1.800000,
-3.250000,-1.800000,
-3.200000,-1.800000,
-3.150000,-1.800000,
-3.100000,-1.800000,
-3.050000,-1.800000,
-3.000000,-1.800000,0.100000
-2.950000,-1.800000,0.554527
-2.900000,-1.800000,0.628328
-2.850000,-1.800000,0.659332
-2.800000,-1.800000,0.687149
-2.750000,-1.800000,0.712019
-2.700000,-1.800000,0.734136
-2.650000,-1.800000,0.753660
-2.600000,-1.800000,0.770719
-2.550000,-1.800000,0.785422
-2.500000,-1.800000,0.797854
-2.450000,-1.800000,0.808086
-2.400000,-1.800000,0.816174
-2.350000,-1.800000,0.822160
-2.300000,-1.800000,0.826075
-2.250000,-1.800000,0.827939
-2.200000,-1.800000,0.827762
-2.150000,-1.800000,0.825542
-2.100000,-1.800000,0.821268
-2.050000,-1.800000,0.814919
-2.000000,-1.800000,0.806462
-1.950000,-1.800000,0.795851
-1.900000,-1.800000,0.783029
-1.850000,-1.800000,0.767924
-1.800000,-1.800000,0.750444
-1.750000,-1.800000,0.730479
-1.700000,-1.800000,0.707895
-1.650000,-1.800000,0.682527
-1.600000,-1.800000,0.654175
-1.550000,-1.800000,0.622588
-1.500000,-1.800000,0.587456
-1.450000,-1.800000,0.548384
-1.400000,-1.800000,0.504861
-1.350000,-1.800000,0.456205
-1.300000,-1.800000,0.401480
-1.250000,-1.800000,0.339334
-1.200000,-1.800000,0.267690
-1.150000,-1.800000,0.183042
-1.100000,-1.800000,0.078501
-1.050000,-1.800000,-0.064155
-1.000000,-1.800000,-0.405951
-0.950000,-1.800000,-0.446512
-0.900000,-1.800000,-0.490255
-0.850000,-1.800000,-0.537512
-0.800000,-1.800000,-0.588699
-0.750000,-1.800000,-0.644341
-0.700000,-1.800000,-0.705122
-0.650000,-1.800000,-0.771962
-0.600000,-1.800000,-0.846144
-0.550000,-1.800000,-0.929563
-0.500000,-1.800000,-1.025230
-0.450000,-1.800000,-1.138508
-0.400000,-1.800000,-1.280988
-0.350000,-1.800000,-1.335964
-0.300000,-1.800000,-1.315154
-0.250000,-1.800000,-1.297963
-0.200000,-1.800000,-1.284166
-0.150000,-1.800000,-1.273593
-0.100000,-1.800000,-1.266122
-0.050000,-1.800000,-1.261671
-0.000000,-1.800000,-1.260192
0.050000,-1.800000,-1.261671
0.100000,-1.800000,-1.266122
0.150000,-1.800000,-1.273593
0.200000,-1.800000,-1.284166
0.250000,-1.800000,-1.297963
0.300000,-1.800000,-1.315154
0.350000,-1.800000,-1.335964
0.400000,-1.800000,-1.360696
0.450000,-1.800000,-1.389758
0.500000,-1.800000,-1.423701
0.550000,-1.800000,-1.463298
0.600000,-1.800000,-1.509673
0.650000,-1.800000,-1.564564
0.700000,-1.800000,-1.630910
0.750000,-1.800000,-1.714486
0.800000,-1.800000,-1.830531
0.850000,-1.800000,
0.900000,-1.800000,
0.950000,-1.800000,
1.000000,-1.800000,
1.050000,-1.800000,
1.100000,-1.800000,
1.150000,-1.800000,
1.200000,-1.800000,
1.250000,-1.800000,
1.300000,-1.800000,-2.554893
1.350000,-1.800000,-2.414361
1.400000,-1.800000,-2.299682
1.450000,-1.800000,-2.201406
1.500000,-1.800000,-2.114838
1.550000,-1.800000,-2.037236
1.600000,-1.800000,-1.966831
1.650000,-1.800000,-1.902401
1.700000,-1.800000,-1.843060
1.750000,-1.800000,-1.788142
1.800000,-1.800000,-1.737130
1.850000,-1.800000,-1.689614
1.900000,-1.800000,-1.645262
1.950000,-1.800000,-1.603801
2.000000,-1.800000,-1.565004
2.050000,-1.800000,-1.528680
2.100000,-1.800000,-1.494665
2.150000,-1.800000,-1.462819
2.200000,-1.800000,-1.433022
2.250000,-1.800000,-1.405169
2.300000,-1.800000,-1.379167
2.350000,-1.800000,-1.354936
2.400000,-1.800000,-1.332405
2.450000,-1.800000,-1.311512
2.500000,-1.800000,-1.292201
2.550000,-1.800000,-1.274423
2.600000,-1.800000,-1.258136
2.650000,-1.800000,-1.243300
2.700000,-1.800000,-1.229882
2.750000,-1.800000,-1.182195
2.800000,-1.800000,
2.850000,-1.800000,
2.900000,-1.800000,
2.950000,-1.800000,
3.000000,-1.800000,
3.050000,-1.800000,
3.100000,-1.800000,
3.150000,-1.800000,
3.200000,-1.800000,
3.250000,-1.800000,
3.300000,-1.800000,
3.350000,-1.800000,
3.400000,-1.800000,
3.450000,-1.800000,
3.500000,-1.800000,
-3.500000,-1.750000,
-3.450000,-1.750000,
-3.400000,-1.750000,
-3.350000,-1.750000,
-3.300000,-1.750000,
-3.250000,-1.750000,
-3.200000,-1.750000,
-3.150000,-1.750000,
-3.100000,-1.750000,
-3.050000,-1.750000,
-3.000000,-1.750000,0.433013
-2.950000,-1.750000,0.510013
-2.900000,-1.750000,0.547567
-2.850000,-1.750000,0.581132
-2.800000,-1.750000,0.611109
-2.750000,-1.750000,0.637807
-2.700000,-1.750000,0.661476
-2.650000,-1.750000,0.682314
-2.600000,-1.750000,0.700483
-2.550000,-1.750000,0.716113
-2.500000,-1.750000,0.729310
-2.450000,-1.750000,0.740159
-2.400000,-1.750000,0.748726
-2.350000,-1.750000,0.755063
-2.300000,-1.750000,0.759205
-2.250000,-1.750000,0.761177
-2.200000,-1.750000,0.760989
-2.150000,-1.750000,0.758641
-2.100000,-1.750000,0.754119
-2.050000,-1.750000,0.747397
-2.000000,-1.750000,0.738437
-1.950000,-1.750000,0.727185
-1.900000,-1.750000,0.713571
-1.850000,-1.750000,0.697508
-1.800000,-1.750000,0.678885
-1.750000,-1.750000,0.657567
-1.700000,-1.750000,0.633387
-1.650000,-1.750000,0.606137
-1.600000,-1.750000,0.575561
-1.550000,-1.750000,0.541333
-1.500000,-1.750000,0.503037
-1.450000,-1.750000,0.460127
-1.400000,-1.750000,0.411871
-1.350000,-1.750000,0.357244
-1.300000,-1.750000,0.294738
-1.250000,-1.750000,0.221972
-1.200000,-1.750000,0.134757
-1.150000,-1.750000,0.024216
-1.100000,-1.750000,-0.137918
-1.050000,-1.750000,-0.402262
-1.000000,-1.750000,-0.440860
-0.950000,-1.750000,-0.482502
-0.900000,-1.750000,-0.527489
-0.850000,-1.750000,-0.576194
-0.800000,-1.750000,-0.629083
-0.750000,-1.750000,-0.686757
-0.700000,-1.750000,-0.750012
-0.650000,-1.750000,-0.819935
-0.600000,-1.750000,-0.898092
-0.550000,-1.750000,-0.986880
-0.500000,-1.750000,-1.090326
-0.450000,-1.750000,-1.216285
-0.400000,-1.750000,-1.249915
-0.350000,-1.750000,-1.228297
-0.300000,-1.750000,-1.209983
-0.250000,-1.750000,-1.194773
-0.200000,-1.750000,-1.182516
-0.150000,-1.750000,-1.173093
-0.100000,-1.750000,-1.166420
-0.050000,-1.750000,-1.162440
-0.000000,-1.750000,-1.161116
0.050000,-1.750000,-1.162440
0.100000,-1.750000,-1.166420
0.150000,-1.750000,-1.173093
0.200000,-1.750000,-1.182516
0.250000,-1.750000,-1.194773
0.300000,-1.750000,-1.209983
0.350000,-1.750000,-1.228297
0.400000,-1.750000,-1.249915
0.450000,-1.750000,-1.275095
0.500000,-1.750000,-1.304172
0.550000,-1.750000,-1.337588
0.600000,-1.750000,-1.375938
0.650000,-1.750000,-1.420049
0.700000,-1.750000,-1.471120
0.750000,-1.750000,-1.531000
0.800000,-1.750000,-1.602824
0.850000,-1.750000,-1.692764
0.900000,-1.750000,-1.817259
0.950000,-1.750000,
1.000000,-1.750000,-2.842035
1.050000,-1.750000,-2.793577
1.100000,-1.750000,-2.781733
1.150000,-1.750000,-2.792966
1.200000,-1.750000,
1.250000,-1.750000,
1.300000,-1.750000,-2.574485
1.350000,-1.750000,-2.430105
1.400000,-1.750000,-2.313258
1.450000,-1.750000,-2.213552
1.500000,-1.750000,-2.125954
1.550000,-1.750000,-2.047568
1.600000,-1.750000,-1.976541
1.650000,-1.750000,-1.911605
1.700000,-1.750000,-1.851843
1.750000,-1.750000,-1.796568
1.800000,-1.750000,-1.745249
1.850000,-1.750000,-1.697467
1.900000,-1.750000,-1.652882
1.950000,-1.750000,-1.611215
2.000000,-1.750000,-1.572236
2.050000,-1.750000,-1.535748
2.100000,-1.750000,-1.501587
2.150000,-1.750000,-1.469610
2.200000,-1.750000,-1.439695
2.250000,-1.750000,-1.411734
2.300000,-1.750000,-1.385635
2.350000,-1.750000,-1.361317
2.400000,-1.750000,-1.338707
2.450000,-1.750000,-1.317741
2.500000,-1.750000,-1.298365
2.550000,-1.750000,-1.280529
2.600000,-1.750000,-1.264188
2.650000,-1.750000,-1.241728
2.700000,-1.750000,-1.213792
2.750000,-1.750000,-1.188117
2.800000,-1.750000,
2.850000,-1.750000,
2.900000,-1.750000,
2.950000,-1.750000,
3.000000,-1.750000,
3.050000,-1.750000,
3.100000,-1.750000,
3.150000,-1.750000,
3.200000,-1.750000,
3.250000,-1.750000,
3.300000,-1.750000,
3.350000,-1.750000,
3.400000,-1.750000,
3.450000,-1.750000,
3.500000,-1.750000,
-3.500000,-1.700000,
-3.450000,-1.700000,
-3.400000,-1.700000,
-3.350000,-1.700000,
-3.300000,-1.700000,
-3.250000,-1.700000,
-3.200000,-1.700000,
-3.150000,-1.700000,
-3.100000,-1.700000,
-3.050000,-1.700000,0.239792
-3.000000,-1.700000,0.367244
-2.950000,-1.700000,0.414538
-2.900000,-1.700000,0.456302
-2.850000,-1.700000,0.493313
-2.800000,-1.700000,0.526144
-2.750000,-1.700000,0.555227
-2.700000,-1.700000,0.580896
-2.650000,-1.700000,0.603413
-2.600000,-1.700000,0.622988
-2.550000,-1.700000,0.639786
-2.500000,-1.700000,0.653942
-2.450000,-1.700000,0.665560
-2.400000,-1.700000,0.674724
-2.350000,-1.700000,0.681495
-2.300000,-1.700000,0.685919
-2.250000,-1.700000,0.688024
-2.200000,-1.700000,0.687823
-2.150000,-1.700000,0.685316
-2.100000,-1.700000,0.680487
-2.050000,-1.700000,0.673303
-2.000000,-1.700000,0.663718
-1.950000,-1.700000,0.651664
-1.900000,-1.700000,0.637057
-1.850000,-1.700000,0.619786
-1.800000,-1.700000,0.599713
-1.750000,-1.700000,0.576663
-1.700000,-1.700000,0.550421
-1.650000,-1.700000,0.520713
-1.600000,-1.700000,0.487189
-1.550000,-1.700000,0.449397
-1.500000,-1.700000,0.406734
-1.450000,-1.700000,0.358377
-1.400000,-1.700000,0.303146
-1.350000,-1.700000,0.239258
-1.300000,-1.700000,0.163760
-1.250000,-1.700000,0.071076
-1.200000,-1.700000,-0.052380
-1.150000,-1.700000,-0.280727
-1.100000,-1.700000,-0.402178
-1.050000,-1.700000,-0.438923
-1.000000,-1.700000,-0.478598
-0.950000,-1.700000,-0.521477
-0.900000,-1.700000,-0.567897
-0.850000,-1.700000,-0.618278
-0.800000,-1.700000,-0.673156
-0.750000,-1.700000,-0.733229
-0.700000,-1.700000,-0.799442
-0.650000,-1.700000,-0.873122
-0.600000,-1.700000,-0.956242
-0.550000,-1.700000,-1.051980
-0.500000,-1.700000,-1.166104
-0.450000,-1.700000,-1.177120
-0.400000,-1.700000,-1.154528
-0.350000,-1.700000,-1.135030
-0.300000,-1.700000,-1.118443
-0.250000,-1.700000,-1.104623
-0.200000,-1.700000,-1.093455
-0.150000,-1.700000,-1.084854
-0.100000,-1.700000,-1.078754
-0.050000,-1.700000,-1.075112
-0.000000,-1.700000,-1.073900
0.050000,-1.700000,-1.075112
0.100000,-1.700000,-1.078754
0.150000,-1.700000,-1.084854
0.200000,-1.700000,-1.093455
0.250000,-1.700000,-1.104623
0.300000,-1.700000,-1.118443
0.350000,-1.700000,-1.135030
0.400000,-1.700000,-1.154528
0.450000,-1.700000,-1.177120
0.500000,-1.700000,-1.203037
0.550000,-1.700000,-1.232578
0.600000,-1.700000,-1.266122
0.650000,-1.700000,-1.304172
0.700000,-1.700000,-1.347405
0.750000,-1.700000,-1.396769
0.800000,-1.700000,-1.453652
0.850000,-1.700000,-1.520240
0.900000,-1.700000,-1.600348
0.950000,-1.700000,-1.701931
1.000000,-1.700000,-1.849292
1.050000,-1.700000,-2.461157
1.100000,-1.700000,-2.458219
1.150000,-1.700000,-2.461013
1.200000,-1.700000,-2.469651
1.250000,-1.700000,-2.484501
1.300000,-1.700000,-2.506273
1.350000,-1.700000,-2.449776
1.400000,-1.700000,-2.330113
1.450000,-1.700000,-2.228575
1.500000,-1.700000,-2.139671
1.550000,-1.700000,-2.060295
1.600000,-1.700000,-1.988488
1.650000,-1.700000,-1.922918
1.700000,-1.700000,-1.862629
1.750000,-1.700000,-1.806910
1.800000,-1.700000,-1.755210
1.850000,-1.700000,-1.707097
1.900000,-1.700000,-1.662223
1.950000,-1.700000,-1.620301
2.000000,-1.700000,-1.581096
2.050000,-1.700000,-1.544407
2.100000,-1.700000,-1.510065
2.150000,-1.700000,-1.477925
2.200000,-1.700000,-1.447864
2.250000,-1.700000,-1.419771
2.300000,-1.700000,-1.393552
2.350000,-1.700000,-1.369126
2.400000,-1.700000,-1.346417
2.450000,-1.700000,-1.325363
2.500000,-1.700000,-1.297625
2.550000,-1.700000,-1.263084
2.600000,-1.700000,-1.231166
2.650000,-1.700000,-1.201695
2.700000,-1.700000,-1.174523
2.750000,-1.700000,-1.149524
2.800000,-1.700000,-1.126591
2.850000,-1.700000,-1.105631
2.900000,-1.700000,
2.950000,-1.700000,
3.000000,-1.700000,
3.050000,-1.700000,
3.100000,-1.700000,
3.150000,-1.700000,
3.200000,-1.700000,
3.250000,-1.700000,
3.300000,-1.700000,
3.350000,-1.700000,
3.400000,-1.700000,
3.450000,-1.700000,
3.500000,-1.700000,
-3.500000,-1.650000,
-3.450000,-1.650000,
-3.400000,-1.650000,
-3.350000,-1.650000,
-3.300000,-1.650000,
-3.250000,-1.650000,
-3.200000,-1.650000,
-3.150000,-1.650000,
-3.100000,-1.650000,
-3.050000,-1.650000,0.182223
-3.000000,-1.650000,0.247213
-2.950000,-1.650000,0.302663
-2.900000,-1.650000,0.350699
-2.850000,-1.650000,0.392673
-2.800000,-1.650000,0.429510
-2.750000,-1.650000,0.461869
-2.700000,-1.650000,0.490241
-2.650000,-1.650000,0.514999
-2.600000,-1.650000,0.536429
-2.550000,-1.650000,0.554756
-2.500000,-1.650000,0.570156
-2.450000,-1.650000,0.582768
-2.400000,-1.650000,0.592698
-2.350000,-1.650000,0.600026
-2.300000,-1.650000,0.604809
-2.250000,-1.650000,0.607084
-2.200000,-1.650000,0.606868
-2.150000,-1.650000,0.604158
-2.100000,-1.650000,0.598935
-2.050000,-1.650000,0.591159
-2.000000,-1.650000,0.580769
-1.950000,-1.650000,0.567681
-1.900000,-1.650000,0.551782
-1.850000,-1.650000,0.532929
-1.800000,-1.650000,0.510938
-1.750000,-1.650000,0.485575
-1.700000,-1.650000,0.456538
-1.650000,-1.650000,0.423439
-1.600000,-1.650000,0.385762
-1.550000,-1.650000,0.342809
-1.500000,-1.650000,0.293597
-1.450000,-1.650000,0.236669
-1.400000,-1.650000,0.169708
-1.350000,-1.650000,0.088583
-1.300000,-1.650000,-0.015629
-1.250000,-1.650000,-0.173079
-1.200000,-1.650000,-0.373332
-1.150000,-1.650000,-0.405697
-1.100000,-1.650000,-0.440686
-1.050000,-1.650000,-0.478508
-1.000000,-1.650000,-0.519417
-0.950000,-1.650000,-0.563721
-0.900000,-1.650000,-0.611802
-0.850000,-1.650000,-0.664144
-0.800000,-1.650000,-0.721372
-0.750000,-1.650000,-0.784317
-0.700000,-1.650000,-0.854133
-0.650000,-1.650000,-0.932491
-0.600000,-1.650000,-1.021999
-0.550000,-1.650000,-1.127148
-0.500000,-1.650000,-1.114655
-0.450000,-1.650000,-1.090990
-0.400000,-1.650000,-1.070275
-0.350000,-1.650000,-1.052334
-0.300000,-1.650000,-1.037029
-0.250000,-1.650000,-1.024248
-0.200000,-1.650000,-1.013902
-0.150000,-1.650000,-1.005922
-0.100000,-1.650000,-1.000258
-0.050000,-1.650000,-0.996873
-0.000000,-1.650000,-0.995747
0.050000,-1.650000,-0.996873
0.100000,-1.650000,-1.000258
0.150000,-1.650000,-1.005922
0.200000,-1.650000,-1.013902
0.250000,-1.650000,-1.024248
0.300000,-1.650000,-1.037029
0.350000,-1.650000,-1.052334
0.400000,-1.650000,-1.070275
0.450000,-1.650000,-1.090990
0.500000,-1.650000,-1.114655
0.550000,-1.650000,-1.141486
0.600000,-1.650000,-1.171755
0.650000,-1.650000,-1.205809
0.700000,-1.650000,-1.244097
0.750000,-1.650000,-1.287212
0.800000,-1.650000,-1.335964
0.850000,-1.650000,-1.391504
0.900000,-1.650000,-1.455570
0.950000,-1.650000,-1.531000
1.000000,-1.650000,-1.623088
1.050000,-1.650000,-1.744325
1.100000,-1.650000,-1.952740
1.150000,-1.650000,-2.293706
1.200000,-1.650000,-2.299913
1.250000,-1.650000,-2.310442
1.300000,-1.650000,-2.325530
1.350000,-1.650000,-2.345552
1.400000,-1.650000,-2.350453
1.450000,-1.650000,-2.246620
1.500000,-1.650000,-2.156095
1.550000,-1.650000,-2.075503
1.600000,-1.650000,-2.002741
1.650000,-1.650000,-1.936399
1.700000,-1.650000,-1.875472
1.750000,-1.650000,-1.819213
1.800000,-1.650000,-1.767052
1.850000,-1.650000,-1.718541
1.900000,-1.650000,-1.673318
1.950000,-1.650000,-1.631090
2.000000,-1.650000,-1.591612
2.050000,-1.650000,-1.554681
2.100000,-1.650000,-1.520122
2.150000,-1.650000,-1.487788
2.200000,-1.650000,-1.457551
2.250000,-1.650000,-1.429299
2.300000,-1.650000,-1.402938
2.350000,-1.650000,-1.375599
2.400000,-1.650000,-1.333225
2.450000,-1.650000,-1.294044
2.500000,-1.650000,-1.257781
2.550000,-1.650000,-1.224214
2.600000,-1.650000,-1.193154
2.650000,-1.650000,-1.164442
2.700000,-1.650000,-1.137945
2.750000,-1.650000,-1.113546
2.800000,-1.650000,-1.091146
2.850000,-1.650000,-1.070659
2.900000,-1.650000,-1.052012
2.950000,-1.650000,
3.000000,-1.650000,
3.050000,-1.650000,
3.100000,-1.650000,
3.150000,-1.650000,
3.200000,-1.650000,
3.250000,-1.650000,
3.300000,-1.650000,
3.350000,-1.650000,
3.400000,-1.650000,
3.450000,-1.650000,
3.500000,-1.650000,
-3.500000,-1.600000,
-3.450000,-1.600000,
-3.400000,-1.600000,
-3.350000,-1.600000,
-3.300000,-1.600000,
-3.250000,-1.600000,
-3.200000,-1.600000,
-3.150000,-1.600000,
-3.100000,-1.600000,0.019385
-3.050000,-1.600000,0.022394
-3.000000,-1.600000,0.093897
-2.950000,-1.600000,0.164681
-2.900000,-1.600000,0.223485
-2.850000,-1.600000,0.273466
-2.800000,-1.600000,0.316480
-2.750000,-1.600000,0.353725
-2.700000,-1.600000,0.386024
-2.650000,-1.600000,0.413967
-2.600000,-1.600000,0.437993
-2.550000,-1.600000,0.458430
-2.500000,-1.600000,0.475532
-2.450000,-1.600000,0.489490
-2.400000,-1.600000,0.500452
-2.350000,-1.600000,0.508527
-2.300000,-1.600000,0.513791
-2.250000,-1.600000,0.516292
-2.200000,-1.600000,0.516054
-2.150000,-1.600000,0.513075
-2.100000,-1.600000,0.507326
-2.050000,-1.600000,0.498755
-2.000000,-1.600000,0.487281
-1.950000,-1.600000,0.472787
-1.900000,-1.600000,0.455121
-1.850000,-1.600000,0.434079
-1.800000,-1.600000,0.409398
-1.750000,-1.600000,0.380732
-1.700000,-1.600000,0.347621
-1.650000,-1.600000,0.309440
-1.600000,-1.600000,0.265313
-1.550000,-1.600000,0.213956
-1.500000,-1.600000,0.153348
-1.450000,-1.600000,0.079980
-1.400000,-1.600000,-0.013395
-1.350000,-1.600000,-0.148342
-1.300000,-1.600000,-0.353730
-1.250000,-1.600000,-0.382091
-1.200000,-1.600000,-0.412847
-1.150000,-1.600000,-0.446162
-1.100000,-1.600000,-0.482232
-1.050000,-1.600000,-0.521292
-1.000000,-1.600000,-0.563625
-0.950000,-1.600000,-0.609585
-0.900000,-1.600000,-0.659613
-0.850000,-1.600000,-0.714276
-0.800000,-1.600000,-0.774320
-0.750000,-1.600000,-0.840766
-0.700000,-1.600000,-0.915067
-0.650000,-1.600000,-0.999432
-0.600000,-1.600000,-1.088531
-0.550000,-1.600000,-1.060668
-0.500000,-1.600000,-1.035861
-0.450000,-1.600000,-1.013902
-0.400000,-1.600000,-0.994622
-0.350000,-1.600000,-0.977883
-0.300000,-1.600000,-0.963575
-0.250000,-1.600000,-0.951607
-0.200000,-1.600000,-0.941906
-0.150000,-1.600000,-0.934416
-0.100000,-1.600000,-0.929095
-0.050000,-1.600000,-0.925914
-0.000000,-1.600000,-0.924856
0.050000,-1.600000,-0.925914
0.100000,-1.600000,-0.929095
0.150000,-1.600000,-0.934416
0.200000,-1.600000,-0.941906
0.250000,-1.600000,-0.951607
0.300000,-1.600000,-0.963575
0.350000,-1.600000,-0.977883
0.400000,-1.600000,-0.994622
0.450000,-1.600000,-1.013902
0.500000,-1.600000,-1.035861
0.550000,-1.600000,-1.060668
0.600000,-1.600000,-1.088531
0.650000,-1.600000,-1.119709
0.700000,-1.600000,-1.154528
0.750000,-1.600000,-1.193403
0.800000,-1.600000,-1.236879
0.850000,-1.600000,-1.285687
0.900000,-1.600000,-1.340846
0.950000,-1.600000,-1.403850
1.000000,-1.600000,-1.477050
1.050000,-1.600000,-1.564564
1.100000,-1.600000,-1.675014
1.150000,-1.600000,-1.835100
1.200000,-1.600000,-2.172224
1.250000,-1.600000,-2.180870
1.300000,-1.600000,-2.193170
1.350000,-1.600000,-2.209322
1.400000,-1.600000,-2.229604
1.450000,-1.600000,-2.254410
1.500000,-1.600000,-2.175365
1.550000,-1.600000,-2.093298
1.600000,-1.600000,-2.019388
1.650000,-1.600000,-1.952122
1.700000,-1.600000,-1.890432
1.750000,-1.600000,-1.833533
1.800000,-1.600000,-1.780825
1.850000,-1.600000,-1.731842
1.900000,-1.600000,-1.686207
1.950000,-1.600000,-1.643617
2.000000,-1.600000,-1.603819
2.050000,-1.600000,-1.566602
2.100000,-1.600000,-1.531789
2.150000,-1.600000,-1.499226
2.200000,-1.600000,-1.468782
2.250000,-1.600000,-1.427834
2.300000,-1.600000,-1.379717
2.350000,-1.600000,-1.335290
2.400000,-1.600000,-1.294187
2.450000,-1.600000,-1.256111
2.500000,-1.600000,-1.220819
2.550000,-1.600000,-1.188106
2.600000,-1.600000,-1.157804
2.650000,-1.600000,-1.129765
2.700000,-1.600000,-1.103866
2.750000,-1.600000,-1.080000
2.800000,-1.600000,-1.058076
2.850000,-1.600000,-1.038012
2.900000,-1.600000,-1.019741
2.950000,-1.600000,
3.000000,-1.600000,
3.050000,-1.600000,
3.100000,-1.600000,
3.150000,-1.600000,
3.200000,-1.600000,
3.250000,-1.600000,
3.300000,-1.600000,
3.350000,-1.600000,
3.400000,-1.600000,
3.450000,-1.600000,
3.500000,-1.600000,
-3.500000,-1.550000,
-3.450000,-1.550000,
-3.400000,-1.550000,
-3.350000,-1.550000,
-3.300000,-1.550000,
-3.250000,-1.550000,
-3.200000,-1.550000,
-3.150000,-1.550000,
-3.100000,-1.550000,0.021486
-3.050000,-1.550000,0.024492
-3.000000,-1.550000,0.026236
-2.950000,-1.550000,0.026721
-2.900000,-1.550000,0.056853
-2.850000,-1.550000,0.123089
-2.800000,-1.550000,0.177467
-2.750000,-1.550000,0.223112
-2.700000,-1.550000,0.261841
-2.650000,-1.550000,0.294816
-2.600000,-1.550000,0.322827
-2.550000,-1.550000,0.346435
-2.500000,-1.550000,0.366049
-2.450000,-1.550000,0.381971
-2.400000,-1.550000,0.394423
-2.350000,-1.550000,0.403567
-2.300000,-1.550000,0.409516
-2.250000,-1.550000,0.412340
-2.200000,-1.550000,0.412071
-2.150000,-1.550000,0.408707
-2.100000,-1.550000,0.402209
-2.050000,-1.550000,0.392499
-2.000000,-1.550000,0.379456
-1.950000,-1.550000,0.362910
-1.900000,-1.550000,0.342625
-1.850000,-1.550000,0.318284
-1.800000,-1.550000,0.289455
-1.750000,-1.550000,0.255544
-1.700000,-1.550000,0.215709
-1.650000,-1.550000,0.168700
-1.600000,-1.550000,0.112537
-1.550000,-1.550000,0.043739
-1.500000,-1.550000,-0.045019
-1.450000,-1.550000,-0.176623
-1.400000,-1.550000,-0.342996
-1.350000,-1.550000,-0.367627
-1.300000,-1.550000,-0.394479
-1.250000,-1.550000,-0.423686
-1.200000,-1.550000,-0.455399
-1.150000,-1.550000,-0.489803
-1.100000,-1.550000,-0.527118
-1.050000,-1.550000,-0.567609
-1.000000,-1.550000,-0.611603
-0.950000,-1.550000,-0.659509
-0.900000,-1.550000,-0.711849
-0.850000,-1.550000,-0.769301
-0.800000,-1.550000,-0.832786
-0.750000,-1.550000,-0.903596
-0.700000,-1.550000,-0.983657
-0.650000,-1.550000,-1.042890
-0.600000,-1.550000,-1.013902
-0.550000,-1.550000,-0.987896
-0.500000,-1.550000,-0.964669
-0.450000,-1.550000,-0.944054
-0.400000,-1.550000,-0.925914
-0.350000,-1.550000,-0.910137
-0.300000,-1.550000,-0.896630
-0.250000,-1.550000,-0.885317
-0.200000,-1.550000,-0.876139
-0.150000,-1.550000,-0.869047
-0.100000,-1.550000,-0.864006
-0.050000,-1.550000,-0.860992
-0.000000,-1.550000,-0.859988
0.050000,-1.550000,-0.860992
0.100000,-1.550000,-0.864006
0.150000,-1.550000,-0.869047
0.200000,-1.550000,-0.876139
0.250000,-1.550000,-0.885317
0.300000,-1.550000,-0.896630
0.350000,-1.550000,-0.910137
0.400000,-1.550000,-0.925914
0.450000,-1.550000,-0.944054
0.500000,-1.550000,-0.964669
0.550000,-1.550000,-0.987896
0.600000,-1.550000,-1.013902
0.650000,-1.550000,-1.042890
0.700000,-1.550000,-1.075112
0.750000,-1.550000,-1.110881
0.800000,-1.550000,-1.150596
0.850000,-1.550000,-1.194773
0.900000,-1.550000,-1.244097
0.950000,-1.550000,-1.299511
1.000000,-1.550000,-1.362375
1.050000,-1.550000,-1.434776
1.100000,-1.550000,-1.520240
1.150000,-1.550000,-1.625681
1.200000,-1.550000,-1.769354
1.250000,-1.550000,-2.074455
1.300000,-1.550000,-2.085139
1.350000,-1.550000,-2.099098
1.400000,-1.550000,-2.116506
1.450000,-1.550000,-2.137603
1.500000,-1.550000,-2.162705
1.550000,-1.550000,-2.113815
1.600000,-1.550000,-2.038537
1.650000,-1.550000,-1.970176
1.700000,-1.550000,-1.907587
1.750000,-1.550000,-1.849935
1.800000,-1.550000,-1.796588
1.850000,-1.550000,-1.747053
1.900000,-1.550000,-1.700938
1.950000,-1.550000,-1.657927
2.000000,-1.550000,-1.617757
2.050000,-1.550000,-1.580209
2.100000,-1.550000,-1.545100
2.150000,-1.550000,-1.493291
2.200000,-1.550000,-1.438364
2.250000,-1.550000,-1.387840
2.300000,-1.550000,-1.341206
2.350000,-1.550000,-1.298055
2.400000,-1.550000,-1.258060
2.450000,-1.550000,-1.220954
2.500000,-1.550000,-1.186516
2.550000,-1.550000,-1.154560
2.600000,-1.550000,-1.124929
2.650000,-1.550000,-1.097488
2.700000,-1.550000,-1.072123
2.750000,-1.550000,-1.048733
2.800000,-1.550000,-1.027234
2.850000,-1.550000,-1.007550
2.900000,-1.550000,-0.989617
2.950000,-1.550000,-0.973377
3.000000,-1.550000,
3.050000,-1.550000,
3.100000,-1.550000,
3.150000,-1.550000,
3.200000,-1.550000,
3.250000,-1.550000,
3.300000,-1.550000,
3.350000,-1.550000,
3.400000,-1.550000,
3.450000,-1.550000,
3.500000,-1.550000,
-3.500000,-1.500000,
-3.450000,-1.500000,
-3.400000,-1.500000,
-3.350000,-1.500000,
-3.300000,-1.500000,
-3.250000,-1.500000,
-3.200000,-1.500000,
-3.150000,-1.500000,0.018054
-3.100000,-1.500000,0.022325
-3.050000,-1.500000,0.025330
-3.000000,-1.500000,0.027073
-2.950000,-1.500000,0.027558
-2.900000,-1.500000,0.026786
-2.850000,-1.500000,0.024756
-2.800000,-1.500000,0.021463
-2.750000,-1.500000,0.050799
-2.700000,-1.500000,0.103046
-2.650000,-1.500000,0.145748
-2.600000,-1.500000,0.181023
-2.550000,-1.500000,0.210167
-2.500000,-1.500000,0.234028
-2.450000,-1.500000,0.253189
-2.400000,-1.500000,0.268055
-2.350000,-1.500000,0.278910
-2.300000,-1.500000,0.285945
-2.250000,-1.500000,0.289277
-2.200000,-1.500000,0.288960
-2.150000,-1.500000,0.284989
-2.100000,-1.500000,0.277300
-2.050000,-1.500000,0.265764
-2.000000,-1.500000,0.250174
-1.950000,-1.500000,0.230229
-1.900000,-1.500000,0.205496
-1.850000,-1.500000,0.175356
-1.800000,-1.500000,0.138899
-1.750000,-1.500000,0.094721
-1.700000,-1.500000,0.040493
-1.650000,-1.500000,-0.028188
-1.600000,-1.500000,-0.121925
-1.550000,-1.500000,-0.295136
-1.500000,-1.500000,-0.340934
-1.450000,-1.500000,-0.362026
-1.400000,-1.500000,-0.385212
-1.350000,-1.500000,-0.410595
-1.300000,-1.500000,-0.438301
-1.250000,-1.500000,-0.468474
-1.200000,-1.500000,-0.501288
-1.150000,-1.500000,-0.536950
-1.100000,-1.500000,-0.575711
-1.050000,-1.500000,-0.617877
-1.000000,-1.500000,-0.663831
-0.950000,-1.500000,-0.714058
-0.900000,-1.500000,-0.769186
-0.850000,-1.500000,-0.830059
-0.800000,-1.500000,-0.897851
-0.750000,-1.500000,-0.974280
-0.700000,-1.500000,-1.003653
-0.650000,-1.500000,-0.973462
-0.600000,-1.500000,-0.946207
-0.550000,-1.500000,-0.921687
-0.500000,-1.500000,-0.899733
-0.450000,-1.500000,-0.880209
-0.400000,-1.500000,-0.863000
-0.350000,-1.500000,-0.848012
-0.300000,-1.500000,-0.835164
-0.250000,-1.500000,-0.824394
-0.200000,-1.500000,-0.815649
-0.150000,-1.500000,-0.808887
-0.100000,-1.500000,-0.804080
-0.050000,-1.500000,-0.801203
-0.000000,-1.500000,-0.800246
0.050000,-1.500000,-0.801203
0.100000,-1.500000,-0.804080
0.150000,-1.500000,-0.808887
0.200000,-1.500000,-0.815649
0.250000,-1.500000,-0.824394
0.300000,-1.500000,-0.835164
0.350000,-1.500000,-0.848012
0.400000,-1.500000,-0.863000
0.450000,-1.500000,-0.880209
0.500000,-1.500000,-0.899733
0.550000,-1.500000,-0.921687
0.600000,-1.500000,-0.946207
0.650000,-1.500000,-0.973462
0.700000,-1.500000,-1.003653
0.750000,-1.500000,-1.037029
0.800000,-1.500000,-1.073900
0.850000,-1.500000,-1.114655
0.900000,-1.500000,-1.159795
0.950000,-1.500000,-1.209983
1.000000,-1.500000,-1.266122
1.050000,-1.500000,-1.329501
1.100000,-1.500000,-1.402073
1.150000,-1.500000,-1.487060
1.200000,-1.500000,-1.590562
1.250000,-1.500000,-1.727458
1.300000,-1.500000,-1.979463
1.350000,-1.500000,-2.005172
1.400000,-1.500000,-2.020710
1.450000,-1.500000,-2.039444
1.500000,-1.500000,-2.061587
1.550000,-1.500000,-2.087422
1.600000,-1.500000,-2.060320
1.650000,-1.500000,-1.990671
1.700000,-1.500000,-1.927031
1.750000,-1.500000,-1.868502
1.800000,-1.500000,-1.814411
1.850000,-1.500000,-1.764237
1.900000,-1.500000,-1.717569
1.950000,-1.500000,-1.674072
2.000000,-1.500000,-1.633473
2.050000,-1.500000,-1.574407
2.100000,-1.500000,-1.511061
2.150000,-1.500000,-1.453198
2.200000,-1.500000,-1.400048
2.250000,-1.500000,-1.351027
2.300000,-1.500000,-1.305680
2.350000,-1.500000,-1.263644
2.400000,-1.500000,-1.224622
2.450000,-1.500000,-1.188372
2.500000,-1.500000,-1.154690
2.550000,-1.500000,-1.123405
2.600000,-1.500000,-1.094371
2.650000,-1.500000,-1.067464
2.700000,-1.500000,-1.042576
2.750000,-1.500000,-1.019613
2.800000,-1.500000,-0.998496
2.850000,-1.500000,-0.979153
2.900000,-1.500000,-0.961523
2.950000,-1.500000,-0.945553
3.000000,-1.500000,-0.931195
3.050000,-1.500000,
3.100000,-1.500000,
3.150000,-1.500000,
3.200000,-1.500000,
3.250000,-1.500000,
3.300000,-1.500000,
3.350000,-1.500000,
3.400000,-1.500000,
3.450000,-1.500000,
3.500000,-1.500000,
-3.500000,-1.450000,
-3.450000,-1.450000,
-3.400000,-1.450000,
-3.350000,-1.450000,
-3.300000,-1.450000,
-3.250000,-1.450000,
-3.200000,-1.450000,
-3.150000,-1.450000,0.017631
-3.100000,-1.450000,0.021904
-3.050000,-1.450000,0.024909
-3.000000,-1.450000,0.026653
-2.950000,-1.450000,0.027138
-2.900000,-1.450000,0.026366
-2.850000,-1.450000,0.024335
-2.800000,-1.450000,0.021042
-2.750000,-1.450000,0.016479
-2.700000,-1.450000,0.010638
-2.650000,-1.450000,0.003508
-2.600000,-1.450000,-0.004925
-2.550000,-1.450000,0.026847
-2.500000,-1.450000,0.060366
-2.450000,-1.450000,0.086453
-2.400000,-1.450000,0.106264
-2.350000,-1.450000,0.120521
-2.300000,-1.450000,0.129674
-2.250000,-1.450000,0.133987
-2.200000,-1.450000,0.133577
-2.150000,-1.450000,0.128435
-2.100000,-1.450000,0.118418
-2.050000,-1.450000,0.103233
-2.000000,-1.450000,0.082391
-1.950000,-1.450000,0.055110
-1.900000,-1.450000,0.020131
-1.850000,-1.450000,-0.024709
-1.800000,-1.450000,-0.083607
-1.750000,-1.450000,-0.167108
-1.700000,-1.450000,-0.317861
-1.650000,-1.450000,-0.331751
-1.600000,-1.450000,-0.347506
-1.550000,-1.450000,-0.365186
-1.500000,-1.450000,-0.384864
-1.450000,-1.450000,-0.406626
-1.400000,-1.450000,-0.430571
-1.350000,-1.450000,-0.456817
-1.300000,-1.450000,-0.485503
-1.250000,-1.450000,-0.516793
-1.200000,-1.450000,-0.550884
-1.150000,-1.450000,-0.588015
-1.100000,-1.450000,-0.628477
-1.050000,-1.450000,-0.672630
-1.000000,-1.450000,-0.720932
-0.950000,-1.450000,-0.773974
-0.900000,-1.450000,-0.832541
-0.850000,-1.450000,-0.897719
-0.800000,-1.450000,-0.971083
-0.750000,-1.450000,-0.970157
-0.700000,-1.450000,-0.938690
-0.650000,-1.450000,-0.910137
-0.600000,-1.450000,-0.884294
-0.550000,-1.450000,-0.860992
-0.500000,-1.450000,-0.840090
-0.450000,-1.450000,-0.821472
-0.400000,-1.450000,-0.805040
-0.350000,-1.450000,-0.790711
-0.300000,-1.450000,-0.778418
-0.250000,-1.450000,-0.768104
-0.200000,-1.450000,-0.759724
-0.150000,-1.450000,-0.753242
-0.100000,-1.450000,-0.748632
-0.050000,-1.450000,-0.745873
-0.000000,-1.450000,-0.744954
0.050000,-1.450000,-0.745873
0.100000,-1.450000,-0.748632
0.150000,-1.450000,-0.753242
0.200000,-1.450000,-0.759724
0.250000,-1.450000,-0.768104
0.300000,-1.450000,-0.778418
0.350000,-1.450000,-0.790711
0.400000,-1.450000,-0.805040
0.450000,-1.450000,-0.821472
0.500000,-1.450000,-0.840090
0.550000,-1.450000,-0.860992
0.600000,-1.450000,-0.884294
0.650000,-1.450000,-0.910137
0.700000,-1.450000,-0.938690
0.750000,-1.450000,-0.970157
0.800000,-1.450000,-1.004787
0.850000,-1.450000,-1.042890
0.900000,-1.450000,-1.084854
0.950000,-1.450000,-1.131177
1.000000,-1.450000,-1.182516
1.050000,-1.450000,-1.239759
1.100000,-1.450000,-1.304172
1.150000,-1.450000,-1.377651
1.200000,-1.450000,-1.463298
1.250000,-1.450000,-1.566875
1.300000,-1.450000,-1.701931
1.350000,-1.450000,-1.922814
1.400000,-1.450000,-1.937016
1.450000,-1.450000,-1.954083
1.500000,-1.450000,-1.974174
1.550000,-1.450000,-1.997491
1.600000,-1.450000,-2.024293
1.650000,-1.450000,-2.013738
1.700000,-1.450000,-1.948873
1.750000,-1.450000,-1.889327
1.800000,-1.450000,-1.834378
1.850000,-1.450000,-1.783470
1.900000,-1.450000,-1.736165
1.950000,-1.450000,-1.675130
2.000000,-1.450000,-1.600759
2.050000,-1.450000,-1.533633
2.100000,-1.450000,-1.472500
2.150000,-1.450000,-1.416462
2.200000,-1.450000,-1.364844
2.250000,-1.450000,-1.317128
2.300000,-1.450000,-1.272907
2.350000,-1.450000,-1.231849
2.400000,-1.450000,-1.193686
2.450000,-1.450000,-1.158193
2.500000,-1.450000,-1.125183
2.550000,-1.450000,-1.094495
2.600000,-1.450000,-1.065996
2.650000,-1.450000,-1.039566
2.700000,-1.450000,-1.015105
2.750000,-1.450000,-0.992526
2.800000,-1.450000,-0.971752
2.850000,-1.450000,-0.952716
2.900000,-1.450000,-0.935359
2.950000,-1.450000,-0.919632
3.000000,-1.450000,-0.905490
3.050000,-1.450000,-0.892893
3.100000,-1.450000,
3.150000,-1.450000,
3.200000,-1.450000,
3.250000,-1.450000,
3.300000,-1.450000,
3.350000,-1.450000,
3.400000,-1.450000,
3.450000,-1.450000,
3.500000,-1.450000,
-3.500000,-1.400000,
-3.450000,-1.400000,
-3.400000,-1.400000,
-3.350000,-1.400000,
-3.300000,-1.400000,
-3.250000,-1.400000,
-3.200000,-1.400000,0.010392
-3.150000,-1.400000,0.015945
-3.100000,-1.400000,0.020222
-3.050000,-1.400000,0.023230
-3.000000,-1.400000,0.024975
-2.950000,-1.400000,0.025460
-2.900000,-1.400000,0.024688
-2.850000,-1.400000,0.022655
-2.800000,-1.400000,0.019358
-2.750000,-1.400000,0.014792
-2.700000,-1.400000,0.008946
-2.650000,-1.400000,0.001810
-2.600000,-1.400000,-0.006630
-2.550000,-1.400000,-0.016392
-2.500000,-1.400000,-0.027496
-2.450000,-1.400000,-0.039964
-2.400000,-1.400000,-0.053824
-2.350000,-1.400000,-0.069106
-2.300000,-1.400000,-0.085845
-2.250000,-1.400000,-0.100378
-2.200000,-1.400000,-0.101111
-2.150000,-1.400000,-0.110428
-2.100000,-1.400000,-0.129224
-2.050000,-1.400000,-0.159735
-2.000000,-1.400000,-0.207527
-1.950000,-1.400000,-0.247860
-1.900000,-1.400000,-0.278203
-1.850000,-1.400000,-0.310618
-1.800000,-1.400000,-0.339747
-1.750000,-1.400000,-0.350376
-1.700000,-1.400000,-0.362831
-1.650000,-1.400000,-0.377164
-1.600000,-1.400000,-0.393430
-1.550000,-1.400000,-0.411698
-1.500000,-1.400000,-0.432050
-1.450000,-1.400000,-0.454579
-1.400000,-1.400000,-0.479399
-1.350000,-1.400000,-0.506642
-1.300000,-1.400000,-0.536467
-1.250000,-1.400000,-0.569061
-1.200000,-1.400000,-0.604653
-1.150000,-1.400000,-0.643522
-1.100000,-1.400000,-0.686013
-1.050000,-1.400000,-0.732563
-1.000000,-1.400000,-0.783734
-0.950000,-1.400000,-0.840271
-0.900000,-1.400000,-0.903199
-0.850000,-1.400000,-0.973993
-0.800000,-1.400000,-0.941906
-0.750000,-1.400000,-0.909092
-0.700000,-1.400000,-0.879190
-0.650000,-1.400000,-0.851991
-0.600000,-1.400000,-0.827322
-0.550000,-1.400000,-0.805040
-0.500000,-1.400000,-0.785023
-0.450000,-1.400000,-0.767170
-0.400000,-1.400000,-0.751396
-0.350000,-1.400000,-0.737629
-0.300000,-1.400000,-0.725808
-0.250000,-1.400000,-0.715885
-0.200000,-1.400000,-0.707818
-0.150000,-1.400000,-0.701575
-0.100000,-1.400000,-0.697134
-0.050000,-1.400000,-0.694475
-0.000000,-1.400000,-0.693590
0.050000,-1.400000,-0.694475
0.100000,-1.400000,-0.697134
0.150000,-1.400000,-0.701575
0.200000,-1.400000,-0.707818
0.250000,-1.400000,-0.715885
0.300000,-1.400000,-0.725808
0.350000,-1.400000,-0.737629
0.400000,-1.400000,-0.751396
0.450000,-1.400000,-0.767170
0.500000,-1.400000,-0.785023
0.550000,-1.400000,-0.805040
0.600000,-1.400000,-0.827322
0.650000,-1.400000,-0.851991
0.700000,-1.400000,-0.879190
0.750000,-1.400000,-0.909092
0.800000,-1.400000,-0.941906
0.850000,-1.400000,-0.977883
0.900000,-1.400000,-1.017340
0.950000,-1.400000,-1.060668
1.000000,-1.400000,-1.108373
1.050000,-1.400000,-1.161116
1.100000,-1.400000,-1.219797
1.150000,-1.400000,-1.285687
1.200000,-1.400000,-1.360696
1.250000,-1.400000,-1.447933
1.300000,-1.400000,-1.553150
1.350000,-1.400000,-1.689753
1.400000,-1.400000,-1.862480
1.450000,-1.400000,-1.878296
1.500000,-1.400000,-1.896861
1.550000,-1.400000,-1.918332
1.600000,-1.400000,-1.942905
1.650000,-1.400000,-1.970828
1.700000,-1.400000,-1.973247
1.750000,-1.400000,-1.912526
1.800000,-1.400000,-1.856589
1.850000,-1.400000,-1.802517
1.900000,-1.400000,-1.712382
1.950000,-1.400000,-1.632757
2.000000,-1.400000,-1.561307
2.050000,-1.400000,-1.496498
2.100000,-1.400000,-1.437254
2.150000,-1.400000,-1.382787
2.200000,-1.400000,-1.332500
2.250000,-1.400000,-1.285925
2.300000,-1.400000,-1.242692
2.350000,-1.400000,-1.202498
2.400000,-1.400000,-1.165095
2.450000,-1.400000,-1.130274
2.500000,-1.400000,-1.097862
2.550000,-1.400000,-1.067709
2.600000,-1.400000,-1.039686
2.650000,-1.400000,-1.013684
2.700000,-1.400000,-0.989608
2.750000,-1.400000,-0.967373
2.800000,-1.400000,-0.946908
2.850000,-1.400000,-0.928148
2.900000,-1.400000,-0.911039
2.950000,-1.400000,-0.895531
3.000000,-1.400000,-0.881582
3.050000,-1.400000,-0.869156
3.100000,-1.400000,
3.150000,-1.400000,
3.200000,-1.400000,
3.250000,-1.400000,
3.300000,-1.400000,
3.350000,-1.400000,
3.400000,-1.400000,
3.450000,-1.400000,
3.500000,-1.400000,
-3.500000,-1.350000,
-3.450000,-1.350000,
-3.400000,-1.350000,
-3.350000,-1.350000,
-3.300000,-1.350000,
-3.250000,-1.350000,
-3.200000,-1.350000,0.007431
-3.150000,-1.350000,0.012992
-3.100000,-1.350000,0.017275
-3.050000,-1.350000,0.020287
-3.000000,-1.350000,0.022035
-2.950000,-1.350000,0.022521
-2.900000,-1.350000,0.021747
-2.850000,-1.350000,0.019712
-2.800000,-1.350000,0.016410
-2.750000,-1.350000,0.011837
-2.700000,-1.350000,0.005982
-2.650000,-1.350000,-0.001165
-2.600000,-1.350000,-0.009618
-2.550000,-1.350000,-0.019395
-2.500000,-1.350000,-0.030516
-2.450000,-1.350000,-0.043004
-2.400000,-1.350000,-0.056886
-2.350000,-1.350000,-0.072193
-2.300000,-1.350000,-0.088959
-2.250000,-1.350000,-0.107225
-2.200000,-1.350000,-0.127035
-2.150000,-1.350000,-0.148439
-2.100000,-1.350000,-0.171496
-2.050000,-1.350000,-0.196269
-2.000000,-1.350000,-0.222832
-1.950000,-1.350000,-0.251269
-1.900000,-1.350000,-0.281674
-1.850000,-1.350000,-0.314157
-1.800000,-1.350000,-0.348842
-1.750000,-1.350000,-0.385877
-1.700000,-1.350000,-0.411075
-1.650000,-1.350000,-0.425913
-1.600000,-1.350000,-0.442767
-1.550000,-1.350000,-0.461713
-1.500000,-1.350000,-0.482842
-1.450000,-1.350000,-0.506262
-1.400000,-1.350000,-0.532100
-1.350000,-1.350000,-0.560509
-1.300000,-1.350000,-0.591672
-1.250000,-1.350000,-0.625809
-1.200000,-1.350000,-0.663189
-1.150000,-1.350000,-0.704149
-1.100000,-1.350000,-0.749109
-1.050000,-1.350000,-0.798613
-1.000000,-1.350000,-0.853381
-0.950000,-1.350000,-0.914397
-0.900000,-1.350000,-0.955944
-0.850000,-1.350000,-0.918525
-0.800000,-1.350000,-0.884294
-0.750000,-1.350000,-0.852988
-0.700000,-1.350000,-0.824394
-0.650000,-1.350000,-0.798333
-0.600000,-1.350000,-0.774658
-0.550000,-1.350000,-0.753242
-0.500000,-1.350000,-0.733981
-0.450000,-1.350000,-0.716784
-0.400000,-1.350000,-0.701575
-0.350000,-1.350000,-0.688292
-0.300000,-1.350000,-0.676879
-0.250000,-1.350000,-0.667293
-0.200000,-1.350000,-0.659497
-0.150000,-1.350000,-0.653462
-0.100000,-1.350000,-0.649167
-0.050000,-1.350000,-0.646596
-0.000000,-1.350000,-0.645740
0.050000,-1.350000,-0.646596
0.100000,-1.350000,-0.649167
0.150000,-1.350000,-0.653462
0.200000,-1.350000,-0.659497
0.250000,-1.350000,-0.667293
0.300000,-1.350000,-0.676879
0.350000,-1.350000,-0.688292
0.400000,-1.350000,-0.701575
0.450000,-1.350000,-0.716784
0.500000,-1.350000,-0.733981
0.550000,-1.350000,-0.753242
0.600000,-1.350000,-0.774658
0.650000,-1.350000,-0.798333
0.700000,-1.350000,-0.824394
0.750000,-1.350000,-0.852988
0.800000,-1.350000,-0.884294
0.850000,-1.350000,-0.918525
0.900000,-1.350000,-0.955944
0.950000,-1.350000,-0.996873
1.000000,-1.350000,-1.041715
1.050000,-1.350000,-1.090990
1.100000,-1.350000,-1.145380
1.150000,-1.350000,-1.205809
1.200000,-1.350000,-1.273593
1.250000,-1.350000,-1.350706
1.300000,-1.350000,-1.440383
1.350000,-1.350000,-1.548649
1.400000,-1.350000,-1.689753
1.450000,-1.350000,-1.810074
1.500000,-1.350000,-1.827453
1.550000,-1.350000,-1.847502
1.600000,-1.350000,-1.870377
1.650000,-1.350000,-1.896271
1.700000,-1.350000,-1.925428
1.750000,-1.350000,-1.868723
1.800000,-1.350000,-1.817756
1.850000,-1.350000,-1.756851
1.900000,-1.350000,-1.670961
1.950000,-1.350000,-1.594490
2.000000,-1.350000,-1.525495
2.050000,-1.350000,-1.462658
2.100000,-1.350000,-1.405038
2.150000,-1.350000,-1.351935
2.200000,-1.350000,-1.302808
2.250000,-1.350000,-1.257234
2.300000,-1.350000,-1.214872
2.350000,-1.350000,-1.175442
2.400000,-1.350000,-1.138714
2.450000,-1.350000,-1.104492
2.500000,-1.350000,-1.072613
2.550000,-1.350000,-1.042937
2.600000,-1.350000,-1.015342
2.650000,-1.350000,-0.989724
2.700000,-1.350000,-0.965993
2.750000,-1.350000,-0.944068
2.800000,-1.350000,-0.923881
2.850000,-1.350000,-0.905370
2.900000,-1.350000,-0.888483
2.950000,-1.350000,-0.873174
3.000000,-1.350000,-0.859400
3.050000,-1.350000,-0.847128
3.100000,-1.350000,-0.836325
3.150000,-1.350000,
3.200000,-1.350000,
3.250000,-1.350000,
3.300000,-1.350000,
3.350000,-1.350000,
3.400000,-1.350000,
3.450000,-1.350000,
3.500000,-1.350000,
-3.500000,-1.300000,
-3.450000,-1.300000,
-3.400000,-1.300000,
-3.350000,-1.300000,
-3.300000,-1.300000,
-3.250000,-1.300000,
-3.200000,-1.300000,0.003192
-3.150000,-1.300000,0.008766
-3.100000,-1.300000,0.013058
-3.050000,-1.300000,0.016076
-3.000000,-1.300000,0.017828
-2.950000,-1.300000,0.018315
-2.900000,-1.300000,0.017540
-2.850000,-1.300000,0.015500
-2.800000,-1.300000,0.012191
-2.750000,-1.300000,0.007608
-2.700000,-1.300000,0.001741
-2.650000,-1.300000,-0.005421
-2.600000,-1.300000,-0.013893
-2.550000,-1.300000,-0.023692
-2.500000,-1.300000,-0.034838
-2.450000,-1.300000,-0.047354
-2.400000,-1.300000,-0.061268
-2.350000,-1.300000,-0.076610
-2.300000,-1.300000,-0.093416
-2.250000,-1.300000,-0.111726
-2.200000,-1.300000,-0.131584
-2.150000,-1.300000,-0.153043
-2.100000,-1.300000,-0.176159
-2.050000,-1.300000,-0.200997
-2.000000,-1.300000,-0.227633
-1.950000,-1.300000,-0.256150
-1.900000,-1.300000,-0.286643
-1.850000,-1.300000,-0.319225
-1.800000,-1.300000,-0.354020
-1.750000,-1.300000,-0.391176
-1.700000,-1.300000,-0.430866
-1.650000,-1.300000,-0.473292
-1.600000,-1.300000,-0.495907
-1.550000,-1.300000,-0.515642
-1.500000,-1.300000,-0.537680
-1.450000,-1.300000,-0.562144
-1.400000,-1.300000,-0.589183
-1.350000,-1.300000,-0.618974
-1.300000,-1.300000,-0.651734
-1.250000,-1.300000,-0.687727
-1.200000,-1.300000,-0.727281
-1.150000,-1.300000,-0.770810
-1.100000,-1.300000,-0.818847
-1.050000,-1.300000,-0.872099
-1.000000,-1.300000,-0.931534
-0.950000,-1.300000,-0.938690
-0.900000,-1.300000,-0.899733
-0.850000,-1.300000,-0.864006
-0.800000,-1.300000,-0.831237
-0.750000,-1.300000,-0.801203
-0.700000,-1.300000,-0.773720
-0.650000,-1.300000,-0.748632
-0.600000,-1.300000,-0.725808
-0.550000,-1.300000,-0.705139
-0.500000,-1.300000,-0.686530
-0.450000,-1.300000,-0.669901
-0.400000,-1.300000,-0.655184
-0.350000,-1.300000,-0.642321
-0.300000,-1.300000,-0.631264
-0.250000,-1.300000,-0.621972
-0.200000,-1.300000,-0.614413
-0.150000,-1.300000,-0.608559
-0.100000,-1.300000,-0.604393
-0.050000,-1.300000,-0.601898
-0.000000,-1.300000,-0.601068
0.050000,-1.300000,-0.601898
0.100000,-1.300000,-0.604393
0.150000,-1.300000,-0.608559
0.200000,-1.300000,-0.614413
0.250000,-1.300000,-0.621972
0.300000,-1.300000,-0.631264
0.350000,-1.300000,-0.642321
0.400000,-1.300000,-0.655184
0.450000,-1.300000,-0.669901
0.500000,-1.300000,-0.686530
0.550000,-1.300000,-0.705139
0.600000,-1.300000,-0.725808
0.650000,-1.300000,-0.748632
0.700000,-1.300000,-0.773720
0.750000,-1.300000,-0.801203
0.800000,-1.300000,-0.831237
0.850000,-1.300000,-0.864006
0.900000,-1.300000,-0.899733
0.950000,-1.300000,-0.938690
1.000000,-1.300000,-0.981211
1.050000,-1.300000,-1.027719
1.100000,-1.300000,-1.078754
1.150000,-1.300000,-1.135030
1.200000,-1.300000,-1.197520
1.250000,-1.300000,-1.267610
1.300000,-1.300000,-1.347405
1.350000,-1.300000,-1.440383
1.400000,-1.300000,-1.553150
1.450000,-1.300000,-1.701931
1.500000,-1.300000,-1.764495
1.550000,-1.300000,-1.783409
1.600000,-1.300000,-1.804939
1.650000,-1.300000,-1.829243
1.700000,-1.300000,-1.795329
1.750000,-1.300000,-1.745987
1.800000,-1.300000,-1.702744
1.850000,-1.300000,-1.664661
1.900000,-1.300000,-1.631068
1.950000,-1.300000,-1.559893
2.000000,-1.300000,-1.492980
2.050000,-1.300000,-1.431835
2.100000,-1.300000,-1.375621
2.150000,-1.300000,-1.323705
2.200000,-1.300000,-1.275595
2.250000,-1.300000,-1.230903
2.300000,-1.300000,-1.189310
2.350000,-1.300000,-1.150557
2.400000,-1.300000,-1.114428
2.450000,-1.300000,-1.080740
2.500000,-1.300000,-1.049338
2.550000,-1.300000,-1.020088
2.600000,-1.300000,-0.992877
2.650000,-1.300000,-0.967603
2.700000,-1.300000,-0.944181
2.750000,-1.300000,-0.922535
2.800000,-1.300000,-0.902598
2.850000,-1.300000,-0.884312
2.900000,-1.300000,-0.867626
2.950000,-1.300000,-0.852495
3.000000,-1.300000,-0.838880
3.050000,-1.300000,-0.826747
3.100000,-1.300000,-0.816065
3.150000,-1.300000,
3.200000,-1.300000,
3.250000,-1.300000,
3.300000,-1.300000,
3.350000,-1.300000,
3.400000,-1.300000,
3.450000,-1.300000,
3.500000,-1.300000,
-3.500000,-1.250000,
-3.450000,-1.250000,
-3.400000,-1.250000,
-3.350000,-1.250000,
-3.300000,-1.250000,
-3.250000,-1.250000,0.021220
-3.200000,-1.250000,-0.002331
-3.150000,-1.250000,0.003258
-3.100000,-1.250000,0.007562
-3.050000,-1.250000,0.010589
-3.000000,-1.250000,0.012346
-2.950000,-1.250000,0.012834
-2.900000,-1.250000,0.012057
-2.850000,-1.250000,0.010011
-2.800000,-1.250000,0.006693
-2.750000,-1.250000,0.002097
-2.700000,-1.250000,-0.003786
-2.650000,-1.250000,-0.010969
-2.600000,-1.250000,-0.019465
-2.550000,-1.250000,-0.029292
-2.500000,-1.250000,-0.040470
-2.450000,-1.250000,-0.053023
-2.400000,-1.250000,-0.066979
-2.350000,-1.250000,-0.082367
-2.300000,-1.250000,-0.099226
-2.250000,-1.250000,-0.117593
-2.200000,-1.250000,-0.137516
-2.150000,-1.250000,-0.159045
-2.100000,-1.250000,-0.182238
-2.050000,-1.250000,-0.207163
-2.000000,-1.250000,-0.233894
-1.950000,-1.250000,-0.262516
-1.900000,-1.250000,-0.293126
-1.850000,-1.250000,-0.325836
-1.800000,-1.250000,-0.360775
-1.750000,-1.250000,-0.398092
-1.700000,-1.250000,-0.437962
-1.650000,-1.250000,-0.480591
-1.600000,-1.250000,-0.526226
-1.550000,-1.250000,-0.574006
-1.500000,-1.250000,-0.597120
-1.450000,-1.250000,-0.622828
-1.400000,-1.250000,-0.651305
-1.350000,-1.250000,-0.682765
-1.300000,-1.250000,-0.717469
-1.250000,-1.250000,-0.755744
-1.200000,-1.250000,-0.798003
-1.150000,-1.250000,-0.844778
-1.100000,-1.250000,-0.896778
-1.050000,-1.250000,-0.954977
-1.000000,-1.250000,-0.925914
-0.950000,-1.250000,-0.885317
-0.900000,-1.250000,-0.848012
-0.850000,-1.250000,-0.813713
-0.800000,-1.250000,-0.782188
-0.750000,-1.250000,-0.753242
-0.700000,-1.250000,-0.726714
-0.650000,-1.250000,-0.702465
-0.600000,-1.250000,-0.680381
-0.550000,-1.250000,-0.660361
-0.500000,-1.250000,-0.642321
-0.450000,-1.250000,-0.626188
-0.400000,-1.250000,-0.611901
-0.350000,-1.250000,-0.599408
-0.300000,-1.250000,-0.588663
-0.250000,-1.250000,-0.579631
-0.200000,-1.250000,-0.572280
-0.150000,-1.250000,-0.566587
-0.100000,-1.250000,-0.562534
-0.050000,-1.250000,-0.560107
-0.000000,-1.250000,-0.559298
0.050000,-1.250000,-0.560107
0.100000,-1.250000,-0.562534
0.150000,-1.250000,-0.566587
0.200000,-1.250000,-0.572280
0.250000,-1.250000,-0.579631
0.300000,-1.250000,-0.588663
0.350000,-1.250000,-0.599408
0.400000,-1.250000,-0.611901
0.450000,-1.250000,-0.626188
0.500000,-1.250000,-0.642321
0.550000,-1.250000,-0.660361
0.600000,-1.250000,-0.680381
0.650000,-1.250000,-0.702465
0.700000,-1.250000,-0.726714
0.750000,-1.250000,-0.753242
0.800000,-1.250000,-0.782188
0.850000,-1.250000,-0.813713
0.900000,-1.250000,-0.848012
0.950000,-1.250000,-0.885317
1.000000,-1.250000,-0.925914
1.050000,-1.250000,-0.970157
1.100000,-1.250000,-1.018488
1.150000,-1.250000,-1.071482
1.200000,-1.250000,-1.129896
1.250000,-1.250000,-1.194773
1.300000,-1.250000,-1.267610
1.350000,-1.250000,-1.350706
1.400000,-1.250000,-1.447933
1.450000,-1.250000,-1.566875
1.500000,-1.250000,-1.706962
1.550000,-1.250000,-1.724945
1.600000,-1.250000,-1.745381
1.650000,-1.250000,-1.735248
1.700000,-1.250000,-1.686471
1.750000,-1.250000,-1.643312
1.800000,-1.250000,-1.604968
1.850000,-1.250000,-1.570847
1.900000,-1.250000,-1.540503
1.950000,-1.250000,-1.513590
2.000000,-1.250000,-1.463488
2.050000,-1.250000,-1.403803
2.100000,-1.250000,-1.348810
2.150000,-1.250000,-1.297932
2.200000,-1.250000,-1.250716
2.250000,-1.250000,-1.206800
2.300000,-1.250000,-1.165887
2.350000,-1.250000,-1.127736
2.400000,-1.250000,-1.092140
2.450000,-1.250000,-1.058927
2.500000,-1.250000,-1.027950
2.550000,-1.250000,-0.999082
2.600000,-1.250000,-0.972213
2.650000,-1.250000,-0.947249
2.700000,-1.250000,-0.924105
2.750000,-1.250000,-0.902709
2.800000,-1.250000,-0.882997
2.850000,-1.250000,-0.864913
2.900000,-1.250000,-0.848408
2.950000,-1.250000,-0.833438
3.000000,-1.250000,-0.819966
3.050000,-1.250000,-0.807958
3.100000,-1.250000,-0.797385
3.150000,-1.250000,-0.788224
3.200000,-1.250000,
3.250000,-1.250000,
3.300000,-1.250000,
3.350000,-1.250000,
3.400000,-1.250000,
3.450000,-1.250000,
3.500000,-1.250000,
-3.500000,-1.200000,
-3.450000,-1.200000,
-3.400000,-1.200000,
-3.350000,-1.200000,
-3.300000,-1.200000,
-3.250000,-1.200000,0.010868
-3.200000,-1.200000,-0.009149
-3.150000,-1.200000,-0.003541
-3.100000,-1.200000,0.000778
-3.050000,-1.200000,0.003815
-3.000000,-1.200000,0.005578
-2.950000,-1.200000,0.006068
-2.900000,-1.200000,0.005288
-2.850000,-1.200000,0.003235
-2.800000,-1.200000,-0.000094
-2.750000,-1.200000,-0.004706
-2.700000,-1.200000,-0.010610
-2.650000,-1.200000,-0.017818
-2.600000,-1.200000,-0.026344
-2.550000,-1.200000,-0.036206
-2.500000,-1.200000,-0.047425
-2.450000,-1.200000,-0.060024
-2.400000,-1.200000,-0.074031
-2.350000,-1.200000,-0.089478
-2.300000,-1.200000,-0.106401
-2.250000,-1.200000,-0.124840
-2.200000,-1.200000,-0.144842
-2.150000,-1.200000,-0.166459
-2.100000,-1.200000,-0.189750
-2.050000,-1.200000,-0.214782
-2.000000,-1.200000,-0.241631
-1.950000,-1.200000,-0.270383
-1.900000,-1.200000,-0.301139
-1.850000,-1.200000,-0.334010
-1.800000,-1.200000,-0.369128
-1.750000,-1.200000,-0.406646
-1.700000,-1.200000,-0.446741
-1.650000,-1.200000,-0.489624
-1.600000,-1.200000,-0.535548
-1.550000,-1.200000,-0.584815
-1.500000,-1.200000,-0.637800
-1.450000,-1.200000,-0.689107
-1.400000,-1.200000,-0.719344
-1.350000,-1.200000,-0.752862
-1.300000,-1.200000,-0.789993
-1.250000,-1.200000,-0.831154
-1.200000,-1.200000,-0.876891
-1.150000,-1.200000,-0.927929
-1.100000,-1.200000,-0.963575
-1.050000,-1.200000,-0.917474
-1.000000,-1.200000,-0.875123
-0.950000,-1.200000,-0.836148
-0.900000,-1.200000,-0.800246
-0.850000,-1.200000,-0.767170
-0.800000,-1.200000,-0.736716
-0.750000,-1.200000,-0.708712
-0.700000,-1.200000,-0.683013
-0.650000,-1.200000,-0.659497
-0.600000,-1.200000,-0.638058
-0.550000,-1.200000,-0.618607
-0.500000,-1.200000,-0.601068
-0.450000,-1.200000,-0.585372
-0.400000,-1.200000,-0.571466
-0.350000,-1.200000,-0.559298
-0.300000,-1.200000,-0.548831
-0.250000,-1.200000,-0.540028
-0.200000,-1.200000,-0.532862
-0.150000,-1.200000,-0.527311
-0.100000,-1.200000,-0.523358
-0.050000,-1.200000,-0.520991
-0.000000,-1.200000,-0.520203
0.050000,-1.200000,-0.520991
0.100000,-1.200000,-0.523358
0.150000,-1.200000,-0.527311
0.200000,-1.200000,-0.532862
0.250000,-1.200000,-0.540028
0.300000,-1.200000,-0.548831
0.350000,-1.200000,-0.559298
0.400000,-1.200000,-0.571466
0.450000,-1.200000,-0.585372
0.500000,-1.200000,-0.601068
0.550000,-1.200000,-0.618607
0.600000,-1.200000,-0.638058
0.650000,-1.200000,-0.659497
0.700000,-1.200000,-0.683013
0.750000,-1.200000,-0.708712
0.800000,-1.200000,-0.736716
0.850000,-1.200000,-0.767170
0.900000,-1.200000,-0.800246
0.950000,-1.200000,-0.836148
1.000000,-1.200000,-0.875123
1.050000,-1.200000,-0.917474
1.100000,-1.200000,-0.963575
1.150000,-1.200000,-1.013902
1.200000,-1.200000,-1.069069
1.250000,-1.200000,-1.129896
1.300000,-1.200000,-1.197520
1.350000,-1.200000,-1.273593
1.400000,-1.200000,-1.360696
1.450000,-1.200000,-1.463298
1.500000,-1.200000,-1.590562
1.550000,-1.200000,-1.671305
1.600000,-1.200000,-1.685559
1.650000,-1.200000,-1.636694
1.700000,-1.200000,-1.593152
1.750000,-1.200000,-1.554203
1.800000,-1.200000,-1.519306
1.850000,-1.200000,-1.488044
1.900000,-1.200000,-1.460093
1.950000,-1.200000,-1.435194
2.000000,-1.200000,-1.413139
2.050000,-1.200000,-1.378376
2.100000,-1.200000,-1.324447
2.150000,-1.200000,-1.274478
2.200000,-1.200000,-1.228046
2.250000,-1.200000,-1.184815
2.300000,-1.200000,-1.144504
2.350000,-1.200000,-1.106885
2.400000,-1.200000,-1.071763
2.450000,-1.200000,-1.038973
2.500000,-1.200000,-1.008375
2.550000,-1.200000,-0.979848
2.600000,-1.200000,-0.953286
2.650000,-1.200000,-0.928598
2.700000,-1.200000,-0.905703
2.750000,-1.200000,-0.884531
2.800000,-1.200000,-0.865022
2.850000,-1.200000,-0.847120
2.900000,-1.200000,-0.830777
2.950000,-1.200000,-0.815952
3.000000,-1.200000,-0.802608
3.050000,-1.200000,-0.790712
3.100000,-1.200000,-0.780238
3.150000,-1.200000,-0.771161
3.200000,-1.200000,
3.250000,-1.200000,
3.300000,-1.200000,
3.350000,-1.200000,
3.400000,-1.200000,
3.450000,-1.200000,
3.500000,-1.200000,
-3.500000,-1.150000,
-3.450000,-1.150000,
-3.400000,-1.150000,
-3.350000,-1.150000,
-3.300000,-1.150000,0.030655
-3.250000,-1.150000,-0.001087
-3.200000,-1.150000,-0.017278
-3.150000,-1.150000,-0.011646
-3.100000,-1.150000,-0.007309
-3.050000,-1.150000,-0.004259
-3.000000,-1.150000,-0.002489
-2.950000,-1.150000,-0.001997
-2.900000,-1.150000,-0.002781
-2.850000,-1.150000,-0.004842
-2.800000,-1.150000,-0.008185
-2.750000,-1.150000,-0.012816
-2.700000,-1.150000,-0.018745
-2.650000,-1.150000,-0.025983
-2.600000,-1.150000,-0.034545
-2.550000,-1.150000,-0.044449
-2.500000,-1.150000,-0.055716
-2.450000,-1.150000,-0.068370
-2.400000,-1.150000,-0.082440
-2.350000,-1.150000,-0.097956
-2.300000,-1.150000,-0.114957
-2.250000,-1.150000,-0.133482
-2.200000,-1.150000,-0.153580
-2.150000,-1.150000,-0.175303
-2.100000,-1.150000,-0.198710
-2.050000,-1.150000,-0.223872
-2.000000,-1.150000,-0.250863
-1.950000,-1.150000,-0.279774
-1.900000,-1.150000,-0.310704
-1.850000,-1.150000,-0.343769
-1.800000,-1.150000,-0.379104
-1.750000,-1.150000,-0.416864
-1.700000,-1.150000,-0.457232
-1.650000,-1.150000,-0.500423
-1.600000,-1.150000,-0.546697
-1.550000,-1.150000,-0.596367
-1.500000,-1.150000,-0.649818
-1.450000,-1.150000,-0.707534
-1.400000,-1.150000,-0.770136
-1.350000,-1.150000,-0.830645
-1.300000,-1.150000,-0.870908
-1.250000,-1.150000,-0.915865
-1.200000,-1.150000,-0.966284
-1.150000,-1.150000,-0.961390
-1.100000,-1.150000,-0.913276
-1.050000,-1.150000,-0.869047
-1.000000,-1.150000,-0.828300
-0.950000,-1.150000,-0.790711
-0.900000,-1.150000,-0.756017
-0.850000,-1.150000,-0.723999
-0.800000,-1.150000,-0.694475
-0.750000,-1.150000,-0.667293
-0.700000,-1.150000,-0.642321
-0.650000,-1.150000,-0.619448
-0.600000,-1.150000,-0.598579
-0.550000,-1.150000,-0.579631
-0.500000,-1.150000,-0.562534
-0.450000,-1.150000,-0.547226
-0.400000,-1.150000,-0.533657
-0.350000,-1.150000,-0.521780
-0.300000,-1.150000,-0.511558
-0.250000,-1.150000,-0.502960
-0.200000,-1.150000,-0.495959
-0.150000,-1.150000,-0.490535
-0.100000,-1.150000,-0.486672
-0.050000,-1.150000,-0.484359
-0.000000,-1.150000,-0.483588
0.050000,-1.150000,-0.484359
0.100000,-1.150000,-0.486672
0.150000,-1.150000,-0.490535
0.200000,-1.150000,-0.495959
0.250000,-1.150000,-0.502960
0.300000,-1.150000,-0.511558
0.350000,-1.150000,-0.521780
0.400000,-1.150000,-0.533657
0.450000,-1.150000,-0.547226
0.500000,-1.150000,-0.562534
0.550000,-1.150000,-0.579631
0.600000,-1.150000,-0.598579
0.650000,-1.150000,-0.619448
0.700000,-1.150000,-0.642321
0.750000,-1.150000,-0.667293
0.800000,-1.150000,-0.694475
0.850000,-1.150000,-0.723999
0.900000,-1.150000,-0.756017
0.950000,-1.150000,-0.790711
1.000000,-1.150000,-0.828300
1.050000,-1.150000,-0.869047
1.100000,-1.150000,-0.913276
1.150000,-1.150000,-0.961390
1.200000,-1.150000,-1.013902
1.250000,-1.150000,-1.071482
1.300000,-1.150000,-1.135030
1.350000,-1.150000,-1.205809
1.400000,-1.150000,-1.285687
1.450000,-1.150000,-1.377651
1.500000,-1.150000,-1.487060
1.550000,-1.150000,-1.621879
1.600000,-1.150000,-1.595065
1.650000,-1.150000,-1.550805
1.700000,-1.150000,-1.511004
1.750000,-1.150000,-1.475146
1.800000,-1.150000,-1.442833
1.850000,-1.150000,-1.413753
1.900000,-1.150000,-1.387652
1.950000,-1.150000,-1.364328
2.000000,-1.150000,-1.343614
2.050000,-1.150000,-1.325371
2.100000,-1.150000,-1.302397
2.150000,-1.150000,-1.253223
2.200000,-1.150000,-1.207481
2.250000,-1.150000,-1.164853
2.300000,-1.150000,-1.125074
2.350000,-1.150000,-1.087926
2.400000,-1.150000,-1.053224
2.450000,-1.150000,-1.020810
2.500000,-1.150000,-0.990549
2.550000,-1.150000,-0.962325
2.600000,-1.150000,-0.936037
2.650000,-1.150000,-0.911595
2.700000,-1.150000,-0.888923
2.750000,-1.150000,-0.867952
2.800000,-1.150000,-0.848623
2.850000,-1.150000,-0.830883
2.900000,-1.150000,-0.814686
2.950000,-1.150000,-0.799991
3.000000,-1.150000,-0.786762
3.050000,-1.150000,-0.774967
3.100000,-1.150000,-0.764581
3.150000,-1.150000,-0.755579
3.200000,-1.150000,-0.747942
3.250000,-1.150000,
3.300000,-1.150000,
3.350000,-1.150000,
3.400000,-1.150000,
3.450000,-1.150000,
3.500000,-1.150000,
-3.500000,-1.100000,
-3.450000,-1.100000,
-3.400000,-1.100000,
-3.350000,-1.100000,
-3.300000,-1.100000,0.017324
-3.250000,-1.100000,-0.014681
-3.200000,-1.100000,-0.026732
-3.150000,-1.100000,-0.021073
-3.100000,-1.100000,-0.016715
-3.050000,-1.100000,-0.013650
-3.000000,-1.100000,-0.011872
-2.950000,-1.100000,-0.011377
-2.900000,-1.100000,-0.012164
-2.850000,-1.100000,-0.014235
-2.800000,-1.100000,-0.017595
-2.750000,-1.100000,-0.022248
-2.700000,-1.100000,-0.028206
-2.650000,-1.100000,-0.035479
-2.600000,-1.100000,-0.044084
-2.550000,-1.100000,-0.054038
-2.500000,-1.100000,-0.065362
-2.450000,-1.100000,-0.078081
-2.400000,-1.100000,-0.092223
-2.350000,-1.100000,-0.107822
-2.300000,-1.100000,-0.124914
-2.250000,-1.100000,-0.143541
-2.200000,-1.100000,-0.163751
-2.150000,-1.100000,-0.185598
-2.100000,-1.100000,-0.209143
-2.050000,-1.100000,-0.234456
-2.000000,-1.100000,-0.261616
-1.950000,-1.100000,-0.290713
-1.900000,-1.100000,-0.321849
-1.850000,-1.100000,-0.355144
-1.800000,-1.100000,-0.390735
-1.750000,-1.100000,-0.428781
-1.700000,-1.100000,-0.469471
-1.650000,-1.100000,-0.513028
-1.600000,-1.100000,-0.559717
-1.550000,-1.100000,-0.609866
-1.500000,-1.100000,-0.663873
-1.450000,-1.100000,-0.722244
-1.400000,-1.100000,-0.785628
-1.350000,-1.100000,-0.854886
-1.300000,-1.100000,-0.931203
-1.250000,-1.100000,-1.012908
-1.200000,-1.100000,-0.963575
-1.150000,-1.100000,-0.913276
-1.100000,-1.100000,-0.867028
-1.050000,-1.100000,-0.824394
-1.000000,-1.100000,-0.785023
-0.950000,-1.100000,-0.748632
-0.900000,-1.100000,-0.714986
-0.850000,-1.100000,-0.683891
-0.800000,-1.100000,-0.655184
-0.750000,-1.100000,-0.628724
-0.700000,-1.100000,-0.604393
-0.650000,-1.100000,-0.582089
-0.600000,-1.100000,-0.561724
-0.550000,-1.100000,-0.543223
-0.500000,-1.100000,-0.526520
-0.450000,-1.100000,-0.511558
-0.400000,-1.100000,-0.498290
-0.350000,-1.100000,-0.486672
-0.300000,-1.100000,-0.476671
-0.250000,-1.100000,-0.468256
-0.200000,-1.100000,-0.461402
-0.150000,-1.100000,-0.456092
-0.100000,-1.100000,-0.452309
-0.050000,-1.100000,-0.450044
-0.000000,-1.100000,-0.449289
0.050000,-1.100000,-0.450044
0.100000,-1.100000,-0.452309
0.150000,-1.100000,-0.456092
0.200000,-1.100000,-0.461402
0.250000,-1.100000,-0.468256
0.300000,-1.100000,-0.476671
0.350000,-1.100000,-0.486672
0.400000,-1.100000,-0.498290
0.450000,-1.100000,-0.511558
0.500000,-1.100000,-0.526520
0.550000,-1.100000,-0.543223
0.600000,-1.100000,-0.561724
0.650000,-1.100000,-0.582089
0.700000,-1.100000,-0.604393
0.750000,-1.100000,-0.628724
0.800000,-1.100000,-0.655184
0.850000,-1.100000,-0.683891
0.900000,-1.100000,-0.714986
0.950000,-1.100000,-0.748632
1.000000,-1.100000,-0.785023
1.050000,-1.100000,-0.824394
1.100000,-1.100000,-0.867028
1.150000,-1.100000,-0.913276
1.200000,-1.100000,-0.963575
1.250000,-1.100000,-1.018488
1.300000,-1.100000,-1.078754
1.350000,-1.100000,-1.145380
1.400000,-1.100000,-1.219797
1.450000,-1.100000,-1.304172
1.500000,-1.100000,-1.402073
1.550000,-1.100000,-1.520240
1.600000,-1.100000,-1.515272
1.650000,-1.100000,-1.474421
1.700000,-1.100000,-1.437453
1.750000,-1.100000,-1.403980
1.800000,-1.100000,-1.373692
1.850000,-1.100000,-1.346339
1.900000,-1.100000,-1.321720
1.950000,-1.100000,-1.299667
2.000000,-1.100000,-1.280042
2.050000,-1.100000,-1.262730
2.100000,-1.100000,-1.247636
2.150000,-1.100000,-1.234069
2.200000,-1.100000,-1.188931
2.250000,-1.100000,-1.146833
2.300000,-1.100000,-1.107522
2.350000,-1.100000,-1.070790
2.400000,-1.100000,-1.036459
2.450000,-1.100000,-1.004378
2.500000,-1.100000,-0.974416
2.550000,-1.100000,-0.946461
2.600000,-1.100000,-0.920415
2.650000,-1.100000,-0.896192
2.700000,-1.100000,-0.873718
2.750000,-1.100000,-0.852926
2.800000,-1.100000,-0.833758
2.850000,-1.100000,-0.816163
2.900000,-1.100000,-0.800095
2.950000,-1.100000,-0.785516
3.000000,-1.100000,-0.772389
3.050000,-1.100000,-0.760685
3.100000,-1.100000,-0.750378
3.150000,-1.100000,-0.741443
3.200000,-1.100000,-0.733863
3.250000,-1.100000,
3.300000,-1.100000,
3.350000,-1.100000,
3.400000,-1.100000,
3.450000,-1.100000,
3.500000,-1.100000,
-3.500000,-1.050000,
-3.450000,-1.050000,
-3.400000,-1.050000,
-3.350000,-1.050000,
-3.300000,-1.050000,0.002351
-3.250000,-1.050000,-0.029954
-3.200000,-1.050000,-0.037531
-3.150000,-1.050000,-0.031840
-3.100000,-1.050000,-0.027458
-3.050000,-1.050000,-0.024377
-3.000000,-1.050000,-0.022589
-2.950000,-1.050000,-0.022091
-2.900000,-1.050000,-0.022883
-2.850000,-1.050000,-0.024965
-2.800000,-1.050000,-0.028343
-2.750000,-1.050000,-0.033023
-2.700000,-1.050000,-0.039014
-2.650000,-1.050000,-0.046328
-2.600000,-1.050000,-0.054982
-2.550000,-1.050000,-0.064993
-2.500000,-1.050000,-0.076383
-2.450000,-1.050000,-0.089177
-2.400000,-1.050000,-0.103404
-2.350000,-1.050000,-0.119097
-2.300000,-1.050000,-0.136294
-2.250000,-1.050000,-0.155039
-2.200000,-1.050000,-0.175379
-2.150000,-1.050000,-0.197370
-2.100000,-1.050000,-0.221074
-2.050000,-1.050000,-0.246564
-2.000000,-1.050000,-0.273918
-1.950000,-1.050000,-0.303231
-1.900000,-1.050000,-0.334607
-1.850000,-1.050000,-0.368168
-1.800000,-1.050000,-0.404057
-1.750000,-1.050000,-0.442437
-1.700000,-1.050000,-0.483503
-1.650000,-1.050000,-0.527485
-1.600000,-1.050000,-0.574662
-1.550000,-1.050000,-0.625370
-1.500000,-1.050000,-0.680031
-1.450000,-1.050000,-0.739173
-1.400000,-1.050000,-0.803484
-1.350000,-1.050000,-0.873879
-1.300000,-1.050000,-0.951630
-1.250000,-1.050000,-0.970157
-1.200000,-1.050000,-0.917474
-1.150000,-1.050000,-0.869047
-1.100000,-1.050000,-0.824394
-1.050000,-1.050000,-0.783132
-1.000000,-1.050000,-0.744954
-0.950000,-1.050000,-0.709606
-0.900000,-1.050000,-0.676879
-0.850000,-1.050000,-0.646596
-0.800000,-1.050000,-0.618607
-0.750000,-1.050000,-0.592787
-0.700000,-1.050000,-0.569024
-0.650000,-1.050000,-0.547226
-0.600000,-1.050000,-0.527311
-0.550000,-1.050000,-0.509209
-0.500000,-1.050000,-0.492858
-0.450000,-1.050000,-0.478205
-0.400000,-1.050000,-0.465206
-0.350000,-1.050000,-0.453821
-0.300000,-1.050000,-0.444017
-0.250000,-1.050000,-0.435767
-0.200000,-1.050000,-0.429046
-0.150000,-1.050000,-0.423838
-0.100000,-1.050000,-0.420128
-0.050000,-1.050000,-0.417905
-0.000000,-1.050000,-0.417165
0.050000,-1.050000,-0.417905
0.100000,-1.050000,-0.420128
0.150000,-1.050000,-0.423838
0.200000,-1.050000,-0.429046
0.250000,-1.050000,-0.435767
0.300000,-1.050000,-0.444017
0.350000,-1.050000,-0.453821
0.400000,-1.050000,-0.465206
0.450000,-1.050000,-0.478205
0.500000,-1.050000,-0.492858
0.550000,-1.050000,-0.509209
0.600000,-1.050000,-0.527311
0.650000,-1.050000,-0.547226
0.700000,-1.050000,-0.569024
0.750000,-1.050000,-0.592787
0.800000,-1.050000,-0.618607
0.850000,-1.050000,-0.646596
0.900000,-1.050000,-0.676879
0.950000,-1.050000,-0.709606
1.000000,-1.050000,-0.744954
1.050000,-1.050000,-0.783132
1.100000,-1.050000,-0.824394
1.150000,-1.050000,-0.869047
1.200000,-1.050000,-0.917474
1.250000,-1.050000,-0.970157
1.300000,-1.050000,-1.027719
1.350000,-1.050000,-1.090990
1.400000,-1.050000,-1.161116
1.450000,-1.050000,-1.239759
1.500000,-1.050000,-1.329501
1.550000,-1.050000,-1.434776
1.600000,-1.050000,-1.443773
1.650000,-1.050000,-1.405565
1.700000,-1.050000,-1.370832
1.750000,-1.050000,-1.339264
1.800000,-1.050000,-1.310611
1.850000,-1.050000,-1.284667
1.900000,-1.050000,-1.261264
1.950000,-1.050000,-1.240262
2.000000,-1.050000,-1.221542
2.050000,-1.050000,-1.205007
2.100000,-1.050000,-1.190574
2.150000,-1.050000,-1.178174
2.200000,-1.050000,-1.167753
2.250000,-1.050000,-1.130685
2.300000,-1.050000,-1.091785
2.350000,-1.050000,-1.055418
2.400000,-1.050000,-1.021413
2.450000,-1.050000,-0.989625
2.500000,-1.050000,-0.959926
2.550000,-1.050000,-0.932209
2.600000,-1.050000,-0.906377
2.650000,-1.050000,-0.882348
2.700000,-1.050000,-0.860049
2.750000,-1.050000,-0.839414
2.800000,-1.050000,-0.820389
2.850000,-1.050000,-0.802922
2.900000,-1.050000,-0.786969
2.950000,-1.050000,-0.772492
3.000000,-1.050000,-0.759457
3.050000,-1.050000,-0.747833
3.100000,-1.050000,-0.737595
3.150000,-1.050000,-0.728720
3.200000,-1.050000,-0.721190
3.250000,-1.050000,-0.714989
3.300000,-1.050000,
3.350000,-1.050000,
3.400000,-1.050000,
3.450000,-1.050000,
3.500000,-1.050000,
-3.500000,-1.000000,
-3.450000,-1.000000,
-3.400000,-1.000000,
-3.350000,-1.000000,0.016167
-3.300000,-1.000000,-0.014310
-3.250000,-1.000000,-0.046955
-3.200000,-1.000000,-0.049699
-3.150000,-1.000000,-0.043972
-3.100000,-1.000000,-0.039562
-3.050000,-1.000000,-0.036461
-3.000000,-1.000000,-0.034662
-2.950000,-1.000000,-0.034161
-2.900000,-1.000000,-0.034958
-2.850000,-1.000000,-0.037054
-2.800000,-1.000000,-0.040453
-2.750000,-1.000000,-0.045162
-2.700000,-1.000000,-0.051191
-2.650000,-1.000000,-0.058552
-2.600000,-1.000000,-0.067262
-2.550000,-1.000000,-0.077338
-2.500000,-1.000000,-0.088803
-2.450000,-1.000000,-0.101682
-2.400000,-1.000000,-0.116006
-2.350000,-1.000000,-0.131807
-2.300000,-1.000000,-0.149125
-2.250000,-1.000000,-0.168003
-2.200000,-1.000000,-0.188492
-2.150000,-1.000000,-0.210648
-2.100000,-1.000000,-0.234535
-2.050000,-1.000000,-0.260226
-2.000000,-1.000000,-0.287804
-1.950000,-1.000000,-0.317364
-1.900000,-1.000000,-0.349015
-1.850000,-1.000000,-0.382883
-1.800000,-1.000000,-0.419113
-1.750000,-1.000000,-0.457878
-1.700000,-1.000000,-0.499377
-1.650000,-1.000000,-0.543852
-1.600000,-1.000000,-0.591592
-1.550000,-1.000000,-0.642952
-1.500000,-1.000000,-0.698373
-1.450000,-1.000000,-0.758417
-1.400000,-1.000000,-0.823815
-1.350000,-1.000000,-0.895552
-1.300000,-1.000000,-0.975010
-1.250000,-1.000000,-0.925914
-1.200000,-1.000000,-0.875123
-1.150000,-1.000000,-0.828300
-1.100000,-1.000000,-0.785023
-1.050000,-1.000000,-0.744954
-1.000000,-1.000000,-0.707818
-0.950000,-1.000000,-0.673386
-0.900000,-1.000000,-0.641467
-0.850000,-1.000000,-0.611901
-0.800000,-1.000000,-0.584551
-0.750000,-1.000000,-0.559298
-0.700000,-1.000000,-0.536043
-0.650000,-1.000000,-0.514696
-0.600000,-1.000000,-0.495183
-0.550000,-1.000000,-0.477438
-0.500000,-1.000000,-0.461402
-0.450000,-1.000000,-0.447028
-0.400000,-1.000000,-0.434271
-0.350000,-1.000000,-0.423095
-0.300000,-1.000000,-0.413469
-0.250000,-1.000000,-0.405367
-0.200000,-1.000000,-0.398766
-0.150000,-1.000000,-0.393650
-0.100000,-1.000000,-0.390005
-0.050000,-1.000000,-0.387821
-0.000000,-1.000000,-0.387094
0.050000,-1.000000,-0.387821
0.100000,-1.000000,-0.390005
0.150000,-1.000000,-0.393650
0.200000,-1.000000,-0.398766
0.250000,-1.000000,-0.405367
0.300000,-1.000000,-0.413469
0.350000,-1.000000,-0.423095
0.400000,-1.000000,-0.434271
0.450000,-1.000000,-0.447028
0.500000,-1.000000,-0.461402
0.550000,-1.000000,-0.477438
0.600000,-1.000000,-0.495183
0.650000,-1.000000,-0.514696
0.700000,-1.000000,-0.536043
0.750000,-1.000000,-0.559298
0.800000,-1.000000,-0.584551
0.850000,-1.000000,-0.611901
0.900000,-1.000000,-0.641467
0.950000,-1.000000,-0.673386
1.000000,-1.000000,-0.707818
1.050000,-1.000000,-0.744954
1.100000,-1.000000,-0.785023
1.150000,-1.000000,-0.828300
1.200000,-1.000000,-0.875123
1.250000,-1.000000,-0.925914
1.300000,-1.000000,-0.981211
1.350000,-1.000000,-1.041715
1.400000,-1.000000,-1.108373
1.450000,-1.000000,-1.182516
1.500000,-1.000000,-1.266122
1.550000,-1.000000,-1.362375
1.600000,-1.000000,-1.378990
1.650000,-1.000000,-1.342904
1.700000,-1.000000,-1.309985
1.750000,-1.000000,-1.279979
1.800000,-1.000000,-1.252677
1.850000,-1.000000,-1.227907
1.900000,-1.000000,-1.205523
1.950000,-1.000000,-1.185405
2.000000,-1.000000,-1.167450
2.050000,-1.000000,-1.151574
2.100000,-1.000000,-1.137703
2.150000,-1.000000,-1.125778
2.200000,-1.000000,-1.115748
2.250000,-1.000000,-1.107572
2.300000,-1.000000,-1.077807
2.350000,-1.000000,-1.041759
2.400000,-1.000000,-1.008039
2.450000,-1.000000,-0.976506
2.500000,-1.000000,-0.947038
2.550000,-1.000000,-0.919528
2.600000,-1.000000,-0.893884
2.650000,-1.000000,-0.870025
2.700000,-1.000000,-0.847879
2.750000,-1.000000,-0.827383
2.800000,-1.000000,-0.808483
2.850000,-1.000000,-0.791128
2.900000,-1.000000,-0.775277
2.950000,-1.000000,-0.760890
3.000000,-1.000000,-0.747935
3.050000,-1.000000,-0.736381
3.100000,-1.000000,-0.726204
3.150000,-1.000000,-0.717382
3.200000,-1.000000,-0.709897
3.250000,-1.000000,-0.703732
3.300000,-1.000000,
3.350000,-1.000000,
3.400000,-1.000000,
3.450000,-1.000000,
3.500000,-1.000000,
-3.500000,-0.950000,
-3.450000,-0.950000,
-3.400000,-0.950000,
-3.350000,-0.950000,-0.001890
-3.300000,-0.950000,-0.032712
-3.250000,-0.950000,-0.065742
-3.200000,-0.950000,-0.063262
-3.150000,-0.950000,-0.057494
-3.100000,-0.950000,-0.053053
-3.050000,-0.950000,-0.049930
-3.000000,-0.950000,-0.048118
-2.950000,-0.950000,-0.047614
-2.900000,-0.950000,-0.048416
-2.850000,-0.950000,-0.050526
-2.800000,-0.950000,-0.053949
-2.750000,-0.950000,-0.058692
-2.700000,-0.950000,-0.064764
-2.650000,-0.950000,-0.072178
-2.600000,-0.950000,-0.080951
-2.550000,-0.950000,-0.091101
-2.500000,-0.950000,-0.102651
-2.450000,-0.950000,-0.115627
-2.400000,-0.950000,-0.130059
-2.350000,-0.950000,-0.145983
-2.300000,-0.950000,-0.163437
-2.250000,-0.950000,-0.182467
-2.200000,-0.950000,-0.203125
-2.150000,-0.950000,-0.225467
-2.100000,-0.950000,-0.249561
-2.050000,-0.950000,-0.275481
-2.000000,-0.950000,-0.303313
-1.950000,-0.950000,-0.333154
-1.900000,-0.950000,-0.365118
-1.850000,-0.950000,-0.399335
-1.800000,-0.950000,-0.435957
-1.750000,-0.950000,-0.475160
-1.700000,-0.950000,-0.517156
-1.650000,-0.950000,-0.562196
-1.600000,-0.950000,-0.610584
-1.550000,-0.950000,-0.662695
-1.500000,-0.950000,-0.718997
-1.450000,-0.950000,-0.780088
-1.400000,-0.950000,-0.846757
-1.350000,-0.950000,-0.920073
-1.300000,-0.950000,-0.938690
-1.250000,-0.950000,-0.885317
-1.200000,-0.950000,-0.836148
-1.150000,-0.950000,-0.790711
-1.100000,-0.950000,-0.748632
-1.050000,-0.950000,-0.709606
-1.000000,-0.950000,-0.673386
-0.950000,-0.950000,-0.639762
-0.900000,-0.950000,-0.608559
-0.850000,-0.950000,-0.579631
-0.800000,-0.950000,-0.552848
-0.750000,-0.950000,-0.528103
-0.700000,-0.950000,-0.505300
-0.650000,-0.950000,-0.484359
-0.600000,-0.950000,-0.465206
-0.550000,-0.950000,-0.447781
-0.500000,-0.950000,-0.432030
-0.450000,-0.950000,-0.417905
-0.400000,-0.950000,-0.405367
-0.350000,-0.950000,-0.394380
-0.300000,-0.950000,-0.384915
-0.250000,-0.950000,-0.376946
-0.200000,-0.950000,-0.370453
-0.150000,-0.950000,-0.365420
-0.100000,-0.950000,-0.361834
-0.050000,-0.950000,-0.359686
-0.000000,-0.950000,-0.358970
0.050000,-0.950000,-0.359686
0.100000,-0.950000,-0.361834
0.150000,-0.950000,-0.365420
0.200000,-0.950000,-0.370453
0.250000,-0.950000,-0.376946
0.300000,-0.950000,-0.384915
0.350000,-0.950000,-0.394380
0.400000,-0.950000,-0.405367
0.450000,-0.950000,-0.417905
0.500000,-0.950000,-0.432030
0.550000,-0.950000,-0.447781
0.600000,-0.950000,-0.465206
0.650000,-0.950000,-0.484359
0.700000,-0.950000,-0.505300
0.750000,-0.950000,-0.528103
0.800000,-0.950000,-0.552848
0.850000,-0.950000,-0.579631
0.900000,-0.950000,-0.608559
0.950000,-0.950000,-0.639762
1.000000,-0.950000,-0.673386
1.050000,-0.950000,-0.709606
1.100000,-0.950000,-0.748632
1.150000,-0.950000,-0.790711
1.200000,-0.950000,-0.836148
1.250000,-0.950000,-0.885317
1.300000,-0.950000,-0.938690
1.350000,-0.950000,-0.996873
1.400000,-0.950000,-1.060668
1.450000,-0.950000,-1.131177
1.500000,-0.950000,-1.209983
1.550000,-0.950000,-1.299511
1.600000,-0.950000,-1.319827
1.650000,-0.950000,-1.285485
1.700000,-0.950000,-1.254072
1.750000,-0.950000,-1.225372
1.800000,-0.950000,-1.199208
1.850000,-0.950000,-1.175430
1.900000,-0.950000,-1.153913
1.950000,-0.950000,-1.134550
2.000000,-0.950000,-1.117252
2.050000,-0.950000,-1.101942
2.100000,-0.950000,-1.088556
2.150000,-0.950000,-1.077040
2.200000,-0.950000,-1.067349
2.250000,-0.950000,-1.059446
2.300000,-0.950000,-1.053304
2.350000,-0.950000,-1.029769
2.400000,-0.950000,-0.996295
2.450000,-0.950000,-0.964983
2.500000,-0.950000,-0.935715
2.550000,-0.950000,-0.908385
2.600000,-0.950000,-0.882904
2.650000,-0.950000,-0.859192
2.700000,-0.950000,-0.837179
2.750000,-0.950000,-0.816804
2.800000,-0.950000,-0.798012
2.850000,-0.950000,-0.780755
2.900000,-0.950000,-0.764991
2.950000,-0.950000,-0.750683
3.000000,-0.950000,-0.737797
3.050000,-0.950000,-0.726305
3.100000,-0.950000,-0.716181
3.150000,-0.950000,-0.707405
3.200000,-0.950000,-0.699958
3.250000,-0.950000,-0.693824
3.300000,-0.950000,
3.350000,-0.950000,
3.400000,-0.950000,
3.450000,-0.950000,
3.500000,-0.950000,
-3.500000,-0.900000,
-3.450000,-0.900000,
-3.400000,-0.900000,
-3.350000,-0.900000,-0.021707
-3.300000,-0.900000,-0.052917
-3.250000,-0.900000,-0.085412
-3.200000,-0.900000,-0.078249
-3.150000,-0.900000,-0.072435
-3.100000,-0.900000,-0.067959
-3.050000,-0.900000,-0.064811
-3.000000,-0.900000,-0.062985
-2.950000,-0.900000,-0.062477
-2.900000,-0.900000,-0.063286
-2.850000,-0.900000,-0.065413
-2.800000,-0.900000,-0.068863
-2.750000,-0.900000,-0.073643
-2.700000,-0.900000,-0.079763
-2.650000,-0.900000,-0.087237
-2.600000,-0.900000,-0.096080
-2.550000,-0.900000,-0.106313
-2.500000,-0.900000,-0.117958
-2.450000,-0.900000,-0.131042
-2.400000,-0.900000,-0.145597
-2.350000,-0.900000,-0.161658
-2.300000,-0.900000,-0.179266
-2.250000,-0.900000,-0.198468
-2.200000,-0.900000,-0.219315
-2.150000,-0.900000,-0.241868
-2.100000,-0.900000,-0.266194
-2.050000,-0.900000,-0.292372
-2.000000,-0.900000,-0.320491
-1.950000,-0.900000,-0.350650
-1.900000,-0.900000,-0.382969
-1.850000,-0.900000,-0.417581
-1.800000,-0.900000,-0.454646
-1.750000,-0.900000,-0.494349
-1.700000,-0.900000,-0.536911
-1.650000,-0.900000,-0.582596
-1.600000,-0.900000,-0.631726
-1.550000,-0.900000,-0.684699
-1.500000,-0.900000,-0.742017
-1.450000,-0.900000,-0.804323
-1.400000,-0.900000,-0.872474
-1.350000,-0.900000,-0.947648
-1.300000,-0.900000,-0.899733
-1.250000,-0.900000,-0.848012
-1.200000,-0.900000,-0.800246
-1.150000,-0.900000,-0.756017
-1.100000,-0.900000,-0.714986
-1.050000,-0.900000,-0.676879
-1.000000,-0.900000,-0.641467
-0.950000,-0.900000,-0.608559
-0.900000,-0.900000,-0.577994
-0.850000,-0.900000,-0.549633
-0.800000,-0.900000,-0.523358
-0.750000,-0.900000,-0.499067
-0.700000,-0.900000,-0.476671
-0.650000,-0.900000,-0.456092
-0.600000,-0.900000,-0.437264
-0.550000,-0.900000,-0.420128
-0.500000,-0.900000,-0.404632
-0.450000,-0.900000,-0.390733
-0.400000,-0.900000,-0.378392
-0.350000,-0.900000,-0.367575
-0.300000,-0.900000,-0.358255
-0.250000,-0.900000,-0.350407
-0.200000,-0.900000,-0.344013
-0.150000,-0.900000,-0.339055
-0.100000,-0.900000,-0.335522
-0.050000,-0.900000,-0.333406
-0.000000,-0.900000,-0.332701
0.050000,-0.900000,-0.333406
0.100000,-0.900000,-0.335522
0.150000,-0.900000,-0.339055
0.200000,-0.900000,-0.344013
0.250000,-0.900000,-0.350407
0.300000,-0.900000,-0.358255
0.350000,-0.900000,-0.367575
0.400000,-0.900000,-0.378392
0.450000,-0.900000,-0.390733
0.500000,-0.900000,-0.404632
0.550000,-0.900000,-0.420128
0.600000,-0.900000,-0.437264
0.650000,-0.900000,-0.456092
0.700000,-0.900000,-0.476671
0.750000,-0.900000,-0.499067
0.800000,-0.900000,-0.523358
0.850000,-0.900000,-0.549633
0.900000,-0.900000,-0.577994
0.950000,-0.900000,-0.608559
1.000000,-0.900000,-0.641467
1.050000,-0.900000,-0.676879
1.100000,-0.900000,-0.714986
1.150000,-0.900000,-0.756017
1.200000,-0.900000,-0.800246
1.250000,-0.900000,-0.848012
1.300000,-0.900000,-0.899733
1.350000,-0.900000,-0.955944
1.400000,-0.900000,-1.017340
1.450000,-0.900000,-1.084854
1.500000,-0.900000,-1.159795
1.550000,-0.900000,-1.244097
1.600000,-0.900000,-1.265481
1.650000,-0.900000,-1.232600
1.700000,-0.900000,-1.202458
1.750000,-0.900000,-1.174868
1.800000,-0.900000,-1.149676
1.850000,-0.900000,-1.126750
1.900000,-0.900000,-1.105980
1.950000,-0.900000,-1.087270
2.000000,-0.900000,-1.070540
2.050000,-0.900000,-1.055722
2.100000,-0.900000,-1.042758
2.150000,-0.900000,-1.031598
2.200000,-0.900000,-1.022204
2.250000,-0.900000,-1.014540
2.300000,-0.900000,-1.008581
2.350000,-0.900000,-1.004306
2.400000,-0.900000,-0.986147
2.450000,-0.900000,-0.955024
2.500000,-0.900000,-0.925925
2.550000,-0.900000,-0.898749
2.600000,-0.900000,-0.873407
2.650000,-0.900000,-0.849821
2.700000,-0.900000,-0.827922
2.750000,-0.900000,-0.807650
2.800000,-0.900000,-0.788951
2.850000,-0.900000,-0.771778
2.900000,-0.900000,-0.756090
2.950000,-0.900000,-0.741848
3.000000,-0.900000,-0.729022
3.050000,-0.900000,-0.717582
3.100000,-0.900000,-0.707505
3.150000,-0.900000,-0.698768
3.200000,-0.900000,-0.691354
3.250000,-0.900000,-0.685247
3.300000,-0.900000,-0.680436
3.350000,-0.900000,
3.400000,-0.900000,
3.450000,-0.900000,
3.500000,-0.900000,
-3.500000,-0.850000,
-3.450000,-0.850000,
-3.400000,-0.850000,
-3.350000,-0.850000,-0.043348
-3.300000,-0.850000,-0.074994
-3.250000,-0.850000,-0.101922
-3.200000,-0.850000,-0.094695
-3.150000,-0.850000,-0.088830
-3.100000,-0.850000,-0.084315
-3.050000,-0.850000,-0.081140
-3.000000,-0.850000,-0.079298
-2.950000,-0.850000,-0.078785
-2.900000,-0.850000,-0.079601
-2.850000,-0.850000,-0.081746
-2.800000,-0.850000,-0.085226
-2.750000,-0.850000,-0.090048
-2.700000,-0.850000,-0.096222
-2.650000,-0.850000,-0.103762
-2.600000,-0.850000,-0.112685
-2.550000,-0.850000,-0.123010
-2.500000,-0.850000,-0.134761
-2.450000,-0.850000,-0.147967
-2.400000,-0.850000,-0.162659
-2.350000,-0.850000,-0.178874
-2.300000,-0.850000,-0.196654
-2.250000,-0.850000,-0.216046
-2.200000,-0.850000,-0.237106
-2.150000,-0.850000,-0.259894
-2.100000,-0.850000,-0.284483
-2.050000,-0.850000,-0.310951
-2.000000,-0.850000,-0.339391
-1.950000,-0.850000,-0.369909
-1.900000,-0.850000,-0.402626
-1.850000,-0.850000,-0.437685
-1.800000,-0.850000,-0.475252
-1.750000,-0.850000,-0.515520
-1.700000,-0.850000,-0.558724
-1.650000,-0.850000,-0.605144
-1.600000,-0.850000,-0.655122
-1.550000,-0.850000,-0.709084
-1.500000,-0.850000,-0.767572
-1.450000,-0.850000,-0.831286
-1.400000,-0.850000,-0.901169
-1.350000,-0.850000,-0.918525
-1.300000,-0.850000,-0.864006
-1.250000,-0.850000,-0.813713
-1.200000,-0.850000,-0.767170
-1.150000,-0.850000,-0.723999
-1.100000,-0.850000,-0.683891
-1.050000,-0.850000,-0.646596
-1.000000,-0.850000,-0.611901
-0.950000,-0.850000,-0.579631
-0.900000,-0.850000,-0.549633
-0.850000,-0.850000,-0.521780
-0.800000,-0.850000,-0.495959
-0.750000,-0.850000,-0.472075
-0.700000,-0.850000,-0.450044
-0.650000,-0.850000,-0.429792
-0.600000,-0.850000,-0.411256
-0.550000,-0.850000,-0.394380
-0.500000,-0.850000,-0.379116
-0.450000,-0.850000,-0.365420
-0.400000,-0.850000,-0.353257
-0.350000,-0.850000,-0.342595
-0.300000,-0.850000,-0.333406
-0.250000,-0.850000,-0.325667
-0.200000,-0.850000,-0.319361
-0.150000,-0.850000,-0.314472
-0.100000,-0.850000,-0.310987
-0.050000,-0.850000,-0.308900
-0.000000,-0.850000,-0.308204
0.050000,-0.850000,-0.308900
0.100000,-0.850000,-0.310987
0.150000,-0.850000,-0.314472
0.200000,-0.850000,-0.319361
0.250000,-0.850000,-0.325667
0.300000,-0.850000,-0.333406
0.350000,-0.850000,-0.342595
0.400000,-0.850000,-0.353257
0.450000,-0.850000,-0.365420
0.500000,-0.850000,-0.379116
0.550000,-0.850000,-0.394380
0.600000,-0.850000,-0.411256
0.650000,-0.850000,-0.429792
0.700000,-0.850000,-0.450044
0.750000,-0.850000,-0.472075
0.800000,-0.850000,-0.495959
0.850000,-0.850000,-0.521780
0.900000,-0.850000,-0.549633
0.950000,-0.850000,-0.579631
1.000000,-0.850000,-0.611901
1.050000,-0.850000,-0.646596
1.100000,-0.850000,-0.683891
1.150000,-0.850000,-0.723999
1.200000,-0.850000,-0.767170
1.250000,-0.850000,-0.813713
1.300000,-0.850000,-0.864006
1.350000,-0.850000,-0.918525
1.400000,-0.850000,-0.977883
1.450000,-0.850000,-1.042890
1.500000,-0.850000,-1.114655
1.550000,-0.850000,-1.194773
1.600000,-0.850000,-1.215344
1.650000,-0.850000,-1.183706
1.700000,-0.850000,-1.154652
1.750000,-0.850000,-1.128017
1.800000,-0.850000,-1.103665
1.850000,-0.850000,-1.081478
1.900000,-0.850000,-1.061357
1.950000,-0.850000,-1.043216
2.000000,-0.850000,-1.026984
2.050000,-0.850000,-1.012597
2.100000,-0.850000,-1.000003
2.150000,-0.850000,-0.989158
2.200000,-0.850000,-0.980024
2.250000,-0.850000,-0.972571
2.300000,-0.850000,-0.966774
2.350000,-0.850000,-0.962615
2.400000,-0.850000,-0.960081
2.450000,-0.850000,-0.946600
2.500000,-0.850000,-0.917644
2.550000,-0.850000,-0.890597
2.600000,-0.850000,-0.865371
2.650000,-0.850000,-0.841890
2.700000,-0.850000,-0.820087
2.750000,-0.850000,-0.799901
2.800000,-0.850000,-0.781281
2.850000,-0.850000,-0.764178
2.900000,-0.850000,-0.748552
2.950000,-0.850000,-0.734367
3.000000,-0.850000,-0.721591
3.050000,-0.850000,-0.710196
3.100000,-0.850000,-0.700156
3.150000,-0.850000,-0.691452
3.200000,-0.850000,-0.684066
3.250000,-0.850000,-0.677982
3.300000,-0.850000,-0.673189
3.350000,-0.850000,
3.400000,-0.850000,
3.450000,-0.850000,
3.500000,-0.850000,
-3.500000,-0.800000,
-3.450000,-0.800000,
-3.400000,-0.800000,-0.036979
-3.350000,-0.800000,-0.066891
-3.300000,-0.800000,-0.099024
-3.250000,-0.800000,-0.119936
-3.200000,-0.800000,-0.112639
-3.150000,-0.800000,-0.106717
-3.100000,-0.800000,-0.102159
-3.050000,-0.800000,-0.098953
-3.000000,-0.800000,-0.097094
-2.950000,-0.800000,-0.096576
-2.900000,-0.800000,-0.097400
-2.850000,-0.800000,-0.099566
-2.800000,-0.800000,-0.103079
-2.750000,-0.800000,-0.107947
-2.700000,-0.800000,-0.114181
-2.650000,-0.800000,-0.121795
-2.600000,-0.800000,-0.130805
-2.550000,-0.800000,-0.141233
-2.500000,-0.800000,-0.153103
-2.450000,-0.800000,-0.166444
-2.400000,-0.800000,-0.181288
-2.350000,-0.800000,-0.197674
-2.300000,-0.800000,-0.215645
-2.250000,-0.800000,-0.235251
-2.200000,-0.800000,-0.256548
-2.150000,-0.800000,-0.279600
-2.100000,-0.800000,-0.304481
-2.050000,-0.800000,-0.331273
-2.000000,-0.800000,-0.360075
-1.950000,-0.800000,-0.390994
-1.900000,-0.800000,-0.424161
-1.850000,-0.800000,-0.459722
-1.800000,-0.800000,-0.497854
-1.750000,-0.800000,-0.538762
-1.700000,-0.800000,-0.582694
-1.650000,-0.800000,-0.629949
-1.600000,-0.800000,-0.680895
-1.550000,-0.800000,-0.735992
-1.500000,-0.800000,-0.795829
-1.450000,-0.800000,-0.861178
-1.400000,-0.800000,-0.908558
-1.350000,-0.800000,-0.884294
-1.300000,-0.800000,-0.831237
-1.250000,-0.800000,-0.782188
-1.200000,-0.800000,-0.736716
-1.150000,-0.800000,-0.694475
-1.100000,-0.800000,-0.655184
-1.050000,-0.800000,-0.618607
-1.000000,-0.800000,-0.584551
-0.950000,-0.800000,-0.552848
-0.900000,-0.800000,-0.523358
-0.850000,-0.800000,-0.495959
-0.800000,-0.800000,-0.470546
-0.750000,-0.800000,-0.447028
-0.700000,-0.800000,-0.425325
-0.650000,-0.800000,-0.405367
-0.600000,-0.800000,-0.387094
-0.550000,-0.800000,-0.370453
-0.500000,-0.800000,-0.355397
-0.450000,-0.800000,-0.341886
-0.400000,-0.800000,-0.329884
-0.350000,-0.800000,-0.319361
-0.300000,-0.800000,-0.310291
-0.250000,-0.800000,-0.302652
-0.200000,-0.800000,-0.296426
-0.150000,-0.800000,-0.291598
-0.100000,-0.800000,-0.288157
-0.050000,-0.800000,-0.286096
-0.000000,-0.800000,-0.285410
0.050000,-0.800000,-0.286096
0.100000,-0.800000,-0.288157
0.150000,-0.800000,-0.291598
0.200000,-0.800000,-0.296426
0.250000,-0.800000,-0.302652
0.300000,-0.800000,-0.310291
0.350000,-0.800000,-0.319361
0.400000,-0.800000,-0.329884
0.450000,-0.800000,-0.341886
0.500000,-0.800000,-0.355397
0.550000,-0.800000,-0.370453
0.600000,-0.800000,-0.387094
0.650000,-0.800000,-0.405367
0.700000,-0.800000,-0.425325
0.750000,-0.800000,-0.447028
0.800000,-0.800000,-0.470546
0.850000,-0.800000,-0.495959
0.900000,-0.800000,-0.523358
0.950000,-0.800000,-0.552848
1.000000,-0.800000,-0.584551
1.050000,-0.800000,-0.618607
1.100000,-0.800000,-0.655184
1.150000,-0.800000,-0.694475
1.200000,-0.800000,-0.736716
1.250000,-0.800000,-0.782188
1.300000,-0.800000,-0.831237
1.350000,-0.800000,-0.884294
1.400000,-0.800000,-0.941906
1.450000,-0.800000,-1.004787
1.500000,-0.800000,-1.073900
1.550000,-0.800000,-1.150596
1.600000,-0.800000,-1.168943
1.650000,-0.800000,-1.138377
1.700000,-0.800000,-1.110264
1.750000,-0.800000,-1.084459
1.800000,-0.800000,-1.060839
1.850000,-0.800000,-1.039298
1.900000,-0.800000,-1.019747
1.950000,-0.800000,-1.002107
2.000000,-0.800000,-0.986313
2.050000,-0.800000,-0.972307
2.100000,-0.800000,-0.960041
2.150000,-0.800000,-0.949474
2.200000,-0.800000,-0.940571
2.250000,-0.800000,-0.933304
2.300000,-0.800000,-0.927652
2.350000,-0.800000,-0.923595
2.400000,-0.800000,-0.921123
2.450000,-0.800000,-0.920227
2.500000,-0.800000,-0.910849
2.550000,-0.800000,-0.883906
2.600000,-0.800000,-0.858775
2.650000,-0.800000,-0.835381
2.700000,-0.800000,-0.813655
2.750000,-0.800000,-0.793540
2.800000,-0.800000,-0.774982
2.850000,-0.800000,-0.757937
2.900000,-0.800000,-0.742363
2.950000,-0.800000,-0.728224
3.000000,-0.800000,-0.715489
3.050000,-0.800000,-0.704129
3.100000,-0.800000,-0.694121
3.150000,-0.800000,-0.685444
3.200000,-0.800000,-0.678080
3.250000,-0.800000,-0.672015
3.300000,-0.800000,-0.667236
3.350000,-0.800000,
3.400000,-0.800000,
3.450000,-0.800000,
3.500000,-0.800000,
-3.500000,-0.750000,
-3.450000,-0.750000,
-3.400000,-0.750000,-0.062022
-3.350000,-0.750000,-0.092423
-3.300000,-0.750000,-0.125102
-3.250000,-0.750000,-0.139500
-3.200000,-0.750000,-0.132125
-3.150000,-0.750000,-0.126140
-3.100000,-0.750000,-0.121534
-3.050000,-0.750000,-0.118295
-3.000000,-0.750000,-0.116416
-2.950000,-0.750000,-0.115893
-2.900000,-0.750000,-0.116725
-2.850000,-0.750000,-0.118913
-2.800000,-0.750000,-0.122464
-2.750000,-0.750000,-0.127383
-2.700000,-0.750000,-0.133684
-2.650000,-0.750000,-0.141379
-2.600000,-0.750000,-0.150487
-2.550000,-0.750000,-0.161029
-2.500000,-0.750000,-0.173030
-2.450000,-0.750000,-0.186520
-2.400000,-0.750000,-0.201534
-2.350000,-0.750000,-0.218110
-2.300000,-0.750000,-0.236294
-2.250000,-0.750000,-0.256138
-2.200000,-0.750000,-0.277699
-2.150000,-0.750000,-0.301044
-2.100000,-0.750000,-0.326251
-2.050000,-0.750000,-0.353407
-2.000000,-0.750000,-0.382611
-1.950000,-0.750000,-0.413981
-1.900000,-0.750000,-0.447651
-1.850000,-0.750000,-0.483778
-1.800000,-0.750000,-0.522547
-1.750000,-0.750000,-0.564178
-1.700000,-0.750000,-0.608936
-1.650000,-0.750000,-0.657141
-1.600000,-0.750000,-0.709193
-1.550000,-0.750000,-0.765593
-1.500000,-0.750000,-0.826990
-1.450000,-0.750000,-0.860363
-1.400000,-0.750000,-0.892770
-1.350000,-0.750000,-0.852988
-1.300000,-0.750000,-0.801203
-1.250000,-0.750000,-0.753242
-1.200000,-0.750000,-0.708712
-1.150000,-0.750000,-0.667293
-1.100000,-0.750000,-0.628724
-1.050000,-0.750000,-0.592787
-1.000000,-0.750000,-0.559298
-0.950000,-0.750000,-0.528103
-0.900000,-0.750000,-0.499067
-0.850000,-0.750000,-0.472075
-0.800000,-0.750000,-0.447028
-0.750000,-0.750000,-0.423838
-0.700000,-0.750000,-0.402430
-0.650000,-0.750000,-0.382738
-0.600000,-0.750000,-0.364702
-0.550000,-0.750000,-0.348273
-0.500000,-0.750000,-0.333406
-0.450000,-0.750000,-0.320061
-0.400000,-0.750000,-0.308204
-0.350000,-0.750000,-0.297808
-0.300000,-0.750000,-0.288845
-0.250000,-0.750000,-0.281296
-0.200000,-0.750000,-0.275142
-0.150000,-0.750000,-0.270370
-0.100000,-0.750000,-0.266969
-0.050000,-0.750000,-0.264932
-0.000000,-0.750000,-0.264253
0.050000,-0.750000,-0.264932
0.100000,-0.750000,-0.266969
0.150000,-0.750000,-0.270370
0.200000,-0.750000,-0.275142
0.250000,-0.750000,-0.281296
0.300000,-0.750000,-0.288845
0.350000,-0.750000,-0.297808
0.400000,-0.750000,-0.308204
0.450000,-0.750000,-0.320061
0.500000,-0.750000,-0.333406
0.550000,-0.750000,-0.348273
0.600000,-0.750000,-0.364702
0.650000,-0.750000,-0.382738
0.700000,-0.750000,-0.402430
0.750000,-0.750000,-0.423838
0.800000,-0.750000,-0.447028
0.850000,-0.750000,-0.472075
0.900000,-0.750000,-0.499067
0.950000,-0.750000,-0.528103
1.000000,-0.750000,-0.559298
1.050000,-0.750000,-0.592787
1.100000,-0.750000,-0.628724
1.150000,-0.750000,-0.667293
1.200000,-0.750000,-0.708712
1.250000,-0.750000,-0.753242
1.300000,-0.750000,-0.801203
1.350000,-0.750000,-0.852988
1.400000,-0.750000,-0.909092
1.450000,-0.750000,-0.970157
1.500000,-0.750000,-1.037029
1.550000,-0.750000,-1.110881
1.600000,-0.750000,-1.125903
1.650000,-0.750000,-1.096268
1.700000,-0.750000,-1.068977
1.750000,-0.750000,-1.043899
1.800000,-0.750000,-1.020923
1.850000,-0.750000,-0.999952
1.900000,-0.750000,-0.980904
1.950000,-0.750000,-0.963708
2.000000,-0.750000,-0.948302
2.050000,-0.750000,-0.934634
2.100000,-0.750000,-0.922660
2.150000,-0.750000,-0.912340
2.200000,-0.750000,-0.903643
2.250000,-0.750000,-0.896543
2.300000,-0.750000,-0.891018
2.350000,-0.750000,-0.887054
2.400000,-0.750000,-0.884637
2.450000,-0.750000,-0.883762
2.500000,-0.750000,-0.884425
2.550000,-0.750000,-0.878661
2.600000,-0.750000,-0.853604
2.650000,-0.750000,-0.830276
2.700000,-0.750000,-0.808611
2.750000,-0.750000,-0.788551
2.800000,-0.750000,-0.770043
2.850000,-0.750000,-0.753042
2.900000,-0.750000,-0.737508
2.950000,-0.750000,-0.723405
3.000000,-0.750000,-0.710702
3.050000,-0.750000,-0.699370
3.100000,-0.750000,-0.689387
3.150000,-0.750000,-0.680731
3.200000,-0.750000,-0.673384
3.250000,-0.750000,-0.667334
3.300000,-0.750000,-0.662566
3.350000,-0.750000,-0.659073
3.400000,-0.750000,
3.450000,-0.750000,
3.500000,-0.750000,
-3.500000,-0.700000,
-3.450000,-0.700000,
-3.400000,-0.700000,-0.089098
-3.350000,-0.700000,-0.120044
-3.300000,-0.700000,-0.153335
-3.250000,-0.700000,-0.160664
-3.200000,-0.700000,-0.153203
-3.150000,-0.700000,-0.147149
-3.100000,-0.700000,-0.142489
-3.050000,-0.700000,-0.139213
-3.000000,-0.700000,-0.137312
-2.950000,-0.700000,-0.136783
-2.900000,-0.700000,-0.137625
-2.850000,-0.700000,-0.139838
-2.800000,-0.700000,-0.143430
-2.750000,-0.700000,-0.148406
-2.700000,-0.700000,-0.154780
-2.650000,-0.700000,-0.162565
-2.600000,-0.700000,-0.171781
-2.550000,-0.700000,-0.182449
-2.500000,-0.700000,-0.194596
-2.450000,-0.700000,-0.208252
-2.400000,-0.700000,-0.223453
-2.350000,-0.700000,-0.240241
-2.300000,-0.700000,-0.258661
-2.250000,-0.700000,-0.278768
-2.200000,-0.700000,-0.300623
-2.150000,-0.700000,-0.324296
-2.100000,-0.700000,-0.349866
-2.050000,-0.700000,-0.377426
-2.000000,-0.700000,-0.407082
-1.950000,-0.700000,-0.438957
-1.900000,-0.700000,-0.473191
-1.850000,-0.700000,-0.509954
-1.800000,-0.700000,-0.549441
-1.750000,-0.700000,-0.591890
-1.700000,-0.700000,-0.637584
-1.650000,-0.700000,-0.686872
-1.600000,-0.700000,-0.740190
-1.550000,-0.700000,-0.788482
-1.500000,-0.700000,-0.816521
-1.450000,-0.700000,-0.846550
-1.400000,-0.700000,-0.878680
-1.350000,-0.700000,-0.824394
-1.300000,-0.700000,-0.773720
-1.250000,-0.700000,-0.726714
-1.200000,-0.700000,-0.683013
-1.150000,-0.700000,-0.642321
-1.100000,-0.700000,-0.604393
-1.050000,-0.700000,-0.569024
-1.000000,-0.700000,-0.536043
-0.950000,-0.700000,-0.505300
-0.900000,-0.700000,-0.476671
-0.850000,-0.700000,-0.450044
-0.800000,-0.700000,-0.425325
-0.750000,-0.700000,-0.402430
-0.700000,-0.700000,-0.381288
-0.650000,-0.700000,-0.361834
-0.600000,-0.700000,-0.344013
-0.550000,-0.700000,-0.327775
-0.500000,-0.700000,-0.313077
-0.450000,-0.700000,-0.299882
-0.400000,-0.700000,-0.288157
-0.350000,-0.700000,-0.277875
-0.300000,-0.700000,-0.269009
-0.250000,-0.700000,-0.261541
-0.200000,-0.700000,-0.255453
-0.150000,-0.700000,-0.250732
-0.100000,-0.700000,-0.247367
-0.050000,-0.700000,-0.245351
-0.000000,-0.700000,-0.244679
0.050000,-0.700000,-0.245351
0.100000,-0.700000,-0.247367
0.150000,-0.700000,-0.250732
0.200000,-0.700000,-0.255453
0.250000,-0.700000,-0.261541
0.300000,-0.700000,-0.269009
0.350000,-0.700000,-0.277875
0.400000,-0.700000,-0.288157
0.450000,-0.700000,-0.299882
0.500000,-0.700000,-0.313077
0.550000,-0.700000,-0.327775
0.600000,-0.700000,-0.344013
0.650000,-0.700000,-0.361834
0.700000,-0.700000,-0.381288
0.750000,-0.700000,-0.402430
0.800000,-0.700000,-0.425325
0.850000,-0.700000,-0.450044
0.900000,-0.700000,-0.476671
0.950000,-0.700000,-0.505300
1.000000,-0.700000,-0.536043
1.050000,-0.700000,-0.569024
1.100000,-0.700000,-0.604393
1.150000,-0.700000,-0.642321
1.200000,-0.700000,-0.683013
1.250000,-0.700000,-0.726714
1.300000,-0.700000,-0.773720
1.350000,-0.700000,-0.824394
1.400000,-0.700000,-0.879190
1.450000,-0.700000,-0.938690
1.500000,-0.700000,-1.003653
1.550000,-0.700000,-1.075112
1.600000,-0.700000,-1.085919
1.650000,-0.700000,-1.057100
1.700000,-0.700000,-1.030532
1.750000,-0.700000,-1.006095
1.800000,-0.700000,-0.983689
1.850000,-0.700000,-0.963223
1.900000,-0.700000,-0.944622
1.950000,-0.700000,-0.927820
2.000000,-0.700000,-0.912761
2.050000,-0.700000,-0.899395
2.100000,-0.700000,-0.887681
2.150000,-0.700000,-0.877582
2.200000,-0.700000,-0.869069
2.250000,-0.700000,-0.862118
2.300000,-0.700000,-0.856709
2.350000,-0.700000,-0.852826
2.400000,-0.700000,-0.850460
2.450000,-0.700000,-0.849602
2.500000,-0.700000,-0.850252
2.550000,-0.700000,-0.852411
2.600000,-0.700000,-0.849845
2.650000,-0.700000,-0.826566
2.700000,-0.700000,-0.804945
2.750000,-0.700000,-0.784924
2.800000,-0.700000,-0.766452
2.850000,-0.700000,-0.749484
2.900000,-0.700000,-0.733978
2.950000,-0.700000,-0.719901
3.000000,-0.700000,-0.707221
3.050000,-0.700000,-0.695909
3.100000,-0.700000,-0.685944
3.150000,-0.700000,-0.677303
3.200000,-0.700000,-0.669969
3.250000,-0.700000,-0.663929
3.300000,-0.700000,-0.659170
3.350000,-0.700000,-0.655682
3.400000,-0.700000,
3.450000,-0.700000,
3.500000,-0.700000,
-3.500000,-0.650000,
-3.450000,-0.650000,
-3.400000,-0.650000,-0.118314
-3.350000,-0.650000,-0.149873
-3.300000,-0.650000,-0.183852
-3.250000,-0.650000,-0.183486
-3.200000,-0.650000,-0.175929
-3.150000,-0.650000,-0.169798
-3.100000,-0.650000,-0.165079
-3.050000,-0.650000,-0.161762
-3.000000,-0.650000,-0.159838
-2.950000,-0.650000,-0.159302
-2.900000,-0.650000,-0.160154
-2.850000,-0.650000,-0.162396
-2.800000,-0.650000,-0.166032
-2.750000,-0.650000,-0.171071
-2.700000,-0.650000,-0.177526
-2.650000,-0.650000,-0.185411
-2.600000,-0.650000,-0.194746
-2.550000,-0.650000,-0.205553
-2.500000,-0.650000,-0.217861
-2.450000,-0.650000,-0.231701
-2.400000,-0.650000,-0.247111
-2.350000,-0.650000,-0.264132
-2.300000,-0.650000,-0.282815
-2.250000,-0.650000,-0.303214
-2.200000,-0.650000,-0.325396
-2.150000,-0.650000,-0.349432
-2.100000,-0.650000,-0.375408
-2.050000,-0.650000,-0.403420
-2.000000,-0.650000,-0.433580
-1.950000,-0.650000,-0.466019
-1.900000,-0.650000,-0.500888
-1.850000,-0.650000,-0.538366
-1.800000,-0.650000,-0.578665
-1.750000,-0.650000,-0.622039
-1.700000,-0.650000,-0.668798
-1.650000,-0.650000,-0.719325
-1.600000,-0.650000,-0.750731
-1.550000,-0.650000,-0.776699
-1.500000,-0.650000,-0.804542
-1.450000,-0.650000,-0.834355
-1.400000,-0.650000,-0.851991
-1.350000,-0.650000,-0.798333
-1.300000,-0.650000,-0.748632
-1.250000,-0.650000,-0.702465
-1.200000,-0.650000,-0.659497
-1.150000,-0.650000,-0.619448
-1.100000,-0.650000,-0.582089
-1.050000,-0.650000,-0.547226
-1.000000,-0.650000,-0.514696
-0.950000,-0.650000,-0.484359
-0.900000,-0.650000,-0.456092
-0.850000,-0.650000,-0.429792
-0.800000,-0.650000,-0.405367
-0.750000,-0.650000,-0.382738
-0.700000,-0.650000,-0.361834
-0.650000,-0.650000,-0.342595
-0.600000,-0.650000,-0.324966
-0.550000,-0.650000,-0.308900
-0.500000,-0.650000,-0.294355
-0.450000,-0.650000,-0.281296
-0.400000,-0.650000,-0.269690
-0.350000,-0.650000,-0.259510
-0.300000,-0.650000,-0.250732
-0.250000,-0.650000,-0.243337
-0.200000,-0.650000,-0.237309
-0.150000,-0.650000,-0.232633
-0.100000,-0.650000,-0.229301
-0.050000,-0.650000,-0.227304
-0.000000,-0.650000,-0.226639
0.050000,-0.650000,-0.227304
0.100000,-0.650000,-0.229301
0.150000,-0.650000,-0.232633
0.200000,-0.650000,-0.237309
0.250000,-0.650000,-0.243337
0.300000,-0.650000,-0.250732
0.350000,-0.650000,-0.259510
0.400000,-0.650000,-0.269690
0.450000,-0.650000,-0.281296
0.500000,-0.650000,-0.294355
0.550000,-0.650000,-0.308900
0.600000,-0.650000,-0.324966
0.650000,-0.650000,-0.342595
0.700000,-0.650000,-0.361834
0.750000,-0.650000,-0.382738
0.800000,-0.650000,-0.405367
0.850000,-0.650000,-0.429792
0.900000,-0.650000,-0.456092
0.950000,-0.650000,-0.484359
1.000000,-0.650000,-0.514696
1.050000,-0.650000,-0.547226
1.100000,-0.650000,-0.582089
1.150000,-0.650000,-0.619448
1.200000,-0.650000,-0.659497
1.250000,-0.650000,-0.702465
1.300000,-0.650000,-0.748632
1.350000,-0.650000,-0.798333
1.400000,-0.650000,-0.851991
1.450000,-0.650000,-0.910137
1.500000,-0.650000,-0.973462
1.550000,-0.650000,-1.042890
1.600000,-0.650000,-1.048739
1.650000,-0.650000,-1.020640
1.700000,-0.650000,-0.994711
1.750000,-0.650000,-0.970844
1.800000,-0.650000,-0.948944
1.850000,-0.650000,-0.928928
1.900000,-0.650000,-0.910726
1.950000,-0.650000,-0.894277
2.000000,-0.650000,-0.879528
2.050000,-0.650000,-0.866432
2.100000,-0.650000,-0.854951
2.150000,-0.650000,-0.845051
2.200000,-0.650000,-0.836705
2.250000,-0.650000,-0.829887
2.300000,-0.650000,-0.824582
2.350000,-0.650000,-0.820773
2.400000,-0.650000,-0.818451
2.450000,-0.650000,-0.817610
2.500000,-0.650000,-0.818247
2.550000,-0.650000,-0.820365
2.600000,-0.650000,-0.823969
2.650000,-0.650000,-0.824240
2.700000,-0.650000,-0.802646
2.750000,-0.650000,-0.782650
2.800000,-0.650000,-0.764201
2.850000,-0.650000,-0.747253
2.900000,-0.650000,-0.731766
2.950000,-0.650000,-0.717705
3.000000,-0.650000,-0.705039
3.050000,-0.650000,-0.693740
3.100000,-0.650000,-0.683785
3.150000,-0.650000,-0.675154
3.200000,-0.650000,-0.667829
3.250000,-0.650000,-0.661795
3.300000,-0.650000,-0.657041
3.350000,-0.650000,-0.653557
3.400000,-0.650000,
3.450000,-0.650000,
3.500000,-0.650000,
-3.500000,-0.600000,
-3.450000,-0.600000,
-3.400000,-0.600000,-0.149799
-3.350000,-0.600000,-0.182045
-3.300000,-0.600000,-0.216799
-3.250000,-0.600000,-0.208029
-3.200000,-0.600000,-0.200367
-3.150000,-0.600000,-0.194151
-3.100000,-0.600000,-0.189368
-3.050000,-0.600000,-0.186005
-3.000000,-0.600000,-0.184055
-2.950000,-0.600000,-0.183512
-2.900000,-0.600000,-0.184375
-2.850000,-0.600000,-0.186647
-2.800000,-0.600000,-0.190334
-2.750000,-0.600000,-0.195442
-2.700000,-0.600000,-0.201986
-2.650000,-0.600000,-0.209982
-2.600000,-0.600000,-0.219448
-2.550000,-0.600000,-0.230410
-2.500000,-0.600000,-0.242896
-2.450000,-0.600000,-0.256939
-2.400000,-0.600000,-0.272579
-2.350000,-0.600000,-0.289859
-2.300000,-0.600000,-0.308833
-2.250000,-0.600000,-0.329558
-2.200000,-0.600000,-0.352102
-2.150000,-0.600000,-0.376543
-2.100000,-0.600000,-0.402971
-2.050000,-0.600000,-0.431488
-2.000000,-0.600000,-0.462213
-1.950000,-0.600000,-0.495285
-1.900000,-0.600000,-0.530867
-1.850000,-0.600000,-0.569151
-1.800000,-0.600000,-0.610368
-1.750000,-0.600000,-0.654794
-1.700000,-0.600000,-0.694256
-1.650000,-0.600000,-0.716587
-1.600000,-0.600000,-0.740625
-1.550000,-0.600000,-0.766441
-1.500000,-0.600000,-0.794116
-1.450000,-0.600000,-0.823743
-1.400000,-0.600000,-0.827322
-1.350000,-0.600000,-0.774658
-1.300000,-0.600000,-0.725808
-1.250000,-0.600000,-0.680381
-1.200000,-0.600000,-0.638058
-1.150000,-0.600000,-0.598579
-1.100000,-0.600000,-0.561724
-1.050000,-0.600000,-0.527311
-1.000000,-0.600000,-0.495183
-0.950000,-0.600000,-0.465206
-0.900000,-0.600000,-0.437264
-0.850000,-0.600000,-0.411256
-0.800000,-0.600000,-0.387094
-0.750000,-0.600000,-0.364702
-0.700000,-0.600000,-0.344013
-0.650000,-0.600000,-0.324966
-0.600000,-0.600000,-0.307509
-0.550000,-0.600000,-0.291598
-0.500000,-0.600000,-0.277191
-0.450000,-0.600000,-0.264253
-0.400000,-0.600000,-0.252754
-0.350000,-0.600000,-0.242666
-0.300000,-0.600000,-0.233968
-0.250000,-0.600000,-0.226639
-0.200000,-0.600000,-0.220664
-0.150000,-0.600000,-0.216029
-0.100000,-0.600000,-0.212726
-0.050000,-0.600000,-0.210747
-0.000000,-0.600000,-0.210088
0.050000,-0.600000,-0.210747
0.100000,-0.600000,-0.212726
0.150000,-0.600000,-0.216029
0.200000,-0.600000,-0.220664
0.250000,-0.600000,-0.226639
0.300000,-0.600000,-0.233968
0.350000,-0.600000,-0.242666
0.400000,-0.600000,-0.252754
0.450000,-0.600000,-0.264253
0.500000,-0.600000,-0.277191
0.550000,-0.600000,-0.291598
0.600000,-0.600000,-0.307509
0.650000,-0.600000,-0.324966
0.700000,-0.600000,-0.344013
0.750000,-0.600000,-0.364702
0.800000,-0.600000,-0.387094
0.850000,-0.600000,-0.411256
0.900000,-0.600000,-0.437264
0.950000,-0.600000,-0.465206
1.000000,-0.600000,-0.495183
1.050000,-0.600000,-0.527311
1.100000,-0.600000,-0.561724
1.150000,-0.600000,-0.598579
1.200000,-0.600000,-0.638058
1.250000,-0.600000,-0.680381
1.300000,-0.600000,-0.725808
1.350000,-0.600000,-0.774658
1.400000,-0.600000,-0.827322
1.450000,-0.600000,-0.884294
1.500000,-0.600000,-0.946207
1.550000,-0.600000,-1.013902
1.600000,-0.600000,-1.014155
1.650000,-0.600000,-0.986694
1.700000,-0.600000,-0.961334
1.750000,-0.600000,-0.937974
1.800000,-0.600000,-0.916525
1.850000,-0.600000,-0.896912
1.900000,-0.600000,-0.879068
1.950000,-0.600000,-0.862935
2.000000,-0.600000,-0.848464
2.050000,-0.600000,-0.835612
2.100000,-0.600000,-0.824341
2.150000,-0.600000,-0.814620
2.200000,-0.600000,-0.806422
2.250000,-0.600000,-0.799726
2.300000,-0.600000,-0.794513
2.350000,-0.600000,-0.790771
2.400000,-0.600000,-0.788490
2.450000,-0.600000,-0.787663
2.500000,-0.600000,-0.788290
2.550000,-0.600000,-0.790371
2.600000,-0.600000,-0.793911
2.650000,-0.600000,-0.798920
2.700000,-0.600000,-0.801712
2.750000,-0.600000,-0.781726
2.800000,-0.600000,-0.763285
2.850000,-0.600000,-0.746345
2.900000,-0.600000,-0.730866
2.950000,-0.600000,-0.716811
3.000000,-0.600000,-0.704151
3.050000,-0.600000,-0.692858
3.100000,-0.600000,-0.682907
3.150000,-0.600000,-0.674280
3.200000,-0.600000,-0.666958
3.250000,-0.600000,-0.660927
3.300000,-0.600000,-0.656174
3.350000,-0.600000,-0.652692
3.400000,-0.600000,
3.450000,-0.600000,
3.500000,-0.600000,
-3.500000,-0.550000,
-3.450000,-0.550000,-0.153113
-3.400000,-0.550000,-0.183700
-3.350000,-0.550000,-0.216721
-3.300000,-0.550000,-0.243637
-3.250000,-0.550000,-0.234368
-3.200000,-0.550000,-0.226589
-3.150000,-0.550000,-0.220280
-3.100000,-0.550000,-0.215425
-3.050000,-0.550000,-0.212012
-3.000000,-0.550000,-0.210033
-2.950000,-0.550000,-0.209482
-2.900000,-0.550000,-0.210358
-2.850000,-0.550000,-0.212664
-2.800000,-0.550000,-0.216405
-2.750000,-0.550000,-0.221591
-2.700000,-0.550000,-0.228233
-2.650000,-0.550000,-0.236350
-2.600000,-0.550000,-0.245962
-2.550000,-0.550000,-0.257095
-2.500000,-0.550000,-0.269777
-2.450000,-0.550000,-0.284046
-2.400000,-0.550000,-0.299940
-2.350000,-0.550000,-0.317509
-2.300000,-0.550000,-0.336805
-2.250000,-0.550000,-0.357891
-2.200000,-0.550000,-0.380840
-2.150000,-0.550000,-0.405733
-2.100000,-0.550000,-0.432665
-2.050000,-0.550000,-0.461746
-2.000000,-0.550000,-0.493104
-1.950000,-0.550000,-0.526888
-1.900000,-0.550000,-0.563274
-1.850000,-0.550000,-0.602472
-1.800000,-0.550000,-0.644731
-1.750000,-0.550000,-0.665253
-1.700000,-0.550000,-0.685845
-1.650000,-0.550000,-0.708071
-1.600000,-0.550000,-0.731992
-1.550000,-0.550000,-0.757681
-1.500000,-0.550000,-0.785214
-1.450000,-0.550000,-0.814684
-1.400000,-0.550000,-0.805040
-1.350000,-0.550000,-0.753242
-1.300000,-0.550000,-0.705139
-1.250000,-0.550000,-0.660361
-1.200000,-0.550000,-0.618607
-1.150000,-0.550000,-0.579631
-1.100000,-0.550000,-0.543223
-1.050000,-0.550000,-0.509209
-1.000000,-0.550000,-0.477438
-0.950000,-0.550000,-0.447781
-0.900000,-0.550000,-0.420128
-0.850000,-0.550000,-0.394380
-0.800000,-0.550000,-0.370453
-0.750000,-0.550000,-0.348273
-0.700000,-0.550000,-0.327775
-0.650000,-0.550000,-0.308900
-0.600000,-0.550000,-0.291598
-0.550000,-0.550000,-0.275825
-0.500000,-0.550000,-0.261541
-0.450000,-0.550000,-0.248712
-0.400000,-0.550000,-0.237309
-0.350000,-0.550000,-0.227304
-0.300000,-0.550000,-0.218676
-0.250000,-0.550000,-0.211406
-0.200000,-0.550000,-0.205479
-0.150000,-0.550000,-0.200882
-0.100000,-0.550000,-0.197605
-0.050000,-0.550000,-0.195641
-0.000000,-0.550000,-0.194987
0.050000,-0.550000,-0.195641
0.100000,-0.550000,-0.197605
0.150000,-0.550000,-0.200882
0.200000,-0.550000,-0.205479
0.250000,-0.550000,-0.211406
0.300000,-0.550000,-0.218676
0.350000,-0.550000,-0.227304
0.400000,-0.550000,-0.237309
0.450000,-0.550000,-0.248712
0.500000,-0.550000,-0.261541
0.550000,-0.550000,-0.275825
0.600000,-0.550000,-0.291598
0.650000,-0.550000,-0.308900
0.700000,-0.550000,-0.327775
0.750000,-0.550000,-0.348273
0.800000,-0.550000,-0.370453
0.850000,-0.550000,-0.394380
0.900000,-0.550000,-0.420128
0.950000,-0.550000,-0.447781
1.000000,-0.550000,-0.477438
1.050000,-0.550000,-0.509209
1.100000,-0.550000,-0.543223
1.150000,-0.550000,-0.579631
1.200000,-0.550000,-0.618607
1.250000,-0.550000,-0.660361
1.300000,-0.550000,-0.705139
1.350000,-0.550000,-0.753242
1.400000,-0.550000,-0.805040
1.450000,-0.550000,-0.860992
1.500000,-0.550000,-0.921687
1.550000,-0.550000,-0.987896
1.600000,-0.550000,-0.981989
1.650000,-0.550000,-0.955096
1.700000,-0.550000,-0.930244
1.750000,-0.550000,-0.907337
1.800000,-0.550000,-0.886294
1.850000,-0.550000,-0.867042
1.900000,-0.550000,-0.849519
1.950000,-0.550000,-0.833671
2.000000,-0.550000,-0.819451
2.050000,-0.550000,-0.806817
2.100000,-0.550000,-0.795736
2.150000,-0.550000,-0.786176
2.200000,-0.550000,-0.778113
2.250000,-0.550000,-0.771526
2.300000,-0.550000,-0.766398
2.350000,-0.550000,-0.762716
2.400000,-0.550000,-0.760471
2.450000,-0.550000,-0.759658
2.500000,-0.550000,-0.760274
2.550000,-0.550000,-0.762322
2.600000,-0.550000,-0.765805
2.650000,-0.550000,-0.770733
2.700000,-0.550000,-0.777119
2.750000,-0.550000,-0.782148
2.800000,-0.550000,-0.763703
2.850000,-0.550000,-0.746759
2.900000,-0.550000,-0.731277
2.950000,-0.550000,-0.717219
3.000000,-0.550000,-0.704556
3.050000,-0.550000,-0.693260
3.100000,-0.550000,-0.683308
3.150000,-0.550000,-0.674679
3.200000,-0.550000,-0.667355
3.250000,-0.550000,-0.661323
3.300000,-0.550000,-0.656570
3.350000,-0.550000,-0.653087
3.400000,-0.550000,
3.450000,-0.550000,
3.500000,-0.550000,
-3.500000,-0.500000,
-3.450000,-0.500000,-0.188829
-3.400000,-0.500000,-0.220193
-3.350000,-0.500000,-0.254091
-3.300000,-0.500000,-0.272010
-3.250000,-0.500000,-0.262586
-3.200000,-0.500000,-0.254679
-3.150000,-0.500000,-0.248266
-3.100000,-0.500000,-0.243332
-3.050000,-0.500000,-0.239864
-3.000000,-0.500000,-0.237852
-2.950000,-0.500000,-0.237293
-2.900000,-0.500000,-0.238183
-2.850000,-0.500000,-0.240526
-2.800000,-0.500000,-0.244328
-2.750000,-0.500000,-0.249598
-2.700000,-0.500000,-0.256350
-2.650000,-0.500000,-0.264601
-2.600000,-0.500000,-0.274374
-2.550000,-0.500000,-0.285695
-2.500000,-0.500000,-0.298596
-2.450000,-0.500000,-0.313114
-2.400000,-0.500000,-0.329292
-2.350000,-0.500000,-0.347179
-2.300000,-0.500000,-0.366835
-2.250000,-0.500000,-0.388324
-2.200000,-0.500000,-0.411723
-2.150000,-0.500000,-0.437120
-2.100000,-0.500000,-0.464616
-2.050000,-0.500000,-0.494331
-2.000000,-0.500000,-0.526401
-1.950000,-0.500000,-0.560988
-1.900000,-0.500000,-0.598284
-1.850000,-0.500000,-0.621977
-1.800000,-0.500000,-0.639394
-1.750000,-0.500000,-0.658334
-1.700000,-0.500000,-0.678847
-1.650000,-0.500000,-0.700987
-1.600000,-0.500000,-0.724813
-1.550000,-0.500000,-0.750395
-1.500000,-0.500000,-0.777812
-1.450000,-0.500000,-0.807153
-1.400000,-0.500000,-0.785023
-1.350000,-0.500000,-0.733981
-1.300000,-0.500000,-0.686530
-1.250000,-0.500000,-0.642321
-1.200000,-0.500000,-0.601068
-1.150000,-0.500000,-0.562534
-1.100000,-0.500000,-0.526520
-1.050000,-0.500000,-0.492858
-1.000000,-0.500000,-0.461402
-0.950000,-0.500000,-0.432030
-0.900000,-0.500000,-0.404632
-0.850000,-0.500000,-0.379116
-0.800000,-0.500000,-0.355397
-0.750000,-0.500000,-0.333406
-0.700000,-0.500000,-0.313077
-0.650000,-0.500000,-0.294355
-0.600000,-0.500000,-0.277191
-0.550000,-0.500000,-0.261541
-0.500000,-0.500000,-0.247367
-0.450000,-0.500000,-0.234635
-0.400000,-0.500000,-0.223317
-0.350000,-0.500000,-0.213386
-0.300000,-0.500000,-0.204822
-0.250000,-0.500000,-0.197605
-0.200000,-0.500000,-0.191720
-0.150000,-0.500000,-0.187155
-0.100000,-0.500000,-0.183902
-0.050000,-0.500000,-0.181952
-0.000000,-0.500000,-0.181303
0.050000,-0.500000,-0.181952
0.100000,-0.500000,-0.183902
0.150000,-0.500000,-0.187155
0.200000,-0.500000,-0.191720
0.250000,-0.500000,-0.197605
0.300000,-0.500000,-0.204822
0.350000,-0.500000,-0.213386
0.400000,-0.500000,-0.223317
0.450000,-0.500000,-0.234635
0.500000,-0.500000,-0.247367
0.550000,-0.500000,-0.261541
0.600000,-0.500000,-0.277191
0.650000,-0.500000,-0.294355
0.700000,-0.500000,-0.313077
0.750000,-0.500000,-0.333406
0.800000,-0.500000,-0.355397
0.850000,-0.500000,-0.379116
0.900000,-0.500000,-0.404632
0.950000,-0.500000,-0.432030
1.000000,-0.500000,-0.461402
1.050000,-0.500000,-0.492858
1.100000,-0.500000,-0.526520
1.150000,-0.500000,-0.562534
1.200000,-0.500000,-0.601068
1.250000,-0.500000,-0.642321
1.300000,-0.500000,-0.686530
1.350000,-0.500000,-0.733981
1.400000,-0.500000,-0.785023
1.450000,-0.500000,-0.840090
1.500000,-0.500000,-0.899733
1.550000,-0.500000,-0.964669
1.600000,-0.500000,-0.952093
1.650000,-0.500000,-0.925708
1.700000,-0.500000,-0.901310
1.750000,-0.500000,-0.878809
1.800000,-0.500000,-0.858130
1.850000,-0.500000,-0.839202
1.900000,-0.500000,-0.821968
1.950000,-0.500000,-0.806377
2.000000,-0.500000,-0.792383
2.050000,-0.500000,-0.779947
2.100000,-0.500000,-0.769037
2.150000,-0.500000,-0.759623
2.200000,-0.500000,-0.751682
2.250000,-0.500000,-0.745193
2.300000,-0.500000,-0.740142
2.350000,-0.500000,-0.736514
2.400000,-0.500000,-0.734303
2.450000,-0.500000,-0.733501
2.500000,-0.500000,-0.734109
2.550000,-0.500000,-0.736126
2.600000,-0.500000,-0.739558
2.650000,-0.500000,-0.744413
2.700000,-0.500000,-0.750702
2.750000,-0.500000,-0.758443
2.800000,-0.500000,-0.765455
2.850000,-0.500000,-0.748496
2.900000,-0.500000,-0.732999
2.950000,-0.500000,-0.718929
3.000000,-0.500000,-0.706255
3.050000,-0.500000,-0.694949
3.100000,-0.500000,-0.684988
3.150000,-0.500000,-0.676352
3.200000,-0.500000,-0.669022
3.250000,-0.500000,-0.662984
3.300000,-0.500000,-0.658227
3.350000,-0.500000,-0.654741
3.400000,-0.500000,-0.652520
3.450000,-0.500000,
3.500000,-0.500000,
-3.500000,-0.450000,
-3.450000,-0.450000,-0.227240
-3.400000,-0.450000,-0.259484
-3.350000,-0.450000,-0.294381
-3.300000,-0.450000,-0.302374
-3.250000,-0.450000,-0.292778
-3.200000,-0.450000,-0.284728
-3.150000,-0.450000,-0.278201
-3.100000,-0.450000,-0.273180
-3.050000,-0.450000,-0.269650
-3.000000,-0.450000,-0.267603
-2.950000,-0.450000,-0.267034
-2.900000,-0.450000,-0.267940
-2.850000,-0.450000,-0.270324
-2.800000,-0.450000,-0.274193
-2.750000,-0.450000,-0.279557
-2.700000,-0.450000,-0.286429
-2.650000,-0.450000,-0.294830
-2.600000,-0.450000,-0.304781
-2.550000,-0.450000,-0.316311
-2.500000,-0.450000,-0.329454
-2.450000,-0.450000,-0.344249
-2.400000,-0.450000,-0.360741
-2.350000,-0.450000,-0.378985
-2.300000,-0.450000,-0.399040
-2.250000,-0.450000,-0.420978
-2.200000,-0.450000,-0.444881
-2.150000,-0.450000,-0.470843
-2.100000,-0.450000,-0.498973
-2.050000,-0.450000,-0.529400
-2.000000,-0.450000,-0.562274
-1.950000,-0.450000,-0.586211
-1.900000,-0.450000,-0.600659
-1.850000,-0.450000,-0.616547
-1.800000,-0.450000,-0.633912
-1.750000,-0.450000,-0.652797
-1.700000,-0.450000,-0.673248
-1.650000,-0.450000,-0.695318
-1.600000,-0.450000,-0.719068
-1.550000,-0.450000,-0.744567
-1.500000,-0.450000,-0.771891
-1.450000,-0.450000,-0.801129
-1.400000,-0.450000,-0.767170
-1.350000,-0.450000,-0.716784
-1.300000,-0.450000,-0.669901
-1.250000,-0.450000,-0.626188
-1.200000,-0.450000,-0.585372
-1.150000,-0.450000,-0.547226
-1.100000,-0.450000,-0.511558
-1.050000,-0.450000,-0.478205
-1.000000,-0.450000,-0.447028
-0.950000,-0.450000,-0.417905
-0.900000,-0.450000,-0.390733
-0.850000,-0.450000,-0.365420
-0.800000,-0.450000,-0.341886
-0.750000,-0.450000,-0.320061
-0.700000,-0.450000,-0.299882
-0.650000,-0.450000,-0.281296
-0.600000,-0.450000,-0.264253
-0.550000,-0.450000,-0.248712
-0.500000,-0.450000,-0.234635
-0.450000,-0.450000,-0.221990
-0.400000,-0.450000,-0.210747
-0.350000,-0.450000,-0.200882
-0.300000,-0.450000,-0.192373
-0.250000,-0.450000,-0.185203
-0.200000,-0.450000,-0.179356
-0.150000,-0.450000,-0.174821
-0.100000,-0.450000,-0.171588
-0.050000,-0.450000,-0.169651
-0.000000,-0.450000,-0.169005
0.050000,-0.450000,-0.169651
0.100000,-0.450000,-0.171588
0.150000,-0.450000,-0.174821
0.200000,-0.450000,-0.179356
0.250000,-0.450000,-0.185203
0.300000,-0.450000,-0.192373
0.350000,-0.450000,-0.200882
0.400000,-0.450000,-0.210747
0.450000,-0.450000,-0.221990
0.500000,-0.450000,-0.234635
0.550000,-0.450000,-0.248712
0.600000,-0.450000,-0.264253
0.650000,-0.450000,-0.281296
0.700000,-0.450000,-0.299882
0.750000,-0.450000,-0.320061
0.800000,-0.450000,-0.341886
0.850000,-0.450000,-0.365420
0.900000,-0.450000,-0.390733
0.950000,-0.450000,-0.417905
1.000000,-0.450000,-0.447028
1.050000,-0.450000,-0.478205
1.100000,-0.450000,-0.511558
1.150000,-0.450000,-0.547226
1.200000,-0.450000,-0.585372
1.250000,-0.450000,-0.626188
1.300000,-0.450000,-0.669901
1.350000,-0.450000,-0.716784
1.400000,-0.450000,-0.767170
1.450000,-0.450000,-0.821472
1.500000,-0.450000,-0.880209
1.550000,-0.450000,-0.944054
1.600000,-0.450000,-0.924336
1.650000,-0.450000,-0.898406
1.700000,-0.450000,-0.874416
1.750000,-0.450000,-0.852281
1.800000,-0.450000,-0.831928
1.850000,-0.450000,-0.813293
1.900000,-0.450000,-0.796320
1.950000,-0.450000,-0.780960
2.000000,-0.450000,-0.767170
2.050000,-0.450000,-0.754913
2.100000,-0.450000,-0.744157
2.150000,-0.450000,-0.734876
2.200000,-0.450000,-0.727045
2.250000,-0.450000,-0.720646
2.300000,-0.450000,-0.715663
2.350000,-0.450000,-0.712085
2.400000,-0.450000,-0.709904
2.450000,-0.450000,-0.709113
2.500000,-0.450000,-0.709712
2.550000,-0.450000,-0.711702
2.600000,-0.450000,-0.715087
2.650000,-0.450000,-0.719876
2.700000,-0.450000,-0.726079
2.750000,-0.450000,-0.733712
2.800000,-0.450000,-0.742792
2.850000,-0.450000,-0.751559
2.900000,-0.450000,-0.736037
2.950000,-0.450000,-0.721944
3.000000,-0.450000,-0.709250
3.050000,-0.450000,-0.697927
3.100000,-0.450000,-0.687951
3.150000,-0.450000,-0.679301
3.200000,-0.450000,-0.671961
3.250000,-0.450000,-0.665914
3.300000,-0.450000,-0.661150
3.350000,-0.450000,-0.657659
3.400000,-0.450000,-0.655435
3.450000,-0.450000,
3.500000,-0.450000,
-3.500000,-0.400000,
-3.450000,-0.400000,-0.268573
-3.400000,-0.400000,-0.301823
-3.350000,-0.400000,-0.337865
-3.300000,-0.400000,-0.334840
-3.250000,-0.400000,-0.325054
-3.200000,-0.400000,-0.316846
-3.150000,-0.400000,-0.310192
-3.100000,-0.400000,-0.305073
-3.050000,-0.400000,-0.301476
-3.000000,-0.400000,-0.299390
-2.950000,-0.400000,-0.298810
-2.900000,-0.400000,-0.299733
-2.850000,-0.400000,-0.302163
-2.800000,-0.400000,-0.306106
-2.750000,-0.400000,-0.311574
-2.700000,-0.400000,-0.318580
-2.650000,-0.400000,-0.327146
-2.600000,-0.400000,-0.337295
-2.550000,-0.400000,-0.349058
-2.500000,-0.400000,-0.362470
-2.450000,-0.400000,-0.377573
-2.400000,-0.400000,-0.394416
-2.350000,-0.400000,-0.413056
-2.300000,-0.400000,-0.433559
-2.250000,-0.400000,-0.456000
-2.200000,-0.400000,-0.480468
-2.150000,-0.400000,-0.507065
-2.100000,-0.400000,-0.535910
-2.050000,-0.400000,-0.557539
-2.000000,-0.400000,-0.569175
-1.950000,-0.400000,-0.582188
-1.900000,-0.400000,-0.596605
-1.850000,-0.400000,-0.612459
-1.800000,-0.400000,-0.629786
-1.750000,-0.400000,-0.648629
-1.700000,-0.400000,-0.669033
-1.650000,-0.400000,-0.691052
-1.600000,-0.400000,-0.714745
-1.550000,-0.400000,-0.740181
-1.500000,-0.400000,-0.767436
-1.450000,-0.400000,-0.796597
-1.400000,-0.400000,-0.751396
-1.350000,-0.400000,-0.701575
-1.300000,-0.400000,-0.655184
-1.250000,-0.400000,-0.611901
-1.200000,-0.400000,-0.571466
-1.150000,-0.400000,-0.533657
-1.100000,-0.400000,-0.498290
-1.050000,-0.400000,-0.465206
-1.000000,-0.400000,-0.434271
-0.950000,-0.400000,-0.405367
-0.900000,-0.400000,-0.378392
-0.850000,-0.400000,-0.353257
-0.800000,-0.400000,-0.329884
-0.750000,-0.400000,-0.308204
-0.700000,-0.400000,-0.288157
-0.650000,-0.400000,-0.269690
-0.600000,-0.400000,-0.252754
-0.550000,-0.400000,-0.237309
-0.500000,-0.400000,-0.223317
-0.450000,-0.400000,-0.210747
-0.400000,-0.400000,-0.199570
-0.350000,-0.400000,-0.189762
-0.300000,-0.400000,-0.181303
-0.250000,-0.400000,-0.174174
-0.200000,-0.400000,-0.168360
-0.150000,-0.400000,-0.163851
-0.100000,-0.400000,-0.160636
-0.050000,-0.400000,-0.158710
-0.000000,-0.400000,-0.158068
0.050000,-0.400000,-0.158710
0.100000,-0.400000,-0.160636
0.150000,-0.400000,-0.163851
0.200000,-0.400000,-0.168360
0.250000,-0.400000,-0.174174
0.300000,-0.400000,-0.181303
0.350000,-0.400000,-0.189762
0.400000,-0.400000,-0.199570
0.450000,-0.400000,-0.210747
0.500000,-0.400000,-0.223317
0.550000,-0.400000,-0.237309
0.600000,-0.400000,-0.252754
0.650000,-0.400000,-0.269690
0.700000,-0.400000,-0.288157
0.750000,-0.400000,-0.308204
0.800000,-0.400000,-0.329884
0.850000,-0.400000,-0.353257
0.900000,-0.400000,-0.378392
0.950000,-0.400000,-0.405367
1.000000,-0.400000,-0.434271
1.050000,-0.400000,-0.465206
1.100000,-0.400000,-0.498290
1.150000,-0.400000,-0.533657
1.200000,-0.400000,-0.571466
1.250000,-0.400000,-0.611901
1.300000,-0.400000,-0.655184
1.350000,-0.400000,-0.701575
1.400000,-0.400000,-0.751396
1.450000,-0.400000,-0.805040
1.500000,-0.400000,-0.863000
1.550000,-0.400000,-0.925914
1.600000,-0.400000,-0.898610
1.650000,-0.400000,-0.873087
1.700000,-0.400000,-0.849463
1.750000,-0.400000,-0.827656
1.800000,-0.400000,-0.807598
1.850000,-0.400000,-0.789227
1.900000,-0.400000,-0.772489
1.950000,-0.400000,-0.757338
2.000000,-0.400000,-0.743733
2.050000,-0.400000,-0.731637
2.100000,-0.400000,-0.721022
2.150000,-0.400000,-0.711860
2.200000,-0.400000,-0.704129
2.250000,-0.400000,-0.697810
2.300000,-0.400000,-0.692890
2.350000,-0.400000,-0.689357
2.400000,-0.400000,-0.687203
2.450000,-0.400000,-0.686422
2.500000,-0.400000,-0.687014
2.550000,-0.400000,-0.688979
2.600000,-0.400000,-0.692322
2.650000,-0.400000,-0.697050
2.700000,-0.400000,-0.703175
2.750000,-0.400000,-0.710711
2.800000,-0.400000,-0.719675
2.850000,-0.400000,-0.730089
2.900000,-0.400000,-0.740396
2.950000,-0.400000,-0.726272
3.000000,-0.400000,-0.713549
3.050000,-0.400000,-0.702201
3.100000,-0.400000,-0.692203
3.150000,-0.400000,-0.683534
3.200000,-0.400000,-0.676178
3.250000,-0.400000,-0.670118
3.300000,-0.400000,-0.665344
3.350000,-0.400000,-0.661846
3.400000,-0.400000,-0.659616
3.450000,-0.400000,
3.500000,-0.400000,
-3.500000,-0.350000,
-3.450000,-0.350000,-0.313106
-3.400000,-0.350000,-0.347511
-3.350000,-0.350000,-0.381179
-3.300000,-0.350000,-0.369537
-3.250000,-0.350000,-0.359539
-3.200000,-0.350000,-0.351155
-3.150000,-0.350000,-0.344360
-3.100000,-0.350000,-0.339134
-3.050000,-0.350000,-0.335461
-3.000000,-0.350000,-0.333331
-2.950000,-0.350000,-0.332739
-2.900000,-0.350000,-0.333682
-2.850000,-0.350000,-0.336162
-2.800000,-0.350000,-0.340188
-2.750000,-0.350000,-0.345771
-2.700000,-0.350000,-0.352926
-2.650000,-0.350000,-0.361676
-2.600000,-0.350000,-0.372046
-2.550000,-0.350000,-0.384068
-2.500000,-0.350000,-0.397780
-2.450000,-0.350000,-0.413227
-2.400000,-0.350000,-0.430463
-2.350000,-0.350000,-0.449547
-2.300000,-0.350000,-0.470551
-2.250000,-0.350000,-0.493558
-2.200000,-0.350000,-0.518663
-2.150000,-0.350000,-0.535649
-2.100000,-0.350000,-0.544591
-2.050000,-0.350000,-0.554862
-2.000000,-0.350000,-0.566482
-1.950000,-0.350000,-0.579476
-1.900000,-0.350000,-0.593873
-1.850000,-0.350000,-0.609704
-1.800000,-0.350000,-0.627006
-1.750000,-0.350000,-0.645820
-1.700000,-0.350000,-0.666193
-1.650000,-0.350000,-0.688177
-1.600000,-0.350000,-0.711832
-1.550000,-0.350000,-0.737226
-1.500000,-0.350000,-0.764434
-1.450000,-0.350000,-0.790711
-1.400000,-0.350000,-0.737629
-1.350000,-0.350000,-0.688292
-1.300000,-0.350000,-0.642321
-1.250000,-0.350000,-0.599408
-1.200000,-0.350000,-0.559298
-1.150000,-0.350000,-0.521780
-1.100000,-0.350000,-0.486672
-1.050000,-0.350000,-0.453821
-1.000000,-0.350000,-0.423095
-0.950000,-0.350000,-0.394380
-0.900000,-0.350000,-0.367575
-0.850000,-0.350000,-0.342595
-0.800000,-0.350000,-0.319361
-0.750000,-0.350000,-0.297808
-0.700000,-0.350000,-0.277875
-0.650000,-0.350000,-0.259510
-0.600000,-0.350000,-0.242666
-0.550000,-0.350000,-0.227304
-0.500000,-0.350000,-0.213386
-0.450000,-0.350000,-0.200882
-0.400000,-0.350000,-0.189762
-0.350000,-0.350000,-0.180005
-0.300000,-0.350000,-0.171588
-0.250000,-0.350000,-0.164494
-0.200000,-0.350000,-0.158710
-0.150000,-0.350000,-0.154222
-0.100000,-0.350000,-0.151023
-0.050000,-0.350000,-0.149107
-0.000000,-0.350000,-0.148468
0.050000,-0.350000,-0.149107
0.100000,-0.350000,-0.151023
0.150000,-0.350000,-0.154222
0.200000,-0.350000,-0.158710
0.250000,-0.350000,-0.164494
0.300000,-0.350000,-0.171588
0.350000,-0.350000,-0.180005
0.400000,-0.350000,-0.189762
0.450000,-0.350000,-0.200882
0.500000,-0.350000,-0.213386
0.550000,-0.350000,-0.227304
0.600000,-0.350000,-0.242666
0.650000,-0.350000,-0.259510
0.700000,-0.350000,-0.277875
0.750000,-0.350000,-0.297808
0.800000,-0.350000,-0.319361
0.850000,-0.350000,-0.342595
0.900000,-0.350000,-0.367575
0.950000,-0.350000,-0.394380
1.000000,-0.350000,-0.423095
1.050000,-0.350000,-0.453821
1.100000,-0.350000,-0.486672
1.150000,-0.350000,-0.521780
1.200000,-0.350000,-0.559298
1.250000,-0.350000,-0.599408
1.300000,-0.350000,-0.642321
1.350000,-0.350000,-0.688292
1.400000,-0.350000,-0.737629
1.450000,-0.350000,-0.790711
1.500000,-0.350000,-0.848012
1.550000,-0.350000,-0.901922
1.600000,-0.350000,-0.874817
1.650000,-0.350000,-0.849661
1.700000,-0.350000,-0.826365
1.750000,-0.350000,-0.804854
1.800000,-0.350000,-0.785061
1.850000,-0.350000,-0.766928
1.900000,-0.350000,-0.750402
1.950000,-0.350000,-0.735440
2.000000,-0.350000,-0.722001
2.050000,-0.350000,-0.710052
2.100000,-0.350000,-0.699563
2.150000,-0.350000,-0.690509
2.200000,-0.350000,-0.682868
2.250000,-0.350000,-0.676624
2.300000,-0.350000,-0.671760
2.350000,-0.350000,-0.668268
2.400000,-0.350000,-0.666138
2.450000,-0.350000,-0.665366
2.500000,-0.350000,-0.665951
2.550000,-0.350000,-0.667894
2.600000,-0.350000,-0.671198
2.650000,-0.350000,-0.675872
2.700000,-0.350000,-0.681926
2.750000,-0.350000,-0.689373
2.800000,-0.350000,-0.698232
2.850000,-0.350000,-0.708522
2.900000,-0.350000,-0.720268
2.950000,-0.350000,-0.731919
3.000000,-0.350000,-0.719159
3.050000,-0.350000,-0.707778
3.100000,-0.350000,-0.697751
3.150000,-0.350000,-0.689058
3.200000,-0.350000,-0.681681
3.250000,-0.350000,-0.675604
3.300000,-0.350000,-0.670817
3.350000,-0.350000,-0.667309
3.400000,-0.350000,-0.665073
3.450000,-0.350000,
3.500000,-0.350000,
-3.500000,-0.300000,
-3.450000,-0.300000,-0.361174
-3.400000,-0.300000,-0.396923
-3.350000,-0.300000,-0.418536
-3.300000,-0.300000,-0.406614
-3.250000,-0.300000,-0.396380
-3.200000,-0.300000,-0.387799
-3.150000,-0.300000,-0.380847
-3.100000,-0.300000,-0.375500
-3.050000,-0.300000,-0.371744
-3.000000,-0.300000,-0.369565
-2.950000,-0.300000,-0.368959
-2.900000,-0.300000,-0.369924
-2.850000,-0.300000,-0.372461
-2.800000,-0.300000,-0.376579
-2.750000,-0.300000,-0.382290
-2.700000,-0.300000,-0.389612
-2.650000,-0.300000,-0.398567
-2.600000,-0.300000,-0.409183
-2.550000,-0.300000,-0.421495
-2.500000,-0.300000,-0.435543
-2.450000,-0.300000,-0.451377
-2.400000,-0.300000,-0.469053
-2.350000,-0.300000,-0.488637
-2.300000,-0.300000,-0.510207
-2.250000,-0.300000,-0.520317
-2.200000,-0.300000,-0.526649
-2.150000,-0.300000,-0.534276
-2.100000,-0.300000,-0.543212
-2.050000,-0.300000,-0.553475
-2.000000,-0.300000,-0.565087
-1.950000,-0.300000,-0.578072
-1.900000,-0.300000,-0.592458
-1.850000,-0.300000,-0.608277
-1.800000,-0.300000,-0.625566
-1.750000,-0.300000,-0.644365
-1.700000,-0.300000,-0.664722
-1.650000,-0.300000,-0.686688
-1.600000,-0.300000,-0.710324
-1.550000,-0.300000,-0.735696
-1.500000,-0.300000,-0.762880
-1.450000,-0.300000,-0.778418
-1.400000,-0.300000,-0.725808
-1.350000,-0.300000,-0.676879
-1.300000,-0.300000,-0.631264
-1.250000,-0.300000,-0.588663
-1.200000,-0.300000,-0.548831
-1.150000,-0.300000,-0.511558
-1.100000,-0.300000,-0.476671
-1.050000,-0.300000,-0.444017
-1.000000,-0.300000,-0.413469
-0.950000,-0.300000,-0.384915
-0.900000,-0.300000,-0.358255
-0.850000,-0.300000,-0.333406
-0.800000,-0.300000,-0.310291
-0.750000,-0.300000,-0.288845
-0.700000,-0.300000,-0.269009
-0.650000,-0.300000,-0.250732
-0.600000,-0.300000,-0.233968
-0.550000,-0.300000,-0.218676
-0.500000,-0.300000,-0.204822
-0.450000,-0.300000,-0.192373
-0.400000,-0.300000,-0.181303
-0.350000,-0.300000,-0.171588
-0.300000,-0.300000,-0.163207
-0.250000,-0.300000,-0.156144
-0.200000,-0.300000,-0.150384
-0.150000,-0.300000,-0.145916
-0.100000,-0.300000,-0.142731
-0.050000,-0.300000,-0.140822
-0.000000,-0.300000,-0.140186
0.050000,-0.300000,-0.140822
0.100000,-0.300000,-0.142731
0.150000,-0.300000,-0.145916
0.200000,-0.300000,-0.150384
0.250000,-0.300000,-0.156144
0.300000,-0.300000,-0.163207
0.350000,-0.300000,-0.171588
0.400000,-0.300000,-0.181303
0.450000,-0.300000,-0.192373
0.500000,-0.300000,-0.204822
0.550000,-0.300000,-0.218676
0.600000,-0.300000,-0.233968
0.650000,-0.300000,-0.250732
0.700000,-0.300000,-0.269009
0.750000,-0.300000,-0.288845
0.800000,-0.300000,-0.310291
0.850000,-0.300000,-0.333406
0.900000,-0.300000,-0.358255
0.950000,-0.300000,-0.384915
1.000000,-0.300000,-0.413469
1.050000,-0.300000,-0.444017
1.100000,-0.300000,-0.476671
1.150000,-0.300000,-0.511558
1.200000,-0.300000,-0.548831
1.250000,-0.300000,-0.588663
1.300000,-0.300000,-0.631264
1.350000,-0.300000,-0.676879
1.400000,-0.300000,-0.725808
1.450000,-0.300000,-0.778418
1.500000,-0.300000,-0.835164
1.550000,-0.300000,-0.879615
1.600000,-0.300000,-0.852875
1.650000,-0.300000,-0.828047
1.700000,-0.300000,-0.805047
1.750000,-0.300000,-0.783802
1.800000,-0.300000,-0.764248
1.850000,-0.300000,-0.746328
1.900000,-0.300000,-0.729994
1.950000,-0.300000,-0.715202
2.000000,-0.300000,-0.701914
2.050000,-0.300000,-0.690097
2.100000,-0.300000,-0.679722
2.150000,-0.300000,-0.670766
2.200000,-0.300000,-0.663207
2.250000,-0.300000,-0.657028
2.300000,-0.300000,-0.652217
2.350000,-0.300000,-0.648761
2.400000,-0.300000,-0.646653
2.450000,-0.300000,-0.645890
2.500000,-0.300000,-0.646468
2.550000,-0.300000,-0.648391
2.600000,-0.300000,-0.651660
2.650000,-0.300000,-0.656285
2.700000,-0.300000,-0.662275
2.750000,-0.300000,-0.669643
2.800000,-0.300000,-0.678405
2.850000,-0.300000,-0.688583
2.900000,-0.300000,-0.700200
2.950000,-0.300000,-0.713284
3.000000,-0.300000,-0.726093
3.050000,-0.300000,-0.714671
3.100000,-0.300000,-0.704608
3.150000,-0.300000,-0.695884
3.200000,-0.300000,-0.688481
3.250000,-0.300000,-0.682383
3.300000,-0.300000,-0.677579
3.350000,-0.300000,-0.674059
3.400000,-0.300000,-0.671816
3.450000,-0.300000,
3.500000,-0.300000,
-3.500000,-0.250000,
-3.450000,-0.250000,-0.413198
-3.400000,-0.250000,-0.450527
-3.350000,-0.250000,-0.458483
-3.300000,-0.250000,-0.446247
-3.250000,-0.250000,-0.435746
-3.200000,-0.250000,-0.426946
-3.150000,-0.250000,-0.419817
-3.100000,-0.250000,-0.414336
-3.050000,-0.250000,-0.410485
-3.000000,-0.250000,-0.408252
-2.950000,-0.250000,-0.407631
-2.900000,-0.250000,-0.408619
-2.850000,-0.250000,-0.411220
-2.800000,-0.250000,-0.415442
-2.750000,-0.250000,-0.421297
-2.700000,-0.250000,-0.428805
-2.650000,-0.250000,-0.437990
-2.600000,-0.250000,-0.448883
-2.550000,-0.250000,-0.461521
-2.500000,-0.250000,-0.475948
-2.450000,-0.250000,-0.492217
-2.400000,-0.250000,-0.508876
-2.350000,-0.250000,-0.511390
-2.300000,-0.250000,-0.515169
-2.250000,-0.250000,-0.520219
-2.200000,-0.250000,-0.526551
-2.150000,-0.250000,-0.534177
-2.100000,-0.250000,-0.543113
-2.050000,-0.250000,-0.553376
-2.000000,-0.250000,-0.564987
-1.950000,-0.250000,-0.577971
-1.900000,-0.250000,-0.592356
-1.850000,-0.250000,-0.608175
-1.800000,-0.250000,-0.625463
-1.750000,-0.250000,-0.644261
-1.700000,-0.250000,-0.664616
-1.650000,-0.250000,-0.686581
-1.600000,-0.250000,-0.710216
-1.550000,-0.250000,-0.735586
-1.500000,-0.250000,-0.762769
-1.450000,-0.250000,-0.768104
-1.400000,-0.250000,-0.715885
-1.350000,-0.250000,-0.667293
-1.300000,-0.250000,-0.621972
-1.250000,-0.250000,-0.579631
-1.200000,-0.250000,-0.540028
-1.150000,-0.250000,-0.502960
-1.100000,-0.250000,-0.468256
-1.050000,-0.250000,-0.435767
-1.000000,-0.250000,-0.405367
-0.950000,-0.250000,-0.376946
-0.900000,-0.250000,-0.350407
-0.850000,-0.250000,-0.325667
-0.800000,-0.250000,-0.302652
-0.750000,-0.250000,-0.281296
-0.700000,-0.250000,-0.261541
-0.650000,-0.250000,-0.243337
-0.600000,-0.250000,-0.226639
-0.550000,-0.250000,-0.211406
-0.500000,-0.250000,-0.197605
-0.450000,-0.250000,-0.185203
-0.400000,-0.250000,-0.174174
-0.350000,-0.250000,-0.164494
-0.300000,-0.250000,-0.156144
-0.250000,-0.250000,-0.149107
-0.200000,-0.250000,-0.143367
-0.150000,-0.250000,-0.138915
-0.100000,-0.250000,-0.135741
-0.050000,-0.250000,-0.133839
-0.000000,-0.250000,-0.133206
0.050000,-0.250000,-0.133839
0.100000,-0.250000,-0.135741
0.150000,-0.250000,-0.138915
0.200000,-0.250000,-0.143367
0.250000,-0.250000,-0.149107
0.300000,-0.250000,-0.156144
0.350000,-0.250000,-0.164494
0.400000,-0.250000,-0.174174
0.450000,-0.250000,-0.185203
0.500000,-0.250000,-0.197605
0.550000,-0.250000,-0.211406
0.600000,-0.250000,-0.226639
0.650000,-0.250000,-0.243337
0.700000,-0.250000,-0.261541
0.750000,-0.250000,-0.281296
0.800000,-0.250000,-0.302652
0.850000,-0.250000,-0.325667
0.900000,-0.250000,-0.350407
0.950000,-0.250000,-0.376946
1.000000,-0.250000,-0.405367
1.050000,-0.250000,-0.435767
1.100000,-0.250000,-0.468256
1.150000,-0.250000,-0.502960
1.200000,-0.250000,-0.540028
1.250000,-0.250000,-0.579631
1.300000,-0.250000,-0.621972
1.350000,-0.250000,-0.667293
1.400000,-0.250000,-0.715885
1.450000,-0.250000,-0.768104
1.500000,-0.250000,-0.824394
1.550000,-0.250000,-0.859124
1.600000,-0.250000,-0.832711
1.650000,-0.250000,-0.808177
1.700000,-0.250000,-0.785442
1.750000,-0.250000,-0.764436
1.800000,-0.250000,-0.745097
1.850000,-0.250000,-0.727370
1.900000,-0.250000,-0.711208
1.950000,-0.250000,-0.696569
2.000000,-0.250000,-0.683416
2.050000,-0.250000,-0.671718
2.100000,-0.250000,-0.661447
2.150000,-0.250000,-0.652579
2.200000,-0.250000,-0.645094
2.250000,-0.250000,-0.638975
2.300000,-0.250000,-0.634210
2.350000,-0.250000,-0.630787
2.400000,-0.250000,-0.628700
2.450000,-0.250000,-0.627943
2.500000,-0.250000,-0.628517
2.550000,-0.250000,-0.630420
2.600000,-0.250000,-0.633659
2.650000,-0.250000,-0.638239
2.700000,-0.250000,-0.644170
2.750000,-0.250000,-0.651467
2.800000,-0.250000,-0.660143
2.850000,-0.250000,-0.670220
2.900000,-0.250000,-0.681720
2.950000,-0.250000,-0.694671
3.000000,-0.250000,-0.709103
3.050000,-0.250000,-0.722893
3.100000,-0.250000,-0.712787
3.150000,-0.250000,-0.704026
3.200000,-0.250000,-0.696592
3.250000,-0.250000,-0.690469
3.300000,-0.250000,-0.685645
3.350000,-0.250000,-0.682111
3.400000,-0.250000,-0.679858
3.450000,-0.250000,
3.500000,-0.250000,
-3.500000,-0.200000,
-3.450000,-0.200000,-0.469712
-3.400000,-0.200000,-0.508925
-3.350000,-0.200000,-0.501232
-3.300000,-0.200000,-0.488641
-3.250000,-0.200000,-0.477840
-3.200000,-0.200000,-0.468792
-3.150000,-0.200000,-0.461464
-3.100000,-0.200000,-0.455831
-3.050000,-0.200000,-0.451874
-3.000000,-0.200000,-0.449580
-2.950000,-0.200000,-0.448942
-2.900000,-0.200000,-0.449958
-2.850000,-0.200000,-0.452630
-2.800000,-0.200000,-0.456967
-2.750000,-0.200000,-0.462985
-2.700000,-0.200000,-0.470703
-2.650000,-0.200000,-0.480148
-2.600000,-0.200000,-0.491353
-2.550000,-0.200000,-0.504359
-2.500000,-0.200000,-0.508786
-2.450000,-0.200000,-0.508783
-2.400000,-0.200000,-0.510037
-2.350000,-0.200000,-0.512553
-2.300000,-0.200000,-0.516333
-2.250000,-0.200000,-0.521387
-2.200000,-0.200000,-0.527723
-2.150000,-0.200000,-0.535353
-2.100000,-0.200000,-0.544294
-2.050000,-0.200000,-0.554563
-2.000000,-0.200000,-0.566182
-1.950000,-0.200000,-0.579174
-1.900000,-0.200000,-0.593568
-1.850000,-0.200000,-0.609397
-1.800000,-0.200000,-0.626696
-1.750000,-0.200000,-0.645507
-1.700000,-0.200000,-0.665876
-1.650000,-0.200000,-0.687857
-1.600000,-0.200000,-0.711508
-1.550000,-0.200000,-0.736896
-1.500000,-0.200000,-0.764100
-1.450000,-0.200000,-0.759724
-1.400000,-0.200000,-0.707818
-1.350000,-0.200000,-0.659497
-1.300000,-0.200000,-0.614413
-1.250000,-0.200000,-0.572280
-1.200000,-0.200000,-0.532862
-1.150000,-0.200000,-0.495959
-1.100000,-0.200000,-0.461402
-1.050000,-0.200000,-0.429046
-1.000000,-0.200000,-0.398766
-0.950000,-0.200000,-0.370453
-0.900000,-0.200000,-0.344013
-0.850000,-0.200000,-0.319361
-0.800000,-0.200000,-0.296426
-0.750000,-0.200000,-0.275142
-0.700000,-0.200000,-0.255453
-0.650000,-0.200000,-0.237309
-0.600000,-0.200000,-0.220664
-0.550000,-0.200000,-0.205479
-0.500000,-0.200000,-0.191720
-0.450000,-0.200000,-0.179356
-0.400000,-0.200000,-0.168360
-0.350000,-0.200000,-0.158710
-0.300000,-0.200000,-0.150384
-0.250000,-0.200000,-0.143367
-0.200000,-0.200000,-0.137645
-0.150000,-0.200000,-0.133206
-0.100000,-0.200000,-0.130041
-0.050000,-0.200000,-0.128144
-0.000000,-0.200000,-0.127512
0.050000,-0.200000,-0.128144
0.100000,-0.200000,-0.130041
0.150000,-0.200000,-0.133206
0.200000,-0.200000,-0.137645
0.250000,-0.200000,-0.143367
0.300000,-0.200000,-0.150384
0.350000,-0.200000,-0.158710
0.400000,-0.200000,-0.168360
0.450000,-0.200000,-0.179356
0.500000,-0.200000,-0.191720
0.550000,-0.200000,-0.205479
0.600000,-0.200000,-0.220664
0.650000,-0.200000,-0.237309
0.700000,-0.200000,-0.255453
0.750000,-0.200000,-0.275142
0.800000,-0.200000,-0.296426
0.850000,-0.200000,-0.319361
0.900000,-0.200000,-0.344013
0.950000,-0.200000,-0.370453
1.000000,-0.200000,-0.398766
1.050000,-0.200000,-0.429046
1.100000,-0.200000,-0.461402
1.150000,-0.200000,-0.495959
1.200000,-0.200000,-0.532862
1.250000,-0.200000,-0.572280
1.300000,-0.200000,-0.614413
1.350000,-0.200000,-0.659497
1.400000,-0.200000,-0.707818
1.450000,-0.200000,-0.759724
1.500000,-0.200000,-0.815649
1.550000,-0.200000,-0.840382
1.600000,-0.200000,-0.814261
1.650000,-0.200000,-0.789991
1.700000,-0.200000,-0.767493
1.750000,-0.200000,-0.746701
1.800000,-0.200000,-0.727554
1.850000,-0.200000,-0.710000
1.900000,-0.200000,-0.693993
1.950000,-0.200000,-0.679492
2.000000,-0.200000,-0.666461
2.050000,-0.200000,-0.654870
2.100000,-0.200000,-0.644692
2.150000,-0.200000,-0.635903
2.200000,-0.200000,-0.628484
2.250000,-0.200000,-0.622419
2.300000,-0.200000,-0.617695
2.350000,-0.200000,-0.614302
2.400000,-0.200000,-0.612233
2.450000,-0.200000,-0.611484
2.500000,-0.200000,-0.612052
2.550000,-0.200000,-0.613939
2.600000,-0.200000,-0.617149
2.650000,-0.200000,-0.621689
2.700000,-0.200000,-0.627569
2.750000,-0.200000,-0.634800
2.800000,-0.200000,-0.643399
2.850000,-0.200000,-0.653385
2.900000,-0.200000,-0.664780
2.950000,-0.200000,-0.677611
3.000000,-0.200000,-0.691908
3.050000,-0.200000,-0.707705
3.100000,-0.200000,-0.722305
3.150000,-0.200000,-0.713501
3.200000,-0.200000,-0.706031
3.250000,-0.200000,-0.699878
3.300000,-0.200000,-0.695030
3.350000,-0.200000,-0.691479
3.400000,-0.200000,-0.689216
3.450000,-0.200000,
3.500000,-0.200000,
-3.500000,-0.150000,
-3.450000,-0.150000,-0.531409
-3.400000,-0.150000,-0.561939
-3.350000,-0.150000,-0.547037
-3.300000,-0.150000,-0.534042
-3.250000,-0.150000,-0.522901
-3.200000,-0.150000,-0.513571
-3.150000,-0.150000,-0.506017
-3.100000,-0.150000,-0.500212
-3.050000,-0.150000,-0.496136
-3.000000,-0.150000,-0.493773
-2.950000,-0.150000,-0.493116
-2.900000,-0.150000,-0.494162
-2.850000,-0.150000,-0.496914
-2.800000,-0.150000,-0.501383
-2.750000,-0.150000,-0.507585
-2.700000,-0.150000,-0.515541
-2.650000,-0.150000,-0.518787
-2.600000,-0.150000,-0.514995
-2.550000,-0.150000,-0.512469
-2.500000,-0.150000,-0.511206
-2.450000,-0.150000,-0.511202
-2.400000,-0.150000,-0.512459
-2.350000,-0.150000,-0.514977
-2.300000,-0.150000,-0.518762
-2.250000,-0.150000,-0.523822
-2.200000,-0.150000,-0.530166
-2.150000,-0.150000,-0.537806
-2.100000,-0.150000,-0.546758
-2.050000,-0.150000,-0.557040
-2.000000,-0.150000,-0.568674
-1.950000,-0.150000,-0.581683
-1.900000,-0.150000,-0.596096
-1.850000,-0.150000,-0.611946
-1.800000,-0.150000,-0.629269
-1.750000,-0.150000,-0.648106
-1.700000,-0.150000,-0.668504
-1.650000,-0.150000,-0.690516
-1.600000,-0.150000,-0.714203
-1.550000,-0.150000,-0.739630
-1.500000,-0.150000,-0.766877
-1.450000,-0.150000,-0.753242
-1.400000,-0.150000,-0.701575
-1.350000,-0.150000,-0.653462
-1.300000,-0.150000,-0.608559
-1.250000,-0.150000,-0.566587
-1.200000,-0.150000,-0.527311
-1.150000,-0.150000,-0.490535
-1.100000,-0.150000,-0.456092
-1.050000,-0.150000,-0.423838
-1.000000,-0.150000,-0.393650
-0.950000,-0.150000,-0.365420
-0.900000,-0.150000,-0.339055
-0.850000,-0.150000,-0.314472
-0.800000,-0.150000,-0.291598
-0.750000,-0.150000,-0.270370
-0.700000,-0.150000,-0.250732
-0.650000,-0.150000,-0.232633
-0.600000,-0.150000,-0.216029
-0.550000,-0.150000,-0.200882
-0.500000,-0.150000,-0.187155
-0.450000,-0.150000,-0.174821
-0.400000,-0.150000,-0.163851
-0.350000,-0.150000,-0.154222
-0.300000,-0.150000,-0.145916
-0.250000,-0.150000,-0.138915
-0.200000,-0.150000,-0.133206
-0.150000,-0.150000,-0.128776
-0.100000,-0.150000,-0.125618
-0.050000,-0.150000,-0.123726
-0.000000,-0.150000,-0.123096
0.050000,-0.150000,-0.123726
0.100000,-0.150000,-0.125618
0.150000,-0.150000,-0.128776
0.200000,-0.150000,-0.133206
0.250000,-0.150000,-0.138915
0.300000,-0.150000,-0.145916
0.350000,-0.150000,-0.154222
0.400000,-0.150000,-0.163851
0.450000,-0.150000,-0.174821
0.500000,-0.150000,-0.187155
0.550000,-0.150000,-0.200882
0.600000,-0.150000,-0.216029
0.650000,-0.150000,-0.232633
0.700000,-0.150000,-0.250732
0.750000,-0.150000,-0.270370
0.800000,-0.150000,-0.291598
0.850000,-0.150000,-0.314472
0.900000,-0.150000,-0.339055
0.950000,-0.150000,-0.365420
1.000000,-0.150000,-0.393650
1.050000,-0.150000,-0.423838
1.100000,-0.150000,-0.456092
1.150000,-0.150000,-0.490535
1.200000,-0.150000,-0.527311
1.250000,-0.150000,-0.566587
1.300000,-0.150000,-0.608559
1.350000,-0.150000,-0.653462
1.400000,-0.150000,-0.701575
1.450000,-0.150000,-0.753242
1.500000,-0.150000,-0.808887
1.550000,-0.150000,-0.823331
1.600000,-0.150000,-0.797470
1.650000,-0.150000,-0.773435
1.700000,-0.150000,-0.751149
1.750000,-0.150000,-0.730548
1.800000,-0.150000,-0.711573
1.850000,-0.150000,-0.694174
1.900000,-0.150000,-0.678305
1.950000,-0.150000,-0.663927
2.000000,-0.150000,-0.651006
2.050000,-0.150000,-0.639510
2.100000,-0.150000,-0.629415
2.150000,-0.150000,-0.620697
2.200000,-0.150000,-0.613338
2.250000,-0.150000,-0.607322
2.300000,-0.150000,-0.602635
2.350000,-0.150000,-0.599269
2.400000,-0.150000,-0.597216
2.450000,-0.150000,-0.596472
2.500000,-0.150000,-0.597036
2.550000,-0.150000,-0.598909
2.600000,-0.150000,-0.602094
2.650000,-0.150000,-0.606598
2.700000,-0.150000,-0.612430
2.750000,-0.150000,-0.619604
2.800000,-0.150000,-0.628133
2.850000,-0.150000,-0.638038
2.900000,-0.150000,-0.649339
2.950000,-0.150000,-0.662062
3.000000,-0.150000,-0.676238
3.050000,-0.150000,-0.691899
3.100000,-0.150000,-0.709085
3.150000,-0.150000,-0.724329
3.200000,-0.150000,-0.716816
3.250000,-0.150000,-0.710629
3.300000,-0.150000,-0.705754
3.350000,-0.150000,-0.702183
3.400000,-0.150000,-0.699908
3.450000,-0.150000,
3.500000,-0.150000,
-3.500000,-0.100000,
-3.450000,-0.100000,
-3.400000,-0.100000,-0.611651
-3.350000,-0.100000,-0.596207
-3.300000,-0.100000,-0.582748
-3.250000,-0.100000,-0.571216
-3.200000,-0.100000,-0.561564
-3.150000,-0.100000,-0.553753
-3.100000,-0.100000,-0.547752
-3.050000,-0.100000,-0.543539
-3.000000,-0.100000,-0.541097
-2.950000,-0.100000,-0.540418
-2.900000,-0.100000,-0.541499
-2.850000,-0.100000,-0.544343
-2.800000,-0.100000,-0.541587
-2.750000,-0.100000,-0.533924
-2.700000,-0.100000,-0.527562
-2.650000,-0.100000,-0.522485
-2.600000,-0.100000,-0.518686
-2.550000,-0.100000,-0.516156
-2.500000,-0.100000,-0.514890
-2.450000,-0.100000,-0.514887
-2.400000,-0.100000,-0.516145
-2.350000,-0.100000,-0.518668
-2.300000,-0.100000,-0.522461
-2.250000,-0.100000,-0.527530
-2.200000,-0.100000,-0.533885
-2.150000,-0.100000,-0.541540
-2.100000,-0.100000,-0.550510
-2.050000,-0.100000,-0.560812
-2.000000,-0.100000,-0.572468
-1.950000,-0.100000,-0.585503
-1.900000,-0.100000,-0.599945
-1.850000,-0.100000,-0.615827
-1.800000,-0.100000,-0.633186
-1.750000,-0.100000,-0.652063
-1.700000,-0.100000,-0.672506
-1.650000,-0.100000,-0.694567
-1.600000,-0.100000,-0.718307
-1.550000,-0.100000,-0.743795
-1.500000,-0.100000,-0.771107
-1.450000,-0.100000,-0.748632
-1.400000,-0.100000,-0.697134
-1.350000,-0.100000,-0.649167
-1.300000,-0.100000,-0.604393
-1.250000,-0.100000,-0.562534
-1.200000,-0.100000,-0.523358
-1.150000,-0.100000,-0.486672
-1.100000,-0.100000,-0.452309
-1.050000,-0.100000,-0.420128
-1.000000,-0.100000,-0.390005
-0.950000,-0.100000,-0.361834
-0.900000,-0.100000,-0.335522
-0.850000,-0.100000,-0.310987
-0.800000,-0.100000,-0.288157
-0.750000,-0.100000,-0.266969
-0.700000,-0.100000,-0.247367
-0.650000,-0.100000,-0.229301
-0.600000,-0.100000,-0.212726
-0.550000,-0.100000,-0.197605
-0.500000,-0.100000,-0.183902
-0.450000,-0.100000,-0.171588
-0.400000,-0.100000,-0.160636
-0.350000,-0.100000,-0.151023
-0.300000,-0.100000,-0.142731
-0.250000,-0.100000,-0.135741
-0.200000,-0.100000,-0.130041
-0.150000,-0.100000,-0.125618
-0.100000,-0.100000,-0.122466
-0.050000,-0.100000,-0.120576
-0.000000,-0.100000,-0.119947
0.050000,-0.100000,-0.120576
0.100000,-0.100000,-0.122466
0.150000,-0.100000,-0.125618
0.200000,-0.100000,-0.130041
0.250000,-0.100000,-0.135741
0.300000,-0.100000,-0.142731
0.350000,-0.100000,-0.151023
0.400000,-0.100000,-0.160636
0.450000,-0.100000,-0.171588
0.500000,-0.100000,-0.183902
0.550000,-0.100000,-0.197605
0.600000,-0.100000,-0.212726
0.650000,-0.100000,-0.229301
0.700000,-0.100000,-0.247367
0.750000,-0.100000,-0.266969
0.800000,-0.100000,-0.288157
0.850000,-0.100000,-0.310987
0.900000,-0.100000,-0.335522
0.950000,-0.100000,-0.361834
1.000000,-0.100000,-0.390005
1.050000,-0.100000,-0.420128
1.100000,-0.100000,-0.452309
1.150000,-0.100000,-0.486672
1.200000,-0.100000,-0.523358
1.250000,-0.100000,-0.562534
1.300000,-0.100000,-0.604393
1.350000,-0.100000,-0.649167
1.400000,-0.100000,-0.697134
1.450000,-0.100000,-0.748632
1.500000,-0.100000,-0.804080
1.550000,-0.100000,-0.807920
1.600000,-0.100000,-0.782290
1.650000,-0.100000,-0.758463
1.700000,-0.100000,-0.736366
1.750000,-0.100000,-0.715934
1.800000,-0.100000,-0.697113
1.850000,-0.100000,-0.679851
1.900000,-0.100000,-0.664105
1.950000,-0.100000,-0.649837
2.000000,-0.100000,-0.637013
2.050000,-0.100000,-0.625603
2.100000,-0.100000,-0.615582
2.150000,-0.100000,-0.606927
2.200000,-0.100000,-0.599621
2.250000,-0.100000,-0.593648
2.300000,-0.100000,-0.588995
2.350000,-0.100000,-0.585653
2.400000,-0.100000,-0.583614
2.450000,-0.100000,-0.582876
2.500000,-0.100000,-0.583436
2.550000,-0.100000,-0.585295
2.600000,-0.100000,-0.588457
2.650000,-0.100000,-0.592929
2.700000,-0.100000,-0.598720
2.750000,-0.100000,-0.605842
2.800000,-0.100000,-0.614310
2.850000,-0.100000,-0.624141
2.900000,-0.100000,-0.635359
2.950000,-0.100000,-0.647986
3.000000,-0.100000,-0.662054
3.050000,-0.100000,-0.677594
3.100000,-0.100000,-0.694644
3.150000,-0.100000,-0.713248
3.200000,-0.100000,-0.728971
3.250000,-0.100000,-0.722744
3.300000,-0.100000,-0.717839
3.350000,-0.100000,-0.714246
3.400000,-0.100000,-0.711956
3.450000,-0.100000,
3.500000,-0.100000,
-3.500000,-0.050000,
-3.450000,-0.050000,
-3.400000,-0.050000,-0.665193
-3.350000,-0.050000,-0.649118
-3.300000,-0.050000,-0.635122
-3.250000,-0.050000,-0.623139
-3.200000,-0.050000,-0.613115
-3.150000,-0.050000,-0.605007
-3.100000,-0.050000,-0.598781
-3.050000,-0.050000,-0.594410
-3.000000,-0.050000,-0.590719
-2.950000,-0.050000,-0.577641
-2.900000,-0.050000,-0.565946
-2.850000,-0.050000,-0.555610
-2.800000,-0.050000,-0.546610
-2.750000,-0.050000,-0.538928
-2.700000,-0.050000,-0.532549
-2.650000,-0.050000,-0.527460
-2.600000,-0.050000,-0.523651
-2.550000,-0.050000,-0.521114
-2.500000,-0.050000,-0.519846
-2.450000,-0.050000,-0.519842
-2.400000,-0.050000,-0.521104
-2.350000,-0.050000,-0.523633
-2.300000,-0.050000,-0.527435
-2.250000,-0.050000,-0.532517
-2.200000,-0.050000,-0.538889
-2.150000,-0.050000,-0.546563
-2.100000,-0.050000,-0.555556
-2.050000,-0.050000,-0.565885
-2.000000,-0.050000,-0.577572
-1.950000,-0.050000,-0.590642
-1.900000,-0.050000,-0.605123
-1.850000,-0.050000,-0.621050
-1.800000,-0.050000,-0.638457
-1.750000,-0.050000,-0.657388
-1.700000,-0.050000,-0.677891
-1.650000,-0.050000,-0.700018
-1.600000,-0.050000,-0.723831
-1.550000,-0.050000,-0.749399
-1.500000,-0.050000,-0.776800
-1.450000,-0.050000,-0.745873
-1.400000,-0.050000,-0.694475
-1.350000,-0.050000,-0.646596
-1.300000,-0.050000,-0.601898
-1.250000,-0.050000,-0.560107
-1.200000,-0.050000,-0.520991
-1.150000,-0.050000,-0.484359
-1.100000,-0.050000,-0.450044
-1.050000,-0.050000,-0.417905
-1.000000,-0.050000,-0.387821
-0.950000,-0.050000,-0.359686
-0.900000,-0.050000,-0.333406
-0.850000,-0.050000,-0.308900
-0.800000,-0.050000,-0.286096
-0.750000,-0.050000,-0.264932
-0.700000,-0.050000,-0.245351
-0.650000,-0.050000,-0.227304
-0.600000,-0.050000,-0.210747
-0.550000,-0.050000,-0.195641
-0.500000,-0.050000,-0.181952
-0.450000,-0.050000,-0.169651
-0.400000,-0.050000,-0.158710
-0.350000,-0.050000,-0.149107
-0.300000,-0.050000,-0.140822
-0.250000,-0.050000,-0.133839
-0.200000,-0.050000,-0.128144
-0.150000,-0.050000,-0.123726
-0.100000,-0.050000,-0.120576
-0.050000,-0.050000,-0.118689
-0.000000,-0.050000,-0.118060
0.050000,-0.050000,-0.118689
0.100000,-0.050000,-0.120576
0.150000,-0.050000,-0.123726
0.200000,-0.050000,-0.128144
0.250000,-0.050000,-0.133839
0.300000,-0.050000,-0.140822
0.350000,-0.050000,-0.149107
0.400000,-0.050000,-0.158710
0.450000,-0.050000,-0.169651
0.500000,-0.050000,-0.181952
0.550000,-0.050000,-0.195641
0.600000,-0.050000,-0.210747
0.650000,-0.050000,-0.227304
0.700000,-0.050000,-0.245351
0.750000,-0.050000,-0.264932
0.800000,-0.050000,-0.286096
0.850000,-0.050000,-0.308900
0.900000,-0.050000,-0.333406
0.950000,-0.050000,-0.359686
1.000000,-0.050000,-0.387821
1.050000,-0.050000,-0.417905
1.100000,-0.050000,-0.450044
1.150000,-0.050000,-0.484359
1.200000,-0.050000,-0.520991
1.250000,-0.050000,-0.560107
1.300000,-0.050000,-0.601898
1.350000,-0.050000,-0.646596
1.400000,-0.050000,-0.694475
1.450000,-0.050000,-0.745873
1.500000,-0.050000,-0.801203
1.550000,-0.050000,-0.794105
1.600000,-0.050000,-0.768678
1.650000,-0.050000,-0.745035
1.700000,-0.050000,-0.723104
1.750000,-0.050000,-0.702822
1.800000,-0.050000,-0.684136
1.850000,-0.050000,-0.666996
1.900000,-0.050000,-0.651359
1.950000,-0.050000,-0.637188
2.000000,-0.050000,-0.624450
2.050000,-0.050000,-0.613116
2.100000,-0.050000,-0.603160
2.150000,-0.050000,-0.594562
2.200000,-0.050000,-0.587303
2.250000,-0.050000,-0.581368
2.300000,-0.050000,-0.576744
2.350000,-0.050000,-0.573423
2.400000,-0.050000,-0.571398
2.450000,-0.050000,-0.570664
2.500000,-0.050000,-0.571220
2.550000,-0.050000,-0.573068
2.600000,-0.050000,-0.576210
2.650000,-0.050000,-0.580654
2.700000,-0.050000,-0.586408
2.750000,-0.050000,-0.593484
2.800000,-0.050000,-0.601896
2.850000,-0.050000,-0.611664
2.900000,-0.050000,-0.622807
2.950000,-0.050000,-0.635350
3.000000,-0.050000,-0.649322
3.050000,-0.050000,-0.664754
3.100000,-0.050000,-0.681685
3.150000,-0.050000,-0.700156
3.200000,-0.050000,-0.720215
3.250000,-0.050000,-0.736251
3.300000,-0.050000,-0.731311
3.350000,-0.050000,-0.727692
3.400000,-0.050000,-0.725386
3.450000,-0.050000,
3.500000,-0.050000,
-3.500000,-0.000000,
-3.450000,-0.000000,
-3.400000,-0.000000,-0.723060
-3.350000,-0.000000,-0.706245
-3.300000,-0.000000,-0.691619
-3.250000,-0.000000,-0.679108
-3.200000,-0.000000,-0.664203
-3.150000,-0.000000,-0.645195
-3.100000,-0.000000,-0.627717
-3.050000,-0.000000,-0.611727
-3.000000,-0.000000,-0.597188
-2.950000,-0.000000,-0.584066
-2.900000,-0.000000,-0.572332
-2.850000,-0.000000,-0.561961
-2.800000,-0.000000,-0.552932
-2.750000,-0.000000,-0.545225
-2.700000,-0.000000,-0.538826
-2.650000,-0.000000,-0.533720
-2.600000,-0.000000,-0.529899
-2.550000,-0.000000,-0.527355
-2.500000,-0.000000,-0.526082
-2.450000,-0.000000,-0.526078
-2.400000,-0.000000,-0.527344
-2.350000,-0.000000,-0.529882
-2.300000,-0.000000,-0.533696
-2.250000,-0.000000,-0.538794
-2.200000,-0.000000,-0.545186
-2.150000,-0.000000,-0.552886
-2.100000,-0.000000,-0.561907
-2.050000,-0.000000,-0.572270
-2.000000,-0.000000,-0.583996
-1.950000,-0.000000,-0.597111
-1.900000,-0.000000,-0.611642
-1.850000,-0.000000,-0.627624
-1.800000,-0.000000,-0.645093
-1.750000,-0.000000,-0.664093
-1.700000,-0.000000,-0.684671
-1.650000,-0.000000,-0.706882
-1.600000,-0.000000,-0.730788
-1.550000,-0.000000,-0.756458
-1.500000,-0.000000,-0.783972
-1.450000,-0.000000,-0.744954
-1.400000,-0.000000,-0.693590
-1.350000,-0.000000,-0.645740
-1.300000,-0.000000,-0.601068
-1.250000,-0.000000,-0.559298
-1.200000,-0.000000,-0.520203
-1.150000,-0.000000,-0.483588
-1.100000,-0.000000,-0.449289
-1.050000,-0.000000,-0.417165
-1.000000,-0.000000,-0.387094
-0.950000,-0.000000,-0.358970
-0.900000,-0.000000,-0.332701
-0.850000,-0.000000,-0.308204
-0.800000,-0.000000,-0.285410
-0.750000,-0.000000,-0.264253
-0.700000,-0.000000,-0.244679
-0.650000,-0.000000,-0.226639
-0.600000,-0.000000,-0.210088
-0.550000,-0.000000,-0.194987
-0.500000,-0.000000,-0.181303
-0.450000,-0.000000,-0.169005
-0.400000,-0.000000,-0.158068
-0.350000,-0.000000,-0.148468
-0.300000,-0.000000,-0.140186
-0.250000,-0.000000,-0.133206
-0.200000,-0.000000,-0.127512
-0.150000,-0.000000,-0.123096
-0.100000,-0.000000,-0.119947
-0.050000,-0.000000,-0.118060
-0.000000,-0.000000,-0.117432
0.050000,-0.000000,-0.118060
0.100000,-0.000000,-0.119947
0.150000,-0.000000,-0.123096
0.200000,-0.000000,-0.127512
0.250000,-0.000000,-0.133206
0.300000,-0.000000,-0.140186
0.350000,-0.000000,-0.148468
0.400000,-0.000000,-0.158068
0.450000,-0.000000,-0.169005
0.500000,-0.000000,-0.181303
0.550000,-0.000000,-0.194987
0.600000,-0.000000,-0.210088
0.650000,-0.000000,-0.226639
0.700000,-0.000000,-0.244679
0.750000,-0.000000,-0.264253
0.800000,-0.000000,-0.285410
0.850000,-0.000000,-0.308204
0.900000,-0.000000,-0.332701
0.950000,-0.000000,-0.358970
1.000000,-0.000000,-0.387094
1.050000,-0.000000,-0.417165
1.100000,-0.000000,-0.449289
1.150000,-0.000000,-0.483588
1.200000,-0.000000,-0.520203
1.250000,-0.000000,-0.559298
1.300000,-0.000000,-0.601068
1.350000,-0.000000,-0.645740
1.400000,-0.000000,-0.693590
1.450000,-0.000000,-0.744954
1.500000,-0.000000,-0.800246
1.550000,-0.000000,-0.781847
1.600000,-0.000000,-0.756598
1.650000,-0.000000,-0.733116
1.700000,-0.000000,-0.711330
1.750000,-0.000000,-0.691180
1.800000,-0.000000,-0.672612
1.850000,-0.000000,-0.655578
1.900000,-0.000000,-0.640037
1.950000,-0.000000,-0.625952
2.000000,-0.000000,-0.613289
2.050000,-0.000000,-0.602021
2.100000,-0.000000,-0.592123
2.150000,-0.000000,-0.583574
2.200000,-0.000000,-0.576356
2.250000,-0.000000,-0.570455
2.300000,-0.000000,-0.565857
2.350000,-0.000000,-0.562555
2.400000,-0.000000,-0.560541
2.450000,-0.000000,-0.559811
2.500000,-0.000000,-0.560364
2.550000,-0.000000,-0.562201
2.600000,-0.000000,-0.565326
2.650000,-0.000000,-0.569745
2.700000,-0.000000,-0.575466
2.750000,-0.000000,-0.582502
2.800000,-0.000000,-0.590866
2.850000,-0.000000,-0.600577
2.900000,-0.000000,-0.611655
2.950000,-0.000000,-0.624124
3.000000,-0.000000,-0.638012
3.050000,-0.000000,-0.653351
3.100000,-0.000000,-0.670177
3.150000,-0.000000,-0.688531
3.200000,-0.000000,-0.708460
3.250000,-0.000000,-0.730017
3.300000,-0.000000,-0.746200
3.350000,-0.000000,-0.742552
3.400000,-0.000000,-0.740228
3.450000,-0.000000,
3.500000,-0.000000,
-3.500000,0.050000,
-3.450000,0.050000,
-3.400000,0.050000,-0.765138
-3.350000,0.050000,-0.739333
-3.300000,0.050000,-0.715305
-3.250000,0.050000,-0.692982
-3.200000,0.050000,-0.672302
-3.150000,0.050000,-0.653211
-3.100000,0.050000,-0.635657
-3.050000,0.050000,-0.619600
-3.000000,0.050000,-0.605000
-2.950000,0.050000,-0.591824
-2.900000,0.050000,-0.580043
-2.850000,0.050000,-0.569631
-2.800000,0.050000,-0.560566
-2.750000,0.050000,-0.552829
-2.700000,0.050000,-0.546405
-2.650000,0.050000,-0.541279
-2.600000,0.050000,-0.537443
-2.550000,0.050000,-0.534889
-2.500000,0.050000,-0.533611
-2.450000,0.050000,-0.533608
-2.400000,0.050000,-0.534878
-2.350000,0.050000,-0.537426
-2.300000,0.050000,-0.541254
-2.250000,0.050000,-0.546372
-2.200000,0.050000,-0.552790
-2.150000,0.050000,-0.560519
-2.100000,0.050000,-0.569577
-2.050000,0.050000,-0.579981
-2.000000,0.050000,-0.591755
-1.950000,0.050000,-0.604923
-1.900000,0.050000,-0.619515
-1.850000,0.050000,-0.635564
-1.800000,0.050000,-0.653109
-1.750000,0.050000,-0.672192
-1.700000,0.050000,-0.692862
-1.650000,0.050000,-0.715176
-1.600000,0.050000,-0.739194
-1.550000,0.050000,-0.764989
-1.500000,0.050000,-0.792641
-1.450000,0.050000,-0.745873
-1.400000,0.050000,-0.694475
-1.350000,0.050000,-0.646596
-1.300000,0.050000,-0.601898
-1.250000,0.050000,-0.560107
-1.200000,0.050000,-0.520991
-1.150000,0.050000,-0.484359
-1.100000,0.050000,-0.450044
-1.050000,0.050000,-0.417905
-1.000000,0.050000,-0.387821
-0.950000,0.050000,-0.359686
-0.900000,0.050000,-0.333406
-0.850000,0.050000,-0.308900
-0.800000,0.050000,-0.286096
-0.750000,0.050000,-0.264932
-0.700000,0.050000,-0.245351
-0.650000,0.050000,-0.227304
-0.600000,0.050000,-0.210747
-0.550000,0.050000,-0.195641
-0.500000,0.050000,-0.181952
-0.450000,0.050000,-0.169651
-0.400000,0.050000,-0.158710
-0.350000,0.050000,-0.149107
-0.300000,0.050000,-0.140822
-0.250000,0.050000,-0.133839
-0.200000,0.050000,-0.128144
-0.150000,0.050000,-0.123726
-0.100000,0.050000,-0.120576
-0.050000,0.050000,-0.118689
-0.000000,0.050000,-0.118060
0.050000,0.050000,-0.118689
0.100000,0.050000,-0.120576
0.150000,0.050000,-0.123726
0.200000,0.050000,-0.128144
0.250000,0.050000,-0.133839
0.300000,0.050000,-0.140822
0.350000,0.050000,-0.149107
0.400000,0.050000,-0.158710
0.450000,0.050000,-0.169651
0.500000,0.050000,-0.181952
0.550000,0.050000,-0.195641
0.600000,0.050000,-0.210747
0.650000,0.050000,-0.227304
0.700000,0.050000,-0.245351
0.750000,0.050000,-0.264932
0.800000,0.050000,-0.286096
0.850000,0.050000,-0.308900
0.900000,0.050000,-0.333406
0.950000,0.050000,-0.359686
1.000000,0.050000,-0.387821
1.050000,0.050000,-0.417905
1.100000,0.050000,-0.450044
1.150000,0.050000,-0.484359
1.200000,0.050000,-0.520991
1.250000,0.050000,-0.560107
1.300000,0.050000,-0.601898
1.350000,0.050000,-0.646596
1.400000,0.050000,-0.694475
1.450000,0.050000,-0.745873
1.500000,0.050000,-0.798037
1.550000,0.050000,-0.771113
1.600000,0.050000,-0.746018
1.650000,0.050000,-0.722675
1.700000,0.050000,-0.701015
1.750000,0.050000,-0.680979
1.800000,0.050000,-0.662513
1.850000,0.050000,-0.645572
1.900000,0.050000,-0.630114
1.950000,0.050000,-0.616102
2.000000,0.050000,-0.603505
2.050000,0.050000,-0.592294
2.100000,0.050000,-0.582447
2.150000,0.050000,-0.573940
2.200000,0.050000,-0.566758
2.250000,0.050000,-0.560886
2.300000,0.050000,-0.556311
2.350000,0.050000,-0.553024
2.400000,0.050000,-0.551020
2.450000,0.050000,-0.550294
2.500000,0.050000,-0.550844
2.550000,0.050000,-0.552672
2.600000,0.050000,-0.555782
2.650000,0.050000,-0.560179
2.700000,0.050000,-0.565872
2.750000,0.050000,-0.572873
2.800000,0.050000,-0.581196
2.850000,0.050000,-0.590858
2.900000,0.050000,-0.601880
2.950000,0.050000,-0.614284
3.000000,0.050000,-0.628100
3.050000,0.050000,-0.643357
3.100000,0.050000,-0.660091
3.150000,0.050000,-0.678344
3.200000,0.050000,-0.698161
3.250000,0.050000,-0.719594
3.300000,0.050000,-0.742702
3.350000,0.050000,-0.758859
3.400000,0.050000,-0.756515
3.450000,0.050000,
3.500000,0.050000,
-3.500000,0.100000,
-3.450000,0.100000,
-3.400000,0.100000,-0.775164
-3.350000,0.100000,-0.749211
-3.300000,0.100000,-0.725049
-3.250000,0.100000,-0.702605
-3.200000,0.100000,-0.681815
-3.150000,0.100000,-0.662624
-3.100000,0.100000,-0.644982
-3.050000,0.100000,-0.628844
-3.000000,0.100000,-0.614173
-2.950000,0.100000,-0.600933
-2.900000,0.100000,-0.589096
-2.850000,0.100000,-0.578635
-2.800000,0.100000,-0.569527
-2.750000,0.100000,-0.561754
-2.700000,0.100000,-0.555300
-2.650000,0.100000,-0.550152
-2.600000,0.100000,-0.546298
-2.550000,0.100000,-0.543732
-2.500000,0.100000,-0.542449
-2.450000,0.100000,-0.542445
-2.400000,0.100000,-0.543722
-2.350000,0.100000,-0.546280
-2.300000,0.100000,-0.550127
-2.250000,0.100000,-0.555268
-2.200000,0.100000,-0.561715
-2.150000,0.100000,-0.569480
-2.100000,0.100000,-0.578580
-2.050000,0.100000,-0.589034
-2.000000,0.100000,-0.600863
-1.950000,0.100000,-0.614095
-1.900000,0.100000,-0.628759
-1.850000,0.100000,-0.644888
-1.800000,0.100000,-0.662522
-1.750000,0.100000,-0.681704
-1.700000,0.100000,-0.702484
-1.650000,0.100000,-0.724919
-1.600000,0.100000,-0.749072
-1.550000,0.100000,-0.775014
-1.500000,0.100000,-0.802830
-1.450000,0.100000,-0.748632
-1.400000,0.100000,-0.697134
-1.350000,0.100000,-0.649167
-1.300000,0.100000,-0.604393
-1.250000,0.100000,-0.562534
-1.200000,0.100000,-0.523358
-1.150000,0.100000,-0.486672
-1.100000,0.100000,-0.452309
-1.050000,0.100000,-0.420128
-1.000000,0.100000,-0.390005
-0.950000,0.100000,-0.361834
-0.900000,0.100000,-0.335522
-0.850000,0.100000,-0.310987
-0.800000,0.100000,-0.288157
-0.750000,0.100000,-0.266969
-0.700000,0.100000,-0.247367
-0.650000,0.100000,-0.229301
-0.600000,0.100000,-0.212726
-0.550000,0.100000,-0.197605
-0.500000,0.100000,-0.183902
-0.450000,0.100000,-0.171588
-0.400000,0.100000,-0.160636
-0.350000,0.100000,-0.151023
-0.300000,0.100000,-0.142731
-0.250000,0.100000,-0.135741
-0.200000,0.100000,-0.130041
-0.150000,0.100000,-0.125618
-0.100000,0.100000,-0.122466
-0.050000,0.100000,-0.120576
-0.000000,0.100000,-0.119947
0.050000,0.100000,-0.120576
0.100000,0.100000,-0.122466
0.150000,0.100000,-0.125618
0.200000,0.100000,-0.130041
0.250000,0.100000,-0.135741
0.300000,0.100000,-0.142731
0.350000,0.100000,-0.151023
0.400000,0.100000,-0.160636
0.450000,0.100000,-0.171588
0.500000,0.100000,-0.183902
0.550000,0.100000,-0.197605
0.600000,0.100000,-0.212726
0.650000,0.100000,-0.229301
0.700000,0.100000,-0.247367
0.750000,0.100000,-0.266969
0.800000,0.100000,-0.288157
0.850000,0.100000,-0.310987
0.900000,0.100000,-0.335522
0.950000,0.100000,-0.361834
1.000000,0.100000,-0.390005
1.050000,0.100000,-0.420128
1.100000,0.100000,-0.452309
1.150000,0.100000,-0.486672
1.200000,0.100000,-0.523358
1.250000,0.100000,-0.562534
1.300000,0.100000,-0.604393
1.350000,0.100000,-0.649167
1.400000,0.100000,-0.697134
1.450000,0.100000,-0.748632
1.500000,0.100000,-0.788655
1.550000,0.100000,-0.761876
1.600000,0.100000,-0.736912
1.650000,0.100000,-0.713687
1.700000,0.100000,-0.692134
1.750000,0.100000,-0.672195
1.800000,0.100000,-0.653817
1.850000,0.100000,-0.636955
1.900000,0.100000,-0.621567
1.950000,0.100000,-0.607618
2.000000,0.100000,-0.595077
2.050000,0.100000,-0.583915
2.100000,0.100000,-0.574110
2.150000,0.100000,-0.565640
2.200000,0.100000,-0.558489
2.250000,0.100000,-0.552641
2.300000,0.100000,-0.548085
2.350000,0.100000,-0.544813
2.400000,0.100000,-0.542817
2.450000,0.100000,-0.542094
2.500000,0.100000,-0.542642
2.550000,0.100000,-0.544462
2.600000,0.100000,-0.547559
2.650000,0.100000,-0.551937
2.700000,0.100000,-0.557607
2.750000,0.100000,-0.564578
2.800000,0.100000,-0.572865
2.850000,0.100000,-0.582485
2.900000,0.100000,-0.593459
2.950000,0.100000,-0.605808
3.000000,0.100000,-0.619562
3.050000,0.100000,-0.634749
3.100000,0.100000,-0.651406
3.150000,0.100000,-0.669573
3.200000,0.100000,-0.689295
3.250000,0.100000,-0.710622
3.300000,0.100000,-0.733613
3.350000,0.100000,-0.758333
3.400000,0.100000,-0.774285
3.450000,0.100000,
3.500000,0.100000,
-3.500000,0.150000,
-3.450000,0.150000,
-3.400000,0.150000,-0.786710
-3.350000,0.150000,-0.760585
-3.300000,0.150000,-0.736266
-3.250000,0.150000,-0.713681
-3.200000,0.150000,-0.692764
-3.150000,0.150000,-0.673458
-3.100000,0.150000,-0.655712
-3.050000,0.150000,-0.639481
-3.000000,0.150000,-0.624726
-2.950000,0.150000,-0.611412
-2.900000,0.150000,-0.599509
-2.850000,0.150000,-0.588991
-2.800000,0.150000,-0.579834
-2.750000,0.150000,-0.572020
-2.700000,0.150000,-0.565531
-2.650000,0.150000,-0.560356
-2.600000,0.150000,-0.556482
-2.550000,0.150000,-0.553903
-2.500000,0.150000,-0.552612
-2.450000,0.150000,-0.552609
-2.400000,0.150000,-0.553892
-2.350000,0.150000,-0.556464
-2.300000,0.150000,-0.560330
-2.250000,0.150000,-0.565499
-2.200000,0.150000,-0.571980
-2.150000,0.150000,-0.579787
-2.100000,0.150000,-0.588936
-2.050000,0.150000,-0.599447
-2.000000,0.150000,-0.611342
-1.950000,0.150000,-0.624648
-1.900000,0.150000,-0.639394
-1.850000,0.150000,-0.655617
-1.800000,0.150000,-0.673355
-1.750000,0.150000,-0.692652
-1.700000,0.150000,-0.713560
-1.650000,0.150000,-0.736136
-1.600000,0.150000,-0.760444
-1.550000,0.150000,-0.786560
-1.500000,0.150000,-0.808887
-1.450000,0.150000,-0.753242
-1.400000,0.150000,-0.701575
-1.350000,0.150000,-0.653462
-1.300000,0.150000,-0.608559
-1.250000,0.150000,-0.566587
-1.200000,0.150000,-0.527311
-1.150000,0.150000,-0.490535
-1.100000,0.150000,-0.456092
-1.050000,0.150000,-0.423838
-1.000000,0.150000,-0.393650
-0.950000,0.150000,-0.365420
-0.900000,0.150000,-0.339055
-0.850000,0.150000,-0.314472
-0.800000,0.150000,-0.291598
-0.750000,0.150000,-0.270370
-0.700000,0.150000,-0.250732
-0.650000,0.150000,-0.232633
-0.600000,0.150000,-0.216029
-0.550000,0.150000,-0.200882
-0.500000,0.150000,-0.187155
-0.450000,0.150000,-0.174821
-0.400000,0.150000,-0.163851
-0.350000,0.150000,-0.154222
-0.300000,0.150000,-0.145916
-0.250000,0.150000,-0.138915
-0.200000,0.150000,-0.133206
-0.150000,0.150000,-0.128776
-0.100000,0.150000,-0.125618
-0.050000,0.150000,-0.123726
-0.000000,0.150000,-0.123096
0.050000,0.150000,-0.123726
0.100000,0.150000,-0.125618
0.150000,0.150000,-0.128776
0.200000,0.150000,-0.133206
0.250000,0.150000,-0.138915
0.300000,0.150000,-0.145916
0.350000,0.150000,-0.154222
0.400000,0.150000,-0.163851
0.450000,0.150000,-0.174821
0.500000,0.150000,-0.187155
0.550000,0.150000,-0.200882
0.600000,0.150000,-0.216029
0.650000,0.150000,-0.232633
0.700000,0.150000,-0.250732
0.750000,0.150000,-0.270370
0.800000,0.150000,-0.291598
0.850000,0.150000,-0.314472
0.900000,0.150000,-0.339055
0.950000,0.150000,-0.365420
1.000000,0.150000,-0.393650
1.050000,0.150000,-0.423838
1.100000,0.150000,-0.456092
1.150000,0.150000,-0.490535
1.200000,0.150000,-0.527311
1.250000,0.150000,-0.566587
1.300000,0.150000,-0.608559
1.350000,0.150000,-0.653462
1.400000,0.150000,-0.701575
1.450000,0.150000,-0.753242
1.500000,0.150000,-0.780770
1.550000,0.150000,-0.754112
1.600000,0.150000,-0.729257
1.650000,0.150000,-0.706130
1.700000,0.150000,-0.684667
1.750000,0.150000,-0.664808
1.800000,0.150000,-0.646503
1.850000,0.150000,-0.629706
1.900000,0.150000,-0.614377
1.950000,0.150000,-0.600481
2.000000,0.150000,-0.587986
2.050000,0.150000,-0.576866
2.100000,0.150000,-0.567096
2.150000,0.150000,-0.558657
2.200000,0.150000,-0.551531
2.250000,0.150000,-0.545704
2.300000,0.150000,-0.541165
2.350000,0.150000,-0.537903
2.400000,0.150000,-0.535914
2.450000,0.150000,-0.535194
2.500000,0.150000,-0.535740
2.550000,0.150000,-0.537554
2.600000,0.150000,-0.540640
2.650000,0.150000,-0.545003
2.700000,0.150000,-0.550652
2.750000,0.150000,-0.557599
2.800000,0.150000,-0.565856
2.850000,0.150000,-0.575441
2.900000,0.150000,-0.586374
2.950000,0.150000,-0.598678
3.000000,0.150000,-0.612380
3.050000,0.150000,-0.627509
3.100000,0.150000,-0.644102
3.150000,0.150000,-0.662197
3.200000,0.150000,-0.681839
3.250000,0.150000,-0.703078
3.300000,0.150000,-0.725972
3.350000,0.150000,-0.750585
3.400000,0.150000,-0.776990
3.450000,0.150000,
3.500000,0.150000,
-3.500000,0.200000,
-3.450000,0.200000,
-3.400000,0.200000,-0.799808
-3.350000,0.200000,-0.773484
-3.300000,0.200000,-0.748986
-3.250000,0.200000,-0.726238
-3.200000,0.200000,-0.705175
-3.150000,0.200000,-0.685736
-3.100000,0.200000,-0.667871
-3.050000,0.200000,-0.651533
-3.000000,0.200000,-0.636682
-2.950000,0.200000,-0.623284
-2.900000,0.200000,-0.611306
-2.850000,0.200000,-0.600722
-2.800000,0.200000,-0.591509
-2.750000,0.200000,-0.583647
-2.700000,0.200000,-0.577119
-2.650000,0.200000,-0.571912
-2.600000,0.200000,-0.568015
-2.550000,0.200000,-0.565420
-2.500000,0.200000,-0.564123
-2.450000,0.200000,-0.564119
-2.400000,0.200000,-0.565410
-2.350000,0.200000,-0.567997
-2.300000,0.200000,-0.571887
-2.250000,0.200000,-0.577086
-2.200000,0.200000,-0.583607
-2.150000,0.200000,-0.591461
-2.100000,0.200000,-0.600667
-2.050000,0.200000,-0.611243
-2.000000,0.200000,-0.623213
-1.950000,0.200000,-0.636604
-1.900000,0.200000,-0.651446
-1.850000,0.200000,-0.667775
-1.800000,0.200000,-0.685632
-1.750000,0.200000,-0.705062
-1.700000,0.200000,-0.726116
-1.650000,0.200000,-0.748854
-1.600000,0.200000,-0.773342
-1.550000,0.200000,-0.799656
-1.500000,0.200000,-0.815649
-1.450000,0.200000,-0.759724
-1.400000,0.200000,-0.707818
-1.350000,0.200000,-0.659497
-1.300000,0.200000,-0.614413
-1.250000,0.200000,-0.572280
-1.200000,0.200000,-0.532862
-1.150000,0.200000,-0.495959
-1.100000,0.200000,-0.461402
-1.050000,0.200000,-0.429046
-1.000000,0.200000,-0.398766
-0.950000,0.200000,-0.370453
-0.900000,0.200000,-0.344013
-0.850000,0.200000,-0.319361
-0.800000,0.200000,-0.296426
-0.750000,0.200000,-0.275142
-0.700000,0.200000,-0.255453
-0.650000,0.200000,-0.237309
-0.600000,0.200000,-0.220664
-0.550000,0.200000,-0.205479
-0.500000,0.200000,-0.191720
-0.450000,0.200000,-0.179356
-0.400000,0.200000,-0.168360
-0.350000,0.200000,-0.158710
-0.300000,0.200000,-0.150384
-0.250000,0.200000,-0.143367
-0.200000,0.200000,-0.137645
-0.150000,0.200000,-0.133206
-0.100000,0.200000,-0.130041
-0.050000,0.200000,-0.128144
-0.000000,0.200000,-0.127512
0.050000,0.200000,-0.128144
0.100000,0.200000,-0.130041
0.150000,0.200000,-0.133206
0.200000,0.200000,-0.137645
0.250000,0.200000,-0.143367
0.300000,0.200000,-0.150384
0.350000,0.200000,-0.158710
0.400000,0.200000,-0.168360
0.450000,0.200000,-0.179356
0.500000,0.200000,-0.191720
0.550000,0.200000,-0.205479
0.600000,0.200000,-0.220664
0.650000,0.200000,-0.237309
0.700000,0.200000,-0.255453
0.750000,0.200000,-0.275142
0.800000,0.200000,-0.296426
0.850000,0.200000,-0.319361
0.900000,0.200000,-0.344013
0.950000,0.200000,-0.370453
1.000000,0.200000,-0.398766
1.050000,0.200000,-0.429046
1.100000,0.200000,-0.461402
1.150000,0.200000,-0.495959
1.200000,0.200000,-0.532862
1.250000,0.200000,-0.572280
1.300000,0.200000,-0.614413
1.350000,0.200000,-0.659497
1.400000,0.200000,-0.707818
1.450000,0.200000,-0.759724
1.500000,0.200000,-0.774362
1.550000,0.200000,-0.747801
1.600000,0.200000,-0.723034
1.650000,0.200000,-0.699987
1.700000,0.200000,-0.678595
1.750000,0.200000,-0.658802
1.800000,0.200000,-0.640556
1.850000,0.200000,-0.623812
1.900000,0.200000,-0.608530
1.950000,0.200000,-0.594677
2.000000,0.200000,-0.582220
2.050000,0.200000,-0.571132
2.100000,0.200000,-0.561391
2.150000,0.200000,-0.552977
2.200000,0.200000,-0.545871
2.250000,0.200000,-0.540061
2.300000,0.200000,-0.535535
2.350000,0.200000,-0.532283
2.400000,0.200000,-0.530299
2.450000,0.200000,-0.529581
2.500000,0.200000,-0.530125
2.550000,0.200000,-0.531934
2.600000,0.200000,-0.535011
2.650000,0.200000,-0.539362
2.700000,0.200000,-0.544995
2.750000,0.200000,-0.551921
2.800000,0.200000,-0.560155
2.850000,0.200000,-0.569712
2.900000,0.200000,-0.580612
2.950000,0.200000,-0.592879
3.000000,0.200000,-0.606539
3.050000,0.200000,-0.621622
3.100000,0.200000,-0.638162
3.150000,0.200000,-0.656199
3.200000,0.200000,-0.675776
3.250000,0.200000,-0.696945
3.300000,0.200000,-0.719760
3.350000,0.200000,-0.744286
3.400000,0.200000,-0.770596
3.450000,0.200000,
3.500000,0.200000,
-3.500000,0.250000,
-3.450000,0.250000,
-3.400000,0.250000,
-3.350000,0.250000,-0.787943
-3.300000,0.250000,-0.763241
-3.250000,0.250000,-0.740308
-3.200000,0.250000,-0.719078
-3.150000,0.250000,-0.699489
-3.100000,0.250000,-0.681488
-3.050000,0.250000,-0.665029
-3.000000,0.250000,-0.650070
-2.950000,0.250000,-0.636575
-2.900000,0.250000,-0.624512
-2.850000,0.250000,-0.613854
-2.800000,0.250000,-0.604577
-2.750000,0.250000,-0.596661
-2.700000,0.250000,-0.590088
-2.650000,0.250000,-0.584846
-2.600000,0.250000,-0.580923
-2.550000,0.250000,-0.578311
-2.500000,0.250000,-0.577004
-2.450000,0.250000,-0.577000
-2.400000,0.250000,-0.578300
-2.350000,0.250000,-0.580905
-2.300000,0.250000,-0.584820
-2.250000,0.250000,-0.590055
-2.200000,0.250000,-0.596620
-2.150000,0.250000,-0.604529
-2.100000,0.250000,-0.613798
-2.050000,0.250000,-0.624449
-2.000000,0.250000,-0.636503
-1.950000,0.250000,-0.649991
-1.900000,0.250000,-0.664941
-1.850000,0.250000,-0.681392
-1.800000,0.250000,-0.699384
-1.750000,0.250000,-0.718964
-1.700000,0.250000,-0.740186
-1.650000,0.250000,-0.763108
-1.600000,0.250000,-0.787800
-1.550000,0.250000,-0.814340
-1.500000,0.250000,-0.824394
-1.450000,0.250000,-0.768104
-1.400000,0.250000,-0.715885
-1.350000,0.250000,-0.667293
-1.300000,0.250000,-0.621972
-1.250000,0.250000,-0.579631
-1.200000,0.250000,-0.540028
-1.150000,0.250000,-0.502960
-1.100000,0.250000,-0.468256
-1.050000,0.250000,-0.435767
-1.000000,0.250000,-0.405367
-0.950000,0.250000,-0.376946
-0.900000,0.250000,-0.350407
-0.850000,0.250000,-0.325667
-0.800000,0.250000,-0.302652
-0.750000,0.250000,-0.281296
-0.700000,0.250000,-0.261541
-0.650000,0.250000,-0.243337
-0.600000,0.250000,-0.226639
-0.550000,0.250000,-0.211406
-0.500000,0.250000,-0.197605
-0.450000,0.250000,-0.185203
-0.400000,0.250000,-0.174174
-0.350000,0.250000,-0.164494
-0.300000,0.250000,-0.156144
-0.250000,0.250000,-0.149107
-0.200000,0.250000,-0.143367
-0.150000,0.250000,-0.138915
-0.100000,0.250000,-0.135741
-0.050000,0.250000,-0.133839
-0.000000,0.250000,-0.133206
0.050000,0.250000,-0.133839
0.100000,0.250000,-0.135741
0.150000,0.250000,-0.138915
0.200000,0.250000,-0.143367
0.250000,0.250000,-0.149107
0.300000,0.250000,-0.156144
0.350000,0.250000,-0.164494
0.400000,0.250000,-0.174174
0.450000,0.250000,-0.185203
0.500000,0.250000,-0.197605
0.550000,0.250000,-0.211406
0.600000,0.250000,-0.226639
0.650000,0.250000,-0.243337
0.700000,0.250000,-0.261541
0.750000,0.250000,-0.281296
0.800000,0.250000,-0.302652
0.850000,0.250000,-0.325667
0.900000,0.250000,-0.350407
0.950000,0.250000,-0.376946
1.000000,0.250000,-0.405367
1.050000,0.250000,-0.435767
1.100000,0.250000,-0.468256
1.150000,0.250000,-0.502960
1.200000,0.250000,-0.540028
1.250000,0.250000,-0.579631
1.300000,0.250000,-0.621972
1.350000,0.250000,-0.667293
1.400000,0.250000,-0.715885
1.450000,0.250000,-0.768104
1.500000,0.250000,-0.769415
1.550000,0.250000,-0.742928
1.600000,0.250000,-0.718228
1.650000,0.250000,-0.695242
1.700000,0.250000,-0.673906
1.750000,0.250000,-0.654162
1.800000,0.250000,-0.635961
1.850000,0.250000,-0.619258
1.900000,0.250000,-0.604013
1.950000,0.250000,-0.590192
2.000000,0.250000,-0.577764
2.050000,0.250000,-0.566702
2.100000,0.250000,-0.556983
2.150000,0.250000,-0.548588
2.200000,0.250000,-0.541498
2.250000,0.250000,-0.535701
2.300000,0.250000,-0.531184
2.350000,0.250000,-0.527939
2.400000,0.250000,-0.525960
2.450000,0.250000,-0.525243
2.500000,0.250000,-0.525787
2.550000,0.250000,-0.527592
2.600000,0.250000,-0.530662
2.650000,0.250000,-0.535003
2.700000,0.250000,-0.540624
2.750000,0.250000,-0.547534
2.800000,0.250000,-0.555749
2.850000,0.250000,-0.565285
2.900000,0.250000,-0.576160
2.950000,0.250000,-0.588399
3.000000,0.250000,-0.602027
3.050000,0.250000,-0.617074
3.100000,0.250000,-0.633574
3.150000,0.250000,-0.651566
3.200000,0.250000,-0.671094
3.250000,0.250000,-0.692208
3.300000,0.250000,-0.714963
3.350000,0.250000,-0.739422
3.400000,0.250000,-0.765659
3.450000,0.250000,
3.500000,0.250000,
-3.500000,0.300000,
-3.450000,0.300000,
-3.400000,0.300000,
-3.350000,0.300000,-0.804002
-3.300000,0.300000,-0.779069
-3.250000,0.300000,-0.755928
-3.200000,0.300000,-0.734509
-3.150000,0.300000,-0.714751
-3.100000,0.300000,-0.696597
-3.050000,0.300000,-0.680001
-3.000000,0.300000,-0.664920
-2.950000,0.300000,-0.651316
-2.900000,0.300000,-0.639157
-2.850000,0.300000,-0.628416
-2.800000,0.300000,-0.619067
-2.750000,0.300000,-0.611090
-2.700000,0.300000,-0.604467
-2.650000,0.300000,-0.599185
-2.600000,0.300000,-0.595232
-2.550000,0.300000,-0.592601
-2.500000,0.300000,-0.591284
-2.450000,0.300000,-0.591280
-2.400000,0.300000,-0.592590
-2.350000,0.300000,-0.595214
-2.300000,0.300000,-0.599159
-2.250000,0.300000,-0.604434
-2.200000,0.300000,-0.611049
-2.150000,0.300000,-0.619018
-2.100000,0.300000,-0.628360
-2.050000,0.300000,-0.639093
-2.000000,0.300000,-0.651244
-1.950000,0.300000,-0.664840
-1.900000,0.300000,-0.679913
-1.850000,0.300000,-0.696501
-1.800000,0.300000,-0.714645
-1.750000,0.300000,-0.734395
-1.700000,0.300000,-0.755804
-1.650000,0.300000,-0.778935
-1.600000,0.300000,-0.803858
-1.550000,0.300000,-0.830654
-1.500000,0.300000,-0.835164
-1.450000,0.300000,-0.778418
-1.400000,0.300000,-0.725808
-1.350000,0.300000,-0.676879
-1.300000,0.300000,-0.631264
-1.250000,0.300000,-0.588663
-1.200000,0.300000,-0.548831
-1.150000,0.300000,-0.511558
-1.100000,0.300000,-0.476671
-1.050000,0.300000,-0.444017
-1.000000,0.300000,-0.413469
-0.950000,0.300000,-0.384915
-0.900000,0.300000,-0.358255
-0.850000,0.300000,-0.333406
-0.800000,0.300000,-0.310291
-0.750000,0.300000,-0.288845
-0.700000,0.300000,-0.269009
-0.650000,0.300000,-0.250732
-0.600000,0.300000,-0.233968
-0.550000,0.300000,-0.218676
-0.500000,0.300000,-0.204822
-0.450000,0.300000,-0.192373
-0.400000,0.300000,-0.181303
-0.350000,0.300000,-0.171588
-0.300000,0.300000,-0.163207
-0.250000,0.300000,-0.156144
-0.200000,0.300000,-0.150384
-0.150000,0.300000,-0.145916
-0.100000,0.300000,-0.142731
-0.050000,0.300000,-0.140822
-0.000000,0.300000,-0.140186
0.050000,0.300000,-0.140822
0.100000,0.300000,-0.142731
0.150000,0.300000,-0.145916
0.200000,0.300000,-0.150384
0.250000,0.300000,-0.156144
0.300000,0.300000,-0.163207
0.350000,0.300000,-0.171588
0.400000,0.300000,-0.181303
0.450000,0.300000,-0.192373
0.500000,0.300000,-0.204822
0.550000,0.300000,-0.218676
0.600000,0.300000,-0.233968
0.650000,0.300000,-0.250732
0.700000,0.300000,-0.269009
0.750000,0.300000,-0.288845
0.800000,0.300000,-0.310291
0.850000,0.300000,-0.333406
0.900000,0.300000,-0.358255
0.950000,0.300000,-0.384915
1.000000,0.300000,-0.413469
1.050000,0.300000,-0.444017
1.100000,0.300000,-0.476671
1.150000,0.300000,-0.511558
1.200000,0.300000,-0.548831
1.250000,0.300000,-0.588663
1.300000,0.300000,-0.631264
1.350000,0.300000,-0.676879
1.400000,0.300000,-0.725808
1.450000,0.300000,-0.778418
1.500000,0.300000,-0.765915
1.550000,0.300000,-0.739480
1.600000,0.300000,-0.714828
1.650000,0.300000,-0.691885
1.700000,0.300000,-0.670588
1.750000,0.300000,-0.650880
1.800000,0.300000,-0.632711
1.850000,0.300000,-0.616036
1.900000,0.300000,-0.600817
1.950000,0.300000,-0.587019
2.000000,0.300000,-0.574611
2.050000,0.300000,-0.563567
2.100000,0.300000,-0.553864
2.150000,0.300000,-0.545481
2.200000,0.300000,-0.538403
2.250000,0.300000,-0.532615
2.300000,0.300000,-0.528105
2.350000,0.300000,-0.524866
2.400000,0.300000,-0.522890
2.450000,0.300000,-0.522174
2.500000,0.300000,-0.522716
2.550000,0.300000,-0.524519
2.600000,0.300000,-0.527584
2.650000,0.300000,-0.531918
2.700000,0.300000,-0.537530
2.750000,0.300000,-0.544430
2.800000,0.300000,-0.552632
2.850000,0.300000,-0.562152
2.900000,0.300000,-0.573010
2.950000,0.300000,-0.585228
3.000000,0.300000,-0.598833
3.050000,0.300000,-0.613855
3.100000,0.300000,-0.630327
3.150000,0.300000,-0.648288
3.200000,0.300000,-0.667781
3.250000,0.300000,-0.688856
3.300000,0.300000,-0.711569
3.350000,0.300000,-0.735982
3.400000,0.300000,-0.762166
3.450000,0.300000,
3.500000,0.300000,
-3.500000,0.350000,
-3.450000,0.350000,
-3.400000,0.350000,
-3.350000,0.350000,-0.817801
-3.300000,0.350000,-0.796514
-3.250000,0.350000,-0.773139
-3.200000,0.350000,-0.751509
-3.150000,0.350000,-0.731560
-3.100000,0.350000,-0.713236
-3.050000,0.350000,-0.696486
-3.000000,0.350000,-0.681268
-2.950000,0.350000,-0.667542
-2.900000,0.350000,-0.655276
-2.850000,0.350000,-0.644441
-2.800000,0.350000,-0.635012
-2.750000,0.350000,-0.626967
-2.700000,0.350000,-0.620288
-2.650000,0.350000,-0.614962
-2.600000,0.350000,-0.610976
-2.550000,0.350000,-0.608322
-2.500000,0.350000,-0.606995
-2.450000,0.350000,-0.606991
-2.400000,0.350000,-0.608311
-2.350000,0.350000,-0.610958
-2.300000,0.350000,-0.614936
-2.250000,0.350000,-0.620255
-2.200000,0.350000,-0.626926
-2.150000,0.350000,-0.634963
-2.100000,0.350000,-0.644385
-2.050000,0.350000,-0.655212
-2.000000,0.350000,-0.667470
-1.950000,0.350000,-0.681187
-1.900000,0.350000,-0.696397
-1.850000,0.350000,-0.713138
-1.800000,0.350000,-0.731454
-1.750000,0.350000,-0.751394
-1.700000,0.350000,-0.773014
-1.650000,0.350000,-0.796379
-1.600000,0.350000,-0.821562
-1.550000,0.350000,-0.848646
-1.500000,0.350000,-0.848012
-1.450000,0.350000,-0.790711
-1.400000,0.350000,-0.737629
-1.350000,0.350000,-0.688292
-1.300000,0.350000,-0.642321
-1.250000,0.350000,-0.599408
-1.200000,0.350000,-0.559298
-1.150000,0.350000,-0.521780
-1.100000,0.350000,-0.486672
-1.050000,0.350000,-0.453821
-1.000000,0.350000,-0.423095
-0.950000,0.350000,-0.394380
-0.900000,0.350000,-0.367575
-0.850000,0.350000,-0.342595
-0.800000,0.350000,-0.319361
-0.750000,0.350000,-0.297808
-0.700000,0.350000,-0.277875
-0.650000,0.350000,-0.259510
-0.600000,0.350000,-0.242666
-0.550000,0.350000,-0.227304
-0.500000,0.350000,-0.213386
-0.450000,0.350000,-0.200882
-0.400000,0.350000,-0.189762
-0.350000,0.350000,-0.180005
-0.300000,0.350000,-0.171588
-0.250000,0.350000,-0.164494
-0.200000,0.350000,-0.158710
-0.150000,0.350000,-0.154222
-0.100000,0.350000,-0.151023
-0.050000,0.350000,-0.149107
-0.000000,0.350000,-0.148468
0.050000,0.350000,-0.149107
0.100000,0.350000,-0.151023
0.150000,0.350000,-0.154222
0.200000,0.350000,-0.158710
0.250000,0.350000,-0.164494
0.300000,0.350000,-0.171588
0.350000,0.350000,-0.180005
0.400000,0.350000,-0.189762
0.450000,0.350000,-0.200882
0.500000,0.350000,-0.213386
0.550000,0.350000,-0.227304
0.600000,0.350000,-0.242666
0.650000,0.350000,-0.259510
0.700000,0.350000,-0.277875
0.750000,0.350000,-0.297808
0.800000,0.350000,-0.319361
0.850000,0.350000,-0.342595
0.900000,0.350000,-0.367575
0.950000,0.350000,-0.394380
1.000000,0.350000,-0.423095
1.050000,0.350000,-0.453821
1.100000,0.350000,-0.486672
1.150000,0.350000,-0.521780
1.200000,0.350000,-0.559298
1.250000,0.350000,-0.599408
1.300000,0.350000,-0.642321
1.350000,0.350000,-0.688292
1.400000,0.350000,-0.737629
1.450000,0.350000,-0.790711
1.500000,0.350000,-0.763854
1.550000,0.350000,-0.737450
1.600000,0.350000,-0.712826
1.650000,0.350000,-0.689908
1.700000,0.350000,-0.668634
1.750000,0.350000,-0.648946
1.800000,0.350000,-0.630796
1.850000,0.350000,-0.614138
1.900000,0.350000,-0.598934
1.950000,0.350000,-0.585150
2.000000,0.350000,-0.572754
2.050000,0.350000,-0.561720
2.100000,0.350000,-0.552026
2.150000,0.350000,-0.543652
2.200000,0.350000,-0.536580
2.250000,0.350000,-0.530797
2.300000,0.350000,-0.526292
2.350000,0.350000,-0.523055
2.400000,0.350000,-0.521081
2.450000,0.350000,-0.520365
2.500000,0.350000,-0.520908
2.550000,0.350000,-0.522708
2.600000,0.350000,-0.525771
2.650000,0.350000,-0.530101
2.700000,0.350000,-0.535708
2.750000,0.350000,-0.542601
2.800000,0.350000,-0.550795
2.850000,0.350000,-0.560307
2.900000,0.350000,-0.571154
2.950000,0.350000,-0.583361
3.000000,0.350000,-0.596953
3.050000,0.350000,-0.611959
3.100000,0.350000,-0.628415
3.150000,0.350000,-0.646357
3.200000,0.350000,-0.665830
3.250000,0.350000,-0.686883
3.300000,0.350000,-0.709570
3.350000,0.350000,-0.733956
3.400000,0.350000,
3.450000,0.350000,
3.500000,0.350000,
-3.500000,0.400000,
-3.450000,0.400000,
-3.400000,0.400000,
-3.350000,0.400000,-0.806214
-3.300000,0.400000,-0.806633
-3.250000,0.400000,-0.791990
-3.200000,0.400000,-0.770124
-3.150000,0.400000,-0.749962
-3.100000,0.400000,-0.731447
-3.050000,0.400000,-0.714526
-3.000000,0.400000,-0.699155
-2.950000,0.400000,-0.685294
-2.900000,0.400000,-0.672909
-2.850000,0.400000,-0.661969
-2.800000,0.400000,-0.652450
-2.750000,0.400000,-0.644329
-2.700000,0.400000,-0.637589
-2.650000,0.400000,-0.632213
-2.600000,0.400000,-0.628190
-2.550000,0.400000,-0.625512
-2.500000,0.400000,-0.624172
-2.450000,0.400000,-0.624169
-2.400000,0.400000,-0.625501
-2.350000,0.400000,-0.628171
-2.300000,0.400000,-0.632187
-2.250000,0.400000,-0.637555
-2.200000,0.400000,-0.644288
-2.150000,0.400000,-0.652401
-2.100000,0.400000,-0.661912
-2.050000,0.400000,-0.672844
-2.000000,0.400000,-0.685221
-1.950000,0.400000,-0.699073
-1.900000,0.400000,-0.714436
-1.850000,0.400000,-0.731348
-1.800000,0.400000,-0.749855
-1.750000,0.400000,-0.770007
-1.700000,0.400000,-0.791864
-1.650000,0.400000,-0.815491
-1.600000,0.400000,-0.840964
-1.550000,0.400000,-0.868371
-1.500000,0.400000,-0.863000
-1.450000,0.400000,-0.805040
-1.400000,0.400000,-0.751396
-1.350000,0.400000,-0.701575
-1.300000,0.400000,-0.655184
-1.250000,0.400000,-0.611901
-1.200000,0.400000,-0.571466
-1.150000,0.400000,-0.533657
-1.100000,0.400000,-0.498290
-1.050000,0.400000,-0.465206
-1.000000,0.400000,-0.434271
-0.950000,0.400000,-0.405367
-0.900000,0.400000,-0.378392
-0.850000,0.400000,-0.353257
-0.800000,0.400000,-0.329884
-0.750000,0.400000,-0.308204
-0.700000,0.400000,-0.288157
-0.650000,0.400000,-0.269690
-0.600000,0.400000,-0.252754
-0.550000,0.400000,-0.237309
-0.500000,0.400000,-0.223317
-0.450000,0.400000,-0.210747
-0.400000,0.400000,-0.199570
-0.350000,0.400000,-0.189762
-0.300000,0.400000,-0.181303
-0.250000,0.400000,-0.174174
-0.200000,0.400000,-0.168360
-0.150000,0.400000,-0.163851
-0.100000,0.400000,-0.160636
-0.050000,0.400000,-0.158710
-0.000000,0.400000,-0.158068
0.050000,0.400000,-0.158710
0.100000,0.400000,-0.160636
0.150000,0.400000,-0.163851
0.200000,0.400000,-0.168360
0.250000,0.400000,-0.174174
0.300000,0.400000,-0.181303
0.350000,0.400000,-0.189762
0.400000,0.400000,-0.199570
0.450000,0.400000,-0.210747
0.500000,0.400000,-0.223317
0.550000,0.400000,-0.237309
0.600000,0.400000,-0.252754
0.650000,0.400000,-0.269690
0.700000,0.400000,-0.288157
0.750000,0.400000,-0.308204
0.800000,0.400000,-0.329884
0.850000,0.400000,-0.353257
0.900000,0.400000,-0.378392
0.950000,0.400000,-0.405367
1.000000,0.400000,-0.434271
1.050000,0.400000,-0.465206
1.100000,0.400000,-0.498290
1.150000,0.400000,-0.533657
1.200000,0.400000,-0.571466
1.250000,0.400000,-0.611901
1.300000,0.400000,-0.655184
1.350000,0.400000,-0.701575
1.400000,0.400000,-0.751396
1.450000,0.400000,-0.791482
1.500000,0.400000,-0.763227
1.550000,0.400000,-0.736833
1.600000,0.400000,-0.712217
1.650000,0.400000,-0.689307
1.700000,0.400000,-0.668039
1.750000,0.400000,-0.648358
1.800000,0.400000,-0.630214
1.850000,0.400000,-0.613561
1.900000,0.400000,-0.598362
1.950000,0.400000,-0.584581
2.000000,0.400000,-0.572189
2.050000,0.400000,-0.561159
2.100000,0.400000,-0.551467
2.150000,0.400000,-0.543095
2.200000,0.400000,-0.536026
2.250000,0.400000,-0.530244
2.300000,0.400000,-0.525740
2.350000,0.400000,-0.522504
2.400000,0.400000,-0.520531
2.450000,0.400000,-0.519815
2.500000,0.400000,-0.520357
2.550000,0.400000,-0.522158
2.600000,0.400000,-0.525219
2.650000,0.400000,-0.529548
2.700000,0.400000,-0.535153
2.750000,0.400000,-0.542045
2.800000,0.400000,-0.550237
2.850000,0.400000,-0.559745
2.900000,0.400000,-0.570590
2.950000,0.400000,-0.582793
3.000000,0.400000,-0.596381
3.050000,0.400000,-0.611383
3.100000,0.400000,-0.627833
3.150000,0.400000,-0.645770
3.200000,0.400000,-0.665237
3.250000,0.400000,-0.686282
3.300000,0.400000,-0.708962
3.350000,0.400000,-0.733340
3.400000,0.400000,
3.450000,0.400000,
3.500000,0.400000,
-3.500000,0.450000,
-3.450000,0.450000,
-3.400000,0.450000,
-3.350000,0.450000,-0.795974
-3.300000,0.450000,-0.796391
-3.250000,0.450000,-0.798089
-3.200000,0.450000,-0.790407
-3.150000,0.450000,-0.770008
-3.100000,0.450000,-0.751280
-3.050000,0.450000,-0.734168
-3.000000,0.450000,-0.718627
-2.950000,0.450000,-0.704616
-2.900000,0.450000,-0.692098
-2.850000,0.450000,-0.681043
-2.800000,0.450000,-0.671425
-2.750000,0.450000,-0.663220
-2.700000,0.450000,-0.656410
-2.650000,0.450000,-0.650979
-2.600000,0.450000,-0.646915
-2.550000,0.450000,-0.644210
-2.500000,0.450000,-0.642857
-2.450000,0.450000,-0.642853
-2.400000,0.450000,-0.644199
-2.350000,0.450000,-0.646897
-2.300000,0.450000,-0.650953
-2.250000,0.450000,-0.656376
-2.200000,0.450000,-0.663178
-2.150000,0.450000,-0.671375
-2.100000,0.450000,-0.680986
-2.050000,0.450000,-0.692032
-2.000000,0.450000,-0.704542
-1.950000,0.450000,-0.718545
-1.900000,0.450000,-0.734078
-1.850000,0.450000,-0.751180
-1.800000,0.450000,-0.769899
-1.750000,0.450000,-0.790288
-1.700000,0.450000,-0.812408
-1.650000,0.450000,-0.836328
-1.600000,0.450000,-0.862126
-1.550000,0.450000,-0.889893
-1.500000,0.450000,-0.880209
-1.450000,0.450000,-0.821472
-1.400000,0.450000,-0.767170
-1.350000,0.450000,-0.716784
-1.300000,0.450000,-0.669901
-1.250000,0.450000,-0.626188
-1.200000,0.450000,-0.585372
-1.150000,0.450000,-0.547226
-1.100000,0.450000,-0.511558
-1.050000,0.450000,-0.478205
-1.000000,0.450000,-0.447028
-0.950000,0.450000,-0.417905
-0.900000,0.450000,-0.390733
-0.850000,0.450000,-0.365420
-0.800000,0.450000,-0.341886
-0.750000,0.450000,-0.320061
-0.700000,0.450000,-0.299882
-0.650000,0.450000,-0.281296
-0.600000,0.450000,-0.264253
-0.550000,0.450000,-0.248712
-0.500000,0.450000,-0.234635
-0.450000,0.450000,-0.221990
-0.400000,0.450000,-0.210747
-0.350000,0.450000,-0.200882
-0.300000,0.450000,-0.192373
-0.250000,0.450000,-0.185203
-0.200000,0.450000,-0.179356
-0.150000,0.450000,-0.174821
-0.100000,0.450000,-0.171588
-0.050000,0.450000,-0.169651
-0.000000,0.450000,-0.169005
0.050000,0.450000,-0.169651
0.100000,0.450000,-0.171588
0.150000,0.450000,-0.174821
0.200000,0.450000,-0.179356
0.250000,0.450000,-0.185203
0.300000,0.450000,-0.192373
0.350000,0.450000,-0.200882
0.400000,0.450000,-0.210747
0.450000,0.450000,-0.221990
0.500000,0.450000,-0.234635
0.550000,0.450000,-0.248712
0.600000,0.450000,-0.264253
0.650000,0.450000,-0.281296
0.700000,0.450000,-0.299882
0.750000,0.450000,-0.320061
0.800000,0.450000,-0.341886
0.850000,0.450000,-0.365420
0.900000,0.450000,-0.390733
0.950000,0.450000,-0.417905
1.000000,0.450000,-0.447028
1.050000,0.450000,-0.478205
1.100000,0.450000,-0.511558
1.150000,0.450000,-0.547226
1.200000,0.450000,-0.585372
1.250000,0.450000,-0.626188
1.300000,0.450000,-0.669901
1.350000,0.450000,-0.716784
1.400000,0.450000,-0.767170
1.450000,0.450000,-0.792301
1.500000,0.450000,-0.764033
1.550000,0.450000,-0.737626
1.600000,0.450000,-0.712999
1.650000,0.450000,-0.690080
1.700000,0.450000,-0.668803
1.750000,0.450000,-0.649114
1.800000,0.450000,-0.630962
1.850000,0.450000,-0.614303
1.900000,0.450000,-0.599098
1.950000,0.450000,-0.585312
2.000000,0.450000,-0.572915
2.050000,0.450000,-0.561881
2.100000,0.450000,-0.552186
2.150000,0.450000,-0.543811
2.200000,0.450000,-0.536738
2.250000,0.450000,-0.530955
2.300000,0.450000,-0.526449
2.350000,0.450000,-0.523212
2.400000,0.450000,-0.521238
2.450000,0.450000,-0.520522
2.500000,0.450000,-0.521065
2.550000,0.450000,-0.522865
2.600000,0.450000,-0.525928
2.650000,0.450000,-0.530259
2.700000,0.450000,-0.535866
2.750000,0.450000,-0.542760
2.800000,0.450000,-0.550955
2.850000,0.450000,-0.560467
2.900000,0.450000,-0.571315
2.950000,0.450000,-0.583523
3.000000,0.450000,-0.597116
3.050000,0.450000,-0.612124
3.100000,0.450000,-0.628581
3.150000,0.450000,-0.646525
3.200000,0.450000,-0.666000
3.250000,0.450000,-0.684081
3.300000,0.450000,-0.701937
3.350000,0.450000,-0.721795
3.400000,0.450000,
3.450000,0.450000,
3.500000,0.450000,
-3.500000,0.500000,
-3.450000,0.500000,
-3.400000,0.500000,
-3.350000,0.500000,-0.787062
-3.300000,0.500000,-0.787477
-3.250000,0.500000,-0.789167
-3.200000,0.500000,-0.792135
-3.150000,0.500000,-0.791755
-3.100000,0.500000,-0.772791
-3.050000,0.500000,-0.755468
-3.000000,0.500000,-0.739738
-2.950000,0.500000,-0.725560
-2.900000,0.500000,-0.712895
-2.850000,0.500000,-0.701712
-2.800000,0.500000,-0.691983
-2.750000,0.500000,-0.683685
-2.700000,0.500000,-0.676799
-2.650000,0.500000,-0.671307
-2.600000,0.500000,-0.667199
-2.550000,0.500000,-0.664463
-2.500000,0.500000,-0.663095
-2.450000,0.500000,-0.663092
-2.400000,0.500000,-0.664452
-2.350000,0.500000,-0.667180
-2.300000,0.500000,-0.671281
-2.250000,0.500000,-0.676764
-2.200000,0.500000,-0.683643
-2.150000,0.500000,-0.691933
-2.100000,0.500000,-0.701654
-2.050000,0.500000,-0.712829
-2.000000,0.500000,-0.725485
-1.950000,0.500000,-0.739655
-1.900000,0.500000,-0.755376
-1.850000,0.500000,-0.772690
-1.800000,0.500000,-0.791645
-1.750000,0.500000,-0.812297
-1.700000,0.500000,-0.834710
-1.650000,0.500000,-0.858955
-1.600000,0.500000,-0.885116
-1.550000,0.500000,-0.913287
-1.500000,0.500000,-0.899733
-1.450000,0.500000,-0.840090
-1.400000,0.500000,-0.785023
-1.350000,0.500000,-0.733981
-1.300000,0.500000,-0.686530
-1.250000,0.500000,-0.642321
-1.200000,0.500000,-0.601068
-1.150000,0.500000,-0.562534
-1.100000,0.500000,-0.526520
-1.050000,0.500000,-0.492858
-1.000000,0.500000,-0.461402
-0.950000,0.500000,-0.432030
-0.900000,0.500000,-0.404632
-0.850000,0.500000,-0.379116
-0.800000,0.500000,-0.355397
-0.750000,0.500000,-0.333406
-0.700000,0.500000,-0.313077
-0.650000,0.500000,-0.294355
-0.600000,0.500000,-0.277191
-0.550000,0.500000,-0.261541
-0.500000,0.500000,-0.247367
-0.450000,0.500000,-0.234635
-0.400000,0.500000,-0.223317
-0.350000,0.500000,-0.213386
-0.300000,0.500000,-0.204822
-0.250000,0.500000,-0.197605
-0.200000,0.500000,-0.191720
-0.150000,0.500000,-0.187155
-0.100000,0.500000,-0.183902
-0.050000,0.500000,-0.181952
-0.000000,0.500000,-0.181303
0.050000,0.500000,-0.181952
0.100000,0.500000,-0.183902
0.150000,0.500000,-0.187155
0.200000,0.500000,-0.191720
0.250000,0.500000,-0.197605
0.300000,0.500000,-0.204822
0.350000,0.500000,-0.213386
0.400000,0.500000,-0.223317
0.450000,0.500000,-0.234635
0.500000,0.500000,-0.247367
0.550000,0.500000,-0.261541
0.600000,0.500000,-0.277191
0.650000,0.500000,-0.294355
0.700000,0.500000,-0.313077
0.750000,0.500000,-0.333406
0.800000,0.500000,-0.355397
0.850000,0.500000,-0.379116
0.900000,0.500000,-0.404632
0.950000,0.500000,-0.432030
1.000000,0.500000,-0.461402
1.050000,0.500000,-0.492858
1.100000,0.500000,-0.526520
1.150000,0.500000,-0.562534
1.200000,0.500000,-0.601068
1.250000,0.500000,-0.642321
1.300000,0.500000,-0.686530
1.350000,0.500000,-0.733981
1.400000,0.500000,-0.785023
1.450000,0.500000,-0.794578
1.500000,0.500000,-0.766273
1.550000,0.500000,-0.739833
1.600000,0.500000,-0.715176
1.650000,0.500000,-0.692229
1.700000,0.500000,-0.670928
1.750000,0.500000,-0.651216
1.800000,0.500000,-0.633043
1.850000,0.500000,-0.616366
1.900000,0.500000,-0.601144
1.950000,0.500000,-0.587344
2.000000,0.500000,-0.574934
2.050000,0.500000,-0.563888
2.100000,0.500000,-0.554183
2.150000,0.500000,-0.545800
2.200000,0.500000,-0.538720
2.250000,0.500000,-0.532931
2.300000,0.500000,-0.528421
2.350000,0.500000,-0.525180
2.400000,0.500000,-0.523204
2.450000,0.500000,-0.522488
2.500000,0.500000,-0.523031
2.550000,0.500000,-0.524833
2.600000,0.500000,-0.527899
2.650000,0.500000,-0.532234
2.700000,0.500000,-0.537847
2.750000,0.500000,-0.544748
2.800000,0.500000,-0.552951
2.850000,0.500000,-0.562473
2.900000,0.500000,-0.569526
2.950000,0.500000,-0.574754
3.000000,0.500000,-0.581615
3.050000,0.500000,-0.590130
3.100000,0.500000,-0.600327
3.150000,0.500000,-0.612240
3.200000,0.500000,-0.625909
3.250000,0.500000,-0.641384
3.300000,0.500000,-0.658721
3.350000,0.500000,-0.677987
3.400000,0.500000,
3.450000,0.500000,
3.500000,0.500000,
-3.500000,0.550000,
-3.450000,0.550000,
-3.400000,0.550000,
-3.350000,0.550000,-0.779458
-3.300000,0.550000,-0.779872
-3.250000,0.550000,-0.781555
-3.200000,0.550000,-0.784512
-3.150000,0.550000,-0.788748
-3.100000,0.550000,-0.794271
-3.050000,0.550000,-0.778486
-3.000000,0.550000,-0.762548
-2.950000,0.550000,-0.748184
-2.900000,0.550000,-0.735356
-2.850000,0.550000,-0.724032
-2.800000,0.550000,-0.714181
-2.750000,0.550000,-0.705780
-2.700000,0.550000,-0.698809
-2.650000,0.550000,-0.693251
-2.600000,0.550000,-0.689092
-2.550000,0.550000,-0.686324
-2.500000,0.550000,-0.684939
-2.450000,0.550000,-0.684935
-2.400000,0.550000,-0.686312
-2.350000,0.550000,-0.689073
-2.300000,0.550000,-0.693223
-2.250000,0.550000,-0.698774
-2.200000,0.550000,-0.705737
-2.150000,0.550000,-0.714130
-2.100000,0.550000,-0.723973
-2.050000,0.550000,-0.735289
-2.000000,0.550000,-0.748108
-1.950000,0.550000,-0.762463
-1.900000,0.550000,-0.778393
-1.850000,0.550000,-0.795941
-1.800000,0.550000,-0.815158
-1.750000,0.550000,-0.836103
-1.700000,0.550000,-0.858842
-1.650000,0.550000,-0.883449
-1.600000,0.550000,-0.910014
-1.550000,0.550000,-0.938635
-1.500000,0.550000,-0.921687
-1.450000,0.550000,-0.860992
-1.400000,0.550000,-0.805040
-1.350000,0.550000,-0.753242
-1.300000,0.550000,-0.705139
-1.250000,0.550000,-0.660361
-1.200000,0.550000,-0.618607
-1.150000,0.550000,-0.579631
-1.100000,0.550000,-0.543223
-1.050000,0.550000,-0.509209
-1.000000,0.550000,-0.477438
-0.950000,0.550000,-0.447781
-0.900000,0.550000,-0.420128
-0.850000,0.550000,-0.394380
-0.800000,0.550000,-0.370453
-0.750000,0.550000,-0.348273
-0.700000,0.550000,-0.327775
-0.650000,0.550000,-0.308900
-0.600000,0.550000,-0.291598
-0.550000,0.550000,-0.275825
-0.500000,0.550000,-0.261541
-0.450000,0.550000,-0.248712
-0.400000,0.550000,-0.237309
-0.350000,0.550000,-0.227304
-0.300000,0.550000,-0.218676
-0.250000,0.550000,-0.211406
-0.200000,0.550000,-0.205479
-0.150000,0.550000,-0.200882
-0.100000,0.550000,-0.197605
-0.050000,0.550000,-0.195641
-0.000000,0.550000,-0.194987
0.050000,0.550000,-0.195641
0.100000,0.550000,-0.197605
0.150000,0.550000,-0.200882
0.200000,0.550000,-0.205479
0.250000,0.550000,-0.211406
0.300000,0.550000,-0.218676
0.350000,0.550000,-0.227304
0.400000,0.550000,-0.237309
0.450000,0.550000,-0.248712
0.500000,0.550000,-0.261541
0.550000,0.550000,-0.275825
0.600000,0.550000,-0.291598
0.650000,0.550000,-0.308900
0.700000,0.550000,-0.327775
0.750000,0.550000,-0.348273
0.800000,0.550000,-0.370453
0.850000,0.550000,-0.394380
0.900000,0.550000,-0.420128
0.950000,0.550000,-0.447781
1.000000,0.550000,-0.477438
1.050000,0.550000,-0.509209
1.100000,0.550000,-0.543223
1.150000,0.550000,-0.579631
1.200000,0.550000,-0.618607
1.250000,0.550000,-0.660361
1.300000,0.550000,-0.705139
1.350000,0.550000,-0.753242
1.400000,0.550000,-0.805040
1.450000,0.550000,-0.798319
1.500000,0.550000,-0.769953
1.550000,0.550000,-0.743458
1.600000,0.550000,-0.718751
1.650000,0.550000,-0.695759
1.700000,0.550000,-0.674417
1.750000,0.550000,-0.654668
1.800000,0.550000,-0.636462
1.850000,0.550000,-0.619754
1.900000,0.550000,-0.604505
1.950000,0.550000,-0.590681
2.000000,0.550000,-0.578249
2.050000,0.550000,-0.567185
2.100000,0.550000,-0.557464
2.150000,0.550000,-0.549066
2.200000,0.550000,-0.541975
2.250000,0.550000,-0.536176
2.300000,0.550000,-0.531658
2.350000,0.550000,-0.528413
2.400000,0.550000,-0.526433
2.450000,0.550000,-0.525716
2.500000,0.550000,-0.526259
2.550000,0.550000,-0.528065
2.600000,0.550000,-0.531136
2.650000,0.550000,-0.529451
2.700000,0.550000,-0.526727
2.750000,0.550000,-0.525566
2.800000,0.550000,-0.525964
2.850000,0.550000,-0.527923
2.900000,0.550000,-0.531449
2.950000,0.550000,-0.536552
3.000000,0.550000,-0.543248
3.050000,0.550000,-0.551555
3.100000,0.550000,-0.561501
3.150000,0.550000,-0.573117
3.200000,0.550000,-0.586440
3.250000,0.550000,-0.601515
3.300000,0.550000,-0.618395
3.350000,0.550000,-0.637140
3.400000,0.550000,
3.450000,0.550000,
3.500000,0.550000,
-3.500000,0.600000,
-3.450000,0.600000,
-3.400000,0.600000,
-3.350000,0.600000,-0.773149
-3.300000,0.600000,-0.773561
-3.250000,0.600000,-0.775239
-3.200000,0.600000,-0.778186
-3.150000,0.600000,-0.782408
-3.100000,0.600000,-0.787914
-3.050000,0.600000,-0.794713
-3.000000,0.600000,-0.787123
-2.950000,0.600000,-0.772554
-2.900000,0.600000,-0.759547
-2.850000,0.600000,-0.748065
-2.800000,0.600000,-0.738080
-2.750000,0.600000,-0.729566
-2.700000,0.600000,-0.722501
-2.650000,0.600000,-0.716868
-2.600000,0.600000,-0.712655
-2.550000,0.600000,-0.709850
-2.500000,0.600000,-0.708447
-2.450000,0.600000,-0.708443
-2.400000,0.600000,-0.709838
-2.350000,0.600000,-0.712635
-2.300000,0.600000,-0.716841
-2.250000,0.600000,-0.722466
-2.200000,0.600000,-0.729522
-2.150000,0.600000,-0.738029
-2.100000,0.600000,-0.748006
-2.050000,0.600000,-0.759479
-2.000000,0.600000,-0.772478
-1.950000,0.600000,-0.787037
-1.900000,0.600000,-0.803198
-1.850000,0.600000,-0.821006
-1.800000,0.600000,-0.840514
-1.750000,0.600000,-0.861784
-1.700000,0.600000,-0.884885
-1.650000,0.600000,-0.909896
-1.600000,0.600000,-0.936911
-1.550000,0.600000,-0.966035
-1.500000,0.600000,-0.946207
-1.450000,0.600000,-0.884294
-1.400000,0.600000,-0.827322
-1.350000,0.600000,-0.774658
-1.300000,0.600000,-0.725808
-1.250000,0.600000,-0.680381
-1.200000,0.600000,-0.638058
-1.150000,0.600000,-0.598579
-1.100000,0.600000,-0.561724
-1.050000,0.600000,-0.527311
-1.000000,0.600000,-0.495183
-0.950000,0.600000,-0.465206
-0.900000,0.600000,-0.437264
-0.850000,0.600000,-0.411256
-0.800000,0.600000,-0.387094
-0.750000,0.600000,-0.364702
-0.700000,0.600000,-0.344013
-0.650000,0.600000,-0.324966
-0.600000,0.600000,-0.307509
-0.550000,0.600000,-0.291598
-0.500000,0.600000,-0.277191
-0.450000,0.600000,-0.264253
-0.400000,0.600000,-0.252754
-0.350000,0.600000,-0.242666
-0.300000,0.600000,-0.233968
-0.250000,0.600000,-0.226639
-0.200000,0.600000,-0.220664
-0.150000,0.600000,-0.216029
-0.100000,0.600000,-0.212726
-0.050000,0.600000,-0.210747
-0.000000,0.600000,-0.210088
0.050000,0.600000,-0.210747
0.100000,0.600000,-0.212726
0.150000,0.600000,-0.216029
0.200000,0.600000,-0.220664
0.250000,0.600000,-0.226639
0.300000,0.600000,-0.233968
0.350000,0.600000,-0.242666
0.400000,0.600000,-0.252754
0.450000,0.600000,-0.264253
0.500000,0.600000,-0.277191
0.550000,0.600000,-0.291598
0.600000,0.600000,-0.307509
0.650000,0.600000,-0.324966
0.700000,0.600000,-0.344013
0.750000,0.600000,-0.364702
0.800000,0.600000,-0.387094
0.850000,0.600000,-0.411256
0.900000,0.600000,-0.437264
0.950000,0.600000,-0.465206
1.000000,0.600000,-0.495183
1.050000,0.600000,-0.527311
1.100000,0.600000,-0.561724
1.150000,0.600000,-0.598579
1.200000,0.600000,-0.638058
1.250000,0.600000,-0.680381
1.300000,0.600000,-0.725808
1.350000,0.600000,-0.774658
1.400000,0.600000,-0.827322
1.450000,0.600000,-0.803534
1.500000,0.600000,-0.775083
1.550000,0.600000,-0.748510
1.600000,0.600000,-0.723733
1.650000,0.600000,-0.700678
1.700000,0.600000,-0.679278
1.750000,0.600000,-0.659477
1.800000,0.600000,-0.641225
1.850000,0.600000,-0.624475
1.900000,0.600000,-0.609188
1.950000,0.600000,-0.595329
2.000000,0.600000,-0.582868
2.050000,0.600000,-0.571777
2.100000,0.600000,-0.562033
2.150000,0.600000,-0.553616
2.200000,0.600000,-0.546508
2.250000,0.600000,-0.540696
2.300000,0.600000,-0.536168
2.350000,0.600000,-0.532915
2.400000,0.600000,-0.530519
2.450000,0.600000,-0.520004
2.500000,0.600000,-0.511102
2.550000,0.600000,-0.503787
2.600000,0.600000,-0.498037
2.650000,0.600000,-0.493835
2.700000,0.600000,-0.491170
2.750000,0.600000,-0.490034
2.800000,0.600000,-0.490424
2.850000,0.600000,-0.492340
2.900000,0.600000,-0.495789
2.950000,0.600000,-0.500781
3.000000,0.600000,-0.507328
3.050000,0.600000,-0.515451
3.100000,0.600000,-0.525173
3.150000,0.600000,-0.536524
3.200000,0.600000,-0.549538
3.250000,0.600000,-0.564257
3.300000,0.600000,-0.580731
3.350000,0.600000,-0.599014
3.400000,0.600000,
3.450000,0.600000,
3.500000,0.600000,
-3.500000,0.650000,
-3.450000,0.650000,
-3.400000,0.650000,
-3.350000,0.650000,-0.768120
-3.300000,0.650000,-0.768531
-3.250000,0.650000,-0.770205
-3.200000,0.650000,-0.773145
-3.150000,0.650000,-0.777356
-3.100000,0.650000,-0.782848
-3.050000,0.650000,-0.789630
-3.000000,0.650000,-0.797715
-2.950000,0.650000,-0.798746
-2.900000,0.650000,-0.785540
-2.850000,0.650000,-0.773885
-2.800000,0.650000,-0.763751
-2.750000,0.650000,-0.755111
-2.700000,0.650000,-0.747943
-2.650000,0.650000,-0.742229
-2.600000,0.650000,-0.737954
-2.550000,0.650000,-0.735109
-2.500000,0.650000,-0.733686
-2.450000,0.650000,-0.733682
-2.400000,0.650000,-0.735097
-2.350000,0.650000,-0.737935
-2.300000,0.650000,-0.742201
-2.250000,0.650000,-0.747907
-2.200000,0.650000,-0.755067
-2.150000,0.650000,-0.763699
-2.100000,0.650000,-0.773824
-2.050000,0.650000,-0.785470
-2.000000,0.650000,-0.798668
-1.950000,0.650000,-0.813455
-1.900000,0.650000,-0.829871
-1.850000,0.650000,-0.847967
-1.800000,0.650000,-0.867799
-1.750000,0.650000,-0.889430
-1.700000,0.650000,-0.912934
-1.650000,0.650000,-0.938396
-1.600000,0.650000,-0.965914
-1.550000,0.650000,-0.995600
-1.500000,0.650000,-0.973462
-1.450000,0.650000,-0.910137
-1.400000,0.650000,-0.851991
-1.350000,0.650000,-0.798333
-1.300000,0.650000,-0.748632
-1.250000,0.650000,-0.702465
-1.200000,0.650000,-0.659497
-1.150000,0.650000,-0.619448
-1.100000,0.650000,-0.582089
-1.050000,0.650000,-0.547226
-1.000000,0.650000,-0.514696
-0.950000,0.650000,-0.484359
-0.900000,0.650000,-0.456092
-0.850000,0.650000,-0.429792
-0.800000,0.650000,-0.405367
-0.750000,0.650000,-0.382738
-0.700000,0.650000,-0.361834
-0.650000,0.650000,-0.342595
-0.600000,0.650000,-0.324966
-0.550000,0.650000,-0.308900
-0.500000,0.650000,-0.294355
-0.450000,0.650000,-0.281296
-0.400000,0.650000,-0.269690
-0.350000,0.650000,-0.259510
-0.300000,0.650000,-0.250732
-0.250000,0.650000,-0.243337
-0.200000,0.650000,-0.237309
-0.150000,0.650000,-0.232633
-0.100000,0.650000,-0.229301
-0.050000,0.650000,-0.227304
-0.000000,0.650000,-0.226639
0.050000,0.650000,-0.227304
0.100000,0.650000,-0.229301
0.150000,0.650000,-0.232633
0.200000,0.650000,-0.237309
0.250000,0.650000,-0.243337
0.300000,0.650000,-0.250732
0.350000,0.650000,-0.259510
0.400000,0.650000,-0.269690
0.450000,0.650000,-0.281296
0.500000,0.650000,-0.294355
0.550000,0.650000,-0.308900
0.600000,0.650000,-0.324966
0.650000,0.650000,-0.342595
0.700000,0.650000,-0.361834
0.750000,0.650000,-0.382738
0.800000,0.650000,-0.405367
0.850000,0.650000,-0.429792
0.900000,0.650000,-0.456092
0.950000,0.650000,-0.484359
1.000000,0.650000,-0.514696
1.050000,0.650000,-0.547226
1.100000,0.650000,-0.582089
1.150000,0.650000,-0.619448
1.200000,0.650000,-0.659497
1.250000,0.650000,-0.702465
1.300000,0.650000,-0.748632
1.350000,0.650000,-0.798333
1.400000,0.650000,-0.840784
1.450000,0.650000,-0.810236
1.500000,0.650000,-0.781674
1.550000,0.650000,-0.755002
1.600000,0.650000,-0.730135
1.650000,0.650000,-0.706997
1.700000,0.650000,-0.685523
1.750000,0.650000,-0.665655
1.800000,0.650000,-0.647342
1.850000,0.650000,-0.630538
1.900000,0.650000,-0.615202
1.950000,0.650000,-0.601300
2.000000,0.650000,-0.588800
2.050000,0.650000,-0.577675
2.100000,0.650000,-0.567901
2.150000,0.650000,-0.559458
2.200000,0.650000,-0.552329
2.250000,0.650000,-0.537091
2.300000,0.650000,-0.521860
2.350000,0.650000,-0.508313
2.400000,0.650000,-0.496410
2.450000,0.650000,-0.486113
2.500000,0.650000,-0.477394
2.550000,0.650000,-0.470228
2.600000,0.650000,-0.464594
2.650000,0.650000,-0.460476
2.700000,0.650000,-0.457864
2.750000,0.650000,-0.456750
2.800000,0.650000,-0.457133
2.850000,0.650000,-0.459011
2.900000,0.650000,-0.462391
2.950000,0.650000,-0.467282
3.000000,0.650000,-0.473697
3.050000,0.650000,-0.481654
3.100000,0.650000,-0.491176
3.150000,0.650000,-0.502289
3.200000,0.650000,-0.515027
3.250000,0.650000,-0.529429
3.300000,0.650000,-0.545540
3.350000,0.650000,-0.563412
3.400000,0.650000,
3.450000,0.650000,
3.500000,0.650000,
-3.500000,0.700000,
-3.450000,0.700000,
-3.400000,0.700000,
-3.350000,0.700000,
-3.300000,0.700000,-0.764774
-3.250000,0.700000,-0.766445
-3.200000,0.700000,-0.769379
-3.150000,0.700000,-0.773582
-3.100000,0.700000,-0.779063
-3.050000,0.700000,-0.785832
-3.000000,0.700000,-0.793902
-2.950000,0.700000,-0.803290
-2.900000,0.700000,-0.813418
-2.850000,0.700000,-0.801572
-2.800000,0.700000,-0.791273
-2.750000,0.700000,-0.782495
-2.700000,0.700000,-0.775213
-2.650000,0.700000,-0.769408
-2.600000,0.700000,-0.765067
-2.550000,0.700000,-0.762177
-2.500000,0.700000,-0.760732
-2.450000,0.700000,-0.760728
-2.400000,0.700000,-0.762165
-2.350000,0.700000,-0.765047
-2.300000,0.700000,-0.769380
-2.250000,0.700000,-0.775176
-2.200000,0.700000,-0.782450
-2.150000,0.700000,-0.791220
-2.100000,0.700000,-0.801510
-2.050000,0.700000,-0.813348
-2.000000,0.700000,-0.826766
-1.950000,0.700000,-0.841804
-1.900000,0.700000,-0.858505
-1.850000,0.700000,-0.876921
-1.800000,0.700000,-0.897111
-1.750000,0.700000,-0.919144
-1.700000,0.700000,-0.943097
-1.650000,0.700000,-0.969062
-1.600000,0.700000,-0.997143
-1.550000,0.700000,-1.027460
-1.500000,0.700000,-1.003653
-1.450000,0.700000,-0.938690
-1.400000,0.700000,-0.879190
-1.350000,0.700000,-0.824394
-1.300000,0.700000,-0.773720
-1.250000,0.700000,-0.726714
-1.200000,0.700000,-0.683013
-1.150000,0.700000,-0.642321
-1.100000,0.700000,-0.604393
-1.050000,0.700000,-0.569024
-1.000000,0.700000,-0.536043
-0.950000,0.700000,-0.505300
-0.900000,0.700000,-0.476671
-0.850000,0.700000,-0.450044
-0.800000,0.700000,-0.425325
-0.750000,0.700000,-0.402430
-0.700000,0.700000,-0.381288
-0.650000,0.700000,-0.361834
-0.600000,0.700000,-0.344013
-0.550000,0.700000,-0.327775
-0.500000,0.700000,-0.313077
-0.450000,0.700000,-0.299882
-0.400000,0.700000,-0.288157
-0.350000,0.700000,-0.277875
-0.300000,0.700000,-0.269009
-0.250000,0.700000,-0.261541
-0.200000,0.700000,-0.255453
-0.150000,0.700000,-0.250732
-0.100000,0.700000,-0.247367
-0.050000,0.700000,-0.245351
-0.000000,0.700000,-0.244679
0.050000,0.700000,-0.245351
0.100000,0.700000,-0.247367
0.150000,0.700000,-0.250732
0.200000,0.700000,-0.255453
0.250000,0.700000,-0.261541
0.300000,0.700000,-0.269009
0.350000,0.700000,-0.277875
0.400000,0.700000,-0.288157
0.450000,0.700000,-0.299882
0.500000,0.700000,-0.313077
0.550000,0.700000,-0.327775
0.600000,0.700000,-0.344013
0.650000,0.700000,-0.361834
0.700000,0.700000,-0.381288
0.750000,0.700000,-0.402430
0.800000,0.700000,-0.425325
0.850000,0.700000,-0.450044
0.900000,0.700000,-0.476671
0.950000,0.700000,-0.505300
1.000000,0.700000,-0.536043
1.050000,0.700000,-0.569024
1.100000,0.700000,-0.604393
1.150000,0.700000,-0.642321
1.200000,0.700000,-0.683013
1.250000,0.700000,-0.726714
1.300000,0.700000,-0.773720
1.350000,0.700000,-0.824394
1.400000,0.700000,-0.849142
1.450000,0.700000,-0.818443
1.500000,0.700000,-0.789745
1.550000,0.700000,-0.762949
1.600000,0.700000,-0.737970
1.650000,0.700000,-0.714731
1.700000,0.700000,-0.693166
1.750000,0.700000,-0.673216
1.800000,0.700000,-0.654828
1.850000,0.700000,-0.637956
1.900000,0.700000,-0.622560
1.950000,0.700000,-0.608604
2.000000,0.700000,-0.596056
2.050000,0.700000,-0.581591
2.100000,0.700000,-0.559541
2.150000,0.700000,-0.539368
2.200000,0.700000,-0.521003
2.250000,0.700000,-0.504382
2.300000,0.700000,-0.489455
2.350000,0.700000,-0.476174
2.400000,0.700000,-0.464500
2.450000,0.700000,-0.454400
2.500000,0.700000,-0.445846
2.550000,0.700000,-0.438813
2.600000,0.700000,-0.433283
2.650000,0.700000,-0.429241
2.700000,0.700000,-0.426677
2.750000,0.700000,-0.425584
2.800000,0.700000,-0.425959
2.850000,0.700000,-0.427803
2.900000,0.700000,-0.431121
2.950000,0.700000,-0.435922
3.000000,0.700000,-0.442218
3.050000,0.700000,-0.450025
3.100000,0.700000,-0.459366
3.150000,0.700000,-0.470267
3.200000,0.700000,-0.482757
3.250000,0.700000,-0.496874
3.300000,0.700000,-0.512660
3.350000,0.700000,-0.530165
3.400000,0.700000,
3.450000,0.700000,
3.500000,0.700000,
-3.500000,0.750000,
-3.450000,0.750000,
-3.400000,0.750000,
-3.350000,0.750000,
-3.300000,0.750000,-0.762281
-3.250000,0.750000,-0.763950
-3.200000,0.750000,-0.766880
-3.150000,0.750000,-0.771079
-3.100000,0.750000,-0.776552
-3.050000,0.750000,-0.783313
-3.000000,0.750000,-0.791372
-2.950000,0.750000,-0.800748
-2.900000,0.750000,-0.811458
-2.850000,0.750000,-0.823526
-2.800000,0.750000,-0.820739
-2.750000,0.750000,-0.811806
-2.700000,0.750000,-0.804398
-2.650000,0.750000,-0.798494
-2.600000,0.750000,-0.794078
-2.550000,0.750000,-0.791140
-2.500000,0.750000,-0.789670
-2.450000,0.750000,-0.789666
-2.400000,0.750000,-0.791127
-2.350000,0.750000,-0.794058
-2.300000,0.750000,-0.798465
-2.250000,0.750000,-0.804361
-2.200000,0.750000,-0.811761
-2.150000,0.750000,-0.820685
-2.100000,0.750000,-0.831157
-2.050000,0.750000,-0.843207
-2.000000,0.750000,-0.856869
-1.950000,0.750000,-0.872185
-1.900000,0.750000,-0.889202
-1.850000,0.750000,-0.907974
-1.800000,0.750000,0.338191
-1.750000,0.750000,0.398448
-1.700000,0.750000,0.426263
-1.650000,0.750000,0.437033
-1.600000,0.750000,0.433837
-1.550000,0.750000,0.415853
-1.500000,0.750000,0.376770
-1.450000,0.750000,-0.970157
-1.400000,0.750000,-0.909092
-1.350000,0.750000,-0.852988
-1.300000,0.750000,-0.801203
-1.250000,0.750000,-0.753242
-1.200000,0.750000,-0.708712
-1.150000,0.750000,-0.667293
-1.100000,0.750000,-0.628724
-1.050000,0.750000,-0.592787
-1.000000,0.750000,-0.559298
-0.950000,0.750000,-0.528103
-0.900000,0.750000,-0.499067
-0.850000,0.750000,-0.472075
-0.800000,0.750000,-0.447028
-0.750000,0.750000,-0.423838
-0.700000,0.750000,-0.402430
-0.650000,0.750000,-0.382738
-0.600000,0.750000,-0.364702
-0.550000,0.750000,-0.348273
-0.500000,0.750000,-0.333406
-0.450000,0.750000,-0.320061
-0.400000,0.750000,-0.308204
-0.350000,0.750000,-0.297808
-0.300000,0.750000,-0.288845
-0.250000,0.750000,-0.281296
-0.200000,0.750000,-0.275142
-0.150000,0.750000,-0.270370
-0.100000,0.750000,-0.266969
-0.050000,0.750000,-0.264932
-0.000000,0.750000,-0.264253
0.050000,0.750000,-0.264932
0.100000,0.750000,-0.266969
0.150000,0.750000,-0.270370
0.200000,0.750000,-0.275142
0.250000,0.750000,-0.281296
0.300000,0.750000,-0.288845
0.350000,0.750000,-0.297808
0.400000,0.750000,-0.308204
0.450000,0.750000,-0.320061
0.500000,0.750000,-0.333406
0.550000,0.750000,-0.348273
0.600000,0.750000,-0.364702
0.650000,0.750000,-0.382738
0.700000,0.750000,-0.402430
0.750000,0.750000,-0.423838
0.800000,0.750000,-0.447028
0.850000,0.750000,-0.472075
0.900000,0.750000,-0.499067
0.950000,0.750000,-0.528103
1.000000,0.750000,-0.559298
1.050000,0.750000,-0.592787
1.100000,0.750000,-0.628724
1.150000,0.750000,-0.667293
1.200000,0.750000,-0.708712
1.250000,0.750000,-0.753242
1.300000,0.750000,-0.801203
1.350000,0.750000,-0.852988
1.400000,0.750000,-0.859057
1.450000,0.750000,-0.828176
1.500000,0.750000,-0.799315
1.550000,0.750000,-0.772372
1.600000,0.750000,-0.747259
1.650000,0.750000,-0.723899
1.700000,0.750000,-0.702225
1.750000,0.750000,-0.682175
1.800000,0.750000,-0.663698
1.850000,0.750000,-0.646746
1.900000,0.750000,-0.626171
1.950000,0.750000,-0.598567
2.000000,0.750000,-0.573059
2.050000,0.750000,-0.549544
2.100000,0.750000,-0.527935
2.150000,0.750000,-0.508156
2.200000,0.750000,-0.490140
2.250000,0.750000,-0.473829
2.300000,0.750000,-0.459175
2.350000,0.750000,-0.446133
2.400000,0.750000,-0.434666
2.450000,0.750000,-0.424743
2.500000,0.750000,-0.416337
2.550000,0.750000,-0.409425
2.600000,0.750000,-0.403989
2.650000,0.750000,-0.400016
2.700000,0.750000,-0.397495
2.750000,0.750000,-0.396420
2.800000,0.750000,-0.396789
2.850000,0.750000,-0.398602
2.900000,0.750000,-0.401864
2.950000,0.750000,-0.406583
3.000000,0.750000,-0.412771
3.050000,0.750000,-0.420444
3.100000,0.750000,-0.429623
3.150000,0.750000,-0.440331
3.200000,0.750000,-0.452598
3.250000,0.750000,-0.466459
3.300000,0.750000,-0.481954
3.350000,0.750000,-0.486606
3.400000,0.750000,
3.450000,0.750000,
3.500000,0.750000,
-3.500000,0.800000,
-3.450000,0.800000,
-3.400000,0.800000,
-3.350000,0.800000,
-3.300000,0.800000,-0.761049
-3.250000,0.800000,-0.762716
-3.200000,0.800000,-0.765645
-3.150000,0.800000,-0.769840
-3.100000,0.800000,-0.775311
-3.050000,0.800000,-0.782067
-3.000000,0.800000,-0.790121
-2.950000,0.800000,-0.799491
-2.900000,0.800000,-0.810194
-2.850000,0.800000,-0.822254
-2.800000,0.800000,-0.835696
-2.750000,0.800000,-0.843149
-2.700000,0.800000,-0.835601
-2.650000,0.800000,-0.829586
-2.600000,0.800000,-0.825088
-2.550000,0.800000,-0.822095
-2.500000,0.800000,-0.820598
-2.450000,0.800000,-0.820594
-2.400000,0.800000,-0.822083
-2.350000,0.800000,-0.825068
-2.300000,0.800000,-0.829557
-2.250000,0.800000,-0.835563
-2.200000,0.800000,-0.843103
-2.150000,0.800000,-0.852196
-2.100000,0.800000,-0.862871
-2.050000,0.800000,0.446821
-2.000000,0.800000,0.529562
-1.950000,0.800000,0.585235
-1.900000,0.800000,0.626173
-1.850000,0.800000,0.656889
-1.800000,0.800000,0.679598
-1.750000,0.800000,0.695537
-1.700000,0.800000,0.705423
-1.650000,0.800000,0.709648
-1.600000,0.800000,0.708372
-1.550000,0.800000,0.701546
-1.500000,0.800000,0.688911
-1.450000,0.800000,0.669936
-1.400000,0.800000,0.643700
-1.350000,0.800000,0.608596
-1.300000,0.800000,0.561607
-1.250000,0.800000,0.495919
-1.200000,0.800000,0.386178
-1.150000,0.800000,-0.694475
-1.100000,0.800000,-0.655184
-1.050000,0.800000,-0.618607
-1.000000,0.800000,-0.584551
-0.950000,0.800000,-0.552848
-0.900000,0.800000,-0.523358
-0.850000,0.800000,-0.495959
-0.800000,0.800000,-0.470546
-0.750000,0.800000,-0.447028
-0.700000,0.800000,-0.425325
-0.650000,0.800000,-0.405367
-0.600000,0.800000,-0.387094
-0.550000,0.800000,-0.370453
-0.500000,0.800000,-0.355397
-0.450000,0.800000,-0.341886
-0.400000,0.800000,-0.329884
-0.350000,0.800000,-0.319361
-0.300000,0.800000,-0.310291
-0.250000,0.800000,-0.302652
-0.200000,0.800000,-0.296426
-0.150000,0.800000,-0.291598
-0.100000,0.800000,-0.288157
-0.050000,0.800000,-0.286096
-0.000000,0.800000,-0.285410
0.050000,0.800000,-0.286096
0.100000,0.800000,-0.288157
0.150000,0.800000,-0.291598
0.200000,0.800000,-0.296426
0.250000,0.800000,-0.302652
0.300000,0.800000,-0.310291
0.350000,0.800000,-0.319361
0.400000,0.800000,-0.329884
0.450000,0.800000,-0.341886
0.500000,0.800000,-0.355397
0.550000,0.800000,-0.370453
0.600000,0.800000,-0.387094
0.650000,0.800000,-0.405367
0.700000,0.800000,-0.425325
0.750000,0.800000,-0.447028
0.800000,0.800000,-0.470546
0.850000,0.800000,-0.495959
0.900000,0.800000,-0.523358
0.950000,0.800000,-0.552848
1.000000,0.800000,-0.584551
1.050000,0.800000,-0.618607
1.100000,0.800000,-0.655184
1.150000,0.800000,-0.694475
1.200000,0.800000,-0.736716
1.250000,0.800000,-0.782188
1.300000,0.800000,-0.831237
1.350000,0.800000,-0.884294
1.400000,0.800000,-0.870557
1.450000,0.800000,-0.839464
1.500000,0.800000,-0.810410
1.550000,0.800000,-0.783294
1.600000,0.800000,-0.758025
1.650000,0.800000,-0.734523
1.700000,0.800000,-0.712720
1.750000,0.800000,-0.689377
1.800000,0.800000,-0.655486
1.850000,0.800000,-0.624017
1.900000,0.800000,-0.594821
1.950000,0.800000,-0.567772
2.000000,0.800000,-0.542759
2.050000,0.800000,-0.519687
2.100000,0.800000,-0.498474
2.150000,0.800000,-0.479047
2.200000,0.800000,-0.461346
2.250000,0.800000,-0.445315
2.300000,0.800000,-0.430906
2.350000,0.800000,-0.418080
2.400000,0.800000,-0.406800
2.450000,0.800000,-0.397036
2.500000,0.800000,-0.388764
2.550000,0.800000,-0.381961
2.600000,0.800000,-0.376610
2.650000,0.800000,-0.372699
2.700000,0.800000,-0.370217
2.750000,0.800000,-0.369159
2.800000,0.800000,-0.369522
2.850000,0.800000,-0.371307
2.900000,0.800000,-0.374518
2.950000,0.800000,-0.379164
3.000000,0.800000,-0.385254
3.050000,0.800000,-0.392806
3.100000,0.800000,-0.401837
3.150000,0.800000,-0.412372
3.200000,0.800000,-0.424438
3.250000,0.800000,-0.438068
3.300000,0.800000,-0.453300
3.350000,0.800000,-0.440298
3.400000,0.800000,
3.450000,0.800000,
3.500000,0.800000,
-3.500000,0.850000,
-3.450000,0.850000,
-3.400000,0.850000,
-3.350000,0.850000,
-3.300000,0.850000,-0.761074
-3.250000,0.850000,-0.762741
-3.200000,0.850000,-0.765670
-3.150000,0.850000,-0.769866
-3.100000,0.850000,-0.775336
-3.050000,0.850000,-0.782092
-3.000000,0.850000,-0.790147
-2.950000,0.850000,-0.799517
-2.900000,0.850000,-0.810220
-2.850000,0.850000,-0.822280
-2.800000,0.850000,-0.835722
-2.750000,0.850000,-0.850574
-2.700000,0.850000,-0.866872
-2.650000,0.850000,-0.862799
-2.600000,0.850000,-0.858210
-2.550000,0.850000,-0.855156
-2.500000,0.850000,-0.853630
-2.450000,0.850000,-0.853625
-2.400000,0.850000,-0.855144
-2.350000,0.850000,-0.858189
-2.300000,0.850000,-0.862769
-2.250000,0.850000,0.291039
-2.200000,0.850000,0.498953
-2.150000,0.850000,0.591265
-2.100000,0.850000,0.657136
-2.050000,0.850000,0.708208
-2.000000,0.850000,0.749077
-1.950000,0.850000,0.782115
-1.900000,0.850000,0.808722
-1.850000,0.850000,0.829789
-1.800000,0.850000,0.845907
-1.750000,0.850000,0.857473
-1.700000,0.850000,0.864745
-1.650000,0.850000,0.867876
-1.600000,0.850000,0.866928
-1.550000,0.850000,0.861884
-1.500000,0.850000,0.852640
-1.450000,0.850000,0.838996
-1.400000,0.850000,0.820635
-1.350000,0.850000,0.797080
-1.300000,0.850000,0.767617
-1.250000,0.850000,0.731154
-1.200000,0.850000,0.685924
-1.150000,0.850000,0.628769
-1.100000,0.850000,0.552939
-1.050000,0.850000,0.436531
-1.000000,0.850000,-0.611901
-0.950000,0.850000,-0.579631
-0.900000,0.850000,-0.549633
-0.850000,0.850000,-0.521780
-0.800000,0.850000,-0.495959
-0.750000,0.850000,-0.472075
-0.700000,0.850000,-0.450044
-0.650000,0.850000,-0.429792
-0.600000,0.850000,-0.411256
-0.550000,0.850000,-0.394380
-0.500000,0.850000,-0.379116
-0.450000,0.850000,-0.365420
-0.400000,0.850000,-0.353257
-0.350000,0.850000,-0.342595
-0.300000,0.850000,-0.333406
-0.250000,0.850000,-0.325667
-0.200000,0.850000,-0.319361
-0.150000,0.850000,-0.314472
-0.100000,0.850000,-0.310987
-0.050000,0.850000,-0.308900
-0.000000,0.850000,-0.308204
0.050000,0.850000,-0.308900
0.100000,0.850000,-0.310987
0.150000,0.850000,-0.314472
0.200000,0.850000,-0.319361
0.250000,0.850000,-0.325667
0.300000,0.850000,-0.333406
0.350000,0.850000,-0.342595
0.400000,0.850000,-0.353257
0.450000,0.850000,-0.365420
0.500000,0.850000,-0.379116
0.550000,0.850000,-0.394380
0.600000,0.850000,-0.411256
0.650000,0.850000,-0.429792
0.700000,0.850000,-0.450044
0.750000,0.850000,-0.472075
0.800000,0.850000,-0.495959
0.850000,0.850000,-0.521780
0.900000,0.850000,-0.549633
0.950000,0.850000,-0.579631
1.000000,0.850000,-0.611901
1.050000,0.850000,-0.646596
1.100000,0.850000,-0.683891
1.150000,0.850000,-0.723999
1.200000,0.850000,-0.767170
1.250000,0.850000,-0.813713
1.300000,0.850000,-0.864006
1.350000,0.850000,-0.917202
1.400000,0.850000,-0.883676
1.450000,0.850000,-0.852337
1.500000,0.850000,-0.823061
1.550000,0.850000,-0.795745
1.600000,0.850000,-0.770294
1.650000,0.850000,-0.732483
1.700000,0.850000,-0.694081
1.750000,0.850000,-0.658380
1.800000,0.850000,-0.625187
1.850000,0.850000,-0.594340
1.900000,0.850000,-0.565699
1.950000,0.850000,-0.539145
2.000000,0.850000,-0.514575
2.050000,0.850000,-0.491900
2.100000,0.850000,-0.471042
2.150000,0.850000,-0.451934
2.200000,0.850000,-0.434516
2.250000,0.850000,-0.418736
2.300000,0.850000,-0.404550
2.350000,0.850000,-0.391918
2.400000,0.850000,-0.380807
2.450000,0.850000,-0.371188
2.500000,0.850000,-0.363036
2.550000,0.850000,-0.356332
2.600000,0.850000,-0.351058
2.650000,0.850000,-0.347203
2.700000,0.850000,-0.344757
2.750000,0.850000,-0.343714
2.800000,0.850000,-0.344072
2.850000,0.850000,-0.345831
2.900000,0.850000,-0.348996
2.950000,0.850000,-0.353575
3.000000,0.850000,-0.359578
3.050000,0.850000,-0.367019
3.100000,0.850000,-0.375918
3.150000,0.850000,-0.386296
3.200000,0.850000,-0.398180
3.250000,0.850000,-0.411602
3.300000,0.850000,-0.424739
3.350000,0.850000,-0.397260
3.400000,0.850000,
3.450000,0.850000,
3.500000,0.850000,
-3.500000,0.900000,
-3.450000,0.900000,
-3.400000,0.900000,
-3.350000,0.900000,
-3.300000,0.900000,
-3.250000,0.900000,-0.764025
-3.200000,0.900000,-0.766956
-3.150000,0.900000,-0.771154
-3.100000,0.900000,-0.776628
-3.050000,0.900000,-0.783389
-3.000000,0.900000,-0.791449
-2.950000,0.900000,-0.800825
-2.900000,0.900000,-0.811535
-2.850000,0.900000,-0.823604
-2.800000,0.900000,-0.837054
-2.750000,0.900000,-0.851918
-2.700000,0.900000,-0.868227
-2.650000,0.900000,-0.886020
-2.600000,0.900000,-0.893575
-2.550000,0.900000,-0.890454
-2.500000,0.900000,-0.888893
-2.450000,0.900000,-0.888889
-2.400000,0.900000,-0.890441
-2.350000,0.900000,0.435492
-2.300000,0.900000,0.572810
-2.250000,0.900000,0.660681
-2.200000,0.900000,0.727456
-2.150000,0.900000,0.781204
-2.100000,0.900000,0.825609
-2.050000,0.900000,0.862717
-2.000000,0.900000,0.893799
-1.950000,0.900000,0.919698
-1.900000,0.900000,0.941001
-1.850000,0.900000,0.958124
-1.800000,0.900000,0.971366
-1.750000,0.900000,0.980940
-1.700000,0.900000,0.986989
-1.650000,0.900000,0.989600
-1.600000,0.900000,0.988810
-1.550000,0.900000,0.984607
-1.500000,0.900000,0.976932
-1.450000,0.900000,0.965674
-1.400000,0.900000,0.950658
-1.350000,0.900000,0.931634
-1.300000,0.900000,0.908254
-1.250000,0.900000,0.880030
-1.200000,0.900000,0.846270
-1.150000,0.900000,0.805961
-1.100000,0.900000,0.757534
-1.050000,0.900000,0.698345
-1.000000,0.900000,0.623262
-0.950000,0.900000,0.519132
-0.900000,0.900000,-0.577994
-0.850000,0.900000,-0.549633
-0.800000,0.900000,-0.523358
-0.750000,0.900000,-0.499067
-0.700000,0.900000,-0.476671
-0.650000,0.900000,-0.456092
-0.600000,0.900000,-0.437264
-0.550000,0.900000,-0.420128
-0.500000,0.900000,-0.404632
-0.450000,0.900000,-0.390733
-0.400000,0.900000,-0.378392
-0.350000,0.900000,-0.367575
-0.300000,0.900000,-0.358255
-0.250000,0.900000,-0.350407
-0.200000,0.900000,-0.344013
-0.150000,0.900000,-0.339055
-0.100000,0.900000,-0.335522
-0.050000,0.900000,-0.333406
-0.000000,0.900000,-0.332701
0.050000,0.900000,-0.333406
0.100000,0.900000,-0.335522
0.150000,0.900000,-0.339055
0.200000,0.900000,-0.344013
0.250000,0.900000,-0.350407
0.300000,0.900000,-0.358255
0.350000,0.900000,-0.367575
0.400000,0.900000,-0.378392
0.450000,0.900000,-0.390733
0.500000,0.900000,-0.404632
0.550000,0.900000,-0.420128
0.600000,0.900000,-0.437264
0.650000,0.900000,-0.456092
0.700000,0.900000,-0.476671
0.750000,0.900000,-0.499067
0.800000,0.900000,-0.523358
0.850000,0.900000,-0.549633
0.900000,0.900000,-0.577994
0.950000,0.900000,-0.608559
1.000000,0.900000,-0.641467
1.050000,0.900000,-0.676879
1.100000,0.900000,-0.714986
1.150000,0.900000,-0.756017
1.200000,0.900000,-0.800246
1.250000,0.900000,-0.848012
1.300000,0.900000,-0.899733
1.350000,0.900000,-0.932294
1.400000,0.900000,-0.898454
1.450000,0.900000,-0.866832
1.500000,0.900000,-0.833134
1.550000,0.900000,-0.786241
1.600000,0.900000,-0.742733
1.650000,0.900000,-0.702302
1.700000,0.900000,-0.664692
1.750000,0.900000,-0.629691
1.800000,0.900000,-0.597119
1.850000,0.900000,-0.566826
1.900000,0.900000,-0.538680
1.950000,0.900000,-0.512570
2.000000,0.900000,-0.488398
2.050000,0.900000,-0.466080
2.100000,0.900000,-0.445542
2.150000,0.900000,-0.426720
2.200000,0.900000,-0.409557
2.250000,0.900000,-0.394005
2.300000,0.900000,-0.380019
2.350000,0.900000,-0.367563
2.400000,0.900000,-0.356605
2.450000,0.900000,-0.347116
2.500000,0.900000,-0.339074
2.550000,0.900000,-0.332459
2.600000,0.900000,-0.327256
2.650000,0.900000,-0.323451
2.700000,0.900000,-0.321037
2.750000,0.900000,-0.320008
2.800000,0.900000,-0.320361
2.850000,0.900000,-0.322098
2.900000,0.900000,-0.325221
2.950000,0.900000,-0.329739
3.000000,0.900000,-0.335662
3.050000,0.900000,-0.343004
3.100000,0.900000,-0.351782
3.150000,0.900000,-0.362019
3.200000,0.900000,-0.373739
3.250000,0.900000,-0.386972
3.300000,0.900000,-0.383913
3.350000,0.900000,-0.357203
3.400000,0.900000,
3.450000,0.900000,
3.500000,0.900000,
-3.500000,0.950000,
-3.450000,0.950000,
-3.400000,0.950000,
-3.350000,0.950000,
-3.300000,0.950000,
-3.250000,0.950000,-0.766570
-3.200000,0.950000,-0.769505
-3.150000,0.950000,-0.773708
-3.100000,0.950000,-0.779189
-3.050000,0.950000,-0.785959
-3.000000,0.950000,-0.794029
-2.950000,0.950000,-0.803418
-2.900000,0.950000,-0.814143
-2.850000,0.950000,-0.826227
-2.800000,0.950000,-0.839697
-2.750000,0.950000,-0.854581
-2.700000,0.950000,-0.870913
-2.650000,0.950000,-0.888732
-2.600000,0.950000,-0.908079
-2.550000,0.950000,-0.928138
-2.500000,0.950000,-0.926540
-2.450000,0.950000,0.453080
-2.400000,0.950000,0.597985
-2.350000,0.950000,0.692257
-2.300000,0.950000,0.764719
-2.250000,0.950000,0.823748
-2.200000,0.950000,0.873193
-2.150000,0.950000,0.915208
-2.100000,0.950000,0.951135
-2.050000,0.950000,0.981876
-2.000000,0.950000,1.008065
-1.950000,0.950000,1.030164
-1.900000,0.950000,1.048512
-1.850000,0.950000,1.063365
-1.800000,0.950000,1.074912
-1.750000,0.950000,1.083292
-1.700000,0.950000,1.088600
-1.650000,0.950000,1.090894
-1.600000,0.950000,1.090200
-1.550000,0.950000,1.086509
-1.500000,0.950000,1.079781
-1.450000,0.950000,1.069942
-1.400000,0.950000,1.056877
-1.350000,0.950000,1.040425
-1.300000,0.950000,1.020369
-1.250000,0.950000,0.996417
-1.200000,0.950000,0.968177
-1.150000,0.950000,0.935115
-1.100000,0.950000,0.896490
-1.050000,0.950000,0.851223
-1.000000,0.950000,0.797660
-0.950000,0.950000,0.733028
-0.900000,0.950000,0.651977
-0.850000,0.950000,0.540937
-0.800000,0.950000,0.291658
-0.750000,0.950000,-0.528103
-0.700000,0.950000,-0.505300
-0.650000,0.950000,-0.484359
-0.600000,0.950000,-0.465206
-0.550000,0.950000,-0.447781
-0.500000,0.950000,-0.432030
-0.450000,0.950000,-0.417905
-0.400000,0.950000,-0.405367
-0.350000,0.950000,-0.394380
-0.300000,0.950000,-0.384915
-0.250000,0.950000,-0.376946
-0.200000,0.950000,-0.370453
-0.150000,0.950000,-0.365420
-0.100000,0.950000,-0.361834
-0.050000,0.950000,-0.359686
-0.000000,0.950000,-0.358970
0.050000,0.950000,-0.359686
0.100000,0.950000,-0.361834
0.150000,0.950000,-0.365420
0.200000,0.950000,-0.370453
0.250000,0.950000,-0.376946
0.300000,0.950000,-0.384915
0.350000,0.950000,-0.394380
0.400000,0.950000,-0.405367
0.450000,0.950000,-0.417905
0.500000,0.950000,-0.432030
0.550000,0.950000,-0.447781
0.600000,0.950000,-0.465206
0.650000,0.950000,-0.484359
0.700000,0.950000,-0.505300
0.750000,0.950000,-0.528103
0.800000,0.950000,-0.552848
0.850000,0.950000,-0.579631
0.900000,0.950000,-0.608559
0.950000,0.950000,-0.639762
1.000000,0.950000,-0.673386
1.050000,0.950000,-0.709606
1.100000,0.950000,-0.748632
1.150000,0.950000,-0.790711
1.200000,0.950000,-0.836148
1.250000,0.950000,-0.885317
1.300000,0.950000,-0.938690
1.350000,0.950000,-0.949133
1.400000,0.950000,-0.905477
1.450000,0.950000,-0.851995
1.500000,0.950000,-0.802547
1.550000,0.950000,-0.756699
1.600000,0.950000,-0.714100
1.650000,0.950000,-0.674464
1.700000,0.950000,-0.637556
1.750000,0.950000,-0.603177
1.800000,0.950000,-0.571160
1.850000,0.950000,-0.541362
1.900000,0.950000,-0.513660
1.950000,0.950000,-0.487948
2.000000,0.950000,-0.464134
2.050000,0.950000,-0.442137
2.100000,0.950000,-0.421887
2.150000,0.950000,-0.403323
2.200000,0.950000,-0.386390
2.250000,0.950000,-0.371042
2.300000,0.950000,-0.357238
2.350000,0.950000,-0.344941
2.400000,0.950000,-0.334121
2.450000,0.950000,-0.324751
2.500000,0.950000,-0.316808
2.550000,0.950000,-0.310274
2.600000,0.950000,-0.305134
2.650000,0.950000,-0.301376
2.700000,0.950000,-0.298991
2.750000,0.950000,-0.297974
2.800000,0.950000,-0.298323
2.850000,0.950000,-0.300038
2.900000,0.950000,-0.303124
2.950000,0.950000,-0.307587
3.000000,0.950000,-0.313438
3.050000,0.950000,-0.320689
3.100000,0.950000,-0.329359
3.150000,0.950000,-0.339467
3.200000,0.950000,-0.351038
3.250000,0.950000,-0.364101
3.300000,0.950000,-0.345920
3.350000,0.950000,-0.319887
3.400000,0.950000,
3.450000,0.950000,
3.500000,0.950000,
-3.500000,1.000000,
-3.450000,1.000000,
-3.400000,1.000000,
-3.350000,1.000000,
-3.300000,1.000000,
-3.250000,1.000000,-0.770381
-3.200000,1.000000,-0.773321
-3.150000,1.000000,-0.777533
-3.100000,1.000000,-0.783025
-3.050000,1.000000,-0.789808
-3.000000,1.000000,-0.797894
-2.950000,1.000000,-0.807301
-2.900000,1.000000,-0.818048
-2.850000,1.000000,-0.830157
-2.800000,1.000000,-0.843654
-2.750000,1.000000,-0.858569
-2.700000,1.000000,-0.874936
-2.650000,1.000000,-0.892793
-2.600000,1.000000,-0.912184
-2.550000,1.000000,0.400276
-2.500000,1.000000,0.585737
-2.450000,1.000000,0.694203
-2.400000,1.000000,0.776048
-2.350000,1.000000,0.842477
-2.300000,1.000000,0.898272
-2.250000,1.000000,0.946009
-2.200000,1.000000,0.987261
-2.150000,1.000000,1.023073
-2.100000,1.000000,1.054175
-2.050000,1.000000,1.081098
-2.000000,1.000000,1.104238
-1.950000,1.000000,1.123898
-1.900000,1.000000,1.140308
-1.850000,1.000000,1.153648
-1.800000,1.000000,1.164051
-1.750000,1.000000,1.171618
-1.700000,1.000000,1.176418
-1.650000,1.000000,1.178495
-1.600000,1.000000,1.177866
-1.550000,1.000000,1.174526
-1.500000,1.000000,1.168446
-1.450000,1.000000,1.159570
-1.400000,1.000000,1.147816
-1.350000,1.000000,1.133067
-1.300000,1.000000,1.115170
-1.250000,1.000000,1.093923
-1.200000,1.000000,1.069066
-1.150000,1.000000,1.040256
-1.100000,1.000000,1.007040
-1.050000,1.000000,0.968804
-1.000000,1.000000,0.924690
-0.950000,1.000000,0.873446
-0.900000,1.000000,0.813116
-0.850000,1.000000,0.740333
-0.800000,1.000000,0.648270
-0.750000,1.000000,0.517469
-0.700000,1.000000,-0.536043
-0.650000,1.000000,-0.514696
-0.600000,1.000000,-0.495183
-0.550000,1.000000,-0.477438
-0.500000,1.000000,-0.461402
-0.450000,1.000000,-0.447028
-0.400000,1.000000,-0.434271
-0.350000,1.000000,-0.423095
-0.300000,1.000000,-0.413469
-0.250000,1.000000,-0.405367
-0.200000,1.000000,-0.398766
-0.150000,1.000000,-0.393650
-0.100000,1.000000,-0.390005
-0.050000,1.000000,-0.387821
-0.000000,1.000000,-0.387094
0.050000,1.000000,-0.387821
0.100000,1.000000,-0.390005
0.150000,1.000000,-0.393650
0.200000,1.000000,-0.398766
0.250000,1.000000,-0.405367
0.300000,1.000000,-0.413469
0.350000,1.000000,-0.423095
0.400000,1.000000,-0.434271
0.450000,1.000000,-0.447028
0.500000,1.000000,-0.461402
0.550000,1.000000,-0.477438
0.600000,1.000000,-0.495183
0.650000,1.000000,-0.514696
0.700000,1.000000,-0.536043
0.750000,1.000000,-0.559298
0.800000,1.000000,-0.584551
0.850000,1.000000,-0.611901
0.900000,1.000000,-0.641467
0.950000,1.000000,-0.673386
1.000000,1.000000,-0.707818
1.050000,1.000000,-0.744954
1.100000,1.000000,-0.785023
1.150000,1.000000,-0.828300
1.200000,1.000000,-0.875123
1.250000,1.000000,-0.925914
1.300000,1.000000,-0.981211
1.350000,1.000000,-0.931720
1.400000,1.000000,-0.875120
1.450000,1.000000,-0.822880
1.500000,1.000000,-0.774495
1.550000,1.000000,-0.729566
1.600000,1.000000,-0.687768
1.650000,1.000000,-0.648838
1.700000,1.000000,-0.612553
1.750000,1.000000,-0.578729
1.800000,1.000000,-0.547206
1.850000,1.000000,-0.517851
1.900000,1.000000,-0.490547
1.950000,1.000000,-0.465192
2.000000,1.000000,-0.441699
2.050000,1.000000,-0.419991
2.100000,1.000000,-0.400000
2.150000,1.000000,-0.381668
2.200000,1.000000,-0.364944
2.250000,1.000000,-0.349781
2.300000,1.000000,-0.336140
2.350000,1.000000,-0.323987
2.400000,1.000000,-0.313292
2.450000,1.000000,-0.304029
2.500000,1.000000,-0.296176
2.550000,1.000000,-0.289715
2.600000,1.000000,-0.284632
2.650000,1.000000,-0.280915
2.700000,1.000000,-0.278557
2.750000,1.000000,-0.277551
2.800000,1.000000,-0.277896
2.850000,1.000000,-0.279593
2.900000,1.000000,-0.282644
2.950000,1.000000,-0.287058
3.000000,1.000000,-0.292843
3.050000,1.000000,-0.300013
3.100000,1.000000,-0.308584
3.150000,1.000000,-0.318576
3.200000,1.000000,-0.330013
3.250000,1.000000,-0.338103
3.300000,1.000000,-0.310544
3.350000,1.000000,
3.400000,1.000000,
3.450000,1.000000,
3.500000,1.000000,
-3.500000,1.050000,
-3.450000,1.050000,
-3.400000,1.050000,
-3.350000,1.050000,
-3.300000,1.050000,
-3.250000,1.050000,
-3.200000,1.050000,-0.778414
-3.150000,1.050000,-0.782636
-3.100000,1.050000,-0.788142
-3.050000,1.050000,-0.794943
-3.000000,1.050000,-0.803051
-2.950000,1.050000,-0.812483
-2.900000,1.050000,-0.823258
-2.850000,1.050000,-0.835400
-2.800000,1.050000,-0.848935
-2.750000,1.050000,-0.863892
-2.700000,1.050000,-0.880305
-2.650000,1.050000,-0.898214
-2.600000,1.050000,0.531155
-2.550000,1.050000,0.666937
-2.500000,1.050000,0.763174
-2.450000,1.050000,0.839678
-2.400000,1.050000,0.903456
-2.350000,1.050000,0.957971
-2.300000,1.050000,1.005243
-2.250000,1.050000,1.046567
-2.200000,1.050000,1.082832
-2.150000,1.050000,1.114679
-2.100000,1.050000,1.142582
-2.050000,1.050000,1.166902
-2.000000,1.050000,1.187920
-1.950000,1.050000,1.205854
-1.900000,1.050000,1.220875
-1.850000,1.050000,1.233118
-1.800000,1.050000,1.242686
-1.750000,1.050000,1.249656
-1.700000,1.050000,1.254082
-1.650000,1.050000,1.255997
-1.600000,1.050000,1.255417
-1.550000,1.050000,1.252337
-1.500000,1.050000,1.246733
-1.450000,1.050000,1.238563
-1.400000,1.050000,1.227762
-1.350000,1.050000,1.214241
-1.300000,1.050000,1.197884
-1.250000,1.050000,1.178539
-1.200000,1.050000,1.156016
-1.150000,1.050000,1.130068
-1.100000,1.050000,1.100381
-1.050000,1.050000,1.066547
-1.000000,1.050000,1.028021
-0.950000,1.050000,0.984061
-0.900000,1.050000,0.933615
-0.850000,1.050000,0.875105
-0.800000,1.050000,0.805976
-0.750000,1.050000,0.721545
-0.700000,1.050000,0.611135
-0.650000,1.050000,0.431654
-0.600000,1.050000,-0.527311
-0.550000,1.050000,-0.509209
-0.500000,1.050000,-0.492858
-0.450000,1.050000,-0.478205
-0.400000,1.050000,-0.465206
-0.350000,1.050000,-0.453821
-0.300000,1.050000,-0.444017
-0.250000,1.050000,-0.435767
-0.200000,1.050000,-0.429046
-0.150000,1.050000,-0.423838
-0.100000,1.050000,-0.420128
-0.050000,1.050000,-0.417905
-0.000000,1.050000,-0.417165
0.050000,1.050000,-0.417905
0.100000,1.050000,-0.420128
0.150000,1.050000,-0.423838
0.200000,1.050000,-0.429046
0.250000,1.050000,-0.435767
0.300000,1.050000,-0.444017
0.350000,1.050000,-0.453821
0.400000,1.050000,-0.465206
0.450000,1.050000,-0.478205
0.500000,1.050000,-0.492858
0.550000,1.050000,-0.509209
0.600000,1.050000,-0.527311
0.650000,1.050000,-0.547226
0.700000,1.050000,-0.569024
0.750000,1.050000,-0.592787
0.800000,1.050000,-0.618607
0.850000,1.050000,-0.646596
0.900000,1.050000,-0.676879
0.950000,1.050000,-0.709606
1.000000,1.050000,-0.744954
1.050000,1.050000,-0.783132
1.100000,1.050000,-0.824394
1.150000,1.050000,-0.869047
1.200000,1.050000,-0.917474
1.250000,1.050000,-0.970157
1.300000,1.050000,-0.962831
1.350000,1.050000,-0.902751
1.400000,1.050000,-0.847430
1.450000,1.050000,-0.796275
1.500000,1.050000,-0.748823
1.550000,1.050000,-0.704703
1.600000,1.050000,-0.663615
1.650000,1.050000,-0.625309
1.700000,1.050000,-0.589579
1.750000,1.050000,-0.556249
1.800000,1.050000,-0.525168
1.850000,1.050000,-0.496209
1.900000,1.050000,-0.469261
1.950000,1.050000,-0.444226
2.000000,1.050000,-0.421021
2.050000,1.050000,-0.399573
2.100000,1.050000,-0.379816
2.150000,1.050000,-0.361693
2.200000,1.050000,-0.345156
2.250000,1.050000,-0.330160
2.300000,1.050000,-0.316667
2.350000,1.050000,-0.304644
2.400000,1.050000,-0.294061
2.450000,1.050000,-0.284894
2.500000,1.050000,-0.277123
2.550000,1.050000,-0.270728
2.600000,1.050000,-0.265697
2.650000,1.050000,-0.262018
2.700000,1.050000,-0.259683
2.750000,1.050000,-0.258688
2.800000,1.050000,-0.259030
2.850000,1.050000,-0.260709
2.900000,1.050000,-0.263730
2.950000,1.050000,-0.268098
3.000000,1.050000,-0.273824
3.050000,1.050000,-0.280921
3.100000,1.050000,-0.289403
3.150000,1.050000,-0.299290
3.200000,1.050000,-0.310606
3.250000,1.050000,-0.304563
3.300000,1.050000,-0.277605
3.350000,1.050000,
3.400000,1.050000,
3.450000,1.050000,
3.500000,1.050000,
-3.500000,1.100000,
-3.450000,1.100000,
-3.400000,1.100000,
-3.350000,1.100000,
-3.300000,1.100000,
-3.250000,1.100000,
-3.200000,1.100000,-0.784791
-3.150000,1.100000,-0.789027
-3.100000,1.100000,-0.794551
-3.050000,1.100000,-0.801374
-3.000000,1.100000,-0.809509
-2.950000,1.100000,-0.818973
-2.900000,1.100000,-0.829785
-2.850000,1.100000,-0.841968
-2.800000,1.100000,-0.855550
-2.750000,1.100000,-0.870559
-2.700000,1.100000,0.390623
-2.650000,1.100000,0.603701
-2.600000,1.100000,0.724115
-2.550000,1.100000,0.815030
-2.500000,1.100000,0.889231
-2.450000,1.100000,0.952064
-2.400000,1.100000,1.006380
-2.350000,1.100000,1.053916
-2.300000,1.100000,1.095820
-2.250000,1.100000,1.132898
-2.200000,1.100000,1.165738
-2.150000,1.100000,1.194784
-2.100000,1.100000,1.220377
-2.050000,1.100000,1.242787
-2.000000,1.100000,1.262225
-1.950000,1.100000,1.278860
-1.900000,1.100000,1.292827
-1.850000,1.100000,1.304232
-1.800000,1.100000,1.313158
-1.750000,1.100000,1.319667
-1.700000,1.100000,1.323803
-1.650000,1.100000,1.325594
-1.600000,1.100000,1.325052
-1.550000,1.100000,1.322172
-1.500000,1.100000,1.316937
-1.450000,1.100000,1.309310
-1.400000,1.100000,1.299240
-1.350000,1.100000,1.286655
-1.300000,1.100000,1.271462
-1.250000,1.100000,1.253542
-1.200000,1.100000,1.232745
-1.150000,1.100000,1.208883
-1.100000,1.100000,1.181721
-1.050000,1.100000,1.150958
-1.000000,1.100000,1.116210
-0.950000,1.100000,1.076971
-0.900000,1.100000,1.032565
-0.850000,1.100000,0.982046
-0.800000,1.100000,0.924034
-0.750000,1.100000,0.856370
-0.700000,1.100000,0.775313
-0.650000,1.100000,0.673173
-0.600000,1.100000,0.527292
-0.550000,1.100000,-0.543223
-0.500000,1.100000,-0.526520
-0.450000,1.100000,-0.511558
-0.400000,1.100000,-0.498290
-0.350000,1.100000,-0.486672
-0.300000,1.100000,-0.476671
-0.250000,1.100000,-0.468256
-0.200000,1.100000,-0.461402
-0.150000,1.100000,-0.456092
-0.100000,1.100000,-0.452309
-0.050000,1.100000,-0.450044
-0.000000,1.100000,-0.449289
0.050000,1.100000,-0.450044
0.100000,1.100000,-0.452309
0.150000,1.100000,-0.456092
0.200000,1.100000,-0.461402
0.250000,1.100000,-0.468256
0.300000,1.100000,-0.476671
0.350000,1.100000,-0.486672
0.400000,1.100000,-0.498290
0.450000,1.100000,-0.511558
0.500000,1.100000,-0.526520
0.550000,1.100000,-0.543223
0.600000,1.100000,-0.561724
0.650000,1.100000,-0.582089
0.700000,1.100000,-0.604393
0.750000,1.100000,-0.628724
0.800000,1.100000,-0.655184
0.850000,1.100000,-0.683891
0.900000,1.100000,-0.714986
0.950000,1.100000,-0.748632
1.000000,1.100000,-0.785023
1.050000,1.100000,-0.824394
1.100000,1.100000,-0.867028
1.150000,1.100000,-0.913276
1.200000,1.100000,-0.963575
1.250000,1.100000,-0.999213
1.300000,1.100000,-0.935201
1.350000,1.100000,-0.876445
1.400000,1.100000,-0.822238
1.450000,1.100000,-0.772032
1.500000,1.100000,-0.725399
1.550000,1.100000,-0.681993
1.600000,1.100000,-0.641532
1.650000,1.100000,-0.603782
1.700000,1.100000,-0.568544
1.750000,1.100000,-0.535654
1.800000,1.100000,-0.504967
1.850000,1.100000,-0.476362
1.900000,1.100000,-0.449732
1.950000,1.100000,-0.424985
2.000000,1.100000,-0.402039
2.050000,1.100000,-0.380823
2.100000,1.100000,-0.361275
2.150000,1.100000,-0.343341
2.200000,1.100000,-0.326972
2.250000,1.100000,-0.312126
2.300000,1.100000,-0.298766
2.350000,1.100000,-0.286860
2.400000,1.100000,-0.276379
2.450000,1.100000,-0.267299
2.500000,1.100000,-0.259601
2.550000,1.100000,-0.253266
2.600000,1.100000,-0.248281
2.650000,1.100000,-0.244637
2.700000,1.100000,-0.242323
2.750000,1.100000,-0.241337
2.800000,1.100000,-0.241675
2.850000,1.100000,-0.243339
2.900000,1.100000,-0.246332
2.950000,1.100000,-0.250660
3.000000,1.100000,-0.256333
3.050000,1.100000,-0.263363
3.100000,1.100000,-0.271765
3.150000,1.100000,-0.281558
3.200000,1.100000,-0.292764
3.250000,1.100000,-0.273372
3.300000,1.100000,-0.246950
3.350000,1.100000,
3.400000,1.100000,
3.450000,1.100000,
3.500000,1.100000,
-3.500000,1.150000,
-3.450000,1.150000,
-3.400000,1.150000,
-3.350000,1.150000,
-3.300000,1.150000,
-3.250000,1.150000,
-3.200000,1.150000,-0.792466
-3.150000,1.150000,-0.796719
-3.100000,1.150000,-0.802265
-3.050000,1.150000,-0.809115
-3.000000,1.150000,-0.817282
-2.950000,1.150000,-0.826784
-2.900000,1.150000,-0.837640
-2.850000,1.150000,-0.849874
-2.800000,1.150000,-0.863513
-2.750000,1.150000,0.475652
-2.700000,1.150000,0.651230
-2.650000,1.150000,0.765386
-2.600000,1.150000,0.854220
-2.550000,1.150000,0.927816
-2.500000,1.150000,0.990751
-2.450000,1.150000,1.045571
-2.400000,1.150000,1.093866
-2.350000,1.150000,1.136705
-2.300000,1.150000,1.174852
-2.250000,1.150000,1.208867
-2.200000,1.150000,1.239179
-2.150000,1.150000,1.266121
-2.100000,1.150000,1.289954
-2.050000,1.150000,1.310891
-2.000000,1.150000,1.329099
-1.950000,1.150000,1.344715
-1.900000,1.150000,1.357849
-1.850000,1.150000,1.368589
-1.800000,1.150000,1.377004
-1.750000,1.150000,1.383145
-1.700000,1.150000,1.387050
-1.650000,1.150000,1.388741
-1.600000,1.150000,1.388229
-1.550000,1.150000,1.385510
-1.500000,1.150000,1.380569
-1.450000,1.150000,1.373375
-1.400000,1.150000,1.363886
-1.350000,1.150000,1.352042
-1.300000,1.150000,1.337766
-1.250000,1.150000,1.320959
-1.200000,1.150000,1.301501
-1.150000,1.150000,1.279240
-1.100000,1.150000,1.253990
-1.050000,1.150000,1.225517
-1.000000,1.150000,1.193529
-0.950000,1.150000,1.157652
-0.900000,1.150000,1.117402
-0.850000,1.150000,1.072136
-0.800000,1.150000,1.020964
-0.750000,1.150000,0.962611
-0.700000,1.150000,0.895119
-0.650000,1.150000,0.815204
-0.600000,1.150000,0.716478
-0.550000,1.150000,0.582414
-0.500000,1.150000,-0.562534
-0.450000,1.150000,-0.547226
-0.400000,1.150000,-0.533657
-0.350000,1.150000,-0.521780
-0.300000,1.150000,-0.511558
-0.250000,1.150000,-0.502960
-0.200000,1.150000,-0.495959
-0.150000,1.150000,-0.490535
-0.100000,1.150000,-0.486672
-0.050000,1.150000,-0.484359
-0.000000,1.150000,-0.483588
0.050000,1.150000,-0.484359
0.100000,1.150000,-0.486672
0.150000,1.150000,-0.490535
0.200000,1.150000,-0.495959
0.250000,1.150000,-0.502960
0.300000,1.150000,-0.511558
0.350000,1.150000,-0.521780
0.400000,1.150000,-0.533657
0.450000,1.150000,-0.547226
0.500000,1.150000,-0.562534
0.550000,1.150000,-0.579631
0.600000,1.150000,-0.598579
0.650000,1.150000,-0.619448
0.700000,1.150000,-0.642321
0.750000,1.150000,-0.667293
0.800000,1.150000,-0.694475
0.850000,1.150000,-0.723999
0.900000,1.150000,-0.756017
0.950000,1.150000,-0.790711
1.000000,1.150000,-0.828300
1.050000,1.150000,-0.869047
1.100000,1.150000,-0.913276
1.150000,1.150000,-0.961390
1.200000,1.150000,-1.013902
1.250000,1.150000,-0.972875
1.300000,1.150000,-0.910245
1.350000,1.150000,-0.852638
1.400000,1.150000,-0.799401
1.450000,1.150000,-0.750027
1.500000,1.150000,-0.704114
1.550000,1.150000,-0.661337
1.600000,1.150000,-0.621431
1.650000,1.150000,-0.584171
1.700000,1.150000,-0.549371
1.750000,1.150000,-0.516872
1.800000,1.150000,-0.486536
1.850000,1.150000,-0.458247
1.900000,1.150000,-0.431901
1.950000,1.150000,-0.407410
2.000000,1.150000,-0.384695
2.050000,1.150000,-0.363688
2.100000,1.150000,-0.344328
2.150000,1.150000,-0.326562
2.200000,1.150000,-0.310345
2.250000,1.150000,-0.295633
2.300000,1.150000,-0.282393
2.350000,1.150000,-0.270591
2.400000,1.150000,-0.260201
2.450000,1.150000,-0.251200
2.500000,1.150000,-0.243567
2.550000,1.150000,-0.237286
2.600000,1.150000,-0.232343
2.650000,1.150000,-0.228729
2.700000,1.150000,-0.226435
2.750000,1.150000,-0.225457
2.800000,1.150000,-0.225793
2.850000,1.150000,-0.227443
2.900000,1.150000,-0.230410
2.950000,1.150000,-0.234702
3.000000,1.150000,-0.240327
3.050000,1.150000,-0.247297
3.100000,1.150000,-0.255627
3.150000,1.150000,-0.265335
3.200000,1.150000,-0.272388
3.250000,1.150000,-0.244390
3.300000,1.150000,
3.350000,1.150000,
3.400000,1.150000,
3.450000,1.150000,
3.500000,1.150000,
-3.500000,1.200000,
-3.450000,1.200000,
-3.400000,1.200000,
-3.350000,1.200000,
-3.300000,1.200000,
-3.250000,1.200000,
-3.200000,1.200000,
-3.150000,1.200000,-0.805727
-3.100000,1.200000,-0.811299
-3.050000,1.200000,-0.818181
-3.000000,1.200000,-0.826387
-2.950000,1.200000,-0.835934
-2.900000,1.200000,-0.846842
-2.850000,1.200000,-0.859136
-2.800000,1.200000,0.517886
-2.750000,1.200000,0.682146
-2.700000,1.200000,0.794402
-2.650000,1.200000,0.883113
-2.600000,1.200000,0.957240
-2.550000,1.200000,1.021021
-2.500000,1.200000,1.076862
-2.450000,1.200000,1.126290
-2.400000,1.200000,1.170342
-2.350000,1.200000,1.209762
-2.300000,1.200000,1.245102
-2.250000,1.200000,1.276785
-2.200000,1.200000,1.305141
-2.150000,1.200000,1.330434
-2.100000,1.200000,1.352874
-2.050000,1.200000,1.372634
-2.000000,1.200000,1.389853
-1.950000,1.200000,1.404645
-1.900000,1.200000,1.417103
-1.850000,1.200000,1.427301
-1.800000,1.200000,1.435298
-1.750000,1.200000,1.441138
-1.700000,1.200000,1.444853
-1.650000,1.200000,1.446462
-1.600000,1.200000,1.445974
-1.550000,1.200000,1.443387
-1.500000,1.200000,1.438687
-1.450000,1.200000,1.431849
-1.400000,1.200000,1.422835
-1.350000,1.200000,1.411593
-1.300000,1.200000,1.398060
-1.250000,1.200000,1.382152
-1.200000,1.200000,1.363766
-1.150000,1.200000,1.342779
-1.100000,1.200000,1.319035
-1.050000,1.200000,1.292347
-1.000000,1.200000,1.262479
-0.950000,1.200000,1.229142
-0.900000,1.200000,1.191963
-0.850000,1.200000,1.150467
-0.800000,1.200000,1.104022
-0.750000,1.200000,1.051763
-0.700000,1.200000,0.992459
-0.650000,1.200000,0.924244
-0.600000,1.200000,0.844037
-0.550000,1.200000,0.746015
-0.500000,1.200000,0.616001
-0.450000,1.200000,0.376963
-0.400000,1.200000,-0.571466
-0.350000,1.200000,-0.559298
-0.300000,1.200000,-0.548831
-0.250000,1.200000,-0.540028
-0.200000,1.200000,-0.532862
-0.150000,1.200000,-0.527311
-0.100000,1.200000,-0.523358
-0.050000,1.200000,-0.520991
-0.000000,1.200000,-0.520203
0.050000,1.200000,-0.520991
0.100000,1.200000,-0.523358
0.150000,1.200000,-0.527311
0.200000,1.200000,-0.532862
0.250000,1.200000,-0.540028
0.300000,1.200000,-0.548831
0.350000,1.200000,-0.559298
0.400000,1.200000,-0.571466
0.450000,1.200000,-0.585372
0.500000,1.200000,-0.601068
0.550000,1.200000,-0.618607
0.600000,1.200000,-0.638058
0.650000,1.200000,-0.659497
0.700000,1.200000,-0.683013
0.750000,1.200000,-0.708712
0.800000,1.200000,-0.736716
0.850000,1.200000,-0.767170
0.900000,1.200000,-0.800246
0.950000,1.200000,-0.836148
1.000000,1.200000,-0.875123
1.050000,1.200000,-0.917474
1.100000,1.200000,-0.963575
1.150000,1.200000,-1.013902
1.200000,1.200000,-1.016303
1.250000,1.200000,-0.949241
1.300000,1.200000,-0.887804
1.350000,1.200000,-0.831193
1.400000,1.200000,-0.778800
1.450000,1.200000,-0.730153
1.500000,1.200000,-0.684872
1.550000,1.200000,-0.642649
1.600000,1.200000,-0.603231
1.650000,1.200000,-0.566406
1.700000,1.200000,-0.531993
1.750000,1.200000,-0.499840
1.800000,1.200000,-0.469816
1.850000,1.200000,-0.441807
1.900000,1.200000,-0.415714
1.950000,1.200000,-0.391451
2.000000,1.200000,-0.368942
2.050000,1.200000,-0.348121
2.100000,1.200000,-0.328928
2.150000,1.200000,-0.311313
2.200000,1.200000,-0.295230
2.250000,1.200000,-0.280639
2.300000,1.200000,-0.267505
2.350000,1.200000,-0.255797
2.400000,1.200000,-0.245489
2.450000,1.200000,-0.236558
2.500000,1.200000,-0.228984
2.550000,1.200000,-0.222751
2.600000,1.200000,-0.217846
2.650000,1.200000,-0.214259
2.700000,1.200000,-0.211982
2.750000,1.200000,-0.211012
2.800000,1.200000,-0.211345
2.850000,1.200000,-0.212982
2.900000,1.200000,-0.215928
2.950000,1.200000,-0.220187
3.000000,1.200000,-0.225769
3.050000,1.200000,-0.232685
3.100000,1.200000,-0.240951
3.150000,1.200000,-0.250583
3.200000,1.200000,-0.245014
3.250000,1.200000,-0.217496
3.300000,1.200000,
3.350000,1.200000,
3.400000,1.200000,
3.450000,1.200000,
3.500000,1.200000,
-3.500000,1.250000,
-3.450000,1.250000,
-3.400000,1.250000,
-3.350000,1.250000,
-3.300000,1.250000,
-3.250000,1.250000,
-3.200000,1.250000,
-3.150000,1.250000,-0.816070
-3.100000,1.250000,-0.821671
-3.050000,1.250000,-0.828590
-3.000000,1.250000,-0.836841
-2.950000,1.250000,-0.846440
-2.900000,1.250000,-0.857409
-2.850000,1.250000,0.537134
-2.800000,1.250000,0.699915
-2.750000,1.250000,0.813075
-2.700000,1.250000,0.903086
-2.650000,1.250000,0.978620
-2.600000,1.250000,1.043839
-2.550000,1.250000,1.101128
-2.500000,1.250000,1.152005
-2.450000,1.250000,1.197507
-2.400000,1.250000,1.238379
-2.350000,1.250000,1.275177
-2.300000,1.250000,1.308327
-2.250000,1.250000,1.338165
-2.200000,1.250000,1.364956
-2.150000,1.250000,1.388917
-2.100000,1.250000,1.410223
-2.050000,1.250000,1.429020
-2.000000,1.250000,1.445424
-1.950000,1.250000,1.459535
-1.900000,1.250000,1.471432
-1.850000,1.250000,1.481179
-1.800000,1.250000,1.488827
-1.750000,1.250000,1.494415
-1.700000,1.250000,1.497970
-1.650000,1.250000,1.499511
-1.600000,1.250000,1.499044
-1.550000,1.250000,1.496568
-1.500000,1.250000,1.492070
-1.450000,1.250000,1.485528
-1.400000,1.250000,1.476909
-1.350000,1.250000,1.466169
-1.300000,1.250000,1.453251
-1.250000,1.250000,1.438084
-1.200000,1.250000,1.420581
-1.150000,1.250000,1.400633
-1.100000,1.250000,1.378112
-1.050000,1.250000,1.352858
-1.000000,1.250000,1.324679
-0.950000,1.250000,1.293338
-0.900000,1.250000,1.258537
-0.850000,1.250000,1.219904
-0.800000,1.250000,1.176957
-0.750000,1.250000,1.129062
-0.700000,1.250000,1.075356
-0.650000,1.250000,1.014607
-0.600000,1.250000,0.944962
-0.550000,1.250000,0.863383
-0.500000,1.250000,0.764179
-0.450000,1.250000,0.633802
-0.400000,1.250000,0.406686
-0.350000,1.250000,-0.599408
-0.300000,1.250000,-0.588663
-0.250000,1.250000,-0.579631
-0.200000,1.250000,-0.572280
-0.150000,1.250000,-0.566587
-0.100000,1.250000,-0.562534
-0.050000,1.250000,-0.560107
-0.000000,1.250000,-0.559298
0.050000,1.250000,-0.560107
0.100000,1.250000,-0.562534
0.150000,1.250000,-0.566587
0.200000,1.250000,-0.572280
0.250000,1.250000,-0.579631
0.300000,1.250000,-0.588663
0.350000,1.250000,-0.599408
0.400000,1.250000,-0.611901
0.450000,1.250000,-0.626188
0.500000,1.250000,-0.642321
0.550000,1.250000,-0.660361
0.600000,1.250000,-0.680381
0.650000,1.250000,-0.702465
0.700000,1.250000,-0.726714
0.750000,1.250000,-0.753242
0.800000,1.250000,-0.782188
0.850000,1.250000,-0.813713
0.900000,1.250000,-0.848012
0.950000,1.250000,-0.885317
1.000000,1.250000,-0.925914
1.050000,1.250000,-0.970157
1.100000,1.250000,-1.018488
1.150000,1.250000,-1.066192
1.200000,1.250000,-0.993967
1.250000,1.250000,-0.928151
1.300000,1.250000,-0.867741
1.350000,1.250000,-0.811992
1.400000,1.250000,-0.760335
1.450000,1.250000,-0.712322
1.500000,1.250000,-0.667593
1.550000,1.250000,-0.625856
1.600000,1.250000,-0.586867
1.650000,1.250000,-0.550423
1.700000,1.250000,-0.516352
1.750000,1.250000,-0.484505
1.800000,1.250000,-0.454756
1.850000,1.250000,-0.426994
1.900000,1.250000,-0.401125
1.950000,1.250000,-0.377064
2.000000,1.250000,-0.354737
2.050000,1.250000,-0.334081
2.100000,1.250000,-0.315037
2.150000,1.250000,-0.297556
2.200000,1.250000,-0.281592
2.250000,1.250000,-0.267108
2.300000,1.250000,-0.254069
2.350000,1.250000,-0.242444
2.400000,1.250000,-0.232209
2.450000,1.250000,-0.223340
2.500000,1.250000,-0.215818
2.550000,1.250000,-0.209628
2.600000,1.250000,-0.204756
2.650000,1.250000,-0.201194
2.700000,1.250000,-0.198933
2.750000,1.250000,-0.197969
2.800000,1.250000,-0.198299
2.850000,1.250000,-0.199926
2.900000,1.250000,-0.202851
2.950000,1.250000,-0.207081
3.000000,1.250000,-0.212625
3.050000,1.250000,-0.219494
3.100000,1.250000,-0.227702
3.150000,1.250000,-0.237267
3.200000,1.250000,-0.219675
3.250000,1.250000,-0.192587
3.300000,1.250000,
3.350000,1.250000,
3.400000,1.250000,
3.450000,1.250000,
3.500000,1.250000,
-3.500000,1.300000,
-3.450000,1.300000,
-3.400000,1.300000,
-3.350000,1.300000,
-3.300000,1.300000,
-3.250000,1.300000,
-3.200000,1.300000,
-3.150000,1.300000,
-3.100000,1.300000,-0.833404
-3.050000,1.300000,-0.840366
-3.000000,1.300000,-0.848667
-2.950000,1.300000,-0.858327
-2.900000,1.300000,0.538099
-2.850000,1.300000,0.706086
-2.800000,1.300000,0.822422
-2.750000,1.300000,0.914945
-2.700000,1.300000,0.992653
-2.650000,1.300000,1.059840
-2.600000,1.300000,1.118961
-2.550000,1.300000,1.171574
-2.500000,1.300000,1.218744
-2.450000,1.300000,1.261237
-2.400000,1.300000,1.299622
-2.350000,1.300000,1.334337
-2.300000,1.300000,1.365726
-2.250000,1.300000,1.394063
-2.200000,1.300000,1.419571
-2.150000,1.300000,1.442431
-2.100000,1.300000,1.462795
-2.050000,1.300000,1.480786
-2.000000,1.300000,1.496508
-1.950000,1.300000,1.510045
-1.900000,1.300000,1.521468
-1.850000,1.300000,1.530833
-1.800000,1.300000,1.538186
-1.750000,1.300000,1.543560
-1.700000,1.300000,1.546981
-1.650000,1.300000,1.548463
-1.600000,1.300000,1.548014
-1.550000,1.300000,1.545631
-1.500000,1.300000,1.541305
-1.450000,1.300000,1.535014
-1.400000,1.300000,1.526730
-1.350000,1.300000,1.516414
-1.300000,1.300000,1.504015
-1.250000,1.300000,1.489472
-1.200000,1.300000,1.472706
-1.150000,1.300000,1.453625
-1.100000,1.300000,1.432116
-1.050000,1.300000,1.408045
-1.000000,1.300000,1.381246
-0.950000,1.300000,1.351520
-0.900000,1.300000,1.318622
-0.850000,1.300000,1.282248
-0.800000,1.300000,1.242013
-0.750000,1.300000,1.197426
-0.700000,1.300000,1.147833
-0.650000,1.300000,1.092350
-0.600000,1.300000,1.029713
-0.550000,1.300000,0.958016
-0.500000,1.300000,0.874128
-0.450000,1.300000,0.772167
-0.400000,1.300000,0.638016
-0.350000,1.300000,0.400770
-0.300000,1.300000,-0.631264
-0.250000,1.300000,-0.621972
-0.200000,1.300000,-0.614413
-0.150000,1.300000,-0.608559
-0.100000,1.300000,-0.604393
-0.050000,1.300000,-0.601898
-0.000000,1.300000,-0.601068
0.050000,1.300000,-0.601898
0.100000,1.300000,-0.604393
0.150000,1.300000,-0.608559
0.200000,1.300000,-0.614413
0.250000,1.300000,-0.621972
0.300000,1.300000,-0.631264
0.350000,1.300000,-0.642321
0.400000,1.300000,-0.655184
0.450000,1.300000,-0.669901
0.500000,1.300000,-0.686530
0.550000,1.300000,-0.705139
0.600000,1.300000,-0.725808
0.650000,1.300000,-0.748632
0.700000,1.300000,-0.773720
0.750000,1.300000,-0.801203
0.800000,1.300000,-0.831237
0.850000,1.300000,-0.864006
0.900000,1.300000,-0.899733
0.950000,1.300000,-0.938690
1.000000,1.300000,-0.981211
1.050000,1.300000,-1.027719
1.100000,1.300000,-1.046947
1.150000,1.300000,-1.018515
1.200000,1.300000,-0.974225
1.250000,1.300000,-0.909475
1.300000,1.300000,-0.849946
1.350000,1.300000,-0.794941
1.400000,1.300000,-0.743920
1.450000,1.300000,-0.696456
1.500000,1.300000,-0.652208
1.550000,1.300000,-0.610894
1.600000,1.300000,-0.572280
1.650000,1.300000,-0.536170
1.700000,1.300000,-0.502397
1.750000,1.300000,-0.470818
1.800000,1.300000,-0.441310
1.850000,1.300000,-0.413766
1.900000,1.300000,-0.388094
1.950000,1.300000,-0.364210
2.000000,1.300000,-0.342044
2.050000,1.300000,-0.321533
2.100000,1.300000,-0.302620
2.150000,1.300000,-0.285256
2.200000,1.300000,-0.269398
2.250000,1.300000,-0.255009
2.300000,1.300000,-0.242053
2.350000,1.300000,-0.230502
2.400000,1.300000,-0.220330
2.450000,1.300000,-0.211516
2.500000,1.300000,-0.204041
2.550000,1.300000,-0.197888
2.600000,1.300000,-0.193046
2.650000,1.300000,-0.189505
2.700000,1.300000,-0.187258
2.750000,1.300000,-0.186299
2.800000,1.300000,-0.186628
2.850000,1.300000,-0.188245
2.900000,1.300000,-0.191153
2.950000,1.300000,-0.195357
3.000000,1.300000,-0.200867
3.050000,1.300000,-0.207694
3.100000,1.300000,-0.215852
3.150000,1.300000,-0.224998
3.200000,1.300000,-0.196276
3.250000,1.300000,
3.300000,1.300000,
3.350000,1.300000,
3.400000,1.300000,
3.450000,1.300000,
3.500000,1.300000,
-3.500000,1.350000,
-3.450000,1.350000,
-3.400000,1.350000,
-3.350000,1.350000,
-3.300000,1.350000,
-3.250000,1.350000,
-3.200000,1.350000,
-3.150000,1.350000,
-3.100000,1.350000,-0.846523
-3.050000,1.350000,-0.853532
-3.000000,1.350000,-0.861892
-2.950000,1.350000,0.520979
-2.900000,1.350000,0.701141
-2.850000,1.350000,0.822904
-2.800000,1.350000,0.919126
-2.750000,1.350000,0.999754
-2.700000,1.350000,1.069425
-2.650000,1.350000,1.130752
-2.600000,1.350000,1.185384
-2.550000,1.350000,1.234441
-2.500000,1.350000,1.278723
-2.450000,1.350000,1.318826
-2.400000,1.350000,1.355206
-2.350000,1.350000,1.388222
-2.300000,1.350000,1.418159
-2.250000,1.350000,1.445250
-2.200000,1.350000,1.469685
-2.150000,1.350000,1.491621
-2.100000,1.350000,1.511189
-2.050000,1.350000,1.528497
-2.000000,1.350000,1.543638
-1.950000,1.350000,1.556685
-1.900000,1.350000,1.567703
-1.850000,1.350000,1.576741
-1.800000,1.350000,1.583840
-1.750000,1.350000,1.589030
-1.700000,1.350000,1.592334
-1.650000,1.350000,1.593767
-1.600000,1.350000,1.593333
-1.550000,1.350000,1.591031
-1.500000,1.350000,1.586851
-1.450000,1.350000,1.580777
-1.400000,1.350000,1.572780
-1.350000,1.350000,1.562827
-1.300000,1.350000,1.550872
-1.250000,1.350000,1.536859
-1.200000,1.350000,1.520721
-1.150000,1.350000,1.502374
-1.100000,1.350000,1.481719
-1.050000,1.350000,1.458639
-1.000000,1.350000,1.432990
-0.950000,1.350000,1.404601
-0.900000,1.350000,1.373264
-0.850000,1.350000,1.338722
-0.800000,1.350000,1.300660
-0.750000,1.350000,1.258677
-0.700000,1.350000,1.212259
-0.650000,1.350000,1.160724
-0.600000,1.350000,1.103142
-0.550000,1.350000,1.038184
-0.500000,1.350000,0.963828
-0.450000,1.350000,0.876719
-0.400000,1.350000,0.770451
-0.350000,1.350000,0.629099
-0.300000,1.350000,0.353052
-0.250000,1.350000,-0.667293
-0.200000,1.350000,-0.659497
-0.150000,1.350000,-0.653462
-0.100000,1.350000,-0.649167
-0.050000,1.350000,-0.646596
-0.000000,1.350000,-0.645740
0.050000,1.350000,-0.646596
0.100000,1.350000,-0.649167
0.150000,1.350000,-0.653462
0.200000,1.350000,-0.659497
0.250000,1.350000,-0.667293
0.300000,1.350000,-0.676879
0.350000,1.350000,-0.688292
0.400000,1.350000,-0.701575
0.450000,1.350000,-0.716784
0.500000,1.350000,-0.733981
0.550000,1.350000,-0.753242
0.600000,1.350000,-0.774658
0.650000,1.350000,-0.798333
0.700000,1.350000,-0.824394
0.750000,1.350000,-0.852988
0.800000,1.350000,-0.884294
0.850000,1.350000,-0.918525
0.900000,1.350000,-0.955944
0.950000,1.350000,-0.996873
1.000000,1.350000,-1.039494
1.050000,1.350000,-1.006708
1.100000,1.350000,-0.977077
1.150000,1.350000,-0.950360
1.200000,1.350000,-0.926359
1.250000,1.350000,-0.893101
1.300000,1.350000,-0.834325
1.350000,1.350000,-0.779957
1.400000,1.350000,-0.729482
1.450000,1.350000,-0.682492
1.500000,1.350000,-0.638659
1.550000,1.350000,-0.597710
1.600000,1.350000,-0.559420
1.650000,1.350000,-0.523599
1.700000,1.350000,-0.490085
1.750000,1.350000,-0.458739
1.800000,1.350000,-0.429441
1.850000,1.350000,-0.402087
1.900000,1.350000,-0.376585
1.950000,1.350000,-0.352856
2.000000,1.350000,-0.330830
2.050000,1.350000,-0.310445
2.100000,1.350000,-0.291646
2.150000,1.350000,-0.274386
2.200000,1.350000,-0.258620
2.250000,1.350000,-0.244313
2.300000,1.350000,-0.231430
2.350000,1.350000,-0.219943
2.400000,1.350000,-0.209828
2.450000,1.350000,-0.201061
2.500000,1.350000,-0.193626
2.550000,1.350000,-0.187507
2.600000,1.350000,-0.182691
2.650000,1.350000,-0.179169
2.700000,1.350000,-0.176933
2.750000,1.350000,-0.175980
2.800000,1.350000,-0.176307
2.850000,1.350000,-0.177915
2.900000,1.350000,-0.180807
2.950000,1.350000,-0.184990
3.000000,1.350000,-0.190470
3.050000,1.350000,-0.197260
3.100000,1.350000,-0.205373
3.150000,1.350000,-0.203071
3.200000,1.350000,-0.174732
3.250000,1.350000,
3.300000,1.350000,
3.350000,1.350000,
3.400000,1.350000,
3.450000,1.350000,
3.500000,1.350000,
-3.500000,1.400000,
-3.450000,1.400000,
-3.400000,1.400000,
-3.350000,1.400000,
-3.300000,1.400000,
-3.250000,1.400000,
-3.200000,1.400000,
-3.150000,1.400000,
-3.100000,1.400000,
-3.050000,1.400000,-0.868119
-3.000000,1.400000,0.481739
-2.950000,1.400000,0.684697
-2.900000,1.400000,0.814543
-2.850000,1.400000,0.915774
-2.800000,1.400000,1.000122
-2.750000,1.400000,1.072818
-2.700000,1.400000,1.136743
-2.650000,1.400000,1.193689
-2.600000,1.400000,1.244859
-2.550000,1.400000,1.291108
-2.500000,1.400000,1.333069
-2.450000,1.400000,1.371223
-2.400000,1.400000,1.405951
-2.350000,1.400000,1.437552
-2.300000,1.400000,1.466273
-2.250000,1.400000,1.492312
-2.200000,1.400000,1.515836
-2.150000,1.400000,1.536983
-2.100000,1.400000,1.555869
-2.050000,1.400000,1.572592
-2.000000,1.400000,1.587232
-1.950000,1.400000,1.599857
-1.900000,1.400000,1.610524
-1.850000,1.400000,1.619279
-1.800000,1.400000,1.626158
-1.750000,1.400000,1.631189
-1.700000,1.400000,1.634392
-1.650000,1.400000,1.635781
-1.600000,1.400000,1.635360
-1.550000,1.400000,1.633128
-1.500000,1.400000,1.629077
-1.450000,1.400000,1.623189
-1.400000,1.400000,1.615442
-1.350000,1.400000,1.605803
-1.300000,1.400000,1.594231
-1.250000,1.400000,1.580676
-1.200000,1.400000,1.565077
-1.150000,1.400000,1.547359
-1.100000,1.400000,1.527434
-1.050000,1.400000,1.505197
-1.000000,1.400000,1.480522
-0.950000,1.400000,1.453258
-0.900000,1.400000,1.423225
-0.850000,1.400000,1.390203
-0.800000,1.400000,1.353923
-0.750000,1.400000,1.314050
-0.700000,1.400000,1.270163
-0.650000,1.400000,1.221715
-0.600000,1.400000,1.167982
-0.550000,1.400000,1.107967
-0.500000,1.400000,1.040234
-0.450000,1.400000,0.962575
-0.400000,1.400000,0.871258
-0.350000,1.400000,0.758931
-0.300000,1.400000,0.606058
-0.250000,1.400000,-0.715885
-0.200000,1.400000,-0.707818
-0.150000,1.400000,-0.701575
-0.100000,1.400000,-0.697134
-0.050000,1.400000,-0.694475
-0.000000,1.400000,-0.693590
0.050000,1.400000,-0.694475
0.100000,1.400000,-0.697134
0.150000,1.400000,-0.701575
0.200000,1.400000,-0.707818
0.250000,1.400000,-0.715885
0.300000,1.400000,-0.725808
0.350000,1.400000,-0.737629
0.400000,1.400000,-0.751396
0.450000,1.400000,-0.767170
0.500000,1.400000,-0.785023
0.550000,1.400000,-0.805040
0.600000,1.400000,-0.827322
0.650000,1.400000,-0.851991
0.700000,1.400000,-0.879190
0.750000,1.400000,-0.909092
0.800000,1.400000,-0.941906
0.850000,1.400000,-0.977883
0.900000,1.400000,-1.017340
0.950000,1.400000,-1.006310
1.000000,1.400000,-0.972280
1.050000,1.400000,-0.941381
1.100000,1.400000,-0.913369
1.150000,1.400000,-0.888046
1.200000,1.400000,-0.865247
1.250000,1.400000,-0.844836
1.300000,1.400000,-0.820801
1.350000,1.400000,-0.766972
1.400000,1.400000,-0.716961
1.450000,1.400000,-0.670375
1.500000,1.400000,-0.626895
1.550000,1.400000,-0.586258
1.600000,1.400000,-0.548246
1.650000,1.400000,-0.512673
1.700000,1.400000,-0.479380
1.750000,1.400000,-0.448234
1.800000,1.400000,-0.419116
1.850000,1.400000,-0.391924
1.900000,1.400000,-0.366570
1.950000,1.400000,-0.342974
2.000000,1.400000,-0.321068
2.050000,1.400000,-0.300792
2.100000,1.400000,-0.282092
2.150000,1.400000,-0.264919
2.200000,1.400000,-0.249233
2.250000,1.400000,-0.234996
2.300000,1.400000,-0.222177
2.350000,1.400000,-0.210746
2.400000,1.400000,-0.200678
2.450000,1.400000,-0.191953
2.500000,1.400000,-0.184553
2.550000,1.400000,-0.178462
2.600000,1.400000,-0.173668
2.650000,1.400000,-0.170162
2.700000,1.400000,-0.167937
2.750000,1.400000,-0.166988
2.800000,1.400000,-0.167314
2.850000,1.400000,-0.168914
2.900000,1.400000,-0.171793
2.950000,1.400000,-0.175956
3.000000,1.400000,-0.181412
3.050000,1.400000,-0.188170
3.100000,1.400000,-0.196245
3.150000,1.400000,-0.182968
3.200000,1.400000,-0.154973
3.250000,1.400000,
3.300000,1.400000,
3.350000,1.400000,
3.400000,1.400000,
3.450000,1.400000,
3.500000,1.400000,
-3.500000,1.450000,
-3.450000,1.450000,
-3.400000,1.450000,
-3.350000,1.450000,
-3.300000,1.450000,
-3.250000,1.450000,
-3.200000,1.450000,
-3.150000,1.450000,
-3.100000,1.450000,
-3.050000,1.450000,0.403968
-3.000000,1.450000,0.655345
-2.950000,1.450000,0.796931
-2.900000,1.450000,0.904772
-2.850000,1.450000,0.993765
-2.800000,1.450000,1.070096
-2.750000,1.450000,1.137054
-2.700000,1.450000,1.196635
-2.650000,1.450000,1.250165
-2.600000,1.450000,1.298574
-2.550000,1.450000,1.342544
-2.500000,1.450000,1.382594
-2.450000,1.450000,1.419129
-2.400000,1.450000,1.452470
-2.350000,1.450000,1.482876
-2.300000,1.450000,1.510561
-2.250000,1.450000,1.535701
-2.200000,1.450000,1.558443
-2.150000,1.450000,1.578911
-2.100000,1.450000,1.597208
-2.050000,1.450000,1.613422
-2.000000,1.450000,1.627627
-1.950000,1.450000,1.639885
-1.900000,1.450000,1.650246
-1.850000,1.450000,1.658754
-1.800000,1.450000,1.665440
-1.750000,1.450000,1.670332
-1.700000,1.450000,1.673447
-1.650000,1.450000,1.674797
-1.600000,1.450000,1.674388
-1.550000,1.450000,1.672218
-1.500000,1.450000,1.668278
-1.450000,1.450000,1.662554
-1.400000,1.450000,1.655025
-1.350000,1.450000,1.645660
-1.300000,1.450000,1.634422
-1.250000,1.450000,1.621266
-1.200000,1.450000,1.606134
-1.150000,1.450000,1.588961
-1.100000,1.450000,1.569666
-1.050000,1.450000,1.548155
-1.000000,1.450000,1.524314
-0.950000,1.450000,1.498010
-0.900000,1.450000,1.469083
-0.850000,1.450000,1.437341
-0.800000,1.450000,1.402550
-0.750000,1.450000,1.364424
-0.700000,1.450000,1.322607
-0.650000,1.450000,1.276645
-0.600000,1.450000,1.225952
-0.550000,1.450000,1.169742
-0.500000,1.450000,1.106926
-0.450000,1.450000,1.035915
-0.400000,1.450000,0.954221
-0.350000,1.450000,0.857525
-0.300000,1.450000,0.736908
-0.250000,1.450000,0.565781
-0.200000,1.450000,-0.759724
-0.150000,1.450000,-0.753242
-0.100000,1.450000,-0.748632
-0.050000,1.450000,-0.745873
-0.000000,1.450000,-0.744954
0.050000,1.450000,-0.745873
0.100000,1.450000,-0.748632
0.150000,1.450000,-0.753242
0.200000,1.450000,-0.759724
0.250000,1.450000,-0.768104
0.300000,1.450000,-0.778418
0.350000,1.450000,-0.790711
0.400000,1.450000,-0.805040
0.450000,1.450000,-0.821472
0.500000,1.450000,-0.840090
0.550000,1.450000,-0.860992
0.600000,1.450000,-0.884294
0.650000,1.450000,-0.910137
0.700000,1.450000,-0.938690
0.750000,1.450000,-0.970157
0.800000,1.450000,-1.004787
0.850000,1.450000,-1.017311
0.900000,1.450000,-0.978514
0.950000,1.450000,-0.943149
1.000000,1.450000,-0.910913
1.050000,1.450000,-0.881558
1.100000,1.450000,-0.854883
1.150000,1.450000,-0.830718
1.200000,1.450000,-0.808925
1.250000,1.450000,-0.789385
1.300000,1.450000,-0.772000
1.350000,1.450000,-0.755929
1.400000,1.450000,-0.706306
1.450000,1.450000,-0.660058
1.500000,1.450000,-0.616875
1.550000,1.450000,-0.576500
1.600000,1.450000,-0.538721
1.650000,1.450000,-0.503356
1.700000,1.450000,-0.470251
1.750000,1.450000,-0.439273
1.800000,1.450000,-0.410307
1.850000,1.450000,-0.383252
1.900000,1.450000,-0.358022
1.950000,1.450000,-0.334539
2.000000,1.450000,-0.312735
2.050000,1.450000,-0.292551
2.100000,1.450000,-0.273933
2.150000,1.450000,-0.256836
2.200000,1.450000,-0.241217
2.250000,1.450000,-0.227040
2.300000,1.450000,-0.214274
2.350000,1.450000,-0.202889
2.400000,1.450000,-0.192863
2.450000,1.450000,-0.184173
2.500000,1.450000,-0.176802
2.550000,1.450000,-0.170735
2.600000,1.450000,-0.165961
2.650000,1.450000,-0.162468
2.700000,1.450000,-0.160252
2.750000,1.450000,-0.159306
2.800000,1.450000,-0.159631
2.850000,1.450000,-0.161225
2.900000,1.450000,-0.164093
2.950000,1.450000,-0.168240
3.000000,1.450000,-0.173673
3.050000,1.450000,-0.180405
3.100000,1.450000,-0.188447
3.150000,1.450000,-0.164624
3.200000,1.450000,
3.250000,1.450000,
3.300000,1.450000,
3.350000,1.450000,
3.400000,1.450000,
3.450000,1.450000,
3.500000,1.450000,
-3.500000,1.500000,
-3.450000,1.500000,
-3.400000,1.500000,
-3.350000,1.500000,
-3.300000,1.500000,
-3.250000,1.500000,
-3.200000,1.500000,
-3.150000,1.500000,
-3.100000,1.500000,
-3.050000,1.500000,0.609909
-3.000000,1.500000,0.769121
-2.950000,1.500000,0.885721
-2.900000,1.500000,0.980508
-2.850000,1.500000,1.061199
-2.800000,1.500000,1.131689
-2.750000,1.500000,1.194272
-2.700000,1.500000,1.250440
-2.650000,1.500000,1.301225
-2.600000,1.500000,1.347376
-2.550000,1.500000,1.389459
-2.500000,1.500000,1.427910
-2.450000,1.500000,1.463077
-2.400000,1.500000,1.495238
-2.350000,1.500000,1.524622
-2.300000,1.500000,1.551417
-2.250000,1.500000,1.575780
-2.200000,1.500000,1.597845
-2.150000,1.500000,1.617721
-2.100000,1.500000,1.635505
-2.050000,1.500000,1.651275
-2.000000,1.500000,1.665099
-1.950000,1.500000,1.677034
-1.900000,1.500000,1.687127
-1.850000,1.500000,1.695416
-1.800000,1.500000,1.701934
-1.750000,1.500000,1.706702
-1.700000,1.500000,1.709740
-1.650000,1.500000,1.711057
-1.600000,1.500000,1.710658
-1.550000,1.500000,1.708542
-1.500000,1.500000,1.704701
-1.450000,1.500000,1.699121
-1.400000,1.500000,1.691783
-1.350000,1.500000,1.682659
-1.300000,1.500000,1.671714
-1.250000,1.500000,1.658907
-1.200000,1.500000,1.644185
-1.150000,1.500000,1.627488
-1.100000,1.500000,1.608741
-1.050000,1.500000,1.587860
-1.000000,1.500000,1.564741
-0.950000,1.500000,1.539264
-0.900000,1.500000,1.511287
-0.850000,1.500000,1.480637
-0.800000,1.500000,1.447108
-0.750000,1.500000,1.410452
-0.700000,1.500000,1.370359
-0.650000,1.500000,1.326445
-0.600000,1.500000,1.278219
-0.550000,1.500000,1.225038
-0.500000,1.500000,1.166036
-0.450000,1.500000,1.099998
-0.400000,1.500000,1.025119
-0.350000,1.500000,0.938506
-0.300000,1.500000,0.834937
-0.250000,1.500000,0.702839
-0.200000,1.500000,0.499958
-0.150000,1.500000,-0.808887
-0.100000,1.500000,-0.804080
-0.050000,1.500000,-0.801203
-0.000000,1.500000,-0.800246
0.050000,1.500000,-0.801203
0.100000,1.500000,-0.804080
0.150000,1.500000,-0.808887
0.200000,1.500000,-0.815649
0.250000,1.500000,-0.824394
0.300000,1.500000,-0.835164
0.350000,1.500000,-0.848012
0.400000,1.500000,-0.863000
0.450000,1.500000,-0.880209
0.500000,1.500000,-0.899733
0.550000,1.500000,-0.921687
0.600000,1.500000,-0.946207
0.650000,1.500000,-0.973462
0.700000,1.500000,-1.003653
0.750000,1.500000,-1.037029
0.800000,1.500000,-0.995963
0.850000,1.500000,-0.955715
0.900000,1.500000,-0.918926
0.950000,1.500000,-0.885283
1.000000,1.500000,-0.854534
1.050000,1.500000,-0.826469
1.100000,1.500000,-0.800917
1.150000,1.500000,-0.777732
1.200000,1.500000,-0.756793
1.250000,1.500000,-0.737996
1.300000,1.500000,-0.721255
1.350000,1.500000,-0.706496
1.400000,1.500000,-0.693657
1.450000,1.500000,-0.651504
1.500000,1.500000,-0.608564
1.550000,1.500000,-0.568405
1.600000,1.500000,-0.530817
1.650000,1.500000,-0.495623
1.700000,1.500000,-0.462672
1.750000,1.500000,-0.431832
1.800000,1.500000,-0.402991
1.850000,1.500000,-0.376049
1.900000,1.500000,-0.350921
1.950000,1.500000,-0.327530
2.000000,1.500000,-0.305810
2.050000,1.500000,-0.285702
2.100000,1.500000,-0.267153
2.150000,1.500000,-0.250117
2.200000,1.500000,-0.234553
2.250000,1.500000,-0.220426
2.300000,1.500000,-0.207704
2.350000,1.500000,-0.196358
2.400000,1.500000,-0.186365
2.450000,1.500000,-0.177705
2.500000,1.500000,-0.170358
2.550000,1.500000,-0.164311
2.600000,1.500000,-0.159552
2.650000,1.500000,-0.156071
2.700000,1.500000,-0.153862
2.750000,1.500000,-0.152919
2.800000,1.500000,-0.153243
2.850000,1.500000,-0.154832
2.900000,1.500000,-0.157690
2.950000,1.500000,-0.161824
3.000000,1.500000,-0.167239
3.050000,1.500000,-0.173949
3.100000,1.500000,-0.177381
3.150000,1.500000,-0.147979
3.200000,1.500000,
3.250000,1.500000,
3.300000,1.500000,
3.350000,1.500000,
3.400000,1.500000,
3.450000,1.500000,
3.500000,1.500000,
-3.500000,1.550000,
-3.450000,1.550000,
-3.400000,1.550000,
-3.350000,1.550000,
-3.300000,1.550000,
-3.250000,1.550000,
-3.200000,1.550000,
-3.150000,1.550000,
-3.100000,1.550000,0.487340
-3.050000,1.550000,0.729329
-3.000000,1.550000,0.857860
-2.950000,1.550000,0.959962
-2.900000,1.550000,1.045918
-2.850000,1.550000,1.120543
-2.800000,1.550000,1.186560
-2.750000,1.550000,1.245689
-2.700000,1.550000,1.299098
-2.650000,1.550000,1.347627
-2.600000,1.550000,1.391898
-2.550000,1.550000,1.432393
-2.500000,1.550000,1.469487
-2.450000,1.550000,1.503485
-2.400000,1.550000,1.534632
-2.350000,1.550000,1.563132
-2.300000,1.550000,1.589155
-2.250000,1.550000,1.612842
-2.200000,1.550000,1.634314
-2.150000,1.550000,1.653673
-2.100000,1.550000,1.671006
-2.050000,1.550000,1.686385
-2.000000,1.550000,1.699874
-1.950000,1.550000,1.711524
-1.900000,1.550000,1.721380
-1.850000,1.550000,1.729477
-1.800000,1.550000,1.735845
-1.750000,1.550000,1.740505
-1.700000,1.550000,1.743473
-1.650000,1.550000,1.744760
-1.600000,1.550000,1.744370
-1.550000,1.550000,1.742302
-1.500000,1.550000,1.738548
-1.450000,1.550000,1.733096
-1.400000,1.550000,1.725927
-1.350000,1.550000,1.717016
-1.300000,1.550000,1.706331
-1.250000,1.550000,1.693831
-1.200000,1.550000,1.679470
-1.150000,1.550000,1.663191
-1.100000,1.550000,1.644925
-1.050000,1.550000,1.624595
-1.000000,1.550000,1.602106
-0.950000,1.550000,1.577349
-0.900000,1.550000,1.550193
-0.850000,1.550000,1.520485
-0.800000,1.550000,1.488039
-0.750000,1.550000,1.452635
-0.700000,1.550000,1.414000
-0.650000,1.550000,1.371801
-0.600000,1.550000,1.325617
-0.550000,1.550000,1.274906
-0.500000,1.550000,1.218957
-0.450000,1.550000,1.156797
-0.400000,1.550000,1.087036
-0.350000,1.550000,1.007568
-0.300000,1.550000,0.914904
-0.250000,1.550000,0.802400
-0.200000,1.550000,0.653660
-0.150000,1.550000,0.371668
-0.100000,1.550000,-0.864006
-0.050000,1.550000,-0.860992
-0.000000,1.550000,-0.859988
0.050000,1.550000,-0.860992
0.100000,1.550000,-0.864006
0.150000,1.550000,-0.869047
0.200000,1.550000,-0.876139
0.250000,1.550000,-0.885317
0.300000,1.550000,-0.896630
0.350000,1.550000,-0.910137
0.400000,1.550000,-0.925914
0.450000,1.550000,-0.944054
0.500000,1.550000,-0.964669
0.550000,1.550000,-0.987896
0.600000,1.550000,-1.013902
0.650000,1.550000,-1.042890
0.700000,1.550000,-1.025169
0.750000,1.550000,-0.979438
0.800000,1.550000,-0.937621
0.850000,1.550000,-0.899314
0.900000,1.550000,-0.864191
0.950000,1.550000,-0.831990
1.000000,1.550000,-0.802495
1.050000,1.550000,-0.775526
1.100000,1.550000,-0.750933
1.150000,1.550000,-0.728588
1.200000,1.550000,-0.708383
1.250000,1.550000,-0.690228
1.300000,1.550000,-0.674045
1.350000,1.550000,-0.659766
1.400000,1.550000,-0.647338
1.450000,1.550000,-0.636712
1.500000,1.550000,-0.601935
1.550000,1.550000,-0.561946
1.600000,1.550000,-0.524509
1.650000,1.550000,-0.489451
1.700000,1.550000,-0.456621
1.750000,1.550000,-0.425891
1.800000,1.550000,-0.397148
1.850000,1.550000,-0.370296
1.900000,1.550000,-0.345249
1.950000,1.550000,-0.321932
2.000000,1.550000,-0.300278
2.050000,1.550000,-0.280230
2.100000,1.550000,-0.261736
2.150000,1.550000,-0.244749
2.200000,1.550000,-0.229229
2.250000,1.550000,-0.215141
2.300000,1.550000,-0.202454
2.350000,1.550000,-0.191139
2.400000,1.550000,-0.181173
2.450000,1.550000,-0.172535
2.500000,1.550000,-0.165208
2.550000,1.550000,-0.159177
2.600000,1.550000,-0.154430
2.650000,1.550000,-0.150958
2.700000,1.550000,-0.148754
2.750000,1.550000,-0.147814
2.800000,1.550000,-0.148137
2.850000,1.550000,-0.149722
2.900000,1.550000,-0.152573
2.950000,1.550000,-0.156696
3.000000,1.550000,-0.162097
3.050000,1.550000,-0.168789
3.100000,1.550000,-0.162119
3.150000,1.550000,
3.200000,1.550000,
3.250000,1.550000,
3.300000,1.550000,
3.350000,1.550000,
3.400000,1.550000,
3.450000,1.550000,
3.500000,1.550000,
-3.500000,1.600000,
-3.450000,1.600000,
-3.400000,1.600000,
-3.350000,1.600000,
-3.300000,1.600000,
-3.250000,1.600000,
-3.200000,1.600000,
-3.150000,1.600000,
-3.100000,1.600000,0.282843
-3.050000,1.600000,0.622495
-3.000000,1.600000,0.830662
-2.950000,1.600000,0.993730
-2.900000,1.600000,1.103389
-2.850000,1.600000,1.173364
-2.800000,1.600000,1.235837
-2.750000,1.600000,1.292165
-2.700000,1.600000,1.343299
-2.650000,1.600000,1.389941
-2.600000,1.600000,1.432625
-2.550000,1.600000,1.471767
-2.500000,1.600000,1.507697
-2.450000,1.600000,1.540686
-2.400000,1.600000,1.570954
-2.350000,1.600000,1.598685
-2.300000,1.600000,1.624033
-2.250000,1.600000,1.647127
-2.200000,1.600000,1.668079
-2.150000,1.600000,1.686982
-2.100000,1.600000,1.703917
-2.050000,1.600000,1.718951
-2.000000,1.600000,1.732142
-1.950000,1.600000,1.743540
-1.900000,1.600000,1.753186
-1.850000,1.600000,1.761112
-1.800000,1.600000,1.767347
-1.750000,1.600000,1.771910
-1.700000,1.600000,1.774817
-1.650000,1.600000,1.776078
-1.600000,1.600000,1.775696
-1.550000,1.600000,1.773670
-1.500000,1.600000,1.769994
-1.450000,1.600000,1.764656
-1.400000,1.600000,1.757637
-1.350000,1.600000,1.748915
-1.300000,1.600000,1.738459
-1.250000,1.600000,1.726232
-1.200000,1.600000,1.712190
-1.150000,1.600000,1.696280
-1.100000,1.600000,1.678439
-1.050000,1.600000,1.658593
-1.000000,1.600000,1.636657
-0.950000,1.600000,1.612530
-0.900000,1.600000,1.586091
-0.850000,1.600000,1.557201
-0.800000,1.600000,1.525692
-0.750000,1.600000,1.491365
-0.700000,1.600000,1.453977
-0.650000,1.600000,1.413234
-0.600000,1.600000,1.368767
-0.550000,1.600000,1.320110
-0.500000,1.600000,1.266660
-0.450000,1.600000,1.207612
-0.400000,1.600000,1.141851
-0.350000,1.600000,1.067751
-0.300000,1.600000,0.982774
-0.250000,1.600000,0.882529
-0.200000,1.600000,0.757994
-0.150000,1.600000,0.582666
-0.100000,1.600000,-0.929095
-0.050000,1.600000,-0.925914
-0.000000,1.600000,-0.924856
0.050000,1.600000,-0.925914
0.100000,1.600000,-0.929095
0.150000,1.600000,-0.934416
0.200000,1.600000,-0.941906
0.250000,1.600000,-0.951607
0.300000,1.600000,-0.963575
0.350000,1.600000,-0.977883
0.400000,1.600000,-0.994622
0.450000,1.600000,-1.013902
0.500000,1.600000,-1.035861
0.550000,1.600000,-1.060668
0.600000,1.600000,-1.067122
0.650000,1.600000,-1.015044
0.700000,1.600000,-0.967525
0.750000,1.600000,-0.924017
0.800000,1.600000,-0.884092
0.850000,1.600000,-0.847410
0.900000,1.600000,-0.813695
0.950000,1.600000,-0.782720
1.000000,1.600000,-0.754298
1.050000,1.600000,-0.728270
1.100000,1.600000,-0.704504
1.150000,1.600000,-0.682887
1.200000,1.600000,-0.663321
1.250000,1.600000,-0.645726
1.300000,1.600000,-0.630029
1.350000,1.600000,-0.616172
1.400000,1.600000,-0.604103
1.450000,1.600000,-0.593781
1.500000,1.600000,-0.585168
1.550000,1.600000,-0.557103
1.600000,1.600000,-0.519779
1.650000,1.600000,-0.484822
1.700000,1.600000,-0.452082
1.750000,1.600000,-0.421434
1.800000,1.600000,-0.392765
1.850000,1.600000,-0.365980
1.900000,1.600000,-0.340993
1.950000,1.600000,-0.317731
2.000000,1.600000,-0.296127
2.050000,1.600000,-0.276124
2.100000,1.600000,-0.257669
2.150000,1.600000,-0.240719
2.200000,1.600000,-0.225233
2.250000,1.600000,-0.211174
2.300000,1.600000,-0.198513
2.350000,1.600000,-0.187221
2.400000,1.600000,-0.177275
2.450000,1.600000,-0.168654
2.500000,1.600000,-0.161341
2.550000,1.600000,-0.155322
2.600000,1.600000,-0.150584
2.650000,1.600000,-0.147119
2.700000,1.600000,-0.144920
2.750000,1.600000,-0.143982
2.800000,1.600000,-0.144303
2.850000,1.600000,-0.145886
2.900000,1.600000,-0.148731
2.950000,1.600000,-0.152846
3.000000,1.600000,-0.158237
3.050000,1.600000,-0.164915
3.100000,1.600000,-0.148496
3.150000,1.600000,
3.200000,1.600000,
3.250000,1.600000,
3.300000,1.600000,
3.350000,1.600000,
3.400000,1.600000,
3.450000,1.600000,
3.500000,1.600000,
-3.500000,1.650000,
-3.450000,1.650000,
-3.400000,1.650000,
-3.350000,1.650000,
-3.300000,1.650000,
-3.250000,1.650000,
-3.200000,1.650000,
-3.150000,1.650000,
-3.100000,1.650000,
-3.050000,1.650000,0.474342
-3.000000,1.650000,0.726292
-2.950000,1.650000,0.908295
-2.900000,1.650000,1.057119
-2.850000,1.650000,1.185327
-2.800000,1.650000,1.280326
-2.750000,1.650000,1.334337
-2.700000,1.650000,1.383565
-2.650000,1.650000,1.428610
-2.600000,1.650000,1.469938
-2.550000,1.650000,1.507916
-2.500000,1.650000,1.542839
-2.450000,1.650000,1.574951
-2.400000,1.650000,1.604452
-2.350000,1.650000,1.631509
-2.300000,1.650000,1.656263
-2.250000,1.650000,1.678836
-2.200000,1.650000,1.699328
-2.150000,1.650000,1.717828
-2.100000,1.650000,1.734410
-2.050000,1.650000,1.749137
-2.000000,1.650000,1.762065
-1.950000,1.650000,1.773239
-1.900000,1.650000,1.782697
-1.850000,1.650000,1.790471
-1.800000,1.650000,1.796587
-1.750000,1.650000,1.801064
-1.700000,1.650000,1.803916
-1.650000,1.650000,1.805153
-1.600000,1.650000,1.804779
-1.550000,1.650000,1.802791
-1.500000,1.650000,1.799184
-1.450000,1.650000,1.793947
-1.400000,1.650000,1.787062
-1.350000,1.650000,1.778508
-1.300000,1.650000,1.768257
-1.250000,1.650000,1.756272
-1.200000,1.650000,1.742514
-1.150000,1.650000,1.726931
-1.100000,1.650000,1.709466
-1.050000,1.650000,1.690049
-1.000000,1.650000,1.668601
-0.950000,1.650000,1.645027
-0.900000,1.650000,1.619217
-0.850000,1.650000,1.591043
-0.800000,1.650000,1.560350
-0.750000,1.650000,1.526958
-0.700000,1.650000,1.490647
-0.650000,1.650000,1.451151
-0.600000,1.650000,1.408145
-0.550000,1.650000,1.361219
-0.500000,1.650000,1.309852
-0.450000,1.650000,1.253358
-0.400000,1.650000,1.190812
-0.350000,1.650000,1.120904
-0.300000,1.650000,1.041679
-0.250000,1.650000,0.949965
-0.200000,1.650000,0.839930
-0.150000,1.650000,0.698175
-0.100000,1.650000,0.469305
-0.050000,1.650000,-0.996873
-0.000000,1.650000,-0.995747
0.050000,1.650000,-0.996873
0.100000,1.650000,-1.000258
0.150000,1.650000,-1.005922
0.200000,1.650000,-1.013902
0.250000,1.650000,-1.024248
0.300000,1.650000,-1.037029
0.350000,1.650000,-1.052334
0.400000,1.650000,-1.070275
0.450000,1.650000,-1.090990
0.500000,1.650000,-1.114655
0.550000,1.650000,-1.063748
0.600000,1.650000,-1.009552
0.650000,1.650000,-0.960082
0.700000,1.650000,-0.914749
0.750000,1.650000,-0.873099
0.800000,1.650000,-0.834769
0.850000,1.650000,-0.799469
0.900000,1.650000,-0.766958
0.950000,1.650000,-0.737038
1.000000,1.650000,-0.709544
1.050000,1.650000,-0.684334
1.100000,1.650000,-0.661290
1.150000,1.650000,-0.640308
1.200000,1.650000,-0.621303
1.250000,1.650000,-0.604199
1.300000,1.650000,-0.588931
1.350000,1.650000,-0.575446
1.400000,1.650000,-0.563695
1.450000,1.650000,-0.553641
1.500000,1.650000,-0.545249
1.550000,1.650000,-0.538495
1.600000,1.650000,-0.516613
1.650000,1.650000,-0.481722
1.700000,1.650000,-0.449044
1.750000,1.650000,-0.418449
1.800000,1.650000,-0.389830
1.850000,1.650000,-0.363089
1.900000,1.650000,-0.338143
1.950000,1.650000,-0.314917
2.000000,1.650000,-0.293346
2.050000,1.650000,-0.273373
2.100000,1.650000,-0.254946
2.150000,1.650000,-0.238020
2.200000,1.650000,-0.222555
2.250000,1.650000,-0.208516
2.300000,1.650000,-0.195872
2.350000,1.650000,-0.184596
2.400000,1.650000,-0.174663
2.450000,1.650000,-0.166054
2.500000,1.650000,-0.158751
2.550000,1.650000,-0.152739
2.600000,1.650000,-0.148008
2.650000,1.650000,-0.144547
2.700000,1.650000,-0.142351
2.750000,1.650000,-0.141414
2.800000,1.650000,-0.141735
2.850000,1.650000,-0.143315
2.900000,1.650000,-0.146157
2.950000,1.650000,-0.150266
3.000000,1.650000,-0.155650
3.050000,1.650000,-0.162320
3.100000,1.650000,
3.150000,1.650000,
3.200000,1.650000,
3.250000,1.650000,
3.300000,1.650000,
3.350000,1.650000,
3.400000,1.650000,
3.450000,1.650000,
3.500000,1.650000,
-3.500000,1.700000,
-3.450000,1.700000,
-3.400000,1.700000,
-3.350000,1.700000,
-3.300000,1.700000,
-3.250000,1.700000,
-3.200000,1.700000,
-3.150000,1.700000,
-3.100000,1.700000,
-3.050000,1.700000,0.239792
-3.000000,1.700000,0.600000
-2.950000,1.700000,0.810864
-2.900000,1.700000,0.974679
-2.850000,1.700000,1.112430
-2.800000,1.700000,1.232883
-2.750000,1.700000,1.340709
-2.700000,1.700000,1.420304
-2.650000,1.700000,1.463983
-2.600000,1.700000,1.504143
-2.550000,1.700000,1.541112
-2.500000,1.700000,1.575159
-2.450000,1.700000,1.606504
-2.400000,1.700000,1.635331
-2.350000,1.700000,1.661795
-2.300000,1.700000,1.686026
-2.250000,1.700000,1.708137
-2.200000,1.700000,1.728222
-2.150000,1.700000,1.746364
-2.100000,1.700000,1.762632
-2.050000,1.700000,1.777087
-2.000000,1.700000,1.789779
-1.950000,1.700000,1.800753
-1.900000,1.700000,1.810044
-1.850000,1.700000,1.817682
-1.800000,1.700000,1.823692
-1.750000,1.700000,1.828092
-1.700000,1.700000,1.830896
-1.650000,1.700000,1.832111
-1.600000,1.700000,1.831743
-1.550000,1.700000,1.829789
-1.500000,1.700000,1.826244
-1.450000,1.700000,1.821098
-1.400000,1.700000,1.814333
-1.350000,1.700000,1.805929
-1.300000,1.700000,1.795860
-1.250000,1.700000,1.784092
-1.200000,1.700000,1.770585
-1.150000,1.700000,1.755294
-1.100000,1.700000,1.738162
-1.050000,1.700000,1.719126
-1.000000,1.700000,1.698109
-0.950000,1.700000,1.675025
-0.900000,1.700000,1.649770
-0.850000,1.700000,1.622224
-0.800000,1.700000,1.592247
-0.750000,1.700000,1.559670
-0.700000,1.700000,1.524294
-0.650000,1.700000,1.485877
-0.600000,1.700000,1.444126
-0.550000,1.700000,1.398676
-0.500000,1.700000,1.349066
-0.450000,1.700000,1.294702
-0.400000,1.700000,1.234794
-0.350000,1.700000,1.168254
-0.300000,1.700000,1.093507
-0.250000,1.700000,1.008118
-0.200000,1.700000,0.907935
-0.150000,1.700000,0.784651
-0.100000,1.700000,0.615381
-0.050000,1.700000,-1.075112
-0.000000,1.700000,-1.073900
0.050000,1.700000,-1.075112
0.100000,1.700000,-1.078754
0.150000,1.700000,-1.084854
0.200000,1.700000,-1.093455
0.250000,1.700000,-1.104623
0.300000,1.700000,-1.118443
0.350000,1.700000,-1.135030
0.400000,1.700000,-1.154528
0.450000,1.700000,-1.127499
0.500000,1.700000,-1.065167
0.550000,1.700000,-1.008625
0.600000,1.700000,-0.957021
0.650000,1.700000,-0.909717
0.700000,1.700000,-0.866222
0.750000,1.700000,-0.826147
0.800000,1.700000,-0.789180
0.850000,1.700000,-0.755068
0.900000,1.700000,-0.723600
0.950000,1.700000,-0.694597
1.000000,1.700000,-0.667913
1.050000,1.700000,-0.643419
1.100000,1.700000,-0.621009
1.150000,1.700000,-0.600588
1.200000,1.700000,-0.582077
1.250000,1.700000,-0.565407
1.300000,1.700000,-0.499827
1.350000,1.700000,-0.432697
1.400000,1.700000,-0.383220
1.450000,1.700000,-0.345203
1.500000,1.700000,-0.315765
1.550000,1.700000,-0.293321
1.600000,1.700000,-0.276915
1.650000,1.700000,-0.265960
1.700000,1.700000,-0.260106
1.750000,1.700000,-0.259176
1.800000,1.700000,-0.263144
1.850000,1.700000,-0.272128
1.900000,1.700000,-0.286405
1.950000,1.700000,-0.306463
2.000000,1.700000,-0.291930
2.050000,1.700000,-0.271972
2.100000,1.700000,-0.253559
2.150000,1.700000,-0.236645
2.200000,1.700000,-0.221192
2.250000,1.700000,-0.207163
2.300000,1.700000,-0.194528
2.350000,1.700000,-0.183259
2.400000,1.700000,-0.173333
2.450000,1.700000,-0.164730
2.500000,1.700000,-0.157431
2.550000,1.700000,-0.151424
2.600000,1.700000,-0.146696
2.650000,1.700000,-0.143237
2.700000,1.700000,-0.141042
2.750000,1.700000,-0.140106
2.800000,1.700000,-0.140427
2.850000,1.700000,-0.142006
2.900000,1.700000,-0.144846
2.950000,1.700000,-0.148953
3.000000,1.700000,-0.154333
3.050000,1.700000,-0.156530
3.100000,1.700000,
3.150000,1.700000,
3.200000,1.700000,
3.250000,1.700000,
3.300000,1.700000,
3.350000,1.700000,
3.400000,1.700000,
3.450000,1.700000,
3.500000,1.700000,
-3.500000,1.750000,
-3.450000,1.750000,
-3.400000,1.750000,
-3.350000,1.750000,
-3.300000,1.750000,
-3.250000,1.750000,
-3.200000,1.750000,
-3.150000,1.750000,
-3.100000,1.750000,
-3.050000,1.750000,
-3.000000,1.750000,0.433013
-2.950000,1.750000,0.696419
-2.900000,1.750000,0.881760
-2.850000,1.750000,1.031988
-2.800000,1.750000,1.160819
-2.750000,1.750000,1.274755
-2.700000,1.750000,1.377498
-2.650000,1.750000,1.471394
-2.600000,1.750000,1.535488
-2.550000,1.750000,1.571578
-2.500000,1.750000,1.604858
-2.450000,1.750000,1.635529
-2.400000,1.750000,1.663763
-2.350000,1.750000,1.689703
-2.300000,1.750000,1.713471
-2.250000,1.750000,1.735173
-2.200000,1.750000,1.754896
-2.150000,1.750000,1.772719
-2.100000,1.750000,1.788708
-2.050000,1.750000,1.802920
-2.000000,1.750000,1.815402
-1.950000,1.750000,1.826197
-1.900000,1.750000,1.835339
-1.850000,1.750000,1.842855
-1.800000,1.750000,1.848771
-1.750000,1.750000,1.853102
-1.700000,1.750000,1.855861
-1.650000,1.750000,1.857058
-1.600000,1.750000,1.856696
-1.550000,1.750000,1.854772
-1.500000,1.750000,1.851283
-1.450000,1.750000,1.846217
-1.400000,1.750000,1.839560
-1.350000,1.750000,1.831290
-1.300000,1.750000,1.821384
-1.250000,1.750000,1.809808
-1.200000,1.750000,1.796527
-1.150000,1.750000,1.781495
-1.100000,1.750000,1.764661
-1.050000,1.750000,1.745962
-1.000000,1.750000,1.725329
-0.950000,1.750000,1.702678
-0.900000,1.750000,1.677914
-0.850000,1.750000,1.650923
-0.800000,1.750000,1.621575
-0.750000,1.750000,1.589713
-0.700000,1.750000,1.555154
-0.650000,1.750000,1.517676
-0.600000,1.750000,1.477010
-0.550000,1.750000,1.432828
-0.500000,1.750000,1.384716
-0.450000,1.750000,1.332151
-0.400000,1.750000,1.274443
-0.350000,1.750000,1.210663
-0.300000,1.750000,1.139501
-0.250000,1.750000,1.059003
-0.200000,1.750000,0.966010
-0.150000,1.750000,0.854755
-0.100000,1.750000,0.712133
-0.050000,1.750000,0.486266
-0.000000,1.750000,-1.161116
0.050000,1.750000,-1.162440
0.100000,1.750000,-1.166420
0.150000,1.750000,-1.173093
0.200000,1.750000,-1.182516
0.250000,1.750000,-1.194773
0.300000,1.750000,-1.209983
0.350000,1.750000,-1.209493
0.400000,1.750000,-1.136698
0.450000,1.750000,-1.071398
0.500000,1.750000,-1.012251
0.550000,1.750000,-0.958308
0.600000,1.750000,-0.908867
0.650000,1.750000,-0.863392
0.700000,1.750000,-0.821461
0.750000,1.750000,-0.782738
0.800000,1.750000,-0.746950
0.850000,1.750000,-0.713871
0.900000,1.750000,-0.683312
0.950000,1.750000,-0.655113
1.000000,1.750000,-0.629141
1.050000,1.750000,-0.605279
1.100000,1.750000,-0.548638
1.150000,1.750000,-0.438832
1.200000,1.750000,-0.363268
1.250000,1.750000,-0.304991
1.300000,1.750000,-0.258077
1.350000,1.750000,-0.219620
1.400000,1.750000,-0.187945
1.450000,1.750000,-0.161992
1.500000,1.750000,-0.141055
1.550000,1.750000,-0.124647
1.600000,1.750000,-0.112428
1.650000,1.750000,-0.104169
1.700000,1.750000,-0.099723
1.750000,1.750000,-0.099015
1.800000,1.750000,-0.102033
1.850000,1.750000,-0.108828
1.900000,1.750000,-0.119518
1.950000,1.750000,-0.134299
2.000000,1.750000,-0.153464
2.050000,1.750000,-0.177439
2.100000,1.750000,-0.206835
2.150000,1.750000,-0.236592
2.200000,1.750000,-0.221139
2.250000,1.750000,-0.207111
2.300000,1.750000,-0.194476
2.350000,1.750000,-0.183207
2.400000,1.750000,-0.173282
2.450000,1.750000,-0.164679
2.500000,1.750000,-0.157381
2.550000,1.750000,-0.151373
2.600000,1.750000,-0.146645
2.650000,1.750000,-0.143187
2.700000,1.750000,-0.140992
2.750000,1.750000,-0.140056
2.800000,1.750000,-0.140377
2.850000,1.750000,-0.141956
2.900000,1.750000,-0.144796
2.950000,1.750000,-0.148902
3.000000,1.750000,-0.154282
3.050000,1.750000,
3.100000,1.750000,
3.150000,1.750000,
3.200000,1.750000,
3.250000,1.750000,
3.300000,1.750000,
3.350000,1.750000,
3.400000,1.750000,
3.450000,1.750000,
3.500000,1.750000,
-3.500000,1.800000,
-3.450000,1.800000,
-3.400000,1.800000,
-3.350000,1.800000,
-3.300000,1.800000,
-3.250000,1.800000,
-3.200000,1.800000,
-3.150000,1.800000,
-3.100000,1.800000,
-3.050000,1.800000,
-3.000000,1.800000,0.100000
-2.950000,1.800000,0.554527
-2.900000,1.800000,0.774597
-2.850000,1.800000,0.942072
-2.800000,1.800000,1.081665
-2.750000,1.800000,1.203121
-2.700000,1.800000,1.311488
-2.650000,1.800000,1.409787
-2.600000,1.800000,1.500000
-2.550000,1.800000,1.583509
-2.500000,1.800000,1.632105
-2.450000,1.800000,1.662184
-2.400000,1.800000,1.689894
-2.350000,1.800000,1.715370
-2.300000,1.800000,1.738728
-2.250000,1.800000,1.760065
-2.200000,1.800000,1.779467
-2.150000,1.800000,1.797007
-2.100000,1.800000,1.812747
-2.050000,1.800000,1.826741
-2.000000,1.800000,1.839036
-1.950000,1.800000,1.849671
-1.900000,1.800000,1.858679
-1.850000,1.800000,1.866087
-1.800000,1.800000,1.871917
-1.750000,1.800000,1.876186
-1.700000,1.800000,1.878907
-1.650000,1.800000,1.880087
-1.600000,1.800000,1.879729
-1.550000,1.800000,1.877833
-1.500000,1.800000,1.874394
-1.450000,1.800000,1.869400
-1.400000,1.800000,1.862838
-1.350000,1.800000,1.854689
-1.300000,1.800000,1.844928
-1.250000,1.800000,1.833526
-1.200000,1.800000,1.820446
-1.150000,1.800000,1.805645
-1.100000,1.800000,1.789076
-1.050000,1.800000,1.770678
-1.000000,1.800000,1.750386
-0.950000,1.800000,1.728120
-0.900000,1.800000,1.703790
-0.850000,1.800000,1.677290
-0.800000,1.800000,1.648496
-0.750000,1.800000,1.617264
-0.700000,1.800000,1.583420
-0.650000,1.800000,1.546762
-0.600000,1.800000,1.507040
-0.550000,1.800000,1.463954
-0.500000,1.800000,1.417131
-0.450000,1.800000,1.366097
-0.400000,1.800000,1.310245
-0.350000,1.800000,1.248762
-0.300000,1.800000,1.180529
-0.250000,1.800000,1.103923
-0.200000,1.800000,1.016426
-0.150000,1.800000,0.913722
-0.100000,1.800000,0.787101
-0.050000,1.800000,0.612061
-0.000000,1.800000,-1.260192
0.050000,1.800000,-1.261671
0.100000,1.800000,-1.266122
0.150000,1.800000,-1.273593
0.200000,1.800000,-1.284166
0.250000,1.800000,-1.297963
0.300000,1.800000,-1.228020
0.350000,1.800000,-1.151196
0.400000,1.800000,-1.082530
0.450000,1.800000,-1.020476
0.500000,1.800000,-0.963958
0.550000,1.800000,-0.912191
0.600000,1.800000,-0.864582
0.650000,1.800000,-0.820669
0.700000,1.800000,-0.780086
0.750000,1.800000,-0.742536
0.800000,1.800000,-0.707775
0.850000,1.800000,-0.675600
0.900000,1.800000,-0.645840
0.950000,1.800000,-0.618351
1.000000,1.800000,-0.459261
1.050000,1.800000,-0.361026
1.100000,1.800000,-0.287276
1.150000,1.800000,-0.227946
1.200000,1.800000,-0.178690
1.250000,1.800000,-0.137155
1.300000,1.800000,-0.101902
1.350000,1.800000,-0.071982
1.400000,1.800000,-0.046732
1.450000,1.800000,-0.025679
1.500000,1.800000,-0.008474
1.550000,1.800000,0.005137
1.600000,1.800000,0.015343
1.650000,1.800000,0.022273
1.700000,1.800000,0.026014
1.750000,1.800000,0.026611
1.800000,1.800000,0.024069
1.850000,1.800000,0.018360
1.900000,1.800000,0.009414
1.950000,1.800000,-0.002883
2.000000,1.800000,-0.018694
2.050000,1.800000,-0.038247
2.100000,1.800000,-0.061852
2.150000,1.800000,-0.089929
2.200000,1.800000,-0.123059
2.250000,1.800000,-0.162067
2.300000,1.800000,-0.195717
2.350000,1.800000,-0.184441
2.400000,1.800000,-0.174509
2.450000,1.800000,-0.165901
2.500000,1.800000,-0.158598
2.550000,1.800000,-0.152587
2.600000,1.800000,-0.147856
2.650000,1.800000,-0.144396
2.700000,1.800000,-0.142199
2.750000,1.800000,-0.141263
2.800000,1.800000,-0.141584
2.850000,1.800000,-0.143164
2.900000,1.800000,-0.146006
2.950000,1.800000,-0.150114
3.000000,1.800000,
3.050000,1.800000,
3.100000,1.800000,
3.150000,1.800000,
3.200000,1.800000,
3.250000,1.800000,
3.300000,1.800000,
3.350000,1.800000,
3.400000,1.800000,
3.450000,1.800000,
3.500000,1.800000,
-3.500000,1.850000,
-3.450000,1.850000,
-3.400000,1.850000,
-3.350000,1.850000,
-3.300000,1.850000,
-3.250000,1.850000,
-3.200000,1.850000,
-3.150000,1.850000,
-3.100000,1.850000,
-3.050000,1.850000,
-3.000000,1.850000,
-2.950000,1.850000,0.353553
-2.900000,1.850000,0.646142
-2.850000,1.850000,0.839643
-2.800000,1.850000,0.993730
-2.750000,1.850000,1.124722
-2.700000,1.850000,1.239960
-2.650000,1.850000,1.343503
-2.600000,1.850000,1.437880
-2.550000,1.850000,1.524795
-2.500000,1.850000,1.605459
-2.450000,1.850000,1.680774
-2.400000,1.850000,1.713847
-2.350000,1.850000,1.738912
-2.300000,1.850000,1.761906
-2.250000,1.850000,1.782920
-2.200000,1.850000,1.802035
-2.150000,1.850000,1.819322
-2.100000,1.850000,1.834840
-2.050000,1.850000,1.848641
-2.000000,1.850000,1.860768
-1.950000,1.850000,1.871260
-1.900000,1.850000,1.880148
-1.850000,1.850000,1.887459
-1.800000,1.850000,1.893213
-1.750000,1.850000,1.897427
-1.700000,1.850000,1.900113
-1.650000,1.850000,1.901277
-1.600000,1.850000,1.900924
-1.550000,1.850000,1.899053
-1.500000,1.850000,1.895658
-1.450000,1.850000,1.890729
-1.400000,1.850000,1.884253
-1.350000,1.850000,1.876212
-1.300000,1.850000,1.866581
-1.250000,1.850000,1.855332
-1.200000,1.850000,1.842432
-1.150000,1.850000,1.827838
-1.100000,1.850000,1.811505
-1.050000,1.850000,1.793375
-1.000000,1.850000,1.773386
-0.950000,1.850000,1.751462
-0.900000,1.850000,1.727517
-0.850000,1.850000,1.701451
-0.800000,1.850000,1.673148
-0.750000,1.850000,1.642470
-0.700000,1.850000,1.609256
-0.650000,1.850000,1.573315
-0.600000,1.850000,1.534417
-0.550000,1.850000,1.492284
-0.500000,1.850000,1.446572
-0.450000,1.850000,1.396854
-0.400000,1.850000,1.342580
-0.350000,1.850000,1.283030
-0.300000,1.850000,1.217227
-0.250000,1.850000,1.143784
-0.200000,1.850000,1.060620
-0.150000,1.850000,0.964330
-0.100000,1.850000,0.848576
-0.050000,1.850000,0.698418
-0.000000,1.850000,0.445301
0.050000,1.850000,-1.377651
0.100000,1.850000,-1.382815
0.150000,1.850000,-1.391504
0.200000,1.850000,-1.346211
0.250000,1.850000,-1.252769
0.300000,1.850000,-1.171236
0.350000,1.850000,-1.098724
0.400000,1.850000,-1.033404
0.450000,1.850000,-0.974035
0.500000,1.850000,-0.919723
0.550000,1.850000,-0.869804
0.600000,1.850000,-0.823765
0.650000,1.850000,-0.781202
0.700000,1.850000,-0.741790
0.750000,1.850000,-0.705265
0.800000,1.850000,-0.671405
0.850000,1.850000,-0.586376
0.900000,1.850000,-0.424665
0.950000,1.850000,-0.322845
1.000000,1.850000,-0.244928
1.050000,1.850000,-0.181367
1.100000,1.850000,-0.127891
1.150000,1.850000,-0.082149
1.200000,1.850000,-0.042684
1.250000,1.850000,-0.008519
1.300000,1.850000,0.021031
1.350000,1.850000,0.046465
1.400000,1.850000,0.068160
1.450000,1.850000,0.086397
1.500000,1.850000,0.101395
1.550000,1.850000,0.113318
1.600000,1.850000,0.122288
1.650000,1.850000,0.128395
1.700000,1.850000,0.131697
1.750000,1.850000,0.132223
1.800000,1.850000,0.129980
1.850000,1.850000,0.124946
1.900000,1.850000,0.117074
1.950000,1.850000,0.106287
2.000000,1.850000,0.092476
2.050000,1.850000,0.075494
2.100000,1.850000,0.055144
2.150000,1.850000,0.031171
2.200000,1.850000,0.003239
2.250000,1.850000,-0.029101
2.300000,1.850000,-0.066453
2.350000,1.850000,-0.109667
2.400000,1.850000,-0.159984
2.450000,1.850000,-0.168398
2.500000,1.850000,-0.161087
2.550000,1.850000,-0.155068
2.600000,1.850000,-0.150331
2.650000,1.850000,-0.146866
2.700000,1.850000,-0.144667
2.750000,1.850000,-0.143729
2.800000,1.850000,-0.144051
2.850000,1.850000,-0.145633
2.900000,1.850000,-0.148478
2.950000,1.850000,-0.152592
3.000000,1.850000,
3.050000,1.850000,
3.100000,1.850000,
3.150000,1.850000,
3.200000,1.850000,
3.250000,1.850000,
3.300000,1.850000,
3.350000,1.850000,
3.400000,1.850000,
3.450000,1.850000,
3.500000,1.850000,
-3.500000,1.900000,
-3.450000,1.900000,
-3.400000,1.900000,
-3.350000,1.900000,
-3.300000,1.900000,
-3.250000,1.900000,
-3.200000,1.900000,
-3.150000,1.900000,
-3.100000,1.900000,
-3.050000,1.900000,
-3.000000,1.900000,
-2.950000,1.900000,
-2.900000,1.900000,0.479583
-2.850000,1.900000,0.719375
-2.800000,1.900000,0.894427
-2.750000,1.900000,1.038027
-2.700000,1.900000,1.161895
-2.650000,1.900000,1.271810
-2.600000,1.900000,1.371131
-2.550000,1.900000,1.462019
-2.500000,1.900000,1.545962
-2.450000,1.900000,1.624038
-2.400000,1.900000,1.697056
-2.350000,1.900000,1.760429
-2.300000,1.900000,1.783099
-2.250000,1.900000,1.803826
-2.200000,1.900000,1.822687
-2.150000,1.900000,1.839749
-2.100000,1.900000,1.855068
-2.050000,1.900000,1.868696
-2.000000,1.900000,1.880674
-1.950000,1.900000,1.891039
-1.900000,1.900000,1.899820
-1.850000,1.900000,1.907044
-1.800000,1.900000,1.912730
-1.750000,1.900000,1.916895
-1.700000,1.900000,1.919549
-1.650000,1.900000,1.920700
-1.600000,1.900000,1.920351
-1.550000,1.900000,1.918502
-1.500000,1.900000,1.915146
-1.450000,1.900000,1.910275
-1.400000,1.900000,1.903876
-1.350000,1.900000,1.895931
-1.300000,1.900000,1.886416
-1.250000,1.900000,1.875305
-1.200000,1.900000,1.862565
-1.150000,1.900000,1.848156
-1.100000,1.900000,1.832032
-1.050000,1.900000,1.814141
-1.000000,1.900000,1.794421
-0.950000,1.900000,1.772801
-0.900000,1.900000,1.749198
-0.850000,1.900000,1.723517
-0.800000,1.900000,1.695646
-0.750000,1.900000,1.665457
-0.700000,1.900000,1.632797
-0.650000,1.900000,1.597485
-0.600000,1.900000,1.559308
-0.550000,1.900000,1.518004
-0.500000,1.900000,1.473257
-0.450000,1.900000,1.424672
-0.400000,1.900000,1.371749
-0.350000,1.900000,1.313838
-0.300000,1.900000,1.250071
-0.250000,1.900000,1.179238
-0.200000,1.900000,1.099566
-0.150000,1.900000,1.008261
-0.100000,1.900000,0.900417
-0.050000,1.900000,0.765689
-0.000000,1.900000,0.571578
0.050000,1.900000,-1.520240
0.100000,1.900000,-1.506910
0.150000,1.900000,-1.385236
0.200000,1.900000,-1.284301
0.250000,1.900000,-1.197186
0.300000,1.900000,-1.120229
0.350000,1.900000,-1.051209
0.400000,1.900000,-0.988658
0.450000,1.900000,-0.931544
0.500000,1.900000,-0.879108
0.550000,1.900000,-0.830775
0.600000,1.900000,-0.786094
0.650000,1.900000,-0.744707
0.700000,1.900000,-0.706321
0.750000,1.900000,-0.623041
0.800000,1.900000,-0.427874
0.850000,1.900000,-0.314246
0.900000,1.900000,-0.228296
0.950000,1.900000,-0.158268
1.000000,1.900000,-0.099167
1.050000,1.900000,-0.048309
1.100000,1.900000,-0.004052
1.150000,1.900000,0.034692
1.200000,1.900000,0.068686
1.250000,1.900000,0.098486
1.300000,1.900000,0.124513
1.350000,1.900000,0.147086
1.400000,1.900000,0.166456
1.450000,1.900000,0.182816
1.500000,1.900000,0.196321
1.550000,1.900000,0.207087
1.600000,1.900000,0.215205
1.650000,1.900000,0.220741
1.700000,1.900000,0.223736
1.750000,1.900000,0.224214
1.800000,1.900000,0.222178
1.850000,1.900000,0.217613
1.900000,1.900000,0.210484
1.950000,1.900000,0.200735
2.000000,1.900000,0.188284
2.050000,1.900000,0.173027
2.100000,1.900000,0.154823
2.150000,1.900000,0.133495
2.200000,1.900000,0.108816
2.250000,1.900000,0.080494
2.300000,1.900000,0.048153
2.350000,1.900000,0.011294
2.400000,1.900000,-0.030758
2.450000,1.900000,-0.078948
2.500000,1.900000,-0.134668
2.550000,1.900000,-0.158821
2.600000,1.900000,-0.154075
2.650000,1.900000,-0.150603
2.700000,1.900000,-0.148400
2.750000,1.900000,-0.147460
2.800000,1.900000,-0.147783
2.850000,1.900000,-0.149368
2.900000,1.900000,-0.152218
2.950000,1.900000,
3.000000,1.900000,
3.050000,1.900000,
3.100000,1.900000,
3.150000,1.900000,
3.200000,1.900000,
3.250000,1.900000,
3.300000,1.900000,
3.350000,1.900000,
3.400000,1.900000,
3.450000,1.900000,
3.500000,1.900000,
-3.500000,1.950000,
-3.450000,1.950000,
-3.400000,1.950000,
-3.350000,1.950000,
-3.300000,1.950000,
-3.250000,1.950000,
-3.200000,1.950000,
-3.150000,1.950000,
-3.100000,1.950000,
-3.050000,1.950000,
-3.000000,1.950000,
-2.950000,1.950000,
-2.900000,1.950000,0.193649
-2.850000,1.950000,0.570088
-2.800000,1.950000,0.779423
-2.750000,1.950000,0.940744
-2.700000,1.950000,1.075872
-2.650000,1.950000,1.193734
-2.600000,1.950000,1.299038
-2.550000,1.950000,1.394633
-2.500000,1.950000,1.482397
-2.450000,1.950000,1.563650
-2.400000,1.950000,1.639360
-2.350000,1.950000,1.710263
-2.300000,1.950000,1.776936
-2.250000,1.950000,1.822861
-2.200000,1.950000,1.841496
-2.150000,1.950000,1.858358
-2.100000,1.950000,1.873502
-2.050000,1.950000,1.886976
-2.000000,1.950000,1.898821
-1.950000,1.950000,1.909072
-1.900000,1.950000,1.917758
-1.850000,1.950000,1.924904
-1.800000,1.950000,1.930530
-1.750000,1.950000,1.934651
-1.700000,1.950000,1.937277
-1.650000,1.950000,1.938416
-1.600000,1.950000,1.938071
-1.550000,1.950000,1.936240
-1.500000,1.950000,1.932920
-1.450000,1.950000,1.928101
-1.400000,1.950000,1.921771
-1.350000,1.950000,1.913911
-1.300000,1.950000,1.904500
-1.250000,1.950000,1.893512
-1.200000,1.950000,1.880914
-1.150000,1.950000,1.866668
-1.100000,1.950000,1.850732
-1.050000,1.950000,1.833052
-1.000000,1.950000,1.813572
-0.950000,1.950000,1.792220
-0.900000,1.950000,1.768920
-0.850000,1.950000,1.743579
-0.800000,1.950000,1.716091
-0.750000,1.950000,1.686332
-0.700000,1.950000,1.654159
-0.650000,1.950000,1.619400
-0.600000,1.950000,1.581852
-0.550000,1.950000,1.541272
-0.500000,1.950000,1.497362
-0.450000,1.950000,1.449756
-0.400000,1.950000,1.397994
-0.350000,1.950000,1.341481
-0.300000,1.950000,1.279434
-0.250000,1.950000,1.210776
-0.200000,1.950000,1.133962
-0.150000,1.950000,1.046627
-0.100000,1.950000,0.944793
-0.050000,1.950000,0.820706
-0.000000,1.950000,0.654199
0.050000,1.950000,-1.570979
0.100000,1.950000,-1.433864
0.150000,1.950000,-1.323433
0.200000,1.950000,-1.229568
0.250000,1.950000,-1.147402
0.300000,1.950000,-1.074143
0.350000,1.950000,-1.008010
0.400000,1.950000,-0.947785
0.450000,1.950000,-0.892590
0.500000,1.950000,-0.841766
0.550000,1.950000,-0.794806
0.600000,1.950000,-0.751309
0.650000,1.950000,-0.710951
0.700000,1.950000,-0.470094
0.750000,1.950000,-0.333484
0.800000,1.950000,-0.234980
0.850000,1.950000,-0.156000
0.900000,1.950000,-0.089722
0.950000,1.950000,-0.032719
1.000000,1.950000,0.017025
1.050000,1.950000,0.060812
1.100000,1.950000,0.099540
1.150000,1.950000,0.133861
1.200000,1.950000,0.164258
1.250000,1.950000,0.191104
1.300000,1.950000,0.214689
1.350000,1.950000,0.235242
1.400000,1.950000,0.252945
1.450000,1.950000,0.267945
1.500000,1.950000,0.280357
1.550000,1.950000,0.290271
1.600000,1.950000,0.297758
1.650000,1.950000,0.302868
1.700000,1.950000,0.305635
1.750000,1.950000,0.306076
1.800000,1.950000,0.304196
1.850000,1.950000,0.299981
1.900000,1.950000,0.293403
1.950000,1.950000,0.284420
2.000000,1.950000,0.272967
2.050000,1.950000,0.258965
2.100000,1.950000,0.242305
2.150000,1.950000,0.222856
2.200000,1.950000,0.200449
2.250000,1.950000,0.174875
2.300000,1.950000,0.145868
2.350000,1.950000,0.113090
2.400000,1.950000,0.076105
2.450000,1.950000,0.034333
2.500000,1.950000,-0.013017
2.550000,1.950000,-0.067068
2.600000,1.950000,-0.129513
2.650000,1.950000,-0.155614
2.700000,1.950000,-0.153405
2.750000,1.950000,-0.152463
2.800000,1.950000,-0.152786
2.850000,1.950000,-0.154375
2.900000,1.950000,-0.157233
2.950000,1.950000,
3.000000,1.950000,
3.050000,1.950000,
3.100000,1.950000,
3.150000,1.950000,
3.200000,1.950000,
3.250000,1.950000,
3.300000,1.950000,
3.350000,1.950000,
3.400000,1.950000,
3.450000,1.950000,
3.500000,1.950000,
-3.500000,2.000000,
-3.450000,2.000000,
-3.400000,2.000000,
-3.350000,2.000000,
-3.300000,2.000000,
-3.250000,2.000000,
-3.200000,2.000000,
-3.150000,2.000000,
-3.100000,2.000000,
-3.050000,2.000000,
-3.000000,2.000000,
-2.950000,2.000000,
-2.900000,2.000000,
-2.850000,2.000000,0.357071
-2.800000,2.000000,0.640312
-2.750000,2.000000,0.829156
-2.700000,2.000000,0.979796
-2.650000,2.000000,1.107926
-2.600000,2.000000,1.220656
-2.550000,2.000000,1.321930
-2.500000,2.000000,1.414214
-2.450000,2.000000,1.499166
-2.400000,2.000000,1.577973
-2.350000,2.000000,1.651514
-2.300000,2.000000,1.720465
-2.250000,2.000000,1.785357
-2.200000,2.000000,1.846619
-2.150000,2.000000,1.875214
-2.100000,2.000000,1.890202
-2.050000,2.000000,1.903539
-2.000000,2.000000,1.915266
-1.950000,2.000000,1.925416
-1.900000,2.000000,1.934018
-1.850000,2.000000,1.941095
-1.800000,2.000000,1.946667
-1.750000,2.000000,1.950749
-1.700000,2.000000,1.953350
-1.650000,2.000000,1.954478
-1.600000,2.000000,1.954136
-1.550000,2.000000,1.952323
-1.500000,2.000000,1.949035
-1.450000,2.000000,1.944262
-1.400000,2.000000,1.937992
-1.350000,2.000000,1.930208
-1.300000,2.000000,1.920889
-1.250000,2.000000,1.910009
-1.200000,2.000000,1.897538
-1.150000,2.000000,1.883438
-1.100000,2.000000,1.867667
-1.050000,2.000000,1.850175
-1.000000,2.000000,1.830906
-0.950000,2.000000,1.809792
-0.900000,2.000000,1.786759
-0.850000,2.000000,1.761717
-0.800000,2.000000,1.734566
-0.750000,2.000000,1.705186
-0.700000,2.000000,1.673440
-0.650000,2.000000,1.639165
-0.600000,2.000000,1.602168
-0.550000,2.000000,1.562217
-0.500000,2.000000,1.519035
-0.450000,2.000000,1.472276
-0.400000,2.000000,1.421512
-0.350000,2.000000,1.366194
-0.300000,2.000000,1.305605
-0.250000,2.000000,1.238773
-0.200000,2.000000,1.164323
-0.150000,2.000000,1.080202
-0.100000,2.000000,0.983070
-0.050000,2.000000,0.866777
-0.000000,2.000000,0.717122
0.050000,2.000000,0.474364
0.100000,2.000000,-1.371375
0.150000,2.000000,-1.269127
0.200000,2.000000,-1.180741
0.250000,2.000000,-1.102556
0.300000,2.000000,-1.032346
0.350000,2.000000,-0.968636
0.400000,2.000000,-0.910389
0.450000,2.000000,-0.856841
0.500000,2.000000,-0.807413
0.550000,2.000000,-0.761651
0.600000,2.000000,-0.575071
0.650000,2.000000,-0.384691
0.700000,2.000000,-0.265906
0.750000,2.000000,-0.174325
0.800000,2.000000,-0.098742
0.850000,2.000000,-0.034219
0.900000,2.000000,0.021948
0.950000,2.000000,0.071431
1.000000,2.000000,0.115351
1.050000,2.000000,0.154498
1.100000,2.000000,0.189458
1.150000,2.000000,0.220672
1.200000,2.000000,0.248485
1.250000,2.000000,0.273168
1.300000,2.000000,0.294939
1.350000,2.000000,0.313973
1.400000,2.000000,0.330412
1.450000,2.000000,0.344371
1.500000,2.000000,0.355942
1.550000,2.000000,0.365197
1.600000,2.000000,0.372193
1.650000,2.000000,0.376972
1.700000,2.000000,0.379561
1.750000,2.000000,0.379974
1.800000,2.000000,0.378214
1.850000,2.000000,0.374271
1.900000,2.000000,0.368123
1.950000,2.000000,0.359733
2.000000,2.000000,0.349051
2.050000,2.000000,0.336011
2.100000,2.000000,0.320528
2.150000,2.000000,0.302496
2.200000,2.000000,0.281785
2.250000,2.000000,0.258233
2.300000,2.000000,0.231640
2.350000,2.000000,0.201756
2.400000,2.000000,0.168268
2.450000,2.000000,0.130774
2.500000,2.000000,0.088751
2.550000,2.000000,0.041495
2.600000,2.000000,-0.011968
2.650000,2.000000,-0.073064
2.700000,2.000000,-0.144019
2.750000,2.000000,-0.158747
2.800000,2.000000,-0.159071
2.850000,2.000000,-0.160665
2.900000,2.000000,
2.950000,2.000000,
3.000000,2.000000,
3.050000,2.000000,
3.100000,2.000000,
3.150000,2.000000,
3.200000,2.000000,
3.250000,2.000000,
3.300000,2.000000,
3.350000,2.000000,
3.400000,2.000000,
3.450000,2.000000,
3.500000,2.000000,
-3.500000,2.050000,
-3.450000,2.050000,
-3.400000,2.050000,
-3.350000,2.050000,
-3.300000,2.050000,
-3.250000,2.050000,
-3.200000,2.050000,
-3.150000,2.050000,
-3.100000,2.050000,
-3.050000,2.050000,
-3.000000,2.050000,
-2.950000,2.050000,
-2.900000,2.050000,
-2.850000,2.050000,
-2.800000,2.050000,0.455522
-2.750000,2.050000,0.696419
-2.700000,2.050000,0.870345
-2.650000,2.050000,1.012423
-2.600000,2.050000,1.134681
-2.550000,2.050000,1.242980
-2.500000,2.050000,1.340709
-2.450000,2.050000,1.430035
-2.400000,2.050000,1.512448
-2.350000,2.050000,1.589025
-2.300000,2.050000,1.660572
-2.250000,2.050000,1.727715
-2.200000,2.050000,1.790949
-2.150000,2.050000,1.850676
-2.100000,2.050000,1.905220
-2.050000,2.050000,1.918437
-2.000000,2.050000,1.930060
-1.950000,2.050000,1.940121
-1.900000,2.050000,1.948648
-1.850000,2.050000,1.955664
-1.800000,2.050000,1.961189
-1.750000,2.050000,1.965235
-1.700000,2.050000,1.967815
-1.650000,2.050000,1.968934
-1.600000,2.050000,1.968595
-1.550000,2.050000,1.966797
-1.500000,2.050000,1.963536
-1.450000,2.050000,1.958804
-1.400000,2.050000,1.952587
-1.350000,2.050000,1.944871
-1.300000,2.050000,1.935633
-1.250000,2.050000,1.924849
-1.200000,2.050000,1.912489
-1.150000,2.050000,1.898518
-1.100000,2.050000,1.882893
-1.050000,2.050000,1.865566
-1.000000,2.050000,1.846483
-0.950000,2.050000,1.825579
-0.900000,2.050000,1.802780
-0.850000,2.050000,1.778002
-0.800000,2.050000,1.751145
-0.750000,2.050000,1.722098
-0.700000,2.050000,1.690725
-0.650000,2.050000,1.656872
-0.600000,2.050000,1.620354
-0.550000,2.050000,1.580951
-0.500000,2.050000,1.538398
-0.450000,2.050000,1.492371
-0.400000,2.050000,1.442465
-0.350000,2.050000,1.388169
-0.300000,2.050000,1.328819
-0.250000,2.050000,1.263524
-0.200000,2.050000,1.191042
-0.150000,2.050000,1.109550
-0.100000,2.050000,1.016165
-0.050000,2.050000,0.905799
-0.000000,2.050000,0.767631
0.050000,2.050000,0.566816
0.100000,2.050000,-1.316938
0.150000,2.050000,-1.220940
0.200000,2.050000,-1.136928
0.250000,2.050000,-1.062012
0.300000,2.050000,-0.994355
0.350000,2.050000,-0.932702
0.400000,2.050000,-0.876152
0.450000,2.050000,-0.824031
0.500000,2.050000,-0.775820
0.550000,2.050000,-0.484512
0.600000,2.050000,-0.326097
0.650000,2.050000,-0.215276
0.700000,2.050000,-0.127003
0.750000,2.050000,-0.052918
0.800000,2.050000,0.011022
0.850000,2.050000,0.067140
0.900000,2.050000,0.116920
0.950000,2.050000,0.161378
1.000000,2.050000,0.201244
1.050000,2.050000,0.237062
1.100000,2.050000,0.269252
1.150000,2.050000,0.298139
1.200000,2.050000,0.323987
1.250000,2.050000,0.347005
1.300000,2.050000,0.367365
1.350000,2.050000,0.385208
1.400000,2.050000,0.400648
1.450000,2.050000,0.413780
1.500000,2.050000,0.424679
1.550000,2.050000,0.433406
1.600000,2.050000,0.440009
1.650000,2.050000,0.444521
1.700000,2.050000,0.446966
1.750000,2.050000,0.447356
1.800000,2.050000,0.445694
1.850000,2.050000,0.441971
1.900000,2.050000,0.436167
1.950000,2.050000,0.428253
2.000000,2.050000,0.418187
2.050000,2.050000,0.405912
2.100000,2.050000,0.391361
2.150000,2.050000,0.374444
2.200000,2.050000,0.355057
2.250000,2.050000,0.333069
2.300000,2.050000,0.308321
2.350000,2.050000,0.280618
2.400000,2.050000,0.249719
2.450000,2.050000,0.215326
2.500000,2.050000,0.177056
2.550000,2.050000,0.134420
2.600000,2.050000,0.086766
2.650000,2.050000,0.033204
2.700000,2.050000,-0.027543
2.750000,2.050000,-0.097414
2.800000,2.050000,-0.166650
2.850000,2.050000,
2.900000,2.050000,
2.950000,2.050000,
3.000000,2.050000,
3.050000,2.050000,
3.100000,2.050000,
3.150000,2.050000,
3.200000,2.050000,
3.250000,2.050000,
3.300000,2.050000,
3.350000,2.050000,
3.400000,2.050000,
3.450000,2.050000,
3.500000,2.050000,
-3.500000,2.100000,
-3.450000,2.100000,
-3.400000,2.100000,
-3.350000,2.100000,
-3.300000,2.100000,
-3.250000,2.100000,
-3.200000,2.100000,
-3.150000,2.100000,
-3.100000,2.100000,
-3.050000,2.100000,
-3.000000,2.100000,
-2.950000,2.100000,
-2.900000,2.100000,
-2.850000,2.100000,
-2.800000,2.100000,0.000000
-2.750000,2.100000,0.526783
-2.700000,2.100000,0.741620
-2.650000,2.100000,0.904157
-2.600000,2.100000,1.039230
-2.550000,2.100000,1.156503
-2.500000,2.100000,1.260952
-2.450000,2.100000,1.355544
-2.400000,2.100000,1.442221
-2.350000,2.100000,1.522334
-2.300000,2.100000,1.596872
-2.250000,2.100000,1.666583
-2.200000,2.100000,1.732051
-2.150000,2.100000,1.793739
-2.100000,2.100000,1.852026
-2.050000,2.100000,1.907223
-2.000000,2.100000,1.943245
-1.950000,2.100000,1.953228
-1.900000,2.100000,1.961690
-1.850000,2.100000,1.968653
-1.800000,2.100000,1.974135
-1.750000,2.100000,1.978152
-1.700000,2.100000,1.980712
-1.650000,2.100000,1.981822
-1.600000,2.100000,1.981486
-1.550000,2.100000,1.979702
-1.500000,2.100000,1.976465
-1.450000,2.100000,1.971768
-1.400000,2.100000,1.965599
-1.350000,2.100000,1.957941
-1.300000,2.100000,1.948775
-1.250000,2.100000,1.938075
-1.200000,2.100000,1.925813
-1.150000,2.100000,1.911954
-1.100000,2.100000,1.896456
-1.050000,2.100000,1.879274
-1.000000,2.100000,1.860354
-0.950000,2.100000,1.839633
-0.900000,2.100000,1.817039
-0.850000,2.100000,1.792490
-0.800000,2.100000,1.765891
-0.750000,2.100000,1.737132
-0.700000,2.100000,1.706084
-0.650000,2.100000,1.672598
-0.600000,2.100000,1.636495
-0.550000,2.100000,1.597566
-0.500000,2.100000,1.555556
-0.450000,2.100000,1.510157
-0.400000,2.100000,1.460986
-0.350000,2.100000,1.407562
-0.300000,2.100000,1.349263
-0.250000,2.100000,1.285262
-0.200000,2.100000,1.214421
-0.150000,2.100000,1.135093
-0.100000,2.100000,1.044729
-0.050000,2.100000,0.938978
-0.000000,2.100000,0.809123
0.050000,2.100000,0.631061
0.100000,2.100000,-1.268985
0.150000,2.100000,-1.177921
0.200000,2.100000,-1.097479
0.250000,2.100000,-1.025288
0.300000,2.100000,-0.959792
0.350000,2.100000,-0.899901
0.400000,2.100000,-0.844818
0.450000,2.100000,-0.793939
0.500000,2.100000,-0.430732
0.550000,2.100000,-0.284530
0.600000,2.100000,-0.177245
0.650000,2.100000,-0.090230
0.700000,2.100000,-0.016441
0.750000,2.100000,0.047703
0.800000,2.100000,0.104326
0.850000,2.100000,0.154807
0.900000,2.100000,0.200105
0.950000,2.100000,0.240916
1.000000,2.100000,0.277763
1.050000,2.100000,0.311052
1.100000,2.100000,0.341103
1.150000,2.100000,0.368170
1.200000,2.100000,0.392463
1.250000,2.100000,0.414152
1.300000,2.100000,0.433378
1.350000,2.100000,0.450257
1.400000,2.100000,0.464885
1.450000,2.100000,0.477341
1.500000,2.100000,0.487690
1.550000,2.100000,0.495984
1.600000,2.100000,0.502262
1.650000,2.100000,0.506554
1.700000,2.100000,0.508881
1.750000,2.100000,0.509252
1.800000,2.100000,0.507671
1.850000,2.100000,0.504128
1.900000,2.100000,0.498609
1.950000,2.100000,0.491086
2.000000,2.100000,0.481525
2.050000,2.100000,0.469877
2.100000,2.100000,0.456084
2.150000,2.100000,0.440072
2.200000,2.100000,0.421751
2.250000,2.100000,0.401015
2.300000,2.100000,0.377731
2.350000,2.100000,0.351742
2.400000,2.100000,0.322854
2.450000,2.100000,0.290831
2.500000,2.100000,0.255380
2.550000,2.100000,0.216132
2.600000,2.100000,0.172612
2.650000,2.100000,0.124199
2.700000,2.100000,0.070049
2.750000,2.100000,0.008967
2.800000,2.100000,
2.850000,2.100000,
2.900000,2.100000,
2.950000,2.100000,
3.000000,2.100000,
3.050000,2.100000,
3.100000,2.100000,
3.150000,2.100000,
3.200000,2.100000,
3.250000,2.100000,
3.300000,2.100000,
3.350000,2.100000,
3.400000,2.100000,
3.450000,2.100000,
3.500000,2.100000,
-3.500000,2.150000,
-3.450000,2.150000,
-3.400000,2.150000,
-3.350000,2.150000,
-3.300000,2.150000,
-3.250000,2.150000,
-3.200000,2.150000,
-3.150000,2.150000,
-3.100000,2.150000,
-3.050000,2.150000,
-3.000000,2.150000,
-2.950000,2.150000,
-2.900000,2.150000,
-2.850000,2.150000,
-2.800000,2.150000,
-2.750000,2.150000,0.254951
-2.700000,2.150000,0.580948
-2.650000,2.150000,0.777817
-2.600000,2.150000,0.931397
-2.550000,2.150000,1.060660
-2.500000,2.150000,1.173669
-2.450000,2.150000,1.274755
-2.400000,2.150000,1.366565
-2.350000,2.150000,1.450862
-2.300000,2.150000,1.528888
-2.250000,2.150000,1.601562
-2.200000,2.150000,1.669581
-2.150000,2.150000,1.733494
-2.100000,2.150000,1.793739
-2.050000,2.150000,1.850676
-2.000000,2.150000,1.904600
-1.950000,2.150000,1.955761
-1.900000,2.150000,1.973179
-1.850000,2.150000,1.980096
-1.800000,2.150000,1.985543
-1.750000,2.150000,1.989533
-1.700000,2.150000,1.992076
-1.650000,2.150000,1.993179
-1.600000,2.150000,1.992845
-1.550000,2.150000,1.991072
-1.500000,2.150000,1.987857
-1.450000,2.150000,1.983191
-1.400000,2.150000,1.977063
-1.350000,2.150000,1.969456
-1.300000,2.150000,1.960352
-1.250000,2.150000,1.949725
-1.200000,2.150000,1.937548
-1.150000,2.150000,1.923786
-1.100000,2.150000,1.908399
-1.050000,2.150000,1.891342
-1.000000,2.150000,1.872563
-0.950000,2.150000,1.852000
-0.900000,2.150000,1.829583
-0.850000,2.150000,1.805233
-0.800000,2.150000,1.778857
-0.750000,2.150000,1.750347
-0.700000,2.150000,1.719579
-0.650000,2.150000,1.686407
-0.600000,2.150000,1.650662
-0.550000,2.150000,1.612138
-0.500000,2.150000,1.570593
-0.450000,2.150000,1.525731
-0.400000,2.150000,1.477186
-0.350000,2.150000,1.424502
-0.300000,2.150000,1.367090
-0.250000,2.150000,1.304175
-0.200000,2.150000,1.234701
-0.150000,2.150000,1.157155
-0.100000,2.150000,1.069238
-0.050000,2.150000,0.967128
-0.000000,2.150000,0.843502
0.050000,2.150000,0.680042
0.100000,2.150000,0.357297
0.150000,2.150000,-1.139382
0.200000,2.150000,-1.061898
0.250000,2.150000,-0.992006
0.300000,2.150000,-0.928355
0.350000,2.150000,-0.869984
0.400000,2.150000,-0.677702
0.450000,2.150000,-0.397501
0.500000,2.150000,-0.255855
0.550000,2.150000,-0.149496
0.600000,2.150000,-0.062360
0.650000,2.150000,0.011994
0.700000,2.150000,0.076936
0.750000,2.150000,0.134492
0.800000,2.150000,0.185994
0.850000,2.150000,0.232376
0.900000,2.150000,0.274319
0.950000,2.150000,0.312339
1.000000,2.150000,0.346835
1.050000,2.150000,0.378125
1.100000,2.150000,0.406465
1.150000,2.150000,0.432063
1.200000,2.150000,0.455091
1.250000,2.150000,0.475692
1.300000,2.150000,0.493983
1.350000,2.150000,0.510063
1.400000,2.150000,0.524016
1.450000,2.150000,0.535909
1.500000,2.150000,0.545798
1.550000,2.150000,0.553728
1.600000,2.150000,0.559734
1.650000,2.150000,0.563841
1.700000,2.150000,0.566068
1.750000,2.150000,0.566424
1.800000,2.150000,0.564910
1.850000,2.150000,0.561519
1.900000,2.150000,0.556239
1.950000,2.150000,0.549045
2.000000,2.150000,0.539906
2.050000,2.150000,0.528781
2.100000,2.150000,0.515620
2.150000,2.150000,0.500357
2.200000,2.150000,0.482918
2.250000,2.150000,0.463209
2.300000,2.150000,0.441121
2.350000,2.150000,0.416519
2.400000,2.150000,0.389245
2.450000,2.150000,0.359104
2.500000,2.150000,0.325862
2.550000,2.150000,0.289225
2.600000,2.150000,0.248829
2.650000,2.150000,0.204206
2.700000,2.150000,0.154746
2.750000,2.150000,0.099624
2.800000,2.150000,
2.850000,2.150000,
2.900000,2.150000,
2.950000,2.150000,
3.000000,2.150000,
3.050000,2.150000,
3.100000,2.150000,
3.150000,2.150000,
3.200000,2.150000,
3.250000,2.150000,
3.300000,2.150000,
3.350000,2.150000,
3.400000,2.150000,
3.450000,2.150000,
3.500000,2.150000,
-3.500000,2.200000,
-3.450000,2.200000,
-3.400000,2.200000,
-3.350000,2.200000,
-3.300000,2.200000,
-3.250000,2.200000,
-3.200000,2.200000,
-3.150000,2.200000,
-3.100000,2.200000,
-3.050000,2.200000,
-3.000000,2.200000,
-2.950000,2.200000,
-2.900000,2.200000,
-2.850000,2.200000,
-2.800000,2.200000,
-2.750000,2.200000,
-2.700000,2.200000,0.346410
-2.650000,2.200000,0.622495
-2.600000,2.200000,0.806226
-2.550000,2.200000,0.952628
-2.500000,2.200000,1.077033
-2.450000,2.200000,1.186381
-2.400000,2.200000,1.284523
-2.350000,2.200000,1.373863
-2.300000,2.200000,1.456022
-2.250000,2.200000,1.532155
-2.200000,2.200000,1.603122
-2.150000,2.200000,1.669581
-2.100000,2.200000,1.732051
-2.050000,2.200000,1.790949
-2.000000,2.200000,1.846619
-1.950000,2.200000,1.899342
-1.900000,2.200000,1.949359
-1.850000,2.200000,1.990025
-1.800000,2.200000,1.995441
-1.750000,2.200000,1.999408
-1.700000,2.200000,2.001937
-1.650000,2.200000,2.003034
-1.600000,2.200000,2.002701
-1.550000,2.200000,2.000939
-1.500000,2.200000,1.997742
-1.450000,2.200000,1.993103
-1.400000,2.200000,1.987009
-1.350000,2.200000,1.979446
-1.300000,2.200000,1.970395
-1.250000,2.200000,1.959831
-1.200000,2.200000,1.947726
-1.150000,2.200000,1.934047
-1.100000,2.200000,1.918756
-1.050000,2.200000,1.901806
-1.000000,2.200000,1.883147
-0.950000,2.200000,1.862720
-0.900000,2.200000,1.840454
-0.850000,2.200000,1.816274
-0.800000,2.200000,1.790087
-0.750000,2.200000,1.761789
-0.700000,2.200000,1.731259
-0.650000,2.200000,1.698356
-0.600000,2.200000,1.662913
-0.550000,2.200000,1.624734
-0.500000,2.200000,1.583583
-0.450000,2.200000,1.539174
-0.400000,2.200000,1.491157
-0.350000,2.200000,1.439093
-0.300000,2.200000,1.382423
-0.250000,2.200000,1.320413
-0.200000,2.200000,1.252069
-0.150000,2.200000,1.175985
-0.100000,2.200000,1.090049
-0.050000,2.200000,0.990827
-0.000000,2.200000,0.871956
0.050000,2.200000,0.718606
0.100000,2.200000,0.466008
0.150000,2.200000,-1.104807
0.200000,2.200000,-1.029804
0.250000,2.200000,-0.961866
0.300000,2.200000,-0.899802
0.350000,2.200000,-0.639014
0.400000,2.200000,-0.379556
0.450000,2.200000,-0.237988
0.500000,2.200000,-0.130693
0.550000,2.200000,-0.042374
0.600000,2.200000,0.033242
0.650000,2.200000,0.099471
0.700000,2.200000,0.158322
0.750000,2.200000,0.211121
0.800000,2.200000,0.258799
0.850000,2.200000,0.302039
0.900000,2.200000,0.341359
0.950000,2.200000,0.377162
1.000000,2.200000,0.409766
1.050000,2.200000,0.439431
1.100000,2.200000,0.466368
1.150000,2.200000,0.490752
1.200000,2.200000,0.512728
1.250000,2.200000,0.532417
1.300000,2.200000,0.549923
1.350000,2.200000,0.565331
1.400000,2.200000,0.578713
1.450000,2.200000,0.590128
1.500000,2.200000,0.599626
1.550000,2.200000,0.607247
1.600000,2.200000,0.613020
1.650000,2.200000,0.616970
1.700000,2.200000,0.619112
1.750000,2.200000,0.619454
1.800000,2.200000,0.617997
1.850000,2.200000,0.614737
1.900000,2.200000,0.609660
1.950000,2.200000,0.602745
2.000000,2.200000,0.593966
2.050000,2.200000,0.583286
2.100000,2.200000,0.570659
2.150000,2.200000,0.556030
2.200000,2.200000,0.539331
2.250000,2.200000,0.520483
2.300000,2.200000,0.499391
2.350000,2.200000,0.475939
2.400000,2.200000,0.449992
2.450000,2.200000,0.421388
2.500000,2.200000,0.389930
2.550000,2.200000,0.355378
2.600000,2.200000,0.317440
2.650000,2.200000,0.275745
2.700000,2.200000,0.229826
2.750000,2.200000,
2.800000,2.200000,
2.850000,2.200000,
2.900000,2.200000,
2.950000,2.200000,
3.000000,2.200000,
3.050000,2.200000,
3.100000,2.200000,
3.150000,2.200000,
3.200000,2.200000,
3.250000,2.200000,
3.300000,2.200000,
3.350000,2.200000,
3.400000,2.200000,
3.450000,2.200000,
3.500000,2.200000,
-3.500000,2.250000,
-3.450000,2.250000,
-3.400000,2.250000,
-3.350000,2.250000,
-3.300000,2.250000,
-3.250000,2.250000,
-3.200000,2.250000,
-3.150000,2.250000,
-3.100000,2.250000,
-3.050000,2.250000,
-3.000000,2.250000,
-2.950000,2.250000,
-2.900000,2.250000,
-2.850000,2.250000,
-2.800000,2.250000,
-2.750000,2.250000,
-2.700000,2.250000,
-2.650000,2.250000,0.406202
-2.600000,2.250000,0.653835
-2.550000,2.250000,0.827647
-2.500000,2.250000,0.968246
-2.450000,2.250000,1.088577
-2.400000,2.250000,1.194780
-2.350000,2.250000,1.290349
-2.300000,2.250000,1.377498
-2.250000,2.250000,1.457738
-2.200000,2.250000,1.532155
-2.150000,2.250000,1.601562
-2.100000,2.250000,1.666583
-2.050000,2.250000,1.727715
-2.000000,2.250000,1.785357
-1.950000,2.250000,1.839837
-1.900000,2.250000,1.891428
-1.850000,2.250000,1.940361
-1.800000,2.250000,1.986832
-1.750000,2.250000,2.007803
-1.700000,2.250000,2.010320
-1.650000,2.250000,2.011412
-1.600000,2.250000,2.011081
-1.550000,2.250000,2.009327
-1.500000,2.250000,2.006145
-1.450000,2.250000,2.001528
-1.400000,2.250000,1.995464
-1.350000,2.250000,1.987938
-1.300000,2.250000,1.978931
-1.250000,2.250000,1.968420
-1.200000,2.250000,1.956376
-1.150000,2.250000,1.942768
-1.100000,2.250000,1.927556
-1.050000,2.250000,1.910696
-1.000000,2.250000,1.892138
-0.950000,2.250000,1.871824
-0.900000,2.250000,1.849686
-0.850000,2.250000,1.825647
-0.800000,2.250000,1.799619
-0.750000,2.250000,1.771499
-0.700000,2.250000,1.741169
-0.650000,2.250000,1.708490
-0.600000,2.250000,1.673300
-0.550000,2.250000,1.635408
-0.500000,2.250000,1.594584
-0.450000,2.250000,1.550551
-0.400000,2.250000,1.502972
-0.350000,2.250000,1.451422
-0.300000,2.250000,1.395364
-0.250000,2.250000,1.334097
-0.200000,2.250000,1.266676
-0.150000,2.250000,1.191777
-0.100000,2.250000,1.107432
-0.050000,2.250000,1.010492
-0.000000,2.250000,0.895273
0.050000,2.250000,0.749191
0.100000,2.250000,0.526530
0.150000,2.250000,-1.073797
0.200000,2.250000,-1.000892
0.250000,2.250000,-0.934627
0.300000,2.250000,-0.643878
0.350000,2.250000,-0.374815
0.400000,2.250000,-0.229859
0.450000,2.250000,-0.120059
0.500000,2.250000,-0.029632
0.550000,2.250000,0.047862
0.600000,2.250000,0.115819
0.650000,2.250000,0.176294
0.700000,2.250000,0.230642
0.750000,2.250000,0.279815
0.800000,2.250000,0.324508
0.850000,2.250000,0.365251
0.900000,2.250000,0.402456
0.950000,2.250000,0.436448
1.000000,2.250000,0.467493
1.050000,2.250000,0.495807
1.100000,2.250000,0.521570
1.150000,2.250000,0.544932
1.200000,2.250000,0.566017
1.250000,2.250000,0.584934
1.300000,2.250000,0.601770
1.350000,2.250000,0.616603
1.400000,2.250000,0.629495
1.450000,2.250000,0.640499
1.500000,2.250000,0.649661
1.550000,2.250000,0.657014
1.600000,2.250000,0.662587
1.650000,2.250000,0.666401
1.700000,2.250000,0.668469
1.750000,2.250000,0.668800
1.800000,2.250000,0.667393
1.850000,2.250000,0.664245
1.900000,2.250000,0.659343
1.950000,2.250000,0.652670
2.000000,2.250000,0.644201
2.050000,2.250000,0.633902
2.100000,2.250000,0.621734
2.150000,2.250000,0.607647
2.200000,2.250000,0.591581
2.250000,2.250000,0.573466
2.300000,2.250000,0.553217
2.350000,2.250000,0.530735
2.400000,2.250000,0.505902
2.450000,2.250000,0.478578
2.500000,2.250000,0.448596
2.550000,2.250000,0.415753
2.600000,2.250000,0.379806
2.650000,2.250000,0.340453
2.700000,2.250000,
2.750000,2.250000,
2.800000,2.250000,
2.850000,2.250000,
2.900000,2.250000,
2.950000,2.250000,
3.000000,2.250000,
3.050000,2.250000,
3.100000,2.250000,
3.150000,2.250000,
3.200000,2.250000,
3.250000,2.250000,
3.300000,2.250000,
3.350000,2.250000,
3.400000,2.250000,
3.450000,2.250000,
3.500000,2.250000,
-3.500000,2.300000,
-3.450000,2.300000,
-3.400000,2.300000,
-3.350000,2.300000,
-3.300000,2.300000,
-3.250000,2.300000,
-3.200000,2.300000,
-3.150000,2.300000,
-3.100000,2.300000,
-3.050000,2.300000,
-3.000000,2.300000,
-2.950000,2.300000,
-2.900000,2.300000,
-2.850000,2.300000,
-2.800000,2.300000,
-2.750000,2.300000,
-2.700000,2.300000,
-2.650000,2.300000,
-2.600000,2.300000,0.447214
-2.550000,2.300000,0.676387
-2.500000,2.300000,0.842615
-2.450000,2.300000,0.978519
-2.400000,2.300000,1.095445
-2.350000,2.300000,1.198958
-2.300000,2.300000,1.292285
-2.250000,2.300000,1.377498
-2.200000,2.300000,1.456022
-2.150000,2.300000,1.528888
-2.100000,2.300000,1.596872
-2.050000,2.300000,1.660572
-2.000000,2.300000,1.720465
-1.950000,2.300000,1.776936
-1.900000,2.300000,1.830301
-1.850000,2.300000,1.880824
-1.800000,2.300000,1.928730
-1.750000,2.300000,1.974209
-1.700000,2.300000,2.017247
-1.650000,2.300000,2.018334
-1.600000,2.300000,2.018005
-1.550000,2.300000,2.016257
-1.500000,2.300000,2.013088
-1.450000,2.300000,2.008489
-1.400000,2.300000,2.002450
-1.350000,2.300000,1.994954
-1.300000,2.300000,1.985983
-1.250000,2.300000,1.975515
-1.200000,2.300000,1.963521
-1.150000,2.300000,1.949970
-1.100000,2.300000,1.934823
-1.050000,2.300000,1.918037
-1.000000,2.300000,1.899562
-0.950000,2.300000,1.879341
-0.900000,2.300000,1.857307
-0.850000,2.300000,1.833384
-0.800000,2.300000,1.807485
-0.750000,2.300000,1.779510
-0.700000,2.300000,1.749342
-0.650000,2.300000,1.716846
-0.600000,2.300000,1.681862
-0.550000,2.300000,1.644203
-0.500000,2.300000,1.603645
-0.450000,2.300000,1.559918
-0.400000,2.300000,1.512692
-0.350000,2.300000,1.461557
-0.300000,2.300000,1.405992
-0.250000,2.300000,1.345322
-0.200000,2.300000,1.278640
-0.150000,2.300000,1.204683
-0.100000,2.300000,1.121593
-0.050000,2.300000,1.026431
-0.000000,2.300000,0.913999
0.050000,2.300000,0.773207
0.100000,2.300000,0.568033
0.150000,2.300000,-1.046041
0.200000,2.300000,-0.974920
0.250000,2.300000,-0.700798
0.300000,2.300000,-0.382794
0.350000,2.300000,-0.231026
0.400000,2.300000,-0.117196
0.450000,2.300000,-0.023765
0.500000,2.300000,0.056204
0.550000,2.300000,0.126318
0.600000,2.300000,0.188738
0.650000,2.300000,0.244882
0.700000,2.300000,0.295743
0.750000,2.300000,0.342043
0.800000,2.300000,0.384333
0.850000,2.300000,0.423037
0.900000,2.300000,0.458494
0.950000,2.300000,0.490978
1.000000,2.300000,0.520713
1.050000,2.300000,0.547886
1.100000,2.300000,0.572651
1.150000,2.300000,0.595139
1.200000,2.300000,0.615462
1.250000,2.300000,0.633713
1.300000,2.300000,0.649971
1.350000,2.300000,0.664306
1.400000,2.300000,0.676773
1.450000,2.300000,0.687421
1.500000,2.300000,0.696290
1.550000,2.300000,0.703411
1.600000,2.300000,0.708809
1.650000,2.300000,0.712504
1.700000,2.300000,0.714508
1.750000,2.300000,0.714828
1.800000,2.300000,0.713466
1.850000,2.300000,0.710415
1.900000,2.300000,0.705667
1.950000,2.300000,0.699204
2.000000,2.300000,0.691004
2.050000,2.300000,0.681037
2.100000,2.300000,0.669267
2.150000,2.300000,0.655650
2.200000,2.300000,0.640130
2.250000,2.300000,0.622646
2.300000,2.300000,0.603122
2.350000,2.300000,0.581470
2.400000,2.300000,0.557586
2.450000,2.300000,0.531346
2.500000,2.300000,0.502606
2.550000,2.300000,0.471192
2.600000,2.300000,0.436895
2.650000,2.300000,
2.700000,2.300000,
2.750000,2.300000,
2.800000,2.300000,
2.850000,2.300000,
2.900000,2.300000,
2.950000,2.300000,
3.000000,2.300000,
3.050000,2.300000,
3.100000,2.300000,
3.150000,2.300000,
3.200000,2.300000,
3.250000,2.300000,
3.300000,2.300000,
3.350000,2.300000,
3.400000,2.300000,
3.450000,2.300000,
3.500000,2.300000,
-3.500000,2.350000,
-3.450000,2.350000,
-3.400000,2.350000,
-3.350000,2.350000,
-3.300000,2.350000,
-3.250000,2.350000,
-3.200000,2.350000,
-3.150000,2.350000,
-3.100000,2.350000,
-3.050000,2.350000,
-3.000000,2.350000,
-2.950000,2.350000,
-2.900000,2.350000,
-2.850000,2.350000,
-2.800000,2.350000,
-2.750000,2.350000,
-2.700000,2.350000,
-2.650000,2.350000,
-2.600000,2.350000,
-2.550000,2.350000,0.474342
-2.500000,2.350000,0.691014
-2.450000,2.350000,0.851469
-2.400000,2.350000,0.983616
-2.350000,2.350000,1.097725
-2.300000,2.350000,1.198958
-2.250000,2.350000,1.290349
-2.200000,2.350000,1.373863
-2.150000,2.350000,1.450862
-2.100000,2.350000,1.522334
-2.050000,2.350000,1.589025
-2.000000,2.350000,1.651514
-1.950000,2.350000,1.710263
-1.900000,2.350000,1.765644
-1.850000,2.350000,1.817966
-1.800000,2.350000,1.867485
-1.750000,2.350000,1.914419
-1.700000,2.350000,1.958954
-1.650000,2.350000,2.001250
-1.600000,2.350000,2.023489
-1.550000,2.350000,2.021747
-1.500000,2.350000,2.018588
-1.450000,2.350000,2.014004
-1.400000,2.350000,2.007983
-1.350000,2.350000,2.000511
-1.300000,2.350000,1.991569
-1.250000,2.350000,1.981135
-1.200000,2.350000,1.969180
-1.150000,2.350000,1.955674
-1.100000,2.350000,1.940578
-1.050000,2.350000,1.923850
-1.000000,2.350000,1.905440
-0.950000,2.350000,1.885292
-0.900000,2.350000,1.863339
-0.850000,2.350000,1.839507
-0.800000,2.350000,1.813710
-0.750000,2.350000,1.785848
-0.700000,2.350000,1.755808
-0.650000,2.350000,1.723454
-0.600000,2.350000,1.688632
-0.550000,2.350000,1.651155
-0.500000,2.350000,1.610805
-0.450000,2.350000,1.567316
-0.400000,2.350000,1.520366
-0.350000,2.350000,1.469554
-0.300000,2.350000,1.414372
-0.250000,2.350000,1.354164
-0.200000,2.350000,1.288052
-0.150000,2.350000,1.214819
-0.100000,2.350000,1.132688
-0.050000,2.350000,1.038871
-0.000000,2.350000,0.928514
0.050000,2.350000,0.791534
0.100000,2.350000,0.597472
0.150000,2.350000,-1.021289
0.200000,2.350000,-0.951689
0.250000,2.350000,-0.404322
0.300000,2.350000,-0.241553
0.350000,2.350000,-0.122001
0.400000,2.350000,-0.024611
0.450000,2.350000,0.058459
0.500000,2.350000,0.131172
0.550000,2.350000,0.195866
0.600000,2.350000,0.254060
0.650000,2.350000,0.306808
0.700000,2.350000,0.354875
0.750000,2.350000,0.398839
0.800000,2.350000,0.439145
0.850000,2.350000,0.476150
0.900000,2.350000,0.510138
0.950000,2.350000,0.541345
1.000000,2.350000,0.569964
1.050000,2.350000,0.596158
1.100000,2.350000,0.620064
1.150000,2.350000,0.641798
1.200000,2.350000,0.661459
1.250000,2.350000,0.679131
1.300000,2.350000,0.694887
1.350000,2.350000,0.708786
1.400000,2.350000,0.720882
1.450000,2.350000,0.731217
1.500000,2.350000,0.739829
1.550000,2.350000,0.746745
1.600000,2.350000,0.751990
1.650000,2.350000,0.755581
1.700000,2.350000,0.757528
1.750000,2.350000,0.757840
1.800000,2.350000,0.756515
1.850000,2.350000,0.753551
1.900000,2.350000,0.748937
1.950000,2.350000,0.742659
2.000000,2.350000,0.734696
2.050000,2.350000,0.725020
2.100000,2.350000,0.713599
2.150000,2.350000,0.700391
2.200000,2.350000,0.685349
2.250000,2.350000,0.668414
2.300000,2.350000,0.649519
2.350000,2.350000,0.628585
2.400000,2.350000,0.605518
2.450000,2.350000,0.580209
2.500000,2.350000,0.552531
2.550000,2.350000,0.474342
2.600000,2.350000,
2.650000,2.350000,
2.700000,2.350000,
2.750000,2.350000,
2.800000,2.350000,
2.850000,2.350000,
2.900000,2.350000,
2.950000,2.350000,
3.000000,2.350000,
3.050000,2.350000,
3.100000,2.350000,
3.150000,2.350000,
3.200000,2.350000,
3.250000,2.350000,
3.300000,2.350000,
3.350000,2.350000,
3.400000,2.350000,
3.450000,2.350000,
3.500000,2.350000,
-3.500000,2.400000,
-3.450000,2.400000,
-3.400000,2.400000,
-3.350000,2.400000,
-3.300000,2.400000,
-3.250000,2.400000,
-3.200000,2.400000,
-3.150000,2.400000,
-3.100000,2.400000,
-3.050000,2.400000,
-3.000000,2.400000,
-2.950000,2.400000,
-2.900000,2.400000,
-2.850000,2.400000,
-2.800000,2.400000,
-2.750000,2.400000,
-2.700000,2.400000,
-2.650000,2.400000,
-2.600000,2.400000,
-2.550000,2.400000,
-2.500000,2.400000,0.489898
-2.450000,2.400000,0.698212
-2.400000,2.400000,0.854400
-2.350000,2.400000,0.983616
-2.300000,2.400000,1.095445
-2.250000,2.400000,1.194780
-2.200000,2.400000,1.284523
-2.150000,2.400000,1.366565
-2.100000,2.400000,1.442221
-2.050000,2.400000,1.512448
-2.000000,2.400000,1.577973
-1.950000,2.400000,1.639360
-1.900000,2.400000,1.697056
-1.850000,2.400000,1.751428
-1.800000,2.400000,1.802776
-1.750000,2.400000,1.851351
-1.700000,2.400000,1.897367
-1.650000,2.400000,1.941005
-1.600000,2.400000,1.982423
-1.550000,2.400000,2.021757
-1.500000,2.400000,2.022658
-1.450000,2.400000,2.018085
-1.400000,2.400000,2.012078
-1.350000,2.400000,2.004623
-1.300000,2.400000,1.995703
-1.250000,2.400000,1.985293
-1.200000,2.400000,1.973367
-1.150000,2.400000,1.959894
-1.100000,2.400000,1.944836
-1.050000,2.400000,1.928151
-1.000000,2.400000,1.909789
-0.950000,2.400000,1.889693
-0.900000,2.400000,1.867801
-0.850000,2.400000,1.844035
-0.800000,2.400000,1.818313
-0.750000,2.400000,1.790535
-0.700000,2.400000,1.760588
-0.650000,2.400000,1.728339
-0.600000,2.400000,1.693635
-0.550000,2.400000,1.656292
-0.500000,2.400000,1.616094
-0.450000,2.400000,1.572780
-0.400000,2.400000,1.526031
-0.350000,2.400000,1.475454
-0.300000,2.400000,1.420551
-0.250000,2.400000,1.360679
-0.200000,2.400000,1.294981
-0.150000,2.400000,1.222272
-0.100000,2.400000,1.140831
-0.050000,2.400000,1.047976
-0.000000,2.400000,0.939087
0.050000,2.400000,0.804740
0.100000,2.400000,0.617783
0.150000,2.400000,-0.999341
0.200000,2.400000,-0.442046
0.250000,2.400000,-0.262018
0.300000,2.400000,-0.134648
0.350000,2.400000,-0.032191
0.400000,2.400000,0.054677
0.450000,2.400000,0.130472
0.500000,2.400000,0.197796
0.550000,2.400000,0.258312
0.600000,2.400000,0.313161
0.650000,2.400000,0.363164
0.700000,2.400000,0.408938
0.750000,2.400000,0.450958
0.800000,2.400000,0.489600
0.850000,2.400000,0.525165
0.900000,2.400000,0.557901
0.950000,2.400000,0.588011
1.000000,2.400000,0.615668
1.050000,2.400000,0.641015
1.100000,2.400000,0.664174
1.150000,2.400000,0.685250
1.200000,2.400000,0.704332
1.250000,2.400000,0.721497
1.300000,2.400000,0.736809
1.350000,2.400000,0.750326
1.400000,2.400000,0.762094
1.450000,2.400000,0.772154
1.500000,2.400000,0.780538
1.550000,2.400000,0.787274
1.600000,2.400000,0.792383
1.650000,2.400000,0.795881
1.700000,2.400000,0.797778
1.750000,2.400000,0.798081
1.800000,2.400000,0.796791
1.850000,2.400000,0.793903
1.900000,2.400000,0.789409
1.950000,2.400000,0.783294
2.000000,2.400000,0.775540
2.050000,2.400000,0.766121
2.100000,2.400000,0.755008
2.150000,2.400000,0.742162
2.200000,2.400000,0.727538
2.250000,2.400000,0.711086
2.300000,2.400000,0.692741
2.350000,2.400000,0.672434
2.400000,2.400000,0.650079
2.450000,2.400000,0.625578
2.500000,2.400000,0.489898
2.550000,2.400000,
2.600000,2.400000,
2.650000,2.400000,
2.700000,2.400000,
2.750000,2.400000,
2.800000,2.400000,
2.850000,2.400000,
2.900000,2.400000,
2.950000,2.400000,
3.000000,2.400000,
3.050000,2.400000,
3.100000,2.400000,
3.150000,2.400000,
3.200000,2.400000,
3.250000,2.400000,
3.300000,2.400000,
3.350000,2.400000,
3.400000,2.400000,
3.450000,2.400000,
3.500000,2.400000,
-3.500000,2.450000,
-3.450000,2.450000,
-3.400000,2.450000,
-3.350000,2.450000,
-3.300000,2.450000,
-3.250000,2.450000,
-3.200000,2.450000,
-3.150000,2.450000,
-3.100000,2.450000,
-3.050000,2.450000,
-3.000000,2.450000,
-2.950000,2.450000,
-2.900000,2.450000,
-2.850000,2.450000,
-2.800000,2.450000,
-2.750000,2.450000,
-2.700000,2.450000,
-2.650000,2.450000,
-2.600000,2.450000,
-2.550000,2.450000,
-2.500000,2.450000,
-2.450000,2.450000,0.494975
-2.400000,2.450000,0.698212
-2.350000,2.450000,0.851469
-2.300000,2.450000,0.978519
-2.250000,2.450000,1.088577
-2.200000,2.450000,1.186381
-2.150000,2.450000,1.274755
-2.100000,2.450000,1.355544
-2.050000,2.450000,1.430035
-2.000000,2.450000,1.499166
-1.950000,2.450000,1.563650
-1.900000,2.450000,1.624038
-1.850000,2.450000,1.680774
-1.800000,2.450000,1.734215
-1.750000,2.450000,1.784657
-1.700000,2.450000,1.832348
-1.650000,2.450000,1.877498
-1.600000,2.450000,1.920286
-1.550000,2.450000,1.960867
-1.500000,2.450000,1.999375
-1.450000,2.450000,2.020742
-1.400000,2.450000,2.014744
-1.350000,2.450000,2.007301
-1.300000,2.450000,1.998394
-1.250000,2.450000,1.988001
-1.200000,2.450000,1.976094
-1.150000,2.450000,1.962642
-1.100000,2.450000,1.947608
-1.050000,2.450000,1.930951
-1.000000,2.450000,1.912620
-0.950000,2.450000,1.892559
-0.900000,2.450000,1.870705
-0.850000,2.450000,1.846983
-0.800000,2.450000,1.821309
-0.750000,2.450000,1.793585
-0.700000,2.450000,1.763698
-0.650000,2.450000,1.731518
-0.600000,2.450000,1.696890
-0.550000,2.450000,1.659633
-0.500000,2.450000,1.619533
-0.450000,2.450000,1.576332
-0.400000,2.450000,1.529714
-0.350000,2.450000,1.479289
-0.300000,2.450000,1.424566
-0.250000,2.450000,1.364910
-0.200000,2.450000,1.299477
-0.150000,2.450000,1.227104
-0.100000,2.450000,1.146104
-0.050000,2.450000,1.053861
-0.000000,2.450000,0.945898
0.050000,2.450000,0.813189
0.100000,2.450000,0.630445
0.150000,2.450000,-0.502707
0.200000,2.450000,-0.293698
0.250000,2.450000,-0.155620
0.300000,2.450000,-0.046719
0.350000,2.450000,0.044772
0.400000,2.450000,0.124205
0.450000,2.450000,0.194559
0.500000,2.450000,0.257699
0.550000,2.450000,0.314882
0.600000,2.450000,0.367008
0.650000,2.450000,0.414744
0.700000,2.450000,0.458600
0.750000,2.450000,0.498978
0.800000,2.450000,0.536201
0.850000,2.450000,0.570532
0.900000,2.450000,0.602186
0.950000,2.450000,0.631347
1.000000,2.450000,0.658165
1.050000,2.450000,0.682771
1.100000,2.450000,0.705275
1.150000,2.450000,0.725773
1.200000,2.450000,0.744345
1.250000,2.450000,0.761061
1.300000,2.450000,0.775983
1.350000,2.450000,0.789160
1.400000,2.450000,0.800637
1.450000,2.450000,0.810452
1.500000,2.450000,0.818634
1.550000,2.450000,0.825209
1.600000,2.450000,0.830197
1.650000,2.450000,0.833613
1.700000,2.450000,0.835466
1.750000,2.450000,0.835762
1.800000,2.450000,0.834502
1.850000,2.450000,0.831682
1.900000,2.450000,0.827294
1.950000,2.450000,0.821324
2.000000,2.450000,0.813756
2.050000,2.450000,0.804566
2.100000,2.450000,0.793726
2.150000,2.450000,0.781200
2.200000,2.450000,0.766948
2.250000,2.450000,0.750921
2.300000,2.450000,0.733063
2.350000,2.450000,0.713307
2.400000,2.450000,0.691577
2.450000,2.450000,0.494975
2.500000,2.450000,
2.550000,2.450000,
2.600000,2.450000,
2.650000,2.450000,
2.700000,2.450000,
2.750000,2.450000,
2.800000,2.450000,
2.850000,2.450000,
2.900000,2.450000,
2.950000,2.450000,
3.000000,2.450000,
3.050000,2.450000,
3.100000,2.450000,
3.150000,2.450000,
3.200000,2.450000,
3.250000,2.450000,
3.300000,2.450000,
3.350000,2.450000,
3.400000,2.450000,
3.450000,2.450000,
3.500000,2.450000,
-3.500000,2.500000,
-3.450000,2.500000,
-3.400000,2.500000,
-3.350000,2.500000,
-3.300000,2.500000,
-3.250000,2.500000,
-3.200000,2.500000,
-3.150000,2.500000,
-3.100000,2.500000,
-3.050000,2.500000,
-3.000000,2.500000,
-2.950000,2.500000,
-2.900000,2.500000,
-2.850000,2.500000,
-2.800000,2.500000,
-2.750000,2.500000,
-2.700000,2.500000,
-2.650000,2.500000,
-2.600000,2.500000,
-2.550000,2.500000,
-2.500000,2.500000,
-2.450000,2.500000,
-2.400000,2.500000,0.489898
-2.350000,2.500000,0.691014
-2.300000,2.500000,0.842615
-2.250000,2.500000,0.968246
-2.200000,2.500000,1.077033
-2.150000,2.500000,1.173669
-2.100000,2.500000,1.260952
-2.050000,2.500000,1.340709
-2.000000,2.500000,1.414214
-1.950000,2.500000,1.482397
-1.900000,2.500000,1.545962
-1.850000,2.500000,1.605459
-1.800000,2.500000,1.661325
-1.750000,2.500000,1.713914
-1.700000,2.500000,1.763519
-1.650000,2.500000,1.810387
-1.600000,2.500000,1.854724
-1.550000,2.500000,1.896708
-1.500000,2.500000,1.936492
-1.450000,2.500000,1.974209
-1.400000,2.500000,2.009975
-1.350000,2.500000,2.008551
-1.300000,2.500000,1.999650
-1.250000,2.500000,1.989264
-1.200000,2.500000,1.977366
-1.150000,2.500000,1.963924
-1.100000,2.500000,1.948902
-1.050000,2.500000,1.932257
-1.000000,2.500000,1.913941
-0.950000,2.500000,1.893896
-0.900000,2.500000,1.872060
-0.850000,2.500000,1.848359
-0.800000,2.500000,1.822707
-0.750000,2.500000,1.795008
-0.700000,2.500000,1.765150
-0.650000,2.500000,1.733001
-0.600000,2.500000,1.698408
-0.550000,2.500000,1.661192
-0.500000,2.500000,1.621138
-0.450000,2.500000,1.577988
-0.400000,2.500000,1.531430
-0.350000,2.500000,1.481076
-0.300000,2.500000,1.426436
-0.250000,2.500000,1.366881
-0.200000,2.500000,1.301571
-0.150000,2.500000,1.229354
-0.100000,2.500000,1.148557
-0.050000,2.500000,1.056596
-0.000000,2.500000,0.949058
0.050000,2.500000,0.817093
0.100000,2.500000,0.636218
0.150000,2.500000,-0.339052
0.200000,2.500000,-0.185811
0.250000,2.500000,-0.068624
0.300000,2.500000,0.028519
0.350000,2.500000,0.112253
0.400000,2.500000,0.186103
0.450000,2.500000,0.252211
0.500000,2.500000,0.311995
0.550000,2.500000,0.366453
0.600000,2.500000,0.416318
0.650000,2.500000,0.462146
0.700000,2.500000,0.504374
0.750000,2.500000,0.543347
0.800000,2.500000,0.579348
0.850000,2.500000,0.612608
0.900000,2.500000,0.643322
0.950000,2.500000,0.671651
1.000000,2.500000,0.697734
1.050000,2.500000,0.721688
1.100000,2.500000,0.743614
1.150000,2.500000,0.763600
1.200000,2.500000,0.781720
1.250000,2.500000,0.798038
1.300000,2.500000,0.812611
1.350000,2.500000,0.825486
1.400000,2.500000,0.836704
1.450000,2.500000,0.846300
1.500000,2.500000,0.854302
1.550000,2.500000,0.860733
1.600000,2.500000,0.865613
1.650000,2.500000,0.868955
1.700000,2.500000,0.870768
1.750000,2.500000,0.871058
1.800000,2.500000,0.869824
1.850000,2.500000,0.867065
1.900000,2.500000,0.862772
1.950000,2.500000,0.856933
2.000000,2.500000,0.849531
2.050000,2.500000,0.840545
2.100000,2.500000,0.829948
2.150000,2.500000,0.817708
2.200000,2.500000,0.803786
2.250000,2.500000,0.788138
2.300000,2.500000,0.770711
2.350000,2.500000,0.691014
2.400000,2.500000,0.489898
2.450000,2.500000,
2.500000,2.500000,
2.550000,2.500000,
2.600000,2.500000,
2.650000,2.500000,
2.700000,2.500000,
2.750000,2.500000,
2.800000,2.500000,
2.850000,2.500000,
2.900000,2.500000,
2.950000,2.500000,
3.000000,2.500000,
3.050000,2.500000,
3.100000,2.500000,
3.150000,2.500000,
3.200000,2.500000,
3.250000,2.500000,
3.300000,2.500000,
3.350000,2.500000,
3.400000,2.500000,
3.450000,2.500000,
3.500000,2.500000,
-3.500000,2.550000,
-3.450000,2.550000,
-3.400000,2.550000,
-3.350000,2.550000,
-3.300000,2.550000,
-3.250000,2.550000,
-3.200000,2.550000,
-3.150000,2.550000,
-3.100000,2.550000,
-3.050000,2.550000,
-3.000000,2.550000,
-2.950000,2.550000,
-2.900000,2.550000,
-2.850000,2.550000,
-2.800000,2.550000,
-2.750000,2.550000,
-2.700000,2.550000,
-2.650000,2.550000,
-2.600000,2.550000,
-2.550000,2.550000,
-2.500000,2.550000,
-2.450000,2.550000,
-2.400000,2.550000,
-2.350000,2.550000,0.474342
-2.300000,2.550000,0.676387
-2.250000,2.550000,0.827647
-2.200000,2.550000,0.952628
-2.150000,2.550000,1.060660
-2.100000,2.550000,1.156503
-2.050000,2.550000,1.242980
-2.000000,2.550000,1.321930
-1.950000,2.550000,1.394633
-1.900000,2.550000,1.462019
-1.850000,2.550000,1.524795
-1.800000,2.550000,1.583509
-1.750000,2.550000,1.638597
-1.700000,2.550000,1.690414
-1.650000,2.550000,1.739253
-1.600000,2.550000,1.785357
-1.550000,2.550000,1.828934
-1.500000,2.550000,1.870160
-1.450000,2.550000,1.909188
-1.400000,2.550000,1.946150
-1.350000,2.550000,1.981161
-1.300000,2.550000,1.999474
-1.250000,2.550000,1.989087
-1.200000,2.550000,1.977188
-1.150000,2.550000,1.963745
-1.100000,2.550000,1.948721
-1.050000,2.550000,1.932074
-1.000000,2.550000,1.913756
-0.950000,2.550000,1.893709
-0.900000,2.550000,1.871870
-0.850000,2.550000,1.848166
-0.800000,2.550000,1.822511
-0.750000,2.550000,1.794809
-0.700000,2.550000,1.764946
-0.650000,2.550000,1.732793
-0.600000,2.550000,1.698195
-0.550000,2.550000,1.660973
-0.500000,2.550000,1.620913
-0.450000,2.550000,1.577756
-0.400000,2.550000,1.531190
-0.350000,2.550000,1.480826
-0.300000,2.550000,1.426174
-0.250000,2.550000,1.366605
-0.200000,2.550000,1.301278
-0.150000,2.550000,1.229039
-0.100000,2.550000,1.148214
-0.050000,2.550000,1.056214
-0.000000,2.550000,0.948616
0.050000,2.550000,0.816547
0.100000,2.550000,0.635414
0.150000,2.550000,-0.226752
0.200000,2.550000,-0.098626
0.250000,2.550000,0.005518
0.300000,2.550000,0.094380
0.350000,2.550000,0.172287
0.400000,2.550000,0.241770
0.450000,2.550000,0.304463
0.500000,2.550000,0.361493
0.550000,2.550000,0.413678
0.600000,2.550000,0.461634
0.650000,2.550000,0.505838
0.700000,2.550000,0.546666
0.750000,2.550000,0.584424
0.800000,2.550000,0.619362
0.850000,2.550000,0.651687
0.900000,2.550000,0.681575
0.950000,2.550000,0.709172
1.000000,2.550000,0.734605
1.050000,2.550000,0.757982
1.100000,2.550000,0.779395
1.150000,2.550000,0.798925
1.200000,2.550000,0.816642
1.250000,2.550000,0.832605
1.300000,2.550000,0.846867
1.350000,2.550000,0.859471
1.400000,2.550000,0.870457
1.450000,2.550000,0.879857
1.500000,2.550000,0.887697
1.550000,2.550000,0.894000
1.600000,2.550000,0.898782
1.650000,2.550000,0.902058
1.700000,2.550000,0.903835
1.750000,2.550000,0.904119
1.800000,2.550000,0.902910
1.850000,2.550000,0.900205
1.900000,2.550000,0.895998
1.950000,2.550000,0.890275
2.000000,2.550000,0.883023
2.050000,2.550000,0.874220
2.100000,2.550000,0.863841
2.150000,2.550000,0.851856
2.200000,2.550000,0.838230
2.250000,2.550000,0.822920
2.300000,2.550000,0.676387
2.350000,2.550000,0.474342
2.400000,2.550000,
2.450000,2.550000,
2.500000,2.550000,
2.550000,2.550000,
2.600000,2.550000,
2.650000,2.550000,
2.700000,2.550000,
2.750000,2.550000,
2.800000,2.550000,
2.850000,2.550000,
2.900000,2.550000,
2.950000,2.550000,
3.000000,2.550000,
3.050000,2.550000,
3.100000,2.550000,
3.150000,2.550000,
3.200000,2.550000,
3.250000,2.550000,
3.300000,2.550000,
3.350000,2.550000,
3.400000,2.550000,
3.450000,2.550000,
3.500000,2.550000,
-3.500000,2.600000,
-3.450000,2.600000,
-3.400000,2.600000,
-3.350000,2.600000,
-3.300000,2.600000,
-3.250000,2.600000,
-3.200000,2.600000,
-3.150000,2.600000,
-3.100000,2.600000,
-3.050000,2.600000,
-3.000000,2.600000,
-2.950000,2.600000,
-2.900000,2.600000,
-2.850000,2.600000,
-2.800000,2.600000,
-2.750000,2.600000,
-2.700000,2.600000,
-2.650000,2.600000,
-2.600000,2.600000,
-2.550000,2.600000,
-2.500000,2.600000,
-2.450000,2.600000,
-2.400000,2.600000,
-2.350000,2.600000,
-2.300000,2.600000,0.447214
-2.250000,2.600000,0.653835
-2.200000,2.600000,0.806226
-2.150000,2.600000,0.931397
-2.100000,2.600000,1.039230
-2.050000,2.600000,1.134681
-2.000000,2.600000,1.220656
-1.950000,2.600000,1.299038
-1.900000,2.600000,1.371131
-1.850000,2.600000,1.437880
-1.800000,2.600000,1.500000
-1.750000,2.600000,1.558044
-1.700000,2.600000,1.612452
-1.650000,2.600000,1.663580
-1.600000,2.600000,1.711724
-1.550000,2.600000,1.757128
-1.500000,2.600000,1.800000
-1.450000,2.600000,1.840516
-1.400000,2.600000,1.878829
-1.350000,2.600000,1.915072
-1.300000,2.600000,1.949359
-1.250000,2.600000,1.981792
-1.200000,2.600000,1.975559
-1.150000,2.600000,1.962103
-1.100000,2.600000,1.947064
-1.050000,2.600000,1.930401
-1.000000,2.600000,1.912064
-0.950000,2.600000,1.891996
-0.900000,2.600000,1.870135
-0.850000,2.600000,1.846404
-0.800000,2.600000,1.820721
-0.750000,2.600000,1.792986
-0.700000,2.600000,1.763088
-0.650000,2.600000,1.730894
-0.600000,2.600000,1.696251
-0.550000,2.600000,1.658977
-0.500000,2.600000,1.618858
-0.450000,2.600000,1.575635
-0.400000,2.600000,1.528991
-0.350000,2.600000,1.478536
-0.300000,2.600000,1.423778
-0.250000,2.600000,1.364080
-0.200000,2.600000,1.298595
-0.150000,2.600000,1.226157
-0.100000,2.600000,1.145070
-0.050000,2.600000,1.052709
-0.000000,2.600000,0.944565
0.050000,2.600000,0.811539
0.100000,2.600000,0.627991
0.150000,2.600000,-0.137877
0.200000,2.600000,-0.024854
0.250000,2.600000,0.070209
0.300000,2.600000,0.152871
0.350000,2.600000,0.226221
0.400000,2.600000,0.292186
0.450000,2.600000,0.352068
0.500000,2.600000,0.406796
0.550000,2.600000,0.457058
0.600000,2.600000,0.503383
0.650000,2.600000,0.546186
0.700000,2.600000,0.585801
0.750000,2.600000,0.622499
0.800000,2.600000,0.656506
0.850000,2.600000,0.688009
0.900000,2.600000,0.717167
0.950000,2.600000,0.744117
1.000000,2.600000,0.768973
1.050000,2.600000,0.791836
1.100000,2.600000,0.812791
1.150000,2.600000,0.831915
1.200000,2.600000,0.849271
1.250000,2.600000,0.864916
1.300000,2.600000,0.878898
1.350000,2.600000,0.891260
1.400000,2.600000,0.902037
1.450000,2.600000,0.911260
1.500000,2.600000,0.918955
1.550000,2.600000,0.925141
1.600000,2.600000,0.929836
1.650000,2.600000,0.933052
1.700000,2.600000,0.934797
1.750000,2.600000,0.935076
1.800000,2.600000,0.933889
1.850000,2.600000,0.931234
1.900000,2.600000,0.927103
1.950000,2.600000,0.921485
2.000000,2.600000,0.914367
2.050000,2.600000,0.905728
2.100000,2.600000,0.895546
2.150000,2.600000,0.883791
2.200000,2.600000,0.806226
2.250000,2.600000,0.653835
2.300000,2.600000,0.447214
2.350000,2.600000,
2.400000,2.600000,
2.450000,2.600000,
2.500000,2.600000,
2.550000,2.600000,
2.600000,2.600000,
2.650000,2.600000,
2.700000,2.600000,
2.750000,2.600000,
2.800000,2.600000,
2.850000,2.600000,
2.900000,2.600000,
2.950000,2.600000,
3.000000,2.600000,
3.050000,2.600000,
3.100000,2.600000,
3.150000,2.600000,
3.200000,2.600000,
3.250000,2.600000,
3.300000,2.600000,
3.350000,2.600000,
3.400000,2.600000,
3.450000,2.600000,
3.500000,2.600000,
-3.500000,2.650000,
-3.450000,2.650000,
-3.400000,2.650000,
-3.350000,2.650000,
-3.300000,2.650000,
-3.250000,2.650000,
-3.200000,2.650000,
-3.150000,2.650000,
-3.100000,2.650000,
-3.050000,2.650000,
-3.000000,2.650000,
-2.950000,2.650000,
-2.900000,2.650000,
-2.850000,2.650000,
-2.800000,2.650000,
-2.750000,2.650000,
-2.700000,2.650000,
-2.650000,2.650000,
-2.600000,2.650000,
-2.550000,2.650000,
-2.500000,2.650000,
-2.450000,2.650000,
-2.400000,2.650000,
-2.350000,2.650000,
-2.300000,2.650000,
-2.250000,2.650000,0.406202
-2.200000,2.650000,0.622495
-2.150000,2.650000,0.777817
-2.100000,2.650000,0.904157
-2.050000,2.650000,1.012423
-2.000000,2.650000,1.107926
-1.950000,2.650000,1.193734
-1.900000,2.650000,1.271810
-1.850000,2.650000,1.343503
-1.800000,2.650000,1.409787
-1.750000,2.650000,1.471394
-1.700000,2.650000,1.528888
-1.650000,2.650000,1.582719
-1.600000,2.650000,1.633248
-1.550000,2.650000,1.680774
-1.500000,2.650000,1.725543
-1.450000,2.650000,1.767767
-1.400000,2.650000,1.807623
-1.350000,2.650000,1.845264
-1.300000,2.650000,1.880824
-1.250000,2.650000,1.914419
-1.200000,2.650000,1.946150
-1.150000,2.650000,1.958993
-1.100000,2.650000,1.943927
-1.050000,2.650000,1.927233
-1.000000,2.650000,1.908861
-0.950000,2.650000,1.888754
-0.900000,2.650000,1.866848
-0.850000,2.650000,1.843069
-0.800000,2.650000,1.817331
-0.750000,2.650000,1.789535
-0.700000,2.650000,1.759568
-0.650000,2.650000,1.727297
-0.600000,2.650000,1.692567
-0.550000,2.650000,1.655196
-0.500000,2.650000,1.614966
-0.450000,2.650000,1.571614
-0.400000,2.650000,1.524823
-0.350000,2.650000,1.474196
-0.300000,2.650000,1.419234
-0.250000,2.650000,1.359291
-0.200000,2.650000,1.293505
-0.150000,2.650000,1.220685
-0.100000,2.650000,1.139098
-0.050000,2.650000,1.046040
-0.000000,2.650000,0.936842
0.050000,2.650000,0.801946
0.100000,2.650000,0.613540
0.150000,2.650000,-0.063545
0.200000,2.650000,0.039177
0.250000,2.650000,0.127493
0.300000,2.650000,0.205318
0.350000,2.650000,0.274997
0.400000,2.650000,0.338066
0.450000,2.650000,0.395596
0.500000,2.650000,0.448372
0.550000,2.650000,0.496988
0.600000,2.650000,0.541905
0.650000,2.650000,0.583492
0.700000,2.650000,0.622046
0.750000,2.650000,0.657814
0.800000,2.650000,0.691000
0.850000,2.650000,0.721775
0.900000,2.650000,0.750286
0.950000,2.650000,0.776659
1.000000,2.650000,0.801001
1.050000,2.650000,0.823405
1.100000,2.650000,0.843951
1.150000,2.650000,0.862710
1.200000,2.650000,0.879742
1.250000,2.650000,0.895101
1.300000,2.650000,0.908832
1.350000,2.650000,0.920975
1.400000,2.650000,0.931564
1.450000,2.650000,0.940628
1.500000,2.650000,0.948191
1.550000,2.650000,0.954273
1.600000,2.650000,0.958889
1.650000,2.650000,0.962051
1.700000,2.650000,0.963767
1.750000,2.650000,0.964041
1.800000,2.650000,0.962874
1.850000,2.650000,0.960263
1.900000,2.650000,0.956201
1.950000,2.650000,0.950679
2.000000,2.650000,0.943682
2.050000,2.650000,0.935192
2.100000,2.650000,0.904157
2.150000,2.650000,0.777817
2.200000,2.650000,0.622495
2.250000,2.650000,0.406202
2.300000,2.650000,
2.350000,2.650000,
2.400000,2.650000,
2.450000,2.650000,
2.500000,2.650000,
2.550000,2.650000,
2.600000,2.650000,
2.650000,2.650000,
2.700000,2.650000,
2.750000,2.650000,
2.800000,2.650000,
2.850000,2.650000,
2.900000,2.650000,
2.950000,2.650000,
3.000000,2.650000,
3.050000,2.650000,
3.100000,2.650000,
3.150000,2.650000,
3.200000,2.650000,
3.250000,2.650000,
3.300000,2.650000,
3.350000,2.650000,
3.400000,2.650000,
3.450000,2.650000,
3.500000,2.650000,
-3.500000,2.700000,
-3.450000,2.700000,
-3.400000,2.700000,
-3.350000,2.700000,
-3.300000,2.700000,
-3.250000,2.700000,
-3.200000,2.700000,
-3.150000,2.700000,
-3.100000,2.700000,
-3.050000,2.700000,
-3.000000,2.700000,
-2.950000,2.700000,
-2.900000,2.700000,
-2.850000,2.700000,
-2.800000,2.700000,
-2.750000,2.700000,
-2.700000,2.700000,
-2.650000,2.700000,
-2.600000,2.700000,
-2.550000,2.700000,
-2.500000,2.700000,
-2.450000,2.700000,
-2.400000,2.700000,
-2.350000,2.700000,
-2.300000,2.700000,
-2.250000,2.700000,
-2.200000,2.700000,0.346410
-2.150000,2.700000,0.580948
-2.100000,2.700000,0.741620
-2.050000,2.700000,0.870345
-2.000000,2.700000,0.979796
-1.950000,2.700000,1.075872
-1.900000,2.700000,1.161895
-1.850000,2.700000,1.239960
-1.800000,2.700000,1.311488
-1.750000,2.700000,1.377498
-1.700000,2.700000,1.438749
-1.650000,2.700000,1.495828
-1.600000,2.700000,1.549193
-1.550000,2.700000,1.599219
-1.500000,2.700000,1.646208
-1.450000,2.700000,1.690414
-1.400000,2.700000,1.732051
-1.350000,2.700000,1.771299
-1.300000,2.700000,1.808314
-1.250000,2.700000,1.843231
-1.200000,2.700000,1.876166
-1.150000,2.700000,1.907223
-1.100000,2.700000,1.936492
-1.050000,2.700000,1.922562
-1.000000,2.700000,1.904138
-0.950000,2.700000,1.883973
-0.900000,2.700000,1.862002
-0.850000,2.700000,1.838150
-0.800000,2.700000,1.812330
-0.750000,2.700000,1.784444
-0.700000,2.700000,1.754375
-0.650000,2.700000,1.721990
-0.600000,2.700000,1.687132
-0.550000,2.700000,1.649615
-0.500000,2.700000,1.609219
-0.450000,2.700000,1.565678
-0.400000,2.700000,1.518667
-0.350000,2.700000,1.467784
-0.300000,2.700000,1.412517
-0.250000,2.700000,1.352208
-0.200000,2.700000,1.285970
-0.150000,2.700000,1.212579
-0.100000,2.700000,1.130237
-0.050000,2.700000,1.036127
-0.000000,2.700000,0.925320
0.050000,2.700000,0.787521
0.100000,2.700000,0.591160
0.150000,2.700000,0.000456
0.200000,2.700000,0.095628
0.250000,2.700000,0.178710
0.300000,2.700000,0.252650
0.350000,2.700000,0.319309
0.400000,2.700000,0.379953
0.450000,2.700000,0.435488
0.500000,2.700000,0.486591
0.550000,2.700000,0.533784
0.600000,2.700000,0.577476
0.650000,2.700000,0.617999
0.700000,2.700000,0.655621
0.750000,2.700000,0.690568
0.800000,2.700000,0.723026
0.850000,2.700000,0.753155
0.900000,2.700000,0.781090
0.950000,2.700000,0.806948
1.000000,2.700000,0.830830
1.050000,2.700000,0.852822
1.100000,2.700000,0.873001
1.150000,2.700000,0.891432
1.200000,2.700000,0.908173
1.250000,2.700000,0.923274
1.300000,2.700000,0.936779
1.350000,2.700000,0.948725
1.400000,2.700000,0.959144
1.450000,2.700000,0.968064
1.500000,2.700000,0.975509
1.550000,2.700000,0.981495
1.600000,2.700000,0.986040
1.650000,2.700000,0.989153
1.700000,2.700000,0.990842
1.750000,2.700000,0.991112
1.800000,2.700000,0.989963
1.850000,2.700000,0.987393
1.900000,2.700000,0.983394
1.950000,2.700000,0.977958
2.000000,2.700000,0.971070
2.050000,2.700000,0.870345
2.100000,2.700000,0.741620
2.150000,2.700000,0.580948
2.200000,2.700000,0.346410
2.250000,2.700000,
2.300000,2.700000,
2.350000,2.700000,
2.400000,2.700000,
2.450000,2.700000,
2.500000,2.700000,
2.550000,2.700000,
2.600000,2.700000,
2.650000,2.700000,
2.700000,2.700000,
2.750000,2.700000,
2.800000,2.700000,
2.850000,2.700000,
2.900000,2.700000,
2.950000,2.700000,
3.000000,2.700000,
3.050000,2.700000,
3.100000,2.700000,
3.150000,2.700000,
3.200000,2.700000,
3.250000,2.700000,
3.300000,2.700000,
3.350000,2.700000,
3.400000,2.700000,
3.450000,2.700000,
3.500000,2.700000,
-3.500000,2.750000,
-3.450000,2.750000,
-3.400000,2.750000,
-3.350000,2.750000,
-3.300000,2.750000,
-3.250000,2.750000,
-3.200000,2.750000,
-3.150000,2.750000,
-3.100000,2.750000,
-3.050000,2.750000,
-3.000000,2.750000,
-2.950000,2.750000,
-2.900000,2.750000,
-2.850000,2.750000,
-2.800000,2.750000,
-2.750000,2.750000,
-2.700000,2.750000,
-2.650000,2.750000,
-2.600000,2.750000,
-2.550000,2.750000,
-2.500000,2.750000,
-2.450000,2.750000,
-2.400000,2.750000,
-2.350000,2.750000,
-2.300000,2.750000,
-2.250000,2.750000,
-2.200000,2.750000,
-2.150000,2.750000,0.254951
-2.100000,2.750000,0.526783
-2.050000,2.750000,0.696419
-2.000000,2.750000,0.829156
-1.950000,2.750000,0.940744
-1.900000,2.750000,1.038027
-1.850000,2.750000,1.124722
-1.800000,2.750000,1.203121
-1.750000,2.750000,1.274755
-1.700000,2.750000,1.340709
-1.650000,2.750000,1.401785
-1.600000,2.750000,1.458595
-1.550000,2.750000,1.511622
-1.500000,2.750000,1.561249
-1.450000,2.750000,1.607794
-1.400000,2.750000,1.651514
-1.350000,2.750000,1.692631
-1.300000,2.750000,1.731329
-1.250000,2.750000,1.767767
-1.200000,2.750000,1.802082
-1.150000,2.750000,1.834394
-1.100000,2.750000,1.864806
-1.050000,2.750000,1.893410
-1.000000,2.750000,1.897881
-0.950000,2.750000,1.877639
-0.900000,2.750000,1.855581
-0.850000,2.750000,1.831632
-0.800000,2.750000,1.805704
-0.750000,2.750000,1.777696
-0.700000,2.750000,1.747492
-0.650000,2.750000,1.714954
-0.600000,2.750000,1.679924
-0.550000,2.750000,1.642213
-0.500000,2.750000,1.601595
-0.450000,2.750000,1.557799
-0.400000,2.750000,1.510494
-0.350000,2.750000,1.459265
-0.300000,2.750000,1.403590
-0.250000,2.750000,1.342786
-0.200000,2.750000,1.275938
-0.150000,2.750000,1.201771
-0.100000,2.750000,1.118401
-0.050000,2.750000,1.022844
-0.000000,2.750000,0.909798
0.050000,2.750000,0.767857
0.100000,2.750000,0.559113
0.150000,2.750000,0.056528
0.200000,2.750000,0.145899
0.250000,2.750000,0.224797
0.300000,2.750000,0.295548
0.350000,2.750000,0.359681
0.400000,2.750000,0.418268
0.450000,2.750000,0.472093
0.500000,2.750000,0.521751
0.550000,2.750000,0.567705
0.600000,2.750000,0.610325
0.650000,2.750000,0.649911
0.700000,2.750000,0.686710
0.750000,2.750000,0.720929
0.800000,2.750000,0.752740
0.850000,2.750000,0.782293
0.900000,2.750000,0.809714
0.950000,2.750000,0.835111
1.000000,2.750000,0.858580
1.050000,2.750000,0.880203
1.100000,2.750000,0.900051
1.150000,2.750000,0.918187
1.200000,2.750000,0.934666
1.250000,2.750000,0.949534
1.300000,2.750000,0.962835
1.350000,2.750000,0.974602
1.400000,2.750000,0.984868
1.450000,2.750000,0.993658
1.500000,2.750000,1.000995
1.550000,2.750000,1.006896
1.600000,2.750000,1.011376
1.650000,2.750000,1.014445
1.700000,2.750000,1.016110
1.750000,2.750000,1.016376
1.800000,2.750000,1.015244
1.850000,2.750000,1.012709
1.900000,2.750000,1.008768
1.950000,2.750000,0.940744
2.000000,2.750000,0.829156
2.050000,2.750000,0.696419
2.100000,2.750000,0.526783
2.150000,2.750000,0.254951
2.200000,2.750000,
2.250000,2.750000,
2.300000,2.750000,
2.350000,2.750000,
2.400000,2.750000,
2.450000,2.750000,
2.500000,2.750000,
2.550000,2.750000,
2.600000,2.750000,
2.650000,2.750000,
2.700000,2.750000,
2.750000,2.750000,
2.800000,2.750000,
2.850000,2.750000,
2.900000,2.750000,
2.950000,2.750000,
3.000000,2.750000,
3.050000,2.750000,
3.100000,2.750000,
3.150000,2.750000,
3.200000,2.750000,
3.250000,2.750000,
3.300000,2.750000,
3.350000,2.750000,
3.400000,2.750000,
3.450000,2.750000,
3.500000,2.750000,
-3.500000,2.800000,
-3.450000,2.800000,
-3.400000,2.800000,
-3.350000,2.800000,
-3.300000,2.800000,
-3.250000,2.800000,
-3.200000,2.800000,
-3.150000,2.800000,
-3.100000,2.800000,
-3.050000,2.800000,
-3.000000,2.800000,
-2.950000,2.800000,
-2.900000,2.800000,
-2.850000,2.800000,
-2.800000,2.800000,
-2.750000,2.800000,
-2.700000,2.800000,
-2.650000,2.800000,
-2.600000,2.800000,
-2.550000,2.800000,
-2.500000,2.800000,
-2.450000,2.800000,
-2.400000,2.800000,
-2.350000,2.800000,
-2.300000,2.800000,
-2.250000,2.800000,
-2.200000,2.800000,
-2.150000,2.800000,
-2.100000,2.800000,0.000000
-2.050000,2.800000,0.455522
-2.000000,2.800000,0.640312
-1.950000,2.800000,0.779423
-1.900000,2.800000,0.894427
-1.850000,2.800000,0.993730
-1.800000,2.800000,1.081665
-1.750000,2.800000,1.160819
-1.700000,2.800000,1.232883
-1.650000,2.800000,1.299038
-1.600000,2.800000,1.360147
-1.550000,2.800000,1.416863
-1.500000,2.800000,1.469694
-1.450000,2.800000,1.519046
-1.400000,2.800000,1.565248
-1.350000,2.800000,1.608571
-1.300000,2.800000,1.649242
-1.250000,2.800000,1.687454
-1.200000,2.800000,1.723369
-1.150000,2.800000,1.757128
-1.100000,2.800000,1.788854
-1.050000,2.800000,1.818653
-1.000000,2.800000,1.846619
-0.950000,2.800000,1.869734
-0.900000,2.800000,1.847567
-0.850000,2.800000,1.823496
-0.800000,2.800000,1.797431
-0.750000,2.800000,1.769270
-0.700000,2.800000,1.738895
-0.650000,2.800000,1.706164
-0.600000,2.800000,1.670917
-0.550000,2.800000,1.632959
-0.500000,2.800000,1.592061
-0.450000,2.800000,1.547943
-0.400000,2.800000,1.500263
-0.350000,2.800000,1.448596
-0.300000,2.800000,1.392400
-0.250000,2.800000,1.330964
-0.200000,2.800000,1.263335
-0.150000,2.800000,1.188167
-0.100000,2.800000,1.103464
-0.050000,2.800000,1.006013
-0.000000,2.800000,0.889984
0.050000,2.800000,0.742324
0.100000,2.800000,0.513855
0.150000,2.800000,0.106191
0.200000,2.800000,0.190960
0.250000,2.800000,0.266438
0.300000,2.800000,0.334528
0.350000,2.800000,0.396522
0.400000,2.800000,0.453348
0.450000,2.800000,0.505695
0.500000,2.800000,0.554094
0.550000,2.800000,0.598964
0.600000,2.800000,0.640641
0.650000,2.800000,0.679400
0.700000,2.800000,0.715469
0.750000,2.800000,0.749041
0.800000,2.800000,0.780276
0.850000,2.800000,0.809314
0.900000,2.800000,0.836274
0.950000,2.800000,0.861258
1.000000,2.800000,0.884357
1.050000,2.800000,0.905647
1.100000,2.800000,0.925198
1.150000,2.800000,0.943068
1.200000,2.800000,0.959309
1.250000,2.800000,0.973968
1.300000,2.800000,0.987083
1.350000,2.800000,0.998690
1.400000,2.800000,1.008817
1.450000,2.800000,1.017489
1.500000,2.800000,1.024729
1.550000,2.800000,1.030552
1.600000,2.800000,1.034973
1.650000,2.800000,1.038002
1.700000,2.800000,1.039646
1.750000,2.800000,1.039908
1.800000,2.800000,1.038790
1.850000,2.800000,0.993730
1.900000,2.800000,0.894427
1.950000,2.800000,0.779423
2.000000,2.800000,0.640312
2.050000,2.800000,0.455522
2.100000,2.800000,0.000000
2.150000,2.800000,
2.200000,2.800000,
2.250000,2.800000,
2.300000,2.800000,
2.350000,2.800000,
2.400000,2.800000,
2.450000,2.800000,
2.500000,2.800000,
2.550000,2.800000,
2.600000,2.800000,
2.650000,2.800000,
2.700000,2.800000,
2.750000,2.800000,
2.800000,2.800000,
2.850000,2.800000,
2.900000,2.800000,
2.950000,2.800000,
3.000000,2.800000,
3.050000,2.800000,
3.100000,2.800000,
3.150000,2.800000,
3.200000,2.800000,
3.250000,2.800000,
3.300000,2.800000,
3.350000,2.800000,
3.400000,2.800000,
3.450000,2.800000,
3.500000,2.800000,
-3.500000,2.850000,
-3.450000,2.850000,
-3.400000,2.850000,
-3.350000,2.850000,
-3.300000,2.850000,
-3.250000,2.850000,
-3.200000,2.850000,
-3.150000,2.850000,
-3.100000,2.850000,
-3.050000,2.850000,
-3.000000,2.850000,
-2.950000,2.850000,
-2.900000,2.850000,
-2.850000,2.850000,
-2.800000,2.850000,
-2.750000,2.850000,
-2.700000,2.850000,
-2.650000,2.850000,
-2.600000,2.850000,
-2.550000,2.850000,
-2.500000,2.850000,
-2.450000,2.850000,
-2.400000,2.850000,
-2.350000,2.850000,
-2.300000,2.850000,
-2.250000,2.850000,
-2.200000,2.850000,
-2.150000,2.850000,
-2.100000,2.850000,
-2.050000,2.850000,
-2.000000,2.850000,0.357071
-1.950000,2.850000,0.570088
-1.900000,2.850000,0.719375
-1.850000,2.850000,0.839643
-1.800000,2.850000,0.942072
-1.750000,2.850000,1.031988
-1.700000,2.850000,1.112430
-1.650000,2.850000,1.185327
-1.600000,2.850000,1.251998
-1.550000,2.850000,1.313393
-1.500000,2.850000,1.370219
-1.450000,2.850000,1.423025
-1.400000,2.850000,1.472243
-1.350000,2.850000,1.518223
-1.300000,2.850000,1.561249
-1.250000,2.850000,1.601562
-1.200000,2.850000,1.639360
-1.150000,2.850000,1.674813
-1.100000,2.850000,1.708069
-1.050000,2.850000,1.739253
-1.000000,2.850000,1.768474
-0.950000,2.850000,1.795828
-0.900000,2.850000,1.821401
-0.850000,2.850000,1.813715
-0.800000,2.850000,1.787485
-0.750000,2.850000,1.759138
-0.700000,2.850000,1.728553
-0.650000,2.850000,1.695589
-0.600000,2.850000,1.660076
-0.550000,2.850000,1.621818
-0.500000,2.850000,1.580576
-0.450000,2.850000,1.536063
-0.400000,2.850000,1.487925
-0.350000,2.850000,1.435719
-0.300000,2.850000,1.378879
-0.250000,2.850000,1.316662
-0.200000,2.850000,1.248061
-0.150000,2.850000,1.171644
-0.100000,2.850000,1.085260
-0.050000,2.850000,0.985389
-0.000000,2.850000,0.865462
0.050000,2.850000,0.709936
0.100000,2.850000,0.446295
0.150000,2.850000,0.150481
0.200000,2.850000,0.231514
0.250000,2.850000,0.304149
0.300000,2.850000,0.369991
0.350000,2.850000,0.430157
0.400000,2.850000,0.485463
0.450000,2.850000,0.536525
0.500000,2.850000,0.583824
0.550000,2.850000,0.627740
0.600000,2.850000,0.668584
0.650000,2.850000,0.706611
0.700000,2.850000,0.742032
0.750000,2.850000,0.775027
0.800000,2.850000,0.805747
0.850000,2.850000,0.834325
0.900000,2.850000,0.860872
0.950000,2.850000,0.885485
1.000000,2.850000,0.908250
1.050000,2.850000,0.929241
1.100000,2.850000,0.948524
1.150000,2.850000,0.966154
1.200000,2.850000,0.982182
1.250000,2.850000,0.996651
1.300000,2.850000,1.009599
1.350000,2.850000,1.021060
1.400000,2.850000,1.031061
1.450000,2.850000,1.039627
1.500000,2.850000,1.046778
1.550000,2.850000,1.052531
1.600000,2.850000,1.056899
1.650000,2.850000,1.059892
1.700000,2.850000,1.061516
1.750000,2.850000,1.031988
1.800000,2.850000,0.942072
1.850000,2.850000,0.839643
1.900000,2.850000,0.719375
1.950000,2.850000,0.570088
2.000000,2.850000,0.357071
2.050000,2.850000,
2.100000,2.850000,
2.150000,2.850000,
2.200000,2.850000,
2.250000,2.850000,
2.300000,2.850000,
2.350000,2.850000,
2.400000,2.850000,
2.450000,2.850000,
2.500000,2.850000,
2.550000,2.850000,
2.600000,2.850000,
2.650000,2.850000,
2.700000,2.850000,
2.750000,2.850000,
2.800000,2.850000,
2.850000,2.850000,
2.900000,2.850000,
2.950000,2.850000,
3.000000,2.850000,
3.050000,2.850000,
3.100000,2.850000,
3.150000,2.850000,
3.200000,2.850000,
3.250000,2.850000,
3.300000,2.850000,
3.350000,2.850000,
3.400000,2.850000,
3.450000,2.850000,
3.500000,2.850000,
-3.500000,2.900000,
-3.450000,2.900000,
-3.400000,2.900000,
-3.350000,2.900000,
-3.300000,2.900000,
-3.250000,2.900000,
-3.200000,2.900000,
-3.150000,2.900000,
-3.100000,2.900000,
-3.050000,2.900000,
-3.000000,2.900000,
-2.950000,2.900000,
-2.900000,2.900000,
-2.850000,2.900000,
-2.800000,2.900000,
-2.750000,2.900000,
-2.700000,2.900000,
-2.650000,2.900000,
-2.600000,2.900000,
-2.550000,2.900000,
-2.500000,2.900000,
-2.450000,2.900000,
-2.400000,2.900000,
-2.350000,2.900000,
-2.300000,2.900000,
-2.250000,2.900000,
-2.200000,2.900000,
-2.150000,2.900000,
-2.100000,2.900000,
-2.050000,2.900000,
-2.000000,2.900000,
-1.950000,2.900000,0.193649
-1.900000,2.900000,0.479583
-1.850000,2.900000,0.646142
-1.800000,2.900000,0.774597
-1.750000,2.900000,0.881760
-1.700000,2.900000,0.974679
-1.650000,2.900000,1.057119
-1.600000,2.900000,1.131371
-1.550000,2.900000,1.198958
-1.500000,2.900000,1.260952
-1.450000,2.900000,1.318143
-1.400000,2.900000,1.371131
-1.350000,2.900000,1.420387
-1.300000,2.900000,1.466288
-1.250000,2.900000,1.509139
-1.200000,2.900000,1.549193
-1.150000,2.900000,1.586663
-1.100000,2.900000,1.621727
-1.050000,2.900000,1.654539
-1.000000,2.900000,1.685230
-0.950000,2.900000,1.713914
-0.900000,2.900000,1.740690
-0.850000,2.900000,1.765644
-0.800000,2.900000,1.775832
-0.750000,2.900000,1.747264
-0.700000,2.900000,1.716431
-0.650000,2.900000,1.683187
-0.600000,2.900000,1.647359
-0.550000,2.900000,1.608741
-0.500000,2.900000,1.567089
-0.450000,2.900000,1.522103
-0.400000,2.900000,1.473414
-0.350000,2.900000,1.420559
-0.300000,2.900000,1.362943
-0.250000,2.900000,1.299779
-0.200000,2.900000,1.229992
-0.150000,2.900000,1.152039
-0.100000,2.900000,1.063568
-0.050000,2.900000,0.960640
-0.000000,2.900000,0.835636
0.050000,2.900000,0.669095
0.100000,2.900000,0.292926
0.150000,2.900000,0.190142
0.200000,2.900000,0.268087
0.250000,2.900000,0.338331
0.300000,2.900000,0.402256
0.350000,2.900000,0.460848
0.400000,2.900000,0.514835
0.450000,2.900000,0.564775
0.500000,2.900000,0.611107
0.550000,2.900000,0.654183
0.600000,2.900000,0.694291
0.650000,2.900000,0.731667
0.700000,2.900000,0.766511
0.750000,2.900000,0.798991
0.800000,2.900000,0.829252
0.850000,2.900000,0.857417
0.900000,2.900000,0.883594
0.950000,2.900000,0.907874
1.000000,2.900000,0.930340
1.050000,2.900000,0.951062
1.100000,2.900000,0.970102
1.150000,2.900000,0.987516
1.200000,2.900000,1.003351
1.250000,2.900000,1.017649
1.300000,2.900000,1.030447
1.350000,2.900000,1.041775
1.400000,2.900000,1.051663
1.450000,2.900000,1.060133
1.500000,2.900000,1.067204
1.550000,2.900000,1.072893
1.600000,2.900000,1.077213
1.650000,2.900000,1.057119
1.700000,2.900000,0.974679
1.750000,2.900000,0.881760
1.800000,2.900000,0.774597
1.850000,2.900000,0.646142
1.900000,2.900000,0.479583
1.950000,2.900000,0.193649
2.000000,2.900000,
2.050000,2.900000,
2.100000,2.900000,
2.150000,2.900000,
2.200000,2.900000,
2.250000,2.900000,
2.300000,2.900000,
2.350000,2.900000,
2.400000,2.900000,
2.450000,2.900000,
2.500000,2.900000,
2.550000,2.900000,
2.600000,2.900000,
2.650000,2.900000,
2.700000,2.900000,
2.750000,2.900000,
2.800000,2.900000,
2.850000,2.900000,
2.900000,2.900000,
2.950000,2.900000,
3.000000,2.900000,
3.050000,2.900000,
3.100000,2.900000,
3.150000,2.900000,
3.200000,2.900000,
3.250000,2.900000,
3.300000,2.900000,
3.350000,2.900000,
3.400000,2.900000,
3.450000,2.900000,
3.500000,2.900000,
-3.500000,2.950000,
-3.450000,2.950000,
-3.400000,2.950000,
-3.350000,2.950000,
-3.300000,2.950000,
-3.250000,2.950000,
-3.200000,2.950000,
-3.150000,2.950000,
-3.100000,2.950000,
-3.050000,2.950000,
-3.000000,2.950000,
-2.950000,2.950000,
-2.900000,2.950000,
-2.850000,2.950000,
-2.800000,2.950000,
-2.750000,2.950000,
-2.700000,2.950000,
-2.650000,2.950000,
-2.600000,2.950000,
-2.550000,2.950000,
-2.500000,2.950000,
-2.450000,2.950000,
-2.400000,2.950000,
-2.350000,2.950000,
-2.300000,2.950000,
-2.250000,2.950000,
-2.200000,2.950000,
-2.150000,2.950000,
-2.100000,2.950000,
-2.050000,2.950000,
-2.000000,2.950000,
-1.950000,2.950000,
-1.900000,2.950000,
-1.850000,2.950000,0.353553
-1.800000,2.950000,0.554527
-1.750000,2.950000,0.696419
-1.700000,2.950000,0.810864
-1.650000,2.950000,0.908295
-1.600000,2.950000,0.993730
-1.550000,2.950000,1.070047
-1.500000,2.950000,1.139079
-1.450000,2.950000,1.202082
-1.400000,2.950000,1.259960
-1.350000,2.950000,1.313393
-1.300000,2.950000,1.362901
-1.250000,2.950000,1.408900
-1.200000,2.950000,1.451723
-1.150000,2.950000,1.491643
-1.100000,2.950000,1.528888
-1.050000,2.950000,1.563650
-1.000000,2.950000,1.596089
-0.950000,2.950000,1.626346
-0.900000,2.950000,1.654539
-0.850000,2.950000,1.680774
-0.800000,2.950000,1.705139
-0.750000,2.950000,1.727715
-0.700000,2.950000,1.702483
-0.650000,2.950000,1.668912
-0.600000,2.950000,1.632712
-0.550000,2.950000,1.593673
-0.500000,2.950000,1.551537
-0.450000,2.950000,1.505993
-0.400000,2.950000,1.456652
-0.350000,2.950000,1.403027
-0.300000,2.950000,1.344485
-0.250000,2.950000,1.280186
-0.200000,2.950000,1.208969
-0.150000,2.950000,1.129147
-0.100000,2.950000,1.038099
-0.050000,2.950000,0.931314
-0.000000,2.950000,0.799639
0.050000,2.950000,0.616962
0.100000,2.950000,0.141446
0.150000,2.950000,0.225726
0.200000,2.950000,0.301088
0.250000,2.950000,0.369301
0.300000,2.950000,0.431582
0.350000,2.950000,0.488810
0.400000,2.950000,0.541648
0.450000,2.950000,0.590605
0.500000,2.950000,0.636087
0.550000,2.950000,0.678422
0.600000,2.950000,0.717876
0.650000,2.950000,0.754675
0.700000,2.950000,0.789005
0.750000,2.950000,0.821027
0.800000,2.950000,0.850877
0.850000,2.950000,0.878673
0.900000,2.950000,0.904517
0.950000,2.950000,0.928499
1.000000,2.950000,0.950695
1.050000,2.950000,0.971175
1.100000,2.950000,0.989998
1.150000,2.950000,1.007217
1.200000,2.950000,1.022878
1.250000,2.950000,1.037022
1.300000,2.950000,1.049683
1.350000,2.950000,1.060893
1.400000,2.950000,1.070678
1.450000,2.950000,1.079061
1.500000,2.950000,1.086060
1.550000,2.950000,1.070047
1.600000,2.950000,0.993730
1.650000,2.950000,0.908295
1.700000,2.950000,0.810864
1.750000,2.950000,0.696419
1.800000,2.950000,0.554527
1.850000,2.950000,0.353553
1.900000,2.950000,
1.950000,2.950000,
2.000000,2.950000,
2.050000,2.950000,
2.100000,2.950000,
2.150000,2.950000,
2.200000,2.950000,
2.250000,2.950000,
2.300000,2.950000,
2.350000,2.950000,
2.400000,2.950000,
2.450000,2.950000,
2.500000,2.950000,
2.550000,2.950000,
2.600000,2.950000,
2.650000,2.950000,
2.700000,2.950000,
2.750000,2.950000,
2.800000,2.950000,
2.850000,2.950000,
2.900000,2.950000,
2.950000,2.950000,
3.000000,2.950000,
3.050000,2.950000,
3.100000,2.950000,
3.150000,2.950000,
3.200000,2.950000,
3.250000,2.950000,
3.300000,2.950000,
3.350000,2.950000,
3.400000,2.950000,
3.450000,2.950000,
3.500000,2.950000,
-3.500000,3.000000,
-3.450000,3.000000,
-3.400000,3.000000,
-3.350000,3.000000,
-3.300000,3.000000,
-3.250000,3.000000,
-3.200000,3.000000,
-3.150000,3.000000,
-3.100000,3.000000,
-3.050000,3.000000,
-3.000000,3.000000,
-2.950000,3.000000,
-2.900000,3.000000,
-2.850000,3.000000,
-2.800000,3.000000,
-2.750000,3.000000,
-2.700000,3.000000,
-2.650000,3.000000,
-2.600000,3.000000,
-2.550000,3.000000,
-2.500000,3.000000,
-2.450000,3.000000,
-2.400000,3.000000,
-2.350000,3.000000,
-2.300000,3.000000,
-2.250000,3.000000,
-2.200000,3.000000,
-2.150000,3.000000,
-2.100000,3.000000,
-2.050000,3.000000,
-2.000000,3.000000,
-1.950000,3.000000,
-1.900000,3.000000,
-1.850000,3.000000,
-1.800000,3.000000,0.100000
-1.750000,3.000000,0.433013
-1.700000,3.000000,0.600000
-1.650000,3.000000,0.726292
-1.600000,3.000000,0.830662
-1.550000,3.000000,0.920598
-1.500000,3.000000,1.000000
-1.450000,3.000000,1.071214
-1.400000,3.000000,1.135782
-1.350000,3.000000,1.194780
-1.300000,3.000000,1.249000
-1.250000,3.000000,1.299038
-1.200000,3.000000,1.345362
-1.150000,3.000000,1.388344
-1.100000,3.000000,1.428286
-1.050000,3.000000,1.465435
-1.000000,3.000000,1.500000
-0.950000,3.000000,1.532155
-0.900000,3.000000,1.562050
-0.850000,3.000000,1.589811
-0.800000,3.000000,1.615549
-0.750000,3.000000,1.639360
-0.700000,3.000000,1.661325
-0.650000,3.000000,1.652705
-0.600000,3.000000,1.616076
-0.550000,3.000000,1.576545
-0.500000,3.000000,1.533846
-0.450000,3.000000,1.487649
-0.400000,3.000000,1.437544
-0.350000,3.000000,1.383012
-0.300000,3.000000,1.323375
-0.250000,3.000000,1.257726
-0.200000,3.000000,1.184793
-0.150000,3.000000,1.102702
-0.100000,3.000000,1.008470
-0.050000,3.000000,0.896786
-0.000000,3.000000,0.756146
0.050000,3.000000,0.547591
0.100000,3.000000,0.176221
0.150000,3.000000,0.257656
0.200000,3.000000,0.330837
0.250000,3.000000,0.397314
0.300000,3.000000,0.458177
0.350000,3.000000,0.514222
0.400000,3.000000,0.566056
0.450000,3.000000,0.614151
0.500000,3.000000,0.658885
0.550000,3.000000,0.700563
0.600000,3.000000,0.739440
0.650000,3.000000,0.775726
0.700000,3.000000,0.809599
0.750000,3.000000,0.841212
0.800000,3.000000,0.870695
0.850000,3.000000,0.898161
0.900000,3.000000,0.923708
0.950000,3.000000,0.947422
1.000000,3.000000,0.969377
1.050000,3.000000,0.989640
1.100000,3.000000,1.008268
1.150000,3.000000,1.025312
1.200000,3.000000,1.040816
1.250000,3.000000,1.054821
1.300000,3.000000,1.067360
1.350000,3.000000,1.078462
1.400000,3.000000,1.088155
1.450000,3.000000,1.071214
1.500000,3.000000,1.000000
1.550000,3.000000,0.920598
1.600000,3.000000,0.830662
1.650000,3.000000,0.726292
1.700000,3.000000,0.600000
1.750000,3.000000,0.433013
1.800000,3.000000,0.100000
1.850000,3.000000,
1.900000,3.000000,
1.950000,3.000000,
2.000000,3.000000,
2.050000,3.000000,
2.100000,3.000000,
2.150000,3.000000,
2.200000,3.000000,
2.250000,3.000000,
2.300000,3.000000,
2.350000,3.000000,
2.400000,3.000000,
2.450000,3.000000,
2.500000,3.000000,
2.550000,3.000000,
2.600000,3.000000,
2.650000,3.000000,
2.700000,3.000000,
2.750000,3.000000,
2.800000,3.000000,
2.850000,3.000000,
2.900000,3.000000,
2.950000,3.000000,
3.000000,3.000000,
3.050000,3.000000,
3.100000,3.000000,
3.150000,3.000000,
3.200000,3.000000,
3.250000,3.000000,
3.300000,3.000000,
3.350000,3.000000,
3.400000,3.000000,
3.450000,3.000000,
3.500000,3.000000,
-3.500000,3.050000,
-3.450000,3.050000,
-3.400000,3.050000,
-3.350000,3.050000,
-3.300000,3.050000,
-3.250000,3.050000,
-3.200000,3.050000,
-3.150000,3.050000,
-3.100000,3.050000,
-3.050000,3.050000,
-3.000000,3.050000,
-2.950000,3.050000,
-2.900000,3.050000,
-2.850000,3.050000,
-2.800000,3.050000,
-2.750000,3.050000,
-2.700000,3.050000,
-2.650000,3.050000,
-2.600000,3.050000,
-2.550000,3.050000,
-2.500000,3.050000,
-2.450000,3.050000,
-2.400000,3.050000,
-2.350000,3.050000,
-2.300000,3.050000,
-2.250000,3.050000,
-2.200000,3.050000,
-2.150000,3.050000,
-2.100000,3.050000,
-2.050000,3.050000,
-2.000000,3.050000,
-1.950000,3.050000,
-1.900000,3.050000,
-1.850000,3.050000,
-1.800000,3.050000,
-1.750000,3.050000,
-1.700000,3.050000,0.239792
-1.650000,3.050000,0.474342
-1.600000,3.050000,0.622495
-1.550000,3.050000,0.738241
-1.500000,3.050000,0.835165
-1.450000,3.050000,0.919239
-1.400000,3.050000,0.993730
-1.350000,3.050000,1.060660
-1.300000,3.050000,1.121383
-1.250000,3.050000,1.176860
-1.200000,3.050000,1.227803
-1.150000,3.050000,1.274755
-1.100000,3.050000,1.318143
-1.050000,3.050000,1.358308
-1.000000,3.050000,1.395529
-0.950000,3.050000,1.430035
-0.900000,3.050000,1.462019
-0.850000,3.050000,1.491643
-0.800000,3.050000,1.519046
-0.750000,3.050000,1.544345
-0.700000,3.050000,1.567642
-0.650000,3.050000,1.589025
-0.600000,3.050000,1.597374
-0.550000,3.050000,1.557277
-0.500000,3.050000,1.513925
-0.450000,3.050000,1.466970
-0.400000,3.050000,1.415974
-0.350000,3.050000,1.360379
-0.300000,3.050000,1.299454
-0.250000,3.050000,1.232201
-0.200000,3.050000,1.157210
-0.150000,3.050000,1.072358
-0.100000,3.050000,0.974170
-0.050000,3.050000,0.856162
-0.000000,3.050000,0.702987
0.050000,3.050000,0.442905
0.100000,3.050000,0.207212
0.150000,3.050000,0.286263
0.200000,3.050000,0.357591
0.250000,3.050000,0.422580
0.300000,3.050000,0.482216
0.350000,3.050000,0.537232
0.400000,3.050000,0.588189
0.450000,3.050000,0.635528
0.500000,3.050000,0.679602
0.550000,3.050000,0.720702
0.600000,3.050000,0.759067
0.650000,3.050000,0.794898
0.700000,3.050000,0.828366
0.750000,3.050000,0.859615
0.800000,3.050000,0.888771
0.850000,3.050000,0.915943
0.900000,3.050000,0.941225
0.950000,3.050000,0.964699
1.000000,3.050000,0.986439
1.050000,3.050000,1.006507
1.100000,3.050000,1.024960
1.150000,3.050000,1.041847
1.200000,3.050000,1.057212
1.250000,3.050000,1.071091
1.300000,3.050000,1.083520
1.350000,3.050000,1.060660
1.400000,3.050000,0.993730
1.450000,3.050000,0.919239
1.500000,3.050000,0.835165
1.550000,3.050000,0.738241
1.600000,3.050000,0.622495
1.650000,3.050000,0.474342
1.700000,3.050000,0.239792
1.750000,3.050000,
1.800000,3.050000,
1.850000,3.050000,
1.900000,3.050000,
1.950000,3.050000,
2.000000,3.050000,
2.050000,3.050000,
2.100000,3.050000,
2.150000,3.050000,
2.200000,3.050000,
2.250000,3.050000,
2.300000,3.050000,
2.350000,3.050000,
2.400000,3.050000,
2.450000,3.050000,
2.500000,3.050000,
2.550000,3.050000,
2.600000,3.050000,
2.650000,3.050000,
2.700000,3.050000,
2.750000,3.050000,
2.800000,3.050000,
2.850000,3.050000,
2.900000,3.050000,
2.950000,3.050000,
3.000000,3.050000,
3.050000,3.050000,
3.100000,3.050000,
3.150000,3.050000,
3.200000,3.050000,
3.250000,3.050000,
3.300000,3.050000,
3.350000,3.050000,
3.400000,3.050000,
3.450000,3.050000,
3.500000,3.050000,
-3.500000,3.100000,
-3.450000,3.100000,
-3.400000,3.100000,
-3.350000,3.100000,
-3.300000,3.100000,
-3.250000,3.100000,
-3.200000,3.100000,
-3.150000,3.100000,
-3.100000,3.100000,
-3.050000,3.100000,
-3.000000,3.100000,
-2.950000,3.100000,
-2.900000,3.100000,
-2.850000,3.100000,
-2.800000,3.100000,
-2.750000,3.100000,
-2.700000,3.100000,
-2.650000,3.100000,
-2.600000,3.100000,
-2.550000,3.100000,
-2.500000,3.100000,
-2.450000,3.100000,
-2.400000,3.100000,
-2.350000,3.100000,
-2.300000,3.100000,
-2.250000,3.100000,
-2.200000,3.100000,
-2.150000,3.100000,
-2.100000,3.100000,
-2.050000,3.100000,
-2.000000,3.100000,
-1.950000,3.100000,
-1.900000,3.100000,
-1.850000,3.100000,
-1.800000,3.100000,
-1.750000,3.100000,
-1.700000,3.100000,
-1.650000,3.100000,
-1.600000,3.100000,0.282843
-1.550000,3.100000,0.487340
-1.500000,3.100000,0.624500
-1.450000,3.100000,0.733144
-1.400000,3.100000,0.824621
-1.350000,3.100000,0.904157
-1.300000,3.100000,0.974679
-1.250000,3.100000,1.038027
-1.200000,3.100000,1.095445
-1.150000,3.100000,1.147824
-1.100000,3.100000,1.195826
-1.050000,3.100000,1.239960
-1.000000,3.100000,1.280625
-0.950000,3.100000,1.318143
-0.900000,3.100000,1.352775
-0.850000,3.100000,1.384738
-0.800000,3.100000,1.414214
-0.750000,3.100000,1.441354
-0.700000,3.100000,1.466288
-0.650000,3.100000,1.489127
-0.600000,3.100000,1.509967
-0.550000,3.100000,1.528888
-0.500000,3.100000,1.491667
-0.450000,3.100000,1.443833
-0.400000,3.100000,1.391802
-0.350000,3.100000,1.334965
-0.300000,3.100000,1.272521
-0.250000,3.100000,1.203364
-0.200000,3.100000,1.125898
-0.150000,3.100000,1.037665
-0.100000,3.100000,0.934492
-0.050000,3.100000,0.808105
-0.000000,3.100000,0.636153
0.050000,3.100000,0.148602
0.100000,3.100000,0.234769
0.150000,3.100000,0.311811
0.200000,3.100000,0.381559
0.250000,3.100000,0.445268
0.300000,3.100000,0.503844
0.350000,3.100000,0.557965
0.400000,3.100000,0.608157
0.450000,3.100000,0.654832
0.500000,3.100000,0.698328
0.550000,3.100000,0.738919
0.600000,3.100000,0.776832
0.650000,3.100000,0.812261
0.700000,3.100000,0.845369
0.750000,3.100000,0.876296
0.800000,3.100000,0.905162
0.850000,3.100000,0.932072
0.900000,3.100000,0.957118
0.950000,3.100000,0.980380
1.000000,3.100000,1.001927
1.050000,3.100000,1.021822
1.100000,3.100000,1.040119
1.150000,3.100000,1.056866
1.200000,3.100000,1.072105
1.250000,3.100000,1.038027
1.300000,3.100000,0.974679
1.350000,3.100000,0.904157
1.400000,3.100000,0.824621
1.450000,3.100000,0.733144
1.500000,3.100000,0.624500
1.550000,3.100000,0.487340
1.600000,3.100000,0.282843
1.650000,3.100000,
1.700000,3.100000,
1.750000,3.100000,
1.800000,3.100000,
1.850000,3.100000,
1.900000,3.100000,
1.950000,3.100000,
2.000000,3.100000,
2.050000,3.100000,
2.100000,3.100000,
2.150000,3.100000,
2.200000,3.100000,
2.250000,3.100000,
2.300000,3.100000,
2.350000,3.100000,
2.400000,3.100000,
2.450000,3.100000,
2.500000,3.100000,
2.550000,3.100000,
2.600000,3.100000,
2.650000,3.100000,
2.700000,3.100000,
2.750000,3.100000,
2.800000,3.100000,
2.850000,3.100000,
2.900000,3.100000,
2.950000,3.100000,
3.000000,3.100000,
3.050000,3.100000,
3.100000,3.100000,
3.150000,3.100000,
3.200000,3.100000,
3.250000,3.100000,
3.300000,3.100000,
3.350000,3.100000,
3.400000,3.100000,
3.450000,3.100000,
3.500000,3.100000,
-3.500000,3.150000,
-3.450000,3.150000,
-3.400000,3.150000,
-3.350000,3.150000,
-3.300000,3.150000,
-3.250000,3.150000,
-3.200000,3.150000,
-3.150000,3.150000,
-3.100000,3.150000,
-3.050000,3.150000,
-3.000000,3.150000,
-2.950000,3.150000,
-2.900000,3.150000,
-2.850000,3.150000,
-2.800000,3.150000,
-2.750000,3.150000,
-2.700000,3.150000,
-2.650000,3.150000,
-2.600000,3.150000,
-2.550000,3.150000,
-2.500000,3.150000,
-2.450000,3.150000,
-2.400000,3.150000,
-2.350000,3.150000,
-2.300000,3.150000,
-2.250000,3.150000,
-2.200000,3.150000,
-2.150000,3.150000,
-2.100000,3.150000,
-2.050000,3.150000,
-2.000000,3.150000,
-1.950000,3.150000,
-1.900000,3.150000,
-1.850000,3.150000,
-1.800000,3.150000,
-1.750000,3.150000,
-1.700000,3.150000,
-1.650000,3.150000,
-1.600000,3.150000,
-1.550000,3.150000,
-1.500000,3.150000,0.278388
-1.450000,3.150000,0.474342
-1.400000,3.150000,0.606218
-1.350000,3.150000,0.710634
-1.300000,3.150000,0.798436
-1.250000,3.150000,0.874643
-1.200000,3.150000,0.942072
-1.150000,3.150000,1.002497
-1.100000,3.150000,1.057119
-1.050000,3.150000,1.106797
-1.000000,3.150000,1.152172
-0.950000,3.150000,1.193734
-0.900000,3.150000,1.231868
-0.850000,3.150000,1.266886
-0.800000,3.150000,1.299038
-0.750000,3.150000,1.328533
-0.700000,3.150000,1.355544
-0.650000,3.150000,1.380217
-0.600000,3.150000,1.402676
-0.550000,3.150000,1.423025
-0.500000,3.150000,1.441354
-0.450000,3.150000,1.418094
-0.400000,3.150000,1.364858
-0.350000,3.150000,1.306568
-0.300000,3.150000,1.242332
-0.250000,3.150000,1.170902
-0.200000,3.150000,1.090436
-0.150000,3.150000,0.998013
-0.100000,3.150000,0.888430
-0.050000,3.150000,0.750463
-0.000000,3.150000,0.546431
0.050000,3.150000,0.175225
0.100000,3.150000,0.259168
0.150000,3.150000,0.334511
0.200000,3.150000,0.402912
0.250000,3.150000,0.465522
0.300000,3.150000,0.523181
0.350000,3.150000,0.576526
0.400000,3.150000,0.626051
0.450000,3.150000,0.672148
0.500000,3.150000,0.715137
0.550000,3.150000,0.755281
0.600000,3.150000,0.792798
0.650000,3.150000,0.827873
0.700000,3.150000,0.860665
0.750000,3.150000,0.891307
0.800000,3.150000,0.919917
0.850000,3.150000,0.946596
0.900000,3.150000,0.971433
0.950000,3.150000,0.994506
1.000000,3.150000,1.015883
1.050000,3.150000,1.035624
1.100000,3.150000,1.053783
1.150000,3.150000,1.002497
1.200000,3.150000,0.942072
1.250000,3.150000,0.874643
1.300000,3.150000,0.798436
1.350000,3.150000,0.710634
1.400000,3.150000,0.606218
1.450000,3.150000,0.474342
1.500000,3.150000,0.278388
1.550000,3.150000,
1.600000,3.150000,
1.650000,3.150000,
1.700000,3.150000,
1.750000,3.150000,
1.800000,3.150000,
1.850000,3.150000,
1.900000,3.150000,
1.950000,3.150000,
2.000000,3.150000,
2.050000,3.150000,
2.100000,3.150000,
2.150000,3.150000,
2.200000,3.150000,
2.250000,3.150000,
2.300000,3.150000,
2.350000,3.150000,
2.400000,3.150000,
2.450000,3.150000,
2.500000,3.150000,
2.550000,3.150000,
2.600000,3.150000,
2.650000,3.150000,
2.700000,3.150000,
2.750000,3.150000,
2.800000,3.150000,
2.850000,3.150000,
2.900000,3.150000,
2.950000,3.150000,
3.000000,3.150000,
3.050000,3.150000,
3.100000,3.150000,
3.150000,3.150000,
3.200000,3.150000,
3.250000,3.150000,
3.300000,3.150000,
3.350000,3.150000,
3.400000,3.150000,
3.450000,3.150000,
3.500000,3.150000,
-3.500000,3.200000,
-3.450000,3.200000,
-3.400000,3.200000,
-3.350000,3.200000,
-3.300000,3.200000,
-3.250000,3.200000,
-3.200000,3.200000,
-3.150000,3.200000,
-3.100000,3.200000,
-3.050000,3.200000,
-3.000000,3.200000,
-2.950000,3.200000,
-2.900000,3.200000,
-2.850000,3.200000,
-2.800000,3.200000,
-2.750000,3.200000,
-2.700000,3.200000,
-2.650000,3.200000,
-2.600000,3.200000,
-2.550000,3.200000,
-2.500000,3.200000,
-2.450000,3.200000,
-2.400000,3.200000,
-2.350000,3.200000,
-2.300000,3.200000,
-2.250000,3.200000,
-2.200000,3.200000,
-2.150000,3.200000,
-2.100000,3.200000,
-2.050000,3.200000,
-2.000000,3.200000,
-1.950000,3.200000,
-1.900000,3.200000,
-1.850000,3.200000,
-1.800000,3.200000,
-1.750000,3.200000,
-1.700000,3.200000,
-1.650000,3.200000,
-1.600000,3.200000,
-1.550000,3.200000,
-1.500000,3.200000,
-1.450000,3.200000,
-1.400000,3.200000,0.223607
-1.350000,3.200000,0.433013
-1.300000,3.200000,0.565685
-1.250000,3.200000,0.668954
-1.200000,3.200000,0.754983
-1.150000,3.200000,0.829156
-1.100000,3.200000,0.894427
-1.050000,3.200000,0.952628
-1.000000,3.200000,1.004988
-0.950000,3.200000,1.052378
-0.900000,3.200000,1.095445
-0.850000,3.200000,1.134681
-0.800000,3.200000,1.170470
-0.750000,3.200000,1.203121
-0.700000,3.200000,1.232883
-0.650000,3.200000,1.259960
-0.600000,3.200000,1.284523
-0.550000,3.200000,1.306713
-0.500000,3.200000,1.326650
-0.450000,3.200000,1.344433
-0.400000,3.200000,1.334935
-0.350000,3.200000,1.274939
-0.300000,3.200000,1.208578
-0.250000,3.200000,1.134415
-0.200000,3.200000,1.050273
-0.150000,3.200000,0.952560
-0.100000,3.200000,0.834466
-0.050000,3.200000,0.679361
-0.000000,3.200000,0.395602
0.050000,3.200000,0.198544
0.100000,3.200000,0.280628
0.150000,3.200000,0.354537
0.200000,3.200000,0.421790
0.250000,3.200000,0.483458
0.300000,3.200000,0.540329
0.350000,3.200000,0.593004
0.400000,3.200000,0.641951
0.450000,3.200000,0.687546
0.500000,3.200000,0.730094
0.550000,3.200000,0.769848
0.600000,3.200000,0.807019
0.650000,3.200000,0.841785
0.700000,3.200000,0.874299
0.750000,3.200000,0.904692
0.800000,3.200000,0.933078
0.850000,3.200000,0.959554
0.900000,3.200000,0.984208
0.950000,3.200000,1.007115
1.000000,3.200000,1.004988
1.050000,3.200000,0.952628
1.100000,3.200000,0.894427
1.150000,3.200000,0.829156
1.200000,3.200000,0.754983
1.250000,3.200000,0.668954
1.300000,3.200000,0.565685
1.350000,3.200000,0.433013
1.400000,3.200000,0.223607
1.450000,3.200000,
1.500000,3.200000,
1.550000,3.200000,
1.600000,3.200000,
1.650000,3.200000,
1.700000,3.200000,
1.750000,3.200000,
1.800000,3.200000,
1.850000,3.200000,
1.900000,3.200000,
1.950000,3.200000,
2.000000,3.200000,
2.050000,3.200000,
2.100000,3.200000,
2.150000,3.200000,
2.200000,3.200000,
2.250000,3.200000,
2.300000,3.200000,
2.350000,3.200000,
2.400000,3.200000,
2.450000,3.200000,
2.500000,3.200000,
2.550000,3.200000,
2.600000,3.200000,
2.650000,3.200000,
2.700000,3.200000,
2.750000,3.200000,
2.800000,3.200000,
2.850000,3.200000,
2.900000,3.200000,
2.950000,3.200000,
3.000000,3.200000,
3.050000,3.200000,
3.100000,3.200000,
3.150000,3.200000,
3.200000,3.200000,
3.250000,3.200000,
3.300000,3.200000,
3.350000,3.200000,
3.400000,3.200000,
3.450000,3.200000,
3.500000,3.200000,
-3.500000,3.250000,
-3.450000,3.250000,
-3.400000,3.250000,
-3.350000,3.250000,
-3.300000,3.250000,
-3.250000,3.250000,
-3.200000,3.250000,
-3.150000,3.250000,
-3.100000,3.250000,
-3.050000,3.250000,
-3.000000,3.250000,
-2.950000,3.250000,
-2.900000,3.250000,
-2.850000,3.250000,
-2.800000,3.250000,
-2.750000,3.250000,
-2.700000,3.250000,
-2.650000,3.250000,
-2.600000,3.250000,
-2.550000,3.250000,
-2.500000,3.250000,
-2.450000,3.250000,
-2.400000,3.250000,
-2.350000,3.250000,
-2.300000,3.250000,
-2.250000,3.250000,
-2.200000,3.250000,
-2.150000,3.250000,
-2.100000,3.250000,
-2.050000,3.250000,
-2.000000,3.250000,
-1.950000,3.250000,
-1.900000,3.250000,
-1.850000,3.250000,
-1.800000,3.250000,
-1.750000,3.250000,
-1.700000,3.250000,
-1.650000,3.250000,
-1.600000,3.250000,
-1.550000,3.250000,
-1.500000,3.250000,
-1.450000,3.250000,
-1.400000,3.250000,
-1.350000,3.250000,
-1.300000,3.250000,
-1.250000,3.250000,0.353553
-1.200000,3.250000,0.497494
-1.150000,3.250000,0.604152
-1.100000,3.250000,0.691014
-1.050000,3.250000,0.764853
-1.000000,3.250000,0.829156
-0.950000,3.250000,0.886002
-0.900000,3.250000,0.936750
-0.850000,3.250000,0.982344
-0.800000,3.250000,1.023474
-0.750000,3.250000,1.060660
-0.700000,3.250000,1.094303
-0.650000,3.250000,1.124722
-0.600000,3.250000,1.152172
-0.550000,3.250000,1.176860
-0.500000,3.250000,1.198958
-0.450000,3.250000,1.218606
-0.400000,3.250000,1.235921
-0.350000,3.250000,1.239767
-0.300000,3.250000,1.170866
-0.250000,3.250000,1.093379
-0.200000,3.250000,1.004654
-0.150000,3.250000,0.900083
-0.100000,3.250000,0.770130
-0.050000,3.250000,0.586280
-0.000000,3.250000,0.128329
0.050000,3.250000,0.218795
0.100000,3.250000,0.299327
0.150000,3.250000,0.372027
0.200000,3.250000,0.438308
0.250000,3.250000,0.499175
0.300000,3.250000,0.555373
0.350000,3.250000,0.607473
0.400000,3.250000,0.655924
0.450000,3.250000,0.701086
0.500000,3.250000,0.743254
0.550000,3.250000,0.782672
0.600000,3.250000,0.819543
0.650000,3.250000,0.854041
0.700000,3.250000,0.886315
0.750000,3.250000,0.916491
0.800000,3.250000,0.944681
0.850000,3.250000,0.970981
0.900000,3.250000,0.936750
0.950000,3.250000,0.886002
1.000000,3.250000,0.829156
1.050000,3.250000,0.764853
1.100000,3.250000,0.691014
1.150000,3.250000,0.604152
1.200000,3.250000,0.497494
1.250000,3.250000,0.353553
1.300000,3.250000,
1.350000,3.250000,
1.400000,3.250000,
1.450000,3.250000,
1.500000,3.250000,
1.550000,3.250000,
1.600000,3.250000,
1.650000,3.250000,
1.700000,3.250000,
1.750000,3.250000,
1.800000,3.250000,
1.850000,3.250000,
1.900000,3.250000,
1.950000,3.250000,
2.000000,3.250000,
2.050000,3.250000,
2.100000,3.250000,
2.150000,3.250000,
2.200000,3.250000,
2.250000,3.250000,
2.300000,3.250000,
2.350000,3.250000,
2.400000,3.250000,
2.450000,3.250000,
2.500000,3.250000,
2.550000,3.250000,
2.600000,3.250000,
2.650000,3.250000,
2.700000,3.250000,
2.750000,3.250000,
2.800000,3.250000,
2.850000,3.250000,
2.900000,3.250000,
2.950000,3.250000,
3.000000,3.250000,
3.050000,3.250000,
3.100000,3.250000,
3.150000,3.250000,
3.200000,3.250000,
3.250000,3.250000,
3.300000,3.250000,
3.350000,3.250000,
3.400000,3.250000,
3.450000,3.250000,
3.500000,3.250000,
-3.500000,3.300000,
-3.450000,3.300000,
-3.400000,3.300000,
-3.350000,3.300000,
-3.300000,3.300000,
-3.250000,3.300000,
-3.200000,3.300000,
-3.150000,3.300000,
-3.100000,3.300000,
-3.050000,3.300000,
-3.000000,3.300000,
-2.950000,3.300000,
-2.900000,3.300000,
-2.850000,3.300000,
-2.800000,3.300000,
-2.750000,3.300000,
-2.700000,3.300000,
-2.650000,3.300000,
-2.600000,3.300000,
-2.550000,3.300000,
-2.500000,3.300000,
-2.450000,3.300000,
-2.400000,3.300000,
-2.350000,3.300000,
-2.300000,3.300000,
-2.250000,3.300000,
-2.200000,3.300000,
-2.150000,3.300000,
-2.100000,3.300000,
-2.050000,3.300000,
-2.000000,3.300000,
-1.950000,3.300000,
-1.900000,3.300000,
-1.850000,3.300000,
-1.800000,3.300000,
-1.750000,3.300000,
-1.700000,3.300000,
-1.650000,3.300000,
-1.600000,3.300000,
-1.550000,3.300000,
-1.500000,3.300000,
-1.450000,3.300000,
-1.400000,3.300000,
-1.350000,3.300000,
-1.300000,3.300000,
-1.250000,3.300000,
-1.200000,3.300000,
-1.150000,3.300000,0.193649
-1.100000,3.300000,0.387298
-1.050000,3.300000,0.507445
-1.000000,3.300000,0.600000
-0.950000,3.300000,0.676387
-0.900000,3.300000,0.741620
-0.850000,3.300000,0.798436
-0.800000,3.300000,0.848528
-0.750000,3.300000,0.893029
-0.700000,3.300000,0.932738
-0.650000,3.300000,0.968246
-0.600000,3.300000,1.000000
-0.550000,3.300000,1.028348
-0.500000,3.300000,1.053565
-0.450000,3.300000,1.075872
-0.400000,3.300000,1.095445
-0.350000,3.300000,1.112430
-0.300000,3.300000,1.126943
-0.250000,3.300000,1.047088
-0.200000,3.300000,0.952512
-0.150000,3.300000,0.838696
-0.100000,3.300000,0.690868
-0.050000,3.300000,0.440922
-0.000000,3.300000,0.147406
0.050000,3.300000,0.236160
0.100000,3.300000,0.315407
0.150000,3.300000,0.387098
0.200000,3.300000,0.452563
0.250000,3.300000,0.512754
0.300000,3.300000,0.568382
0.350000,3.300000,0.619995
0.400000,3.300000,0.668025
0.450000,3.300000,0.712819
0.500000,3.300000,0.754663
0.550000,3.300000,0.793793
0.600000,3.300000,0.830408
0.650000,3.300000,0.864677
0.700000,3.300000,0.896745
0.750000,3.300000,0.893029
0.800000,3.300000,0.848528
0.850000,3.300000,0.798436
0.900000,3.300000,0.741620
0.950000,3.300000,0.676387
1.000000,3.300000,0.600000
1.050000,3.300000,0.507445
1.100000,3.300000,0.387298
1.150000,3.300000,0.193649
1.200000,3.300000,
1.250000,3.300000,
1.300000,3.300000,
1.350000,3.300000,
1.400000,3.300000,
1.450000,3.300000,
1.500000,3.300000,
1.550000,3.300000,
1.600000,3.300000,
1.650000,3.300000,
1.700000,3.300000,
1.750000,3.300000,
1.800000,3.300000,
1.850000,3.300000,
1.900000,3.300000,
1.950000,3.300000,
2.000000,3.300000,
2.050000,3.300000,
2.100000,3.300000,
2.150000,3.300000,
2.200000,3.300000,
2.250000,3.300000,
2.300000,3.300000,
2.350000,3.300000,
2.400000,3.300000,
2.450000,3.300000,
2.500000,3.300000,
2.550000,3.300000,
2.600000,3.300000,
2.650000,3.300000,
2.700000,3.300000,
2.750000,3.300000,
2.800000,3.300000,
2.850000,3.300000,
2.900000,3.300000,
2.950000,3.300000,
3.000000,3.300000,
3.050000,3.300000,
3.100000,3.300000,
3.150000,3.300000,
3.200000,3.300000,
3.250000,3.300000,
3.300000,3.300000,
3.350000,3.300000,
3.400000,3.300000,
3.450000,3.300000,
3.500000,3.300000,
-3.500000,3.350000,
-3.450000,3.350000,
-3.400000,3.350000,
-3.350000,3.350000,
-3.300000,3.350000,
-3.250000,3.350000,
-3.200000,3.350000,
-3.150000,3.350000,
-3.100000,3.350000,
-3.050000,3.350000,
-3.000000,3.350000,
-2.950000,3.350000,
-2.900000,3.350000,
-2.850000,3.350000,
-2.800000,3.350000,
-2.750000,3.350000,
-2.700000,3.350000,
-2.650000,3.350000,
-2.600000,3.350000,
-2.550000,3.350000,
-2.500000,3.350000,
-2.450000,3.350000,
-2.400000,3.350000,
-2.350000,3.350000,
-2.300000,3.350000,
-2.250000,3.350000,
-2.200000,3.350000,
-2.150000,3.350000,
-2.100000,3.350000,
-2.050000,3.350000,
-2.000000,3.350000,
-1.950000,3.350000,
-1.900000,3.350000,
-1.850000,3.350000,
-1.800000,3.350000,
-1.750000,3.350000,
-1.700000,3.350000,
-1.650000,3.350000,
-1.600000,3.350000,
-1.550000,3.350000,
-1.500000,3.350000,
-1.450000,3.350000,
-1.400000,3.350000,
-1.350000,3.350000,
-1.300000,3.350000,
-1.250000,3.350000,
-1.200000,3.350000,
-1.150000,3.350000,
-1.100000,3.350000,
-1.050000,3.350000,
-1.000000,3.350000,0.165831
-0.950000,3.350000,0.353553
-0.900000,3.350000,0.466369
-0.850000,3.350000,0.552268
-0.800000,3.350000,0.622495
-0.750000,3.350000,0.681909
-0.700000,3.350000,0.733144
-0.650000,3.350000,0.777817
-0.600000,3.350000,0.817007
-0.550000,3.350000,0.851469
-0.500000,3.350000,0.881760
-0.450000,3.350000,0.908295
-0.400000,3.350000,0.931397
-0.350000,3.350000,0.951315
-0.300000,3.350000,0.968246
-0.250000,3.350000,0.982344
-0.200000,3.350000,0.892251
-0.150000,3.350000,0.765203
-0.100000,3.350000,0.586180
-0.050000,3.350000,0.064017
-0.000000,3.350000,0.163425
0.050000,3.350000,0.250789
0.100000,3.350000,0.328982
0.150000,3.350000,0.399843
0.200000,3.350000,0.464633
0.250000,3.350000,0.524263
0.300000,3.350000,0.579418
0.350000,3.350000,0.630624
0.400000,3.350000,0.678302
0.450000,3.350000,0.722788
0.500000,3.350000,0.764360
0.550000,3.350000,0.803249
0.600000,3.350000,0.817007
0.650000,3.350000,0.777817
0.700000,3.350000,0.733144
0.750000,3.350000,0.681909
0.800000,3.350000,0.622495
0.850000,3.350000,0.552268
0.900000,3.350000,0.466369
0.950000,3.350000,0.353553
1.000000,3.350000,0.165831
1.050000,3.350000,
1.100000,3.350000,
1.150000,3.350000,
1.200000,3.350000,
1.250000,3.350000,
1.300000,3.350000,
1.350000,3.350000,
1.400000,3.350000,
1.450000,3.350000,
1.500000,3.350000,
1.550000,3.350000,
1.600000,3.350000,
1.650000,3.350000,
1.700000,3.350000,
1.750000,3.350000,
1.800000,3.350000,
1.850000,3.350000,
1.900000,3.350000,
1.950000,3.350000,
2.000000,3.350000,
2.050000,3.350000,
2.100000,3.350000,
2.150000,3.350000,
2.200000,3.350000,
2.250000,3.350000,
2.300000,3.350000,
2.350000,3.350000,
2.400000,3.350000,
2.450000,3.350000,
2.500000,3.350000,
2.550000,3.350000,
2.600000,3.350000,
2.650000,3.350000,
2.700000,3.350000,
2.750000,3.350000,
2.800000,3.350000,
2.850000,3.350000,
2.900000,3.350000,
2.950000,3.350000,
3.000000,3.350000,
3.050000,3.350000,
3.100000,3.350000,
3.150000,3.350000,
3.200000,3.350000,
3.250000,3.350000,
3.300000,3.350000,
3.350000,3.350000,
3.400000,3.350000,
3.450000,3.350000,
3.500000,3.350000,
-3.500000,3.400000,
-3.450000,3.400000,
-3.400000,3.400000,
-3.350000,3.400000,
-3.300000,3.400000,
-3.250000,3.400000,
-3.200000,3.400000,
-3.150000,3.400000,
-3.100000,3.400000,
-3.050000,3.400000,
-3.000000,3.400000,
-2.950000,3.400000,
-2.900000,3.400000,
-2.850000,3.400000,
-2.800000,3.400000,
-2.750000,3.400000,
-2.700000,3.400000,
-2.650000,3.400000,
-2.600000,3.400000,
-2.550000,3.400000,
-2.500000,3.400000,
-2.450000,3.400000,
-2.400000,3.400000,
-2.350000,3.400000,
-2.300000,3.400000,
-2.250000,3.400000,
-2.200000,3.400000,
-2.150000,3.400000,
-2.100000,3.400000,
-2.050000,3.400000,
-2.000000,3.400000,
-1.950000,3.400000,
-1.900000,3.400000,
-1.850000,3.400000,
-1.800000,3.400000,
-1.750000,3.400000,
-1.700000,3.400000,
-1.650000,3.400000,
-1.600000,3.400000,
-1.550000,3.400000,
-1.500000,3.400000,
-1.450000,3.400000,
-1.400000,3.400000,
-1.350000,3.400000,
-1.300000,3.400000,
-1.250000,3.400000,
-1.200000,3.400000,
-1.150000,3.400000,
-1.100000,3.400000,
-1.050000,3.400000,
-1.000000,3.400000,
-0.950000,3.400000,
-0.900000,3.400000,
-0.850000,3.400000,
-0.800000,3.400000,0.223607
-0.750000,3.400000,0.357071
-0.700000,3.400000,0.447214
-0.650000,3.400000,0.517204
-0.600000,3.400000,0.574456
-0.550000,3.400000,0.622495
-0.500000,3.400000,0.663325
-0.450000,3.400000,0.698212
-0.400000,3.400000,0.728011
-0.350000,3.400000,0.753326
-0.300000,3.400000,0.774597
-0.250000,3.400000,0.792149
-0.200000,3.400000,0.806226
-0.150000,3.400000,0.673291
-0.100000,3.400000,0.411805
-0.050000,3.400000,0.078666
-0.000000,3.400000,0.176539
0.050000,3.400000,0.262796
0.100000,3.400000,0.340145
0.150000,3.400000,0.410336
0.200000,3.400000,0.474581
0.250000,3.400000,0.533757
0.300000,3.400000,0.588526
0.350000,3.400000,0.639402
0.400000,3.400000,0.686793
0.450000,3.400000,0.698212
0.500000,3.400000,0.663325
0.550000,3.400000,0.622495
0.600000,3.400000,0.574456
0.650000,3.400000,0.517204
0.700000,3.400000,0.447214
0.750000,3.400000,0.357071
0.800000,3.400000,0.223607
0.850000,3.400000,
0.900000,3.400000,
0.950000,3.400000,
1.000000,3.400000,
1.050000,3.400000,
1.100000,3.400000,
1.150000,3.400000,
1.200000,3.400000,
1.250000,3.400000,
1.300000,3.400000,
1.350000,3.400000,
1.400000,3.400000,
1.450000,3.400000,
1.500000,3.400000,
1.550000,3.400000,
1.600000,3.400000,
1.650000,3.400000,
1.700000,3.400000,
1.750000,3.400000,
1.800000,3.400000,
1.850000,3.400000,
1.900000,3.400000,
1.950000,3.400000,
2.000000,3.400000,
2.050000,3.400000,
2.100000,3.400000,
2.150000,3.400000,
2.200000,3.400000,
2.250000,3.400000,
2.300000,3.400000,
2.350000,3.400000,
2.400000,3.400000,
2.450000,3.400000,
2.500000,3.400000,
2.550000,3.400000,
2.600000,3.400000,
2.650000,3.400000,
2.700000,3.400000,
2.750000,3.400000,
2.800000,3.400000,
2.850000,3.400000,
2.900000,3.400000,
2.950000,3.400000,
3.000000,3.400000,
3.050000,3.400000,
3.100000,3.400000,
3.150000,3.400000,
3.200000,3.400000,
3.250000,3.400000,
3.300000,3.400000,
3.350000,3.400000,
3.400000,3.400000,
3.450000,3.400000,
3.500000,3.400000,
-3.500000,3.450000,
-3.450000,3.450000,
-3.400000,3.450000,
-3.350000,3.450000,
-3.300000,3.450000,
-3.250000,3.450000,
-3.200000,3.450000,
-3.150000,3.450000,
-3.100000,3.450000,
-3.050000,3.450000,
-3.000000,3.450000,
-2.950000,3.450000,
-2.900000,3.450000,
-2.850000,3.450000,
-2.800000,3.450000,
-2.750000,3.450000,
-2.700000,3.450000,
-2.650000,3.450000,
-2.600000,3.450000,
-2.550000,3.450000,
-2.500000,3.450000,
-2.450000,3.450000,
-2.400000,3.450000,
-2.350000,3.450000,
-2.300000,3.450000,
-2.250000,3.450000,
-2.200000,3.450000,
-2.150000,3.450000,
-2.100000,3.450000,
-2.050000,3.450000,
-2.000000,3.450000,
-1.950000,3.450000,
-1.900000,3.450000,
-1.850000,3.450000,
-1.800000,3.450000,
-1.750000,3.450000,
-1.700000,3.450000,
-1.650000,3.450000,
-1.600000,3.450000,
-1.550000,3.450000,
-1.500000,3.450000,
-1.450000,3.450000,
-1.400000,3.450000,
-1.350000,3.450000,
-1.300000,3.450000,
-1.250000,3.450000,
-1.200000,3.450000,
-1.150000,3.450000,
-1.100000,3.450000,
-1.050000,3.450000,
-1.000000,3.450000,
-0.950000,3.450000,
-0.900000,3.450000,
-0.850000,3.450000,
-0.800000,3.450000,
-0.750000,3.450000,
-0.700000,3.450000,
-0.650000,3.450000,
-0.600000,3.450000,
-0.550000,3.450000,0.212132
-0.500000,3.450000,0.312250
-0.450000,3.450000,0.380789
-0.400000,3.450000,0.433013
-0.350000,3.450000,0.474342
-0.300000,3.450000,0.507445
-0.250000,3.450000,0.533854
-0.200000,3.450000,0.554527
-0.150000,3.450000,0.546091
-0.100000,3.450000,-0.022184
-0.050000,3.450000,0.090171
-0.000000,3.450000,0.186869
0.050000,3.450000,0.272272
0.100000,3.450000,0.348967
0.150000,3.450000,0.418638
0.200000,3.450000,0.482457
0.250000,3.450000,0.533854
0.300000,3.450000,0.507445
0.350000,3.450000,0.474342
0.400000,3.450000,0.433013
0.450000,3.450000,0.380789
0.500000,3.450000,0.312250
0.550000,3.450000,0.212132
0.600000,3.450000,
0.650000,3.450000,
0.700000,3.450000,
0.750000,3.450000,
0.800000,3.450000,
0.850000,3.450000,
0.900000,3.450000,
0.950000,3.450000,
1.000000,3.450000,
1.050000,3.450000,
1.100000,3.450000,
1.150000,3.450000,
1.200000,3.450000,
1.250000,3.450000,
1.300000,3.450000,
1.350000,3.450000,
1.400000,3.450000,
1.450000,3.450000,
1.500000,3.450000,
1.550000,3.450000,
1.600000,3.450000,
1.650000,3.450000,
1.700000,3.450000,
1.750000,3.450000,
1.800000,3.450000,
1.850000,3.450000,
1.900000,3.450000,
1.950000,3.450000,
2.000000,3.450000,
2.050000,3.450000,
2.100000,3.450000,
2.150000,3.450000,
2.200000,3.450000,
2.250000,3.450000,
2.300000,3.450000,
2.350000,3.450000,
2.400000,3.450000,
2.450000,3.450000,
2.500000,3.450000,
2.550000,3.450000,
2.600000,3.450000,
2.650000,3.450000,
2.700000,3.450000,
2.750000,3.450000,
2.800000,3.450000,
2.850000,3.450000,
2.900000,3.450000,
2.950000,3.450000,
3.000000,3.450000,
3.050000,3.450000,
3.100000,3.450000,
3.150000,3.450000,
3.200000,3.450000,
3.250000,3.450000,
3.300000,3.450000,
3.350000,3.450000,
3.400000,3.450000,
3.450000,3.450000,
3.500000,3.450000,
-3.500000,3.500000,
-3.450000,3.500000,
-3.400000,3.500000,
-3.350000,3.500000,
-3.300000,3.500000,
-3.250000,3.500000,
-3.200000,3.500000,
-3.150000,3.500000,
-3.100000,3.500000,
-3.050000,3.500000,
-3.000000,3.500000,
-2.950000,3.500000,
-2.900000,3.500000,
-2.850000,3.500000,
-2.800000,3.500000,
-2.750000,3.500000,
-2.700000,3.500000,
-2.650000,3.500000,
-2.600000,3.500000,
-2.550000,3.500000,
-2.500000,3.500000,
-2.450000,3.500000,
-2.400000,3.500000,
-2.350000,3.500000,
-2.300000,3.500000,
-2.250000,3.500000,
-2.200000,3.500000,
-2.150000,3.500000,
-2.100000,3.500000,
-2.050000,3.500000,
-2.000000,3.500000,
-1.950000,3.500000,
-1.900000,3.500000,
-1.850000,3.500000,
-1.800000,3.500000,
-1.750000,3.500000,
-1.700000,3.500000,
-1.650000,3.500000,
-1.600000,3.500000,
-1.550000,3.500000,
-1.500000,3.500000,
-1.450000,3.500000,
-1.400000,3.500000,
-1.350000,3.500000,
-1.300000,3.500000,
-1.250000,3.500000,
-1.200000,3.500000,
-1.150000,3.500000,
-1.100000,3.500000,
-1.050000,3.500000,
-1.000000,3.500000,
-0.950000,3.500000,
-0.900000,3.500000,
-0.850000,3.500000,
-0.800000,3.500000,
-0.750000,3.500000,
-0.700000,3.500000,
-0.650000,3.500000,
-0.600000,3.500000,
-0.550000,3.500000,
-0.500000,3.500000,
-0.450000,3.500000,
-0.400000,3.500000,
-0.350000,3.500000,
-0.300000,3.500000,
-0.250000,3.500000,
-0.200000,3.500000,
-0.150000,3.500000,
-0.100000,3.500000,
-0.050000,3.500000,
-0.000000,3.500000,0.000000
0.050000,3.500000,
0.100000,3.500000,
0.150000,3.500000,
0.200000,3.500000,
0.250000,3.500000,
0.300000,3.500000,
0.350000,3.500000,
0.400000,3.500000,
0.450000,3.500000,
0.500000,3.500000,
0.550000,3.500000,
0.600000,3.500000,
0.650000,3.500000,
0.700000,3.500000,
0.750000,3.500000,
0.800000,3.500000,
0.850000,3.500000,
0.900000,3.500000,
0.950000,3.500000,
1.000000,3.500000,
1.050000,3.500000,
1.100000,3.500000,
1.150000,3.500000,
1.200000,3.500000,
1.250000,3.500000,
1.300000,3.500000,
1.350000,3.500000,
1.400000,3.500000,
1.450000,3.500000,
1.500000,3.500000,
1.550000,3.500000,
1.600000,3.500000,
1.650000,3.500000,
1.700000,3.500000,
1.750000,3.500000,
1.800000,3.500000,
1.850000,3.500000,
1.900000,3.500000,
1.950000,3.500000,
2.000000,3.500000,
2.050000,3.500000,
2.100000,3.500000,
2.150000,3.500000,
2.200000,3.500000,
2.250000,3.500000,
2.300000,3.500000,
2.350000,3.500000,
2.400000,3.500000,
2.450000,3.500000,
2.500000,3.500000,
2.550000,3.500000,
2.600000,3.500000,
2.650000,3.500000,
2.700000,3.500000,
2.750000,3.500000,
2.800000,3.500000,
2.850000,3.500000,
2.900000,3.500000,
2.950000,3.500000,
3.000000,3.500000,
3.050000,3.500000,
3.100000,3.500000,
3.150000,3.500000,
3.200000,3.500000,
3.250000,3.500000,
3.300000,3.500000,
3.350000,3.500000,
3.400000,3.500000,
3.450000,3.500000,
3.500000,3.500000,
