x,y,z
-3.500000,-3.500000,
-3.400000,-3.500000,
-3.300000,-3.500000,
-3.200000,-3.500000,
-3.100000,-3.500000,
-3.000000,-3.500000,
-2.900000,-3.500000,
-2.800000,-3.500000,
-2.700000,-3.500000,
-2.600000,-3.500000,
-2.500000,-3.500000,
-2.400000,-3.500000,
-2.300000,-3.500000,
-2.200000,-3.500000,
-2.100000,-3.500000,
-2.000000,-3.500000,
-1.900000,-3.500000,
-1.800000,-3.500000,
-1.700000,-3.500000,
-1.600000,-3.500000,
-1.500000,-3.500000,
-1.400000,-3.500000,
-1.300000,-3.500000,
-1.200000,-3.500000,
-1.100000,-3.500000,
-1.000000,-3.500000,
-0.900000,-3.500000,
-0.800000,-3.500000,
-0.700000,-3.500000,
-0.600000,-3.500000,
-0.500000,-3.500000,
-0.400000,-3.500000,
-0.300000,-3.500000,
-0.200000,-3.500000,
-0.100000,-3.500000,
0.000000,-3.500000,0.000000
0.100000,-3.500000,
0.200000,-3.500000,
0.300000,-3.500000,
0.400000,-3.500000,
0.500000,-3.500000,
0.600000,-3.500000,
0.700000,-3.500000,
0.800000,-3.500000,
0.900000,-3.500000,
1.000000,-3.500000,
1.100000,-3.500000,
1.200000,-3.500000,
1.300000,-3.500000,
1.400000,-3.500000,
1.500000,-3.500000,
1.600000,-3.500000,
1.700000,-3.500000,
1.800000,-3.500000,
1.900000,-3.500000,
2.000000,-3.500000,
2.100000,-3.500000,
2.200000,-3.500000,
2.300000,-3.500000,
2.400000,-3.500000,
2.500000,-3.500000,
2.600000,-3.500000,
2.700000,-3.500000,
2.800000,-3.500000,
2.900000,-3.500000,
3.000000,-3.500000,
3.100000,-3.500000,
3.200000,-3.500000,
3.300000,-3.500000,
3.400000,-3.500000,
3.500000,-3.500000,
-3.500000,-3.400000,
-3.400000,-3.400000,
-3.300000,-3.400000,
-3.200000,-3.400000,
-3.100000,-3.400000,
-3.000000,-3.400000,
-2.900000,-3.400000,
-2.800000,-3.400000,
-2.700000,-3.400000,
-2.600000,-3.400000,
-2.500000,-3.400000,
-2.400000,-3.400000,
-2.300000,-3.400000,
-2.200000,-3.400000,
-2.100000,-3.400000,
-2.000000,-3.400000,
-1.900000,-3.400000,
-1.800000,-3.400000,
-1.700000,-3.400000,
-1.600000,-3.400000,
-1.500000,-3.400000,
-1.400000,-3.400000,
-1.300000,-3.400000,
-1.200000,-3.400000,
-1.100000,-3.400000,
-1.000000,-3.400000,
-0.900000,-3.400000,
-0.800000,-3.400000,
-0.700000,-3.400000,
-0.600000,-3.400000,
-0.500000,-3.400000,
-0.400000,-3.400000,0.728011
-0.300000,-3.400000,0.774597
-0.200000,-3.400000,0.806226
-0.100000,-3.400000,0.824621
0.000000,-3.400000,0.830662
0.100000,-3.400000,0.824621
0.200000,-3.400000,0.806226
0.300000,-3.400000,0.774597
0.400000,-3.400000,0.728011
0.500000,-3.400000,0.663325
0.600000,-3.400000,0.574456
0.700000,-3.400000,0.447214
0.800000,-3.400000,0.223607
0.900000,-3.400000,
1.000000,-3.400000,
1.100000,-3.400000,
1.200000,-3.400000,
1.300000,-3.400000,
1.400000,-3.400000,
1.500000,-3.400000,
1.600000,-3.400000,
1.700000,-3.400000,
1.800000,-3.400000,
1.900000,-3.400000,
2.000000,-3.400000,
2.100000,-3.400000,
2.200000,-3.400000,
2.300000,-3.400000,
2.400000,-3.400000,
2.500000,-3.400000,
2.600000,-3.400000,
2.700000,-3.400000,
2.800000,-3.400000,
2.900000,-3.400000,
3.000000,-3.400000,
3.100000,-3.400000,
3.200000,-3.400000,
3.300000,-3.400000,
3.400000,-3.400000,
3.500000,-3.400000,
-3.500000,-3.300000,
-3.400000,-3.300000,
-3.300000,-3.300000,
-3.200000,-3.300000,
-3.100000,-3.300000,
-3.000000,-3.300000,
-2.900000,-3.300000,
-2.800000,-3.300000,
-2.700000,-3.300000,
-2.600000,-3.300000,
-2.500000,-3.300000,
-2.400000,-3.300000,
-2.300000,-3.300000,
-2.200000,-3.300000,
-2.100000,-3.300000,
-2.000000,-3.300000,
-1.900000,-3.300000,
-1.800000,-3.300000,
-1.700000,-3.300000,
-1.600000,-3.300000,
-1.500000,-3.300000,
-1.400000,-3.300000,
-1.300000,-3.300000,
-1.200000,-3.300000,
-1.100000,-3.300000,
-1.000000,-3.300000,
-0.900000,-3.300000,
-0.800000,-3.300000,
-0.700000,-3.300000,
-0.600000,-3.300000,
-0.500000,-3.300000,
-0.400000,-3.300000,0.866580
-0.300000,-3.300000,1.126943
-0.200000,-3.300000,1.148913
-0.100000,-3.300000,1.161895
0.000000,-3.300000,1.166190
0.100000,-3.300000,1.161895
0.200000,-3.300000,1.148913
0.300000,-3.300000,1.126943
0.400000,-3.300000,1.095445
0.500000,-3.300000,1.053565
0.600000,-3.300000,1.000000
0.700000,-3.300000,0.932738
0.800000,-3.300000,0.848528
0.900000,-3.300000,0.741620
1.000000,-3.300000,0.600000
1.100000,-3.300000,0.387298
1.200000,-3.300000,
1.300000,-3.300000,
1.400000,-3.300000,
1.500000,-3.300000,
1.600000,-3.300000,
1.700000,-3.300000,
1.800000,-3.300000,
1.900000,-3.300000,
2.000000,-3.300000,
2.100000,-3.300000,
2.200000,-3.300000,
2.300000,-3.300000,
2.400000,-3.300000,
2.500000,-3.300000,
2.600000,-3.300000,
2.700000,-3.300000,
2.800000,-3.300000,
2.900000,-3.300000,
3.000000,-3.300000,
3.100000,-3.300000,
3.200000,-3.300000,
3.300000,-3.300000,
3.400000,-3.300000,
3.500000,-3.300000,
-3.500000,-3.200000,
-3.400000,-3.200000,
-3.300000,-3.200000,
-3.200000,-3.200000,
-3.100000,-3.200000,
-3.000000,-3.200000,
-2.900000,-3.200000,
-2.800000,-3.200000,
-2.700000,-3.200000,
-2.600000,-3.200000,
-2.500000,-3.200000,
-2.400000,-3.200000,
-2.300000,-3.200000,
-2.200000,-3.200000,
-2.100000,-3.200000,
-2.000000,-3.200000,
-1.900000,-3.200000,
-1.800000,-3.200000,
-1.700000,-3.200000,
-1.600000,-3.200000,
-1.500000,-3.200000,
-1.400000,-3.200000,
-1.300000,-3.200000,
-1.200000,-3.200000,
-1.100000,-3.200000,
-1.000000,-3.200000,
-0.900000,-3.200000,
-0.800000,-3.200000,
-0.700000,-3.200000,
-0.600000,-3.200000,
-0.500000,-3.200000,
-0.400000,-3.200000,0.842718
-0.300000,-3.200000,1.168992
-0.200000,-3.200000,1.380055
-0.100000,-3.200000,1.414214
0.000000,-3.200000,1.417745
0.100000,-3.200000,1.414214
0.200000,-3.200000,1.403567
0.300000,-3.200000,1.385641
0.400000,-3.200000,1.360147
0.500000,-3.200000,1.326650
0.600000,-3.200000,1.284523
0.700000,-3.200000,1.232883
0.800000,-3.200000,1.170470
0.900000,-3.200000,1.095445
1.000000,-3.200000,1.004988
1.100000,-3.200000,0.894427
1.200000,-3.200000,0.754983
1.300000,-3.200000,0.565685
1.400000,-3.200000,0.223607
1.500000,-3.200000,
1.600000,-3.200000,
1.700000,-3.200000,
1.800000,-3.200000,
1.900000,-3.200000,
2.000000,-3.200000,
2.100000,-3.200000,
2.200000,-3.200000,
2.300000,-3.200000,
2.400000,-3.200000,
2.500000,-3.200000,
2.600000,-3.200000,
2.700000,-3.200000,
2.800000,-3.200000,
2.900000,-3.200000,
3.000000,-3.200000,
3.100000,-3.200000,
3.200000,-3.200000,
3.300000,-3.200000,
3.400000,-3.200000,
3.500000,-3.200000,
-3.500000,-3.100000,
-3.400000,-3.100000,
-3.300000,-3.100000,
-3.200000,-3.100000,
-3.100000,-3.100000,
-3.000000,-3.100000,
-2.900000,-3.100000,
-2.800000,-3.100000,
-2.700000,-3.100000,
-2.600000,-3.100000,
-2.500000,-3.100000,
-2.400000,-3.100000,
-2.300000,-3.100000,
-2.200000,-3.100000,
-2.100000,-3.100000,
-2.000000,-3.100000,
-1.900000,-3.100000,
-1.800000,-3.100000,
-1.700000,-3.100000,
-1.600000,-3.100000,
-1.500000,-3.100000,
-1.400000,-3.100000,
-1.300000,-3.100000,
-1.200000,-3.100000,
-1.100000,-3.100000,
-1.000000,-3.100000,
-0.900000,-3.100000,
-0.800000,-3.100000,
-0.700000,-3.100000,
-0.600000,-3.100000,
-0.500000,-3.100000,-1.174731
-0.400000,-3.100000,0.790895
-0.300000,-3.100000,1.141244
-0.200000,-3.100000,1.358614
-0.100000,-3.100000,1.525033
0.000000,-3.100000,1.624808
0.100000,-3.100000,1.621727
0.200000,-3.100000,1.612452
0.300000,-3.100000,1.596872
0.400000,-3.100000,1.574802
0.500000,-3.100000,1.545962
0.600000,-3.100000,1.509967
0.700000,-3.100000,1.466288
0.800000,-3.100000,1.414214
0.900000,-3.100000,1.352775
1.000000,-3.100000,1.280625
1.100000,-3.100000,1.195826
1.200000,-3.100000,1.095445
1.300000,-3.100000,0.974679
1.400000,-3.100000,0.824621
1.500000,-3.100000,0.624500
1.600000,-3.100000,0.282843
1.700000,-3.100000,
1.800000,-3.100000,
1.900000,-3.100000,
2.000000,-3.100000,
2.100000,-3.100000,
2.200000,-3.100000,
2.300000,-3.100000,
2.400000,-3.100000,
2.500000,-3.100000,
2.600000,-3.100000,
2.700000,-3.100000,
2.800000,-3.100000,
2.900000,-3.100000,
3.000000,-3.100000,
3.100000,-3.100000,
3.200000,-3.100000,
3.300000,-3.100000,
3.400000,-3.100000,
3.500000,-3.100000,
-3.500000,-3.000000,
-3.400000,-3.000000,
-3.300000,-3.000000,
-3.200000,-3.000000,
-3.100000,-3.000000,
-3.000000,-3.000000,
-2.900000,-3.000000,
-2.800000,-3.000000,
-2.700000,-3.000000,
-2.600000,-3.000000,
-2.500000,-3.000000,
-2.400000,-3.000000,
-2.300000,-3.000000,
-2.200000,-3.000000,
-2.100000,-3.000000,
-2.000000,-3.000000,
-1.900000,-3.000000,
-1.800000,-3.000000,
-1.700000,-3.000000,
-1.600000,-3.000000,
-1.500000,-3.000000,
-1.400000,-3.000000,
-1.300000,-3.000000,
-1.200000,-3.000000,
-1.100000,-3.000000,
-1.000000,-3.000000,
-0.900000,-3.000000,
-0.800000,-3.000000,
-0.700000,-3.000000,
-0.600000,-3.000000,-1.226924
-0.500000,-3.000000,-0.915600
-0.400000,-3.000000,0.695384
-0.300000,-3.000000,1.097627
-0.200000,-3.000000,1.325608
-0.100000,-3.000000,1.497172
0.000000,-3.000000,1.636566
0.100000,-3.000000,1.753965
0.200000,-3.000000,1.791647
0.300000,-3.000000,1.777639
0.400000,-3.000000,1.757840
0.500000,-3.000000,1.732051
0.600000,-3.000000,1.700000
0.700000,-3.000000,1.661325
0.800000,-3.000000,1.615549
0.900000,-3.000000,1.562050
1.000000,-3.000000,1.500000
1.100000,-3.000000,1.428286
1.200000,-3.000000,1.345362
1.300000,-3.000000,1.249000
1.400000,-3.000000,1.135782
1.500000,-3.000000,1.000000
1.600000,-3.000000,0.830662
1.700000,-3.000000,0.600000
1.800000,-3.000000,0.100000
1.900000,-3.000000,
2.000000,-3.000000,
2.100000,-3.000000,
2.200000,-3.000000,
2.300000,-3.000000,
2.400000,-3.000000,
2.500000,-3.000000,
2.600000,-3.000000,
2.700000,-3.000000,
2.800000,-3.000000,
2.900000,-3.000000,
3.000000,-3.000000,
3.100000,-3.000000,
3.200000,-3.000000,
3.300000,-3.000000,
3.400000,-3.000000,
3.500000,-3.000000,
-3.500000,-2.900000,
-3.400000,-2.900000,
-3.300000,-2.900000,
-3.200000,-2.900000,
-3.100000,-2.900000,
-3.000000,-2.900000,
-2.900000,-2.900000,
-2.800000,-2.900000,
-2.700000,-2.900000,
-2.600000,-2.900000,
-2.500000,-2.900000,
-2.400000,-2.900000,
-2.300000,-2.900000,
-2.200000,-2.900000,
-2.100000,-2.900000,
-2.000000,-2.900000,
-1.900000,-2.900000,
-1.800000,-2.900000,
-1.700000,-2.900000,
-1.600000,-2.900000,
-1.500000,-2.900000,
-1.400000,-2.900000,
-1.300000,-2.900000,
-1.200000,-2.900000,
-1.100000,-2.900000,
-1.000000,-2.900000,
-0.900000,-2.900000,
-0.800000,-2.900000,
-0.700000,-2.900000,-1.386970
-0.600000,-2.900000,-0.961706
-0.500000,-2.900000,-0.748157
-0.400000,-2.900000,-0.591301
-0.300000,-2.900000,1.034735
-0.200000,-2.900000,1.279698
-0.100000,-2.900000,1.458922
0.000000,-2.900000,1.602858
0.100000,-2.900000,1.723313
0.200000,-2.900000,1.826364
0.300000,-2.900000,1.915628
0.400000,-2.900000,1.918333
0.500000,-2.900000,1.894730
0.600000,-2.900000,1.865476
0.700000,-2.900000,1.830301
0.800000,-2.900000,1.788854
0.900000,-2.900000,1.740690
1.000000,-2.900000,1.685230
1.100000,-2.900000,1.621727
1.200000,-2.900000,1.549193
1.300000,-2.900000,1.466288
1.400000,-2.900000,1.371131
1.500000,-2.900000,1.260952
1.600000,-2.900000,1.131371
1.700000,-2.900000,0.974679
1.800000,-2.900000,0.774597
1.900000,-2.900000,0.479583
2.000000,-2.900000,
2.100000,-2.900000,
2.200000,-2.900000,
2.300000,-2.900000,
2.400000,-2.900000,
2.500000,-2.900000,
2.600000,-2.900000,
2.700000,-2.900000,
2.800000,-2.900000,
2.900000,-2.900000,
3.000000,-2.900000,
3.100000,-2.900000,
3.200000,-2.900000,
3.300000,-2.900000,
3.400000,-2.900000,
3.500000,-2.900000,
-3.500000,-2.800000,
-3.400000,-2.800000,
-3.300000,-2.800000,
-3.200000,-2.800000,
-3.100000,-2.800000,
-3.000000,-2.800000,
-2.900000,-2.800000,
-2.800000,-2.800000,
-2.700000,-2.800000,
-2.600000,-2.800000,
-2.500000,-2.800000,
-2.400000,-2.800000,
-2.300000,-2.800000,
-2.200000,-2.800000,
-2.100000,-2.800000,
-2.000000,-2.800000,
-1.900000,-2.800000,
-1.800000,-2.800000,
-1.700000,-2.800000,
-1.600000,-2.800000,
-1.500000,-2.800000,
-1.400000,-2.800000,
-1.300000,-2.800000,
-1.200000,-2.800000,
-1.100000,-2.800000,
-1.000000,-2.800000,
-0.900000,-2.800000,
-0.800000,-2.800000,
-0.700000,-2.800000,-1.050822
-0.600000,-2.800000,-0.797311
-0.500000,-2.800000,-0.621057
-0.400000,-2.800000,-0.482829
-0.300000,-2.800000,0.945603
-0.200000,-2.800000,1.218640
-0.100000,-2.800000,1.409070
0.000000,-2.800000,1.559360
0.100000,-2.800000,1.683990
0.200000,-2.800000,1.790016
0.300000,-2.800000,1.881512
0.400000,-2.800000,1.961080
0.500000,-2.800000,2.030497
0.600000,-2.800000,2.012461
0.700000,-2.800000,1.979899
0.800000,-2.800000,1.941649
0.900000,-2.800000,1.897367
1.000000,-2.800000,1.846619
1.100000,-2.800000,1.788854
1.200000,-2.800000,1.723369
1.300000,-2.800000,1.649242
1.400000,-2.800000,1.565248
1.500000,-2.800000,1.469694
1.600000,-2.800000,1.360147
1.700000,-2.800000,1.232883
1.800000,-2.800000,1.081665
1.900000,-2.800000,0.894427
2.000000,-2.800000,0.640312
2.100000,-2.800000,
2.200000,-2.800000,
2.300000,-2.800000,
2.400000,-2.800000,
2.500000,-2.800000,
2.600000,-2.800000,
2.700000,-2.800000,
2.800000,-2.800000,
2.900000,-2.800000,
3.000000,-2.800000,
3.100000,-2.800000,
3.200000,-2.800000,
3.300000,-2.800000,
3.400000,-2.800000,
3.500000,-2.800000,
-3.500000,-2.700000,
-3.400000,-2.700000,
-3.300000,-2.700000,
-3.200000,-2.700000,
-3.100000,-2.700000,
-3.000000,-2.700000,
-2.900000,-2.700000,
-2.800000,-2.700000,
-2.700000,-2.700000,
-2.600000,-2.700000,
-2.500000,-2.700000,
-2.400000,-2.700000,
-2.300000,-2.700000,
-2.200000,-2.700000,
-2.100000,-2.700000,-0.557623
-2.000000,-2.700000,-0.666805
-1.900000,-2.700000,-0.806625
-1.800000,-2.700000,-1.001933
-1.700000,-2.700000,
-1.600000,-2.700000,
-1.500000,-2.700000,
-1.400000,-2.700000,
-1.300000,-2.700000,
-1.200000,-2.700000,
-1.100000,-2.700000,
-1.000000,-2.700000,
-0.900000,-2.700000,
-0.800000,-2.700000,-1.216367
-0.700000,-2.700000,-0.879390
-0.600000,-2.700000,-0.674517
-0.500000,-2.700000,-0.519173
-0.400000,-2.700000,-0.393121
-0.300000,-2.700000,0.812447
-0.200000,-2.700000,1.138548
-0.100000,-2.700000,1.345729
0.000000,-2.700000,1.504886
0.100000,-2.700000,1.635148
0.200000,-2.700000,1.745108
0.300000,-2.700000,1.839516
0.400000,-2.700000,1.921322
0.500000,-2.700000,1.992502
0.600000,-2.700000,2.054451
0.700000,-2.700000,2.108190
0.800000,-2.700000,2.078461
0.900000,-2.700000,2.037155
1.000000,-2.700000,1.989975
1.100000,-2.700000,1.936492
1.200000,-2.700000,1.876166
1.300000,-2.700000,1.808314
1.400000,-2.700000,1.732051
1.500000,-2.700000,1.646208
1.600000,-2.700000,1.549193
1.700000,-2.700000,1.438749
1.800000,-2.700000,1.311488
1.900000,-2.700000,1.161895
2.000000,-2.700000,0.979796
2.100000,-2.700000,0.741620
2.200000,-2.700000,0.346410
2.300000,-2.700000,
2.400000,-2.700000,
2.500000,-2.700000,
2.600000,-2.700000,
2.700000,-2.700000,
2.800000,-2.700000,
2.900000,-2.700000,
3.000000,-2.700000,
3.100000,-2.700000,
3.200000,-2.700000,
3.300000,-2.700000,
3.400000,-2.700000,
3.500000,-2.700000,
-3.500000,-2.600000,
-3.400000,-2.600000,
-3.300000,-2.600000,
-3.200000,-2.600000,
-3.100000,-2.600000,
-3.000000,-2.600000,
-2.900000,-2.600000,
-2.800000,-2.600000,
-2.700000,-2.600000,
-2.600000,-2.600000,
-2.500000,-2.600000,
-2.400000,-2.600000,
-2.300000,-2.600000,-0.274708
-2.200000,-2.600000,-0.339447
-2.100000,-2.600000,-0.417133
-2.000000,-2.600000,-0.510792
-1.900000,-2.600000,-0.625501
-1.800000,-2.600000,-0.771042
-1.700000,-2.600000,-0.972025
-1.600000,-2.600000,-1.403841
-1.500000,-2.600000,
-1.400000,-2.600000,
-1.300000,-2.600000,
-1.200000,-2.600000,
-1.100000,-2.600000,
-1.000000,-2.600000,
-0.900000,-2.600000,
-0.800000,-2.600000,-1.009357
-0.700000,-2.600000,-0.756496
-0.600000,-2.600000,-0.577334
-0.500000,-2.600000,-0.435530
-0.400000,-2.600000,-0.318049
-0.300000,-2.600000,0.517732
-0.200000,-2.600000,1.031907
-0.100000,-2.600000,1.265849
0.000000,-2.600000,1.437663
0.100000,-2.600000,1.575573
0.200000,-2.600000,1.690728
0.300000,-2.600000,1.788910
0.400000,-2.600000,1.873580
0.500000,-2.600000,1.946997
0.600000,-2.600000,2.010728
0.700000,-2.600000,2.065901
0.800000,-2.600000,2.113357
0.900000,-2.600000,2.153733
1.000000,-2.600000,2.118962
1.100000,-2.600000,2.068816
1.200000,-2.600000,2.012461
1.300000,-2.600000,1.949359
1.400000,-2.600000,1.878829
1.500000,-2.600000,1.800000
1.600000,-2.600000,1.711724
1.700000,-2.600000,1.612452
1.800000,-2.600000,1.500000
1.900000,-2.600000,1.371131
2.000000,-2.600000,1.220656
2.100000,-2.600000,1.039230
2.200000,-2.600000,0.806226
2.300000,-2.600000,0.447214
2.400000,-2.600000,
2.500000,-2.600000,
2.600000,-2.600000,
2.700000,-2.600000,
2.800000,-2.600000,
2.900000,-2.600000,
3.000000,-2.600000,
3.100000,-2.600000,
3.200000,-2.600000,
3.300000,-2.600000,
3.400000,-2.600000,
3.500000,-2.600000,
-3.500000,-2.500000,
-3.400000,-2.500000,
-3.300000,-2.500000,
-3.200000,-2.500000,
-3.100000,-2.500000,
-3.000000,-2.500000,
-2.900000,-2.500000,
-2.800000,-2.500000,
-2.700000,-2.500000,
-2.600000,-2.500000,
-2.500000,-2.500000,
-2.400000,-2.500000,0.036434
-2.300000,-2.500000,-0.170954
-2.200000,-2.500000,-0.230420
-2.100000,-2.500000,-0.301060
-2.000000,-2.500000,-0.384986
-1.900000,-2.500000,-0.485465
-1.800000,-2.500000,-0.608035
-1.700000,-2.500000,-0.763544
-1.600000,-2.500000,-0.980423
-1.500000,-2.500000,
-1.400000,-2.500000,
-1.300000,-2.500000,
-1.200000,-2.500000,
-1.100000,-2.500000,
-1.000000,-2.500000,
-0.900000,-2.500000,-1.244124
-0.800000,-2.500000,-0.877439
-0.700000,-2.500000,-0.661615
-0.600000,-2.500000,-0.498592
-0.500000,-2.500000,-0.366233
-0.400000,-2.500000,-0.255054
-0.300000,-2.500000,-0.003228
-0.200000,-2.500000,0.880363
-0.100000,-2.500000,1.164075
0.000000,-2.500000,1.354926
0.100000,-2.500000,1.503487
0.200000,-2.500000,1.625587
0.300000,-2.500000,1.728691
0.400000,-2.500000,1.817034
0.500000,-2.500000,1.893285
0.600000,-2.500000,1.959250
0.700000,-2.500000,2.016212
0.800000,-2.500000,2.065108
0.900000,-2.500000,2.106644
1.000000,-2.500000,2.141355
1.100000,-2.500000,2.169648
1.200000,-2.500000,2.135416
1.300000,-2.500000,2.076054
1.400000,-2.500000,2.009975
1.500000,-2.500000,1.936492
1.600000,-2.500000,1.854724
1.700000,-2.500000,1.763519
1.800000,-2.500000,1.661325
1.900000,-2.500000,1.545962
2.000000,-2.500000,1.414214
2.100000,-2.500000,1.260952
2.200000,-2.500000,1.077033
2.300000,-2.500000,0.842615
2.400000,-2.500000,0.489898
2.500000,-2.500000,
2.600000,-2.500000,
2.700000,-2.500000,
2.800000,-2.500000,
2.900000,-2.500000,
3.000000,-2.500000,
3.100000,-2.500000,
3.200000,-2.500000,
3.300000,-2.500000,
3.400000,-2.500000,
3.500000,-2.500000,
-3.500000,-2.400000,
-3.400000,-2.400000,
-3.300000,-2.400000,
-3.200000,-2.400000,
-3.100000,-2.400000,
-3.000000,-2.400000,
-2.900000,-2.400000,
-2.800000,-2.400000,
-2.700000,-2.400000,
-2.600000,-2.400000,
-2.500000,-2.400000,0.348676
-2.400000,-2.400000,0.166246
-2.300000,-2.400000,-0.081698
-2.200000,-2.400000,-0.137282
-2.100000,-2.400000,-0.202867
-2.000000,-2.400000,-0.280056
-1.900000,-2.400000,-0.371213
-1.800000,-2.400000,-0.480050
-1.700000,-2.400000,-0.613005
-1.600000,-2.400000,-0.783255
-1.500000,-2.400000,-1.029142
-1.400000,-2.400000,
-1.300000,-2.400000,
-1.200000,-2.400000,
-1.100000,-2.400000,
-1.000000,-2.400000,
-0.900000,-2.400000,-1.066077
-0.800000,-2.400000,-0.780621
-0.700000,-2.400000,-0.586380
-0.600000,-2.400000,-0.434359
-0.500000,-2.400000,-0.308866
-0.400000,-2.400000,-0.202434
-0.300000,-2.400000,0.095251
-0.200000,-2.400000,0.585747
-0.100000,-2.400000,1.029412
0.000000,-2.400000,1.252020
0.100000,-2.400000,1.416157
0.200000,-2.400000,1.547810
0.300000,-2.400000,1.657448
0.400000,-2.400000,1.750554
0.500000,-2.400000,1.830422
0.600000,-2.400000,1.899206
0.700000,-2.400000,1.958402
0.800000,-2.400000,2.009086
0.900000,-2.400000,2.052055
1.000000,-2.400000,2.087907
1.100000,-2.400000,2.117095
1.200000,-2.400000,2.139960
1.300000,-2.400000,2.156753
1.400000,-2.400000,2.128380
1.500000,-2.400000,2.059126
1.600000,-2.400000,1.982423
1.700000,-2.400000,1.897367
1.800000,-2.400000,1.802776
1.900000,-2.400000,1.697056
2.000000,-2.400000,1.577973
2.100000,-2.400000,1.442221
2.200000,-2.400000,1.284523
2.300000,-2.400000,1.095445
2.400000,-2.400000,0.854400
2.500000,-2.400000,0.489898
2.600000,-2.400000,
2.700000,-2.400000,
2.800000,-2.400000,
2.900000,-2.400000,
3.000000,-2.400000,
3.100000,-2.400000,
3.200000,-2.400000,
3.300000,-2.400000,
3.400000,-2.400000,
3.500000,-2.400000,
-3.500000,-2.300000,
-3.400000,-2.300000,
-3.300000,-2.300000,
-3.200000,-2.300000,
-3.100000,-2.300000,
-3.000000,-2.300000,
-2.900000,-2.300000,
-2.800000,-2.300000,
-2.700000,-2.300000,
-2.600000,-2.300000,0.447214
-2.500000,-2.300000,0.430678
-2.400000,-2.300000,0.265657
-2.300000,-2.300000,0.045512
-2.200000,-2.300000,-0.056970
-2.100000,-2.300000,-0.118754
-2.000000,-2.300000,-0.190999
-1.900000,-2.300000,-0.275544
-1.800000,-2.300000,-0.375143
-1.700000,-2.300000,-0.494227
-1.600000,-2.300000,-0.640801
-1.500000,-2.300000,-0.832559
-1.400000,-2.300000,-1.133660
-1.300000,-2.300000,
-1.200000,-2.300000,
-1.100000,-2.300000,
-1.000000,-2.300000,
-0.900000,-2.300000,-0.955051
-0.800000,-2.300000,-0.706636
-0.700000,-2.300000,-0.526425
-0.600000,-2.300000,-0.382224
-0.500000,-2.300000,-0.261825
-0.400000,-2.300000,-0.159003
-0.300000,-2.300000,0.155529
-0.200000,-2.300000,0.445737
-0.100000,-2.300000,0.830159
0.000000,-2.300000,1.120021
0.100000,-2.300000,1.309069
0.200000,-2.300000,1.454533
0.300000,-2.300000,1.573128
0.400000,-2.300000,1.672553
0.500000,-2.300000,1.757111
0.600000,-2.300000,1.829496
0.700000,-2.300000,1.891512
0.800000,-2.300000,1.944432
0.900000,-2.300000,1.989179
1.000000,-2.300000,2.026441
1.100000,-2.300000,2.056731
1.200000,-2.300000,2.080431
1.300000,-2.300000,2.097822
1.400000,-2.300000,2.109100
1.500000,-2.300000,2.114387
1.600000,-2.300000,2.097618
1.700000,-2.300000,2.017424
1.800000,-2.300000,1.928730
1.900000,-2.300000,1.830301
2.000000,-2.300000,1.720465
2.100000,-2.300000,1.596872
2.200000,-2.300000,1.456022
2.300000,-2.300000,1.292285
2.400000,-2.300000,1.095445
2.500000,-2.300000,0.842615
2.600000,-2.300000,0.447214
2.700000,-2.300000,
2.800000,-2.300000,
2.900000,-2.300000,
3.000000,-2.300000,
3.100000,-2.300000,
3.200000,-2.300000,
3.300000,-2.300000,
3.400000,-2.300000,
3.500000,-2.300000,
-3.500000,-2.200000,
-3.400000,-2.200000,
-3.300000,-2.200000,
-3.200000,-2.200000,
-3.100000,-2.200000,
-3.000000,-2.200000,
-2.900000,-2.200000,
-2.800000,-2.200000,
-2.700000,-2.200000,0.346410
-2.600000,-2.200000,0.623845
-2.500000,-2.200000,0.497579
-2.400000,-2.200000,0.344292
-2.300000,-2.200000,0.147597
-2.200000,-2.200000,0.012554
-2.100000,-2.200000,-0.046287
-2.000000,-2.200000,-0.114765
-1.900000,-2.200000,-0.194390
-1.800000,-2.200000,-0.287341
-1.700000,-2.200000,-0.396964
-1.600000,-2.200000,-0.528849
-1.500000,-2.200000,-0.693757
-1.400000,-2.200000,-0.918854
-1.300000,-2.200000,-1.405361
-1.200000,-2.200000,
-1.100000,-2.200000,
-1.000000,-2.200000,-1.277733
-0.900000,-2.200000,-0.876696
-0.800000,-2.200000,-0.649796
-0.700000,-2.200000,-0.479163
-0.600000,-2.200000,-0.340614
-0.500000,-2.200000,-0.224005
-0.400000,-2.200000,-0.123920
-0.300000,-2.200000,0.190760
-0.200000,-2.200000,0.468433
-0.100000,-2.200000,0.662792
0.000000,-2.200000,0.936815
0.100000,-2.200000,1.173770
0.200000,-2.200000,1.341023
0.300000,-2.200000,1.472572
0.400000,-2.200000,1.580694
0.500000,-2.200000,1.671509
0.600000,-2.200000,1.748590
0.700000,-2.200000,1.814228
0.800000,-2.200000,1.869984
0.900000,-2.200000,1.916969
1.000000,-2.200000,1.955992
1.100000,-2.200000,1.987649
1.200000,-2.200000,2.012382
1.300000,-2.200000,2.030511
1.400000,-2.200000,2.042259
1.500000,-2.200000,2.047765
1.600000,-2.200000,2.047091
1.700000,-2.200000,2.040231
1.800000,-2.200000,2.027105
1.900000,-2.200000,1.949359
2.000000,-2.200000,1.846619
2.100000,-2.200000,1.732051
2.200000,-2.200000,1.603122
2.300000,-2.200000,1.456022
2.400000,-2.200000,1.284523
2.500000,-2.200000,1.077033
2.600000,-2.200000,0.806226
2.700000,-2.200000,0.346410
2.800000,-2.200000,
2.900000,-2.200000,
3.000000,-2.200000,
3.100000,-2.200000,
3.200000,-2.200000,
3.300000,-2.200000,
3.400000,-2.200000,
3.500000,-2.200000,
-3.500000,-2.100000,
-3.400000,-2.100000,
-3.300000,-2.100000,
-3.200000,-2.100000,
-3.100000,-2.100000,
-3.000000,-2.100000,
-2.900000,-2.100000,
-2.800000,-2.100000,0.000000
-2.700000,-2.100000,0.741620
-2.600000,-2.100000,0.672895
-2.500000,-2.100000,0.552007
-2.400000,-2.100000,0.407020
-2.300000,-2.100000,0.225368
-2.200000,-2.100000,0.072714
-2.100000,-2.100000,0.016199
-2.000000,-2.100000,-0.049340
-1.900000,-2.100000,-0.125189
-1.800000,-2.100000,-0.213158
-1.700000,-2.100000,-0.315932
-1.600000,-2.100000,-0.437772
-1.500000,-2.100000,-0.586218
-1.400000,-2.100000,-0.777336
-1.300000,-2.100000,-1.063232
-1.200000,-2.100000,
-1.100000,-2.100000,
-1.000000,-2.100000,-1.157538
-0.900000,-2.100000,-0.820318
-0.800000,-2.100000,-0.606975
-0.700000,-2.100000,-0.442960
-0.600000,-2.100000,-0.308465
-0.500000,-2.100000,-0.194632
-0.400000,-2.100000,-0.096577
-0.300000,-2.100000,0.205805
-0.200000,-2.100000,0.478396
-0.100000,-2.100000,0.670843
0.000000,-2.100000,0.823578
0.100000,-2.100000,0.990293
0.200000,-2.100000,1.198402
0.300000,-2.100000,1.350492
0.400000,-2.100000,1.471329
0.500000,-2.100000,1.570860
0.600000,-2.100000,1.654277
0.700000,-2.100000,1.724694
0.800000,-2.100000,1.784133
0.900000,-2.100000,1.833988
1.000000,-2.100000,1.875248
1.100000,-2.100000,1.908631
1.200000,-2.100000,1.934661
1.300000,-2.100000,1.953713
1.400000,-2.100000,1.966048
1.500000,-2.100000,1.971825
1.600000,-2.100000,1.971118
1.700000,-2.100000,1.963919
1.800000,-2.100000,1.950135
1.900000,-2.100000,1.929586
2.000000,-2.100000,1.901988
2.100000,-2.100000,1.852026
2.200000,-2.100000,1.732051
2.300000,-2.100000,1.596872
2.400000,-2.100000,1.442221
2.500000,-2.100000,1.260952
2.600000,-2.100000,1.039230
2.700000,-2.100000,0.741620
2.800000,-2.100000,
2.900000,-2.100000,
3.000000,-2.100000,
3.100000,-2.100000,
3.200000,-2.100000,
3.300000,-2.100000,
3.400000,-2.100000,
3.500000,-2.100000,
-3.500000,-2.000000,
-3.400000,-2.000000,
-3.300000,-2.000000,
-3.200000,-2.000000,
-3.100000,-2.000000,
-3.000000,-2.000000,
-2.900000,-2.000000,
-2.800000,-2.000000,0.640312
-2.700000,-2.000000,0.812804
-2.600000,-2.000000,0.712545
-2.500000,-2.000000,0.595663
-2.400000,-2.000000,0.456670
-2.300000,-2.000000,0.285238
-2.200000,-2.000000,0.124546
-2.100000,-2.000000,0.069891
-2.000000,-2.000000,0.006678
-1.900000,-2.000000,-0.066218
-1.800000,-2.000000,-0.150358
-1.700000,-2.000000,-0.247993
-1.600000,-2.000000,-0.362576
-1.500000,-2.000000,-0.499873
-1.400000,-2.000000,-0.671006
-1.300000,-2.000000,-0.904146
-1.200000,-2.000000,-1.418493
-1.100000,-2.000000,
-1.000000,-2.000000,-1.088169
-0.900000,-2.000000,-0.781026
-0.800000,-2.000000,-0.576310
-0.700000,-2.000000,-0.416749
-0.600000,-2.000000,-0.285051
-0.500000,-2.000000,-0.173161
-0.400000,-2.000000,-0.076541
-0.300000,-2.000000,0.202345
-0.200000,-2.000000,0.476091
-0.100000,-2.000000,0.668977
0.000000,-2.000000,0.821957
0.100000,-2.000000,0.949305
0.200000,-2.000000,1.058037
0.300000,-2.000000,1.196717
0.400000,-2.000000,1.338177
0.500000,-2.000000,1.450734
0.600000,-2.000000,1.543165
0.700000,-2.000000,1.620156
0.800000,-2.000000,1.684546
0.900000,-2.000000,1.738192
1.000000,-2.000000,1.782371
1.100000,-2.000000,1.817985
1.200000,-2.000000,1.845678
1.300000,-2.000000,1.865910
1.400000,-2.000000,1.878990
1.500000,-2.000000,1.885112
1.600000,-2.000000,1.884364
1.700000,-2.000000,1.876734
1.800000,-2.000000,1.862113
1.900000,-2.000000,1.840284
2.000000,-2.000000,1.810907
2.100000,-2.000000,1.773486
2.200000,-2.000000,1.788025
2.300000,-2.000000,1.720465
2.400000,-2.000000,1.577973
2.500000,-2.000000,1.414214
2.600000,-2.000000,1.220656
2.700000,-2.000000,0.979796
2.800000,-2.000000,0.640312
2.900000,-2.000000,
3.000000,-2.000000,
3.100000,-2.000000,
3.200000,-2.000000,
3.300000,-2.000000,
3.400000,-2.000000,
3.500000,-2.000000,
-3.500000,-1.900000,
-3.400000,-1.900000,
-3.300000,-1.900000,
-3.200000,-1.900000,
-3.100000,-1.900000,
-3.000000,-1.900000,
-2.900000,-1.900000,0.479583
-2.800000,-1.900000,0.894427
-2.700000,-1.900000,0.841726
-2.600000,-1.900000,0.743623
-2.500000,-1.900000,0.629694
-2.400000,-1.900000,0.495020
-2.300000,-1.900000,0.330661
-2.200000,-1.900000,0.168824
-2.100000,-1.900000,0.115661
-2.000000,-1.900000,0.054303
-1.900000,-1.900000,-0.016262
-1.800000,-1.900000,-0.097416
-1.700000,-1.900000,-0.191117
-1.600000,-1.900000,-0.300285
-1.500000,-1.900000,-0.429613
-1.400000,-1.900000,-0.587571
-1.300000,-1.900000,-0.792919
-1.200000,-1.900000,-1.114046
-1.100000,-1.900000,
-1.000000,-1.900000,-1.047819
-0.900000,-1.900000,-0.756260
-0.800000,-1.900000,-0.556667
-0.700000,-1.900000,-0.399842
-0.600000,-1.900000,-0.269891
-0.500000,-1.900000,-0.159226
-0.400000,-1.900000,-0.063515
-0.300000,-1.900000,0.180011
-0.200000,-1.900000,0.461413
-0.100000,-1.900000,0.657139
0.000000,-1.900000,0.811692
0.100000,-1.900000,0.940060
0.200000,-1.900000,1.049516
0.300000,-1.900000,1.144245
0.400000,-1.900000,1.226919
0.500000,-1.900000,1.303159
0.600000,-1.900000,1.409570
0.700000,-1.900000,1.496223
0.800000,-1.900000,1.567630
0.900000,-1.900000,1.626516
1.000000,-1.900000,1.674655
1.100000,-1.900000,1.713255
1.200000,-1.900000,1.743154
1.300000,-1.900000,1.764936
1.400000,-1.900000,1.778993
1.500000,-1.900000,1.785566
1.600000,-1.900000,1.784763
1.700000,-1.900000,1.776570
1.800000,-1.900000,1.760852
1.900000,-1.900000,1.737338
2.000000,-1.900000,1.705597
2.100000,-1.900000,1.767219
2.200000,-1.900000,1.912967
2.300000,-1.900000,1.830301
2.400000,-1.900000,1.697056
2.500000,-1.900000,1.545962
2.600000,-1.900000,1.371131
2.700000,-1.900000,1.161895
2.800000,-1.900000,0.894427
2.900000,-1.900000,0.479583
3.000000,-1.900000,
3.100000,-1.900000,
3.200000,-1.900000,
3.300000,-1.900000,
3.400000,-1.900000,
3.500000,-1.900000,
-3.500000,-1.800000,
-3.400000,-1.800000,
-3.300000,-1.800000,
-3.200000,-1.800000,
-3.100000,-1.800000,
-3.000000,-1.800000,0.100000
-2.900000,-1.800000,0.774597
-2.800000,-1.800000,1.081665
-2.700000,-1.800000,0.945358
-2.600000,-1.800000,0.766716
-2.500000,-1.800000,0.654881
-2.400000,-1.800000,0.523224
-2.300000,-1.800000,0.363676
-2.200000,-1.800000,0.206133
-2.100000,-1.800000,0.154165
-2.000000,-1.800000,0.094283
-1.900000,-1.800000,0.025560
-1.800000,-1.800000,-0.053257
-1.700000,-1.800000,-0.143918
-1.600000,-1.800000,-0.248983
-1.500000,-1.800000,-0.372446
-1.400000,-1.800000,-0.521199
-1.300000,-1.800000,-0.709269
-1.200000,-1.800000,-0.976995
-1.100000,-1.800000,
-1.000000,-1.800000,-1.029609
-0.900000,-1.800000,-0.744667
-0.800000,-1.800000,-0.547394
-0.700000,-1.800000,-0.391831
-0.600000,-1.800000,-0.262692
-0.500000,-1.800000,-0.152600
-0.400000,-1.800000,-0.057315
-0.300000,-1.800000,0.136160
-0.200000,-1.800000,0.433658
-0.100000,-1.800000,0.634966
0.000000,-1.800000,0.792546
0.100000,-1.800000,0.922861
0.200000,-1.800000,1.033686
0.300000,-1.800000,1.129435
0.400000,-1.800000,1.212898
0.500000,-1.800000,1.285966
0.600000,-1.800000,1.349987
0.700000,-1.800000,1.405956
0.800000,-1.800000,1.454627
0.900000,-1.800000,1.496578
1.000000,-1.800000,1.547831
1.100000,-1.800000,1.590644
1.200000,-1.800000,1.623610
1.300000,-1.800000,1.647528
1.400000,-1.800000,1.662921
1.500000,-1.800000,1.670108
1.600000,-1.800000,1.669230
1.700000,-1.800000,1.660270
1.800000,-1.800000,1.643050
1.900000,-1.800000,1.617211
2.000000,-1.800000,1.721544
2.100000,-1.800000,1.884578
2.200000,-1.800000,2.014920
2.300000,-1.800000,1.928730
2.400000,-1.800000,1.802776
2.500000,-1.800000,1.661325
2.600000,-1.800000,1.500000
2.700000,-1.800000,1.311488
2.800000,-1.800000,1.081665
2.900000,-1.800000,0.774597
3.000000,-1.800000,0.100000
3.100000,-1.800000,
3.200000,-1.800000,
3.300000,-1.800000,
3.400000,-1.800000,
3.500000,-1.800000,
-3.500000,-1.700000,
-3.400000,-1.700000,
-3.300000,-1.700000,
-3.200000,-1.700000,
-3.100000,-1.700000,
-3.000000,-1.700000,0.600000
-2.900000,-1.700000,0.974679
-2.800000,-1.700000,1.232883
-2.700000,-1.700000,1.144720
-2.600000,-1.700000,0.782221
-2.500000,-1.700000,0.671748
-2.400000,-1.700000,0.542034
-2.300000,-1.700000,0.385528
-2.200000,-1.700000,0.236922
-2.100000,-1.700000,0.185899
-2.000000,-1.700000,0.127180
-1.900000,-1.700000,0.059901
-1.800000,-1.700000,-0.017098
-1.700000,-1.700000,-0.105418
-1.600000,-1.700000,-0.207366
-1.500000,-1.700000,-0.326468
-1.400000,-1.700000,-0.468611
-1.300000,-1.700000,-0.645125
-1.200000,-1.700000,-0.884607
-1.100000,-1.700000,-1.398492
-1.000000,-1.700000,-1.031175
-0.900000,-1.700000,-0.745673
-0.800000,-1.700000,-0.548200
-0.700000,-1.700000,-0.392529
-0.600000,-1.700000,-0.263320
-0.500000,-1.700000,-0.153177
-0.400000,-1.700000,-0.057856
-0.300000,-1.700000,0.063861
-0.200000,-1.700000,0.391341
-0.100000,-1.700000,0.601730
0.000000,-1.700000,0.764059
0.100000,-1.700000,0.897375
0.200000,-1.700000,1.010292
0.300000,-1.700000,1.107589
0.400000,-1.700000,1.192241
0.500000,-1.700000,1.266248
0.600000,-1.700000,1.331024
0.700000,-1.700000,1.387608
0.800000,-1.700000,1.436781
0.900000,-1.700000,1.479144
1.000000,-1.700000,1.515164
1.100000,-1.700000,1.545203
1.200000,-1.700000,1.569545
1.300000,-1.700000,1.588405
1.400000,-1.700000,1.601942
1.500000,-1.700000,1.610267
1.600000,-1.700000,1.613447
1.700000,-1.700000,1.611508
1.800000,-1.700000,1.614117
1.900000,-1.700000,1.652925
2.000000,-1.700000,1.833883
2.100000,-1.700000,1.979897
2.200000,-1.700000,2.099822
2.300000,-1.700000,2.017424
2.400000,-1.700000,1.897367
2.500000,-1.700000,1.763519
2.600000,-1.700000,1.612452
2.700000,-1.700000,1.438749
2.800000,-1.700000,1.232883
2.900000,-1.700000,0.974679
3.000000,-1.700000,0.600000
3.100000,-1.700000,
3.200000,-1.700000,
3.300000,-1.700000,
3.400000,-1.700000,
3.500000,-1.700000,
-3.500000,-1.600000,
-3.400000,-1.600000,
-3.300000,-1.600000,
-3.200000,-1.600000,
-3.100000,-1.600000,0.282843
-3.000000,-1.600000,0.830662
-2.900000,-1.600000,1.131371
-2.800000,-1.600000,1.360147
-2.700000,-1.600000,1.281448
-2.600000,-1.600000,1.020273
-2.500000,-1.600000,0.680624
-2.400000,-1.600000,0.551908
-2.300000,-1.600000,0.396950
-2.200000,-1.600000,0.261529
-2.100000,-1.600000,0.211237
-2.000000,-1.600000,0.153415
-1.900000,-1.600000,0.087244
-1.800000,-1.600000,0.011632
-1.700000,-1.600000,-0.074915
-1.600000,-1.600000,-0.174526
-1.500000,-1.600000,-0.290408
-1.400000,-1.600000,-0.427791
-1.300000,-1.600000,-0.596355
-1.200000,-1.600000,-0.778392
-1.100000,-1.600000,-1.065999
-1.000000,-1.600000,-1.052704
-0.900000,-1.600000,-0.759327
-0.800000,-1.600000,-0.559112
-0.700000,-1.600000,-0.401952
-0.600000,-1.600000,-0.271785
-0.500000,-1.600000,-0.160968
-0.400000,-1.600000,-0.065144
-0.300000,-1.600000,0.018449
-0.200000,-1.600000,0.331721
-0.100000,-1.600000,0.556200
0.000000,-1.600000,0.725482
0.100000,-1.600000,0.863077
0.200000,-1.600000,0.978932
0.300000,-1.600000,1.078379
0.400000,-1.600000,1.164675
0.500000,-1.600000,1.239973
0.600000,-1.600000,1.305783
0.700000,-1.600000,1.363204
0.800000,-1.600000,1.413062
0.900000,-1.600000,1.455984
1.000000,-1.600000,1.492459
1.100000,-1.600000,1.522865
1.200000,-1.600000,1.547495
1.300000,-1.600000,1.566572
1.400000,-1.600000,1.580263
1.500000,-1.600000,1.588682
1.600000,-1.600000,1.591898
1.700000,-1.600000,1.608072
1.800000,-1.600000,1.652745
1.900000,-1.600000,1.756872
2.000000,-1.600000,1.924106
2.100000,-1.600000,2.058685
2.200000,-1.600000,2.171126
2.300000,-1.600000,2.097618
2.400000,-1.600000,1.982423
2.500000,-1.600000,1.854724
2.600000,-1.600000,1.711724
2.700000,-1.600000,1.549193
2.800000,-1.600000,1.360147
2.900000,-1.600000,1.131371
3.000000,-1.600000,0.830662
3.100000,-1.600000,0.282843
3.200000,-1.600000,
3.300000,-1.600000,
3.400000,-1.600000,
3.500000,-1.600000,
-3.500000,-1.500000,
-3.400000,-1.500000,
-3.300000,-1.500000,
-3.200000,-1.500000,
-3.100000,-1.500000,0.624500
-3.000000,-1.500000,1.000000
-2.900000,-1.500000,1.260952
-2.800000,-1.500000,1.469694
-2.700000,-1.500000,1.385695
-2.600000,-1.500000,1.167896
-2.500000,-1.500000,0.785696
-2.400000,-1.500000,0.553076
-2.300000,-1.500000,0.398298
-2.200000,-1.500000,0.280212
-2.100000,-1.500000,0.230460
-2.000000,-1.500000,0.173300
-1.900000,-1.500000,0.107944
-1.800000,-1.500000,0.033349
-1.700000,-1.500000,-0.051905
-1.600000,-1.500000,-0.149827
-1.500000,-1.500000,-0.241579
-1.400000,-1.500000,-0.321956
-1.300000,-1.500000,-0.420544
-1.200000,-1.500000,-0.544295
-1.100000,-1.500000,-0.708412
-1.000000,-1.500000,-0.965742
-0.900000,-1.500000,-0.786312
-0.800000,-1.500000,-0.580472
-0.700000,-1.500000,-0.420320
-0.600000,-1.500000,-0.288247
-0.500000,-1.500000,-0.176096
-0.400000,-1.500000,-0.079282
-0.300000,-1.500000,0.005075
-0.200000,-1.500000,0.249579
-0.100000,-1.500000,0.496376
0.000000,-1.500000,0.675668
0.100000,-1.500000,0.819186
0.200000,-1.500000,0.939019
0.300000,-1.500000,1.041341
0.400000,-1.500000,1.129811
0.500000,-1.500000,1.206806
0.600000,-1.500000,1.273968
0.700000,-1.500000,1.332482
0.800000,-1.500000,1.383228
0.900000,-1.500000,1.426875
1.000000,-1.500000,1.463938
1.100000,-1.500000,1.494816
1.200000,-1.500000,1.519817
1.300000,-1.500000,1.539176
1.400000,-1.500000,1.553065
1.500000,-1.500000,1.561604
1.600000,-1.500000,1.590179
1.700000,-1.500000,1.641083
1.800000,-1.500000,1.684928
1.900000,-1.500000,1.843825
2.000000,-1.500000,1.997743
2.100000,-1.500000,2.124172
2.200000,-1.500000,2.231041
2.300000,-1.500000,2.170253
2.400000,-1.500000,2.059126
2.500000,-1.500000,1.936492
2.600000,-1.500000,1.800000
2.700000,-1.500000,1.646208
2.800000,-1.500000,1.469694
2.900000,-1.500000,1.260952
3.000000,-1.500000,1.000000
3.100000,-1.500000,0.624500
3.200000,-1.500000,
3.300000,-1.500000,
3.400000,-1.500000,
3.500000,-1.500000,
-3.500000,-1.400000,
-3.400000,-1.400000,
-3.300000,-1.400000,
-3.200000,-1.400000,0.223607
-3.100000,-1.400000,0.824621
-3.000000,-1.400000,1.135782
-2.900000,-1.400000,1.371131
-2.800000,-1.400000,1.565248
-2.700000,-1.400000,1.468216
-2.600000,-1.400000,1.274577
-2.500000,-1.400000,0.988965
-2.400000,-1.400000,0.545564
-2.300000,-1.400000,0.389615
-2.200000,-1.400000,0.293153
-2.100000,-1.400000,0.243770
-2.000000,-1.400000,0.187059
-1.900000,-1.400000,0.122255
-1.800000,-1.400000,0.048347
-1.700000,-1.400000,-0.007108
-1.600000,-1.400000,-0.056246
-1.500000,-1.400000,-0.115688
-1.400000,-1.400000,-0.187061
-1.300000,-1.400000,-0.272814
-1.200000,-1.400000,-0.376878
-1.100000,-1.400000,-0.506291
-1.000000,-1.400000,-0.676268
-0.900000,-1.400000,-0.828135
-0.800000,-1.400000,-0.612999
-0.700000,-1.400000,-0.448082
-0.600000,-1.400000,-0.313027
-0.500000,-1.400000,-0.198808
-0.400000,-1.400000,-0.100469
-0.300000,-1.400000,-0.014943
-0.200000,-1.400000,0.133357
-0.100000,-1.400000,0.418887
0.000000,-1.400000,0.612857
0.100000,-1.400000,0.764559
0.200000,-1.400000,0.889722
0.300000,-1.400000,0.995823
0.400000,-1.400000,1.087116
0.500000,-1.400000,1.166293
0.600000,-1.400000,1.235183
0.700000,-1.400000,1.295084
0.800000,-1.400000,1.346954
0.900000,-1.400000,1.391515
1.000000,-1.400000,1.429319
1.100000,-1.400000,1.460791
1.200000,-1.400000,1.486257
1.300000,-1.400000,1.505968
1.400000,-1.400000,1.520104
1.500000,-1.400000,1.560054
1.600000,-1.400000,1.617705
1.700000,-1.400000,1.667815
1.800000,-1.400000,1.731887
1.900000,-1.400000,1.913386
2.000000,-1.400000,2.057997
2.100000,-1.400000,2.178423
2.200000,-1.400000,2.281063
2.300000,-1.400000,2.236068
2.400000,-1.400000,2.128380
2.500000,-1.400000,2.009975
2.600000,-1.400000,1.878829
2.700000,-1.400000,1.732051
2.800000,-1.400000,1.565248
2.900000,-1.400000,1.371131
3.000000,-1.400000,1.135782
3.100000,-1.400000,0.824621
3.200000,-1.400000,0.223607
3.300000,-1.400000,
3.400000,-1.400000,
3.500000,-1.400000,
-3.500000,-1.300000,
-3.400000,-1.300000,
-3.300000,-1.300000,
-3.200000,-1.300000,0.565685
-3.100000,-1.300000,0.974679
-3.000000,-1.300000,1.249000
-2.900000,-1.300000,1.466288
-2.800000,-1.300000,1.649242
-2.700000,-1.300000,1.534322
-2.600000,-1.300000,1.356108
-2.500000,-1.300000,1.111184
-2.400000,-1.300000,0.529199
-2.300000,-1.300000,0.370631
-2.200000,-1.300000,0.300478
-2.100000,-1.300000,0.251300
-2.000000,-1.300000,0.194840
-1.900000,-1.300000,0.157747
-1.800000,-1.300000,0.128208
-1.700000,-1.300000,0.090959
-1.600000,-1.300000,0.045366
-1.500000,-1.300000,-0.009442
-1.400000,-1.300000,-0.074689
-1.300000,-1.300000,-0.152127
-1.200000,-1.300000,-0.244400
-1.100000,-1.300000,-0.355777
-1.000000,-1.300000,-0.493992
-0.900000,-1.300000,-0.676227
-0.800000,-1.300000,-0.657923
-0.700000,-1.300000,-0.485979
-0.600000,-1.300000,-0.346640
-0.500000,-1.300000,-0.229496
-0.400000,-1.300000,-0.129023
-0.300000,-1.300000,-0.041870
-0.200000,-1.300000,0.034171
-0.100000,-1.300000,0.317528
0.000000,-1.300000,0.534256
0.100000,-1.300000,0.697504
0.200000,-1.300000,0.829858
0.300000,-1.300000,0.940922
0.400000,-1.300000,1.035860
0.500000,-1.300000,1.117822
0.600000,-1.300000,1.188896
0.700000,-1.300000,1.250540
0.800000,-1.300000,1.303816
0.900000,-1.300000,1.349514
1.000000,-1.300000,1.388236
1.100000,-1.300000,1.420442
1.200000,-1.300000,1.446484
1.300000,-1.300000,1.466628
1.400000,-1.300000,1.517012
1.500000,-1.300000,1.582122
1.600000,-1.300000,1.639040
1.700000,-1.300000,1.688550
1.800000,-1.300000,1.798955
1.900000,-1.300000,1.968997
2.000000,-1.300000,2.106894
2.100000,-1.300000,2.222834
2.200000,-1.300000,2.322245
2.300000,-1.300000,2.295648
2.400000,-1.300000,2.190890
2.500000,-1.300000,2.076054
2.600000,-1.300000,1.949359
2.700000,-1.300000,1.808314
2.800000,-1.300000,1.649242
2.900000,-1.300000,1.466288
3.000000,-1.300000,1.249000
3.100000,-1.300000,0.974679
3.200000,-1.300000,0.565685
3.300000,-1.300000,
3.400000,-1.300000,
3.500000,-1.300000,
-3.500000,-1.200000,
-3.400000,-1.200000,
-3.300000,-1.200000,
-3.200000,-1.200000,0.754983
-3.100000,-1.200000,1.095445
-3.000000,-1.200000,1.345362
-2.900000,-1.200000,1.549193
-2.800000,-1.200000,1.723369
-2.700000,-1.200000,1.587064
-2.600000,-1.200000,1.419345
-2.500000,-1.200000,1.197625
-2.400000,-1.200000,0.819977
-2.300000,-1.200000,0.344688
-2.200000,-1.200000,0.302253
-2.100000,-1.200000,0.274786
-2.000000,-1.200000,0.260206
-1.900000,-1.200000,0.239070
-1.800000,-1.200000,0.211105
-1.700000,-1.200000,0.175928
-1.600000,-1.200000,0.133013
-1.500000,-1.200000,0.081647
-1.400000,-1.200000,0.020856
-1.300000,-1.200000,-0.050719
-1.200000,-1.200000,-0.135037
-1.100000,-1.200000,-0.235079
-1.000000,-1.200000,-0.355749
-0.900000,-1.200000,-0.506226
-0.800000,-1.200000,-0.708282
-0.700000,-1.200000,-0.535151
-0.600000,-1.200000,-0.389859
-0.500000,-1.200000,-0.268738
-0.400000,-1.200000,-0.165401
-0.300000,-1.200000,-0.076087
-0.200000,-1.200000,0.001638
-0.100000,-1.200000,0.178510
0.000000,-1.200000,0.435083
0.100000,-1.200000,0.615410
0.200000,-1.200000,0.757698
0.300000,-1.200000,0.875370
0.400000,-1.200000,0.975044
0.500000,-1.200000,1.060568
0.600000,-1.200000,1.134402
0.700000,-1.200000,1.198230
0.800000,-1.200000,1.253255
0.900000,-1.200000,1.300362
1.000000,-1.200000,1.340216
1.100000,-1.200000,1.373324
1.200000,-1.200000,1.400071
1.300000,-1.200000,1.459980
1.400000,-1.200000,1.533532
1.500000,-1.200000,1.598007
1.600000,-1.200000,1.654408
1.700000,-1.200000,1.703496
1.800000,-1.200000,1.850698
1.900000,-1.200000,2.012773
2.000000,-1.200000,2.145786
2.100000,-1.200000,2.258380
2.200000,-1.200000,2.355344
2.300000,-1.200000,2.349468
2.400000,-1.200000,2.247221
2.500000,-1.200000,2.135416
2.600000,-1.200000,2.012461
2.700000,-1.200000,1.876166
2.800000,-1.200000,1.723369
2.900000,-1.200000,1.549193
3.000000,-1.200000,1.345362
3.100000,-1.200000,1.095445
3.200000,-1.200000,0.754983
3.300000,-1.200000,
3.400000,-1.200000,
3.500000,-1.200000,
-3.500000,-1.100000,
-3.400000,-1.100000,
-3.300000,-1.100000,0.387298
-3.200000,-1.100000,0.894427
-3.100000,-1.100000,1.195826
-3.000000,-1.100000,1.428286
-2.900000,-1.100000,1.621727
-2.800000,-1.100000,1.760299
-2.700000,-1.100000,1.628347
-2.600000,-1.100000,1.467949
-2.500000,-1.100000,1.301179
-2.400000,-1.100000,1.030373
-2.300000,-1.100000,0.354096
-2.200000,-1.100000,0.352251
-2.100000,-1.100000,0.344390
-2.000000,-1.100000,0.330427
-1.900000,-1.100000,0.310204
-1.800000,-1.100000,0.283484
-1.700000,-1.100000,0.249935
-1.600000,-1.100000,0.209105
-1.500000,-1.100000,0.160389
-1.400000,-1.100000,0.102977
-1.300000,-1.100000,0.035760
-1.200000,-1.100000,-0.042815
-1.100000,-1.100000,-0.135015
-1.000000,-1.100000,-0.244351
-0.900000,-1.100000,-0.376794
-0.800000,-1.100000,-0.544159
-0.700000,-1.100000,-0.597354
-0.600000,-1.100000,-0.443816
-0.500000,-1.100000,-0.317354
-0.400000,-1.100000,-0.210244
-0.300000,-1.100000,-0.118118
-0.200000,-1.100000,-0.038221
-0.100000,-1.100000,0.031308
0.000000,-1.100000,0.305944
0.100000,-1.100000,0.513957
0.200000,-1.100000,0.670616
0.300000,-1.100000,0.797326
0.400000,-1.100000,0.903268
0.500000,-1.100000,0.993399
0.600000,-1.100000,1.070751
0.700000,-1.100000,1.137330
0.800000,-1.100000,1.194538
0.900000,-1.100000,1.243392
1.000000,-1.100000,1.284644
1.100000,-1.100000,1.318861
1.200000,-1.100000,1.387346
1.300000,-1.100000,1.470727
1.400000,-1.100000,1.543796
1.500000,-1.100000,1.607882
1.600000,-1.100000,1.663967
1.700000,-1.100000,1.712795
1.800000,-1.100000,1.889553
1.900000,-1.100000,2.046087
2.000000,-1.100000,2.175597
2.100000,-1.100000,2.285750
2.200000,-1.100000,2.380907
2.300000,-1.100000,2.397916
2.400000,-1.100000,2.297825
2.500000,-1.100000,2.188607
2.600000,-1.100000,2.068816
2.700000,-1.100000,1.936492
2.800000,-1.100000,1.788854
2.900000,-1.100000,1.621727
3.000000,-1.100000,1.428286
3.100000,-1.100000,1.195826
3.200000,-1.100000,0.894427
3.300000,-1.100000,0.387298
3.400000,-1.100000,
3.500000,-1.100000,
-3.500000,-1.000000,
-3.400000,-1.000000,
-3.300000,-1.000000,0.600000
-3.200000,-1.000000,1.004988
-3.100000,-1.000000,1.280625
-3.000000,-1.000000,1.500000
-2.900000,-1.000000,1.685230
-2.800000,-1.000000,1.829882
-2.700000,-1.000000,1.749097
-2.600000,-1.000000,1.650281
-2.500000,-1.000000,1.526645
-2.400000,-1.000000,1.363533
-2.300000,-1.000000,1.111878
-2.200000,-1.000000,0.521460
-2.100000,-1.000000,0.457964
-2.000000,-1.000000,0.391925
-1.900000,-1.000000,0.372439
-1.800000,-1.000000,0.346720
-1.700000,-1.000000,0.314473
-1.600000,-1.000000,0.275300
-1.500000,-1.000000,0.228675
-1.400000,-1.000000,0.173898
-1.300000,-1.000000,0.110029
-1.200000,-1.000000,0.035780
-1.100000,-1.000000,-0.050677
-1.000000,-1.000000,-0.152060
-0.900000,-1.000000,-0.272713
-0.800000,-1.000000,-0.420397
-0.700000,-1.000000,-0.611937
-0.600000,-1.000000,-0.510189
-0.500000,-1.000000,-0.376515
-0.400000,-1.000000,-0.264442
-0.300000,-1.000000,-0.168679
-0.200000,-1.000000,-0.086009
-0.100000,-1.000000,-0.014306
0.000000,-1.000000,0.122432
0.100000,-1.000000,0.385073
0.200000,-1.000000,0.564317
0.300000,-1.000000,0.703995
0.400000,-1.000000,0.818497
0.500000,-1.000000,0.914727
0.600000,-1.000000,0.996636
0.700000,-1.000000,1.066725
0.800000,-1.000000,1.126688
0.900000,-1.000000,1.177726
1.000000,-1.000000,1.220713
1.100000,-1.000000,1.296667
1.200000,-1.000000,1.391905
1.300000,-1.000000,1.475044
1.400000,-1.000000,1.547921
1.500000,-1.000000,1.611853
1.600000,-1.000000,1.667811
1.700000,-1.000000,1.724090
1.800000,-1.000000,1.917017
1.900000,-1.000000,2.069842
2.000000,-1.000000,2.196960
2.100000,-1.000000,2.305424
2.200000,-1.000000,2.399323
2.300000,-1.000000,2.441311
2.400000,-1.000000,2.343075
2.500000,-1.000000,2.236068
2.600000,-1.000000,2.118962
2.700000,-1.000000,1.989975
2.800000,-1.000000,1.846619
2.900000,-1.000000,1.685230
3.000000,-1.000000,1.500000
3.100000,-1.000000,1.280625
3.200000,-1.000000,1.004988
3.300000,-1.000000,0.600000
3.400000,-1.000000,
3.500000,-1.000000,
-3.500000,-0.900000,
-3.400000,-0.900000,
-3.300000,-0.900000,0.741620
-3.200000,-0.900000,1.095445
-3.100000,-0.900000,1.352775
-3.000000,-0.900000,1.562050
-2.900000,-0.900000,1.740690
-2.800000,-0.900000,1.897367
-2.700000,-0.900000,1.880900
-2.600000,-0.900000,1.794541
-2.500000,-0.900000,1.689926
-2.400000,-0.900000,1.560076
-2.300000,-0.900000,1.389977
-2.200000,-0.900000,1.129772
-2.100000,-0.900000,0.696887
-2.000000,-0.900000,0.634813
-1.900000,-0.900000,0.553777
-1.800000,-0.900000,0.446314
-1.700000,-0.900000,0.370630
-1.600000,-0.900000,0.332793
-1.500000,-0.900000,0.287841
-1.400000,-0.900000,0.235155
-1.300000,-0.900000,0.173916
-1.200000,-0.900000,0.103015
-1.100000,-0.900000,0.020915
-1.000000,-0.900000,-0.074604
-0.900000,-0.900000,-0.186945
-0.800000,-0.900000,-0.321798
-0.700000,-0.900000,-0.490126
-0.600000,-0.900000,-0.591574
-0.500000,-0.900000,-0.447926
-0.400000,-0.900000,-0.329245
-0.300000,-0.900000,-0.228755
-0.200000,-0.900000,-0.142536
-0.100000,-0.900000,-0.068083
0.000000,-0.900000,-0.003691
0.100000,-0.900000,0.209831
0.200000,-0.900000,0.430900
0.300000,-0.900000,0.590798
0.400000,-0.900000,0.717614
0.500000,-0.900000,0.822221
0.600000,-0.900000,0.910200
0.700000,-0.900000,0.984865
0.800000,-0.900000,1.048366
0.900000,-0.900000,1.102176
1.000000,-0.900000,1.184113
1.100000,-0.900000,1.294344
1.200000,-0.900000,1.389730
1.300000,-0.900000,1.472985
1.400000,-0.900000,1.545954
1.500000,-0.900000,1.609959
1.600000,-0.900000,1.665977
1.700000,-0.900000,1.745027
1.800000,-0.900000,1.934007
1.900000,-0.900000,2.084620
2.000000,-0.900000,2.210291
2.100000,-0.900000,2.317727
2.200000,-0.900000,2.410855
2.300000,-0.900000,2.479919
2.400000,-0.900000,2.383275
2.500000,-0.900000,2.278157
2.600000,-0.900000,2.163331
2.700000,-0.900000,2.037155
2.800000,-0.900000,1.897367
2.900000,-0.900000,1.740690
3.000000,-0.900000,1.562050
3.100000,-0.900000,1.352775
3.200000,-0.900000,1.095445
3.300000,-0.900000,0.741620
3.400000,-0.900000,
3.500000,-0.900000,
-3.500000,-0.800000,
-3.400000,-0.800000,0.223607
-3.300000,-0.800000,0.848528
-3.200000,-0.800000,1.170470
-3.100000,-0.800000,1.414214
-3.000000,-0.800000,1.615549
-2.900000,-0.800000,1.788854
-2.800000,-0.800000,1.941649
-2.700000,-0.800000,1.990964
-2.600000,-0.800000,1.912757
-2.500000,-0.800000,1.819687
-2.400000,-0.800000,1.707464
-2.300000,-0.800000,1.568312
-2.200000,-0.800000,1.384960
-2.100000,-0.800000,1.093918
-2.000000,-0.800000,0.822273
-1.900000,-0.800000,0.757805
-1.800000,-0.800000,0.676730
-1.700000,-0.800000,0.573616
-1.600000,-0.800000,0.437289
-1.500000,-0.800000,0.338865
-1.400000,-0.800000,0.287857
-1.300000,-0.800000,0.228709
-1.200000,-0.800000,0.160443
-1.100000,-0.800000,0.081722
-1.000000,-0.800000,-0.009342
-0.900000,-0.800000,-0.115556
-0.800000,-0.800000,-0.241407
-0.700000,-0.800000,-0.394915
-0.600000,-0.800000,-0.593511
-0.500000,-0.800000,-0.534185
-0.400000,-0.800000,-0.406467
-0.300000,-0.800000,-0.299723
-0.200000,-0.800000,-0.208912
-0.100000,-0.800000,-0.130957
0.000000,-0.800000,-0.063826
0.100000,-0.800000,-0.006101
0.200000,-0.800000,0.252349
0.300000,-0.800000,0.449239
0.400000,-0.800000,0.595427
0.500000,-0.800000,0.712239
0.600000,-0.800000,0.808666
0.700000,-0.800000,0.889508
0.800000,-0.800000,0.957680
0.900000,-0.800000,1.043213
1.000000,-0.800000,1.173728
1.100000,-0.800000,1.284788
1.200000,-0.800000,1.380793
1.300000,-0.800000,1.464524
1.400000,-0.800000,1.537871
1.500000,-0.800000,1.602181
1.600000,-0.800000,1.658448
1.700000,-0.800000,1.753647
1.800000,-0.800000,1.941045
1.900000,-0.800000,2.090758
2.000000,-0.800000,2.215838
2.100000,-0.800000,2.322851
2.200000,-0.800000,2.415662
2.300000,-0.800000,2.496768
2.400000,-0.800000,2.418677
2.500000,-0.800000,2.315167
2.600000,-0.800000,2.202272
2.700000,-0.800000,2.078461
2.800000,-0.800000,1.941649
2.900000,-0.800000,1.788854
3.000000,-0.800000,1.615549
3.100000,-0.800000,1.414214
3.200000,-0.800000,1.170470
3.300000,-0.800000,0.848528
3.400000,-0.800000,0.223607
3.500000,-0.800000,
-3.500000,-0.700000,
-3.400000,-0.700000,0.447214
-3.300000,-0.700000,0.932738
-3.200000,-0.700000,1.232883
-3.100000,-0.700000,1.466288
-3.000000,-0.700000,1.661325
-2.900000,-0.700000,1.830301
-2.800000,-0.700000,1.979899
-2.700000,-0.700000,2.084649
-2.600000,-0.700000,2.012226
-2.500000,-0.700000,1.927000
-2.400000,-0.700000,1.825951
-2.300000,-0.700000,1.704106
-2.200000,-0.700000,1.552123
-2.100000,-0.700000,1.347702
-2.000000,-0.700000,0.981193
-1.900000,-0.700000,0.915147
-1.800000,-0.700000,0.846730
-1.700000,-0.700000,0.762660
-1.600000,-0.700000,0.658166
-1.500000,-0.700000,0.524051
-1.400000,-0.700000,0.337223
-1.300000,-0.700000,0.275350
-1.200000,-0.700000,0.209173
-1.100000,-0.700000,0.133104
-1.000000,-0.700000,0.045482
-0.900000,-0.700000,-0.056100
-0.800000,-0.700000,-0.175368
-0.700000,-0.700000,-0.318652
-0.600000,-0.700000,-0.498492
-0.500000,-0.700000,-0.639530
-0.400000,-0.700000,-0.498856
-0.300000,-0.700000,-0.383580
-0.200000,-0.700000,-0.286696
-0.100000,-0.700000,-0.204207
0.000000,-0.700000,-0.133585
0.100000,-0.700000,-0.073119
0.200000,-0.700000,-0.021598
0.300000,-0.700000,0.259593
0.400000,-0.700000,0.442025
0.500000,-0.700000,0.578535
0.600000,-0.700000,0.687573
0.700000,-0.700000,0.777204
0.800000,-0.700000,0.861523
0.900000,-0.700000,1.022619
1.000000,-0.700000,1.155285
1.100000,-0.700000,1.267849
1.200000,-0.700000,1.364968
1.300000,-0.700000,1.449557
1.400000,-0.700000,1.523583
1.500000,-0.700000,1.588439
1.600000,-0.700000,1.645150
1.700000,-0.700000,1.750329
1.800000,-0.700000,1.938333
1.900000,-0.700000,2.088392
2.000000,-0.700000,2.213699
2.100000,-0.700000,2.320875
2.200000,-0.700000,2.413808
2.300000,-0.700000,2.495010
2.400000,-0.700000,2.449490
2.500000,-0.700000,2.347339
2.600000,-0.700000,2.236068
2.700000,-0.700000,2.114237
2.800000,-0.700000,1.979899
2.900000,-0.700000,1.830301
3.000000,-0.700000,1.661325
3.100000,-0.700000,1.466288
3.200000,-0.700000,1.232883
3.300000,-0.700000,0.932738
3.400000,-0.700000,0.447214
3.500000,-0.700000,
-3.500000,-0.600000,
-3.400000,-0.600000,0.574456
-3.300000,-0.600000,1.000000
-3.200000,-0.600000,1.284523
-3.100000,-0.600000,1.509967
-3.000000,-0.600000,1.700000
-2.900000,-0.600000,1.865476
-2.800000,-0.600000,2.012461
-2.700000,-0.600000,2.144761
-2.600000,-0.600000,2.097085
-2.500000,-0.600000,2.017544
-2.400000,-0.600000,1.924265
-2.300000,-0.600000,1.813664
-2.200000,-0.600000,1.679626
-2.100000,-0.600000,1.509964
-2.000000,-0.600000,1.271429
-1.900000,-0.600000,1.044131
-1.800000,-0.600000,0.983409
-1.700000,-0.600000,0.910057
-1.600000,-0.600000,0.821267
-1.500000,-0.600000,0.712379
-1.400000,-0.600000,0.574595
-1.300000,-0.600000,0.386762
-1.200000,-0.600000,0.250019
-1.100000,-0.600000,0.176034
-1.000000,-0.600000,0.091089
-0.900000,-0.600000,-0.006947
-0.800000,-0.600000,-0.121295
-0.700000,-0.600000,-0.257232
-0.600000,-0.600000,-0.424585
-0.500000,-0.600000,-0.646535
-0.400000,-0.600000,-0.610907
-0.300000,-0.600000,-0.483379
-0.200000,-0.600000,-0.378170
-0.100000,-0.600000,-0.289650
0.000000,-0.600000,-0.214481
0.100000,-0.600000,-0.150499
0.200000,-0.600000,-0.096222
0.300000,-0.600000,-0.050590
0.400000,-0.600000,0.232900
0.500000,-0.600000,0.408518
0.600000,-0.600000,0.538883
0.700000,-0.600000,0.642164
0.800000,-0.600000,0.826130
0.900000,-0.600000,0.992481
1.000000,-0.600000,1.128420
1.100000,-0.600000,1.243245
1.200000,-0.600000,1.342028
1.300000,-0.600000,1.427892
1.400000,-0.600000,1.502921
1.500000,-0.600000,1.568583
1.600000,-0.600000,1.625949
1.700000,-0.600000,1.734930
1.800000,-0.600000,1.925795
1.900000,-0.600000,2.077470
2.000000,-0.600000,2.203837
2.100000,-0.600000,2.311768
2.200000,-0.600000,2.405269
2.300000,-0.600000,2.486910
2.400000,-0.600000,2.475884
2.500000,-0.600000,2.374868
2.600000,-0.600000,2.264950
2.700000,-0.600000,2.144761
2.800000,-0.600000,2.012461
2.900000,-0.600000,1.865476
3.000000,-0.600000,1.700000
3.100000,-0.600000,1.509967
3.200000,-0.600000,1.284523
3.300000,-0.600000,1.000000
3.400000,-0.600000,0.574456
3.500000,-0.600000,
-3.500000,-0.500000,
-3.400000,-0.500000,0.663325
-3.300000,-0.500000,1.053565
-3.200000,-0.500000,1.326650
-3.100000,-0.500000,1.545962
-3.000000,-0.500000,1.732051
-2.900000,-0.500000,1.894730
-2.800000,-0.500000,2.039608
-2.700000,-0.500000,2.170253
-2.600000,-0.500000,2.169942
-2.500000,-0.500000,2.094695
-2.400000,-0.500000,2.007120
-2.300000,-0.500000,1.904435
-2.200000,-0.500000,1.782168
-2.100000,-0.500000,1.632284
-2.000000,-0.500000,1.437122
-1.900000,-0.500000,1.153095
-1.800000,-0.500000,1.097614
-1.700000,-0.500000,1.031271
-1.600000,-0.500000,0.952137
-1.500000,-0.500000,0.857253
-1.400000,-0.500000,0.741699
-1.300000,-0.500000,0.596148
-1.200000,-0.500000,0.397882
-1.100000,-0.500000,0.211226
-1.000000,-0.500000,0.128353
-0.900000,-0.500000,0.033029
-0.800000,-0.500000,-0.077621
-0.700000,-0.500000,-0.208182
-0.600000,-0.500000,-0.366841
-0.500000,-0.500000,-0.571361
-0.400000,-0.500000,-0.684589
-0.300000,-0.500000,-0.604188
-0.200000,-0.500000,-0.486883
-0.100000,-0.500000,-0.389992
0.000000,-0.500000,-0.308700
0.100000,-0.500000,-0.240086
0.200000,-0.500000,-0.182233
0.300000,-0.500000,-0.133815
0.400000,-0.500000,-0.093885
0.500000,-0.500000,0.166948
0.600000,-0.500000,0.344877
0.700000,-0.500000,0.543677
0.800000,-0.500000,0.777943
0.900000,-0.500000,0.951978
1.000000,-0.500000,1.092561
1.100000,-0.500000,1.210544
1.200000,-0.500000,1.311625
1.300000,-0.500000,1.399237
1.400000,-0.500000,1.475636
1.500000,-0.500000,1.542392
1.600000,-0.500000,1.600644
1.700000,-0.500000,1.706748
1.800000,-0.500000,1.903057
1.900000,-0.500000,2.057747
2.000000,-0.500000,2.186072
2.100000,-0.500000,2.295391
2.200000,-0.500000,2.389928
2.300000,-0.500000,2.472372
2.400000,-0.500000,2.497999
2.500000,-0.500000,2.397916
2.600000,-0.500000,2.289105
2.700000,-0.500000,2.170253
2.800000,-0.500000,2.039608
2.900000,-0.500000,1.894730
3.000000,-0.500000,1.732051
3.100000,-0.500000,1.545962
3.200000,-0.500000,1.326650
3.300000,-0.500000,1.053565
3.400000,-0.500000,0.663325
3.500000,-0.500000,
-3.500000,-0.400000,
-3.400000,-0.400000,0.728011
-3.300000,-0.400000,1.095445
-3.200000,-0.400000,1.360147
-3.100000,-0.400000,1.574802
-3.000000,-0.400000,1.757840
-2.900000,-0.400000,1.918333
-2.800000,-0.400000,2.061553
-2.700000,-0.400000,2.190890
-2.600000,-0.400000,2.232559
-2.500000,-0.400000,2.160639
-2.400000,-0.400000,2.077399
-2.300000,-0.400000,1.980557
-2.200000,-0.400000,1.866602
-2.100000,-0.400000,1.729626
-2.000000,-0.400000,1.558105
-1.900000,-0.400000,1.322136
-1.800000,-0.400000,1.195009
-1.700000,-0.400000,1.133642
-1.600000,-0.400000,1.061120
-1.500000,-0.400000,0.975322
-1.400000,-0.400000,0.872966
-1.300000,-0.400000,0.748519
-1.200000,-0.400000,0.591185
-1.100000,-0.400000,0.372958
-1.000000,-0.400000,0.157907
-0.900000,-0.400000,0.064626
-0.800000,-0.400000,-0.043273
-0.700000,-0.400000,-0.169912
-0.600000,-0.400000,-0.322436
-0.500000,-0.400000,-0.515521
-0.400000,-0.400000,-0.610590
-0.300000,-0.400000,-0.672752
-0.200000,-0.400000,-0.618894
-0.100000,-0.400000,-0.509560
0.000000,-0.400000,-0.419588
0.100000,-0.400000,-0.344613
0.200000,-0.400000,-0.281958
0.300000,-0.400000,-0.229859
0.400000,-0.400000,-0.187100
0.500000,-0.400000,-0.152819
0.600000,-0.400000,0.041967
0.700000,-0.400000,0.454058
0.800000,-0.400000,0.714679
0.900000,-0.400000,0.899842
1.000000,-0.400000,1.046862
1.100000,-0.400000,1.169117
1.200000,-0.400000,1.273262
1.300000,-0.400000,1.363180
1.400000,-0.400000,1.441373
1.500000,-0.400000,1.509555
1.600000,-0.400000,1.568957
1.700000,-0.400000,1.664346
1.800000,-0.400000,1.869392
1.900000,-0.400000,2.028756
2.000000,-0.400000,2.160067
2.100000,-0.400000,2.271479
2.200000,-0.400000,2.367570
2.300000,-0.400000,2.451213
2.400000,-0.400000,2.515949
2.500000,-0.400000,2.416609
2.600000,-0.400000,2.308679
2.700000,-0.400000,2.190890
2.800000,-0.400000,2.061553
2.900000,-0.400000,1.918333
3.000000,-0.400000,1.757840
3.100000,-0.400000,1.574802
3.200000,-0.400000,1.360147
3.300000,-0.400000,1.095445
3.400000,-0.400000,0.728011
3.500000,-0.400000,
-3.500000,-0.300000,
-3.400000,-0.300000,0.774597
-3.300000,-0.300000,1.126943
-3.200000,-0.300000,1.385641
-3.100000,-0.300000,1.596872
-3.000000,-0.300000,1.777639
-2.900000,-0.300000,1.936492
-2.800000,-0.300000,2.078461
-2.700000,-0.300000,2.206808
-2.600000,-0.300000,2.286184
-2.500000,-0.300000,2.216882
-2.400000,-0.300000,2.137003
-2.300000,-0.300000,2.044602
-2.200000,-0.300000,1.936776
-2.100000,-0.300000,1.808854
-2.000000,-0.300000,1.652397
-1.900000,-0.300000,1.448682
-1.800000,-0.300000,1.278993
-1.700000,-0.300000,1.221343
-1.600000,-0.300000,1.153644
-1.500000,-0.300000,1.074256
-1.400000,-0.300000,0.980755
-1.300000,-0.300000,0.869329
-1.200000,-0.300000,0.733351
-1.100000,-0.300000,0.559163
-1.000000,-0.300000,0.306337
-0.900000,-0.300000,0.088410
-0.800000,-0.300000,-0.017510
-0.700000,-0.300000,-0.141367
-0.600000,-0.300000,-0.289638
-0.500000,-0.300000,-0.475151
-0.400000,-0.300000,-0.546575
-0.300000,-0.300000,-0.606056
-0.200000,-0.300000,-0.675061
-0.100000,-0.300000,-0.656090
0.000000,-0.300000,-0.552725
0.100000,-0.300000,-0.468426
0.200000,-0.300000,-0.398975
0.300000,-0.300000,-0.341793
0.400000,-0.300000,-0.295195
0.500000,-0.300000,-0.258029
0.600000,-0.300000,-0.222913
0.700000,-0.300000,0.323366
0.800000,-0.300000,0.632417
0.900000,-0.300000,0.834119
1.000000,-0.300000,0.990080
1.100000,-0.300000,1.118071
1.200000,-0.300000,1.226245
1.300000,-0.300000,1.319156
1.400000,-0.300000,1.399653
1.500000,-0.300000,1.469654
1.600000,-0.300000,1.530515
1.700000,-0.300000,1.605118
1.800000,-0.300000,1.823591
1.900000,-0.300000,1.989751
2.000000,-0.300000,2.125291
2.100000,-0.300000,2.239626
2.200000,-0.300000,2.337865
2.300000,-0.300000,2.423154
2.400000,-0.300000,2.497583
2.500000,-0.300000,2.431049
2.600000,-0.300000,2.323790
2.700000,-0.300000,2.206808
2.800000,-0.300000,2.078461
2.900000,-0.300000,1.936492
3.000000,-0.300000,1.777639
3.100000,-0.300000,1.596872
3.200000,-0.300000,1.385641
3.300000,-0.300000,1.126943
3.400000,-0.300000,0.774597
3.500000,-0.300000,
-3.500000,-0.200000,
-3.400000,-0.200000,0.806226
-3.300000,-0.200000,1.148913
-3.200000,-0.200000,1.403567
-3.100000,-0.200000,1.612452
-3.000000,-0.200000,1.791647
-2.900000,-0.200000,1.949359
-2.800000,-0.200000,2.090454
-2.700000,-0.200000,2.218107
-2.600000,-0.200000,2.331725
-2.500000,-0.200000,2.264499
-2.400000,-0.200000,2.187256
-2.300000,-0.200000,2.098285
-2.200000,-0.200000,1.995089
-2.100000,-0.200000,1.873781
-2.000000,-0.200000,1.727693
-1.900000,-0.200000,1.543371
-1.800000,-0.200000,1.351793
-1.700000,-0.200000,1.297011
-1.600000,-0.200000,1.232976
-1.500000,-0.200000,1.158347
-1.400000,-0.200000,1.071210
-1.300000,-0.200000,0.968692
-1.200000,-0.200000,0.846134
-1.100000,-0.200000,0.695035
-1.000000,-0.200000,0.496176
-0.900000,-0.200000,0.174446
-0.800000,-0.200000,0.000172
-0.700000,-0.200000,-0.121849
-0.600000,-0.200000,-0.267355
-0.500000,-0.200000,-0.442031
-0.400000,-0.200000,-0.491345
-0.300000,-0.200000,-0.548695
-0.200000,-0.200000,-0.615017
-0.100000,-0.200000,-0.691586
0.000000,-0.200000,-0.621461
0.100000,-0.200000,-0.533831
0.200000,-0.200000,-0.457215
0.300000,-0.200000,-0.390092
0.400000,-0.200000,-0.331354
0.500000,-0.200000,-0.280170
0.600000,-0.200000,-0.235902
0.700000,-0.200000,0.074171
0.800000,-0.200000,0.523624
0.900000,-0.200000,0.751651
1.000000,-0.200000,0.920358
1.100000,-0.200000,1.056126
1.200000,-0.200000,1.169610
1.300000,-0.200000,1.266391
1.400000,-0.200000,1.349831
1.500000,-0.200000,1.422132
1.600000,-0.200000,1.484825
1.700000,-0.200000,1.539014
1.800000,-0.200000,1.763696
1.900000,-0.200000,1.939590
2.000000,-0.200000,2.080963
2.100000,-0.200000,2.199242
2.200000,-0.200000,2.300343
2.300000,-0.200000,2.387802
2.400000,-0.200000,2.463927
2.500000,-0.200000,2.441311
2.600000,-0.200000,2.334524
2.700000,-0.200000,2.218107
2.800000,-0.200000,2.090454
2.900000,-0.200000,1.949359
3.000000,-0.200000,1.791647
3.100000,-0.200000,1.612452
3.200000,-0.200000,1.403567
3.300000,-0.200000,1.148913
3.400000,-0.200000,0.806226
3.500000,-0.200000,
-3.500000,-0.100000,
-3.400000,-0.100000,0.824621
-3.300000,-0.100000,1.161895
-3.200000,-0.100000,1.414214
-3.100000,-0.100000,1.621727
-3.000000,-0.100000,1.800000
-2.900000,-0.100000,1.957039
-2.800000,-0.100000,2.097618
-2.700000,-0.100000,2.224860
-2.600000,-0.100000,2.340940
-2.500000,-0.100000,2.304280
-2.400000,-0.100000,2.229105
-2.300000,-0.100000,2.142796
-2.200000,-0.100000,2.043138
-2.100000,-0.100000,1.926763
-2.000000,-0.100000,1.788105
-1.900000,-0.100000,1.616619
-1.800000,-0.100000,1.414953
-1.700000,-0.100000,1.362435
-1.600000,-0.100000,1.301255
-1.500000,-0.100000,1.230277
-1.400000,-0.100000,1.147914
-1.300000,-0.100000,1.051862
-1.200000,-0.100000,0.938560
-1.100000,-0.100000,0.801977
-1.000000,-0.100000,0.630243
-0.900000,-0.100000,0.391857
-0.800000,-0.100000,0.010095
-0.700000,-0.100000,-0.110920
-0.600000,-0.100000,-0.254925
-0.500000,-0.100000,-0.396078
-0.400000,-0.100000,-0.444017
-0.300000,-0.100000,-0.499661
-0.200000,-0.100000,-0.563853
-0.100000,-0.100000,-0.637724
0.000000,-0.100000,-0.645159
0.100000,-0.100000,-0.556145
0.200000,-0.100000,-0.478445
0.300000,-0.100000,-0.410456
0.400000,-0.100000,-0.351017
0.500000,-0.100000,-0.299261
0.600000,-0.100000,-0.254524
0.700000,-0.100000,-0.091418
0.800000,-0.100000,0.370043
0.900000,-0.100000,0.646874
1.000000,-0.100000,0.834789
1.100000,-0.100000,0.981404
1.200000,-0.100000,1.101992
1.300000,-0.100000,1.203821
1.400000,-0.100000,1.291033
1.500000,-0.100000,1.366246
1.600000,-0.100000,1.431236
1.700000,-0.100000,1.487262
1.800000,-0.100000,1.686443
1.900000,-0.100000,1.876535
2.000000,-0.100000,2.025942
2.100000,-0.100000,2.149492
2.200000,-0.100000,2.254346
2.300000,-0.100000,2.344617
2.400000,-0.100000,2.422920
2.500000,-0.100000,2.447448
2.600000,-0.100000,2.340940
2.700000,-0.100000,2.224860
2.800000,-0.100000,2.097618
2.900000,-0.100000,1.957039
3.000000,-0.100000,1.800000
3.100000,-0.100000,1.621727
3.200000,-0.100000,1.414214
3.300000,-0.100000,1.161895
3.400000,-0.100000,0.824621
3.500000,-0.100000,
-3.500000,0.000000,0.000000
-3.400000,0.000000,0.830662
-3.300000,0.000000,1.166190
-3.200000,0.000000,1.417745
-3.100000,0.000000,1.624808
-3.000000,0.000000,1.802776
-2.900000,0.000000,1.959592
-2.800000,0.000000,2.100000
-2.700000,0.000000,2.227106
-2.600000,0.000000,2.343075
-2.500000,0.000000,2.336811
-2.400000,0.000000,2.263246
-2.300000,0.000000,2.178990
-2.200000,0.000000,2.082027
-2.100000,0.000000,1.969348
-2.000000,0.000000,1.836104
-1.900000,0.000000,1.673504
-1.800000,0.000000,1.469589
-1.700000,0.000000,1.418881
-1.600000,0.000000,1.359964
-1.500000,0.000000,1.291844
-1.400000,0.000000,1.213159
-1.300000,0.000000,1.121977
-1.200000,0.000000,1.015411
-1.100000,0.000000,0.888814
-1.000000,0.000000,0.733784
-0.900000,0.000000,0.531649
-0.800000,0.000000,0.213646
-0.700000,0.000000,-0.108345
-0.600000,0.000000,-0.252002
-0.500000,0.000000,-0.357094
-0.400000,0.000000,-0.403925
-0.300000,0.000000,-0.458203
-0.200000,0.000000,-0.520700
-0.100000,0.000000,-0.592443
0.000000,0.000000,-0.674838
0.100000,0.000000,-0.585576
0.200000,0.000000,-0.506401
0.300000,0.000000,-0.437238
0.400000,0.000000,-0.376852
0.500000,0.000000,-0.324323
0.600000,0.000000,-0.260846
0.700000,0.000000,-0.087678
0.800000,0.000000,0.077808
0.900000,0.000000,0.508277
1.000000,0.000000,0.728448
1.100000,0.000000,0.891003
1.200000,0.000000,1.021398
1.300000,0.000000,1.129945
1.400000,0.000000,1.222057
1.500000,0.000000,1.300991
1.600000,0.000000,1.368880
1.700000,0.000000,1.427203
1.800000,0.000000,1.585886
1.900000,0.000000,1.797835
2.000000,0.000000,1.958541
2.100000,0.000000,2.089189
2.200000,0.000000,2.198967
2.300000,0.000000,2.292864
2.400000,0.000000,2.373942
2.500000,0.000000,2.444240
2.600000,0.000000,2.343075
2.700000,0.000000,2.227106
2.800000,0.000000,2.100000
2.900000,0.000000,1.959592
3.000000,0.000000,1.802776
3.100000,0.000000,1.624808
3.200000,0.000000,1.417745
3.300000,0.000000,1.166190
3.400000,0.000000,0.830662
3.500000,0.000000,
-3.500000,0.100000,
-3.400000,0.100000,0.824621
-3.300000,0.100000,1.161895
-3.200000,0.100000,1.414214
-3.100000,0.100000,1.621727
-3.000000,0.100000,1.800000
-2.900000,0.100000,1.957039
-2.800000,0.100000,2.097618
-2.700000,0.100000,2.224860
-2.600000,0.100000,2.340940
-2.500000,0.100000,2.362530
-2.400000,0.100000,2.290188
-2.300000,0.100000,2.207483
-2.200000,0.100000,2.112538
-2.100000,0.100000,2.002591
-2.000000,0.100000,1.873271
-1.900000,0.100000,1.716895
-1.800000,0.100000,1.517243
-1.700000,0.100000,1.467280
-1.600000,0.100000,1.410172
-1.500000,0.100000,1.344316
-1.400000,0.100000,1.268510
-1.300000,0.100000,1.181076
-1.200000,0.100000,1.079571
-1.100000,0.100000,0.960200
-1.000000,0.100000,0.816484
-0.900000,0.100000,0.635450
-0.800000,0.100000,0.381326
-0.700000,0.100000,-0.114072
-0.600000,0.100000,-0.258506
-0.500000,0.100000,-0.324617
-0.400000,0.100000,-0.370563
-0.300000,0.100000,-0.423755
-0.200000,0.100000,-0.484912
-0.100000,0.100000,-0.554984
0.000000,0.100000,-0.635258
0.100000,0.100000,-0.622563
0.200000,0.100000,-0.541454
0.300000,0.100000,-0.470762
0.400000,0.100000,-0.409147
0.500000,0.100000,-0.355621
0.600000,0.100000,-0.267451
0.700000,0.100000,-0.093219
0.800000,0.100000,0.048265
0.900000,0.100000,0.301893
1.000000,0.100000,0.591755
1.100000,0.100000,0.780079
1.200000,0.100000,0.924756
1.300000,0.100000,1.042561
1.400000,0.100000,1.141202
1.500000,0.100000,1.224979
1.600000,0.100000,1.296581
1.700000,0.100000,1.357809
1.800000,0.100000,1.449082
1.900000,0.100000,1.698806
2.000000,0.100000,1.876169
2.100000,0.100000,2.016605
2.200000,0.100000,2.132929
2.300000,0.100000,2.231534
2.400000,0.100000,2.316160
2.500000,0.100000,2.389210
2.600000,0.100000,2.340940
2.700000,0.100000,2.224860
2.800000,0.100000,2.097618
2.900000,0.100000,1.957039
3.000000,0.100000,1.800000
3.100000,0.100000,1.621727
3.200000,0.100000,1.414214
3.300000,0.100000,1.161895
3.400000,0.100000,0.824621
3.500000,0.100000,
-3.500000,0.200000,
-3.400000,0.200000,0.806226
-3.300000,0.200000,1.148913
-3.200000,0.200000,1.403567
-3.100000,0.200000,1.612452
-3.000000,0.200000,1.791647
-2.900000,0.200000,1.949359
-2.800000,0.200000,2.090454
-2.700000,0.200000,2.218107
-2.600000,0.200000,2.334524
-2.500000,0.200000,2.381757
-2.400000,0.200000,2.310302
-2.300000,0.200000,2.228717
-2.200000,0.200000,2.135221
-2.100000,0.200000,2.027217
-2.000000,0.200000,1.900650
-1.900000,0.200000,1.748540
-1.800000,0.200000,1.556688
-1.700000,0.200000,1.508330
-1.600000,0.200000,1.452669
-1.500000,0.200000,1.388613
-1.400000,0.200000,1.315074
-1.300000,0.200000,1.230555
-1.200000,0.200000,1.132919
-1.100000,0.200000,1.018929
-1.000000,0.200000,0.883276
-0.900000,0.200000,0.716038
-0.800000,0.200000,0.493659
-0.700000,0.200000,0.103741
-0.600000,0.200000,-0.259603
-0.500000,0.200000,-0.298293
-0.400000,0.200000,-0.343548
-0.300000,0.200000,-0.395892
-0.200000,0.200000,-0.456007
-0.100000,0.200000,-0.524786
0.000000,0.200000,-0.603430
0.100000,0.200000,-0.667708
0.200000,0.200000,-0.584111
0.300000,0.200000,-0.511467
0.400000,0.200000,-0.448291
0.500000,0.200000,-0.393505
0.600000,0.200000,-0.285368
0.700000,0.200000,-0.108185
0.800000,0.200000,0.035060
0.900000,0.200000,0.155436
1.000000,0.200000,0.400187
1.100000,0.200000,0.639391
1.200000,0.200000,0.806922
1.300000,0.200000,0.938250
1.400000,0.200000,1.045943
1.500000,0.200000,1.136220
1.600000,0.200000,1.212690
1.700000,0.200000,1.277665
1.800000,0.200000,1.332714
1.900000,0.200000,1.570335
2.000000,0.200000,1.774543
2.100000,0.200000,1.929115
2.200000,0.200000,2.054385
2.300000,0.200000,2.159217
2.400000,0.200000,2.248431
2.500000,0.200000,2.324988
2.600000,0.200000,2.334524
2.700000,0.200000,2.218107
2.800000,0.200000,2.090454
2.900000,0.200000,1.949359
3.000000,0.200000,1.791647
3.100000,0.200000,1.612452
3.200000,0.200000,1.403567
3.300000,0.200000,1.148913
3.400000,0.200000,0.806226
3.500000,0.200000,
-3.500000,0.300000,
-3.400000,0.300000,0.774597
-3.300000,0.300000,1.126943
-3.200000,0.300000,1.385641
-3.100000,0.300000,1.596872
-3.000000,0.300000,1.777639
-2.900000,0.300000,1.936492
-2.800000,0.300000,2.078461
-2.700000,0.300000,2.206808
-2.600000,0.300000,2.323790
-2.500000,0.300000,2.394718
-2.400000,0.300000,2.323850
-2.300000,0.300000,2.243001
-2.200000,0.300000,2.150455
-2.100000,0.300000,2.043715
-2.000000,0.300000,1.918926
-1.900000,0.300000,1.769526
-1.800000,0.300000,1.589702
-1.700000,0.300000,1.542559
-1.600000,0.300000,1.488050
-1.500000,0.300000,1.425417
-1.400000,0.300000,1.353659
-1.300000,0.300000,1.271409
-1.200000,0.300000,1.176743
-1.100000,0.300000,1.066807
-1.000000,0.300000,0.937052
-0.900000,0.300000,0.779361
-0.800000,0.300000,0.576169
-0.700000,0.300000,0.267826
-0.600000,0.300000,-0.227509
-0.500000,0.300000,-0.260732
-0.400000,0.300000,-0.303805
-0.300000,0.300000,-0.357917
-0.200000,0.300000,-0.424857
-0.100000,0.300000,-0.501434
0.000000,0.300000,-0.578864
0.100000,0.300000,-0.667480
0.200000,0.300000,-0.635056
0.300000,0.300000,-0.559938
0.400000,0.300000,-0.494801
0.500000,0.300000,-0.438440
0.600000,0.300000,-0.315309
0.700000,0.300000,-0.132986
0.800000,0.300000,0.013271
0.900000,0.300000,0.135662
1.000000,0.300000,0.240422
1.100000,0.300000,0.446209
1.200000,0.300000,0.658016
1.300000,0.300000,0.811184
1.400000,0.300000,0.932284
1.500000,0.300000,1.031704
1.600000,0.300000,1.114799
1.700000,0.300000,1.184753
1.800000,0.300000,1.243627
1.900000,0.300000,1.389189
2.000000,0.300000,1.645704
2.100000,0.300000,1.822427
2.200000,0.300000,1.960527
2.300000,0.300000,2.073861
2.400000,0.300000,2.169148
2.500000,0.300000,2.250250
2.600000,0.300000,2.319621
2.700000,0.300000,2.206808
2.800000,0.300000,2.078461
2.900000,0.300000,1.936492
3.000000,0.300000,1.777639
3.100000,0.300000,1.596872
3.200000,0.300000,1.385641
3.300000,0.300000,1.126943
3.400000,0.300000,0.774597
3.500000,0.300000,
-3.500000,0.400000,
-3.400000,0.400000,0.728011
-3.300000,0.400000,1.095445
-3.200000,0.400000,1.360147
-3.100000,0.400000,1.574802
-3.000000,0.400000,1.757840
-2.900000,0.400000,1.918333
-2.800000,0.400000,2.061553
-2.700000,0.400000,2.190890
-2.600000,0.400000,2.308679
-2.500000,0.400000,2.401562
-2.400000,0.400000,2.330998
-2.300000,0.400000,2.250533
-2.200000,0.400000,2.158479
-2.100000,0.400000,2.052394
-2.000000,0.400000,1.928518
-1.900000,0.400000,1.780501
-1.800000,0.400000,1.616779
-1.700000,0.400000,1.570372
-1.600000,0.400000,1.516763
-1.500000,0.400000,1.455239
-1.400000,0.400000,1.384859
-1.300000,0.400000,1.304354
-1.200000,0.400000,1.211951
-1.100000,0.400000,1.105062
-1.000000,0.400000,0.979642
-0.900000,0.400000,0.828717
-0.800000,0.400000,0.638074
-0.700000,0.400000,0.390373
-0.600000,0.400000,0.189107
-0.500000,0.400000,-0.138473
-0.400000,0.400000,-0.177322
-0.300000,0.400000,-0.225720
-0.200000,0.400000,-0.284880
-0.100000,0.400000,-0.356588
0.000000,0.400000,-0.443585
0.100000,0.400000,-0.550416
0.200000,0.400000,-0.685616
0.300000,0.400000,-0.616959
0.400000,0.400000,-0.549356
0.500000,0.400000,-0.491030
0.600000,0.400000,-0.358608
0.700000,0.400000,-0.168353
0.800000,0.400000,-0.017590
0.900000,0.400000,0.107765
1.000000,0.400000,0.214642
1.100000,0.400000,0.307062
1.200000,0.400000,0.453281
1.300000,0.400000,0.649809
1.400000,0.400000,0.793189
1.500000,0.400000,0.906511
1.600000,0.400000,0.999155
1.700000,0.400000,1.076037
1.800000,0.400000,1.140104
1.900000,0.400000,1.193270
2.000000,0.400000,1.471134
2.100000,0.400000,1.688669
2.200000,0.400000,1.846751
2.300000,0.400000,1.972321
2.400000,0.400000,2.075953
2.500000,0.400000,2.163112
2.600000,0.400000,2.237054
2.700000,0.400000,2.190890
2.800000,0.400000,2.061553
2.900000,0.400000,1.918333
3.000000,0.400000,1.757840
3.100000,0.400000,1.574802
3.200000,0.400000,1.360147
3.300000,0.400000,1.095445
3.400000,0.400000,0.728011
3.500000,0.400000,
-3.500000,0.500000,
-3.400000,0.500000,0.663325
-3.300000,0.500000,1.053565
-3.200000,0.500000,1.326650
-3.100000,0.500000,1.545962
-3.000000,0.500000,1.732051
-2.900000,0.500000,1.894730
-2.800000,0.500000,2.039608
-2.700000,0.500000,2.170253
-2.600000,0.500000,2.289105
-2.500000,0.500000,2.397916
-2.400000,0.500000,2.331835
-2.300000,0.500000,2.251414
-2.200000,0.500000,2.159417
-2.100000,0.500000,2.053408
-2.000000,0.500000,1.929638
-1.900000,0.500000,1.781780
-1.800000,0.500000,1.637921
-1.700000,0.500000,1.592071
-1.600000,0.500000,1.539144
-1.500000,0.500000,1.478457
-1.400000,0.500000,1.409115
-1.300000,0.500000,1.329914
-1.200000,0.500000,1.239192
-1.100000,0.500000,1.134540
-1.000000,0.500000,1.012259
-0.900000,0.500000,0.866108
-0.800000,0.500000,0.707469
-0.700000,0.500000,0.599169
-0.600000,0.500000,0.460568
-0.500000,0.500000,0.267480
-0.400000,0.500000,-0.069872
-0.300000,0.500000,-0.114300
-0.200000,0.500000,-0.168210
-0.100000,0.500000,-0.232887
0.000000,0.500000,-0.310199
0.100000,0.500000,-0.403009
0.200000,0.500000,-0.516043
0.300000,0.500000,-0.658180
0.400000,0.500000,-0.612869
0.500000,0.500000,-0.552080
0.600000,0.500000,-0.417575
0.700000,0.500000,-0.215464
0.800000,0.500000,-0.058280
0.900000,0.500000,0.071200
1.000000,0.500000,0.180977
1.100000,0.500000,0.275555
1.200000,0.500000,0.357763
1.300000,0.500000,0.429514
1.400000,0.500000,0.613840
1.500000,0.500000,0.751519
1.600000,0.500000,0.859327
1.700000,0.500000,0.946581
1.800000,0.500000,1.018124
1.900000,0.500000,1.076837
2.000000,0.500000,1.170559
2.100000,0.500000,1.509931
2.200000,0.500000,1.704522
2.300000,0.500000,1.849350
2.400000,0.500000,1.965157
2.500000,0.500000,2.060756
2.600000,0.500000,2.140874
2.700000,0.500000,2.170253
2.800000,0.500000,2.039608
2.900000,0.500000,1.894730
3.000000,0.500000,1.732051
3.100000,0.500000,1.545962
3.200000,0.500000,1.326650
3.300000,0.500000,1.053565
3.400000,0.500000,0.663325
3.500000,0.500000,
-3.500000,0.600000,
-3.400000,0.600000,0.574456
-3.300000,0.600000,1.000000
-3.200000,0.600000,1.284523
-3.100000,0.600000,1.509967
-3.000000,0.600000,1.700000
-2.900000,0.600000,1.865476
-2.800000,0.600000,2.012461
-2.700000,0.600000,2.144761
-2.600000,0.600000,2.264950
-2.500000,0.600000,2.374868
-2.400000,0.600000,2.326368
-2.300000,0.600000,2.245655
-2.200000,0.600000,2.153283
-2.100000,0.600000,2.046775
-2.000000,0.600000,1.922309
-1.900000,0.600000,1.773401
-1.800000,0.600000,1.653334
-1.700000,0.600000,1.607882
-1.600000,0.600000,1.555441
-1.500000,0.600000,1.495349
-1.400000,0.600000,1.426742
-1.300000,0.600000,1.348462
-1.200000,0.600000,1.258920
-1.100000,0.600000,1.155830
-1.000000,0.600000,1.035714
-0.900000,0.600000,0.925461
-0.800000,0.600000,0.848448
-0.700000,0.600000,0.755582
-0.600000,0.600000,0.641877
-0.500000,0.600000,0.497775
-0.400000,0.600000,0.299506
-0.300000,0.600000,-0.018716
-0.200000,0.600000,-0.068825
-0.100000,0.600000,-0.128538
0.000000,0.600000,-0.199259
0.100000,0.600000,-0.283026
0.200000,0.600000,-0.382979
0.300000,0.600000,-0.504367
0.400000,0.600000,-0.657274
0.500000,0.600000,-0.622668
0.600000,0.600000,-0.496326
0.700000,0.600000,-0.276179
0.800000,0.600000,-0.109932
0.900000,0.600000,0.025167
1.000000,0.600000,0.138818
1.100000,0.600000,0.236239
1.200000,0.600000,0.320621
1.300000,0.600000,0.394078
1.400000,0.600000,0.458093
1.500000,0.600000,0.545449
1.600000,0.600000,0.682377
1.700000,0.600000,0.787305
1.800000,0.600000,0.870719
1.900000,0.600000,0.937845
2.000000,0.600000,0.991704
2.100000,0.600000,1.214899
2.200000,0.600000,1.513987
2.300000,0.600000,1.694910
2.400000,0.600000,1.830410
2.500000,0.600000,1.938638
2.600000,0.600000,2.027564
2.700000,0.600000,2.101525
2.800000,0.600000,2.012461
2.900000,0.600000,1.865476
3.000000,0.600000,1.700000
3.100000,0.600000,1.509967
3.200000,0.600000,1.284523
3.300000,0.600000,1.000000
3.400000,0.600000,0.574456
3.500000,0.600000,
-3.500000,0.700000,
-3.400000,0.700000,0.447214
-3.300000,0.700000,0.932738
-3.200000,0.700000,1.232883
-3.100000,0.700000,1.466288
-3.000000,0.700000,1.661325
-2.900000,0.700000,1.830301
-2.800000,0.700000,1.979899
-2.700000,0.700000,2.114237
-2.600000,0.700000,2.236068
-2.500000,0.700000,2.347339
-2.400000,0.700000,2.314534
-2.300000,0.700000,2.233180
-2.200000,0.700000,2.139983
-2.100000,0.700000,2.032377
-2.000000,0.700000,1.906373
-1.900000,0.700000,1.755123
-1.800000,0.700000,1.663163
-1.700000,0.700000,1.617961
-1.600000,0.700000,1.565825
-1.500000,0.700000,1.506106
-1.400000,0.700000,1.437958
-1.300000,0.700000,1.360254
-1.200000,0.700000,1.271446
-1.100000,0.700000,1.169322
-1.000000,0.700000,1.093806
-0.900000,0.700000,1.034915
-0.800000,0.700000,0.964911
-0.700000,0.700000,0.881716
-0.600000,0.700000,0.782121
-0.500000,0.700000,0.660707
-0.400000,0.700000,0.506931
-0.300000,0.700000,0.293575
-0.200000,0.700000,0.016852
-0.100000,0.700000,-0.039168
0.000000,0.700000,-0.105096
0.100000,0.700000,-0.182505
0.200000,0.700000,-0.273708
0.300000,0.700000,-0.382312
0.400000,0.700000,-0.514514
0.500000,0.700000,-0.682800
0.600000,0.700000,-0.603079
0.700000,0.700000,-0.353534
0.800000,0.700000,-0.174257
0.900000,0.700000,-0.031483
1.000000,0.700000,0.087309
1.100000,0.700000,0.188435
1.200000,0.700000,0.275615
1.300000,0.700000,0.351251
1.400000,0.700000,0.416997
1.500000,0.700000,0.474042
1.600000,0.700000,0.523266
1.700000,0.700000,0.577341
1.800000,0.700000,0.683582
1.900000,0.700000,0.765431
2.000000,0.700000,0.829390
2.100000,0.700000,0.878989
2.200000,0.700000,1.188757
2.300000,0.700000,1.484042
2.400000,0.700000,1.658852
2.500000,0.700000,1.788534
2.600000,0.700000,1.891193
2.700000,0.700000,1.974809
2.800000,0.700000,1.979899
2.900000,0.700000,1.830301
3.000000,0.700000,1.661325
3.100000,0.700000,1.466288
3.200000,0.700000,1.232883
3.300000,0.700000,0.932738
3.400000,0.700000,0.447214
3.500000,0.700000,
-3.500000,0.800000,
-3.400000,0.800000,0.223607
-3.300000,0.800000,0.848528
-3.200000,0.800000,1.170470
-3.100000,0.800000,1.414214
-3.000000,0.800000,1.615549
-2.900000,0.800000,1.788854
-2.800000,0.800000,1.941649
-2.700000,0.800000,2.078461
-2.600000,0.800000,2.202272
-2.500000,0.800000,2.315167
-2.400000,0.800000,2.296186
-2.300000,0.800000,2.213818
-2.200000,0.800000,2.119310
-2.100000,0.800000,2.009950
-2.000000,0.800000,1.881467
-1.900000,0.800000,1.726394
-1.800000,0.800000,1.667497
-1.700000,0.800000,1.622405
-1.600000,0.800000,1.570402
-1.500000,0.800000,1.510846
-1.400000,0.800000,1.442899
-1.300000,0.800000,1.365445
-1.200000,0.800000,1.276956
-1.100000,0.800000,1.229648
-1.000000,0.800000,1.183447
-0.900000,0.800000,1.128416
-0.800000,0.800000,1.063437
-0.700000,0.800000,0.986934
-0.600000,0.800000,0.896585
-0.500000,0.800000,0.788752
-0.400000,0.800000,0.657163
-0.300000,0.800000,0.489091
-0.200000,0.800000,0.248309
-0.100000,0.800000,0.037969
0.000000,0.800000,-0.024327
0.100000,0.800000,-0.097024
0.200000,0.800000,-0.181946
0.300000,0.800000,-0.281808
0.400000,0.800000,-0.400969
0.500000,0.800000,-0.547241
0.600000,0.800000,-0.737292
0.700000,0.800000,-0.452913
0.800000,0.800000,-0.253925
0.900000,0.800000,-0.100439
1.000000,0.800000,0.025239
1.100000,0.800000,0.131208
1.200000,0.800000,0.221982
1.300000,0.800000,0.300384
1.400000,0.800000,0.368309
1.500000,0.800000,0.427096
1.600000,0.800000,0.477726
1.700000,0.800000,0.520931
1.800000,0.800000,0.557271
1.900000,0.800000,0.587172
2.000000,0.800000,0.617796
2.100000,0.800000,0.681037
2.200000,0.800000,0.727430
2.300000,0.800000,1.058181
2.400000,0.800000,1.414045
2.500000,0.800000,1.592152
2.600000,0.800000,1.774842
2.700000,0.800000,1.938356
2.800000,0.800000,1.941649
2.900000,0.800000,1.788854
3.000000,0.800000,1.615549
3.100000,0.800000,1.414214
3.200000,0.800000,1.170470
3.300000,0.800000,0.848528
3.400000,0.800000,0.223607
3.500000,0.800000,
-3.500000,0.900000,
-3.400000,0.900000,
-3.300000,0.900000,0.741620
-3.200000,0.900000,1.095445
-3.100000,0.900000,1.352775
-3.000000,0.900000,1.562050
-2.900000,0.900000,1.740690
-2.800000,0.900000,1.897367
-2.700000,0.900000,2.037155
-2.600000,0.900000,2.163331
-2.500000,0.900000,2.278157
-2.400000,0.900000,2.271089
-2.300000,0.900000,2.187291
-2.200000,0.900000,2.090925
-2.100000,0.900000,1.979057
-2.000000,0.900000,1.846985
-1.900000,0.900000,1.705079
-1.800000,0.900000,1.666376
-1.700000,0.900000,1.621256
-1.600000,0.900000,1.569218
-1.500000,0.900000,1.509620
-1.400000,0.900000,1.441621
-1.300000,0.900000,1.370736
-1.200000,0.900000,1.341379
-1.100000,0.900000,1.305014
-1.000000,0.900000,1.261132
-0.900000,0.900000,1.209051
-0.800000,0.900000,1.147850
-0.700000,0.900000,1.076257
-0.600000,0.900000,0.992466
-0.500000,0.900000,0.893778
-0.400000,0.900000,0.775867
-0.300000,0.900000,0.630973
-0.200000,0.900000,0.442145
-0.100000,0.900000,0.150301
0.000000,0.900000,0.045256
0.100000,0.900000,-0.023830
0.200000,0.900000,-0.104042
0.300000,0.900000,-0.197557
0.400000,0.900000,-0.307706
0.500000,0.900000,-0.440047
0.600000,0.900000,-0.605244
0.700000,0.900000,-0.585487
0.800000,0.900000,-0.353427
0.900000,0.900000,-0.184287
1.000000,0.900000,-0.049147
1.100000,0.900000,0.063242
1.200000,0.900000,0.158676
1.300000,0.900000,0.240607
1.400000,0.900000,0.311280
1.500000,0.900000,0.372246
1.600000,0.900000,0.424620
1.700000,0.900000,0.469228
1.800000,0.900000,0.506691
1.900000,0.900000,0.537479
2.000000,0.900000,0.561948
2.100000,0.900000,0.580365
2.200000,0.900000,0.592919
2.300000,0.900000,0.599735
2.400000,0.900000,1.045167
2.500000,0.900000,1.487106
2.600000,0.900000,1.718765
2.700000,0.900000,1.891103
2.800000,0.900000,1.897367
2.900000,0.900000,1.740690
3.000000,0.900000,1.562050
3.100000,0.900000,1.352775
3.200000,0.900000,1.095445
3.300000,0.900000,0.741620
3.400000,0.900000,
3.500000,0.900000,
-3.500000,1.000000,
-3.400000,1.000000,
-3.300000,1.000000,0.600000
-3.200000,1.000000,1.004988
-3.100000,1.000000,1.280625
-3.000000,1.000000,1.500000
-2.900000,1.000000,1.685230
-2.800000,1.000000,1.846619
-2.700000,1.000000,1.989975
-2.600000,1.000000,2.118962
-2.500000,1.000000,2.236068
-2.400000,1.000000,2.238905
-2.300000,1.000000,2.153195
-2.200000,1.000000,2.054327
-2.100000,1.000000,1.939041
-2.000000,1.000000,1.801992
-1.900000,1.000000,1.698629
-1.800000,1.000000,1.659789
-1.700000,1.000000,1.614502
-1.600000,1.000000,1.562262
-1.500000,1.000000,1.502415
-1.400000,1.000000,1.455712
-1.300000,1.000000,1.433830
-1.200000,1.000000,1.405598
-1.100000,1.000000,1.370682
-1.000000,1.000000,1.328637
-0.900000,1.000000,1.278871
-0.800000,1.000000,1.220595
-0.700000,1.000000,1.152743
-0.600000,1.000000,1.073833
-0.500000,1.000000,0.981729
-0.400000,1.000000,0.873161
-0.300000,1.000000,0.742698
-0.200000,1.000000,0.579971
-0.100000,1.000000,0.359308
0.000000,1.000000,0.105177
0.100000,1.000000,0.038920
0.200000,1.000000,-0.037663
0.300000,1.000000,-0.126393
0.400000,1.000000,-0.229972
0.500000,1.000000,-0.352688
0.600000,1.000000,-0.502134
0.700000,1.000000,-0.694507
0.800000,1.000000,-0.481339
0.900000,1.000000,-0.287271
1.000000,1.000000,-0.138518
1.100000,1.000000,-0.017364
1.200000,1.000000,0.084230
1.300000,1.000000,0.170726
1.400000,1.000000,0.244900
1.500000,1.000000,0.308610
1.600000,1.000000,0.363163
1.700000,1.000000,0.409510
1.800000,1.000000,0.448358
1.900000,1.000000,0.480236
2.000000,1.000000,0.505543
2.100000,1.000000,0.524574
2.200000,1.000000,0.537538
2.300000,1.000000,0.563430
2.400000,1.000000,0.674423
2.500000,1.000000,1.384373
2.600000,1.000000,1.646401
2.700000,1.000000,1.831495
2.800000,1.000000,1.846619
2.900000,1.000000,1.685230
3.000000,1.000000,1.500000
3.100000,1.000000,1.280625
3.200000,1.000000,1.004988
3.300000,1.000000,0.600000
3.400000,1.000000,
3.500000,1.000000,
-3.500000,1.100000,
-3.400000,1.100000,
-3.300000,1.100000,0.387298
-3.200000,1.100000,0.894427
-3.100000,1.100000,1.195826
-3.000000,1.100000,1.428286
-2.900000,1.100000,1.621727
-2.800000,1.100000,1.788854
-2.700000,1.100000,1.936492
-2.600000,1.100000,2.068816
-2.500000,1.100000,2.188607
-2.400000,1.100000,2.199162
-2.300000,1.100000,2.110966
-2.200000,1.100000,2.008804
-2.100000,1.100000,1.888949
-2.000000,1.100000,1.745073
-1.900000,1.100000,1.686771
-1.800000,1.100000,1.647677
-1.700000,1.100000,1.602080
-1.600000,1.100000,1.549462
-1.500000,1.100000,1.525347
-1.400000,1.100000,1.510057
-1.300000,1.100000,1.488863
-1.200000,1.100000,1.461543
-1.100000,1.100000,1.427798
-1.000000,1.100000,1.387228
-0.900000,1.100000,1.339307
-0.800000,1.100000,1.283343
-0.700000,1.100000,1.218411
-0.600000,1.100000,1.143249
-0.500000,1.100000,1.056081
-0.400000,1.100000,0.954284
-0.300000,1.100000,0.833711
-0.200000,1.100000,0.687075
-0.100000,1.100000,0.499050
0.000000,1.100000,0.221701
0.100000,1.100000,0.092520
0.200000,1.100000,0.018781
0.300000,1.100000,-0.066262
0.400000,1.100000,-0.164893
0.500000,1.100000,-0.280617
0.600000,1.100000,-0.419309
0.700000,1.100000,-0.592351
0.800000,1.100000,-0.658644
0.900000,1.100000,-0.417229
1.000000,1.100000,-0.247228
1.100000,1.100000,-0.113504
1.200000,1.100000,-0.003490
1.300000,1.100000,0.089058
1.400000,1.100000,0.167775
1.500000,1.100000,0.234993
1.600000,1.100000,0.292300
1.700000,1.100000,0.340826
1.800000,1.100000,0.381396
1.900000,1.100000,0.414624
2.000000,1.100000,0.440964
2.100000,1.100000,0.460749
2.200000,1.100000,0.513078
2.300000,1.100000,0.568415
2.400000,1.100000,0.701958
2.500000,1.100000,1.231382
2.600000,1.100000,1.552752
2.700000,1.100000,1.757108
2.800000,1.100000,1.788854
2.900000,1.100000,1.621727
3.000000,1.100000,1.428286
3.100000,1.100000,1.195826
3.200000,1.100000,0.894427
3.300000,1.100000,0.387298
3.400000,1.100000,
3.500000,1.100000,
-3.500000,1.200000,
-3.400000,1.200000,
-3.300000,1.200000,
-3.200000,1.200000,0.754983
-3.100000,1.200000,1.095445
-3.000000,1.200000,1.345362
-2.900000,1.200000,1.549193
-2.800000,1.200000,1.723369
-2.700000,1.200000,1.876166
-2.600000,1.200000,2.012461
-2.500000,1.200000,2.135416
-2.400000,1.200000,2.151223
-2.300000,1.200000,2.059820
-2.200000,1.200000,1.953350
-2.100000,1.200000,1.827384
-2.000000,1.200000,1.702702
-1.900000,1.200000,1.669400
-1.800000,1.200000,1.629929
-1.700000,1.200000,1.585179
-1.600000,1.200000,1.581399
-1.500000,1.200000,1.572107
-1.400000,1.200000,1.557214
-1.300000,1.200000,1.536582
-1.200000,1.200000,1.510008
-1.100000,1.200000,1.477214
-1.000000,1.200000,1.437839
-0.900000,1.200000,1.391404
-0.800000,1.200000,1.337288
-0.700000,1.200000,1.274667
-0.600000,1.200000,1.202437
-0.500000,1.200000,1.119067
-0.400000,1.200000,1.022354
-0.300000,1.200000,0.908938
-0.200000,1.200000,0.773233
-0.100000,1.200000,0.604580
0.000000,1.200000,0.376565
0.100000,1.200000,0.137913
0.200000,1.200000,0.066418
0.300000,1.200000,-0.015750
0.400000,1.200000,-0.110589
0.500000,1.200000,-0.221087
0.600000,1.200000,-0.352066
0.700000,1.200000,-0.512288
0.800000,1.200000,-0.721420
0.900000,1.200000,-0.592153
1.000000,1.200000,-0.383277
1.100000,1.200000,-0.229947
1.200000,1.200000,-0.107776
1.300000,1.200000,-0.006884
1.400000,1.200000,0.077912
1.500000,1.200000,0.149723
1.600000,1.200000,0.210579
1.700000,1.200000,0.261882
1.800000,1.200000,0.304630
1.900000,1.200000,0.339551
2.000000,1.200000,0.376973
2.100000,1.200000,0.449105
2.200000,1.200000,0.512374
2.300000,1.200000,0.567733
2.400000,1.200000,0.717930
2.500000,1.200000,0.887189
2.600000,1.200000,1.427599
2.700000,1.200000,1.663909
2.800000,1.200000,1.723369
2.900000,1.200000,1.549193
3.000000,1.200000,1.345362
3.100000,1.200000,1.095445
3.200000,1.200000,0.754983
3.300000,1.200000,
3.400000,1.200000,
3.500000,1.200000,
-3.500000,1.300000,
-3.400000,1.300000,
-3.300000,1.300000,
-3.200000,1.300000,0.565685
-3.100000,1.300000,0.974679
-3.000000,1.300000,1.249000
-2.900000,1.300000,1.466288
-2.800000,1.300000,1.649242
-2.700000,1.300000,1.808314
-2.600000,1.300000,1.949359
-2.500000,1.300000,2.076054
-2.400000,1.300000,2.094214
-2.300000,1.300000,1.998669
-2.200000,1.300000,1.886521
-2.100000,1.300000,1.752250
-2.000000,1.300000,1.680075
-1.900000,1.300000,1.646359
-1.800000,1.300000,1.623431
-1.700000,1.300000,1.625095
-1.600000,1.300000,1.621396
-1.500000,1.300000,1.612304
-1.400000,1.300000,1.597737
-1.300000,1.300000,1.577565
-1.200000,1.300000,1.551598
-1.100000,1.300000,1.519579
-1.000000,1.300000,1.481172
-0.900000,1.300000,1.435938
-0.800000,1.300000,1.383305
-0.700000,1.300000,1.322529
-0.600000,1.300000,1.252614
-0.500000,1.300000,1.172207
-0.400000,1.300000,1.079391
-0.300000,1.300000,0.971321
-0.200000,1.300000,0.843448
-0.100000,1.300000,0.687630
0.000000,1.300000,0.486127
0.100000,1.300000,0.177516
0.200000,1.300000,0.106068
0.300000,1.300000,0.026145
0.400000,1.300000,-0.065770
0.500000,1.300000,-0.172313
0.600000,1.300000,-0.297617
0.700000,1.300000,-0.448872
0.800000,1.300000,-0.640932
0.900000,1.300000,-0.886114
1.000000,1.300000,-0.564901
1.100000,1.300000,-0.375595
1.200000,1.300000,-0.234163
1.300000,1.300000,-0.121016
1.400000,1.300000,-0.027699
1.500000,1.300000,0.050354
1.600000,1.300000,0.115931
1.700000,1.300000,0.170867
1.800000,1.300000,0.216428
1.900000,1.300000,0.287172
2.000000,1.300000,0.369845
2.100000,1.300000,0.442291
2.200000,1.300000,0.505813
2.300000,1.300000,0.561378
2.400000,1.300000,0.722937
2.500000,1.300000,0.891424
2.600000,1.300000,1.242020
2.700000,1.300000,1.544393
2.800000,1.300000,1.649242
2.900000,1.300000,1.466288
3.000000,1.300000,1.249000
3.100000,1.300000,0.974679
3.200000,1.300000,0.565685
3.300000,1.300000,
3.400000,1.300000,
3.500000,1.300000,
-3.500000,1.400000,
-3.400000,1.400000,
-3.300000,1.400000,
-3.200000,1.400000,0.223607
-3.100000,1.400000,0.824621
-3.000000,1.400000,1.135782
-2.900000,1.400000,1.371131
-2.800000,1.400000,1.565248
-2.700000,1.400000,1.732051
-2.600000,1.400000,1.878829
-2.500000,1.400000,2.009975
-2.400000,1.400000,2.026928
-2.300000,1.400000,1.925963
-2.200000,1.400000,1.806174
-2.100000,1.400000,1.679893
-2.000000,1.400000,1.651679
-1.900000,1.400000,1.650371
-1.800000,1.400000,1.657285
-1.700000,1.400000,1.658919
-1.600000,1.400000,1.655287
-1.500000,1.400000,1.646358
-1.400000,1.400000,1.632056
-1.300000,1.400000,1.612257
-1.200000,1.400000,1.586783
-1.100000,1.400000,1.555392
-1.000000,1.400000,1.517767
-0.900000,1.400000,1.473498
-0.800000,1.400000,1.422054
-0.700000,1.400000,1.362746
-0.600000,1.400000,1.294664
-0.500000,1.400000,1.216577
-0.400000,1.400000,1.126774
-0.300000,1.400000,1.022762
-0.200000,1.400000,0.900663
-0.100000,1.400000,0.753843
0.000000,1.400000,0.568976
0.100000,1.400000,0.308970
0.200000,1.400000,0.138340
0.300000,1.400000,0.060153
0.400000,1.400000,-0.029523
0.500000,1.400000,-0.133076
0.600000,1.400000,-0.254177
0.700000,1.400000,-0.399016
0.800000,1.400000,-0.579689
0.900000,1.400000,-0.827815
1.000000,1.400000,-0.865371
1.100000,1.400000,-0.571482
1.200000,1.400000,-0.393401
1.300000,1.400000,-0.260177
1.400000,1.400000,-0.153967
1.500000,1.400000,-0.066923
1.600000,1.400000,0.005229
1.700000,1.400000,0.066349
1.800000,1.400000,0.177119
1.900000,1.400000,0.272830
2.000000,1.400000,0.356267
2.100000,1.400000,0.429316
2.200000,1.400000,0.493325
2.300000,1.400000,0.549288
2.400000,1.400000,0.717156
2.500000,1.400000,0.886534
2.600000,1.400000,1.024890
2.700000,1.400000,1.381159
2.800000,1.400000,1.565248
2.900000,1.400000,1.371131
3.000000,1.400000,1.135782
3.100000,1.400000,0.824621
3.200000,1.400000,0.223607
3.300000,1.400000,
3.400000,1.400000,
3.500000,1.400000,
-3.500000,1.500000,
-3.400000,1.500000,
-3.300000,1.500000,
-3.200000,1.500000,
-3.100000,1.500000,0.624500
-3.000000,1.500000,1.000000
-2.900000,1.500000,1.260952
-2.800000,1.500000,1.469694
-2.700000,1.500000,1.646208
-2.600000,1.500000,1.800000
-2.500000,1.500000,1.936492
-2.400000,1.500000,1.947646
-2.300000,1.500000,1.839405
-2.200000,1.500000,1.708944
-2.100000,1.500000,1.664138
-2.000000,1.500000,1.691389
-1.900000,1.500000,1.708466
-1.800000,1.500000,1.715861
-1.700000,1.500000,1.713777
-1.600000,1.500000,1.702159
-1.500000,1.500000,1.680680
-1.400000,1.500000,1.660507
-1.300000,1.500000,1.641007
-1.200000,1.500000,1.615927
-1.100000,1.500000,1.585037
-1.000000,1.500000,1.548035
-0.900000,1.500000,1.504534
-0.800000,1.500000,1.454033
-0.700000,1.500000,1.395884
-0.600000,1.500000,1.329238
-0.500000,1.500000,1.252959
-0.400000,1.500000,1.165481
-0.300000,1.500000,1.064554
-0.200000,1.500000,0.946758
-0.100000,1.500000,0.806418
0.000000,1.500000,0.632741
0.100000,1.500000,0.399163
0.200000,1.500000,0.163682
0.300000,1.500000,0.086805
0.400000,1.500000,-0.001193
0.500000,1.500000,-0.102527
0.600000,1.500000,-0.220557
0.700000,1.500000,-0.360815
0.800000,1.500000,-0.533721
0.900000,1.500000,-0.764385
1.000000,1.500000,-1.182261
1.100000,1.500000,-0.915692
1.200000,1.500000,-0.613099
1.300000,1.500000,-0.438560
1.400000,1.500000,-0.309968
1.500000,1.500000,-0.208659
1.600000,1.500000,-0.091724
1.700000,1.500000,0.041434
1.800000,1.500000,0.154245
1.900000,1.500000,0.251467
2.000000,1.500000,0.336065
2.100000,1.500000,0.410033
2.200000,1.500000,0.474780
2.300000,1.500000,0.531342
2.400000,1.500000,0.700381
2.500000,1.500000,0.872395
2.600000,1.500000,1.012357
2.700000,1.500000,1.130370
2.800000,1.500000,1.459001
2.900000,1.500000,1.260952
3.000000,1.500000,1.000000
3.100000,1.500000,0.624500
3.200000,1.500000,
3.300000,1.500000,
3.400000,1.500000,
3.500000,1.500000,
-3.500000,1.600000,
-3.400000,1.600000,
-3.300000,1.600000,
-3.200000,1.600000,
-3.100000,1.600000,0.282843
-3.000000,1.600000,0.830662
-2.900000,1.600000,1.131371
-2.800000,1.600000,1.360147
-2.700000,1.600000,1.549193
-2.600000,1.600000,1.711724
-2.500000,1.600000,1.854724
-2.400000,1.600000,1.853801
-2.300000,1.600000,1.738681
-2.200000,1.600000,1.782029
-2.100000,1.600000,1.815160
-2.000000,1.600000,1.838932
-1.900000,1.600000,1.853905
-1.800000,1.600000,1.860406
-1.700000,1.600000,1.858573
-1.600000,1.600000,1.848368
-1.500000,1.600000,1.829572
-1.400000,1.600000,1.801763
-1.300000,1.600000,1.764259
-1.200000,1.600000,1.716031
-1.100000,1.600000,1.655526
-1.000000,1.600000,1.580332
-0.900000,1.600000,1.529390
-0.800000,1.600000,1.479618
-0.700000,1.600000,1.422364
-0.600000,1.600000,1.356822
-0.500000,1.600000,1.281925
-0.400000,1.600000,1.196211
-0.300000,1.600000,1.097603
-0.200000,1.600000,0.982991
-0.100000,1.600000,0.847331
0.000000,1.600000,0.681387
0.100000,1.600000,0.464103
0.200000,1.600000,0.182422
0.300000,1.600000,0.106485
0.400000,1.600000,0.019686
0.500000,1.600000,-0.080076
0.600000,1.600000,-0.195950
0.700000,1.600000,-0.333047
0.800000,1.600000,-0.500751
0.900000,1.600000,-0.720554
1.000000,1.600000,-1.080606
1.100000,1.600000,-1.987145
1.200000,1.600000,-2.007842
1.300000,1.600000,-0.698995
1.400000,1.600000,-0.516741
1.500000,1.600000,-0.298464
1.600000,1.600000,-0.129601
1.700000,1.600000,0.007746
1.800000,1.600000,0.123435
1.900000,1.600000,0.222766
2.000000,1.600000,0.308976
2.100000,1.600000,0.384210
2.200000,1.600000,0.449971
2.300000,1.600000,0.507356
2.400000,1.600000,0.671983
2.500000,1.600000,0.848636
2.600000,1.600000,0.991376
2.700000,1.600000,1.111269
2.800000,1.600000,1.214110
2.900000,1.600000,1.131371
3.000000,1.600000,0.830662
3.100000,1.600000,0.282843
3.200000,1.600000,
3.300000,1.600000,
3.400000,1.600000,
3.500000,1.600000,
-3.500000,1.700000,
-3.400000,1.700000,
-3.300000,1.700000,
-3.200000,1.700000,
-3.100000,1.700000,
-3.000000,1.700000,0.600000
-2.900000,1.700000,0.974679
-2.800000,1.700000,1.232883
-2.700000,1.700000,1.438749
-2.600000,1.700000,1.612452
-2.500000,1.700000,1.763519
-2.400000,1.700000,1.823770
-2.300000,1.700000,1.872326
-2.200000,1.700000,1.911061
-2.100000,1.700000,1.940864
-2.000000,1.700000,1.962348
-1.900000,1.700000,1.975919
-1.800000,1.700000,1.981821
-1.700000,1.700000,1.980157
-1.600000,1.700000,1.970897
-1.500000,1.700000,1.953879
-1.400000,1.700000,1.928792
-1.300000,1.700000,1.895144
-1.200000,1.700000,1.852213
-1.100000,1.700000,1.798951
-1.000000,1.700000,1.733826
-0.900000,1.700000,1.654514
-0.800000,1.700000,1.557271
-0.700000,1.700000,1.442501
-0.600000,1.700000,1.377775
-0.500000,1.700000,1.303893
-0.400000,1.700000,1.219468
-0.300000,1.700000,1.122543
-0.200000,1.700000,1.010217
-0.100000,1.700000,0.877862
0.000000,1.700000,0.717218
0.100000,1.700000,0.510363
0.200000,1.700000,0.196027
0.300000,1.700000,0.119460
0.400000,1.700000,0.033433
0.500000,1.700000,-0.065321
0.600000,1.700000,-0.179823
0.700000,1.700000,-0.314928
0.800000,1.700000,-0.479418
0.900000,1.700000,-0.692800
1.000000,1.700000,-1.026987
1.100000,1.700000,-2.102978
1.200000,1.700000,-2.125655
1.300000,1.700000,-2.157224
1.400000,1.700000,-0.602527
1.500000,1.700000,-0.357275
1.600000,1.700000,-0.178628
1.700000,1.700000,-0.035477
1.800000,1.700000,0.084117
1.900000,1.700000,0.186271
2.000000,1.700000,0.274618
2.100000,1.700000,0.351521
2.200000,1.700000,0.418612
2.300000,1.700000,0.477071
2.400000,1.700000,0.630779
2.500000,1.700000,0.814584
2.600000,1.700000,0.961493
2.700000,1.700000,1.084164
2.800000,1.700000,1.189003
2.900000,1.700000,0.974679
3.000000,1.700000,0.600000
3.100000,1.700000,
3.200000,1.700000,
3.300000,1.700000,
3.400000,1.700000,
3.500000,1.700000,
-3.500000,1.800000,
-3.400000,1.800000,
-3.300000,1.800000,
-3.200000,1.800000,
-3.100000,1.800000,
-3.000000,1.800000,0.100000
-2.900000,1.800000,0.774597
-2.800000,1.800000,1.081665
-2.700000,1.800000,1.311488
-2.600000,1.800000,1.500000
-2.500000,1.800000,1.661325
-2.400000,1.800000,1.802776
-2.300000,1.800000,1.928730
-2.200000,1.800000,2.020677
-2.100000,1.800000,2.048133
-2.000000,1.800000,2.067984
-1.900000,1.800000,2.080548
-1.800000,1.800000,2.086018
-1.700000,1.800000,2.084475
-1.600000,1.800000,2.075896
-1.500000,1.800000,2.060153
-1.400000,1.800000,2.037000
-1.300000,1.800000,2.006056
-1.200000,1.800000,1.966767
-1.100000,1.800000,1.918354
-1.000000,1.800000,1.859716
-0.900000,1.800000,1.789263
-0.800000,1.800000,1.704612
-0.700000,1.800000,1.601954
-0.600000,1.800000,1.474526
-0.500000,1.800000,1.319159
-0.400000,1.800000,1.235606
-0.300000,1.800000,1.139814
-0.200000,1.800000,1.029016
-0.100000,1.800000,0.898845
0.000000,1.800000,0.741636
0.100000,1.800000,0.541262
0.200000,1.800000,0.247226
0.300000,1.800000,0.125898
0.400000,1.800000,0.040248
0.500000,1.800000,-0.058014
0.600000,1.800000,-0.171848
0.700000,1.800000,-0.305992
0.800000,1.800000,-0.468944
0.900000,1.800000,-0.679328
1.000000,1.800000,-1.002749
1.100000,1.800000,-2.239984
1.200000,1.800000,-2.265561
1.300000,1.800000,-2.301392
1.400000,1.800000,-0.716025
1.500000,1.800000,-0.433480
1.600000,1.800000,-0.240515
1.700000,1.800000,-0.089349
1.800000,1.800000,0.035477
1.900000,1.800000,0.141345
2.000000,1.800000,0.232469
2.100000,1.800000,0.311519
2.200000,1.800000,0.380311
2.300000,1.800000,0.440137
2.400000,1.800000,0.574748
2.500000,1.800000,0.769164
2.600000,1.800000,0.922000
2.700000,1.800000,1.048536
2.800000,1.800000,1.081665
2.900000,1.800000,0.774597
3.000000,1.800000,0.100000
3.100000,1.800000,
3.200000,1.800000,
3.300000,1.800000,
3.400000,1.800000,
3.500000,1.800000,
-3.500000,1.900000,
-3.400000,1.900000,
-3.300000,1.900000,
-3.200000,1.900000,
-3.100000,1.900000,
-3.000000,1.900000,
-2.900000,1.900000,0.479583
-2.800000,1.900000,0.894427
-2.700000,1.900000,1.161895
-2.600000,1.900000,1.371131
-2.500000,1.900000,1.545962
-2.400000,1.900000,1.697056
-2.300000,1.900000,1.830301
-2.200000,1.900000,1.949359
-2.100000,1.900000,2.056696
-2.000000,1.900000,2.154066
-1.900000,1.900000,2.171401
-1.800000,1.900000,2.176543
-1.700000,1.900000,2.175093
-1.600000,1.900000,2.167029
-1.500000,1.900000,2.152247
-1.400000,1.900000,2.130542
-1.300000,1.900000,2.101604
-1.200000,1.900000,2.064985
-1.100000,1.900000,2.020067
-1.000000,1.900000,1.965995
-0.900000,1.900000,1.901576
-0.800000,1.900000,1.825099
-0.700000,1.900000,1.733995
-0.600000,1.900000,1.624137
-0.500000,1.900000,1.488116
-0.400000,1.900000,1.309756
-0.300000,1.900000,1.149701
-0.200000,1.900000,1.039758
-0.100000,1.900000,0.910802
0.000000,1.900000,0.755481
0.100000,1.900000,0.558582
0.200000,1.900000,0.274514
0.300000,1.900000,0.125880
0.400000,1.900000,0.040229
0.500000,1.900000,-0.058035
0.600000,1.900000,-0.171871
0.700000,1.900000,-0.306017
0.800000,1.900000,-0.468974
0.900000,1.900000,-0.679366
1.000000,1.900000,-1.002816
1.100000,1.900000,-2.407495
1.200000,1.900000,-2.437834
1.300000,1.900000,-2.480858
1.400000,1.900000,-0.897860
1.500000,1.900000,-0.533028
1.600000,1.900000,-0.317971
1.700000,1.900000,-0.155518
1.800000,1.900000,-0.023640
1.900000,1.900000,0.087105
2.000000,1.900000,0.181813
2.100000,1.900000,0.263605
2.200000,1.900000,0.334549
2.300000,1.900000,0.396093
2.400000,1.900000,0.500374
2.500000,1.900000,0.710688
2.600000,1.900000,0.871842
2.700000,1.900000,1.003633
2.800000,1.900000,0.894427
2.900000,1.900000,0.479583
3.000000,1.900000,
3.100000,1.900000,
3.200000,1.900000,
3.300000,1.900000,
3.400000,1.900000,
3.500000,1.900000,
-3.500000,2.000000,
-3.400000,2.000000,
-3.300000,2.000000,
-3.200000,2.000000,
-3.100000,2.000000,
-3.000000,2.000000,
-2.900000,2.000000,
-2.800000,2.000000,0.640312
-2.700000,2.000000,0.979796
-2.600000,2.000000,1.220656
-2.500000,2.000000,1.414214
-2.400000,2.000000,1.577973
-2.300000,2.000000,1.720465
-2.200000,2.000000,1.846619
-2.100000,2.000000,1.959592
-2.000000,2.000000,2.061553
-1.900000,2.000000,2.154066
-1.800000,2.000000,2.238303
-1.700000,2.000000,2.254344
-1.600000,2.000000,2.246683
-1.500000,2.000000,2.232649
-1.400000,2.000000,2.212067
-1.300000,2.000000,2.184674
-1.200000,2.000000,2.150096
-1.100000,2.000000,2.107816
-1.000000,2.000000,2.057139
-0.900000,2.000000,1.997111
-0.800000,2.000000,1.926406
-0.700000,2.000000,1.843114
-0.600000,2.000000,1.744345
-0.500000,2.000000,1.625370
-0.400000,2.000000,1.477440
-0.300000,2.000000,1.280243
-0.200000,2.000000,1.042647
-0.100000,2.000000,0.914013
0.000000,2.000000,0.759191
0.100000,2.000000,0.563200
0.200000,2.000000,0.281647
0.300000,2.000000,0.119405
0.400000,2.000000,0.033374
0.500000,2.000000,-0.065384
0.600000,2.000000,-0.179891
0.700000,2.000000,-0.315005
0.800000,2.000000,-0.479508
0.900000,2.000000,-0.692916
1.000000,2.000000,-1.027200
1.100000,2.000000,-2.626826
1.200000,2.000000,
1.300000,2.000000,
1.400000,2.000000,
1.500000,2.000000,-0.668922
1.600000,2.000000,-0.415603
1.700000,2.000000,-0.236519
1.800000,2.000000,-0.094919
1.900000,2.000000,0.022309
2.000000,2.000000,0.121674
2.100000,2.000000,0.206970
2.200000,2.000000,0.280633
2.300000,2.000000,0.344329
2.400000,2.000000,0.400958
2.500000,2.000000,0.636444
2.600000,2.000000,0.809441
2.700000,2.000000,0.948375
2.800000,2.000000,0.640312
2.900000,2.000000,
3.000000,2.000000,
3.100000,2.000000,
3.200000,2.000000,
3.300000,2.000000,
3.400000,2.000000,
3.500000,2.000000,
-3.500000,2.100000,
-3.400000,2.100000,
-3.300000,2.100000,
-3.200000,2.100000,
-3.100000,2.100000,
-3.000000,2.100000,
-2.900000,2.100000,
-2.800000,2.100000,
-2.700000,2.100000,0.741620
-2.600000,2.100000,1.039230
-2.500000,2.100000,1.260952
-2.400000,2.100000,1.442221
-2.300000,2.100000,1.596872
-2.200000,2.100000,1.732051
-2.100000,2.100000,1.852026
-2.000000,2.100000,1.959592
-1.900000,2.100000,2.056696
-1.800000,2.100000,2.144761
-1.700000,2.100000,2.224860
-1.600000,2.100000,2.297825
-1.500000,2.100000,2.303074
-1.400000,2.100000,2.283385
-1.300000,2.100000,2.257214
-1.200000,2.100000,2.224237
-1.100000,2.100000,2.184013
-1.000000,2.100000,2.135950
-0.900000,2.100000,2.079254
-0.800000,2.100000,2.012842
-0.700000,2.100000,1.935198
-0.600000,2.100000,1.844119
-0.500000,2.100000,1.736209
-0.400000,2.100000,1.605735
-0.300000,2.100000,1.441510
-0.200000,2.100000,1.214425
-0.100000,2.100000,0.908552
0.000000,2.100000,0.752880
0.100000,2.100000,0.555338
0.200000,2.100000,0.269470
0.300000,2.100000,0.106393
0.400000,2.100000,0.019588
0.500000,2.100000,-0.080182
0.600000,2.100000,-0.196065
0.700000,2.100000,-0.333177
0.800000,2.100000,-0.500904
0.900000,2.100000,-0.720755
1.000000,2.100000,-1.081017
1.100000,2.100000,
1.200000,2.100000,
1.300000,2.100000,
1.400000,2.100000,
1.500000,2.100000,-0.885359
1.600000,2.100000,-0.542354
1.700000,2.100000,-0.336522
1.800000,2.100000,-0.180911
1.900000,2.100000,-0.054835
2.000000,2.100000,0.050682
2.100000,2.100000,0.140508
2.200000,2.100000,0.217631
2.300000,2.100000,0.284037
2.400000,2.100000,0.341111
2.500000,2.100000,0.541756
2.600000,2.100000,0.732361
2.700000,2.100000,0.741620
2.800000,2.100000,
2.900000,2.100000,
3.000000,2.100000,
3.100000,2.100000,
3.200000,2.100000,
3.300000,2.100000,
3.400000,2.100000,
3.500000,2.100000,
-3.500000,2.200000,
-3.400000,2.200000,
-3.300000,2.200000,
-3.200000,2.200000,
-3.100000,2.200000,
-3.000000,2.200000,
-2.900000,2.200000,
-2.800000,2.200000,
-2.700000,2.200000,0.346410
-2.600000,2.200000,0.806226
-2.500000,2.200000,1.077033
-2.400000,2.200000,1.284523
-2.300000,2.200000,1.456022
-2.200000,2.200000,1.603122
-2.100000,2.200000,1.732051
-2.000000,2.200000,1.846619
-1.900000,2.200000,1.949359
-1.800000,2.200000,2.042058
-1.700000,2.200000,2.126029
-1.600000,2.200000,2.202272
-1.500000,2.200000,2.271563
-1.400000,2.200000,2.334524
-1.300000,2.200000,2.320600
-1.200000,2.200000,2.288905
-1.100000,2.200000,2.250315
-1.000000,2.200000,2.204315
-0.900000,2.200000,2.150218
-0.800000,2.200000,2.087106
-0.700000,2.200000,2.013721
-0.600000,2.200000,1.928284
-0.500000,2.200000,1.828159
-0.400000,2.200000,1.709158
-0.300000,2.200000,1.563875
-0.200000,2.200000,1.376546
-0.100000,2.200000,1.096245
0.000000,2.200000,0.736354
0.100000,2.200000,0.534617
0.200000,2.200000,0.236509
0.300000,2.200000,0.086674
0.400000,2.200000,-0.001332
0.500000,2.200000,-0.102677
0.600000,2.200000,-0.220722
0.700000,2.200000,-0.361002
0.800000,2.200000,-0.533944
0.900000,2.200000,-0.764686
1.000000,2.200000,-1.183078
1.100000,2.200000,
1.200000,2.200000,
1.300000,2.200000,
1.400000,2.200000,
1.500000,2.200000,
1.600000,2.200000,-0.720871
1.700000,2.200000,-0.463242
1.800000,2.200000,-0.285765
1.900000,2.200000,-0.147040
2.000000,2.200000,-0.033145
2.100000,2.200000,0.062665
2.200000,2.200000,0.144267
2.300000,2.200000,0.214126
2.400000,2.200000,0.273913
2.500000,2.200000,0.417387
2.600000,2.200000,0.636585
2.700000,2.200000,0.346410
2.800000,2.200000,
2.900000,2.200000,
3.000000,2.200000,
3.100000,2.200000,
3.200000,2.200000,
3.300000,2.200000,
3.400000,2.200000,
3.500000,2.200000,
-3.500000,2.300000,
-3.400000,2.300000,
-3.300000,2.300000,
-3.200000,2.300000,
-3.100000,2.300000,
-3.000000,2.300000,
-2.900000,2.300000,
-2.800000,2.300000,
-2.700000,2.300000,
-2.600000,2.300000,0.447214
-2.500000,2.300000,0.842615
-2.400000,2.300000,1.095445
-2.300000,2.300000,1.292285
-2.200000,2.300000,1.456022
-2.100000,2.300000,1.596872
-2.000000,2.300000,1.720465
-1.900000,2.300000,1.830301
-1.800000,2.300000,1.928730
-1.700000,2.300000,2.017424
-1.600000,2.300000,2.097618
-1.500000,2.300000,2.170253
-1.400000,2.300000,2.236068
-1.300000,2.300000,2.295648
-1.200000,2.300000,2.345190
-1.100000,2.300000,2.307917
-1.000000,2.300000,2.263567
-0.900000,2.300000,2.211535
-0.800000,2.300000,2.151017
-0.700000,2.300000,2.080931
-0.600000,2.300000,1.999780
-0.500000,2.300000,1.905405
-0.400000,2.300000,1.794519
-0.300000,2.300000,1.661666
-0.200000,2.300000,1.496470
-0.100000,2.300000,1.273427
0.000000,2.300000,0.843965
0.100000,2.300000,0.499957
0.200000,2.300000,0.177891
0.300000,2.300000,0.059981
0.400000,2.300000,-0.029706
0.500000,2.300000,-0.133273
0.600000,2.300000,-0.254396
0.700000,2.300000,-0.399265
0.800000,2.300000,-0.579991
0.900000,2.300000,-0.828242
1.000000,2.300000,
1.100000,2.300000,
1.200000,2.300000,
1.300000,2.300000,
1.400000,2.300000,
1.500000,2.300000,
1.600000,2.300000,-1.122695
1.700000,2.300000,-0.634402
1.800000,2.300000,-0.417037
1.900000,2.300000,-0.258731
2.000000,2.300000,-0.132831
2.100000,2.300000,-0.028827
2.200000,2.300000,0.058727
2.300000,2.300000,0.133081
2.400000,2.300000,0.196346
2.500000,2.300000,0.249976
2.600000,2.300000,0.447214
2.700000,2.300000,
2.800000,2.300000,
2.900000,2.300000,
3.000000,2.300000,
3.100000,2.300000,
3.200000,2.300000,
3.300000,2.300000,
3.400000,2.300000,
3.500000,2.300000,
-3.500000,2.400000,
-3.400000,2.400000,
-3.300000,2.400000,
-3.200000,2.400000,
-3.100000,2.400000,
-3.000000,2.400000,
-2.900000,2.400000,
-2.800000,2.400000,
-2.700000,2.400000,
-2.600000,2.400000,
-2.500000,2.400000,0.489898
-2.400000,2.400000,0.854400
-2.300000,2.400000,1.095445
-2.200000,2.400000,1.284523
-2.100000,2.400000,1.442221
-2.000000,2.400000,1.577973
-1.900000,2.400000,1.697056
-1.800000,2.400000,1.802776
-1.700000,2.400000,1.897367
-1.600000,2.400000,1.982423
-1.500000,2.400000,2.059126
-1.400000,2.400000,2.128380
-1.300000,2.400000,2.190890
-1.200000,2.400000,2.247221
-1.100000,2.400000,2.297825
-1.000000,2.400000,2.314686
-0.900000,2.400000,2.264310
-0.800000,2.400000,2.205856
-0.700000,2.400000,2.138368
-0.600000,2.400000,2.060544
-0.500000,2.400000,1.970545
-0.400000,2.400000,1.865653
-0.300000,2.400000,1.741555
-0.200000,2.400000,1.590614
-0.100000,2.400000,1.396561
0.000000,2.400000,1.106584
0.100000,2.400000,0.449266
0.200000,2.400000,0.105864
0.300000,2.400000,0.025930
0.400000,2.400000,-0.066000
0.500000,2.400000,-0.172562
0.600000,2.400000,-0.297894
0.700000,2.400000,-0.449192
0.800000,2.400000,-0.641330
0.900000,2.400000,-0.918747
1.000000,2.400000,
1.100000,2.400000,
1.200000,2.400000,
1.300000,2.400000,
1.400000,2.400000,
1.500000,2.400000,
1.600000,2.400000,
1.700000,2.400000,-0.923153
1.800000,2.400000,-0.591634
1.900000,2.400000,-0.398022
2.000000,2.400000,-0.253382
2.100000,2.400000,-0.137495
2.200000,2.400000,-0.041686
2.300000,2.400000,0.038716
2.400000,2.400000,0.106564
2.500000,2.400000,0.163733
2.600000,2.400000,
2.700000,2.400000,
2.800000,2.400000,
2.900000,2.400000,
3.000000,2.400000,
3.100000,2.400000,
3.200000,2.400000,
3.300000,2.400000,
3.400000,2.400000,
3.500000,2.400000,
-3.500000,2.500000,
-3.400000,2.500000,
-3.300000,2.500000,
-3.200000,2.500000,
-3.100000,2.500000,
-3.000000,2.500000,
-2.900000,2.500000,
-2.800000,2.500000,
-2.700000,2.500000,
-2.600000,2.500000,
-2.500000,2.500000,
-2.400000,2.500000,0.489898
-2.300000,2.500000,0.842615
-2.200000,2.500000,1.077033
-2.100000,2.500000,1.260952
-2.000000,2.500000,1.414214
-1.900000,2.500000,1.545962
-1.800000,2.500000,1.661325
-1.700000,2.500000,1.763519
-1.600000,2.500000,1.854724
-1.500000,2.500000,1.936492
-1.400000,2.500000,2.009975
-1.300000,2.500000,2.076054
-1.200000,2.500000,2.135416
-1.100000,2.500000,2.188607
-1.000000,2.500000,2.236068
-0.900000,2.500000,2.278157
-0.800000,2.500000,2.252560
-0.700000,2.500000,2.187135
-0.600000,2.500000,2.111922
-0.500000,2.500000,2.025309
-0.400000,2.500000,1.924958
-0.300000,2.500000,1.807280
-0.200000,2.500000,1.666225
-0.100000,2.500000,1.489992
0.000000,2.500000,1.247864
0.100000,2.500000,0.378622
0.200000,2.500000,0.066170
0.300000,2.500000,-0.016012
0.400000,2.500000,-0.110870
0.500000,2.500000,-0.221394
0.600000,2.500000,-0.352410
0.700000,2.500000,-0.512692
0.800000,2.500000,-0.721945
0.900000,2.500000,-1.055430
1.000000,2.500000,
1.100000,2.500000,
1.200000,2.500000,
1.300000,2.500000,
1.400000,2.500000,
1.500000,2.500000,
1.600000,2.500000,
1.700000,2.500000,
1.800000,2.500000,-0.873084
1.900000,2.500000,-0.583383
2.000000,2.500000,-0.404240
2.100000,2.500000,-0.269344
2.200000,2.500000,-0.161284
2.300000,2.500000,-0.072311
2.400000,2.500000,0.001829
2.500000,2.500000,
2.600000,2.500000,
2.700000,2.500000,
2.800000,2.500000,
2.900000,2.500000,
3.000000,2.500000,
3.100000,2.500000,
3.200000,2.500000,
3.300000,2.500000,
3.400000,2.500000,
3.500000,2.500000,
-3.500000,2.600000,
-3.400000,2.600000,
-3.300000,2.600000,
-3.200000,2.600000,
-3.100000,2.600000,
-3.000000,2.600000,
-2.900000,2.600000,
-2.800000,2.600000,
-2.700000,2.600000,
-2.600000,2.600000,
-2.500000,2.600000,
-2.400000,2.600000,
-2.300000,2.600000,0.447214
-2.200000,2.600000,0.806226
-2.100000,2.600000,1.039230
-2.000000,2.600000,1.220656
-1.900000,2.600000,1.371131
-1.800000,2.600000,1.500000
-1.700000,2.600000,1.612452
-1.600000,2.600000,1.711724
-1.500000,2.600000,1.800000
-1.400000,2.600000,1.878829
-1.300000,2.600000,1.949359
-1.200000,2.600000,2.012461
-1.100000,2.600000,2.068816
-1.000000,2.600000,2.118962
-0.900000,2.600000,2.163331
-0.800000,2.600000,2.202272
-0.700000,2.600000,2.228038
-0.600000,2.600000,2.154882
-0.500000,2.600000,2.070904
-0.400000,2.600000,1.974034
-0.300000,2.600000,1.861164
-0.200000,2.600000,1.727240
-0.100000,2.600000,1.562964
0.000000,2.600000,1.346966
0.100000,2.600000,0.990365
0.200000,2.600000,0.018486
0.300000,2.600000,-0.066575
0.400000,2.600000,-0.165231
0.500000,2.600000,-0.280989
0.600000,2.600000,-0.419732
0.700000,2.600000,-0.592863
0.800000,2.600000,-0.829599
0.900000,2.600000,
1.000000,2.600000,
1.100000,2.600000,
1.200000,2.600000,
1.300000,2.600000,
1.400000,2.600000,
1.500000,2.600000,
1.600000,2.600000,
1.700000,2.600000,
1.800000,2.600000,
1.900000,2.600000,-0.888695
2.000000,2.600000,-0.608201
2.100000,2.600000,-0.436310
2.200000,2.600000,-0.307760
2.300000,2.600000,-0.205574
2.400000,2.600000,
2.500000,2.600000,
2.600000,2.600000,
2.700000,2.600000,
2.800000,2.600000,
2.900000,2.600000,
3.000000,2.600000,
3.100000,2.600000,
3.200000,2.600000,
3.300000,2.600000,
3.400000,2.600000,
3.500000,2.600000,
-3.500000,2.700000,
-3.400000,2.700000,
-3.300000,2.700000,
-3.200000,2.700000,
-3.100000,2.700000,
-3.000000,2.700000,
-2.900000,2.700000,
-2.800000,2.700000,
-2.700000,2.700000,
-2.600000,2.700000,
-2.500000,2.700000,
-2.400000,2.700000,
-2.300000,2.700000,
-2.200000,2.700000,0.346410
-2.100000,2.700000,0.741620
-2.000000,2.700000,0.979796
-1.900000,2.700000,1.161895
-1.800000,2.700000,1.311488
-1.700000,2.700000,1.438749
-1.600000,2.700000,1.549193
-1.500000,2.700000,1.646208
-1.400000,2.700000,1.732051
-1.300000,2.700000,1.808314
-1.200000,2.700000,1.876166
-1.100000,2.700000,1.936492
-1.000000,2.700000,1.989975
-0.900000,2.700000,2.037155
-0.800000,2.700000,2.078461
-0.700000,2.700000,2.114237
-0.600000,2.700000,2.144761
-0.500000,2.700000,2.108195
-0.400000,2.700000,2.013992
-0.300000,2.700000,1.904744
-0.200000,2.700000,1.776050
-0.100000,2.700000,1.620142
0.000000,2.700000,1.420511
0.100000,2.700000,1.124028
0.200000,2.700000,-0.038011
0.300000,2.700000,-0.126765
0.400000,2.700000,-0.230376
0.500000,2.700000,-0.353138
0.600000,2.700000,-0.502657
0.700000,2.700000,-0.695168
0.800000,2.700000,-0.983597
0.900000,2.700000,
1.000000,2.700000,
1.100000,2.700000,
1.200000,2.700000,
1.300000,2.700000,
1.400000,2.700000,
1.500000,2.700000,
1.600000,2.700000,
1.700000,2.700000,
1.800000,2.700000,
1.900000,2.700000,
2.000000,2.700000,
2.100000,2.700000,-0.670732
2.200000,2.700000,
2.300000,2.700000,
2.400000,2.700000,
2.500000,2.700000,
2.600000,2.700000,
2.700000,2.700000,
2.800000,2.700000,
2.900000,2.700000,
3.000000,2.700000,
3.100000,2.700000,
3.200000,2.700000,
3.300000,2.700000,
3.400000,2.700000,
3.500000,2.700000,
-3.500000,2.800000,
-3.400000,2.800000,
-3.300000,2.800000,
-3.200000,2.800000,
-3.100000,2.800000,
-3.000000,2.800000,
-2.900000,2.800000,
-2.800000,2.800000,
-2.700000,2.800000,
-2.600000,2.800000,
-2.500000,2.800000,
-2.400000,2.800000,
-2.300000,2.800000,
-2.200000,2.800000,
-2.100000,2.800000,
-2.000000,2.800000,0.640312
-1.900000,2.800000,0.894427
-1.800000,2.800000,1.081665
-1.700000,2.800000,1.232883
-1.600000,2.800000,1.360147
-1.500000,2.800000,1.469694
-1.400000,2.800000,1.565248
-1.300000,2.800000,1.649242
-1.200000,2.800000,1.723369
-1.100000,2.800000,1.788854
-1.000000,2.800000,1.846619
-0.900000,2.800000,1.897367
-0.800000,2.800000,1.941649
-0.700000,2.800000,1.979899
-0.600000,2.800000,2.012461
-0.500000,2.800000,2.039608
-0.400000,2.800000,2.045619
-0.300000,2.800000,1.939070
-0.200000,2.800000,1.814203
-0.100000,2.800000,1.664222
0.000000,2.800000,1.475424
0.100000,2.800000,1.209294
0.200000,2.800000,-0.104451
0.300000,2.800000,-0.197996
0.400000,2.800000,-0.308189
0.500000,2.800000,-0.440595
0.600000,2.800000,-0.605902
0.700000,2.800000,-0.830910
0.800000,2.800000,-1.300171
0.900000,2.800000,
1.000000,2.800000,
1.100000,2.800000,
1.200000,2.800000,
1.300000,2.800000,
1.400000,2.800000,
1.500000,2.800000,
1.600000,2.800000,
1.700000,2.800000,
1.800000,2.800000,
1.900000,2.800000,
2.000000,2.800000,
2.100000,2.800000,
2.200000,2.800000,
2.300000,2.800000,
2.400000,2.800000,
2.500000,2.800000,
2.600000,2.800000,
2.700000,2.800000,
2.800000,2.800000,
2.900000,2.800000,
3.000000,2.800000,
3.100000,2.800000,
3.200000,2.800000,
3.300000,2.800000,
3.400000,2.800000,
3.500000,2.800000,
-3.500000,2.900000,
-3.400000,2.900000,
-3.300000,2.900000,
-3.200000,2.900000,
-3.100000,2.900000,
-3.000000,2.900000,
-2.900000,2.900000,
-2.800000,2.900000,
-2.700000,2.900000,
-2.600000,2.900000,
-2.500000,2.900000,
-2.400000,2.900000,
-2.300000,2.900000,
-2.200000,2.900000,
-2.100000,2.900000,
-2.000000,2.900000,
-1.900000,2.900000,0.479583
-1.800000,2.900000,0.774597
-1.700000,2.900000,0.974679
-1.600000,2.900000,1.131371
-1.500000,2.900000,1.260952
-1.400000,2.900000,1.371131
-1.300000,2.900000,1.466288
-1.200000,2.900000,1.549193
-1.100000,2.900000,1.621727
-1.000000,2.900000,1.685230
-0.900000,2.900000,1.740690
-0.800000,2.900000,1.788854
-0.700000,2.900000,1.830301
-0.600000,2.900000,1.865476
-0.500000,2.900000,1.894730
-0.400000,2.900000,1.918333
-0.300000,2.900000,1.936492
-0.200000,2.900000,1.842727
-0.100000,2.900000,1.696872
0.000000,2.900000,1.515292
0.100000,2.900000,1.266837
0.200000,2.900000,-0.182425
0.300000,2.900000,-0.282330
0.400000,2.900000,-0.401551
0.500000,2.900000,-0.547921
0.600000,2.900000,-0.738559
0.700000,2.900000,-1.033338
0.800000,2.900000,
0.900000,2.900000,
1.000000,2.900000,
1.100000,2.900000,
1.200000,2.900000,
1.300000,2.900000,
1.400000,2.900000,
1.500000,2.900000,
1.600000,2.900000,
1.700000,2.900000,
1.800000,2.900000,
1.900000,2.900000,
2.000000,2.900000,
2.100000,2.900000,
2.200000,2.900000,
2.300000,2.900000,
2.400000,2.900000,
2.500000,2.900000,
2.600000,2.900000,
2.700000,2.900000,
2.800000,2.900000,
2.900000,2.900000,
3.000000,2.900000,
3.100000,2.900000,
3.200000,2.900000,
3.300000,2.900000,
3.400000,2.900000,
3.500000,2.900000,
-3.500000,3.000000,
-3.400000,3.000000,
-3.300000,3.000000,
-3.200000,3.000000,
-3.100000,3.000000,
-3.000000,3.000000,
-2.900000,3.000000,
-2.800000,3.000000,
-2.700000,3.000000,
-2.600000,3.000000,
-2.500000,3.000000,
-2.400000,3.000000,
-2.300000,3.000000,
-2.200000,3.000000,
-2.100000,3.000000,
-2.000000,3.000000,
-1.900000,3.000000,
-1.800000,3.000000,0.100000
-1.700000,3.000000,0.600000
-1.600000,3.000000,0.830662
-1.500000,3.000000,1.000000
-1.400000,3.000000,1.135782
-1.300000,3.000000,1.249000
-1.200000,3.000000,1.345362
-1.100000,3.000000,1.428286
-1.000000,3.000000,1.500000
-0.900000,3.000000,1.562050
-0.800000,3.000000,1.615549
-0.700000,3.000000,1.661325
-0.600000,3.000000,1.700000
-0.500000,3.000000,1.732051
-0.400000,3.000000,1.757840
-0.300000,3.000000,1.777639
-0.200000,3.000000,1.791647
-0.100000,3.000000,1.719146
0.000000,3.000000,1.542152
0.100000,3.000000,1.304105
0.200000,3.000000,0.840492
0.300000,3.000000,-0.382938
0.400000,3.000000,-0.515232
0.500000,3.000000,-0.683680
0.600000,3.000000,-0.923389
0.700000,3.000000,
0.800000,3.000000,
0.900000,3.000000,
1.000000,3.000000,
1.100000,3.000000,
1.200000,3.000000,
1.300000,3.000000,
1.400000,3.000000,
1.500000,3.000000,
1.600000,3.000000,
1.700000,3.000000,
1.800000,3.000000,
1.900000,3.000000,
2.000000,3.000000,
2.100000,3.000000,
2.200000,3.000000,
2.300000,3.000000,
2.400000,3.000000,
2.500000,3.000000,
2.600000,3.000000,
2.700000,3.000000,
2.800000,3.000000,
2.900000,3.000000,
3.000000,3.000000,
3.100000,3.000000,
3.200000,3.000000,
3.300000,3.000000,
3.400000,3.000000,
3.500000,3.000000,
-3.500000,3.100000,
-3.400000,3.100000,
-3.300000,3.100000,
-3.200000,3.100000,
-3.100000,3.100000,
-3.000000,3.100000,
-2.900000,3.100000,
-2.800000,3.100000,
-2.700000,3.100000,
-2.600000,3.100000,
-2.500000,3.100000,
-2.400000,3.100000,
-2.300000,3.100000,
-2.200000,3.100000,
-2.100000,3.100000,
-2.000000,3.100000,
-1.900000,3.100000,
-1.800000,3.100000,
-1.700000,3.100000,
-1.600000,3.100000,0.282843
-1.500000,3.100000,0.624500
-1.400000,3.100000,0.824621
-1.300000,3.100000,0.974679
-1.200000,3.100000,1.095445
-1.100000,3.100000,1.195826
-1.000000,3.100000,1.280625
-0.900000,3.100000,1.352775
-0.800000,3.100000,1.414214
-0.700000,3.100000,1.466288
-0.600000,3.100000,1.509967
-0.500000,3.100000,1.545962
-0.400000,3.100000,1.574802
-0.300000,3.100000,1.596872
-0.200000,3.100000,1.612452
-0.100000,3.100000,1.621727
0.000000,3.100000,1.557170
0.100000,3.100000,1.324506
0.200000,3.100000,0.903068
0.300000,3.100000,-0.505138
0.400000,3.100000,-0.658199
0.500000,3.100000,-0.868253
0.600000,3.100000,-1.312997
0.700000,3.100000,
0.800000,3.100000,
0.900000,3.100000,
1.000000,3.100000,
1.100000,3.100000,
1.200000,3.100000,
1.300000,3.100000,
1.400000,3.100000,
1.500000,3.100000,
1.600000,3.100000,
1.700000,3.100000,
1.800000,3.100000,
1.900000,3.100000,
2.000000,3.100000,
2.100000,3.100000,
2.200000,3.100000,
2.300000,3.100000,
2.400000,3.100000,
2.500000,3.100000,
2.600000,3.100000,
2.700000,3.100000,
2.800000,3.100000,
2.900000,3.100000,
3.000000,3.100000,
3.100000,3.100000,
3.200000,3.100000,
3.300000,3.100000,
3.400000,3.100000,
3.500000,3.100000,
-3.500000,3.200000,
-3.400000,3.200000,
-3.300000,3.200000,
-3.200000,3.200000,
-3.100000,3.200000,
-3.000000,3.200000,
-2.900000,3.200000,
-2.800000,3.200000,
-2.700000,3.200000,
-2.600000,3.200000,
-2.500000,3.200000,
-2.400000,3.200000,
-2.300000,3.200000,
-2.200000,3.200000,
-2.100000,3.200000,
-2.000000,3.200000,
-1.900000,3.200000,
-1.800000,3.200000,
-1.700000,3.200000,
-1.600000,3.200000,
-1.500000,3.200000,
-1.400000,3.200000,0.223607
-1.300000,3.200000,0.565685
-1.200000,3.200000,0.754983
-1.100000,3.200000,0.894427
-1.000000,3.200000,1.004988
-0.900000,3.200000,1.095445
-0.800000,3.200000,1.170470
-0.700000,3.200000,1.232883
-0.600000,3.200000,1.284523
-0.500000,3.200000,1.326650
-0.400000,3.200000,1.360147
-0.300000,3.200000,1.385641
-0.200000,3.200000,1.403567
-0.100000,3.200000,1.414214
0.000000,3.200000,1.417745
0.100000,3.200000,1.329578
0.200000,3.200000,0.916536
0.300000,3.200000,-0.659180
0.400000,3.200000,-0.851922
0.500000,3.200000,-1.199721
0.600000,3.200000,
0.700000,3.200000,
0.800000,3.200000,
0.900000,3.200000,
1.000000,3.200000,
1.100000,3.200000,
1.200000,3.200000,
1.300000,3.200000,
1.400000,3.200000,
1.500000,3.200000,
1.600000,3.200000,
1.700000,3.200000,
1.800000,3.200000,
1.900000,3.200000,
2.000000,3.200000,
2.100000,3.200000,
2.200000,3.200000,
2.300000,3.200000,
2.400000,3.200000,
2.500000,3.200000,
2.600000,3.200000,
2.700000,3.200000,
2.800000,3.200000,
2.900000,3.200000,
3.000000,3.200000,
3.100000,3.200000,
3.200000,3.200000,
3.300000,3.200000,
3.400000,3.200000,
3.500000,3.200000,
-3.500000,3.300000,
-3.400000,3.300000,
-3.300000,3.300000,
-3.200000,3.300000,
-3.100000,3.300000,
-3.000000,3.300000,
-2.900000,3.300000,
-2.800000,3.300000,
-2.700000,3.300000,
-2.600000,3.300000,
-2.500000,3.300000,
-2.400000,3.300000,
-2.300000,3.300000,
-2.200000,3.300000,
-2.100000,3.300000,
-2.000000,3.300000,
-1.900000,3.300000,
-1.800000,3.300000,
-1.700000,3.300000,
-1.600000,3.300000,
-1.500000,3.300000,
-1.400000,3.300000,
-1.300000,3.300000,
-1.200000,3.300000,
-1.100000,3.300000,0.387298
-1.000000,3.300000,0.600000
-0.900000,3.300000,0.741620
-0.800000,3.300000,0.848528
-0.700000,3.300000,0.932738
-0.600000,3.300000,1.000000
-0.500000,3.300000,1.053565
-0.400000,3.300000,1.095445
-0.300000,3.300000,1.126943
-0.200000,3.300000,1.148913
-0.100000,3.300000,1.161895
0.000000,3.300000,1.166190
0.100000,3.300000,1.161895
0.200000,3.300000,0.889615
0.300000,3.300000,-0.870960
0.400000,3.300000,
0.500000,3.300000,
0.600000,3.300000,
0.700000,3.300000,
0.800000,3.300000,
0.900000,3.300000,
1.000000,3.300000,
1.100000,3.300000,
1.200000,3.300000,
1.300000,3.300000,
1.400000,3.300000,
1.500000,3.300000,
1.600000,3.300000,
1.700000,3.300000,
1.800000,3.300000,
1.900000,3.300000,
2.000000,3.300000,
2.100000,3.300000,
2.200000,3.300000,
2.300000,3.300000,
2.400000,3.300000,
2.500000,3.300000,
2.600000,3.300000,
2.700000,3.300000,
2.800000,3.300000,
2.900000,3.300000,
3.000000,3.300000,
3.100000,3.300000,
3.200000,3.300000,
3.300000,3.300000,
3.400000,3.300000,
3.500000,3.300000,
-3.500000,3.400000,
-3.400000,3.400000,
-3.300000,3.400000,
-3.200000,3.400000,
-3.100000,3.400000,
-3.000000,3.400000,
-2.900000,3.400000,
-2.800000,3.400000,
-2.700000,3.400000,
-2.600000,3.400000,
-2.500000,3.400000,
-2.400000,3.400000,
-2.300000,3.400000,
-2.200000,3.400000,
-2.100000,3.400000,
-2.000000,3.400000,
-1.900000,3.400000,
-1.800000,3.400000,
-1.700000,3.400000,
-1.600000,3.400000,
-1.500000,3.400000,
-1.400000,3.400000,
-1.300000,3.400000,
-1.200000,3.400000,
-1.100000,3.400000,
-1.000000,3.400000,
-0.900000,3.400000,
-0.800000,3.400000,0.223607
-0.700000,3.400000,0.447214
-0.600000,3.400000,0.574456
-0.500000,3.400000,0.663325
-0.400000,3.400000,0.728011
-0.300000,3.400000,0.774597
-0.200000,3.400000,0.806226
-0.100000,3.400000,0.824621
0.000000,3.400000,0.830662
0.100000,3.400000,0.824621
0.200000,3.400000,0.801123
0.300000,3.400000,
0.400000,3.400000,
0.500000,3.400000,
0.600000,3.400000,
0.700000,3.400000,
0.800000,3.400000,
0.900000,3.400000,
1.000000,3.400000,
1.100000,3.400000,
1.200000,3.400000,
1.300000,3.400000,
1.400000,3.400000,
1.500000,3.400000,
1.600000,3.400000,
1.700000,3.400000,
1.800000,3.400000,
1.900000,3.400000,
2.000000,3.400000,
2.100000,3.400000,
2.200000,3.400000,
2.300000,3.400000,
2.400000,3.400000,
2.500000,3.400000,
2.600000,3.400000,
2.700000,3.400000,
2.800000,3.400000,
2.900000,3.400000,
3.000000,3.400000,
3.100000,3.400000,
3.200000,3.400000,
3.300000,3.400000,
3.400000,3.400000,
3.500000,3.400000,
-3.500000,3.500000,
-3.400000,3.500000,
-3.300000,3.500000,
-3.200000,3.500000,
-3.100000,3.500000,
-3.000000,3.500000,
-2.900000,3.500000,
-2.800000,3.500000,
-2.700000,3.500000,
-2.600000,3.500000,
-2.500000,3.500000,
-2.400000,3.500000,
-2.300000,3.500000,
-2.200000,3.500000,
-2.100000,3.500000,
-2.000000,3.500000,
-1.900000,3.500000,
-1.800000,3.500000,
-1.700000,3.500000,
-1.600000,3.500000,
-1.500000,3.500000,
-1.400000,3.500000,
-1.300000,3.500000,
-1.200000,3.500000,
-1.100000,3.500000,
-1.000000,3.500000,
-0.900000,3.500000,
-0.800000,3.500000,
-0.700000,3.500000,
-0.600000,3.500000,
-0.500000,3.500000,
-0.400000,3.500000,
-0.300000,3.500000,
-0.200000,3.500000,
-0.100000,3.500000,
0.000000,3.500000,
0.100000,3.500000,
0.200000,3.500000,
0.300000,3.500000,
0.400000,3.500000,
0.500000,3.500000,
0.600000,3.500000,
0.700000,3.500000,
0.800000,3.500000,
0.900000,3.500000,
1.000000,3.500000,
1.100000,3.500000,
1.200000,3.500000,
1.300000,3.500000,
1.400000,3.500000,
1.500000,3.500000,
1.600000,3.500000,
1.700000,3.500000,
1.800000,3.500000,
1.900000,3.500000,
2.000000,3.500000,
2.100000,3.500000,
2.200000,3.500000,
2.300000,3.500000,
2.400000,3.500000,
2.500000,3.500000,
2.600000,3.500000,
2.700000,3.500000,
2.800000,3.500000,
2.900000,3.500000,
3.000000,3.500000,
3.100000,3.500000,
3.200000,3.500000,
3.300000,3.500000,
3.400000,3.500000,
3.500000,3.500000,
