x,y,z
-3.500000,-3.500000,
-3.400000,-3.500000,
-3.300000,-3.500000,
-3.200000,-3.500000,
-3.100000,-3.500000,
-3.000000,-3.500000,
-2.900000,-3.500000,
-2.800000,-3.500000,
-2.700000,-3.500000,
-2.600000,-3.500000,
-2.500000,-3.500000,
-2.400000,-3.500000,
-2.300000,-3.500000,
-2.200000,-3.500000,
-2.100000,-3.500000,
-2.000000,-3.500000,
-1.900000,-3.500000,
-1.800000,-3.500000,
-1.700000,-3.500000,
-1.600000,-3.500000,
-1.500000,-3.500000,
-1.400000,-3.500000,
-1.300000,-3.500000,
-1.200000,-3.500000,
-1.100000,-3.500000,
-1.000000,-3.500000,
-0.900000,-3.500000,
-0.800000,-3.500000,
-0.700000,-3.500000,
-0.600000,-3.500000,
-0.500000,-3.500000,
-0.400000,-3.500000,
-0.300000,-3.500000,
-0.200000,-3.500000,
-0.100000,-3.500000,
0.000000,-3.500000,0.000000
0.100000,-3.500000,
0.200000,-3.500000,
0.300000,-3.500000,
0.400000,-3.500000,
0.500000,-3.500000,
0.600000,-3.500000,
0.700000,-3.500000,
0.800000,-3.500000,
0.900000,-3.500000,
1.000000,-3.500000,
1.100000,-3.500000,
1.200000,-3.500000,
1.300000,-3.500000,
1.400000,-3.500000,
1.500000,-3.500000,
1.600000,-3.500000,
1.700000,-3.500000,
1.800000,-3.500000,
1.900000,-3.500000,
2.000000,-3.500000,
2.100000,-3.500000,
2.200000,-3.500000,
2.300000,-3.500000,
2.400000,-3.500000,
2.500000,-3.500000,
2.600000,-3.500000,
2.700000,-3.500000,
2.800000,-3.500000,
2.900000,-3.500000,
3.000000,-3.500000,
3.100000,-3.500000,
3.200000,-3.500000,
3.300000,-3.500000,
3.400000,-3.500000,
3.500000,-3.500000,
-3.500000,-3.400000,
-3.400000,-3.400000,
-3.300000,-3.400000,
-3.200000,-3.400000,
-3.100000,-3.400000,
-3.000000,-3.400000,
-2.900000,-3.400000,
-2.800000,-3.400000,
-2.700000,-3.400000,
-2.600000,-3.400000,
-2.500000,-3.400000,
-2.400000,-3.400000,
-2.300000,-3.400000,
-2.200000,-3.400000,
-2.100000,-3.400000,
-2.000000,-3.400000,
-1.900000,-3.400000,
-1.800000,-3.400000,
-1.700000,-3.400000,
-1.600000,-3.400000,
-1.500000,-3.400000,
-1.400000,-3.400000,
-1.300000,-3.400000,
-1.200000,-3.400000,
-1.100000,-3.400000,
-1.000000,-3.400000,
-0.900000,-3.400000,
-0.800000,-3.400000,
-0.700000,-3.400000,
-0.600000,-3.400000,
-0.500000,-3.400000,
-0.400000,-3.400000,
-0.300000,-3.400000,-0.673672
-0.200000,-3.400000,-0.566573
-0.100000,-3.400000,0.179627
0.000000,-3.400000,0.422354
0.100000,-3.400000,0.589910
0.200000,-3.400000,0.720438
0.300000,-3.400000,0.774597
0.400000,-3.400000,0.728011
0.500000,-3.400000,0.663325
0.600000,-3.400000,0.574456
0.700000,-3.400000,0.447214
0.800000,-3.400000,0.223607
0.900000,-3.400000,
1.000000,-3.400000,
1.100000,-3.400000,
1.200000,-3.400000,
1.300000,-3.400000,
1.400000,-3.400000,
1.500000,-3.400000,
1.600000,-3.400000,
1.700000,-3.400000,
1.800000,-3.400000,
1.900000,-3.400000,
2.000000,-3.400000,
2.100000,-3.400000,
2.200000,-3.400000,
2.300000,-3.400000,
2.400000,-3.400000,
2.500000,-3.400000,
2.600000,-3.400000,
2.700000,-3.400000,
2.800000,-3.400000,
2.900000,-3.400000,
3.000000,-3.400000,
3.100000,-3.400000,
3.200000,-3.400000,
3.300000,-3.400000,
3.400000,-3.400000,
3.500000,-3.400000,
-3.500000,-3.300000,
-3.400000,-3.300000,
-3.300000,-3.300000,
-3.200000,-3.300000,
-3.100000,-3.300000,
-3.000000,-3.300000,
-2.900000,-3.300000,
-2.800000,-3.300000,
-2.700000,-3.300000,
-2.600000,-3.300000,
-2.500000,-3.300000,
-2.400000,-3.300000,
-2.300000,-3.300000,
-2.200000,-3.300000,
-2.100000,-3.300000,
-2.000000,-3.300000,
-1.900000,-3.300000,
-1.800000,-3.300000,
-1.700000,-3.300000,
-1.600000,-3.300000,
-1.500000,-3.300000,
-1.400000,-3.300000,
-1.300000,-3.300000,
-1.200000,-3.300000,
-1.100000,-3.300000,
-1.000000,-3.300000,
-0.900000,-3.300000,
-0.800000,-3.300000,
-0.700000,-3.300000,
-0.600000,-3.300000,-0.960183
-0.500000,-3.300000,-0.764701
-0.400000,-3.300000,-0.622820
-0.300000,-3.300000,-0.511084
-0.200000,-3.300000,0.099701
-0.100000,-3.300000,0.387367
0.000000,-3.300000,0.573508
0.100000,-3.300000,0.716184
0.200000,-3.300000,0.832109
0.300000,-3.300000,0.928944
0.400000,-3.300000,1.010962
0.500000,-3.300000,1.053565
0.600000,-3.300000,1.000000
0.700000,-3.300000,0.932738
0.800000,-3.300000,0.848528
0.900000,-3.300000,0.741620
1.000000,-3.300000,0.600000
1.100000,-3.300000,0.387298
1.200000,-3.300000,
1.300000,-3.300000,
1.400000,-3.300000,
1.500000,-3.300000,
1.600000,-3.300000,
1.700000,-3.300000,
1.800000,-3.300000,
1.900000,-3.300000,
2.000000,-3.300000,
2.100000,-3.300000,
2.200000,-3.300000,
2.300000,-3.300000,
2.400000,-3.300000,
2.500000,-3.300000,
2.600000,-3.300000,
2.700000,-3.300000,
2.800000,-3.300000,
2.900000,-3.300000,
3.000000,-3.300000,
3.100000,-3.300000,
3.200000,-3.300000,
3.300000,-3.300000,
3.400000,-3.300000,
3.500000,-3.300000,
-3.500000,-3.200000,
-3.400000,-3.200000,
-3.300000,-3.200000,
-3.200000,-3.200000,
-3.100000,-3.200000,
-3.000000,-3.200000,
-2.900000,-3.200000,
-2.800000,-3.200000,
-2.700000,-3.200000,
-2.600000,-3.200000,
-2.500000,-3.200000,
-2.400000,-3.200000,
-2.300000,-3.200000,
-2.200000,-3.200000,
-2.100000,-3.200000,
-2.000000,-3.200000,
-1.900000,-3.200000,
-1.800000,-3.200000,
-1.700000,-3.200000,
-1.600000,-3.200000,
-1.500000,-3.200000,
-1.400000,-3.200000,
-1.300000,-3.200000,
-1.200000,-3.200000,
-1.100000,-3.200000,
-1.000000,-3.200000,
-0.900000,-3.200000,
-0.800000,-3.200000,
-0.700000,-3.200000,-0.954451
-0.600000,-3.200000,-0.747011
-0.500000,-3.200000,-0.596757
-0.400000,-3.200000,-0.478031
-0.300000,-3.200000,-0.082533
-0.200000,-3.200000,0.318406
-0.100000,-3.200000,0.532811
0.000000,-3.200000,0.691733
0.100000,-3.200000,0.819296
0.200000,-3.200000,0.925421
0.300000,-3.200000,1.015349
0.400000,-3.200000,1.092246
0.500000,-3.200000,1.158191
0.600000,-3.200000,1.214626
0.700000,-3.200000,1.232883
0.800000,-3.200000,1.170470
0.900000,-3.200000,1.095445
1.000000,-3.200000,1.004988
1.100000,-3.200000,0.894427
1.200000,-3.200000,0.754983
1.300000,-3.200000,0.565685
1.400000,-3.200000,0.223607
1.500000,-3.200000,
1.600000,-3.200000,
1.700000,-3.200000,
1.800000,-3.200000,
1.900000,-3.200000,
2.000000,-3.200000,
2.100000,-3.200000,
2.200000,-3.200000,
2.300000,-3.200000,
2.400000,-3.200000,
2.500000,-3.200000,
2.600000,-3.200000,
2.700000,-3.200000,
2.800000,-3.200000,
2.900000,-3.200000,
3.000000,-3.200000,
3.100000,-3.200000,
3.200000,-3.200000,
3.300000,-3.200000,
3.400000,-3.200000,
3.500000,-3.200000,
-3.500000,-3.100000,
-3.400000,-3.100000,
-3.300000,-3.100000,
-3.200000,-3.100000,
-3.100000,-3.100000,
-3.000000,-3.100000,
-2.900000,-3.100000,
-2.800000,-3.100000,
-2.700000,-3.100000,
-2.600000,-3.100000,
-2.500000,-3.100000,
-2.400000,-3.100000,
-2.300000,-3.100000,
-2.200000,-3.100000,
-2.100000,-3.100000,
-2.000000,-3.100000,
-1.900000,-3.100000,
-1.800000,-3.100000,
-1.700000,-3.100000,
-1.600000,-3.100000,
-1.500000,-3.100000,
-1.400000,-3.100000,
-1.300000,-3.100000,
-1.200000,-3.100000,
-1.100000,-3.100000,
-1.000000,-3.100000,
-0.900000,-3.100000,
-0.800000,-3.100000,-0.986674
-0.700000,-3.100000,-0.756307
-0.600000,-3.100000,-0.593331
-0.500000,-3.100000,-0.465251
-0.400000,-3.100000,-0.360195
-0.300000,-3.100000,0.201349
-0.200000,-3.100000,0.463889
-0.100000,-3.100000,0.645501
0.000000,-3.100000,0.787925
0.100000,-3.100000,0.905260
0.200000,-3.100000,1.004352
0.300000,-3.100000,1.089140
0.400000,-3.100000,1.162133
0.500000,-3.100000,1.225038
0.600000,-3.100000,1.279069
0.700000,-3.100000,1.325117
0.800000,-3.100000,1.363850
0.900000,-3.100000,1.352775
1.000000,-3.100000,1.280625
1.100000,-3.100000,1.195826
1.200000,-3.100000,1.095445
1.300000,-3.100000,0.974679
1.400000,-3.100000,0.824621
1.500000,-3.100000,0.624500
1.600000,-3.100000,0.282843
1.700000,-3.100000,
1.800000,-3.100000,
1.900000,-3.100000,
2.000000,-3.100000,
2.100000,-3.100000,
2.200000,-3.100000,
2.300000,-3.100000,
2.400000,-3.100000,
2.500000,-3.100000,
2.600000,-3.100000,
2.700000,-3.100000,
2.800000,-3.100000,
2.900000,-3.100000,
3.000000,-3.100000,
3.100000,-3.100000,
3.200000,-3.100000,
3.300000,-3.100000,
3.400000,-3.100000,
3.500000,-3.100000,
-3.500000,-3.000000,
-3.400000,-3.000000,
-3.300000,-3.000000,
-3.200000,-3.000000,
-3.100000,-3.000000,
-3.000000,-3.000000,
-2.900000,-3.000000,
-2.800000,-3.000000,
-2.700000,-3.000000,
-2.600000,-3.000000,
-2.500000,-3.000000,
-2.400000,-3.000000,
-2.300000,-3.000000,
-2.200000,-3.000000,
-2.100000,-3.000000,
-2.000000,-3.000000,
-1.900000,-3.000000,
-1.800000,-3.000000,
-1.700000,-3.000000,
-1.600000,-3.000000,
-1.500000,-3.000000,
-1.400000,-3.000000,
-1.300000,-3.000000,
-1.200000,-3.000000,
-1.100000,-3.000000,
-1.000000,-3.000000,
-0.900000,-3.000000,-1.065296
-0.800000,-3.000000,-0.793662
-0.700000,-3.000000,-0.612279
-0.600000,-3.000000,-0.471985
-0.500000,-3.000000,-0.357481
-0.400000,-3.000000,-0.020658
-0.300000,-3.000000,0.357788
-0.200000,-3.000000,0.573997
-0.100000,-3.000000,0.736293
0.000000,-3.000000,0.867593
0.100000,-3.000000,0.977571
0.200000,-3.000000,1.071407
0.300000,-3.000000,1.152256
0.400000,-3.000000,1.222205
0.500000,-3.000000,1.282708
0.600000,-3.000000,1.334821
0.700000,-3.000000,1.379332
0.800000,-3.000000,1.416834
0.900000,-3.000000,1.447783
1.000000,-3.000000,1.472523
1.100000,-3.000000,1.428286
1.200000,-3.000000,1.345362
1.300000,-3.000000,1.249000
1.400000,-3.000000,1.135782
1.500000,-3.000000,1.000000
1.600000,-3.000000,0.830662
1.700000,-3.000000,0.600000
1.800000,-3.000000,0.100000
1.900000,-3.000000,
2.000000,-3.000000,
2.100000,-3.000000,
2.200000,-3.000000,
2.300000,-3.000000,
2.400000,-3.000000,
2.500000,-3.000000,
2.600000,-3.000000,
2.700000,-3.000000,
2.800000,-3.000000,
2.900000,-3.000000,
3.000000,-3.000000,
3.100000,-3.000000,
3.200000,-3.000000,
3.300000,-3.000000,
3.400000,-3.000000,
3.500000,-3.000000,
-3.500000,-2.900000,
-3.400000,-2.900000,
-3.300000,-2.900000,
-3.200000,-2.900000,
-3.100000,-2.900000,
-3.000000,-2.900000,
-2.900000,-2.900000,
-2.800000,-2.900000,
-2.700000,-2.900000,
-2.600000,-2.900000,
-2.500000,-2.900000,
-2.400000,-2.900000,
-2.300000,-2.900000,
-2.200000,-2.900000,
-2.100000,-2.900000,
-2.000000,-2.900000,
-1.900000,-2.900000,
-1.800000,-2.900000,
-1.700000,-2.900000,
-1.600000,-2.900000,
-1.500000,-2.900000,
-1.400000,-2.900000,
-1.300000,-2.900000,
-1.200000,-2.900000,
-1.100000,-2.900000,
-1.000000,-2.900000,-1.228575
-0.900000,-2.900000,-0.864035
-0.800000,-2.900000,-0.655113
-0.700000,-2.900000,-0.498628
-0.600000,-2.900000,-0.372443
-0.500000,-2.900000,-0.267183
-0.400000,-2.900000,0.190444
-0.300000,-2.900000,0.470115
-0.200000,-2.900000,0.661105
-0.100000,-2.900000,0.810623
0.000000,-2.900000,0.933970
0.100000,-2.900000,1.038462
0.200000,-2.900000,1.128273
0.300000,-2.900000,1.206051
0.400000,-2.900000,1.273593
0.500000,-2.900000,1.332180
0.600000,-2.900000,1.382752
0.700000,-2.900000,1.426020
0.800000,-2.900000,1.462523
0.900000,-2.900000,1.492678
1.000000,-2.900000,1.516803
1.100000,-2.900000,1.535137
1.200000,-2.900000,1.547854
1.300000,-2.900000,1.466288
1.400000,-2.900000,1.371131
1.500000,-2.900000,1.260952
1.600000,-2.900000,1.131371
1.700000,-2.900000,0.974679
1.800000,-2.900000,0.774597
1.900000,-2.900000,0.479583
2.000000,-2.900000,
2.100000,-2.900000,
2.200000,-2.900000,
2.300000,-2.900000,
2.400000,-2.900000,
2.500000,-2.900000,
2.600000,-2.900000,
2.700000,-2.900000,
2.800000,-2.900000,
2.900000,-2.900000,
3.000000,-2.900000,
3.100000,-2.900000,
3.200000,-2.900000,
3.300000,-2.900000,
3.400000,-2.900000,
3.500000,-2.900000,
-3.500000,-2.800000,
-3.400000,-2.800000,
-3.300000,-2.800000,
-3.200000,-2.800000,
-3.100000,-2.800000,
-3.000000,-2.800000,
-2.900000,-2.800000,
-2.800000,-2.800000,
-2.700000,-2.800000,
-2.600000,-2.800000,
-2.500000,-2.800000,
-2.400000,-2.800000,
-2.300000,-2.800000,
-2.200000,-2.800000,
-2.100000,-2.800000,
-2.000000,-2.800000,
-1.900000,-2.800000,
-1.800000,-2.800000,
-1.700000,-2.800000,
-1.600000,-2.800000,
-1.500000,-2.800000,
-1.400000,-2.800000,
-1.300000,-2.800000,
-1.200000,-2.800000,
-1.100000,-2.800000,
-1.000000,-2.800000,-0.980796
-0.900000,-2.800000,-0.725811
-0.800000,-2.800000,-0.546857
-0.700000,-2.800000,-0.405808
-0.600000,-2.800000,-0.289294
-0.500000,-2.800000,-0.190725
-0.400000,-2.800000,0.317447
-0.300000,-2.800000,0.556099
-0.200000,-2.800000,0.731121
-0.100000,-2.800000,0.871656
0.000000,-2.800000,0.989129
0.100000,-2.800000,1.089446
0.200000,-2.800000,1.176136
0.300000,-2.800000,1.251500
0.400000,-2.800000,1.317132
0.500000,-2.800000,1.374186
0.600000,-2.800000,1.423519
0.700000,-2.800000,1.465781
0.800000,-2.800000,1.501474
0.900000,-2.800000,1.530985
1.000000,-2.800000,1.554608
1.100000,-2.800000,1.572570
1.200000,-2.800000,1.585033
1.300000,-2.800000,1.592105
1.400000,-2.800000,1.565248
1.500000,-2.800000,1.469694
1.600000,-2.800000,1.360147
1.700000,-2.800000,1.232883
1.800000,-2.800000,1.081665
1.900000,-2.800000,0.894427
2.000000,-2.800000,0.640312
2.100000,-2.800000,
2.200000,-2.800000,
2.300000,-2.800000,
2.400000,-2.800000,
2.500000,-2.800000,
2.600000,-2.800000,
2.700000,-2.800000,
2.800000,-2.800000,
2.900000,-2.800000,
3.000000,-2.800000,
3.100000,-2.800000,
3.200000,-2.800000,
3.300000,-2.800000,
3.400000,-2.800000,
3.500000,-2.800000,
-3.500000,-2.700000,
-3.400000,-2.700000,
-3.300000,-2.700000,
-3.200000,-2.700000,
-3.100000,-2.700000,
-3.000000,-2.700000,
-2.900000,-2.700000,
-2.800000,-2.700000,
-2.700000,-2.700000,
-2.600000,-2.700000,
-2.500000,-2.700000,
-2.400000,-2.700000,
-2.300000,-2.700000,
-2.200000,-2.700000,
-2.100000,-2.700000,
-2.000000,-2.700000,
-1.900000,-2.700000,
-1.800000,-2.700000,
-1.700000,-2.700000,
-1.600000,-2.700000,
-1.500000,-2.700000,
-1.400000,-2.700000,
-1.300000,-2.700000,
-1.200000,-2.700000,
-1.100000,-2.700000,-1.193681
-1.000000,-2.700000,-0.833236
-0.900000,-2.700000,-0.620231
-0.800000,-2.700000,-0.459354
-0.700000,-2.700000,-0.328837
-0.600000,-2.700000,-0.219331
-0.500000,-2.700000,0.056495
-0.400000,-2.700000,0.407930
-0.300000,-2.700000,0.623218
-0.200000,-2.700000,0.787384
-0.100000,-2.700000,0.921406
0.000000,-2.700000,1.034471
0.100000,-2.700000,1.131590
0.200000,-2.700000,1.215855
0.300000,-2.700000,1.289324
0.400000,-2.700000,1.353446
0.500000,-2.700000,1.409281
0.600000,-2.700000,1.457622
0.700000,-2.700000,1.499079
0.800000,-2.700000,1.534121
0.900000,-2.700000,1.563111
1.000000,-2.700000,1.586330
1.100000,-2.700000,1.603991
1.200000,-2.700000,1.616248
1.300000,-2.700000,1.623205
1.400000,-2.700000,1.624920
1.500000,-2.700000,1.621407
1.600000,-2.700000,1.549193
1.700000,-2.700000,1.438749
1.800000,-2.700000,1.311488
1.900000,-2.700000,1.161895
2.000000,-2.700000,0.979796
2.100000,-2.700000,0.741620
2.200000,-2.700000,0.346410
2.300000,-2.700000,
2.400000,-2.700000,
2.500000,-2.700000,
2.600000,-2.700000,
2.700000,-2.700000,
2.800000,-2.700000,
2.900000,-2.700000,
3.000000,-2.700000,
3.100000,-2.700000,
3.200000,-2.700000,
3.300000,-2.700000,
3.400000,-2.700000,
3.500000,-2.700000,
-3.500000,-2.600000,
-3.400000,-2.600000,
-3.300000,-2.600000,
-3.200000,-2.600000,
-3.100000,-2.600000,
-3.000000,-2.600000,
-2.900000,-2.600000,
-2.800000,-2.600000,
-2.700000,-2.600000,
-2.600000,-2.600000,
-2.500000,-2.600000,
-2.400000,-2.600000,
-2.300000,-2.600000,
-2.200000,-2.600000,
-2.100000,-2.600000,
-2.000000,-2.600000,
-1.900000,-2.600000,
-1.800000,-2.600000,
-1.700000,-2.600000,
-1.600000,-2.600000,
-1.500000,-2.600000,
-1.400000,-2.600000,
-1.300000,-2.600000,
-1.200000,-2.600000,
-1.100000,-2.600000,-1.000761
-1.000000,-2.600000,-0.725911
-0.900000,-2.600000,-0.536453
-0.800000,-2.600000,-0.387676
-0.700000,-2.600000,-0.264737
-0.600000,-2.600000,-0.160479
-0.500000,-2.600000,0.177135
-0.400000,-2.600000,0.474976
-0.300000,-2.600000,0.675416
-0.200000,-2.600000,0.831966
-0.100000,-2.600000,0.961219
0.000000,-2.600000,1.070979
0.100000,-2.600000,1.165664
0.200000,-2.600000,1.248062
0.300000,-2.600000,1.320061
0.400000,-2.600000,1.383005
0.500000,-2.600000,1.437884
0.600000,-2.600000,1.485447
0.700000,-2.600000,1.526269
0.800000,-2.600000,1.560795
0.900000,-2.600000,1.589374
1.000000,-2.600000,1.612272
1.100000,-2.600000,1.629695
1.200000,-2.600000,1.641788
1.300000,-2.600000,1.648654
1.400000,-2.600000,1.650347
1.500000,-2.600000,1.646880
1.600000,-2.600000,1.638226
1.700000,-2.600000,1.612452
1.800000,-2.600000,1.500000
1.900000,-2.600000,1.371131
2.000000,-2.600000,1.220656
2.100000,-2.600000,1.039230
2.200000,-2.600000,0.806226
2.300000,-2.600000,0.447214
2.400000,-2.600000,
2.500000,-2.600000,
2.600000,-2.600000,
2.700000,-2.600000,
2.800000,-2.600000,
2.900000,-2.600000,
3.000000,-2.600000,
3.100000,-2.600000,
3.200000,-2.600000,
3.300000,-2.600000,
3.400000,-2.600000,
3.500000,-2.600000,
-3.500000,-2.500000,
-3.400000,-2.500000,
-3.300000,-2.500000,
-3.200000,-2.500000,
-3.100000,-2.500000,
-3.000000,-2.500000,
-2.900000,-2.500000,
-2.800000,-2.500000,
-2.700000,-2.500000,
-2.600000,-2.500000,
-2.500000,-2.500000,
-2.400000,-2.500000,
-2.300000,-2.500000,
-2.200000,-2.500000,
-2.100000,-2.500000,
-2.000000,-2.500000,
-1.900000,-2.500000,
-1.800000,-2.500000,
-1.700000,-2.500000,
-1.600000,-2.500000,
-1.500000,-2.500000,
-1.400000,-2.500000,
-1.300000,-2.500000,
-1.200000,-2.500000,-1.390883
-1.100000,-2.500000,-0.880325
-1.000000,-2.500000,-0.643477
-0.900000,-2.500000,-0.469125
-0.800000,-2.500000,-0.328903
-0.700000,-2.500000,-0.211579
-0.600000,-2.500000,-0.111319
-0.500000,-2.500000,0.254345
-0.400000,-2.500000,0.524400
-0.300000,-2.500000,0.715024
-0.200000,-2.500000,0.866220
-0.100000,-2.500000,0.992022
0.000000,-2.500000,1.099350
0.100000,-2.500000,1.192222
0.200000,-2.500000,1.273220
0.300000,-2.500000,1.344111
0.400000,-2.500000,1.406163
0.500000,-2.500000,1.460316
0.600000,-2.500000,1.507285
0.700000,-2.500000,1.547621
0.800000,-2.500000,1.581754
0.900000,-2.500000,1.610017
1.000000,-2.500000,1.632670
1.100000,-2.500000,1.649909
1.200000,-2.500000,1.661877
1.300000,-2.500000,1.668672
1.400000,-2.500000,1.670347
1.500000,-2.500000,1.666916
1.600000,-2.500000,1.658351
1.700000,-2.500000,1.644584
1.800000,-2.500000,1.625503
1.900000,-2.500000,1.545962
2.000000,-2.500000,1.414214
2.100000,-2.500000,1.260952
2.200000,-2.500000,1.077033
2.300000,-2.500000,0.842615
2.400000,-2.500000,0.489898
2.500000,-2.500000,
2.600000,-2.500000,
2.700000,-2.500000,
2.800000,-2.500000,
2.900000,-2.500000,
3.000000,-2.500000,
3.100000,-2.500000,
3.200000,-2.500000,
3.300000,-2.500000,
3.400000,-2.500000,
3.500000,-2.500000,
-3.500000,-2.400000,
-3.400000,-2.400000,
-3.300000,-2.400000,
-3.200000,-2.400000,
-3.100000,-2.400000,
-3.000000,-2.400000,
-2.900000,-2.400000,
-2.800000,-2.400000,
-2.700000,-2.400000,
-2.600000,-2.400000,
-2.500000,-2.400000,
-2.400000,-2.400000,-0.629066
-2.300000,-2.400000,-0.756621
-2.200000,-2.400000,-0.936893
-2.100000,-2.400000,-1.399784
-2.000000,-2.400000,
-1.900000,-2.400000,
-1.800000,-2.400000,
-1.700000,-2.400000,
-1.600000,-2.400000,
-1.500000,-2.400000,
-1.400000,-2.400000,
-1.300000,-2.400000,
-1.200000,-2.400000,-1.142490
-1.100000,-2.400000,-0.793991
-1.000000,-2.400000,-0.579194
-0.900000,-2.400000,-0.415166
-0.800000,-2.400000,-0.281159
-0.700000,-2.400000,-0.168048
-0.600000,-2.400000,-0.070848
-0.500000,-2.400000,0.305292
-0.400000,-2.400000,0.559285
-0.300000,-2.400000,0.743490
-0.200000,-2.400000,0.891046
-0.100000,-2.400000,1.014455
0.000000,-2.400000,1.120075
0.100000,-2.400000,1.211666
0.200000,-2.400000,1.291668
0.300000,-2.400000,1.361767
0.400000,-2.400000,1.423179
0.500000,-2.400000,1.476810
0.600000,-2.400000,1.523352
0.700000,-2.400000,1.563338
0.800000,-2.400000,1.597187
0.900000,-2.400000,1.625222
1.000000,-2.400000,1.647697
1.100000,-2.400000,1.664803
1.200000,-2.400000,1.676681
1.300000,-2.400000,1.683425
1.400000,-2.400000,1.685088
1.500000,-2.400000,1.681682
1.600000,-2.400000,1.673182
1.700000,-2.400000,1.659520
1.800000,-2.400000,1.640586
1.900000,-2.400000,1.616225
2.000000,-2.400000,1.577973
2.100000,-2.400000,1.442221
2.200000,-2.400000,1.284523
2.300000,-2.400000,1.095445
2.400000,-2.400000,0.854400
2.500000,-2.400000,0.489898
2.600000,-2.400000,
2.700000,-2.400000,
2.800000,-2.400000,
2.900000,-2.400000,
3.000000,-2.400000,
3.100000,-2.400000,
3.200000,-2.400000,
3.300000,-2.400000,
3.400000,-2.400000,
3.500000,-2.400000,
-3.500000,-2.300000,
-3.400000,-2.300000,
-3.300000,-2.300000,
-3.200000,-2.300000,
-3.100000,-2.300000,
-3.000000,-2.300000,
-2.900000,-2.300000,
-2.800000,-2.300000,
-2.700000,-2.300000,
-2.600000,-2.300000,-0.301581
-2.500000,-2.300000,-0.367992
-2.400000,-2.300000,-0.449305
-2.300000,-2.300000,-0.549742
-2.200000,-2.300000,-0.677134
-2.100000,-2.300000,-0.849611
-2.000000,-2.300000,-1.144109
-1.900000,-2.300000,
-1.800000,-2.300000,
-1.700000,-2.300000,
-1.600000,-2.300000,
-1.500000,-2.300000,
-1.400000,-2.300000,
-1.300000,-2.300000,
-1.200000,-2.300000,-1.028285
-1.100000,-2.300000,-0.730131
-1.000000,-2.300000,-0.529429
-0.900000,-2.300000,-0.372648
-0.800000,-2.300000,-0.243182
-0.700000,-2.300000,-0.133221
-0.600000,-2.300000,-0.038342
-0.500000,-2.300000,0.336422
-0.400000,-2.300000,0.581382
-0.300000,-2.300000,0.761721
-0.200000,-2.300000,0.907030
-0.100000,-2.300000,1.028944
0.000000,-2.300000,1.133489
0.100000,-2.300000,1.224268
0.200000,-2.300000,1.303637
0.300000,-2.300000,1.373232
0.400000,-2.300000,1.434235
0.500000,-2.300000,1.487533
0.600000,-2.300000,1.533801
0.700000,-2.300000,1.573563
0.800000,-2.300000,1.607229
0.900000,-2.300000,1.635118
1.000000,-2.300000,1.657479
1.100000,-2.300000,1.674500
1.200000,-2.300000,1.686319
1.300000,-2.300000,1.693031
1.400000,-2.300000,1.694685
1.500000,-2.300000,1.691296
1.600000,-2.300000,1.682837
1.700000,-2.300000,1.669242
1.800000,-2.300000,1.650404
1.900000,-2.300000,1.626167
2.000000,-2.300000,1.596324
2.100000,-2.300000,1.560603
2.200000,-2.300000,1.456022
2.300000,-2.300000,1.292285
2.400000,-2.300000,1.095445
2.500000,-2.300000,0.842615
2.600000,-2.300000,0.447214
2.700000,-2.300000,
2.800000,-2.300000,
2.900000,-2.300000,
3.000000,-2.300000,
3.100000,-2.300000,
3.200000,-2.300000,
3.300000,-2.300000,
3.400000,-2.300000,
3.500000,-2.300000,
-3.500000,-2.200000,
-3.400000,-2.200000,
-3.300000,-2.200000,
-3.200000,-2.200000,
-3.100000,-2.200000,
-3.000000,-2.200000,
-2.900000,-2.200000,
-2.800000,-2.200000,
-2.700000,-2.200000,-0.127691
-2.600000,-2.200000,-0.176491
-2.500000,-2.200000,-0.235799
-2.400000,-2.200000,-0.307310
-2.300000,-2.200000,-0.393601
-2.200000,-2.200000,-0.498865
-2.100000,-2.200000,-0.630767
-2.000000,-2.200000,-0.806560
-1.900000,-2.200000,-1.092476
-1.800000,-2.200000,
-1.700000,-2.200000,
-1.600000,-2.200000,
-1.500000,-2.200000,
-1.400000,-2.200000,
-1.300000,-2.200000,
-1.200000,-2.200000,-0.955162
-1.100000,-2.200000,-0.683425
-1.000000,-2.200000,-0.492022
-0.900000,-2.200000,-0.340307
-0.800000,-2.200000,-0.214104
-0.700000,-2.200000,-0.106443
-0.600000,-2.200000,-0.013277
-0.500000,-2.200000,0.350636
-0.400000,-2.200000,0.591652
-0.300000,-2.200000,0.770245
-0.200000,-2.200000,0.914525
-0.100000,-2.200000,1.035750
0.000000,-2.200000,1.139797
0.100000,-2.200000,1.230199
0.200000,-2.200000,1.309274
0.300000,-2.200000,1.378633
0.400000,-2.200000,1.439446
0.500000,-2.200000,1.492588
0.600000,-2.200000,1.538728
0.700000,-2.200000,1.578386
0.800000,-2.200000,1.611966
0.900000,-2.200000,1.639786
1.000000,-2.200000,1.662094
1.100000,-2.200000,1.679075
1.200000,-2.200000,1.690867
1.300000,-2.200000,1.697563
1.400000,-2.200000,1.699214
1.500000,-2.200000,1.695833
1.600000,-2.200000,1.687393
1.700000,-2.200000,1.673830
1.800000,-2.200000,1.655036
1.900000,-2.200000,1.630857
2.000000,-2.200000,1.601088
2.100000,-2.200000,1.663726
2.200000,-2.200000,1.603122
2.300000,-2.200000,1.456022
2.400000,-2.200000,1.284523
2.500000,-2.200000,1.077033
2.600000,-2.200000,0.806226
2.700000,-2.200000,0.346410
2.800000,-2.200000,
2.900000,-2.200000,
3.000000,-2.200000,
3.100000,-2.200000,
3.200000,-2.200000,
3.300000,-2.200000,
3.400000,-2.200000,
3.500000,-2.200000,
-3.500000,-2.100000,
-3.400000,-2.100000,
-3.300000,-2.100000,
-3.200000,-2.100000,
-3.100000,-2.100000,
-3.000000,-2.100000,
-2.900000,-2.100000,
-2.800000,-2.100000,0.000000
-2.700000,-2.100000,-0.025365
-2.600000,-2.100000,-0.070428
-2.500000,-2.100000,-0.124828
-2.400000,-2.100000,-0.189812
-2.300000,-2.100000,-0.267187
-2.200000,-2.100000,-0.359690
-2.100000,-2.100000,-0.471793
-2.000000,-2.100000,-0.611719
-1.900000,-2.100000,-0.798311
-1.800000,-2.100000,-1.108689
-1.700000,-2.100000,
-1.600000,-2.100000,
-1.500000,-2.100000,
-1.400000,-2.100000,
-1.300000,-2.100000,
-1.200000,-2.100000,-0.907588
-1.100000,-2.100000,-0.651023
-1.000000,-2.100000,-0.465624
-0.900000,-2.100000,-0.317303
-0.800000,-2.100000,-0.193328
-0.700000,-2.100000,-0.087254
-0.600000,-2.100000,0.004720
-0.500000,-2.100000,0.349064
-0.400000,-2.100000,0.590511
-0.300000,-2.100000,0.769296
-0.200000,-2.100000,0.913690
-0.100000,-2.100000,1.034991
0.000000,-2.100000,1.139093
0.100000,-2.100000,1.229538
0.200000,-2.100000,1.308645
0.300000,-2.100000,1.378031
0.400000,-2.100000,1.438865
0.500000,-2.100000,1.492024
0.600000,-2.100000,1.538178
0.700000,-2.100000,1.577847
0.800000,-2.100000,1.611437
0.900000,-2.100000,1.639265
1.000000,-2.100000,1.661578
1.100000,-2.100000,1.678564
1.200000,-2.100000,1.690360
1.300000,-2.100000,1.697057
1.400000,-2.100000,1.698709
1.500000,-2.100000,1.695326
1.600000,-2.100000,1.686884
1.700000,-2.100000,1.673318
1.800000,-2.100000,1.654519
1.900000,-2.100000,1.630334
2.000000,-2.100000,1.631214
2.100000,-2.100000,1.787838
2.200000,-2.100000,1.732051
2.300000,-2.100000,1.596872
2.400000,-2.100000,1.442221
2.500000,-2.100000,1.260952
2.600000,-2.100000,1.039230
2.700000,-2.100000,0.741620
2.800000,-2.100000,
2.900000,-2.100000,
3.000000,-2.100000,
3.100000,-2.100000,
3.200000,-2.100000,
3.300000,-2.100000,
3.400000,-2.100000,
3.500000,-2.100000,
-3.500000,-2.000000,
-3.400000,-2.000000,
-3.300000,-2.000000,
-3.200000,-2.000000,
-3.100000,-2.000000,
-3.000000,-2.000000,
-2.900000,-2.000000,
-2.800000,-2.000000,0.348334
-2.700000,-2.000000,0.133459
-2.600000,-2.000000,0.020848
-2.500000,-2.000000,-0.029946
-2.400000,-2.000000,-0.090245
-2.300000,-2.000000,-0.161429
-2.200000,-2.000000,-0.245493
-2.100000,-2.000000,-0.345487
-2.000000,-2.000000,-0.466470
-1.900000,-2.000000,-0.618014
-1.800000,-2.000000,-0.823392
-1.700000,-2.000000,-1.208598
-1.600000,-2.000000,
-1.500000,-2.000000,
-1.400000,-2.000000,
-1.300000,-2.000000,
-1.200000,-2.000000,-0.879614
-1.100000,-2.000000,-0.631314
-1.000000,-2.000000,-0.449402
-0.900000,-2.000000,-0.303098
-0.800000,-2.000000,-0.180461
-0.700000,-2.000000,-0.075348
-0.600000,-2.000000,0.015902
-0.500000,-2.000000,0.331586
-0.400000,-2.000000,0.577912
-0.300000,-2.000000,0.758849
-0.200000,-2.000000,0.904507
-0.100000,-2.000000,1.026655
0.000000,-2.000000,1.131368
0.100000,-2.000000,1.222275
0.200000,-2.000000,1.301744
0.300000,-2.000000,1.371417
0.400000,-2.000000,1.432485
0.500000,-2.000000,1.485835
0.600000,-2.000000,1.532147
0.700000,-2.000000,1.571944
0.800000,-2.000000,1.605639
0.900000,-2.000000,1.633551
1.000000,-2.000000,1.655929
1.100000,-2.000000,1.672964
1.200000,-2.000000,1.684793
1.300000,-2.000000,1.691509
1.400000,-2.000000,1.693165
1.500000,-2.000000,1.689773
1.600000,-2.000000,1.681308
1.700000,-2.000000,1.667702
1.800000,-2.000000,1.648849
1.900000,-2.000000,1.624593
2.000000,-2.000000,1.748974
2.100000,-2.000000,1.888583
2.200000,-2.000000,1.846619
2.300000,-2.000000,1.720465
2.400000,-2.000000,1.577973
2.500000,-2.000000,1.414214
2.600000,-2.000000,1.220656
2.700000,-2.000000,0.979796
2.800000,-2.000000,0.640312
2.900000,-2.000000,
3.000000,-2.000000,
3.100000,-2.000000,
3.200000,-2.000000,
3.300000,-2.000000,
3.400000,-2.000000,
3.500000,-2.000000,
-3.500000,-1.900000,
-3.400000,-1.900000,
-3.300000,-1.900000,
-3.200000,-1.900000,
-3.100000,-1.900000,
-3.000000,-1.900000,
-2.900000,-1.900000,0.479583
-2.800000,-1.900000,0.467646
-2.700000,-1.900000,0.287856
-2.600000,-1.900000,0.100024
-2.500000,-1.900000,0.051986
-2.400000,-1.900000,-0.004791
-2.300000,-1.900000,-0.071419
-2.200000,-1.900000,-0.149460
-2.100000,-1.900000,-0.241201
-2.000000,-1.900000,-0.350198
-1.900000,-1.900000,-0.482521
-1.800000,-1.900000,-0.650282
-1.700000,-1.900000,-0.886580
-1.600000,-1.900000,
-1.500000,-1.900000,
-1.400000,-1.900000,
-1.300000,-1.900000,-1.421359
-1.200000,-1.900000,-0.868609
-1.100000,-1.900000,-0.623437
-1.000000,-1.900000,-0.442886
-0.900000,-1.900000,-0.297377
-0.800000,-1.900000,-0.175271
-0.700000,-1.900000,-0.070541
-0.600000,-1.900000,0.020420
-0.500000,-1.900000,0.296780
-0.400000,-1.900000,0.553343
-0.300000,-1.900000,0.738614
-0.200000,-1.900000,0.886781
-0.100000,-1.900000,1.010595
0.000000,-1.900000,1.116505
0.100000,-1.900000,1.208314
0.200000,-1.900000,1.288487
0.300000,-1.900000,1.358721
0.400000,-1.900000,1.420242
0.500000,-1.900000,1.473963
0.600000,-1.900000,1.520578
0.700000,-1.900000,1.560624
0.800000,-1.900000,1.594521
0.900000,-1.900000,1.622596
1.000000,-1.900000,1.645101
1.100000,-1.900000,1.662230
1.200000,-1.900000,1.674124
1.300000,-1.900000,1.680877
1.400000,-1.900000,1.682541
1.500000,-1.900000,1.679131
1.600000,-1.900000,1.670620
1.700000,-1.900000,1.656940
1.800000,-1.900000,1.637981
1.900000,-1.900000,1.685802
2.000000,-1.900000,1.843834
2.100000,-1.900000,1.972072
2.200000,-1.900000,1.949359
2.300000,-1.900000,1.830301
2.400000,-1.900000,1.697056
2.500000,-1.900000,1.545962
2.600000,-1.900000,1.371131
2.700000,-1.900000,1.161895
2.800000,-1.900000,0.894427
2.900000,-1.900000,0.479583
3.000000,-1.900000,
3.100000,-1.900000,
3.200000,-1.900000,
3.300000,-1.900000,
3.400000,-1.900000,
3.500000,-1.900000,
-3.500000,-1.800000,
-3.400000,-1.800000,
-3.300000,-1.800000,
-3.200000,-1.800000,
-3.100000,-1.800000,
-3.000000,-1.800000,0.100000
-2.900000,-1.800000,0.692799
-2.800000,-1.800000,0.563556
-2.700000,-1.800000,0.403952
-2.600000,-1.800000,0.192074
-2.500000,-1.800000,0.123046
-2.400000,-1.800000,0.069001
-2.300000,-1.800000,0.005853
-2.200000,-1.800000,-0.067684
-2.100000,-1.800000,-0.153435
-2.000000,-1.800000,-0.254117
-1.900000,-1.800000,-0.374080
-1.800000,-1.800000,-0.521106
-1.700000,-1.800000,-0.712122
-1.600000,-1.800000,-1.005403
-1.500000,-1.800000,
-1.400000,-1.800000,
-1.300000,-1.800000,
-1.200000,-1.800000,-0.873673
-1.100000,-1.800000,-0.627070
-1.000000,-1.800000,-0.445894
-0.900000,-1.800000,-0.300018
-0.800000,-1.800000,-0.177668
-0.700000,-1.800000,-0.072762
-0.600000,-1.800000,0.018333
-0.500000,-1.800000,0.241248
-0.400000,-1.800000,0.515708
-0.300000,-1.800000,0.707995
-0.200000,-1.800000,0.860116
-0.100000,-1.800000,0.986520
0.000000,-1.800000,1.094275
0.100000,-1.800000,1.187467
0.200000,-1.800000,1.268712
0.300000,-1.800000,1.339799
0.400000,-1.800000,1.402008
0.500000,-1.800000,1.456290
0.600000,-1.800000,1.503365
0.700000,-1.800000,1.543788
0.800000,-1.800000,1.577990
0.900000,-1.800000,1.606309
1.000000,-1.800000,1.629006
1.100000,-1.800000,1.646278
1.200000,-1.800000,1.658269
1.300000,-1.800000,1.665076
1.400000,-1.800000,1.666754
1.500000,-1.800000,1.663317
1.600000,-1.800000,1.654736
1.700000,-1.800000,1.640943
1.800000,-1.800000,1.639726
1.900000,-1.800000,1.776511
2.000000,-1.800000,1.921687
2.100000,-1.800000,2.041827
2.200000,-1.800000,2.042058
2.300000,-1.800000,1.928730
2.400000,-1.800000,1.802776
2.500000,-1.800000,1.661325
2.600000,-1.800000,1.500000
2.700000,-1.800000,1.311488
2.800000,-1.800000,1.081665
2.900000,-1.800000,0.774597
3.000000,-1.800000,0.100000
3.100000,-1.800000,
3.200000,-1.800000,
3.300000,-1.800000,
3.400000,-1.800000,
3.500000,-1.800000,
-3.500000,-1.700000,
-3.400000,-1.700000,
-3.300000,-1.700000,
-3.200000,-1.700000,
-3.100000,-1.700000,
-3.000000,-1.700000,0.600000
-2.900000,-1.700000,0.763154
-2.800000,-1.700000,0.642189
-2.700000,-1.700000,0.495802
-2.600000,-1.700000,0.309626
-2.500000,-1.700000,0.184689
-2.400000,-1.700000,0.132808
-2.300000,-1.700000,0.072382
-2.200000,-1.700000,0.002316
-2.100000,-1.700000,-0.078914
-2.000000,-1.700000,-0.173507
-1.900000,-1.700000,-0.284834
-1.800000,-1.700000,-0.418520
-1.700000,-1.700000,-0.585386
-1.600000,-1.700000,-0.812668
-1.500000,-1.700000,-1.295837
-1.400000,-1.700000,
-1.300000,-1.700000,-2.704386
-1.200000,-1.700000,-0.895212
-1.100000,-1.700000,-0.642361
-1.000000,-1.700000,-0.458509
-0.900000,-1.700000,-0.311079
-0.800000,-1.700000,-0.187694
-0.700000,-1.700000,-0.082043
-0.600000,-1.700000,0.009613
-0.500000,-1.700000,0.157324
-0.400000,-1.700000,0.463049
-0.300000,-1.700000,0.665995
-0.200000,-1.700000,0.823870
-0.100000,-1.700000,0.953965
0.000000,-1.700000,1.064313
0.100000,-1.700000,1.159434
0.200000,-1.700000,1.242167
0.300000,-1.700000,1.314431
0.400000,-1.700000,1.377588
0.500000,-1.700000,1.432640
0.600000,-1.700000,1.480344
0.700000,-1.700000,1.521280
0.800000,-1.700000,1.555900
0.900000,-1.700000,1.584553
1.000000,-1.700000,1.607510
1.100000,-1.700000,1.624976
1.200000,-1.700000,1.637099
1.300000,-1.700000,1.643981
1.400000,-1.700000,1.645678
1.500000,-1.700000,1.642203
1.600000,-1.700000,1.633528
1.700000,-1.700000,1.633703
1.800000,-1.700000,1.681381
1.900000,-1.700000,1.849784
2.000000,-1.700000,1.985925
2.100000,-1.700000,2.100082
2.200000,-1.700000,2.126029
2.300000,-1.700000,2.017424
2.400000,-1.700000,1.897367
2.500000,-1.700000,1.763519
2.600000,-1.700000,1.612452
2.700000,-1.700000,1.438749
2.800000,-1.700000,1.232883
2.900000,-1.700000,0.974679
3.000000,-1.700000,0.600000
3.100000,-1.700000,
3.200000,-1.700000,
3.300000,-1.700000,
3.400000,-1.700000,
3.500000,-1.700000,
-3.500000,-1.600000,
-3.400000,-1.600000,
-3.300000,-1.600000,
-3.200000,-1.600000,
-3.100000,-1.600000,0.282843
-3.000000,-1.600000,0.830662
-2.900000,-1.600000,0.821903
-2.800000,-1.600000,0.707042
-2.700000,-1.600000,0.569910
-2.600000,-1.600000,0.399924
-2.500000,-1.600000,0.237974
-2.400000,-1.600000,0.187825
-2.300000,-1.600000,0.129562
-2.200000,-1.600000,0.062222
-2.100000,-1.600000,-0.015511
-2.000000,-1.600000,-0.105495
-1.900000,-1.600000,-0.210486
-1.800000,-1.600000,-0.334878
-1.700000,-1.600000,-0.486485
-1.600000,-1.600000,-0.682147
-1.500000,-1.600000,-0.978226
-1.400000,-1.600000,-2.554709
-1.300000,-1.600000,-2.488177
-1.200000,-1.600000,-0.935123
-1.100000,-1.600000,-0.669956
-1.000000,-1.600000,-0.481091
-0.900000,-1.600000,-0.330799
-0.800000,-1.600000,-0.205526
-0.700000,-1.600000,-0.098525
-0.600000,-1.600000,-0.005855
-0.500000,-1.600000,0.075024
-0.400000,-1.600000,0.391891
-0.300000,-1.600000,0.611022
-0.200000,-1.600000,0.777067
-0.100000,-1.600000,0.912240
0.000000,-1.600000,1.026094
0.100000,-1.600000,1.123789
0.200000,-1.600000,1.208493
0.300000,-1.600000,1.282306
0.400000,-1.600000,1.346703
0.500000,-1.600000,1.402760
0.600000,-1.600000,1.451283
0.700000,-1.600000,1.492887
0.800000,-1.600000,1.528048
0.900000,-1.600000,1.557133
1.000000,-1.600000,1.580427
1.100000,-1.600000,1.598143
1.200000,-1.600000,1.610438
1.300000,-1.600000,1.617416
1.400000,-1.600000,1.619137
1.500000,-1.600000,1.615613
1.600000,-1.600000,1.616359
1.700000,-1.600000,1.659524
1.800000,-1.600000,1.751431
1.900000,-1.600000,1.909124
2.000000,-1.600000,2.038690
2.100000,-1.600000,2.148344
2.200000,-1.600000,2.202272
2.300000,-1.600000,2.097618
2.400000,-1.600000,1.982423
2.500000,-1.600000,1.854724
2.600000,-1.600000,1.711724
2.700000,-1.600000,1.549193
2.800000,-1.600000,1.360147
2.900000,-1.600000,1.131371
3.000000,-1.600000,0.830662
3.100000,-1.600000,0.282843
3.200000,-1.600000,
3.300000,-1.600000,
3.400000,-1.600000,
3.500000,-1.600000,
-3.500000,-1.500000,
-3.400000,-1.500000,
-3.300000,-1.500000,
-3.200000,-1.500000,
-3.100000,-1.500000,0.624500
-3.000000,-1.500000,0.965397
-2.900000,-1.500000,0.870584
-2.800000,-1.500000,0.760312
-2.700000,-1.500000,0.629901
-2.600000,-1.500000,0.470929
-2.500000,-1.500000,0.283691
-2.400000,-1.500000,0.234937
-2.300000,-1.500000,0.178404
-2.200000,-1.500000,0.113227
-2.100000,-1.500000,0.038236
-2.000000,-1.500000,-0.048189
-1.900000,-1.500000,-0.148398
-1.800000,-1.500000,-0.266011
-1.700000,-1.500000,-0.407141
-1.600000,-1.500000,-0.583768
-1.500000,-1.500000,-0.827386
-1.400000,-1.500000,-2.379224
-1.300000,-1.500000,-2.323493
-1.200000,-1.500000,-0.997805
-1.100000,-1.500000,-0.711153
-1.000000,-1.500000,-0.514326
-0.900000,-1.500000,-0.359627
-0.800000,-1.500000,-0.231494
-0.700000,-1.500000,-0.122469
-0.600000,-1.500000,-0.028285
-0.500000,-1.500000,0.053766
-0.400000,-1.500000,0.295519
-0.300000,-1.500000,0.540502
-0.200000,-1.500000,0.718237
-0.100000,-1.500000,0.860348
0.000000,-1.500000,0.978868
0.100000,-1.500000,1.079938
0.200000,-1.500000,1.167194
0.300000,-1.500000,1.242997
0.400000,-1.500000,1.308979
0.500000,-1.500000,1.366314
0.600000,-1.500000,1.415875
0.700000,-1.500000,1.458322
0.800000,-1.500000,1.494164
0.900000,-1.500000,1.523793
1.000000,-1.500000,1.547510
1.100000,-1.500000,1.565540
1.200000,-1.500000,1.578050
1.300000,-1.500000,1.585149
1.400000,-1.500000,1.586899
1.500000,-1.500000,1.587353
1.600000,-1.500000,1.636835
1.700000,-1.500000,1.679516
1.800000,-1.500000,1.806588
1.900000,-1.500000,1.956701
2.000000,-1.500000,2.081417
2.100000,-1.500000,2.187666
2.200000,-1.500000,2.271563
2.300000,-1.500000,2.170253
2.400000,-1.500000,2.059126
2.500000,-1.500000,1.936492
2.600000,-1.500000,1.800000
2.700000,-1.500000,1.646208
2.800000,-1.500000,1.469694
2.900000,-1.500000,1.260952
3.000000,-1.500000,1.000000
3.100000,-1.500000,0.624500
3.200000,-1.500000,
3.300000,-1.500000,
3.400000,-1.500000,
3.500000,-1.500000,
-3.500000,-1.400000,
-3.400000,-1.400000,
-3.300000,-1.400000,
-3.200000,-1.400000,0.223607
-3.100000,-1.400000,0.824621
-3.000000,-1.400000,1.113869
-2.900000,-1.400000,0.910269
-2.800000,-1.400000,0.803464
-2.700000,-1.400000,0.678008
-2.600000,-1.400000,0.526814
-2.500000,-1.400000,0.335344
-2.400000,-1.400000,0.274806
-2.300000,-1.400000,0.219658
-2.200000,-1.400000,0.156200
-2.100000,-1.400000,0.083370
-2.000000,-1.400000,-0.000283
-1.900000,-1.400000,-0.096828
-1.800000,-1.400000,-0.209374
-1.700000,-1.400000,-0.342978
-1.600000,-1.400000,-0.478294
-1.500000,-1.400000,-0.581464
-1.400000,-1.400000,-0.720575
-1.300000,-1.400000,-0.937224
-1.200000,-1.400000,-1.093781
-1.100000,-1.400000,-0.768260
-1.000000,-1.400000,-0.559348
-0.900000,-1.400000,-0.398284
-0.800000,-1.400000,-0.266115
-0.700000,-1.400000,-0.154272
-0.600000,-1.400000,-0.058004
-0.500000,-1.400000,0.025651
-0.400000,-1.400000,0.157921
-0.300000,-1.400000,0.449999
-0.200000,-1.400000,0.645110
-0.100000,-1.400000,0.796832
0.000000,-1.400000,0.921585
0.100000,-1.400000,1.027060
0.200000,-1.400000,1.117599
0.300000,-1.400000,1.195936
0.400000,-1.400000,1.263918
0.500000,-1.400000,1.322857
0.600000,-1.400000,1.373713
0.700000,-1.400000,1.417209
0.800000,-1.400000,1.453897
0.900000,-1.400000,1.484199
1.000000,-1.400000,1.508438
1.100000,-1.400000,1.526856
1.200000,-1.400000,1.539630
1.300000,-1.400000,1.546878
1.400000,-1.400000,1.548664
1.500000,-1.400000,1.602462
1.600000,-1.400000,1.651529
1.700000,-1.400000,1.693870
1.800000,-1.400000,1.849234
1.900000,-1.400000,1.993938
2.000000,-1.400000,2.115092
2.100000,-1.400000,2.218799
2.200000,-1.400000,2.308692
2.300000,-1.400000,2.236068
2.400000,-1.400000,2.128380
2.500000,-1.400000,2.009975
2.600000,-1.400000,1.878829
2.700000,-1.400000,1.732051
2.800000,-1.400000,1.565248
2.900000,-1.400000,1.371131
3.000000,-1.400000,1.135782
3.100000,-1.400000,0.824621
3.200000,-1.400000,0.223607
3.300000,-1.400000,
3.400000,-1.400000,
3.500000,-1.400000,
-3.500000,-1.300000,
-3.400000,-1.300000,
-3.300000,-1.300000,
-3.200000,-1.300000,0.565685
-3.100000,-1.300000,0.974679
-3.000000,-1.300000,1.249000
-2.900000,-1.300000,1.098986
-2.800000,-1.300000,0.837509
-2.700000,-1.300000,0.715690
-2.600000,-1.300000,0.570040
-2.500000,-1.300000,0.388379
-2.400000,-1.300000,0.307938
-2.300000,-1.300000,0.253890
-2.200000,-1.300000,0.191789
-2.100000,-1.300000,0.120655
-2.000000,-1.300000,0.039157
-1.900000,-1.300000,-0.054573
-1.800000,-1.300000,-0.163295
-1.700000,-1.300000,-0.229777
-1.600000,-1.300000,-0.295922
-1.500000,-1.300000,-0.377915
-1.400000,-1.300000,-0.480638
-1.300000,-1.300000,-0.613651
-1.200000,-1.300000,-0.801742
-1.100000,-1.300000,-0.845457
-1.000000,-1.300000,-0.617971
-0.900000,-1.300000,-0.447855
-0.800000,-1.300000,-0.310146
-0.700000,-1.300000,-0.194512
-0.600000,-1.300000,-0.095474
-0.500000,-1.300000,-0.009708
-0.400000,-1.300000,0.064975
-0.300000,-1.300000,0.330826
-0.200000,-1.300000,0.553976
-0.100000,-1.300000,0.719498
0.000000,-1.300000,0.852731
0.100000,-1.300000,0.964014
0.200000,-1.300000,1.058793
0.300000,-1.300000,1.140356
0.400000,-1.300000,1.210860
0.500000,-1.300000,1.271802
0.600000,-1.300000,1.324268
0.700000,-1.300000,1.369062
0.800000,-1.300000,1.406792
0.900000,-1.300000,1.437920
1.000000,-1.300000,1.462799
1.100000,-1.300000,1.481692
1.200000,-1.300000,1.494790
1.300000,-1.300000,1.502219
1.400000,-1.300000,1.555700
1.500000,-1.300000,1.611768
1.600000,-1.300000,1.660582
1.700000,-1.300000,1.707152
1.800000,-1.300000,1.880869
1.900000,-1.300000,2.021791
2.000000,-1.300000,2.140405
2.100000,-1.300000,2.242276
2.200000,-1.300000,2.330780
2.300000,-1.300000,2.295648
2.400000,-1.300000,2.190890
2.500000,-1.300000,2.076054
2.600000,-1.300000,1.949359
2.700000,-1.300000,1.808314
2.800000,-1.300000,1.649242
2.900000,-1.300000,1.466288
3.000000,-1.300000,1.249000
3.100000,-1.300000,0.974679
3.200000,-1.300000,0.565685
3.300000,-1.300000,
3.400000,-1.300000,
3.500000,-1.300000,
-3.500000,-1.200000,
-3.400000,-1.200000,
-3.300000,-1.200000,
-3.200000,-1.200000,0.754983
-3.100000,-1.200000,1.095445
-3.000000,-1.200000,1.345362
-2.900000,-1.200000,1.318198
-2.800000,-1.200000,1.035186
-2.700000,-1.200000,0.743927
-2.600000,-1.200000,0.602155
-2.500000,-1.200000,0.427092
-2.400000,-1.200000,0.334717
-2.300000,-1.200000,0.281524
-2.200000,-1.200000,0.220477
-2.100000,-1.200000,0.150652
-2.000000,-1.200000,0.070808
-1.900000,-1.200000,-0.008308
-1.800000,-1.200000,-0.045976
-1.700000,-1.200000,-0.093252
-1.600000,-1.200000,-0.151346
-1.500000,-1.200000,-0.222042
-1.400000,-1.200000,-0.308096
-1.300000,-1.200000,-0.414090
-1.200000,-1.200000,-0.548678
-1.100000,-1.200000,-0.732673
-1.000000,-1.200000,-0.693169
-0.900000,-1.200000,-0.509986
-0.800000,-1.200000,-0.364685
-0.700000,-1.200000,-0.244002
-0.600000,-1.200000,-0.141340
-0.500000,-1.200000,-0.052844
-0.400000,-1.200000,0.023960
-0.300000,-1.200000,0.160755
-0.200000,-1.200000,0.438097
-0.100000,-1.200000,0.624848
0.000000,-1.200000,0.770052
0.100000,-1.200000,0.889168
0.200000,-1.200000,0.989507
0.300000,-1.200000,1.075218
0.400000,-1.200000,1.148918
0.500000,-1.200000,1.212376
0.600000,-1.200000,1.266847
0.700000,-1.200000,1.313247
0.800000,-1.200000,1.352260
0.900000,-1.200000,1.384403
1.000000,-1.200000,1.410065
1.100000,-1.200000,1.429538
1.200000,-1.200000,1.443030
1.300000,-1.200000,1.495490
1.400000,-1.200000,1.559411
1.500000,-1.200000,1.615362
1.600000,-1.200000,1.664079
1.700000,-1.200000,1.732820
1.800000,-1.200000,1.902451
1.900000,-1.200000,2.040899
2.000000,-1.200000,2.157829
2.100000,-1.200000,2.258473
2.200000,-1.200000,2.346041
2.300000,-1.200000,2.349468
2.400000,-1.200000,2.247221
2.500000,-1.200000,2.135416
2.600000,-1.200000,2.012461
2.700000,-1.200000,1.876166
2.800000,-1.200000,1.723369
2.900000,-1.200000,1.549193
3.000000,-1.200000,1.345362
3.100000,-1.200000,1.095445
3.200000,-1.200000,0.754983
3.300000,-1.200000,
3.400000,-1.200000,
3.500000,-1.200000,
-3.500000,-1.100000,
-3.400000,-1.100000,
-3.300000,-1.100000,0.387298
-3.200000,-1.100000,0.894427
-3.100000,-1.100000,1.195826
-3.000000,-1.100000,1.428286
-2.900000,-1.100000,1.469691
-2.800000,-1.100000,1.260916
-2.700000,-1.100000,0.886186
-2.600000,-1.100000,0.624146
-2.500000,-1.100000,0.453305
-2.400000,-1.100000,0.355431
-2.300000,-1.100000,0.302883
-2.200000,-1.100000,0.242625
-2.100000,-1.100000,0.173778
-2.000000,-1.100000,0.125970
-1.900000,-1.100000,0.099286
-1.800000,-1.100000,0.064642
-1.700000,-1.100000,0.021399
-1.600000,-1.100000,-0.031335
-1.500000,-1.100000,-0.094833
-1.400000,-1.100000,-0.170945
-1.300000,-1.100000,-0.262506
-1.200000,-1.100000,-0.374206
-1.100000,-1.100000,-0.514848
-1.000000,-1.100000,-0.705411
-0.900000,-1.100000,-0.587251
-0.800000,-1.100000,-0.431348
-0.700000,-1.100000,-0.303895
-0.600000,-1.100000,-0.196490
-0.500000,-1.100000,-0.104481
-0.400000,-1.100000,-0.024977
-0.300000,-1.100000,0.043962
-0.200000,-1.100000,0.282627
-0.100000,-1.100000,0.506727
0.000000,-1.100000,0.669980
0.100000,-1.100000,0.800094
0.200000,-1.100000,0.907921
0.300000,-1.100000,0.999071
0.400000,-1.100000,1.076885
0.500000,-1.100000,1.143538
0.600000,-1.100000,1.200527
0.700000,-1.100000,1.248929
0.800000,-1.100000,1.289532
0.900000,-1.100000,1.322926
1.000000,-1.100000,1.349552
1.100000,-1.100000,1.369735
1.200000,-1.100000,1.420283
1.300000,-1.100000,1.493254
1.400000,-1.100000,1.557260
1.500000,-1.100000,1.613278
1.600000,-1.100000,1.662051
1.700000,-1.100000,1.747146
1.800000,-1.100000,1.914573
1.900000,-1.100000,2.051667
2.000000,-1.100000,2.167667
2.100000,-1.100000,2.267631
2.200000,-1.100000,2.354679
2.300000,-1.100000,2.397916
2.400000,-1.100000,2.297825
2.500000,-1.100000,2.188607
2.600000,-1.100000,2.068816
2.700000,-1.100000,1.936492
2.800000,-1.100000,1.788854
2.900000,-1.100000,1.621727
3.000000,-1.100000,1.428286
3.100000,-1.100000,1.195826
3.200000,-1.100000,0.894427
3.300000,-1.100000,0.387298
3.400000,-1.100000,
3.500000,-1.100000,
-3.500000,-1.000000,
-3.400000,-1.000000,
-3.300000,-1.000000,0.600000
-3.200000,-1.000000,1.004988
-3.100000,-1.000000,1.280625
-3.000000,-1.000000,1.500000
-2.900000,-1.000000,1.586779
-2.800000,-1.000000,1.410682
-2.700000,-1.000000,1.160171
-2.600000,-1.000000,0.636621
-2.500000,-1.000000,0.468079
-2.400000,-1.000000,0.370293
-2.300000,-1.000000,0.318197
-2.200000,-1.000000,0.258493
-2.100000,-1.000000,0.235305
-2.000000,-1.000000,0.217291
-1.900000,-1.000000,0.192267
-1.800000,-1.000000,0.159866
-1.700000,-1.000000,0.119576
-1.600000,-1.000000,0.070688
-1.500000,-1.000000,0.012225
-1.400000,-1.000000,-0.057188
-1.300000,-1.000000,-0.139555
-1.200000,-1.000000,-0.237953
-1.100000,-1.000000,-0.357512
-1.000000,-1.000000,-0.508042
-0.900000,-1.000000,-0.683962
-0.800000,-1.000000,-0.512597
-0.700000,-1.000000,-0.375857
-0.600000,-1.000000,-0.262169
-0.500000,-1.000000,-0.165609
-0.400000,-1.000000,-0.082661
-0.300000,-1.000000,-0.011041
-0.200000,-1.000000,0.050826
-0.100000,-1.000000,0.352301
0.000000,-1.000000,0.546290
0.100000,-1.000000,0.692927
0.200000,-1.000000,0.811305
0.300000,-1.000000,0.909821
0.400000,-1.000000,0.993063
0.500000,-1.000000,1.063850
0.600000,-1.000000,1.124057
0.700000,-1.000000,1.174988
0.800000,-1.000000,1.217585
0.900000,-1.000000,1.252538
1.000000,-1.000000,1.280358
1.100000,-1.000000,1.327789
1.200000,-1.000000,1.411539
1.300000,-1.000000,1.484901
1.400000,-1.000000,1.549222
1.500000,-1.000000,1.605497
1.600000,-1.000000,1.654481
1.700000,-1.000000,1.750650
1.800000,-1.000000,1.917546
1.900000,-1.000000,2.054311
2.000000,-1.000000,2.170086
2.100000,-1.000000,2.269883
2.200000,-1.000000,2.356805
2.300000,-1.000000,2.432925
2.400000,-1.000000,2.343075
2.500000,-1.000000,2.236068
2.600000,-1.000000,2.118962
2.700000,-1.000000,1.989975
2.800000,-1.000000,1.846619
2.900000,-1.000000,1.685230
3.000000,-1.000000,1.500000
3.100000,-1.000000,1.280625
3.200000,-1.000000,1.004988
3.300000,-1.000000,0.600000
3.400000,-1.000000,
3.500000,-1.000000,
-3.500000,-0.900000,
-3.400000,-0.900000,
-3.300000,-0.900000,0.741620
-3.200000,-0.900000,1.095445
-3.100000,-0.900000,1.352775
-3.000000,-0.900000,1.562050
-2.900000,-0.900000,1.681206
-2.800000,-0.900000,1.524257
-2.700000,-0.900000,1.317559
-2.600000,-0.900000,0.978532
-2.500000,-0.900000,0.471956
-2.400000,-0.900000,0.379449
-2.300000,-0.900000,0.329229
-2.200000,-0.900000,0.324815
-2.100000,-0.900000,0.314116
-2.000000,-0.900000,0.297004
-1.900000,-0.900000,0.273267
-1.800000,-0.900000,0.242595
-1.700000,-0.900000,0.204555
-1.600000,-0.900000,0.158565
-1.500000,-0.900000,0.103828
-1.400000,-0.900000,0.039254
-1.300000,-0.900000,-0.036692
-1.200000,-0.900000,-0.126260
-1.100000,-0.900000,-0.232950
-1.000000,-0.900000,-0.362735
-0.900000,-0.900000,-0.527521
-0.800000,-0.900000,-0.612451
-0.700000,-0.900000,-0.462408
-0.600000,-0.900000,-0.340172
-0.500000,-0.900000,-0.237610
-0.400000,-0.900000,-0.150215
-0.300000,-0.900000,-0.075184
-0.200000,-0.900000,-0.010642
-0.100000,-0.900000,0.122582
0.000000,-0.900000,0.386129
0.100000,-0.900000,0.560855
0.200000,-0.900000,0.695242
0.300000,-0.900000,0.804265
0.400000,-0.900000,0.894949
0.500000,-0.900000,0.971258
0.600000,-0.900000,1.035679
0.700000,-0.900000,1.089878
0.800000,-0.900000,1.135022
0.900000,-0.900000,1.171951
1.000000,-0.900000,1.214490
1.100000,-0.900000,1.311657
1.200000,-0.900000,1.396283
1.300000,-0.900000,1.470337
1.400000,-0.900000,1.535214
1.500000,-0.900000,1.591943
1.600000,-0.900000,1.641298
1.700000,-0.900000,1.743454
1.800000,-0.900000,1.911444
1.900000,-0.900000,2.048885
2.000000,-0.900000,2.165124
2.100000,-0.900000,2.265262
2.200000,-0.900000,2.352445
2.300000,-0.900000,2.428770
2.400000,-0.900000,2.383275
2.500000,-0.900000,2.278157
2.600000,-0.900000,2.163331
2.700000,-0.900000,2.037155
2.800000,-0.900000,1.897367
2.900000,-0.900000,1.740690
3.000000,-0.900000,1.562050
3.100000,-0.900000,1.352775
3.200000,-0.900000,1.095445
3.300000,-0.900000,0.741620
3.400000,-0.900000,
3.500000,-0.900000,
-3.500000,-0.800000,
-3.400000,-0.800000,0.223607
-3.300000,-0.800000,0.848528
-3.200000,-0.800000,1.170470
-3.100000,-0.800000,1.414214
-3.000000,-0.800000,1.615549
-2.900000,-0.800000,1.758758
-2.800000,-0.800000,1.614462
-2.700000,-0.800000,1.431868
-2.600000,-0.800000,1.172514
-2.500000,-0.800000,0.465075
-2.400000,-0.800000,0.395936
-2.300000,-0.800000,0.397680
-2.200000,-0.800000,0.393447
-2.100000,-0.800000,0.383190
-2.000000,-0.800000,0.366798
-1.900000,-0.800000,0.344083
-1.800000,-0.800000,0.314776
-1.700000,-0.800000,0.278503
-1.600000,-0.800000,0.234763
-1.500000,-0.800000,0.182886
-1.400000,-0.800000,0.121966
-1.300000,-0.800000,0.050760
-1.200000,-0.800000,-0.032498
-1.100000,-0.800000,-0.130430
-1.000000,-0.800000,-0.247212
-0.900000,-0.800000,-0.390264
-0.800000,-0.800000,-0.575473
-0.700000,-0.800000,-0.567622
-0.600000,-0.800000,-0.433209
-0.500000,-0.800000,-0.322484
-0.400000,-0.800000,-0.229218
-0.300000,-0.800000,-0.149775
-0.200000,-0.800000,-0.081824
-0.100000,-0.800000,-0.023771
0.000000,-0.800000,0.151381
0.100000,-0.800000,0.389491
0.200000,-0.800000,0.551721
0.300000,-0.800000,0.677073
0.400000,-0.800000,0.778613
0.500000,-0.800000,0.862655
0.600000,-0.800000,0.932813
0.700000,-0.800000,0.991373
0.800000,-0.800000,1.039867
0.900000,-0.800000,1.079366
1.000000,-0.800000,1.189542
1.100000,-0.800000,1.288398
1.200000,-0.800000,1.374318
1.300000,-0.800000,1.449390
1.400000,-0.800000,1.515085
1.500000,-0.800000,1.572478
1.600000,-0.800000,1.622376
1.700000,-0.800000,1.725305
1.800000,-0.800000,1.896114
1.900000,-0.800000,2.035280
2.000000,-0.800000,2.152700
2.100000,-0.800000,2.253702
2.200000,-0.800000,2.341544
2.300000,-0.800000,2.418388
2.400000,-0.800000,2.418677
2.500000,-0.800000,2.315167
2.600000,-0.800000,2.202272
2.700000,-0.800000,2.078461
2.800000,-0.800000,1.941649
2.900000,-0.800000,1.788854
3.000000,-0.800000,1.615549
3.100000,-0.800000,1.414214
3.200000,-0.800000,1.170470
3.300000,-0.800000,0.848528
3.400000,-0.800000,0.223607
3.500000,-0.800000,
-3.500000,-0.700000,
-3.400000,-0.700000,0.447214
-3.300000,-0.700000,0.932738
-3.200000,-0.700000,1.232883
-3.100000,-0.700000,1.466288
-3.000000,-0.700000,1.661325
-2.900000,-0.700000,1.822775
-2.800000,-0.700000,1.687391
-2.700000,-0.700000,1.520169
-2.600000,-0.700000,1.339516
-2.500000,-0.700000,1.123906
-2.400000,-0.700000,0.480322
-2.300000,-0.700000,0.469000
-2.200000,-0.700000,0.453600
-2.100000,-0.700000,0.443702
-2.000000,-0.700000,0.427891
-1.900000,-0.700000,0.406001
-1.800000,-0.700000,0.377791
-1.700000,-0.700000,0.342930
-1.600000,-0.700000,0.300977
-1.500000,-0.700000,0.251349
-1.400000,-0.700000,0.193269
-1.300000,-0.700000,0.125686
-1.200000,-0.700000,0.047148
-1.100000,-0.700000,-0.044439
-1.000000,-0.700000,-0.152258
-0.900000,-0.700000,-0.281568
-0.800000,-0.700000,-0.442301
-0.700000,-0.700000,-0.658484
-0.600000,-0.700000,-0.545689
-0.500000,-0.700000,-0.423285
-0.400000,-0.700000,-0.321980
-0.300000,-0.700000,-0.236670
-0.200000,-0.700000,-0.164276
-0.100000,-0.700000,-0.102782
0.000000,-0.700000,-0.050796
0.100000,-0.700000,0.133492
0.200000,-0.700000,0.362859
0.300000,-0.700000,0.518085
0.400000,-0.700000,0.637216
0.500000,-0.700000,0.732949
0.600000,-0.700000,0.811406
0.700000,-0.700000,0.876082
0.800000,-0.700000,0.929173
0.900000,-0.700000,1.038346
1.000000,-0.700000,1.156474
1.100000,-0.700000,1.257659
1.200000,-0.700000,1.345348
1.300000,-0.700000,1.421807
1.400000,-0.700000,1.488610
1.500000,-0.700000,1.546899
1.600000,-0.700000,1.597529
1.700000,-0.700000,1.695527
1.800000,-0.700000,1.871154
1.900000,-0.700000,2.013218
2.000000,-0.700000,2.132603
2.100000,-0.700000,2.235033
2.200000,-0.700000,2.323961
2.300000,-0.700000,2.401656
2.400000,-0.700000,2.449490
2.500000,-0.700000,2.347339
2.600000,-0.700000,2.236068
2.700000,-0.700000,2.114237
2.800000,-0.700000,1.979899
2.900000,-0.700000,1.830301
3.000000,-0.700000,1.661325
3.100000,-0.700000,1.466288
3.200000,-0.700000,1.232883
3.300000,-0.700000,0.932738
3.400000,-0.700000,0.447214
3.500000,-0.700000,
-3.500000,-0.600000,
-3.400000,-0.600000,0.574456
-3.300000,-0.600000,1.000000
-3.200000,-0.600000,1.284523
-3.100000,-0.600000,1.509967
-3.000000,-0.600000,1.700000
-2.900000,-0.600000,1.865476
-2.800000,-0.600000,1.767846
-2.700000,-0.600000,1.691043
-2.600000,-0.600000,1.594164
-2.500000,-0.600000,1.468379
-2.400000,-0.600000,1.291440
-2.300000,-0.600000,0.905801
-2.200000,-0.600000,0.697103
-2.100000,-0.600000,0.664455
-2.000000,-0.600000,0.617478
-1.900000,-0.600000,0.553297
-1.800000,-0.600000,0.466541
-1.700000,-0.600000,0.398934
-1.600000,-0.600000,0.358419
-1.500000,-0.600000,0.310587
-1.400000,-0.600000,0.254755
-1.300000,-0.600000,0.190008
-1.200000,-0.600000,0.115103
-1.100000,-0.600000,0.028293
-1.000000,-0.600000,-0.072995
-0.900000,-0.600000,-0.192810
-0.800000,-0.600000,-0.338221
-0.700000,-0.600000,-0.523910
-0.600000,-0.600000,-0.685673
-0.500000,-0.600000,-0.545067
-0.400000,-0.600000,-0.432096
-0.300000,-0.600000,-0.338637
-0.200000,-0.600000,-0.260252
-0.100000,-0.600000,-0.194215
0.000000,-0.600000,-0.138722
0.100000,-0.600000,-0.092520
0.200000,-0.600000,0.061852
0.300000,-0.600000,0.302194
0.400000,-0.600000,0.456639
0.500000,-0.600000,0.572666
0.600000,-0.600000,0.664402
0.700000,-0.600000,0.738371
0.800000,-0.600000,0.844868
0.900000,-0.600000,0.992194
1.000000,-0.600000,1.114648
1.100000,-0.600000,1.218933
1.200000,-0.600000,1.308956
1.300000,-0.600000,1.387229
1.400000,-0.600000,1.455473
1.500000,-0.600000,1.514925
1.600000,-0.600000,1.566499
1.700000,-0.600000,1.652885
1.800000,-0.600000,1.835861
1.900000,-0.600000,1.982221
2.000000,-0.600000,2.104474
2.100000,-0.600000,2.208970
2.200000,-0.600000,2.299458
2.300000,-0.600000,2.378370
2.400000,-0.600000,2.447382
2.500000,-0.600000,2.374868
2.600000,-0.600000,2.264950
2.700000,-0.600000,2.144761
2.800000,-0.600000,2.012461
2.900000,-0.600000,1.865476
3.000000,-0.600000,1.700000
3.100000,-0.600000,1.509967
3.200000,-0.600000,1.284523
3.300000,-0.600000,1.000000
3.400000,-0.600000,0.574456
3.500000,-0.600000,
-3.500000,-0.500000,
-3.400000,-0.500000,0.663325
-3.300000,-0.500000,1.053565
-3.200000,-0.500000,1.326650
-3.100000,-0.500000,1.545962
-3.000000,-0.500000,1.732051
-2.900000,-0.500000,1.894730
-2.800000,-0.500000,1.919747
-2.700000,-0.500000,1.854201
-2.600000,-0.500000,1.773902
-2.500000,-0.500000,1.674739
-2.400000,-0.500000,1.549137
-2.300000,-0.500000,1.379807
-2.200000,-0.500000,1.097283
-2.100000,-0.500000,0.855822
-2.000000,-0.500000,0.818198
-1.900000,-0.500000,0.768193
-1.800000,-0.500000,0.703628
-1.700000,-0.500000,0.620841
-1.600000,-0.500000,0.513018
-1.500000,-0.500000,0.364585
-1.400000,-0.500000,0.307568
-1.300000,-0.500000,0.245069
-1.200000,-0.500000,0.173011
-1.100000,-0.500000,0.089884
-1.000000,-0.500000,-0.006484
-0.900000,-0.500000,-0.119395
-0.800000,-0.500000,-0.254313
-0.700000,-0.500000,-0.421589
-0.600000,-0.500000,-0.646472
-0.500000,-0.500000,-0.697376
-0.400000,-0.500000,-0.565712
-0.300000,-0.500000,-0.460121
-0.200000,-0.500000,-0.373219
-0.100000,-0.500000,-0.300920
0.000000,-0.500000,-0.240699
0.100000,-0.500000,-0.190881
0.200000,-0.500000,-0.150310
0.300000,-0.500000,-0.118168
0.400000,-0.500000,0.194870
0.500000,-0.500000,0.359530
0.600000,-0.500000,0.477212
0.700000,-0.500000,0.575947
0.800000,-0.500000,0.778497
0.900000,-0.500000,0.934894
1.000000,-0.500000,1.063157
1.100000,-0.500000,1.171519
1.200000,-0.500000,1.264567
1.300000,-0.500000,1.345169
1.400000,-0.500000,1.415251
1.500000,-0.500000,1.476176
1.600000,-0.500000,1.528943
1.700000,-0.500000,1.595277
1.800000,-0.500000,1.789113
1.900000,-0.500000,1.941552
2.000000,-0.500000,2.067775
2.100000,-0.500000,2.175089
2.200000,-0.500000,2.267686
2.300000,-0.500000,2.348232
2.400000,-0.500000,2.418540
2.500000,-0.500000,2.397916
2.600000,-0.500000,2.289105
2.700000,-0.500000,2.170253
2.800000,-0.500000,2.039608
2.900000,-0.500000,1.894730
3.000000,-0.500000,1.732051
3.100000,-0.500000,1.545962
3.200000,-0.500000,1.326650
3.300000,-0.500000,1.053565
3.400000,-0.500000,0.663325
3.500000,-0.500000,
-3.500000,-0.400000,
-3.400000,-0.400000,0.728011
-3.300000,-0.400000,1.095445
-3.200000,-0.400000,1.360147
-3.100000,-0.400000,1.574802
-3.000000,-0.400000,1.757840
-2.900000,-0.400000,1.918333
-2.800000,-0.400000,2.045107
-2.700000,-0.400000,1.986579
-2.600000,-0.400000,1.915953
-2.500000,-0.400000,1.830716
-2.400000,-0.400000,1.726792
-2.300000,-0.400000,1.596790
-2.200000,-0.400000,1.424312
-2.100000,-0.400000,1.149509
-2.000000,-0.400000,0.974982
-1.900000,-0.400000,0.932261
-1.800000,-0.400000,0.878076
-1.700000,-0.400000,0.810483
-1.600000,-0.400000,0.726378
-1.500000,-0.400000,0.620353
-1.400000,-0.400000,0.481421
-1.300000,-0.400000,0.291846
-1.200000,-0.400000,0.222038
-1.100000,-0.400000,0.141786
-1.000000,-0.400000,0.049195
-0.900000,-0.400000,-0.058545
-0.800000,-0.400000,-0.185913
-0.700000,-0.400000,-0.340886
-0.600000,-0.400000,-0.540692
-0.500000,-0.400000,-0.621218
-0.400000,-0.400000,-0.674528
-0.300000,-0.400000,-0.609108
-0.200000,-0.400000,-0.508994
-0.100000,-0.400000,-0.427465
0.000000,-0.400000,-0.360509
0.100000,-0.400000,-0.305664
0.200000,-0.400000,-0.261314
0.300000,-0.400000,-0.226358
0.400000,-0.400000,-0.200036
0.500000,-0.400000,-0.008269
0.600000,-0.400000,0.206217
0.700000,-0.400000,0.465741
0.800000,-0.400000,0.695204
0.900000,-0.400000,0.864554
1.000000,-0.400000,1.000701
1.100000,-0.400000,1.114436
1.200000,-0.400000,1.211399
1.300000,-0.400000,1.294975
1.400000,-0.400000,1.367380
1.500000,-0.400000,1.430155
1.600000,-0.400000,1.484410
1.700000,-0.400000,1.530971
1.800000,-0.400000,1.729159
1.900000,-0.400000,1.890117
2.000000,-0.400000,2.021723
2.100000,-0.400000,2.132788
2.200000,-0.400000,2.228156
2.300000,-0.400000,2.310828
2.400000,-0.400000,2.382813
2.500000,-0.400000,2.416609
2.600000,-0.400000,2.308679
2.700000,-0.400000,2.190890
2.800000,-0.400000,2.061553
2.900000,-0.400000,1.918333
3.000000,-0.400000,1.757840
3.100000,-0.400000,1.574802
3.200000,-0.400000,1.360147
3.300000,-0.400000,1.095445
3.400000,-0.400000,0.728011
3.500000,-0.400000,
-3.500000,-0.300000,
-3.400000,-0.300000,0.774597
-3.300000,-0.300000,1.126943
-3.200000,-0.300000,1.385641
-3.100000,-0.300000,1.596872
-3.000000,-0.300000,1.777639
-2.900000,-0.300000,1.936492
-2.800000,-0.300000,2.078461
-2.700000,-0.300000,2.097721
-2.600000,-0.300000,2.033540
-2.500000,-0.300000,1.957091
-2.400000,-0.300000,1.865708
-2.300000,-0.300000,1.755059
-2.200000,-0.300000,1.617237
-2.100000,-0.300000,1.434441
-2.000000,-0.300000,1.138204
-1.900000,-0.300000,1.066289
-1.800000,-0.300000,1.018349
-1.700000,-0.300000,0.959354
-1.600000,-0.300000,0.887417
-1.500000,-0.300000,0.799593
-1.400000,-0.300000,0.690904
-1.300000,-0.300000,0.551688
-1.200000,-0.300000,0.357300
-1.100000,-0.300000,0.185032
-1.000000,-0.300000,0.095362
-0.900000,-0.300000,-0.008452
-0.800000,-0.300000,-0.130242
-0.700000,-0.300000,-0.276554
-0.600000,-0.300000,-0.460464
-0.500000,-0.300000,-0.551682
-0.400000,-0.300000,-0.602524
-0.300000,-0.300000,-0.662058
-0.200000,-0.300000,-0.678876
-0.100000,-0.300000,-0.582057
0.000000,-0.300000,-0.504600
0.100000,-0.300000,-0.442225
0.200000,-0.300000,-0.392371
0.300000,-0.300000,-0.353397
0.400000,-0.300000,-0.324216
0.500000,-0.300000,-0.299847
0.600000,-0.300000,-0.262659
0.700000,-0.300000,0.309408
0.800000,-0.300000,0.589275
0.900000,-0.300000,0.778208
1.000000,-0.300000,0.925367
1.100000,-0.300000,1.046301
1.200000,-0.300000,1.148371
1.300000,-0.300000,1.235760
1.400000,-0.300000,1.311108
1.500000,-0.300000,1.376202
1.600000,-0.300000,1.432311
1.700000,-0.300000,1.480363
1.800000,-0.300000,1.653176
1.900000,-0.300000,1.826277
2.000000,-0.300000,1.965199
2.100000,-0.300000,2.081223
2.200000,-0.300000,2.180193
2.300000,-0.300000,2.265598
2.400000,-0.300000,2.339717
2.500000,-0.300000,2.404128
2.600000,-0.300000,2.323790
2.700000,-0.300000,2.206808
2.800000,-0.300000,2.078461
2.900000,-0.300000,1.936492
3.000000,-0.300000,1.777639
3.100000,-0.300000,1.596872
3.200000,-0.300000,1.385641
3.300000,-0.300000,1.126943
3.400000,-0.300000,0.774597
3.500000,-0.300000,
-3.500000,-0.200000,
-3.400000,-0.200000,0.806226
-3.300000,-0.200000,1.148913
-3.200000,-0.200000,1.403567
-3.100000,-0.200000,1.612452
-3.000000,-0.200000,1.791647
-2.900000,-0.200000,1.949359
-2.800000,-0.200000,2.090454
-2.700000,-0.200000,2.192766
-2.600000,-0.200000,2.133211
-2.500000,-0.200000,2.062869
-2.400000,-0.200000,1.979795
-2.300000,-0.200000,1.881023
-2.200000,-0.200000,1.761666
-2.100000,-0.200000,1.612566
-2.000000,-0.200000,1.411938
-1.900000,-0.200000,1.179408
-1.800000,-0.200000,1.135701
-1.700000,-0.200000,1.082349
-1.600000,-0.200000,1.018027
-1.500000,-0.200000,0.940793
-1.400000,-0.200000,0.847645
-1.300000,-0.200000,0.733551
-1.200000,-0.200000,0.588839
-1.100000,-0.200000,0.389301
-1.000000,-0.200000,0.132950
-0.900000,-0.200000,0.032121
-0.800000,-0.200000,-0.085515
-0.700000,-0.200000,-0.225584
-0.600000,-0.200000,-0.398755
-0.500000,-0.200000,-0.491311
-0.400000,-0.200000,-0.540191
-0.300000,-0.200000,-0.597262
-0.200000,-0.200000,-0.663497
-0.100000,-0.200000,-0.714246
0.000000,-0.200000,-0.625221
0.100000,-0.200000,-0.547658
0.200000,-0.200000,-0.479915
0.300000,-0.200000,-0.420807
0.400000,-0.200000,-0.369453
0.500000,-0.200000,-0.325182
0.600000,-0.200000,-0.283068
0.700000,-0.200000,-0.000842
0.800000,-0.200000,0.448767
0.900000,-0.200000,0.670805
1.000000,-0.200000,0.834196
1.100000,-0.200000,0.965083
1.200000,-0.200000,1.073958
1.300000,-0.200000,1.166305
1.400000,-0.200000,1.245415
1.500000,-0.200000,1.313439
1.600000,-0.200000,1.371867
1.700000,-0.200000,1.421771
1.800000,-0.200000,1.556264
1.900000,-0.200000,1.747494
2.000000,-0.200000,1.896564
2.100000,-0.200000,2.019209
2.200000,-0.200000,2.122873
2.300000,-0.200000,2.211783
2.400000,-0.200000,2.288607
2.500000,-0.200000,2.355154
2.600000,-0.200000,2.334524
2.700000,-0.200000,2.218107
2.800000,-0.200000,2.090454
2.900000,-0.200000,1.949359
3.000000,-0.200000,1.791647
3.100000,-0.200000,1.612452
3.200000,-0.200000,1.403567
3.300000,-0.200000,1.148913
3.400000,-0.200000,0.806226
3.500000,-0.200000,
-3.500000,-0.100000,
-3.400000,-0.100000,0.824621
-3.300000,-0.100000,1.161895
-3.200000,-0.100000,1.414214
-3.100000,-0.100000,1.621727
-3.000000,-0.100000,1.800000
-2.900000,-0.100000,1.957039
-2.800000,-0.100000,2.097618
-2.700000,-0.100000,2.224860
-2.600000,-0.100000,2.218780
-2.500000,-0.100000,2.152936
-2.400000,-0.100000,2.075797
-2.300000,-0.100000,1.985137
-2.200000,-0.100000,1.877510
-2.100000,-0.100000,1.747073
-2.000000,-0.100000,1.582322
-1.900000,-0.100000,1.352741
-1.800000,-0.100000,1.235978
-1.700000,-0.100000,1.186641
-1.600000,-0.100000,1.127591
-1.500000,-0.100000,1.057400
-1.400000,-0.100000,0.973978
-1.300000,-0.100000,0.874090
-1.200000,-0.100000,0.752270
-1.100000,-0.100000,0.597842
-1.000000,-0.100000,0.383064
-0.900000,-0.100000,0.064037
-0.800000,-0.100000,-0.050534
-0.700000,-0.100000,-0.186102
-0.600000,-0.100000,-0.351853
-0.500000,-0.100000,-0.439107
-0.400000,-0.100000,-0.486410
-0.300000,-0.100000,-0.541518
-0.200000,-0.100000,-0.605290
-0.100000,-0.100000,-0.678888
0.000000,-0.100000,-0.663145
0.100000,-0.100000,-0.583648
0.200000,-0.100000,-0.514372
0.300000,-0.100000,-0.454031
0.400000,-0.100000,-0.401676
0.500000,-0.100000,-0.356589
0.600000,-0.100000,-0.295380
0.700000,-0.100000,-0.137641
0.800000,-0.100000,0.237533
0.900000,-0.100000,0.532440
1.000000,-0.100000,0.722222
1.100000,-0.100000,0.867648
1.200000,-0.100000,0.985921
1.300000,-0.100000,1.084882
1.400000,-0.100000,1.168893
1.500000,-0.100000,1.240672
1.600000,-0.100000,1.302036
1.700000,-0.100000,1.354262
1.800000,-0.100000,1.428616
1.900000,-0.100000,1.649555
2.000000,-0.100000,1.813330
2.100000,-0.100000,1.945029
2.200000,-0.100000,2.054901
2.300000,-0.100000,2.148344
2.400000,-0.100000,2.228615
2.500000,-0.100000,2.297853
2.600000,-0.100000,2.340940
2.700000,-0.100000,2.224860
2.800000,-0.100000,2.097618
2.900000,-0.100000,1.957039
3.000000,-0.100000,1.800000
3.100000,-0.100000,1.621727
3.200000,-0.100000,1.414214
3.300000,-0.100000,1.161895
3.400000,-0.100000,0.824621
3.500000,-0.100000,
-3.500000,0.000000,0.000000
-3.400000,0.000000,0.830662
-3.300000,0.000000,1.166190
-3.200000,0.000000,1.417745
-3.100000,0.000000,1.624808
-3.000000,0.000000,1.802776
-2.900000,0.000000,1.959592
-2.800000,0.000000,2.100000
-2.700000,0.000000,2.227106
-2.600000,0.000000,2.292695
-2.500000,0.000000,2.230287
-2.400000,0.000000,2.157590
-2.300000,0.000000,2.072826
-2.200000,0.000000,1.973356
-2.100000,0.000000,1.854978
-2.000000,0.000000,1.710246
-1.900000,0.000000,1.523246
-1.800000,0.000000,1.322678
-1.700000,0.000000,1.276348
-1.600000,0.000000,1.221173
-1.500000,0.000000,1.156030
-1.400000,0.000000,1.079333
-1.300000,0.000000,0.988744
-1.200000,0.000000,0.880598
-1.100000,0.000000,0.748563
-1.000000,0.000000,0.579741
-0.900000,0.000000,0.337114
-0.800000,0.000000,-0.024482
-0.700000,0.000000,-0.156893
-0.600000,0.000000,-0.317584
-0.500000,0.000000,-0.394323
-0.400000,0.000000,-0.440354
-0.300000,0.000000,-0.493886
-0.200000,0.000000,-0.555697
-0.100000,0.000000,-0.626824
0.000000,0.000000,-0.708691
0.100000,0.000000,-0.627257
0.200000,0.000000,-0.556031
0.300000,0.000000,-0.494130
0.400000,0.000000,-0.440513
0.500000,0.000000,-0.394403
0.600000,0.000000,-0.318230
0.700000,0.000000,-0.157265
0.800000,0.000000,-0.024668
0.900000,0.000000,0.337299
1.000000,0.000000,0.579902
1.100000,0.000000,0.748723
1.200000,0.000000,0.880765
1.300000,0.000000,0.988919
1.400000,0.000000,1.079518
1.500000,0.000000,1.156226
1.600000,0.000000,1.221380
1.700000,0.000000,1.276567
1.800000,0.000000,1.322910
1.900000,0.000000,1.524594
2.000000,0.000000,1.711445
2.100000,0.000000,1.856090
2.200000,0.000000,1.974407
2.300000,0.000000,2.073830
2.400000,0.000000,2.158554
2.500000,0.000000,2.231217
2.600000,0.000000,2.293595
2.700000,0.000000,2.227106
2.800000,0.000000,2.100000
2.900000,0.000000,1.959592
3.000000,0.000000,1.802776
3.100000,0.000000,1.624808
3.200000,0.000000,1.417745
3.300000,0.000000,1.166190
3.400000,0.000000,0.830662
3.500000,0.000000,
-3.500000,0.100000,
-3.400000,0.100000,0.824621
-3.300000,0.100000,1.161895
-3.200000,0.100000,1.414214
-3.100000,0.100000,1.621727
-3.000000,0.100000,1.800000
-2.900000,0.100000,1.957039
-2.800000,0.100000,2.097618
-2.700000,0.100000,2.224860
-2.600000,0.100000,2.340940
-2.500000,0.100000,2.296911
-2.400000,0.100000,2.227641
-2.300000,0.100000,2.147332
-2.200000,0.100000,2.053844
-2.100000,0.100000,1.943917
-2.000000,0.100000,1.812143
-1.900000,0.100000,1.648254
-1.800000,0.100000,1.427086
-1.700000,0.100000,1.354084
-1.600000,0.100000,1.301871
-1.500000,0.100000,1.240521
-1.400000,0.100000,1.168755
-1.300000,0.100000,1.084757
-1.200000,0.100000,0.985810
-1.100000,0.100000,0.867552
-1.000000,0.100000,0.722141
-0.900000,0.100000,0.532377
-0.800000,0.100000,0.237489
-0.700000,0.100000,-0.137165
-0.600000,0.100000,-0.294624
-0.500000,0.100000,-0.356389
-0.400000,0.100000,-0.401395
-0.300000,0.100000,-0.453664
-0.200000,0.100000,-0.513912
-0.100000,0.100000,-0.583086
0.000000,0.100000,-0.662470
0.100000,0.100000,-0.679185
0.200000,0.100000,-0.605491
0.300000,0.100000,-0.541632
0.400000,0.100000,-0.486442
0.500000,0.100000,-0.439060
0.600000,0.100000,-0.352399
0.700000,0.100000,-0.186376
0.800000,0.100000,-0.050626
0.900000,0.100000,0.064081
1.000000,0.100000,0.383372
1.100000,0.100000,0.598097
1.200000,0.100000,0.752513
1.300000,0.100000,0.874331
1.400000,0.100000,0.974222
1.500000,0.100000,1.057650
1.600000,0.100000,1.127850
1.700000,0.100000,1.186910
1.800000,0.100000,1.236258
1.900000,0.100000,1.354205
2.000000,0.100000,1.583549
2.100000,0.100000,1.748190
2.200000,0.100000,1.878557
2.300000,0.100000,1.986132
2.400000,0.100000,2.076750
2.500000,0.100000,2.153853
2.600000,0.100000,2.219666
2.700000,0.100000,2.224860
2.800000,0.100000,2.097618
2.900000,0.100000,1.957039
3.000000,0.100000,1.800000
3.100000,0.100000,1.621727
3.200000,0.100000,1.414214
3.300000,0.100000,1.161895
3.400000,0.100000,0.824621
3.500000,0.100000,
-3.500000,0.200000,
-3.400000,0.200000,0.806226
-3.300000,0.200000,1.148913
-3.200000,0.200000,1.403567
-3.100000,0.200000,1.612452
-3.000000,0.200000,1.791647
-2.900000,0.200000,1.949359
-2.800000,0.200000,2.090454
-2.700000,0.200000,2.218107
-2.600000,0.200000,2.334524
-2.500000,0.200000,2.354200
-2.400000,0.200000,2.287621
-2.300000,0.200000,2.210761
-2.200000,0.200000,2.121810
-2.100000,0.200000,2.018094
-2.000000,0.200000,1.895382
-1.900000,0.200000,1.746215
-1.800000,0.200000,1.554820
-1.700000,0.200000,1.421631
-1.600000,0.200000,1.371741
-1.500000,0.200000,1.313327
-1.400000,0.200000,1.245318
-1.300000,0.200000,1.166224
-1.200000,0.200000,1.073893
-1.100000,0.200000,0.965037
-1.000000,0.200000,0.834172
-0.900000,0.200000,0.670809
-0.800000,0.200000,0.448818
-0.700000,0.200000,-0.000468
-0.600000,0.200000,-0.282191
-0.500000,0.200000,-0.324868
-0.400000,0.200000,-0.369056
-0.300000,0.200000,-0.420322
-0.200000,0.200000,-0.479334
-0.100000,0.200000,-0.546973
0.000000,0.200000,-0.624420
0.100000,0.200000,-0.713310
0.200000,0.200000,-0.663555
0.300000,0.200000,-0.597236
0.400000,0.200000,-0.540085
0.500000,0.200000,-0.491128
0.600000,0.200000,-0.399209
0.700000,0.200000,-0.225763
0.800000,0.200000,-0.085514
0.900000,0.200000,0.032254
1.000000,0.200000,0.133189
1.100000,0.200000,0.389744
1.200000,0.200000,0.589199
1.300000,0.200000,0.733883
1.400000,0.200000,0.847966
1.500000,0.200000,0.941113
1.600000,0.200000,1.018350
1.700000,0.200000,1.082678
1.800000,0.200000,1.136039
1.900000,0.200000,1.179756
2.000000,0.200000,1.413235
2.100000,0.200000,1.613701
2.200000,0.200000,1.762713
2.300000,0.200000,1.882010
2.400000,0.200000,1.980737
2.500000,0.200000,2.063773
2.600000,0.200000,2.134082
2.700000,0.200000,2.193608
2.800000,0.200000,2.090454
2.900000,0.200000,1.949359
3.000000,0.200000,1.791647
3.100000,0.200000,1.612452
3.200000,0.200000,1.403567
3.300000,0.200000,1.148913
3.400000,0.200000,0.806226
3.500000,0.200000,
-3.500000,0.300000,
-3.400000,0.300000,0.774597
-3.300000,0.300000,1.126943
-3.200000,0.300000,1.385641
-3.100000,0.300000,1.596872
-3.000000,0.300000,1.777639
-2.900000,0.300000,1.936492
-2.800000,0.300000,2.078461
-2.700000,0.300000,2.206808
-2.600000,0.300000,2.323790
-2.500000,0.300000,2.403162
-2.400000,0.300000,2.338721
-2.300000,0.300000,2.264567
-2.200000,0.300000,2.179121
-2.100000,0.300000,2.080103
-2.000000,0.300000,1.964016
-1.900000,0.300000,1.825009
-1.800000,0.300000,1.651773
-1.700000,0.300000,1.480256
-1.600000,0.300000,1.432218
-1.500000,0.300000,1.376125
-1.400000,0.300000,1.311046
-1.300000,0.300000,1.235715
-1.200000,0.300000,1.148345
-1.100000,0.300000,1.046296
-1.000000,0.300000,0.925388
-0.900000,0.300000,0.778262
-0.800000,0.300000,0.589380
-0.700000,0.300000,0.309634
-0.600000,0.300000,-0.262315
-0.500000,0.300000,-0.299422
-0.400000,0.300000,-0.324600
-0.300000,0.300000,-0.353740
-0.200000,0.300000,-0.392687
-0.100000,0.300000,-0.442531
0.000000,0.300000,-0.504919
0.100000,0.300000,-0.582420
0.200000,0.300000,-0.679340
0.300000,0.300000,-0.661878
0.400000,0.300000,-0.602268
0.500000,0.300000,-0.551352
0.600000,0.300000,-0.460834
0.700000,0.300000,-0.276638
0.800000,0.300000,-0.130147
0.900000,0.300000,-0.008227
1.000000,0.300000,0.095689
1.100000,0.300000,0.185446
1.200000,0.300000,0.357918
1.300000,0.300000,0.552174
1.400000,0.300000,0.691341
1.500000,0.300000,0.800009
1.600000,0.300000,0.887826
1.700000,0.300000,0.959762
1.800000,0.300000,1.018760
1.900000,0.300000,1.066707
2.000000,0.300000,1.139811
2.100000,0.300000,1.435621
2.200000,0.300000,1.618291
2.300000,0.300000,1.756040
2.400000,0.300000,1.866638
2.500000,0.300000,1.957980
2.600000,0.300000,2.034393
2.700000,0.300000,2.098544
2.800000,0.300000,2.078461
2.900000,0.300000,1.936492
3.000000,0.300000,1.777639
3.100000,0.300000,1.596872
3.200000,0.300000,1.385641
3.300000,0.300000,1.126943
3.400000,0.300000,0.774597
3.500000,0.300000,
-3.500000,0.400000,
-3.400000,0.400000,0.728011
-3.300000,0.400000,1.095445
-3.200000,0.400000,1.360147
-3.100000,0.400000,1.574802
-3.000000,0.400000,1.757840
-2.900000,0.400000,1.918333
-2.800000,0.400000,2.061553
-2.700000,0.400000,2.190890
-2.600000,0.400000,2.308679
-2.500000,0.400000,2.416609
-2.400000,0.400000,2.381805
-2.300000,0.400000,2.309787
-2.200000,0.400000,2.227075
-2.100000,0.400000,2.131660
-2.000000,0.400000,2.020537
-1.900000,0.400000,1.888852
-1.800000,0.400000,1.727776
-1.700000,0.400000,1.530894
-1.600000,0.400000,1.484348
-1.500000,0.400000,1.430109
-1.400000,0.400000,1.367351
-1.300000,0.400000,1.294964
-1.200000,0.400000,1.211408
-1.100000,0.400000,1.114469
-1.000000,0.400000,1.000760
-0.900000,0.400000,0.864649
-0.800000,0.400000,0.695351
-0.700000,0.400000,0.465985
-0.600000,0.400000,0.206025
-0.500000,0.400000,-0.009528
-0.400000,0.400000,-0.200112
-0.300000,0.400000,-0.226387
-0.200000,0.400000,-0.261304
-0.100000,0.400000,-0.305625
0.000000,0.400000,-0.360452
0.100000,0.400000,-0.427404
0.200000,0.400000,-0.508951
0.300000,0.400000,-0.609118
0.400000,0.400000,-0.674103
0.500000,0.400000,-0.620722
0.600000,0.400000,-0.540989
0.700000,0.400000,-0.340875
0.800000,0.400000,-0.185721
0.900000,0.400000,-0.058225
1.000000,0.400000,0.049615
1.100000,0.400000,0.142289
1.200000,0.400000,0.222613
1.300000,0.400000,0.292486
1.400000,0.400000,0.482079
1.500000,0.400000,0.620928
1.600000,0.400000,0.726915
1.700000,0.400000,0.811003
1.800000,0.400000,0.878589
1.900000,0.400000,0.932775
2.000000,0.400000,0.975501
2.100000,0.400000,1.150904
2.200000,0.400000,1.425395
2.300000,0.400000,1.597769
2.400000,0.400000,1.727709
2.500000,0.400000,1.831587
2.600000,0.400000,1.916787
2.700000,0.400000,1.987380
2.800000,0.400000,2.045878
2.900000,0.400000,1.918333
3.000000,0.400000,1.757840
3.100000,0.400000,1.574802
3.200000,0.400000,1.360147
3.300000,0.400000,1.095445
3.400000,0.400000,0.728011
3.500000,0.400000,
-3.500000,0.500000,
-3.400000,0.500000,0.663325
-3.300000,0.500000,1.053565
-3.200000,0.500000,1.326650
-3.100000,0.500000,1.545962
-3.000000,0.500000,1.732051
-2.900000,0.500000,1.894730
-2.800000,0.500000,2.039608
-2.700000,0.500000,2.170253
-2.600000,0.500000,2.289105
-2.500000,0.500000,2.397916
-2.400000,0.500000,2.417521
-2.300000,0.500000,2.347179
-2.200000,0.500000,2.266595
-2.100000,0.500000,2.173953
-2.000000,0.500000,2.066582
-1.900000,0.500000,1.940285
-1.800000,0.500000,1.787739
-1.700000,0.500000,1.593722
-1.600000,0.500000,1.528910
-1.500000,0.500000,1.476160
-1.400000,0.500000,1.415252
-1.300000,0.500000,1.345189
-1.200000,0.500000,1.264608
-1.100000,0.500000,1.171584
-1.000000,0.500000,1.063251
-0.900000,0.500000,0.935025
-0.800000,0.500000,0.778679
-0.700000,0.500000,0.576218
-0.600000,0.500000,0.477642
-0.500000,0.500000,0.359844
-0.400000,0.500000,0.194898
-0.300000,0.500000,-0.117959
-0.200000,0.500000,-0.150056
-0.100000,0.500000,-0.190588
0.000000,0.500000,-0.240374
0.100000,0.500000,-0.300570
0.200000,0.500000,-0.372853
0.300000,0.500000,-0.459754
0.400000,0.500000,-0.565367
0.500000,0.500000,-0.697098
0.600000,0.500000,-0.646712
0.700000,0.500000,-0.421479
0.800000,0.500000,-0.254019
0.900000,0.500000,-0.118975
1.000000,0.500000,-0.005967
1.100000,0.500000,0.090481
1.200000,0.500000,0.173678
1.300000,0.500000,0.245798
1.400000,0.500000,0.308355
1.500000,0.500000,0.365540
1.600000,0.500000,0.513800
1.700000,0.500000,0.621550
1.800000,0.500000,0.704301
1.900000,0.500000,0.768850
2.000000,0.500000,0.818850
2.100000,0.500000,0.856478
2.200000,0.500000,1.098559
2.300000,0.500000,1.380797
2.400000,0.500000,1.550041
2.500000,0.500000,1.675588
2.600000,0.500000,1.774709
2.700000,0.500000,1.854974
2.800000,0.500000,1.920489
2.900000,0.500000,1.894730
3.000000,0.500000,1.732051
3.100000,0.500000,1.545962
3.200000,0.500000,1.326650
3.300000,0.500000,1.053565
3.400000,0.500000,0.663325
3.500000,0.500000,
-3.500000,0.600000,
-3.400000,0.600000,0.574456
-3.300000,0.600000,1.000000
-3.200000,0.600000,1.284523
-3.100000,0.600000,1.509967
-3.000000,0.600000,1.700000
-2.900000,0.600000,1.865476
-2.800000,0.600000,2.012461
-2.700000,0.600000,2.144761
-2.600000,0.600000,2.264950
-2.500000,0.600000,2.374868
-2.400000,0.600000,2.446352
-2.300000,0.600000,2.377306
-2.200000,0.600000,2.298357
-2.100000,0.600000,2.207824
-2.000000,0.600000,2.103273
-1.900000,0.600000,1.980948
-1.800000,0.600000,1.834488
-1.700000,0.600000,1.651350
-1.600000,0.600000,1.566493
-1.500000,0.600000,1.514936
-1.400000,0.600000,1.455503
-1.300000,0.600000,1.387278
-1.200000,0.600000,1.309027
-1.100000,0.600000,1.219029
-1.000000,0.600000,1.114775
-0.900000,0.600000,0.992359
-0.800000,0.600000,0.845084
-0.700000,0.600000,0.739060
-0.600000,0.600000,0.665073
-0.500000,0.600000,0.573304
-0.400000,0.600000,0.457209
-0.300000,0.600000,0.302616
-0.200000,0.600000,0.061729
-0.100000,0.600000,-0.092026
0.000000,0.600000,-0.138188
0.100000,0.600000,-0.193645
0.200000,0.600000,-0.259651
0.300000,0.600000,-0.338010
0.400000,0.600000,-0.431452
0.500000,0.600000,-0.544420
0.600000,0.600000,-0.685054
0.700000,0.600000,-0.523693
0.800000,0.600000,-0.337813
0.900000,0.600000,-0.192280
1.000000,0.600000,-0.072372
1.100000,0.600000,0.028992
1.200000,0.600000,0.115869
1.300000,0.600000,0.190833
1.400000,0.600000,0.255636
1.500000,0.600000,0.311521
1.600000,0.600000,0.359402
1.700000,0.600000,0.399967
1.800000,0.600000,0.467551
1.900000,0.600000,0.554222
2.000000,0.600000,0.618363
2.100000,0.600000,0.665324
2.200000,0.600000,0.697972
2.300000,0.600000,0.907294
2.400000,0.600000,1.292327
2.500000,0.600000,1.469194
2.600000,0.600000,1.594934
2.700000,0.600000,1.691775
2.800000,0.600000,1.768547
2.900000,0.600000,1.865476
3.000000,0.600000,1.700000
3.100000,0.600000,1.509967
3.200000,0.600000,1.284523
3.300000,0.600000,1.000000
3.400000,0.600000,0.574456
3.500000,0.600000,
-3.500000,0.700000,
-3.400000,0.700000,0.447214
-3.300000,0.700000,0.932738
-3.200000,0.700000,1.232883
-3.100000,0.700000,1.466288
-3.000000,0.700000,1.661325
-2.900000,0.700000,1.830301
-2.800000,0.700000,1.979899
-2.700000,0.700000,2.114237
-2.600000,0.700000,2.236068
-2.500000,0.700000,2.347339
-2.400000,0.700000,2.449490
-2.300000,0.700000,2.400580
-2.200000,0.700000,2.322848
-2.100000,0.700000,2.233875
-2.000000,0.700000,2.131391
-1.900000,0.700000,2.011936
-1.800000,0.700000,1.869777
-1.700000,0.700000,1.693998
-1.600000,0.700000,1.597549
-1.500000,0.700000,1.546937
-1.400000,0.700000,1.488667
-1.300000,0.700000,1.421884
-1.200000,0.700000,1.345448
-1.100000,0.700000,1.257785
-1.000000,0.700000,1.156632
-0.900000,0.700000,1.038543
-0.800000,0.700000,0.929986
-0.700000,0.700000,0.876899
-0.600000,0.700000,0.812221
-0.500000,0.700000,0.733755
-0.400000,0.700000,0.638001
-0.300000,0.700000,0.518827
-0.200000,0.700000,0.363506
-0.100000,0.700000,0.133834
0.000000,0.700000,-0.050091
0.100000,0.700000,-0.102034
0.200000,0.700000,-0.163487
0.300000,0.700000,-0.235842
0.400000,0.700000,-0.321117
0.500000,0.700000,-0.422389
0.600000,0.700000,-0.544767
0.700000,0.700000,-0.658143
0.800000,0.700000,-0.441761
0.900000,0.700000,-0.280912
1.000000,0.700000,-0.151515
1.100000,0.700000,-0.043626
1.200000,0.700000,0.048023
1.300000,0.700000,0.126617
1.400000,0.700000,0.194252
1.500000,0.700000,0.252383
1.600000,0.700000,0.302059
1.700000,0.700000,0.344060
1.800000,0.700000,0.378969
1.900000,0.700000,0.407227
2.000000,0.700000,0.429166
2.100000,0.700000,0.445026
2.200000,0.700000,0.454975
2.300000,0.700000,0.470313
2.400000,0.700000,0.481658
2.500000,0.700000,1.124616
2.600000,0.700000,1.340206
2.700000,0.700000,1.522268
2.800000,0.700000,1.689473
2.900000,0.700000,1.824846
3.000000,0.700000,1.661325
3.100000,0.700000,1.466288
3.200000,0.700000,1.232883
3.300000,0.700000,0.932738
3.400000,0.700000,0.447214
3.500000,0.700000,
-3.500000,0.800000,
-3.400000,0.800000,0.223607
-3.300000,0.800000,0.848528
-3.200000,0.800000,1.170470
-3.100000,0.800000,1.414214
-3.000000,0.800000,1.615549
-2.900000,0.800000,1.788854
-2.800000,0.800000,1.941649
-2.700000,0.800000,2.078461
-2.600000,0.800000,2.202272
-2.500000,0.800000,2.315167
-2.400000,0.800000,2.418677
-2.300000,0.800000,2.417300
-2.200000,0.800000,2.340418
-2.100000,0.800000,2.252532
-2.000000,0.800000,2.151475
-1.900000,0.800000,2.033986
-1.800000,0.800000,1.894726
-1.700000,0.800000,1.723772
-1.600000,0.800000,1.622422
-1.500000,0.800000,1.572542
-1.400000,0.800000,1.515169
-1.300000,0.800000,1.449495
-1.200000,0.800000,1.374446
-1.100000,0.800000,1.288554
-1.000000,0.800000,1.189730
-0.900000,0.800000,1.080257
-0.800000,0.800000,1.040768
-0.700000,0.800000,0.992283
-0.600000,0.800000,0.933729
-0.500000,0.800000,0.863572
-0.400000,0.800000,0.779527
-0.300000,0.800000,0.677975
-0.200000,0.800000,0.552595
-0.100000,0.800000,0.390300
0.000000,0.800000,0.151970
0.100000,0.800000,-0.022872
0.200000,0.800000,-0.080879
0.300000,0.800000,-0.148783
0.400000,0.800000,-0.228179
0.500000,0.800000,-0.321397
0.600000,0.800000,-0.432072
0.700000,0.800000,-0.566431
0.800000,0.800000,-0.574761
0.900000,0.800000,-0.389454
1.000000,0.800000,-0.246330
1.100000,0.800000,-0.129486
1.200000,0.800000,-0.031500
1.300000,0.800000,0.051809
1.400000,0.800000,0.123064
1.500000,0.800000,0.184031
1.600000,0.800000,0.235955
1.700000,0.800000,0.279741
1.800000,0.800000,0.316060
1.900000,0.800000,0.345415
2.000000,0.800000,0.368179
2.100000,0.800000,0.384621
2.200000,0.800000,0.394930
2.300000,0.800000,0.399218
2.400000,0.800000,0.397531
2.500000,0.800000,0.466077
2.600000,0.800000,1.174603
2.700000,0.800000,1.433935
2.800000,0.800000,1.616517
2.900000,0.800000,1.760803
3.000000,0.800000,1.615549
3.100000,0.800000,1.414214
3.200000,0.800000,1.170470
3.300000,0.800000,0.848528
3.400000,0.800000,0.223607
3.500000,0.800000,
-3.500000,0.900000,
-3.400000,0.900000,
-3.300000,0.900000,0.741620
-3.200000,0.900000,1.095445
-3.100000,0.900000,1.352775
-3.000000,0.900000,1.562050
-2.900000,0.900000,1.740690
-2.800000,0.900000,1.897367
-2.700000,0.900000,2.037155
-2.600000,0.900000,2.163331
-2.500000,0.900000,2.278157
-2.400000,0.900000,2.383275
-2.300000,0.900000,2.427669
-2.200000,0.900000,2.351305
-2.100000,0.900000,2.264078
-2.000000,0.900000,2.163885
-1.900000,0.900000,2.047577
-1.800000,0.900000,1.910042
-1.700000,0.900000,1.741909
-1.600000,0.900000,1.641368
-1.500000,0.900000,1.592032
-1.400000,0.900000,1.535323
-1.300000,0.900000,1.470468
-1.200000,0.900000,1.396439
-1.100000,0.900000,1.311841
-1.000000,0.900000,1.214708
-0.900000,0.900000,1.172910
-0.800000,0.900000,1.135994
-0.700000,0.900000,1.090861
-0.600000,0.900000,1.036672
-0.500000,0.900000,0.972259
-0.400000,0.900000,0.895955
-0.300000,0.900000,0.805272
-0.200000,0.900000,0.696245
-0.100000,0.900000,0.561841
0.000000,0.900000,0.387069
0.100000,0.900000,0.123339
0.200000,0.900000,-0.009561
0.300000,0.900000,-0.074051
0.400000,0.900000,-0.149028
0.500000,0.900000,-0.236366
0.600000,0.900000,-0.338864
0.700000,0.900000,-0.461028
0.800000,0.900000,-0.610980
0.900000,0.900000,-0.526502
1.000000,0.900000,-0.361675
1.100000,0.900000,-0.231847
1.200000,0.900000,-0.125115
1.300000,0.900000,-0.035505
1.400000,0.900000,0.040483
1.500000,0.900000,0.105100
1.600000,0.900000,0.159880
1.700000,0.900000,0.205915
1.800000,0.900000,0.243999
1.900000,0.900000,0.274718
2.000000,0.900000,0.298504
2.100000,0.900000,0.315666
2.200000,0.900000,0.326419
2.300000,0.900000,0.330889
2.400000,0.900000,0.380705
2.500000,0.900000,0.473010
2.600000,0.900000,0.980549
2.700000,0.900000,1.319585
2.800000,0.900000,1.526279
2.900000,0.900000,1.683224
3.000000,0.900000,1.562050
3.100000,0.900000,1.352775
3.200000,0.900000,1.095445
3.300000,0.900000,0.741620
3.400000,0.900000,
3.500000,0.900000,
-3.500000,1.000000,
-3.400000,1.000000,
-3.300000,1.000000,0.600000
-3.200000,1.000000,1.004988
-3.100000,1.000000,1.280625
-3.000000,1.000000,1.500000
-2.900000,1.000000,1.685230
-2.800000,1.000000,1.846619
-2.700000,1.000000,1.989975
-2.600000,1.000000,2.118962
-2.500000,1.000000,2.236068
-2.400000,1.000000,2.343075
-2.300000,1.000000,2.431809
-2.200000,1.000000,2.355651
-2.100000,1.000000,2.268683
-2.000000,1.000000,2.168831
-1.900000,1.000000,2.052986
-1.800000,1.000000,1.916126
-1.700000,1.000000,1.749085
-1.600000,1.000000,1.654576
-1.500000,1.000000,1.605612
-1.400000,1.000000,1.549357
-1.300000,1.000000,1.485059
-1.200000,1.000000,1.411723
-1.100000,1.000000,1.328002
-1.000000,1.000000,1.281360
-0.900000,1.000000,1.253555
-0.800000,1.000000,1.218616
-0.700000,1.000000,1.176032
-0.600000,1.000000,1.125113
-0.500000,1.000000,1.064917
-0.400000,1.000000,0.994140
-0.300000,1.000000,0.910907
-0.200000,1.000000,0.812397
-0.100000,1.000000,0.694021
0.000000,1.000000,0.547378
0.100000,1.000000,0.353361
0.200000,1.000000,0.052029
0.300000,1.000000,-0.009783
0.400000,1.000000,-0.081345
0.500000,1.000000,-0.164229
0.600000,1.000000,-0.260718
0.700000,1.000000,-0.374322
0.800000,1.000000,-0.510958
0.900000,1.000000,-0.682173
1.000000,1.000000,-0.506729
1.100000,1.000000,-0.356201
1.200000,1.000000,-0.236624
1.300000,1.000000,-0.138201
1.400000,1.000000,-0.055802
1.500000,1.000000,0.013647
1.600000,1.000000,0.072147
1.700000,1.000000,0.121075
1.800000,1.000000,0.161409
1.900000,1.000000,0.193855
2.000000,1.000000,0.218927
2.100000,1.000000,0.236992
2.200000,1.000000,0.259617
2.300000,1.000000,0.319423
2.400000,1.000000,0.371612
2.500000,1.000000,0.469167
2.600000,1.000000,0.637999
2.700000,1.000000,1.162129
2.800000,1.000000,1.412661
2.900000,1.000000,1.588762
3.000000,1.000000,1.500000
3.100000,1.000000,1.280625
3.200000,1.000000,1.004988
3.300000,1.000000,0.600000
3.400000,1.000000,
3.500000,1.000000,
-3.500000,1.100000,
-3.400000,1.100000,
-3.300000,1.100000,0.387298
-3.200000,1.100000,0.894427
-3.100000,1.100000,1.195826
-3.000000,1.100000,1.428286
-2.900000,1.100000,1.621727
-2.800000,1.100000,1.788854
-2.700000,1.100000,1.936492
-2.600000,1.100000,2.068816
-2.500000,1.100000,2.188607
-2.400000,1.100000,2.297825
-2.300000,1.100000,2.397916
-2.200000,1.100000,2.353509
-2.100000,1.100000,2.266414
-2.000000,1.100000,2.166394
-1.900000,1.100000,2.050321
-1.800000,1.100000,1.913130
-1.700000,1.100000,1.745552
-1.600000,1.100000,1.662171
-1.500000,1.100000,1.613418
-1.400000,1.100000,1.557420
-1.300000,1.100000,1.493438
-1.200000,1.100000,1.420494
-1.100000,1.100000,1.370771
-1.000000,1.100000,1.350604
-0.900000,1.100000,1.323993
-0.800000,1.100000,1.290614
-0.700000,1.100000,1.250025
-0.600000,1.100000,1.201637
-0.500000,1.100000,1.144661
-0.400000,1.100000,1.078021
-0.300000,1.100000,1.000220
-0.200000,1.100000,0.909082
-0.100000,1.100000,0.801266
0.000000,1.100000,0.671162
0.100000,1.100000,0.507915
0.200000,1.100000,0.283809
0.300000,1.100000,0.045333
0.400000,1.100000,-0.023544
0.500000,1.100000,-0.102980
0.600000,1.100000,-0.194911
0.700000,1.100000,-0.302226
0.800000,1.100000,-0.429567
0.900000,1.100000,-0.585314
1.000000,1.100000,-0.703636
1.100000,1.100000,-0.513225
1.200000,1.100000,-0.372626
1.300000,1.100000,-0.260933
1.400000,1.100000,-0.169360
1.500000,1.100000,-0.093227
1.600000,1.100000,-0.029701
1.700000,1.100000,0.023068
1.800000,1.100000,0.066348
1.900000,1.100000,0.101036
2.000000,1.100000,0.127766
2.100000,1.100000,0.174852
2.200000,1.100000,0.243812
2.300000,1.100000,0.304170
2.400000,1.100000,0.356811
2.500000,1.100000,0.454411
2.600000,1.100000,0.625545
2.700000,1.100000,0.887901
2.800000,1.100000,1.262828
2.900000,1.100000,1.471628
3.000000,1.100000,1.428286
3.100000,1.100000,1.195826
3.200000,1.100000,0.894427
3.300000,1.100000,0.387298
3.400000,1.100000,
3.500000,1.100000,
-3.500000,1.200000,
-3.400000,1.200000,
-3.300000,1.200000,
-3.200000,1.200000,0.754983
-3.100000,1.200000,1.095445
-3.000000,1.200000,1.345362
-2.900000,1.200000,1.549193
-2.800000,1.200000,1.723369
-2.700000,1.200000,1.876166
-2.600000,1.200000,2.012461
-2.500000,1.200000,2.135416
-2.400000,1.200000,2.247221
-2.300000,1.200000,2.349468
-2.200000,1.200000,2.344854
-2.100000,1.200000,2.257237
-2.000000,1.200000,2.156534
-1.900000,1.200000,2.039529
-1.800000,1.200000,1.900979
-1.700000,1.200000,1.731188
-1.600000,1.200000,1.664223
-1.500000,1.200000,1.615527
-1.400000,1.200000,1.559599
-1.300000,1.200000,1.495701
-1.200000,1.200000,1.444094
-1.100000,1.200000,1.430619
-1.000000,1.200000,1.411162
-0.900000,1.200000,1.385515
-0.800000,1.200000,1.353387
-0.700000,1.200000,1.314389
-0.600000,1.200000,1.268005
-0.500000,1.200000,1.213549
-0.400000,1.200000,1.150105
-0.300000,1.200000,1.076420
-0.200000,1.200000,0.990725
-0.100000,1.200000,0.890403
0.000000,1.200000,0.771304
0.100000,1.200000,0.626121
0.200000,1.200000,0.439395
0.300000,1.200000,0.162094
0.400000,1.200000,0.025502
0.500000,1.200000,-0.051231
0.600000,1.200000,-0.139645
0.700000,1.200000,-0.242213
0.800000,1.200000,-0.362777
0.900000,1.200000,-0.507918
1.000000,1.200000,-0.690851
1.100000,1.200000,-0.730416
1.200000,1.200000,-0.546691
1.300000,1.200000,-0.412198
1.400000,1.200000,-0.306240
1.500000,1.200000,-0.220193
1.600000,1.200000,-0.149486
1.700000,1.200000,-0.091371
1.800000,1.200000,-0.044065
1.900000,1.200000,-0.006358
2.000000,1.200000,0.071818
2.100000,1.200000,0.151790
2.200000,1.200000,0.221726
2.300000,1.200000,0.282874
2.400000,1.200000,0.336157
2.500000,1.200000,0.428198
2.600000,1.200000,0.603567
2.700000,1.200000,0.745534
2.800000,1.200000,1.036935
2.900000,1.200000,1.320064
3.000000,1.200000,1.345362
3.100000,1.200000,1.095445
3.200000,1.200000,0.754983
3.300000,1.200000,
3.400000,1.200000,
3.500000,1.200000,
-3.500000,1.300000,
-3.400000,1.300000,
-3.300000,1.300000,
-3.200000,1.300000,0.565685
-3.100000,1.300000,0.974679
-3.000000,1.300000,1.249000
-2.900000,1.300000,1.466288
-2.800000,1.300000,1.649242
-2.700000,1.300000,1.808314
-2.600000,1.300000,1.949359
-2.500000,1.300000,2.076054
-2.400000,1.300000,2.190890
-2.300000,1.300000,2.295648
-2.200000,1.300000,2.329573
-2.100000,1.300000,2.241019
-2.000000,1.300000,2.139086
-1.900000,1.300000,2.020393
-1.800000,1.300000,1.879361
-1.700000,1.300000,1.705471
-1.600000,1.300000,1.660752
-1.500000,1.300000,1.611959
-1.400000,1.300000,1.555914
-1.300000,1.300000,1.503306
-1.200000,1.300000,1.495895
-1.100000,1.300000,1.482814
-1.000000,1.300000,1.463937
-0.900000,1.300000,1.439073
-0.800000,1.300000,1.407961
-0.700000,1.300000,1.370247
-0.600000,1.300000,1.325469
-0.500000,1.300000,1.273019
-0.400000,1.300000,1.212092
-0.300000,1.300000,1.141606
-0.200000,1.300000,1.060061
-0.100000,1.300000,0.965301
0.000000,1.300000,0.854041
0.100000,1.300000,0.720836
0.200000,1.300000,0.555350
0.300000,1.300000,0.332261
0.400000,1.300000,0.066619
0.500000,1.300000,-0.007989
0.600000,1.300000,-0.093671
0.700000,1.300000,-0.192610
0.800000,1.300000,-0.308121
0.900000,1.300000,-0.445667
1.000000,1.300000,-0.615538
1.100000,1.300000,-0.842552
1.200000,1.300000,-0.798768
1.300000,1.300000,-0.611186
1.400000,1.300000,-0.478353
1.500000,1.300000,-0.375709
1.600000,1.300000,-0.293747
1.700000,1.300000,-0.227607
1.800000,1.300000,-0.162561
1.900000,1.300000,-0.053652
2.000000,1.300000,0.040229
2.100000,1.300000,0.121854
2.200000,1.300000,0.193100
2.300000,1.300000,0.255301
2.400000,1.300000,0.309440
2.500000,1.300000,0.389465
2.600000,1.300000,0.571454
2.700000,1.300000,0.717307
2.800000,1.300000,0.839270
2.900000,1.300000,1.100692
3.000000,1.300000,1.249000
3.100000,1.300000,0.974679
3.200000,1.300000,0.565685
3.300000,1.300000,
3.400000,1.300000,
3.500000,1.300000,
-3.500000,1.400000,
-3.400000,1.400000,
-3.300000,1.400000,
-3.200000,1.400000,0.223607
-3.100000,1.400000,0.824621
-3.000000,1.400000,1.135782
-2.900000,1.400000,1.371131
-2.800000,1.400000,1.565248
-2.700000,1.400000,1.732051
-2.600000,1.400000,1.878829
-2.500000,1.400000,2.009975
-2.400000,1.400000,2.128380
-2.300000,1.400000,2.236068
-2.200000,1.400000,2.307463
-2.100000,1.400000,2.217517
-2.000000,1.400000,2.113745
-1.900000,1.400000,1.992506
-1.800000,1.400000,1.847683
-1.700000,1.400000,1.694046
-1.600000,1.400000,1.651725
-1.500000,1.400000,1.602680
-1.400000,1.400000,1.549772
-1.300000,1.400000,1.548003
-1.200000,1.400000,1.540773
-1.100000,1.400000,1.528015
-1.000000,1.400000,1.509613
-0.900000,1.400000,1.485390
-0.800000,1.400000,1.455104
-0.700000,1.400000,1.418432
-0.600000,1.400000,1.374952
-0.500000,1.400000,1.324113
-0.400000,1.400000,1.265192
-0.300000,1.400000,1.197228
-0.200000,1.400000,1.118911
-0.100000,1.400000,1.028395
0.000000,1.400000,0.922945
0.100000,1.400000,0.798223
0.200000,1.400000,0.646544
0.300000,1.400000,0.451499
0.400000,1.400000,0.159591
0.500000,1.400000,0.027470
0.600000,1.400000,-0.056096
0.700000,1.400000,-0.152262
0.800000,1.400000,-0.263977
0.900000,1.400000,-0.395980
1.000000,1.400000,-0.556802
1.100000,1.400000,-0.765281
1.200000,1.400000,-1.089381
1.300000,1.400000,-0.932660
1.400000,1.400000,-0.717349
1.500000,1.400000,-0.578612
1.600000,1.400000,-0.475604
1.700000,1.400000,-0.342445
1.800000,1.400000,-0.208585
1.900000,1.400000,-0.095848
2.000000,1.400000,0.000850
2.100000,1.400000,0.084632
2.200000,1.400000,0.157573
2.300000,1.400000,0.221132
2.400000,1.400000,0.276371
2.500000,1.400000,0.336382
2.600000,1.400000,0.528217
2.700000,1.400000,0.679628
2.800000,1.400000,0.805234
2.900000,1.400000,0.912154
3.000000,1.400000,1.115501
3.100000,1.400000,0.824621
3.200000,1.400000,0.223607
3.300000,1.400000,
3.400000,1.400000,
3.500000,1.400000,
-3.500000,1.500000,
-3.400000,1.500000,
-3.300000,1.500000,
-3.200000,1.500000,
-3.100000,1.500000,0.624500
-3.000000,1.500000,1.000000
-2.900000,1.500000,1.260952
-2.800000,1.500000,1.469694
-2.700000,1.500000,1.646208
-2.600000,1.500000,1.800000
-2.500000,1.500000,1.936492
-2.400000,1.500000,2.059126
-2.300000,1.500000,2.170253
-2.200000,1.500000,2.271563
-2.100000,1.500000,2.186358
-2.000000,1.500000,2.080038
-1.900000,1.500000,1.955229
-1.800000,1.500000,1.804982
-1.700000,1.500000,1.679718
-1.600000,1.500000,1.637058
-1.500000,1.500000,1.587599
-1.400000,1.500000,1.588042
-1.300000,1.500000,1.586309
-1.200000,1.500000,1.579227
-1.100000,1.500000,1.566734
-1.000000,1.500000,1.548720
-0.900000,1.500000,1.525020
-0.800000,1.500000,1.495407
-0.700000,1.500000,1.459581
-0.600000,1.500000,1.417151
-0.500000,1.500000,1.367608
-0.400000,1.500000,1.310291
-0.300000,1.500000,1.244329
-0.200000,1.500000,1.168547
-0.100000,1.500000,1.081315
0.000000,1.500000,0.980274
0.100000,1.500000,0.861788
0.200000,1.500000,0.719722
0.300000,1.500000,0.542055
0.400000,1.500000,0.297213
0.500000,1.500000,0.055683
0.600000,1.500000,-0.026277
0.700000,1.500000,-0.120353
0.800000,1.500000,-0.229247
0.900000,1.500000,-0.357209
1.000000,1.500000,-0.511663
1.100000,1.500000,-0.708076
1.200000,1.500000,-0.993636
1.300000,1.500000,-2.316920
1.400000,1.500000,-2.372108
1.500000,1.500000,-0.828198
1.600000,1.500000,-0.583636
1.700000,1.500000,-0.406576
1.800000,1.500000,-0.265173
1.900000,1.500000,-0.147361
2.000000,1.500000,-0.046995
2.100000,1.500000,0.039560
2.200000,1.500000,0.114663
2.300000,1.500000,0.179941
2.400000,1.500000,0.236565
2.500000,1.500000,0.285404
2.600000,1.500000,0.472307
2.700000,1.500000,0.631515
2.800000,1.500000,0.762086
2.900000,1.500000,0.872478
3.000000,1.500000,0.967387
3.100000,1.500000,0.624500
3.200000,1.500000,
3.300000,1.500000,
3.400000,1.500000,
3.500000,1.500000,
-3.500000,1.600000,
-3.400000,1.600000,
-3.300000,1.600000,
-3.200000,1.600000,
-3.100000,1.600000,0.282843
-3.000000,1.600000,0.830662
-2.900000,1.600000,1.131371
-2.800000,1.600000,1.360147
-2.700000,1.600000,1.549193
-2.600000,1.600000,1.711724
-2.500000,1.600000,1.854724
-2.400000,1.600000,1.982423
-2.300000,1.600000,2.097618
-2.200000,1.600000,2.202272
-2.100000,1.600000,2.147004
-2.000000,1.600000,2.037273
-1.900000,1.600000,1.907603
-1.800000,1.600000,1.749754
-1.700000,1.600000,1.659753
-1.600000,1.600000,1.616610
-1.500000,1.600000,1.616773
-1.400000,1.600000,1.620314
-1.300000,1.600000,1.618611
-1.200000,1.600000,1.611649
-1.100000,1.600000,1.599371
-1.000000,1.600000,1.581671
-0.900000,1.600000,1.558394
-0.800000,1.600000,1.529325
-0.700000,1.600000,1.494181
-0.600000,1.600000,1.452594
-0.500000,1.600000,1.404089
-0.400000,1.600000,1.348051
-0.300000,1.600000,1.283675
-0.200000,1.600000,1.209885
-0.100000,1.600000,1.125207
0.000000,1.600000,1.027541
0.100000,1.600000,0.913724
0.200000,1.600000,0.778599
0.300000,1.600000,0.612623
0.400000,1.600000,0.393621
0.500000,1.600000,0.077038
0.600000,1.600000,-0.003746
0.700000,1.600000,-0.096305
0.800000,1.600000,-0.203169
0.900000,1.600000,-0.328265
1.000000,1.600000,-0.478308
1.100000,1.600000,-0.666763
1.200000,1.600000,-0.930964
1.300000,1.600000,-2.480078
1.400000,1.600000,-2.545759
1.500000,1.600000,-0.979700
1.600000,1.600000,-0.682086
1.700000,1.600000,-0.485903
1.800000,1.600000,-0.333995
1.900000,1.600000,-0.209393
2.000000,1.600000,-0.104240
2.100000,1.600000,-0.014123
2.200000,1.600000,0.063724
2.300000,1.600000,0.131165
2.400000,1.600000,0.189520
2.500000,1.600000,0.239755
2.600000,1.600000,0.401251
2.700000,1.600000,0.571509
2.800000,1.600000,0.708814
2.900000,1.600000,0.823803
3.000000,1.600000,0.830662
3.100000,1.600000,0.282843
3.200000,1.600000,
3.300000,1.600000,
3.400000,1.600000,
3.500000,1.600000,
-3.500000,1.700000,
-3.400000,1.700000,
-3.300000,1.700000,
-3.200000,1.700000,
-3.100000,1.700000,
-3.000000,1.700000,0.600000
-2.900000,1.700000,0.974679
-2.800000,1.700000,1.232883
-2.700000,1.700000,1.438749
-2.600000,1.700000,1.612452
-2.500000,1.700000,1.763519
-2.400000,1.700000,1.897367
-2.300000,1.700000,2.017424
-2.200000,1.700000,2.126029
-2.100000,1.700000,2.098704
-2.000000,1.700000,1.984461
-1.900000,1.700000,1.848201
-1.800000,1.700000,1.679609
-1.700000,1.700000,1.633961
-1.600000,1.700000,1.634702
-1.500000,1.700000,1.643395
-1.400000,1.700000,1.646888
-1.300000,1.700000,1.645208
-1.200000,1.700000,1.638342
-1.100000,1.700000,1.626235
-1.000000,1.700000,1.608786
-0.900000,1.700000,1.585845
-0.800000,1.700000,1.557209
-0.700000,1.700000,1.522607
-0.600000,1.700000,1.481688
-0.500000,1.700000,1.434003
-0.400000,1.700000,1.378971
-0.300000,1.700000,1.315836
-0.200000,1.700000,1.243596
-0.100000,1.700000,1.160890
0.000000,1.700000,1.065801
0.100000,1.700000,0.955491
0.200000,1.700000,0.825446
0.300000,1.700000,0.667643
0.400000,1.700000,0.464821
0.500000,1.700000,0.159456
0.600000,1.700000,0.011822
0.700000,1.700000,-0.079717
0.800000,1.700000,-0.185226
0.900000,1.700000,-0.308427
1.000000,1.700000,-0.455600
1.100000,1.700000,-0.639034
1.200000,1.700000,-0.890962
1.300000,1.700000,-2.693370
1.400000,1.700000,
1.500000,1.700000,-1.306174
1.600000,1.700000,-0.812800
1.700000,1.700000,-0.584813
1.800000,1.700000,-0.417600
1.900000,1.700000,-0.283687
2.000000,1.700000,-0.172191
2.100000,1.700000,-0.077460
2.200000,1.700000,0.003886
2.300000,1.700000,0.074055
2.400000,1.700000,0.134573
2.500000,1.700000,0.186541
2.600000,1.700000,0.310862
2.700000,1.700000,0.497368
2.800000,1.700000,0.643952
2.900000,1.700000,0.765055
3.000000,1.700000,0.600000
3.100000,1.700000,
3.200000,1.700000,
3.300000,1.700000,
3.400000,1.700000,
3.500000,1.700000,
-3.500000,1.800000,
-3.400000,1.800000,
-3.300000,1.800000,
-3.200000,1.800000,
-3.100000,1.800000,
-3.000000,1.800000,0.100000
-2.900000,1.800000,0.774597
-2.800000,1.800000,1.081665
-2.700000,1.800000,1.311488
-2.600000,1.800000,1.500000
-2.500000,1.800000,1.661325
-2.400000,1.800000,1.802776
-2.300000,1.800000,1.928730
-2.200000,1.800000,2.042058
-2.100000,1.800000,2.040404
-2.000000,1.800000,1.920165
-1.900000,1.800000,1.774847
-1.800000,1.800000,1.639992
-1.700000,1.800000,1.642132
-1.600000,1.800000,1.655942
-1.500000,1.800000,1.664540
-1.400000,1.800000,1.667995
-1.300000,1.800000,1.666333
-1.200000,1.800000,1.659542
-1.100000,1.800000,1.647568
-1.000000,1.800000,1.630313
-0.900000,1.800000,1.607633
-0.800000,1.800000,1.579331
-0.700000,1.800000,1.545146
-0.600000,1.800000,1.504742
-0.500000,1.800000,1.457687
-0.400000,1.800000,1.403425
-0.300000,1.800000,1.341238
-0.200000,1.800000,1.270177
-0.100000,1.800000,1.188960
0.000000,1.800000,1.095801
0.100000,1.800000,0.988087
0.200000,1.800000,0.861735
0.300000,1.800000,0.709688
0.400000,1.800000,0.517524
0.500000,1.800000,0.243366
0.600000,1.800000,0.020643
0.700000,1.800000,-0.070329
0.800000,1.800000,-0.175086
0.900000,1.800000,-0.297243
1.000000,1.800000,-0.442849
1.100000,1.800000,-0.623592
1.200000,1.800000,-0.869260
1.300000,1.800000,-1.439446
1.400000,1.800000,
1.500000,1.800000,
1.600000,1.800000,-1.006189
1.700000,1.800000,-0.711612
1.800000,1.800000,-0.520161
1.900000,1.800000,-0.372880
2.000000,1.800000,-0.252736
2.100000,1.800000,-0.151911
2.200000,1.800000,-0.066041
2.300000,1.800000,0.007600
2.400000,1.800000,0.070842
2.500000,1.800000,0.124973
2.600000,1.800000,0.193136
2.700000,1.800000,0.405461
2.800000,1.800000,0.565298
2.900000,1.800000,0.694694
3.000000,1.800000,0.100000
3.100000,1.800000,
3.200000,1.800000,
3.300000,1.800000,
3.400000,1.800000,
3.500000,1.800000,
-3.500000,1.900000,
-3.400000,1.900000,
-3.300000,1.900000,
-3.200000,1.900000,
-3.100000,1.900000,
-3.000000,1.900000,
-2.900000,1.900000,0.479583
-2.800000,1.900000,0.894427
-2.700000,1.900000,1.161895
-2.600000,1.900000,1.371131
-2.500000,1.900000,1.545962
-2.400000,1.900000,1.697056
-2.300000,1.900000,1.830301
-2.200000,1.900000,1.949359
-2.100000,1.900000,1.970593
-2.000000,1.900000,1.842237
-1.900000,1.900000,1.684025
-1.800000,1.900000,1.639182
-1.700000,1.900000,1.658159
-1.600000,1.900000,1.671857
-1.500000,1.900000,1.680385
-1.400000,1.900000,1.683812
-1.300000,1.900000,1.682164
-1.200000,1.900000,1.675428
-1.100000,1.900000,1.663551
-1.000000,1.900000,1.646438
-0.900000,1.900000,1.623950
-0.800000,1.900000,1.595893
-0.700000,1.900000,1.562014
-0.600000,1.900000,1.521986
-0.500000,1.900000,1.475391
-0.400000,1.900000,1.421692
-0.300000,1.900000,1.360194
-0.200000,1.900000,1.289986
-0.100000,1.900000,1.209844
0.000000,1.900000,1.118070
0.100000,1.900000,1.012202
0.200000,1.900000,0.888443
0.300000,1.900000,0.740353
0.400000,1.900000,0.555207
0.500000,1.900000,0.298924
0.600000,1.900000,0.022835
0.700000,1.900000,-0.067998
0.800000,1.900000,-0.172570
0.900000,1.900000,-0.294471
1.000000,1.900000,-0.439693
1.100000,1.900000,-0.619784
1.200000,1.900000,-0.863966
1.300000,1.900000,-1.395911
1.400000,1.900000,
1.500000,1.900000,
1.600000,1.900000,
1.700000,1.900000,-0.886289
1.800000,1.900000,-0.649335
1.900000,1.900000,-0.481270
2.000000,1.900000,-0.348748
2.100000,1.900000,-0.239601
2.200000,1.900000,-0.147737
2.300000,1.900000,-0.069590
2.400000,1.900000,-0.002867
2.500000,1.900000,0.053997
2.600000,1.900000,0.102118
2.700000,1.900000,0.289258
2.800000,1.900000,0.469348
2.900000,1.900000,0.479583
3.000000,1.900000,
3.100000,1.900000,
3.200000,1.900000,
3.300000,1.900000,
3.400000,1.900000,
3.500000,1.900000,
-3.500000,2.000000,
-3.400000,2.000000,
-3.300000,2.000000,
-3.200000,2.000000,
-3.100000,2.000000,
-3.000000,2.000000,
-2.900000,2.000000,
-2.800000,2.000000,0.640312
-2.700000,2.000000,0.979796
-2.600000,2.000000,1.220656
-2.500000,2.000000,1.414214
-2.400000,2.000000,1.577973
-2.300000,2.000000,1.720465
-2.200000,2.000000,1.846619
-2.100000,2.000000,1.887032
-2.000000,2.000000,1.747276
-1.900000,2.000000,1.625806
-1.800000,2.000000,1.650081
-1.700000,2.000000,1.668952
-1.600000,2.000000,1.682575
-1.500000,2.000000,1.691057
-1.400000,2.000000,1.694466
-1.300000,2.000000,1.692826
-1.200000,2.000000,1.686126
-1.100000,2.000000,1.674314
-1.000000,2.000000,1.657296
-0.900000,2.000000,1.634935
-0.800000,2.000000,1.607040
-0.700000,2.000000,1.573364
-0.600000,2.000000,1.533586
-0.500000,2.000000,1.487296
-0.400000,2.000000,1.433968
-0.300000,2.000000,1.372925
-0.200000,2.000000,1.303279
-0.100000,2.000000,1.223841
0.000000,2.000000,1.132971
0.100000,2.000000,1.028303
0.200000,2.000000,0.906214
0.300000,2.000000,0.760636
0.400000,2.000000,0.579828
0.500000,2.000000,0.333778
0.600000,2.000000,0.018426
0.700000,2.000000,-0.072688
0.800000,2.000000,-0.177634
0.900000,2.000000,-0.300051
1.000000,2.000000,-0.446046
1.100000,2.000000,-0.627456
1.200000,2.000000,-0.874656
1.300000,2.000000,
1.400000,2.000000,
1.500000,2.000000,
1.600000,2.000000,
1.700000,2.000000,-1.210227
1.800000,2.000000,-0.822507
1.900000,2.000000,-0.616715
2.000000,2.000000,-0.464943
2.100000,2.000000,-0.343801
2.200000,2.000000,-0.243680
2.300000,2.000000,-0.159508
2.400000,2.000000,-0.088228
2.500000,2.000000,-0.027839
2.600000,2.000000,0.023038
2.700000,2.000000,0.134634
2.800000,2.000000,0.349962
2.900000,2.000000,
3.000000,2.000000,
3.100000,2.000000,
3.200000,2.000000,
3.300000,2.000000,
3.400000,2.000000,
3.500000,2.000000,
-3.500000,2.100000,
-3.400000,2.100000,
-3.300000,2.100000,
-3.200000,2.100000,
-3.100000,2.100000,
-3.000000,2.100000,
-2.900000,2.100000,
-2.800000,2.100000,
-2.700000,2.100000,0.741620
-2.600000,2.100000,1.039230
-2.500000,2.100000,1.260952
-2.400000,2.100000,1.442221
-2.300000,2.100000,1.596872
-2.200000,2.100000,1.732051
-2.100000,2.100000,1.786189
-2.000000,2.100000,1.629363
-1.900000,2.100000,1.631578
-1.800000,2.100000,1.655781
-1.700000,2.100000,1.674597
-1.600000,2.100000,1.688181
-1.500000,2.100000,1.696639
-1.400000,2.100000,1.700038
-1.300000,2.100000,1.698403
-1.200000,2.100000,1.691722
-1.100000,2.100000,1.679944
-1.000000,2.100000,1.662975
-0.900000,2.100000,1.640679
-0.800000,2.100000,1.612869
-0.700000,2.100000,1.579298
-0.600000,2.100000,1.539650
-0.500000,2.100000,1.493517
-0.400000,2.100000,1.440381
-0.300000,2.100000,1.379572
-0.200000,2.100000,1.310216
-0.100000,2.100000,1.231141
0.000000,2.100000,1.140736
0.100000,2.100000,1.036681
0.200000,2.100000,0.915442
0.300000,2.100000,0.771133
0.400000,2.100000,0.592484
0.500000,2.100000,0.351324
0.600000,2.100000,0.007358
0.700000,2.100000,-0.084472
0.800000,2.100000,-0.190365
0.900000,2.100000,-0.314103
1.000000,2.100000,-0.462084
1.100000,2.100000,-0.646922
1.200000,2.100000,-0.902198
1.300000,2.100000,
1.400000,2.100000,
1.500000,2.100000,
1.600000,2.100000,
1.700000,2.100000,
1.800000,2.100000,-1.108319
1.900000,2.100000,-0.796979
2.000000,2.100000,-0.610103
2.100000,2.100000,-0.470002
2.200000,2.100000,-0.357768
2.300000,2.100000,-0.265155
2.400000,2.100000,-0.187683
2.500000,2.100000,-0.122610
2.600000,2.100000,-0.068127
2.700000,2.100000,-0.022982
2.800000,2.100000,
2.900000,2.100000,
3.000000,2.100000,
3.100000,2.100000,
3.200000,2.100000,
3.300000,2.100000,
3.400000,2.100000,
3.500000,2.100000,
-3.500000,2.200000,
-3.400000,2.200000,
-3.300000,2.200000,
-3.200000,2.200000,
-3.100000,2.200000,
-3.000000,2.200000,
-2.900000,2.200000,
-2.800000,2.200000,
-2.700000,2.200000,0.346410
-2.600000,2.200000,0.806226
-2.500000,2.200000,1.077033
-2.400000,2.200000,1.284523
-2.300000,2.200000,1.456022
-2.200000,2.200000,1.603122
-2.100000,2.200000,1.661931
-2.000000,2.200000,1.602344
-1.900000,2.200000,1.632131
-1.800000,2.200000,1.656327
-1.700000,2.200000,1.675139
-1.600000,2.200000,1.688719
-1.500000,2.200000,1.697175
-1.400000,2.200000,1.700573
-1.300000,2.200000,1.698938
-1.200000,2.200000,1.692259
-1.100000,2.200000,1.680484
-1.000000,2.200000,1.663520
-0.900000,2.200000,1.641230
-0.800000,2.200000,1.613428
-0.700000,2.200000,1.579868
-0.600000,2.200000,1.540231
-0.500000,2.200000,1.494113
-0.400000,2.200000,1.440996
-0.300000,2.200000,1.380210
-0.200000,2.200000,1.310881
-0.100000,2.200000,1.231841
0.000000,2.200000,1.141479
0.100000,2.200000,1.037483
0.200000,2.200000,0.916325
0.300000,2.200000,0.772136
0.400000,2.200000,0.593690
0.500000,2.200000,0.352984
0.600000,2.200000,-0.010518
0.700000,2.200000,-0.103528
0.800000,2.200000,-0.210993
0.900000,2.200000,-0.336935
1.000000,2.200000,-0.488270
1.100000,2.200000,-0.679026
1.200000,2.200000,-0.949141
1.300000,2.200000,
1.400000,2.200000,
1.500000,2.200000,
1.600000,2.200000,
1.700000,2.200000,
1.800000,2.200000,
1.900000,2.200000,-1.091240
2.000000,2.200000,-0.804821
2.100000,2.200000,-0.628836
2.200000,2.200000,-0.496802
2.300000,2.200000,-0.391430
2.400000,2.200000,-0.305045
2.500000,2.200000,-0.233446
2.600000,2.200000,-0.174055
2.700000,2.200000,-0.125174
2.800000,2.200000,
2.900000,2.200000,
3.000000,2.200000,
3.100000,2.200000,
3.200000,2.200000,
3.300000,2.200000,
3.400000,2.200000,
3.500000,2.200000,
-3.500000,2.300000,
-3.400000,2.300000,
-3.300000,2.300000,
-3.200000,2.300000,
-3.100000,2.300000,
-3.000000,2.300000,
-2.900000,2.300000,
-2.800000,2.300000,
-2.700000,2.300000,
-2.600000,2.300000,0.447214
-2.500000,2.300000,0.842615
-2.400000,2.300000,1.095445
-2.300000,2.300000,1.292285
-2.200000,2.300000,1.456022
-2.100000,2.300000,1.561870
-2.000000,2.300000,1.597610
-1.900000,2.300000,1.627471
-1.800000,2.300000,1.651725
-1.700000,2.300000,1.670581
-1.600000,2.300000,1.684192
-1.500000,2.300000,1.692668
-1.400000,2.300000,1.696073
-1.300000,2.300000,1.694435
-1.200000,2.300000,1.687741
-1.100000,2.300000,1.675938
-1.000000,2.300000,1.658935
-0.900000,2.300000,1.636592
-0.800000,2.300000,1.608722
-0.700000,2.300000,1.575077
-0.600000,2.300000,1.535336
-0.500000,2.300000,1.489091
-0.400000,2.300000,1.435819
-0.300000,2.300000,1.374843
-0.200000,2.300000,1.305281
-0.100000,2.300000,1.225949
0.000000,2.300000,1.135213
0.100000,2.300000,1.030723
0.200000,2.300000,0.908881
0.300000,2.300000,0.763672
0.400000,2.300000,0.583494
0.500000,2.300000,0.338885
0.600000,2.300000,-0.035453
0.700000,2.300000,-0.130162
0.800000,2.300000,-0.239907
0.900000,2.300000,-0.369081
1.000000,2.300000,-0.525427
1.100000,2.300000,-0.725349
1.200000,2.300000,-1.021229
1.300000,2.300000,
1.400000,2.300000,
1.500000,2.300000,
1.600000,2.300000,
1.700000,2.300000,
1.800000,2.300000,
1.900000,2.300000,
2.000000,2.300000,-1.142046
2.100000,2.300000,-0.847432
2.200000,2.300000,-0.674855
2.300000,2.300000,-0.547374
2.400000,2.300000,-0.446855
2.500000,2.300000,-0.365462
2.600000,2.300000,-0.298972
2.700000,2.300000,
2.800000,2.300000,
2.900000,2.300000,
3.000000,2.300000,
3.100000,2.300000,
3.200000,2.300000,
3.300000,2.300000,
3.400000,2.300000,
3.500000,2.300000,
-3.500000,2.400000,
-3.400000,2.400000,
-3.300000,2.400000,
-3.200000,2.400000,
-3.100000,2.400000,
-3.000000,2.400000,
-2.900000,2.400000,
-2.800000,2.400000,
-2.700000,2.400000,
-2.600000,2.400000,
-2.500000,2.400000,0.489898
-2.400000,2.400000,0.854400
-2.300000,2.400000,1.095445
-2.200000,2.400000,1.284523
-2.100000,2.400000,1.442221
-2.000000,2.400000,1.577973
-1.900000,2.400000,1.617559
-1.800000,2.400000,1.641938
-1.700000,2.400000,1.660888
-1.600000,2.400000,1.674566
-1.500000,2.400000,1.683083
-1.400000,2.400000,1.686506
-1.300000,2.400000,1.684859
-1.200000,2.400000,1.678132
-1.100000,2.400000,1.666272
-1.000000,2.400000,1.649183
-0.900000,2.400000,1.626727
-0.800000,2.400000,1.598711
-0.700000,2.400000,1.564884
-0.600000,2.400000,1.524920
-0.500000,2.400000,1.478402
-0.400000,2.400000,1.424798
-0.300000,2.400000,1.363415
-0.200000,2.400000,1.293351
-0.100000,2.400000,1.213388
0.000000,2.400000,1.121844
0.100000,2.400000,1.016283
0.200000,2.400000,0.892952
0.300000,2.400000,0.745508
0.400000,2.400000,0.561486
0.500000,2.400000,0.307910
0.600000,2.400000,-0.067815
0.700000,2.400000,-0.164828
0.800000,2.400000,-0.277698
0.900000,2.400000,-0.411372
1.000000,2.400000,-0.574883
1.100000,2.400000,-0.788687
1.200000,2.400000,-1.133235
1.300000,2.400000,
1.400000,2.400000,
1.500000,2.400000,
1.600000,2.400000,
1.700000,2.400000,
1.800000,2.400000,
1.900000,2.400000,
2.000000,2.400000,
2.100000,2.400000,-1.380468
2.200000,2.400000,-0.934122
2.300000,2.400000,-0.753905
2.400000,2.400000,-0.626324
2.500000,2.400000,
2.600000,2.400000,
2.700000,2.400000,
2.800000,2.400000,
2.900000,2.400000,
3.000000,2.400000,
3.100000,2.400000,
3.200000,2.400000,
3.300000,2.400000,
3.400000,2.400000,
3.500000,2.400000,
-3.500000,2.500000,
-3.400000,2.500000,
-3.300000,2.500000,
-3.200000,2.500000,
-3.100000,2.500000,
-3.000000,2.500000,
-2.900000,2.500000,
-2.800000,2.500000,
-2.700000,2.500000,
-2.600000,2.500000,
-2.500000,2.500000,
-2.400000,2.500000,0.489898
-2.300000,2.500000,0.842615
-2.200000,2.500000,1.077033
-2.100000,2.500000,1.260952
-2.000000,2.500000,1.414214
-1.900000,2.500000,1.545962
-1.800000,2.500000,1.626885
-1.700000,2.500000,1.645982
-1.600000,2.500000,1.659766
-1.500000,2.500000,1.668347
-1.400000,2.500000,1.671795
-1.300000,2.500000,1.670137
-1.200000,2.500000,1.663359
-1.100000,2.500000,1.651408
-1.000000,2.500000,1.634187
-0.900000,2.500000,1.611554
-0.800000,2.500000,1.583311
-0.700000,2.500000,1.549200
-0.600000,2.500000,1.508887
-0.500000,2.500000,1.461943
-0.400000,2.500000,1.407818
-0.300000,2.500000,1.345798
-0.200000,2.500000,1.274944
-0.100000,2.500000,1.193989
0.000000,2.500000,1.101167
0.100000,2.500000,0.993904
0.200000,2.500000,0.868188
0.300000,2.500000,0.717118
0.400000,2.500000,0.526708
0.500000,2.500000,0.257188
0.600000,2.500000,-0.108126
0.700000,2.500000,-0.208177
0.800000,2.500000,-0.325226
0.900000,2.500000,-0.465056
1.000000,2.500000,-0.638770
1.100000,2.500000,-0.874236
1.200000,2.500000,-1.364437
1.300000,2.500000,
1.400000,2.500000,
1.500000,2.500000,
1.600000,2.500000,
1.700000,2.500000,
1.800000,2.500000,
1.900000,2.500000,
2.000000,2.500000,
2.100000,2.500000,
2.200000,2.500000,
2.300000,2.500000,
2.400000,2.500000,
2.500000,2.500000,
2.600000,2.500000,
2.700000,2.500000,
2.800000,2.500000,
2.900000,2.500000,
3.000000,2.500000,
3.100000,2.500000,
3.200000,2.500000,
3.300000,2.500000,
3.400000,2.500000,
3.500000,2.500000,
-3.500000,2.600000,
-3.400000,2.600000,
-3.300000,2.600000,
-3.200000,2.600000,
-3.100000,2.600000,
-3.000000,2.600000,
-2.900000,2.600000,
-2.800000,2.600000,
-2.700000,2.600000,
-2.600000,2.600000,
-2.500000,2.600000,
-2.400000,2.600000,
-2.300000,2.600000,0.447214
-2.200000,2.600000,0.806226
-2.100000,2.600000,1.039230
-2.000000,2.600000,1.220656
-1.900000,2.600000,1.371131
-1.800000,2.600000,1.500000
-1.700000,2.600000,1.612452
-1.600000,2.600000,1.639671
-1.500000,2.600000,1.648341
-1.400000,2.600000,1.651825
-1.300000,2.600000,1.650149
-1.200000,2.600000,1.643301
-1.100000,2.600000,1.631225
-1.000000,2.600000,1.613822
-0.900000,2.600000,1.590943
-0.800000,2.600000,1.562386
-0.700000,2.600000,1.527882
-0.600000,2.600000,1.487085
-0.500000,2.600000,1.439549
-0.400000,2.600000,1.384699
-0.300000,2.600000,1.321789
-0.200000,2.600000,1.249829
-0.100000,2.600000,1.167477
0.000000,2.600000,1.072848
0.100000,2.600000,0.963160
0.200000,2.600000,0.834005
0.300000,2.600000,0.677600
0.400000,2.600000,0.477422
0.500000,2.600000,0.180348
0.600000,2.600000,-0.157105
0.700000,2.600000,-0.261125
0.800000,2.600000,-0.383741
0.900000,2.600000,-0.532040
1.000000,2.600000,-0.720658
1.100000,2.600000,-0.993255
1.200000,2.600000,
1.300000,2.600000,
1.400000,2.600000,
1.500000,2.600000,
1.600000,2.600000,
1.700000,2.600000,
1.800000,2.600000,
1.900000,2.600000,
2.000000,2.600000,
2.100000,2.600000,
2.200000,2.600000,
2.300000,2.600000,
2.400000,2.600000,
2.500000,2.600000,
2.600000,2.600000,
2.700000,2.600000,
2.800000,2.600000,
2.900000,2.600000,
3.000000,2.600000,
3.100000,2.600000,
3.200000,2.600000,
3.300000,2.600000,
3.400000,2.600000,
3.500000,2.600000,
-3.500000,2.700000,
-3.400000,2.700000,
-3.300000,2.700000,
-3.200000,2.700000,
-3.100000,2.700000,
-3.000000,2.700000,
-2.900000,2.700000,
-2.800000,2.700000,
-2.700000,2.700000,
-2.600000,2.700000,
-2.500000,2.700000,
-2.400000,2.700000,
-2.300000,2.700000,
-2.200000,2.700000,0.346410
-2.100000,2.700000,0.741620
-2.000000,2.700000,0.979796
-1.900000,2.700000,1.161895
-1.800000,2.700000,1.311488
-1.700000,2.700000,1.438749
-1.600000,2.700000,1.549193
-1.500000,2.700000,1.622901
-1.400000,2.700000,1.626431
-1.300000,2.700000,1.624733
-1.200000,2.700000,1.617793
-1.100000,2.700000,1.605555
-1.000000,2.700000,1.587913
-0.900000,2.700000,1.564715
-0.800000,2.700000,1.535747
-0.700000,2.700000,1.500729
-0.600000,2.700000,1.459298
-0.500000,2.700000,1.410985
-0.400000,2.700000,1.355182
-0.300000,2.700000,1.291096
-0.200000,2.700000,1.217670
-0.100000,2.700000,1.133456
0.000000,2.700000,1.036398
0.100000,2.700000,0.923414
0.200000,2.700000,0.789505
0.300000,2.700000,0.625513
0.400000,2.700000,0.410564
0.500000,2.700000,0.060519
0.600000,2.700000,-0.215748
0.700000,2.700000,-0.324974
0.800000,2.700000,-0.455099
0.900000,2.700000,-0.615360
1.000000,2.700000,-0.827143
1.100000,2.700000,-1.181938
1.200000,2.700000,
1.300000,2.700000,
1.400000,2.700000,
1.500000,2.700000,
1.600000,2.700000,
1.700000,2.700000,
1.800000,2.700000,
1.900000,2.700000,
2.000000,2.700000,
2.100000,2.700000,
2.200000,2.700000,
2.300000,2.700000,
2.400000,2.700000,
2.500000,2.700000,
2.600000,2.700000,
2.700000,2.700000,
2.800000,2.700000,
2.900000,2.700000,
3.000000,2.700000,
3.100000,2.700000,
3.200000,2.700000,
3.300000,2.700000,
3.400000,2.700000,
3.500000,2.700000,
-3.500000,2.800000,
-3.400000,2.800000,
-3.300000,2.800000,
-3.200000,2.800000,
-3.100000,2.800000,
-3.000000,2.800000,
-2.900000,2.800000,
-2.800000,2.800000,
-2.700000,2.800000,
-2.600000,2.800000,
-2.500000,2.800000,
-2.400000,2.800000,
-2.300000,2.800000,
-2.200000,2.800000,
-2.100000,2.800000,
-2.000000,2.800000,0.640312
-1.900000,2.800000,0.894427
-1.800000,2.800000,1.081665
-1.700000,2.800000,1.232883
-1.600000,2.800000,1.360147
-1.500000,2.800000,1.469694
-1.400000,2.800000,1.565248
-1.300000,2.800000,1.593667
-1.200000,2.800000,1.586612
-1.100000,2.800000,1.574169
-1.000000,2.800000,1.556227
-0.900000,2.800000,1.532625
-0.800000,2.800000,1.503138
-0.700000,2.800000,1.467470
-0.600000,2.800000,1.425235
-0.500000,2.800000,1.375933
-0.400000,2.800000,1.318913
-0.300000,2.800000,1.253320
-0.200000,2.800000,1.178002
-0.100000,2.800000,1.091369
0.000000,2.800000,0.991122
0.100000,2.800000,0.873743
0.200000,2.800000,0.733341
0.300000,2.800000,0.558538
0.400000,2.800000,0.320366
0.500000,2.800000,-0.187143
0.600000,2.800000,-0.285460
0.700000,2.800000,-0.401634
0.800000,2.800000,-0.542183
0.900000,2.800000,-0.720277
1.000000,2.800000,-0.973101
1.100000,2.800000,
1.200000,2.800000,
1.300000,2.800000,
1.400000,2.800000,
1.500000,2.800000,
1.600000,2.800000,
1.700000,2.800000,
1.800000,2.800000,
1.900000,2.800000,
2.000000,2.800000,
2.100000,2.800000,
2.200000,2.800000,
2.300000,2.800000,
2.400000,2.800000,
2.500000,2.800000,
2.600000,2.800000,
2.700000,2.800000,
2.800000,2.800000,
2.900000,2.800000,
3.000000,2.800000,
3.100000,2.800000,
3.200000,2.800000,
3.300000,2.800000,
3.400000,2.800000,
3.500000,2.800000,
-3.500000,2.900000,
-3.400000,2.900000,
-3.300000,2.900000,
-3.200000,2.900000,
-3.100000,2.900000,
-3.000000,2.900000,
-2.900000,2.900000,
-2.800000,2.900000,
-2.700000,2.900000,
-2.600000,2.900000,
-2.500000,2.900000,
-2.400000,2.900000,
-2.300000,2.900000,
-2.200000,2.900000,
-2.100000,2.900000,
-2.000000,2.900000,
-1.900000,2.900000,0.479583
-1.800000,2.900000,0.774597
-1.700000,2.900000,0.974679
-1.600000,2.900000,1.131371
-1.500000,2.900000,1.260952
-1.400000,2.900000,1.371131
-1.300000,2.900000,1.466288
-1.200000,2.900000,1.549193
-1.100000,2.900000,1.536773
-1.000000,2.900000,1.518460
-0.900000,2.900000,1.494357
-0.800000,2.900000,1.464226
-0.700000,2.900000,1.427750
-0.600000,2.900000,1.384512
-0.500000,2.900000,1.333972
-0.400000,2.900000,1.275423
-0.300000,2.900000,1.207924
-0.200000,2.900000,1.130198
-0.100000,2.900000,1.040450
0.000000,2.900000,0.936040
0.100000,2.900000,0.812803
0.200000,2.900000,0.663450
0.300000,2.900000,0.472753
0.400000,2.900000,0.193897
0.500000,2.900000,-0.263343
0.600000,2.900000,-0.368296
0.700000,2.900000,-0.494048
0.800000,2.900000,-0.649846
0.900000,2.900000,-0.857379
1.000000,2.900000,-1.214768
1.100000,2.900000,
1.200000,2.900000,
1.300000,2.900000,
1.400000,2.900000,
1.500000,2.900000,
1.600000,2.900000,
1.700000,2.900000,
1.800000,2.900000,
1.900000,2.900000,
2.000000,2.900000,
2.100000,2.900000,
2.200000,2.900000,
2.300000,2.900000,
2.400000,2.900000,
2.500000,2.900000,
2.600000,2.900000,
2.700000,2.900000,
2.800000,2.900000,
2.900000,2.900000,
3.000000,2.900000,
3.100000,2.900000,
3.200000,2.900000,
3.300000,2.900000,
3.400000,2.900000,
3.500000,2.900000,
-3.500000,3.000000,
-3.400000,3.000000,
-3.300000,3.000000,
-3.200000,3.000000,
-3.100000,3.000000,
-3.000000,3.000000,
-2.900000,3.000000,
-2.800000,3.000000,
-2.700000,3.000000,
-2.600000,3.000000,
-2.500000,3.000000,
-2.400000,3.000000,
-2.300000,3.000000,
-2.200000,3.000000,
-2.100000,3.000000,
-2.000000,3.000000,
-1.900000,3.000000,
-1.800000,3.000000,0.100000
-1.700000,3.000000,0.600000
-1.600000,3.000000,0.830662
-1.500000,3.000000,1.000000
-1.400000,3.000000,1.135782
-1.300000,3.000000,1.249000
-1.200000,3.000000,1.345362
-1.100000,3.000000,1.428286
-1.000000,3.000000,1.474220
-0.900000,3.000000,1.449504
-0.800000,3.000000,1.418581
-0.700000,3.000000,1.381107
-0.600000,3.000000,1.336628
-0.500000,3.000000,1.284551
-0.400000,3.000000,1.224089
-0.300000,3.000000,1.154189
-0.200000,3.000000,1.073399
-0.100000,3.000000,0.979636
0.000000,3.000000,0.869754
0.100000,3.000000,0.738590
0.200000,3.000000,0.576509
0.300000,3.000000,0.360738
0.400000,3.000000,-0.015357
0.500000,3.000000,-0.353318
0.600000,3.000000,-0.467428
0.700000,3.000000,-0.607127
0.800000,3.000000,-0.787435
0.900000,3.000000,-1.055911
1.000000,3.000000,
1.100000,3.000000,
1.200000,3.000000,
1.300000,3.000000,
1.400000,3.000000,
1.500000,3.000000,
1.600000,3.000000,
1.700000,3.000000,
1.800000,3.000000,
1.900000,3.000000,
2.000000,3.000000,
2.100000,3.000000,
2.200000,3.000000,
2.300000,3.000000,
2.400000,3.000000,
2.500000,3.000000,
2.600000,3.000000,
2.700000,3.000000,
2.800000,3.000000,
2.900000,3.000000,
3.000000,3.000000,
3.100000,3.000000,
3.200000,3.000000,
3.300000,3.000000,
3.400000,3.000000,
3.500000,3.000000,
-3.500000,3.100000,
-3.400000,3.100000,
-3.300000,3.100000,
-3.200000,3.100000,
-3.100000,3.100000,
-3.000000,3.100000,
-2.900000,3.100000,
-2.800000,3.100000,
-2.700000,3.100000,
-2.600000,3.100000,
-2.500000,3.100000,
-2.400000,3.100000,
-2.300000,3.100000,
-2.200000,3.100000,
-2.100000,3.100000,
-2.000000,3.100000,
-1.900000,3.100000,
-1.800000,3.100000,
-1.700000,3.100000,
-1.600000,3.100000,0.282843
-1.500000,3.100000,0.624500
-1.400000,3.100000,0.824621
-1.300000,3.100000,0.974679
-1.200000,3.100000,1.095445
-1.100000,3.100000,1.195826
-1.000000,3.100000,1.280625
-0.900000,3.100000,1.352775
-0.800000,3.100000,1.365645
-0.700000,3.100000,1.326943
-0.600000,3.100000,1.280929
-0.500000,3.100000,1.226938
-0.400000,3.100000,1.164079
-0.300000,3.100000,1.091141
-0.200000,3.100000,1.006421
-0.100000,3.100000,0.907417
0.000000,3.100000,0.790199
0.100000,3.100000,0.647952
0.200000,3.100000,0.466648
0.300000,3.100000,0.204925
0.400000,3.100000,-0.355975
0.500000,3.100000,-0.460658
0.600000,3.100000,-0.588191
0.700000,3.100000,-0.750238
0.800000,3.100000,-0.978373
0.900000,3.100000,
1.000000,3.100000,
1.100000,3.100000,
1.200000,3.100000,
1.300000,3.100000,
1.400000,3.100000,
1.500000,3.100000,
1.600000,3.100000,
1.700000,3.100000,
1.800000,3.100000,
1.900000,3.100000,
2.000000,3.100000,
2.100000,3.100000,
2.200000,3.100000,
2.300000,3.100000,
2.400000,3.100000,
2.500000,3.100000,
2.600000,3.100000,
2.700000,3.100000,
2.800000,3.100000,
2.900000,3.100000,
3.000000,3.100000,
3.100000,3.100000,
3.200000,3.100000,
3.300000,3.100000,
3.400000,3.100000,
3.500000,3.100000,
-3.500000,3.200000,
-3.400000,3.200000,
-3.300000,3.200000,
-3.200000,3.200000,
-3.100000,3.200000,
-3.000000,3.200000,
-2.900000,3.200000,
-2.800000,3.200000,
-2.700000,3.200000,
-2.600000,3.200000,
-2.500000,3.200000,
-2.400000,3.200000,
-2.300000,3.200000,
-2.200000,3.200000,
-2.100000,3.200000,
-2.000000,3.200000,
-1.900000,3.200000,
-1.800000,3.200000,
-1.700000,3.200000,
-1.600000,3.200000,
-1.500000,3.200000,
-1.400000,3.200000,0.223607
-1.300000,3.200000,0.565685
-1.200000,3.200000,0.754983
-1.100000,3.200000,0.894427
-1.000000,3.200000,1.004988
-0.900000,3.200000,1.095445
-0.800000,3.200000,1.170470
-0.700000,3.200000,1.232883
-0.600000,3.200000,1.216546
-0.500000,3.200000,1.160156
-0.400000,3.200000,1.094264
-0.300000,3.200000,1.017431
-0.200000,3.200000,0.927585
-0.100000,3.200000,0.821567
0.000000,3.200000,0.694157
0.100000,3.200000,0.535482
0.200000,3.200000,0.321596
0.300000,3.200000,-0.075684
0.400000,3.200000,-0.473343
0.500000,3.200000,-0.591540
0.600000,3.200000,-0.740921
0.700000,3.200000,-0.946444
0.800000,3.200000,
0.900000,3.200000,
1.000000,3.200000,
1.100000,3.200000,
1.200000,3.200000,
1.300000,3.200000,
1.400000,3.200000,
1.500000,3.200000,
1.600000,3.200000,
1.700000,3.200000,
1.800000,3.200000,
1.900000,3.200000,
2.000000,3.200000,
2.100000,3.200000,
2.200000,3.200000,
2.300000,3.200000,
2.400000,3.200000,
2.500000,3.200000,
2.600000,3.200000,
2.700000,3.200000,
2.800000,3.200000,
2.900000,3.200000,
3.000000,3.200000,
3.100000,3.200000,
3.200000,3.200000,
3.300000,3.200000,
3.400000,3.200000,
3.500000,3.200000,
-3.500000,3.300000,
-3.400000,3.300000,
-3.300000,3.300000,
-3.200000,3.300000,
-3.100000,3.300000,
-3.000000,3.300000,
-2.900000,3.300000,
-2.800000,3.300000,
-2.700000,3.300000,
-2.600000,3.300000,
-2.500000,3.300000,
-2.400000,3.300000,
-2.300000,3.300000,
-2.200000,3.300000,
-2.100000,3.300000,
-2.000000,3.300000,
-1.900000,3.300000,
-1.800000,3.300000,
-1.700000,3.300000,
-1.600000,3.300000,
-1.500000,3.300000,
-1.400000,3.300000,
-1.300000,3.300000,
-1.200000,3.300000,
-1.100000,3.300000,0.387298
-1.000000,3.300000,0.600000
-0.900000,3.300000,0.741620
-0.800000,3.300000,0.848528
-0.700000,3.300000,0.932738
-0.600000,3.300000,1.000000
-0.500000,3.300000,1.053565
-0.400000,3.300000,1.013066
-0.300000,3.300000,0.931127
-0.200000,3.300000,0.834392
-0.100000,3.300000,0.718607
0.000000,3.300000,0.576146
0.100000,3.300000,0.390407
0.200000,3.300000,0.104066
0.300000,3.300000,-0.506232
0.400000,3.300000,-0.617427
0.500000,3.300000,-0.758424
0.600000,3.300000,-0.952001
0.700000,3.300000,
0.800000,3.300000,
0.900000,3.300000,
1.000000,3.300000,
1.100000,3.300000,
1.200000,3.300000,
1.300000,3.300000,
1.400000,3.300000,
1.500000,3.300000,
1.600000,3.300000,
1.700000,3.300000,
1.800000,3.300000,
1.900000,3.300000,
2.000000,3.300000,
2.100000,3.300000,
2.200000,3.300000,
2.300000,3.300000,
2.400000,3.300000,
2.500000,3.300000,
2.600000,3.300000,
2.700000,3.300000,
2.800000,3.300000,
2.900000,3.300000,
3.000000,3.300000,
3.100000,3.300000,
3.200000,3.300000,
3.300000,3.300000,
3.400000,3.300000,
3.500000,3.300000,
-3.500000,3.400000,
-3.400000,3.400000,
-3.300000,3.400000,
-3.200000,3.400000,
-3.100000,3.400000,
-3.000000,3.400000,
-2.900000,3.400000,
-2.800000,3.400000,
-2.700000,3.400000,
-2.600000,3.400000,
-2.500000,3.400000,
-2.400000,3.400000,
-2.300000,3.400000,
-2.200000,3.400000,
-2.100000,3.400000,
-2.000000,3.400000,
-1.900000,3.400000,
-1.800000,3.400000,
-1.700000,3.400000,
-1.600000,3.400000,
-1.500000,3.400000,
-1.400000,3.400000,
-1.300000,3.400000,
-1.200000,3.400000,
-1.100000,3.400000,
-1.000000,3.400000,
-0.900000,3.400000,
-0.800000,3.400000,0.223607
-0.700000,3.400000,0.447214
-0.600000,3.400000,0.574456
-0.500000,3.400000,0.663325
-0.400000,3.400000,0.728011
-0.300000,3.400000,0.774597
-0.200000,3.400000,0.722881
-0.100000,3.400000,0.592553
0.000000,3.400000,0.425346
0.100000,3.400000,0.183535
0.200000,3.400000,-0.561461
0.300000,3.400000,-0.667971
0.400000,3.400000,
0.500000,3.400000,
0.600000,3.400000,
0.700000,3.400000,
0.800000,3.400000,
0.900000,3.400000,
1.000000,3.400000,
1.100000,3.400000,
1.200000,3.400000,
1.300000,3.400000,
1.400000,3.400000,
1.500000,3.400000,
1.600000,3.400000,
1.700000,3.400000,
1.800000,3.400000,
1.900000,3.400000,
2.000000,3.400000,
2.100000,3.400000,
2.200000,3.400000,
2.300000,3.400000,
2.400000,3.400000,
2.500000,3.400000,
2.600000,3.400000,
2.700000,3.400000,
2.800000,3.400000,
2.900000,3.400000,
3.000000,3.400000,
3.100000,3.400000,
3.200000,3.400000,
3.300000,3.400000,
3.400000,3.400000,
3.500000,3.400000,
-3.500000,3.500000,
-3.400000,3.500000,
-3.300000,3.500000,
-3.200000,3.500000,
-3.100000,3.500000,
-3.000000,3.500000,
-2.900000,3.500000,
-2.800000,3.500000,
-2.700000,3.500000,
-2.600000,3.500000,
-2.500000,3.500000,
-2.400000,3.500000,
-2.300000,3.500000,
-2.200000,3.500000,
-2.100000,3.500000,
-2.000000,3.500000,
-1.900000,3.500000,
-1.800000,3.500000,
-1.700000,3.500000,
-1.600000,3.500000,
-1.500000,3.500000,
-1.400000,3.500000,
-1.300000,3.500000,
-1.200000,3.500000,
-1.100000,3.500000,
-1.000000,3.500000,
-0.900000,3.500000,
-0.800000,3.500000,
-0.700000,3.500000,
-0.600000,3.500000,
-0.500000,3.500000,
-0.400000,3.500000,
-0.300000,3.500000,
-0.200000,3.500000,
-0.100000,3.500000,
0.000000,3.500000,
0.100000,3.500000,
0.200000,3.500000,
0.300000,3.500000,
0.400000,3.500000,
0.500000,3.500000,
0.600000,3.500000,
0.700000,3.500000,
0.800000,3.500000,
0.900000,3.500000,
1.000000,3.500000,
1.100000,3.500000,
1.200000,3.500000,
1.300000,3.500000,
1.400000,3.500000,
1.500000,3.500000,
1.600000,3.500000,
1.700000,3.500000,
1.800000,3.500000,
1.900000,3.500000,
2.000000,3.500000,
2.100000,3.500000,
2.200000,3.500000,
2.300000,3.500000,
2.400000,3.500000,
2.500000,3.500000,
2.600000,3.500000,
2.700000,3.500000,
2.800000,3.500000,
2.900000,3.500000,
3.000000,3.500000,
3.100000,3.500000,
3.200000,3.500000,
3.300000,3.500000,
3.400000,3.500000,
3.500000,3.500000,
