x,y,z
-3.500000,-3.500000,
-3.450000,-3.500000,
-3.400000,-3.500000,
-3.350000,-3.500000,
-3.300000,-3.500000,
-3.250000,-3.500000,
-3.200000,-3.500000,
-3.150000,-3.500000,
-3.100000,-3.500000,
-3.050000,-3.500000,
-3.000000,-3.500000,
-2.950000,-3.500000,
-2.900000,-3.500000,
-2.850000,-3.500000,
-2.800000,-3.500000,
-2.750000,-3.500000,
-2.700000,-3.500000,
-2.650000,-3.500000,
-2.600000,-3.500000,
-2.550000,-3.500000,
-2.500000,-3.500000,
-2.450000,-3.500000,
-2.400000,-3.500000,
-2.350000,-3.500000,
-2.300000,-3.500000,
-2.250000,-3.500000,
-2.200000,-3.500000,
-2.150000,-3.500000,
-2.100000,-3.500000,
-2.050000,-3.500000,
-2.000000,-3.500000,
-1.950000,-3.500000,
-1.900000,-3.500000,
-1.850000,-3.500000,
-1.800000,-3.500000,
-1.750000,-3.500000,
-1.700000,-3.500000,
-1.650000,-3.500000,
-1.600000,-3.500000,
-1.550000,-3.500000,
-1.500000,-3.500000,
-1.450000,-3.500000,
-1.400000,-3.500000,
-1.350000,-3.500000,
-1.300000,-3.500000,
-1.250000,-3.500000,
-1.200000,-3.500000,
-1.150000,-3.500000,
-1.100000,-3.500000,
-1.050000,-3.500000,
-1.000000,-3.500000,
-0.950000,-3.500000,
-0.900000,-3.500000,
-0.850000,-3.500000,
-0.800000,-3.500000,
-0.750000,-3.500000,
-0.700000,-3.500000,
-0.650000,-3.500000,
-0.600000,-3.500000,
-0.550000,-3.500000,
-0.500000,-3.500000,
-0.450000,-3.500000,
-0.400000,-3.500000,
-0.350000,-3.500000,
-0.300000,-3.500000,
-0.250000,-3.500000,
-0.200000,-3.500000,
-0.150000,-3.500000,
-0.100000,-3.500000,
-0.050000,-3.500000,
-0.000000,-3.500000,
0.050000,-3.500000,
0.100000,-3.500000,
0.150000,-3.500000,
0.200000,-3.500000,
0.250000,-3.500000,
0.300000,-3.500000,
0.350000,-3.500000,
0.400000,-3.500000,
0.450000,-3.500000,
0.500000,-3.500000,
0.550000,-3.500000,
0.600000,-3.500000,
0.650000,-3.500000,
0.700000,-3.500000,
0.750000,-3.500000,
0.800000,-3.500000,
0.850000,-3.500000,
0.900000,-3.500000,
0.950000,-3.500000,
1.000000,-3.500000,
1.050000,-3.500000,
1.100000,-3.500000,
1.150000,-3.500000,
1.200000,-3.500000,
1.250000,-3.500000,
1.300000,-3.500000,
1.350000,-3.500000,
1.400000,-3.500000,
1.450000,-3.500000,
1.500000,-3.500000,
1.550000,-3.500000,
1.600000,-3.500000,
1.650000,-3.500000,
1.700000,-3.500000,
1.750000,-3.500000,
1.800000,-3.500000,
1.850000,-3.500000,
1.900000,-3.500000,
1.950000,-3.500000,
2.000000,-3.500000,
2.050000,-3.500000,
2.100000,-3.500000,
2.150000,-3.500000,
2.200000,-3.500000,
2.250000,-3.500000,
2.300000,-3.500000,
2.350000,-3.500000,
2.400000,-3.500000,
2.450000,-3.500000,
2.500000,-3.500000,
2.550000,-3.500000,
2.600000,-3.500000,
2.650000,-3.500000,
2.700000,-3.500000,
2.750000,-3.500000,
2.800000,-3.500000,
2.850000,-3.500000,
2.900000,-3.500000,
2.950000,-3.500000,
3.000000,-3.500000,
3.050000,-3.500000,
3.100000,-3.500000,
3.150000,-3.500000,
3.200000,-3.500000,
3.250000,-3.500000,
3.300000,-3.500000,
3.350000,-3.500000,
3.400000,-3.500000,
3.450000,-3.500000,
3.500000,-3.500000,
-3.500000,-3.450000,
-3.450000,-3.450000,
-3.400000,-3.450000,
-3.350000,-3.450000,
-3.300000,-3.450000,
-3.250000,-3.450000,
-3.200000,-3.450000,
-3.150000,-3.450000,
-3.100000,-3.450000,
-3.050000,-3.450000,
-3.000000,-3.450000,
-2.950000,-3.450000,
-2.900000,-3.450000,
-2.850000,-3.450000,
-2.800000,-3.450000,
-2.750000,-3.450000,
-2.700000,-3.450000,
-2.650000,-3.450000,
-2.600000,-3.450000,
-2.550000,-3.450000,
-2.500000,-3.450000,
-2.450000,-3.450000,
-2.400000,-3.450000,
-2.350000,-3.450000,
-2.300000,-3.450000,
-2.250000,-3.450000,
-2.200000,-3.450000,
-2.150000,-3.450000,
-2.100000,-3.450000,
-2.050000,-3.450000,
-2.000000,-3.450000,
-1.950000,-3.450000,
-1.900000,-3.450000,
-1.850000,-3.450000,
-1.800000,-3.450000,
-1.750000,-3.450000,
-1.700000,-3.450000,
-1.650000,-3.450000,
-1.600000,-3.450000,
-1.550000,-3.450000,
-1.500000,-3.450000,
-1.450000,-3.450000,
-1.400000,-3.450000,
-1.350000,-3.450000,
-1.300000,-3.450000,
-1.250000,-3.450000,
-1.200000,-3.450000,
-1.150000,-3.450000,
-1.100000,-3.450000,
-1.050000,-3.450000,
-1.000000,-3.450000,
-0.950000,-3.450000,
-0.900000,-3.450000,
-0.850000,-3.450000,
-0.800000,-3.450000,
-0.750000,-3.450000,
-0.700000,-3.450000,
-0.650000,-3.450000,
-0.600000,-3.450000,
-0.550000,-3.450000,-0.123913
-0.500000,-3.450000,-0.249193
-0.450000,-3.450000,
-0.400000,-3.450000,
-0.350000,-3.450000,
-0.300000,-3.450000,
-0.250000,-3.450000,
-0.200000,-3.450000,
-0.150000,-3.450000,
-0.100000,-3.450000,
-0.050000,-3.450000,
-0.000000,-3.450000,
0.050000,-3.450000,
0.100000,-3.450000,
0.150000,-3.450000,
0.200000,-3.450000,
0.250000,-3.450000,
0.300000,-3.450000,
0.350000,-3.450000,
0.400000,-3.450000,
0.450000,-3.450000,
0.500000,-3.450000,
0.550000,-3.450000,
0.600000,-3.450000,
0.650000,-3.450000,
0.700000,-3.450000,
0.750000,-3.450000,
0.800000,-3.450000,
0.850000,-3.450000,
0.900000,-3.450000,
0.950000,-3.450000,
1.000000,-3.450000,
1.050000,-3.450000,
1.100000,-3.450000,
1.150000,-3.450000,
1.200000,-3.450000,
1.250000,-3.450000,
1.300000,-3.450000,
1.350000,-3.450000,
1.400000,-3.450000,
1.450000,-3.450000,
1.500000,-3.450000,
1.550000,-3.450000,
1.600000,-3.450000,
1.650000,-3.450000,
1.700000,-3.450000,
1.750000,-3.450000,
1.800000,-3.450000,
1.850000,-3.450000,
1.900000,-3.450000,
1.950000,-3.450000,
2.000000,-3.450000,
2.050000,-3.450000,
2.100000,-3.450000,
2.150000,-3.450000,
2.200000,-3.450000,
2.250000,-3.450000,
2.300000,-3.450000,
2.350000,-3.450000,
2.400000,-3.450000,
2.450000,-3.450000,
2.500000,-3.450000,
2.550000,-3.450000,
2.600000,-3.450000,
2.650000,-3.450000,
2.700000,-3.450000,
2.750000,-3.450000,
2.800000,-3.450000,
2.850000,-3.450000,
2.900000,-3.450000,
2.950000,-3.450000,
3.000000,-3.450000,
3.050000,-3.450000,
3.100000,-3.450000,
3.150000,-3.450000,
3.200000,-3.450000,
3.250000,-3.450000,
3.300000,-3.450000,
3.350000,-3.450000,
3.400000,-3.450000,
3.450000,-3.450000,
3.500000,-3.450000,
-3.500000,-3.400000,
-3.450000,-3.400000,
-3.400000,-3.400000,
-3.350000,-3.400000,
-3.300000,-3.400000,
-3.250000,-3.400000,
-3.200000,-3.400000,
-3.150000,-3.400000,
-3.100000,-3.400000,
-3.050000,-3.400000,
-3.000000,-3.400000,
-2.950000,-3.400000,
-2.900000,-3.400000,
-2.850000,-3.400000,
-2.800000,-3.400000,
-2.750000,-3.400000,
-2.700000,-3.400000,
-2.650000,-3.400000,
-2.600000,-3.400000,
-2.550000,-3.400000,
-2.500000,-3.400000,
-2.450000,-3.400000,
-2.400000,-3.400000,
-2.350000,-3.400000,
-2.300000,-3.400000,
-2.250000,-3.400000,
-2.200000,-3.400000,
-2.150000,-3.400000,
-2.100000,-3.400000,
-2.050000,-3.400000,
-2.000000,-3.400000,
-1.950000,-3.400000,
-1.900000,-3.400000,
-1.850000,-3.400000,
-1.800000,-3.400000,
-1.750000,-3.400000,
-1.700000,-3.400000,
-1.650000,-3.400000,
-1.600000,-3.400000,
-1.550000,-3.400000,
-1.500000,-3.400000,
-1.450000,-3.400000,
-1.400000,-3.400000,
-1.350000,-3.400000,
-1.300000,-3.400000,
-1.250000,-3.400000,
-1.200000,-3.400000,
-1.150000,-3.400000,
-1.100000,-3.400000,
-1.050000,-3.400000,
-1.000000,-3.400000,
-0.950000,-3.400000,
-0.900000,-3.400000,
-0.850000,-3.400000,
-0.800000,-3.400000,0.223607
-0.750000,-3.400000,0.227734
-0.700000,-3.400000,0.153859
-0.650000,-3.400000,0.072021
-0.600000,-3.400000,-0.019941
-0.550000,-3.400000,-0.125519
-0.500000,-3.400000,-0.251097
-0.450000,-3.400000,-0.375490
-0.400000,-3.400000,-0.421896
-0.350000,-3.400000,-0.472009
-0.300000,-3.400000,-0.526294
-0.250000,-3.400000,-0.585345
-0.200000,-3.400000,-0.649948
-0.150000,-3.400000,-0.721173
-0.100000,-3.400000,-0.800550
-0.050000,-3.400000,
-0.000000,-3.400000,
0.050000,-3.400000,
0.100000,-3.400000,
0.150000,-3.400000,
0.200000,-3.400000,
0.250000,-3.400000,
0.300000,-3.400000,
0.350000,-3.400000,
0.400000,-3.400000,
0.450000,-3.400000,
0.500000,-3.400000,
0.550000,-3.400000,
0.600000,-3.400000,
0.650000,-3.400000,
0.700000,-3.400000,
0.750000,-3.400000,
0.800000,-3.400000,
0.850000,-3.400000,
0.900000,-3.400000,
0.950000,-3.400000,
1.000000,-3.400000,
1.050000,-3.400000,
1.100000,-3.400000,
1.150000,-3.400000,
1.200000,-3.400000,
1.250000,-3.400000,
1.300000,-3.400000,
1.350000,-3.400000,
1.400000,-3.400000,
1.450000,-3.400000,
1.500000,-3.400000,
1.550000,-3.400000,
1.600000,-3.400000,
1.650000,-3.400000,
1.700000,-3.400000,
1.750000,-3.400000,
1.800000,-3.400000,
1.850000,-3.400000,
1.900000,-3.400000,
1.950000,-3.400000,
2.000000,-3.400000,
2.050000,-3.400000,
2.100000,-3.400000,
2.150000,-3.400000,
2.200000,-3.400000,
2.250000,-3.400000,
2.300000,-3.400000,
2.350000,-3.400000,
2.400000,-3.400000,
2.450000,-3.400000,
2.500000,-3.400000,
2.550000,-3.400000,
2.600000,-3.400000,
2.650000,-3.400000,
2.700000,-3.400000,
2.750000,-3.400000,
2.800000,-3.400000,
2.850000,-3.400000,
2.900000,-3.400000,
2.950000,-3.400000,
3.000000,-3.400000,
3.050000,-3.400000,
3.100000,-3.400000,
3.150000,-3.400000,
3.200000,-3.400000,
3.250000,-3.400000,
3.300000,-3.400000,
3.350000,-3.400000,
3.400000,-3.400000,
3.450000,-3.400000,
3.500000,-3.400000,
-3.500000,-3.350000,
-3.450000,-3.350000,
-3.400000,-3.350000,
-3.350000,-3.350000,
-3.300000,-3.350000,
-3.250000,-3.350000,
-3.200000,-3.350000,
-3.150000,-3.350000,
-3.100000,-3.350000,
-3.050000,-3.350000,
-3.000000,-3.350000,
-2.950000,-3.350000,
-2.900000,-3.350000,
-2.850000,-3.350000,
-2.800000,-3.350000,
-2.750000,-3.350000,
-2.700000,-3.350000,
-2.650000,-3.350000,
-2.600000,-3.350000,
-2.550000,-3.350000,
-2.500000,-3.350000,
-2.450000,-3.350000,
-2.400000,-3.350000,
-2.350000,-3.350000,
-2.300000,-3.350000,
-2.250000,-3.350000,
-2.200000,-3.350000,
-2.150000,-3.350000,
-2.100000,-3.350000,
-2.050000,-3.350000,
-2.000000,-3.350000,
-1.950000,-3.350000,
-1.900000,-3.350000,
-1.850000,-3.350000,
-1.800000,-3.350000,
-1.750000,-3.350000,
-1.700000,-3.350000,
-1.650000,-3.350000,
-1.600000,-3.350000,
-1.550000,-3.350000,
-1.500000,-3.350000,
-1.450000,-3.350000,
-1.400000,-3.350000,
-1.350000,-3.350000,
-1.300000,-3.350000,
-1.250000,-3.350000,
-1.200000,-3.350000,
-1.150000,-3.350000,
-1.100000,-3.350000,
-1.050000,-3.350000,
-1.000000,-3.350000,0.165831
-0.950000,-3.350000,0.353553
-0.900000,-3.350000,0.411298
-0.850000,-3.350000,0.354017
-0.800000,-3.350000,0.291989
-0.750000,-3.350000,0.224444
-0.700000,-3.350000,0.150342
-0.650000,-3.350000,0.068214
-0.600000,-3.350000,-0.024137
-0.550000,-3.350000,-0.130273
-0.500000,-3.350000,-0.256746
-0.450000,-3.350000,-0.346245
-0.400000,-3.350000,-0.391633
-0.350000,-3.350000,-0.440566
-0.300000,-3.350000,-0.493464
-0.250000,-3.350000,-0.550864
-0.200000,-3.350000,-0.613462
-0.150000,-3.350000,-0.682194
-0.100000,-3.350000,-0.758366
-0.050000,-3.350000,-0.843905
-0.000000,-3.350000,-0.941871
0.050000,-3.350000,
0.100000,-3.350000,
0.150000,-3.350000,
0.200000,-3.350000,
0.250000,-3.350000,
0.300000,-3.350000,
0.350000,-3.350000,
0.400000,-3.350000,
0.450000,-3.350000,
0.500000,-3.350000,
0.550000,-3.350000,
0.600000,-3.350000,
0.650000,-3.350000,
0.700000,-3.350000,
0.750000,-3.350000,
0.800000,-3.350000,
0.850000,-3.350000,
0.900000,-3.350000,
0.950000,-3.350000,
1.000000,-3.350000,
1.050000,-3.350000,
1.100000,-3.350000,
1.150000,-3.350000,
1.200000,-3.350000,
1.250000,-3.350000,
1.300000,-3.350000,
1.350000,-3.350000,
1.400000,-3.350000,
1.450000,-3.350000,
1.500000,-3.350000,
1.550000,-3.350000,
1.600000,-3.350000,
1.650000,-3.350000,
1.700000,-3.350000,
1.750000,-3.350000,
1.800000,-3.350000,
1.850000,-3.350000,
1.900000,-3.350000,
1.950000,-3.350000,
2.000000,-3.350000,
2.050000,-3.350000,
2.100000,-3.350000,
2.150000,-3.350000,
2.200000,-3.350000,
2.250000,-3.350000,
2.300000,-3.350000,
2.350000,-3.350000,
2.400000,-3.350000,
2.450000,-3.350000,
2.500000,-3.350000,
2.550000,-3.350000,
2.600000,-3.350000,
2.650000,-3.350000,
2.700000,-3.350000,
2.750000,-3.350000,
2.800000,-3.350000,
2.850000,-3.350000,
2.900000,-3.350000,
2.950000,-3.350000,
3.000000,-3.350000,
3.050000,-3.350000,
3.100000,-3.350000,
3.150000,-3.350000,
3.200000,-3.350000,
3.250000,-3.350000,
3.300000,-3.350000,
3.350000,-3.350000,
3.400000,-3.350000,
3.450000,-3.350000,
3.500000,-3.350000,
-3.500000,-3.300000,
-3.450000,-3.300000,
-3.400000,-3.300000,
-3.350000,-3.300000,
-3.300000,-3.300000,
-3.250000,-3.300000,
-3.200000,-3.300000,
-3.150000,-3.300000,
-3.100000,-3.300000,
-3.050000,-3.300000,
-3.000000,-3.300000,
-2.950000,-3.300000,
-2.900000,-3.300000,
-2.850000,-3.300000,
-2.800000,-3.300000,
-2.750000,-3.300000,
-2.700000,-3.300000,
-2.650000,-3.300000,
-2.600000,-3.300000,
-2.550000,-3.300000,
-2.500000,-3.300000,
-2.450000,-3.300000,
-2.400000,-3.300000,
-2.350000,-3.300000,
-2.300000,-3.300000,
-2.250000,-3.300000,
-2.200000,-3.300000,
-2.150000,-3.300000,
-2.100000,-3.300000,
-2.050000,-3.300000,
-2.000000,-3.300000,
-1.950000,-3.300000,
-1.900000,-3.300000,
-1.850000,-3.300000,
-1.800000,-3.300000,
-1.750000,-3.300000,
-1.700000,-3.300000,
-1.650000,-3.300000,
-1.600000,-3.300000,
-1.550000,-3.300000,
-1.500000,-3.300000,
-1.450000,-3.300000,
-1.400000,-3.300000,
-1.350000,-3.300000,
-1.300000,-3.300000,
-1.250000,-3.300000,
-1.200000,-3.300000,
-1.150000,-3.300000,0.193649
-1.100000,-3.300000,0.387298
-1.050000,-3.300000,0.507445
-1.000000,-3.300000,0.509465
-0.950000,-3.300000,0.459885
-0.900000,-3.300000,0.406583
-0.850000,-3.300000,0.349090
-0.800000,-3.300000,0.286809
-0.750000,-3.300000,0.218958
-0.700000,-3.300000,0.144475
-0.650000,-3.300000,0.061858
-0.600000,-3.300000,-0.031150
-0.550000,-3.300000,-0.138233
-0.500000,-3.300000,-0.266237
-0.450000,-3.300000,-0.319384
-0.400000,-3.300000,-0.363877
-0.350000,-3.300000,-0.411775
-0.300000,-3.300000,-0.463466
-0.250000,-3.300000,-0.519437
-0.200000,-3.300000,-0.580316
-0.150000,-3.300000,-0.646934
-0.100000,-3.300000,-0.720431
-0.050000,-3.300000,-0.802448
-0.000000,-3.300000,-0.895507
0.050000,-3.300000,-1.003867
0.100000,-3.300000,-1.135904
0.150000,-3.300000,
0.200000,-3.300000,
0.250000,-3.300000,
0.300000,-3.300000,
0.350000,-3.300000,
0.400000,-3.300000,
0.450000,-3.300000,
0.500000,-3.300000,
0.550000,-3.300000,
0.600000,-3.300000,
0.650000,-3.300000,
0.700000,-3.300000,
0.750000,-3.300000,
0.800000,-3.300000,
0.850000,-3.300000,
0.900000,-3.300000,
0.950000,-3.300000,
1.000000,-3.300000,
1.050000,-3.300000,
1.100000,-3.300000,
1.150000,-3.300000,
1.200000,-3.300000,
1.250000,-3.300000,
1.300000,-3.300000,
1.350000,-3.300000,
1.400000,-3.300000,
1.450000,-3.300000,
1.500000,-3.300000,
1.550000,-3.300000,
1.600000,-3.300000,
1.650000,-3.300000,
1.700000,-3.300000,
1.750000,-3.300000,
1.800000,-3.300000,
1.850000,-3.300000,
1.900000,-3.300000,
1.950000,-3.300000,
2.000000,-3.300000,
2.050000,-3.300000,
2.100000,-3.300000,
2.150000,-3.300000,
2.200000,-3.300000,
2.250000,-3.300000,
2.300000,-3.300000,
2.350000,-3.300000,
2.400000,-3.300000,
2.450000,-3.300000,
2.500000,-3.300000,
2.550000,-3.300000,
2.600000,-3.300000,
2.650000,-3.300000,
2.700000,-3.300000,
2.750000,-3.300000,
2.800000,-3.300000,
2.850000,-3.300000,
2.900000,-3.300000,
2.950000,-3.300000,
3.000000,-3.300000,
3.050000,-3.300000,
3.100000,-3.300000,
3.150000,-3.300000,
3.200000,-3.300000,
3.250000,-3.300000,
3.300000,-3.300000,
3.350000,-3.300000,
3.400000,-3.300000,
3.450000,-3.300000,
3.500000,-3.300000,
-3.500000,-3.250000,
-3.450000,-3.250000,
-3.400000,-3.250000,
-3.350000,-3.250000,
-3.300000,-3.250000,
-3.250000,-3.250000,
-3.200000,-3.250000,
-3.150000,-3.250000,
-3.100000,-3.250000,
-3.050000,-3.250000,
-3.000000,-3.250000,
-2.950000,-3.250000,
-2.900000,-3.250000,
-2.850000,-3.250000,
-2.800000,-3.250000,
-2.750000,-3.250000,
-2.700000,-3.250000,
-2.650000,-3.250000,
-2.600000,-3.250000,
-2.550000,-3.250000,
-2.500000,-3.250000,
-2.450000,-3.250000,
-2.400000,-3.250000,
-2.350000,-3.250000,
-2.300000,-3.250000,
-2.250000,-3.250000,
-2.200000,-3.250000,
-2.150000,-3.250000,
-2.100000,-3.250000,
-2.050000,-3.250000,
-2.000000,-3.250000,
-1.950000,-3.250000,
-1.900000,-3.250000,
-1.850000,-3.250000,
-1.800000,-3.250000,
-1.750000,-3.250000,
-1.700000,-3.250000,
-1.650000,-3.250000,
-1.600000,-3.250000,
-1.550000,-3.250000,
-1.500000,-3.250000,
-1.450000,-3.250000,
-1.400000,-3.250000,
-1.350000,-3.250000,
-1.300000,-3.250000,
-1.250000,-3.250000,0.353553
-1.200000,-3.250000,0.497494
-1.150000,-3.250000,0.604152
-1.100000,-3.250000,0.593105
-1.050000,-3.250000,0.549747
-1.000000,-3.250000,0.503323
-0.950000,-3.250000,0.453522
-0.900000,-3.250000,0.399963
-0.850000,-3.250000,0.342169
-0.800000,-3.250000,0.279531
-0.750000,-3.250000,0.211244
-0.700000,-3.250000,0.136220
-0.650000,-3.250000,0.052904
-0.600000,-3.250000,-0.041047
-0.550000,-3.250000,-0.149499
-0.500000,-3.250000,-0.254063
-0.450000,-3.250000,-0.294773
-0.400000,-3.250000,-0.338476
-0.350000,-3.250000,-0.385466
-0.300000,-3.250000,-0.436102
-0.250000,-3.250000,-0.490832
-0.200000,-3.250000,-0.550229
-0.150000,-3.250000,-0.615040
-0.100000,-3.250000,-0.686279
-0.050000,-3.250000,-0.765374
-0.000000,-3.250000,-0.854463
0.050000,-3.250000,-0.957015
0.100000,-3.250000,-1.079406
0.150000,-3.250000,-1.236306
0.200000,-3.250000,
0.250000,-3.250000,
0.300000,-3.250000,
0.350000,-3.250000,
0.400000,-3.250000,
0.450000,-3.250000,
0.500000,-3.250000,
0.550000,-3.250000,
0.600000,-3.250000,
0.650000,-3.250000,
0.700000,-3.250000,
0.750000,-3.250000,
0.800000,-3.250000,
0.850000,-3.250000,
0.900000,-3.250000,
0.950000,-3.250000,
1.000000,-3.250000,
1.050000,-3.250000,
1.100000,-3.250000,
1.150000,-3.250000,
1.200000,-3.250000,
1.250000,-3.250000,
1.300000,-3.250000,
1.350000,-3.250000,
1.400000,-3.250000,
1.450000,-3.250000,
1.500000,-3.250000,
1.550000,-3.250000,
1.600000,-3.250000,
1.650000,-3.250000,
1.700000,-3.250000,
1.750000,-3.250000,
1.800000,-3.250000,
1.850000,-3.250000,
1.900000,-3.250000,
1.950000,-3.250000,
2.000000,-3.250000,
2.050000,-3.250000,
2.100000,-3.250000,
2.150000,-3.250000,
2.200000,-3.250000,
2.250000,-3.250000,
2.300000,-3.250000,
2.350000,-3.250000,
2.400000,-3.250000,
2.450000,-3.250000,
2.500000,-3.250000,
2.550000,-3.250000,
2.600000,-3.250000,
2.650000,-3.250000,
2.700000,-3.250000,
2.750000,-3.250000,
2.800000,-3.250000,
2.850000,-3.250000,
2.900000,-3.250000,
2.950000,-3.250000,
3.000000,-3.250000,
3.050000,-3.250000,
3.100000,-3.250000,
3.150000,-3.250000,
3.200000,-3.250000,
3.250000,-3.250000,
3.300000,-3.250000,
3.350000,-3.250000,
3.400000,-3.250000,
3.450000,-3.250000,
3.500000,-3.250000,
-3.500000,-3.200000,
-3.450000,-3.200000,
-3.400000,-3.200000,
-3.350000,-3.200000,
-3.300000,-3.200000,
-3.250000,-3.200000,
-3.200000,-3.200000,
-3.150000,-3.200000,
-3.100000,-3.200000,
-3.050000,-3.200000,
-3.000000,-3.200000,
-2.950000,-3.200000,
-2.900000,-3.200000,
-2.850000,-3.200000,
-2.800000,-3.200000,
-2.750000,-3.200000,
-2.700000,-3.200000,
-2.650000,-3.200000,
-2.600000,-3.200000,
-2.550000,-3.200000,
-2.500000,-3.200000,
-2.450000,-3.200000,
-2.400000,-3.200000,
-2.350000,-3.200000,
-2.300000,-3.200000,
-2.250000,-3.200000,
-2.200000,-3.200000,
-2.150000,-3.200000,
-2.100000,-3.200000,
-2.050000,-3.200000,
-2.000000,-3.200000,
-1.950000,-3.200000,
-1.900000,-3.200000,
-1.850000,-3.200000,
-1.800000,-3.200000,
-1.750000,-3.200000,
-1.700000,-3.200000,
-1.650000,-3.200000,
-1.600000,-3.200000,
-1.550000,-3.200000,
-1.500000,-3.200000,
-1.450000,-3.200000,
-1.400000,-3.200000,0.223607
-1.350000,-3.200000,0.433013
-1.300000,-3.200000,0.565685
-1.250000,-3.200000,0.668954
-1.200000,-3.200000,0.664514
-1.150000,-3.200000,0.626389
-1.100000,-3.200000,0.585647
-1.050000,-3.200000,0.542069
-1.000000,-3.200000,0.495393
-0.950000,-3.200000,0.445304
-0.900000,-3.200000,0.391410
-0.850000,-3.200000,0.333223
-0.800000,-3.200000,0.270115
-0.750000,-3.200000,0.201257
-0.700000,-3.200000,0.125518
-0.650000,-3.200000,0.041279
-0.600000,-3.200000,-0.053928
-0.550000,-3.200000,-0.164217
-0.500000,-3.200000,-0.232200
-0.450000,-3.200000,-0.272297
-0.400000,-3.200000,-0.315303
-0.350000,-3.200000,-0.361495
-0.300000,-3.200000,-0.411207
-0.250000,-3.200000,-0.464856
-0.200000,-3.200000,-0.522969
-0.150000,-3.200000,-0.586229
-0.100000,-3.200000,-0.655547
-0.050000,-3.200000,-0.732193
-0.000000,-3.200000,-0.818019
0.050000,-3.200000,-0.915941
0.100000,-3.200000,-1.031057
0.150000,-3.200000,-1.174027
0.200000,-3.200000,-1.377644
0.250000,-3.200000,
0.300000,-3.200000,
0.350000,-3.200000,
0.400000,-3.200000,
0.450000,-3.200000,
0.500000,-3.200000,
0.550000,-3.200000,
0.600000,-3.200000,
0.650000,-3.200000,
0.700000,-3.200000,
0.750000,-3.200000,
0.800000,-3.200000,
0.850000,-3.200000,
0.900000,-3.200000,
0.950000,-3.200000,
1.000000,-3.200000,
1.050000,-3.200000,
1.100000,-3.200000,
1.150000,-3.200000,
1.200000,-3.200000,
1.250000,-3.200000,
1.300000,-3.200000,
1.350000,-3.200000,
1.400000,-3.200000,
1.450000,-3.200000,
1.500000,-3.200000,
1.550000,-3.200000,
1.600000,-3.200000,
1.650000,-3.200000,
1.700000,-3.200000,
1.750000,-3.200000,
1.800000,-3.200000,
1.850000,-3.200000,
1.900000,-3.200000,
1.950000,-3.200000,
2.000000,-3.200000,
2.050000,-3.200000,
2.100000,-3.200000,
2.150000,-3.200000,
2.200000,-3.200000,
2.250000,-3.200000,
2.300000,-3.200000,
2.350000,-3.200000,
2.400000,-3.200000,
2.450000,-3.200000,
2.500000,-3.200000,
2.550000,-3.200000,
2.600000,-3.200000,
2.650000,-3.200000,
2.700000,-3.200000,
2.750000,-3.200000,
2.800000,-3.200000,
2.850000,-3.200000,
2.900000,-3.200000,
2.950000,-3.200000,
3.000000,-3.200000,
3.050000,-3.200000,
3.100000,-3.200000,
3.150000,-3.200000,
3.200000,-3.200000,
3.250000,-3.200000,
3.300000,-3.200000,
3.350000,-3.200000,
3.400000,-3.200000,
3.450000,-3.200000,
3.500000,-3.200000,
-3.500000,-3.150000,
-3.450000,-3.150000,
-3.400000,-3.150000,
-3.350000,-3.150000,
-3.300000,-3.150000,
-3.250000,-3.150000,
-3.200000,-3.150000,
-3.150000,-3.150000,
-3.100000,-3.150000,
-3.050000,-3.150000,
-3.000000,-3.150000,
-2.950000,-3.150000,
-2.900000,-3.150000,
-2.850000,-3.150000,
-2.800000,-3.150000,
-2.750000,-3.150000,
-2.700000,-3.150000,
-2.650000,-3.150000,
-2.600000,-3.150000,
-2.550000,-3.150000,
-2.500000,-3.150000,
-2.450000,-3.150000,
-2.400000,-3.150000,
-2.350000,-3.150000,
-2.300000,-3.150000,
-2.250000,-3.150000,
-2.200000,-3.150000,
-2.150000,-3.150000,
-2.100000,-3.150000,
-2.050000,-3.150000,
-2.000000,-3.150000,
-1.950000,-3.150000,
-1.900000,-3.150000,
-1.850000,-3.150000,
-1.800000,-3.150000,
-1.750000,-3.150000,
-1.700000,-3.150000,
-1.650000,-3.150000,
-1.600000,-3.150000,
-1.550000,-3.150000,
-1.500000,-3.150000,0.278388
-1.450000,-3.150000,0.474342
-1.400000,-3.150000,0.606218
-1.350000,-3.150000,0.710634
-1.300000,-3.150000,0.725283
-1.250000,-3.150000,0.691695
-1.200000,-3.150000,0.655811
-1.150000,-3.150000,0.617471
-1.100000,-3.150000,0.576486
-1.050000,-3.150000,0.532634
-1.000000,-3.150000,0.485646
-0.950000,-3.150000,0.435197
-0.900000,-3.150000,0.380886
-0.850000,-3.150000,0.322207
-0.800000,-3.150000,0.258511
-0.750000,-3.150000,0.188935
-0.700000,-3.150000,0.112296
-0.650000,-3.150000,0.026885
-0.600000,-3.150000,-0.069926
-0.550000,-3.150000,-0.175368
-0.500000,-3.150000,-0.212303
-0.450000,-3.150000,-0.251859
-0.400000,-3.150000,-0.294251
-0.350000,-3.150000,-0.339741
-0.300000,-3.150000,-0.388644
-0.250000,-3.150000,-0.441350
-0.200000,-3.150000,-0.498349
-0.150000,-3.150000,-0.560272
-0.100000,-3.150000,-0.627950
-0.050000,-3.150000,-0.702526
-0.000000,-3.150000,-0.785639
0.050000,-3.150000,-0.879804
0.100000,-3.150000,-0.989248
0.150000,-3.150000,-1.122228
0.200000,-3.150000,-1.300278
0.250000,-3.150000,
0.300000,-3.150000,
0.350000,-3.150000,
0.400000,-3.150000,
0.450000,-3.150000,
0.500000,-3.150000,
0.550000,-3.150000,
0.600000,-3.150000,
0.650000,-3.150000,
0.700000,-3.150000,
0.750000,-3.150000,
0.800000,-3.150000,
0.850000,-3.150000,
0.900000,-3.150000,
0.950000,-3.150000,
1.000000,-3.150000,
1.050000,-3.150000,
1.100000,-3.150000,
1.150000,-3.150000,
1.200000,-3.150000,
1.250000,-3.150000,
1.300000,-3.150000,
1.350000,-3.150000,
1.400000,-3.150000,
1.450000,-3.150000,
1.500000,-3.150000,
1.550000,-3.150000,
1.600000,-3.150000,
1.650000,-3.150000,
1.700000,-3.150000,
1.750000,-3.150000,
1.800000,-3.150000,
1.850000,-3.150000,
1.900000,-3.150000,
1.950000,-3.150000,
2.000000,-3.150000,
2.050000,-3.150000,
2.100000,-3.150000,
2.150000,-3.150000,
2.200000,-3.150000,
2.250000,-3.150000,
2.300000,-3.150000,
2.350000,-3.150000,
2.400000,-3.150000,
2.450000,-3.150000,
2.500000,-3.150000,
2.550000,-3.150000,
2.600000,-3.150000,
2.650000,-3.150000,
2.700000,-3.150000,
2.750000,-3.150000,
2.800000,-3.150000,
2.850000,-3.150000,
2.900000,-3.150000,
2.950000,-3.150000,
3.000000,-3.150000,
3.050000,-3.150000,
3.100000,-3.150000,
3.150000,-3.150000,
3.200000,-3.150000,
3.250000,-3.150000,
3.300000,-3.150000,
3.350000,-3.150000,
3.400000,-3.150000,
3.450000,-3.150000,
3.500000,-3.150000,
-3.500000,-3.100000,
-3.450000,-3.100000,
-3.400000,-3.100000,
-3.350000,-3.100000,
-3.300000,-3.100000,
-3.250000,-3.100000,
-3.200000,-3.100000,
-3.150000,-3.100000,
-3.100000,-3.100000,
-3.050000,-3.100000,
-3.000000,-3.100000,
-2.950000,-3.100000,
-2.900000,-3.100000,
-2.850000,-3.100000,
-2.800000,-3.100000,
-2.750000,-3.100000,
-2.700000,-3.100000,
-2.650000,-3.100000,
-2.600000,-3.100000,
-2.550000,-3.100000,
-2.500000,-3.100000,
-2.450000,-3.100000,
-2.400000,-3.100000,
-2.350000,-3.100000,
-2.300000,-3.100000,
-2.250000,-3.100000,
-2.200000,-3.100000,
-2.150000,-3.100000,
-2.100000,-3.100000,
-2.050000,-3.100000,
-2.000000,-3.100000,
-1.950000,-3.100000,
-1.900000,-3.100000,
-1.850000,-3.100000,
-1.800000,-3.100000,
-1.750000,-3.100000,
-1.700000,-3.100000,
-1.650000,-3.100000,
-1.600000,-3.100000,0.282843
-1.550000,-3.100000,0.487340
-1.500000,-3.100000,0.624500
-1.450000,-3.100000,0.733144
-1.400000,-3.100000,0.824621
-1.350000,-3.100000,0.820649
-1.300000,-3.100000,0.715378
-1.250000,-3.100000,0.681582
-1.200000,-3.100000,0.645467
-1.150000,-3.100000,0.606868
-1.100000,-3.100000,0.565591
-1.050000,-3.100000,0.521408
-1.000000,-3.100000,0.474043
-0.950000,-3.100000,0.423159
-0.900000,-3.100000,0.368342
-0.850000,-3.100000,0.309067
-0.800000,-3.100000,0.244654
-0.750000,-3.100000,0.174200
-0.700000,-3.100000,0.096454
-0.650000,-3.100000,0.009594
-0.600000,-3.100000,-0.089221
-0.550000,-3.100000,-0.157785
-0.500000,-3.100000,-0.194297
-0.450000,-3.100000,-0.233375
-0.400000,-3.100000,-0.275227
-0.350000,-3.100000,-0.320100
-0.300000,-3.100000,-0.368296
-0.250000,-3.100000,-0.420180
-0.200000,-3.100000,-0.476213
-0.150000,-3.100000,-0.536982
-0.100000,-3.100000,-0.603255
-0.050000,-3.100000,-0.676074
-0.000000,-3.100000,-0.756916
0.050000,-3.100000,-0.847993
0.100000,-3.100000,-0.952918
0.150000,-3.100000,-1.078390
0.200000,-3.100000,-1.240087
0.250000,-3.100000,-1.507516
0.300000,-3.100000,
0.350000,-3.100000,
0.400000,-3.100000,
0.450000,-3.100000,
0.500000,-3.100000,
0.550000,-3.100000,
0.600000,-3.100000,
0.650000,-3.100000,
0.700000,-3.100000,
0.750000,-3.100000,
0.800000,-3.100000,
0.850000,-3.100000,
0.900000,-3.100000,
0.950000,-3.100000,
1.000000,-3.100000,
1.050000,-3.100000,
1.100000,-3.100000,
1.150000,-3.100000,
1.200000,-3.100000,
1.250000,-3.100000,
1.300000,-3.100000,
1.350000,-3.100000,
1.400000,-3.100000,
1.450000,-3.100000,
1.500000,-3.100000,
1.550000,-3.100000,
1.600000,-3.100000,
1.650000,-3.100000,
1.700000,-3.100000,
1.750000,-3.100000,
1.800000,-3.100000,
1.850000,-3.100000,
1.900000,-3.100000,
1.950000,-3.100000,
2.000000,-3.100000,
2.050000,-3.100000,
2.100000,-3.100000,
2.150000,-3.100000,
2.200000,-3.100000,
2.250000,-3.100000,
2.300000,-3.100000,
2.350000,-3.100000,
2.400000,-3.100000,
2.450000,-3.100000,
2.500000,-3.100000,
2.550000,-3.100000,
2.600000,-3.100000,
2.650000,-3.100000,
2.700000,-3.100000,
2.750000,-3.100000,
2.800000,-3.100000,
2.850000,-3.100000,
2.900000,-3.100000,
2.950000,-3.100000,
3.000000,-3.100000,
3.050000,-3.100000,
3.100000,-3.100000,
3.150000,-3.100000,
3.200000,-3.100000,
3.250000,-3.100000,
3.300000,-3.100000,
3.350000,-3.100000,
3.400000,-3.100000,
3.450000,-3.100000,
3.500000,-3.100000,
-3.500000,-3.050000,
-3.450000,-3.050000,
-3.400000,-3.050000,
-3.350000,-3.050000,
-3.300000,-3.050000,
-3.250000,-3.050000,
-3.200000,-3.050000,
-3.150000,-3.050000,
-3.100000,-3.050000,
-3.050000,-3.050000,
-3.000000,-3.050000,
-2.950000,-3.050000,
-2.900000,-3.050000,
-2.850000,-3.050000,
-2.800000,-3.050000,
-2.750000,-3.050000,
-2.700000,-3.050000,
-2.650000,-3.050000,
-2.600000,-3.050000,
-2.550000,-3.050000,
-2.500000,-3.050000,
-2.450000,-3.050000,
-2.400000,-3.050000,
-2.350000,-3.050000,
-2.300000,-3.050000,
-2.250000,-3.050000,
-2.200000,-3.050000,
-2.150000,-3.050000,
-2.100000,-3.050000,
-2.050000,-3.050000,
-2.000000,-3.050000,
-1.950000,-3.050000,
-1.900000,-3.050000,
-1.850000,-3.050000,
-1.800000,-3.050000,
-1.750000,-3.050000,
-1.700000,-3.050000,0.239792
-1.650000,-3.050000,0.474342
-1.600000,-3.050000,0.622495
-1.550000,-3.050000,0.738241
-1.500000,-3.050000,0.835165
-1.450000,-3.050000,0.919239
-1.400000,-3.050000,0.946466
-1.350000,-3.050000,0.826486
-1.300000,-3.050000,0.703876
-1.250000,-3.050000,0.669837
-1.200000,-3.050000,0.633449
-1.150000,-3.050000,0.594544
-1.100000,-3.050000,0.552923
-1.050000,-3.050000,0.508349
-1.000000,-3.050000,0.460537
-0.950000,-3.050000,0.409138
-0.900000,-3.050000,0.353719
-0.850000,-3.050000,0.293732
-0.800000,-3.050000,0.228462
-0.750000,-3.050000,0.156953
-0.700000,-3.050000,0.077868
-0.650000,-3.050000,-0.010759
-0.600000,-3.050000,-0.108189
-0.550000,-3.050000,-0.141976
-0.500000,-3.050000,-0.178114
-0.450000,-3.050000,-0.216773
-0.400000,-3.050000,-0.258151
-0.350000,-3.050000,-0.302486
-0.300000,-3.050000,-0.350064
-0.250000,-3.050000,-0.401234
-0.200000,-3.050000,-0.456431
-0.150000,-3.050000,-0.516205
-0.100000,-3.050000,-0.581274
-0.050000,-3.050000,-0.652601
-0.000000,-3.050000,-0.731531
0.050000,-3.050000,-0.820052
0.100000,-3.050000,-0.921323
0.150000,-3.050000,-1.040980
0.200000,-3.050000,-1.191234
0.250000,-3.050000,-1.413532
0.300000,-3.050000,
0.350000,-3.050000,
0.400000,-3.050000,
0.450000,-3.050000,
0.500000,-3.050000,
0.550000,-3.050000,
0.600000,-3.050000,
0.650000,-3.050000,
0.700000,-3.050000,
0.750000,-3.050000,
0.800000,-3.050000,
0.850000,-3.050000,
0.900000,-3.050000,
0.950000,-3.050000,
1.000000,-3.050000,
1.050000,-3.050000,
1.100000,-3.050000,
1.150000,-3.050000,-1.196831
1.200000,-3.050000,-1.114727
1.250000,-3.050000,-1.055093
1.300000,-3.050000,-1.008828
1.350000,-3.050000,-0.972076
1.400000,-3.050000,-0.942785
1.450000,-3.050000,
1.500000,-3.050000,
1.550000,-3.050000,
1.600000,-3.050000,
1.650000,-3.050000,
1.700000,-3.050000,
1.750000,-3.050000,
1.800000,-3.050000,
1.850000,-3.050000,
1.900000,-3.050000,
1.950000,-3.050000,
2.000000,-3.050000,
2.050000,-3.050000,
2.100000,-3.050000,
2.150000,-3.050000,
2.200000,-3.050000,
2.250000,-3.050000,
2.300000,-3.050000,
2.350000,-3.050000,
2.400000,-3.050000,
2.450000,-3.050000,
2.500000,-3.050000,
2.550000,-3.050000,
2.600000,-3.050000,
2.650000,-3.050000,
2.700000,-3.050000,
2.750000,-3.050000,
2.800000,-3.050000,
2.850000,-3.050000,
2.900000,-3.050000,
2.950000,-3.050000,
3.000000,-3.050000,
3.050000,-3.050000,
3.100000,-3.050000,
3.150000,-3.050000,
3.200000,-3.050000,
3.250000,-3.050000,
3.300000,-3.050000,
3.350000,-3.050000,
3.400000,-3.050000,
3.450000,-3.050000,
3.500000,-3.050000,
-3.500000,-3.000000,
-3.450000,-3.000000,
-3.400000,-3.000000,
-3.350000,-3.000000,
-3.300000,-3.000000,
-3.250000,-3.000000,
-3.200000,-3.000000,
-3.150000,-3.000000,
-3.100000,-3.000000,
-3.050000,-3.000000,
-3.000000,-3.000000,
-2.950000,-3.000000,
-2.900000,-3.000000,
-2.850000,-3.000000,
-2.800000,-3.000000,
-2.750000,-3.000000,
-2.700000,-3.000000,
-2.650000,-3.000000,
-2.600000,-3.000000,
-2.550000,-3.000000,
-2.500000,-3.000000,
-2.450000,-3.000000,
-2.400000,-3.000000,
-2.350000,-3.000000,
-2.300000,-3.000000,
-2.250000,-3.000000,
-2.200000,-3.000000,
-2.150000,-3.000000,
-2.100000,-3.000000,
-2.050000,-3.000000,
-2.000000,-3.000000,
-1.950000,-3.000000,
-1.900000,-3.000000,
-1.850000,-3.000000,
-1.800000,-3.000000,0.100000
-1.750000,-3.000000,0.433013
-1.700000,-3.000000,0.600000
-1.650000,-3.000000,0.726292
-1.600000,-3.000000,0.830662
-1.550000,-3.000000,0.920598
-1.500000,-3.000000,1.000000
-1.450000,-3.000000,1.050103
-1.400000,-3.000000,0.948399
-1.350000,-3.000000,0.828747
-1.300000,-3.000000,0.690745
-1.250000,-3.000000,0.656423
-1.200000,-3.000000,0.619719
-1.150000,-3.000000,0.580459
-1.100000,-3.000000,0.538437
-1.050000,-3.000000,0.493407
-1.000000,-3.000000,0.445073
-0.950000,-3.000000,0.393070
-0.900000,-3.000000,0.336945
-0.850000,-3.000000,0.276119
-0.800000,-3.000000,0.209835
-0.750000,-3.000000,0.137071
-0.700000,-3.000000,0.056383
-0.650000,-3.000000,-0.034384
-0.600000,-3.000000,-0.094391
-0.550000,-3.000000,-0.127887
-0.500000,-3.000000,-0.163699
-0.450000,-3.000000,-0.201992
-0.400000,-3.000000,-0.242958
-0.350000,-3.000000,-0.286825
-0.300000,-3.000000,-0.333867
-0.250000,-3.000000,-0.384419
-0.200000,-3.000000,-0.438894
-0.150000,-3.000000,-0.497814
-0.100000,-3.000000,-0.561854
-0.050000,-3.000000,-0.631913
-0.000000,-3.000000,-0.709236
0.050000,-3.000000,-0.795632
0.100000,-3.000000,-0.893924
0.150000,-3.000000,-1.008991
0.200000,-3.000000,-1.150821
0.250000,-3.000000,-1.348491
0.300000,-3.000000,
0.350000,-3.000000,
0.400000,-3.000000,
0.450000,-3.000000,
0.500000,-3.000000,
0.550000,-3.000000,
0.600000,-3.000000,
0.650000,-3.000000,
0.700000,-3.000000,
0.750000,-3.000000,
0.800000,-3.000000,
0.850000,-3.000000,
0.900000,-3.000000,
0.950000,-3.000000,-1.366106
1.000000,-3.000000,-1.177495
1.050000,-3.000000,-1.079315
1.100000,-3.000000,-1.007478
1.150000,-3.000000,-0.950602
1.200000,-3.000000,-0.904036
1.250000,-3.000000,-0.865333
1.300000,-3.000000,-0.833024
1.350000,-3.000000,-0.806152
1.400000,-3.000000,-0.784065
1.450000,-3.000000,-0.766302
1.500000,-3.000000,-0.752535
1.550000,-3.000000,-0.742532
1.600000,-3.000000,-0.736137
1.650000,-3.000000,
1.700000,-3.000000,
1.750000,-3.000000,
1.800000,-3.000000,
1.850000,-3.000000,
1.900000,-3.000000,
1.950000,-3.000000,
2.000000,-3.000000,
2.050000,-3.000000,
2.100000,-3.000000,
2.150000,-3.000000,
2.200000,-3.000000,
2.250000,-3.000000,
2.300000,-3.000000,
2.350000,-3.000000,
2.400000,-3.000000,
2.450000,-3.000000,
2.500000,-3.000000,
2.550000,-3.000000,
2.600000,-3.000000,
2.650000,-3.000000,
2.700000,-3.000000,
2.750000,-3.000000,
2.800000,-3.000000,
2.850000,-3.000000,
2.900000,-3.000000,
2.950000,-3.000000,
3.000000,-3.000000,
3.050000,-3.000000,
3.100000,-3.000000,
3.150000,-3.000000,
3.200000,-3.000000,
3.250000,-3.000000,
3.300000,-3.000000,
3.350000,-3.000000,
3.400000,-3.000000,
3.450000,-3.000000,
3.500000,-3.000000,
-3.500000,-2.950000,
-3.450000,-2.950000,
-3.400000,-2.950000,
-3.350000,-2.950000,
-3.300000,-2.950000,
-3.250000,-2.950000,
-3.200000,-2.950000,
-3.150000,-2.950000,
-3.100000,-2.950000,
-3.050000,-2.950000,
-3.000000,-2.950000,
-2.950000,-2.950000,
-2.900000,-2.950000,
-2.850000,-2.950000,
-2.800000,-2.950000,
-2.750000,-2.950000,
-2.700000,-2.950000,
-2.650000,-2.950000,
-2.600000,-2.950000,
-2.550000,-2.950000,
-2.500000,-2.950000,
-2.450000,-2.950000,
-2.400000,-2.950000,
-2.350000,-2.950000,
-2.300000,-2.950000,
-2.250000,-2.950000,
-2.200000,-2.950000,
-2.150000,-2.950000,
-2.100000,-2.950000,
-2.050000,-2.950000,
-2.000000,-2.950000,
-1.950000,-2.950000,
-1.900000,-2.950000,
-1.850000,-2.950000,0.353553
-1.800000,-2.950000,0.554527
-1.750000,-2.950000,0.696419
-1.700000,-2.950000,0.810864
-1.650000,-2.950000,0.908295
-1.600000,-2.950000,0.993730
-1.550000,-2.950000,1.070047
-1.500000,-2.950000,1.138368
-1.450000,-2.950000,1.049127
-1.400000,-2.950000,0.947302
-1.350000,-2.950000,0.827464
-1.300000,-2.950000,0.678085
-1.250000,-2.950000,0.641297
-1.200000,-2.950000,0.604229
-1.150000,-2.950000,0.564561
-1.100000,-2.950000,0.522077
-1.050000,-2.950000,0.476521
-1.000000,-2.950000,0.427583
-0.950000,-2.950000,0.374880
-0.900000,-2.950000,0.317932
-0.850000,-2.950000,0.256126
-0.800000,-2.950000,0.188651
-0.750000,-2.950000,0.114403
-0.700000,-2.950000,0.031802
-0.650000,-2.950000,-0.051140
-0.600000,-2.950000,-0.082230
-0.550000,-2.950000,-0.115472
-0.500000,-2.950000,-0.151002
-0.450000,-2.950000,-0.188979
-0.400000,-2.950000,-0.229588
-0.350000,-2.950000,-0.273051
-0.300000,-2.950000,-0.319633
-0.250000,-2.950000,-0.369654
-0.200000,-2.950000,-0.423511
-0.150000,-2.950000,-0.481702
-0.100000,-2.950000,-0.544868
-0.050000,-2.950000,-0.613857
-0.000000,-2.950000,-0.689830
0.050000,-2.950000,-0.774462
0.100000,-2.950000,-0.870318
0.150000,-2.950000,-0.981724
0.200000,-2.950000,-1.117164
0.250000,-2.950000,-1.298944
0.300000,-2.950000,
0.350000,-2.950000,
0.400000,-2.950000,
0.450000,-2.950000,
0.500000,-2.950000,
0.550000,-2.950000,
0.600000,-2.950000,
0.650000,-2.950000,
0.700000,-2.950000,
0.750000,-2.950000,
0.800000,-2.950000,
0.850000,-2.950000,-1.261626
0.900000,-2.950000,-1.113663
0.950000,-2.950000,-1.018374
1.000000,-2.950000,-0.945315
1.050000,-2.950000,-0.885861
1.100000,-2.950000,-0.836080
1.150000,-2.950000,-0.793784
1.200000,-2.950000,-0.757609
1.250000,-2.950000,-0.726645
1.300000,-2.950000,-0.700248
1.350000,-2.950000,-0.677954
1.400000,-2.950000,-0.659418
1.450000,-2.950000,-0.644381
1.500000,-2.950000,-0.632652
1.550000,-2.950000,-0.624091
1.600000,-2.950000,-0.618600
1.650000,-2.950000,-0.616120
1.700000,-2.950000,-0.616623
1.750000,-2.950000,-0.620115
1.800000,-2.950000,
1.850000,-2.950000,
1.900000,-2.950000,
1.950000,-2.950000,
2.000000,-2.950000,
2.050000,-2.950000,
2.100000,-2.950000,
2.150000,-2.950000,
2.200000,-2.950000,
2.250000,-2.950000,
2.300000,-2.950000,
2.350000,-2.950000,
2.400000,-2.950000,
2.450000,-2.950000,
2.500000,-2.950000,
2.550000,-2.950000,
2.600000,-2.950000,
2.650000,-2.950000,
2.700000,-2.950000,
2.750000,-2.950000,
2.800000,-2.950000,
2.850000,-2.950000,
2.900000,-2.950000,
2.950000,-2.950000,
3.000000,-2.950000,
3.050000,-2.950000,
3.100000,-2.950000,
3.150000,-2.950000,
3.200000,-2.950000,
3.250000,-2.950000,
3.300000,-2.950000,
3.350000,-2.950000,
3.400000,-2.950000,
3.450000,-2.950000,
3.500000,-2.950000,
-3.500000,-2.900000,
-3.450000,-2.900000,
-3.400000,-2.900000,
-3.350000,-2.900000,
-3.300000,-2.900000,
-3.250000,-2.900000,
-3.200000,-2.900000,
-3.150000,-2.900000,
-3.100000,-2.900000,
-3.050000,-2.900000,
-3.000000,-2.900000,
-2.950000,-2.900000,
-2.900000,-2.900000,
-2.850000,-2.900000,
-2.800000,-2.900000,
-2.750000,-2.900000,
-2.700000,-2.900000,
-2.650000,-2.900000,
-2.600000,-2.900000,
-2.550000,-2.900000,
-2.500000,-2.900000,
-2.450000,-2.900000,
-2.400000,-2.900000,
-2.350000,-2.900000,
-2.300000,-2.900000,
-2.250000,-2.900000,
-2.200000,-2.900000,
-2.150000,-2.900000,
-2.100000,-2.900000,
-2.050000,-2.900000,
-2.000000,-2.900000,
-1.950000,-2.900000,0.193649
-1.900000,-2.900000,0.479583
-1.850000,-2.900000,0.646142
-1.800000,-2.900000,0.774597
-1.750000,-2.900000,0.881760
-1.700000,-2.900000,0.974679
-1.650000,-2.900000,1.057119
-1.600000,-2.900000,1.131371
-1.550000,-2.900000,1.198958
-1.500000,-2.900000,1.135011
-1.450000,-2.900000,1.045447
-1.400000,-2.900000,0.943166
-1.350000,-2.900000,0.822620
-1.300000,-2.900000,0.671927
-1.250000,-2.900000,0.624409
-1.200000,-2.900000,0.586927
-1.150000,-2.900000,0.546792
-1.100000,-2.900000,0.503779
-1.050000,-2.900000,0.457619
-1.000000,-2.900000,0.407987
-0.950000,-2.900000,0.354476
-0.900000,-2.900000,0.296576
-0.850000,-2.900000,0.233630
-0.800000,-2.900000,0.164761
-0.750000,-2.900000,0.088761
-0.700000,-2.900000,0.003879
-0.650000,-2.900000,-0.040774
-0.600000,-2.900000,-0.071669
-0.550000,-2.900000,-0.104695
-0.500000,-2.900000,-0.139983
-0.450000,-2.900000,-0.177689
-0.400000,-2.900000,-0.217995
-0.350000,-2.900000,-0.261114
-0.300000,-2.900000,-0.307303
-0.250000,-2.900000,-0.356873
-0.200000,-2.900000,-0.410207
-0.150000,-2.900000,-0.467782
-0.100000,-2.900000,-0.530213
-0.050000,-2.900000,-0.598304
-0.000000,-2.900000,-0.673154
0.050000,-2.900000,-0.756329
0.100000,-2.900000,-0.850197
0.150000,-2.900000,-0.958674
0.200000,-2.900000,-1.089190
0.250000,-2.900000,-1.259918
0.300000,-2.900000,-1.571668
0.350000,-2.900000,
0.400000,-2.900000,
0.450000,-2.900000,
0.500000,-2.900000,
0.550000,-2.900000,
0.600000,-2.900000,
0.650000,-2.900000,
0.700000,-2.900000,
0.750000,-2.900000,-1.250282
0.800000,-2.900000,-1.093027
0.850000,-2.900000,-0.991153
0.900000,-2.900000,-0.912516
0.950000,-2.900000,-0.848017
1.000000,-2.900000,-0.793509
1.050000,-2.900000,-0.746683
1.100000,-2.900000,-0.706095
1.150000,-2.900000,-0.670777
1.200000,-2.900000,-0.640044
1.250000,-2.900000,-0.613393
1.300000,-2.900000,-0.590447
1.350000,-2.900000,-0.570917
1.400000,-2.900000,-0.554581
1.450000,-2.900000,-0.541267
1.500000,-2.900000,-0.530846
1.550000,-2.900000,-0.523220
1.600000,-2.900000,-0.518320
1.650000,-2.900000,-0.516105
1.700000,-2.900000,-0.516554
1.750000,-2.900000,-0.519673
1.800000,-2.900000,-0.525487
1.850000,-2.900000,-0.534048
1.900000,-2.900000,
1.950000,-2.900000,
2.000000,-2.900000,
2.050000,-2.900000,
2.100000,-2.900000,
2.150000,-2.900000,
2.200000,-2.900000,
2.250000,-2.900000,
2.300000,-2.900000,
2.350000,-2.900000,
2.400000,-2.900000,
2.450000,-2.900000,
2.500000,-2.900000,
2.550000,-2.900000,
2.600000,-2.900000,
2.650000,-2.900000,
2.700000,-2.900000,
2.750000,-2.900000,
2.800000,-2.900000,
2.850000,-2.900000,
2.900000,-2.900000,
2.950000,-2.900000,
3.000000,-2.900000,
3.050000,-2.900000,
3.100000,-2.900000,
3.150000,-2.900000,
3.200000,-2.900000,
3.250000,-2.900000,
3.300000,-2.900000,
3.350000,-2.900000,
3.400000,-2.900000,
3.450000,-2.900000,
3.500000,-2.900000,
-3.500000,-2.850000,
-3.450000,-2.850000,
-3.400000,-2.850000,
-3.350000,-2.850000,
-3.300000,-2.850000,
-3.250000,-2.850000,
-3.200000,-2.850000,
-3.150000,-2.850000,
-3.100000,-2.850000,
-3.050000,-2.850000,
-3.000000,-2.850000,
-2.950000,-2.850000,
-2.900000,-2.850000,
-2.850000,-2.850000,
-2.800000,-2.850000,
-2.750000,-2.850000,
-2.700000,-2.850000,
-2.650000,-2.850000,
-2.600000,-2.850000,
-2.550000,-2.850000,
-2.500000,-2.850000,
-2.450000,-2.850000,
-2.400000,-2.850000,
-2.350000,-2.850000,
-2.300000,-2.850000,
-2.250000,-2.850000,
-2.200000,-2.850000,
-2.150000,-2.850000,
-2.100000,-2.850000,
-2.050000,-2.850000,
-2.000000,-2.850000,0.357071
-1.950000,-2.850000,0.570088
-1.900000,-2.850000,0.719375
-1.850000,-2.850000,0.839643
-1.800000,-2.850000,0.942072
-1.750000,-2.850000,1.031988
-1.700000,-2.850000,1.112430
-1.650000,-2.850000,1.185327
-1.600000,-2.850000,1.251998
-1.550000,-2.850000,1.209574
-1.500000,-2.850000,1.129165
-1.450000,-2.850000,1.039029
-1.400000,-2.850000,0.935942
-1.350000,-2.850000,0.814139
-1.300000,-2.850000,0.661080
-1.250000,-2.850000,0.605700
-1.200000,-2.850000,0.567748
-1.150000,-2.850000,0.527082
-1.100000,-2.850000,0.483467
-1.050000,-2.850000,0.436619
-1.000000,-2.850000,0.386190
-0.950000,-2.850000,0.331750
-0.900000,-2.850000,0.272751
-0.850000,-2.850000,0.208481
-0.800000,-2.850000,0.137981
-0.750000,-2.850000,0.059914
-0.700000,-2.850000,-0.003214
-0.650000,-2.850000,-0.031947
-0.600000,-2.850000,-0.062678
-0.550000,-2.850000,-0.095521
-0.500000,-2.850000,-0.130607
-0.450000,-2.850000,-0.168086
-0.400000,-2.850000,-0.208136
-0.350000,-2.850000,-0.250967
-0.300000,-2.850000,-0.296828
-0.250000,-2.850000,-0.346022
-0.200000,-2.850000,-0.398919
-0.150000,-2.850000,-0.455983
-0.100000,-2.850000,-0.517803
-0.050000,-2.850000,-0.585153
-0.000000,-2.850000,-0.659080
0.050000,-2.850000,-0.741065
0.100000,-2.850000,-0.833325
0.150000,-2.850000,-0.939472
0.200000,-2.850000,-1.066175
0.250000,-2.850000,-1.228928
0.300000,-2.850000,-1.494255
0.350000,-2.850000,
0.400000,-2.850000,
0.450000,-2.850000,
0.500000,-2.850000,
0.550000,-2.850000,
0.600000,-2.850000,
0.650000,-2.850000,-1.308564
0.700000,-2.850000,-1.107801
0.750000,-2.850000,-0.991672
0.800000,-2.850000,-0.903814
0.850000,-2.850000,-0.832149
0.900000,-2.850000,-0.771565
0.950000,-2.850000,-0.719320
1.000000,-2.850000,-0.673739
1.050000,-2.850000,-0.633712
1.100000,-2.850000,-0.598460
1.150000,-2.850000,-0.567414
1.200000,-2.850000,-0.540146
1.250000,-2.850000,-0.516327
1.300000,-2.850000,-0.495699
1.350000,-2.850000,-0.478061
1.400000,-2.850000,-0.463253
1.450000,-2.850000,-0.451150
1.500000,-2.850000,-0.441655
1.550000,-2.850000,-0.434695
1.600000,-2.850000,-0.430219
1.650000,-2.850000,-0.428193
1.700000,-2.850000,-0.428605
1.750000,-2.850000,-0.431455
1.800000,-2.850000,-0.436765
1.850000,-2.850000,-0.444575
1.900000,-2.850000,-0.454941
1.950000,-2.850000,-0.467945
2.000000,-2.850000,
2.050000,-2.850000,
2.100000,-2.850000,
2.150000,-2.850000,
2.200000,-2.850000,
2.250000,-2.850000,
2.300000,-2.850000,
2.350000,-2.850000,
2.400000,-2.850000,
2.450000,-2.850000,
2.500000,-2.850000,
2.550000,-2.850000,
2.600000,-2.850000,
2.650000,-2.850000,
2.700000,-2.850000,
2.750000,-2.850000,
2.800000,-2.850000,
2.850000,-2.850000,
2.900000,-2.850000,
2.950000,-2.850000,
3.000000,-2.850000,
3.050000,-2.850000,
3.100000,-2.850000,
3.150000,-2.850000,
3.200000,-2.850000,
3.250000,-2.850000,
3.300000,-2.850000,
3.350000,-2.850000,
3.400000,-2.850000,
3.450000,-2.850000,
3.500000,-2.850000,
-3.500000,-2.800000,
-3.450000,-2.800000,
-3.400000,-2.800000,
-3.350000,-2.800000,
-3.300000,-2.800000,
-3.250000,-2.800000,
-3.200000,-2.800000,
-3.150000,-2.800000,
-3.100000,-2.800000,
-3.050000,-2.800000,
-3.000000,-2.800000,
-2.950000,-2.800000,
-2.900000,-2.800000,
-2.850000,-2.800000,
-2.800000,-2.800000,
-2.750000,-2.800000,
-2.700000,-2.800000,
-2.650000,-2.800000,
-2.600000,-2.800000,
-2.550000,-2.800000,
-2.500000,-2.800000,
-2.450000,-2.800000,
-2.400000,-2.800000,
-2.350000,-2.800000,
-2.300000,-2.800000,
-2.250000,-2.800000,
-2.200000,-2.800000,
-2.150000,-2.800000,
-2.100000,-2.800000,
-2.050000,-2.800000,0.455522
-2.000000,-2.800000,0.640312
-1.950000,-2.800000,0.779423
-1.900000,-2.800000,0.894427
-1.850000,-2.800000,0.993730
-1.800000,-2.800000,1.081665
-1.750000,-2.800000,1.160819
-1.700000,-2.800000,1.232883
-1.650000,-2.800000,1.299038
-1.600000,-2.800000,1.275014
-1.550000,-2.800000,1.201817
-1.500000,-2.800000,1.120784
-1.450000,-2.800000,1.029816
-1.400000,-2.800000,0.925548
-1.350000,-2.800000,0.801886
-1.300000,-2.800000,0.645253
-1.250000,-2.800000,0.585104
-1.200000,-2.800000,0.546620
-1.150000,-2.800000,0.505353
-1.100000,-2.800000,0.461053
-1.050000,-2.800000,0.413420
-1.000000,-2.800000,0.362081
-0.950000,-2.800000,0.306575
-0.900000,-2.800000,0.246307
-0.850000,-2.800000,0.180498
-0.800000,-2.800000,0.108087
-0.750000,-2.800000,0.030700
-0.700000,-2.800000,0.003977
-0.650000,-2.800000,-0.024634
-0.600000,-2.800000,-0.055231
-0.550000,-2.800000,-0.087925
-0.500000,-2.800000,-0.122844
-0.450000,-2.800000,-0.160138
-0.400000,-2.800000,-0.199979
-0.350000,-2.800000,-0.242574
-0.300000,-2.800000,-0.288168
-0.250000,-2.800000,-0.337055
-0.200000,-2.800000,-0.389597
-0.150000,-2.800000,-0.446245
-0.100000,-2.800000,-0.507570
-0.050000,-2.800000,-0.574322
-0.000000,-2.800000,-0.647506
0.050000,-2.800000,-0.728538
0.100000,-2.800000,-0.819522
0.150000,-2.800000,-0.923839
0.200000,-2.800000,-1.047615
0.250000,-2.800000,-1.204538
0.300000,-2.800000,-1.445699
0.350000,-2.800000,
0.400000,-2.800000,
0.450000,-2.800000,
0.500000,-2.800000,
0.550000,-2.800000,
0.600000,-2.800000,-1.163315
0.650000,-2.800000,-1.020030
0.700000,-2.800000,-0.918038
0.750000,-2.800000,-0.836564
0.800000,-2.800000,-0.768268
0.850000,-2.800000,-0.709519
0.900000,-2.800000,-0.658204
0.950000,-2.800000,-0.612962
1.000000,-2.800000,-0.572859
1.050000,-2.800000,-0.537220
1.100000,-2.800000,-0.505543
1.150000,-2.800000,-0.477444
1.200000,-2.800000,-0.452620
1.250000,-2.800000,-0.430834
1.300000,-2.800000,-0.411896
1.350000,-2.800000,-0.395652
1.400000,-2.800000,-0.381981
1.450000,-2.800000,-0.370784
1.500000,-2.800000,-0.361987
1.550000,-2.800000,-0.355531
1.600000,-2.800000,-0.351376
1.650000,-2.800000,-0.349495
1.700000,-2.800000,-0.349877
1.750000,-2.800000,-0.352524
1.800000,-2.800000,-0.357452
1.850000,-2.800000,-0.364693
1.900000,-2.800000,-0.374293
1.950000,-2.800000,-0.386316
2.000000,-2.800000,-0.400843
2.050000,-2.800000,-0.417982
2.100000,-2.800000,
2.150000,-2.800000,
2.200000,-2.800000,
2.250000,-2.800000,
2.300000,-2.800000,
2.350000,-2.800000,
2.400000,-2.800000,
2.450000,-2.800000,
2.500000,-2.800000,
2.550000,-2.800000,
2.600000,-2.800000,
2.650000,-2.800000,
2.700000,-2.800000,
2.750000,-2.800000,
2.800000,-2.800000,
2.850000,-2.800000,
2.900000,-2.800000,
2.950000,-2.800000,
3.000000,-2.800000,
3.050000,-2.800000,
3.100000,-2.800000,
3.150000,-2.800000,
3.200000,-2.800000,
3.250000,-2.800000,
3.300000,-2.800000,
3.350000,-2.800000,
3.400000,-2.800000,
3.450000,-2.800000,
3.500000,-2.800000,
-3.500000,-2.750000,
-3.450000,-2.750000,
-3.400000,-2.750000,
-3.350000,-2.750000,
-3.300000,-2.750000,
-3.250000,-2.750000,
-3.200000,-2.750000,
-3.150000,-2.750000,
-3.100000,-2.750000,
-3.050000,-2.750000,
-3.000000,-2.750000,
-2.950000,-2.750000,
-2.900000,-2.750000,
-2.850000,-2.750000,
-2.800000,-2.750000,
-2.750000,-2.750000,
-2.700000,-2.750000,
-2.650000,-2.750000,
-2.600000,-2.750000,
-2.550000,-2.750000,
-2.500000,-2.750000,
-2.450000,-2.750000,
-2.400000,-2.750000,
-2.350000,-2.750000,
-2.300000,-2.750000,
-2.250000,-2.750000,
-2.200000,-2.750000,
-2.150000,-2.750000,0.254951
-2.100000,-2.750000,0.526783
-2.050000,-2.750000,0.696419
-2.000000,-2.750000,0.829156
-1.950000,-2.750000,0.940744
-1.900000,-2.750000,1.038027
-1.850000,-2.750000,1.124722
-1.800000,-2.750000,1.203121
-1.750000,-2.750000,1.274755
-1.700000,-2.750000,1.340709
-1.650000,-2.750000,1.332811
-1.600000,-2.750000,1.265516
-1.550000,-2.750000,1.191670
-1.500000,-2.750000,1.109804
-1.450000,-2.750000,1.017722
-1.400000,-2.750000,0.911858
-1.350000,-2.750000,0.785650
-1.300000,-2.750000,0.623976
-1.250000,-2.750000,0.562541
-1.200000,-2.750000,0.523457
-1.150000,-2.750000,0.481510
-1.100000,-2.750000,0.436433
-1.050000,-2.750000,0.387906
-1.000000,-2.750000,0.335528
-0.950000,-2.750000,0.278796
-0.900000,-2.750000,0.217061
-0.850000,-2.750000,0.149459
-0.800000,-2.750000,0.074800
-0.750000,-2.750000,0.036334
-0.700000,-2.750000,0.009698
-0.650000,-2.750000,-0.018817
-0.600000,-2.750000,-0.049308
-0.550000,-2.750000,-0.081884
-0.500000,-2.750000,-0.116672
-0.450000,-2.750000,-0.153819
-0.400000,-2.750000,-0.193496
-0.350000,-2.750000,-0.235906
-0.300000,-2.750000,-0.281289
-0.250000,-2.750000,-0.329935
-0.200000,-2.750000,-0.382199
-0.150000,-2.750000,-0.438521
-0.100000,-2.750000,-0.499460
-0.050000,-2.750000,-0.565745
-0.000000,-2.750000,-0.638351
0.050000,-2.750000,-0.718647
0.100000,-2.750000,-0.808649
0.150000,-2.750000,-0.911571
0.200000,-2.750000,-1.033150
0.250000,-2.750000,-1.185851
0.300000,-2.750000,-1.412282
0.350000,-2.750000,
0.400000,-2.750000,
0.450000,-2.750000,
0.500000,-2.750000,-1.298047
0.550000,-2.750000,-1.082530
0.600000,-2.750000,-0.957147
0.650000,-2.750000,-0.861714
0.700000,-2.750000,-0.783343
0.750000,-2.750000,-0.716581
0.800000,-2.750000,-0.658506
0.850000,-2.750000,-0.607329
0.900000,-2.750000,-0.561865
0.950000,-2.750000,-0.521279
1.000000,-2.750000,-0.484958
1.050000,-2.750000,-0.452439
1.100000,-2.750000,-0.423362
1.150000,-2.750000,-0.397443
1.200000,-2.750000,-0.374456
1.250000,-2.750000,-0.354216
1.300000,-2.750000,-0.336574
1.350000,-2.750000,-0.321408
1.400000,-2.750000,-0.308622
1.450000,-2.750000,-0.298136
1.500000,-2.750000,-0.289887
1.550000,-2.750000,-0.283828
1.600000,-2.750000,-0.279926
1.650000,-2.750000,-0.278159
1.700000,-2.750000,-0.278518
1.750000,-2.750000,-0.281004
1.800000,-2.750000,-0.285631
1.850000,-2.750000,-0.292425
1.900000,-2.750000,-0.301423
1.950000,-2.750000,-0.312679
2.000000,-2.750000,-0.326259
2.050000,-2.750000,-0.342248
2.100000,-2.750000,-0.360752
2.150000,-2.750000,
2.200000,-2.750000,
2.250000,-2.750000,
2.300000,-2.750000,
2.350000,-2.750000,
2.400000,-2.750000,
2.450000,-2.750000,
2.500000,-2.750000,
2.550000,-2.750000,
2.600000,-2.750000,
2.650000,-2.750000,
2.700000,-2.750000,
2.750000,-2.750000,
2.800000,-2.750000,
2.850000,-2.750000,
2.900000,-2.750000,
2.950000,-2.750000,
3.000000,-2.750000,
3.050000,-2.750000,
3.100000,-2.750000,
3.150000,-2.750000,
3.200000,-2.750000,
3.250000,-2.750000,
3.300000,-2.750000,
3.350000,-2.750000,
3.400000,-2.750000,
3.450000,-2.750000,
3.500000,-2.750000,
-3.500000,-2.700000,
-3.450000,-2.700000,
-3.400000,-2.700000,
-3.350000,-2.700000,
-3.300000,-2.700000,
-3.250000,-2.700000,
-3.200000,-2.700000,
-3.150000,-2.700000,
-3.100000,-2.700000,
-3.050000,-2.700000,
-3.000000,-2.700000,
-2.950000,-2.700000,
-2.900000,-2.700000,
-2.850000,-2.700000,
-2.800000,-2.700000,
-2.750000,-2.700000,
-2.700000,-2.700000,
-2.650000,-2.700000,
-2.600000,-2.700000,
-2.550000,-2.700000,
-2.500000,-2.700000,
-2.450000,-2.700000,
-2.400000,-2.700000,
-2.350000,-2.700000,
-2.300000,-2.700000,
-2.250000,-2.700000,
-2.200000,-2.700000,0.346410
-2.150000,-2.700000,0.580948
-2.100000,-2.700000,0.741620
-2.050000,-2.700000,0.870345
-2.000000,-2.700000,0.979796
-1.950000,-2.700000,1.075872
-1.900000,-2.700000,1.161895
-1.850000,-2.700000,1.239960
-1.800000,-2.700000,1.311488
-1.750000,-2.700000,1.377498
-1.700000,-2.700000,1.384016
-1.650000,-2.700000,1.321688
-1.600000,-2.700000,1.253732
-1.550000,-2.700000,1.179062
-1.500000,-2.700000,1.096137
-1.450000,-2.700000,1.002627
-1.400000,-2.700000,0.894698
-1.350000,-2.700000,0.765131
-1.300000,-2.700000,0.596515
-1.250000,-2.700000,0.537920
-1.200000,-2.700000,0.498160
-1.150000,-2.700000,0.455443
-1.100000,-2.700000,0.409485
-1.050000,-2.700000,0.359939
-1.000000,-2.700000,0.306370
-0.950000,-2.700000,0.248227
-0.900000,-2.700000,0.184791
-0.850000,-2.700000,0.115091
-0.800000,-2.700000,0.065318
-0.750000,-2.700000,0.040536
-0.700000,-2.700000,0.013964
-0.650000,-2.700000,-0.014481
-0.600000,-2.700000,-0.044893
-0.550000,-2.700000,-0.077382
-0.500000,-2.700000,-0.112073
-0.450000,-2.700000,-0.149111
-0.400000,-2.700000,-0.188667
-0.350000,-2.700000,-0.230939
-0.300000,-2.700000,-0.276167
-0.250000,-2.700000,-0.324635
-0.200000,-2.700000,-0.376693
-0.150000,-2.700000,-0.432775
-0.100000,-2.700000,-0.493431
-0.050000,-2.700000,-0.559372
-0.000000,-2.700000,-0.631556
0.050000,-2.700000,-0.711313
0.100000,-2.700000,-0.800602
0.150000,-2.700000,-0.902517
0.200000,-2.700000,-1.022529
0.250000,-2.700000,-1.172290
0.300000,-2.700000,-1.389458
0.350000,-2.700000,
0.400000,-2.700000,
0.450000,-2.700000,-1.203437
0.500000,-2.700000,-1.027924
0.550000,-2.700000,-0.910464
0.600000,-2.700000,-0.818092
0.650000,-2.700000,-0.741006
0.700000,-2.700000,-0.674663
0.750000,-2.700000,-0.616509
0.800000,-2.700000,-0.564939
0.850000,-2.700000,-0.518863
0.900000,-2.700000,-0.477504
0.950000,-2.700000,-0.440286
1.000000,-2.700000,-0.406768
1.050000,-2.700000,-0.376603
1.100000,-2.700000,-0.349519
1.150000,-2.700000,-0.325293
1.200000,-2.700000,-0.303745
1.250000,-2.700000,-0.284727
1.300000,-2.700000,-0.268117
1.350000,-2.700000,-0.253816
1.400000,-2.700000,-0.241742
1.450000,-2.700000,-0.231828
1.500000,-2.700000,-0.224024
1.550000,-2.700000,-0.218288
1.600000,-2.700000,-0.214592
1.650000,-2.700000,-0.212918
1.700000,-2.700000,-0.213258
1.750000,-2.700000,-0.215613
1.800000,-2.700000,-0.219995
1.850000,-2.700000,-0.226426
1.900000,-2.700000,-0.234938
1.950000,-2.700000,-0.245574
2.000000,-2.700000,-0.258392
2.050000,-2.700000,-0.273463
2.100000,-2.700000,-0.290874
2.150000,-2.700000,-0.310731
2.200000,-2.700000,-0.333165
2.250000,-2.700000,
2.300000,-2.700000,
2.350000,-2.700000,
2.400000,-2.700000,
2.450000,-2.700000,
2.500000,-2.700000,
2.550000,-2.700000,
2.600000,-2.700000,
2.650000,-2.700000,
2.700000,-2.700000,
2.750000,-2.700000,
2.800000,-2.700000,
2.850000,-2.700000,
2.900000,-2.700000,
2.950000,-2.700000,
3.000000,-2.700000,
3.050000,-2.700000,
3.100000,-2.700000,
3.150000,-2.700000,
3.200000,-2.700000,
3.250000,-2.700000,
3.300000,-2.700000,
3.350000,-2.700000,
3.400000,-2.700000,
3.450000,-2.700000,
3.500000,-2.700000,
-3.500000,-2.650000,
-3.450000,-2.650000,
-3.400000,-2.650000,
-3.350000,-2.650000,
-3.300000,-2.650000,
-3.250000,-2.650000,
-3.200000,-2.650000,
-3.150000,-2.650000,
-3.100000,-2.650000,
-3.050000,-2.650000,
-3.000000,-2.650000,
-2.950000,-2.650000,
-2.900000,-2.650000,
-2.850000,-2.650000,
-2.800000,-2.650000,
-2.750000,-2.650000,
-2.700000,-2.650000,
-2.650000,-2.650000,
-2.600000,-2.650000,
-2.550000,-2.650000,
-2.500000,-2.650000,
-2.450000,-2.650000,
-2.400000,-2.650000,
-2.350000,-2.650000,
-2.300000,-2.650000,
-2.250000,-2.650000,0.406202
-2.200000,-2.650000,0.622495
-2.150000,-2.650000,0.777817
-2.100000,-2.650000,0.904157
-2.050000,-2.650000,1.012423
-2.000000,-2.650000,1.107926
-1.950000,-2.650000,1.193734
-1.900000,-2.650000,1.271810
-1.850000,-2.650000,1.343503
-1.800000,-2.650000,1.409787
-1.750000,-2.650000,1.429404
-1.700000,-2.650000,1.371348
-1.650000,-2.650000,1.308355
-1.600000,-2.650000,1.239588
-1.550000,-2.650000,1.163906
-1.500000,-2.650000,1.079669
-1.450000,-2.650000,0.984375
-1.400000,-2.650000,0.873830
-1.350000,-2.650000,0.739901
-1.300000,-2.650000,0.561713
-1.250000,-2.650000,0.511135
-1.200000,-2.650000,0.470611
-1.150000,-2.650000,0.427023
-1.100000,-2.650000,0.380064
-1.050000,-2.650000,0.329355
-1.000000,-2.650000,0.274419
-0.950000,-2.650000,0.214645
-0.900000,-2.650000,0.149224
-0.850000,-2.650000,0.091090
-0.800000,-2.650000,0.068058
-0.750000,-2.650000,0.043314
-0.700000,-2.650000,0.016785
-0.650000,-2.650000,-0.011613
-0.600000,-2.650000,-0.041973
-0.550000,-2.650000,-0.074405
-0.500000,-2.650000,-0.109032
-0.450000,-2.650000,-0.145999
-0.400000,-2.650000,-0.185475
-0.350000,-2.650000,-0.227657
-0.300000,-2.650000,-0.272782
-0.250000,-2.650000,-0.321134
-0.200000,-2.650000,-0.373057
-0.150000,-2.650000,-0.428982
-0.100000,-2.650000,-0.489451
-0.050000,-2.650000,-0.555169
-0.000000,-2.650000,-0.627076
0.050000,-2.650000,-0.706483
0.100000,-2.650000,-0.795307
0.150000,-2.650000,-0.896571
0.200000,-2.650000,-1.015578
0.250000,-2.650000,-1.163484
0.300000,-2.650000,-1.375152
0.350000,-2.650000,
0.400000,-2.650000,-1.151775
0.450000,-2.650000,-0.990178
0.500000,-2.650000,-0.876048
0.550000,-2.650000,-0.784689
0.600000,-2.650000,-0.707703
0.650000,-2.650000,-0.641003
0.700000,-2.650000,-0.582227
0.750000,-2.650000,-0.529865
0.800000,-2.650000,-0.482880
0.850000,-2.650000,-0.440523
0.900000,-2.650000,-0.402237
0.950000,-2.650000,-0.367592
1.000000,-2.650000,-0.336249
1.050000,-2.650000,-0.307938
1.100000,-2.650000,-0.282438
1.150000,-2.650000,-0.259571
1.200000,-2.650000,-0.239187
1.250000,-2.650000,-0.221163
1.300000,-2.650000,-0.205398
1.350000,-2.650000,-0.191807
1.400000,-2.650000,-0.180320
1.450000,-2.650000,-0.170880
1.500000,-2.650000,-0.163444
1.550000,-2.650000,-0.157976
1.600000,-2.650000,-0.154451
1.650000,-2.650000,-0.152855
1.700000,-2.650000,-0.153179
1.750000,-2.650000,-0.155425
1.800000,-2.650000,-0.159604
1.850000,-2.650000,-0.165733
1.900000,-2.650000,-0.173842
1.950000,-2.650000,-0.183967
2.000000,-2.650000,-0.196158
2.050000,-2.650000,-0.205193
2.100000,-2.650000,-0.105704
2.150000,-2.650000,-0.045476
2.200000,-2.650000,-0.002877
2.250000,-2.650000,0.028235
2.300000,-2.650000,
2.350000,-2.650000,
2.400000,-2.650000,
2.450000,-2.650000,
2.500000,-2.650000,
2.550000,-2.650000,
2.600000,-2.650000,
2.650000,-2.650000,
2.700000,-2.650000,
2.750000,-2.650000,
2.800000,-2.650000,
2.850000,-2.650000,
2.900000,-2.650000,
2.950000,-2.650000,
3.000000,-2.650000,
3.050000,-2.650000,
3.100000,-2.650000,
3.150000,-2.650000,
3.200000,-2.650000,
3.250000,-2.650000,
3.300000,-2.650000,
3.350000,-2.650000,
3.400000,-2.650000,
3.450000,-2.650000,
3.500000,-2.650000,
-3.500000,-2.600000,
-3.450000,-2.600000,
-3.400000,-2.600000,
-3.350000,-2.600000,
-3.300000,-2.600000,
-3.250000,-2.600000,
-3.200000,-2.600000,
-3.150000,-2.600000,
-3.100000,-2.600000,
-3.050000,-2.600000,
-3.000000,-2.600000,
-2.950000,-2.600000,
-2.900000,-2.600000,
-2.850000,-2.600000,
-2.800000,-2.600000,
-2.750000,-2.600000,
-2.700000,-2.600000,
-2.650000,-2.600000,
-2.600000,-2.600000,
-2.550000,-2.600000,
-2.500000,-2.600000,
-2.450000,-2.600000,
-2.400000,-2.600000,
-2.350000,-2.600000,
-2.300000,-2.600000,0.447214
-2.250000,-2.600000,0.653835
-2.200000,-2.600000,0.806226
-2.150000,-2.600000,0.931397
-2.100000,-2.600000,1.039230
-2.050000,-2.600000,1.134681
-2.000000,-2.600000,1.220656
-1.950000,-2.600000,1.299038
-1.900000,-2.600000,1.371131
-1.850000,-2.600000,1.437880
-1.800000,-2.600000,1.469562
-1.750000,-2.600000,1.415248
-1.700000,-2.600000,1.356528
-1.650000,-2.600000,1.292737
-1.600000,-2.600000,1.222995
-1.550000,-2.600000,1.146087
-1.500000,-2.600000,1.060252
-1.450000,-2.600000,0.962759
-1.400000,-2.600000,0.848934
-1.350000,-2.600000,0.709355
-1.300000,-2.600000,0.520536
-1.250000,-2.600000,0.482064
-1.200000,-2.600000,0.440676
-1.150000,-2.600000,0.396100
-1.100000,-2.600000,0.347999
-1.050000,-2.600000,0.295957
-1.000000,-2.600000,0.239444
-0.950000,-2.600000,0.177774
-0.900000,-2.600000,0.113785
-0.850000,-2.600000,0.092417
-0.800000,-2.600000,0.069402
-0.750000,-2.600000,0.044677
-0.700000,-2.600000,0.018168
-0.650000,-2.600000,-0.010207
-0.600000,-2.600000,-0.040542
-0.550000,-2.600000,-0.072945
-0.500000,-2.600000,-0.107541
-0.450000,-2.600000,-0.144473
-0.400000,-2.600000,-0.183910
-0.350000,-2.600000,-0.226048
-0.300000,-2.600000,-0.271124
-0.250000,-2.600000,-0.319418
-0.200000,-2.600000,-0.371276
-0.150000,-2.600000,-0.427124
-0.100000,-2.600000,-0.487502
-0.050000,-2.600000,-0.553111
-0.000000,-2.600000,-0.624884
0.050000,-2.600000,-0.704120
0.100000,-2.600000,-0.792719
0.150000,-2.600000,-0.893668
0.200000,-2.600000,-1.012190
0.250000,-2.600000,-1.159211
0.300000,-2.600000,-1.368338
0.350000,-2.600000,-1.122416
0.400000,-2.600000,-0.965380
0.450000,-2.600000,-0.851797
0.500000,-2.600000,-0.760028
0.550000,-2.600000,-0.682264
0.600000,-2.600000,-0.614608
0.650000,-2.600000,-0.554778
0.700000,-2.600000,-0.501301
0.750000,-2.600000,-0.453159
0.800000,-2.600000,-0.409615
0.850000,-2.600000,-0.370115
0.900000,-2.600000,-0.334232
0.950000,-2.600000,-0.301627
1.000000,-2.600000,-0.272030
1.050000,-2.600000,-0.245221
1.100000,-2.600000,-0.221016
1.150000,-2.600000,-0.199267
1.200000,-2.600000,-0.179846
1.250000,-2.600000,-0.162650
1.300000,-2.600000,-0.147590
1.350000,-2.600000,-0.134594
1.400000,-2.600000,-0.123600
1.450000,-2.600000,-0.114560
1.500000,-2.600000,-0.107434
1.550000,-2.600000,-0.102193
1.600000,-2.600000,-0.098813
1.650000,-2.600000,-0.097282
1.700000,-2.600000,-0.097593
1.750000,-2.600000,-0.099747
1.800000,-2.600000,-0.103753
1.850000,-2.600000,-0.109628
1.900000,-2.600000,-0.078140
1.950000,-2.600000,0.006900
2.000000,-2.600000,0.068881
2.050000,-2.600000,0.117244
2.100000,-2.600000,0.155976
2.150000,-2.600000,0.187197
2.200000,-2.600000,0.212179
2.250000,-2.600000,0.231738
2.300000,-2.600000,0.246415
2.350000,-2.600000,
2.400000,-2.600000,
2.450000,-2.600000,
2.500000,-2.600000,
2.550000,-2.600000,
2.600000,-2.600000,
2.650000,-2.600000,
2.700000,-2.600000,
2.750000,-2.600000,
2.800000,-2.600000,
2.850000,-2.600000,
2.900000,-2.600000,
2.950000,-2.600000,
3.000000,-2.600000,
3.050000,-2.600000,
3.100000,-2.600000,
3.150000,-2.600000,
3.200000,-2.600000,
3.250000,-2.600000,
3.300000,-2.600000,
3.350000,-2.600000,
3.400000,-2.600000,
3.450000,-2.600000,
3.500000,-2.600000,
-3.500000,-2.550000,
-3.450000,-2.550000,
-3.400000,-2.550000,
-3.350000,-2.550000,
-3.300000,-2.550000,
-3.250000,-2.550000,
-3.200000,-2.550000,
-3.150000,-2.550000,
-3.100000,-2.550000,
-3.050000,-2.550000,
-3.000000,-2.550000,
-2.950000,-2.550000,
-2.900000,-2.550000,
-2.850000,-2.550000,
-2.800000,-2.550000,
-2.750000,-2.550000,
-2.700000,-2.550000,
-2.650000,-2.550000,
-2.600000,-2.550000,
-2.550000,-2.550000,
-2.500000,-2.550000,
-2.450000,-2.550000,
-2.400000,-2.550000,
-2.350000,-2.550000,0.474342
-2.300000,-2.550000,0.676387
-2.250000,-2.550000,0.827647
-2.200000,-2.550000,0.952628
-2.150000,-2.550000,1.060660
-2.100000,-2.550000,1.156503
-2.050000,-2.550000,1.242980
-2.000000,-2.550000,1.321930
-1.950000,-2.550000,1.394633
-1.900000,-2.550000,1.462019
-1.850000,-2.550000,1.504947
-1.800000,-2.550000,1.453957
-1.750000,-2.550000,1.398980
-1.700000,-2.550000,1.339475
-1.650000,-2.550000,1.274741
-1.600000,-2.550000,1.203839
-1.550000,-2.550000,1.125464
-1.500000,-2.550000,1.037697
-1.450000,-2.550000,0.937513
-1.400000,-2.550000,0.819580
-1.350000,-2.550000,0.672608
-1.300000,-2.550000,0.489890
-1.250000,-2.550000,0.450559
-1.200000,-2.550000,0.408193
-1.150000,-2.550000,0.362491
-1.100000,-2.550000,0.313084
-1.050000,-2.550000,0.259506
-1.000000,-2.550000,0.201164
-0.950000,-2.550000,0.137269
-0.900000,-2.550000,0.113737
-0.850000,-2.550000,0.092368
-0.800000,-2.550000,0.069353
-0.750000,-2.550000,0.044626
-0.700000,-2.550000,0.018117
-0.650000,-2.550000,-0.010259
-0.600000,-2.550000,-0.040595
-0.550000,-2.550000,-0.072999
-0.500000,-2.550000,-0.107596
-0.450000,-2.550000,-0.144530
-0.400000,-2.550000,-0.183968
-0.350000,-2.550000,-0.226108
-0.300000,-2.550000,-0.271185
-0.250000,-2.550000,-0.319481
-0.200000,-2.550000,-0.371341
-0.150000,-2.550000,-0.427192
-0.100000,-2.550000,-0.487574
-0.050000,-2.550000,-0.553186
-0.000000,-2.550000,-0.624964
0.050000,-2.550000,-0.704207
0.100000,-2.550000,-0.792815
0.150000,-2.550000,-0.893775
0.200000,-2.550000,-1.012314
0.250000,-2.550000,-1.159368
0.300000,-2.550000,-1.109625
0.350000,-2.550000,-0.951613
0.400000,-2.550000,-0.836515
0.450000,-2.550000,-0.743202
0.500000,-2.550000,-0.663930
0.550000,-2.550000,-0.594809
0.600000,-2.550000,-0.533551
0.650000,-2.550000,-0.478675
0.700000,-2.550000,-0.429157
0.750000,-2.550000,-0.384254
0.800000,-2.550000,-0.343405
0.850000,-2.550000,-0.306179
0.900000,-2.550000,-0.272234
0.950000,-2.550000,-0.241293
1.000000,-2.550000,-0.213133
1.050000,-2.550000,-0.187569
1.100000,-2.550000,-0.164445
1.150000,-2.550000,-0.143634
1.200000,-2.550000,-0.125025
1.250000,-2.550000,-0.108529
1.300000,-2.550000,-0.094068
1.350000,-2.550000,-0.081578
1.400000,-2.550000,-0.071005
1.450000,-2.550000,-0.062306
1.500000,-2.550000,-0.055446
1.550000,-2.550000,-0.050399
1.600000,-2.550000,-0.047144
1.650000,-2.550000,-0.045669
1.700000,-2.550000,-0.045968
1.750000,-2.550000,-0.048043
1.800000,-2.550000,0.028890
1.850000,-2.550000,0.104836
1.900000,-2.550000,0.164708
1.950000,-2.550000,0.213729
2.000000,-2.550000,0.254583
2.050000,-2.550000,0.288859
2.100000,-2.550000,0.317584
2.150000,-2.550000,0.341458
2.200000,-2.550000,0.360976
2.250000,-2.550000,0.376494
2.300000,-2.550000,0.388266
2.350000,-2.550000,0.396472
2.400000,-2.550000,
2.450000,-2.550000,
2.500000,-2.550000,
2.550000,-2.550000,
2.600000,-2.550000,
2.650000,-2.550000,
2.700000,-2.550000,
2.750000,-2.550000,
2.800000,-2.550000,
2.850000,-2.550000,
2.900000,-2.550000,
2.950000,-2.550000,
3.000000,-2.550000,
3.050000,-2.550000,
3.100000,-2.550000,
3.150000,-2.550000,
3.200000,-2.550000,
3.250000,-2.550000,
3.300000,-2.550000,
3.350000,-2.550000,
3.400000,-2.550000,
3.450000,-2.550000,
3.500000,-2.550000,
-3.500000,-2.500000,
-3.450000,-2.500000,
-3.400000,-2.500000,
-3.350000,-2.500000,
-3.300000,-2.500000,
-3.250000,-2.500000,
-3.200000,-2.500000,
-3.150000,-2.500000,
-3.100000,-2.500000,
-3.050000,-2.500000,
-3.000000,-2.500000,
-2.950000,-2.500000,
-2.900000,-2.500000,
-2.850000,-2.500000,
-2.800000,-2.500000,
-2.750000,-2.500000,
-2.700000,-2.500000,
-2.650000,-2.500000,
-2.600000,-2.500000,
-2.550000,-2.500000,
-2.500000,-2.500000,
-2.450000,-2.500000,
-2.400000,-2.500000,0.489898
-2.350000,-2.500000,0.691014
-2.300000,-2.500000,0.842615
-2.250000,-2.500000,0.968246
-2.200000,-2.500000,1.077033
-2.150000,-2.500000,1.173669
-2.100000,-2.500000,1.260952
-2.050000,-2.500000,1.340709
-2.000000,-2.500000,1.414214
-1.950000,-2.500000,1.482397
-1.900000,-2.500000,1.535916
-1.850000,-2.500000,1.487917
-1.800000,-2.500000,1.436267
-1.750000,-2.500000,1.380517
-1.700000,-2.500000,1.320095
-1.650000,-2.500000,1.254253
-1.600000,-2.500000,1.181982
-1.550000,-2.500000,1.101860
-1.500000,-2.500000,1.011768
-1.450000,-2.500000,0.908286
-1.400000,-2.500000,0.785175
-1.350000,-2.500000,0.628311
-1.300000,-2.500000,0.456754
-1.250000,-2.500000,0.416451
-1.200000,-2.500000,0.372970
-1.150000,-2.500000,0.325981
-1.100000,-2.500000,0.275069
-1.050000,-2.500000,0.219711
-1.000000,-2.500000,0.159226
-0.950000,-2.500000,0.132123
-0.900000,-2.500000,0.112329
-0.850000,-2.500000,0.090943
-0.800000,-2.500000,0.067910
-0.750000,-2.500000,0.043163
-0.700000,-2.500000,0.016632
-0.650000,-2.500000,-0.011769
-0.600000,-2.500000,-0.042132
-0.550000,-2.500000,-0.074566
-0.500000,-2.500000,-0.109197
-0.450000,-2.500000,-0.146168
-0.400000,-2.500000,-0.185648
-0.350000,-2.500000,-0.227835
-0.300000,-2.500000,-0.272966
-0.250000,-2.500000,-0.321324
-0.200000,-2.500000,-0.373255
-0.150000,-2.500000,-0.429188
-0.100000,-2.500000,-0.489667
-0.050000,-2.500000,-0.555397
-0.000000,-2.500000,-0.627319
0.050000,-2.500000,-0.706745
0.100000,-2.500000,-0.795594
0.150000,-2.500000,-0.896893
0.200000,-2.500000,-1.015953
0.250000,-2.500000,-1.111549
0.300000,-2.500000,-0.947977
0.350000,-2.500000,-0.829543
0.400000,-2.500000,-0.733662
0.450000,-2.500000,-0.652216
0.500000,-2.500000,-0.581158
0.550000,-2.500000,-0.518122
0.600000,-2.500000,-0.461581
0.650000,-2.500000,-0.410479
0.700000,-2.500000,-0.364052
0.750000,-2.500000,-0.321725
0.800000,-2.500000,-0.283054
0.850000,-2.500000,-0.247687
0.900000,-2.500000,-0.215342
0.950000,-2.500000,-0.185788
1.000000,-2.500000,-0.158833
1.050000,-2.500000,-0.134319
1.100000,-2.500000,-0.112112
1.150000,-2.500000,-0.092099
1.200000,-2.500000,-0.074185
1.250000,-2.500000,-0.058289
1.300000,-2.500000,-0.044343
1.350000,-2.500000,-0.032289
1.400000,-2.500000,-0.022080
1.450000,-2.500000,-0.013676
1.500000,-2.500000,-0.007047
1.550000,-2.500000,-0.002167
1.600000,-2.500000,0.000980
1.650000,-2.500000,0.002406
1.700000,-2.500000,0.082803
1.750000,-2.500000,0.160555
1.800000,-2.500000,0.223380
1.850000,-2.500000,0.275851
1.900000,-2.500000,0.320434
1.950000,-2.500000,0.358638
2.000000,-2.500000,0.391460
2.050000,-2.500000,0.419598
2.100000,-2.500000,0.443554
2.150000,-2.500000,0.463702
2.200000,-2.500000,0.480323
2.250000,-2.500000,0.493626
2.300000,-2.500000,0.503769
2.350000,-2.500000,0.510863
2.400000,-2.500000,0.489898
2.450000,-2.500000,
2.500000,-2.500000,
2.550000,-2.500000,
2.600000,-2.500000,
2.650000,-2.500000,
2.700000,-2.500000,
2.750000,-2.500000,
2.800000,-2.500000,
2.850000,-2.500000,
2.900000,-2.500000,
2.950000,-2.500000,
3.000000,-2.500000,
3.050000,-2.500000,
3.100000,-2.500000,
3.150000,-2.500000,
3.200000,-2.500000,
3.250000,-2.500000,
3.300000,-2.500000,
3.350000,-2.500000,
3.400000,-2.500000,
3.450000,-2.500000,
3.500000,-2.500000,
-3.500000,-2.450000,
-3.450000,-2.450000,
-3.400000,-2.450000,
-3.350000,-2.450000,
-3.300000,-2.450000,
-3.250000,-2.450000,
-3.200000,-2.450000,
-3.150000,-2.450000,
-3.100000,-2.450000,
-3.050000,-2.450000,
-3.000000,-2.450000,
-2.950000,-2.450000,
-2.900000,-2.450000,
-2.850000,-2.450000,
-2.800000,-2.450000,
-2.750000,-2.450000,
-2.700000,-2.450000,
-2.650000,-2.450000,
-2.600000,-2.450000,
-2.550000,-2.450000,
-2.500000,-2.450000,
-2.450000,-2.450000,0.494975
-2.400000,-2.450000,0.698212
-2.350000,-2.450000,0.851469
-2.300000,-2.450000,0.978519
-2.250000,-2.450000,1.088577
-2.200000,-2.450000,1.186381
-2.150000,-2.450000,1.274755
-2.100000,-2.450000,1.355544
-2.050000,-2.450000,1.430035
-2.000000,-2.450000,1.499166
-1.950000,-2.450000,1.562755
-1.900000,-2.450000,1.517473
-1.850000,-2.450000,1.468816
-1.800000,-2.450000,1.416404
-1.750000,-2.450000,1.359760
-1.700000,-2.450000,1.298272
-1.650000,-2.450000,1.231136
-1.600000,-2.450000,1.157252
-1.550000,-2.450000,1.075053
-1.500000,-2.450000,0.982157
-1.450000,-2.450000,0.874615
-1.400000,-2.450000,0.744883
-1.350000,-2.450000,0.574251
-1.300000,-2.450000,0.420944
-1.250000,-2.450000,0.379534
-1.200000,-2.450000,0.334778
-1.150000,-2.450000,0.286306
-1.100000,-2.450000,0.233650
-1.050000,-2.450000,0.176209
-1.000000,-2.450000,0.147662
-0.950000,-2.450000,0.129382
-0.900000,-2.450000,0.109558
-0.850000,-2.450000,0.088140
-0.800000,-2.450000,0.065070
-0.750000,-2.450000,0.040284
-0.700000,-2.450000,0.013708
-0.650000,-2.450000,-0.014740
-0.600000,-2.450000,-0.045157
-0.550000,-2.450000,-0.077651
-0.500000,-2.450000,-0.112348
-0.450000,-2.450000,-0.149393
-0.400000,-2.450000,-0.188956
-0.350000,-2.450000,-0.231237
-0.300000,-2.450000,-0.276473
-0.250000,-2.450000,-0.324952
-0.200000,-2.450000,-0.377023
-0.150000,-2.450000,-0.433119
-0.100000,-2.450000,-0.493792
-0.050000,-2.450000,-0.559754
-0.000000,-2.450000,-0.631962
0.050000,-2.450000,-0.711752
0.100000,-2.450000,-0.801082
0.150000,-2.450000,-0.903057
0.200000,-2.450000,-1.023161
0.250000,-2.450000,-0.954252
0.300000,-2.450000,-0.830603
0.350000,-2.450000,-0.731120
0.400000,-2.450000,-0.646832
0.450000,-2.450000,-0.573369
0.500000,-2.450000,-0.508210
0.550000,-2.450000,-0.449738
0.600000,-2.450000,-0.396844
0.650000,-2.450000,-0.348728
0.700000,-2.450000,-0.304790
0.750000,-2.450000,-0.264568
0.800000,-2.450000,-0.227697
0.850000,-2.450000,-0.193881
0.900000,-2.450000,-0.162882
0.950000,-2.450000,-0.134501
1.000000,-2.450000,-0.108573
1.050000,-2.450000,-0.084958
1.100000,-2.450000,-0.063538
1.150000,-2.450000,-0.044214
1.200000,-2.450000,-0.026900
1.250000,-2.450000,-0.011525
1.300000,-2.450000,0.001974
1.350000,-2.450000,0.013648
1.400000,-2.450000,0.023539
1.450000,-2.450000,0.031685
1.500000,-2.450000,0.038113
1.550000,-2.450000,0.042846
1.600000,-2.450000,0.103344
1.650000,-2.450000,0.187566
1.700000,-2.450000,0.255944
1.750000,-2.450000,0.313458
1.800000,-2.450000,0.362775
1.850000,-2.450000,0.405520
1.900000,-2.450000,0.442768
1.950000,-2.450000,0.475270
2.000000,-2.450000,0.503575
2.050000,-2.450000,0.528093
2.100000,-2.450000,0.549136
2.150000,-2.450000,0.566946
2.200000,-2.450000,0.581710
2.250000,-2.450000,0.593572
2.300000,-2.450000,0.602642
2.350000,-2.450000,0.608999
2.400000,-2.450000,0.612698
2.450000,-2.450000,0.494975
2.500000,-2.450000,
2.550000,-2.450000,
2.600000,-2.450000,
2.650000,-2.450000,
2.700000,-2.450000,
2.750000,-2.450000,
2.800000,-2.450000,
2.850000,-2.450000,
2.900000,-2.450000,
2.950000,-2.450000,
3.000000,-2.450000,
3.050000,-2.450000,
3.100000,-2.450000,
3.150000,-2.450000,
3.200000,-2.450000,
3.250000,-2.450000,
3.300000,-2.450000,
3.350000,-2.450000,
3.400000,-2.450000,
3.450000,-2.450000,
3.500000,-2.450000,
-3.500000,-2.400000,
-3.450000,-2.400000,
-3.400000,-2.400000,
-3.350000,-2.400000,
-3.300000,-2.400000,
-3.250000,-2.400000,
-3.200000,-2.400000,
-3.150000,-2.400000,
-3.100000,-2.400000,
-3.050000,-2.400000,
-3.000000,-2.400000,
-2.950000,-2.400000,
-2.900000,-2.400000,
-2.850000,-2.400000,
-2.800000,-2.400000,
-2.750000,-2.400000,
-2.700000,-2.400000,
-2.650000,-2.400000,
-2.600000,-2.400000,
-2.550000,-2.400000,
-2.500000,-2.400000,0.489898
-2.450000,-2.400000,0.698212
-2.400000,-2.400000,0.854400
-2.350000,-2.400000,0.983616
-2.300000,-2.400000,1.095445
-2.250000,-2.400000,1.194780
-2.200000,-2.400000,1.284523
-2.150000,-2.400000,1.366565
-2.100000,-2.400000,1.442221
-2.050000,-2.400000,1.512448
-2.000000,-2.400000,1.577973
-1.950000,-2.400000,1.552977
-1.900000,-2.400000,1.496966
-1.850000,-2.400000,1.447557
-1.800000,-2.400000,1.394269
-1.750000,-2.400000,1.336593
-1.700000,-2.400000,1.273869
-1.650000,-2.400000,1.205221
-1.600000,-2.400000,1.129438
-1.550000,-2.400000,1.044764
-1.500000,-2.400000,0.948471
-1.450000,-2.400000,0.835871
-1.400000,-2.400000,0.697469
-1.350000,-2.400000,0.506328
-1.300000,-2.400000,0.382240
-1.250000,-2.400000,0.339562
-1.200000,-2.400000,0.293337
-1.150000,-2.400000,0.243144
-1.100000,-2.400000,0.188445
-1.050000,-2.400000,0.160423
-1.000000,-2.400000,0.143606
-0.950000,-2.400000,0.125286
-0.900000,-2.400000,0.105418
-0.850000,-2.400000,0.083951
-0.800000,-2.400000,0.060827
-0.750000,-2.400000,0.035981
-0.700000,-2.400000,0.009340
-0.650000,-2.400000,-0.019182
-0.600000,-2.400000,-0.049680
-0.550000,-2.400000,-0.082263
-0.500000,-2.400000,-0.117059
-0.450000,-2.400000,-0.154215
-0.400000,-2.400000,-0.193903
-0.350000,-2.400000,-0.236324
-0.300000,-2.400000,-0.281720
-0.250000,-2.400000,-0.330381
-0.200000,-2.400000,-0.382662
-0.150000,-2.400000,-0.439004
-0.100000,-2.400000,-0.499968
-0.050000,-2.400000,-0.566281
-0.000000,-2.400000,-0.638924
0.050000,-2.400000,-0.719265
0.100000,-2.400000,-0.809328
0.150000,-2.400000,-0.912336
0.200000,-2.400000,-0.970823
0.250000,-2.400000,-0.839737
0.300000,-2.400000,-0.735502
0.350000,-2.400000,-0.647652
0.400000,-2.400000,-0.571288
0.450000,-2.400000,-0.503640
0.500000,-2.400000,-0.442960
0.550000,-2.400000,-0.388057
0.600000,-2.400000,-0.338080
0.650000,-2.400000,-0.292394
0.700000,-2.400000,-0.250509
0.750000,-2.400000,-0.212042
0.800000,-2.400000,-0.176684
0.850000,-2.400000,-0.144184
0.900000,-2.400000,-0.114334
0.950000,-2.400000,-0.086959
1.000000,-2.400000,-0.061915
1.050000,-2.400000,-0.039078
1.100000,-2.400000,-0.018342
1.150000,-2.400000,0.000382
1.200000,-2.400000,0.017171
1.250000,-2.400000,0.032091
1.300000,-2.400000,0.045197
1.350000,-2.400000,0.056537
1.400000,-2.400000,0.066150
1.450000,-2.400000,0.074069
1.500000,-2.400000,0.095246
1.550000,-2.400000,0.190260
1.600000,-2.400000,0.266608
1.650000,-2.400000,0.330679
1.700000,-2.400000,0.385725
1.750000,-2.400000,0.433671
1.800000,-2.400000,0.475767
1.850000,-2.400000,0.512878
1.900000,-2.400000,0.545630
1.950000,-2.400000,0.574490
2.000000,-2.400000,0.599817
2.050000,-2.400000,0.621889
2.100000,-2.400000,0.640926
2.150000,-2.400000,0.657100
2.200000,-2.400000,0.670550
2.250000,-2.400000,0.681382
2.300000,-2.400000,0.689680
2.350000,-2.400000,0.695504
2.400000,-2.400000,0.698895
2.450000,-2.400000,0.698212
2.500000,-2.400000,0.489898
2.550000,-2.400000,
2.600000,-2.400000,
2.650000,-2.400000,
2.700000,-2.400000,
2.750000,-2.400000,
2.800000,-2.400000,
2.850000,-2.400000,
2.900000,-2.400000,
2.950000,-2.400000,
3.000000,-2.400000,
3.050000,-2.400000,
3.100000,-2.400000,
3.150000,-2.400000,
3.200000,-2.400000,
3.250000,-2.400000,
3.300000,-2.400000,
3.350000,-2.400000,
3.400000,-2.400000,
3.450000,-2.400000,
3.500000,-2.400000,
-3.500000,-2.350000,
-3.450000,-2.350000,
-3.400000,-2.350000,
-3.350000,-2.350000,
-3.300000,-2.350000,
-3.250000,-2.350000,
-3.200000,-2.350000,
-3.150000,-2.350000,
-3.100000,-2.350000,
-3.050000,-2.350000,
-3.000000,-2.350000,
-2.950000,-2.350000,
-2.900000,-2.350000,
-2.850000,-2.350000,
-2.800000,-2.350000,
-2.750000,-2.350000,
-2.700000,-2.350000,
-2.650000,-2.350000,
-2.600000,-2.350000,
-2.550000,-2.350000,0.474342
-2.500000,-2.350000,0.691014
-2.450000,-2.350000,0.851469
-2.400000,-2.350000,0.983616
-2.350000,-2.350000,1.097725
-2.300000,-2.350000,1.198958
-2.250000,-2.350000,1.290349
-2.200000,-2.350000,1.373863
-2.150000,-2.350000,1.450862
-2.100000,-2.350000,1.522334
-2.050000,-2.350000,1.589025
-2.000000,-2.350000,1.638245
-1.950000,-2.350000,1.583496
-1.900000,-2.350000,1.524038
-1.850000,-2.350000,1.459108
-1.800000,-2.350000,1.387669
-1.750000,-2.350000,1.310874
-1.700000,-2.350000,1.246716
-1.650000,-2.350000,1.176302
-1.600000,-2.350000,1.098276
-1.550000,-2.350000,1.010638
-1.500000,-2.350000,0.910186
-1.450000,-2.350000,0.791174
-1.400000,-2.350000,0.640984
-1.350000,-2.350000,0.415055
-1.300000,-2.350000,0.340377
-1.250000,-2.350000,0.296235
-1.200000,-2.350000,0.248302
-1.150000,-2.350000,0.196091
-1.100000,-2.350000,0.170464
-1.050000,-2.350000,0.155066
-1.000000,-2.350000,0.138201
-0.950000,-2.350000,0.119827
-0.900000,-2.350000,0.099899
-0.850000,-2.350000,0.078367
-0.800000,-2.350000,0.055170
-0.750000,-2.350000,0.030245
-0.700000,-2.350000,0.003515
-0.650000,-2.350000,-0.025105
-0.600000,-2.350000,-0.055710
-0.550000,-2.350000,-0.088414
-0.500000,-2.350000,-0.123344
-0.450000,-2.350000,-0.160649
-0.400000,-2.350000,-0.200504
-0.350000,-2.350000,-0.243114
-0.300000,-2.350000,-0.288724
-0.250000,-2.350000,-0.337631
-0.200000,-2.350000,-0.390196
-0.150000,-2.350000,-0.446870
-0.100000,-2.350000,-0.508227
-0.050000,-2.350000,-0.575017
-0.000000,-2.350000,-0.648248
0.050000,-2.350000,-0.729341
0.100000,-2.350000,-0.820406
0.150000,-2.350000,-0.924838
0.200000,-2.350000,-0.857314
0.250000,-2.350000,-0.746935
0.300000,-2.350000,-0.654696
0.350000,-2.350000,-0.574874
0.400000,-2.350000,-0.504337
0.450000,-2.350000,-0.441146
0.500000,-2.350000,-0.384000
0.550000,-2.350000,-0.331976
0.600000,-2.350000,-0.284391
0.650000,-2.350000,-0.240722
0.700000,-2.350000,-0.200561
0.750000,-2.350000,-0.163581
0.800000,-2.350000,-0.129515
0.850000,-2.350000,-0.098144
0.900000,-2.350000,-0.069285
0.950000,-2.350000,-0.042784
1.000000,-2.350000,-0.018510
1.050000,-2.350000,0.003648
1.100000,-2.350000,0.023785
1.150000,-2.350000,0.041982
1.200000,-2.350000,0.058310
1.250000,-2.350000,0.072828
1.300000,-2.350000,0.085588
1.350000,-2.350000,0.096633
1.400000,-2.350000,0.105999
1.450000,-2.350000,0.169022
1.500000,-2.350000,0.256543
1.550000,-2.350000,0.329084
1.600000,-2.350000,0.391107
1.650000,-2.350000,0.445104
1.700000,-2.350000,0.492634
1.750000,-2.350000,0.534750
1.800000,-2.350000,0.572202
1.850000,-2.350000,0.605542
1.900000,-2.350000,0.635192
1.950000,-2.350000,0.661479
2.000000,-2.350000,0.684661
2.050000,-2.350000,0.704945
2.100000,-2.350000,0.722497
2.150000,-2.350000,0.737449
2.200000,-2.350000,0.749910
2.250000,-2.350000,0.759962
2.300000,-2.350000,0.767672
2.350000,-2.350000,0.773089
2.400000,-2.350000,0.776245
2.450000,-2.350000,0.777160
2.500000,-2.350000,0.691014
2.550000,-2.350000,0.474342
2.600000,-2.350000,
2.650000,-2.350000,
2.700000,-2.350000,
2.750000,-2.350000,
2.800000,-2.350000,
2.850000,-2.350000,
2.900000,-2.350000,
2.950000,-2.350000,
3.000000,-2.350000,
3.050000,-2.350000,
3.100000,-2.350000,
3.150000,-2.350000,
3.200000,-2.350000,
3.250000,-2.350000,
3.300000,-2.350000,
3.350000,-2.350000,
3.400000,-2.350000,
3.450000,-2.350000,
3.500000,-2.350000,
-3.500000,-2.300000,
-3.450000,-2.300000,
-3.400000,-2.300000,
-3.350000,-2.300000,
-3.300000,-2.300000,
-3.250000,-2.300000,
-3.200000,-2.300000,
-3.150000,-2.300000,
-3.100000,-2.300000,
-3.050000,-2.300000,
-3.000000,-2.300000,
-2.950000,-2.300000,
-2.900000,-2.300000,
-2.850000,-2.300000,
-2.800000,-2.300000,
-2.750000,-2.300000,
-2.700000,-2.300000,
-2.650000,-2.300000,
-2.600000,-2.300000,0.447214
-2.550000,-2.300000,0.676387
-2.500000,-2.300000,0.842615
-2.450000,-2.300000,0.978519
-2.400000,-2.300000,1.095445
-2.350000,-2.300000,1.198958
-2.300000,-2.300000,1.292285
-2.250000,-2.300000,1.377498
-2.200000,-2.300000,1.456022
-2.150000,-2.300000,1.528888
-2.100000,-2.300000,1.596872
-2.050000,-2.300000,1.660572
-2.000000,-2.300000,1.664863
-1.950000,-2.300000,1.611278
-1.900000,-2.300000,1.553204
-1.850000,-2.300000,1.489950
-1.800000,-2.300000,1.420589
-1.750000,-2.300000,1.343832
-1.700000,-2.300000,1.257787
-1.650000,-2.300000,1.159463
-1.600000,-2.300000,1.063434
-1.550000,-2.300000,0.972212
-1.500000,-2.300000,0.866593
-1.450000,-2.300000,0.739231
-1.400000,-2.300000,0.572024
-1.350000,-2.300000,0.337232
-1.300000,-2.300000,0.295029
-1.250000,-2.300000,0.249181
-1.200000,-2.300000,0.199240
-1.150000,-2.300000,0.177826
-1.100000,-2.300000,0.163813
-1.050000,-2.300000,0.148360
-1.000000,-2.300000,0.131434
-0.950000,-2.300000,0.112993
-0.900000,-2.300000,0.092990
-0.850000,-2.300000,0.071375
-0.800000,-2.300000,0.048087
-0.750000,-2.300000,0.023060
-0.700000,-2.300000,-0.003781
-0.650000,-2.300000,-0.032524
-0.600000,-2.300000,-0.063266
-0.550000,-2.300000,-0.096121
-0.500000,-2.300000,-0.131220
-0.450000,-2.300000,-0.168714
-0.400000,-2.300000,-0.208781
-0.350000,-2.300000,-0.251630
-0.300000,-2.300000,-0.297513
-0.250000,-2.300000,-0.346731
-0.200000,-2.300000,-0.399657
-0.150000,-2.300000,-0.456753
-0.100000,-2.300000,-0.518613
-0.050000,-2.300000,-0.586011
-0.000000,-2.300000,-0.659998
0.050000,-2.300000,-0.742059
0.100000,-2.300000,-0.834422
0.150000,-2.300000,-0.884115
0.200000,-2.300000,-0.765772
0.250000,-2.300000,-0.668129
0.300000,-2.300000,-0.584196
0.350000,-2.300000,-0.510312
0.400000,-2.300000,-0.444270
0.450000,-2.300000,-0.384619
0.500000,-2.300000,-0.330341
0.550000,-2.300000,-0.280692
0.600000,-2.300000,-0.235105
0.650000,-2.300000,-0.193141
0.700000,-2.300000,-0.154448
0.750000,-2.300000,-0.118744
0.800000,-2.300000,-0.085793
0.850000,-2.300000,-0.055401
0.900000,-2.300000,-0.027406
0.950000,-2.300000,-0.001668
1.000000,-2.300000,0.021931
1.050000,-2.300000,0.043491
1.100000,-2.300000,0.063099
1.150000,-2.300000,0.080831
1.200000,-2.300000,0.096750
1.250000,-2.300000,0.110912
1.300000,-2.300000,0.123364
1.350000,-2.300000,0.134146
1.400000,-2.300000,0.224647
1.450000,-2.300000,0.308536
1.500000,-2.300000,0.379315
1.550000,-2.300000,0.440552
1.600000,-2.300000,0.494345
1.650000,-2.300000,0.542056
1.700000,-2.300000,0.584624
1.750000,-2.300000,0.622732
1.800000,-2.300000,0.656889
1.850000,-2.300000,0.687489
1.900000,-2.300000,0.714842
1.950000,-2.300000,0.739193
2.000000,-2.300000,0.760742
2.050000,-2.300000,0.779651
2.100000,-2.300000,0.796051
2.150000,-2.300000,0.810048
2.200000,-2.300000,0.821731
2.250000,-2.300000,0.831168
2.300000,-2.300000,0.838413
2.350000,-2.300000,0.843506
2.400000,-2.300000,0.846475
2.450000,-2.300000,0.847336
2.500000,-2.300000,0.842615
2.550000,-2.300000,0.676387
2.600000,-2.300000,0.447214
2.650000,-2.300000,
2.700000,-2.300000,
2.750000,-2.300000,
2.800000,-2.300000,
2.850000,-2.300000,
2.900000,-2.300000,
2.950000,-2.300000,
3.000000,-2.300000,
3.050000,-2.300000,
3.100000,-2.300000,
3.150000,-2.300000,
3.200000,-2.300000,
3.250000,-2.300000,
3.300000,-2.300000,
3.350000,-2.300000,
3.400000,-2.300000,
3.450000,-2.300000,
3.500000,-2.300000,
-3.500000,-2.250000,
-3.450000,-2.250000,
-3.400000,-2.250000,
-3.350000,-2.250000,
-3.300000,-2.250000,
-3.250000,-2.250000,
-3.200000,-2.250000,
-3.150000,-2.250000,
-3.100000,-2.250000,
-3.050000,-2.250000,
-3.000000,-2.250000,
-2.950000,-2.250000,
-2.900000,-2.250000,
-2.850000,-2.250000,
-2.800000,-2.250000,
-2.750000,-2.250000,
-2.700000,-2.250000,
-2.650000,-2.250000,0.406202
-2.600000,-2.250000,0.653835
-2.550000,-2.250000,0.827647
-2.500000,-2.250000,0.968246
-2.450000,-2.250000,1.088577
-2.400000,-2.250000,1.194780
-2.350000,-2.250000,1.290349
-2.300000,-2.250000,1.377498
-2.250000,-2.250000,1.457738
-2.200000,-2.250000,1.532155
-2.150000,-2.250000,1.601562
-2.100000,-2.250000,1.666583
-2.050000,-2.250000,1.727715
-2.000000,-2.250000,1.689071
-1.950000,-2.250000,1.636502
-1.900000,-2.250000,1.579629
-1.850000,-2.250000,1.517817
-1.800000,-2.250000,1.450229
-1.750000,-2.250000,1.375712
-1.700000,-2.250000,1.292610
-1.650000,-2.250000,1.198375
-1.600000,-2.250000,1.088708
-1.550000,-2.250000,0.955153
-1.500000,-2.250000,0.816694
-1.450000,-2.250000,0.678015
-1.400000,-2.250000,0.483518
-1.350000,-2.250000,0.289708
-1.300000,-2.250000,0.245790
-1.250000,-2.250000,0.197930
-1.200000,-2.250000,0.182542
-1.150000,-2.250000,0.169883
-1.100000,-2.250000,0.155809
-1.050000,-2.250000,0.140291
-1.000000,-2.250000,0.123291
-0.950000,-2.250000,0.104767
-0.900000,-2.250000,0.084674
-0.850000,-2.250000,0.062958
-0.800000,-2.250000,0.039559
-0.750000,-2.250000,0.014410
-0.700000,-2.250000,-0.012567
-0.650000,-2.250000,-0.041460
-0.600000,-2.250000,-0.072368
-0.550000,-2.250000,-0.105408
-0.500000,-2.250000,-0.140712
-0.450000,-2.250000,-0.178436
-0.400000,-2.250000,-0.218761
-0.350000,-2.250000,-0.261903
-0.300000,-2.250000,-0.308118
-0.250000,-2.250000,-0.357718
-0.200000,-2.250000,-0.411086
-0.150000,-2.250000,-0.468702
-0.100000,-2.250000,-0.531180
-0.050000,-2.250000,-0.599330
-0.000000,-2.250000,-0.674253
0.050000,-2.250000,-0.757522
0.100000,-2.250000,-0.851518
0.150000,-2.250000,-0.792643
0.200000,-2.250000,-0.688289
0.250000,-2.250000,-0.599443
0.300000,-2.250000,-0.521665
0.350000,-2.250000,-0.452378
0.400000,-2.250000,-0.389922
0.450000,-2.250000,-0.333157
0.500000,-2.250000,-0.281256
0.550000,-2.250000,-0.233600
0.600000,-2.250000,-0.189709
0.650000,-2.250000,-0.149202
0.700000,-2.250000,-0.111775
0.750000,-2.250000,-0.077175
0.800000,-2.250000,-0.045196
0.850000,-2.250000,-0.015661
0.900000,-2.250000,0.011576
0.950000,-2.250000,0.036642
1.000000,-2.250000,0.059643
1.050000,-2.250000,0.080674
1.100000,-2.250000,0.099814
1.150000,-2.250000,0.117131
1.200000,-2.250000,0.132687
1.250000,-2.250000,0.146531
1.300000,-2.250000,0.166827
1.350000,-2.250000,0.267118
1.400000,-2.250000,0.349471
1.450000,-2.250000,0.419729
1.500000,-2.250000,0.480996
1.550000,-2.250000,0.535159
1.600000,-2.250000,0.583468
1.650000,-2.250000,0.626797
1.700000,-2.250000,0.665791
1.750000,-2.250000,0.700936
1.800000,-2.250000,0.732609
1.850000,-2.250000,0.761111
1.900000,-2.250000,0.786680
1.950000,-2.250000,0.809513
2.000000,-2.250000,0.829769
2.050000,-2.250000,0.847581
2.100000,-2.250000,0.863056
2.150000,-2.250000,0.876284
2.200000,-2.250000,0.887337
2.250000,-2.250000,0.896274
2.300000,-2.250000,0.903140
2.350000,-2.250000,0.907970
2.400000,-2.250000,0.910786
2.450000,-2.250000,0.911603
2.500000,-2.250000,0.910424
2.550000,-2.250000,0.827647
2.600000,-2.250000,0.653835
2.650000,-2.250000,0.406202
2.700000,-2.250000,
2.750000,-2.250000,
2.800000,-2.250000,
2.850000,-2.250000,
2.900000,-2.250000,
2.950000,-2.250000,
3.000000,-2.250000,
3.050000,-2.250000,
3.100000,-2.250000,
3.150000,-2.250000,
3.200000,-2.250000,
3.250000,-2.250000,
3.300000,-2.250000,
3.350000,-2.250000,
3.400000,-2.250000,
3.450000,-2.250000,
3.500000,-2.250000,
-3.500000,-2.200000,
-3.450000,-2.200000,
-3.400000,-2.200000,
-3.350000,-2.200000,
-3.300000,-2.200000,
-3.250000,-2.200000,
-3.200000,-2.200000,
-3.150000,-2.200000,
-3.100000,-2.200000,
-3.050000,-2.200000,
-3.000000,-2.200000,
-2.950000,-2.200000,
-2.900000,-2.200000,
-2.850000,-2.200000,
-2.800000,-2.200000,
-2.750000,-2.200000,
-2.700000,-2.200000,0.346410
-2.650000,-2.200000,0.622495
-2.600000,-2.200000,0.806226
-2.550000,-2.200000,0.952628
-2.500000,-2.200000,1.077033
-2.450000,-2.200000,1.186381
-2.400000,-2.200000,1.284523
-2.350000,-2.200000,1.373863
-2.300000,-2.200000,1.456022
-2.250000,-2.200000,1.532155
-2.200000,-2.200000,1.603122
-2.150000,-2.200000,1.669581
-2.100000,-2.200000,1.732051
-2.050000,-2.200000,1.758991
-2.000000,-2.200000,1.710998
-1.950000,-2.200000,1.659316
-1.900000,-2.200000,1.603486
-1.850000,-2.200000,1.542921
-1.800000,-2.200000,1.476851
-1.750000,-2.200000,1.404234
-1.700000,-2.200000,1.323592
-1.650000,-2.200000,1.232705
-1.600000,-2.200000,1.127950
-1.550000,-2.200000,1.002590
-1.500000,-2.200000,0.840802
-1.450000,-2.200000,0.604005
-1.400000,-2.200000,0.354080
-1.350000,-2.200000,0.238093
-1.300000,-2.200000,0.194591
-1.250000,-2.200000,0.184630
-1.200000,-2.200000,0.173302
-1.150000,-2.200000,0.160580
-1.100000,-2.200000,0.146437
-1.050000,-2.200000,0.130840
-1.000000,-2.200000,0.113753
-0.950000,-2.200000,0.095132
-0.900000,-2.200000,0.074931
-0.850000,-2.200000,0.053096
-0.800000,-2.200000,0.029566
-0.750000,-2.200000,0.004272
-0.700000,-2.200000,-0.022866
-0.650000,-2.200000,-0.051936
-0.600000,-2.200000,-0.083042
-0.550000,-2.200000,-0.116301
-0.500000,-2.200000,-0.151849
-0.450000,-2.200000,-0.189847
-0.400000,-2.200000,-0.230480
-0.350000,-2.200000,-0.273970
-0.300000,-2.200000,-0.320581
-0.250000,-2.200000,-0.370638
-0.200000,-2.200000,-0.424535
-0.150000,-2.200000,-0.482774
-0.100000,-2.200000,-0.545998
-0.050000,-2.200000,-0.615057
-0.000000,-2.200000,-0.691119
0.050000,-2.200000,-0.775865
0.100000,-2.200000,-0.828581
0.150000,-2.200000,-0.715725
0.200000,-2.200000,-0.620939
0.250000,-2.200000,-0.538598
0.300000,-2.200000,-0.465591
0.350000,-2.200000,-0.399979
0.400000,-2.200000,-0.340456
0.450000,-2.200000,-0.286090
0.500000,-2.200000,-0.236192
0.550000,-2.200000,-0.190232
0.600000,-2.200000,-0.147796
0.650000,-2.200000,-0.108550
0.700000,-2.200000,-0.072222
0.750000,-2.200000,-0.038589
0.800000,-2.200000,-0.007461
0.850000,-2.200000,0.021319
0.900000,-2.200000,0.047886
0.950000,-2.200000,0.072356
1.000000,-2.200000,0.094828
1.050000,-2.200000,0.115387
1.100000,-2.200000,0.134109
1.150000,-2.200000,0.151057
1.200000,-2.200000,0.166287
1.250000,-2.200000,0.200064
1.300000,-2.200000,0.299056
1.350000,-2.200000,0.381229
1.400000,-2.200000,0.451825
1.450000,-2.200000,0.513717
1.500000,-2.200000,0.568680
1.550000,-2.200000,0.617906
1.600000,-2.200000,0.662241
1.650000,-2.200000,0.702306
1.700000,-2.200000,0.738578
1.750000,-2.200000,0.771427
1.800000,-2.200000,0.801148
1.850000,-2.200000,0.827980
1.900000,-2.200000,0.852118
1.950000,-2.200000,0.873722
2.000000,-2.200000,0.892925
2.050000,-2.200000,0.909838
2.100000,-2.200000,0.924553
2.150000,-2.200000,0.937145
2.200000,-2.200000,0.947677
2.250000,-2.200000,0.956198
2.300000,-2.200000,0.962749
2.350000,-2.200000,0.967358
2.400000,-2.200000,0.970047
2.450000,-2.200000,0.970827
2.500000,-2.200000,0.969701
2.550000,-2.200000,0.952628
2.600000,-2.200000,0.806226
2.650000,-2.200000,0.622495
2.700000,-2.200000,0.346410
2.750000,-2.200000,
2.800000,-2.200000,
2.850000,-2.200000,
2.900000,-2.200000,
2.950000,-2.200000,
3.000000,-2.200000,
3.050000,-2.200000,
3.100000,-2.200000,
3.150000,-2.200000,
3.200000,-2.200000,
3.250000,-2.200000,
3.300000,-2.200000,
3.350000,-2.200000,
3.400000,-2.200000,
3.450000,-2.200000,
3.500000,-2.200000,
-3.500000,-2.150000,
-3.450000,-2.150000,
-3.400000,-2.150000,
-3.350000,-2.150000,
-3.300000,-2.150000,
-3.250000,-2.150000,
-3.200000,-2.150000,
-3.150000,-2.150000,
-3.100000,-2.150000,
-3.050000,-2.150000,
-3.000000,-2.150000,
-2.950000,-2.150000,
-2.900000,-2.150000,
-2.850000,-2.150000,
-2.800000,-2.150000,
-2.750000,-2.150000,0.254951
-2.700000,-2.150000,0.580948
-2.650000,-2.150000,0.777817
-2.600000,-2.150000,0.931397
-2.550000,-2.150000,1.060660
-2.500000,-2.150000,1.173669
-2.450000,-2.150000,1.274755
-2.400000,-2.150000,1.366565
-2.350000,-2.150000,1.450862
-2.300000,-2.150000,1.528888
-2.250000,-2.150000,1.601562
-2.200000,-2.150000,1.669581
-2.150000,-2.150000,1.733494
-2.100000,-2.150000,1.793739
-2.050000,-2.150000,1.778079
-2.000000,-2.150000,1.730754
-1.950000,-2.150000,1.679845
-1.900000,-2.150000,1.624921
-1.850000,-2.150000,1.565432
-1.800000,-2.150000,1.500666
-1.750000,-2.150000,1.429665
-1.700000,-2.150000,1.351093
-1.650000,-2.150000,1.262975
-1.600000,-2.150000,1.162178
-1.550000,-2.150000,1.043119
-1.500000,-2.150000,0.893736
-1.450000,-2.150000,0.673432
-1.400000,-2.150000,0.226003
-1.350000,-2.150000,0.192760
-1.300000,-2.150000,0.184100
-1.250000,-2.150000,0.174085
-1.200000,-2.150000,0.162693
-1.150000,-2.150000,0.149899
-1.100000,-2.150000,0.135675
-1.050000,-2.150000,0.119987
-1.000000,-2.150000,0.102798
-0.950000,-2.150000,0.084065
-0.900000,-2.150000,0.063739
-0.850000,-2.150000,0.041766
-0.800000,-2.150000,0.018083
-0.750000,-2.150000,-0.007381
-0.700000,-2.150000,-0.034705
-0.650000,-2.150000,-0.063983
-0.600000,-2.150000,-0.095318
-0.550000,-2.150000,-0.128833
-0.500000,-2.150000,-0.164667
-0.450000,-2.150000,-0.202984
-0.400000,-2.150000,-0.243977
-0.350000,-2.150000,-0.287875
-0.300000,-2.150000,-0.334953
-0.250000,-2.150000,-0.385546
-0.200000,-2.150000,-0.440069
-0.150000,-2.150000,-0.499045
-0.100000,-2.150000,-0.563153
-0.050000,-2.150000,-0.633296
-0.000000,-2.150000,-0.710724
0.050000,-2.150000,-0.797259
0.100000,-2.150000,-0.751288
0.150000,-2.150000,-0.649184
0.200000,-2.150000,-0.561427
0.250000,-2.150000,-0.484119
0.300000,-2.150000,-0.414929
0.350000,-2.150000,-0.352328
0.400000,-2.150000,-0.295247
0.450000,-2.150000,-0.242907
0.500000,-2.150000,-0.194717
0.550000,-2.150000,-0.150218
0.600000,-2.150000,-0.109042
0.650000,-2.150000,-0.070894
0.700000,-2.150000,-0.035530
0.750000,-2.150000,-0.002746
0.800000,-2.150000,0.027630
0.850000,-2.150000,0.055741
0.900000,-2.150000,0.081713
0.950000,-2.150000,0.105653
1.000000,-2.150000,0.127652
1.050000,-2.150000,0.147791
1.100000,-2.150000,0.166138
1.150000,-2.150000,0.182755
1.200000,-2.150000,0.222584
1.250000,-2.150000,0.321984
1.300000,-2.150000,0.404982
1.350000,-2.150000,0.476585
1.400000,-2.150000,0.539575
1.450000,-2.150000,0.595690
1.500000,-2.150000,0.646102
1.550000,-2.150000,0.691647
1.600000,-2.150000,0.732943
1.650000,-2.150000,0.770464
1.700000,-2.150000,0.804581
1.750000,-2.150000,0.835590
1.800000,-2.150000,0.863730
1.850000,-2.150000,0.889198
1.900000,-2.150000,0.912158
1.950000,-2.150000,0.932745
2.000000,-2.150000,0.951072
2.050000,-2.150000,0.967233
2.100000,-2.150000,0.981310
2.150000,-2.150000,0.993367
2.200000,-2.150000,1.003458
2.250000,-2.150000,1.011628
2.300000,-2.150000,1.017912
2.350000,-2.150000,1.022335
2.400000,-2.150000,1.024916
2.450000,-2.150000,1.025664
2.500000,-2.150000,1.024584
2.550000,-2.150000,1.021670
2.600000,-2.150000,0.931397
2.650000,-2.150000,0.777817
2.700000,-2.150000,0.580948
2.750000,-2.150000,0.254951
2.800000,-2.150000,
2.850000,-2.150000,
2.900000,-2.150000,
2.950000,-2.150000,
3.000000,-2.150000,
3.050000,-2.150000,
3.100000,-2.150000,
3.150000,-2.150000,
3.200000,-2.150000,
3.250000,-2.150000,
3.300000,-2.150000,
3.350000,-2.150000,
3.400000,-2.150000,
3.450000,-2.150000,
3.500000,-2.150000,
-3.500000,-2.100000,
-3.450000,-2.100000,
-3.400000,-2.100000,
-3.350000,-2.100000,
-3.300000,-2.100000,
-3.250000,-2.100000,
-3.200000,-2.100000,
-3.150000,-2.100000,
-3.100000,-2.100000,
-3.050000,-2.100000,
-3.000000,-2.100000,
-2.950000,-2.100000,
-2.900000,-2.100000,
-2.850000,-2.100000,
-2.800000,-2.100000,
-2.750000,-2.100000,0.526783
-2.700000,-2.100000,0.741620
-2.650000,-2.100000,0.904157
-2.600000,-2.100000,1.039230
-2.550000,-2.100000,1.156503
-2.500000,-2.100000,1.260952
-2.450000,-2.100000,1.355544
-2.400000,-2.100000,1.442221
-2.350000,-2.100000,1.522334
-2.300000,-2.100000,1.596872
-2.250000,-2.100000,1.666583
-2.200000,-2.100000,1.732051
-2.150000,-2.100000,1.793739
-2.100000,-2.100000,1.838755
-2.050000,-2.100000,1.795174
-2.000000,-2.100000,1.748431
-1.950000,-2.100000,1.698195
-1.900000,-2.100000,1.644055
-1.850000,-2.100000,1.585494
-1.800000,-2.100000,1.521846
-1.750000,-2.100000,1.452222
-1.700000,-2.100000,1.375394
-1.650000,-2.100000,1.289581
-1.600000,-2.100000,1.192009
-1.550000,-2.100000,1.077908
-1.500000,-2.100000,0.937578
-1.450000,-2.100000,0.743288
-1.400000,-2.100000,0.285087
-1.350000,-2.100000,0.192897
-1.300000,-2.100000,0.173883
-1.250000,-2.100000,0.162156
-1.200000,-2.100000,0.150692
-1.150000,-2.100000,0.137816
-1.100000,-2.100000,0.123499
-1.050000,-2.100000,0.107707
-1.000000,-2.100000,0.090402
-0.950000,-2.100000,0.071539
-0.900000,-2.100000,0.051070
-0.850000,-2.100000,0.028938
-0.800000,-2.100000,0.005080
-0.750000,-2.100000,-0.020578
-0.700000,-2.100000,-0.048118
-0.650000,-2.100000,-0.077634
-0.600000,-2.100000,-0.109234
-0.550000,-2.100000,-0.143043
-0.500000,-2.100000,-0.179206
-0.450000,-2.100000,-0.217893
-0.400000,-2.100000,-0.259303
-0.350000,-2.100000,-0.303674
-0.300000,-2.100000,-0.351293
-0.250000,-2.100000,-0.402510
-0.200000,-2.100000,-0.457762
-0.150000,-2.100000,-0.517602
-0.100000,-2.100000,-0.582751
-0.050000,-2.100000,-0.654176
-0.000000,-2.100000,-0.733232
0.050000,-2.100000,-0.796291
0.100000,-2.100000,-0.684919
0.150000,-2.100000,-0.590618
0.200000,-2.100000,-0.508274
0.250000,-2.100000,-0.434987
0.300000,-2.100000,-0.368922
0.350000,-2.100000,-0.308830
0.400000,-2.100000,-0.253814
0.450000,-2.100000,-0.203205
0.500000,-2.100000,-0.156488
0.550000,-2.100000,-0.113256
0.600000,-2.100000,-0.073181
0.650000,-2.100000,-0.035997
0.700000,-2.100000,-0.001481
0.750000,-2.100000,0.030552
0.800000,-2.100000,0.060260
0.850000,-2.100000,0.087777
0.900000,-2.100000,0.113219
0.950000,-2.100000,0.136685
1.000000,-2.100000,0.158261
1.050000,-2.100000,0.178022
1.100000,-2.100000,0.196034
1.150000,-2.100000,0.235641
1.200000,-2.100000,0.336815
1.250000,-2.100000,0.421478
1.300000,-2.100000,0.494660
1.350000,-2.100000,0.559162
1.400000,-2.100000,0.616740
1.450000,-2.100000,0.668578
1.500000,-2.100000,0.715520
1.550000,-2.100000,0.758194
1.600000,-2.100000,0.797079
1.650000,-2.100000,0.832552
1.700000,-2.100000,0.864915
1.750000,-2.100000,0.894411
1.800000,-2.100000,0.921241
1.850000,-2.100000,0.945572
1.900000,-2.100000,0.967544
1.950000,-2.100000,0.987272
2.000000,-2.100000,1.004857
2.050000,-2.100000,1.020381
2.100000,-2.100000,1.033914
2.150000,-2.100000,1.045513
2.200000,-2.100000,1.055228
2.250000,-2.100000,1.063098
2.300000,-2.100000,1.069152
2.350000,-2.100000,1.073415
2.400000,-2.100000,1.075902
2.450000,-2.100000,1.076624
2.500000,-2.100000,1.075582
2.550000,-2.100000,1.072773
2.600000,-2.100000,1.039230
2.650000,-2.100000,0.904157
2.700000,-2.100000,0.741620
2.750000,-2.100000,0.526783
2.800000,-2.100000,0.000000
2.850000,-2.100000,
2.900000,-2.100000,
2.950000,-2.100000,
3.000000,-2.100000,
3.050000,-2.100000,
3.100000,-2.100000,
3.150000,-2.100000,
3.200000,-2.100000,
3.250000,-2.100000,
3.300000,-2.100000,
3.350000,-2.100000,
3.400000,-2.100000,
3.450000,-2.100000,
3.500000,-2.100000,
-3.500000,-2.050000,
-3.450000,-2.050000,
-3.400000,-2.050000,
-3.350000,-2.050000,
-3.300000,-2.050000,
-3.250000,-2.050000,
-3.200000,-2.050000,
-3.150000,-2.050000,
-3.100000,-2.050000,
-3.050000,-2.050000,
-3.000000,-2.050000,
-2.950000,-2.050000,
-2.900000,-2.050000,
-2.850000,-2.050000,
-2.800000,-2.050000,0.455522
-2.750000,-2.050000,0.696419
-2.700000,-2.050000,0.870345
-2.650000,-2.050000,1.012423
-2.600000,-2.050000,1.134681
-2.550000,-2.050000,1.242980
-2.500000,-2.050000,1.340709
-2.450000,-2.050000,1.430035
-2.400000,-2.050000,1.512448
-2.350000,-2.050000,1.589025
-2.300000,-2.050000,1.660572
-2.250000,-2.050000,1.727715
-2.200000,-2.050000,1.790949
-2.150000,-2.050000,1.850676
-2.100000,-2.050000,1.853485
-2.050000,-2.050000,1.810347
-2.000000,-2.050000,1.764108
-1.950000,-2.050000,1.714453
-1.900000,-2.050000,1.660989
-1.850000,-2.050000,1.603226
-1.800000,-2.050000,1.540534
-1.750000,-2.050000,1.472079
-1.700000,-2.050000,1.396722
-1.650000,-2.050000,1.312830
-1.600000,-2.050000,1.217903
-1.550000,-2.050000,1.107758
-1.500000,-2.050000,0.974274
-1.450000,-2.050000,0.796592
-1.400000,-2.050000,0.372724
-1.350000,-2.050000,0.291604
-1.300000,-2.050000,0.200434
-1.250000,-2.050000,0.186082
-1.200000,-2.050000,0.170130
-1.150000,-2.050000,0.152533
-1.100000,-2.050000,0.133237
-1.050000,-2.050000,0.112183
-1.000000,-2.050000,0.089301
-0.950000,-2.050000,0.064512
-0.900000,-2.050000,0.037725
-0.850000,-2.050000,0.014580
-0.800000,-2.050000,-0.009478
-0.750000,-2.050000,-0.035357
-0.700000,-2.050000,-0.063142
-0.650000,-2.050000,-0.092929
-0.600000,-2.050000,-0.124831
-0.550000,-2.050000,-0.158977
-0.500000,-2.050000,-0.195516
-0.450000,-2.050000,-0.234626
-0.400000,-2.050000,-0.276514
-0.350000,-2.050000,-0.321429
-0.300000,-2.050000,-0.369672
-0.250000,-2.050000,-0.421611
-0.200000,-2.050000,-0.477708
-0.150000,-2.050000,-0.538553
-0.100000,-2.050000,-0.604919
-0.050000,-2.050000,-0.677855
-0.000000,-2.050000,-0.758845
0.050000,-2.050000,-0.729252
0.100000,-2.050000,-0.626846
0.150000,-2.050000,-0.538500
0.200000,-2.050000,-0.460461
0.250000,-2.050000,-0.390460
0.300000,-2.050000,-0.327000
0.350000,-2.050000,-0.269030
0.400000,-2.050000,-0.215779
0.450000,-2.050000,-0.166664
0.500000,-2.050000,-0.121225
0.550000,-2.050000,-0.079100
0.600000,-2.050000,-0.039993
0.650000,-2.050000,-0.003659
0.700000,-2.050000,0.030106
0.750000,-2.050000,0.061472
0.800000,-2.050000,0.090586
0.850000,-2.050000,0.117572
0.900000,-2.050000,0.142540
0.950000,-2.050000,0.165581
1.000000,-2.050000,0.186778
1.050000,-2.050000,0.206200
1.100000,-2.050000,0.239874
1.150000,-2.050000,0.344076
1.200000,-2.050000,0.431182
1.250000,-2.050000,0.506477
1.300000,-2.050000,0.572882
1.350000,-2.050000,0.632217
1.400000,-2.050000,0.685708
1.450000,-2.050000,0.734228
1.500000,-2.050000,0.778422
1.550000,-2.050000,0.818785
1.600000,-2.050000,0.855704
1.650000,-2.050000,0.889489
1.700000,-2.050000,0.920393
1.750000,-2.050000,0.948621
1.800000,-2.050000,0.974346
1.850000,-2.050000,0.997713
1.900000,-2.050000,1.018843
1.950000,-2.050000,1.037838
2.000000,-2.050000,1.054786
2.050000,-2.050000,1.069761
2.100000,-2.050000,1.082825
2.150000,-2.050000,1.094029
2.200000,-2.050000,1.103418
2.250000,-2.050000,1.111026
2.300000,-2.050000,1.116882
2.350000,-2.050000,1.121006
2.400000,-2.050000,1.123412
2.450000,-2.050000,1.124111
2.500000,-2.050000,1.123103
2.550000,-2.050000,1.120385
2.600000,-2.050000,1.115948
2.650000,-2.050000,1.012423
2.700000,-2.050000,0.870345
2.750000,-2.050000,0.696419
2.800000,-2.050000,0.455522
2.850000,-2.050000,
2.900000,-2.050000,
2.950000,-2.050000,
3.000000,-2.050000,
3.050000,-2.050000,
3.100000,-2.050000,
3.150000,-2.050000,
3.200000,-2.050000,
3.250000,-2.050000,
3.300000,-2.050000,
3.350000,-2.050000,
3.400000,-2.050000,
3.450000,-2.050000,
3.500000,-2.050000,
-3.500000,-2.000000,
-3.450000,-2.000000,
-3.400000,-2.000000,
-3.350000,-2.000000,
-3.300000,-2.000000,
-3.250000,-2.000000,
-3.200000,-2.000000,
-3.150000,-2.000000,
-3.100000,-2.000000,
-3.050000,-2.000000,
-3.000000,-2.000000,
-2.950000,-2.000000,
-2.900000,-2.000000,
-2.850000,-2.000000,0.357071
-2.800000,-2.000000,0.640312
-2.750000,-2.000000,0.829156
-2.700000,-2.000000,0.979796
-2.650000,-2.000000,1.107926
-2.600000,-2.000000,1.220656
-2.550000,-2.000000,1.321930
-2.500000,-2.000000,1.414214
-2.450000,-2.000000,1.499166
-2.400000,-2.000000,1.577973
-2.350000,-2.000000,1.651514
-2.300000,-2.000000,1.720465
-2.250000,-2.000000,1.785357
-2.200000,-2.000000,1.846619
-2.150000,-2.000000,1.904600
-2.100000,-2.000000,1.866413
-2.050000,-2.000000,1.823656
-2.000000,-2.000000,1.777852
-1.950000,-2.000000,1.728694
-1.900000,-2.000000,1.675809
-1.850000,-2.000000,1.618726
-1.800000,-2.000000,1.556845
-1.750000,-2.000000,1.489378
-1.700000,-2.000000,1.415257
-1.650000,-2.000000,1.332962
-1.600000,-2.000000,1.240207
-1.550000,-2.000000,1.133241
-1.500000,-2.000000,1.005044
-1.450000,-2.000000,0.838893
-1.400000,-2.000000,0.554507
-1.350000,-2.000000,0.375501
-1.300000,-2.000000,0.291293
-1.250000,-2.000000,0.211003
-1.200000,-2.000000,0.195283
-1.150000,-2.000000,0.177946
-1.100000,-2.000000,0.158942
-1.050000,-2.000000,0.138214
-1.000000,-2.000000,0.115696
-0.950000,-2.000000,0.091314
-0.900000,-2.000000,0.064980
-0.850000,-2.000000,0.036597
-0.800000,-2.000000,0.006049
-0.750000,-2.000000,-0.026796
-0.700000,-2.000000,-0.062092
-0.650000,-2.000000,-0.100024
-0.600000,-2.000000,-0.140809
-0.550000,-2.000000,-0.176687
-0.500000,-2.000000,-0.213655
-0.450000,-2.000000,-0.253247
-0.400000,-2.000000,-0.295680
-0.350000,-2.000000,-0.341217
-0.300000,-2.000000,-0.390174
-0.250000,-2.000000,-0.442943
-0.200000,-2.000000,-0.500016
-0.150000,-2.000000,-0.562028
-0.100000,-2.000000,-0.629814
-0.050000,-2.000000,-0.704526
-0.000000,-2.000000,-0.783882
0.050000,-2.000000,-0.671083
0.100000,-2.000000,-0.575422
0.150000,-2.000000,-0.491781
0.200000,-2.000000,-0.417249
0.250000,-2.000000,-0.349982
0.300000,-2.000000,-0.288722
0.350000,-2.000000,-0.232565
0.400000,-2.000000,-0.180838
0.450000,-2.000000,-0.133019
0.500000,-2.000000,-0.088700
0.550000,-2.000000,-0.047548
0.600000,-2.000000,-0.009293
0.650000,-2.000000,0.026288
0.700000,-2.000000,0.059385
0.750000,-2.000000,0.090157
0.800000,-2.000000,0.118740
0.850000,-2.000000,0.145252
0.900000,-2.000000,0.169794
0.950000,-2.000000,0.192455
1.000000,-2.000000,0.213310
1.050000,-2.000000,0.235476
1.100000,-2.000000,0.344007
1.150000,-2.000000,0.434349
1.200000,-2.000000,0.512296
1.250000,-2.000000,0.580995
1.300000,-2.000000,0.642383
1.350000,-2.000000,0.697759
1.400000,-2.000000,0.748037
1.450000,-2.000000,0.793897
1.500000,-2.000000,0.835853
1.550000,-2.000000,0.874311
1.600000,-2.000000,0.909593
1.650000,-2.000000,0.941961
1.700000,-2.000000,0.971630
1.750000,-2.000000,0.998780
1.800000,-2.000000,1.023560
1.850000,-2.000000,1.046099
1.900000,-2.000000,1.066503
1.950000,-2.000000,1.084863
2.000000,-2.000000,1.101259
2.050000,-2.000000,1.115757
2.100000,-2.000000,1.128412
2.150000,-2.000000,1.139271
2.200000,-2.000000,1.148375
2.250000,-2.000000,1.155755
2.300000,-2.000000,1.161436
2.350000,-2.000000,1.165438
2.400000,-2.000000,1.167774
2.450000,-2.000000,1.168452
2.500000,-2.000000,1.167473
2.550000,-2.000000,1.164836
2.600000,-2.000000,1.160530
2.650000,-2.000000,1.107926
2.700000,-2.000000,0.979796
2.750000,-2.000000,0.829156
2.800000,-2.000000,0.640312
2.850000,-2.000000,0.357071
2.900000,-2.000000,
2.950000,-2.000000,
3.000000,-2.000000,
3.050000,-2.000000,
3.100000,-2.000000,
3.150000,-2.000000,
3.200000,-2.000000,
3.250000,-2.000000,
3.300000,-2.000000,
3.350000,-2.000000,
3.400000,-2.000000,
3.450000,-2.000000,
3.500000,-2.000000,
-3.500000,-1.950000,
-3.450000,-1.950000,
-3.400000,-1.950000,
-3.350000,-1.950000,
-3.300000,-1.950000,
-3.250000,-1.950000,
-3.200000,-1.950000,
-3.150000,-1.950000,
-3.100000,-1.950000,
-3.050000,-1.950000,
-3.000000,-1.950000,
-2.950000,-1.950000,
-2.900000,-1.950000,0.193649
-2.850000,-1.950000,0.570088
-2.800000,-1.950000,0.779423
-2.750000,-1.950000,0.940744
-2.700000,-1.950000,1.075872
-2.650000,-1.950000,1.193734
-2.600000,-1.950000,1.299038
-2.550000,-1.950000,1.394633
-2.500000,-1.950000,1.482397
-2.450000,-1.950000,1.563650
-2.400000,-1.950000,1.639360
-2.350000,-1.950000,1.710263
-2.300000,-1.950000,1.776936
-2.250000,-1.950000,1.839837
-2.200000,-1.950000,1.899342
-2.150000,-1.950000,1.917262
-2.100000,-1.950000,1.877586
-2.050000,-1.950000,1.835153
-2.000000,-1.950000,1.789717
-1.950000,-1.950000,1.740982
-1.900000,-1.950000,1.688585
-1.850000,-1.950000,1.632075
-1.800000,-1.950000,1.570875
-1.750000,-1.950000,1.504236
-1.700000,-1.950000,1.431142
-1.650000,-1.950000,1.350167
-1.600000,-1.950000,1.259186
-1.550000,-1.950000,1.154776
-1.500000,-1.950000,1.030701
-1.450000,-1.950000,0.872913
-1.400000,-1.950000,0.627389
-1.350000,-1.950000,0.448774
-1.300000,-1.950000,0.372163
-1.250000,-1.950000,0.284144
-1.200000,-1.950000,0.218635
-1.150000,-1.950000,0.201533
-1.100000,-1.950000,0.182793
-1.050000,-1.950000,0.162359
-1.000000,-1.950000,0.140168
-0.950000,-1.950000,0.116150
-0.900000,-1.950000,0.090223
-0.850000,-1.950000,0.062292
-0.800000,-1.950000,0.032250
-0.750000,-1.950000,-0.000028
-0.700000,-1.950000,-0.034689
-0.650000,-1.950000,-0.071903
-0.600000,-1.950000,-0.111873
-0.550000,-1.950000,-0.154840
-0.500000,-1.950000,-0.201098
-0.450000,-1.950000,-0.251007
-0.400000,-1.950000,-0.305015
-0.350000,-1.950000,-0.363125
-0.300000,-1.950000,-0.412899
-0.250000,-1.950000,-0.466620
-0.200000,-1.950000,-0.524818
-0.150000,-1.950000,-0.588181
-0.100000,-1.950000,-0.657626
-0.050000,-1.950000,-0.734433
-0.000000,-1.950000,-0.724785
0.050000,-1.950000,-0.619929
0.100000,-1.950000,-0.529541
0.150000,-1.950000,-0.449709
0.200000,-1.950000,-0.378084
0.250000,-1.950000,-0.313122
0.300000,-1.950000,-0.253739
0.350000,-1.950000,-0.199146
0.400000,-1.950000,-0.148741
0.450000,-1.950000,-0.102057
0.500000,-1.950000,-0.058719
0.550000,-1.950000,-0.018426
0.600000,-1.950000,0.019073
0.650000,-1.950000,0.053986
0.700000,-1.950000,0.086488
0.750000,-1.950000,0.116729
0.800000,-1.950000,0.144838
0.850000,-1.950000,0.170925
0.900000,-1.950000,0.195085
0.950000,-1.950000,0.217403
1.000000,-1.950000,0.237950
1.050000,-1.950000,0.336605
1.100000,-1.950000,0.431059
1.150000,-1.950000,0.512240
1.200000,-1.950000,0.583649
1.250000,-1.950000,0.647403
1.300000,-1.950000,0.704904
1.350000,-1.950000,0.757133
1.400000,-1.950000,0.804810
1.450000,-1.950000,0.848484
1.500000,-1.950000,0.888581
1.550000,-1.950000,0.925439
1.600000,-1.950000,0.959335
1.650000,-1.950000,0.990495
1.700000,-1.950000,1.019106
1.750000,-1.950000,1.045327
1.800000,-1.950000,1.069290
1.850000,-1.950000,1.091109
1.900000,-1.950000,1.110881
1.950000,-1.950000,1.128688
2.000000,-1.950000,1.144600
2.050000,-1.950000,1.158679
2.100000,-1.950000,1.170975
2.150000,-1.950000,1.181531
2.200000,-1.950000,1.190384
2.250000,-1.950000,1.197562
2.300000,-1.950000,1.203089
2.350000,-1.950000,1.206984
2.400000,-1.950000,1.209257
2.450000,-1.950000,1.209917
2.500000,-1.950000,1.208964
2.550000,-1.950000,1.206398
2.600000,-1.950000,1.202208
2.650000,-1.950000,1.193734
2.700000,-1.950000,1.075872
2.750000,-1.950000,0.940744
2.800000,-1.950000,0.779423
2.850000,-1.950000,0.570088
2.900000,-1.950000,0.193649
2.950000,-1.950000,
3.000000,-1.950000,
3.050000,-1.950000,
3.100000,-1.950000,
3.150000,-1.950000,
3.200000,-1.950000,
3.250000,-1.950000,
3.300000,-1.950000,
3.350000,-1.950000,
3.400000,-1.950000,
3.450000,-1.950000,
3.500000,-1.950000,
-3.500000,-1.900000,
-3.450000,-1.900000,
-3.400000,-1.900000,
-3.350000,-1.900000,
-3.300000,-1.900000,
-3.250000,-1.900000,
-3.200000,-1.900000,
-3.150000,-1.900000,
-3.100000,-1.900000,
-3.050000,-1.900000,
-3.000000,-1.900000,
-2.950000,-1.900000,
-2.900000,-1.900000,0.479583
-2.850000,-1.900000,0.719375
-2.800000,-1.900000,0.894427
-2.750000,-1.900000,1.038027
-2.700000,-1.900000,1.161895
-2.650000,-1.900000,1.271810
-2.600000,-1.900000,1.371131
-2.550000,-1.900000,1.462019
-2.500000,-1.900000,1.545962
-2.450000,-1.900000,1.624038
-2.400000,-1.900000,1.697056
-2.350000,-1.900000,1.765644
-2.300000,-1.900000,1.830301
-2.250000,-1.900000,1.891428
-2.200000,-1.900000,1.949359
-2.150000,-1.900000,1.926480
-2.100000,-1.900000,1.887043
-2.050000,-1.900000,1.844879
-2.000000,-1.900000,1.799750
-1.950000,-1.900000,1.751366
-1.900000,-1.900000,1.699375
-1.850000,-1.900000,1.643340
-1.800000,-1.900000,1.582704
-1.750000,-1.900000,1.516746
-1.700000,-1.900000,1.444495
-1.650000,-1.900000,1.364595
-1.600000,-1.900000,1.275049
-1.550000,-1.900000,1.172676
-1.500000,-1.900000,1.051815
-1.450000,-1.900000,0.900218
-1.400000,-1.900000,0.676557
-1.350000,-1.900000,0.513865
-1.300000,-1.900000,0.442896
-1.250000,-1.900000,0.362635
-1.200000,-1.900000,0.269954
-1.150000,-1.900000,0.223369
-1.100000,-1.900000,0.204865
-1.050000,-1.900000,0.184696
-1.000000,-1.900000,0.162800
-0.950000,-1.900000,0.139109
-0.900000,-1.900000,0.113546
-0.850000,-1.900000,0.086021
-0.800000,-1.900000,0.056431
-0.750000,-1.900000,0.024658
-0.700000,-1.900000,-0.009436
-0.650000,-1.900000,-0.046013
-0.600000,-1.900000,-0.085261
-0.550000,-1.900000,-0.127407
-0.500000,-1.900000,-0.172723
-0.450000,-1.900000,-0.221540
-0.400000,-1.900000,-0.274271
-0.350000,-1.900000,-0.331434
-0.300000,-1.900000,-0.393706
-0.250000,-1.900000,-0.461988
-0.200000,-1.900000,-0.537530
-0.150000,-1.900000,-0.617203
-0.100000,-1.900000,-0.688591
-0.050000,-1.900000,-0.767877
-0.000000,-1.900000,-0.673315
0.050000,-1.900000,-0.574567
0.100000,-1.900000,-0.488411
0.150000,-1.900000,-0.411721
0.200000,-1.900000,-0.342539
0.250000,-1.900000,-0.279539
0.300000,-1.900000,-0.221773
0.350000,-1.900000,-0.168535
0.400000,-1.900000,-0.119285
0.450000,-1.900000,-0.073596
0.500000,-1.900000,-0.031124
0.550000,-1.900000,0.008410
0.600000,-1.900000,0.045238
0.650000,-1.900000,0.079556
0.700000,-1.900000,0.111528
0.750000,-1.900000,0.141295
0.800000,-1.900000,0.168978
0.850000,-1.900000,0.194683
0.900000,-1.900000,0.218501
0.950000,-1.900000,0.240510
1.000000,-1.900000,0.321625
1.050000,-1.900000,0.421228
1.100000,-1.900000,0.506308
1.150000,-1.900000,0.580891
1.200000,-1.900000,0.647355
1.250000,-1.900000,0.707245
1.300000,-1.900000,0.761631
1.350000,-1.900000,0.811293
1.400000,-1.900000,0.856818
1.450000,-1.900000,0.898661
1.500000,-1.900000,0.937186
1.550000,-1.900000,0.972682
1.600000,-1.900000,1.005390
1.650000,-1.900000,1.035508
1.700000,-1.900000,1.063202
1.750000,-1.900000,1.088615
1.800000,-1.900000,1.111865
1.850000,-1.900000,1.133054
1.900000,-1.900000,1.152271
1.950000,-1.900000,1.169590
2.000000,-1.900000,1.185076
2.050000,-1.900000,1.198785
2.100000,-1.900000,1.210763
2.150000,-1.900000,1.221051
2.200000,-1.900000,1.229680
2.250000,-1.900000,1.236680
2.300000,-1.900000,1.242071
2.350000,-1.900000,1.245870
2.400000,-1.900000,1.248087
2.450000,-1.900000,1.248731
2.500000,-1.900000,1.247802
2.550000,-1.900000,1.245298
2.600000,-1.900000,1.241211
2.650000,-1.900000,1.235530
2.700000,-1.900000,1.161895
2.750000,-1.900000,1.038027
2.800000,-1.900000,0.894427
2.850000,-1.900000,0.719375
2.900000,-1.900000,0.479583
2.950000,-1.900000,
3.000000,-1.900000,
3.050000,-1.900000,
3.100000,-1.900000,
3.150000,-1.900000,
3.200000,-1.900000,
3.250000,-1.900000,
3.300000,-1.900000,
3.350000,-1.900000,
3.400000,-1.900000,
3.450000,-1.900000,
3.500000,-1.900000,
-3.500000,-1.850000,
-3.450000,-1.850000,
-3.400000,-1.850000,
-3.350000,-1.850000,
-3.300000,-1.850000,
-3.250000,-1.850000,
-3.200000,-1.850000,
-3.150000,-1.850000,
-3.100000,-1.850000,
-3.050000,-1.850000,
-3.000000,-1.850000,
-2.950000,-1.850000,0.353553
-2.900000,-1.850000,0.646142
-2.850000,-1.850000,0.839643
-2.800000,-1.850000,0.993730
-2.750000,-1.850000,1.124722
-2.700000,-1.850000,1.239960
-2.650000,-1.850000,1.343503
-2.600000,-1.850000,1.437880
-2.550000,-1.850000,1.524795
-2.500000,-1.850000,1.605459
-2.450000,-1.850000,1.680774
-2.400000,-1.850000,1.751428
-2.350000,-1.850000,1.817966
-2.300000,-1.850000,1.880824
-2.250000,-1.850000,1.940361
-2.200000,-1.850000,1.970794
-2.150000,-1.850000,1.934056
-2.100000,-1.850000,1.894814
-2.050000,-1.850000,1.852870
-2.000000,-1.850000,1.807990
-1.950000,-1.850000,1.759890
-1.900000,-1.850000,1.708228
-1.850000,-1.850000,1.652576
-1.800000,-1.850000,1.592395
-1.750000,-1.850000,1.526984
-1.700000,-1.850000,1.455407
-1.650000,-1.850000,1.376365
-1.600000,-1.850000,1.287954
-1.550000,-1.850000,1.187178
-1.500000,-1.850000,1.068791
-1.450000,-1.850000,0.921785
-1.400000,-1.850000,0.712062
-1.350000,-1.850000,0.572348
-1.300000,-1.850000,0.505760
-1.250000,-1.850000,0.431284
-1.200000,-1.850000,0.346693
-1.150000,-1.850000,0.248288
-1.100000,-1.850000,0.225227
-1.050000,-1.850000,0.205295
-1.000000,-1.850000,0.183664
-0.950000,-1.850000,0.160268
-0.900000,-1.850000,0.135032
-0.850000,-1.850000,0.107870
-0.800000,-1.850000,0.078685
-0.750000,-1.850000,0.047363
-0.700000,-1.850000,0.013773
-0.650000,-1.850000,-0.022237
-0.600000,-1.850000,-0.060846
-0.550000,-1.850000,-0.102266
-0.500000,-1.850000,-0.146752
-0.450000,-1.850000,-0.194613
-0.400000,-1.850000,-0.246228
-0.350000,-1.850000,-0.302075
-0.300000,-1.850000,-0.362767
-0.250000,-1.850000,-0.429110
-0.200000,-1.850000,-0.502210
-0.150000,-1.850000,-0.583648
-0.100000,-1.850000,-0.675831
-0.050000,-1.850000,-0.737558
-0.000000,-1.850000,-0.628048
0.050000,-1.850000,-0.534141
0.100000,-1.850000,-0.451448
0.150000,-1.850000,-0.377386
0.200000,-1.850000,-0.310277
0.250000,-1.850000,-0.248961
0.300000,-1.850000,-0.192593
0.350000,-1.850000,-0.140537
0.400000,-1.850000,-0.092298
0.450000,-1.850000,-0.047484
0.500000,-1.850000,-0.005777
0.550000,-1.850000,0.033084
0.600000,-1.850000,0.069316
0.650000,-1.850000,0.103103
0.700000,-1.850000,0.134602
0.750000,-1.850000,0.163945
0.800000,-1.850000,0.191247
0.850000,-1.850000,0.216610
0.900000,-1.850000,0.240119
0.950000,-1.850000,0.298535
1.000000,-1.850000,0.404599
1.050000,-1.850000,0.494375
1.100000,-1.850000,0.572673
1.150000,-1.850000,0.642238
1.200000,-1.850000,0.704813
1.250000,-1.850000,0.761587
1.300000,-1.850000,0.813418
1.350000,-1.850000,0.860943
1.400000,-1.850000,0.904655
1.450000,-1.850000,0.944944
1.500000,-1.850000,0.982122
1.550000,-1.850000,1.016444
1.600000,-1.850000,1.048123
1.650000,-1.850000,1.077334
1.700000,-1.850000,1.104228
1.750000,-1.850000,1.128932
1.800000,-1.850000,1.151554
1.850000,-1.850000,1.172188
1.900000,-1.850000,1.190914
1.950000,-1.850000,1.207801
2.000000,-1.850000,1.222909
2.050000,-1.850000,1.236289
2.100000,-1.850000,1.247985
2.150000,-1.850000,1.258033
2.200000,-1.850000,1.266464
2.250000,-1.850000,1.273305
2.300000,-1.850000,1.278574
2.350000,-1.850000,1.282287
2.400000,-1.850000,1.284455
2.450000,-1.850000,1.285084
2.500000,-1.850000,1.284176
2.550000,-1.850000,1.281728
2.600000,-1.850000,1.277733
2.650000,-1.850000,1.272180
2.700000,-1.850000,1.239960
2.750000,-1.850000,1.124722
2.800000,-1.850000,0.993730
2.850000,-1.850000,0.839643
2.900000,-1.850000,0.646142
2.950000,-1.850000,0.353553
3.000000,-1.850000,
3.050000,-1.850000,
3.100000,-1.850000,
3.150000,-1.850000,
3.200000,-1.850000,
3.250000,-1.850000,
3.300000,-1.850000,
3.350000,-1.850000,
3.400000,-1.850000,
3.450000,-1.850000,
3.500000,-1.850000,
-3.500000,-1.800000,
-3.450000,-1.800000,
-3.400000,-1.800000,
-3.350000,-1.800000,
-3.300000,-1.800000,
-3.250000,-1.800000,
-3.200000,-1.800000,
-3.150000,-1.800000,
-3.100000,-1.800000,
-3.050000,-1.800000,
-3.000000,-1.800000,0.100000
-2.950000,-1.800000,0.554527
-2.900000,-1.800000,0.774597
-2.850000,-1.800000,0.942072
-2.800000,-1.800000,1.081665
-2.750000,-1.800000,1.203121
-2.700000,-1.800000,1.311488
-2.650000,-1.800000,1.409787
-2.600000,-1.800000,1.500000
-2.550000,-1.800000,1.583509
-2.500000,-1.800000,1.661325
-2.450000,-1.800000,1.734215
-2.400000,-1.800000,1.802776
-2.350000,-1.800000,1.867485
-2.300000,-1.800000,1.928730
-2.250000,-1.800000,1.986832
-2.200000,-1.800000,1.976619
-2.150000,-1.800000,1.940016
-2.100000,-1.800000,1.900926
-2.050000,-1.800000,1.859153
-2.000000,-1.800000,1.814466
-1.950000,-1.800000,1.766588
-1.900000,-1.800000,1.715181
-1.850000,-1.800000,1.659827
-1.800000,-1.800000,1.599997
-1.750000,-1.800000,1.535009
-1.700000,-1.800000,1.463952
-1.650000,-1.800000,1.385568
-1.600000,-1.800000,1.298024
-1.550000,-1.800000,1.198458
-1.500000,-1.800000,1.081920
-1.450000,-1.800000,0.938256
-1.400000,-1.800000,0.737765
-1.350000,-1.800000,0.625307
-1.300000,-1.800000,0.562231
-1.250000,-1.800000,0.492259
-1.200000,-1.800000,0.413704
-1.150000,-1.800000,0.323937
-1.100000,-1.800000,0.243938
-1.050000,-1.800000,0.224220
-1.000000,-1.800000,0.202826
-0.950000,-1.800000,0.179694
-0.900000,-1.800000,0.154750
-0.850000,-1.800000,0.127913
-0.800000,-1.800000,0.099089
-0.750000,-1.800000,0.068170
-0.700000,-1.800000,0.035029
-0.650000,-1.800000,-0.000477
-0.600000,-1.800000,-0.038518
-0.550000,-1.800000,-0.079297
-0.500000,-1.800000,-0.123051
-0.450000,-1.800000,-0.170072
-0.400000,-1.800000,-0.220712
-0.350000,-1.800000,-0.275414
-0.300000,-1.800000,-0.334739
-0.250000,-1.800000,-0.399423
-0.200000,-1.800000,-0.470454
-0.150000,-1.800000,-0.549224
-0.100000,-1.800000,-0.637804
-0.050000,-1.800000,-0.691756
-0.000000,-1.800000,-0.588011
0.050000,-1.800000,-0.498024
0.100000,-1.800000,-0.418208
0.150000,-1.800000,-0.346364
0.200000,-1.800000,-0.281027
0.250000,-1.800000,-0.221163
0.300000,-1.800000,-0.166010
0.350000,-1.800000,-0.114986
0.400000,-1.800000,-0.067635
0.450000,-1.800000,-0.023593
0.500000,-1.800000,0.017437
0.550000,-1.800000,0.055701
0.600000,-1.800000,0.091403
0.650000,-1.800000,0.124719
0.700000,-1.800000,0.155794
0.750000,-1.800000,0.184758
0.800000,-1.800000,0.211720
0.850000,-1.800000,0.236776
0.900000,-1.800000,0.266413
0.950000,-1.800000,0.380701
1.000000,-1.800000,0.476177
1.050000,-1.800000,0.558845
1.100000,-1.800000,0.631972
1.150000,-1.800000,0.697575
1.200000,-1.800000,0.757003
1.250000,-1.800000,0.811210
1.300000,-1.800000,0.860903
1.350000,-1.800000,0.906622
1.400000,-1.800000,0.948788
1.450000,-1.800000,0.987740
1.500000,-1.800000,1.023753
1.550000,-1.800000,1.057054
1.600000,-1.800000,1.087833
1.650000,-1.800000,1.116248
1.700000,-1.800000,1.142437
1.750000,-1.800000,1.166515
1.800000,-1.800000,1.188582
1.850000,-1.800000,1.208723
1.900000,-1.800000,1.227013
1.950000,-1.800000,1.243516
2.000000,-1.800000,1.258287
2.050000,-1.800000,1.271373
2.100000,-1.800000,1.282816
2.150000,-1.800000,1.292650
2.200000,-1.800000,1.300904
2.250000,-1.800000,1.307602
2.300000,-1.800000,1.312761
2.350000,-1.800000,1.316398
2.400000,-1.800000,1.318522
2.450000,-1.800000,1.319138
2.500000,-1.800000,1.318248
2.550000,-1.800000,1.315851
2.600000,-1.800000,1.311938
2.650000,-1.800000,1.306501
2.700000,-1.800000,1.299522
2.750000,-1.800000,1.203121
2.800000,-1.800000,1.081665
2.850000,-1.800000,0.942072
2.900000,-1.800000,0.774597
2.950000,-1.800000,0.554527
3.000000,-1.800000,0.100000
3.050000,-1.800000,
3.100000,-1.800000,
3.150000,-1.800000,
3.200000,-1.800000,
3.250000,-1.800000,
3.300000,-1.800000,
3.350000,-1.800000,
3.400000,-1.800000,
3.450000,-1.800000,
3.500000,-1.800000,
-3.500000,-1.750000,
-3.450000,-1.750000,
-3.400000,-1.750000,
-3.350000,-1.750000,
-3.300000,-1.750000,
-3.250000,-1.750000,
-3.200000,-1.750000,
-3.150000,-1.750000,
-3.100000,-1.750000,
-3.050000,-1.750000,
-3.000000,-1.750000,0.433013
-2.950000,-1.750000,0.696419
-2.900000,-1.750000,0.881760
-2.850000,-1.750000,1.031988
-2.800000,-1.750000,1.160819
-2.750000,-1.750000,1.274755
-2.700000,-1.750000,1.377498
-2.650000,-1.750000,1.471394
-2.600000,-1.750000,1.558044
-2.550000,-1.750000,1.638597
-2.500000,-1.750000,1.713914
-2.450000,-1.750000,1.784657
-2.400000,-1.750000,1.851351
-2.350000,-1.750000,1.914419
-2.300000,-1.750000,1.974209
-2.250000,-1.750000,2.015073
-2.200000,-1.750000,1.980882
-2.150000,-1.750000,1.944378
-2.100000,-1.750000,1.905398
-2.050000,-1.750000,1.863749
-2.000000,-1.750000,1.819203
-1.950000,-1.750000,1.771485
-1.900000,-1.750000,1.720263
-1.850000,-1.750000,1.665124
-1.800000,-1.750000,1.605549
-1.750000,-1.750000,1.540866
-1.700000,-1.750000,1.470184
-1.650000,-1.750000,1.392273
-1.600000,-1.750000,1.305349
-1.550000,-1.750000,1.206644
-1.500000,-1.750000,1.091410
-1.450000,-1.750000,0.950057
-1.400000,-1.750000,0.755576
-1.350000,-1.750000,0.673528
-1.300000,-1.750000,0.613333
-1.250000,-1.750000,0.546977
-1.200000,-1.750000,0.473122
-1.150000,-1.750000,0.389779
-1.100000,-1.750000,0.293737
-1.050000,-1.750000,0.241523
-1.000000,-1.750000,0.220342
-0.950000,-1.750000,0.197445
-0.900000,-1.750000,0.172763
-0.850000,-1.750000,0.146216
-0.800000,-1.750000,0.117714
-0.750000,-1.750000,0.087153
-0.700000,-1.750000,0.054412
-0.650000,-1.750000,0.019354
-0.600000,-1.750000,-0.018186
-0.550000,-1.750000,-0.058397
-0.500000,-1.750000,-0.101507
-0.450000,-1.750000,-0.147789
-0.400000,-1.750000,-0.197576
-0.350000,-1.750000,-0.251280
-0.300000,-1.750000,-0.309423
-0.250000,-1.750000,-0.372678
-0.200000,-1.750000,-0.441946
-0.150000,-1.750000,-0.518472
-0.100000,-1.750000,-0.604074
-0.050000,-1.750000,-0.651656
-0.000000,-1.750000,-0.552508
0.050000,-1.750000,-0.465745
0.100000,-1.750000,-0.388341
0.150000,-1.750000,-0.318383
0.200000,-1.750000,-0.254568
0.250000,-1.750000,-0.195961
0.300000,-1.750000,-0.141866
0.350000,-1.750000,-0.091746
0.400000,-1.750000,-0.045175
0.450000,-1.750000,-0.001814
0.500000,-1.750000,0.038619
0.550000,-1.750000,0.076353
0.600000,-1.750000,0.111585
0.650000,-1.750000,0.144480
0.700000,-1.750000,0.175179
0.750000,-1.750000,0.203805
0.800000,-1.750000,0.230462
0.850000,-1.750000,0.255243
0.900000,-1.750000,0.348781
0.950000,-1.750000,0.451284
1.000000,-1.750000,0.539142
1.050000,-1.750000,0.616392
1.100000,-1.750000,0.685430
1.150000,-1.750000,0.747819
1.200000,-1.750000,0.804644
1.250000,-1.750000,0.856698
1.300000,-1.750000,0.904579
1.350000,-1.750000,0.948751
1.400000,-1.750000,0.989583
1.450000,-1.750000,1.027375
1.500000,-1.750000,1.062372
1.550000,-1.750000,1.094778
1.600000,-1.750000,1.124765
1.650000,-1.750000,1.152479
1.700000,-1.750000,1.178043
1.750000,-1.750000,1.201566
1.800000,-1.750000,1.223138
1.850000,-1.750000,1.242840
1.900000,-1.750000,1.260741
1.950000,-1.750000,1.276900
2.000000,-1.750000,1.291369
2.050000,-1.750000,1.304192
2.100000,-1.750000,1.315409
2.150000,-1.750000,1.325050
2.200000,-1.750000,1.333144
2.250000,-1.750000,1.339713
2.300000,-1.750000,1.344775
2.350000,-1.750000,1.348343
2.400000,-1.750000,1.350426
2.450000,-1.750000,1.351031
2.500000,-1.750000,1.350158
2.550000,-1.750000,1.347806
2.600000,-1.750000,1.343968
2.650000,-1.750000,1.338634
2.700000,-1.750000,1.331789
2.750000,-1.750000,1.274755
2.800000,-1.750000,1.160819
2.850000,-1.750000,1.031988
2.900000,-1.750000,0.881760
2.950000,-1.750000,0.696419
3.000000,-1.750000,0.433013
3.050000,-1.750000,
3.100000,-1.750000,
3.150000,-1.750000,
3.200000,-1.750000,
3.250000,-1.750000,
3.300000,-1.750000,
3.350000,-1.750000,
3.400000,-1.750000,
3.450000,-1.750000,
3.500000,-1.750000,
-3.500000,-1.700000,
-3.450000,-1.700000,
-3.400000,-1.700000,
-3.350000,-1.700000,
-3.300000,-1.700000,
-3.250000,-1.700000,
-3.200000,-1.700000,
-3.150000,-1.700000,
-3.100000,-1.700000,
-3.050000,-1.700000,0.239792
-3.000000,-1.700000,0.600000
-2.950000,-1.700000,0.810864
-2.900000,-1.700000,0.974679
-2.850000,-1.700000,1.112430
-2.800000,-1.700000,1.232883
-2.750000,-1.700000,1.340709
-2.700000,-1.700000,1.438749
-2.650000,-1.700000,1.528888
-2.600000,-1.700000,1.612452
-2.550000,-1.700000,1.690414
-2.500000,-1.700000,1.763519
-2.450000,-1.700000,1.832348
-2.400000,-1.700000,1.897367
-2.350000,-1.700000,1.958954
-2.300000,-1.700000,2.017424
-2.250000,-1.700000,2.017731
-2.200000,-1.700000,1.983596
-2.150000,-1.700000,1.947154
-2.100000,-1.700000,1.908244
-2.050000,-1.700000,1.866674
-2.000000,-1.700000,1.822216
-1.950000,-1.700000,1.774601
-1.900000,-1.700000,1.723496
-1.850000,-1.700000,1.668493
-1.800000,-1.700000,1.609078
-1.750000,-1.700000,1.544587
-1.700000,-1.700000,1.474141
-1.650000,-1.700000,1.396528
-1.600000,-1.700000,1.309993
-1.550000,-1.700000,1.211825
-1.500000,-1.700000,1.097400
-1.450000,-1.700000,0.957463
-1.400000,-1.700000,0.770591
-1.350000,-1.700000,0.717602
-1.300000,-1.700000,0.659814
-1.250000,-1.700000,0.596427
-1.200000,-1.700000,0.526344
-1.150000,-1.700000,0.447989
-1.100000,-1.700000,0.358942
-1.050000,-1.700000,0.257251
-1.000000,-1.700000,0.236260
-0.950000,-1.700000,0.213574
-0.900000,-1.700000,0.189125
-0.850000,-1.700000,0.162836
-0.800000,-1.700000,0.134620
-0.750000,-1.700000,0.104377
-0.700000,-1.700000,0.071990
-0.650000,-1.700000,0.037327
-0.600000,-1.700000,0.000232
-0.550000,-1.700000,-0.039479
-0.500000,-1.700000,-0.082022
-0.450000,-1.700000,-0.127656
-0.400000,-1.700000,-0.176697
-0.350000,-1.700000,-0.229532
-0.300000,-1.700000,-0.286649
-0.250000,-1.700000,-0.348675
-0.200000,-1.700000,-0.416435
-0.150000,-1.700000,-0.491063
-0.100000,-1.700000,-0.574182
-0.050000,-1.700000,-0.616440
-0.000000,-1.700000,-0.521023
0.050000,-1.700000,-0.436939
0.100000,-1.700000,-0.361572
0.150000,-1.700000,-0.293225
0.200000,-1.700000,-0.230720
0.250000,-1.700000,-0.173203
0.300000,-1.700000,-0.120030
0.350000,-1.700000,-0.070700
0.400000,-1.700000,-0.024814
0.450000,-1.700000,0.017948
0.500000,-1.700000,0.057852
0.550000,-1.700000,0.095119
0.600000,-1.700000,0.129934
0.650000,-1.700000,0.162455
0.700000,-1.700000,0.192820
0.750000,-1.700000,0.221144
0.800000,-1.700000,0.247530
0.850000,-1.700000,0.307655
0.900000,-1.700000,0.419039
0.950000,-1.700000,0.513159
1.000000,-1.700000,0.595232
1.050000,-1.700000,0.668200
1.100000,-1.700000,0.733918
1.150000,-1.700000,0.793645
1.200000,-1.700000,0.848284
1.250000,-1.700000,0.898508
1.300000,-1.700000,0.944833
1.350000,-1.700000,0.987668
1.400000,-1.700000,1.027340
1.450000,-1.700000,1.064118
1.500000,-1.700000,1.098222
1.550000,-1.700000,1.129838
1.600000,-1.700000,1.159125
1.650000,-1.700000,1.186215
1.700000,-1.700000,1.211225
1.750000,-1.700000,1.234252
1.800000,-1.700000,1.255383
1.850000,-1.700000,1.274692
1.900000,-1.700000,1.292244
1.950000,-1.700000,1.308094
2.000000,-1.700000,1.322292
2.050000,-1.700000,1.334879
2.100000,-1.700000,1.345891
2.150000,-1.700000,1.355360
2.200000,-1.700000,1.363310
2.250000,-1.700000,1.369763
2.300000,-1.700000,1.374736
2.350000,-1.700000,1.378242
2.400000,-1.700000,1.380289
2.450000,-1.700000,1.380883
2.500000,-1.700000,1.380026
2.550000,-1.700000,1.377714
2.600000,-1.700000,1.373943
2.650000,-1.700000,1.368702
2.700000,-1.700000,1.361979
2.750000,-1.700000,1.340709
2.800000,-1.700000,1.232883
2.850000,-1.700000,1.112430
2.900000,-1.700000,0.974679
2.950000,-1.700000,0.810864
3.000000,-1.700000,0.600000
3.050000,-1.700000,0.239792
3.100000,-1.700000,
3.150000,-1.700000,
3.200000,-1.700000,
3.250000,-1.700000,
3.300000,-1.700000,
3.350000,-1.700000,
3.400000,-1.700000,
3.450000,-1.700000,
3.500000,-1.700000,
-3.500000,-1.650000,
-3.450000,-1.650000,
-3.400000,-1.650000,
-3.350000,-1.650000,
-3.300000,-1.650000,
-3.250000,-1.650000,
-3.200000,-1.650000,
-3.150000,-1.650000,
-3.100000,-1.650000,
-3.050000,-1.650000,0.474342
-3.000000,-1.650000,0.726292
-2.950000,-1.650000,0.908295
-2.900000,-1.650000,1.057119
-2.850000,-1.650000,1.185327
-2.800000,-1.650000,1.299038
-2.750000,-1.650000,1.401785
-2.700000,-1.650000,1.495828
-2.650000,-1.650000,1.582719
-2.600000,-1.650000,1.663580
-2.550000,-1.650000,1.739253
-2.500000,-1.650000,1.810387
-2.450000,-1.650000,1.877498
-2.400000,-1.650000,1.941005
-2.350000,-1.650000,2.001250
-2.300000,-1.650000,2.050826
-2.250000,-1.650000,2.018879
-2.200000,-1.650000,1.984768
-2.150000,-1.650000,1.948353
-2.100000,-1.650000,1.909473
-2.050000,-1.650000,1.867937
-2.000000,-1.650000,1.823518
-1.950000,-1.650000,1.775946
-1.900000,-1.650000,1.724891
-1.850000,-1.650000,1.669947
-1.800000,-1.650000,1.610601
-1.750000,-1.650000,1.546193
-1.700000,-1.650000,1.475849
-1.650000,-1.650000,1.398362
-1.600000,-1.650000,1.311994
-1.550000,-1.650000,1.214056
-1.500000,-1.650000,1.099976
-1.450000,-1.650000,0.960639
-1.400000,-1.650000,0.809267
-1.350000,-1.650000,0.757985
-1.300000,-1.650000,0.702235
-1.250000,-1.650000,0.641329
-1.200000,-1.650000,0.574342
-1.150000,-1.650000,0.499980
-1.100000,-1.650000,0.416332
-1.050000,-1.650000,0.320356
-1.000000,-1.650000,0.250624
-0.950000,-1.650000,0.228124
-0.900000,-1.650000,0.203881
-0.850000,-1.650000,0.177821
-0.800000,-1.650000,0.149859
-0.750000,-1.650000,0.119896
-0.700000,-1.650000,0.087823
-0.650000,-1.650000,0.053508
-0.600000,-1.650000,0.016803
-0.550000,-1.650000,-0.022468
-0.500000,-1.650000,-0.064514
-0.450000,-1.650000,-0.109582
-0.400000,-1.650000,-0.157972
-0.350000,-1.650000,-0.210051
-0.300000,-1.650000,-0.266281
-0.250000,-1.650000,-0.327247
-0.200000,-1.650000,-0.393718
-0.150000,-1.650000,-0.466735
-0.100000,-1.650000,-0.547772
-0.050000,-1.650000,-0.585514
-0.000000,-1.650000,-0.493160
0.050000,-1.650000,-0.411318
0.100000,-1.650000,-0.337678
0.150000,-1.650000,-0.270708
0.200000,-1.650000,-0.209333
0.250000,-1.650000,-0.152760
0.300000,-1.650000,-0.100389
0.350000,-1.650000,-0.051749
0.400000,-1.650000,-0.006464
0.450000,-1.650000,0.035772
0.500000,-1.650000,0.075212
0.550000,-1.650000,0.112065
0.600000,-1.650000,0.146512
0.650000,-1.650000,0.178704
0.700000,-1.650000,0.208772
0.750000,-1.650000,0.236829
0.800000,-1.650000,0.262974
0.850000,-1.650000,0.378455
0.900000,-1.650000,0.480300
0.950000,-1.650000,0.568103
1.000000,-1.650000,0.645619
1.050000,-1.650000,0.715114
1.100000,-1.650000,0.778081
1.150000,-1.650000,0.835570
1.200000,-1.650000,0.888348
1.250000,-1.650000,0.936999
1.300000,-1.650000,0.981978
1.350000,-1.650000,1.023648
1.400000,-1.650000,1.062304
1.450000,-1.650000,1.098188
1.500000,-1.650000,1.131504
1.550000,-1.650000,1.162421
1.600000,-1.650000,1.191085
1.650000,-1.650000,1.217621
1.700000,-1.650000,1.242134
1.750000,-1.650000,1.264718
1.800000,-1.650000,1.285454
1.850000,-1.650000,1.304410
1.900000,-1.650000,1.321648
1.950000,-1.650000,1.337221
2.000000,-1.650000,1.351174
2.050000,-1.650000,1.363548
2.100000,-1.650000,1.374377
2.150000,-1.650000,1.383689
2.200000,-1.650000,1.391509
2.250000,-1.650000,1.397858
2.300000,-1.650000,1.402751
2.350000,-1.650000,1.406200
2.400000,-1.650000,1.408215
2.450000,-1.650000,1.408799
2.500000,-1.650000,1.407955
2.550000,-1.650000,1.405681
2.600000,-1.650000,1.401970
2.650000,-1.650000,1.396814
2.700000,-1.650000,1.390200
2.750000,-1.650000,1.382110
2.800000,-1.650000,1.299038
2.850000,-1.650000,1.185327
2.900000,-1.650000,1.057119
2.950000,-1.650000,0.908295
3.000000,-1.650000,0.726292
3.050000,-1.650000,0.474342
3.100000,-1.650000,
3.150000,-1.650000,
3.200000,-1.650000,
3.250000,-1.650000,
3.300000,-1.650000,
3.350000,-1.650000,
3.400000,-1.650000,
3.450000,-1.650000,
3.500000,-1.650000,
-3.500000,-1.600000,
-3.450000,-1.600000,
-3.400000,-1.600000,
-3.350000,-1.600000,
-3.300000,-1.600000,
-3.250000,-1.600000,
-3.200000,-1.600000,
-3.150000,-1.600000,
-3.100000,-1.600000,0.282843
-3.050000,-1.600000,0.622495
-3.000000,-1.600000,0.830662
-2.950000,-1.600000,0.993730
-2.900000,-1.600000,1.131371
-2.850000,-1.600000,1.251998
-2.800000,-1.600000,1.360147
-2.750000,-1.600000,1.458595
-2.700000,-1.600000,1.549193
-2.650000,-1.600000,1.633248
-2.600000,-1.600000,1.711724
-2.550000,-1.600000,1.785357
-2.500000,-1.600000,1.854724
-2.450000,-1.600000,1.920286
-2.400000,-1.600000,1.982423
-2.350000,-1.600000,2.041446
-2.300000,-1.600000,2.050475
-2.250000,-1.600000,2.018521
-2.200000,-1.600000,1.984402
-2.150000,-1.600000,1.947979
-2.100000,-1.600000,1.909090
-2.050000,-1.600000,1.867543
-2.000000,-1.600000,1.823112
-1.950000,-1.600000,1.775526
-1.900000,-1.600000,1.724456
-1.850000,-1.600000,1.669493
-1.800000,-1.600000,1.610126
-1.750000,-1.600000,1.545692
-1.700000,-1.600000,1.475316
-1.650000,-1.600000,1.397790
-1.600000,-1.600000,1.311370
-1.550000,-1.600000,1.213360
-1.500000,-1.600000,1.099173
-1.450000,-1.600000,0.959649
-1.400000,-1.600000,0.844846
-1.350000,-1.600000,0.795037
-1.300000,-1.600000,0.741032
-1.250000,-1.600000,0.682227
-1.200000,-1.600000,0.617824
-1.150000,-1.600000,0.546732
-1.100000,-1.600000,0.467386
-1.050000,-1.600000,0.377399
-1.000000,-1.600000,0.272770
-0.950000,-1.600000,0.241136
-0.900000,-1.600000,0.217075
-0.850000,-1.600000,0.191216
-0.800000,-1.600000,0.163475
-0.750000,-1.600000,0.133760
-0.700000,-1.600000,0.101960
-0.650000,-1.600000,0.067951
-0.600000,-1.600000,0.031588
-0.550000,-1.600000,-0.007300
-0.500000,-1.600000,-0.048912
-0.450000,-1.600000,-0.093487
-0.400000,-1.600000,-0.141312
-0.350000,-1.600000,-0.192738
-0.300000,-1.600000,-0.248202
-0.250000,-1.600000,-0.308258
-0.200000,-1.600000,-0.373628
-0.150000,-1.600000,-0.445279
-0.100000,-1.600000,-0.524569
-0.050000,-1.600000,-0.558435
-0.000000,-1.600000,-0.468612
0.050000,-1.600000,-0.388653
0.100000,-1.600000,-0.316478
0.150000,-1.600000,-0.250686
0.200000,-1.600000,-0.190282
0.250000,-1.600000,-0.134525
0.300000,-1.600000,-0.082850
0.350000,-1.600000,-0.034810
0.400000,-1.600000,0.009952
0.450000,-1.600000,0.051728
0.500000,-1.600000,0.090760
0.550000,-1.600000,0.127252
0.600000,-1.600000,0.161375
0.650000,-1.600000,0.193276
0.700000,-1.600000,0.223083
0.750000,-1.600000,0.250905
0.800000,-1.600000,0.328017
0.850000,-1.600000,0.439698
0.900000,-1.600000,0.534452
0.950000,-1.600000,0.617310
1.000000,-1.600000,0.691139
1.050000,-1.600000,0.757760
1.100000,-1.600000,0.818415
1.150000,-1.600000,0.873998
1.200000,-1.600000,0.925176
1.250000,-1.600000,0.972464
1.300000,-1.600000,1.016269
1.350000,-1.600000,1.056918
1.400000,-1.600000,1.094678
1.450000,-1.600000,1.129773
1.500000,-1.600000,1.162389
1.550000,-1.600000,1.192684
1.600000,-1.600000,1.220793
1.650000,-1.600000,1.246833
1.700000,-1.600000,1.270902
1.750000,-1.600000,1.293089
1.800000,-1.600000,1.313469
1.850000,-1.600000,1.332108
1.900000,-1.600000,1.349063
1.950000,-1.600000,1.364386
2.000000,-1.600000,1.378119
2.050000,-1.600000,1.390300
2.100000,-1.600000,1.400963
2.150000,-1.600000,1.410134
2.200000,-1.600000,1.417836
2.250000,-1.600000,1.424090
2.300000,-1.600000,1.428911
2.350000,-1.600000,1.432309
2.400000,-1.600000,1.434294
2.450000,-1.600000,1.434870
2.500000,-1.600000,1.434039
2.550000,-1.600000,1.431798
2.600000,-1.600000,1.428142
2.650000,-1.600000,1.423062
2.700000,-1.600000,1.416546
2.750000,-1.600000,1.408579
2.800000,-1.600000,1.360147
2.850000,-1.600000,1.251998
2.900000,-1.600000,1.131371
2.950000,-1.600000,0.993730
3.000000,-1.600000,0.830662
3.050000,-1.600000,0.622495
3.100000,-1.600000,0.282843
3.150000,-1.600000,
3.200000,-1.600000,
3.250000,-1.600000,
3.300000,-1.600000,
3.350000,-1.600000,
3.400000,-1.600000,
3.450000,-1.600000,
3.500000,-1.600000,
-3.500000,-1.550000,
-3.450000,-1.550000,
-3.400000,-1.550000,
-3.350000,-1.550000,
-3.300000,-1.550000,
-3.250000,-1.550000,
-3.200000,-1.550000,
-3.150000,-1.550000,
-3.100000,-1.550000,0.487340
-3.050000,-1.550000,0.738241
-3.000000,-1.550000,0.920598
-2.950000,-1.550000,1.070047
-2.900000,-1.550000,1.198958
-2.850000,-1.550000,1.313393
-2.800000,-1.550000,1.416863
-2.750000,-1.550000,1.511622
-2.700000,-1.550000,1.599219
-2.650000,-1.550000,1.680774
-2.600000,-1.550000,1.757128
-2.550000,-1.550000,1.828934
-2.500000,-1.550000,1.896708
-2.450000,-1.550000,1.960867
-2.400000,-1.550000,2.021757
-2.350000,-1.550000,2.078586
-2.300000,-1.550000,2.048644
-2.250000,-1.550000,2.016655
-2.200000,-1.550000,1.982497
-2.150000,-1.550000,1.946030
-2.100000,-1.550000,1.907092
-2.050000,-1.550000,1.865490
-2.000000,-1.550000,1.820997
-1.950000,-1.550000,1.773340
-1.900000,-1.550000,1.722187
-1.850000,-1.550000,1.667129
-1.800000,-1.550000,1.607650
-1.750000,-1.550000,1.543081
-1.700000,-1.550000,1.472540
-1.650000,-1.550000,1.394807
-1.600000,-1.550000,1.308115
-1.550000,-1.550000,1.209730
-1.500000,-1.550000,1.094980
-1.450000,-1.550000,0.954475
-1.400000,-1.550000,0.877578
-1.350000,-1.550000,0.829051
-1.300000,-1.550000,0.776552
-1.250000,-1.550000,0.719544
-1.200000,-1.550000,0.657325
-1.150000,-1.550000,0.588956
-1.100000,-1.550000,0.513119
-1.050000,-1.550000,0.427865
-1.000000,-1.550000,0.330090
-0.950000,-1.550000,0.252643
-0.900000,-1.550000,0.228740
-0.850000,-1.550000,0.203056
-0.800000,-1.550000,0.175509
-0.750000,-1.550000,0.146008
-0.700000,-1.550000,0.114447
-0.650000,-1.550000,0.080703
-0.600000,-1.550000,0.044636
-0.550000,-1.550000,0.006081
-0.500000,-1.550000,-0.035156
-0.450000,-1.550000,-0.079306
-0.400000,-1.550000,-0.126644
-0.350000,-1.550000,-0.177508
-0.300000,-1.550000,-0.232316
-0.250000,-1.550000,-0.291595
-0.200000,-1.550000,-0.356029
-0.150000,-1.550000,-0.426527
-0.100000,-1.550000,-0.504352
-0.050000,-1.550000,-0.534863
-0.000000,-1.550000,-0.447138
0.050000,-1.550000,-0.368758
0.100000,-1.550000,-0.297823
0.150000,-1.550000,-0.233035
0.200000,-1.550000,-0.173463
0.250000,-1.550000,-0.118407
0.300000,-1.550000,-0.067332
0.350000,-1.550000,-0.019812
0.400000,-1.550000,0.024497
0.450000,-1.550000,0.065873
0.500000,-1.550000,0.104552
0.550000,-1.550000,0.140728
0.600000,-1.550000,0.174569
0.650000,-1.550000,0.206217
0.700000,-1.550000,0.235796
0.750000,-1.550000,0.265273
0.800000,-1.550000,0.390065
0.850000,-1.550000,0.493489
0.900000,-1.550000,0.582746
0.950000,-1.550000,0.661623
1.000000,-1.550000,0.732410
1.050000,-1.550000,0.796618
1.100000,-1.550000,0.855306
1.150000,-1.550000,0.909250
1.200000,-1.550000,0.959042
1.250000,-1.550000,1.005142
1.300000,-1.550000,1.047917
1.350000,-1.550000,1.087666
1.400000,-1.550000,1.124635
1.450000,-1.550000,1.159030
1.500000,-1.550000,1.191023
1.550000,-1.550000,1.220763
1.600000,-1.550000,1.248376
1.650000,-1.550000,1.273970
1.700000,-1.550000,1.297641
1.750000,-1.550000,1.319471
1.800000,-1.550000,1.339531
1.850000,-1.550000,1.357884
1.900000,-1.550000,1.374585
1.950000,-1.550000,1.389682
2.000000,-1.550000,1.403216
2.050000,-1.550000,1.415223
2.100000,-1.550000,1.425735
2.150000,-1.550000,1.434778
2.200000,-1.550000,1.442375
2.250000,-1.550000,1.448543
2.300000,-1.550000,1.453298
2.350000,-1.550000,1.456650
2.400000,-1.550000,1.458608
2.450000,-1.550000,1.459177
2.500000,-1.550000,1.458356
2.550000,-1.550000,1.456145
2.600000,-1.550000,1.452539
2.650000,-1.550000,1.447529
2.700000,-1.550000,1.441103
2.750000,-1.550000,1.433245
2.800000,-1.550000,1.416863
2.850000,-1.550000,1.313393
2.900000,-1.550000,1.198958
2.950000,-1.550000,1.070047
3.000000,-1.550000,0.920598
3.050000,-1.550000,0.738241
3.100000,-1.550000,0.487340
3.150000,-1.550000,
3.200000,-1.550000,
3.250000,-1.550000,
3.300000,-1.550000,
3.350000,-1.550000,
3.400000,-1.550000,
3.450000,-1.550000,
3.500000,-1.550000,
-3.500000,-1.500000,
-3.450000,-1.500000,
-3.400000,-1.500000,
-3.350000,-1.500000,
-3.300000,-1.500000,
-3.250000,-1.500000,
-3.200000,-1.500000,
-3.150000,-1.500000,0.278388
-3.100000,-1.500000,0.624500
-3.050000,-1.500000,0.835165
-3.000000,-1.500000,1.000000
-2.950000,-1.500000,1.139079
-2.900000,-1.500000,1.260952
-2.850000,-1.500000,1.370219
-2.800000,-1.500000,1.469694
-2.750000,-1.500000,1.561249
-2.700000,-1.500000,1.646208
-2.650000,-1.500000,1.725543
-2.600000,-1.500000,1.800000
-2.550000,-1.500000,1.870160
-2.500000,-1.500000,1.936492
-2.450000,-1.500000,1.999375
-2.400000,-1.500000,2.059126
-2.350000,-1.500000,2.075329
-2.300000,-1.500000,2.045330
-2.250000,-1.500000,2.013276
-2.200000,-1.500000,1.979047
-2.150000,-1.500000,1.942501
-2.100000,-1.500000,1.903474
-2.050000,-1.500000,1.861771
-2.000000,-1.500000,1.817165
-1.950000,-1.500000,1.769378
-1.900000,-1.500000,1.718077
-1.850000,-1.500000,1.662846
-1.800000,-1.500000,1.603161
-1.750000,-1.500000,1.538347
-1.700000,-1.500000,1.467505
-1.650000,-1.500000,1.389391
-1.600000,-1.500000,1.302202
-1.550000,-1.500000,1.203128
-1.500000,-1.500000,1.087338
-1.450000,-1.500000,0.951679
-1.400000,-1.500000,0.907670
-1.350000,-1.500000,0.860264
-1.300000,-1.500000,0.809073
-1.250000,-1.500000,0.753614
-1.200000,-1.500000,0.693262
-1.150000,-1.500000,0.627189
-1.100000,-1.500000,0.554261
-1.050000,-1.500000,0.472842
-1.000000,-1.500000,0.380420
-0.950000,-1.500000,0.272751
-0.900000,-1.500000,0.238907
-0.850000,-1.500000,0.213374
-0.800000,-1.500000,0.185994
-0.750000,-1.500000,0.156677
-0.700000,-1.500000,0.125320
-0.650000,-1.500000,0.091804
-0.600000,-1.500000,0.055991
-0.550000,-1.500000,0.017721
-0.500000,-1.500000,-0.023196
-0.450000,-1.500000,-0.066982
-0.400000,-1.500000,-0.113905
-0.350000,-1.500000,-0.164291
-0.300000,-1.500000,-0.218542
-0.250000,-1.500000,-0.277165
-0.200000,-1.500000,-0.340810
-0.150000,-1.500000,-0.410341
-0.100000,-1.500000,-0.486947
-0.050000,-1.500000,-0.514533
-0.000000,-1.500000,-0.428544
0.050000,-1.500000,-0.351484
0.100000,-1.500000,-0.281593
0.150000,-1.500000,-0.217654
0.200000,-1.500000,-0.158788
0.250000,-1.500000,-0.104331
0.300000,-1.500000,-0.053769
0.350000,-1.500000,-0.006693
0.400000,-1.500000,0.037226
0.450000,-1.500000,0.078259
0.500000,-1.500000,0.116632
0.550000,-1.500000,0.152537
0.600000,-1.500000,0.186134
0.650000,-1.500000,0.217564
0.700000,-1.500000,0.246945
0.750000,-1.500000,0.329401
0.800000,-1.500000,0.444073
0.850000,-1.500000,0.541192
0.900000,-1.500000,0.626059
0.950000,-1.500000,0.701666
1.000000,-1.500000,0.769907
1.050000,-1.500000,0.832065
1.100000,-1.500000,0.889063
1.150000,-1.500000,0.941590
1.200000,-1.500000,0.990173
1.250000,-1.500000,1.035231
1.300000,-1.500000,1.077099
1.350000,-1.500000,1.116052
1.400000,-1.500000,1.152319
1.450000,-1.500000,1.186091
1.500000,-1.500000,1.217529
1.550000,-1.500000,1.246772
1.600000,-1.500000,1.273941
1.650000,-1.500000,1.299137
1.700000,-1.500000,1.322450
1.750000,-1.500000,1.343958
1.800000,-1.500000,1.363730
1.850000,-1.500000,1.381826
1.900000,-1.500000,1.398297
1.950000,-1.500000,1.413190
2.000000,-1.500000,1.426544
2.050000,-1.500000,1.438394
2.100000,-1.500000,1.448770
2.150000,-1.500000,1.457697
2.200000,-1.500000,1.465197
2.250000,-1.500000,1.471288
2.300000,-1.500000,1.475983
2.350000,-1.500000,1.479294
2.400000,-1.500000,1.481227
2.450000,-1.500000,1.481788
2.500000,-1.500000,1.480978
2.550000,-1.500000,1.478795
2.600000,-1.500000,1.475234
2.650000,-1.500000,1.470286
2.700000,-1.500000,1.463941
2.750000,-1.500000,1.456183
2.800000,-1.500000,1.446995
2.850000,-1.500000,1.370219
2.900000,-1.500000,1.260952
2.950000,-1.500000,1.139079
3.000000,-1.500000,1.000000
3.050000,-1.500000,0.835165
3.100000,-1.500000,0.624500
3.150000,-1.500000,0.278388
3.200000,-1.500000,
3.250000,-1.500000,
3.300000,-1.500000,
3.350000,-1.500000,
3.400000,-1.500000,
3.450000,-1.500000,
3.500000,-1.500000,
-3.500000,-1.450000,
-3.450000,-1.450000,
-3.400000,-1.450000,
-3.350000,-1.450000,
-3.300000,-1.450000,
-3.250000,-1.450000,
-3.200000,-1.450000,
-3.150000,-1.450000,0.474342
-3.100000,-1.450000,0.733144
-3.050000,-1.450000,0.919239
-3.000000,-1.450000,1.071214
-2.950000,-1.450000,1.202082
-2.900000,-1.450000,1.318143
-2.850000,-1.450000,1.423025
-2.800000,-1.450000,1.519046
-2.750000,-1.450000,1.607794
-2.700000,-1.450000,1.690414
-2.650000,-1.450000,1.767767
-2.600000,-1.450000,1.840516
-2.550000,-1.450000,1.909188
-2.500000,-1.450000,1.974209
-2.450000,-1.450000,2.035927
-2.400000,-1.450000,2.094636
-2.350000,-1.450000,2.070606
-2.300000,-1.450000,2.040523
-2.250000,-1.450000,2.008376
-2.200000,-1.450000,1.974043
-2.150000,-1.450000,1.937381
-2.100000,-1.450000,1.898224
-2.050000,-1.450000,1.856375
-2.000000,-1.450000,1.811603
-1.950000,-1.450000,1.763627
-1.900000,-1.450000,1.712108
-1.850000,-1.450000,1.656622
-1.800000,-1.450000,1.596638
-1.750000,-1.450000,1.531463
-1.700000,-1.450000,1.460178
-1.650000,-1.450000,1.381505
-1.600000,-1.450000,1.293580
-1.550000,-1.450000,1.193484
-1.500000,-1.450000,1.076138
-1.450000,-1.450000,0.978449
-1.400000,-1.450000,0.935295
-1.350000,-1.450000,0.888871
-1.300000,-1.450000,0.838823
-1.250000,-1.450000,0.784708
-1.200000,-1.450000,0.725961
-1.150000,-1.450000,0.661844
-1.100000,-1.450000,0.591361
-1.050000,-1.450000,0.513104
-1.000000,-1.450000,0.424976
-0.950000,-1.450000,0.323584
-0.900000,-1.450000,0.247602
-0.850000,-1.450000,0.222196
-0.800000,-1.450000,0.194957
-0.750000,-1.450000,0.165797
-0.700000,-1.450000,0.134613
-0.650000,-1.450000,0.101289
-0.600000,-1.450000,0.065690
-0.550000,-1.450000,0.027659
-0.500000,-1.450000,-0.012988
-0.450000,-1.450000,-0.056468
-0.400000,-1.450000,-0.103043
-0.350000,-1.450000,-0.153029
-0.300000,-1.450000,-0.206815
-0.250000,-1.450000,-0.264890
-0.200000,-1.450000,-0.327880
-0.150000,-1.450000,-0.396611
-0.100000,-1.450000,-0.472212
-0.050000,-1.450000,-0.497240
-0.000000,-1.450000,-0.412677
0.050000,-1.450000,-0.336709
0.100000,-1.450000,-0.267687
0.150000,-1.450000,-0.204460
0.200000,-1.450000,-0.146187
0.250000,-1.450000,-0.092233
0.300000,-1.450000,-0.042103
0.350000,-1.450000,0.004596
0.400000,-1.450000,0.048185
0.450000,-1.450000,0.088927
0.500000,-1.450000,0.127042
0.550000,-1.450000,0.162715
0.600000,-1.450000,0.196106
0.650000,-1.450000,0.227349
0.700000,-1.450000,0.256562
0.750000,-1.450000,0.384479
0.800000,-1.450000,0.491605
0.850000,-1.450000,0.583749
0.900000,-1.450000,0.665034
0.950000,-1.450000,0.737915
1.000000,-1.450000,0.803999
1.050000,-1.450000,0.864401
1.100000,-1.450000,0.919939
1.150000,-1.450000,0.971231
1.200000,-1.450000,1.018756
1.250000,-1.450000,1.062897
1.300000,-1.450000,1.103964
1.350000,-1.450000,1.142212
1.400000,-1.450000,1.177855
1.450000,-1.450000,1.211071
1.500000,-1.450000,1.242014
1.550000,-1.450000,1.270813
1.600000,-1.450000,1.297583
1.650000,-1.450000,1.322421
1.700000,-1.450000,1.345412
1.750000,-1.450000,1.366632
1.800000,-1.450000,1.386144
1.850000,-1.450000,1.404008
1.900000,-1.450000,1.420272
1.950000,-1.450000,1.434980
2.000000,-1.450000,1.448172
2.050000,-1.450000,1.459879
2.100000,-1.450000,1.470132
2.150000,-1.450000,1.478955
2.200000,-1.450000,1.486367
2.250000,-1.450000,1.492388
2.300000,-1.450000,1.497029
2.350000,-1.450000,1.500302
2.400000,-1.450000,1.502214
2.450000,-1.450000,1.502769
2.500000,-1.450000,1.501968
2.550000,-1.450000,1.499809
2.600000,-1.450000,1.496289
2.650000,-1.450000,1.491398
2.700000,-1.450000,1.485126
2.750000,-1.450000,1.477459
2.800000,-1.450000,1.468378
2.850000,-1.450000,1.423025
2.900000,-1.450000,1.318143
2.950000,-1.450000,1.202082
3.000000,-1.450000,1.071214
3.050000,-1.450000,0.919239
3.100000,-1.450000,0.733144
3.150000,-1.450000,0.474342
3.200000,-1.450000,
3.250000,-1.450000,
3.300000,-1.450000,
3.350000,-1.450000,
3.400000,-1.450000,
3.450000,-1.450000,
3.500000,-1.450000,
-3.500000,-1.400000,
-3.450000,-1.400000,
-3.400000,-1.400000,
-3.350000,-1.400000,
-3.300000,-1.400000,
-3.250000,-1.400000,
-3.200000,-1.400000,0.223607
-3.150000,-1.400000,0.606218
-3.100000,-1.400000,0.824621
-3.050000,-1.400000,0.993730
-3.000000,-1.400000,1.135782
-2.950000,-1.400000,1.259960
-2.900000,-1.400000,1.371131
-2.850000,-1.400000,1.472243
-2.800000,-1.400000,1.565248
-2.750000,-1.400000,1.651514
-2.700000,-1.400000,1.732051
-2.650000,-1.400000,1.807623
-2.600000,-1.400000,1.878829
-2.550000,-1.400000,1.946150
-2.500000,-1.400000,2.009975
-2.450000,-1.400000,2.070628
-2.400000,-1.400000,2.092633
-2.350000,-1.400000,2.064405
-2.300000,-1.400000,2.034210
-2.250000,-1.400000,2.001940
-2.200000,-1.400000,1.967470
-2.150000,-1.400000,1.930654
-2.100000,-1.400000,1.891325
-2.050000,-1.400000,1.849283
-2.000000,-1.400000,1.804291
-1.950000,-1.400000,1.756064
-1.900000,-1.400000,1.704255
-1.850000,-1.400000,1.648432
-1.800000,-1.400000,1.588047
-1.750000,-1.400000,1.522392
-1.700000,-1.400000,1.450514
-1.650000,-1.400000,1.371090
-1.600000,-1.400000,1.282174
-1.550000,-1.400000,1.180690
-1.500000,-1.400000,1.061209
-1.450000,-1.400000,1.002998
-1.400000,-1.400000,0.960598
-1.350000,-1.400000,0.915039
-1.300000,-1.400000,0.865992
-1.250000,-1.400000,0.813047
-1.200000,-1.400000,0.755688
-1.150000,-1.400000,0.693249
-1.100000,-1.400000,0.624839
-1.050000,-1.400000,0.549224
-1.000000,-1.400000,0.464607
-0.950000,-1.400000,0.368179
-0.900000,-1.400000,0.255067
-0.850000,-1.400000,0.229546
-0.800000,-1.400000,0.202424
-0.750000,-1.400000,0.173391
-0.700000,-1.400000,0.142350
-0.650000,-1.400000,0.109184
-0.600000,-1.400000,0.073762
-0.550000,-1.400000,0.035928
-0.500000,-1.400000,-0.004497
-0.450000,-1.400000,-0.047727
-0.400000,-1.400000,-0.094016
-0.350000,-1.400000,-0.143674
-0.300000,-1.400000,-0.197080
-0.250000,-1.400000,-0.254708
-0.200000,-1.400000,-0.317164
-0.150000,-1.400000,-0.385246
-0.100000,-1.400000,-0.460037
-0.050000,-1.400000,-0.482822
-0.000000,-1.400000,-0.399412
0.050000,-1.400000,-0.324336
0.100000,-1.400000,-0.256026
0.150000,-1.400000,-0.193382
0.200000,-1.400000,-0.135599
0.250000,-1.400000,-0.082061
0.300000,-1.400000,-0.032290
0.350000,-1.400000,0.014098
0.400000,-1.400000,0.057413
0.450000,-1.400000,0.097913
0.500000,-1.400000,0.135813
0.550000,-1.400000,0.171294
0.600000,-1.400000,0.204511
0.650000,-1.400000,0.235599
0.700000,-1.400000,0.311928
0.750000,-1.400000,0.432440
0.800000,-1.400000,0.533716
0.850000,-1.400000,0.621841
0.900000,-1.400000,0.700158
0.950000,-1.400000,0.770741
1.000000,-1.400000,0.834982
1.050000,-1.400000,0.893871
1.100000,-1.400000,0.948141
1.150000,-1.400000,0.998353
1.200000,-1.400000,1.044949
1.250000,-1.400000,1.088281
1.300000,-1.400000,1.128640
1.350000,-1.400000,1.166262
1.400000,-1.400000,1.201349
1.450000,-1.400000,1.234070
1.500000,-1.400000,1.264570
1.550000,-1.400000,1.292972
1.600000,-1.400000,1.319385
1.650000,-1.400000,1.343902
1.700000,-1.400000,1.366604
1.750000,-1.400000,1.387563
1.800000,-1.400000,1.406842
1.850000,-1.400000,1.424496
1.900000,-1.400000,1.440573
1.950000,-1.400000,1.455115
2.000000,-1.400000,1.468160
2.050000,-1.400000,1.479739
2.100000,-1.400000,1.489881
2.150000,-1.400000,1.498609
2.200000,-1.400000,1.505943
2.250000,-1.400000,1.511900
2.300000,-1.400000,1.516492
2.350000,-1.400000,1.519731
2.400000,-1.400000,1.521623
2.450000,-1.400000,1.522172
2.500000,-1.400000,1.521379
2.550000,-1.400000,1.519243
2.600000,-1.400000,1.515759
2.650000,-1.400000,1.510920
2.700000,-1.400000,1.504715
2.750000,-1.400000,1.497129
2.800000,-1.400000,1.488146
2.850000,-1.400000,1.472243
2.900000,-1.400000,1.371131
2.950000,-1.400000,1.259960
3.000000,-1.400000,1.135782
3.050000,-1.400000,0.993730
3.100000,-1.400000,0.824621
3.150000,-1.400000,0.606218
3.200000,-1.400000,0.223607
3.250000,-1.400000,
3.300000,-1.400000,
3.350000,-1.400000,
3.400000,-1.400000,
3.450000,-1.400000,
3.500000,-1.400000,
-3.500000,-1.350000,
-3.450000,-1.350000,
-3.400000,-1.350000,
-3.350000,-1.350000,
-3.300000,-1.350000,
-3.250000,-1.350000,
-3.200000,-1.350000,0.433013
-3.150000,-1.350000,0.710634
-3.100000,-1.350000,0.904157
-3.050000,-1.350000,1.060660
-3.000000,-1.350000,1.194780
-2.950000,-1.350000,1.313393
-2.900000,-1.350000,1.420387
-2.850000,-1.350000,1.518223
-2.800000,-1.350000,1.608571
-2.750000,-1.350000,1.692631
-2.700000,-1.350000,1.771299
-2.650000,-1.350000,1.845264
-2.600000,-1.350000,1.915072
-2.550000,-1.350000,1.981161
-2.500000,-1.350000,2.043893
-2.450000,-1.350000,2.103568
-2.400000,-1.350000,2.085063
-2.350000,-1.350000,2.056709
-2.300000,-1.350000,2.026375
-2.250000,-1.350000,1.993950
-2.200000,-1.350000,1.959308
-2.150000,-1.350000,1.922300
-2.100000,-1.350000,1.882755
-2.050000,-1.350000,1.840470
-2.000000,-1.350000,1.795202
-1.950000,-1.350000,1.746660
-1.900000,-1.350000,1.694486
-1.850000,-1.350000,1.638236
-1.800000,-1.350000,1.577346
-1.750000,-1.350000,1.511081
-1.700000,-1.350000,1.438451
-1.650000,-1.350000,1.358068
-1.600000,-1.350000,1.267879
-1.550000,-1.350000,1.164596
-1.500000,-1.350000,1.064360
-1.450000,-1.350000,1.025436
-1.400000,-1.350000,0.983703
-1.350000,-1.350000,0.938906
-1.300000,-1.350000,0.890736
-1.250000,-1.350000,0.838812
-1.200000,-1.350000,0.782660
-1.150000,-1.350000,0.721667
-1.100000,-1.350000,0.655027
-1.050000,-1.350000,0.581641
-1.000000,-1.350000,0.499935
-0.950000,-1.350000,0.407518
-0.900000,-1.350000,0.300410
-0.850000,-1.350000,0.235442
-0.800000,-1.350000,0.208412
-0.750000,-1.350000,0.179482
-0.700000,-1.350000,0.148554
-0.650000,-1.350000,0.115514
-0.600000,-1.350000,0.080232
-0.550000,-1.350000,0.042555
-0.500000,-1.350000,0.002306
-0.450000,-1.350000,-0.040725
-0.400000,-1.350000,-0.086789
-0.350000,-1.350000,-0.136188
-0.300000,-1.350000,-0.189293
-0.250000,-1.350000,-0.246568
-0.200000,-1.350000,-0.308605
-0.150000,-1.350000,-0.376178
-0.100000,-1.350000,-0.450334
-0.050000,-1.350000,-0.471151
-0.000000,-1.350000,-0.388654
0.050000,-1.350000,-0.314286
0.100000,-1.350000,-0.246543
0.150000,-1.350000,-0.184367
0.200000,-1.350000,-0.126976
0.250000,-1.350000,-0.073772
0.300000,-1.350000,-0.024289
0.350000,-1.350000,0.021847
0.400000,-1.350000,0.064941
0.450000,-1.350000,0.105246
0.500000,-1.350000,0.142972
0.550000,-1.350000,0.178297
0.600000,-1.350000,0.211375
0.650000,-1.350000,0.242338
0.700000,-1.350000,0.361285
0.750000,-1.350000,0.474541
0.800000,-1.350000,0.571158
0.850000,-1.350000,0.655981
0.900000,-1.350000,0.731810
0.950000,-1.350000,0.800438
1.000000,-1.350000,0.863097
1.050000,-1.350000,0.920675
1.100000,-1.350000,0.973839
1.150000,-1.350000,1.023106
1.200000,-1.350000,1.068885
1.250000,-1.350000,1.111504
1.300000,-1.350000,1.151234
1.350000,-1.350000,1.188301
1.400000,-1.350000,1.222894
1.450000,-1.350000,1.255174
1.500000,-1.350000,1.285278
1.550000,-1.350000,1.313325
1.600000,-1.350000,1.339418
1.650000,-1.350000,1.363646
1.700000,-1.350000,1.386089
1.750000,-1.350000,1.406815
1.800000,-1.350000,1.425884
1.850000,-1.350000,1.443350
1.900000,-1.350000,1.459258
1.950000,-1.350000,1.473651
2.000000,-1.350000,1.486563
2.050000,-1.350000,1.498027
2.100000,-1.350000,1.508068
2.150000,-1.350000,1.516711
2.200000,-1.350000,1.523973
2.250000,-1.350000,1.529873
2.300000,-1.350000,1.534421
2.350000,-1.350000,1.537629
2.400000,-1.350000,1.539503
2.450000,-1.350000,1.540047
2.500000,-1.350000,1.539262
2.550000,-1.350000,1.537146
2.600000,-1.350000,1.533696
2.650000,-1.350000,1.528903
2.700000,-1.350000,1.522757
2.750000,-1.350000,1.515245
2.800000,-1.350000,1.506350
2.850000,-1.350000,1.496053
2.900000,-1.350000,1.420387
2.950000,-1.350000,1.313393
3.000000,-1.350000,1.194780
3.050000,-1.350000,1.060660
3.100000,-1.350000,0.904157
3.150000,-1.350000,0.710634
3.200000,-1.350000,0.433013
3.250000,-1.350000,
3.300000,-1.350000,
3.350000,-1.350000,
3.400000,-1.350000,
3.450000,-1.350000,
3.500000,-1.350000,
-3.500000,-1.300000,
-3.450000,-1.300000,
-3.400000,-1.300000,
-3.350000,-1.300000,
-3.300000,-1.300000,
-3.250000,-1.300000,
-3.200000,-1.300000,0.565685
-3.150000,-1.300000,0.798436
-3.100000,-1.300000,0.974679
-3.050000,-1.300000,1.121383
-3.000000,-1.300000,1.249000
-2.950000,-1.300000,1.362901
-2.900000,-1.300000,1.466288
-2.850000,-1.300000,1.561249
-2.800000,-1.300000,1.649242
-2.750000,-1.300000,1.731329
-2.700000,-1.300000,1.808314
-2.650000,-1.300000,1.880824
-2.600000,-1.300000,1.949359
-2.550000,-1.300000,2.014324
-2.500000,-1.300000,2.076054
-2.450000,-1.300000,2.102612
-2.400000,-1.300000,2.076005
-2.350000,-1.300000,2.047499
-2.300000,-1.300000,2.016996
-2.250000,-1.300000,1.984384
-2.200000,-1.300000,1.949533
-2.150000,-1.300000,1.912293
-2.100000,-1.300000,1.872486
-2.050000,-1.300000,1.829906
-2.000000,-1.300000,1.784302
-1.950000,-1.300000,1.735376
-1.900000,-1.300000,1.682757
-1.850000,-1.300000,1.625987
-1.800000,-1.300000,1.564479
-1.750000,-1.300000,1.497465
-1.700000,-1.300000,1.423906
-1.650000,-1.300000,1.342335
-1.600000,-1.300000,1.250556
-1.550000,-1.300000,1.145000
-1.500000,-1.300000,1.084263
-1.450000,-1.300000,1.045860
-1.400000,-1.300000,1.004715
-1.350000,-1.300000,0.960588
-1.300000,-1.300000,0.913188
-1.250000,-1.300000,0.862158
-1.200000,-1.300000,0.807054
-1.150000,-1.300000,0.747310
-1.100000,-1.300000,0.682189
-1.050000,-1.300000,0.610695
-1.000000,-1.300000,0.531427
-0.950000,-1.300000,0.442301
-0.900000,-1.300000,0.339960
-0.850000,-1.300000,0.239899
-0.800000,-1.300000,0.212938
-0.750000,-1.300000,0.184085
-0.700000,-1.300000,0.153242
-0.650000,-1.300000,0.120296
-0.600000,-1.300000,0.085119
-0.550000,-1.300000,0.047560
-0.500000,-1.300000,0.007442
-0.450000,-1.300000,-0.035440
-0.400000,-1.300000,-0.081334
-0.350000,-1.300000,-0.130539
-0.300000,-1.300000,-0.183420
-0.250000,-1.300000,-0.240432
-0.200000,-1.300000,-0.302157
-0.150000,-1.300000,-0.369350
-0.100000,-1.300000,-0.443037
-0.050000,-1.300000,-0.462132
-0.000000,-1.300000,-0.380327
0.050000,-1.300000,-0.306498
0.100000,-1.300000,-0.239189
0.150000,-1.300000,-0.177371
0.200000,-1.300000,-0.120280
0.250000,-1.300000,-0.067333
0.300000,-1.300000,-0.018072
0.350000,-1.300000,0.027871
0.400000,-1.300000,0.070795
0.450000,-1.300000,0.110949
0.500000,-1.300000,0.148541
0.550000,-1.300000,0.183746
0.600000,-1.300000,0.216717
0.650000,-1.300000,0.273995
0.700000,-1.300000,0.404051
0.750000,-1.300000,0.511650
0.800000,-1.300000,0.604484
0.850000,-1.300000,0.686562
0.900000,-1.300000,0.760289
0.950000,-1.300000,0.827246
1.000000,-1.300000,0.888540
1.050000,-1.300000,0.944979
1.100000,-1.300000,0.997179
1.150000,-1.300000,1.045618
1.200000,-1.300000,1.090677
1.250000,-1.300000,1.132666
1.300000,-1.300000,1.171841
1.350000,-1.300000,1.208415
1.400000,-1.300000,1.242569
1.450000,-1.300000,1.274456
1.500000,-1.300000,1.304207
1.550000,-1.300000,1.331937
1.600000,-1.300000,1.357744
1.650000,-1.300000,1.381715
1.700000,-1.300000,1.403926
1.750000,-1.300000,1.424442
1.800000,-1.300000,1.443323
1.850000,-1.300000,1.460620
1.900000,-1.300000,1.476377
1.950000,-1.300000,1.490635
2.000000,-1.300000,1.503429
2.050000,-1.300000,1.514788
2.100000,-1.300000,1.524739
2.150000,-1.300000,1.533305
2.200000,-1.300000,1.540504
2.250000,-1.300000,1.546351
2.300000,-1.300000,1.550860
2.350000,-1.300000,1.554040
2.400000,-1.300000,1.555898
2.450000,-1.300000,1.556437
2.500000,-1.300000,1.555659
2.550000,-1.300000,1.553562
2.600000,-1.300000,1.550141
2.650000,-1.300000,1.545390
2.700000,-1.300000,1.539298
2.750000,-1.300000,1.531852
2.800000,-1.300000,1.523037
2.850000,-1.300000,1.512832
2.900000,-1.300000,1.466288
2.950000,-1.300000,1.362901
3.000000,-1.300000,1.249000
3.050000,-1.300000,1.121383
3.100000,-1.300000,0.974679
3.150000,-1.300000,0.798436
3.200000,-1.300000,0.565685
3.250000,-1.300000,
3.300000,-1.300000,
3.350000,-1.300000,
3.400000,-1.300000,
3.450000,-1.300000,
3.500000,-1.300000,
-3.500000,-1.250000,
-3.450000,-1.250000,
-3.400000,-1.250000,
-3.350000,-1.250000,
-3.300000,-1.250000,
-3.250000,-1.250000,0.353553
-3.200000,-1.250000,0.668954
-3.150000,-1.250000,0.874643
-3.100000,-1.250000,1.038027
-3.050000,-1.250000,1.176860
-3.000000,-1.250000,1.299038
-2.950000,-1.250000,1.408900
-2.900000,-1.250000,1.509139
-2.850000,-1.250000,1.601562
-2.800000,-1.250000,1.687454
-2.750000,-1.250000,1.767767
-2.700000,-1.250000,1.843231
-2.650000,-1.250000,1.914419
-2.600000,-1.250000,1.981792
-2.550000,-1.250000,2.045727
-2.500000,-1.250000,2.106537
-2.450000,-1.250000,2.092203
-2.400000,-1.250000,2.065434
-2.350000,-1.250000,2.036748
-2.300000,-1.250000,2.006046
-2.250000,-1.250000,1.973213
-2.200000,-1.250000,1.938116
-2.150000,-1.250000,1.900600
-2.100000,-1.250000,1.860483
-2.050000,-1.250000,1.817552
-2.000000,-1.250000,1.771550
-1.950000,-1.250000,1.722166
-1.900000,-1.250000,1.669017
-1.850000,-1.250000,1.611624
-1.800000,-1.250000,1.549374
-1.750000,-1.250000,1.481458
-1.700000,-1.250000,1.406777
-1.650000,-1.250000,1.323759
-1.600000,-1.250000,1.230024
-1.550000,-1.250000,1.137749
-1.500000,-1.250000,1.102294
-1.450000,-1.250000,1.064350
-1.400000,-1.250000,1.023724
-1.350000,-1.250000,0.980186
-1.300000,-1.250000,0.933461
-1.250000,-1.250000,0.883210
-1.200000,-1.250000,0.829018
-1.150000,-1.250000,0.770356
-1.100000,-1.250000,0.706540
-1.050000,-1.250000,0.636659
-1.000000,-1.250000,0.559444
-0.950000,-1.250000,0.473046
-0.900000,-1.250000,0.374559
-0.850000,-1.250000,0.258921
-0.800000,-1.250000,0.216013
-0.750000,-1.250000,0.187212
-0.700000,-1.250000,0.156426
-0.650000,-1.250000,0.123545
-0.600000,-1.250000,0.088438
-0.550000,-1.250000,0.050958
-0.500000,-1.250000,0.010930
-0.450000,-1.250000,-0.031851
-0.400000,-1.250000,-0.077632
-0.350000,-1.250000,-0.126706
-0.300000,-1.250000,-0.179435
-0.250000,-1.250000,-0.236271
-0.200000,-1.250000,-0.297785
-0.150000,-1.250000,-0.364725
-0.100000,-1.250000,-0.438096
-0.050000,-1.250000,-0.455693
-0.000000,-1.250000,-0.374375
0.050000,-1.250000,-0.300926
0.100000,-1.250000,-0.233925
0.150000,-1.250000,-0.172360
0.200000,-1.250000,-0.115483
0.250000,-1.250000,-0.062718
0.300000,-1.250000,-0.013615
0.350000,-1.250000,0.032190
0.400000,-1.250000,0.074993
0.450000,-1.250000,0.115040
0.500000,-1.250000,0.152536
0.550000,-1.250000,0.187656
0.600000,-1.250000,0.220549
0.650000,-1.250000,0.318631
0.700000,-1.250000,0.441307
0.750000,-1.250000,0.544393
0.800000,-1.250000,0.634118
0.850000,-1.250000,0.713893
0.900000,-1.250000,0.785834
0.950000,-1.250000,0.851359
1.000000,-1.250000,0.911473
1.050000,-1.250000,0.966924
1.100000,-1.250000,1.018282
1.150000,-1.250000,1.065995
1.200000,-1.250000,1.110421
1.250000,-1.250000,1.151856
1.300000,-1.250000,1.190540
1.350000,-1.250000,1.226679
1.400000,-1.250000,1.260443
1.450000,-1.250000,1.291981
1.500000,-1.250000,1.321419
1.550000,-1.250000,1.348866
1.600000,-1.250000,1.374419
1.650000,-1.250000,1.398160
1.700000,-1.250000,1.420163
1.750000,-1.250000,1.440493
1.800000,-1.250000,1.459205
1.850000,-1.250000,1.476351
1.900000,-1.250000,1.491973
1.950000,-1.250000,1.506111
2.000000,-1.250000,1.518798
2.050000,-1.250000,1.530064
2.100000,-1.250000,1.539935
2.150000,-1.250000,1.548431
2.200000,-1.250000,1.555573
2.250000,-1.250000,1.561374
2.300000,-1.250000,1.565848
2.350000,-1.250000,1.569003
2.400000,-1.250000,1.570846
2.450000,-1.250000,1.571381
2.500000,-1.250000,1.570608
2.550000,-1.250000,1.568528
2.600000,-1.250000,1.565134
2.650000,-1.250000,1.560420
2.700000,-1.250000,1.554377
2.750000,-1.250000,1.546990
2.800000,-1.250000,1.538246
2.850000,-1.250000,1.528124
2.900000,-1.250000,1.509139
2.950000,-1.250000,1.408900
3.000000,-1.250000,1.299038
3.050000,-1.250000,1.176860
3.100000,-1.250000,1.038027
3.150000,-1.250000,0.874643
3.200000,-1.250000,0.668954
3.250000,-1.250000,0.353553
3.300000,-1.250000,
3.350000,-1.250000,
3.400000,-1.250000,
3.450000,-1.250000,
3.500000,-1.250000,
-3.500000,-1.200000,
-3.450000,-1.200000,
-3.400000,-1.200000,
-3.350000,-1.200000,
-3.300000,-1.200000,
-3.250000,-1.200000,0.497494
-3.200000,-1.200000,0.754983
-3.150000,-1.200000,0.942072
-3.100000,-1.200000,1.095445
-3.050000,-1.200000,1.227803
-3.000000,-1.200000,1.345362
-2.950000,-1.200000,1.451723
-2.900000,-1.200000,1.549193
-2.850000,-1.200000,1.639360
-2.800000,-1.200000,1.723369
-2.750000,-1.200000,1.802082
-2.700000,-1.200000,1.876166
-2.650000,-1.200000,1.946150
-2.600000,-1.200000,2.012461
-2.550000,-1.200000,2.075452
-2.500000,-1.200000,2.105391
-2.450000,-1.200000,2.080280
-2.400000,-1.200000,2.053322
-2.350000,-1.200000,2.024428
-2.300000,-1.200000,1.993494
-2.250000,-1.200000,1.960404
-2.200000,-1.200000,1.925019
-2.150000,-1.200000,1.887182
-2.100000,-1.200000,1.846704
-2.050000,-1.200000,1.803363
-2.000000,-1.200000,1.756894
-1.950000,-1.200000,1.706973
-1.900000,-1.200000,1.653200
-1.850000,-1.200000,1.595073
-1.800000,-1.200000,1.531945
-1.750000,-1.200000,1.462958
-1.700000,-1.200000,1.386933
-1.650000,-1.200000,1.302170
-1.600000,-1.200000,1.206050
-1.550000,-1.200000,1.153613
-1.500000,-1.200000,1.118518
-1.450000,-1.200000,1.080978
-1.400000,-1.200000,1.040807
-1.350000,-1.200000,0.997785
-1.300000,-1.200000,0.951649
-1.250000,-1.200000,0.902078
-1.200000,-1.200000,0.848677
-1.150000,-1.200000,0.790949
-1.100000,-1.200000,0.728255
-1.050000,-1.200000,0.659750
-1.000000,-1.200000,0.584271
-0.950000,-1.200000,0.500148
-0.900000,-1.200000,0.404813
-0.850000,-1.200000,0.293932
-0.800000,-1.200000,0.217645
-0.750000,-1.200000,0.188871
-0.700000,-1.200000,0.158116
-0.650000,-1.200000,0.125268
-0.600000,-1.200000,0.090199
-0.550000,-1.200000,0.052761
-0.500000,-1.200000,0.012780
-0.450000,-1.200000,-0.029948
-0.400000,-1.200000,-0.075668
-0.350000,-1.200000,-0.124673
-0.300000,-1.200000,-0.177323
-0.250000,-1.200000,-0.234066
-0.200000,-1.200000,-0.295469
-0.150000,-1.200000,-0.362275
-0.100000,-1.200000,-0.435480
-0.050000,-1.200000,-0.451783
-0.000000,-1.200000,-0.370759
0.050000,-1.200000,-0.297539
0.100000,-1.200000,-0.230723
0.150000,-1.200000,-0.169312
0.200000,-1.200000,-0.112563
0.250000,-1.200000,-0.059909
0.300000,-1.200000,-0.010901
0.350000,-1.200000,0.034821
0.400000,-1.200000,0.077550
0.450000,-1.200000,0.117532
0.500000,-1.200000,0.154969
0.550000,-1.200000,0.190037
0.600000,-1.200000,0.222884
0.650000,-1.200000,0.356865
0.700000,-1.200000,0.473810
0.750000,-1.200000,0.573240
0.800000,-1.200000,0.660385
0.850000,-1.200000,0.738222
0.900000,-1.200000,0.808642
0.950000,-1.200000,0.872937
1.000000,-1.200000,0.932034
1.050000,-1.200000,0.986627
1.100000,-1.200000,1.037251
1.150000,-1.200000,1.084329
1.200000,-1.200000,1.128201
1.250000,-1.200000,1.169148
1.300000,-1.200000,1.207401
1.350000,-1.200000,1.243155
1.400000,-1.200000,1.276575
1.450000,-1.200000,1.307805
1.500000,-1.200000,1.336965
1.550000,-1.200000,1.364162
1.600000,-1.200000,1.389489
1.650000,-1.200000,1.413027
1.700000,-1.200000,1.434846
1.750000,-1.200000,1.455009
1.800000,-1.200000,1.473572
1.850000,-1.200000,1.490583
1.900000,-1.200000,1.506085
1.950000,-1.200000,1.520116
2.000000,-1.200000,1.532708
2.050000,-1.200000,1.543891
2.100000,-1.200000,1.553690
2.150000,-1.200000,1.562125
2.200000,-1.200000,1.569215
2.250000,-1.200000,1.574975
2.300000,-1.200000,1.579417
2.350000,-1.200000,1.582550
2.400000,-1.200000,1.584380
2.450000,-1.200000,1.584911
2.500000,-1.200000,1.584144
2.550000,-1.200000,1.582078
2.600000,-1.200000,1.578708
2.650000,-1.200000,1.574028
2.700000,-1.200000,1.568027
2.750000,-1.200000,1.560694
2.800000,-1.200000,1.552013
2.850000,-1.200000,1.541965
2.900000,-1.200000,1.530528
2.950000,-1.200000,1.451723
3.000000,-1.200000,1.345362
3.050000,-1.200000,1.227803
3.100000,-1.200000,1.095445
3.150000,-1.200000,0.942072
3.200000,-1.200000,0.754983
3.250000,-1.200000,0.497494
3.300000,-1.200000,
3.350000,-1.200000,
3.400000,-1.200000,
3.450000,-1.200000,
3.500000,-1.200000,
-3.500000,-1.150000,
-3.450000,-1.150000,
-3.400000,-1.150000,
-3.350000,-1.150000,
-3.300000,-1.150000,0.193649
-3.250000,-1.150000,0.604152
-3.200000,-1.150000,0.829156
-3.150000,-1.150000,1.002497
-3.100000,-1.150000,1.147824
-3.050000,-1.150000,1.274755
-3.000000,-1.150000,1.388344
-2.950000,-1.150000,1.491643
-2.900000,-1.150000,1.586663
-2.850000,-1.150000,1.674813
-2.800000,-1.150000,1.757128
-2.750000,-1.150000,1.834394
-2.700000,-1.150000,1.907223
-2.650000,-1.150000,1.976107
-2.600000,-1.150000,2.041446
-2.550000,-1.150000,2.103568
-2.500000,-1.150000,2.092116
-2.450000,-1.150000,2.066810
-2.400000,-1.150000,2.039636
-2.350000,-1.150000,2.010502
-2.300000,-1.150000,1.979303
-2.250000,-1.150000,1.945917
-2.200000,-1.150000,1.910202
-2.150000,-1.150000,1.871994
-2.100000,-1.150000,1.831098
-2.050000,-1.150000,1.787284
-2.000000,-1.150000,1.740274
-1.950000,-1.150000,1.689730
-1.900000,-1.150000,1.635231
-1.850000,-1.150000,1.576246
-1.800000,-1.150000,1.512088
-1.750000,-1.150000,1.441836
-1.700000,-1.150000,1.364215
-1.650000,-1.150000,1.277358
-1.600000,-1.150000,1.200294
-1.550000,-1.150000,1.167770
-1.500000,-1.150000,1.132990
-1.450000,-1.150000,1.095803
-1.400000,-1.150000,1.056029
-1.350000,-1.150000,1.013457
-1.300000,-1.150000,0.967833
-1.250000,-1.150000,0.918851
-1.200000,-1.150000,0.866134
-1.150000,-1.150000,0.809211
-1.100000,-1.150000,0.747479
-1.050000,-1.150000,0.680145
-1.000000,-1.150000,0.606134
-0.950000,-1.150000,0.523913
-0.900000,-1.150000,0.431171
-0.850000,-1.150000,0.324107
-0.800000,-1.150000,0.217837
-0.750000,-1.150000,0.189067
-0.700000,-1.150000,0.158315
-0.650000,-1.150000,0.125471
-0.600000,-1.150000,0.090407
-0.550000,-1.150000,0.052973
-0.500000,-1.150000,0.012998
-0.450000,-1.150000,-0.029724
-0.400000,-1.150000,-0.075437
-0.350000,-1.150000,-0.124434
-0.300000,-1.150000,-0.177074
-0.250000,-1.150000,-0.233806
-0.200000,-1.150000,-0.295196
-0.150000,-1.150000,-0.361986
-0.100000,-1.150000,-0.435172
-0.050000,-1.150000,-0.450373
-0.000000,-1.150000,-0.369454
0.050000,-1.150000,-0.296317
0.100000,-1.150000,-0.229567
0.150000,-1.150000,-0.168211
0.200000,-1.150000,-0.111510
0.250000,-1.150000,-0.058895
0.300000,-1.150000,-0.009922
0.350000,-1.150000,0.035770
0.400000,-1.150000,0.078473
0.450000,-1.150000,0.118431
0.500000,-1.150000,0.155848
0.550000,-1.150000,0.190897
0.600000,-1.150000,0.252340
0.650000,-1.150000,0.389702
0.700000,-1.150000,0.502107
0.750000,-1.150000,0.598550
0.800000,-1.150000,0.683546
0.850000,-1.150000,0.759747
0.900000,-1.150000,0.828873
0.950000,-1.150000,0.892114
1.000000,-1.150000,0.950334
1.050000,-1.150000,1.004184
1.100000,-1.150000,1.054172
1.150000,-1.150000,1.100698
1.200000,-1.150000,1.144087
1.250000,-1.150000,1.184608
1.300000,-1.150000,1.222482
1.350000,-1.150000,1.257899
1.400000,-1.150000,1.291018
1.450000,-1.150000,1.321976
1.500000,-1.150000,1.350892
1.550000,-1.150000,1.377870
1.600000,-1.150000,1.402997
1.650000,-1.150000,1.426355
1.700000,-1.150000,1.448012
1.750000,-1.150000,1.468028
1.800000,-1.150000,1.486459
1.850000,-1.150000,1.503351
1.900000,-1.150000,1.518747
1.950000,-1.150000,1.532683
2.000000,-1.150000,1.545191
2.050000,-1.150000,1.556301
2.100000,-1.150000,1.566035
2.150000,-1.150000,1.574416
2.200000,-1.150000,1.581461
2.250000,-1.150000,1.587185
2.300000,-1.150000,1.591599
2.350000,-1.150000,1.594712
2.400000,-1.150000,1.596530
2.450000,-1.150000,1.597058
2.500000,-1.150000,1.596296
2.550000,-1.150000,1.594243
2.600000,-1.150000,1.590894
2.650000,-1.150000,1.586244
2.700000,-1.150000,1.580281
2.750000,-1.150000,1.572995
2.800000,-1.150000,1.564370
2.850000,-1.150000,1.554387
2.900000,-1.150000,1.543026
2.950000,-1.150000,1.491643
3.000000,-1.150000,1.388344
3.050000,-1.150000,1.274755
3.100000,-1.150000,1.147824
3.150000,-1.150000,1.002497
3.200000,-1.150000,0.829156
3.250000,-1.150000,0.604152
3.300000,-1.150000,0.193649
3.350000,-1.150000,
3.400000,-1.150000,
3.450000,-1.150000,
3.500000,-1.150000,
-3.500000,-1.100000,
-3.450000,-1.100000,
-3.400000,-1.100000,
-3.350000,-1.100000,
-3.300000,-1.100000,0.387298
-3.250000,-1.100000,0.691014
-3.200000,-1.100000,0.894427
-3.150000,-1.100000,1.057119
-3.100000,-1.100000,1.195826
-3.050000,-1.100000,1.318143
-3.000000,-1.100000,1.428286
-2.950000,-1.100000,1.528888
-2.900000,-1.100000,1.621727
-2.850000,-1.100000,1.708069
-2.800000,-1.100000,1.788854
-2.750000,-1.100000,1.864806
-2.700000,-1.100000,1.936492
-2.650000,-1.100000,2.004370
-2.600000,-1.100000,2.068816
-2.550000,-1.100000,2.101005
-2.500000,-1.100000,2.077285
-2.450000,-1.100000,2.051757
-2.400000,-1.100000,2.024337
-2.350000,-1.100000,1.994931
-2.300000,-1.100000,1.963429
-2.250000,-1.100000,1.929705
-2.200000,-1.100000,1.893613
-2.150000,-1.100000,1.854982
-2.100000,-1.100000,1.813608
-2.050000,-1.100000,1.769251
-2.000000,-1.100000,1.721619
-1.950000,-1.100000,1.670355
-1.900000,-1.100000,1.615016
-1.850000,-1.100000,1.555035
-1.800000,-1.100000,1.489673
-1.750000,-1.100000,1.417936
-1.700000,-1.100000,1.338422
-1.650000,-1.100000,1.249051
-1.600000,-1.100000,1.212544
-1.550000,-1.100000,1.180265
-1.500000,-1.100000,1.145759
-1.450000,-1.100000,1.108878
-1.400000,-1.100000,1.069448
-1.350000,-1.100000,1.027264
-1.300000,-1.100000,0.982082
-1.250000,-1.100000,0.933606
-1.200000,-1.100000,0.881476
-1.150000,-1.100000,0.825242
-1.100000,-1.100000,0.764329
-1.050000,-1.100000,0.697990
-1.000000,-1.100000,0.625214
-0.950000,-1.100000,0.544582
-0.900000,-1.100000,0.453978
-0.850000,-1.100000,0.349996
-0.800000,-1.100000,0.226436
-0.750000,-1.100000,0.187799
-0.700000,-1.100000,0.157024
-0.650000,-1.100000,0.124154
-0.600000,-1.100000,0.089061
-0.550000,-1.100000,0.051596
-0.500000,-1.100000,0.011585
-0.450000,-1.100000,-0.031178
-0.400000,-1.100000,-0.076937
-0.350000,-1.100000,-0.125986
-0.300000,-1.100000,-0.178688
-0.250000,-1.100000,-0.235490
-0.200000,-1.100000,-0.296965
-0.150000,-1.100000,-0.363857
-0.100000,-1.100000,-0.437170
-0.050000,-1.100000,-0.451453
-0.000000,-1.100000,-0.370454
0.050000,-1.100000,-0.297253
0.100000,-1.100000,-0.230453
0.150000,-1.100000,-0.169055
0.200000,-1.100000,-0.112317
0.250000,-1.100000,-0.059672
0.300000,-1.100000,-0.010672
0.350000,-1.100000,0.035042
0.400000,-1.100000,0.077766
0.450000,-1.100000,0.117742
0.500000,-1.100000,0.155175
0.550000,-1.100000,0.190238
0.600000,-1.100000,0.286662
0.650000,-1.100000,0.417842
0.700000,-1.100000,0.526612
0.750000,-1.100000,0.620602
0.800000,-1.100000,0.703806
0.850000,-1.100000,0.778630
0.900000,-1.100000,0.846658
0.950000,-1.100000,0.909000
1.000000,-1.100000,0.966468
1.050000,-1.100000,1.019681
1.100000,-1.100000,1.069119
1.150000,-1.100000,1.115168
1.200000,-1.100000,1.158139
1.250000,-1.100000,1.198290
1.300000,-1.100000,1.235836
1.350000,-1.100000,1.270959
1.400000,-1.100000,1.303815
1.450000,-1.100000,1.334537
1.500000,-1.100000,1.363240
1.550000,-1.100000,1.390025
1.600000,-1.100000,1.414979
1.650000,-1.100000,1.438180
1.700000,-1.100000,1.459694
1.750000,-1.100000,1.479582
1.800000,-1.100000,1.497897
1.850000,-1.100000,1.514685
1.900000,-1.100000,1.529988
1.950000,-1.100000,1.543841
2.000000,-1.100000,1.556276
2.050000,-1.100000,1.567321
2.100000,-1.100000,1.576999
2.150000,-1.100000,1.585333
2.200000,-1.100000,1.592338
2.250000,-1.100000,1.598029
2.300000,-1.100000,1.602418
2.350000,-1.100000,1.605514
2.400000,-1.100000,1.607323
2.450000,-1.100000,1.607847
2.500000,-1.100000,1.607090
2.550000,-1.100000,1.605048
2.600000,-1.100000,1.601718
2.650000,-1.100000,1.597093
2.700000,-1.100000,1.591164
2.750000,-1.100000,1.583919
2.800000,-1.100000,1.575343
2.850000,-1.100000,1.565418
2.900000,-1.100000,1.554123
2.950000,-1.100000,1.528888
3.000000,-1.100000,1.428286
3.050000,-1.100000,1.318143
3.100000,-1.100000,1.195826
3.150000,-1.100000,1.057119
3.200000,-1.100000,0.894427
3.250000,-1.100000,0.691014
3.300000,-1.100000,0.387298
3.350000,-1.100000,
3.400000,-1.100000,
3.450000,-1.100000,
3.500000,-1.100000,
-3.500000,-1.050000,
-3.450000,-1.050000,
-3.400000,-1.050000,
-3.350000,-1.050000,
-3.300000,-1.050000,0.507445
-3.250000,-1.050000,0.764853
-3.200000,-1.050000,0.952628
-3.150000,-1.050000,1.106797
-3.100000,-1.050000,1.239960
-3.050000,-1.050000,1.358308
-3.000000,-1.050000,1.465435
-2.950000,-1.050000,1.563650
-2.900000,-1.050000,1.654539
-2.850000,-1.050000,1.739253
-2.800000,-1.050000,1.818653
-2.750000,-1.050000,1.893410
-2.700000,-1.050000,1.964052
-2.650000,-1.050000,2.031010
-2.600000,-1.050000,2.094636
-2.550000,-1.050000,2.084801
-2.500000,-1.050000,2.060856
-2.450000,-1.050000,2.035078
-2.400000,-1.050000,2.007381
-2.350000,-1.050000,1.977666
-2.300000,-1.050000,1.945822
-2.250000,-1.050000,1.911716
-2.200000,-1.050000,1.875196
-2.150000,-1.050000,1.836082
-2.100000,-1.050000,1.794164
-2.050000,-1.050000,1.749186
-2.000000,-1.050000,1.700842
-1.950000,-1.050000,1.648753
-1.900000,-1.050000,1.592445
-1.850000,-1.050000,1.531309
-1.800000,-1.050000,1.464546
-1.750000,-1.050000,1.391064
-1.700000,-1.050000,1.309305
-1.650000,-1.050000,1.253196
-1.600000,-1.050000,1.223205
-1.550000,-1.050000,1.191137
-1.500000,-1.050000,1.156865
-1.450000,-1.050000,1.120246
-1.400000,-1.050000,1.081110
-1.350000,-1.050000,1.039257
-1.300000,-1.050000,0.994452
-1.250000,-1.050000,0.946408
-1.200000,-1.050000,0.894777
-1.150000,-1.050000,0.839125
-1.100000,-1.050000,0.778904
-1.050000,-1.050000,0.713401
-1.000000,-1.050000,0.641660
-0.950000,-1.050000,0.562346
-0.900000,-1.050000,0.473499
-0.850000,-1.050000,0.372008
-0.800000,-1.050000,0.252366
-0.750000,-1.050000,0.185065
-0.700000,-1.050000,0.154240
-0.650000,-1.050000,0.121315
-0.600000,-1.050000,0.086160
-0.550000,-1.050000,0.048625
-0.500000,-1.050000,0.008536
-0.450000,-1.050000,-0.034315
-0.400000,-1.050000,-0.080173
-0.350000,-1.050000,-0.129337
-0.300000,-1.050000,-0.182170
-0.250000,-1.050000,-0.239127
-0.200000,-1.050000,-0.300785
-0.150000,-1.050000,-0.367899
-0.100000,-1.050000,-0.441486
-0.050000,-1.050000,-0.455031
-0.000000,-1.050000,-0.373764
0.050000,-1.050000,-0.300353
0.100000,-1.050000,-0.233383
0.150000,-1.050000,-0.171845
0.200000,-1.050000,-0.114990
0.250000,-1.050000,-0.062244
0.300000,-1.050000,-0.013156
0.350000,-1.050000,0.032635
0.400000,-1.050000,0.075425
0.450000,-1.050000,0.115461
0.500000,-1.050000,0.152947
0.550000,-1.050000,0.188058
0.600000,-1.050000,0.315410
0.650000,-1.050000,0.441791
0.700000,-1.050000,0.547636
0.750000,-1.050000,0.639614
0.800000,-1.050000,0.721331
0.850000,-1.050000,0.795002
0.900000,-1.050000,0.862106
0.950000,-1.050000,0.923686
1.000000,-1.050000,0.980517
1.050000,-1.050000,1.033186
1.100000,-1.050000,1.082155
1.150000,-1.050000,1.127795
1.200000,-1.050000,1.170407
1.250000,-1.050000,1.210241
1.300000,-1.050000,1.247505
1.350000,-1.050000,1.282376
1.400000,-1.050000,1.315006
1.450000,-1.050000,1.345524
1.500000,-1.050000,1.374043
1.550000,-1.050000,1.400662
1.600000,-1.050000,1.425466
1.650000,-1.050000,1.448530
1.700000,-1.050000,1.469922
1.750000,-1.050000,1.489699
1.800000,-1.050000,1.507914
1.850000,-1.050000,1.524612
1.900000,-1.050000,1.539833
1.950000,-1.050000,1.553614
2.000000,-1.050000,1.565985
2.050000,-1.050000,1.576974
2.100000,-1.050000,1.586605
2.150000,-1.050000,1.594897
2.200000,-1.050000,1.601867
2.250000,-1.050000,1.607531
2.300000,-1.050000,1.611899
2.350000,-1.050000,1.614979
2.400000,-1.050000,1.616779
2.450000,-1.050000,1.617302
2.500000,-1.050000,1.616548
2.550000,-1.050000,1.614516
2.600000,-1.050000,1.611202
2.650000,-1.050000,1.606599
2.700000,-1.050000,1.600700
2.750000,-1.050000,1.593490
2.800000,-1.050000,1.584957
2.850000,-1.050000,1.575082
2.900000,-1.050000,1.563844
2.950000,-1.050000,1.551219
3.000000,-1.050000,1.465435
3.050000,-1.050000,1.358308
3.100000,-1.050000,1.239960
3.150000,-1.050000,1.106797
3.200000,-1.050000,0.952628
3.250000,-1.050000,0.764853
3.300000,-1.050000,0.507445
3.350000,-1.050000,
3.400000,-1.050000,
3.450000,-1.050000,
3.500000,-1.050000,
-3.500000,-1.000000,
-3.450000,-1.000000,
-3.400000,-1.000000,
-3.350000,-1.000000,0.165831
-3.300000,-1.000000,0.600000
-3.250000,-1.000000,0.829156
-3.200000,-1.000000,1.004988
-3.150000,-1.000000,1.152172
-3.100000,-1.000000,1.280625
-3.050000,-1.000000,1.395529
-3.000000,-1.000000,1.500000
-2.950000,-1.000000,1.596089
-2.900000,-1.000000,1.685230
-2.850000,-1.000000,1.768474
-2.800000,-1.000000,1.846619
-2.750000,-1.000000,1.920286
-2.700000,-1.000000,1.989975
-2.650000,-1.000000,2.056089
-2.600000,-1.000000,2.089398
-2.550000,-1.000000,2.066982
-2.500000,-1.000000,2.042783
-2.450000,-1.000000,2.016723
-2.400000,-1.000000,1.988714
-2.350000,-1.000000,1.958654
-2.300000,-1.000000,1.926423
-2.250000,-1.000000,1.891885
-2.200000,-1.000000,1.854881
-2.150000,-1.000000,1.815222
-2.100000,-1.000000,1.772685
-2.050000,-1.000000,1.727002
-2.000000,-1.000000,1.677845
-1.950000,-1.000000,1.624810
-1.900000,-1.000000,1.567386
-1.850000,-1.000000,1.504915
-1.800000,-1.000000,1.436517
-1.750000,-1.000000,1.360981
-1.700000,-1.000000,1.290015
-1.650000,-1.000000,1.262139
-1.600000,-1.000000,1.232308
-1.550000,-1.000000,1.200417
-1.500000,-1.000000,1.166342
-1.450000,-1.000000,1.129944
-1.400000,-1.000000,1.091055
-1.350000,-1.000000,1.049481
-1.300000,-1.000000,1.004992
-1.250000,-1.000000,0.957310
-1.200000,-1.000000,0.906096
-1.150000,-1.000000,0.850931
-1.100000,-1.000000,0.791286
-1.050000,-1.000000,0.726475
-1.000000,-1.000000,0.655587
-0.950000,-1.000000,0.577356
-0.900000,-1.000000,0.489938
-0.850000,-1.000000,0.390450
-0.800000,-1.000000,0.273890
-0.750000,-1.000000,0.180858
-0.700000,-1.000000,0.149955
-0.650000,-1.000000,0.116944
-0.600000,-1.000000,0.081693
-0.550000,-1.000000,0.044051
-0.500000,-1.000000,0.003842
-0.450000,-1.000000,-0.039145
-0.400000,-1.000000,-0.085157
-0.350000,-1.000000,-0.134498
-0.300000,-1.000000,-0.187536
-0.250000,-1.000000,-0.244733
-0.200000,-1.000000,-0.306676
-0.150000,-1.000000,-0.374134
-0.100000,-1.000000,-0.448149
-0.050000,-1.000000,-0.461134
-0.000000,-1.000000,-0.379405
0.050000,-1.000000,-0.305635
0.100000,-1.000000,-0.238374
0.150000,-1.000000,-0.176595
0.200000,-1.000000,-0.119538
0.250000,-1.000000,-0.066619
0.300000,-1.000000,-0.017382
0.350000,-1.000000,0.028539
0.400000,-1.000000,0.071445
0.450000,-1.000000,0.111582
0.500000,-1.000000,0.149159
0.550000,-1.000000,0.184351
0.600000,-1.000000,0.339291
0.650000,-1.000000,0.461924
0.700000,-1.000000,0.565423
0.750000,-1.000000,0.655762
0.800000,-1.000000,0.736256
0.850000,-1.000000,0.808972
0.900000,-1.000000,0.875305
0.950000,-1.000000,0.936250
1.000000,-1.000000,0.992545
1.050000,-1.000000,1.044757
1.100000,-1.000000,1.093332
1.150000,-1.000000,1.138627
1.200000,-1.000000,1.180936
1.250000,-1.000000,1.220501
1.300000,-1.000000,1.257526
1.350000,-1.000000,1.292183
1.400000,-1.000000,1.324621
1.450000,-1.000000,1.354966
1.500000,-1.000000,1.383329
1.550000,-1.000000,1.409807
1.600000,-1.000000,1.434483
1.650000,-1.000000,1.457432
1.700000,-1.000000,1.478719
1.750000,-1.000000,1.498402
1.800000,-1.000000,1.516531
1.850000,-1.000000,1.533152
1.900000,-1.000000,1.548305
1.950000,-1.000000,1.562025
2.000000,-1.000000,1.574342
2.050000,-1.000000,1.585283
2.100000,-1.000000,1.594872
2.150000,-1.000000,1.603129
2.200000,-1.000000,1.610070
2.250000,-1.000000,1.615710
2.300000,-1.000000,1.620059
2.350000,-1.000000,1.623127
2.400000,-1.000000,1.624920
2.450000,-1.000000,1.625440
2.500000,-1.000000,1.624689
2.550000,-1.000000,1.622665
2.600000,-1.000000,1.619365
2.650000,-1.000000,1.614782
2.700000,-1.000000,1.608907
2.750000,-1.000000,1.601728
2.800000,-1.000000,1.593231
2.850000,-1.000000,1.583398
2.900000,-1.000000,1.572209
2.950000,-1.000000,1.559640
3.000000,-1.000000,1.500000
3.050000,-1.000000,1.395529
3.100000,-1.000000,1.280625
3.150000,-1.000000,1.152172
3.200000,-1.000000,1.004988
3.250000,-1.000000,0.829156
3.300000,-1.000000,0.600000
3.350000,-1.000000,0.165831
3.400000,-1.000000,
3.450000,-1.000000,
3.500000,-1.000000,
-3.500000,-0.950000,
-3.450000,-0.950000,
-3.400000,-0.950000,
-3.350000,-0.950000,0.353553
-3.300000,-0.950000,0.676387
-3.250000,-0.950000,0.886002
-3.200000,-0.950000,1.052378
-3.150000,-0.950000,1.193734
-3.100000,-0.950000,1.318143
-3.050000,-0.950000,1.430035
-3.000000,-0.950000,1.532155
-2.950000,-0.950000,1.626346
-2.900000,-0.950000,1.713914
-2.850000,-0.950000,1.795828
-2.800000,-0.950000,1.872832
-2.750000,-0.950000,1.945508
-2.700000,-0.950000,2.014324
-2.650000,-0.950000,2.079663
-2.600000,-0.950000,2.070166
-2.550000,-0.950000,2.047494
-2.500000,-0.950000,2.023012
-2.450000,-0.950000,1.996638
-2.400000,-0.950000,1.968279
-2.350000,-0.950000,1.937829
-2.300000,-0.950000,1.905165
-2.250000,-0.950000,1.870141
-2.200000,-0.950000,1.832591
-2.150000,-0.950000,1.792316
-2.100000,-0.950000,1.749078
-2.050000,-0.950000,1.702592
-2.000000,-0.950000,1.652508
-1.950000,-0.950000,1.598389
-1.900000,-0.950000,1.539681
-1.850000,-0.950000,1.475661
-1.800000,-0.950000,1.405353
-1.750000,-0.950000,1.327389
-1.700000,-0.950000,1.297333
-1.650000,-0.950000,1.269576
-1.600000,-0.950000,1.239877
-1.550000,-0.950000,1.208132
-1.500000,-0.950000,1.174220
-1.450000,-0.950000,1.138002
-1.400000,-0.950000,1.099317
-1.350000,-0.950000,1.057972
-1.300000,-0.950000,1.013742
-1.250000,-0.950000,0.966356
-1.200000,-0.950000,0.915482
-1.150000,-0.950000,0.860714
-1.100000,-0.950000,0.801538
-1.050000,-0.950000,0.737291
-1.000000,-0.950000,0.667093
-0.950000,-0.950000,0.589733
-0.900000,-0.950000,0.503458
-0.850000,-0.950000,0.405555
-0.800000,-0.950000,0.291393
-0.750000,-0.950000,0.175167
-0.700000,-0.950000,0.144158
-0.650000,-0.950000,0.111029
-0.600000,-0.950000,0.075648
-0.550000,-0.950000,0.037860
-0.500000,-0.950000,-0.002513
-0.450000,-0.950000,-0.045685
-0.400000,-0.950000,-0.091909
-0.350000,-0.950000,-0.141491
-0.300000,-0.950000,-0.194809
-0.250000,-0.950000,-0.252333
-0.200000,-0.950000,-0.314667
-0.150000,-0.950000,-0.382599
-0.100000,-0.950000,-0.457203
-0.050000,-0.950000,-0.469809
-0.000000,-0.950000,-0.387416
0.050000,-0.950000,-0.313127
0.100000,-0.950000,-0.245450
0.150000,-0.950000,-0.183327
0.200000,-0.950000,-0.125981
0.250000,-0.950000,-0.072816
0.300000,-0.950000,-0.023366
0.350000,-0.950000,0.022742
0.400000,-0.950000,0.065811
0.450000,-0.950000,0.106093
0.500000,-0.950000,0.143799
0.550000,-0.950000,0.209331
0.600000,-0.950000,0.358801
0.650000,-0.950000,0.478522
0.700000,-0.950000,0.580160
0.750000,-0.950000,0.669183
0.800000,-0.950000,0.748686
0.850000,-0.950000,0.820624
0.900000,-0.950000,0.886328
0.950000,-0.950000,0.946752
1.000000,-0.950000,1.002607
1.050000,-0.950000,1.054443
1.100000,-0.950000,1.102692
1.150000,-0.950000,1.147703
1.200000,-0.950000,1.189761
1.250000,-0.950000,1.229104
1.300000,-0.950000,1.265931
1.350000,-0.950000,1.300411
1.400000,-0.950000,1.332689
1.450000,-0.950000,1.362890
1.500000,-0.950000,1.391124
1.550000,-0.950000,1.417484
1.600000,-0.950000,1.442054
1.650000,-0.950000,1.464907
1.700000,-0.950000,1.486107
1.750000,-0.950000,1.505711
1.800000,-0.950000,1.523769
1.850000,-0.950000,1.540326
1.900000,-0.950000,1.555422
1.950000,-0.950000,1.569090
2.000000,-0.950000,1.581362
2.050000,-0.950000,1.592264
2.100000,-0.950000,1.601818
2.150000,-0.950000,1.610046
2.200000,-0.950000,1.616962
2.250000,-0.950000,1.622582
2.300000,-0.950000,1.626917
2.350000,-0.950000,1.629974
2.400000,-0.950000,1.631760
2.450000,-0.950000,1.632279
2.500000,-0.950000,1.631530
2.550000,-0.950000,1.629514
2.600000,-0.950000,1.626225
2.650000,-0.950000,1.621658
2.700000,-0.950000,1.615804
2.750000,-0.950000,1.608650
2.800000,-0.950000,1.600183
2.850000,-0.950000,1.590386
2.900000,-0.950000,1.579237
2.950000,-0.950000,1.566714
3.000000,-0.950000,1.532155
3.050000,-0.950000,1.430035
3.100000,-0.950000,1.318143
3.150000,-0.950000,1.193734
3.200000,-0.950000,1.052378
3.250000,-0.950000,0.886002
3.300000,-0.950000,0.676387
3.350000,-0.950000,0.353553
3.400000,-0.950000,
3.450000,-0.950000,
3.500000,-0.950000,
-3.500000,-0.900000,
-3.450000,-0.900000,
-3.400000,-0.900000,
-3.350000,-0.900000,0.466369
-3.300000,-0.900000,0.741620
-3.250000,-0.900000,0.936750
-3.200000,-0.900000,1.095445
-3.150000,-0.900000,1.231868
-3.100000,-0.900000,1.352775
-3.050000,-0.900000,1.462019
-3.000000,-0.900000,1.562050
-2.950000,-0.900000,1.654539
-2.900000,-0.900000,1.740690
-2.850000,-0.900000,1.821401
-2.800000,-0.900000,1.897367
-2.750000,-0.900000,1.969137
-2.700000,-0.900000,2.037155
-2.650000,-0.900000,2.070426
-2.600000,-0.900000,2.049237
-2.550000,-0.900000,2.026280
-2.500000,-0.900000,2.001482
-2.450000,-0.900000,1.974756
-2.400000,-0.900000,1.946007
-2.350000,-0.900000,1.915121
-2.300000,-0.900000,1.881969
-2.250000,-0.900000,1.846400
-2.200000,-0.900000,1.808235
-2.150000,-0.900000,1.767263
-2.100000,-0.900000,1.723231
-2.050000,-0.900000,1.675833
-2.000000,-0.900000,1.624691
-1.950000,-0.900000,1.569329
-1.900000,-0.900000,1.509139
-1.850000,-0.900000,1.443316
-1.800000,-0.900000,1.370763
-1.750000,-0.900000,1.329013
-1.700000,-0.900000,1.303190
-1.650000,-0.900000,1.275527
-1.600000,-0.900000,1.245933
-1.550000,-0.900000,1.214304
-1.500000,-0.900000,1.180521
-1.450000,-0.900000,1.144447
-1.400000,-0.900000,1.105922
-1.350000,-0.900000,1.064759
-1.300000,-0.900000,1.020734
-1.250000,-0.900000,0.973581
-1.200000,-0.900000,0.922977
-1.150000,-0.900000,0.868521
-1.100000,-0.900000,0.809714
-1.050000,-0.900000,0.745908
-1.000000,-0.900000,0.676251
-0.950000,-0.900000,0.599570
-0.900000,-0.900000,0.514181
-0.850000,-0.900000,0.417498
-0.800000,-0.900000,0.305159
-0.750000,-0.900000,0.168608
-0.700000,-0.900000,0.136833
-0.650000,-0.900000,0.103554
-0.600000,-0.900000,0.068006
-0.550000,-0.900000,0.030032
-0.500000,-0.900000,-0.010550
-0.450000,-0.900000,-0.053959
-0.400000,-0.900000,-0.100451
-0.350000,-0.900000,-0.150343
-0.300000,-0.900000,-0.204019
-0.250000,-0.900000,-0.261965
-0.200000,-0.900000,-0.324800
-0.150000,-0.900000,-0.393343
-0.100000,-0.900000,-0.468709
-0.050000,-0.900000,-0.481123
-0.000000,-0.900000,-0.397848
0.050000,-0.900000,-0.322875
0.100000,-0.900000,-0.254648
0.150000,-0.900000,-0.192073
0.200000,-0.900000,-0.134347
0.250000,-0.900000,-0.080858
0.300000,-0.900000,-0.031129
0.350000,-0.900000,0.015222
0.400000,-0.900000,0.058505
0.450000,-0.900000,0.098977
0.500000,-0.900000,0.136851
0.550000,-0.900000,0.228904
0.600000,-0.900000,0.374299
0.650000,-0.900000,0.491797
0.700000,-0.900000,0.591990
0.750000,-0.900000,0.679983
0.800000,-0.900000,0.758706
0.850000,-0.900000,0.830029
0.900000,-0.900000,0.895234
0.950000,-0.900000,0.955242
1.000000,-0.900000,1.010747
1.050000,-0.900000,1.062283
1.100000,-0.900000,1.110271
1.150000,-0.900000,1.155054
1.200000,-0.900000,1.196911
1.250000,-0.900000,1.236076
1.300000,-0.900000,1.272744
1.350000,-0.900000,1.307081
1.400000,-0.900000,1.339231
1.450000,-0.900000,1.369317
1.500000,-0.900000,1.397446
1.550000,-0.900000,1.423712
1.600000,-0.900000,1.448197
1.650000,-0.900000,1.470972
1.700000,-0.900000,1.492102
1.750000,-0.900000,1.511642
1.800000,-0.900000,1.529643
1.850000,-0.900000,1.546149
1.900000,-0.900000,1.561199
1.950000,-0.900000,1.574826
2.000000,-0.900000,1.587061
2.050000,-0.900000,1.597931
2.100000,-0.900000,1.607457
2.150000,-0.900000,1.615661
2.200000,-0.900000,1.622558
2.250000,-0.900000,1.628162
2.300000,-0.900000,1.632484
2.350000,-0.900000,1.635533
2.400000,-0.900000,1.637314
2.450000,-0.900000,1.637831
2.500000,-0.900000,1.637085
2.550000,-0.900000,1.635074
2.600000,-0.900000,1.631795
2.650000,-0.900000,1.627240
2.700000,-0.900000,1.621403
2.750000,-0.900000,1.614270
2.800000,-0.900000,1.605827
2.850000,-0.900000,1.596058
2.900000,-0.900000,1.584943
2.950000,-0.900000,1.572457
3.000000,-0.900000,1.558574
3.050000,-0.900000,1.462019
3.100000,-0.900000,1.352775
3.150000,-0.900000,1.231868
3.200000,-0.900000,1.095445
3.250000,-0.900000,0.936750
3.300000,-0.900000,0.741620
3.350000,-0.900000,0.466369
3.400000,-0.900000,
3.450000,-0.900000,
3.500000,-0.900000,
-3.500000,-0.850000,
-3.450000,-0.850000,
-3.400000,-0.850000,
-3.350000,-0.850000,0.552268
-3.300000,-0.850000,0.798436
-3.250000,-0.850000,0.982344
-3.200000,-0.850000,1.134681
-3.150000,-0.850000,1.266886
-3.100000,-0.850000,1.384738
-3.050000,-0.850000,1.491643
-3.000000,-0.850000,1.589811
-2.950000,-0.850000,1.680774
-2.900000,-0.850000,1.765644
-2.850000,-0.850000,1.845264
-2.800000,-0.850000,1.920286
-2.750000,-0.850000,1.991231
-2.700000,-0.850000,2.058519
-2.650000,-0.850000,2.048020
-2.600000,-0.850000,2.026546
-2.550000,-0.850000,2.003273
-2.500000,-0.850000,1.978122
-2.450000,-0.850000,1.951005
-2.400000,-0.850000,1.921818
-2.350000,-0.850000,1.890445
-2.300000,-0.850000,1.856747
-2.250000,-0.850000,1.820564
-2.200000,-0.850000,1.781706
-2.150000,-0.850000,1.739947
-2.100000,-0.850000,1.695016
-2.050000,-0.850000,1.646579
-2.000000,-0.850000,1.594226
-1.950000,-0.850000,1.537434
-1.900000,-0.850000,1.475526
-1.850000,-0.850000,1.407596
-1.800000,-0.850000,1.357362
-1.750000,-0.850000,1.333359
-1.700000,-0.850000,1.307601
-1.650000,-0.850000,1.280009
-1.600000,-0.850000,1.250492
-1.550000,-0.850000,1.218950
-1.500000,-0.850000,1.185264
-1.450000,-0.850000,1.149297
-1.400000,-0.850000,1.110893
-1.350000,-0.850000,1.069864
-1.300000,-0.850000,1.025992
-1.250000,-0.850000,0.979014
-1.200000,-0.850000,0.928610
-1.150000,-0.850000,0.874387
-1.100000,-0.850000,0.815853
-1.050000,-0.850000,0.752375
-1.000000,-0.850000,0.683118
-0.950000,-0.850000,0.606938
-0.900000,-0.850000,0.522201
-0.850000,-0.850000,0.426409
-0.800000,-0.850000,0.315390
-0.750000,-0.850000,0.181079
-0.700000,-0.850000,0.127959
-0.650000,-0.850000,0.094498
-0.600000,-0.850000,0.058746
-0.550000,-0.850000,0.020543
-0.500000,-0.850000,-0.020296
-0.450000,-0.850000,-0.063995
-0.400000,-0.850000,-0.110819
-0.350000,-0.850000,-0.161090
-0.300000,-0.850000,-0.215209
-0.250000,-0.850000,-0.273674
-0.200000,-0.850000,-0.337132
-0.150000,-0.850000,-0.406433
-0.100000,-0.850000,-0.482750
-0.050000,-0.850000,-0.495172
-0.000000,-0.850000,-0.410776
0.050000,-0.850000,-0.334938
0.100000,-0.850000,-0.266018
0.150000,-0.850000,-0.202875
0.200000,-0.850000,-0.144673
0.250000,-0.850000,-0.090779
0.300000,-0.850000,-0.040701
0.350000,-0.850000,0.005954
0.400000,-0.850000,0.049503
0.450000,-0.850000,0.090211
0.500000,-0.850000,0.128295
0.550000,-0.850000,0.243570
0.600000,-0.850000,0.386041
0.650000,-0.850000,0.501905
0.700000,-0.850000,0.601025
0.750000,-0.850000,0.688246
0.800000,-0.850000,0.766382
0.850000,-0.850000,0.837241
0.900000,-0.850000,0.902067
0.950000,-0.850000,0.961761
1.000000,-0.850000,1.017000
1.050000,-0.850000,1.068307
1.100000,-0.850000,1.116097
1.150000,-0.850000,1.160706
1.200000,-0.850000,1.202410
1.250000,-0.850000,1.241439
1.300000,-0.850000,1.277985
1.350000,-0.850000,1.312214
1.400000,-0.850000,1.344266
1.450000,-0.850000,1.374264
1.500000,-0.850000,1.402313
1.550000,-0.850000,1.428507
1.600000,-0.850000,1.452926
1.650000,-0.850000,1.475642
1.700000,-0.850000,1.496718
1.750000,-0.850000,1.516210
1.800000,-0.850000,1.534167
1.850000,-0.850000,1.550634
1.900000,-0.850000,1.565648
1.950000,-0.850000,1.579243
2.000000,-0.850000,1.591451
2.050000,-0.850000,1.602296
2.100000,-0.850000,1.611801
2.150000,-0.850000,1.619986
2.200000,-0.850000,1.626868
2.250000,-0.850000,1.632460
2.300000,-0.850000,1.636773
2.350000,-0.850000,1.639815
2.400000,-0.850000,1.641592
2.450000,-0.850000,1.642108
2.500000,-0.850000,1.641363
2.550000,-0.850000,1.639357
2.600000,-0.850000,1.636085
2.650000,-0.850000,1.631540
2.700000,-0.850000,1.625715
2.750000,-0.850000,1.618598
2.800000,-0.850000,1.610174
2.850000,-0.850000,1.600427
2.900000,-0.850000,1.589337
2.950000,-0.850000,1.576880
3.000000,-0.850000,1.563029
3.050000,-0.850000,1.491643
3.100000,-0.850000,1.384738
3.150000,-0.850000,1.266886
3.200000,-0.850000,1.134681
3.250000,-0.850000,0.982344
3.300000,-0.850000,0.798436
3.350000,-0.850000,0.552268
3.400000,-0.850000,
3.450000,-0.850000,
3.500000,-0.850000,
-3.500000,-0.800000,
-3.450000,-0.800000,
-3.400000,-0.800000,0.223607
-3.350000,-0.800000,0.622495
-3.300000,-0.800000,0.848528
-3.250000,-0.800000,1.023474
-3.200000,-0.800000,1.170470
-3.150000,-0.800000,1.299038
-3.100000,-0.800000,1.414214
-3.050000,-0.800000,1.519046
-3.000000,-0.800000,1.615549
-2.950000,-0.800000,1.705139
-2.900000,-0.800000,1.788854
-2.850000,-0.800000,1.867485
-2.800000,-0.800000,1.941649
-2.750000,-0.800000,2.011840
-2.700000,-0.800000,2.043837
-2.650000,-0.800000,2.023812
-2.600000,-0.800000,2.002022
-2.550000,-0.800000,1.978396
-2.500000,-0.800000,1.952853
-2.450000,-0.800000,1.925298
-2.400000,-0.800000,1.895624
-2.350000,-0.800000,1.863704
-2.300000,-0.800000,1.829394
-2.250000,-0.800000,1.792520
-2.200000,-0.800000,1.752881
-2.150000,-0.800000,1.710231
-2.100000,-0.800000,1.664277
-2.050000,-0.800000,1.614656
-2.000000,-0.800000,1.560913
-1.950000,-0.800000,1.502467
-1.900000,-0.800000,1.438556
-1.850000,-0.800000,1.382535
-1.800000,-0.800000,1.360254
-1.750000,-0.800000,1.336291
-1.700000,-0.800000,1.310576
-1.650000,-0.800000,1.283031
-1.600000,-0.800000,1.253568
-1.550000,-0.800000,1.222083
-1.500000,-0.800000,1.188462
-1.450000,-0.800000,1.152567
-1.400000,-0.800000,1.114243
-1.350000,-0.800000,1.073305
-1.300000,-0.800000,1.029536
-1.250000,-0.800000,0.982674
-1.200000,-0.800000,0.932404
-1.150000,-0.800000,0.878337
-1.100000,-0.800000,0.819986
-1.050000,-0.800000,0.756727
-1.000000,-0.800000,0.687736
-0.950000,-0.800000,0.611890
-0.900000,-0.800000,0.527585
-0.850000,-0.800000,0.432382
-0.800000,-0.800000,0.322229
-0.750000,-0.800000,0.189370
-0.700000,-0.800000,0.117511
-0.650000,-0.800000,0.083832
-0.600000,-0.800000,0.047837
-0.550000,-0.800000,0.009362
-0.500000,-0.800000,-0.031784
-0.450000,-0.800000,-0.075830
-0.400000,-0.800000,-0.123051
-0.350000,-0.800000,-0.173779
-0.300000,-0.800000,-0.228429
-0.250000,-0.800000,-0.287521
-0.200000,-0.800000,-0.351730
-0.150000,-0.800000,-0.421953
-0.100000,-0.800000,-0.499429
-0.050000,-0.800000,-0.512077
-0.000000,-0.800000,-0.426293
0.050000,-0.800000,-0.349390
0.100000,-0.800000,-0.279623
0.150000,-0.800000,-0.215786
0.200000,-0.800000,-0.157005
0.250000,-0.800000,-0.102619
0.300000,-0.800000,-0.052119
0.350000,-0.800000,-0.005097
0.400000,-0.800000,0.038775
0.450000,-0.800000,0.079767
0.500000,-0.800000,0.118104
0.550000,-0.800000,0.253694
0.600000,-0.800000,0.394207
0.650000,-0.800000,0.508960
0.700000,-0.800000,0.607343
0.750000,-0.800000,0.694032
0.800000,-0.800000,0.771762
0.850000,-0.800000,0.842299
0.900000,-0.800000,0.906863
0.950000,-0.800000,0.966338
1.000000,-0.800000,1.021391
1.050000,-0.800000,1.072538
1.100000,-0.800000,1.120190
1.150000,-0.800000,1.164678
1.200000,-0.800000,1.206275
1.250000,-0.800000,1.245209
1.300000,-0.800000,1.281670
1.350000,-0.800000,1.315823
1.400000,-0.800000,1.347807
1.450000,-0.800000,1.377743
1.500000,-0.800000,1.405736
1.550000,-0.800000,1.431879
1.600000,-0.800000,1.456252
1.650000,-0.800000,1.478927
1.700000,-0.800000,1.499965
1.750000,-0.800000,1.519423
1.800000,-0.800000,1.537350
1.850000,-0.800000,1.553789
1.900000,-0.800000,1.568778
1.950000,-0.800000,1.582352
2.000000,-0.800000,1.594539
2.050000,-0.800000,1.605367
2.100000,-0.800000,1.614858
2.150000,-0.800000,1.623030
2.200000,-0.800000,1.629901
2.250000,-0.800000,1.635485
2.300000,-0.800000,1.639791
2.350000,-0.800000,1.642828
2.400000,-0.800000,1.644603
2.450000,-0.800000,1.645118
2.500000,-0.800000,1.644374
2.550000,-0.800000,1.642371
2.600000,-0.800000,1.639104
2.650000,-0.800000,1.634566
2.700000,-0.800000,1.628750
2.750000,-0.800000,1.621644
2.800000,-0.800000,1.613234
2.850000,-0.800000,1.603502
2.900000,-0.800000,1.592429
2.950000,-0.800000,1.579992
3.000000,-0.800000,1.566164
3.050000,-0.800000,1.519046
3.100000,-0.800000,1.414214
3.150000,-0.800000,1.299038
3.200000,-0.800000,1.170470
3.250000,-0.800000,1.023474
3.300000,-0.800000,0.848528
3.350000,-0.800000,0.622495
3.400000,-0.800000,0.223607
3.450000,-0.800000,
3.500000,-0.800000,
-3.500000,-0.750000,
-3.450000,-0.750000,
-3.400000,-0.750000,0.357071
-3.350000,-0.750000,0.681909
-3.300000,-0.750000,0.893029
-3.250000,-0.750000,1.060660
-3.200000,-0.750000,1.203121
-3.150000,-0.750000,1.328533
-3.100000,-0.750000,1.441354
-3.050000,-0.750000,1.544345
-3.000000,-0.750000,1.639360
-2.950000,-0.750000,1.727715
-2.900000,-0.750000,1.810387
-2.850000,-0.750000,1.888121
-2.800000,-0.750000,1.961505
-2.750000,-0.750000,2.031010
-2.700000,-0.750000,2.018062
-2.650000,-0.750000,1.997722
-2.600000,-0.750000,1.975581
-2.550000,-0.750000,1.951563
-2.500000,-0.750000,1.925582
-2.450000,-0.750000,1.897538
-2.400000,-0.750000,1.867318
-2.350000,-0.750000,1.834787
-2.300000,-0.750000,1.799788
-2.250000,-0.750000,1.762136
-2.200000,-0.750000,1.721613
-2.150000,-0.750000,1.677953
-2.100000,-0.750000,1.630833
-2.050000,-0.750000,1.579853
-2.000000,-0.750000,1.524507
-1.950000,-0.750000,1.464137
-1.900000,-0.750000,1.404664
-1.850000,-0.750000,1.384021
-1.800000,-0.750000,1.361759
-1.750000,-0.750000,1.337815
-1.700000,-0.750000,1.312123
-1.650000,-0.750000,1.284603
-1.600000,-0.750000,1.255166
-1.550000,-0.750000,1.223712
-1.500000,-0.750000,1.190124
-1.450000,-0.750000,1.154267
-1.400000,-0.750000,1.115985
-1.350000,-0.750000,1.075094
-1.300000,-0.750000,1.031377
-1.250000,-0.750000,0.984576
-1.200000,-0.750000,0.934375
-1.150000,-0.750000,0.880389
-1.100000,-0.750000,0.822133
-1.050000,-0.750000,0.758986
-1.000000,-0.750000,0.690132
-0.950000,-0.750000,0.614458
-0.900000,-0.750000,0.530375
-0.850000,-0.750000,0.435475
-0.800000,-0.750000,0.325765
-0.750000,-0.750000,0.193643
-0.700000,-0.750000,0.105459
-0.650000,-0.750000,0.071525
-0.600000,-0.750000,0.035245
-0.550000,-0.750000,-0.003549
-0.500000,-0.750000,-0.045055
-0.450000,-0.750000,-0.089510
-0.400000,-0.750000,-0.137197
-0.350000,-0.750000,-0.188464
-0.300000,-0.750000,-0.243743
-0.250000,-0.750000,-0.303579
-0.200000,-0.750000,-0.368683
-0.150000,-0.750000,-0.440007
-0.100000,-0.750000,-0.518879
-0.050000,-0.750000,-0.531994
-0.000000,-0.750000,-0.444518
0.050000,-0.750000,-0.366327
0.100000,-0.750000,-0.295541
0.150000,-0.750000,-0.230874
0.200000,-0.750000,-0.171401
0.250000,-0.750000,-0.116431
0.300000,-0.750000,-0.065428
0.350000,-0.750000,-0.017971
0.400000,-0.750000,0.026282
0.450000,-0.750000,0.067611
0.500000,-0.750000,0.106246
0.550000,-0.750000,0.259503
0.600000,-0.750000,0.398915
0.650000,-0.750000,0.513036
0.700000,-0.750000,0.610998
0.750000,-0.750000,0.697382
0.800000,-0.750000,0.774879
0.850000,-0.750000,0.845231
0.900000,-0.750000,0.909643
0.950000,-0.750000,0.968992
1.000000,-0.750000,1.023938
1.050000,-0.750000,1.074994
1.100000,-0.750000,1.122566
1.150000,-0.750000,1.166984
1.200000,-0.750000,1.208519
1.250000,-0.750000,1.247397
1.300000,-0.750000,1.283810
1.350000,-0.750000,1.317918
1.400000,-0.750000,1.349863
1.450000,-0.750000,1.379763
1.500000,-0.750000,1.407724
1.550000,-0.750000,1.433838
1.600000,-0.750000,1.458184
1.650000,-0.750000,1.480835
1.700000,-0.750000,1.501852
1.750000,-0.750000,1.521290
1.800000,-0.750000,1.539199
1.850000,-0.750000,1.555622
1.900000,-0.750000,1.570596
1.950000,-0.750000,1.584157
2.000000,-0.750000,1.596333
2.050000,-0.750000,1.607151
2.100000,-0.750000,1.616633
2.150000,-0.750000,1.624798
2.200000,-0.750000,1.631663
2.250000,-0.750000,1.637242
2.300000,-0.750000,1.641544
2.350000,-0.750000,1.644579
2.400000,-0.750000,1.646352
2.450000,-0.750000,1.646867
2.500000,-0.750000,1.646124
2.550000,-0.750000,1.644122
2.600000,-0.750000,1.640858
2.650000,-0.750000,1.636324
2.700000,-0.750000,1.630513
2.750000,-0.750000,1.623414
2.800000,-0.750000,1.615011
2.850000,-0.750000,1.605288
2.900000,-0.750000,1.594225
2.950000,-0.750000,1.581800
3.000000,-0.750000,1.567984
3.050000,-0.750000,1.544345
3.100000,-0.750000,1.441354
3.150000,-0.750000,1.328533
3.200000,-0.750000,1.203121
3.250000,-0.750000,1.060660
3.300000,-0.750000,0.893029
3.350000,-0.750000,0.681909
3.400000,-0.750000,0.357071
3.450000,-0.750000,
3.500000,-0.750000,
-3.500000,-0.700000,
-3.450000,-0.700000,
-3.400000,-0.700000,0.447214
-3.350000,-0.700000,0.733144
-3.300000,-0.700000,0.932738
-3.250000,-0.700000,1.094303
-3.200000,-0.700000,1.232883
-3.150000,-0.700000,1.355544
-3.100000,-0.700000,1.466288
-3.050000,-0.700000,1.567642
-3.000000,-0.700000,1.661325
-2.950000,-0.700000,1.748571
-2.900000,-0.700000,1.830301
-2.850000,-0.700000,1.907223
-2.800000,-0.700000,1.979899
-2.750000,-0.700000,2.009265
-2.700000,-0.700000,1.990349
-2.650000,-0.700000,1.969659
-2.600000,-0.700000,1.947126
-2.550000,-0.700000,1.922671
-2.500000,-0.700000,1.896202
-2.450000,-0.700000,1.867612
-2.400000,-0.700000,1.836780
-2.350000,-0.700000,1.803561
-2.300000,-0.700000,1.767787
-2.250000,-0.700000,1.729256
-2.200000,-0.700000,1.687731
-2.150000,-0.700000,1.642919
-2.100000,-0.700000,1.594464
-2.050000,-0.700000,1.541917
-2.000000,-0.700000,1.484707
-1.950000,-0.700000,1.423856
-1.900000,-0.700000,1.404780
-1.850000,-0.700000,1.384139
-1.800000,-0.700000,1.361878
-1.750000,-0.700000,1.337936
-1.700000,-0.700000,1.312245
-1.650000,-0.700000,1.284727
-1.600000,-0.700000,1.255293
-1.550000,-0.700000,1.223841
-1.500000,-0.700000,1.190255
-1.450000,-0.700000,1.154401
-1.400000,-0.700000,1.116122
-1.350000,-0.700000,1.075235
-1.300000,-0.700000,1.031523
-1.250000,-0.700000,0.984726
-1.200000,-0.700000,0.934531
-1.150000,-0.700000,0.880551
-1.100000,-0.700000,0.822302
-1.050000,-0.700000,0.759165
-1.000000,-0.700000,0.690322
-0.950000,-0.700000,0.614661
-0.900000,-0.700000,0.530596
-0.850000,-0.700000,0.435719
-0.800000,-0.700000,0.326044
-0.750000,-0.700000,0.193980
-0.700000,-0.700000,0.091767
-0.650000,-0.700000,0.057538
-0.600000,-0.700000,0.020929
-0.550000,-0.700000,-0.018234
-0.500000,-0.700000,-0.060158
-0.450000,-0.700000,-0.105087
-0.400000,-0.700000,-0.153318
-0.350000,-0.700000,-0.205213
-0.300000,-0.700000,-0.261227
-0.250000,-0.700000,-0.321935
-0.200000,-0.700000,-0.388094
-0.150000,-0.700000,-0.460724
-0.100000,-0.700000,-0.541264
-0.050000,-0.700000,-0.555124
-0.000000,-0.700000,-0.465602
0.050000,-0.700000,-0.385867
0.100000,-0.700000,-0.313868
0.150000,-0.700000,-0.248219
0.200000,-0.700000,-0.187932
0.250000,-0.700000,-0.132275
0.300000,-0.700000,-0.080684
0.350000,-0.700000,-0.032717
0.400000,-0.700000,0.011981
0.450000,-0.700000,0.053700
0.500000,-0.700000,0.092683
0.550000,-0.700000,0.261124
0.600000,-0.700000,0.400231
0.650000,-0.700000,0.514176
0.700000,-0.700000,0.612021
0.750000,-0.700000,0.698320
0.800000,-0.700000,0.775752
0.850000,-0.700000,0.846052
0.900000,-0.700000,0.910423
0.950000,-0.700000,0.969736
1.000000,-0.700000,1.024653
1.050000,-0.700000,1.075682
1.100000,-0.700000,1.123232
1.150000,-0.700000,1.167630
1.200000,-0.700000,1.209148
1.250000,-0.700000,1.248011
1.300000,-0.700000,1.284410
1.350000,-0.700000,1.318506
1.400000,-0.700000,1.350439
1.450000,-0.700000,1.380329
1.500000,-0.700000,1.408282
1.550000,-0.700000,1.434387
1.600000,-0.700000,1.458726
1.650000,-0.700000,1.481370
1.700000,-0.700000,1.502381
1.750000,-0.700000,1.521814
1.800000,-0.700000,1.539717
1.850000,-0.700000,1.556136
1.900000,-0.700000,1.571106
1.950000,-0.700000,1.584664
2.000000,-0.700000,1.596837
2.050000,-0.700000,1.607652
2.100000,-0.700000,1.617131
2.150000,-0.700000,1.625294
2.200000,-0.700000,1.632158
2.250000,-0.700000,1.637735
2.300000,-0.700000,1.642036
2.350000,-0.700000,1.645070
2.400000,-0.700000,1.646843
2.450000,-0.700000,1.647357
2.500000,-0.700000,1.646614
2.550000,-0.700000,1.644613
2.600000,-0.700000,1.641350
2.650000,-0.700000,1.636817
2.700000,-0.700000,1.631008
2.750000,-0.700000,1.623910
2.800000,-0.700000,1.615509
2.850000,-0.700000,1.605789
2.900000,-0.700000,1.594729
2.950000,-0.700000,1.582307
3.000000,-0.700000,1.568495
3.050000,-0.700000,1.553264
3.100000,-0.700000,1.466288
3.150000,-0.700000,1.355544
3.200000,-0.700000,1.232883
3.250000,-0.700000,1.094303
3.300000,-0.700000,0.932738
3.350000,-0.700000,0.733144
3.400000,-0.700000,0.447214
3.450000,-0.700000,
3.500000,-0.700000,
-3.500000,-0.650000,
-3.450000,-0.650000,
-3.400000,-0.650000,0.517204
-3.350000,-0.650000,0.777817
-3.300000,-0.650000,0.968246
-3.250000,-0.650000,1.124722
-3.200000,-0.650000,1.259960
-3.150000,-0.650000,1.380217
-3.100000,-0.650000,1.489127
-3.050000,-0.650000,1.589025
-3.000000,-0.650000,1.681517
-2.950000,-0.650000,1.767767
-2.900000,-0.650000,1.848648
-2.850000,-0.650000,1.924838
-2.800000,-0.650000,1.996873
-2.750000,-0.650000,1.979860
-2.700000,-0.650000,1.960596
-2.650000,-0.650000,1.939516
-2.600000,-0.650000,1.916548
-2.550000,-0.650000,1.891605
-2.500000,-0.650000,1.864590
-2.450000,-0.650000,1.835388
-2.400000,-0.650000,1.803869
-2.350000,-0.650000,1.769875
-2.300000,-0.650000,1.733224
-2.250000,-0.650000,1.693696
-2.200000,-0.650000,1.651028
-2.150000,-0.650000,1.604897
-2.100000,-0.650000,1.554902
-2.050000,-0.650000,1.500536
-2.000000,-0.650000,1.441140
-1.950000,-0.650000,1.422632
-1.900000,-0.650000,1.403544
-1.850000,-0.650000,1.382888
-1.800000,-0.650000,1.360612
-1.750000,-0.650000,1.336653
-1.700000,-0.650000,1.310943
-1.650000,-0.650000,1.283404
-1.600000,-0.650000,1.253947
-1.550000,-0.650000,1.222470
-1.500000,-0.650000,1.188856
-1.450000,-0.650000,1.152971
-1.400000,-0.650000,1.114657
-1.350000,-0.650000,1.073730
-1.300000,-0.650000,1.029973
-1.250000,-0.650000,0.983126
-1.200000,-0.650000,0.932872
-1.150000,-0.650000,0.878825
-1.100000,-0.650000,0.820496
-1.050000,-0.650000,0.757263
-1.000000,-0.650000,0.688305
-0.950000,-0.650000,0.612500
-0.900000,-0.650000,0.528248
-0.850000,-0.650000,0.433117
-0.800000,-0.650000,0.323069
-0.750000,-0.650000,0.190386
-0.700000,-0.650000,0.076393
-0.650000,-0.650000,0.041827
-0.600000,-0.650000,0.004841
-0.550000,-0.650000,-0.034747
-0.500000,-0.650000,-0.077150
-0.450000,-0.650000,-0.122625
-0.400000,-0.650000,-0.171483
-0.350000,-0.650000,-0.224105
-0.300000,-0.650000,-0.280972
-0.250000,-0.650000,-0.342699
-0.200000,-0.650000,-0.410094
-0.150000,-0.650000,-0.484265
-0.100000,-0.650000,-0.566791
-0.050000,-0.650000,-0.581722
-0.000000,-0.650000,-0.489730
0.050000,-0.650000,-0.408157
0.100000,-0.650000,-0.334724
0.150000,-0.650000,-0.267921
0.200000,-0.650000,-0.206683
0.250000,-0.650000,-0.150225
0.300000,-0.650000,-0.097952
0.350000,-0.650000,-0.049396
0.400000,-0.650000,-0.004184
0.450000,-0.650000,0.037987
0.500000,-0.650000,0.077370
0.550000,-0.650000,0.258589
0.600000,-0.650000,0.398173
0.650000,-0.650000,0.512393
0.700000,-0.650000,0.610421
0.750000,-0.650000,0.696853
0.800000,-0.650000,0.774387
0.850000,-0.650000,0.844768
0.900000,-0.650000,0.909204
0.950000,-0.650000,0.968573
1.000000,-0.650000,1.023536
1.050000,-0.650000,1.074606
1.100000,-0.650000,1.122191
1.150000,-0.650000,1.166620
1.200000,-0.650000,1.208165
1.250000,-0.650000,1.247052
1.300000,-0.650000,1.283472
1.350000,-0.650000,1.317587
1.400000,-0.650000,1.349538
1.450000,-0.650000,1.379444
1.500000,-0.650000,1.407410
1.550000,-0.650000,1.433528
1.600000,-0.650000,1.457879
1.650000,-0.650000,1.480534
1.700000,-0.650000,1.501554
1.750000,-0.650000,1.520995
1.800000,-0.650000,1.538907
1.850000,-0.650000,1.555332
1.900000,-0.650000,1.570309
1.950000,-0.650000,1.583872
2.000000,-0.650000,1.596050
2.050000,-0.650000,1.606869
2.100000,-0.650000,1.616353
2.150000,-0.650000,1.624519
2.200000,-0.650000,1.631385
2.250000,-0.650000,1.636964
2.300000,-0.650000,1.641267
2.350000,-0.650000,1.644302
2.400000,-0.650000,1.646076
2.450000,-0.650000,1.646590
2.500000,-0.650000,1.645847
2.550000,-0.650000,1.643845
2.600000,-0.650000,1.640581
2.650000,-0.650000,1.636047
2.700000,-0.650000,1.630235
2.750000,-0.650000,1.623134
2.800000,-0.650000,1.614730
2.850000,-0.650000,1.605006
2.900000,-0.650000,1.593941
2.950000,-0.650000,1.581514
3.000000,-0.650000,1.567697
3.050000,-0.650000,1.552460
3.100000,-0.650000,1.489127
3.150000,-0.650000,1.380217
3.200000,-0.650000,1.259960
3.250000,-0.650000,1.124722
3.300000,-0.650000,0.968246
3.350000,-0.650000,0.777817
3.400000,-0.650000,0.517204
3.450000,-0.650000,
3.500000,-0.650000,
-3.500000,-0.600000,
-3.450000,-0.600000,
-3.400000,-0.600000,0.574456
-3.350000,-0.600000,0.817007
-3.300000,-0.600000,1.000000
-3.250000,-0.600000,1.152172
-3.200000,-0.600000,1.284523
-3.150000,-0.600000,1.402676
-3.100000,-0.600000,1.509967
-3.050000,-0.600000,1.608571
-3.000000,-0.600000,1.700000
-2.950000,-0.600000,1.785357
-2.900000,-0.600000,1.865476
-2.850000,-0.600000,1.941005
-2.800000,-0.600000,1.966195
-2.750000,-0.600000,1.948339
-2.700000,-0.600000,1.928688
-2.650000,-0.600000,1.907174
-2.600000,-0.600000,1.883718
-2.550000,-0.600000,1.858229
-2.500000,-0.600000,1.830601
-2.450000,-0.600000,1.800712
-2.400000,-0.600000,1.768417
-2.350000,-0.600000,1.733547
-2.300000,-0.600000,1.695900
-2.250000,-0.600000,1.655235
-2.200000,-0.600000,1.611257
-2.150000,-0.600000,1.563604
-2.100000,-0.600000,1.511820
-2.050000,-0.600000,1.455319
-2.000000,-0.600000,1.437658
-1.950000,-0.600000,1.420066
-1.900000,-0.600000,1.400951
-1.850000,-0.600000,1.380267
-1.800000,-0.600000,1.357958
-1.750000,-0.600000,1.333963
-1.700000,-0.600000,1.308214
-1.650000,-0.600000,1.280631
-1.600000,-0.600000,1.251126
-1.550000,-0.600000,1.219596
-1.500000,-0.600000,1.185923
-1.450000,-0.600000,1.149971
-1.400000,-0.600000,1.111583
-1.350000,-0.600000,1.070573
-1.300000,-0.600000,1.026723
-1.250000,-0.600000,0.979768
-1.200000,-0.600000,0.929392
-1.150000,-0.600000,0.875202
-1.100000,-0.600000,0.816705
-1.050000,-0.600000,0.753272
-1.000000,-0.600000,0.684070
-0.950000,-0.600000,0.607960
-0.900000,-0.600000,0.523312
-0.850000,-0.600000,0.427643
-0.800000,-0.600000,0.316803
-0.750000,-0.600000,0.182795
-0.700000,-0.600000,0.059287
-0.650000,-0.600000,0.024339
-0.600000,-0.600000,-0.013077
-0.550000,-0.600000,-0.053148
-0.500000,-0.600000,-0.096099
-0.450000,-0.600000,-0.142199
-0.400000,-0.600000,-0.191776
-0.350000,-0.600000,-0.245236
-0.300000,-0.600000,-0.303090
-0.250000,-0.600000,-0.365998
-0.200000,-0.600000,-0.434840
-0.150000,-0.600000,-0.510827
-0.100000,-0.600000,-0.595722
-0.050000,-0.600000,-0.612117
-0.000000,-0.600000,-0.517139
0.050000,-0.600000,-0.433375
0.100000,-0.600000,-0.358253
0.150000,-0.600000,-0.290100
0.200000,-0.600000,-0.227754
0.250000,-0.600000,-0.170371
0.300000,-0.600000,-0.117310
0.350000,-0.600000,-0.068076
0.400000,-0.600000,-0.022275
0.450000,-0.600000,0.020414
0.500000,-0.600000,0.060253
0.550000,-0.600000,0.251846
0.600000,-0.600000,0.392713
0.650000,-0.600000,0.507668
0.700000,-0.600000,0.606185
0.750000,-0.600000,0.692971
0.800000,-0.600000,0.770775
0.850000,-0.600000,0.841371
0.900000,-0.600000,0.905983
0.950000,-0.600000,0.965498
1.000000,-0.600000,1.020585
1.050000,-0.600000,1.071762
1.100000,-0.600000,1.119439
1.150000,-0.600000,1.163949
1.200000,-0.600000,1.205566
1.250000,-0.600000,1.244517
1.300000,-0.600000,1.280994
1.350000,-0.600000,1.315160
1.400000,-0.600000,1.347156
1.450000,-0.600000,1.377104
1.500000,-0.600000,1.405108
1.550000,-0.600000,1.431260
1.600000,-0.600000,1.455641
1.650000,-0.600000,1.478324
1.700000,-0.600000,1.499369
1.750000,-0.600000,1.518833
1.800000,-0.600000,1.536766
1.850000,-0.600000,1.553209
1.900000,-0.600000,1.568203
1.950000,-0.600000,1.581781
2.000000,-0.600000,1.593972
2.050000,-0.600000,1.604803
2.100000,-0.600000,1.614296
2.150000,-0.600000,1.622471
2.200000,-0.600000,1.629344
2.250000,-0.600000,1.634929
2.300000,-0.600000,1.639237
2.350000,-0.600000,1.642275
2.400000,-0.600000,1.644050
2.450000,-0.600000,1.644565
2.500000,-0.600000,1.643821
2.550000,-0.600000,1.641817
2.600000,-0.600000,1.638549
2.650000,-0.600000,1.634011
2.700000,-0.600000,1.628193
2.750000,-0.600000,1.621085
2.800000,-0.600000,1.612672
2.850000,-0.600000,1.602937
2.900000,-0.600000,1.591861
2.950000,-0.600000,1.579420
3.000000,-0.600000,1.565588
3.050000,-0.600000,1.550334
3.100000,-0.600000,1.509967
3.150000,-0.600000,1.402676
3.200000,-0.600000,1.284523
3.250000,-0.600000,1.152172
3.300000,-0.600000,1.000000
3.350000,-0.600000,0.817007
3.400000,-0.600000,0.574456
3.450000,-0.600000,
3.500000,-0.600000,
-3.500000,-0.550000,
-3.450000,-0.550000,0.212132
-3.400000,-0.550000,0.622495
-3.350000,-0.550000,0.851469
-3.300000,-0.550000,1.028348
-3.250000,-0.550000,1.176860
-3.200000,-0.550000,1.306713
-3.150000,-0.550000,1.423025
-3.100000,-0.550000,1.528888
-3.050000,-0.550000,1.626346
-3.000000,-0.550000,1.716828
-2.950000,-0.550000,1.801388
-2.900000,-0.550000,1.880824
-2.850000,-0.550000,1.949272
-2.800000,-0.550000,1.932813
-2.750000,-0.550000,1.914573
-2.700000,-0.550000,1.894491
-2.650000,-0.550000,1.872491
-2.600000,-0.550000,1.848489
-2.550000,-0.550000,1.822386
-2.500000,-0.550000,1.794069
-2.450000,-0.550000,1.763402
-2.400000,-0.550000,1.730228
-2.350000,-0.550000,1.694361
-2.300000,-0.550000,1.655577
-2.250000,-0.550000,1.613606
-2.200000,-0.550000,1.568115
-2.150000,-0.550000,1.518690
-2.100000,-0.550000,1.464805
-2.050000,-0.550000,1.449927
-2.000000,-0.550000,1.433782
-1.950000,-0.550000,1.416153
-1.900000,-0.550000,1.396998
-1.850000,-0.550000,1.376268
-1.800000,-0.550000,1.353910
-1.750000,-0.550000,1.329860
-1.700000,-0.550000,1.304051
-1.650000,-0.550000,1.276401
-1.600000,-0.550000,1.246822
-1.550000,-0.550000,1.215210
-1.500000,-0.550000,1.181446
-1.450000,-0.550000,1.145393
-1.400000,-0.550000,1.106892
-1.350000,-0.550000,1.065755
-1.300000,-0.550000,1.021760
-1.250000,-0.550000,0.974641
-1.200000,-0.550000,0.924076
-1.150000,-0.550000,0.869666
-1.100000,-0.550000,0.810912
-1.050000,-0.550000,0.747171
-1.000000,-0.550000,0.677592
-0.950000,-0.550000,0.601010
-0.900000,-0.550000,0.515749
-0.850000,-0.550000,0.419242
-0.800000,-0.550000,0.307164
-0.750000,-0.550000,0.171058
-0.700000,-0.550000,0.040393
-0.650000,-0.550000,0.005012
-0.600000,-0.550000,-0.032890
-0.550000,-0.550000,-0.073509
-0.500000,-0.550000,-0.117084
-0.450000,-0.550000,-0.163897
-0.400000,-0.550000,-0.214298
-0.350000,-0.550000,-0.268719
-0.300000,-0.550000,-0.327712
-0.250000,-0.550000,-0.391992
-0.200000,-0.550000,-0.462524
-0.150000,-0.550000,-0.540656
-0.100000,-0.550000,-0.580845
-0.050000,-0.550000,-0.615818
-0.000000,-0.550000,-0.548125
0.050000,-0.550000,-0.461745
0.100000,-0.550000,-0.384630
0.150000,-0.550000,-0.314899
0.200000,-0.550000,-0.251269
0.250000,-0.550000,-0.192816
0.300000,-0.550000,-0.138850
0.350000,-0.550000,-0.088840
0.400000,-0.550000,-0.042365
0.450000,-0.550000,0.000913
0.500000,-0.550000,0.041930
0.550000,-0.550000,0.240749
0.600000,-0.550000,0.383774
0.650000,-0.550000,0.499950
0.700000,-0.550000,0.599276
0.750000,-0.550000,0.686645
0.800000,-0.550000,0.764894
0.850000,-0.550000,0.835843
0.900000,-0.550000,0.900742
0.950000,-0.550000,0.960497
1.000000,-0.550000,1.015787
1.050000,-0.550000,1.067138
1.100000,-0.550000,1.114966
1.150000,-0.550000,1.159609
1.200000,-0.550000,1.201343
1.250000,-0.550000,1.240398
1.300000,-0.550000,1.276968
1.350000,-0.550000,1.311217
1.400000,-0.550000,1.343289
1.450000,-0.550000,1.373304
1.500000,-0.550000,1.401368
1.550000,-0.550000,1.427576
1.600000,-0.550000,1.452008
1.650000,-0.550000,1.474735
1.700000,-0.550000,1.495822
1.750000,-0.550000,1.515323
1.800000,-0.550000,1.533289
1.850000,-0.550000,1.549763
1.900000,-0.550000,1.564784
1.950000,-0.550000,1.578385
2.000000,-0.550000,1.590598
2.050000,-0.550000,1.601448
2.100000,-0.550000,1.610958
2.150000,-0.550000,1.619146
2.200000,-0.550000,1.626031
2.250000,-0.550000,1.631625
2.300000,-0.550000,1.635940
2.350000,-0.550000,1.638983
2.400000,-0.550000,1.640761
2.450000,-0.550000,1.641277
2.500000,-0.550000,1.640533
2.550000,-0.550000,1.638525
2.600000,-0.550000,1.635252
2.650000,-0.550000,1.630705
2.700000,-0.550000,1.624878
2.750000,-0.550000,1.617758
2.800000,-0.550000,1.609330
2.850000,-0.550000,1.599579
2.900000,-0.550000,1.588484
2.950000,-0.550000,1.576021
3.000000,-0.550000,1.562164
3.050000,-0.550000,1.546882
3.100000,-0.550000,1.528888
3.150000,-0.550000,1.423025
3.200000,-0.550000,1.306713
3.250000,-0.550000,1.176860
3.300000,-0.550000,1.028348
3.350000,-0.550000,0.851469
3.400000,-0.550000,0.622495
3.450000,-0.550000,0.212132
3.500000,-0.550000,
-3.500000,-0.500000,
-3.450000,-0.500000,0.312250
-3.400000,-0.500000,0.663325
-3.350000,-0.500000,0.881760
-3.300000,-0.500000,1.053565
-3.250000,-0.500000,1.198958
-3.200000,-0.500000,1.326650
-3.150000,-0.500000,1.441354
-3.100000,-0.500000,1.545962
-3.050000,-0.500000,1.642407
-3.000000,-0.500000,1.732051
-2.950000,-0.500000,1.815902
-2.900000,-0.500000,1.894730
-2.850000,-0.500000,1.913920
-2.800000,-0.500000,1.897082
-2.750000,-0.500000,1.878414
-2.700000,-0.500000,1.857847
-2.650000,-0.500000,1.835301
-2.600000,-0.500000,1.810684
-2.550000,-0.500000,1.783890
-2.500000,-0.500000,1.754791
-2.450000,-0.500000,1.723242
-2.400000,-0.500000,1.689067
-2.350000,-0.500000,1.652059
-2.300000,-0.500000,1.611966
-2.250000,-0.500000,1.568482
-2.200000,-0.500000,1.521226
-2.150000,-0.500000,1.472813
-2.100000,-0.500000,1.459492
-2.050000,-0.500000,1.444753
-2.000000,-0.500000,1.428563
-1.950000,-0.500000,1.410884
-1.900000,-0.500000,1.391674
-1.850000,-0.500000,1.370884
-1.800000,-0.500000,1.348458
-1.750000,-0.500000,1.324335
-1.700000,-0.500000,1.298443
-1.650000,-0.500000,1.270703
-1.600000,-0.500000,1.241024
-1.550000,-0.500000,1.209301
-1.500000,-0.500000,1.175414
-1.450000,-0.500000,1.139224
-1.400000,-0.500000,1.100569
-1.350000,-0.500000,1.059259
-1.300000,-0.500000,1.015068
-1.250000,-0.500000,0.967726
-1.200000,-0.500000,0.916903
-1.150000,-0.500000,0.862195
-1.100000,-0.500000,0.803089
-1.050000,-0.500000,0.738926
-1.000000,-0.500000,0.668831
-0.950000,-0.500000,0.591602
-0.900000,-0.500000,0.505496
-0.850000,-0.500000,0.407828
-0.800000,-0.500000,0.294018
-0.750000,-0.500000,0.154931
-0.700000,-0.500000,0.019645
-0.650000,-0.500000,-0.016224
-0.600000,-0.500000,-0.054675
-0.550000,-0.500000,-0.095916
-0.500000,-0.500000,-0.140197
-0.450000,-0.500000,-0.187822
-0.400000,-0.500000,-0.239164
-0.350000,-0.500000,-0.294689
-0.300000,-0.500000,-0.354996
-0.250000,-0.500000,-0.420870
-0.200000,-0.500000,-0.493384
-0.150000,-0.500000,-0.532012
-0.100000,-0.500000,-0.564354
-0.050000,-0.500000,-0.598959
-0.000000,-0.500000,-0.583070
0.050000,-0.500000,-0.493546
0.100000,-0.500000,-0.414073
0.150000,-0.500000,-0.342495
0.200000,-0.500000,-0.277373
0.250000,-0.500000,-0.217686
0.300000,-0.500000,-0.162681
0.350000,-0.500000,-0.111784
0.400000,-0.500000,-0.064542
0.450000,-0.500000,-0.020595
0.500000,-0.500000,0.020352
0.550000,-0.500000,0.225041
0.600000,-0.500000,0.371225
0.650000,-0.500000,0.489158
0.700000,-0.500000,0.589635
0.750000,-0.500000,0.677831
0.800000,-0.500000,0.756708
0.850000,-0.500000,0.828153
0.900000,-0.500000,0.893457
0.950000,-0.500000,0.953548
1.000000,-0.500000,1.009122
1.050000,-0.500000,1.060717
1.100000,-0.500000,1.108758
1.150000,-0.500000,1.153586
1.200000,-0.500000,1.195483
1.250000,-0.500000,1.234683
1.300000,-0.500000,1.271382
1.350000,-0.500000,1.305748
1.400000,-0.500000,1.337924
1.450000,-0.500000,1.368033
1.500000,-0.500000,1.396183
1.550000,-0.500000,1.422468
1.600000,-0.500000,1.446969
1.650000,-0.500000,1.469760
1.700000,-0.500000,1.490904
1.750000,-0.500000,1.510457
1.800000,-0.500000,1.528469
1.850000,-0.500000,1.544985
1.900000,-0.500000,1.560044
1.950000,-0.500000,1.573679
2.000000,-0.500000,1.585922
2.050000,-0.500000,1.596798
2.100000,-0.500000,1.606330
2.150000,-0.500000,1.614539
2.200000,-0.500000,1.621439
2.250000,-0.500000,1.627047
2.300000,-0.500000,1.631371
2.350000,-0.500000,1.634422
2.400000,-0.500000,1.636204
2.450000,-0.500000,1.636721
2.500000,-0.500000,1.635974
2.550000,-0.500000,1.633962
2.600000,-0.500000,1.630681
2.650000,-0.500000,1.626125
2.700000,-0.500000,1.620283
2.750000,-0.500000,1.613146
2.800000,-0.500000,1.604699
2.850000,-0.500000,1.594924
2.900000,-0.500000,1.583802
2.950000,-0.500000,1.571309
3.000000,-0.500000,1.557418
3.050000,-0.500000,1.542097
3.100000,-0.500000,1.525313
3.150000,-0.500000,1.441354
3.200000,-0.500000,1.326650
3.250000,-0.500000,1.198958
3.300000,-0.500000,1.053565
3.350000,-0.500000,0.881760
3.400000,-0.500000,0.663325
3.450000,-0.500000,0.312250
3.500000,-0.500000,
-3.500000,-0.450000,
-3.450000,-0.450000,0.380789
-3.400000,-0.450000,0.698212
-3.350000,-0.450000,0.908295
-3.300000,-0.450000,1.075872
-3.250000,-0.450000,1.218606
-3.200000,-0.450000,1.344433
-3.150000,-0.450000,1.457738
-3.100000,-0.450000,1.561249
-3.050000,-0.450000,1.656804
-3.000000,-0.450000,1.745709
-2.950000,-0.450000,1.828934
-2.900000,-0.450000,1.891535
-2.850000,-0.450000,1.876098
-2.800000,-0.450000,1.858836
-2.750000,-0.450000,1.839686
-2.700000,-0.450000,1.818573
-2.650000,-0.450000,1.795411
-2.600000,-0.450000,1.770098
-2.550000,-0.450000,1.742518
-2.500000,-0.450000,1.712530
-2.450000,-0.450000,1.679972
-2.400000,-0.450000,1.644647
-2.350000,-0.450000,1.606322
-2.300000,-0.450000,1.564709
-2.250000,-0.450000,1.519456
-2.200000,-0.450000,1.478367
-2.150000,-0.450000,1.466393
-2.100000,-0.450000,1.453026
-2.050000,-0.450000,1.438236
-2.000000,-0.450000,1.421990
-1.950000,-0.450000,1.404249
-1.900000,-0.450000,1.384969
-1.850000,-0.450000,1.364101
-1.800000,-0.450000,1.341590
-1.750000,-0.450000,1.317373
-1.700000,-0.450000,1.291377
-1.650000,-0.450000,1.263523
-1.600000,-0.450000,1.233717
-1.550000,-0.450000,1.201853
-1.500000,-0.450000,1.167809
-1.450000,-0.450000,1.131444
-1.400000,-0.450000,1.092593
-1.350000,-0.450000,1.051063
-1.300000,-0.450000,1.006622
-1.250000,-0.450000,0.958995
-1.200000,-0.450000,0.907844
-1.150000,-0.450000,0.852754
-1.100000,-0.450000,0.793197
-1.050000,-0.450000,0.728492
-1.000000,-0.450000,0.657734
-0.950000,-0.450000,0.579667
-0.900000,-0.450000,0.492465
-0.850000,-0.450000,0.393277
-0.800000,-0.450000,0.277174
-0.750000,-0.450000,0.134047
-0.700000,-0.450000,-0.003034
-0.650000,-0.450000,-0.039452
-0.600000,-0.450000,-0.078522
-0.550000,-0.450000,-0.120465
-0.500000,-0.450000,-0.165549
-0.450000,-0.450000,-0.214098
-0.400000,-0.450000,-0.266515
-0.350000,-0.450000,-0.323309
-0.300000,-0.450000,-0.385135
-0.250000,-0.450000,-0.452868
-0.200000,-0.450000,-0.487578
-0.150000,-0.450000,-0.517527
-0.100000,-0.450000,-0.549579
-0.050000,-0.450000,-0.583861
-0.000000,-0.450000,-0.620522
0.050000,-0.450000,-0.529131
0.100000,-0.450000,-0.446849
0.150000,-0.450000,-0.373101
0.200000,-0.450000,-0.306242
0.250000,-0.450000,-0.245131
0.300000,-0.450000,-0.188933
0.350000,-0.450000,-0.137021
0.400000,-0.450000,-0.088907
0.450000,-0.450000,-0.044201
0.500000,-0.450000,-0.002588
0.550000,-0.450000,0.204325
0.600000,-0.450000,0.354870
0.650000,-0.450000,0.475168
0.700000,-0.450000,0.577176
0.750000,-0.450000,0.666463
0.800000,-0.450000,0.746165
0.850000,-0.450000,0.818260
0.900000,-0.450000,0.884090
0.950000,-0.450000,0.944619
1.000000,-0.450000,1.000563
1.050000,-0.450000,1.052475
1.100000,-0.450000,1.100790
1.150000,-0.450000,1.145858
1.200000,-0.450000,1.187967
1.250000,-0.450000,1.227355
1.300000,-0.450000,1.264222
1.350000,-0.450000,1.298738
1.400000,-0.450000,1.331048
1.450000,-0.450000,1.361279
1.500000,-0.450000,1.389539
1.550000,-0.450000,1.415923
1.600000,-0.450000,1.440514
1.650000,-0.450000,1.463386
1.700000,-0.450000,1.484604
1.750000,-0.450000,1.504224
1.800000,-0.450000,1.522297
1.850000,-0.450000,1.538867
1.900000,-0.450000,1.553974
1.950000,-0.450000,1.567653
2.000000,-0.450000,1.579934
2.050000,-0.450000,1.590843
2.100000,-0.450000,1.600405
2.150000,-0.450000,1.608638
2.200000,-0.450000,1.615560
2.250000,-0.450000,1.621184
2.300000,-0.450000,1.625522
2.350000,-0.450000,1.628581
2.400000,-0.450000,1.630368
2.450000,-0.450000,1.630887
2.500000,-0.450000,1.630138
2.550000,-0.450000,1.628120
2.600000,-0.450000,1.624829
2.650000,-0.450000,1.620259
2.700000,-0.450000,1.614400
2.750000,-0.450000,1.607242
2.800000,-0.450000,1.598769
2.850000,-0.450000,1.588964
2.900000,-0.450000,1.577807
2.950000,-0.450000,1.565275
3.000000,-0.450000,1.551339
3.050000,-0.450000,1.535969
3.100000,-0.450000,1.519129
3.150000,-0.450000,1.457738
3.200000,-0.450000,1.344433
3.250000,-0.450000,1.218606
3.300000,-0.450000,1.075872
3.350000,-0.450000,0.908295
3.400000,-0.450000,0.698212
3.450000,-0.450000,0.380789
3.500000,-0.450000,
-3.500000,-0.400000,
-3.450000,-0.400000,0.433013
-3.400000,-0.400000,0.728011
-3.350000,-0.400000,0.931397
-3.300000,-0.400000,1.095445
-3.250000,-0.400000,1.235921
-3.200000,-0.400000,1.360147
-3.150000,-0.400000,1.472243
-3.100000,-0.400000,1.574802
-3.050000,-0.400000,1.669581
-3.000000,-0.400000,1.757840
-2.950000,-0.400000,1.840516
-2.900000,-0.400000,1.851473
-2.850000,-0.400000,1.835617
-2.800000,-0.400000,1.817876
-2.750000,-0.400000,1.798181
-2.700000,-0.400000,1.776450
-2.650000,-0.400000,1.752588
-2.600000,-0.400000,1.726483
-2.550000,-0.400000,1.698004
-2.500000,-0.400000,1.666997
-2.450000,-0.400000,1.633275
-2.400000,-0.400000,1.596619
-2.350000,-0.400000,1.556758
-2.300000,-0.400000,1.513360
-2.250000,-0.400000,1.481308
-2.200000,-0.400000,1.470659
-2.150000,-0.400000,1.458637
-2.100000,-0.400000,1.445215
-2.050000,-0.400000,1.430364
-2.000000,-0.400000,1.414048
-1.950000,-0.400000,1.396231
-1.900000,-0.400000,1.376866
-1.850000,-0.400000,1.355904
-1.800000,-0.400000,1.333289
-1.750000,-0.400000,1.308957
-1.700000,-0.400000,1.282835
-1.650000,-0.400000,1.254841
-1.600000,-0.400000,1.224879
-1.550000,-0.400000,1.192843
-1.500000,-0.400000,1.158608
-1.450000,-0.400000,1.122030
-1.400000,-0.400000,1.082939
-1.350000,-0.400000,1.041139
-1.300000,-0.400000,0.996392
-1.250000,-0.400000,0.948415
-1.200000,-0.400000,0.896861
-1.150000,-0.400000,0.841300
-1.100000,-0.400000,0.781186
-1.050000,-0.400000,0.715811
-1.000000,-0.400000,0.644229
-0.950000,-0.400000,0.565117
-0.900000,-0.400000,0.476537
-0.850000,-0.400000,0.375423
-0.800000,-0.400000,0.256365
-0.750000,-0.400000,0.107865
-0.700000,-0.400000,-0.027731
-0.650000,-0.400000,-0.064767
-0.600000,-0.400000,-0.104535
-0.550000,-0.400000,-0.147273
-0.500000,-0.400000,-0.193267
-0.450000,-0.400000,-0.242869
-0.400000,-0.400000,-0.296518
-0.350000,-0.400000,-0.354772
-0.300000,-0.400000,-0.418362
-0.250000,-0.400000,-0.447200
-0.200000,-0.400000,-0.474953
-0.150000,-0.400000,-0.504675
-0.100000,-0.400000,-0.536473
-0.050000,-0.400000,-0.570473
-0.000000,-0.400000,-0.606819
0.050000,-0.400000,-0.568955
0.100000,-0.400000,-0.483296
0.150000,-0.400000,-0.406981
0.200000,-0.400000,-0.338092
0.250000,-0.400000,-0.275330
0.300000,-0.400000,-0.217760
0.350000,-0.400000,-0.164688
0.400000,-0.400000,-0.115579
0.450000,-0.400000,-0.070012
0.500000,-0.400000,-0.027647
0.550000,-0.400000,0.178002
0.600000,-0.400000,0.334435
0.650000,-0.400000,0.457814
0.700000,-0.400000,0.561784
0.750000,-0.400000,0.652454
0.800000,-0.400000,0.733195
0.850000,-0.400000,0.806105
0.900000,-0.400000,0.872594
0.950000,-0.400000,0.933669
1.000000,-0.400000,0.990073
1.050000,-0.400000,1.042379
1.100000,-0.400000,1.091034
1.150000,-0.400000,1.136400
1.200000,-0.400000,1.178771
1.250000,-0.400000,1.218391
1.300000,-0.400000,1.255465
1.350000,-0.400000,1.290166
1.400000,-0.400000,1.322643
1.450000,-0.400000,1.353023
1.500000,-0.400000,1.381418
1.550000,-0.400000,1.407925
1.600000,-0.400000,1.432627
1.650000,-0.400000,1.455600
1.700000,-0.400000,1.476908
1.750000,-0.400000,1.496610
1.800000,-0.400000,1.514757
1.850000,-0.400000,1.531394
1.900000,-0.400000,1.546561
1.950000,-0.400000,1.560293
2.000000,-0.400000,1.572621
2.050000,-0.400000,1.583572
2.100000,-0.400000,1.593170
2.150000,-0.400000,1.601434
2.200000,-0.400000,1.608381
2.250000,-0.400000,1.614026
2.300000,-0.400000,1.618379
2.350000,-0.400000,1.621450
2.400000,-0.400000,1.623244
2.450000,-0.400000,1.623764
2.500000,-0.400000,1.623013
2.550000,-0.400000,1.620987
2.600000,-0.400000,1.617685
2.650000,-0.400000,1.613098
2.700000,-0.400000,1.607217
2.750000,-0.400000,1.600032
2.800000,-0.400000,1.591528
2.850000,-0.400000,1.581686
2.900000,-0.400000,1.570487
2.950000,-0.400000,1.557906
3.000000,-0.400000,1.543916
3.050000,-0.400000,1.528485
3.100000,-0.400000,1.511577
3.150000,-0.400000,1.472243
3.200000,-0.400000,1.360147
3.250000,-0.400000,1.235921
3.300000,-0.400000,1.095445
3.350000,-0.400000,0.931397
3.400000,-0.400000,0.728011
3.450000,-0.400000,0.433013
3.500000,-0.400000,
-3.500000,-0.350000,
-3.450000,-0.350000,0.474342
-3.400000,-0.350000,0.753326
-3.350000,-0.350000,0.951315
-3.300000,-0.350000,1.112430
-3.250000,-0.350000,1.251000
-3.200000,-0.350000,1.373863
-3.150000,-0.350000,1.484924
-3.100000,-0.350000,1.586663
-3.050000,-0.350000,1.680774
-3.000000,-0.350000,1.768474
-2.950000,-0.350000,1.823023
-2.900000,-0.350000,1.808581
-2.850000,-0.350000,1.792251
-2.800000,-0.350000,1.773967
-2.750000,-0.350000,1.753652
-2.700000,-0.350000,1.731216
-2.650000,-0.350000,1.706553
-2.600000,-0.350000,1.679538
-2.550000,-0.350000,1.650024
-2.500000,-0.350000,1.617835
-2.450000,-0.350000,1.582760
-2.400000,-0.350000,1.544543
-2.350000,-0.350000,1.502868
-2.300000,-0.350000,1.481650
-2.250000,-0.350000,1.472308
-2.200000,-0.350000,1.461609
-2.150000,-0.350000,1.449529
-2.100000,-0.350000,1.436042
-2.050000,-0.350000,1.421118
-2.000000,-0.350000,1.404721
-1.950000,-0.350000,1.386812
-1.900000,-0.350000,1.367347
-1.850000,-0.350000,1.346274
-1.800000,-0.350000,1.323536
-1.750000,-0.350000,1.299067
-1.700000,-0.350000,1.272795
-1.650000,-0.350000,1.244634
-1.600000,-0.350000,1.214488
-1.550000,-0.350000,1.182247
-1.500000,-0.350000,1.147784
-1.450000,-0.350000,1.110951
-1.400000,-0.350000,1.071575
-1.350000,-0.350000,1.029452
-1.300000,-0.350000,0.984339
-1.250000,-0.350000,0.935943
-1.200000,-0.350000,0.883905
-1.150000,-0.350000,0.827777
-1.100000,-0.350000,0.766992
-1.050000,-0.350000,0.700808
-1.000000,-0.350000,0.628224
-0.950000,-0.350000,0.547836
-0.900000,-0.350000,0.457559
-0.850000,-0.350000,0.354044
-0.800000,-0.350000,0.231225
-0.750000,-0.350000,0.075586
-0.700000,-0.350000,-0.054548
-0.650000,-0.350000,-0.092279
-0.600000,-0.350000,-0.132836
-0.550000,-0.350000,-0.176473
-0.500000,-0.350000,-0.223503
-0.450000,-0.350000,-0.274308
-0.400000,-0.350000,-0.329372
-0.350000,-0.350000,-0.386659
-0.300000,-0.350000,-0.410599
-0.250000,-0.350000,-0.436316
-0.200000,-0.350000,-0.463891
-0.150000,-0.350000,-0.493416
-0.100000,-0.350000,-0.524996
-0.050000,-0.350000,-0.558753
-0.000000,-0.350000,-0.594827
0.050000,-0.350000,-0.584054
0.100000,-0.350000,-0.523845
0.150000,-0.350000,-0.444463
0.200000,-0.350000,-0.373186
0.250000,-0.350000,-0.308500
0.300000,-0.350000,-0.249346
0.350000,-0.350000,-0.194943
0.400000,-0.350000,-0.144700
0.450000,-0.350000,-0.098154
0.500000,-0.350000,-0.054938
0.550000,-0.350000,0.145164
0.600000,-0.350000,0.309534
0.650000,-0.350000,0.436869
0.700000,-0.350000,0.543303
0.750000,-0.350000,0.635689
0.800000,-0.350000,0.717709
0.850000,-0.350000,0.791616
0.900000,-0.350000,0.858908
0.950000,-0.350000,0.920645
1.000000,-0.350000,0.977606
1.050000,-0.350000,1.030387
1.100000,-0.350000,1.079453
1.150000,-0.350000,1.125177
1.200000,-0.350000,1.167863
1.250000,-0.350000,1.207762
1.300000,-0.350000,1.245084
1.350000,-0.350000,1.280007
1.400000,-0.350000,1.312684
1.450000,-0.350000,1.343244
1.500000,-0.350000,1.371801
1.550000,-0.350000,1.398454
1.600000,-0.350000,1.423289
1.650000,-0.350000,1.446382
1.700000,-0.350000,1.467799
1.750000,-0.350000,1.487599
1.800000,-0.350000,1.505834
1.850000,-0.350000,1.522551
1.900000,-0.350000,1.537789
1.950000,-0.350000,1.551585
2.000000,-0.350000,1.563969
2.050000,-0.350000,1.574970
2.100000,-0.350000,1.584610
2.150000,-0.350000,1.592911
2.200000,-0.350000,1.599889
2.250000,-0.350000,1.605558
2.300000,-0.350000,1.609930
2.350000,-0.350000,1.613014
2.400000,-0.350000,1.614816
2.450000,-0.350000,1.615338
2.500000,-0.350000,1.614584
2.550000,-0.350000,1.612550
2.600000,-0.350000,1.609232
2.650000,-0.350000,1.604626
2.700000,-0.350000,1.598720
2.750000,-0.350000,1.591503
2.800000,-0.350000,1.582961
2.850000,-0.350000,1.573075
2.900000,-0.350000,1.561825
2.950000,-0.350000,1.549187
3.000000,-0.350000,1.535132
3.050000,-0.350000,1.519628
3.100000,-0.350000,1.502639
3.150000,-0.350000,1.484123
3.200000,-0.350000,1.373863
3.250000,-0.350000,1.251000
3.300000,-0.350000,1.112430
3.350000,-0.350000,0.951315
3.400000,-0.350000,0.753326
3.450000,-0.350000,0.474342
3.500000,-0.350000,
-3.500000,-0.300000,
-3.450000,-0.300000,0.507445
-3.400000,-0.300000,0.774597
-3.350000,-0.300000,0.968246
-3.300000,-0.300000,1.126943
-3.250000,-0.300000,1.263922
-3.200000,-0.300000,1.385641
-3.150000,-0.300000,1.495828
-3.100000,-0.300000,1.596872
-3.050000,-0.300000,1.690414
-3.000000,-0.300000,1.777639
-2.950000,-0.300000,1.777511
-2.900000,-0.300000,1.762601
-2.850000,-0.300000,1.745730
-2.800000,-0.300000,1.726824
-2.750000,-0.300000,1.705798
-2.700000,-0.300000,1.682551
-2.650000,-0.300000,1.656964
-2.600000,-0.300000,1.628894
-2.550000,-0.300000,1.598175
-2.500000,-0.300000,1.564602
-2.450000,-0.300000,1.527931
-2.400000,-0.300000,1.487859
-2.350000,-0.300000,1.479394
-2.300000,-0.300000,1.471347
-2.250000,-0.300000,1.461954
-2.200000,-0.300000,1.451196
-2.150000,-0.300000,1.439050
-2.100000,-0.300000,1.425487
-2.050000,-0.300000,1.410478
-2.000000,-0.300000,1.393986
-1.950000,-0.300000,1.375972
-1.900000,-0.300000,1.356389
-1.850000,-0.300000,1.335187
-1.800000,-0.300000,1.312305
-1.750000,-0.300000,1.287678
-1.700000,-0.300000,1.261230
-1.650000,-0.300000,1.232875
-1.600000,-0.300000,1.202514
-1.550000,-0.300000,1.170034
-1.500000,-0.300000,1.135304
-1.450000,-0.300000,1.098173
-1.400000,-0.300000,1.058462
-1.350000,-0.300000,1.015960
-1.300000,-0.300000,0.970417
-1.250000,-0.300000,0.921528
-1.200000,-0.300000,0.868918
-1.150000,-0.300000,0.812121
-1.100000,-0.300000,0.750539
-1.050000,-0.300000,0.683389
-1.000000,-0.300000,0.609605
-0.950000,-0.300000,0.527678
-0.900000,-0.300000,0.435334
-0.850000,-0.300000,0.328846
-0.800000,-0.300000,0.201248
-0.750000,-0.300000,0.035980
-0.700000,-0.300000,-0.083603
-0.650000,-0.300000,-0.122119
-0.600000,-0.300000,-0.163567
-0.550000,-0.300000,-0.208226
-0.500000,-0.300000,-0.256437
-0.450000,-0.300000,-0.308622
-0.400000,-0.300000,-0.355421
-0.350000,-0.300000,-0.377542
-0.300000,-0.300000,-0.401358
-0.250000,-0.300000,-0.426938
-0.200000,-0.300000,-0.454362
-0.150000,-0.300000,-0.483720
-0.100000,-0.300000,-0.515114
-0.050000,-0.300000,-0.548665
-0.000000,-0.300000,-0.584508
0.050000,-0.300000,-0.573860
0.100000,-0.300000,-0.539251
0.150000,-0.300000,-0.485966
0.200000,-0.300000,-0.411850
0.250000,-0.300000,-0.344909
0.300000,-0.300000,-0.283915
0.350000,-0.300000,-0.227978
0.400000,-0.300000,-0.176436
0.450000,-0.300000,-0.128777
0.500000,-0.300000,-0.084594
0.550000,-0.300000,0.104374
0.600000,-0.300000,0.279631
0.650000,-0.300000,0.412036
0.700000,-0.300000,0.521537
0.750000,-0.300000,0.616026
0.800000,-0.300000,0.699595
0.850000,-0.300000,0.774702
0.900000,-0.300000,0.842956
0.950000,-0.300000,0.905482
1.000000,-0.300000,0.963106
1.050000,-0.300000,1.016450
1.100000,-0.300000,1.066002
1.150000,-0.300000,1.112149
1.200000,-0.300000,1.155207
1.250000,-0.300000,1.195434
1.300000,-0.300000,1.233049
1.350000,-0.300000,1.268233
1.400000,-0.300000,1.301144
1.450000,-0.300000,1.331915
1.500000,-0.300000,1.360662
1.550000,-0.300000,1.387487
1.600000,-0.300000,1.412477
1.650000,-0.300000,1.435710
1.700000,-0.300000,1.457254
1.750000,-0.300000,1.477169
1.800000,-0.300000,1.495508
1.850000,-0.300000,1.512318
1.900000,-0.300000,1.527639
1.950000,-0.300000,1.541509
2.000000,-0.300000,1.553960
2.050000,-0.300000,1.565018
2.100000,-0.300000,1.574708
2.150000,-0.300000,1.583052
2.200000,-0.300000,1.590065
2.250000,-0.300000,1.595763
2.300000,-0.300000,1.600157
2.350000,-0.300000,1.603257
2.400000,-0.300000,1.605067
2.450000,-0.300000,1.605593
2.500000,-0.300000,1.604834
2.550000,-0.300000,1.602790
2.600000,-0.300000,1.599456
2.650000,-0.300000,1.594826
2.700000,-0.300000,1.588890
2.750000,-0.300000,1.581637
2.800000,-0.300000,1.573050
2.850000,-0.300000,1.563113
2.900000,-0.300000,1.551804
2.950000,-0.300000,1.539098
3.000000,-0.300000,1.524967
3.050000,-0.300000,1.509378
3.100000,-0.300000,1.492294
3.150000,-0.300000,1.473673
3.200000,-0.300000,1.385641
3.250000,-0.300000,1.263922
3.300000,-0.300000,1.126943
3.350000,-0.300000,0.968246
3.400000,-0.300000,0.774597
3.450000,-0.300000,0.507445
3.500000,-0.300000,
-3.500000,-0.250000,
-3.450000,-0.250000,0.533854
-3.400000,-0.250000,0.792149
-3.350000,-0.250000,0.982344
-3.300000,-0.250000,1.139079
-3.250000,-0.250000,1.274755
-3.200000,-0.250000,1.395529
-3.150000,-0.250000,1.504992
-3.100000,-0.250000,1.605459
-3.050000,-0.250000,1.698529
-3.000000,-0.250000,1.742135
-2.950000,-0.250000,1.728666
-2.900000,-0.250000,1.713219
-2.850000,-0.250000,1.695724
-2.800000,-0.250000,1.676100
-2.750000,-0.250000,1.654251
-2.700000,-0.250000,1.630062
-2.650000,-0.250000,1.603396
-2.600000,-0.250000,1.574090
-2.550000,-0.250000,1.541948
-2.500000,-0.250000,1.506732
-2.450000,-0.250000,1.479967
-2.400000,-0.250000,1.474530
-2.350000,-0.250000,1.467771
-2.300000,-0.250000,1.459675
-2.250000,-0.250000,1.450224
-2.200000,-0.250000,1.439399
-2.150000,-0.250000,1.427176
-2.100000,-0.250000,1.413527
-2.050000,-0.250000,1.398420
-2.000000,-0.250000,1.381820
-1.950000,-0.250000,1.363684
-1.900000,-0.250000,1.343967
-1.850000,-0.250000,1.322615
-1.800000,-0.250000,1.299568
-1.750000,-0.250000,1.274759
-1.700000,-0.250000,1.248109
-1.650000,-0.250000,1.219530
-1.600000,-0.250000,1.188921
-1.550000,-0.250000,1.156165
-1.500000,-0.250000,1.121127
-1.450000,-0.250000,1.083652
-1.400000,-0.250000,1.043553
-1.350000,-0.250000,1.000613
-1.300000,-0.250000,0.954570
-1.250000,-0.250000,0.905106
-1.200000,-0.250000,0.851830
-1.150000,-0.250000,0.794249
-1.100000,-0.250000,0.731732
-1.050000,-0.250000,0.663441
-1.000000,-0.250000,0.588232
-0.950000,-0.250000,0.504461
-0.900000,-0.250000,0.409608
-0.850000,-0.250000,0.299443
-0.800000,-0.250000,0.165719
-0.750000,-0.250000,-0.012970
-0.700000,-0.250000,-0.115037
-0.650000,-0.250000,-0.154439
-0.600000,-0.250000,-0.196899
-0.550000,-0.250000,-0.242723
-0.500000,-0.250000,-0.292287
-0.450000,-0.250000,-0.327433
-0.400000,-0.250000,-0.347836
-0.350000,-0.250000,-0.369864
-0.300000,-0.250000,-0.393576
-0.250000,-0.250000,-0.419042
-0.200000,-0.250000,-0.446340
-0.150000,-0.250000,-0.475558
-0.100000,-0.250000,-0.506798
-0.050000,-0.250000,-0.540177
-0.000000,-0.250000,-0.575829
0.050000,-0.250000,-0.565285
0.100000,-0.250000,-0.530856
0.150000,-0.250000,-0.498627
0.200000,-0.250000,-0.454498
0.250000,-0.250000,-0.384887
0.300000,-0.250000,-0.321739
0.350000,-0.250000,-0.264025
0.400000,-0.250000,-0.210989
0.450000,-0.250000,-0.162055
0.500000,-0.250000,-0.116773
0.550000,-0.250000,0.053174
0.600000,-0.250000,0.243961
0.650000,-0.250000,0.382913
0.700000,-0.250000,0.496230
0.750000,-0.250000,0.593279
0.800000,-0.250000,0.678714
0.850000,-0.250000,0.755251
0.900000,-0.250000,0.824643
0.950000,-0.250000,0.888102
1.000000,-0.250000,0.946503
1.050000,-0.250000,1.000507
1.100000,-0.250000,1.050627
1.150000,-0.250000,1.097267
1.200000,-0.250000,1.140757
1.250000,-0.250000,1.181366
1.300000,-0.250000,1.219320
1.350000,-0.250000,1.254807
1.400000,-0.250000,1.287988
1.450000,-0.250000,1.319003
1.500000,-0.250000,1.347970
1.550000,-0.250000,1.374993
1.600000,-0.250000,1.400162
1.650000,-0.250000,1.423558
1.700000,-0.250000,1.445248
1.750000,-0.250000,1.465296
1.800000,-0.250000,1.483754
1.850000,-0.250000,1.500671
1.900000,-0.250000,1.516089
1.950000,-0.250000,1.530044
2.000000,-0.250000,1.542570
2.050000,-0.250000,1.553695
2.100000,-0.250000,1.563443
2.150000,-0.250000,1.571835
2.200000,-0.250000,1.578890
2.250000,-0.250000,1.584621
2.300000,-0.250000,1.589041
2.350000,-0.250000,1.592158
2.400000,-0.250000,1.593979
2.450000,-0.250000,1.594507
2.500000,-0.250000,1.593744
2.550000,-0.250000,1.591688
2.600000,-0.250000,1.588335
2.650000,-0.250000,1.583678
2.700000,-0.250000,1.577708
2.750000,-0.250000,1.570412
2.800000,-0.250000,1.561775
2.850000,-0.250000,1.551779
2.900000,-0.250000,1.540402
2.950000,-0.250000,1.527619
3.000000,-0.250000,1.513400
3.050000,-0.250000,1.497713
3.100000,-0.250000,1.480520
3.150000,-0.250000,1.461777
3.200000,-0.250000,1.395529
3.250000,-0.250000,1.274755
3.300000,-0.250000,1.139079
3.350000,-0.250000,0.982344
3.400000,-0.250000,0.792149
3.450000,-0.250000,0.533854
3.500000,-0.250000,
-3.500000,-0.200000,
-3.450000,-0.200000,0.554527
-3.400000,-0.200000,0.806226
-3.350000,-0.200000,0.993730
-3.300000,-0.200000,1.148913
-3.250000,-0.200000,1.283550
-3.200000,-0.200000,1.403567
-3.150000,-0.200000,1.512448
-3.100000,-0.200000,1.612452
-3.050000,-0.200000,1.702113
-3.000000,-0.200000,1.690118
-2.950000,-0.200000,1.676117
-2.900000,-0.200000,1.660045
-2.850000,-0.200000,1.641826
-2.800000,-0.200000,1.621364
-2.750000,-0.200000,1.598551
-2.700000,-0.200000,1.573253
-2.650000,-0.200000,1.545310
-2.600000,-0.200000,1.514532
-2.550000,-0.200000,1.480685
-2.500000,-0.200000,1.471192
-2.450000,-0.200000,1.467039
-2.400000,-0.200000,1.461566
-2.350000,-0.200000,1.454760
-2.300000,-0.200000,1.446608
-2.250000,-0.200000,1.437092
-2.200000,-0.200000,1.426191
-2.150000,-0.200000,1.413881
-2.100000,-0.200000,1.400134
-2.050000,-0.200000,1.384916
-2.000000,-0.200000,1.368192
-1.950000,-0.200000,1.349919
-1.900000,-0.200000,1.330049
-1.850000,-0.200000,1.308527
-1.800000,-0.200000,1.285293
-1.750000,-0.200000,1.260275
-1.700000,-0.200000,1.233395
-1.650000,-0.200000,1.204561
-1.600000,-0.200000,1.173669
-1.550000,-0.200000,1.140598
-1.500000,-0.200000,1.105208
-1.450000,-0.200000,1.067338
-1.400000,-0.200000,1.026794
-1.350000,-0.200000,0.983350
-1.300000,-0.200000,0.936731
-1.250000,-0.200000,0.886604
-1.200000,-0.200000,0.832556
-1.150000,-0.200000,0.774065
-1.100000,-0.200000,0.710454
-1.050000,-0.200000,0.640825
-1.000000,-0.200000,0.563929
-0.950000,-0.200000,0.477951
-0.900000,-0.200000,0.380052
-0.850000,-0.200000,0.265310
-0.800000,-0.200000,0.123598
-0.750000,-0.200000,-0.074964
-0.700000,-0.200000,-0.149012
-0.650000,-0.200000,-0.189419
-0.600000,-0.200000,-0.233033
-0.550000,-0.200000,-0.280191
-0.500000,-0.200000,-0.302548
-0.450000,-0.200000,-0.321319
-0.400000,-0.200000,-0.341654
-0.350000,-0.200000,-0.363606
-0.300000,-0.200000,-0.387235
-0.250000,-0.200000,-0.412609
-0.200000,-0.200000,-0.439805
-0.150000,-0.200000,-0.468910
-0.100000,-0.200000,-0.500025
-0.050000,-0.200000,-0.533266
-0.000000,-0.200000,-0.568763
0.050000,-0.200000,-0.558303
0.100000,-0.200000,-0.524020
0.150000,-0.200000,-0.491922
0.200000,-0.200000,-0.461885
0.250000,-0.200000,-0.428850
0.300000,-0.200000,-0.363156
0.350000,-0.200000,-0.303365
0.400000,-0.200000,-0.248598
0.450000,-0.200000,-0.198199
0.500000,-0.200000,-0.151661
0.550000,-0.200000,-0.013269
0.600000,-0.200000,0.201387
0.650000,-0.200000,0.348959
0.700000,-0.200000,0.467048
0.750000,-0.200000,0.567219
0.800000,-0.200000,0.654890
0.850000,-0.200000,0.733125
0.900000,-0.200000,0.803859
0.950000,-0.200000,0.868408
1.000000,-0.200000,0.927715
1.050000,-0.200000,0.982486
1.100000,-0.200000,1.033263
1.150000,-0.200000,1.080473
1.200000,-0.200000,1.124461
1.250000,-0.200000,1.165509
1.300000,-0.200000,1.203852
1.350000,-0.200000,1.239686
1.400000,-0.200000,1.273179
1.450000,-0.200000,1.304472
1.500000,-0.200000,1.333691
1.550000,-0.200000,1.360940
1.600000,-0.200000,1.386314
1.650000,-0.200000,1.409895
1.700000,-0.200000,1.431752
1.750000,-0.200000,1.451950
1.800000,-0.200000,1.470545
1.850000,-0.200000,1.487584
1.900000,-0.200000,1.503111
1.950000,-0.200000,1.517164
2.000000,-0.200000,1.529776
2.050000,-0.200000,1.540977
2.100000,-0.200000,1.550790
2.150000,-0.200000,1.559238
2.200000,-0.200000,1.566339
2.250000,-0.200000,1.572108
2.300000,-0.200000,1.576557
2.350000,-0.200000,1.579694
2.400000,-0.200000,1.581527
2.450000,-0.200000,1.582059
2.500000,-0.200000,1.581291
2.550000,-0.200000,1.579222
2.600000,-0.200000,1.575847
2.650000,-0.200000,1.571159
2.700000,-0.200000,1.565150
2.750000,-0.200000,1.557806
2.800000,-0.200000,1.549111
2.850000,-0.200000,1.539048
2.900000,-0.200000,1.527593
2.950000,-0.200000,1.514722
3.000000,-0.200000,1.500403
3.050000,-0.200000,1.484605
3.100000,-0.200000,1.467287
3.150000,-0.200000,1.448405
3.200000,-0.200000,1.403567
3.250000,-0.200000,1.283550
3.300000,-0.200000,1.148913
3.350000,-0.200000,0.993730
3.400000,-0.200000,0.806226
3.450000,-0.200000,0.554527
3.500000,-0.200000,
-3.500000,-0.150000,
-3.450000,-0.150000,0.570088
-3.400000,-0.150000,0.817007
-3.350000,-0.150000,1.002497
-3.300000,-0.150000,1.156503
-3.250000,-0.150000,1.290349
-3.200000,-0.150000,1.409787
-3.150000,-0.150000,1.518223
-3.100000,-0.150000,1.617869
-3.050000,-0.150000,1.646541
-3.000000,-0.150000,1.634024
-2.950000,-0.150000,1.619400
-2.900000,-0.150000,1.602596
-2.850000,-0.150000,1.583521
-2.800000,-0.150000,1.562069
-2.750000,-0.150000,1.538109
-2.700000,-0.150000,1.511484
-2.650000,-0.150000,1.482006
-2.600000,-0.150000,1.461298
-2.550000,-0.150000,1.459752
-2.500000,-0.150000,1.456890
-2.450000,-0.150000,1.452706
-2.400000,-0.150000,1.447191
-2.350000,-0.150000,1.440334
-2.300000,-0.150000,1.432119
-2.250000,-0.150000,1.422529
-2.200000,-0.150000,1.411543
-2.150000,-0.150000,1.399135
-2.100000,-0.150000,1.385276
-2.050000,-0.150000,1.369934
-2.000000,-0.150000,1.353071
-1.950000,-0.150000,1.334642
-1.900000,-0.150000,1.314599
-1.850000,-0.150000,1.292886
-1.800000,-0.150000,1.269440
-1.750000,-0.150000,1.244187
-1.700000,-0.150000,1.217047
-1.650000,-0.150000,1.187924
-1.600000,-0.150000,1.156710
-1.550000,-0.150000,1.123281
-1.500000,-0.150000,1.087492
-1.450000,-0.150000,1.049172
-1.400000,-0.150000,1.008121
-1.350000,-0.150000,0.964101
-1.300000,-0.150000,0.916823
-1.250000,-0.150000,0.865934
-1.200000,-0.150000,0.810996
-1.150000,-0.150000,0.751450
-1.100000,-0.150000,0.686568
-1.050000,-0.150000,0.615369
-1.000000,-0.150000,0.536479
-0.950000,-0.150000,0.447858
-0.900000,-0.150000,0.346238
-0.850000,-0.150000,0.225725
-0.800000,-0.150000,0.073275
-0.750000,-0.150000,-0.147244
-0.700000,-0.150000,-0.185723
-0.650000,-0.150000,-0.227277
-0.600000,-0.150000,-0.264905
-0.550000,-0.150000,-0.280644
-0.500000,-0.150000,-0.297855
-0.450000,-0.150000,-0.316578
-0.400000,-0.150000,-0.336860
-0.350000,-0.150000,-0.358753
-0.300000,-0.150000,-0.382318
-0.250000,-0.150000,-0.407621
-0.200000,-0.150000,-0.434739
-0.150000,-0.150000,-0.463757
-0.100000,-0.150000,-0.494777
-0.050000,-0.150000,-0.527910
-0.000000,-0.150000,-0.563289
0.050000,-0.150000,-0.552894
0.100000,-0.150000,-0.518723
0.150000,-0.150000,-0.486725
0.200000,-0.150000,-0.456779
0.250000,-0.150000,-0.428780
0.300000,-0.150000,-0.402634
0.350000,-0.150000,-0.346350
0.400000,-0.150000,-0.289562
0.450000,-0.150000,-0.237466
0.500000,-0.150000,-0.189484
0.550000,-0.150000,-0.107595
0.600000,-0.150000,0.150120
0.650000,-0.150000,0.309419
0.700000,-0.150000,0.433554
0.750000,-0.150000,0.537550
0.800000,-0.150000,0.627908
0.850000,-0.150000,0.708155
0.900000,-0.150000,0.780464
0.950000,-0.150000,0.846285
1.000000,-0.150000,0.906644
1.050000,-0.150000,0.962300
1.100000,-0.150000,1.013833
1.150000,-0.150000,1.061697
1.200000,-0.150000,1.106256
1.250000,-0.150000,1.147806
1.300000,-0.150000,1.186593
1.350000,-0.150000,1.222823
1.400000,-0.150000,1.256668
1.450000,-0.150000,1.288279
1.500000,-0.150000,1.317783
1.550000,-0.150000,1.345289
1.600000,-0.150000,1.370895
1.650000,-0.150000,1.394685
1.700000,-0.150000,1.416732
1.750000,-0.150000,1.437100
1.800000,-0.150000,1.455848
1.850000,-0.150000,1.473025
1.900000,-0.150000,1.488676
1.950000,-0.150000,1.502839
2.000000,-0.150000,1.515549
2.050000,-0.150000,1.526834
2.100000,-0.150000,1.536722
2.150000,-0.150000,1.545233
2.200000,-0.150000,1.552386
2.250000,-0.150000,1.558197
2.300000,-0.150000,1.562678
2.350000,-0.150000,1.565839
2.400000,-0.150000,1.567685
2.450000,-0.150000,1.568221
2.500000,-0.150000,1.567447
2.550000,-0.150000,1.565363
2.600000,-0.150000,1.561963
2.650000,-0.150000,1.557242
2.700000,-0.150000,1.551188
2.750000,-0.150000,1.543790
2.800000,-0.150000,1.535030
2.850000,-0.150000,1.524891
2.900000,-0.150000,1.513349
2.950000,-0.150000,1.500378
3.000000,-0.150000,1.485947
3.050000,-0.150000,1.470022
3.100000,-0.150000,1.452564
3.150000,-0.150000,1.433525
3.200000,-0.150000,1.409787
3.250000,-0.150000,1.290349
3.300000,-0.150000,1.156503
3.350000,-0.150000,1.002497
3.400000,-0.150000,0.817007
3.450000,-0.150000,0.570088
3.500000,-0.150000,
-3.500000,-0.100000,
-3.450000,-0.100000,0.580948
-3.400000,-0.100000,0.824621
-3.350000,-0.100000,1.008712
-3.300000,-0.100000,1.161895
-3.250000,-0.100000,1.295183
-3.200000,-0.100000,1.414214
-3.150000,-0.100000,1.522334
-3.100000,-0.100000,1.597407
-3.050000,-0.100000,1.586426
-3.000000,-0.100000,1.573289
-2.950000,-0.100000,1.557924
-2.900000,-0.100000,1.540246
-2.850000,-0.100000,1.520148
-2.800000,-0.100000,1.497502
-2.750000,-0.100000,1.472153
-2.700000,-0.100000,1.444744
-2.650000,-0.100000,1.445833
-2.600000,-0.100000,1.445598
-2.550000,-0.100000,1.444040
-2.500000,-0.100000,1.441154
-2.450000,-0.100000,1.436935
-2.400000,-0.100000,1.431374
-2.350000,-0.100000,1.424458
-2.300000,-0.100000,1.416173
-2.250000,-0.100000,1.406501
-2.200000,-0.100000,1.395419
-2.150000,-0.100000,1.382901
-2.100000,-0.100000,1.368919
-2.050000,-0.100000,1.353437
-2.000000,-0.100000,1.336417
-1.950000,-0.100000,1.317814
-1.900000,-0.100000,1.297578
-1.850000,-0.100000,1.275650
-1.800000,-0.100000,1.251965
-1.750000,-0.100000,1.226448
-1.700000,-0.100000,1.199015
-1.650000,-0.100000,1.169566
-1.600000,-0.100000,1.137991
-1.550000,-0.100000,1.104158
-1.500000,-0.100000,1.067915
-1.450000,-0.100000,1.029086
-1.400000,-0.100000,0.987459
-1.350000,-0.100000,0.942783
-1.300000,-0.100000,0.894752
-1.250000,-0.100000,0.842991
-1.200000,-0.100000,0.787029
-1.150000,-0.100000,0.726264
-1.100000,-0.100000,0.659902
-1.050000,-0.100000,0.586863
-1.000000,-0.100000,0.505607
-0.950000,-0.100000,0.413802
-0.900000,-0.100000,0.307590
-0.850000,-0.100000,0.179650
-0.800000,-0.100000,0.012042
-0.750000,-0.100000,-0.185778
-0.700000,-0.100000,-0.225402
-0.650000,-0.100000,-0.247339
-0.600000,-0.100000,-0.261618
-0.550000,-0.100000,-0.277329
-0.500000,-0.100000,-0.294509
-0.450000,-0.100000,-0.313198
-0.400000,-0.100000,-0.333443
-0.350000,-0.100000,-0.355295
-0.300000,-0.100000,-0.378814
-0.250000,-0.100000,-0.404067
-0.200000,-0.100000,-0.431129
-0.150000,-0.100000,-0.460086
-0.100000,-0.100000,-0.491037
-0.050000,-0.100000,-0.524095
-0.000000,-0.100000,-0.559390
0.050000,-0.100000,-0.549041
0.100000,-0.100000,-0.514949
0.150000,-0.100000,-0.483023
0.200000,-0.100000,-0.453142
0.250000,-0.100000,-0.425201
0.300000,-0.100000,-0.399108
0.350000,-0.100000,-0.374783
0.400000,-0.100000,-0.334247
0.450000,-0.100000,-0.280168
0.500000,-0.100000,-0.230511
0.550000,-0.100000,-0.184757
0.600000,-0.100000,0.087053
0.650000,-0.100000,0.263197
0.700000,-0.100000,0.395161
0.750000,-0.100000,0.503892
0.800000,-0.100000,0.597494
0.850000,-0.100000,0.680133
0.900000,-0.100000,0.754293
0.950000,-0.100000,0.821595
1.000000,-0.100000,0.883172
1.050000,-0.100000,0.939848
1.100000,-0.100000,0.992248
1.150000,-0.100000,1.040860
1.200000,-0.100000,1.086069
1.250000,-0.100000,1.128190
1.300000,-0.100000,1.167481
1.350000,-0.100000,1.204159
1.400000,-0.100000,1.238404
1.450000,-0.100000,1.270373
1.500000,-0.100000,1.300199
1.550000,-0.100000,1.327995
1.600000,-0.100000,1.353862
1.650000,-0.100000,1.377887
1.700000,-0.100000,1.400147
1.750000,-0.100000,1.420707
1.800000,-0.100000,1.439628
1.850000,-0.100000,1.456960
1.900000,-0.100000,1.472749
1.950000,-0.100000,1.487036
2.000000,-0.100000,1.499854
2.050000,-0.100000,1.511235
2.100000,-0.100000,1.521206
2.150000,-0.100000,1.529787
2.200000,-0.100000,1.537000
2.250000,-0.100000,1.542858
2.300000,-0.100000,1.547375
2.350000,-0.100000,1.550561
2.400000,-0.100000,1.552422
2.450000,-0.100000,1.552962
2.500000,-0.100000,1.552183
2.550000,-0.100000,1.550082
2.600000,-0.100000,1.546655
2.650000,-0.100000,1.541895
2.700000,-0.100000,1.535791
2.750000,-0.100000,1.528332
2.800000,-0.100000,1.519500
2.850000,-0.100000,1.509275
2.900000,-0.100000,1.497635
2.950000,-0.100000,1.484553
3.000000,-0.100000,1.469996
3.050000,-0.100000,1.453930
3.100000,-0.100000,1.436313
3.150000,-0.100000,1.417099
3.200000,-0.100000,1.396235
3.250000,-0.100000,1.295183
3.300000,-0.100000,1.161895
3.350000,-0.100000,1.008712
3.400000,-0.100000,0.824621
3.450000,-0.100000,0.580948
3.500000,-0.100000,
-3.500000,-0.050000,
-3.450000,-0.050000,0.587367
-3.400000,-0.050000,0.829156
-3.350000,-0.050000,1.012423
-3.300000,-0.050000,1.165118
-3.250000,-0.050000,1.298075
-3.200000,-0.050000,1.416863
-3.150000,-0.050000,1.524795
-3.100000,-0.050000,1.532654
-3.050000,-0.050000,1.521061
-3.000000,-0.050000,1.507176
-2.950000,-0.050000,1.490915
-2.900000,-0.050000,1.472172
-2.850000,-0.050000,1.450822
-2.800000,-0.050000,1.426707
-2.750000,-0.050000,1.425134
-2.700000,-0.050000,1.427571
-2.650000,-0.050000,1.428669
-2.600000,-0.050000,1.428432
-2.550000,-0.050000,1.426859
-2.500000,-0.050000,1.423947
-2.450000,-0.050000,1.419689
-2.400000,-0.050000,1.414076
-2.350000,-0.050000,1.407096
-2.300000,-0.050000,1.398733
-2.250000,-0.050000,1.388969
-2.200000,-0.050000,1.377780
-2.150000,-0.050000,1.365140
-2.100000,-0.050000,1.351020
-2.050000,-0.050000,1.335382
-2.000000,-0.050000,1.318188
-1.950000,-0.050000,1.299390
-1.900000,-0.050000,1.278937
-1.850000,-0.050000,1.256769
-1.800000,-0.050000,1.232818
-1.750000,-0.050000,1.207005
-1.700000,-0.050000,1.179243
-1.650000,-0.050000,1.149429
-1.600000,-0.050000,1.117446
-1.550000,-0.050000,1.083158
-1.500000,-0.050000,1.046405
-1.450000,-0.050000,1.007000
-1.400000,-0.050000,0.964721
-1.350000,-0.050000,0.919300
-1.300000,-0.050000,0.870411
-1.250000,-0.050000,0.817652
-1.200000,-0.050000,0.760513
-1.150000,-0.050000,0.698337
-1.100000,-0.050000,0.630251
-1.050000,-0.050000,0.555046
-1.000000,-0.050000,0.470968
-0.950000,-0.050000,0.375289
-0.900000,-0.050000,0.263316
-0.850000,-0.050000,0.125512
-0.800000,-0.050000,-0.065361
-0.750000,-0.050000,-0.221023
-0.700000,-0.050000,-0.232518
-0.650000,-0.050000,-0.245384
-0.600000,-0.050000,-0.259648
-0.550000,-0.050000,-0.275343
-0.500000,-0.050000,-0.292505
-0.450000,-0.050000,-0.311174
-0.400000,-0.050000,-0.331396
-0.350000,-0.050000,-0.353224
-0.300000,-0.050000,-0.376716
-0.250000,-0.050000,-0.401938
-0.200000,-0.050000,-0.428967
-0.150000,-0.050000,-0.457887
-0.100000,-0.050000,-0.488798
-0.050000,-0.050000,-0.521811
-0.000000,-0.050000,-0.557056
0.050000,-0.050000,-0.546733
0.100000,-0.050000,-0.512689
0.150000,-0.050000,-0.480806
0.200000,-0.050000,-0.450963
0.250000,-0.050000,-0.423056
0.300000,-0.050000,-0.396995
0.350000,-0.050000,-0.372699
0.400000,-0.050000,-0.350097
0.450000,-0.050000,-0.326695
0.500000,-0.050000,-0.275078
0.550000,-0.050000,-0.227662
0.600000,-0.050000,0.005818
0.650000,-0.050000,0.208612
0.700000,-0.050000,0.351055
0.750000,-0.050000,0.465748
0.800000,-0.050000,0.563304
0.850000,-0.050000,0.648800
0.900000,-0.050000,0.725140
0.950000,-0.050000,0.794171
1.000000,-0.050000,0.857157
1.050000,-0.050000,0.915007
1.100000,-0.050000,0.968401
1.150000,-0.050000,1.017866
1.200000,-0.050000,1.063815
1.250000,-0.050000,1.106583
1.300000,-0.050000,1.146445
1.350000,-0.050000,1.183629
1.400000,-0.050000,1.218325
1.450000,-0.050000,1.250697
1.500000,-0.050000,1.280884
1.550000,-0.050000,1.309006
1.600000,-0.050000,1.335166
1.650000,-0.050000,1.359455
1.700000,-0.050000,1.381953
1.750000,-0.050000,1.402728
1.800000,-0.050000,1.421841
1.850000,-0.050000,1.439346
1.900000,-0.050000,1.455290
1.950000,-0.050000,1.469714
2.000000,-0.050000,1.482655
2.050000,-0.050000,1.494143
2.100000,-0.050000,1.504205
2.150000,-0.050000,1.512865
2.200000,-0.050000,1.520143
2.250000,-0.050000,1.526055
2.300000,-0.050000,1.530613
2.350000,-0.050000,1.533827
2.400000,-0.050000,1.535704
2.450000,-0.050000,1.536249
2.500000,-0.050000,1.535463
2.550000,-0.050000,1.533343
2.600000,-0.050000,1.529885
2.650000,-0.050000,1.525083
2.700000,-0.050000,1.518924
2.750000,-0.050000,1.511397
2.800000,-0.050000,1.502484
2.850000,-0.050000,1.492164
2.900000,-0.050000,1.480415
2.950000,-0.050000,1.467208
3.000000,-0.050000,1.452510
3.050000,-0.050000,1.436286
3.100000,-0.050000,1.418493
3.150000,-0.050000,1.399082
3.200000,-0.050000,1.377999
3.250000,-0.050000,1.298075
3.300000,-0.050000,1.165118
3.350000,-0.050000,1.012423
3.400000,-0.050000,0.829156
3.450000,-0.050000,0.587367
3.500000,-0.050000,
-3.500000,-0.000000,0.000000
-3.450000,-0.000000,0.589491
-3.400000,-0.000000,0.830662
-3.350000,-0.000000,1.013657
-3.300000,-0.000000,1.166190
-3.250000,-0.000000,1.299038
-3.200000,-0.000000,1.417745
-3.150000,-0.000000,1.471813
-3.100000,-0.000000,1.461848
-3.050000,-0.000000,1.449503
-3.000000,-0.000000,1.434695
-2.950000,-0.000000,1.417320
-2.900000,-0.000000,1.397251
-2.850000,-0.000000,1.397427
-2.800000,-0.000000,1.402610
-2.750000,-0.000000,1.406428
-2.700000,-0.000000,1.408889
-2.650000,-0.000000,1.409999
-2.600000,-0.000000,1.409759
-2.550000,-0.000000,1.408171
-2.500000,-0.000000,1.405229
-2.450000,-0.000000,1.400928
-2.400000,-0.000000,1.395258
-2.350000,-0.000000,1.388206
-2.300000,-0.000000,1.379756
-2.250000,-0.000000,1.369889
-2.200000,-0.000000,1.358582
-2.150000,-0.000000,1.345807
-2.100000,-0.000000,1.331533
-2.050000,-0.000000,1.315722
-2.000000,-0.000000,1.298333
-1.950000,-0.000000,1.279319
-1.900000,-0.000000,1.258625
-1.850000,-0.000000,1.236189
-1.800000,-0.000000,1.211940
-1.750000,-0.000000,1.185797
-1.700000,-0.000000,1.157667
-1.650000,-0.000000,1.127444
-1.600000,-0.000000,1.095004
-1.550000,-0.000000,1.060204
-1.500000,-0.000000,1.022876
-1.450000,-0.000000,0.982822
-1.400000,-0.000000,0.939804
-1.350000,-0.000000,0.893536
-1.300000,-0.000000,0.843670
-1.250000,-0.000000,0.789767
-1.200000,-0.000000,0.731273
-1.150000,-0.000000,0.667463
-1.100000,-0.000000,0.597360
-1.050000,-0.000000,0.519590
-1.000000,-0.000000,0.432115
-0.950000,-0.000000,0.331657
-0.900000,-0.000000,0.212278
-0.850000,-0.000000,0.060721
-0.800000,-0.000000,-0.172435
-0.750000,-0.000000,-0.220380
-0.700000,-0.000000,-0.231871
-0.650000,-0.000000,-0.244732
-0.600000,-0.000000,-0.258992
-0.550000,-0.000000,-0.274682
-0.500000,-0.000000,-0.291837
-0.450000,-0.000000,-0.310500
-0.400000,-0.000000,-0.330714
-0.350000,-0.000000,-0.352534
-0.300000,-0.000000,-0.376017
-0.250000,-0.000000,-0.401229
-0.200000,-0.000000,-0.428247
-0.150000,-0.000000,-0.457155
-0.100000,-0.000000,-0.488052
-0.050000,-0.000000,-0.521050
-0.000000,-0.000000,-0.556278
0.050000,-0.000000,-0.545965
0.100000,-0.000000,-0.511936
0.150000,-0.000000,-0.480067
0.200000,-0.000000,-0.450237
0.250000,-0.000000,-0.422342
0.300000,-0.000000,-0.396291
0.350000,-0.000000,-0.372005
0.400000,-0.000000,-0.349411
0.450000,-0.000000,-0.328449
0.500000,-0.000000,-0.309064
0.550000,-0.000000,-0.274237
0.600000,-0.000000,-0.112128
0.650000,-0.000000,0.142846
0.700000,-0.000000,0.300058
0.750000,-0.000000,0.422444
0.800000,-0.000000,0.524889
0.850000,-0.000000,0.613829
0.900000,-0.000000,0.692753
0.950000,-0.000000,0.763809
1.000000,-0.000000,0.828430
1.050000,-0.000000,0.887633
1.100000,-0.000000,0.942166
1.150000,-0.000000,0.992604
1.200000,-0.000000,1.039393
1.250000,-0.000000,1.082895
1.300000,-0.000000,1.123402
1.350000,-0.000000,1.161156
1.400000,-0.000000,1.196359
1.450000,-0.000000,1.229184
1.500000,-0.000000,1.259777
1.550000,-0.000000,1.288262
1.600000,-0.000000,1.314750
1.650000,-0.000000,1.339335
1.700000,-0.000000,1.362098
1.750000,-0.000000,1.383112
1.800000,-0.000000,1.402440
1.850000,-0.000000,1.420138
1.900000,-0.000000,1.436254
1.950000,-0.000000,1.450832
2.000000,-0.000000,1.463907
2.050000,-0.000000,1.475514
2.100000,-0.000000,1.485679
2.150000,-0.000000,1.494427
2.200000,-0.000000,1.501777
2.250000,-0.000000,1.507747
2.300000,-0.000000,1.512350
2.350000,-0.000000,1.515596
2.400000,-0.000000,1.517492
2.450000,-0.000000,1.518043
2.500000,-0.000000,1.517248
2.550000,-0.000000,1.515108
2.600000,-0.000000,1.511616
2.650000,-0.000000,1.506766
2.700000,-0.000000,1.500546
2.750000,-0.000000,1.492943
2.800000,-0.000000,1.483940
2.850000,-0.000000,1.473515
2.900000,-0.000000,1.461644
2.950000,-0.000000,1.448299
3.000000,-0.000000,1.433445
3.050000,-0.000000,1.417045
3.100000,-0.000000,1.399055
3.150000,-0.000000,1.379425
3.200000,-0.000000,1.358098
3.250000,-0.000000,1.299038
3.300000,-0.000000,1.166190
3.350000,-0.000000,1.013657
3.400000,-0.000000,0.830662
3.450000,-0.000000,0.589491
3.500000,-0.000000,0.000000
-3.500000,0.050000,
-3.450000,0.050000,0.587367
-3.400000,0.050000,0.829156
-3.350000,0.050000,1.012423
-3.300000,0.050000,1.165118
-3.250000,0.050000,1.298075
-3.200000,0.050000,1.416863
-3.150000,0.050000,1.524795
-3.100000,0.050000,1.532654
-3.050000,0.050000,1.521061
-3.000000,0.050000,1.507176
-2.950000,0.050000,1.490915
-2.900000,0.050000,1.472172
-2.850000,0.050000,1.450822
-2.800000,0.050000,1.426707
-2.750000,0.050000,1.425134
-2.700000,0.050000,1.427571
-2.650000,0.050000,1.428669
-2.600000,0.050000,1.428432
-2.550000,0.050000,1.426859
-2.500000,0.050000,1.423947
-2.450000,0.050000,1.419689
-2.400000,0.050000,1.414076
-2.350000,0.050000,1.407096
-2.300000,0.050000,1.398733
-2.250000,0.050000,1.388969
-2.200000,0.050000,1.377780
-2.150000,0.050000,1.365140
-2.100000,0.050000,1.351020
-2.050000,0.050000,1.335382
-2.000000,0.050000,1.318188
-1.950000,0.050000,1.299390
-1.900000,0.050000,1.278937
-1.850000,0.050000,1.256769
-1.800000,0.050000,1.232818
-1.750000,0.050000,1.207005
-1.700000,0.050000,1.179243
-1.650000,0.050000,1.149429
-1.600000,0.050000,1.117446
-1.550000,0.050000,1.083158
-1.500000,0.050000,1.046405
-1.450000,0.050000,1.007000
-1.400000,0.050000,0.964721
-1.350000,0.050000,0.919300
-1.300000,0.050000,0.870411
-1.250000,0.050000,0.817652
-1.200000,0.050000,0.760513
-1.150000,0.050000,0.698337
-1.100000,0.050000,0.630251
-1.050000,0.050000,0.555046
-1.000000,0.050000,0.470968
-0.950000,0.050000,0.375289
-0.900000,0.050000,0.263316
-0.850000,0.050000,0.125512
-0.800000,0.050000,-0.065361
-0.750000,0.050000,-0.221023
-0.700000,0.050000,-0.232518
-0.650000,0.050000,-0.245384
-0.600000,0.050000,-0.259648
-0.550000,0.050000,-0.275343
-0.500000,0.050000,-0.292505
-0.450000,0.050000,-0.311174
-0.400000,0.050000,-0.331396
-0.350000,0.050000,-0.353224
-0.300000,0.050000,-0.376716
-0.250000,0.050000,-0.401938
-0.200000,0.050000,-0.428967
-0.150000,0.050000,-0.457887
-0.100000,0.050000,-0.488798
-0.050000,0.050000,-0.521811
-0.000000,0.050000,-0.557056
0.050000,0.050000,-0.546733
0.100000,0.050000,-0.512689
0.150000,0.050000,-0.480806
0.200000,0.050000,-0.450963
0.250000,0.050000,-0.423056
0.300000,0.050000,-0.396995
0.350000,0.050000,-0.372699
0.400000,0.050000,-0.350097
0.450000,0.050000,-0.326695
0.500000,0.050000,-0.275078
0.550000,0.050000,-0.227662
0.600000,0.050000,0.005818
0.650000,0.050000,0.208612
0.700000,0.050000,0.351055
0.750000,0.050000,0.465748
0.800000,0.050000,0.563304
0.850000,0.050000,0.648800
0.900000,0.050000,0.725140
0.950000,0.050000,0.794171
1.000000,0.050000,0.857157
1.050000,0.050000,0.915007
1.100000,0.050000,0.968401
1.150000,0.050000,1.017866
1.200000,0.050000,1.063815
1.250000,0.050000,1.106583
1.300000,0.050000,1.146445
1.350000,0.050000,1.183629
1.400000,0.050000,1.218325
1.450000,0.050000,1.250697
1.500000,0.050000,1.280884
1.550000,0.050000,1.309006
1.600000,0.050000,1.335166
1.650000,0.050000,1.359455
1.700000,0.050000,1.381953
1.750000,0.050000,1.402728
1.800000,0.050000,1.421841
1.850000,0.050000,1.439346
1.900000,0.050000,1.455290
1.950000,0.050000,1.469714
2.000000,0.050000,1.482655
2.050000,0.050000,1.494143
2.100000,0.050000,1.504205
2.150000,0.050000,1.512865
2.200000,0.050000,1.520143
2.250000,0.050000,1.526055
2.300000,0.050000,1.530613
2.350000,0.050000,1.533827
2.400000,0.050000,1.535704
2.450000,0.050000,1.536249
2.500000,0.050000,1.535463
2.550000,0.050000,1.533343
2.600000,0.050000,1.529885
2.650000,0.050000,1.525083
2.700000,0.050000,1.518924
2.750000,0.050000,1.511397
2.800000,0.050000,1.502484
2.850000,0.050000,1.492164
2.900000,0.050000,1.480415
2.950000,0.050000,1.467208
3.000000,0.050000,1.452510
3.050000,0.050000,1.436286
3.100000,0.050000,1.418493
3.150000,0.050000,1.399082
3.200000,0.050000,1.377999
3.250000,0.050000,1.298075
3.300000,0.050000,1.165118
3.350000,0.050000,1.012423
3.400000,0.050000,0.829156
3.450000,0.050000,0.587367
3.500000,0.050000,
-3.500000,0.100000,
-3.450000,0.100000,0.580948
-3.400000,0.100000,0.824621
-3.350000,0.100000,1.008712
-3.300000,0.100000,1.161895
-3.250000,0.100000,1.295183
-3.200000,0.100000,1.414214
-3.150000,0.100000,1.522334
-3.100000,0.100000,1.597407
-3.050000,0.100000,1.586426
-3.000000,0.100000,1.573289
-2.950000,0.100000,1.557924
-2.900000,0.100000,1.540246
-2.850000,0.100000,1.520148
-2.800000,0.100000,1.497502
-2.750000,0.100000,1.472153
-2.700000,0.100000,1.444744
-2.650000,0.100000,1.445833
-2.600000,0.100000,1.445598
-2.550000,0.100000,1.444040
-2.500000,0.100000,1.441154
-2.450000,0.100000,1.436935
-2.400000,0.100000,1.431374
-2.350000,0.100000,1.424458
-2.300000,0.100000,1.416173
-2.250000,0.100000,1.406501
-2.200000,0.100000,1.395419
-2.150000,0.100000,1.382901
-2.100000,0.100000,1.368919
-2.050000,0.100000,1.353437
-2.000000,0.100000,1.336417
-1.950000,0.100000,1.317814
-1.900000,0.100000,1.297578
-1.850000,0.100000,1.275650
-1.800000,0.100000,1.251965
-1.750000,0.100000,1.226448
-1.700000,0.100000,1.199015
-1.650000,0.100000,1.169566
-1.600000,0.100000,1.137991
-1.550000,0.100000,1.104158
-1.500000,0.100000,1.067915
-1.450000,0.100000,1.029086
-1.400000,0.100000,0.987459
-1.350000,0.100000,0.942783
-1.300000,0.100000,0.894752
-1.250000,0.100000,0.842991
-1.200000,0.100000,0.787029
-1.150000,0.100000,0.726264
-1.100000,0.100000,0.659902
-1.050000,0.100000,0.586863
-1.000000,0.100000,0.505607
-0.950000,0.100000,0.413802
-0.900000,0.100000,0.307590
-0.850000,0.100000,0.179650
-0.800000,0.100000,0.012042
-0.750000,0.100000,-0.185778
-0.700000,0.100000,-0.225402
-0.650000,0.100000,-0.247339
-0.600000,0.100000,-0.261618
-0.550000,0.100000,-0.277329
-0.500000,0.100000,-0.294509
-0.450000,0.100000,-0.313198
-0.400000,0.100000,-0.333443
-0.350000,0.100000,-0.355295
-0.300000,0.100000,-0.378814
-0.250000,0.100000,-0.404067
-0.200000,0.100000,-0.431129
-0.150000,0.100000,-0.460086
-0.100000,0.100000,-0.491037
-0.050000,0.100000,-0.524095
-0.000000,0.100000,-0.559390
0.050000,0.100000,-0.549041
0.100000,0.100000,-0.514949
0.150000,0.100000,-0.483023
0.200000,0.100000,-0.453142
0.250000,0.100000,-0.425201
0.300000,0.100000,-0.399108
0.350000,0.100000,-0.374783
0.400000,0.100000,-0.334247
0.450000,0.100000,-0.280168
0.500000,0.100000,-0.230511
0.550000,0.100000,-0.184757
0.600000,0.100000,0.087053
0.650000,0.100000,0.263197
0.700000,0.100000,0.395161
0.750000,0.100000,0.503892
0.800000,0.100000,0.597494
0.850000,0.100000,0.680133
0.900000,0.100000,0.754293
0.950000,0.100000,0.821595
1.000000,0.100000,0.883172
1.050000,0.100000,0.939848
1.100000,0.100000,0.992248
1.150000,0.100000,1.040860
1.200000,0.100000,1.086069
1.250000,0.100000,1.128190
1.300000,0.100000,1.167481
1.350000,0.100000,1.204159
1.400000,0.100000,1.238404
1.450000,0.100000,1.270373
1.500000,0.100000,1.300199
1.550000,0.100000,1.327995
1.600000,0.100000,1.353862
1.650000,0.100000,1.377887
1.700000,0.100000,1.400147
1.750000,0.100000,1.420707
1.800000,0.100000,1.439628
1.850000,0.100000,1.456960
1.900000,0.100000,1.472749
1.950000,0.100000,1.487036
2.000000,0.100000,1.499854
2.050000,0.100000,1.511235
2.100000,0.100000,1.521206
2.150000,0.100000,1.529787
2.200000,0.100000,1.537000
2.250000,0.100000,1.542858
2.300000,0.100000,1.547375
2.350000,0.100000,1.550561
2.400000,0.100000,1.552422
2.450000,0.100000,1.552962
2.500000,0.100000,1.552183
2.550000,0.100000,1.550082
2.600000,0.100000,1.546655
2.650000,0.100000,1.541895
2.700000,0.100000,1.535791
2.750000,0.100000,1.528332
2.800000,0.100000,1.519500
2.850000,0.100000,1.509275
2.900000,0.100000,1.497635
2.950000,0.100000,1.484553
3.000000,0.100000,1.469996
3.050000,0.100000,1.453930
3.100000,0.100000,1.436313
3.150000,0.100000,1.417099
3.200000,0.100000,1.396235
3.250000,0.100000,1.295183
3.300000,0.100000,1.161895
3.350000,0.100000,1.008712
3.400000,0.100000,0.824621
3.450000,0.100000,0.580948
3.500000,0.100000,
-3.500000,0.150000,
-3.450000,0.150000,0.570088
-3.400000,0.150000,0.817007
-3.350000,0.150000,1.002497
-3.300000,0.150000,1.156503
-3.250000,0.150000,1.290349
-3.200000,0.150000,1.409787
-3.150000,0.150000,1.518223
-3.100000,0.150000,1.617869
-3.050000,0.150000,1.646541
-3.000000,0.150000,1.634024
-2.950000,0.150000,1.619400
-2.900000,0.150000,1.602596
-2.850000,0.150000,1.583521
-2.800000,0.150000,1.562069
-2.750000,0.150000,1.538109
-2.700000,0.150000,1.511484
-2.650000,0.150000,1.482006
-2.600000,0.150000,1.461298
-2.550000,0.150000,1.459752
-2.500000,0.150000,1.456890
-2.450000,0.150000,1.452706
-2.400000,0.150000,1.447191
-2.350000,0.150000,1.440334
-2.300000,0.150000,1.432119
-2.250000,0.150000,1.422529
-2.200000,0.150000,1.411543
-2.150000,0.150000,1.399135
-2.100000,0.150000,1.385276
-2.050000,0.150000,1.369934
-2.000000,0.150000,1.353071
-1.950000,0.150000,1.334642
-1.900000,0.150000,1.314599
-1.850000,0.150000,1.292886
-1.800000,0.150000,1.269440
-1.750000,0.150000,1.244187
-1.700000,0.150000,1.217047
-1.650000,0.150000,1.187924
-1.600000,0.150000,1.156710
-1.550000,0.150000,1.123281
-1.500000,0.150000,1.087492
-1.450000,0.150000,1.049172
-1.400000,0.150000,1.008121
-1.350000,0.150000,0.964101
-1.300000,0.150000,0.916823
-1.250000,0.150000,0.865934
-1.200000,0.150000,0.810996
-1.150000,0.150000,0.751450
-1.100000,0.150000,0.686568
-1.050000,0.150000,0.615369
-1.000000,0.150000,0.536479
-0.950000,0.150000,0.447858
-0.900000,0.150000,0.346238
-0.850000,0.150000,0.225725
-0.800000,0.150000,0.073275
-0.750000,0.150000,-0.147244
-0.700000,0.150000,-0.185723
-0.650000,0.150000,-0.227277
-0.600000,0.150000,-0.264905
-0.550000,0.150000,-0.280644
-0.500000,0.150000,-0.297855
-0.450000,0.150000,-0.316578
-0.400000,0.150000,-0.336860
-0.350000,0.150000,-0.358753
-0.300000,0.150000,-0.382318
-0.250000,0.150000,-0.407621
-0.200000,0.150000,-0.434739
-0.150000,0.150000,-0.463757
-0.100000,0.150000,-0.494777
-0.050000,0.150000,-0.527910
-0.000000,0.150000,-0.563289
0.050000,0.150000,-0.552894
0.100000,0.150000,-0.518723
0.150000,0.150000,-0.486725
0.200000,0.150000,-0.456779
0.250000,0.150000,-0.428780
0.300000,0.150000,-0.402634
0.350000,0.150000,-0.346350
0.400000,0.150000,-0.289562
0.450000,0.150000,-0.237466
0.500000,0.150000,-0.189484
0.550000,0.150000,-0.107595
0.600000,0.150000,0.150120
0.650000,0.150000,0.309419
0.700000,0.150000,0.433554
0.750000,0.150000,0.537550
0.800000,0.150000,0.627908
0.850000,0.150000,0.708155
0.900000,0.150000,0.780464
0.950000,0.150000,0.846285
1.000000,0.150000,0.906644
1.050000,0.150000,0.962300
1.100000,0.150000,1.013833
1.150000,0.150000,1.061697
1.200000,0.150000,1.106256
1.250000,0.150000,1.147806
1.300000,0.150000,1.186593
1.350000,0.150000,1.222823
1.400000,0.150000,1.256668
1.450000,0.150000,1.288279
1.500000,0.150000,1.317783
1.550000,0.150000,1.345289
1.600000,0.150000,1.370895
1.650000,0.150000,1.394685
1.700000,0.150000,1.416732
1.750000,0.150000,1.437100
1.800000,0.150000,1.455848
1.850000,0.150000,1.473025
1.900000,0.150000,1.488676
1.950000,0.150000,1.502839
2.000000,0.150000,1.515549
2.050000,0.150000,1.526834
2.100000,0.150000,1.536722
2.150000,0.150000,1.545233
2.200000,0.150000,1.552386
2.250000,0.150000,1.558197
2.300000,0.150000,1.562678
2.350000,0.150000,1.565839
2.400000,0.150000,1.567685
2.450000,0.150000,1.568221
2.500000,0.150000,1.567447
2.550000,0.150000,1.565363
2.600000,0.150000,1.561963
2.650000,0.150000,1.557242
2.700000,0.150000,1.551188
2.750000,0.150000,1.543790
2.800000,0.150000,1.535030
2.850000,0.150000,1.524891
2.900000,0.150000,1.513349
2.950000,0.150000,1.500378
3.000000,0.150000,1.485947
3.050000,0.150000,1.470022
3.100000,0.150000,1.452564
3.150000,0.150000,1.433525
3.200000,0.150000,1.409787
3.250000,0.150000,1.290349
3.300000,0.150000,1.156503
3.350000,0.150000,1.002497
3.400000,0.150000,0.817007
3.450000,0.150000,0.570088
3.500000,0.150000,
-3.500000,0.200000,
-3.450000,0.200000,0.554527
-3.400000,0.200000,0.806226
-3.350000,0.200000,0.993730
-3.300000,0.200000,1.148913
-3.250000,0.200000,1.283550
-3.200000,0.200000,1.403567
-3.150000,0.200000,1.512448
-3.100000,0.200000,1.612452
-3.050000,0.200000,1.702113
-3.000000,0.200000,1.690118
-2.950000,0.200000,1.676117
-2.900000,0.200000,1.660045
-2.850000,0.200000,1.641826
-2.800000,0.200000,1.621364
-2.750000,0.200000,1.598551
-2.700000,0.200000,1.573253
-2.650000,0.200000,1.545310
-2.600000,0.200000,1.514532
-2.550000,0.200000,1.480685
-2.500000,0.200000,1.471192
-2.450000,0.200000,1.467039
-2.400000,0.200000,1.461566
-2.350000,0.200000,1.454760
-2.300000,0.200000,1.446608
-2.250000,0.200000,1.437092
-2.200000,0.200000,1.426191
-2.150000,0.200000,1.413881
-2.100000,0.200000,1.400134
-2.050000,0.200000,1.384916
-2.000000,0.200000,1.368192
-1.950000,0.200000,1.349919
-1.900000,0.200000,1.330049
-1.850000,0.200000,1.308527
-1.800000,0.200000,1.285293
-1.750000,0.200000,1.260275
-1.700000,0.200000,1.233395
-1.650000,0.200000,1.204561
-1.600000,0.200000,1.173669
-1.550000,0.200000,1.140598
-1.500000,0.200000,1.105208
-1.450000,0.200000,1.067338
-1.400000,0.200000,1.026794
-1.350000,0.200000,0.983350
-1.300000,0.200000,0.936731
-1.250000,0.200000,0.886604
-1.200000,0.200000,0.832556
-1.150000,0.200000,0.774065
-1.100000,0.200000,0.710454
-1.050000,0.200000,0.640825
-1.000000,0.200000,0.563929
-0.950000,0.200000,0.477951
-0.900000,0.200000,0.380052
-0.850000,0.200000,0.265310
-0.800000,0.200000,0.123598
-0.750000,0.200000,-0.074964
-0.700000,0.200000,-0.149012
-0.650000,0.200000,-0.189419
-0.600000,0.200000,-0.233033
-0.550000,0.200000,-0.280191
-0.500000,0.200000,-0.302548
-0.450000,0.200000,-0.321319
-0.400000,0.200000,-0.341654
-0.350000,0.200000,-0.363606
-0.300000,0.200000,-0.387235
-0.250000,0.200000,-0.412609
-0.200000,0.200000,-0.439805
-0.150000,0.200000,-0.468910
-0.100000,0.200000,-0.500025
-0.050000,0.200000,-0.533266
-0.000000,0.200000,-0.568763
0.050000,0.200000,-0.558303
0.100000,0.200000,-0.524020
0.150000,0.200000,-0.491922
0.200000,0.200000,-0.461885
0.250000,0.200000,-0.428850
0.300000,0.200000,-0.363156
0.350000,0.200000,-0.303365
0.400000,0.200000,-0.248598
0.450000,0.200000,-0.198199
0.500000,0.200000,-0.151661
0.550000,0.200000,-0.013269
0.600000,0.200000,0.201387
0.650000,0.200000,0.348959
0.700000,0.200000,0.467048
0.750000,0.200000,0.567219
0.800000,0.200000,0.654890
0.850000,0.200000,0.733125
0.900000,0.200000,0.803859
0.950000,0.200000,0.868408
1.000000,0.200000,0.927715
1.050000,0.200000,0.982486
1.100000,0.200000,1.033263
1.150000,0.200000,1.080473
1.200000,0.200000,1.124461
1.250000,0.200000,1.165509
1.300000,0.200000,1.203852
1.350000,0.200000,1.239686
1.400000,0.200000,1.273179
1.450000,0.200000,1.304472
1.500000,0.200000,1.333691
1.550000,0.200000,1.360940
1.600000,0.200000,1.386314
1.650000,0.200000,1.409895
1.700000,0.200000,1.431752
1.750000,0.200000,1.451950
1.800000,0.200000,1.470545
1.850000,0.200000,1.487584
1.900000,0.200000,1.503111
1.950000,0.200000,1.517164
2.000000,0.200000,1.529776
2.050000,0.200000,1.540977
2.100000,0.200000,1.550790
2.150000,0.200000,1.559238
2.200000,0.200000,1.566339
2.250000,0.200000,1.572108
2.300000,0.200000,1.576557
2.350000,0.200000,1.579694
2.400000,0.200000,1.581527
2.450000,0.200000,1.582059
2.500000,0.200000,1.581291
2.550000,0.200000,1.579222
2.600000,0.200000,1.575847
2.650000,0.200000,1.571159
2.700000,0.200000,1.565150
2.750000,0.200000,1.557806
2.800000,0.200000,1.549111
2.850000,0.200000,1.539048
2.900000,0.200000,1.527593
2.950000,0.200000,1.514722
3.000000,0.200000,1.500403
3.050000,0.200000,1.484605
3.100000,0.200000,1.467287
3.150000,0.200000,1.448405
3.200000,0.200000,1.403567
3.250000,0.200000,1.283550
3.300000,0.200000,1.148913
3.350000,0.200000,0.993730
3.400000,0.200000,0.806226
3.450000,0.200000,0.554527
3.500000,0.200000,
-3.500000,0.250000,
-3.450000,0.250000,0.533854
-3.400000,0.250000,0.792149
-3.350000,0.250000,0.982344
-3.300000,0.250000,1.139079
-3.250000,0.250000,1.274755
-3.200000,0.250000,1.395529
-3.150000,0.250000,1.504992
-3.100000,0.250000,1.605459
-3.050000,0.250000,1.698529
-3.000000,0.250000,1.742135
-2.950000,0.250000,1.728666
-2.900000,0.250000,1.713219
-2.850000,0.250000,1.695724
-2.800000,0.250000,1.676100
-2.750000,0.250000,1.654251
-2.700000,0.250000,1.630062
-2.650000,0.250000,1.603396
-2.600000,0.250000,1.574090
-2.550000,0.250000,1.541948
-2.500000,0.250000,1.506732
-2.450000,0.250000,1.479967
-2.400000,0.250000,1.474530
-2.350000,0.250000,1.467771
-2.300000,0.250000,1.459675
-2.250000,0.250000,1.450224
-2.200000,0.250000,1.439399
-2.150000,0.250000,1.427176
-2.100000,0.250000,1.413527
-2.050000,0.250000,1.398420
-2.000000,0.250000,1.381820
-1.950000,0.250000,1.363684
-1.900000,0.250000,1.343967
-1.850000,0.250000,1.322615
-1.800000,0.250000,1.299568
-1.750000,0.250000,1.274759
-1.700000,0.250000,1.248109
-1.650000,0.250000,1.219530
-1.600000,0.250000,1.188921
-1.550000,0.250000,1.156165
-1.500000,0.250000,1.121127
-1.450000,0.250000,1.083652
-1.400000,0.250000,1.043553
-1.350000,0.250000,1.000613
-1.300000,0.250000,0.954570
-1.250000,0.250000,0.905106
-1.200000,0.250000,0.851830
-1.150000,0.250000,0.794249
-1.100000,0.250000,0.731732
-1.050000,0.250000,0.663441
-1.000000,0.250000,0.588232
-0.950000,0.250000,0.504461
-0.900000,0.250000,0.409608
-0.850000,0.250000,0.299443
-0.800000,0.250000,0.165719
-0.750000,0.250000,-0.012970
-0.700000,0.250000,-0.115037
-0.650000,0.250000,-0.154439
-0.600000,0.250000,-0.196899
-0.550000,0.250000,-0.242723
-0.500000,0.250000,-0.292287
-0.450000,0.250000,-0.327433
-0.400000,0.250000,-0.347836
-0.350000,0.250000,-0.369864
-0.300000,0.250000,-0.393576
-0.250000,0.250000,-0.419042
-0.200000,0.250000,-0.446340
-0.150000,0.250000,-0.475558
-0.100000,0.250000,-0.506798
-0.050000,0.250000,-0.540177
-0.000000,0.250000,-0.575829
0.050000,0.250000,-0.565285
0.100000,0.250000,-0.530856
0.150000,0.250000,-0.498627
0.200000,0.250000,-0.454498
0.250000,0.250000,-0.384887
0.300000,0.250000,-0.321739
0.350000,0.250000,-0.264025
0.400000,0.250000,-0.210989
0.450000,0.250000,-0.162055
0.500000,0.250000,-0.116773
0.550000,0.250000,0.053174
0.600000,0.250000,0.243961
0.650000,0.250000,0.382913
0.700000,0.250000,0.496230
0.750000,0.250000,0.593279
0.800000,0.250000,0.678714
0.850000,0.250000,0.755251
0.900000,0.250000,0.824643
0.950000,0.250000,0.888102
1.000000,0.250000,0.946503
1.050000,0.250000,1.000507
1.100000,0.250000,1.050627
1.150000,0.250000,1.097267
1.200000,0.250000,1.140757
1.250000,0.250000,1.181366
1.300000,0.250000,1.219320
1.350000,0.250000,1.254807
1.400000,0.250000,1.287988
1.450000,0.250000,1.319003
1.500000,0.250000,1.347970
1.550000,0.250000,1.374993
1.600000,0.250000,1.400162
1.650000,0.250000,1.423558
1.700000,0.250000,1.445248
1.750000,0.250000,1.465296
1.800000,0.250000,1.483754
1.850000,0.250000,1.500671
1.900000,0.250000,1.516089
1.950000,0.250000,1.530044
2.000000,0.250000,1.542570
2.050000,0.250000,1.553695
2.100000,0.250000,1.563443
2.150000,0.250000,1.571835
2.200000,0.250000,1.578890
2.250000,0.250000,1.584621
2.300000,0.250000,1.589041
2.350000,0.250000,1.592158
2.400000,0.250000,1.593979
2.450000,0.250000,1.594507
2.500000,0.250000,1.593744
2.550000,0.250000,1.591688
2.600000,0.250000,1.588335
2.650000,0.250000,1.583678
2.700000,0.250000,1.577708
2.750000,0.250000,1.570412
2.800000,0.250000,1.561775
2.850000,0.250000,1.551779
2.900000,0.250000,1.540402
2.950000,0.250000,1.527619
3.000000,0.250000,1.513400
3.050000,0.250000,1.497713
3.100000,0.250000,1.480520
3.150000,0.250000,1.461777
3.200000,0.250000,1.395529
3.250000,0.250000,1.274755
3.300000,0.250000,1.139079
3.350000,0.250000,0.982344
3.400000,0.250000,0.792149
3.450000,0.250000,0.533854
3.500000,0.250000,
-3.500000,0.300000,
-3.450000,0.300000,0.507445
-3.400000,0.300000,0.774597
-3.350000,0.300000,0.968246
-3.300000,0.300000,1.126943
-3.250000,0.300000,1.263922
-3.200000,0.300000,1.385641
-3.150000,0.300000,1.495828
-3.100000,0.300000,1.596872
-3.050000,0.300000,1.690414
-3.000000,0.300000,1.777639
-2.950000,0.300000,1.777511
-2.900000,0.300000,1.762601
-2.850000,0.300000,1.745730
-2.800000,0.300000,1.726824
-2.750000,0.300000,1.705798
-2.700000,0.300000,1.682551
-2.650000,0.300000,1.656964
-2.600000,0.300000,1.628894
-2.550000,0.300000,1.598175
-2.500000,0.300000,1.564602
-2.450000,0.300000,1.527931
-2.400000,0.300000,1.487859
-2.350000,0.300000,1.479394
-2.300000,0.300000,1.471347
-2.250000,0.300000,1.461954
-2.200000,0.300000,1.451196
-2.150000,0.300000,1.439050
-2.100000,0.300000,1.425487
-2.050000,0.300000,1.410478
-2.000000,0.300000,1.393986
-1.950000,0.300000,1.375972
-1.900000,0.300000,1.356389
-1.850000,0.300000,1.335187
-1.800000,0.300000,1.312305
-1.750000,0.300000,1.287678
-1.700000,0.300000,1.261230
-1.650000,0.300000,1.232875
-1.600000,0.300000,1.202514
-1.550000,0.300000,1.170034
-1.500000,0.300000,1.135304
-1.450000,0.300000,1.098173
-1.400000,0.300000,1.058462
-1.350000,0.300000,1.015960
-1.300000,0.300000,0.970417
-1.250000,0.300000,0.921528
-1.200000,0.300000,0.868918
-1.150000,0.300000,0.812121
-1.100000,0.300000,0.750539
-1.050000,0.300000,0.683389
-1.000000,0.300000,0.609605
-0.950000,0.300000,0.527678
-0.900000,0.300000,0.435334
-0.850000,0.300000,0.328846
-0.800000,0.300000,0.201248
-0.750000,0.300000,0.035980
-0.700000,0.300000,-0.083603
-0.650000,0.300000,-0.122119
-0.600000,0.300000,-0.163567
-0.550000,0.300000,-0.208226
-0.500000,0.300000,-0.256437
-0.450000,0.300000,-0.308622
-0.400000,0.300000,-0.355421
-0.350000,0.300000,-0.377542
-0.300000,0.300000,-0.401358
-0.250000,0.300000,-0.426938
-0.200000,0.300000,-0.454362
-0.150000,0.300000,-0.483720
-0.100000,0.300000,-0.515114
-0.050000,0.300000,-0.548665
-0.000000,0.300000,-0.584508
0.050000,0.300000,-0.573860
0.100000,0.300000,-0.539251
0.150000,0.300000,-0.485966
0.200000,0.300000,-0.411850
0.250000,0.300000,-0.344909
0.300000,0.300000,-0.283915
0.350000,0.300000,-0.227978
0.400000,0.300000,-0.176436
0.450000,0.300000,-0.128777
0.500000,0.300000,-0.084594
0.550000,0.300000,0.104374
0.600000,0.300000,0.279631
0.650000,0.300000,0.412036
0.700000,0.300000,0.521537
0.750000,0.300000,0.616026
0.800000,0.300000,0.699595
0.850000,0.300000,0.774702
0.900000,0.300000,0.842956
0.950000,0.300000,0.905482
1.000000,0.300000,0.963106
1.050000,0.300000,1.016450
1.100000,0.300000,1.066002
1.150000,0.300000,1.112149
1.200000,0.300000,1.155207
1.250000,0.300000,1.195434
1.300000,0.300000,1.233049
1.350000,0.300000,1.268233
1.400000,0.300000,1.301144
1.450000,0.300000,1.331915
1.500000,0.300000,1.360662
1.550000,0.300000,1.387487
1.600000,0.300000,1.412477
1.650000,0.300000,1.435710
1.700000,0.300000,1.457254
1.750000,0.300000,1.477169
1.800000,0.300000,1.495508
1.850000,0.300000,1.512318
1.900000,0.300000,1.527639
1.950000,0.300000,1.541509
2.000000,0.300000,1.553960
2.050000,0.300000,1.565018
2.100000,0.300000,1.574708
2.150000,0.300000,1.583052
2.200000,0.300000,1.590065
2.250000,0.300000,1.595763
2.300000,0.300000,1.600157
2.350000,0.300000,1.603257
2.400000,0.300000,1.605067
2.450000,0.300000,1.605593
2.500000,0.300000,1.604834
2.550000,0.300000,1.602790
2.600000,0.300000,1.599456
2.650000,0.300000,1.594826
2.700000,0.300000,1.588890
2.750000,0.300000,1.581637
2.800000,0.300000,1.573050
2.850000,0.300000,1.563113
2.900000,0.300000,1.551804
2.950000,0.300000,1.539098
3.000000,0.300000,1.524967
3.050000,0.300000,1.509378
3.100000,0.300000,1.492294
3.150000,0.300000,1.473673
3.200000,0.300000,1.385641
3.250000,0.300000,1.263922
3.300000,0.300000,1.126943
3.350000,0.300000,0.968246
3.400000,0.300000,0.774597
3.450000,0.300000,0.507445
3.500000,0.300000,
-3.500000,0.350000,
-3.450000,0.350000,0.474342
-3.400000,0.350000,0.753326
-3.350000,0.350000,0.951315
-3.300000,0.350000,1.112430
-3.250000,0.350000,1.251000
-3.200000,0.350000,1.373863
-3.150000,0.350000,1.484924
-3.100000,0.350000,1.586663
-3.050000,0.350000,1.680774
-3.000000,0.350000,1.768474
-2.950000,0.350000,1.823023
-2.900000,0.350000,1.808581
-2.850000,0.350000,1.792251
-2.800000,0.350000,1.773967
-2.750000,0.350000,1.753652
-2.700000,0.350000,1.731216
-2.650000,0.350000,1.706553
-2.600000,0.350000,1.679538
-2.550000,0.350000,1.650024
-2.500000,0.350000,1.617835
-2.450000,0.350000,1.582760
-2.400000,0.350000,1.544543
-2.350000,0.350000,1.502868
-2.300000,0.350000,1.481650
-2.250000,0.350000,1.472308
-2.200000,0.350000,1.461609
-2.150000,0.350000,1.449529
-2.100000,0.350000,1.436042
-2.050000,0.350000,1.421118
-2.000000,0.350000,1.404721
-1.950000,0.350000,1.386812
-1.900000,0.350000,1.367347
-1.850000,0.350000,1.346274
-1.800000,0.350000,1.323536
-1.750000,0.350000,1.299067
-1.700000,0.350000,1.272795
-1.650000,0.350000,1.244634
-1.600000,0.350000,1.214488
-1.550000,0.350000,1.182247
-1.500000,0.350000,1.147784
-1.450000,0.350000,1.110951
-1.400000,0.350000,1.071575
-1.350000,0.350000,1.029452
-1.300000,0.350000,0.984339
-1.250000,0.350000,0.935943
-1.200000,0.350000,0.883905
-1.150000,0.350000,0.827777
-1.100000,0.350000,0.766992
-1.050000,0.350000,0.700808
-1.000000,0.350000,0.628224
-0.950000,0.350000,0.547836
-0.900000,0.350000,0.457559
-0.850000,0.350000,0.354044
-0.800000,0.350000,0.231225
-0.750000,0.350000,0.075586
-0.700000,0.350000,-0.054548
-0.650000,0.350000,-0.092279
-0.600000,0.350000,-0.132836
-0.550000,0.350000,-0.176473
-0.500000,0.350000,-0.223503
-0.450000,0.350000,-0.274308
-0.400000,0.350000,-0.329372
-0.350000,0.350000,-0.386659
-0.300000,0.350000,-0.410599
-0.250000,0.350000,-0.436316
-0.200000,0.350000,-0.463891
-0.150000,0.350000,-0.493416
-0.100000,0.350000,-0.524996
-0.050000,0.350000,-0.558753
-0.000000,0.350000,-0.594827
0.050000,0.350000,-0.584054
0.100000,0.350000,-0.523845
0.150000,0.350000,-0.444463
0.200000,0.350000,-0.373186
0.250000,0.350000,-0.308500
0.300000,0.350000,-0.249346
0.350000,0.350000,-0.194943
0.400000,0.350000,-0.144700
0.450000,0.350000,-0.098154
0.500000,0.350000,-0.054938
0.550000,0.350000,0.145164
0.600000,0.350000,0.309534
0.650000,0.350000,0.436869
0.700000,0.350000,0.543303
0.750000,0.350000,0.635689
0.800000,0.350000,0.717709
0.850000,0.350000,0.791616
0.900000,0.350000,0.858908
0.950000,0.350000,0.920645
1.000000,0.350000,0.977606
1.050000,0.350000,1.030387
1.100000,0.350000,1.079453
1.150000,0.350000,1.125177
1.200000,0.350000,1.167863
1.250000,0.350000,1.207762
1.300000,0.350000,1.245084
1.350000,0.350000,1.280007
1.400000,0.350000,1.312684
1.450000,0.350000,1.343244
1.500000,0.350000,1.371801
1.550000,0.350000,1.398454
1.600000,0.350000,1.423289
1.650000,0.350000,1.446382
1.700000,0.350000,1.467799
1.750000,0.350000,1.487599
1.800000,0.350000,1.505834
1.850000,0.350000,1.522551
1.900000,0.350000,1.537789
1.950000,0.350000,1.551585
2.000000,0.350000,1.563969
2.050000,0.350000,1.574970
2.100000,0.350000,1.584610
2.150000,0.350000,1.592911
2.200000,0.350000,1.599889
2.250000,0.350000,1.605558
2.300000,0.350000,1.609930
2.350000,0.350000,1.613014
2.400000,0.350000,1.614816
2.450000,0.350000,1.615338
2.500000,0.350000,1.614584
2.550000,0.350000,1.612550
2.600000,0.350000,1.609232
2.650000,0.350000,1.604626
2.700000,0.350000,1.598720
2.750000,0.350000,1.591503
2.800000,0.350000,1.582961
2.850000,0.350000,1.573075
2.900000,0.350000,1.561825
2.950000,0.350000,1.549187
3.000000,0.350000,1.535132
3.050000,0.350000,1.519628
3.100000,0.350000,1.502639
3.150000,0.350000,1.484123
3.200000,0.350000,1.373863
3.250000,0.350000,1.251000
3.300000,0.350000,1.112430
3.350000,0.350000,0.951315
3.400000,0.350000,0.753326
3.450000,0.350000,0.474342
3.500000,0.350000,
-3.500000,0.400000,
-3.450000,0.400000,0.433013
-3.400000,0.400000,0.728011
-3.350000,0.400000,0.931397
-3.300000,0.400000,1.095445
-3.250000,0.400000,1.235921
-3.200000,0.400000,1.360147
-3.150000,0.400000,1.472243
-3.100000,0.400000,1.574802
-3.050000,0.400000,1.669581
-3.000000,0.400000,1.757840
-2.950000,0.400000,1.840516
-2.900000,0.400000,1.851473
-2.850000,0.400000,1.835617
-2.800000,0.400000,1.817876
-2.750000,0.400000,1.798181
-2.700000,0.400000,1.776450
-2.650000,0.400000,1.752588
-2.600000,0.400000,1.726483
-2.550000,0.400000,1.698004
-2.500000,0.400000,1.666997
-2.450000,0.400000,1.633275
-2.400000,0.400000,1.596619
-2.350000,0.400000,1.556758
-2.300000,0.400000,1.513360
-2.250000,0.400000,1.481308
-2.200000,0.400000,1.470659
-2.150000,0.400000,1.458637
-2.100000,0.400000,1.445215
-2.050000,0.400000,1.430364
-2.000000,0.400000,1.414048
-1.950000,0.400000,1.396231
-1.900000,0.400000,1.376866
-1.850000,0.400000,1.355904
-1.800000,0.400000,1.333289
-1.750000,0.400000,1.308957
-1.700000,0.400000,1.282835
-1.650000,0.400000,1.254841
-1.600000,0.400000,1.224879
-1.550000,0.400000,1.192843
-1.500000,0.400000,1.158608
-1.450000,0.400000,1.122030
-1.400000,0.400000,1.082939
-1.350000,0.400000,1.041139
-1.300000,0.400000,0.996392
-1.250000,0.400000,0.948415
-1.200000,0.400000,0.896861
-1.150000,0.400000,0.841300
-1.100000,0.400000,0.781186
-1.050000,0.400000,0.715811
-1.000000,0.400000,0.644229
-0.950000,0.400000,0.565117
-0.900000,0.400000,0.476537
-0.850000,0.400000,0.375423
-0.800000,0.400000,0.256365
-0.750000,0.400000,0.107865
-0.700000,0.400000,-0.027731
-0.650000,0.400000,-0.064767
-0.600000,0.400000,-0.104535
-0.550000,0.400000,-0.147273
-0.500000,0.400000,-0.193267
-0.450000,0.400000,-0.242869
-0.400000,0.400000,-0.296518
-0.350000,0.400000,-0.354772
-0.300000,0.400000,-0.418362
-0.250000,0.400000,-0.447200
-0.200000,0.400000,-0.474953
-0.150000,0.400000,-0.504675
-0.100000,0.400000,-0.536473
-0.050000,0.400000,-0.570473
-0.000000,0.400000,-0.606819
0.050000,0.400000,-0.568955
0.100000,0.400000,-0.483296
0.150000,0.400000,-0.406981
0.200000,0.400000,-0.338092
0.250000,0.400000,-0.275330
0.300000,0.400000,-0.217760
0.350000,0.400000,-0.164688
0.400000,0.400000,-0.115579
0.450000,0.400000,-0.070012
0.500000,0.400000,-0.027647
0.550000,0.400000,0.178002
0.600000,0.400000,0.334435
0.650000,0.400000,0.457814
0.700000,0.400000,0.561784
0.750000,0.400000,0.652454
0.800000,0.400000,0.733195
0.850000,0.400000,0.806105
0.900000,0.400000,0.872594
0.950000,0.400000,0.933669
1.000000,0.400000,0.990073
1.050000,0.400000,1.042379
1.100000,0.400000,1.091034
1.150000,0.400000,1.136400
1.200000,0.400000,1.178771
1.250000,0.400000,1.218391
1.300000,0.400000,1.255465
1.350000,0.400000,1.290166
1.400000,0.400000,1.322643
1.450000,0.400000,1.353023
1.500000,0.400000,1.381418
1.550000,0.400000,1.407925
1.600000,0.400000,1.432627
1.650000,0.400000,1.455600
1.700000,0.400000,1.476908
1.750000,0.400000,1.496610
1.800000,0.400000,1.514757
1.850000,0.400000,1.531394
1.900000,0.400000,1.546561
1.950000,0.400000,1.560293
2.000000,0.400000,1.572621
2.050000,0.400000,1.583572
2.100000,0.400000,1.593170
2.150000,0.400000,1.601434
2.200000,0.400000,1.608381
2.250000,0.400000,1.614026
2.300000,0.400000,1.618379
2.350000,0.400000,1.621450
2.400000,0.400000,1.623244
2.450000,0.400000,1.623764
2.500000,0.400000,1.623013
2.550000,0.400000,1.620987
2.600000,0.400000,1.617685
2.650000,0.400000,1.613098
2.700000,0.400000,1.607217
2.750000,0.400000,1.600032
2.800000,0.400000,1.591528
2.850000,0.400000,1.581686
2.900000,0.400000,1.570487
2.950000,0.400000,1.557906
3.000000,0.400000,1.543916
3.050000,0.400000,1.528485
3.100000,0.400000,1.511577
3.150000,0.400000,1.472243
3.200000,0.400000,1.360147
3.250000,0.400000,1.235921
3.300000,0.400000,1.095445
3.350000,0.400000,0.931397
3.400000,0.400000,0.728011
3.450000,0.400000,0.433013
3.500000,0.400000,
-3.500000,0.450000,
-3.450000,0.450000,0.380789
-3.400000,0.450000,0.698212
-3.350000,0.450000,0.908295
-3.300000,0.450000,1.075872
-3.250000,0.450000,1.218606
-3.200000,0.450000,1.344433
-3.150000,0.450000,1.457738
-3.100000,0.450000,1.561249
-3.050000,0.450000,1.656804
-3.000000,0.450000,1.745709
-2.950000,0.450000,1.828934
-2.900000,0.450000,1.891535
-2.850000,0.450000,1.876098
-2.800000,0.450000,1.858836
-2.750000,0.450000,1.839686
-2.700000,0.450000,1.818573
-2.650000,0.450000,1.795411
-2.600000,0.450000,1.770098
-2.550000,0.450000,1.742518
-2.500000,0.450000,1.712530
-2.450000,0.450000,1.679972
-2.400000,0.450000,1.644647
-2.350000,0.450000,1.606322
-2.300000,0.450000,1.564709
-2.250000,0.450000,1.519456
-2.200000,0.450000,1.478367
-2.150000,0.450000,1.466393
-2.100000,0.450000,1.453026
-2.050000,0.450000,1.438236
-2.000000,0.450000,1.421990
-1.950000,0.450000,1.404249
-1.900000,0.450000,1.384969
-1.850000,0.450000,1.364101
-1.800000,0.450000,1.341590
-1.750000,0.450000,1.317373
-1.700000,0.450000,1.291377
-1.650000,0.450000,1.263523
-1.600000,0.450000,1.233717
-1.550000,0.450000,1.201853
-1.500000,0.450000,1.167809
-1.450000,0.450000,1.131444
-1.400000,0.450000,1.092593
-1.350000,0.450000,1.051063
-1.300000,0.450000,1.006622
-1.250000,0.450000,0.958995
-1.200000,0.450000,0.907844
-1.150000,0.450000,0.852754
-1.100000,0.450000,0.793197
-1.050000,0.450000,0.728492
-1.000000,0.450000,0.657734
-0.950000,0.450000,0.579667
-0.900000,0.450000,0.492465
-0.850000,0.450000,0.393277
-0.800000,0.450000,0.277174
-0.750000,0.450000,0.134047
-0.700000,0.450000,-0.003034
-0.650000,0.450000,-0.039452
-0.600000,0.450000,-0.078522
-0.550000,0.450000,-0.120465
-0.500000,0.450000,-0.165549
-0.450000,0.450000,-0.214098
-0.400000,0.450000,-0.266515
-0.350000,0.450000,-0.323309
-0.300000,0.450000,-0.385135
-0.250000,0.450000,-0.452868
-0.200000,0.450000,-0.487578
-0.150000,0.450000,-0.517527
-0.100000,0.450000,-0.549579
-0.050000,0.450000,-0.583861
-0.000000,0.450000,-0.620522
0.050000,0.450000,-0.529131
0.100000,0.450000,-0.446849
0.150000,0.450000,-0.373101
0.200000,0.450000,-0.306242
0.250000,0.450000,-0.245131
0.300000,0.450000,-0.188933
0.350000,0.450000,-0.137021
0.400000,0.450000,-0.088907
0.450000,0.450000,-0.044201
0.500000,0.450000,-0.002588
0.550000,0.450000,0.204325
0.600000,0.450000,0.354870
0.650000,0.450000,0.475168
0.700000,0.450000,0.577176
0.750000,0.450000,0.666463
0.800000,0.450000,0.746165
0.850000,0.450000,0.818260
0.900000,0.450000,0.884090
0.950000,0.450000,0.944619
1.000000,0.450000,1.000563
1.050000,0.450000,1.052475
1.100000,0.450000,1.100790
1.150000,0.450000,1.145858
1.200000,0.450000,1.187967
1.250000,0.450000,1.227355
1.300000,0.450000,1.264222
1.350000,0.450000,1.298738
1.400000,0.450000,1.331048
1.450000,0.450000,1.361279
1.500000,0.450000,1.389539
1.550000,0.450000,1.415923
1.600000,0.450000,1.440514
1.650000,0.450000,1.463386
1.700000,0.450000,1.484604
1.750000,0.450000,1.504224
1.800000,0.450000,1.522297
1.850000,0.450000,1.538867
1.900000,0.450000,1.553974
1.950000,0.450000,1.567653
2.000000,0.450000,1.579934
2.050000,0.450000,1.590843
2.100000,0.450000,1.600405
2.150000,0.450000,1.608638
2.200000,0.450000,1.615560
2.250000,0.450000,1.621184
2.300000,0.450000,1.625522
2.350000,0.450000,1.628581
2.400000,0.450000,1.630368
2.450000,0.450000,1.630887
2.500000,0.450000,1.630138
2.550000,0.450000,1.628120
2.600000,0.450000,1.624829
2.650000,0.450000,1.620259
2.700000,0.450000,1.614400
2.750000,0.450000,1.607242
2.800000,0.450000,1.598769
2.850000,0.450000,1.588964
2.900000,0.450000,1.577807
2.950000,0.450000,1.565275
3.000000,0.450000,1.551339
3.050000,0.450000,1.535969
3.100000,0.450000,1.519129
3.150000,0.450000,1.457738
3.200000,0.450000,1.344433
3.250000,0.450000,1.218606
3.300000,0.450000,1.075872
3.350000,0.450000,0.908295
3.400000,0.450000,0.698212
3.450000,0.450000,0.380789
3.500000,0.450000,
-3.500000,0.500000,
-3.450000,0.500000,0.312250
-3.400000,0.500000,0.663325
-3.350000,0.500000,0.881760
-3.300000,0.500000,1.053565
-3.250000,0.500000,1.198958
-3.200000,0.500000,1.326650
-3.150000,0.500000,1.441354
-3.100000,0.500000,1.545962
-3.050000,0.500000,1.642407
-3.000000,0.500000,1.732051
-2.950000,0.500000,1.815902
-2.900000,0.500000,1.894730
-2.850000,0.500000,1.913920
-2.800000,0.500000,1.897082
-2.750000,0.500000,1.878414
-2.700000,0.500000,1.857847
-2.650000,0.500000,1.835301
-2.600000,0.500000,1.810684
-2.550000,0.500000,1.783890
-2.500000,0.500000,1.754791
-2.450000,0.500000,1.723242
-2.400000,0.500000,1.689067
-2.350000,0.500000,1.652059
-2.300000,0.500000,1.611966
-2.250000,0.500000,1.568482
-2.200000,0.500000,1.521226
-2.150000,0.500000,1.472813
-2.100000,0.500000,1.459492
-2.050000,0.500000,1.444753
-2.000000,0.500000,1.428563
-1.950000,0.500000,1.410884
-1.900000,0.500000,1.391674
-1.850000,0.500000,1.370884
-1.800000,0.500000,1.348458
-1.750000,0.500000,1.324335
-1.700000,0.500000,1.298443
-1.650000,0.500000,1.270703
-1.600000,0.500000,1.241024
-1.550000,0.500000,1.209301
-1.500000,0.500000,1.175414
-1.450000,0.500000,1.139224
-1.400000,0.500000,1.100569
-1.350000,0.500000,1.059259
-1.300000,0.500000,1.015068
-1.250000,0.500000,0.967726
-1.200000,0.500000,0.916903
-1.150000,0.500000,0.862195
-1.100000,0.500000,0.803089
-1.050000,0.500000,0.738926
-1.000000,0.500000,0.668831
-0.950000,0.500000,0.591602
-0.900000,0.500000,0.505496
-0.850000,0.500000,0.407828
-0.800000,0.500000,0.294018
-0.750000,0.500000,0.154931
-0.700000,0.500000,0.019645
-0.650000,0.500000,-0.016224
-0.600000,0.500000,-0.054675
-0.550000,0.500000,-0.095916
-0.500000,0.500000,-0.140197
-0.450000,0.500000,-0.187822
-0.400000,0.500000,-0.239164
-0.350000,0.500000,-0.294689
-0.300000,0.500000,-0.354996
-0.250000,0.500000,-0.420870
-0.200000,0.500000,-0.493384
-0.150000,0.500000,-0.532012
-0.100000,0.500000,-0.564354
-0.050000,0.500000,-0.598959
-0.000000,0.500000,-0.583070
0.050000,0.500000,-0.493546
0.100000,0.500000,-0.414073
0.150000,0.500000,-0.342495
0.200000,0.500000,-0.277373
0.250000,0.500000,-0.217686
0.300000,0.500000,-0.162681
0.350000,0.500000,-0.111784
0.400000,0.500000,-0.064542
0.450000,0.500000,-0.020595
0.500000,0.500000,0.020352
0.550000,0.500000,0.225041
0.600000,0.500000,0.371225
0.650000,0.500000,0.489158
0.700000,0.500000,0.589635
0.750000,0.500000,0.677831
0.800000,0.500000,0.756708
0.850000,0.500000,0.828153
0.900000,0.500000,0.893457
0.950000,0.500000,0.953548
1.000000,0.500000,1.009122
1.050000,0.500000,1.060717
1.100000,0.500000,1.108758
1.150000,0.500000,1.153586
1.200000,0.500000,1.195483
1.250000,0.500000,1.234683
1.300000,0.500000,1.271382
1.350000,0.500000,1.305748
1.400000,0.500000,1.337924
1.450000,0.500000,1.368033
1.500000,0.500000,1.396183
1.550000,0.500000,1.422468
1.600000,0.500000,1.446969
1.650000,0.500000,1.469760
1.700000,0.500000,1.490904
1.750000,0.500000,1.510457
1.800000,0.500000,1.528469
1.850000,0.500000,1.544985
1.900000,0.500000,1.560044
1.950000,0.500000,1.573679
2.000000,0.500000,1.585922
2.050000,0.500000,1.596798
2.100000,0.500000,1.606330
2.150000,0.500000,1.614539
2.200000,0.500000,1.621439
2.250000,0.500000,1.627047
2.300000,0.500000,1.631371
2.350000,0.500000,1.634422
2.400000,0.500000,1.636204
2.450000,0.500000,1.636721
2.500000,0.500000,1.635974
2.550000,0.500000,1.633962
2.600000,0.500000,1.630681
2.650000,0.500000,1.626125
2.700000,0.500000,1.620283
2.750000,0.500000,1.613146
2.800000,0.500000,1.604699
2.850000,0.500000,1.594924
2.900000,0.500000,1.583802
2.950000,0.500000,1.571309
3.000000,0.500000,1.557418
3.050000,0.500000,1.542097
3.100000,0.500000,1.525313
3.150000,0.500000,1.441354
3.200000,0.500000,1.326650
3.250000,0.500000,1.198958
3.300000,0.500000,1.053565
3.350000,0.500000,0.881760
3.400000,0.500000,0.663325
3.450000,0.500000,0.312250
3.500000,0.500000,
-3.500000,0.550000,
-3.450000,0.550000,0.212132
-3.400000,0.550000,0.622495
-3.350000,0.550000,0.851469
-3.300000,0.550000,1.028348
-3.250000,0.550000,1.176860
-3.200000,0.550000,1.306713
-3.150000,0.550000,1.423025
-3.100000,0.550000,1.528888
-3.050000,0.550000,1.626346
-3.000000,0.550000,1.716828
-2.950000,0.550000,1.801388
-2.900000,0.550000,1.880824
-2.850000,0.550000,1.949272
-2.800000,0.550000,1.932813
-2.750000,0.550000,1.914573
-2.700000,0.550000,1.894491
-2.650000,0.550000,1.872491
-2.600000,0.550000,1.848489
-2.550000,0.550000,1.822386
-2.500000,0.550000,1.794069
-2.450000,0.550000,1.763402
-2.400000,0.550000,1.730228
-2.350000,0.550000,1.694361
-2.300000,0.550000,1.655577
-2.250000,0.550000,1.613606
-2.200000,0.550000,1.568115
-2.150000,0.550000,1.518690
-2.100000,0.550000,1.464805
-2.050000,0.550000,1.449927
-2.000000,0.550000,1.433782
-1.950000,0.550000,1.416153
-1.900000,0.550000,1.396998
-1.850000,0.550000,1.376268
-1.800000,0.550000,1.353910
-1.750000,0.550000,1.329860
-1.700000,0.550000,1.304051
-1.650000,0.550000,1.276401
-1.600000,0.550000,1.246822
-1.550000,0.550000,1.215210
-1.500000,0.550000,1.181446
-1.450000,0.550000,1.145393
-1.400000,0.550000,1.106892
-1.350000,0.550000,1.065755
-1.300000,0.550000,1.021760
-1.250000,0.550000,0.974641
-1.200000,0.550000,0.924076
-1.150000,0.550000,0.869666
-1.100000,0.550000,0.810912
-1.050000,0.550000,0.747171
-1.000000,0.550000,0.677592
-0.950000,0.550000,0.601010
-0.900000,0.550000,0.515749
-0.850000,0.550000,0.419242
-0.800000,0.550000,0.307164
-0.750000,0.550000,0.171058
-0.700000,0.550000,0.040393
-0.650000,0.550000,0.005012
-0.600000,0.550000,-0.032890
-0.550000,0.550000,-0.073509
-0.500000,0.550000,-0.117084
-0.450000,0.550000,-0.163897
-0.400000,0.550000,-0.214298
-0.350000,0.550000,-0.268719
-0.300000,0.550000,-0.327712
-0.250000,0.550000,-0.391992
-0.200000,0.550000,-0.462524
-0.150000,0.550000,-0.540656
-0.100000,0.550000,-0.580845
-0.050000,0.550000,-0.615818
-0.000000,0.550000,-0.548125
0.050000,0.550000,-0.461745
0.100000,0.550000,-0.384630
0.150000,0.550000,-0.314899
0.200000,0.550000,-0.251269
0.250000,0.550000,-0.192816
0.300000,0.550000,-0.138850
0.350000,0.550000,-0.088840
0.400000,0.550000,-0.042365
0.450000,0.550000,0.000913
0.500000,0.550000,0.041930
0.550000,0.550000,0.240749
0.600000,0.550000,0.383774
0.650000,0.550000,0.499950
0.700000,0.550000,0.599276
0.750000,0.550000,0.686645
0.800000,0.550000,0.764894
0.850000,0.550000,0.835843
0.900000,0.550000,0.900742
0.950000,0.550000,0.960497
1.000000,0.550000,1.015787
1.050000,0.550000,1.067138
1.100000,0.550000,1.114966
1.150000,0.550000,1.159609
1.200000,0.550000,1.201343
1.250000,0.550000,1.240398
1.300000,0.550000,1.276968
1.350000,0.550000,1.311217
1.400000,0.550000,1.343289
1.450000,0.550000,1.373304
1.500000,0.550000,1.401368
1.550000,0.550000,1.427576
1.600000,0.550000,1.452008
1.650000,0.550000,1.474735
1.700000,0.550000,1.495822
1.750000,0.550000,1.515323
1.800000,0.550000,1.533289
1.850000,0.550000,1.549763
1.900000,0.550000,1.564784
1.950000,0.550000,1.578385
2.000000,0.550000,1.590598
2.050000,0.550000,1.601448
2.100000,0.550000,1.610958
2.150000,0.550000,1.619146
2.200000,0.550000,1.626031
2.250000,0.550000,1.631625
2.300000,0.550000,1.635940
2.350000,0.550000,1.638983
2.400000,0.550000,1.640761
2.450000,0.550000,1.641277
2.500000,0.550000,1.640533
2.550000,0.550000,1.638525
2.600000,0.550000,1.635252
2.650000,0.550000,1.630705
2.700000,0.550000,1.624878
2.750000,0.550000,1.617758
2.800000,0.550000,1.609330
2.850000,0.550000,1.599579
2.900000,0.550000,1.588484
2.950000,0.550000,1.576021
3.000000,0.550000,1.562164
3.050000,0.550000,1.546882
3.100000,0.550000,1.528888
3.150000,0.550000,1.423025
3.200000,0.550000,1.306713
3.250000,0.550000,1.176860
3.300000,0.550000,1.028348
3.350000,0.550000,0.851469
3.400000,0.550000,0.622495
3.450000,0.550000,0.212132
3.500000,0.550000,
-3.500000,0.600000,
-3.450000,0.600000,
-3.400000,0.600000,0.574456
-3.350000,0.600000,0.817007
-3.300000,0.600000,1.000000
-3.250000,0.600000,1.152172
-3.200000,0.600000,1.284523
-3.150000,0.600000,1.402676
-3.100000,0.600000,1.509967
-3.050000,0.600000,1.608571
-3.000000,0.600000,1.700000
-2.950000,0.600000,1.785357
-2.900000,0.600000,1.865476
-2.850000,0.600000,1.941005
-2.800000,0.600000,1.966195
-2.750000,0.600000,1.948339
-2.700000,0.600000,1.928688
-2.650000,0.600000,1.907174
-2.600000,0.600000,1.883718
-2.550000,0.600000,1.858229
-2.500000,0.600000,1.830601
-2.450000,0.600000,1.800712
-2.400000,0.600000,1.768417
-2.350000,0.600000,1.733547
-2.300000,0.600000,1.695900
-2.250000,0.600000,1.655235
-2.200000,0.600000,1.611257
-2.150000,0.600000,1.563604
-2.100000,0.600000,1.511820
-2.050000,0.600000,1.455319
-2.000000,0.600000,1.437658
-1.950000,0.600000,1.420066
-1.900000,0.600000,1.400951
-1.850000,0.600000,1.380267
-1.800000,0.600000,1.357958
-1.750000,0.600000,1.333963
-1.700000,0.600000,1.308214
-1.650000,0.600000,1.280631
-1.600000,0.600000,1.251126
-1.550000,0.600000,1.219596
-1.500000,0.600000,1.185923
-1.450000,0.600000,1.149971
-1.400000,0.600000,1.111583
-1.350000,0.600000,1.070573
-1.300000,0.600000,1.026723
-1.250000,0.600000,0.979768
-1.200000,0.600000,0.929392
-1.150000,0.600000,0.875202
-1.100000,0.600000,0.816705
-1.050000,0.600000,0.753272
-1.000000,0.600000,0.684070
-0.950000,0.600000,0.607960
-0.900000,0.600000,0.523312
-0.850000,0.600000,0.427643
-0.800000,0.600000,0.316803
-0.750000,0.600000,0.182795
-0.700000,0.600000,0.059287
-0.650000,0.600000,0.024339
-0.600000,0.600000,-0.013077
-0.550000,0.600000,-0.053148
-0.500000,0.600000,-0.096099
-0.450000,0.600000,-0.142199
-0.400000,0.600000,-0.191776
-0.350000,0.600000,-0.245236
-0.300000,0.600000,-0.303090
-0.250000,0.600000,-0.365998
-0.200000,0.600000,-0.434840
-0.150000,0.600000,-0.510827
-0.100000,0.600000,-0.595722
-0.050000,0.600000,-0.612117
-0.000000,0.600000,-0.517139
0.050000,0.600000,-0.433375
0.100000,0.600000,-0.358253
0.150000,0.600000,-0.290100
0.200000,0.600000,-0.227754
0.250000,0.600000,-0.170371
0.300000,0.600000,-0.117310
0.350000,0.600000,-0.068076
0.400000,0.600000,-0.022275
0.450000,0.600000,0.020414
0.500000,0.600000,0.060253
0.550000,0.600000,0.251846
0.600000,0.600000,0.392713
0.650000,0.600000,0.507668
0.700000,0.600000,0.606185
0.750000,0.600000,0.692971
0.800000,0.600000,0.770775
0.850000,0.600000,0.841371
0.900000,0.600000,0.905983
0.950000,0.600000,0.965498
1.000000,0.600000,1.020585
1.050000,0.600000,1.071762
1.100000,0.600000,1.119439
1.150000,0.600000,1.163949
1.200000,0.600000,1.205566
1.250000,0.600000,1.244517
1.300000,0.600000,1.280994
1.350000,0.600000,1.315160
1.400000,0.600000,1.347156
1.450000,0.600000,1.377104
1.500000,0.600000,1.405108
1.550000,0.600000,1.431260
1.600000,0.600000,1.455641
1.650000,0.600000,1.478324
1.700000,0.600000,1.499369
1.750000,0.600000,1.518833
1.800000,0.600000,1.536766
1.850000,0.600000,1.553209
1.900000,0.600000,1.568203
1.950000,0.600000,1.581781
2.000000,0.600000,1.593972
2.050000,0.600000,1.604803
2.100000,0.600000,1.614296
2.150000,0.600000,1.622471
2.200000,0.600000,1.629344
2.250000,0.600000,1.634929
2.300000,0.600000,1.639237
2.350000,0.600000,1.642275
2.400000,0.600000,1.644050
2.450000,0.600000,1.644565
2.500000,0.600000,1.643821
2.550000,0.600000,1.641817
2.600000,0.600000,1.638549
2.650000,0.600000,1.634011
2.700000,0.600000,1.628193
2.750000,0.600000,1.621085
2.800000,0.600000,1.612672
2.850000,0.600000,1.602937
2.900000,0.600000,1.591861
2.950000,0.600000,1.579420
3.000000,0.600000,1.565588
3.050000,0.600000,1.550334
3.100000,0.600000,1.509967
3.150000,0.600000,1.402676
3.200000,0.600000,1.284523
3.250000,0.600000,1.152172
3.300000,0.600000,1.000000
3.350000,0.600000,0.817007
3.400000,0.600000,0.574456
3.450000,0.600000,
3.500000,0.600000,
-3.500000,0.650000,
-3.450000,0.650000,
-3.400000,0.650000,0.517204
-3.350000,0.650000,0.777817
-3.300000,0.650000,0.968246
-3.250000,0.650000,1.124722
-3.200000,0.650000,1.259960
-3.150000,0.650000,1.380217
-3.100000,0.650000,1.489127
-3.050000,0.650000,1.589025
-3.000000,0.650000,1.681517
-2.950000,0.650000,1.767767
-2.900000,0.650000,1.848648
-2.850000,0.650000,1.924838
-2.800000,0.650000,1.996873
-2.750000,0.650000,1.979860
-2.700000,0.650000,1.960596
-2.650000,0.650000,1.939516
-2.600000,0.650000,1.916548
-2.550000,0.650000,1.891605
-2.500000,0.650000,1.864590
-2.450000,0.650000,1.835388
-2.400000,0.650000,1.803869
-2.350000,0.650000,1.769875
-2.300000,0.650000,1.733224
-2.250000,0.650000,1.693696
-2.200000,0.650000,1.651028
-2.150000,0.650000,1.604897
-2.100000,0.650000,1.554902
-2.050000,0.650000,1.500536
-2.000000,0.650000,1.441140
-1.950000,0.650000,1.422632
-1.900000,0.650000,1.403544
-1.850000,0.650000,1.382888
-1.800000,0.650000,1.360612
-1.750000,0.650000,1.336653
-1.700000,0.650000,1.310943
-1.650000,0.650000,1.283404
-1.600000,0.650000,1.253947
-1.550000,0.650000,1.222470
-1.500000,0.650000,1.188856
-1.450000,0.650000,1.152971
-1.400000,0.650000,1.114657
-1.350000,0.650000,1.073730
-1.300000,0.650000,1.029973
-1.250000,0.650000,0.983126
-1.200000,0.650000,0.932872
-1.150000,0.650000,0.878825
-1.100000,0.650000,0.820496
-1.050000,0.650000,0.757263
-1.000000,0.650000,0.688305
-0.950000,0.650000,0.612500
-0.900000,0.650000,0.528248
-0.850000,0.650000,0.433117
-0.800000,0.650000,0.323069
-0.750000,0.650000,0.190386
-0.700000,0.650000,0.076393
-0.650000,0.650000,0.041827
-0.600000,0.650000,0.004841
-0.550000,0.650000,-0.034747
-0.500000,0.650000,-0.077150
-0.450000,0.650000,-0.122625
-0.400000,0.650000,-0.171483
-0.350000,0.650000,-0.224105
-0.300000,0.650000,-0.280972
-0.250000,0.650000,-0.342699
-0.200000,0.650000,-0.410094
-0.150000,0.650000,-0.484265
-0.100000,0.650000,-0.566791
-0.050000,0.650000,-0.581722
-0.000000,0.650000,-0.489730
0.050000,0.650000,-0.408157
0.100000,0.650000,-0.334724
0.150000,0.650000,-0.267921
0.200000,0.650000,-0.206683
0.250000,0.650000,-0.150225
0.300000,0.650000,-0.097952
0.350000,0.650000,-0.049396
0.400000,0.650000,-0.004184
0.450000,0.650000,0.037987
0.500000,0.650000,0.077370
0.550000,0.650000,0.258589
0.600000,0.650000,0.398173
0.650000,0.650000,0.512393
0.700000,0.650000,0.610421
0.750000,0.650000,0.696853
0.800000,0.650000,0.774387
0.850000,0.650000,0.844768
0.900000,0.650000,0.909204
0.950000,0.650000,0.968573
1.000000,0.650000,1.023536
1.050000,0.650000,1.074606
1.100000,0.650000,1.122191
1.150000,0.650000,1.166620
1.200000,0.650000,1.208165
1.250000,0.650000,1.247052
1.300000,0.650000,1.283472
1.350000,0.650000,1.317587
1.400000,0.650000,1.349538
1.450000,0.650000,1.379444
1.500000,0.650000,1.407410
1.550000,0.650000,1.433528
1.600000,0.650000,1.457879
1.650000,0.650000,1.480534
1.700000,0.650000,1.501554
1.750000,0.650000,1.520995
1.800000,0.650000,1.538907
1.850000,0.650000,1.555332
1.900000,0.650000,1.570309
1.950000,0.650000,1.583872
2.000000,0.650000,1.596050
2.050000,0.650000,1.606869
2.100000,0.650000,1.616353
2.150000,0.650000,1.624519
2.200000,0.650000,1.631385
2.250000,0.650000,1.636964
2.300000,0.650000,1.641267
2.350000,0.650000,1.644302
2.400000,0.650000,1.646076
2.450000,0.650000,1.646590
2.500000,0.650000,1.645847
2.550000,0.650000,1.643845
2.600000,0.650000,1.640581
2.650000,0.650000,1.636047
2.700000,0.650000,1.630235
2.750000,0.650000,1.623134
2.800000,0.650000,1.614730
2.850000,0.650000,1.605006
2.900000,0.650000,1.593941
2.950000,0.650000,1.581514
3.000000,0.650000,1.567697
3.050000,0.650000,1.552460
3.100000,0.650000,1.489127
3.150000,0.650000,1.380217
3.200000,0.650000,1.259960
3.250000,0.650000,1.124722
3.300000,0.650000,0.968246
3.350000,0.650000,0.777817
3.400000,0.650000,0.517204
3.450000,0.650000,
3.500000,0.650000,
-3.500000,0.700000,
-3.450000,0.700000,
-3.400000,0.700000,0.447214
-3.350000,0.700000,0.733144
-3.300000,0.700000,0.932738
-3.250000,0.700000,1.094303
-3.200000,0.700000,1.232883
-3.150000,0.700000,1.355544
-3.100000,0.700000,1.466288
-3.050000,0.700000,1.567642
-3.000000,0.700000,1.661325
-2.950000,0.700000,1.748571
-2.900000,0.700000,1.830301
-2.850000,0.700000,1.907223
-2.800000,0.700000,1.979899
-2.750000,0.700000,2.009265
-2.700000,0.700000,1.990349
-2.650000,0.700000,1.969659
-2.600000,0.700000,1.947126
-2.550000,0.700000,1.922671
-2.500000,0.700000,1.896202
-2.450000,0.700000,1.867612
-2.400000,0.700000,1.836780
-2.350000,0.700000,1.803561
-2.300000,0.700000,1.767787
-2.250000,0.700000,1.729256
-2.200000,0.700000,1.687731
-2.150000,0.700000,1.642919
-2.100000,0.700000,1.594464
-2.050000,0.700000,1.541917
-2.000000,0.700000,1.484707
-1.950000,0.700000,1.423856
-1.900000,0.700000,1.404780
-1.850000,0.700000,1.384139
-1.800000,0.700000,1.361878
-1.750000,0.700000,1.337936
-1.700000,0.700000,1.312245
-1.650000,0.700000,1.284727
-1.600000,0.700000,1.255293
-1.550000,0.700000,1.223841
-1.500000,0.700000,1.190255
-1.450000,0.700000,1.154401
-1.400000,0.700000,1.116122
-1.350000,0.700000,1.075235
-1.300000,0.700000,1.031523
-1.250000,0.700000,0.984726
-1.200000,0.700000,0.934531
-1.150000,0.700000,0.880551
-1.100000,0.700000,0.822302
-1.050000,0.700000,0.759165
-1.000000,0.700000,0.690322
-0.950000,0.700000,0.614661
-0.900000,0.700000,0.530596
-0.850000,0.700000,0.435719
-0.800000,0.700000,0.326044
-0.750000,0.700000,0.193980
-0.700000,0.700000,0.091767
-0.650000,0.700000,0.057538
-0.600000,0.700000,0.020929
-0.550000,0.700000,-0.018234
-0.500000,0.700000,-0.060158
-0.450000,0.700000,-0.105087
-0.400000,0.700000,-0.153318
-0.350000,0.700000,-0.205213
-0.300000,0.700000,-0.261227
-0.250000,0.700000,-0.321935
-0.200000,0.700000,-0.388094
-0.150000,0.700000,-0.460724
-0.100000,0.700000,-0.541264
-0.050000,0.700000,-0.555124
-0.000000,0.700000,-0.465602
0.050000,0.700000,-0.385867
0.100000,0.700000,-0.313868
0.150000,0.700000,-0.248219
0.200000,0.700000,-0.187932
0.250000,0.700000,-0.132275
0.300000,0.700000,-0.080684
0.350000,0.700000,-0.032717
0.400000,0.700000,0.011981
0.450000,0.700000,0.053700
0.500000,0.700000,0.092683
0.550000,0.700000,0.261124
0.600000,0.700000,0.400231
0.650000,0.700000,0.514176
0.700000,0.700000,0.612021
0.750000,0.700000,0.698320
0.800000,0.700000,0.775752
0.850000,0.700000,0.846052
0.900000,0.700000,0.910423
0.950000,0.700000,0.969736
1.000000,0.700000,1.024653
1.050000,0.700000,1.075682
1.100000,0.700000,1.123232
1.150000,0.700000,1.167630
1.200000,0.700000,1.209148
1.250000,0.700000,1.248011
1.300000,0.700000,1.284410
1.350000,0.700000,1.318506
1.400000,0.700000,1.350439
1.450000,0.700000,1.380329
1.500000,0.700000,1.408282
1.550000,0.700000,1.434387
1.600000,0.700000,1.458726
1.650000,0.700000,1.481370
1.700000,0.700000,1.502381
1.750000,0.700000,1.521814
1.800000,0.700000,1.539717
1.850000,0.700000,1.556136
1.900000,0.700000,1.571106
1.950000,0.700000,1.584664
2.000000,0.700000,1.596837
2.050000,0.700000,1.607652
2.100000,0.700000,1.617131
2.150000,0.700000,1.625294
2.200000,0.700000,1.632158
2.250000,0.700000,1.637735
2.300000,0.700000,1.642036
2.350000,0.700000,1.645070
2.400000,0.700000,1.646843
2.450000,0.700000,1.647357
2.500000,0.700000,1.646614
2.550000,0.700000,1.644613
2.600000,0.700000,1.641350
2.650000,0.700000,1.636817
2.700000,0.700000,1.631008
2.750000,0.700000,1.623910
2.800000,0.700000,1.615509
2.850000,0.700000,1.605789
2.900000,0.700000,1.594729
2.950000,0.700000,1.582307
3.000000,0.700000,1.568495
3.050000,0.700000,1.553264
3.100000,0.700000,1.466288
3.150000,0.700000,1.355544
3.200000,0.700000,1.232883
3.250000,0.700000,1.094303
3.300000,0.700000,0.932738
3.350000,0.700000,0.733144
3.400000,0.700000,0.447214
3.450000,0.700000,
3.500000,0.700000,
-3.500000,0.750000,
-3.450000,0.750000,
-3.400000,0.750000,0.357071
-3.350000,0.750000,0.681909
-3.300000,0.750000,0.893029
-3.250000,0.750000,1.060660
-3.200000,0.750000,1.203121
-3.150000,0.750000,1.328533
-3.100000,0.750000,1.441354
-3.050000,0.750000,1.544345
-3.000000,0.750000,1.639360
-2.950000,0.750000,1.727715
-2.900000,0.750000,1.810387
-2.850000,0.750000,1.888121
-2.800000,0.750000,1.961505
-2.750000,0.750000,2.031010
-2.700000,0.750000,2.018062
-2.650000,0.750000,1.997722
-2.600000,0.750000,1.975581
-2.550000,0.750000,1.951563
-2.500000,0.750000,1.925582
-2.450000,0.750000,1.897538
-2.400000,0.750000,1.867318
-2.350000,0.750000,1.834787
-2.300000,0.750000,1.799788
-2.250000,0.750000,1.762136
-2.200000,0.750000,1.721613
-2.150000,0.750000,1.677953
-2.100000,0.750000,1.630833
-2.050000,0.750000,1.579853
-2.000000,0.750000,1.524507
-1.950000,0.750000,1.464137
-1.900000,0.750000,1.404664
-1.850000,0.750000,1.384021
-1.800000,0.750000,1.361759
-1.750000,0.750000,1.337815
-1.700000,0.750000,1.312123
-1.650000,0.750000,1.284603
-1.600000,0.750000,1.255166
-1.550000,0.750000,1.223712
-1.500000,0.750000,1.190124
-1.450000,0.750000,1.154267
-1.400000,0.750000,1.115985
-1.350000,0.750000,1.075094
-1.300000,0.750000,1.031377
-1.250000,0.750000,0.984576
-1.200000,0.750000,0.934375
-1.150000,0.750000,0.880389
-1.100000,0.750000,0.822133
-1.050000,0.750000,0.758986
-1.000000,0.750000,0.690132
-0.950000,0.750000,0.614458
-0.900000,0.750000,0.530375
-0.850000,0.750000,0.435475
-0.800000,0.750000,0.325765
-0.750000,0.750000,0.193643
-0.700000,0.750000,0.105459
-0.650000,0.750000,0.071525
-0.600000,0.750000,0.035245
-0.550000,0.750000,-0.003549
-0.500000,0.750000,-0.045055
-0.450000,0.750000,-0.089510
-0.400000,0.750000,-0.137197
-0.350000,0.750000,-0.188464
-0.300000,0.750000,-0.243743
-0.250000,0.750000,-0.303579
-0.200000,0.750000,-0.368683
-0.150000,0.750000,-0.440007
-0.100000,0.750000,-0.518879
-0.050000,0.750000,-0.531994
-0.000000,0.750000,-0.444518
0.050000,0.750000,-0.366327
0.100000,0.750000,-0.295541
0.150000,0.750000,-0.230874
0.200000,0.750000,-0.171401
0.250000,0.750000,-0.116431
0.300000,0.750000,-0.065428
0.350000,0.750000,-0.017971
0.400000,0.750000,0.026282
0.450000,0.750000,0.067611
0.500000,0.750000,0.106246
0.550000,0.750000,0.259503
0.600000,0.750000,0.398915
0.650000,0.750000,0.513036
0.700000,0.750000,0.610998
0.750000,0.750000,0.697382
0.800000,0.750000,0.774879
0.850000,0.750000,0.845231
0.900000,0.750000,0.909643
0.950000,0.750000,0.968992
1.000000,0.750000,1.023938
1.050000,0.750000,1.074994
1.100000,0.750000,1.122566
1.150000,0.750000,1.166984
1.200000,0.750000,1.208519
1.250000,0.750000,1.247397
1.300000,0.750000,1.283810
1.350000,0.750000,1.317918
1.400000,0.750000,1.349863
1.450000,0.750000,1.379763
1.500000,0.750000,1.407724
1.550000,0.750000,1.433838
1.600000,0.750000,1.458184
1.650000,0.750000,1.480835
1.700000,0.750000,1.501852
1.750000,0.750000,1.521290
1.800000,0.750000,1.539199
1.850000,0.750000,1.555622
1.900000,0.750000,1.570596
1.950000,0.750000,1.584157
2.000000,0.750000,1.596333
2.050000,0.750000,1.607151
2.100000,0.750000,1.616633
2.150000,0.750000,1.624798
2.200000,0.750000,1.631663
2.250000,0.750000,1.637242
2.300000,0.750000,1.641544
2.350000,0.750000,1.644579
2.400000,0.750000,1.646352
2.450000,0.750000,1.646867
2.500000,0.750000,1.646124
2.550000,0.750000,1.644122
2.600000,0.750000,1.640858
2.650000,0.750000,1.636324
2.700000,0.750000,1.630513
2.750000,0.750000,1.623414
2.800000,0.750000,1.615011
2.850000,0.750000,1.605288
2.900000,0.750000,1.594225
2.950000,0.750000,1.581800
3.000000,0.750000,1.567984
3.050000,0.750000,1.544345
3.100000,0.750000,1.441354
3.150000,0.750000,1.328533
3.200000,0.750000,1.203121
3.250000,0.750000,1.060660
3.300000,0.750000,0.893029
3.350000,0.750000,0.681909
3.400000,0.750000,0.357071
3.450000,0.750000,
3.500000,0.750000,
-3.500000,0.800000,
-3.450000,0.800000,
-3.400000,0.800000,0.223607
-3.350000,0.800000,0.622495
-3.300000,0.800000,0.848528
-3.250000,0.800000,1.023474
-3.200000,0.800000,1.170470
-3.150000,0.800000,1.299038
-3.100000,0.800000,1.414214
-3.050000,0.800000,1.519046
-3.000000,0.800000,1.615549
-2.950000,0.800000,1.705139
-2.900000,0.800000,1.788854
-2.850000,0.800000,1.867485
-2.800000,0.800000,1.941649
-2.750000,0.800000,2.011840
-2.700000,0.800000,2.043837
-2.650000,0.800000,2.023812
-2.600000,0.800000,2.002022
-2.550000,0.800000,1.978396
-2.500000,0.800000,1.952853
-2.450000,0.800000,1.925298
-2.400000,0.800000,1.895624
-2.350000,0.800000,1.863704
-2.300000,0.800000,1.829394
-2.250000,0.800000,1.792520
-2.200000,0.800000,1.752881
-2.150000,0.800000,1.710231
-2.100000,0.800000,1.664277
-2.050000,0.800000,1.614656
-2.000000,0.800000,1.560913
-1.950000,0.800000,1.502467
-1.900000,0.800000,1.438556
-1.850000,0.800000,1.382535
-1.800000,0.800000,1.360254
-1.750000,0.800000,1.336291
-1.700000,0.800000,1.310576
-1.650000,0.800000,1.283031
-1.600000,0.800000,1.253568
-1.550000,0.800000,1.222083
-1.500000,0.800000,1.188462
-1.450000,0.800000,1.152567
-1.400000,0.800000,1.114243
-1.350000,0.800000,1.073305
-1.300000,0.800000,1.029536
-1.250000,0.800000,0.982674
-1.200000,0.800000,0.932404
-1.150000,0.800000,0.878337
-1.100000,0.800000,0.819986
-1.050000,0.800000,0.756727
-1.000000,0.800000,0.687736
-0.950000,0.800000,0.611890
-0.900000,0.800000,0.527585
-0.850000,0.800000,0.432382
-0.800000,0.800000,0.322229
-0.750000,0.800000,0.189370
-0.700000,0.800000,0.117511
-0.650000,0.800000,0.083832
-0.600000,0.800000,0.047837
-0.550000,0.800000,0.009362
-0.500000,0.800000,-0.031784
-0.450000,0.800000,-0.075830
-0.400000,0.800000,-0.123051
-0.350000,0.800000,-0.173779
-0.300000,0.800000,-0.228429
-0.250000,0.800000,-0.287521
-0.200000,0.800000,-0.351730
-0.150000,0.800000,-0.421953
-0.100000,0.800000,-0.499429
-0.050000,0.800000,-0.512077
-0.000000,0.800000,-0.426293
0.050000,0.800000,-0.349390
0.100000,0.800000,-0.279623
0.150000,0.800000,-0.215786
0.200000,0.800000,-0.157005
0.250000,0.800000,-0.102619
0.300000,0.800000,-0.052119
0.350000,0.800000,-0.005097
0.400000,0.800000,0.038775
0.450000,0.800000,0.079767
0.500000,0.800000,0.118104
0.550000,0.800000,0.253694
0.600000,0.800000,0.394207
0.650000,0.800000,0.508960
0.700000,0.800000,0.607343
0.750000,0.800000,0.694032
0.800000,0.800000,0.771762
0.850000,0.800000,0.842299
0.900000,0.800000,0.906863
0.950000,0.800000,0.966338
1.000000,0.800000,1.021391
1.050000,0.800000,1.072538
1.100000,0.800000,1.120190
1.150000,0.800000,1.164678
1.200000,0.800000,1.206275
1.250000,0.800000,1.245209
1.300000,0.800000,1.281670
1.350000,0.800000,1.315823
1.400000,0.800000,1.347807
1.450000,0.800000,1.377743
1.500000,0.800000,1.405736
1.550000,0.800000,1.431879
1.600000,0.800000,1.456252
1.650000,0.800000,1.478927
1.700000,0.800000,1.499965
1.750000,0.800000,1.519423
1.800000,0.800000,1.537350
1.850000,0.800000,1.553789
1.900000,0.800000,1.568778
1.950000,0.800000,1.582352
2.000000,0.800000,1.594539
2.050000,0.800000,1.605367
2.100000,0.800000,1.614858
2.150000,0.800000,1.623030
2.200000,0.800000,1.629901
2.250000,0.800000,1.635485
2.300000,0.800000,1.639791
2.350000,0.800000,1.642828
2.400000,0.800000,1.644603
2.450000,0.800000,1.645118
2.500000,0.800000,1.644374
2.550000,0.800000,1.642371
2.600000,0.800000,1.639104
2.650000,0.800000,1.634566
2.700000,0.800000,1.628750
2.750000,0.800000,1.621644
2.800000,0.800000,1.613234
2.850000,0.800000,1.603502
2.900000,0.800000,1.592429
2.950000,0.800000,1.579992
3.000000,0.800000,1.566164
3.050000,0.800000,1.519046
3.100000,0.800000,1.414214
3.150000,0.800000,1.299038
3.200000,0.800000,1.170470
3.250000,0.800000,1.023474
3.300000,0.800000,0.848528
3.350000,0.800000,0.622495
3.400000,0.800000,0.223607
3.450000,0.800000,
3.500000,0.800000,
-3.500000,0.850000,
-3.450000,0.850000,
-3.400000,0.850000,
-3.350000,0.850000,0.552268
-3.300000,0.850000,0.798436
-3.250000,0.850000,0.982344
-3.200000,0.850000,1.134681
-3.150000,0.850000,1.266886
-3.100000,0.850000,1.384738
-3.050000,0.850000,1.491643
-3.000000,0.850000,1.589811
-2.950000,0.850000,1.680774
-2.900000,0.850000,1.765644
-2.850000,0.850000,1.845264
-2.800000,0.850000,1.920286
-2.750000,0.850000,1.991231
-2.700000,0.850000,2.058519
-2.650000,0.850000,2.048020
-2.600000,0.850000,2.026546
-2.550000,0.850000,2.003273
-2.500000,0.850000,1.978122
-2.450000,0.850000,1.951005
-2.400000,0.850000,1.921818
-2.350000,0.850000,1.890445
-2.300000,0.850000,1.856747
-2.250000,0.850000,1.820564
-2.200000,0.850000,1.781706
-2.150000,0.850000,1.739947
-2.100000,0.850000,1.695016
-2.050000,0.850000,1.646579
-2.000000,0.850000,1.594226
-1.950000,0.850000,1.537434
-1.900000,0.850000,1.475526
-1.850000,0.850000,1.407596
-1.800000,0.850000,1.357362
-1.750000,0.850000,1.333359
-1.700000,0.850000,1.307601
-1.650000,0.850000,1.280009
-1.600000,0.850000,1.250492
-1.550000,0.850000,1.218950
-1.500000,0.850000,1.185264
-1.450000,0.850000,1.149297
-1.400000,0.850000,1.110893
-1.350000,0.850000,1.069864
-1.300000,0.850000,1.025992
-1.250000,0.850000,0.979014
-1.200000,0.850000,0.928610
-1.150000,0.850000,0.874387
-1.100000,0.850000,0.815853
-1.050000,0.850000,0.752375
-1.000000,0.850000,0.683118
-0.950000,0.850000,0.606938
-0.900000,0.850000,0.522201
-0.850000,0.850000,0.426409
-0.800000,0.850000,0.315390
-0.750000,0.850000,0.181079
-0.700000,0.850000,0.127959
-0.650000,0.850000,0.094498
-0.600000,0.850000,0.058746
-0.550000,0.850000,0.020543
-0.500000,0.850000,-0.020296
-0.450000,0.850000,-0.063995
-0.400000,0.850000,-0.110819
-0.350000,0.850000,-0.161090
-0.300000,0.850000,-0.215209
-0.250000,0.850000,-0.273674
-0.200000,0.850000,-0.337132
-0.150000,0.850000,-0.406433
-0.100000,0.850000,-0.482750
-0.050000,0.850000,-0.495172
-0.000000,0.850000,-0.410776
0.050000,0.850000,-0.334938
0.100000,0.850000,-0.266018
0.150000,0.850000,-0.202875
0.200000,0.850000,-0.144673
0.250000,0.850000,-0.090779
0.300000,0.850000,-0.040701
0.350000,0.850000,0.005954
0.400000,0.850000,0.049503
0.450000,0.850000,0.090211
0.500000,0.850000,0.128295
0.550000,0.850000,0.243570
0.600000,0.850000,0.386041
0.650000,0.850000,0.501905
0.700000,0.850000,0.601025
0.750000,0.850000,0.688246
0.800000,0.850000,0.766382
0.850000,0.850000,0.837241
0.900000,0.850000,0.902067
0.950000,0.850000,0.961761
1.000000,0.850000,1.017000
1.050000,0.850000,1.068307
1.100000,0.850000,1.116097
1.150000,0.850000,1.160706
1.200000,0.850000,1.202410
1.250000,0.850000,1.241439
1.300000,0.850000,1.277985
1.350000,0.850000,1.312214
1.400000,0.850000,1.344266
1.450000,0.850000,1.374264
1.500000,0.850000,1.402313
1.550000,0.850000,1.428507
1.600000,0.850000,1.452926
1.650000,0.850000,1.475642
1.700000,0.850000,1.496718
1.750000,0.850000,1.516210
1.800000,0.850000,1.534167
1.850000,0.850000,1.550634
1.900000,0.850000,1.565648
1.950000,0.850000,1.579243
2.000000,0.850000,1.591451
2.050000,0.850000,1.602296
2.100000,0.850000,1.611801
2.150000,0.850000,1.619986
2.200000,0.850000,1.626868
2.250000,0.850000,1.632460
2.300000,0.850000,1.636773
2.350000,0.850000,1.639815
2.400000,0.850000,1.641592
2.450000,0.850000,1.642108
2.500000,0.850000,1.641363
2.550000,0.850000,1.639357
2.600000,0.850000,1.636085
2.650000,0.850000,1.631540
2.700000,0.850000,1.625715
2.750000,0.850000,1.618598
2.800000,0.850000,1.610174
2.850000,0.850000,1.600427
2.900000,0.850000,1.589337
2.950000,0.850000,1.576880
3.000000,0.850000,1.563029
3.050000,0.850000,1.491643
3.100000,0.850000,1.384738
3.150000,0.850000,1.266886
3.200000,0.850000,1.134681
3.250000,0.850000,0.982344
3.300000,0.850000,0.798436
3.350000,0.850000,0.552268
3.400000,0.850000,
3.450000,0.850000,
3.500000,0.850000,
-3.500000,0.900000,
-3.450000,0.900000,
-3.400000,0.900000,
-3.350000,0.900000,0.466369
-3.300000,0.900000,0.741620
-3.250000,0.900000,0.936750
-3.200000,0.900000,1.095445
-3.150000,0.900000,1.231868
-3.100000,0.900000,1.352775
-3.050000,0.900000,1.462019
-3.000000,0.900000,1.562050
-2.950000,0.900000,1.654539
-2.900000,0.900000,1.740690
-2.850000,0.900000,1.821401
-2.800000,0.900000,1.897367
-2.750000,0.900000,1.969137
-2.700000,0.900000,2.037155
-2.650000,0.900000,2.070426
-2.600000,0.900000,2.049237
-2.550000,0.900000,2.026280
-2.500000,0.900000,2.001482
-2.450000,0.900000,1.974756
-2.400000,0.900000,1.946007
-2.350000,0.900000,1.915121
-2.300000,0.900000,1.881969
-2.250000,0.900000,1.846400
-2.200000,0.900000,1.808235
-2.150000,0.900000,1.767263
-2.100000,0.900000,1.723231
-2.050000,0.900000,1.675833
-2.000000,0.900000,1.624691
-1.950000,0.900000,1.569329
-1.900000,0.900000,1.509139
-1.850000,0.900000,1.443316
-1.800000,0.900000,1.370763
-1.750000,0.900000,1.329013
-1.700000,0.900000,1.303190
-1.650000,0.900000,1.275527
-1.600000,0.900000,1.245933
-1.550000,0.900000,1.214304
-1.500000,0.900000,1.180521
-1.450000,0.900000,1.144447
-1.400000,0.900000,1.105922
-1.350000,0.900000,1.064759
-1.300000,0.900000,1.020734
-1.250000,0.900000,0.973581
-1.200000,0.900000,0.922977
-1.150000,0.900000,0.868521
-1.100000,0.900000,0.809714
-1.050000,0.900000,0.745908
-1.000000,0.900000,0.676251
-0.950000,0.900000,0.599570
-0.900000,0.900000,0.514181
-0.850000,0.900000,0.417498
-0.800000,0.900000,0.305159
-0.750000,0.900000,0.168608
-0.700000,0.900000,0.136833
-0.650000,0.900000,0.103554
-0.600000,0.900000,0.068006
-0.550000,0.900000,0.030032
-0.500000,0.900000,-0.010550
-0.450000,0.900000,-0.053959
-0.400000,0.900000,-0.100451
-0.350000,0.900000,-0.150343
-0.300000,0.900000,-0.204019
-0.250000,0.900000,-0.261965
-0.200000,0.900000,-0.324800
-0.150000,0.900000,-0.393343
-0.100000,0.900000,-0.468709
-0.050000,0.900000,-0.481123
-0.000000,0.900000,-0.397848
0.050000,0.900000,-0.322875
0.100000,0.900000,-0.254648
0.150000,0.900000,-0.192073
0.200000,0.900000,-0.134347
0.250000,0.900000,-0.080858
0.300000,0.900000,-0.031129
0.350000,0.900000,0.015222
0.400000,0.900000,0.058505
0.450000,0.900000,0.098977
0.500000,0.900000,0.136851
0.550000,0.900000,0.228904
0.600000,0.900000,0.374299
0.650000,0.900000,0.491797
0.700000,0.900000,0.591990
0.750000,0.900000,0.679983
0.800000,0.900000,0.758706
0.850000,0.900000,0.830029
0.900000,0.900000,0.895234
0.950000,0.900000,0.955242
1.000000,0.900000,1.010747
1.050000,0.900000,1.062283
1.100000,0.900000,1.110271
1.150000,0.900000,1.155054
1.200000,0.900000,1.196911
1.250000,0.900000,1.236076
1.300000,0.900000,1.272744
1.350000,0.900000,1.307081
1.400000,0.900000,1.339231
1.450000,0.900000,1.369317
1.500000,0.900000,1.397446
1.550000,0.900000,1.423712
1.600000,0.900000,1.448197
1.650000,0.900000,1.470972
1.700000,0.900000,1.492102
1.750000,0.900000,1.511642
1.800000,0.900000,1.529643
1.850000,0.900000,1.546149
1.900000,0.900000,1.561199
1.950000,0.900000,1.574826
2.000000,0.900000,1.587061
2.050000,0.900000,1.597931
2.100000,0.900000,1.607457
2.150000,0.900000,1.615661
2.200000,0.900000,1.622558
2.250000,0.900000,1.628162
2.300000,0.900000,1.632484
2.350000,0.900000,1.635533
2.400000,0.900000,1.637314
2.450000,0.900000,1.637831
2.500000,0.900000,1.637085
2.550000,0.900000,1.635074
2.600000,0.900000,1.631795
2.650000,0.900000,1.627240
2.700000,0.900000,1.621403
2.750000,0.900000,1.614270
2.800000,0.900000,1.605827
2.850000,0.900000,1.596058
2.900000,0.900000,1.584943
2.950000,0.900000,1.572457
3.000000,0.900000,1.558574
3.050000,0.900000,1.462019
3.100000,0.900000,1.352775
3.150000,0.900000,1.231868
3.200000,0.900000,1.095445
3.250000,0.900000,0.936750
3.300000,0.900000,0.741620
3.350000,0.900000,0.466369
3.400000,0.900000,
3.450000,0.900000,
3.500000,0.900000,
-3.500000,0.950000,
-3.450000,0.950000,
-3.400000,0.950000,
-3.350000,0.950000,0.353553
-3.300000,0.950000,0.676387
-3.250000,0.950000,0.886002
-3.200000,0.950000,1.052378
-3.150000,0.950000,1.193734
-3.100000,0.950000,1.318143
-3.050000,0.950000,1.430035
-3.000000,0.950000,1.532155
-2.950000,0.950000,1.626346
-2.900000,0.950000,1.713914
-2.850000,0.950000,1.795828
-2.800000,0.950000,1.872832
-2.750000,0.950000,1.945508
-2.700000,0.950000,2.014324
-2.650000,0.950000,2.079663
-2.600000,0.950000,2.070166
-2.550000,0.950000,2.047494
-2.500000,0.950000,2.023012
-2.450000,0.950000,1.996638
-2.400000,0.950000,1.968279
-2.350000,0.950000,1.937829
-2.300000,0.950000,1.905165
-2.250000,0.950000,1.870141
-2.200000,0.950000,1.832591
-2.150000,0.950000,1.792316
-2.100000,0.950000,1.749078
-2.050000,0.950000,1.702592
-2.000000,0.950000,1.652508
-1.950000,0.950000,1.598389
-1.900000,0.950000,1.539681
-1.850000,0.950000,1.475661
-1.800000,0.950000,1.405353
-1.750000,0.950000,1.327389
-1.700000,0.950000,1.297333
-1.650000,0.950000,1.269576
-1.600000,0.950000,1.239877
-1.550000,0.950000,1.208132
-1.500000,0.950000,1.174220
-1.450000,0.950000,1.138002
-1.400000,0.950000,1.099317
-1.350000,0.950000,1.057972
-1.300000,0.950000,1.013742
-1.250000,0.950000,0.966356
-1.200000,0.950000,0.915482
-1.150000,0.950000,0.860714
-1.100000,0.950000,0.801538
-1.050000,0.950000,0.737291
-1.000000,0.950000,0.667093
-0.950000,0.950000,0.589733
-0.900000,0.950000,0.503458
-0.850000,0.950000,0.405555
-0.800000,0.950000,0.291393
-0.750000,0.950000,0.175167
-0.700000,0.950000,0.144158
-0.650000,0.950000,0.111029
-0.600000,0.950000,0.075648
-0.550000,0.950000,0.037860
-0.500000,0.950000,-0.002513
-0.450000,0.950000,-0.045685
-0.400000,0.950000,-0.091909
-0.350000,0.950000,-0.141491
-0.300000,0.950000,-0.194809
-0.250000,0.950000,-0.252333
-0.200000,0.950000,-0.314667
-0.150000,0.950000,-0.382599
-0.100000,0.950000,-0.457203
-0.050000,0.950000,-0.469809
-0.000000,0.950000,-0.387416
0.050000,0.950000,-0.313127
0.100000,0.950000,-0.245450
0.150000,0.950000,-0.183327
0.200000,0.950000,-0.125981
0.250000,0.950000,-0.072816
0.300000,0.950000,-0.023366
0.350000,0.950000,0.022742
0.400000,0.950000,0.065811
0.450000,0.950000,0.106093
0.500000,0.950000,0.143799
0.550000,0.950000,0.209331
0.600000,0.950000,0.358801
0.650000,0.950000,0.478522
0.700000,0.950000,0.580160
0.750000,0.950000,0.669183
0.800000,0.950000,0.748686
0.850000,0.950000,0.820624
0.900000,0.950000,0.886328
0.950000,0.950000,0.946752
1.000000,0.950000,1.002607
1.050000,0.950000,1.054443
1.100000,0.950000,1.102692
1.150000,0.950000,1.147703
1.200000,0.950000,1.189761
1.250000,0.950000,1.229104
1.300000,0.950000,1.265931
1.350000,0.950000,1.300411
1.400000,0.950000,1.332689
1.450000,0.950000,1.362890
1.500000,0.950000,1.391124
1.550000,0.950000,1.417484
1.600000,0.950000,1.442054
1.650000,0.950000,1.464907
1.700000,0.950000,1.486107
1.750000,0.950000,1.505711
1.800000,0.950000,1.523769
1.850000,0.950000,1.540326
1.900000,0.950000,1.555422
1.950000,0.950000,1.569090
2.000000,0.950000,1.581362
2.050000,0.950000,1.592264
2.100000,0.950000,1.601818
2.150000,0.950000,1.610046
2.200000,0.950000,1.616962
2.250000,0.950000,1.622582
2.300000,0.950000,1.626917
2.350000,0.950000,1.629974
2.400000,0.950000,1.631760
2.450000,0.950000,1.632279
2.500000,0.950000,1.631530
2.550000,0.950000,1.629514
2.600000,0.950000,1.626225
2.650000,0.950000,1.621658
2.700000,0.950000,1.615804
2.750000,0.950000,1.608650
2.800000,0.950000,1.600183
2.850000,0.950000,1.590386
2.900000,0.950000,1.579237
2.950000,0.950000,1.566714
3.000000,0.950000,1.532155
3.050000,0.950000,1.430035
3.100000,0.950000,1.318143
3.150000,0.950000,1.193734
3.200000,0.950000,1.052378
3.250000,0.950000,0.886002
3.300000,0.950000,0.676387
3.350000,0.950000,0.353553
3.400000,0.950000,
3.450000,0.950000,
3.500000,0.950000,
-3.500000,1.000000,
-3.450000,1.000000,
-3.400000,1.000000,
-3.350000,1.000000,0.165831
-3.300000,1.000000,0.600000
-3.250000,1.000000,0.829156
-3.200000,1.000000,1.004988
-3.150000,1.000000,1.152172
-3.100000,1.000000,1.280625
-3.050000,1.000000,1.395529
-3.000000,1.000000,1.500000
-2.950000,1.000000,1.596089
-2.900000,1.000000,1.685230
-2.850000,1.000000,1.768474
-2.800000,1.000000,1.846619
-2.750000,1.000000,1.920286
-2.700000,1.000000,1.989975
-2.650000,1.000000,2.056089
-2.600000,1.000000,2.089398
-2.550000,1.000000,2.066982
-2.500000,1.000000,2.042783
-2.450000,1.000000,2.016723
-2.400000,1.000000,1.988714
-2.350000,1.000000,1.958654
-2.300000,1.000000,1.926423
-2.250000,1.000000,1.891885
-2.200000,1.000000,1.854881
-2.150000,1.000000,1.815222
-2.100000,1.000000,1.772685
-2.050000,1.000000,1.727002
-2.000000,1.000000,1.677845
-1.950000,1.000000,1.624810
-1.900000,1.000000,1.567386
-1.850000,1.000000,1.504915
-1.800000,1.000000,1.436517
-1.750000,1.000000,1.360981
-1.700000,1.000000,1.290015
-1.650000,1.000000,1.262139
-1.600000,1.000000,1.232308
-1.550000,1.000000,1.200417
-1.500000,1.000000,1.166342
-1.450000,1.000000,1.129944
-1.400000,1.000000,1.091055
-1.350000,1.000000,1.049481
-1.300000,1.000000,1.004992
-1.250000,1.000000,0.957310
-1.200000,1.000000,0.906096
-1.150000,1.000000,0.850931
-1.100000,1.000000,0.791286
-1.050000,1.000000,0.726475
-1.000000,1.000000,0.655587
-0.950000,1.000000,0.577356
-0.900000,1.000000,0.489938
-0.850000,1.000000,0.390450
-0.800000,1.000000,0.273890
-0.750000,1.000000,0.180858
-0.700000,1.000000,0.149955
-0.650000,1.000000,0.116944
-0.600000,1.000000,0.081693
-0.550000,1.000000,0.044051
-0.500000,1.000000,0.003842
-0.450000,1.000000,-0.039145
-0.400000,1.000000,-0.085157
-0.350000,1.000000,-0.134498
-0.300000,1.000000,-0.187536
-0.250000,1.000000,-0.244733
-0.200000,1.000000,-0.306676
-0.150000,1.000000,-0.374134
-0.100000,1.000000,-0.448149
-0.050000,1.000000,-0.461134
-0.000000,1.000000,-0.379405
0.050000,1.000000,-0.305635
0.100000,1.000000,-0.238374
0.150000,1.000000,-0.176595
0.200000,1.000000,-0.119538
0.250000,1.000000,-0.066619
0.300000,1.000000,-0.017382
0.350000,1.000000,0.028539
0.400000,1.000000,0.071445
0.450000,1.000000,0.111582
0.500000,1.000000,0.149159
0.550000,1.000000,0.184351
0.600000,1.000000,0.339291
0.650000,1.000000,0.461924
0.700000,1.000000,0.565423
0.750000,1.000000,0.655762
0.800000,1.000000,0.736256
0.850000,1.000000,0.808972
0.900000,1.000000,0.875305
0.950000,1.000000,0.936250
1.000000,1.000000,0.992545
1.050000,1.000000,1.044757
1.100000,1.000000,1.093332
1.150000,1.000000,1.138627
1.200000,1.000000,1.180936
1.250000,1.000000,1.220501
1.300000,1.000000,1.257526
1.350000,1.000000,1.292183
1.400000,1.000000,1.324621
1.450000,1.000000,1.354966
1.500000,1.000000,1.383329
1.550000,1.000000,1.409807
1.600000,1.000000,1.434483
1.650000,1.000000,1.457432
1.700000,1.000000,1.478719
1.750000,1.000000,1.498402
1.800000,1.000000,1.516531
1.850000,1.000000,1.533152
1.900000,1.000000,1.548305
1.950000,1.000000,1.562025
2.000000,1.000000,1.574342
2.050000,1.000000,1.585283
2.100000,1.000000,1.594872
2.150000,1.000000,1.603129
2.200000,1.000000,1.610070
2.250000,1.000000,1.615710
2.300000,1.000000,1.620059
2.350000,1.000000,1.623127
2.400000,1.000000,1.624920
2.450000,1.000000,1.625440
2.500000,1.000000,1.624689
2.550000,1.000000,1.622665
2.600000,1.000000,1.619365
2.650000,1.000000,1.614782
2.700000,1.000000,1.608907
2.750000,1.000000,1.601728
2.800000,1.000000,1.593231
2.850000,1.000000,1.583398
2.900000,1.000000,1.572209
2.950000,1.000000,1.559640
3.000000,1.000000,1.500000
3.050000,1.000000,1.395529
3.100000,1.000000,1.280625
3.150000,1.000000,1.152172
3.200000,1.000000,1.004988
3.250000,1.000000,0.829156
3.300000,1.000000,0.600000
3.350000,1.000000,0.165831
3.400000,1.000000,
3.450000,1.000000,
3.500000,1.000000,
-3.500000,1.050000,
-3.450000,1.050000,
-3.400000,1.050000,
-3.350000,1.050000,
-3.300000,1.050000,0.507445
-3.250000,1.050000,0.764853
-3.200000,1.050000,0.952628
-3.150000,1.050000,1.106797
-3.100000,1.050000,1.239960
-3.050000,1.050000,1.358308
-3.000000,1.050000,1.465435
-2.950000,1.050000,1.563650
-2.900000,1.050000,1.654539
-2.850000,1.050000,1.739253
-2.800000,1.050000,1.818653
-2.750000,1.050000,1.893410
-2.700000,1.050000,1.964052
-2.650000,1.050000,2.031010
-2.600000,1.050000,2.094636
-2.550000,1.050000,2.084801
-2.500000,1.050000,2.060856
-2.450000,1.050000,2.035078
-2.400000,1.050000,2.007381
-2.350000,1.050000,1.977666
-2.300000,1.050000,1.945822
-2.250000,1.050000,1.911716
-2.200000,1.050000,1.875196
-2.150000,1.050000,1.836082
-2.100000,1.050000,1.794164
-2.050000,1.050000,1.749186
-2.000000,1.050000,1.700842
-1.950000,1.050000,1.648753
-1.900000,1.050000,1.592445
-1.850000,1.050000,1.531309
-1.800000,1.050000,1.464546
-1.750000,1.050000,1.391064
-1.700000,1.050000,1.309305
-1.650000,1.050000,1.253196
-1.600000,1.050000,1.223205
-1.550000,1.050000,1.191137
-1.500000,1.050000,1.156865
-1.450000,1.050000,1.120246
-1.400000,1.050000,1.081110
-1.350000,1.050000,1.039257
-1.300000,1.050000,0.994452
-1.250000,1.050000,0.946408
-1.200000,1.050000,0.894777
-1.150000,1.050000,0.839125
-1.100000,1.050000,0.778904
-1.050000,1.050000,0.713401
-1.000000,1.050000,0.641660
-0.950000,1.050000,0.562346
-0.900000,1.050000,0.473499
-0.850000,1.050000,0.372008
-0.800000,1.050000,0.252366
-0.750000,1.050000,0.185065
-0.700000,1.050000,0.154240
-0.650000,1.050000,0.121315
-0.600000,1.050000,0.086160
-0.550000,1.050000,0.048625
-0.500000,1.050000,0.008536
-0.450000,1.050000,-0.034315
-0.400000,1.050000,-0.080173
-0.350000,1.050000,-0.129337
-0.300000,1.050000,-0.182170
-0.250000,1.050000,-0.239127
-0.200000,1.050000,-0.300785
-0.150000,1.050000,-0.367899
-0.100000,1.050000,-0.441486
-0.050000,1.050000,-0.455031
-0.000000,1.050000,-0.373764
0.050000,1.050000,-0.300353
0.100000,1.050000,-0.233383
0.150000,1.050000,-0.171845
0.200000,1.050000,-0.114990
0.250000,1.050000,-0.062244
0.300000,1.050000,-0.013156
0.350000,1.050000,0.032635
0.400000,1.050000,0.075425
0.450000,1.050000,0.115461
0.500000,1.050000,0.152947
0.550000,1.050000,0.188058
0.600000,1.050000,0.315410
0.650000,1.050000,0.441791
0.700000,1.050000,0.547636
0.750000,1.050000,0.639614
0.800000,1.050000,0.721331
0.850000,1.050000,0.795002
0.900000,1.050000,0.862106
0.950000,1.050000,0.923686
1.000000,1.050000,0.980517
1.050000,1.050000,1.033186
1.100000,1.050000,1.082155
1.150000,1.050000,1.127795
1.200000,1.050000,1.170407
1.250000,1.050000,1.210241
1.300000,1.050000,1.247505
1.350000,1.050000,1.282376
1.400000,1.050000,1.315006
1.450000,1.050000,1.345524
1.500000,1.050000,1.374043
1.550000,1.050000,1.400662
1.600000,1.050000,1.425466
1.650000,1.050000,1.448530
1.700000,1.050000,1.469922
1.750000,1.050000,1.489699
1.800000,1.050000,1.507914
1.850000,1.050000,1.524612
1.900000,1.050000,1.539833
1.950000,1.050000,1.553614
2.000000,1.050000,1.565985
2.050000,1.050000,1.576974
2.100000,1.050000,1.586605
2.150000,1.050000,1.594897
2.200000,1.050000,1.601867
2.250000,1.050000,1.607531
2.300000,1.050000,1.611899
2.350000,1.050000,1.614979
2.400000,1.050000,1.616779
2.450000,1.050000,1.617302
2.500000,1.050000,1.616548
2.550000,1.050000,1.614516
2.600000,1.050000,1.611202
2.650000,1.050000,1.606599
2.700000,1.050000,1.600700
2.750000,1.050000,1.593490
2.800000,1.050000,1.584957
2.850000,1.050000,1.575082
2.900000,1.050000,1.563844
2.950000,1.050000,1.551219
3.000000,1.050000,1.465435
3.050000,1.050000,1.358308
3.100000,1.050000,1.239960
3.150000,1.050000,1.106797
3.200000,1.050000,0.952628
3.250000,1.050000,0.764853
3.300000,1.050000,0.507445
3.350000,1.050000,
3.400000,1.050000,
3.450000,1.050000,
3.500000,1.050000,
-3.500000,1.100000,
-3.450000,1.100000,
-3.400000,1.100000,
-3.350000,1.100000,
-3.300000,1.100000,0.387298
-3.250000,1.100000,0.691014
-3.200000,1.100000,0.894427
-3.150000,1.100000,1.057119
-3.100000,1.100000,1.195826
-3.050000,1.100000,1.318143
-3.000000,1.100000,1.428286
-2.950000,1.100000,1.528888
-2.900000,1.100000,1.621727
-2.850000,1.100000,1.708069
-2.800000,1.100000,1.788854
-2.750000,1.100000,1.864806
-2.700000,1.100000,1.936492
-2.650000,1.100000,2.004370
-2.600000,1.100000,2.068816
-2.550000,1.100000,2.101005
-2.500000,1.100000,2.077285
-2.450000,1.100000,2.051757
-2.400000,1.100000,2.024337
-2.350000,1.100000,1.994931
-2.300000,1.100000,1.963429
-2.250000,1.100000,1.929705
-2.200000,1.100000,1.893613
-2.150000,1.100000,1.854982
-2.100000,1.100000,1.813608
-2.050000,1.100000,1.769251
-2.000000,1.100000,1.721619
-1.950000,1.100000,1.670355
-1.900000,1.100000,1.615016
-1.850000,1.100000,1.555035
-1.800000,1.100000,1.489673
-1.750000,1.100000,1.417936
-1.700000,1.100000,1.338422
-1.650000,1.100000,1.249051
-1.600000,1.100000,1.212544
-1.550000,1.100000,1.180265
-1.500000,1.100000,1.145759
-1.450000,1.100000,1.108878
-1.400000,1.100000,1.069448
-1.350000,1.100000,1.027264
-1.300000,1.100000,0.982082
-1.250000,1.100000,0.933606
-1.200000,1.100000,0.881476
-1.150000,1.100000,0.825242
-1.100000,1.100000,0.764329
-1.050000,1.100000,0.697990
-1.000000,1.100000,0.625214
-0.950000,1.100000,0.544582
-0.900000,1.100000,0.453978
-0.850000,1.100000,0.349996
-0.800000,1.100000,0.226436
-0.750000,1.100000,0.187799
-0.700000,1.100000,0.157024
-0.650000,1.100000,0.124154
-0.600000,1.100000,0.089061
-0.550000,1.100000,0.051596
-0.500000,1.100000,0.011585
-0.450000,1.100000,-0.031178
-0.400000,1.100000,-0.076937
-0.350000,1.100000,-0.125986
-0.300000,1.100000,-0.178688
-0.250000,1.100000,-0.235490
-0.200000,1.100000,-0.296965
-0.150000,1.100000,-0.363857
-0.100000,1.100000,-0.437170
-0.050000,1.100000,-0.451453
-0.000000,1.100000,-0.370454
0.050000,1.100000,-0.297253
0.100000,1.100000,-0.230453
0.150000,1.100000,-0.169055
0.200000,1.100000,-0.112317
0.250000,1.100000,-0.059672
0.300000,1.100000,-0.010672
0.350000,1.100000,0.035042
0.400000,1.100000,0.077766
0.450000,1.100000,0.117742
0.500000,1.100000,0.155175
0.550000,1.100000,0.190238
0.600000,1.100000,0.286662
0.650000,1.100000,0.417842
0.700000,1.100000,0.526612
0.750000,1.100000,0.620602
0.800000,1.100000,0.703806
0.850000,1.100000,0.778630
0.900000,1.100000,0.846658
0.950000,1.100000,0.909000
1.000000,1.100000,0.966468
1.050000,1.100000,1.019681
1.100000,1.100000,1.069119
1.150000,1.100000,1.115168
1.200000,1.100000,1.158139
1.250000,1.100000,1.198290
1.300000,1.100000,1.235836
1.350000,1.100000,1.270959
1.400000,1.100000,1.303815
1.450000,1.100000,1.334537
1.500000,1.100000,1.363240
1.550000,1.100000,1.390025
1.600000,1.100000,1.414979
1.650000,1.100000,1.438180
1.700000,1.100000,1.459694
1.750000,1.100000,1.479582
1.800000,1.100000,1.497897
1.850000,1.100000,1.514685
1.900000,1.100000,1.529988
1.950000,1.100000,1.543841
2.000000,1.100000,1.556276
2.050000,1.100000,1.567321
2.100000,1.100000,1.576999
2.150000,1.100000,1.585333
2.200000,1.100000,1.592338
2.250000,1.100000,1.598029
2.300000,1.100000,1.602418
2.350000,1.100000,1.605514
2.400000,1.100000,1.607323
2.450000,1.100000,1.607847
2.500000,1.100000,1.607090
2.550000,1.100000,1.605048
2.600000,1.100000,1.601718
2.650000,1.100000,1.597093
2.700000,1.100000,1.591164
2.750000,1.100000,1.583919
2.800000,1.100000,1.575343
2.850000,1.100000,1.565418
2.900000,1.100000,1.554123
2.950000,1.100000,1.528888
3.000000,1.100000,1.428286
3.050000,1.100000,1.318143
3.100000,1.100000,1.195826
3.150000,1.100000,1.057119
3.200000,1.100000,0.894427
3.250000,1.100000,0.691014
3.300000,1.100000,0.387298
3.350000,1.100000,
3.400000,1.100000,
3.450000,1.100000,
3.500000,1.100000,
-3.500000,1.150000,
-3.450000,1.150000,
-3.400000,1.150000,
-3.350000,1.150000,
-3.300000,1.150000,0.193649
-3.250000,1.150000,0.604152
-3.200000,1.150000,0.829156
-3.150000,1.150000,1.002497
-3.100000,1.150000,1.147824
-3.050000,1.150000,1.274755
-3.000000,1.150000,1.388344
-2.950000,1.150000,1.491643
-2.900000,1.150000,1.586663
-2.850000,1.150000,1.674813
-2.800000,1.150000,1.757128
-2.750000,1.150000,1.834394
-2.700000,1.150000,1.907223
-2.650000,1.150000,1.976107
-2.600000,1.150000,2.041446
-2.550000,1.150000,2.103568
-2.500000,1.150000,2.092116
-2.450000,1.150000,2.066810
-2.400000,1.150000,2.039636
-2.350000,1.150000,2.010502
-2.300000,1.150000,1.979303
-2.250000,1.150000,1.945917
-2.200000,1.150000,1.910202
-2.150000,1.150000,1.871994
-2.100000,1.150000,1.831098
-2.050000,1.150000,1.787284
-2.000000,1.150000,1.740274
-1.950000,1.150000,1.689730
-1.900000,1.150000,1.635231
-1.850000,1.150000,1.576246
-1.800000,1.150000,1.512088
-1.750000,1.150000,1.441836
-1.700000,1.150000,1.364215
-1.650000,1.150000,1.277358
-1.600000,1.150000,1.200294
-1.550000,1.150000,1.167770
-1.500000,1.150000,1.132990
-1.450000,1.150000,1.095803
-1.400000,1.150000,1.056029
-1.350000,1.150000,1.013457
-1.300000,1.150000,0.967833
-1.250000,1.150000,0.918851
-1.200000,1.150000,0.866134
-1.150000,1.150000,0.809211
-1.100000,1.150000,0.747479
-1.050000,1.150000,0.680145
-1.000000,1.150000,0.606134
-0.950000,1.150000,0.523913
-0.900000,1.150000,0.431171
-0.850000,1.150000,0.324107
-0.800000,1.150000,0.217837
-0.750000,1.150000,0.189067
-0.700000,1.150000,0.158315
-0.650000,1.150000,0.125471
-0.600000,1.150000,0.090407
-0.550000,1.150000,0.052973
-0.500000,1.150000,0.012998
-0.450000,1.150000,-0.029724
-0.400000,1.150000,-0.075437
-0.350000,1.150000,-0.124434
-0.300000,1.150000,-0.177074
-0.250000,1.150000,-0.233806
-0.200000,1.150000,-0.295196
-0.150000,1.150000,-0.361986
-0.100000,1.150000,-0.435172
-0.050000,1.150000,-0.450373
-0.000000,1.150000,-0.369454
0.050000,1.150000,-0.296317
0.100000,1.150000,-0.229567
0.150000,1.150000,-0.168211
0.200000,1.150000,-0.111510
0.250000,1.150000,-0.058895
0.300000,1.150000,-0.009922
0.350000,1.150000,0.035770
0.400000,1.150000,0.078473
0.450000,1.150000,0.118431
0.500000,1.150000,0.155848
0.550000,1.150000,0.190897
0.600000,1.150000,0.252340
0.650000,1.150000,0.389702
0.700000,1.150000,0.502107
0.750000,1.150000,0.598550
0.800000,1.150000,0.683546
0.850000,1.150000,0.759747
0.900000,1.150000,0.828873
0.950000,1.150000,0.892114
1.000000,1.150000,0.950334
1.050000,1.150000,1.004184
1.100000,1.150000,1.054172
1.150000,1.150000,1.100698
1.200000,1.150000,1.144087
1.250000,1.150000,1.184608
1.300000,1.150000,1.222482
1.350000,1.150000,1.257899
1.400000,1.150000,1.291018
1.450000,1.150000,1.321976
1.500000,1.150000,1.350892
1.550000,1.150000,1.377870
1.600000,1.150000,1.402997
1.650000,1.150000,1.426355
1.700000,1.150000,1.448012
1.750000,1.150000,1.468028
1.800000,1.150000,1.486459
1.850000,1.150000,1.503351
1.900000,1.150000,1.518747
1.950000,1.150000,1.532683
2.000000,1.150000,1.545191
2.050000,1.150000,1.556301
2.100000,1.150000,1.566035
2.150000,1.150000,1.574416
2.200000,1.150000,1.581461
2.250000,1.150000,1.587185
2.300000,1.150000,1.591599
2.350000,1.150000,1.594712
2.400000,1.150000,1.596530
2.450000,1.150000,1.597058
2.500000,1.150000,1.596296
2.550000,1.150000,1.594243
2.600000,1.150000,1.590894
2.650000,1.150000,1.586244
2.700000,1.150000,1.580281
2.750000,1.150000,1.572995
2.800000,1.150000,1.564370
2.850000,1.150000,1.554387
2.900000,1.150000,1.543026
2.950000,1.150000,1.491643
3.000000,1.150000,1.388344
3.050000,1.150000,1.274755
3.100000,1.150000,1.147824
3.150000,1.150000,1.002497
3.200000,1.150000,0.829156
3.250000,1.150000,0.604152
3.300000,1.150000,0.193649
3.350000,1.150000,
3.400000,1.150000,
3.450000,1.150000,
3.500000,1.150000,
-3.500000,1.200000,
-3.450000,1.200000,
-3.400000,1.200000,
-3.350000,1.200000,
-3.300000,1.200000,
-3.250000,1.200000,0.497494
-3.200000,1.200000,0.754983
-3.150000,1.200000,0.942072
-3.100000,1.200000,1.095445
-3.050000,1.200000,1.227803
-3.000000,1.200000,1.345362
-2.950000,1.200000,1.451723
-2.900000,1.200000,1.549193
-2.850000,1.200000,1.639360
-2.800000,1.200000,1.723369
-2.750000,1.200000,1.802082
-2.700000,1.200000,1.876166
-2.650000,1.200000,1.946150
-2.600000,1.200000,2.012461
-2.550000,1.200000,2.075452
-2.500000,1.200000,2.105391
-2.450000,1.200000,2.080280
-2.400000,1.200000,2.053322
-2.350000,1.200000,2.024428
-2.300000,1.200000,1.993494
-2.250000,1.200000,1.960404
-2.200000,1.200000,1.925019
-2.150000,1.200000,1.887182
-2.100000,1.200000,1.846704
-2.050000,1.200000,1.803363
-2.000000,1.200000,1.756894
-1.950000,1.200000,1.706973
-1.900000,1.200000,1.653200
-1.850000,1.200000,1.595073
-1.800000,1.200000,1.531945
-1.750000,1.200000,1.462958
-1.700000,1.200000,1.386933
-1.650000,1.200000,1.302170
-1.600000,1.200000,1.206050
-1.550000,1.200000,1.153613
-1.500000,1.200000,1.118518
-1.450000,1.200000,1.080978
-1.400000,1.200000,1.040807
-1.350000,1.200000,0.997785
-1.300000,1.200000,0.951649
-1.250000,1.200000,0.902078
-1.200000,1.200000,0.848677
-1.150000,1.200000,0.790949
-1.100000,1.200000,0.728255
-1.050000,1.200000,0.659750
-1.000000,1.200000,0.584271
-0.950000,1.200000,0.500148
-0.900000,1.200000,0.404813
-0.850000,1.200000,0.293932
-0.800000,1.200000,0.217645
-0.750000,1.200000,0.188871
-0.700000,1.200000,0.158116
-0.650000,1.200000,0.125268
-0.600000,1.200000,0.090199
-0.550000,1.200000,0.052761
-0.500000,1.200000,0.012780
-0.450000,1.200000,-0.029948
-0.400000,1.200000,-0.075668
-0.350000,1.200000,-0.124673
-0.300000,1.200000,-0.177323
-0.250000,1.200000,-0.234066
-0.200000,1.200000,-0.295469
-0.150000,1.200000,-0.362275
-0.100000,1.200000,-0.435480
-0.050000,1.200000,-0.451783
-0.000000,1.200000,-0.370759
0.050000,1.200000,-0.297539
0.100000,1.200000,-0.230723
0.150000,1.200000,-0.169312
0.200000,1.200000,-0.112563
0.250000,1.200000,-0.059909
0.300000,1.200000,-0.010901
0.350000,1.200000,0.034821
0.400000,1.200000,0.077550
0.450000,1.200000,0.117532
0.500000,1.200000,0.154969
0.550000,1.200000,0.190037
0.600000,1.200000,0.222884
0.650000,1.200000,0.356865
0.700000,1.200000,0.473810
0.750000,1.200000,0.573240
0.800000,1.200000,0.660385
0.850000,1.200000,0.738222
0.900000,1.200000,0.808642
0.950000,1.200000,0.872937
1.000000,1.200000,0.932034
1.050000,1.200000,0.986627
1.100000,1.200000,1.037251
1.150000,1.200000,1.084329
1.200000,1.200000,1.128201
1.250000,1.200000,1.169148
1.300000,1.200000,1.207401
1.350000,1.200000,1.243155
1.400000,1.200000,1.276575
1.450000,1.200000,1.307805
1.500000,1.200000,1.336965
1.550000,1.200000,1.364162
1.600000,1.200000,1.389489
1.650000,1.200000,1.413027
1.700000,1.200000,1.434846
1.750000,1.200000,1.455009
1.800000,1.200000,1.473572
1.850000,1.200000,1.490583
1.900000,1.200000,1.506085
1.950000,1.200000,1.520116
2.000000,1.200000,1.532708
2.050000,1.200000,1.543891
2.100000,1.200000,1.553690
2.150000,1.200000,1.562125
2.200000,1.200000,1.569215
2.250000,1.200000,1.574975
2.300000,1.200000,1.579417
2.350000,1.200000,1.582550
2.400000,1.200000,1.584380
2.450000,1.200000,1.584911
2.500000,1.200000,1.584144
2.550000,1.200000,1.582078
2.600000,1.200000,1.578708
2.650000,1.200000,1.574028
2.700000,1.200000,1.568027
2.750000,1.200000,1.560694
2.800000,1.200000,1.552013
2.850000,1.200000,1.541965
2.900000,1.200000,1.530528
2.950000,1.200000,1.451723
3.000000,1.200000,1.345362
3.050000,1.200000,1.227803
3.100000,1.200000,1.095445
3.150000,1.200000,0.942072
3.200000,1.200000,0.754983
3.250000,1.200000,0.497494
3.300000,1.200000,
3.350000,1.200000,
3.400000,1.200000,
3.450000,1.200000,
3.500000,1.200000,
-3.500000,1.250000,
-3.450000,1.250000,
-3.400000,1.250000,
-3.350000,1.250000,
-3.300000,1.250000,
-3.250000,1.250000,0.353553
-3.200000,1.250000,0.668954
-3.150000,1.250000,0.874643
-3.100000,1.250000,1.038027
-3.050000,1.250000,1.176860
-3.000000,1.250000,1.299038
-2.950000,1.250000,1.408900
-2.900000,1.250000,1.509139
-2.850000,1.250000,1.601562
-2.800000,1.250000,1.687454
-2.750000,1.250000,1.767767
-2.700000,1.250000,1.843231
-2.650000,1.250000,1.914419
-2.600000,1.250000,1.981792
-2.550000,1.250000,2.045727
-2.500000,1.250000,2.106537
-2.450000,1.250000,2.092203
-2.400000,1.250000,2.065434
-2.350000,1.250000,2.036748
-2.300000,1.250000,2.006046
-2.250000,1.250000,1.973213
-2.200000,1.250000,1.938116
-2.150000,1.250000,1.900600
-2.100000,1.250000,1.860483
-2.050000,1.250000,1.817552
-2.000000,1.250000,1.771550
-1.950000,1.250000,1.722166
-1.900000,1.250000,1.669017
-1.850000,1.250000,1.611624
-1.800000,1.250000,1.549374
-1.750000,1.250000,1.481458
-1.700000,1.250000,1.406777
-1.650000,1.250000,1.323759
-1.600000,1.250000,1.230024
-1.550000,1.250000,1.137749
-1.500000,1.250000,1.102294
-1.450000,1.250000,1.064350
-1.400000,1.250000,1.023724
-1.350000,1.250000,0.980186
-1.300000,1.250000,0.933461
-1.250000,1.250000,0.883210
-1.200000,1.250000,0.829018
-1.150000,1.250000,0.770356
-1.100000,1.250000,0.706540
-1.050000,1.250000,0.636659
-1.000000,1.250000,0.559444
-0.950000,1.250000,0.473046
-0.900000,1.250000,0.374559
-0.850000,1.250000,0.258921
-0.800000,1.250000,0.216013
-0.750000,1.250000,0.187212
-0.700000,1.250000,0.156426
-0.650000,1.250000,0.123545
-0.600000,1.250000,0.088438
-0.550000,1.250000,0.050958
-0.500000,1.250000,0.010930
-0.450000,1.250000,-0.031851
-0.400000,1.250000,-0.077632
-0.350000,1.250000,-0.126706
-0.300000,1.250000,-0.179435
-0.250000,1.250000,-0.236271
-0.200000,1.250000,-0.297785
-0.150000,1.250000,-0.364725
-0.100000,1.250000,-0.438096
-0.050000,1.250000,-0.455693
-0.000000,1.250000,-0.374375
0.050000,1.250000,-0.300926
0.100000,1.250000,-0.233925
0.150000,1.250000,-0.172360
0.200000,1.250000,-0.115483
0.250000,1.250000,-0.062718
0.300000,1.250000,-0.013615
0.350000,1.250000,0.032190
0.400000,1.250000,0.074993
0.450000,1.250000,0.115040
0.500000,1.250000,0.152536
0.550000,1.250000,0.187656
0.600000,1.250000,0.220549
0.650000,1.250000,0.318631
0.700000,1.250000,0.441307
0.750000,1.250000,0.544393
0.800000,1.250000,0.634118
0.850000,1.250000,0.713893
0.900000,1.250000,0.785834
0.950000,1.250000,0.851359
1.000000,1.250000,0.911473
1.050000,1.250000,0.966924
1.100000,1.250000,1.018282
1.150000,1.250000,1.065995
1.200000,1.250000,1.110421
1.250000,1.250000,1.151856
1.300000,1.250000,1.190540
1.350000,1.250000,1.226679
1.400000,1.250000,1.260443
1.450000,1.250000,1.291981
1.500000,1.250000,1.321419
1.550000,1.250000,1.348866
1.600000,1.250000,1.374419
1.650000,1.250000,1.398160
1.700000,1.250000,1.420163
1.750000,1.250000,1.440493
1.800000,1.250000,1.459205
1.850000,1.250000,1.476351
1.900000,1.250000,1.491973
1.950000,1.250000,1.506111
2.000000,1.250000,1.518798
2.050000,1.250000,1.530064
2.100000,1.250000,1.539935
2.150000,1.250000,1.548431
2.200000,1.250000,1.555573
2.250000,1.250000,1.561374
2.300000,1.250000,1.565848
2.350000,1.250000,1.569003
2.400000,1.250000,1.570846
2.450000,1.250000,1.571381
2.500000,1.250000,1.570608
2.550000,1.250000,1.568528
2.600000,1.250000,1.565134
2.650000,1.250000,1.560420
2.700000,1.250000,1.554377
2.750000,1.250000,1.546990
2.800000,1.250000,1.538246
2.850000,1.250000,1.528124
2.900000,1.250000,1.509139
2.950000,1.250000,1.408900
3.000000,1.250000,1.299038
3.050000,1.250000,1.176860
3.100000,1.250000,1.038027
3.150000,1.250000,0.874643
3.200000,1.250000,0.668954
3.250000,1.250000,0.353553
3.300000,1.250000,
3.350000,1.250000,
3.400000,1.250000,
3.450000,1.250000,
3.500000,1.250000,
-3.500000,1.300000,
-3.450000,1.300000,
-3.400000,1.300000,
-3.350000,1.300000,
-3.300000,1.300000,
-3.250000,1.300000,
-3.200000,1.300000,0.565685
-3.150000,1.300000,0.798436
-3.100000,1.300000,0.974679
-3.050000,1.300000,1.121383
-3.000000,1.300000,1.249000
-2.950000,1.300000,1.362901
-2.900000,1.300000,1.466288
-2.850000,1.300000,1.561249
-2.800000,1.300000,1.649242
-2.750000,1.300000,1.731329
-2.700000,1.300000,1.808314
-2.650000,1.300000,1.880824
-2.600000,1.300000,1.949359
-2.550000,1.300000,2.014324
-2.500000,1.300000,2.076054
-2.450000,1.300000,2.102612
-2.400000,1.300000,2.076005
-2.350000,1.300000,2.047499
-2.300000,1.300000,2.016996
-2.250000,1.300000,1.984384
-2.200000,1.300000,1.949533
-2.150000,1.300000,1.912293
-2.100000,1.300000,1.872486
-2.050000,1.300000,1.829906
-2.000000,1.300000,1.784302
-1.950000,1.300000,1.735376
-1.900000,1.300000,1.682757
-1.850000,1.300000,1.625987
-1.800000,1.300000,1.564479
-1.750000,1.300000,1.497465
-1.700000,1.300000,1.423906
-1.650000,1.300000,1.342335
-1.600000,1.300000,1.250556
-1.550000,1.300000,1.145000
-1.500000,1.300000,1.084263
-1.450000,1.300000,1.045860
-1.400000,1.300000,1.004715
-1.350000,1.300000,0.960588
-1.300000,1.300000,0.913188
-1.250000,1.300000,0.862158
-1.200000,1.300000,0.807054
-1.150000,1.300000,0.747310
-1.100000,1.300000,0.682189
-1.050000,1.300000,0.610695
-1.000000,1.300000,0.531427
-0.950000,1.300000,0.442301
-0.900000,1.300000,0.339960
-0.850000,1.300000,0.239899
-0.800000,1.300000,0.212938
-0.750000,1.300000,0.184085
-0.700000,1.300000,0.153242
-0.650000,1.300000,0.120296
-0.600000,1.300000,0.085119
-0.550000,1.300000,0.047560
-0.500000,1.300000,0.007442
-0.450000,1.300000,-0.035440
-0.400000,1.300000,-0.081334
-0.350000,1.300000,-0.130539
-0.300000,1.300000,-0.183420
-0.250000,1.300000,-0.240432
-0.200000,1.300000,-0.302157
-0.150000,1.300000,-0.369350
-0.100000,1.300000,-0.443037
-0.050000,1.300000,-0.462132
-0.000000,1.300000,-0.380327
0.050000,1.300000,-0.306498
0.100000,1.300000,-0.239189
0.150000,1.300000,-0.177371
0.200000,1.300000,-0.120280
0.250000,1.300000,-0.067333
0.300000,1.300000,-0.018072
0.350000,1.300000,0.027871
0.400000,1.300000,0.070795
0.450000,1.300000,0.110949
0.500000,1.300000,0.148541
0.550000,1.300000,0.183746
0.600000,1.300000,0.216717
0.650000,1.300000,0.273995
0.700000,1.300000,0.404051
0.750000,1.300000,0.511650
0.800000,1.300000,0.604484
0.850000,1.300000,0.686562
0.900000,1.300000,0.760289
0.950000,1.300000,0.827246
1.000000,1.300000,0.888540
1.050000,1.300000,0.944979
1.100000,1.300000,0.997179
1.150000,1.300000,1.045618
1.200000,1.300000,1.090677
1.250000,1.300000,1.132666
1.300000,1.300000,1.171841
1.350000,1.300000,1.208415
1.400000,1.300000,1.242569
1.450000,1.300000,1.274456
1.500000,1.300000,1.304207
1.550000,1.300000,1.331937
1.600000,1.300000,1.357744
1.650000,1.300000,1.381715
1.700000,1.300000,1.403926
1.750000,1.300000,1.424442
1.800000,1.300000,1.443323
1.850000,1.300000,1.460620
1.900000,1.300000,1.476377
1.950000,1.300000,1.490635
2.000000,1.300000,1.503429
2.050000,1.300000,1.514788
2.100000,1.300000,1.524739
2.150000,1.300000,1.533305
2.200000,1.300000,1.540504
2.250000,1.300000,1.546351
2.300000,1.300000,1.550860
2.350000,1.300000,1.554040
2.400000,1.300000,1.555898
2.450000,1.300000,1.556437
2.500000,1.300000,1.555659
2.550000,1.300000,1.553562
2.600000,1.300000,1.550141
2.650000,1.300000,1.545390
2.700000,1.300000,1.539298
2.750000,1.300000,1.531852
2.800000,1.300000,1.523037
2.850000,1.300000,1.512832
2.900000,1.300000,1.466288
2.950000,1.300000,1.362901
3.000000,1.300000,1.249000
3.050000,1.300000,1.121383
3.100000,1.300000,0.974679
3.150000,1.300000,0.798436
3.200000,1.300000,0.565685
3.250000,1.300000,
3.300000,1.300000,
3.350000,1.300000,
3.400000,1.300000,
3.450000,1.300000,
3.500000,1.300000,
-3.500000,1.350000,
-3.450000,1.350000,
-3.400000,1.350000,
-3.350000,1.350000,
-3.300000,1.350000,
-3.250000,1.350000,
-3.200000,1.350000,0.433013
-3.150000,1.350000,0.710634
-3.100000,1.350000,0.904157
-3.050000,1.350000,1.060660
-3.000000,1.350000,1.194780
-2.950000,1.350000,1.313393
-2.900000,1.350000,1.420387
-2.850000,1.350000,1.518223
-2.800000,1.350000,1.608571
-2.750000,1.350000,1.692631
-2.700000,1.350000,1.771299
-2.650000,1.350000,1.845264
-2.600000,1.350000,1.915072
-2.550000,1.350000,1.981161
-2.500000,1.350000,2.043893
-2.450000,1.350000,2.103568
-2.400000,1.350000,2.085063
-2.350000,1.350000,2.056709
-2.300000,1.350000,2.026375
-2.250000,1.350000,1.993950
-2.200000,1.350000,1.959308
-2.150000,1.350000,1.922300
-2.100000,1.350000,1.882755
-2.050000,1.350000,1.840470
-2.000000,1.350000,1.795202
-1.950000,1.350000,1.746660
-1.900000,1.350000,1.694486
-1.850000,1.350000,1.638236
-1.800000,1.350000,1.577346
-1.750000,1.350000,1.511081
-1.700000,1.350000,1.438451
-1.650000,1.350000,1.358068
-1.600000,1.350000,1.267879
-1.550000,1.350000,1.164596
-1.500000,1.350000,1.064360
-1.450000,1.350000,1.025436
-1.400000,1.350000,0.983703
-1.350000,1.350000,0.938906
-1.300000,1.350000,0.890736
-1.250000,1.350000,0.838812
-1.200000,1.350000,0.782660
-1.150000,1.350000,0.721667
-1.100000,1.350000,0.655027
-1.050000,1.350000,0.581641
-1.000000,1.350000,0.499935
-0.950000,1.350000,0.407518
-0.900000,1.350000,0.300410
-0.850000,1.350000,0.235442
-0.800000,1.350000,0.208412
-0.750000,1.350000,0.179482
-0.700000,1.350000,0.148554
-0.650000,1.350000,0.115514
-0.600000,1.350000,0.080232
-0.550000,1.350000,0.042555
-0.500000,1.350000,0.002306
-0.450000,1.350000,-0.040725
-0.400000,1.350000,-0.086789
-0.350000,1.350000,-0.136188
-0.300000,1.350000,-0.189293
-0.250000,1.350000,-0.246568
-0.200000,1.350000,-0.308605
-0.150000,1.350000,-0.376178
-0.100000,1.350000,-0.450334
-0.050000,1.350000,-0.471151
-0.000000,1.350000,-0.388654
0.050000,1.350000,-0.314286
0.100000,1.350000,-0.246543
0.150000,1.350000,-0.184367
0.200000,1.350000,-0.126976
0.250000,1.350000,-0.073772
0.300000,1.350000,-0.024289
0.350000,1.350000,0.021847
0.400000,1.350000,0.064941
0.450000,1.350000,0.105246
0.500000,1.350000,0.142972
0.550000,1.350000,0.178297
0.600000,1.350000,0.211375
0.650000,1.350000,0.242338
0.700000,1.350000,0.361285
0.750000,1.350000,0.474541
0.800000,1.350000,0.571158
0.850000,1.350000,0.655981
0.900000,1.350000,0.731810
0.950000,1.350000,0.800438
1.000000,1.350000,0.863097
1.050000,1.350000,0.920675
1.100000,1.350000,0.973839
1.150000,1.350000,1.023106
1.200000,1.350000,1.068885
1.250000,1.350000,1.111504
1.300000,1.350000,1.151234
1.350000,1.350000,1.188301
1.400000,1.350000,1.222894
1.450000,1.350000,1.255174
1.500000,1.350000,1.285278
1.550000,1.350000,1.313325
1.600000,1.350000,1.339418
1.650000,1.350000,1.363646
1.700000,1.350000,1.386089
1.750000,1.350000,1.406815
1.800000,1.350000,1.425884
1.850000,1.350000,1.443350
1.900000,1.350000,1.459258
1.950000,1.350000,1.473651
2.000000,1.350000,1.486563
2.050000,1.350000,1.498027
2.100000,1.350000,1.508068
2.150000,1.350000,1.516711
2.200000,1.350000,1.523973
2.250000,1.350000,1.529873
2.300000,1.350000,1.534421
2.350000,1.350000,1.537629
2.400000,1.350000,1.539503
2.450000,1.350000,1.540047
2.500000,1.350000,1.539262
2.550000,1.350000,1.537146
2.600000,1.350000,1.533696
2.650000,1.350000,1.528903
2.700000,1.350000,1.522757
2.750000,1.350000,1.515245
2.800000,1.350000,1.506350
2.850000,1.350000,1.496053
2.900000,1.350000,1.420387
2.950000,1.350000,1.313393
3.000000,1.350000,1.194780
3.050000,1.350000,1.060660
3.100000,1.350000,0.904157
3.150000,1.350000,0.710634
3.200000,1.350000,0.433013
3.250000,1.350000,
3.300000,1.350000,
3.350000,1.350000,
3.400000,1.350000,
3.450000,1.350000,
3.500000,1.350000,
-3.500000,1.400000,
-3.450000,1.400000,
-3.400000,1.400000,
-3.350000,1.400000,
-3.300000,1.400000,
-3.250000,1.400000,
-3.200000,1.400000,0.223607
-3.150000,1.400000,0.606218
-3.100000,1.400000,0.824621
-3.050000,1.400000,0.993730
-3.000000,1.400000,1.135782
-2.950000,1.400000,1.259960
-2.900000,1.400000,1.371131
-2.850000,1.400000,1.472243
-2.800000,1.400000,1.565248
-2.750000,1.400000,1.651514
-2.700000,1.400000,1.732051
-2.650000,1.400000,1.807623
-2.600000,1.400000,1.878829
-2.550000,1.400000,1.946150
-2.500000,1.400000,2.009975
-2.450000,1.400000,2.070628
-2.400000,1.400000,2.092633
-2.350000,1.400000,2.064405
-2.300000,1.400000,2.034210
-2.250000,1.400000,2.001940
-2.200000,1.400000,1.967470
-2.150000,1.400000,1.930654
-2.100000,1.400000,1.891325
-2.050000,1.400000,1.849283
-2.000000,1.400000,1.804291
-1.950000,1.400000,1.756064
-1.900000,1.400000,1.704255
-1.850000,1.400000,1.648432
-1.800000,1.400000,1.588047
-1.750000,1.400000,1.522392
-1.700000,1.400000,1.450514
-1.650000,1.400000,1.371090
-1.600000,1.400000,1.282174
-1.550000,1.400000,1.180690
-1.500000,1.400000,1.061209
-1.450000,1.400000,1.002998
-1.400000,1.400000,0.960598
-1.350000,1.400000,0.915039
-1.300000,1.400000,0.865992
-1.250000,1.400000,0.813047
-1.200000,1.400000,0.755688
-1.150000,1.400000,0.693249
-1.100000,1.400000,0.624839
-1.050000,1.400000,0.549224
-1.000000,1.400000,0.464607
-0.950000,1.400000,0.368179
-0.900000,1.400000,0.255067
-0.850000,1.400000,0.229546
-0.800000,1.400000,0.202424
-0.750000,1.400000,0.173391
-0.700000,1.400000,0.142350
-0.650000,1.400000,0.109184
-0.600000,1.400000,0.073762
-0.550000,1.400000,0.035928
-0.500000,1.400000,-0.004497
-0.450000,1.400000,-0.047727
-0.400000,1.400000,-0.094016
-0.350000,1.400000,-0.143674
-0.300000,1.400000,-0.197080
-0.250000,1.400000,-0.254708
-0.200000,1.400000,-0.317164
-0.150000,1.400000,-0.385246
-0.100000,1.400000,-0.460037
-0.050000,1.400000,-0.482822
-0.000000,1.400000,-0.399412
0.050000,1.400000,-0.324336
0.100000,1.400000,-0.256026
0.150000,1.400000,-0.193382
0.200000,1.400000,-0.135599
0.250000,1.400000,-0.082061
0.300000,1.400000,-0.032290
0.350000,1.400000,0.014098
0.400000,1.400000,0.057413
0.450000,1.400000,0.097913
0.500000,1.400000,0.135813
0.550000,1.400000,0.171294
0.600000,1.400000,0.204511
0.650000,1.400000,0.235599
0.700000,1.400000,0.311928
0.750000,1.400000,0.432440
0.800000,1.400000,0.533716
0.850000,1.400000,0.621841
0.900000,1.400000,0.700158
0.950000,1.400000,0.770741
1.000000,1.400000,0.834982
1.050000,1.400000,0.893871
1.100000,1.400000,0.948141
1.150000,1.400000,0.998353
1.200000,1.400000,1.044949
1.250000,1.400000,1.088281
1.300000,1.400000,1.128640
1.350000,1.400000,1.166262
1.400000,1.400000,1.201349
1.450000,1.400000,1.234070
1.500000,1.400000,1.264570
1.550000,1.400000,1.292972
1.600000,1.400000,1.319385
1.650000,1.400000,1.343902
1.700000,1.400000,1.366604
1.750000,1.400000,1.387563
1.800000,1.400000,1.406842
1.850000,1.400000,1.424496
1.900000,1.400000,1.440573
1.950000,1.400000,1.455115
2.000000,1.400000,1.468160
2.050000,1.400000,1.479739
2.100000,1.400000,1.489881
2.150000,1.400000,1.498609
2.200000,1.400000,1.505943
2.250000,1.400000,1.511900
2.300000,1.400000,1.516492
2.350000,1.400000,1.519731
2.400000,1.400000,1.521623
2.450000,1.400000,1.522172
2.500000,1.400000,1.521379
2.550000,1.400000,1.519243
2.600000,1.400000,1.515759
2.650000,1.400000,1.510920
2.700000,1.400000,1.504715
2.750000,1.400000,1.497129
2.800000,1.400000,1.488146
2.850000,1.400000,1.472243
2.900000,1.400000,1.371131
2.950000,1.400000,1.259960
3.000000,1.400000,1.135782
3.050000,1.400000,0.993730
3.100000,1.400000,0.824621
3.150000,1.400000,0.606218
3.200000,1.400000,0.223607
3.250000,1.400000,
3.300000,1.400000,
3.350000,1.400000,
3.400000,1.400000,
3.450000,1.400000,
3.500000,1.400000,
-3.500000,1.450000,
-3.450000,1.450000,
-3.400000,1.450000,
-3.350000,1.450000,
-3.300000,1.450000,
-3.250000,1.450000,
-3.200000,1.450000,
-3.150000,1.450000,0.474342
-3.100000,1.450000,0.733144
-3.050000,1.450000,0.919239
-3.000000,1.450000,1.071214
-2.950000,1.450000,1.202082
-2.900000,1.450000,1.318143
-2.850000,1.450000,1.423025
-2.800000,1.450000,1.519046
-2.750000,1.450000,1.607794
-2.700000,1.450000,1.690414
-2.650000,1.450000,1.767767
-2.600000,1.450000,1.840516
-2.550000,1.450000,1.909188
-2.500000,1.450000,1.974209
-2.450000,1.450000,2.035927
-2.400000,1.450000,2.094636
-2.350000,1.450000,2.070606
-2.300000,1.450000,2.040523
-2.250000,1.450000,2.008376
-2.200000,1.450000,1.974043
-2.150000,1.450000,1.937381
-2.100000,1.450000,1.898224
-2.050000,1.450000,1.856375
-2.000000,1.450000,1.811603
-1.950000,1.450000,1.763627
-1.900000,1.450000,1.712108
-1.850000,1.450000,1.656622
-1.800000,1.450000,1.596638
-1.750000,1.450000,1.531463
-1.700000,1.450000,1.460178
-1.650000,1.450000,1.381505
-1.600000,1.450000,1.293580
-1.550000,1.450000,1.193484
-1.500000,1.450000,1.076138
-1.450000,1.450000,0.978449
-1.400000,1.450000,0.935295
-1.350000,1.450000,0.888871
-1.300000,1.450000,0.838823
-1.250000,1.450000,0.784708
-1.200000,1.450000,0.725961
-1.150000,1.450000,0.661844
-1.100000,1.450000,0.591361
-1.050000,1.450000,0.513104
-1.000000,1.450000,0.424976
-0.950000,1.450000,0.323584
-0.900000,1.450000,0.247602
-0.850000,1.450000,0.222196
-0.800000,1.450000,0.194957
-0.750000,1.450000,0.165797
-0.700000,1.450000,0.134613
-0.650000,1.450000,0.101289
-0.600000,1.450000,0.065690
-0.550000,1.450000,0.027659
-0.500000,1.450000,-0.012988
-0.450000,1.450000,-0.056468
-0.400000,1.450000,-0.103043
-0.350000,1.450000,-0.153029
-0.300000,1.450000,-0.206815
-0.250000,1.450000,-0.264890
-0.200000,1.450000,-0.327880
-0.150000,1.450000,-0.396611
-0.100000,1.450000,-0.472212
-0.050000,1.450000,-0.497240
-0.000000,1.450000,-0.412677
0.050000,1.450000,-0.336709
0.100000,1.450000,-0.267687
0.150000,1.450000,-0.204460
0.200000,1.450000,-0.146187
0.250000,1.450000,-0.092233
0.300000,1.450000,-0.042103
0.350000,1.450000,0.004596
0.400000,1.450000,0.048185
0.450000,1.450000,0.088927
0.500000,1.450000,0.127042
0.550000,1.450000,0.162715
0.600000,1.450000,0.196106
0.650000,1.450000,0.227349
0.700000,1.450000,0.256562
0.750000,1.450000,0.384479
0.800000,1.450000,0.491605
0.850000,1.450000,0.583749
0.900000,1.450000,0.665034
0.950000,1.450000,0.737915
1.000000,1.450000,0.803999
1.050000,1.450000,0.864401
1.100000,1.450000,0.919939
1.150000,1.450000,0.971231
1.200000,1.450000,1.018756
1.250000,1.450000,1.062897
1.300000,1.450000,1.103964
1.350000,1.450000,1.142212
1.400000,1.450000,1.177855
1.450000,1.450000,1.211071
1.500000,1.450000,1.242014
1.550000,1.450000,1.270813
1.600000,1.450000,1.297583
1.650000,1.450000,1.322421
1.700000,1.450000,1.345412
1.750000,1.450000,1.366632
1.800000,1.450000,1.386144
1.850000,1.450000,1.404008
1.900000,1.450000,1.420272
1.950000,1.450000,1.434980
2.000000,1.450000,1.448172
2.050000,1.450000,1.459879
2.100000,1.450000,1.470132
2.150000,1.450000,1.478955
2.200000,1.450000,1.486367
2.250000,1.450000,1.492388
2.300000,1.450000,1.497029
2.350000,1.450000,1.500302
2.400000,1.450000,1.502214
2.450000,1.450000,1.502769
2.500000,1.450000,1.501968
2.550000,1.450000,1.499809
2.600000,1.450000,1.496289
2.650000,1.450000,1.491398
2.700000,1.450000,1.485126
2.750000,1.450000,1.477459
2.800000,1.450000,1.468378
2.850000,1.450000,1.423025
2.900000,1.450000,1.318143
2.950000,1.450000,1.202082
3.000000,1.450000,1.071214
3.050000,1.450000,0.919239
3.100000,1.450000,0.733144
3.150000,1.450000,0.474342
3.200000,1.450000,
3.250000,1.450000,
3.300000,1.450000,
3.350000,1.450000,
3.400000,1.450000,
3.450000,1.450000,
3.500000,1.450000,
-3.500000,1.500000,
-3.450000,1.500000,
-3.400000,1.500000,
-3.350000,1.500000,
-3.300000,1.500000,
-3.250000,1.500000,
-3.200000,1.500000,
-3.150000,1.500000,0.278388
-3.100000,1.500000,0.624500
-3.050000,1.500000,0.835165
-3.000000,1.500000,1.000000
-2.950000,1.500000,1.139079
-2.900000,1.500000,1.260952
-2.850000,1.500000,1.370219
-2.800000,1.500000,1.469694
-2.750000,1.500000,1.561249
-2.700000,1.500000,1.646208
-2.650000,1.500000,1.725543
-2.600000,1.500000,1.800000
-2.550000,1.500000,1.870160
-2.500000,1.500000,1.936492
-2.450000,1.500000,1.999375
-2.400000,1.500000,2.059126
-2.350000,1.500000,2.075329
-2.300000,1.500000,2.045330
-2.250000,1.500000,2.013276
-2.200000,1.500000,1.979047
-2.150000,1.500000,1.942501
-2.100000,1.500000,1.903474
-2.050000,1.500000,1.861771
-2.000000,1.500000,1.817165
-1.950000,1.500000,1.769378
-1.900000,1.500000,1.718077
-1.850000,1.500000,1.662846
-1.800000,1.500000,1.603161
-1.750000,1.500000,1.538347
-1.700000,1.500000,1.467505
-1.650000,1.500000,1.389391
-1.600000,1.500000,1.302202
-1.550000,1.500000,1.203128
-1.500000,1.500000,1.087338
-1.450000,1.500000,0.951679
-1.400000,1.500000,0.907670
-1.350000,1.500000,0.860264
-1.300000,1.500000,0.809073
-1.250000,1.500000,0.753614
-1.200000,1.500000,0.693262
-1.150000,1.500000,0.627189
-1.100000,1.500000,0.554261
-1.050000,1.500000,0.472842
-1.000000,1.500000,0.380420
-0.950000,1.500000,0.272751
-0.900000,1.500000,0.238907
-0.850000,1.500000,0.213374
-0.800000,1.500000,0.185994
-0.750000,1.500000,0.156677
-0.700000,1.500000,0.125320
-0.650000,1.500000,0.091804
-0.600000,1.500000,0.055991
-0.550000,1.500000,0.017721
-0.500000,1.500000,-0.023196
-0.450000,1.500000,-0.066982
-0.400000,1.500000,-0.113905
-0.350000,1.500000,-0.164291
-0.300000,1.500000,-0.218542
-0.250000,1.500000,-0.277165
-0.200000,1.500000,-0.340810
-0.150000,1.500000,-0.410341
-0.100000,1.500000,-0.486947
-0.050000,1.500000,-0.514533
-0.000000,1.500000,-0.428544
0.050000,1.500000,-0.351484
0.100000,1.500000,-0.281593
0.150000,1.500000,-0.217654
0.200000,1.500000,-0.158788
0.250000,1.500000,-0.104331
0.300000,1.500000,-0.053769
0.350000,1.500000,-0.006693
0.400000,1.500000,0.037226
0.450000,1.500000,0.078259
0.500000,1.500000,0.116632
0.550000,1.500000,0.152537
0.600000,1.500000,0.186134
0.650000,1.500000,0.217564
0.700000,1.500000,0.246945
0.750000,1.500000,0.329401
0.800000,1.500000,0.444073
0.850000,1.500000,0.541192
0.900000,1.500000,0.626059
0.950000,1.500000,0.701666
1.000000,1.500000,0.769907
1.050000,1.500000,0.832065
1.100000,1.500000,0.889063
1.150000,1.500000,0.941590
1.200000,1.500000,0.990173
1.250000,1.500000,1.035231
1.300000,1.500000,1.077099
1.350000,1.500000,1.116052
1.400000,1.500000,1.152319
1.450000,1.500000,1.186091
1.500000,1.500000,1.217529
1.550000,1.500000,1.246772
1.600000,1.500000,1.273941
1.650000,1.500000,1.299137
1.700000,1.500000,1.322450
1.750000,1.500000,1.343958
1.800000,1.500000,1.363730
1.850000,1.500000,1.381826
1.900000,1.500000,1.398297
1.950000,1.500000,1.413190
2.000000,1.500000,1.426544
2.050000,1.500000,1.438394
2.100000,1.500000,1.448770
2.150000,1.500000,1.457697
2.200000,1.500000,1.465197
2.250000,1.500000,1.471288
2.300000,1.500000,1.475983
2.350000,1.500000,1.479294
2.400000,1.500000,1.481227
2.450000,1.500000,1.481788
2.500000,1.500000,1.480978
2.550000,1.500000,1.478795
2.600000,1.500000,1.475234
2.650000,1.500000,1.470286
2.700000,1.500000,1.463941
2.750000,1.500000,1.456183
2.800000,1.500000,1.446995
2.850000,1.500000,1.370219
2.900000,1.500000,1.260952
2.950000,1.500000,1.139079
3.000000,1.500000,1.000000
3.050000,1.500000,0.835165
3.100000,1.500000,0.624500
3.150000,1.500000,0.278388
3.200000,1.500000,
3.250000,1.500000,
3.300000,1.500000,
3.350000,1.500000,
3.400000,1.500000,
3.450000,1.500000,
3.500000,1.500000,
-3.500000,1.550000,
-3.450000,1.550000,
-3.400000,1.550000,
-3.350000,1.550000,
-3.300000,1.550000,
-3.250000,1.550000,
-3.200000,1.550000,
-3.150000,1.550000,
-3.100000,1.550000,0.487340
-3.050000,1.550000,0.738241
-3.000000,1.550000,0.920598
-2.950000,1.550000,1.070047
-2.900000,1.550000,1.198958
-2.850000,1.550000,1.313393
-2.800000,1.550000,1.416863
-2.750000,1.550000,1.511622
-2.700000,1.550000,1.599219
-2.650000,1.550000,1.680774
-2.600000,1.550000,1.757128
-2.550000,1.550000,1.828934
-2.500000,1.550000,1.896708
-2.450000,1.550000,1.960867
-2.400000,1.550000,2.021757
-2.350000,1.550000,2.078586
-2.300000,1.550000,2.048644
-2.250000,1.550000,2.016655
-2.200000,1.550000,1.982497
-2.150000,1.550000,1.946030
-2.100000,1.550000,1.907092
-2.050000,1.550000,1.865490
-2.000000,1.550000,1.820997
-1.950000,1.550000,1.773340
-1.900000,1.550000,1.722187
-1.850000,1.550000,1.667129
-1.800000,1.550000,1.607650
-1.750000,1.550000,1.543081
-1.700000,1.550000,1.472540
-1.650000,1.550000,1.394807
-1.600000,1.550000,1.308115
-1.550000,1.550000,1.209730
-1.500000,1.550000,1.094980
-1.450000,1.550000,0.954475
-1.400000,1.550000,0.877578
-1.350000,1.550000,0.829051
-1.300000,1.550000,0.776552
-1.250000,1.550000,0.719544
-1.200000,1.550000,0.657325
-1.150000,1.550000,0.588956
-1.100000,1.550000,0.513119
-1.050000,1.550000,0.427865
-1.000000,1.550000,0.330090
-0.950000,1.550000,0.252643
-0.900000,1.550000,0.228740
-0.850000,1.550000,0.203056
-0.800000,1.550000,0.175509
-0.750000,1.550000,0.146008
-0.700000,1.550000,0.114447
-0.650000,1.550000,0.080703
-0.600000,1.550000,0.044636
-0.550000,1.550000,0.006081
-0.500000,1.550000,-0.035156
-0.450000,1.550000,-0.079306
-0.400000,1.550000,-0.126644
-0.350000,1.550000,-0.177508
-0.300000,1.550000,-0.232316
-0.250000,1.550000,-0.291595
-0.200000,1.550000,-0.356029
-0.150000,1.550000,-0.426527
-0.100000,1.550000,-0.504352
-0.050000,1.550000,-0.534863
-0.000000,1.550000,-0.447138
0.050000,1.550000,-0.368758
0.100000,1.550000,-0.297823
0.150000,1.550000,-0.233035
0.200000,1.550000,-0.173463
0.250000,1.550000,-0.118407
0.300000,1.550000,-0.067332
0.350000,1.550000,-0.019812
0.400000,1.550000,0.024497
0.450000,1.550000,0.065873
0.500000,1.550000,0.104552
0.550000,1.550000,0.140728
0.600000,1.550000,0.174569
0.650000,1.550000,0.206217
0.700000,1.550000,0.235796
0.750000,1.550000,0.265273
0.800000,1.550000,0.390065
0.850000,1.550000,0.493489
0.900000,1.550000,0.582746
0.950000,1.550000,0.661623
1.000000,1.550000,0.732410
1.050000,1.550000,0.796618
1.100000,1.550000,0.855306
1.150000,1.550000,0.909250
1.200000,1.550000,0.959042
1.250000,1.550000,1.005142
1.300000,1.550000,1.047917
1.350000,1.550000,1.087666
1.400000,1.550000,1.124635
1.450000,1.550000,1.159030
1.500000,1.550000,1.191023
1.550000,1.550000,1.220763
1.600000,1.550000,1.248376
1.650000,1.550000,1.273970
1.700000,1.550000,1.297641
1.750000,1.550000,1.319471
1.800000,1.550000,1.339531
1.850000,1.550000,1.357884
1.900000,1.550000,1.374585
1.950000,1.550000,1.389682
2.000000,1.550000,1.403216
2.050000,1.550000,1.415223
2.100000,1.550000,1.425735
2.150000,1.550000,1.434778
2.200000,1.550000,1.442375
2.250000,1.550000,1.448543
2.300000,1.550000,1.453298
2.350000,1.550000,1.456650
2.400000,1.550000,1.458608
2.450000,1.550000,1.459177
2.500000,1.550000,1.458356
2.550000,1.550000,1.456145
2.600000,1.550000,1.452539
2.650000,1.550000,1.447529
2.700000,1.550000,1.441103
2.750000,1.550000,1.433245
2.800000,1.550000,1.416863
2.850000,1.550000,1.313393
2.900000,1.550000,1.198958
2.950000,1.550000,1.070047
3.000000,1.550000,0.920598
3.050000,1.550000,0.738241
3.100000,1.550000,0.487340
3.150000,1.550000,
3.200000,1.550000,
3.250000,1.550000,
3.300000,1.550000,
3.350000,1.550000,
3.400000,1.550000,
3.450000,1.550000,
3.500000,1.550000,
-3.500000,1.600000,
-3.450000,1.600000,
-3.400000,1.600000,
-3.350000,1.600000,
-3.300000,1.600000,
-3.250000,1.600000,
-3.200000,1.600000,
-3.150000,1.600000,
-3.100000,1.600000,0.282843
-3.050000,1.600000,0.622495
-3.000000,1.600000,0.830662
-2.950000,1.600000,0.993730
-2.900000,1.600000,1.131371
-2.850000,1.600000,1.251998
-2.800000,1.600000,1.360147
-2.750000,1.600000,1.458595
-2.700000,1.600000,1.549193
-2.650000,1.600000,1.633248
-2.600000,1.600000,1.711724
-2.550000,1.600000,1.785357
-2.500000,1.600000,1.854724
-2.450000,1.600000,1.920286
-2.400000,1.600000,1.982423
-2.350000,1.600000,2.041446
-2.300000,1.600000,2.050475
-2.250000,1.600000,2.018521
-2.200000,1.600000,1.984402
-2.150000,1.600000,1.947979
-2.100000,1.600000,1.909090
-2.050000,1.600000,1.867543
-2.000000,1.600000,1.823112
-1.950000,1.600000,1.775526
-1.900000,1.600000,1.724456
-1.850000,1.600000,1.669493
-1.800000,1.600000,1.610126
-1.750000,1.600000,1.545692
-1.700000,1.600000,1.475316
-1.650000,1.600000,1.397790
-1.600000,1.600000,1.311370
-1.550000,1.600000,1.213360
-1.500000,1.600000,1.099173
-1.450000,1.600000,0.959649
-1.400000,1.600000,0.844846
-1.350000,1.600000,0.795037
-1.300000,1.600000,0.741032
-1.250000,1.600000,0.682227
-1.200000,1.600000,0.617824
-1.150000,1.600000,0.546732
-1.100000,1.600000,0.467386
-1.050000,1.600000,0.377399
-1.000000,1.600000,0.272770
-0.950000,1.600000,0.241136
-0.900000,1.600000,0.217075
-0.850000,1.600000,0.191216
-0.800000,1.600000,0.163475
-0.750000,1.600000,0.133760
-0.700000,1.600000,0.101960
-0.650000,1.600000,0.067951
-0.600000,1.600000,0.031588
-0.550000,1.600000,-0.007300
-0.500000,1.600000,-0.048912
-0.450000,1.600000,-0.093487
-0.400000,1.600000,-0.141312
-0.350000,1.600000,-0.192738
-0.300000,1.600000,-0.248202
-0.250000,1.600000,-0.308258
-0.200000,1.600000,-0.373628
-0.150000,1.600000,-0.445279
-0.100000,1.600000,-0.524569
-0.050000,1.600000,-0.558435
-0.000000,1.600000,-0.468612
0.050000,1.600000,-0.388653
0.100000,1.600000,-0.316478
0.150000,1.600000,-0.250686
0.200000,1.600000,-0.190282
0.250000,1.600000,-0.134525
0.300000,1.600000,-0.082850
0.350000,1.600000,-0.034810
0.400000,1.600000,0.009952
0.450000,1.600000,0.051728
0.500000,1.600000,0.090760
0.550000,1.600000,0.127252
0.600000,1.600000,0.161375
0.650000,1.600000,0.193276
0.700000,1.600000,0.223083
0.750000,1.600000,0.250905
0.800000,1.600000,0.328017
0.850000,1.600000,0.439698
0.900000,1.600000,0.534452
0.950000,1.600000,0.617310
1.000000,1.600000,0.691139
1.050000,1.600000,0.757760
1.100000,1.600000,0.818415
1.150000,1.600000,0.873998
1.200000,1.600000,0.925176
1.250000,1.600000,0.972464
1.300000,1.600000,1.016269
1.350000,1.600000,1.056918
1.400000,1.600000,1.094678
1.450000,1.600000,1.129773
1.500000,1.600000,1.162389
1.550000,1.600000,1.192684
1.600000,1.600000,1.220793
1.650000,1.600000,1.246833
1.700000,1.600000,1.270902
1.750000,1.600000,1.293089
1.800000,1.600000,1.313469
1.850000,1.600000,1.332108
1.900000,1.600000,1.349063
1.950000,1.600000,1.364386
2.000000,1.600000,1.378119
2.050000,1.600000,1.390300
2.100000,1.600000,1.400963
2.150000,1.600000,1.410134
2.200000,1.600000,1.417836
2.250000,1.600000,1.424090
2.300000,1.600000,1.428911
2.350000,1.600000,1.432309
2.400000,1.600000,1.434294
2.450000,1.600000,1.434870
2.500000,1.600000,1.434039
2.550000,1.600000,1.431798
2.600000,1.600000,1.428142
2.650000,1.600000,1.423062
2.700000,1.600000,1.416546
2.750000,1.600000,1.408579
2.800000,1.600000,1.360147
2.850000,1.600000,1.251998
2.900000,1.600000,1.131371
2.950000,1.600000,0.993730
3.000000,1.600000,0.830662
3.050000,1.600000,0.622495
3.100000,1.600000,0.282843
3.150000,1.600000,
3.200000,1.600000,
3.250000,1.600000,
3.300000,1.600000,
3.350000,1.600000,
3.400000,1.600000,
3.450000,1.600000,
3.500000,1.600000,
-3.500000,1.650000,
-3.450000,1.650000,
-3.400000,1.650000,
-3.350000,1.650000,
-3.300000,1.650000,
-3.250000,1.650000,
-3.200000,1.650000,
-3.150000,1.650000,
-3.100000,1.650000,
-3.050000,1.650000,0.474342
-3.000000,1.650000,0.726292
-2.950000,1.650000,0.908295
-2.900000,1.650000,1.057119
-2.850000,1.650000,1.185327
-2.800000,1.650000,1.299038
-2.750000,1.650000,1.401785
-2.700000,1.650000,1.495828
-2.650000,1.650000,1.582719
-2.600000,1.650000,1.663580
-2.550000,1.650000,1.739253
-2.500000,1.650000,1.810387
-2.450000,1.650000,1.877498
-2.400000,1.650000,1.941005
-2.350000,1.650000,2.001250
-2.300000,1.650000,2.050826
-2.250000,1.650000,2.018879
-2.200000,1.650000,1.984768
-2.150000,1.650000,1.948353
-2.100000,1.650000,1.909473
-2.050000,1.650000,1.867937
-2.000000,1.650000,1.823518
-1.950000,1.650000,1.775946
-1.900000,1.650000,1.724891
-1.850000,1.650000,1.669947
-1.800000,1.650000,1.610601
-1.750000,1.650000,1.546193
-1.700000,1.650000,1.475849
-1.650000,1.650000,1.398362
-1.600000,1.650000,1.311994
-1.550000,1.650000,1.214056
-1.500000,1.650000,1.099976
-1.450000,1.650000,0.960639
-1.400000,1.650000,0.809267
-1.350000,1.650000,0.757985
-1.300000,1.650000,0.702235
-1.250000,1.650000,0.641329
-1.200000,1.650000,0.574342
-1.150000,1.650000,0.499980
-1.100000,1.650000,0.416332
-1.050000,1.650000,0.320356
-1.000000,1.650000,0.250624
-0.950000,1.650000,0.228124
-0.900000,1.650000,0.203881
-0.850000,1.650000,0.177821
-0.800000,1.650000,0.149859
-0.750000,1.650000,0.119896
-0.700000,1.650000,0.087823
-0.650000,1.650000,0.053508
-0.600000,1.650000,0.016803
-0.550000,1.650000,-0.022468
-0.500000,1.650000,-0.064514
-0.450000,1.650000,-0.109582
-0.400000,1.650000,-0.157972
-0.350000,1.650000,-0.210051
-0.300000,1.650000,-0.266281
-0.250000,1.650000,-0.327247
-0.200000,1.650000,-0.393718
-0.150000,1.650000,-0.466735
-0.100000,1.650000,-0.547772
-0.050000,1.650000,-0.585514
-0.000000,1.650000,-0.493160
0.050000,1.650000,-0.411318
0.100000,1.650000,-0.337678
0.150000,1.650000,-0.270708
0.200000,1.650000,-0.209333
0.250000,1.650000,-0.152760
0.300000,1.650000,-0.100389
0.350000,1.650000,-0.051749
0.400000,1.650000,-0.006464
0.450000,1.650000,0.035772
0.500000,1.650000,0.075212
0.550000,1.650000,0.112065
0.600000,1.650000,0.146512
0.650000,1.650000,0.178704
0.700000,1.650000,0.208772
0.750000,1.650000,0.236829
0.800000,1.650000,0.262974
0.850000,1.650000,0.378455
0.900000,1.650000,0.480300
0.950000,1.650000,0.568103
1.000000,1.650000,0.645619
1.050000,1.650000,0.715114
1.100000,1.650000,0.778081
1.150000,1.650000,0.835570
1.200000,1.650000,0.888348
1.250000,1.650000,0.936999
1.300000,1.650000,0.981978
1.350000,1.650000,1.023648
1.400000,1.650000,1.062304
1.450000,1.650000,1.098188
1.500000,1.650000,1.131504
1.550000,1.650000,1.162421
1.600000,1.650000,1.191085
1.650000,1.650000,1.217621
1.700000,1.650000,1.242134
1.750000,1.650000,1.264718
1.800000,1.650000,1.285454
1.850000,1.650000,1.304410
1.900000,1.650000,1.321648
1.950000,1.650000,1.337221
2.000000,1.650000,1.351174
2.050000,1.650000,1.363548
2.100000,1.650000,1.374377
2.150000,1.650000,1.383689
2.200000,1.650000,1.391509
2.250000,1.650000,1.397858
2.300000,1.650000,1.402751
2.350000,1.650000,1.406200
2.400000,1.650000,1.408215
2.450000,1.650000,1.408799
2.500000,1.650000,1.407955
2.550000,1.650000,1.405681
2.600000,1.650000,1.401970
2.650000,1.650000,1.396814
2.700000,1.650000,1.390200
2.750000,1.650000,1.382110
2.800000,1.650000,1.299038
2.850000,1.650000,1.185327
2.900000,1.650000,1.057119
2.950000,1.650000,0.908295
3.000000,1.650000,0.726292
3.050000,1.650000,0.474342
3.100000,1.650000,
3.150000,1.650000,
3.200000,1.650000,
3.250000,1.650000,
3.300000,1.650000,
3.350000,1.650000,
3.400000,1.650000,
3.450000,1.650000,
3.500000,1.650000,
-3.500000,1.700000,
-3.450000,1.700000,
-3.400000,1.700000,
-3.350000,1.700000,
-3.300000,1.700000,
-3.250000,1.700000,
-3.200000,1.700000,
-3.150000,1.700000,
-3.100000,1.700000,
-3.050000,1.700000,0.239792
-3.000000,1.700000,0.600000
-2.950000,1.700000,0.810864
-2.900000,1.700000,0.974679
-2.850000,1.700000,1.112430
-2.800000,1.700000,1.232883
-2.750000,1.700000,1.340709
-2.700000,1.700000,1.438749
-2.650000,1.700000,1.528888
-2.600000,1.700000,1.612452
-2.550000,1.700000,1.690414
-2.500000,1.700000,1.763519
-2.450000,1.700000,1.832348
-2.400000,1.700000,1.897367
-2.350000,1.700000,1.958954
-2.300000,1.700000,2.017424
-2.250000,1.700000,2.017731
-2.200000,1.700000,1.983596
-2.150000,1.700000,1.947154
-2.100000,1.700000,1.908244
-2.050000,1.700000,1.866674
-2.000000,1.700000,1.822216
-1.950000,1.700000,1.774601
-1.900000,1.700000,1.723496
-1.850000,1.700000,1.668493
-1.800000,1.700000,1.609078
-1.750000,1.700000,1.544587
-1.700000,1.700000,1.474141
-1.650000,1.700000,1.396528
-1.600000,1.700000,1.309993
-1.550000,1.700000,1.211825
-1.500000,1.700000,1.097400
-1.450000,1.700000,0.957463
-1.400000,1.700000,0.770591
-1.350000,1.700000,0.717602
-1.300000,1.700000,0.659814
-1.250000,1.700000,0.596427
-1.200000,1.700000,0.526344
-1.150000,1.700000,0.447989
-1.100000,1.700000,0.358942
-1.050000,1.700000,0.257251
-1.000000,1.700000,0.236260
-0.950000,1.700000,0.213574
-0.900000,1.700000,0.189125
-0.850000,1.700000,0.162836
-0.800000,1.700000,0.134620
-0.750000,1.700000,0.104377
-0.700000,1.700000,0.071990
-0.650000,1.700000,0.037327
-0.600000,1.700000,0.000232
-0.550000,1.700000,-0.039479
-0.500000,1.700000,-0.082022
-0.450000,1.700000,-0.127656
-0.400000,1.700000,-0.176697
-0.350000,1.700000,-0.229532
-0.300000,1.700000,-0.286649
-0.250000,1.700000,-0.348675
-0.200000,1.700000,-0.416435
-0.150000,1.700000,-0.491063
-0.100000,1.700000,-0.574182
-0.050000,1.700000,-0.616440
-0.000000,1.700000,-0.521023
0.050000,1.700000,-0.436939
0.100000,1.700000,-0.361572
0.150000,1.700000,-0.293225
0.200000,1.700000,-0.230720
0.250000,1.700000,-0.173203
0.300000,1.700000,-0.120030
0.350000,1.700000,-0.070700
0.400000,1.700000,-0.024814
0.450000,1.700000,0.017948
0.500000,1.700000,0.057852
0.550000,1.700000,0.095119
0.600000,1.700000,0.129934
0.650000,1.700000,0.162455
0.700000,1.700000,0.192820
0.750000,1.700000,0.221144
0.800000,1.700000,0.247530
0.850000,1.700000,0.307655
0.900000,1.700000,0.419039
0.950000,1.700000,0.513159
1.000000,1.700000,0.595232
1.050000,1.700000,0.668200
1.100000,1.700000,0.733918
1.150000,1.700000,0.793645
1.200000,1.700000,0.848284
1.250000,1.700000,0.898508
1.300000,1.700000,0.944833
1.350000,1.700000,0.987668
1.400000,1.700000,1.027340
1.450000,1.700000,1.064118
1.500000,1.700000,1.098222
1.550000,1.700000,1.129838
1.600000,1.700000,1.159125
1.650000,1.700000,1.186215
1.700000,1.700000,1.211225
1.750000,1.700000,1.234252
1.800000,1.700000,1.255383
1.850000,1.700000,1.274692
1.900000,1.700000,1.292244
1.950000,1.700000,1.308094
2.000000,1.700000,1.322292
2.050000,1.700000,1.334879
2.100000,1.700000,1.345891
2.150000,1.700000,1.355360
2.200000,1.700000,1.363310
2.250000,1.700000,1.369763
2.300000,1.700000,1.374736
2.350000,1.700000,1.378242
2.400000,1.700000,1.380289
2.450000,1.700000,1.380883
2.500000,1.700000,1.380026
2.550000,1.700000,1.377714
2.600000,1.700000,1.373943
2.650000,1.700000,1.368702
2.700000,1.700000,1.361979
2.750000,1.700000,1.340709
2.800000,1.700000,1.232883
2.850000,1.700000,1.112430
2.900000,1.700000,0.974679
2.950000,1.700000,0.810864
3.000000,1.700000,0.600000
3.050000,1.700000,0.239792
3.100000,1.700000,
3.150000,1.700000,
3.200000,1.700000,
3.250000,1.700000,
3.300000,1.700000,
3.350000,1.700000,
3.400000,1.700000,
3.450000,1.700000,
3.500000,1.700000,
-3.500000,1.750000,
-3.450000,1.750000,
-3.400000,1.750000,
-3.350000,1.750000,
-3.300000,1.750000,
-3.250000,1.750000,
-3.200000,1.750000,
-3.150000,1.750000,
-3.100000,1.750000,
-3.050000,1.750000,
-3.000000,1.750000,0.433013
-2.950000,1.750000,0.696419
-2.900000,1.750000,0.881760
-2.850000,1.750000,1.031988
-2.800000,1.750000,1.160819
-2.750000,1.750000,1.274755
-2.700000,1.750000,1.377498
-2.650000,1.750000,1.471394
-2.600000,1.750000,1.558044
-2.550000,1.750000,1.638597
-2.500000,1.750000,1.713914
-2.450000,1.750000,1.784657
-2.400000,1.750000,1.851351
-2.350000,1.750000,1.914419
-2.300000,1.750000,1.974209
-2.250000,1.750000,2.015073
-2.200000,1.750000,1.980882
-2.150000,1.750000,1.944378
-2.100000,1.750000,1.905398
-2.050000,1.750000,1.863749
-2.000000,1.750000,1.819203
-1.950000,1.750000,1.771485
-1.900000,1.750000,1.720263
-1.850000,1.750000,1.665124
-1.800000,1.750000,1.605549
-1.750000,1.750000,1.540866
-1.700000,1.750000,1.470184
-1.650000,1.750000,1.392273
-1.600000,1.750000,1.305349
-1.550000,1.750000,1.206644
-1.500000,1.750000,1.091410
-1.450000,1.750000,0.950057
-1.400000,1.750000,0.755576
-1.350000,1.750000,0.673528
-1.300000,1.750000,0.613333
-1.250000,1.750000,0.546977
-1.200000,1.750000,0.473122
-1.150000,1.750000,0.389779
-1.100000,1.750000,0.293737
-1.050000,1.750000,0.241523
-1.000000,1.750000,0.220342
-0.950000,1.750000,0.197445
-0.900000,1.750000,0.172763
-0.850000,1.750000,0.146216
-0.800000,1.750000,0.117714
-0.750000,1.750000,0.087153
-0.700000,1.750000,0.054412
-0.650000,1.750000,0.019354
-0.600000,1.750000,-0.018186
-0.550000,1.750000,-0.058397
-0.500000,1.750000,-0.101507
-0.450000,1.750000,-0.147789
-0.400000,1.750000,-0.197576
-0.350000,1.750000,-0.251280
-0.300000,1.750000,-0.309423
-0.250000,1.750000,-0.372678
-0.200000,1.750000,-0.441946
-0.150000,1.750000,-0.518472
-0.100000,1.750000,-0.604074
-0.050000,1.750000,-0.651656
-0.000000,1.750000,-0.552508
0.050000,1.750000,-0.465745
0.100000,1.750000,-0.388341
0.150000,1.750000,-0.318383
0.200000,1.750000,-0.254568
0.250000,1.750000,-0.195961
0.300000,1.750000,-0.141866
0.350000,1.750000,-0.091746
0.400000,1.750000,-0.045175
0.450000,1.750000,-0.001814
0.500000,1.750000,0.038619
0.550000,1.750000,0.076353
0.600000,1.750000,0.111585
0.650000,1.750000,0.144480
0.700000,1.750000,0.175179
0.750000,1.750000,0.203805
0.800000,1.750000,0.230462
0.850000,1.750000,0.255243
0.900000,1.750000,0.348781
0.950000,1.750000,0.451284
1.000000,1.750000,0.539142
1.050000,1.750000,0.616392
1.100000,1.750000,0.685430
1.150000,1.750000,0.747819
1.200000,1.750000,0.804644
1.250000,1.750000,0.856698
1.300000,1.750000,0.904579
1.350000,1.750000,0.948751
1.400000,1.750000,0.989583
1.450000,1.750000,1.027375
1.500000,1.750000,1.062372
1.550000,1.750000,1.094778
1.600000,1.750000,1.124765
1.650000,1.750000,1.152479
1.700000,1.750000,1.178043
1.750000,1.750000,1.201566
1.800000,1.750000,1.223138
1.850000,1.750000,1.242840
1.900000,1.750000,1.260741
1.950000,1.750000,1.276900
2.000000,1.750000,1.291369
2.050000,1.750000,1.304192
2.100000,1.750000,1.315409
2.150000,1.750000,1.325050
2.200000,1.750000,1.333144
2.250000,1.750000,1.339713
2.300000,1.750000,1.344775
2.350000,1.750000,1.348343
2.400000,1.750000,1.350426
2.450000,1.750000,1.351031
2.500000,1.750000,1.350158
2.550000,1.750000,1.347806
2.600000,1.750000,1.343968
2.650000,1.750000,1.338634
2.700000,1.750000,1.331789
2.750000,1.750000,1.274755
2.800000,1.750000,1.160819
2.850000,1.750000,1.031988
2.900000,1.750000,0.881760
2.950000,1.750000,0.696419
3.000000,1.750000,0.433013
3.050000,1.750000,
3.100000,1.750000,
3.150000,1.750000,
3.200000,1.750000,
3.250000,1.750000,
3.300000,1.750000,
3.350000,1.750000,
3.400000,1.750000,
3.450000,1.750000,
3.500000,1.750000,
-3.500000,1.800000,
-3.450000,1.800000,
-3.400000,1.800000,
-3.350000,1.800000,
-3.300000,1.800000,
-3.250000,1.800000,
-3.200000,1.800000,
-3.150000,1.800000,
-3.100000,1.800000,
-3.050000,1.800000,
-3.000000,1.800000,0.100000
-2.950000,1.800000,0.554527
-2.900000,1.800000,0.774597
-2.850000,1.800000,0.942072
-2.800000,1.800000,1.081665
-2.750000,1.800000,1.203121
-2.700000,1.800000,1.311488
-2.650000,1.800000,1.409787
-2.600000,1.800000,1.500000
-2.550000,1.800000,1.583509
-2.500000,1.800000,1.661325
-2.450000,1.800000,1.734215
-2.400000,1.800000,1.802776
-2.350000,1.800000,1.867485
-2.300000,1.800000,1.928730
-2.250000,1.800000,1.986832
-2.200000,1.800000,1.976619
-2.150000,1.800000,1.940016
-2.100000,1.800000,1.900926
-2.050000,1.800000,1.859153
-2.000000,1.800000,1.814466
-1.950000,1.800000,1.766588
-1.900000,1.800000,1.715181
-1.850000,1.800000,1.659827
-1.800000,1.800000,1.599997
-1.750000,1.800000,1.535009
-1.700000,1.800000,1.463952
-1.650000,1.800000,1.385568
-1.600000,1.800000,1.298024
-1.550000,1.800000,1.198458
-1.500000,1.800000,1.081920
-1.450000,1.800000,0.938256
-1.400000,1.800000,0.737765
-1.350000,1.800000,0.625307
-1.300000,1.800000,0.562231
-1.250000,1.800000,0.492259
-1.200000,1.800000,0.413704
-1.150000,1.800000,0.323937
-1.100000,1.800000,0.243938
-1.050000,1.800000,0.224220
-1.000000,1.800000,0.202826
-0.950000,1.800000,0.179694
-0.900000,1.800000,0.154750
-0.850000,1.800000,0.127913
-0.800000,1.800000,0.099089
-0.750000,1.800000,0.068170
-0.700000,1.800000,0.035029
-0.650000,1.800000,-0.000477
-0.600000,1.800000,-0.038518
-0.550000,1.800000,-0.079297
-0.500000,1.800000,-0.123051
-0.450000,1.800000,-0.170072
-0.400000,1.800000,-0.220712
-0.350000,1.800000,-0.275414
-0.300000,1.800000,-0.334739
-0.250000,1.800000,-0.399423
-0.200000,1.800000,-0.470454
-0.150000,1.800000,-0.549224
-0.100000,1.800000,-0.637804
-0.050000,1.800000,-0.691756
-0.000000,1.800000,-0.588011
0.050000,1.800000,-0.498024
0.100000,1.800000,-0.418208
0.150000,1.800000,-0.346364
0.200000,1.800000,-0.281027
0.250000,1.800000,-0.221163
0.300000,1.800000,-0.166010
0.350000,1.800000,-0.114986
0.400000,1.800000,-0.067635
0.450000,1.800000,-0.023593
0.500000,1.800000,0.017437
0.550000,1.800000,0.055701
0.600000,1.800000,0.091403
0.650000,1.800000,0.124719
0.700000,1.800000,0.155794
0.750000,1.800000,0.184758
0.800000,1.800000,0.211720
0.850000,1.800000,0.236776
0.900000,1.800000,0.266413
0.950000,1.800000,0.380701
1.000000,1.800000,0.476177
1.050000,1.800000,0.558845
1.100000,1.800000,0.631972
1.150000,1.800000,0.697575
1.200000,1.800000,0.757003
1.250000,1.800000,0.811210
1.300000,1.800000,0.860903
1.350000,1.800000,0.906622
1.400000,1.800000,0.948788
1.450000,1.800000,0.987740
1.500000,1.800000,1.023753
1.550000,1.800000,1.057054
1.600000,1.800000,1.087833
1.650000,1.800000,1.116248
1.700000,1.800000,1.142437
1.750000,1.800000,1.166515
1.800000,1.800000,1.188582
1.850000,1.800000,1.208723
1.900000,1.800000,1.227013
1.950000,1.800000,1.243516
2.000000,1.800000,1.258287
2.050000,1.800000,1.271373
2.100000,1.800000,1.282816
2.150000,1.800000,1.292650
2.200000,1.800000,1.300904
2.250000,1.800000,1.307602
2.300000,1.800000,1.312761
2.350000,1.800000,1.316398
2.400000,1.800000,1.318522
2.450000,1.800000,1.319138
2.500000,1.800000,1.318248
2.550000,1.800000,1.315851
2.600000,1.800000,1.311938
2.650000,1.800000,1.306501
2.700000,1.800000,1.299522
2.750000,1.800000,1.203121
2.800000,1.800000,1.081665
2.850000,1.800000,0.942072
2.900000,1.800000,0.774597
2.950000,1.800000,0.554527
3.000000,1.800000,0.100000
3.050000,1.800000,
3.100000,1.800000,
3.150000,1.800000,
3.200000,1.800000,
3.250000,1.800000,
3.300000,1.800000,
3.350000,1.800000,
3.400000,1.800000,
3.450000,1.800000,
3.500000,1.800000,
-3.500000,1.850000,
-3.450000,1.850000,
-3.400000,1.850000,
-3.350000,1.850000,
-3.300000,1.850000,
-3.250000,1.850000,
-3.200000,1.850000,
-3.150000,1.850000,
-3.100000,1.850000,
-3.050000,1.850000,
-3.000000,1.850000,
-2.950000,1.850000,0.353553
-2.900000,1.850000,0.646142
-2.850000,1.850000,0.839643
-2.800000,1.850000,0.993730
-2.750000,1.850000,1.124722
-2.700000,1.850000,1.239960
-2.650000,1.850000,1.343503
-2.600000,1.850000,1.437880
-2.550000,1.850000,1.524795
-2.500000,1.850000,1.605459
-2.450000,1.850000,1.680774
-2.400000,1.850000,1.751428
-2.350000,1.850000,1.817966
-2.300000,1.850000,1.880824
-2.250000,1.850000,1.940361
-2.200000,1.850000,1.970794
-2.150000,1.850000,1.934056
-2.100000,1.850000,1.894814
-2.050000,1.850000,1.852870
-2.000000,1.850000,1.807990
-1.950000,1.850000,1.759890
-1.900000,1.850000,1.708228
-1.850000,1.850000,1.652576
-1.800000,1.850000,1.592395
-1.750000,1.850000,1.526984
-1.700000,1.850000,1.455407
-1.650000,1.850000,1.376365
-1.600000,1.850000,1.287954
-1.550000,1.850000,1.187178
-1.500000,1.850000,1.068791
-1.450000,1.850000,0.921785
-1.400000,1.850000,0.712062
-1.350000,1.850000,0.572348
-1.300000,1.850000,0.505760
-1.250000,1.850000,0.431284
-1.200000,1.850000,0.346693
-1.150000,1.850000,0.248288
-1.100000,1.850000,0.225227
-1.050000,1.850000,0.205295
-1.000000,1.850000,0.183664
-0.950000,1.850000,0.160268
-0.900000,1.850000,0.135032
-0.850000,1.850000,0.107870
-0.800000,1.850000,0.078685
-0.750000,1.850000,0.047363
-0.700000,1.850000,0.013773
-0.650000,1.850000,-0.022237
-0.600000,1.850000,-0.060846
-0.550000,1.850000,-0.102266
-0.500000,1.850000,-0.146752
-0.450000,1.850000,-0.194613
-0.400000,1.850000,-0.246228
-0.350000,1.850000,-0.302075
-0.300000,1.850000,-0.362767
-0.250000,1.850000,-0.429110
-0.200000,1.850000,-0.502210
-0.150000,1.850000,-0.583648
-0.100000,1.850000,-0.675831
-0.050000,1.850000,-0.737558
-0.000000,1.850000,-0.628048
0.050000,1.850000,-0.534141
0.100000,1.850000,-0.451448
0.150000,1.850000,-0.377386
0.200000,1.850000,-0.310277
0.250000,1.850000,-0.248961
0.300000,1.850000,-0.192593
0.350000,1.850000,-0.140537
0.400000,1.850000,-0.092298
0.450000,1.850000,-0.047484
0.500000,1.850000,-0.005777
0.550000,1.850000,0.033084
0.600000,1.850000,0.069316
0.650000,1.850000,0.103103
0.700000,1.850000,0.134602
0.750000,1.850000,0.163945
0.800000,1.850000,0.191247
0.850000,1.850000,0.216610
0.900000,1.850000,0.240119
0.950000,1.850000,0.298535
1.000000,1.850000,0.404599
1.050000,1.850000,0.494375
1.100000,1.850000,0.572673
1.150000,1.850000,0.642238
1.200000,1.850000,0.704813
1.250000,1.850000,0.761587
1.300000,1.850000,0.813418
1.350000,1.850000,0.860943
1.400000,1.850000,0.904655
1.450000,1.850000,0.944944
1.500000,1.850000,0.982122
1.550000,1.850000,1.016444
1.600000,1.850000,1.048123
1.650000,1.850000,1.077334
1.700000,1.850000,1.104228
1.750000,1.850000,1.128932
1.800000,1.850000,1.151554
1.850000,1.850000,1.172188
1.900000,1.850000,1.190914
1.950000,1.850000,1.207801
2.000000,1.850000,1.222909
2.050000,1.850000,1.236289
2.100000,1.850000,1.247985
2.150000,1.850000,1.258033
2.200000,1.850000,1.266464
2.250000,1.850000,1.273305
2.300000,1.850000,1.278574
2.350000,1.850000,1.282287
2.400000,1.850000,1.284455
2.450000,1.850000,1.285084
2.500000,1.850000,1.284176
2.550000,1.850000,1.281728
2.600000,1.850000,1.277733
2.650000,1.850000,1.272180
2.700000,1.850000,1.239960
2.750000,1.850000,1.124722
2.800000,1.850000,0.993730
2.850000,1.850000,0.839643
2.900000,1.850000,0.646142
2.950000,1.850000,0.353553
3.000000,1.850000,
3.050000,1.850000,
3.100000,1.850000,
3.150000,1.850000,
3.200000,1.850000,
3.250000,1.850000,
3.300000,1.850000,
3.350000,1.850000,
3.400000,1.850000,
3.450000,1.850000,
3.500000,1.850000,
-3.500000,1.900000,
-3.450000,1.900000,
-3.400000,1.900000,
-3.350000,1.900000,
-3.300000,1.900000,
-3.250000,1.900000,
-3.200000,1.900000,
-3.150000,1.900000,
-3.100000,1.900000,
-3.050000,1.900000,
-3.000000,1.900000,
-2.950000,1.900000,
-2.900000,1.900000,0.479583
-2.850000,1.900000,0.719375
-2.800000,1.900000,0.894427
-2.750000,1.900000,1.038027
-2.700000,1.900000,1.161895
-2.650000,1.900000,1.271810
-2.600000,1.900000,1.371131
-2.550000,1.900000,1.462019
-2.500000,1.900000,1.545962
-2.450000,1.900000,1.624038
-2.400000,1.900000,1.697056
-2.350000,1.900000,1.765644
-2.300000,1.900000,1.830301
-2.250000,1.900000,1.891428
-2.200000,1.900000,1.949359
-2.150000,1.900000,1.926480
-2.100000,1.900000,1.887043
-2.050000,1.900000,1.844879
-2.000000,1.900000,1.799750
-1.950000,1.900000,1.751366
-1.900000,1.900000,1.699375
-1.850000,1.900000,1.643340
-1.800000,1.900000,1.582704
-1.750000,1.900000,1.516746
-1.700000,1.900000,1.444495
-1.650000,1.900000,1.364595
-1.600000,1.900000,1.275049
-1.550000,1.900000,1.172676
-1.500000,1.900000,1.051815
-1.450000,1.900000,0.900218
-1.400000,1.900000,0.676557
-1.350000,1.900000,0.513865
-1.300000,1.900000,0.442896
-1.250000,1.900000,0.362635
-1.200000,1.900000,0.269954
-1.150000,1.900000,0.223369
-1.100000,1.900000,0.204865
-1.050000,1.900000,0.184696
-1.000000,1.900000,0.162800
-0.950000,1.900000,0.139109
-0.900000,1.900000,0.113546
-0.850000,1.900000,0.086021
-0.800000,1.900000,0.056431
-0.750000,1.900000,0.024658
-0.700000,1.900000,-0.009436
-0.650000,1.900000,-0.046013
-0.600000,1.900000,-0.085261
-0.550000,1.900000,-0.127407
-0.500000,1.900000,-0.172723
-0.450000,1.900000,-0.221540
-0.400000,1.900000,-0.274271
-0.350000,1.900000,-0.331434
-0.300000,1.900000,-0.393706
-0.250000,1.900000,-0.461988
-0.200000,1.900000,-0.537530
-0.150000,1.900000,-0.617203
-0.100000,1.900000,-0.688591
-0.050000,1.900000,-0.767877
-0.000000,1.900000,-0.673315
0.050000,1.900000,-0.574567
0.100000,1.900000,-0.488411
0.150000,1.900000,-0.411721
0.200000,1.900000,-0.342539
0.250000,1.900000,-0.279539
0.300000,1.900000,-0.221773
0.350000,1.900000,-0.168535
0.400000,1.900000,-0.119285
0.450000,1.900000,-0.073596
0.500000,1.900000,-0.031124
0.550000,1.900000,0.008410
0.600000,1.900000,0.045238
0.650000,1.900000,0.079556
0.700000,1.900000,0.111528
0.750000,1.900000,0.141295
0.800000,1.900000,0.168978
0.850000,1.900000,0.194683
0.900000,1.900000,0.218501
0.950000,1.900000,0.240510
1.000000,1.900000,0.321625
1.050000,1.900000,0.421228
1.100000,1.900000,0.506308
1.150000,1.900000,0.580891
1.200000,1.900000,0.647355
1.250000,1.900000,0.707245
1.300000,1.900000,0.761631
1.350000,1.900000,0.811293
1.400000,1.900000,0.856818
1.450000,1.900000,0.898661
1.500000,1.900000,0.937186
1.550000,1.900000,0.972682
1.600000,1.900000,1.005390
1.650000,1.900000,1.035508
1.700000,1.900000,1.063202
1.750000,1.900000,1.088615
1.800000,1.900000,1.111865
1.850000,1.900000,1.133054
1.900000,1.900000,1.152271
1.950000,1.900000,1.169590
2.000000,1.900000,1.185076
2.050000,1.900000,1.198785
2.100000,1.900000,1.210763
2.150000,1.900000,1.221051
2.200000,1.900000,1.229680
2.250000,1.900000,1.236680
2.300000,1.900000,1.242071
2.350000,1.900000,1.245870
2.400000,1.900000,1.248087
2.450000,1.900000,1.248731
2.500000,1.900000,1.247802
2.550000,1.900000,1.245298
2.600000,1.900000,1.241211
2.650000,1.900000,1.235530
2.700000,1.900000,1.161895
2.750000,1.900000,1.038027
2.800000,1.900000,0.894427
2.850000,1.900000,0.719375
2.900000,1.900000,0.479583
2.950000,1.900000,
3.000000,1.900000,
3.050000,1.900000,
3.100000,1.900000,
3.150000,1.900000,
3.200000,1.900000,
3.250000,1.900000,
3.300000,1.900000,
3.350000,1.900000,
3.400000,1.900000,
3.450000,1.900000,
3.500000,1.900000,
-3.500000,1.950000,
-3.450000,1.950000,
-3.400000,1.950000,
-3.350000,1.950000,
-3.300000,1.950000,
-3.250000,1.950000,
-3.200000,1.950000,
-3.150000,1.950000,
-3.100000,1.950000,
-3.050000,1.950000,
-3.000000,1.950000,
-2.950000,1.950000,
-2.900000,1.950000,0.193649
-2.850000,1.950000,0.570088
-2.800000,1.950000,0.779423
-2.750000,1.950000,0.940744
-2.700000,1.950000,1.075872
-2.650000,1.950000,1.193734
-2.600000,1.950000,1.299038
-2.550000,1.950000,1.394633
-2.500000,1.950000,1.482397
-2.450000,1.950000,1.563650
-2.400000,1.950000,1.639360
-2.350000,1.950000,1.710263
-2.300000,1.950000,1.776936
-2.250000,1.950000,1.839837
-2.200000,1.950000,1.899342
-2.150000,1.950000,1.917262
-2.100000,1.950000,1.877586
-2.050000,1.950000,1.835153
-2.000000,1.950000,1.789717
-1.950000,1.950000,1.740982
-1.900000,1.950000,1.688585
-1.850000,1.950000,1.632075
-1.800000,1.950000,1.570875
-1.750000,1.950000,1.504236
-1.700000,1.950000,1.431142
-1.650000,1.950000,1.350167
-1.600000,1.950000,1.259186
-1.550000,1.950000,1.154776
-1.500000,1.950000,1.030701
-1.450000,1.950000,0.872913
-1.400000,1.950000,0.627389
-1.350000,1.950000,0.448774
-1.300000,1.950000,0.372163
-1.250000,1.950000,0.284144
-1.200000,1.950000,0.218635
-1.150000,1.950000,0.201533
-1.100000,1.950000,0.182793
-1.050000,1.950000,0.162359
-1.000000,1.950000,0.140168
-0.950000,1.950000,0.116150
-0.900000,1.950000,0.090223
-0.850000,1.950000,0.062292
-0.800000,1.950000,0.032250
-0.750000,1.950000,-0.000028
-0.700000,1.950000,-0.034689
-0.650000,1.950000,-0.071903
-0.600000,1.950000,-0.111873
-0.550000,1.950000,-0.154840
-0.500000,1.950000,-0.201098
-0.450000,1.950000,-0.251007
-0.400000,1.950000,-0.305015
-0.350000,1.950000,-0.363125
-0.300000,1.950000,-0.412899
-0.250000,1.950000,-0.466620
-0.200000,1.950000,-0.524818
-0.150000,1.950000,-0.588181
-0.100000,1.950000,-0.657626
-0.050000,1.950000,-0.734433
-0.000000,1.950000,-0.724785
0.050000,1.950000,-0.619929
0.100000,1.950000,-0.529541
0.150000,1.950000,-0.449709
0.200000,1.950000,-0.378084
0.250000,1.950000,-0.313122
0.300000,1.950000,-0.253739
0.350000,1.950000,-0.199146
0.400000,1.950000,-0.148741
0.450000,1.950000,-0.102057
0.500000,1.950000,-0.058719
0.550000,1.950000,-0.018426
0.600000,1.950000,0.019073
0.650000,1.950000,0.053986
0.700000,1.950000,0.086488
0.750000,1.950000,0.116729
0.800000,1.950000,0.144838
0.850000,1.950000,0.170925
0.900000,1.950000,0.195085
0.950000,1.950000,0.217403
1.000000,1.950000,0.237950
1.050000,1.950000,0.336605
1.100000,1.950000,0.431059
1.150000,1.950000,0.512240
1.200000,1.950000,0.583649
1.250000,1.950000,0.647403
1.300000,1.950000,0.704904
1.350000,1.950000,0.757133
1.400000,1.950000,0.804810
1.450000,1.950000,0.848484
1.500000,1.950000,0.888581
1.550000,1.950000,0.925439
1.600000,1.950000,0.959335
1.650000,1.950000,0.990495
1.700000,1.950000,1.019106
1.750000,1.950000,1.045327
1.800000,1.950000,1.069290
1.850000,1.950000,1.091109
1.900000,1.950000,1.110881
1.950000,1.950000,1.128688
2.000000,1.950000,1.144600
2.050000,1.950000,1.158679
2.100000,1.950000,1.170975
2.150000,1.950000,1.181531
2.200000,1.950000,1.190384
2.250000,1.950000,1.197562
2.300000,1.950000,1.203089
2.350000,1.950000,1.206984
2.400000,1.950000,1.209257
2.450000,1.950000,1.209917
2.500000,1.950000,1.208964
2.550000,1.950000,1.206398
2.600000,1.950000,1.202208
2.650000,1.950000,1.193734
2.700000,1.950000,1.075872
2.750000,1.950000,0.940744
2.800000,1.950000,0.779423
2.850000,1.950000,0.570088
2.900000,1.950000,0.193649
2.950000,1.950000,
3.000000,1.950000,
3.050000,1.950000,
3.100000,1.950000,
3.150000,1.950000,
3.200000,1.950000,
3.250000,1.950000,
3.300000,1.950000,
3.350000,1.950000,
3.400000,1.950000,
3.450000,1.950000,
3.500000,1.950000,
-3.500000,2.000000,
-3.450000,2.000000,
-3.400000,2.000000,
-3.350000,2.000000,
-3.300000,2.000000,
-3.250000,2.000000,
-3.200000,2.000000,
-3.150000,2.000000,
-3.100000,2.000000,
-3.050000,2.000000,
-3.000000,2.000000,
-2.950000,2.000000,
-2.900000,2.000000,
-2.850000,2.000000,0.357071
-2.800000,2.000000,0.640312
-2.750000,2.000000,0.829156
-2.700000,2.000000,0.979796
-2.650000,2.000000,1.107926
-2.600000,2.000000,1.220656
-2.550000,2.000000,1.321930
-2.500000,2.000000,1.414214
-2.450000,2.000000,1.499166
-2.400000,2.000000,1.577973
-2.350000,2.000000,1.651514
-2.300000,2.000000,1.720465
-2.250000,2.000000,1.785357
-2.200000,2.000000,1.846619
-2.150000,2.000000,1.904600
-2.100000,2.000000,1.866413
-2.050000,2.000000,1.823656
-2.000000,2.000000,1.777852
-1.950000,2.000000,1.728694
-1.900000,2.000000,1.675809
-1.850000,2.000000,1.618726
-1.800000,2.000000,1.556845
-1.750000,2.000000,1.489378
-1.700000,2.000000,1.415257
-1.650000,2.000000,1.332962
-1.600000,2.000000,1.240207
-1.550000,2.000000,1.133241
-1.500000,2.000000,1.005044
-1.450000,2.000000,0.838893
-1.400000,2.000000,0.554507
-1.350000,2.000000,0.375501
-1.300000,2.000000,0.291293
-1.250000,2.000000,0.211003
-1.200000,2.000000,0.195283
-1.150000,2.000000,0.177946
-1.100000,2.000000,0.158942
-1.050000,2.000000,0.138214
-1.000000,2.000000,0.115696
-0.950000,2.000000,0.091314
-0.900000,2.000000,0.064980
-0.850000,2.000000,0.036597
-0.800000,2.000000,0.006049
-0.750000,2.000000,-0.026796
-0.700000,2.000000,-0.062092
-0.650000,2.000000,-0.100024
-0.600000,2.000000,-0.140809
-0.550000,2.000000,-0.176687
-0.500000,2.000000,-0.213655
-0.450000,2.000000,-0.253247
-0.400000,2.000000,-0.295680
-0.350000,2.000000,-0.341217
-0.300000,2.000000,-0.390174
-0.250000,2.000000,-0.442943
-0.200000,2.000000,-0.500016
-0.150000,2.000000,-0.562028
-0.100000,2.000000,-0.629814
-0.050000,2.000000,-0.704526
-0.000000,2.000000,-0.783882
0.050000,2.000000,-0.671083
0.100000,2.000000,-0.575422
0.150000,2.000000,-0.491781
0.200000,2.000000,-0.417249
0.250000,2.000000,-0.349982
0.300000,2.000000,-0.288722
0.350000,2.000000,-0.232565
0.400000,2.000000,-0.180838
0.450000,2.000000,-0.133019
0.500000,2.000000,-0.088700
0.550000,2.000000,-0.047548
0.600000,2.000000,-0.009293
0.650000,2.000000,0.026288
0.700000,2.000000,0.059385
0.750000,2.000000,0.090157
0.800000,2.000000,0.118740
0.850000,2.000000,0.145252
0.900000,2.000000,0.169794
0.950000,2.000000,0.192455
1.000000,2.000000,0.213310
1.050000,2.000000,0.235476
1.100000,2.000000,0.344007
1.150000,2.000000,0.434349
1.200000,2.000000,0.512296
1.250000,2.000000,0.580995
1.300000,2.000000,0.642383
1.350000,2.000000,0.697759
1.400000,2.000000,0.748037
1.450000,2.000000,0.793897
1.500000,2.000000,0.835853
1.550000,2.000000,0.874311
1.600000,2.000000,0.909593
1.650000,2.000000,0.941961
1.700000,2.000000,0.971630
1.750000,2.000000,0.998780
1.800000,2.000000,1.023560
1.850000,2.000000,1.046099
1.900000,2.000000,1.066503
1.950000,2.000000,1.084863
2.000000,2.000000,1.101259
2.050000,2.000000,1.115757
2.100000,2.000000,1.128412
2.150000,2.000000,1.139271
2.200000,2.000000,1.148375
2.250000,2.000000,1.155755
2.300000,2.000000,1.161436
2.350000,2.000000,1.165438
2.400000,2.000000,1.167774
2.450000,2.000000,1.168452
2.500000,2.000000,1.167473
2.550000,2.000000,1.164836
2.600000,2.000000,1.160530
2.650000,2.000000,1.107926
2.700000,2.000000,0.979796
2.750000,2.000000,0.829156
2.800000,2.000000,0.640312
2.850000,2.000000,0.357071
2.900000,2.000000,
2.950000,2.000000,
3.000000,2.000000,
3.050000,2.000000,
3.100000,2.000000,
3.150000,2.000000,
3.200000,2.000000,
3.250000,2.000000,
3.300000,2.000000,
3.350000,2.000000,
3.400000,2.000000,
3.450000,2.000000,
3.500000,2.000000,
-3.500000,2.050000,
-3.450000,2.050000,
-3.400000,2.050000,
-3.350000,2.050000,
-3.300000,2.050000,
-3.250000,2.050000,
-3.200000,2.050000,
-3.150000,2.050000,
-3.100000,2.050000,
-3.050000,2.050000,
-3.000000,2.050000,
-2.950000,2.050000,
-2.900000,2.050000,
-2.850000,2.050000,
-2.800000,2.050000,0.455522
-2.750000,2.050000,0.696419
-2.700000,2.050000,0.870345
-2.650000,2.050000,1.012423
-2.600000,2.050000,1.134681
-2.550000,2.050000,1.242980
-2.500000,2.050000,1.340709
-2.450000,2.050000,1.430035
-2.400000,2.050000,1.512448
-2.350000,2.050000,1.589025
-2.300000,2.050000,1.660572
-2.250000,2.050000,1.727715
-2.200000,2.050000,1.790949
-2.150000,2.050000,1.850676
-2.100000,2.050000,1.853485
-2.050000,2.050000,1.810347
-2.000000,2.050000,1.764108
-1.950000,2.050000,1.714453
-1.900000,2.050000,1.660989
-1.850000,2.050000,1.603226
-1.800000,2.050000,1.540534
-1.750000,2.050000,1.472079
-1.700000,2.050000,1.396722
-1.650000,2.050000,1.312830
-1.600000,2.050000,1.217903
-1.550000,2.050000,1.107758
-1.500000,2.050000,0.974274
-1.450000,2.050000,0.796592
-1.400000,2.050000,0.372724
-1.350000,2.050000,0.291604
-1.300000,2.050000,0.200434
-1.250000,2.050000,0.186082
-1.200000,2.050000,0.170130
-1.150000,2.050000,0.152533
-1.100000,2.050000,0.133237
-1.050000,2.050000,0.112183
-1.000000,2.050000,0.089301
-0.950000,2.050000,0.064512
-0.900000,2.050000,0.037725
-0.850000,2.050000,0.014580
-0.800000,2.050000,-0.009478
-0.750000,2.050000,-0.035357
-0.700000,2.050000,-0.063142
-0.650000,2.050000,-0.092929
-0.600000,2.050000,-0.124831
-0.550000,2.050000,-0.158977
-0.500000,2.050000,-0.195516
-0.450000,2.050000,-0.234626
-0.400000,2.050000,-0.276514
-0.350000,2.050000,-0.321429
-0.300000,2.050000,-0.369672
-0.250000,2.050000,-0.421611
-0.200000,2.050000,-0.477708
-0.150000,2.050000,-0.538553
-0.100000,2.050000,-0.604919
-0.050000,2.050000,-0.677855
-0.000000,2.050000,-0.758845
0.050000,2.050000,-0.729252
0.100000,2.050000,-0.626846
0.150000,2.050000,-0.538500
0.200000,2.050000,-0.460461
0.250000,2.050000,-0.390460
0.300000,2.050000,-0.327000
0.350000,2.050000,-0.269030
0.400000,2.050000,-0.215779
0.450000,2.050000,-0.166664
0.500000,2.050000,-0.121225
0.550000,2.050000,-0.079100
0.600000,2.050000,-0.039993
0.650000,2.050000,-0.003659
0.700000,2.050000,0.030106
0.750000,2.050000,0.061472
0.800000,2.050000,0.090586
0.850000,2.050000,0.117572
0.900000,2.050000,0.142540
0.950000,2.050000,0.165581
1.000000,2.050000,0.186778
1.050000,2.050000,0.206200
1.100000,2.050000,0.239874
1.150000,2.050000,0.344076
1.200000,2.050000,0.431182
1.250000,2.050000,0.506477
1.300000,2.050000,0.572882
1.350000,2.050000,0.632217
1.400000,2.050000,0.685708
1.450000,2.050000,0.734228
1.500000,2.050000,0.778422
1.550000,2.050000,0.818785
1.600000,2.050000,0.855704
1.650000,2.050000,0.889489
1.700000,2.050000,0.920393
1.750000,2.050000,0.948621
1.800000,2.050000,0.974346
1.850000,2.050000,0.997713
1.900000,2.050000,1.018843
1.950000,2.050000,1.037838
2.000000,2.050000,1.054786
2.050000,2.050000,1.069761
2.100000,2.050000,1.082825
2.150000,2.050000,1.094029
2.200000,2.050000,1.103418
2.250000,2.050000,1.111026
2.300000,2.050000,1.116882
2.350000,2.050000,1.121006
2.400000,2.050000,1.123412
2.450000,2.050000,1.124111
2.500000,2.050000,1.123103
2.550000,2.050000,1.120385
2.600000,2.050000,1.115948
2.650000,2.050000,1.012423
2.700000,2.050000,0.870345
2.750000,2.050000,0.696419
2.800000,2.050000,0.455522
2.850000,2.050000,
2.900000,2.050000,
2.950000,2.050000,
3.000000,2.050000,
3.050000,2.050000,
3.100000,2.050000,
3.150000,2.050000,
3.200000,2.050000,
3.250000,2.050000,
3.300000,2.050000,
3.350000,2.050000,
3.400000,2.050000,
3.450000,2.050000,
3.500000,2.050000,
-3.500000,2.100000,
-3.450000,2.100000,
-3.400000,2.100000,
-3.350000,2.100000,
-3.300000,2.100000,
-3.250000,2.100000,
-3.200000,2.100000,
-3.150000,2.100000,
-3.100000,2.100000,
-3.050000,2.100000,
-3.000000,2.100000,
-2.950000,2.100000,
-2.900000,2.100000,
-2.850000,2.100000,
-2.800000,2.100000,0.000000
-2.750000,2.100000,0.526783
-2.700000,2.100000,0.741620
-2.650000,2.100000,0.904157
-2.600000,2.100000,1.039230
-2.550000,2.100000,1.156503
-2.500000,2.100000,1.260952
-2.450000,2.100000,1.355544
-2.400000,2.100000,1.442221
-2.350000,2.100000,1.522334
-2.300000,2.100000,1.596872
-2.250000,2.100000,1.666583
-2.200000,2.100000,1.732051
-2.150000,2.100000,1.793739
-2.100000,2.100000,1.838755
-2.050000,2.100000,1.795174
-2.000000,2.100000,1.748431
-1.950000,2.100000,1.698195
-1.900000,2.100000,1.644055
-1.850000,2.100000,1.585494
-1.800000,2.100000,1.521846
-1.750000,2.100000,1.452222
-1.700000,2.100000,1.375394
-1.650000,2.100000,1.289581
-1.600000,2.100000,1.192009
-1.550000,2.100000,1.077908
-1.500000,2.100000,0.937578
-1.450000,2.100000,0.743288
-1.400000,2.100000,0.285087
-1.350000,2.100000,0.192897
-1.300000,2.100000,0.173883
-1.250000,2.100000,0.162156
-1.200000,2.100000,0.150692
-1.150000,2.100000,0.137816
-1.100000,2.100000,0.123499
-1.050000,2.100000,0.107707
-1.000000,2.100000,0.090402
-0.950000,2.100000,0.071539
-0.900000,2.100000,0.051070
-0.850000,2.100000,0.028938
-0.800000,2.100000,0.005080
-0.750000,2.100000,-0.020578
-0.700000,2.100000,-0.048118
-0.650000,2.100000,-0.077634
-0.600000,2.100000,-0.109234
-0.550000,2.100000,-0.143043
-0.500000,2.100000,-0.179206
-0.450000,2.100000,-0.217893
-0.400000,2.100000,-0.259303
-0.350000,2.100000,-0.303674
-0.300000,2.100000,-0.351293
-0.250000,2.100000,-0.402510
-0.200000,2.100000,-0.457762
-0.150000,2.100000,-0.517602
-0.100000,2.100000,-0.582751
-0.050000,2.100000,-0.654176
-0.000000,2.100000,-0.733232
0.050000,2.100000,-0.796291
0.100000,2.100000,-0.684919
0.150000,2.100000,-0.590618
0.200000,2.100000,-0.508274
0.250000,2.100000,-0.434987
0.300000,2.100000,-0.368922
0.350000,2.100000,-0.308830
0.400000,2.100000,-0.253814
0.450000,2.100000,-0.203205
0.500000,2.100000,-0.156488
0.550000,2.100000,-0.113256
0.600000,2.100000,-0.073181
0.650000,2.100000,-0.035997
0.700000,2.100000,-0.001481
0.750000,2.100000,0.030552
0.800000,2.100000,0.060260
0.850000,2.100000,0.087777
0.900000,2.100000,0.113219
0.950000,2.100000,0.136685
1.000000,2.100000,0.158261
1.050000,2.100000,0.178022
1.100000,2.100000,0.196034
1.150000,2.100000,0.235641
1.200000,2.100000,0.336815
1.250000,2.100000,0.421478
1.300000,2.100000,0.494660
1.350000,2.100000,0.559162
1.400000,2.100000,0.616740
1.450000,2.100000,0.668578
1.500000,2.100000,0.715520
1.550000,2.100000,0.758194
1.600000,2.100000,0.797079
1.650000,2.100000,0.832552
1.700000,2.100000,0.864915
1.750000,2.100000,0.894411
1.800000,2.100000,0.921241
1.850000,2.100000,0.945572
1.900000,2.100000,0.967544
1.950000,2.100000,0.987272
2.000000,2.100000,1.004857
2.050000,2.100000,1.020381
2.100000,2.100000,1.033914
2.150000,2.100000,1.045513
2.200000,2.100000,1.055228
2.250000,2.100000,1.063098
2.300000,2.100000,1.069152
2.350000,2.100000,1.073415
2.400000,2.100000,1.075902
2.450000,2.100000,1.076624
2.500000,2.100000,1.075582
2.550000,2.100000,1.072773
2.600000,2.100000,1.039230
2.650000,2.100000,0.904157
2.700000,2.100000,0.741620
2.750000,2.100000,0.526783
2.800000,2.100000,0.000000
2.850000,2.100000,
2.900000,2.100000,
2.950000,2.100000,
3.000000,2.100000,
3.050000,2.100000,
3.100000,2.100000,
3.150000,2.100000,
3.200000,2.100000,
3.250000,2.100000,
3.300000,2.100000,
3.350000,2.100000,
3.400000,2.100000,
3.450000,2.100000,
3.500000,2.100000,
-3.500000,2.150000,
-3.450000,2.150000,
-3.400000,2.150000,
-3.350000,2.150000,
-3.300000,2.150000,
-3.250000,2.150000,
-3.200000,2.150000,
-3.150000,2.150000,
-3.100000,2.150000,
-3.050000,2.150000,
-3.000000,2.150000,
-2.950000,2.150000,
-2.900000,2.150000,
-2.850000,2.150000,
-2.800000,2.150000,
-2.750000,2.150000,0.254951
-2.700000,2.150000,0.580948
-2.650000,2.150000,0.777817
-2.600000,2.150000,0.931397
-2.550000,2.150000,1.060660
-2.500000,2.150000,1.173669
-2.450000,2.150000,1.274755
-2.400000,2.150000,1.366565
-2.350000,2.150000,1.450862
-2.300000,2.150000,1.528888
-2.250000,2.150000,1.601562
-2.200000,2.150000,1.669581
-2.150000,2.150000,1.733494
-2.100000,2.150000,1.793739
-2.050000,2.150000,1.778079
-2.000000,2.150000,1.730754
-1.950000,2.150000,1.679845
-1.900000,2.150000,1.624921
-1.850000,2.150000,1.565432
-1.800000,2.150000,1.500666
-1.750000,2.150000,1.429665
-1.700000,2.150000,1.351093
-1.650000,2.150000,1.262975
-1.600000,2.150000,1.162178
-1.550000,2.150000,1.043119
-1.500000,2.150000,0.893736
-1.450000,2.150000,0.673432
-1.400000,2.150000,0.226003
-1.350000,2.150000,0.192760
-1.300000,2.150000,0.184100
-1.250000,2.150000,0.174085
-1.200000,2.150000,0.162693
-1.150000,2.150000,0.149899
-1.100000,2.150000,0.135675
-1.050000,2.150000,0.119987
-1.000000,2.150000,0.102798
-0.950000,2.150000,0.084065
-0.900000,2.150000,0.063739
-0.850000,2.150000,0.041766
-0.800000,2.150000,0.018083
-0.750000,2.150000,-0.007381
-0.700000,2.150000,-0.034705
-0.650000,2.150000,-0.063983
-0.600000,2.150000,-0.095318
-0.550000,2.150000,-0.128833
-0.500000,2.150000,-0.164667
-0.450000,2.150000,-0.202984
-0.400000,2.150000,-0.243977
-0.350000,2.150000,-0.287875
-0.300000,2.150000,-0.334953
-0.250000,2.150000,-0.385546
-0.200000,2.150000,-0.440069
-0.150000,2.150000,-0.499045
-0.100000,2.150000,-0.563153
-0.050000,2.150000,-0.633296
-0.000000,2.150000,-0.710724
0.050000,2.150000,-0.797259
0.100000,2.150000,-0.751288
0.150000,2.150000,-0.649184
0.200000,2.150000,-0.561427
0.250000,2.150000,-0.484119
0.300000,2.150000,-0.414929
0.350000,2.150000,-0.352328
0.400000,2.150000,-0.295247
0.450000,2.150000,-0.242907
0.500000,2.150000,-0.194717
0.550000,2.150000,-0.150218
0.600000,2.150000,-0.109042
0.650000,2.150000,-0.070894
0.700000,2.150000,-0.035530
0.750000,2.150000,-0.002746
0.800000,2.150000,0.027630
0.850000,2.150000,0.055741
0.900000,2.150000,0.081713
0.950000,2.150000,0.105653
1.000000,2.150000,0.127652
1.050000,2.150000,0.147791
1.100000,2.150000,0.166138
1.150000,2.150000,0.182755
1.200000,2.150000,0.222584
1.250000,2.150000,0.321984
1.300000,2.150000,0.404982
1.350000,2.150000,0.476585
1.400000,2.150000,0.539575
1.450000,2.150000,0.595690
1.500000,2.150000,0.646102
1.550000,2.150000,0.691647
1.600000,2.150000,0.732943
1.650000,2.150000,0.770464
1.700000,2.150000,0.804581
1.750000,2.150000,0.835590
1.800000,2.150000,0.863730
1.850000,2.150000,0.889198
1.900000,2.150000,0.912158
1.950000,2.150000,0.932745
2.000000,2.150000,0.951072
2.050000,2.150000,0.967233
2.100000,2.150000,0.981310
2.150000,2.150000,0.993367
2.200000,2.150000,1.003458
2.250000,2.150000,1.011628
2.300000,2.150000,1.017912
2.350000,2.150000,1.022335
2.400000,2.150000,1.024916
2.450000,2.150000,1.025664
2.500000,2.150000,1.024584
2.550000,2.150000,1.021670
2.600000,2.150000,0.931397
2.650000,2.150000,0.777817
2.700000,2.150000,0.580948
2.750000,2.150000,0.254951
2.800000,2.150000,
2.850000,2.150000,
2.900000,2.150000,
2.950000,2.150000,
3.000000,2.150000,
3.050000,2.150000,
3.100000,2.150000,
3.150000,2.150000,
3.200000,2.150000,
3.250000,2.150000,
3.300000,2.150000,
3.350000,2.150000,
3.400000,2.150000,
3.450000,2.150000,
3.500000,2.150000,
-3.500000,2.200000,
-3.450000,2.200000,
-3.400000,2.200000,
-3.350000,2.200000,
-3.300000,2.200000,
-3.250000,2.200000,
-3.200000,2.200000,
-3.150000,2.200000,
-3.100000,2.200000,
-3.050000,2.200000,
-3.000000,2.200000,
-2.950000,2.200000,
-2.900000,2.200000,
-2.850000,2.200000,
-2.800000,2.200000,
-2.750000,2.200000,
-2.700000,2.200000,0.346410
-2.650000,2.200000,0.622495
-2.600000,2.200000,0.806226
-2.550000,2.200000,0.952628
-2.500000,2.200000,1.077033
-2.450000,2.200000,1.186381
-2.400000,2.200000,1.284523
-2.350000,2.200000,1.373863
-2.300000,2.200000,1.456022
-2.250000,2.200000,1.532155
-2.200000,2.200000,1.603122
-2.150000,2.200000,1.669581
-2.100000,2.200000,1.732051
-2.050000,2.200000,1.758991
-2.000000,2.200000,1.710998
-1.950000,2.200000,1.659316
-1.900000,2.200000,1.603486
-1.850000,2.200000,1.542921
-1.800000,2.200000,1.476851
-1.750000,2.200000,1.404234
-1.700000,2.200000,1.323592
-1.650000,2.200000,1.232705
-1.600000,2.200000,1.127950
-1.550000,2.200000,1.002590
-1.500000,2.200000,0.840802
-1.450000,2.200000,0.604005
-1.400000,2.200000,0.354080
-1.350000,2.200000,0.238093
-1.300000,2.200000,0.194591
-1.250000,2.200000,0.184630
-1.200000,2.200000,0.173302
-1.150000,2.200000,0.160580
-1.100000,2.200000,0.146437
-1.050000,2.200000,0.130840
-1.000000,2.200000,0.113753
-0.950000,2.200000,0.095132
-0.900000,2.200000,0.074931
-0.850000,2.200000,0.053096
-0.800000,2.200000,0.029566
-0.750000,2.200000,0.004272
-0.700000,2.200000,-0.022866
-0.650000,2.200000,-0.051936
-0.600000,2.200000,-0.083042
-0.550000,2.200000,-0.116301
-0.500000,2.200000,-0.151849
-0.450000,2.200000,-0.189847
-0.400000,2.200000,-0.230480
-0.350000,2.200000,-0.273970
-0.300000,2.200000,-0.320581
-0.250000,2.200000,-0.370638
-0.200000,2.200000,-0.424535
-0.150000,2.200000,-0.482774
-0.100000,2.200000,-0.545998
-0.050000,2.200000,-0.615057
-0.000000,2.200000,-0.691119
0.050000,2.200000,-0.775865
0.100000,2.200000,-0.828581
0.150000,2.200000,-0.715725
0.200000,2.200000,-0.620939
0.250000,2.200000,-0.538598
0.300000,2.200000,-0.465591
0.350000,2.200000,-0.399979
0.400000,2.200000,-0.340456
0.450000,2.200000,-0.286090
0.500000,2.200000,-0.236192
0.550000,2.200000,-0.190232
0.600000,2.200000,-0.147796
0.650000,2.200000,-0.108550
0.700000,2.200000,-0.072222
0.750000,2.200000,-0.038589
0.800000,2.200000,-0.007461
0.850000,2.200000,0.021319
0.900000,2.200000,0.047886
0.950000,2.200000,0.072356
1.000000,2.200000,0.094828
1.050000,2.200000,0.115387
1.100000,2.200000,0.134109
1.150000,2.200000,0.151057
1.200000,2.200000,0.166287
1.250000,2.200000,0.200064
1.300000,2.200000,0.299056
1.350000,2.200000,0.381229
1.400000,2.200000,0.451825
1.450000,2.200000,0.513717
1.500000,2.200000,0.568680
1.550000,2.200000,0.617906
1.600000,2.200000,0.662241
1.650000,2.200000,0.702306
1.700000,2.200000,0.738578
1.750000,2.200000,0.771427
1.800000,2.200000,0.801148
1.850000,2.200000,0.827980
1.900000,2.200000,0.852118
1.950000,2.200000,0.873722
2.000000,2.200000,0.892925
2.050000,2.200000,0.909838
2.100000,2.200000,0.924553
2.150000,2.200000,0.937145
2.200000,2.200000,0.947677
2.250000,2.200000,0.956198
2.300000,2.200000,0.962749
2.350000,2.200000,0.967358
2.400000,2.200000,0.970047
2.450000,2.200000,0.970827
2.500000,2.200000,0.969701
2.550000,2.200000,0.952628
2.600000,2.200000,0.806226
2.650000,2.200000,0.622495
2.700000,2.200000,0.346410
2.750000,2.200000,
2.800000,2.200000,
2.850000,2.200000,
2.900000,2.200000,
2.950000,2.200000,
3.000000,2.200000,
3.050000,2.200000,
3.100000,2.200000,
3.150000,2.200000,
3.200000,2.200000,
3.250000,2.200000,
3.300000,2.200000,
3.350000,2.200000,
3.400000,2.200000,
3.450000,2.200000,
3.500000,2.200000,
-3.500000,2.250000,
-3.450000,2.250000,
-3.400000,2.250000,
-3.350000,2.250000,
-3.300000,2.250000,
-3.250000,2.250000,
-3.200000,2.250000,
-3.150000,2.250000,
-3.100000,2.250000,
-3.050000,2.250000,
-3.000000,2.250000,
-2.950000,2.250000,
-2.900000,2.250000,
-2.850000,2.250000,
-2.800000,2.250000,
-2.750000,2.250000,
-2.700000,2.250000,
-2.650000,2.250000,0.406202
-2.600000,2.250000,0.653835
-2.550000,2.250000,0.827647
-2.500000,2.250000,0.968246
-2.450000,2.250000,1.088577
-2.400000,2.250000,1.194780
-2.350000,2.250000,1.290349
-2.300000,2.250000,1.377498
-2.250000,2.250000,1.457738
-2.200000,2.250000,1.532155
-2.150000,2.250000,1.601562
-2.100000,2.250000,1.666583
-2.050000,2.250000,1.727715
-2.000000,2.250000,1.689071
-1.950000,2.250000,1.636502
-1.900000,2.250000,1.579629
-1.850000,2.250000,1.517817
-1.800000,2.250000,1.450229
-1.750000,2.250000,1.375712
-1.700000,2.250000,1.292610
-1.650000,2.250000,1.198375
-1.600000,2.250000,1.088708
-1.550000,2.250000,0.955153
-1.500000,2.250000,0.816694
-1.450000,2.250000,0.678015
-1.400000,2.250000,0.483518
-1.350000,2.250000,0.289708
-1.300000,2.250000,0.245790
-1.250000,2.250000,0.197930
-1.200000,2.250000,0.182542
-1.150000,2.250000,0.169883
-1.100000,2.250000,0.155809
-1.050000,2.250000,0.140291
-1.000000,2.250000,0.123291
-0.950000,2.250000,0.104767
-0.900000,2.250000,0.084674
-0.850000,2.250000,0.062958
-0.800000,2.250000,0.039559
-0.750000,2.250000,0.014410
-0.700000,2.250000,-0.012567
-0.650000,2.250000,-0.041460
-0.600000,2.250000,-0.072368
-0.550000,2.250000,-0.105408
-0.500000,2.250000,-0.140712
-0.450000,2.250000,-0.178436
-0.400000,2.250000,-0.218761
-0.350000,2.250000,-0.261903
-0.300000,2.250000,-0.308118
-0.250000,2.250000,-0.357718
-0.200000,2.250000,-0.411086
-0.150000,2.250000,-0.468702
-0.100000,2.250000,-0.531180
-0.050000,2.250000,-0.599330
-0.000000,2.250000,-0.674253
0.050000,2.250000,-0.757522
0.100000,2.250000,-0.851518
0.150000,2.250000,-0.792643
0.200000,2.250000,-0.688289
0.250000,2.250000,-0.599443
0.300000,2.250000,-0.521665
0.350000,2.250000,-0.452378
0.400000,2.250000,-0.389922
0.450000,2.250000,-0.333157
0.500000,2.250000,-0.281256
0.550000,2.250000,-0.233600
0.600000,2.250000,-0.189709
0.650000,2.250000,-0.149202
0.700000,2.250000,-0.111775
0.750000,2.250000,-0.077175
0.800000,2.250000,-0.045196
0.850000,2.250000,-0.015661
0.900000,2.250000,0.011576
0.950000,2.250000,0.036642
1.000000,2.250000,0.059643
1.050000,2.250000,0.080674
1.100000,2.250000,0.099814
1.150000,2.250000,0.117131
1.200000,2.250000,0.132687
1.250000,2.250000,0.146531
1.300000,2.250000,0.166827
1.350000,2.250000,0.267118
1.400000,2.250000,0.349471
1.450000,2.250000,0.419729
1.500000,2.250000,0.480996
1.550000,2.250000,0.535159
1.600000,2.250000,0.583468
1.650000,2.250000,0.626797
1.700000,2.250000,0.665791
1.750000,2.250000,0.700936
1.800000,2.250000,0.732609
1.850000,2.250000,0.761111
1.900000,2.250000,0.786680
1.950000,2.250000,0.809513
2.000000,2.250000,0.829769
2.050000,2.250000,0.847581
2.100000,2.250000,0.863056
2.150000,2.250000,0.876284
2.200000,2.250000,0.887337
2.250000,2.250000,0.896274
2.300000,2.250000,0.903140
2.350000,2.250000,0.907970
2.400000,2.250000,0.910786
2.450000,2.250000,0.911603
2.500000,2.250000,0.910424
2.550000,2.250000,0.827647
2.600000,2.250000,0.653835
2.650000,2.250000,0.406202
2.700000,2.250000,
2.750000,2.250000,
2.800000,2.250000,
2.850000,2.250000,
2.900000,2.250000,
2.950000,2.250000,
3.000000,2.250000,
3.050000,2.250000,
3.100000,2.250000,
3.150000,2.250000,
3.200000,2.250000,
3.250000,2.250000,
3.300000,2.250000,
3.350000,2.250000,
3.400000,2.250000,
3.450000,2.250000,
3.500000,2.250000,
-3.500000,2.300000,
-3.450000,2.300000,
-3.400000,2.300000,
-3.350000,2.300000,
-3.300000,2.300000,
-3.250000,2.300000,
-3.200000,2.300000,
-3.150000,2.300000,
-3.100000,2.300000,
-3.050000,2.300000,
-3.000000,2.300000,
-2.950000,2.300000,
-2.900000,2.300000,
-2.850000,2.300000,
-2.800000,2.300000,
-2.750000,2.300000,
-2.700000,2.300000,
-2.650000,2.300000,
-2.600000,2.300000,0.447214
-2.550000,2.300000,0.676387
-2.500000,2.300000,0.842615
-2.450000,2.300000,0.978519
-2.400000,2.300000,1.095445
-2.350000,2.300000,1.198958
-2.300000,2.300000,1.292285
-2.250000,2.300000,1.377498
-2.200000,2.300000,1.456022
-2.150000,2.300000,1.528888
-2.100000,2.300000,1.596872
-2.050000,2.300000,1.660572
-2.000000,2.300000,1.664863
-1.950000,2.300000,1.611278
-1.900000,2.300000,1.553204
-1.850000,2.300000,1.489950
-1.800000,2.300000,1.420589
-1.750000,2.300000,1.343832
-1.700000,2.300000,1.257787
-1.650000,2.300000,1.159463
-1.600000,2.300000,1.063434
-1.550000,2.300000,0.972212
-1.500000,2.300000,0.866593
-1.450000,2.300000,0.739231
-1.400000,2.300000,0.572024
-1.350000,2.300000,0.337232
-1.300000,2.300000,0.295029
-1.250000,2.300000,0.249181
-1.200000,2.300000,0.199240
-1.150000,2.300000,0.177826
-1.100000,2.300000,0.163813
-1.050000,2.300000,0.148360
-1.000000,2.300000,0.131434
-0.950000,2.300000,0.112993
-0.900000,2.300000,0.092990
-0.850000,2.300000,0.071375
-0.800000,2.300000,0.048087
-0.750000,2.300000,0.023060
-0.700000,2.300000,-0.003781
-0.650000,2.300000,-0.032524
-0.600000,2.300000,-0.063266
-0.550000,2.300000,-0.096121
-0.500000,2.300000,-0.131220
-0.450000,2.300000,-0.168714
-0.400000,2.300000,-0.208781
-0.350000,2.300000,-0.251630
-0.300000,2.300000,-0.297513
-0.250000,2.300000,-0.346731
-0.200000,2.300000,-0.399657
-0.150000,2.300000,-0.456753
-0.100000,2.300000,-0.518613
-0.050000,2.300000,-0.586011
-0.000000,2.300000,-0.659998
0.050000,2.300000,-0.742059
0.100000,2.300000,-0.834422
0.150000,2.300000,-0.884115
0.200000,2.300000,-0.765772
0.250000,2.300000,-0.668129
0.300000,2.300000,-0.584196
0.350000,2.300000,-0.510312
0.400000,2.300000,-0.444270
0.450000,2.300000,-0.384619
0.500000,2.300000,-0.330341
0.550000,2.300000,-0.280692
0.600000,2.300000,-0.235105
0.650000,2.300000,-0.193141
0.700000,2.300000,-0.154448
0.750000,2.300000,-0.118744
0.800000,2.300000,-0.085793
0.850000,2.300000,-0.055401
0.900000,2.300000,-0.027406
0.950000,2.300000,-0.001668
1.000000,2.300000,0.021931
1.050000,2.300000,0.043491
1.100000,2.300000,0.063099
1.150000,2.300000,0.080831
1.200000,2.300000,0.096750
1.250000,2.300000,0.110912
1.300000,2.300000,0.123364
1.350000,2.300000,0.134146
1.400000,2.300000,0.224647
1.450000,2.300000,0.308536
1.500000,2.300000,0.379315
1.550000,2.300000,0.440552
1.600000,2.300000,0.494345
1.650000,2.300000,0.542056
1.700000,2.300000,0.584624
1.750000,2.300000,0.622732
1.800000,2.300000,0.656889
1.850000,2.300000,0.687489
1.900000,2.300000,0.714842
1.950000,2.300000,0.739193
2.000000,2.300000,0.760742
2.050000,2.300000,0.779651
2.100000,2.300000,0.796051
2.150000,2.300000,0.810048
2.200000,2.300000,0.821731
2.250000,2.300000,0.831168
2.300000,2.300000,0.838413
2.350000,2.300000,0.843506
2.400000,2.300000,0.846475
2.450000,2.300000,0.847336
2.500000,2.300000,0.842615
2.550000,2.300000,0.676387
2.600000,2.300000,0.447214
2.650000,2.300000,
2.700000,2.300000,
2.750000,2.300000,
2.800000,2.300000,
2.850000,2.300000,
2.900000,2.300000,
2.950000,2.300000,
3.000000,2.300000,
3.050000,2.300000,
3.100000,2.300000,
3.150000,2.300000,
3.200000,2.300000,
3.250000,2.300000,
3.300000,2.300000,
3.350000,2.300000,
3.400000,2.300000,
3.450000,2.300000,
3.500000,2.300000,
-3.500000,2.350000,
-3.450000,2.350000,
-3.400000,2.350000,
-3.350000,2.350000,
-3.300000,2.350000,
-3.250000,2.350000,
-3.200000,2.350000,
-3.150000,2.350000,
-3.100000,2.350000,
-3.050000,2.350000,
-3.000000,2.350000,
-2.950000,2.350000,
-2.900000,2.350000,
-2.850000,2.350000,
-2.800000,2.350000,
-2.750000,2.350000,
-2.700000,2.350000,
-2.650000,2.350000,
-2.600000,2.350000,
-2.550000,2.350000,0.474342
-2.500000,2.350000,0.691014
-2.450000,2.350000,0.851469
-2.400000,2.350000,0.983616
-2.350000,2.350000,1.097725
-2.300000,2.350000,1.198958
-2.250000,2.350000,1.290349
-2.200000,2.350000,1.373863
-2.150000,2.350000,1.450862
-2.100000,2.350000,1.522334
-2.050000,2.350000,1.589025
-2.000000,2.350000,1.638245
-1.950000,2.350000,1.583496
-1.900000,2.350000,1.524038
-1.850000,2.350000,1.459108
-1.800000,2.350000,1.387669
-1.750000,2.350000,1.310874
-1.700000,2.350000,1.246716
-1.650000,2.350000,1.176302
-1.600000,2.350000,1.098276
-1.550000,2.350000,1.010638
-1.500000,2.350000,0.910186
-1.450000,2.350000,0.791174
-1.400000,2.350000,0.640984
-1.350000,2.350000,0.415055
-1.300000,2.350000,0.340377
-1.250000,2.350000,0.296235
-1.200000,2.350000,0.248302
-1.150000,2.350000,0.196091
-1.100000,2.350000,0.170464
-1.050000,2.350000,0.155066
-1.000000,2.350000,0.138201
-0.950000,2.350000,0.119827
-0.900000,2.350000,0.099899
-0.850000,2.350000,0.078367
-0.800000,2.350000,0.055170
-0.750000,2.350000,0.030245
-0.700000,2.350000,0.003515
-0.650000,2.350000,-0.025105
-0.600000,2.350000,-0.055710
-0.550000,2.350000,-0.088414
-0.500000,2.350000,-0.123344
-0.450000,2.350000,-0.160649
-0.400000,2.350000,-0.200504
-0.350000,2.350000,-0.243114
-0.300000,2.350000,-0.288724
-0.250000,2.350000,-0.337631
-0.200000,2.350000,-0.390196
-0.150000,2.350000,-0.446870
-0.100000,2.350000,-0.508227
-0.050000,2.350000,-0.575017
-0.000000,2.350000,-0.648248
0.050000,2.350000,-0.729341
0.100000,2.350000,-0.820406
0.150000,2.350000,-0.924838
0.200000,2.350000,-0.857314
0.250000,2.350000,-0.746935
0.300000,2.350000,-0.654696
0.350000,2.350000,-0.574874
0.400000,2.350000,-0.504337
0.450000,2.350000,-0.441146
0.500000,2.350000,-0.384000
0.550000,2.350000,-0.331976
0.600000,2.350000,-0.284391
0.650000,2.350000,-0.240722
0.700000,2.350000,-0.200561
0.750000,2.350000,-0.163581
0.800000,2.350000,-0.129515
0.850000,2.350000,-0.098144
0.900000,2.350000,-0.069285
0.950000,2.350000,-0.042784
1.000000,2.350000,-0.018510
1.050000,2.350000,0.003648
1.100000,2.350000,0.023785
1.150000,2.350000,0.041982
1.200000,2.350000,0.058310
1.250000,2.350000,0.072828
1.300000,2.350000,0.085588
1.350000,2.350000,0.096633
1.400000,2.350000,0.105999
1.450000,2.350000,0.169022
1.500000,2.350000,0.256543
1.550000,2.350000,0.329084
1.600000,2.350000,0.391107
1.650000,2.350000,0.445104
1.700000,2.350000,0.492634
1.750000,2.350000,0.534750
1.800000,2.350000,0.572202
1.850000,2.350000,0.605542
1.900000,2.350000,0.635192
1.950000,2.350000,0.661479
2.000000,2.350000,0.684661
2.050000,2.350000,0.704945
2.100000,2.350000,0.722497
2.150000,2.350000,0.737449
2.200000,2.350000,0.749910
2.250000,2.350000,0.759962
2.300000,2.350000,0.767672
2.350000,2.350000,0.773089
2.400000,2.350000,0.776245
2.450000,2.350000,0.777160
2.500000,2.350000,0.691014
2.550000,2.350000,0.474342
2.600000,2.350000,
2.650000,2.350000,
2.700000,2.350000,
2.750000,2.350000,
2.800000,2.350000,
2.850000,2.350000,
2.900000,2.350000,
2.950000,2.350000,
3.000000,2.350000,
3.050000,2.350000,
3.100000,2.350000,
3.150000,2.350000,
3.200000,2.350000,
3.250000,2.350000,
3.300000,2.350000,
3.350000,2.350000,
3.400000,2.350000,
3.450000,2.350000,
3.500000,2.350000,
-3.500000,2.400000,
-3.450000,2.400000,
-3.400000,2.400000,
-3.350000,2.400000,
-3.300000,2.400000,
-3.250000,2.400000,
-3.200000,2.400000,
-3.150000,2.400000,
-3.100000,2.400000,
-3.050000,2.400000,
-3.000000,2.400000,
-2.950000,2.400000,
-2.900000,2.400000,
-2.850000,2.400000,
-2.800000,2.400000,
-2.750000,2.400000,
-2.700000,2.400000,
-2.650000,2.400000,
-2.600000,2.400000,
-2.550000,2.400000,
-2.500000,2.400000,0.489898
-2.450000,2.400000,0.698212
-2.400000,2.400000,0.854400
-2.350000,2.400000,0.983616
-2.300000,2.400000,1.095445
-2.250000,2.400000,1.194780
-2.200000,2.400000,1.284523
-2.150000,2.400000,1.366565
-2.100000,2.400000,1.442221
-2.050000,2.400000,1.512448
-2.000000,2.400000,1.577973
-1.950000,2.400000,1.552977
-1.900000,2.400000,1.496966
-1.850000,2.400000,1.447557
-1.800000,2.400000,1.394269
-1.750000,2.400000,1.336593
-1.700000,2.400000,1.273869
-1.650000,2.400000,1.205221
-1.600000,2.400000,1.129438
-1.550000,2.400000,1.044764
-1.500000,2.400000,0.948471
-1.450000,2.400000,0.835871
-1.400000,2.400000,0.697469
-1.350000,2.400000,0.506328
-1.300000,2.400000,0.382240
-1.250000,2.400000,0.339562
-1.200000,2.400000,0.293337
-1.150000,2.400000,0.243144
-1.100000,2.400000,0.188445
-1.050000,2.400000,0.160423
-1.000000,2.400000,0.143606
-0.950000,2.400000,0.125286
-0.900000,2.400000,0.105418
-0.850000,2.400000,0.083951
-0.800000,2.400000,0.060827
-0.750000,2.400000,0.035981
-0.700000,2.400000,0.009340
-0.650000,2.400000,-0.019182
-0.600000,2.400000,-0.049680
-0.550000,2.400000,-0.082263
-0.500000,2.400000,-0.117059
-0.450000,2.400000,-0.154215
-0.400000,2.400000,-0.193903
-0.350000,2.400000,-0.236324
-0.300000,2.400000,-0.281720
-0.250000,2.400000,-0.330381
-0.200000,2.400000,-0.382662
-0.150000,2.400000,-0.439004
-0.100000,2.400000,-0.499968
-0.050000,2.400000,-0.566281
-0.000000,2.400000,-0.638924
0.050000,2.400000,-0.719265
0.100000,2.400000,-0.809328
0.150000,2.400000,-0.912336
0.200000,2.400000,-0.970823
0.250000,2.400000,-0.839737
0.300000,2.400000,-0.735502
0.350000,2.400000,-0.647652
0.400000,2.400000,-0.571288
0.450000,2.400000,-0.503640
0.500000,2.400000,-0.442960
0.550000,2.400000,-0.388057
0.600000,2.400000,-0.338080
0.650000,2.400000,-0.292394
0.700000,2.400000,-0.250509
0.750000,2.400000,-0.212042
0.800000,2.400000,-0.176684
0.850000,2.400000,-0.144184
0.900000,2.400000,-0.114334
0.950000,2.400000,-0.086959
1.000000,2.400000,-0.061915
1.050000,2.400000,-0.039078
1.100000,2.400000,-0.018342
1.150000,2.400000,0.000382
1.200000,2.400000,0.017171
1.250000,2.400000,0.032091
1.300000,2.400000,0.045197
1.350000,2.400000,0.056537
1.400000,2.400000,0.066150
1.450000,2.400000,0.074069
1.500000,2.400000,0.095246
1.550000,2.400000,0.190260
1.600000,2.400000,0.266608
1.650000,2.400000,0.330679
1.700000,2.400000,0.385725
1.750000,2.400000,0.433671
1.800000,2.400000,0.475767
1.850000,2.400000,0.512878
1.900000,2.400000,0.545630
1.950000,2.400000,0.574490
2.000000,2.400000,0.599817
2.050000,2.400000,0.621889
2.100000,2.400000,0.640926
2.150000,2.400000,0.657100
2.200000,2.400000,0.670550
2.250000,2.400000,0.681382
2.300000,2.400000,0.689680
2.350000,2.400000,0.695504
2.400000,2.400000,0.698895
2.450000,2.400000,0.698212
2.500000,2.400000,0.489898
2.550000,2.400000,
2.600000,2.400000,
2.650000,2.400000,
2.700000,2.400000,
2.750000,2.400000,
2.800000,2.400000,
2.850000,2.400000,
2.900000,2.400000,
2.950000,2.400000,
3.000000,2.400000,
3.050000,2.400000,
3.100000,2.400000,
3.150000,2.400000,
3.200000,2.400000,
3.250000,2.400000,
3.300000,2.400000,
3.350000,2.400000,
3.400000,2.400000,
3.450000,2.400000,
3.500000,2.400000,
-3.500000,2.450000,
-3.450000,2.450000,
-3.400000,2.450000,
-3.350000,2.450000,
-3.300000,2.450000,
-3.250000,2.450000,
-3.200000,2.450000,
-3.150000,2.450000,
-3.100000,2.450000,
-3.050000,2.450000,
-3.000000,2.450000,
-2.950000,2.450000,
-2.900000,2.450000,
-2.850000,2.450000,
-2.800000,2.450000,
-2.750000,2.450000,
-2.700000,2.450000,
-2.650000,2.450000,
-2.600000,2.450000,
-2.550000,2.450000,
-2.500000,2.450000,
-2.450000,2.450000,0.494975
-2.400000,2.450000,0.698212
-2.350000,2.450000,0.851469
-2.300000,2.450000,0.978519
-2.250000,2.450000,1.088577
-2.200000,2.450000,1.186381
-2.150000,2.450000,1.274755
-2.100000,2.450000,1.355544
-2.050000,2.450000,1.430035
-2.000000,2.450000,1.499166
-1.950000,2.450000,1.562755
-1.900000,2.450000,1.517473
-1.850000,2.450000,1.468816
-1.800000,2.450000,1.416404
-1.750000,2.450000,1.359760
-1.700000,2.450000,1.298272
-1.650000,2.450000,1.231136
-1.600000,2.450000,1.157252
-1.550000,2.450000,1.075053
-1.500000,2.450000,0.982157
-1.450000,2.450000,0.874615
-1.400000,2.450000,0.744883
-1.350000,2.450000,0.574251
-1.300000,2.450000,0.420944
-1.250000,2.450000,0.379534
-1.200000,2.450000,0.334778
-1.150000,2.450000,0.286306
-1.100000,2.450000,0.233650
-1.050000,2.450000,0.176209
-1.000000,2.450000,0.147662
-0.950000,2.450000,0.129382
-0.900000,2.450000,0.109558
-0.850000,2.450000,0.088140
-0.800000,2.450000,0.065070
-0.750000,2.450000,0.040284
-0.700000,2.450000,0.013708
-0.650000,2.450000,-0.014740
-0.600000,2.450000,-0.045157
-0.550000,2.450000,-0.077651
-0.500000,2.450000,-0.112348
-0.450000,2.450000,-0.149393
-0.400000,2.450000,-0.188956
-0.350000,2.450000,-0.231237
-0.300000,2.450000,-0.276473
-0.250000,2.450000,-0.324952
-0.200000,2.450000,-0.377023
-0.150000,2.450000,-0.433119
-0.100000,2.450000,-0.493792
-0.050000,2.450000,-0.559754
-0.000000,2.450000,-0.631962
0.050000,2.450000,-0.711752
0.100000,2.450000,-0.801082
0.150000,2.450000,-0.903057
0.200000,2.450000,-1.023161
0.250000,2.450000,-0.954252
0.300000,2.450000,-0.830603
0.350000,2.450000,-0.731120
0.400000,2.450000,-0.646832
0.450000,2.450000,-0.573369
0.500000,2.450000,-0.508210
0.550000,2.450000,-0.449738
0.600000,2.450000,-0.396844
0.650000,2.450000,-0.348728
0.700000,2.450000,-0.304790
0.750000,2.450000,-0.264568
0.800000,2.450000,-0.227697
0.850000,2.450000,-0.193881
0.900000,2.450000,-0.162882
0.950000,2.450000,-0.134501
1.000000,2.450000,-0.108573
1.050000,2.450000,-0.084958
1.100000,2.450000,-0.063538
1.150000,2.450000,-0.044214
1.200000,2.450000,-0.026900
1.250000,2.450000,-0.011525
1.300000,2.450000,0.001974
1.350000,2.450000,0.013648
1.400000,2.450000,0.023539
1.450000,2.450000,0.031685
1.500000,2.450000,0.038113
1.550000,2.450000,0.042846
1.600000,2.450000,0.103344
1.650000,2.450000,0.187566
1.700000,2.450000,0.255944
1.750000,2.450000,0.313458
1.800000,2.450000,0.362775
1.850000,2.450000,0.405520
1.900000,2.450000,0.442768
1.950000,2.450000,0.475270
2.000000,2.450000,0.503575
2.050000,2.450000,0.528093
2.100000,2.450000,0.549136
2.150000,2.450000,0.566946
2.200000,2.450000,0.581710
2.250000,2.450000,0.593572
2.300000,2.450000,0.602642
2.350000,2.450000,0.608999
2.400000,2.450000,0.612698
2.450000,2.450000,0.494975
2.500000,2.450000,
2.550000,2.450000,
2.600000,2.450000,
2.650000,2.450000,
2.700000,2.450000,
2.750000,2.450000,
2.800000,2.450000,
2.850000,2.450000,
2.900000,2.450000,
2.950000,2.450000,
3.000000,2.450000,
3.050000,2.450000,
3.100000,2.450000,
3.150000,2.450000,
3.200000,2.450000,
3.250000,2.450000,
3.300000,2.450000,
3.350000,2.450000,
3.400000,2.450000,
3.450000,2.450000,
3.500000,2.450000,
-3.500000,2.500000,
-3.450000,2.500000,
-3.400000,2.500000,
-3.350000,2.500000,
-3.300000,2.500000,
-3.250000,2.500000,
-3.200000,2.500000,
-3.150000,2.500000,
-3.100000,2.500000,
-3.050000,2.500000,
-3.000000,2.500000,
-2.950000,2.500000,
-2.900000,2.500000,
-2.850000,2.500000,
-2.800000,2.500000,
-2.750000,2.500000,
-2.700000,2.500000,
-2.650000,2.500000,
-2.600000,2.500000,
-2.550000,2.500000,
-2.500000,2.500000,
-2.450000,2.500000,
-2.400000,2.500000,0.489898
-2.350000,2.500000,0.691014
-2.300000,2.500000,0.842615
-2.250000,2.500000,0.968246
-2.200000,2.500000,1.077033
-2.150000,2.500000,1.173669
-2.100000,2.500000,1.260952
-2.050000,2.500000,1.340709
-2.000000,2.500000,1.414214
-1.950000,2.500000,1.482397
-1.900000,2.500000,1.535916
-1.850000,2.500000,1.487917
-1.800000,2.500000,1.436267
-1.750000,2.500000,1.380517
-1.700000,2.500000,1.320095
-1.650000,2.500000,1.254253
-1.600000,2.500000,1.181982
-1.550000,2.500000,1.101860
-1.500000,2.500000,1.011768
-1.450000,2.500000,0.908286
-1.400000,2.500000,0.785175
-1.350000,2.500000,0.628311
-1.300000,2.500000,0.456754
-1.250000,2.500000,0.416451
-1.200000,2.500000,0.372970
-1.150000,2.500000,0.325981
-1.100000,2.500000,0.275069
-1.050000,2.500000,0.219711
-1.000000,2.500000,0.159226
-0.950000,2.500000,0.132123
-0.900000,2.500000,0.112329
-0.850000,2.500000,0.090943
-0.800000,2.500000,0.067910
-0.750000,2.500000,0.043163
-0.700000,2.500000,0.016632
-0.650000,2.500000,-0.011769
-0.600000,2.500000,-0.042132
-0.550000,2.500000,-0.074566
-0.500000,2.500000,-0.109197
-0.450000,2.500000,-0.146168
-0.400000,2.500000,-0.185648
-0.350000,2.500000,-0.227835
-0.300000,2.500000,-0.272966
-0.250000,2.500000,-0.321324
-0.200000,2.500000,-0.373255
-0.150000,2.500000,-0.429188
-0.100000,2.500000,-0.489667
-0.050000,2.500000,-0.555397
-0.000000,2.500000,-0.627319
0.050000,2.500000,-0.706745
0.100000,2.500000,-0.795594
0.150000,2.500000,-0.896893
0.200000,2.500000,-1.015953
0.250000,2.500000,-1.111549
0.300000,2.500000,-0.947977
0.350000,2.500000,-0.829543
0.400000,2.500000,-0.733662
0.450000,2.500000,-0.652216
0.500000,2.500000,-0.581158
0.550000,2.500000,-0.518122
0.600000,2.500000,-0.461581
0.650000,2.500000,-0.410479
0.700000,2.500000,-0.364052
0.750000,2.500000,-0.321725
0.800000,2.500000,-0.283054
0.850000,2.500000,-0.247687
0.900000,2.500000,-0.215342
0.950000,2.500000,-0.185788
1.000000,2.500000,-0.158833
1.050000,2.500000,-0.134319
1.100000,2.500000,-0.112112
1.150000,2.500000,-0.092099
1.200000,2.500000,-0.074185
1.250000,2.500000,-0.058289
1.300000,2.500000,-0.044343
1.350000,2.500000,-0.032289
1.400000,2.500000,-0.022080
1.450000,2.500000,-0.013676
1.500000,2.500000,-0.007047
1.550000,2.500000,-0.002167
1.600000,2.500000,0.000980
1.650000,2.500000,0.002406
1.700000,2.500000,0.082803
1.750000,2.500000,0.160555
1.800000,2.500000,0.223380
1.850000,2.500000,0.275851
1.900000,2.500000,0.320434
1.950000,2.500000,0.358638
2.000000,2.500000,0.391460
2.050000,2.500000,0.419598
2.100000,2.500000,0.443554
2.150000,2.500000,0.463702
2.200000,2.500000,0.480323
2.250000,2.500000,0.493626
2.300000,2.500000,0.503769
2.350000,2.500000,0.510863
2.400000,2.500000,0.489898
2.450000,2.500000,
2.500000,2.500000,
2.550000,2.500000,
2.600000,2.500000,
2.650000,2.500000,
2.700000,2.500000,
2.750000,2.500000,
2.800000,2.500000,
2.850000,2.500000,
2.900000,2.500000,
2.950000,2.500000,
3.000000,2.500000,
3.050000,2.500000,
3.100000,2.500000,
3.150000,2.500000,
3.200000,2.500000,
3.250000,2.500000,
3.300000,2.500000,
3.350000,2.500000,
3.400000,2.500000,
3.450000,2.500000,
3.500000,2.500000,
-3.500000,2.550000,
-3.450000,2.550000,
-3.400000,2.550000,
-3.350000,2.550000,
-3.300000,2.550000,
-3.250000,2.550000,
-3.200000,2.550000,
-3.150000,2.550000,
-3.100000,2.550000,
-3.050000,2.550000,
-3.000000,2.550000,
-2.950000,2.550000,
-2.900000,2.550000,
-2.850000,2.550000,
-2.800000,2.550000,
-2.750000,2.550000,
-2.700000,2.550000,
-2.650000,2.550000,
-2.600000,2.550000,
-2.550000,2.550000,
-2.500000,2.550000,
-2.450000,2.550000,
-2.400000,2.550000,
-2.350000,2.550000,0.474342
-2.300000,2.550000,0.676387
-2.250000,2.550000,0.827647
-2.200000,2.550000,0.952628
-2.150000,2.550000,1.060660
-2.100000,2.550000,1.156503
-2.050000,2.550000,1.242980
-2.000000,2.550000,1.321930
-1.950000,2.550000,1.394633
-1.900000,2.550000,1.462019
-1.850000,2.550000,1.504947
-1.800000,2.550000,1.453957
-1.750000,2.550000,1.398980
-1.700000,2.550000,1.339475
-1.650000,2.550000,1.274741
-1.600000,2.550000,1.203839
-1.550000,2.550000,1.125464
-1.500000,2.550000,1.037697
-1.450000,2.550000,0.937513
-1.400000,2.550000,0.819580
-1.350000,2.550000,0.672608
-1.300000,2.550000,0.489890
-1.250000,2.550000,0.450559
-1.200000,2.550000,0.408193
-1.150000,2.550000,0.362491
-1.100000,2.550000,0.313084
-1.050000,2.550000,0.259506
-1.000000,2.550000,0.201164
-0.950000,2.550000,0.137269
-0.900000,2.550000,0.113737
-0.850000,2.550000,0.092368
-0.800000,2.550000,0.069353
-0.750000,2.550000,0.044626
-0.700000,2.550000,0.018117
-0.650000,2.550000,-0.010259
-0.600000,2.550000,-0.040595
-0.550000,2.550000,-0.072999
-0.500000,2.550000,-0.107596
-0.450000,2.550000,-0.144530
-0.400000,2.550000,-0.183968
-0.350000,2.550000,-0.226108
-0.300000,2.550000,-0.271185
-0.250000,2.550000,-0.319481
-0.200000,2.550000,-0.371341
-0.150000,2.550000,-0.427192
-0.100000,2.550000,-0.487574
-0.050000,2.550000,-0.553186
-0.000000,2.550000,-0.624964
0.050000,2.550000,-0.704207
0.100000,2.550000,-0.792815
0.150000,2.550000,-0.893775
0.200000,2.550000,-1.012314
0.250000,2.550000,-1.159368
0.300000,2.550000,-1.109625
0.350000,2.550000,-0.951613
0.400000,2.550000,-0.836515
0.450000,2.550000,-0.743202
0.500000,2.550000,-0.663930
0.550000,2.550000,-0.594809
0.600000,2.550000,-0.533551
0.650000,2.550000,-0.478675
0.700000,2.550000,-0.429157
0.750000,2.550000,-0.384254
0.800000,2.550000,-0.343405
0.850000,2.550000,-0.306179
0.900000,2.550000,-0.272234
0.950000,2.550000,-0.241293
1.000000,2.550000,-0.213133
1.050000,2.550000,-0.187569
1.100000,2.550000,-0.164445
1.150000,2.550000,-0.143634
1.200000,2.550000,-0.125025
1.250000,2.550000,-0.108529
1.300000,2.550000,-0.094068
1.350000,2.550000,-0.081578
1.400000,2.550000,-0.071005
1.450000,2.550000,-0.062306
1.500000,2.550000,-0.055446
1.550000,2.550000,-0.050399
1.600000,2.550000,-0.047144
1.650000,2.550000,-0.045669
1.700000,2.550000,-0.045968
1.750000,2.550000,-0.048043
1.800000,2.550000,0.028890
1.850000,2.550000,0.104836
1.900000,2.550000,0.164708
1.950000,2.550000,0.213729
2.000000,2.550000,0.254583
2.050000,2.550000,0.288859
2.100000,2.550000,0.317584
2.150000,2.550000,0.341458
2.200000,2.550000,0.360976
2.250000,2.550000,0.376494
2.300000,2.550000,0.388266
2.350000,2.550000,0.396472
2.400000,2.550000,
2.450000,2.550000,
2.500000,2.550000,
2.550000,2.550000,
2.600000,2.550000,
2.650000,2.550000,
2.700000,2.550000,
2.750000,2.550000,
2.800000,2.550000,
2.850000,2.550000,
2.900000,2.550000,
2.950000,2.550000,
3.000000,2.550000,
3.050000,2.550000,
3.100000,2.550000,
3.150000,2.550000,
3.200000,2.550000,
3.250000,2.550000,
3.300000,2.550000,
3.350000,2.550000,
3.400000,2.550000,
3.450000,2.550000,
3.500000,2.550000,
-3.500000,2.600000,
-3.450000,2.600000,
-3.400000,2.600000,
-3.350000,2.600000,
-3.300000,2.600000,
-3.250000,2.600000,
-3.200000,2.600000,
-3.150000,2.600000,
-3.100000,2.600000,
-3.050000,2.600000,
-3.000000,2.600000,
-2.950000,2.600000,
-2.900000,2.600000,
-2.850000,2.600000,
-2.800000,2.600000,
-2.750000,2.600000,
-2.700000,2.600000,
-2.650000,2.600000,
-2.600000,2.600000,
-2.550000,2.600000,
-2.500000,2.600000,
-2.450000,2.600000,
-2.400000,2.600000,
-2.350000,2.600000,
-2.300000,2.600000,0.447214
-2.250000,2.600000,0.653835
-2.200000,2.600000,0.806226
-2.150000,2.600000,0.931397
-2.100000,2.600000,1.039230
-2.050000,2.600000,1.134681
-2.000000,2.600000,1.220656
-1.950000,2.600000,1.299038
-1.900000,2.600000,1.371131
-1.850000,2.600000,1.437880
-1.800000,2.600000,1.469562
-1.750000,2.600000,1.415248
-1.700000,2.600000,1.356528
-1.650000,2.600000,1.292737
-1.600000,2.600000,1.222995
-1.550000,2.600000,1.146087
-1.500000,2.600000,1.060252
-1.450000,2.600000,0.962759
-1.400000,2.600000,0.848934
-1.350000,2.600000,0.709355
-1.300000,2.600000,0.520536
-1.250000,2.600000,0.482064
-1.200000,2.600000,0.440676
-1.150000,2.600000,0.396100
-1.100000,2.600000,0.347999
-1.050000,2.600000,0.295957
-1.000000,2.600000,0.239444
-0.950000,2.600000,0.177774
-0.900000,2.600000,0.113785
-0.850000,2.600000,0.092417
-0.800000,2.600000,0.069402
-0.750000,2.600000,0.044677
-0.700000,2.600000,0.018168
-0.650000,2.600000,-0.010207
-0.600000,2.600000,-0.040542
-0.550000,2.600000,-0.072945
-0.500000,2.600000,-0.107541
-0.450000,2.600000,-0.144473
-0.400000,2.600000,-0.183910
-0.350000,2.600000,-0.226048
-0.300000,2.600000,-0.271124
-0.250000,2.600000,-0.319418
-0.200000,2.600000,-0.371276
-0.150000,2.600000,-0.427124
-0.100000,2.600000,-0.487502
-0.050000,2.600000,-0.553111
-0.000000,2.600000,-0.624884
0.050000,2.600000,-0.704120
0.100000,2.600000,-0.792719
0.150000,2.600000,-0.893668
0.200000,2.600000,-1.012190
0.250000,2.600000,-1.159211
0.300000,2.600000,-1.368338
0.350000,2.600000,-1.122416
0.400000,2.600000,-0.965380
0.450000,2.600000,-0.851797
0.500000,2.600000,-0.760028
0.550000,2.600000,-0.682264
0.600000,2.600000,-0.614608
0.650000,2.600000,-0.554778
0.700000,2.600000,-0.501301
0.750000,2.600000,-0.453159
0.800000,2.600000,-0.409615
0.850000,2.600000,-0.370115
0.900000,2.600000,-0.334232
0.950000,2.600000,-0.301627
1.000000,2.600000,-0.272030
1.050000,2.600000,-0.245221
1.100000,2.600000,-0.221016
1.150000,2.600000,-0.199267
1.200000,2.600000,-0.179846
1.250000,2.600000,-0.162650
1.300000,2.600000,-0.147590
1.350000,2.600000,-0.134594
1.400000,2.600000,-0.123600
1.450000,2.600000,-0.114560
1.500000,2.600000,-0.107434
1.550000,2.600000,-0.102193
1.600000,2.600000,-0.098813
1.650000,2.600000,-0.097282
1.700000,2.600000,-0.097593
1.750000,2.600000,-0.099747
1.800000,2.600000,-0.103753
1.850000,2.600000,-0.109628
1.900000,2.600000,-0.078140
1.950000,2.600000,0.006900
2.000000,2.600000,0.068881
2.050000,2.600000,0.117244
2.100000,2.600000,0.155976
2.150000,2.600000,0.187197
2.200000,2.600000,0.212179
2.250000,2.600000,0.231738
2.300000,2.600000,0.246415
2.350000,2.600000,
2.400000,2.600000,
2.450000,2.600000,
2.500000,2.600000,
2.550000,2.600000,
2.600000,2.600000,
2.650000,2.600000,
2.700000,2.600000,
2.750000,2.600000,
2.800000,2.600000,
2.850000,2.600000,
2.900000,2.600000,
2.950000,2.600000,
3.000000,2.600000,
3.050000,2.600000,
3.100000,2.600000,
3.150000,2.600000,
3.200000,2.600000,
3.250000,2.600000,
3.300000,2.600000,
3.350000,2.600000,
3.400000,2.600000,
3.450000,2.600000,
3.500000,2.600000,
-3.500000,2.650000,
-3.450000,2.650000,
-3.400000,2.650000,
-3.350000,2.650000,
-3.300000,2.650000,
-3.250000,2.650000,
-3.200000,2.650000,
-3.150000,2.650000,
-3.100000,2.650000,
-3.050000,2.650000,
-3.000000,2.650000,
-2.950000,2.650000,
-2.900000,2.650000,
-2.850000,2.650000,
-2.800000,2.650000,
-2.750000,2.650000,
-2.700000,2.650000,
-2.650000,2.650000,
-2.600000,2.650000,
-2.550000,2.650000,
-2.500000,2.650000,
-2.450000,2.650000,
-2.400000,2.650000,
-2.350000,2.650000,
-2.300000,2.650000,
-2.250000,2.650000,0.406202
-2.200000,2.650000,0.622495
-2.150000,2.650000,0.777817
-2.100000,2.650000,0.904157
-2.050000,2.650000,1.012423
-2.000000,2.650000,1.107926
-1.950000,2.650000,1.193734
-1.900000,2.650000,1.271810
-1.850000,2.650000,1.343503
-1.800000,2.650000,1.409787
-1.750000,2.650000,1.429404
-1.700000,2.650000,1.371348
-1.650000,2.650000,1.308355
-1.600000,2.650000,1.239588
-1.550000,2.650000,1.163906
-1.500000,2.650000,1.079669
-1.450000,2.650000,0.984375
-1.400000,2.650000,0.873830
-1.350000,2.650000,0.739901
-1.300000,2.650000,0.561713
-1.250000,2.650000,0.511135
-1.200000,2.650000,0.470611
-1.150000,2.650000,0.427023
-1.100000,2.650000,0.380064
-1.050000,2.650000,0.329355
-1.000000,2.650000,0.274419
-0.950000,2.650000,0.214645
-0.900000,2.650000,0.149224
-0.850000,2.650000,0.091090
-0.800000,2.650000,0.068058
-0.750000,2.650000,0.043314
-0.700000,2.650000,0.016785
-0.650000,2.650000,-0.011613
-0.600000,2.650000,-0.041973
-0.550000,2.650000,-0.074405
-0.500000,2.650000,-0.109032
-0.450000,2.650000,-0.145999
-0.400000,2.650000,-0.185475
-0.350000,2.650000,-0.227657
-0.300000,2.650000,-0.272782
-0.250000,2.650000,-0.321134
-0.200000,2.650000,-0.373057
-0.150000,2.650000,-0.428982
-0.100000,2.650000,-0.489451
-0.050000,2.650000,-0.555169
-0.000000,2.650000,-0.627076
0.050000,2.650000,-0.706483
0.100000,2.650000,-0.795307
0.150000,2.650000,-0.896571
0.200000,2.650000,-1.015578
0.250000,2.650000,-1.163484
0.300000,2.650000,-1.375152
0.350000,2.650000,
0.400000,2.650000,-1.151775
0.450000,2.650000,-0.990178
0.500000,2.650000,-0.876048
0.550000,2.650000,-0.784689
0.600000,2.650000,-0.707703
0.650000,2.650000,-0.641003
0.700000,2.650000,-0.582227
0.750000,2.650000,-0.529865
0.800000,2.650000,-0.482880
0.850000,2.650000,-0.440523
0.900000,2.650000,-0.402237
0.950000,2.650000,-0.367592
1.000000,2.650000,-0.336249
1.050000,2.650000,-0.307938
1.100000,2.650000,-0.282438
1.150000,2.650000,-0.259571
1.200000,2.650000,-0.239187
1.250000,2.650000,-0.221163
1.300000,2.650000,-0.205398
1.350000,2.650000,-0.191807
1.400000,2.650000,-0.180320
1.450000,2.650000,-0.170880
1.500000,2.650000,-0.163444
1.550000,2.650000,-0.157976
1.600000,2.650000,-0.154451
1.650000,2.650000,-0.152855
1.700000,2.650000,-0.153179
1.750000,2.650000,-0.155425
1.800000,2.650000,-0.159604
1.850000,2.650000,-0.165733
1.900000,2.650000,-0.173842
1.950000,2.650000,-0.183967
2.000000,2.650000,-0.196158
2.050000,2.650000,-0.205193
2.100000,2.650000,-0.105704
2.150000,2.650000,-0.045476
2.200000,2.650000,-0.002877
2.250000,2.650000,0.028235
2.300000,2.650000,
2.350000,2.650000,
2.400000,2.650000,
2.450000,2.650000,
2.500000,2.650000,
2.550000,2.650000,
2.600000,2.650000,
2.650000,2.650000,
2.700000,2.650000,
2.750000,2.650000,
2.800000,2.650000,
2.850000,2.650000,
2.900000,2.650000,
2.950000,2.650000,
3.000000,2.650000,
3.050000,2.650000,
3.100000,2.650000,
3.150000,2.650000,
3.200000,2.650000,
3.250000,2.650000,
3.300000,2.650000,
3.350000,2.650000,
3.400000,2.650000,
3.450000,2.650000,
3.500000,2.650000,
-3.500000,2.700000,
-3.450000,2.700000,
-3.400000,2.700000,
-3.350000,2.700000,
-3.300000,2.700000,
-3.250000,2.700000,
-3.200000,2.700000,
-3.150000,2.700000,
-3.100000,2.700000,
-3.050000,2.700000,
-3.000000,2.700000,
-2.950000,2.700000,
-2.900000,2.700000,
-2.850000,2.700000,
-2.800000,2.700000,
-2.750000,2.700000,
-2.700000,2.700000,
-2.650000,2.700000,
-2.600000,2.700000,
-2.550000,2.700000,
-2.500000,2.700000,
-2.450000,2.700000,
-2.400000,2.700000,
-2.350000,2.700000,
-2.300000,2.700000,
-2.250000,2.700000,
-2.200000,2.700000,0.346410
-2.150000,2.700000,0.580948
-2.100000,2.700000,0.741620
-2.050000,2.700000,0.870345
-2.000000,2.700000,0.979796
-1.950000,2.700000,1.075872
-1.900000,2.700000,1.161895
-1.850000,2.700000,1.239960
-1.800000,2.700000,1.311488
-1.750000,2.700000,1.377498
-1.700000,2.700000,1.384016
-1.650000,2.700000,1.321688
-1.600000,2.700000,1.253732
-1.550000,2.700000,1.179062
-1.500000,2.700000,1.096137
-1.450000,2.700000,1.002627
-1.400000,2.700000,0.894698
-1.350000,2.700000,0.765131
-1.300000,2.700000,0.596515
-1.250000,2.700000,0.537920
-1.200000,2.700000,0.498160
-1.150000,2.700000,0.455443
-1.100000,2.700000,0.409485
-1.050000,2.700000,0.359939
-1.000000,2.700000,0.306370
-0.950000,2.700000,0.248227
-0.900000,2.700000,0.184791
-0.850000,2.700000,0.115091
-0.800000,2.700000,0.065318
-0.750000,2.700000,0.040536
-0.700000,2.700000,0.013964
-0.650000,2.700000,-0.014481
-0.600000,2.700000,-0.044893
-0.550000,2.700000,-0.077382
-0.500000,2.700000,-0.112073
-0.450000,2.700000,-0.149111
-0.400000,2.700000,-0.188667
-0.350000,2.700000,-0.230939
-0.300000,2.700000,-0.276167
-0.250000,2.700000,-0.324635
-0.200000,2.700000,-0.376693
-0.150000,2.700000,-0.432775
-0.100000,2.700000,-0.493431
-0.050000,2.700000,-0.559372
-0.000000,2.700000,-0.631556
0.050000,2.700000,-0.711313
0.100000,2.700000,-0.800602
0.150000,2.700000,-0.902517
0.200000,2.700000,-1.022529
0.250000,2.700000,-1.172290
0.300000,2.700000,-1.389458
0.350000,2.700000,
0.400000,2.700000,
0.450000,2.700000,-1.203437
0.500000,2.700000,-1.027924
0.550000,2.700000,-0.910464
0.600000,2.700000,-0.818092
0.650000,2.700000,-0.741006
0.700000,2.700000,-0.674663
0.750000,2.700000,-0.616509
0.800000,2.700000,-0.564939
0.850000,2.700000,-0.518863
0.900000,2.700000,-0.477504
0.950000,2.700000,-0.440286
1.000000,2.700000,-0.406768
1.050000,2.700000,-0.376603
1.100000,2.700000,-0.349519
1.150000,2.700000,-0.325293
1.200000,2.700000,-0.303745
1.250000,2.700000,-0.284727
1.300000,2.700000,-0.268117
1.350000,2.700000,-0.253816
1.400000,2.700000,-0.241742
1.450000,2.700000,-0.231828
1.500000,2.700000,-0.224024
1.550000,2.700000,-0.218288
1.600000,2.700000,-0.214592
1.650000,2.700000,-0.212918
1.700000,2.700000,-0.213258
1.750000,2.700000,-0.215613
1.800000,2.700000,-0.219995
1.850000,2.700000,-0.226426
1.900000,2.700000,-0.234938
1.950000,2.700000,-0.245574
2.000000,2.700000,-0.258392
2.050000,2.700000,-0.273463
2.100000,2.700000,-0.290874
2.150000,2.700000,-0.310731
2.200000,2.700000,-0.333165
2.250000,2.700000,
2.300000,2.700000,
2.350000,2.700000,
2.400000,2.700000,
2.450000,2.700000,
2.500000,2.700000,
2.550000,2.700000,
2.600000,2.700000,
2.650000,2.700000,
2.700000,2.700000,
2.750000,2.700000,
2.800000,2.700000,
2.850000,2.700000,
2.900000,2.700000,
2.950000,2.700000,
3.000000,2.700000,
3.050000,2.700000,
3.100000,2.700000,
3.150000,2.700000,
3.200000,2.700000,
3.250000,2.700000,
3.300000,2.700000,
3.350000,2.700000,
3.400000,2.700000,
3.450000,2.700000,
3.500000,2.700000,
-3.500000,2.750000,
-3.450000,2.750000,
-3.400000,2.750000,
-3.350000,2.750000,
-3.300000,2.750000,
-3.250000,2.750000,
-3.200000,2.750000,
-3.150000,2.750000,
-3.100000,2.750000,
-3.050000,2.750000,
-3.000000,2.750000,
-2.950000,2.750000,
-2.900000,2.750000,
-2.850000,2.750000,
-2.800000,2.750000,
-2.750000,2.750000,
-2.700000,2.750000,
-2.650000,2.750000,
-2.600000,2.750000,
-2.550000,2.750000,
-2.500000,2.750000,
-2.450000,2.750000,
-2.400000,2.750000,
-2.350000,2.750000,
-2.300000,2.750000,
-2.250000,2.750000,
-2.200000,2.750000,
-2.150000,2.750000,0.254951
-2.100000,2.750000,0.526783
-2.050000,2.750000,0.696419
-2.000000,2.750000,0.829156
-1.950000,2.750000,0.940744
-1.900000,2.750000,1.038027
-1.850000,2.750000,1.124722
-1.800000,2.750000,1.203121
-1.750000,2.750000,1.274755
-1.700000,2.750000,1.340709
-1.650000,2.750000,1.332811
-1.600000,2.750000,1.265516
-1.550000,2.750000,1.191670
-1.500000,2.750000,1.109804
-1.450000,2.750000,1.017722
-1.400000,2.750000,0.911858
-1.350000,2.750000,0.785650
-1.300000,2.750000,0.623976
-1.250000,2.750000,0.562541
-1.200000,2.750000,0.523457
-1.150000,2.750000,0.481510
-1.100000,2.750000,0.436433
-1.050000,2.750000,0.387906
-1.000000,2.750000,0.335528
-0.950000,2.750000,0.278796
-0.900000,2.750000,0.217061
-0.850000,2.750000,0.149459
-0.800000,2.750000,0.074800
-0.750000,2.750000,0.036334
-0.700000,2.750000,0.009698
-0.650000,2.750000,-0.018817
-0.600000,2.750000,-0.049308
-0.550000,2.750000,-0.081884
-0.500000,2.750000,-0.116672
-0.450000,2.750000,-0.153819
-0.400000,2.750000,-0.193496
-0.350000,2.750000,-0.235906
-0.300000,2.750000,-0.281289
-0.250000,2.750000,-0.329935
-0.200000,2.750000,-0.382199
-0.150000,2.750000,-0.438521
-0.100000,2.750000,-0.499460
-0.050000,2.750000,-0.565745
-0.000000,2.750000,-0.638351
0.050000,2.750000,-0.718647
0.100000,2.750000,-0.808649
0.150000,2.750000,-0.911571
0.200000,2.750000,-1.033150
0.250000,2.750000,-1.185851
0.300000,2.750000,-1.412282
0.350000,2.750000,
0.400000,2.750000,
0.450000,2.750000,
0.500000,2.750000,-1.298047
0.550000,2.750000,-1.082530
0.600000,2.750000,-0.957147
0.650000,2.750000,-0.861714
0.700000,2.750000,-0.783343
0.750000,2.750000,-0.716581
0.800000,2.750000,-0.658506
0.850000,2.750000,-0.607329
0.900000,2.750000,-0.561865
0.950000,2.750000,-0.521279
1.000000,2.750000,-0.484958
1.050000,2.750000,-0.452439
1.100000,2.750000,-0.423362
1.150000,2.750000,-0.397443
1.200000,2.750000,-0.374456
1.250000,2.750000,-0.354216
1.300000,2.750000,-0.336574
1.350000,2.750000,-0.321408
1.400000,2.750000,-0.308622
1.450000,2.750000,-0.298136
1.500000,2.750000,-0.289887
1.550000,2.750000,-0.283828
1.600000,2.750000,-0.279926
1.650000,2.750000,-0.278159
1.700000,2.750000,-0.278518
1.750000,2.750000,-0.281004
1.800000,2.750000,-0.285631
1.850000,2.750000,-0.292425
1.900000,2.750000,-0.301423
1.950000,2.750000,-0.312679
2.000000,2.750000,-0.326259
2.050000,2.750000,-0.342248
2.100000,2.750000,-0.360752
2.150000,2.750000,
2.200000,2.750000,
2.250000,2.750000,
2.300000,2.750000,
2.350000,2.750000,
2.400000,2.750000,
2.450000,2.750000,
2.500000,2.750000,
2.550000,2.750000,
2.600000,2.750000,
2.650000,2.750000,
2.700000,2.750000,
2.750000,2.750000,
2.800000,2.750000,
2.850000,2.750000,
2.900000,2.750000,
2.950000,2.750000,
3.000000,2.750000,
3.050000,2.750000,
3.100000,2.750000,
3.150000,2.750000,
3.200000,2.750000,
3.250000,2.750000,
3.300000,2.750000,
3.350000,2.750000,
3.400000,2.750000,
3.450000,2.750000,
3.500000,2.750000,
-3.500000,2.800000,
-3.450000,2.800000,
-3.400000,2.800000,
-3.350000,2.800000,
-3.300000,2.800000,
-3.250000,2.800000,
-3.200000,2.800000,
-3.150000,2.800000,
-3.100000,2.800000,
-3.050000,2.800000,
-3.000000,2.800000,
-2.950000,2.800000,
-2.900000,2.800000,
-2.850000,2.800000,
-2.800000,2.800000,
-2.750000,2.800000,
-2.700000,2.800000,
-2.650000,2.800000,
-2.600000,2.800000,
-2.550000,2.800000,
-2.500000,2.800000,
-2.450000,2.800000,
-2.400000,2.800000,
-2.350000,2.800000,
-2.300000,2.800000,
-2.250000,2.800000,
-2.200000,2.800000,
-2.150000,2.800000,
-2.100000,2.800000,0.000000
-2.050000,2.800000,0.455522
-2.000000,2.800000,0.640312
-1.950000,2.800000,0.779423
-1.900000,2.800000,0.894427
-1.850000,2.800000,0.993730
-1.800000,2.800000,1.081665
-1.750000,2.800000,1.160819
-1.700000,2.800000,1.232883
-1.650000,2.800000,1.299038
-1.600000,2.800000,1.275014
-1.550000,2.800000,1.201817
-1.500000,2.800000,1.120784
-1.450000,2.800000,1.029816
-1.400000,2.800000,0.925548
-1.350000,2.800000,0.801886
-1.300000,2.800000,0.645253
-1.250000,2.800000,0.585104
-1.200000,2.800000,0.546620
-1.150000,2.800000,0.505353
-1.100000,2.800000,0.461053
-1.050000,2.800000,0.413420
-1.000000,2.800000,0.362081
-0.950000,2.800000,0.306575
-0.900000,2.800000,0.246307
-0.850000,2.800000,0.180498
-0.800000,2.800000,0.108087
-0.750000,2.800000,0.030700
-0.700000,2.800000,0.003977
-0.650000,2.800000,-0.024634
-0.600000,2.800000,-0.055231
-0.550000,2.800000,-0.087925
-0.500000,2.800000,-0.122844
-0.450000,2.800000,-0.160138
-0.400000,2.800000,-0.199979
-0.350000,2.800000,-0.242574
-0.300000,2.800000,-0.288168
-0.250000,2.800000,-0.337055
-0.200000,2.800000,-0.389597
-0.150000,2.800000,-0.446245
-0.100000,2.800000,-0.507570
-0.050000,2.800000,-0.574322
-0.000000,2.800000,-0.647506
0.050000,2.800000,-0.728538
0.100000,2.800000,-0.819522
0.150000,2.800000,-0.923839
0.200000,2.800000,-1.047615
0.250000,2.800000,-1.204538
0.300000,2.800000,-1.445699
0.350000,2.800000,
0.400000,2.800000,
0.450000,2.800000,
0.500000,2.800000,
0.550000,2.800000,
0.600000,2.800000,-1.163315
0.650000,2.800000,-1.020030
0.700000,2.800000,-0.918038
0.750000,2.800000,-0.836564
0.800000,2.800000,-0.768268
0.850000,2.800000,-0.709519
0.900000,2.800000,-0.658204
0.950000,2.800000,-0.612962
1.000000,2.800000,-0.572859
1.050000,2.800000,-0.537220
1.100000,2.800000,-0.505543
1.150000,2.800000,-0.477444
1.200000,2.800000,-0.452620
1.250000,2.800000,-0.430834
1.300000,2.800000,-0.411896
1.350000,2.800000,-0.395652
1.400000,2.800000,-0.381981
1.450000,2.800000,-0.370784
1.500000,2.800000,-0.361987
1.550000,2.800000,-0.355531
1.600000,2.800000,-0.351376
1.650000,2.800000,-0.349495
1.700000,2.800000,-0.349877
1.750000,2.800000,-0.352524
1.800000,2.800000,-0.357452
1.850000,2.800000,-0.364693
1.900000,2.800000,-0.374293
1.950000,2.800000,-0.386316
2.000000,2.800000,-0.400843
2.050000,2.800000,-0.417982
2.100000,2.800000,
2.150000,2.800000,
2.200000,2.800000,
2.250000,2.800000,
2.300000,2.800000,
2.350000,2.800000,
2.400000,2.800000,
2.450000,2.800000,
2.500000,2.800000,
2.550000,2.800000,
2.600000,2.800000,
2.650000,2.800000,
2.700000,2.800000,
2.750000,2.800000,
2.800000,2.800000,
2.850000,2.800000,
2.900000,2.800000,
2.950000,2.800000,
3.000000,2.800000,
3.050000,2.800000,
3.100000,2.800000,
3.150000,2.800000,
3.200000,2.800000,
3.250000,2.800000,
3.300000,2.800000,
3.350000,2.800000,
3.400000,2.800000,
3.450000,2.800000,
3.500000,2.800000,
-3.500000,2.850000,
-3.450000,2.850000,
-3.400000,2.850000,
-3.350000,2.850000,
-3.300000,2.850000,
-3.250000,2.850000,
-3.200000,2.850000,
-3.150000,2.850000,
-3.100000,2.850000,
-3.050000,2.850000,
-3.000000,2.850000,
-2.950000,2.850000,
-2.900000,2.850000,
-2.850000,2.850000,
-2.800000,2.850000,
-2.750000,2.850000,
-2.700000,2.850000,
-2.650000,2.850000,
-2.600000,2.850000,
-2.550000,2.850000,
-2.500000,2.850000,
-2.450000,2.850000,
-2.400000,2.850000,
-2.350000,2.850000,
-2.300000,2.850000,
-2.250000,2.850000,
-2.200000,2.850000,
-2.150000,2.850000,
-2.100000,2.850000,
-2.050000,2.850000,
-2.000000,2.850000,0.357071
-1.950000,2.850000,0.570088
-1.900000,2.850000,0.719375
-1.850000,2.850000,0.839643
-1.800000,2.850000,0.942072
-1.750000,2.850000,1.031988
-1.700000,2.850000,1.112430
-1.650000,2.850000,1.185327
-1.600000,2.850000,1.251998
-1.550000,2.850000,1.209574
-1.500000,2.850000,1.129165
-1.450000,2.850000,1.039029
-1.400000,2.850000,0.935942
-1.350000,2.850000,0.814139
-1.300000,2.850000,0.661080
-1.250000,2.850000,0.605700
-1.200000,2.850000,0.567748
-1.150000,2.850000,0.527082
-1.100000,2.850000,0.483467
-1.050000,2.850000,0.436619
-1.000000,2.850000,0.386190
-0.950000,2.850000,0.331750
-0.900000,2.850000,0.272751
-0.850000,2.850000,0.208481
-0.800000,2.850000,0.137981
-0.750000,2.850000,0.059914
-0.700000,2.850000,-0.003214
-0.650000,2.850000,-0.031947
-0.600000,2.850000,-0.062678
-0.550000,2.850000,-0.095521
-0.500000,2.850000,-0.130607
-0.450000,2.850000,-0.168086
-0.400000,2.850000,-0.208136
-0.350000,2.850000,-0.250967
-0.300000,2.850000,-0.296828
-0.250000,2.850000,-0.346022
-0.200000,2.850000,-0.398919
-0.150000,2.850000,-0.455983
-0.100000,2.850000,-0.517803
-0.050000,2.850000,-0.585153
-0.000000,2.850000,-0.659080
0.050000,2.850000,-0.741065
0.100000,2.850000,-0.833325
0.150000,2.850000,-0.939472
0.200000,2.850000,-1.066175
0.250000,2.850000,-1.228928
0.300000,2.850000,-1.494255
0.350000,2.850000,
0.400000,2.850000,
0.450000,2.850000,
0.500000,2.850000,
0.550000,2.850000,
0.600000,2.850000,
0.650000,2.850000,-1.308564
0.700000,2.850000,-1.107801
0.750000,2.850000,-0.991672
0.800000,2.850000,-0.903814
0.850000,2.850000,-0.832149
0.900000,2.850000,-0.771565
0.950000,2.850000,-0.719320
1.000000,2.850000,-0.673739
1.050000,2.850000,-0.633712
1.100000,2.850000,-0.598460
1.150000,2.850000,-0.567414
1.200000,2.850000,-0.540146
1.250000,2.850000,-0.516327
1.300000,2.850000,-0.495699
1.350000,2.850000,-0.478061
1.400000,2.850000,-0.463253
1.450000,2.850000,-0.451150
1.500000,2.850000,-0.441655
1.550000,2.850000,-0.434695
1.600000,2.850000,-0.430219
1.650000,2.850000,-0.428193
1.700000,2.850000,-0.428605
1.750000,2.850000,-0.431455
1.800000,2.850000,-0.436765
1.850000,2.850000,-0.444575
1.900000,2.850000,-0.454941
1.950000,2.850000,-0.467945
2.000000,2.850000,
2.050000,2.850000,
2.100000,2.850000,
2.150000,2.850000,
2.200000,2.850000,
2.250000,2.850000,
2.300000,2.850000,
2.350000,2.850000,
2.400000,2.850000,
2.450000,2.850000,
2.500000,2.850000,
2.550000,2.850000,
2.600000,2.850000,
2.650000,2.850000,
2.700000,2.850000,
2.750000,2.850000,
2.800000,2.850000,
2.850000,2.850000,
2.900000,2.850000,
2.950000,2.850000,
3.000000,2.850000,
3.050000,2.850000,
3.100000,2.850000,
3.150000,2.850000,
3.200000,2.850000,
3.250000,2.850000,
3.300000,2.850000,
3.350000,2.850000,
3.400000,2.850000,
3.450000,2.850000,
3.500000,2.850000,
-3.500000,2.900000,
-3.450000,2.900000,
-3.400000,2.900000,
-3.350000,2.900000,
-3.300000,2.900000,
-3.250000,2.900000,
-3.200000,2.900000,
-3.150000,2.900000,
-3.100000,2.900000,
-3.050000,2.900000,
-3.000000,2.900000,
-2.950000,2.900000,
-2.900000,2.900000,
-2.850000,2.900000,
-2.800000,2.900000,
-2.750000,2.900000,
-2.700000,2.900000,
-2.650000,2.900000,
-2.600000,2.900000,
-2.550000,2.900000,
-2.500000,2.900000,
-2.450000,2.900000,
-2.400000,2.900000,
-2.350000,2.900000,
-2.300000,2.900000,
-2.250000,2.900000,
-2.200000,2.900000,
-2.150000,2.900000,
-2.100000,2.900000,
-2.050000,2.900000,
-2.000000,2.900000,
-1.950000,2.900000,0.193649
-1.900000,2.900000,0.479583
-1.850000,2.900000,0.646142
-1.800000,2.900000,0.774597
-1.750000,2.900000,0.881760
-1.700000,2.900000,0.974679
-1.650000,2.900000,1.057119
-1.600000,2.900000,1.131371
-1.550000,2.900000,1.198958
-1.500000,2.900000,1.135011
-1.450000,2.900000,1.045447
-1.400000,2.900000,0.943166
-1.350000,2.900000,0.822620
-1.300000,2.900000,0.671927
-1.250000,2.900000,0.624409
-1.200000,2.900000,0.586927
-1.150000,2.900000,0.546792
-1.100000,2.900000,0.503779
-1.050000,2.900000,0.457619
-1.000000,2.900000,0.407987
-0.950000,2.900000,0.354476
-0.900000,2.900000,0.296576
-0.850000,2.900000,0.233630
-0.800000,2.900000,0.164761
-0.750000,2.900000,0.088761
-0.700000,2.900000,0.003879
-0.650000,2.900000,-0.040774
-0.600000,2.900000,-0.071669
-0.550000,2.900000,-0.104695
-0.500000,2.900000,-0.139983
-0.450000,2.900000,-0.177689
-0.400000,2.900000,-0.217995
-0.350000,2.900000,-0.261114
-0.300000,2.900000,-0.307303
-0.250000,2.900000,-0.356873
-0.200000,2.900000,-0.410207
-0.150000,2.900000,-0.467782
-0.100000,2.900000,-0.530213
-0.050000,2.900000,-0.598304
-0.000000,2.900000,-0.673154
0.050000,2.900000,-0.756329
0.100000,2.900000,-0.850197
0.150000,2.900000,-0.958674
0.200000,2.900000,-1.089190
0.250000,2.900000,-1.259918
0.300000,2.900000,-1.571668
0.350000,2.900000,
0.400000,2.900000,
0.450000,2.900000,
0.500000,2.900000,
0.550000,2.900000,
0.600000,2.900000,
0.650000,2.900000,
0.700000,2.900000,
0.750000,2.900000,-1.250282
0.800000,2.900000,-1.093027
0.850000,2.900000,-0.991153
0.900000,2.900000,-0.912516
0.950000,2.900000,-0.848017
1.000000,2.900000,-0.793509
1.050000,2.900000,-0.746683
1.100000,2.900000,-0.706095
1.150000,2.900000,-0.670777
1.200000,2.900000,-0.640044
1.250000,2.900000,-0.613393
1.300000,2.900000,-0.590447
1.350000,2.900000,-0.570917
1.400000,2.900000,-0.554581
1.450000,2.900000,-0.541267
1.500000,2.900000,-0.530846
1.550000,2.900000,-0.523220
1.600000,2.900000,-0.518320
1.650000,2.900000,-0.516105
1.700000,2.900000,-0.516554
1.750000,2.900000,-0.519673
1.800000,2.900000,-0.525487
1.850000,2.900000,-0.534048
1.900000,2.900000,
1.950000,2.900000,
2.000000,2.900000,
2.050000,2.900000,
2.100000,2.900000,
2.150000,2.900000,
2.200000,2.900000,
2.250000,2.900000,
2.300000,2.900000,
2.350000,2.900000,
2.400000,2.900000,
2.450000,2.900000,
2.500000,2.900000,
2.550000,2.900000,
2.600000,2.900000,
2.650000,2.900000,
2.700000,2.900000,
2.750000,2.900000,
2.800000,2.900000,
2.850000,2.900000,
2.900000,2.900000,
2.950000,2.900000,
3.000000,2.900000,
3.050000,2.900000,
3.100000,2.900000,
3.150000,2.900000,
3.200000,2.900000,
3.250000,2.900000,
3.300000,2.900000,
3.350000,2.900000,
3.400000,2.900000,
3.450000,2.900000,
3.500000,2.900000,
-3.500000,2.950000,
-3.450000,2.950000,
-3.400000,2.950000,
-3.350000,2.950000,
-3.300000,2.950000,
-3.250000,2.950000,
-3.200000,2.950000,
-3.150000,2.950000,
-3.100000,2.950000,
-3.050000,2.950000,
-3.000000,2.950000,
-2.950000,2.950000,
-2.900000,2.950000,
-2.850000,2.950000,
-2.800000,2.950000,
-2.750000,2.950000,
-2.700000,2.950000,
-2.650000,2.950000,
-2.600000,2.950000,
-2.550000,2.950000,
-2.500000,2.950000,
-2.450000,2.950000,
-2.400000,2.950000,
-2.350000,2.950000,
-2.300000,2.950000,
-2.250000,2.950000,
-2.200000,2.950000,
-2.150000,2.950000,
-2.100000,2.950000,
-2.050000,2.950000,
-2.000000,2.950000,
-1.950000,2.950000,
-1.900000,2.950000,
-1.850000,2.950000,0.353553
-1.800000,2.950000,0.554527
-1.750000,2.950000,0.696419
-1.700000,2.950000,0.810864
-1.650000,2.950000,0.908295
-1.600000,2.950000,0.993730
-1.550000,2.950000,1.070047
-1.500000,2.950000,1.138368
-1.450000,2.950000,1.049127
-1.400000,2.950000,0.947302
-1.350000,2.950000,0.827464
-1.300000,2.950000,0.678085
-1.250000,2.950000,0.641297
-1.200000,2.950000,0.604229
-1.150000,2.950000,0.564561
-1.100000,2.950000,0.522077
-1.050000,2.950000,0.476521
-1.000000,2.950000,0.427583
-0.950000,2.950000,0.374880
-0.900000,2.950000,0.317932
-0.850000,2.950000,0.256126
-0.800000,2.950000,0.188651
-0.750000,2.950000,0.114403
-0.700000,2.950000,0.031802
-0.650000,2.950000,-0.051140
-0.600000,2.950000,-0.082230
-0.550000,2.950000,-0.115472
-0.500000,2.950000,-0.151002
-0.450000,2.950000,-0.188979
-0.400000,2.950000,-0.229588
-0.350000,2.950000,-0.273051
-0.300000,2.950000,-0.319633
-0.250000,2.950000,-0.369654
-0.200000,2.950000,-0.423511
-0.150000,2.950000,-0.481702
-0.100000,2.950000,-0.544868
-0.050000,2.950000,-0.613857
-0.000000,2.950000,-0.689830
0.050000,2.950000,-0.774462
0.100000,2.950000,-0.870318
0.150000,2.950000,-0.981724
0.200000,2.950000,-1.117164
0.250000,2.950000,-1.298944
0.300000,2.950000,
0.350000,2.950000,
0.400000,2.950000,
0.450000,2.950000,
0.500000,2.950000,
0.550000,2.950000,
0.600000,2.950000,
0.650000,2.950000,
0.700000,2.950000,
0.750000,2.950000,
0.800000,2.950000,
0.850000,2.950000,-1.261626
0.900000,2.950000,-1.113663
0.950000,2.950000,-1.018374
1.000000,2.950000,-0.945315
1.050000,2.950000,-0.885861
1.100000,2.950000,-0.836080
1.150000,2.950000,-0.793784
1.200000,2.950000,-0.757609
1.250000,2.950000,-0.726645
1.300000,2.950000,-0.700248
1.350000,2.950000,-0.677954
1.400000,2.950000,-0.659418
1.450000,2.950000,-0.644381
1.500000,2.950000,-0.632652
1.550000,2.950000,-0.624091
1.600000,2.950000,-0.618600
1.650000,2.950000,-0.616120
1.700000,2.950000,-0.616623
1.750000,2.950000,-0.620115
1.800000,2.950000,
1.850000,2.950000,
1.900000,2.950000,
1.950000,2.950000,
2.000000,2.950000,
2.050000,2.950000,
2.100000,2.950000,
2.150000,2.950000,
2.200000,2.950000,
2.250000,2.950000,
2.300000,2.950000,
2.350000,2.950000,
2.400000,2.950000,
2.450000,2.950000,
2.500000,2.950000,
2.550000,2.950000,
2.600000,2.950000,
2.650000,2.950000,
2.700000,2.950000,
2.750000,2.950000,
2.800000,2.950000,
2.850000,2.950000,
2.900000,2.950000,
2.950000,2.950000,
3.000000,2.950000,
3.050000,2.950000,
3.100000,2.950000,
3.150000,2.950000,
3.200000,2.950000,
3.250000,2.950000,
3.300000,2.950000,
3.350000,2.950000,
3.400000,2.950000,
3.450000,2.950000,
3.500000,2.950000,
-3.500000,3.000000,
-3.450000,3.000000,
-3.400000,3.000000,
-3.350000,3.000000,
-3.300000,3.000000,
-3.250000,3.000000,
-3.200000,3.000000,
-3.150000,3.000000,
-3.100000,3.000000,
-3.050000,3.000000,
-3.000000,3.000000,
-2.950000,3.000000,
-2.900000,3.000000,
-2.850000,3.000000,
-2.800000,3.000000,
-2.750000,3.000000,
-2.700000,3.000000,
-2.650000,3.000000,
-2.600000,3.000000,
-2.550000,3.000000,
-2.500000,3.000000,
-2.450000,3.000000,
-2.400000,3.000000,
-2.350000,3.000000,
-2.300000,3.000000,
-2.250000,3.000000,
-2.200000,3.000000,
-2.150000,3.000000,
-2.100000,3.000000,
-2.050000,3.000000,
-2.000000,3.000000,
-1.950000,3.000000,
-1.900000,3.000000,
-1.850000,3.000000,
-1.800000,3.000000,0.100000
-1.750000,3.000000,0.433013
-1.700000,3.000000,0.600000
-1.650000,3.000000,0.726292
-1.600000,3.000000,0.830662
-1.550000,3.000000,0.920598
-1.500000,3.000000,1.000000
-1.450000,3.000000,1.050103
-1.400000,3.000000,0.948399
-1.350000,3.000000,0.828747
-1.300000,3.000000,0.690745
-1.250000,3.000000,0.656423
-1.200000,3.000000,0.619719
-1.150000,3.000000,0.580459
-1.100000,3.000000,0.538437
-1.050000,3.000000,0.493407
-1.000000,3.000000,0.445073
-0.950000,3.000000,0.393070
-0.900000,3.000000,0.336945
-0.850000,3.000000,0.276119
-0.800000,3.000000,0.209835
-0.750000,3.000000,0.137071
-0.700000,3.000000,0.056383
-0.650000,3.000000,-0.034384
-0.600000,3.000000,-0.094391
-0.550000,3.000000,-0.127887
-0.500000,3.000000,-0.163699
-0.450000,3.000000,-0.201992
-0.400000,3.000000,-0.242958
-0.350000,3.000000,-0.286825
-0.300000,3.000000,-0.333867
-0.250000,3.000000,-0.384419
-0.200000,3.000000,-0.438894
-0.150000,3.000000,-0.497814
-0.100000,3.000000,-0.561854
-0.050000,3.000000,-0.631913
-0.000000,3.000000,-0.709236
0.050000,3.000000,-0.795632
0.100000,3.000000,-0.893924
0.150000,3.000000,-1.008991
0.200000,3.000000,-1.150821
0.250000,3.000000,-1.348491
0.300000,3.000000,
0.350000,3.000000,
0.400000,3.000000,
0.450000,3.000000,
0.500000,3.000000,
0.550000,3.000000,
0.600000,3.000000,
0.650000,3.000000,
0.700000,3.000000,
0.750000,3.000000,
0.800000,3.000000,
0.850000,3.000000,
0.900000,3.000000,
0.950000,3.000000,-1.366106
1.000000,3.000000,-1.177495
1.050000,3.000000,-1.079315
1.100000,3.000000,-1.007478
1.150000,3.000000,-0.950602
1.200000,3.000000,-0.904036
1.250000,3.000000,-0.865333
1.300000,3.000000,-0.833024
1.350000,3.000000,-0.806152
1.400000,3.000000,-0.784065
1.450000,3.000000,-0.766302
1.500000,3.000000,-0.752535
1.550000,3.000000,-0.742532
1.600000,3.000000,-0.736137
1.650000,3.000000,
1.700000,3.000000,
1.750000,3.000000,
1.800000,3.000000,
1.850000,3.000000,
1.900000,3.000000,
1.950000,3.000000,
2.000000,3.000000,
2.050000,3.000000,
2.100000,3.000000,
2.150000,3.000000,
2.200000,3.000000,
2.250000,3.000000,
2.300000,3.000000,
2.350000,3.000000,
2.400000,3.000000,
2.450000,3.000000,
2.500000,3.000000,
2.550000,3.000000,
2.600000,3.000000,
2.650000,3.000000,
2.700000,3.000000,
2.750000,3.000000,
2.800000,3.000000,
2.850000,3.000000,
2.900000,3.000000,
2.950000,3.000000,
3.000000,3.000000,
3.050000,3.000000,
3.100000,3.000000,
3.150000,3.000000,
3.200000,3.000000,
3.250000,3.000000,
3.300000,3.000000,
3.350000,3.000000,
3.400000,3.000000,
3.450000,3.000000,
3.500000,3.000000,
-3.500000,3.050000,
-3.450000,3.050000,
-3.400000,3.050000,
-3.350000,3.050000,
-3.300000,3.050000,
-3.250000,3.050000,
-3.200000,3.050000,
-3.150000,3.050000,
-3.100000,3.050000,
-3.050000,3.050000,
-3.000000,3.050000,
-2.950000,3.050000,
-2.900000,3.050000,
-2.850000,3.050000,
-2.800000,3.050000,
-2.750000,3.050000,
-2.700000,3.050000,
-2.650000,3.050000,
-2.600000,3.050000,
-2.550000,3.050000,
-2.500000,3.050000,
-2.450000,3.050000,
-2.400000,3.050000,
-2.350000,3.050000,
-2.300000,3.050000,
-2.250000,3.050000,
-2.200000,3.050000,
-2.150000,3.050000,
-2.100000,3.050000,
-2.050000,3.050000,
-2.000000,3.050000,
-1.950000,3.050000,
-1.900000,3.050000,
-1.850000,3.050000,
-1.800000,3.050000,
-1.750000,3.050000,
-1.700000,3.050000,0.239792
-1.650000,3.050000,0.474342
-1.600000,3.050000,0.622495
-1.550000,3.050000,0.738241
-1.500000,3.050000,0.835165
-1.450000,3.050000,0.919239
-1.400000,3.050000,0.946466
-1.350000,3.050000,0.826486
-1.300000,3.050000,0.703876
-1.250000,3.050000,0.669837
-1.200000,3.050000,0.633449
-1.150000,3.050000,0.594544
-1.100000,3.050000,0.552923
-1.050000,3.050000,0.508349
-1.000000,3.050000,0.460537
-0.950000,3.050000,0.409138
-0.900000,3.050000,0.353719
-0.850000,3.050000,0.293732
-0.800000,3.050000,0.228462
-0.750000,3.050000,0.156953
-0.700000,3.050000,0.077868
-0.650000,3.050000,-0.010759
-0.600000,3.050000,-0.108189
-0.550000,3.050000,-0.141976
-0.500000,3.050000,-0.178114
-0.450000,3.050000,-0.216773
-0.400000,3.050000,-0.258151
-0.350000,3.050000,-0.302486
-0.300000,3.050000,-0.350064
-0.250000,3.050000,-0.401234
-0.200000,3.050000,-0.456431
-0.150000,3.050000,-0.516205
-0.100000,3.050000,-0.581274
-0.050000,3.050000,-0.652601
-0.000000,3.050000,-0.731531
0.050000,3.050000,-0.820052
0.100000,3.050000,-0.921323
0.150000,3.050000,-1.040980
0.200000,3.050000,-1.191234
0.250000,3.050000,-1.413532
0.300000,3.050000,
0.350000,3.050000,
0.400000,3.050000,
0.450000,3.050000,
0.500000,3.050000,
0.550000,3.050000,
0.600000,3.050000,
0.650000,3.050000,
0.700000,3.050000,
0.750000,3.050000,
0.800000,3.050000,
0.850000,3.050000,
0.900000,3.050000,
0.950000,3.050000,
1.000000,3.050000,
1.050000,3.050000,
1.100000,3.050000,
1.150000,3.050000,-1.196831
1.200000,3.050000,-1.114727
1.250000,3.050000,-1.055093
1.300000,3.050000,-1.008828
1.350000,3.050000,-0.972076
1.400000,3.050000,-0.942785
1.450000,3.050000,
1.500000,3.050000,
1.550000,3.050000,
1.600000,3.050000,
1.650000,3.050000,
1.700000,3.050000,
1.750000,3.050000,
1.800000,3.050000,
1.850000,3.050000,
1.900000,3.050000,
1.950000,3.050000,
2.000000,3.050000,
2.050000,3.050000,
2.100000,3.050000,
2.150000,3.050000,
2.200000,3.050000,
2.250000,3.050000,
2.300000,3.050000,
2.350000,3.050000,
2.400000,3.050000,
2.450000,3.050000,
2.500000,3.050000,
2.550000,3.050000,
2.600000,3.050000,
2.650000,3.050000,
2.700000,3.050000,
2.750000,3.050000,
2.800000,3.050000,
2.850000,3.050000,
2.900000,3.050000,
2.950000,3.050000,
3.000000,3.050000,
3.050000,3.050000,
3.100000,3.050000,
3.150000,3.050000,
3.200000,3.050000,
3.250000,3.050000,
3.300000,3.050000,
3.350000,3.050000,
3.400000,3.050000,
3.450000,3.050000,
3.500000,3.050000,
-3.500000,3.100000,
-3.450000,3.100000,
-3.400000,3.100000,
-3.350000,3.100000,
-3.300000,3.100000,
-3.250000,3.100000,
-3.200000,3.100000,
-3.150000,3.100000,
-3.100000,3.100000,
-3.050000,3.100000,
-3.000000,3.100000,
-2.950000,3.100000,
-2.900000,3.100000,
-2.850000,3.100000,
-2.800000,3.100000,
-2.750000,3.100000,
-2.700000,3.100000,
-2.650000,3.100000,
-2.600000,3.100000,
-2.550000,3.100000,
-2.500000,3.100000,
-2.450000,3.100000,
-2.400000,3.100000,
-2.350000,3.100000,
-2.300000,3.100000,
-2.250000,3.100000,
-2.200000,3.100000,
-2.150000,3.100000,
-2.100000,3.100000,
-2.050000,3.100000,
-2.000000,3.100000,
-1.950000,3.100000,
-1.900000,3.100000,
-1.850000,3.100000,
-1.800000,3.100000,
-1.750000,3.100000,
-1.700000,3.100000,
-1.650000,3.100000,
-1.600000,3.100000,0.282843
-1.550000,3.100000,0.487340
-1.500000,3.100000,0.624500
-1.450000,3.100000,0.733144
-1.400000,3.100000,0.824621
-1.350000,3.100000,0.820649
-1.300000,3.100000,0.715378
-1.250000,3.100000,0.681582
-1.200000,3.100000,0.645467
-1.150000,3.100000,0.606868
-1.100000,3.100000,0.565591
-1.050000,3.100000,0.521408
-1.000000,3.100000,0.474043
-0.950000,3.100000,0.423159
-0.900000,3.100000,0.368342
-0.850000,3.100000,0.309067
-0.800000,3.100000,0.244654
-0.750000,3.100000,0.174200
-0.700000,3.100000,0.096454
-0.650000,3.100000,0.009594
-0.600000,3.100000,-0.089221
-0.550000,3.100000,-0.157785
-0.500000,3.100000,-0.194297
-0.450000,3.100000,-0.233375
-0.400000,3.100000,-0.275227
-0.350000,3.100000,-0.320100
-0.300000,3.100000,-0.368296
-0.250000,3.100000,-0.420180
-0.200000,3.100000,-0.476213
-0.150000,3.100000,-0.536982
-0.100000,3.100000,-0.603255
-0.050000,3.100000,-0.676074
-0.000000,3.100000,-0.756916
0.050000,3.100000,-0.847993
0.100000,3.100000,-0.952918
0.150000,3.100000,-1.078390
0.200000,3.100000,-1.240087
0.250000,3.100000,-1.507516
0.300000,3.100000,
0.350000,3.100000,
0.400000,3.100000,
0.450000,3.100000,
0.500000,3.100000,
0.550000,3.100000,
0.600000,3.100000,
0.650000,3.100000,
0.700000,3.100000,
0.750000,3.100000,
0.800000,3.100000,
0.850000,3.100000,
0.900000,3.100000,
0.950000,3.100000,
1.000000,3.100000,
1.050000,3.100000,
1.100000,3.100000,
1.150000,3.100000,
1.200000,3.100000,
1.250000,3.100000,
1.300000,3.100000,
1.350000,3.100000,
1.400000,3.100000,
1.450000,3.100000,
1.500000,3.100000,
1.550000,3.100000,
1.600000,3.100000,
1.650000,3.100000,
1.700000,3.100000,
1.750000,3.100000,
1.800000,3.100000,
1.850000,3.100000,
1.900000,3.100000,
1.950000,3.100000,
2.000000,3.100000,
2.050000,3.100000,
2.100000,3.100000,
2.150000,3.100000,
2.200000,3.100000,
2.250000,3.100000,
2.300000,3.100000,
2.350000,3.100000,
2.400000,3.100000,
2.450000,3.100000,
2.500000,3.100000,
2.550000,3.100000,
2.600000,3.100000,
2.650000,3.100000,
2.700000,3.100000,
2.750000,3.100000,
2.800000,3.100000,
2.850000,3.100000,
2.900000,3.100000,
2.950000,3.100000,
3.000000,3.100000,
3.050000,3.100000,
3.100000,3.100000,
3.150000,3.100000,
3.200000,3.100000,
3.250000,3.100000,
3.300000,3.100000,
3.350000,3.100000,
3.400000,3.100000,
3.450000,3.100000,
3.500000,3.100000,
-3.500000,3.150000,
-3.450000,3.150000,
-3.400000,3.150000,
-3.350000,3.150000,
-3.300000,3.150000,
-3.250000,3.150000,
-3.200000,3.150000,
-3.150000,3.150000,
-3.100000,3.150000,
-3.050000,3.150000,
-3.000000,3.150000,
-2.950000,3.150000,
-2.900000,3.150000,
-2.850000,3.150000,
-2.800000,3.150000,
-2.750000,3.150000,
-2.700000,3.150000,
-2.650000,3.150000,
-2.600000,3.150000,
-2.550000,3.150000,
-2.500000,3.150000,
-2.450000,3.150000,
-2.400000,3.150000,
-2.350000,3.150000,
-2.300000,3.150000,
-2.250000,3.150000,
-2.200000,3.150000,
-2.150000,3.150000,
-2.100000,3.150000,
-2.050000,3.150000,
-2.000000,3.150000,
-1.950000,3.150000,
-1.900000,3.150000,
-1.850000,3.150000,
-1.800000,3.150000,
-1.750000,3.150000,
-1.700000,3.150000,
-1.650000,3.150000,
-1.600000,3.150000,
-1.550000,3.150000,
-1.500000,3.150000,0.278388
-1.450000,3.150000,0.474342
-1.400000,3.150000,0.606218
-1.350000,3.150000,0.710634
-1.300000,3.150000,0.725283
-1.250000,3.150000,0.691695
-1.200000,3.150000,0.655811
-1.150000,3.150000,0.617471
-1.100000,3.150000,0.576486
-1.050000,3.150000,0.532634
-1.000000,3.150000,0.485646
-0.950000,3.150000,0.435197
-0.900000,3.150000,0.380886
-0.850000,3.150000,0.322207
-0.800000,3.150000,0.258511
-0.750000,3.150000,0.188935
-0.700000,3.150000,0.112296
-0.650000,3.150000,0.026885
-0.600000,3.150000,-0.069926
-0.550000,3.150000,-0.175368
-0.500000,3.150000,-0.212303
-0.450000,3.150000,-0.251859
-0.400000,3.150000,-0.294251
-0.350000,3.150000,-0.339741
-0.300000,3.150000,-0.388644
-0.250000,3.150000,-0.441350
-0.200000,3.150000,-0.498349
-0.150000,3.150000,-0.560272
-0.100000,3.150000,-0.627950
-0.050000,3.150000,-0.702526
-0.000000,3.150000,-0.785639
0.050000,3.150000,-0.879804
0.100000,3.150000,-0.989248
0.150000,3.150000,-1.122228
0.200000,3.150000,-1.300278
0.250000,3.150000,
0.300000,3.150000,
0.350000,3.150000,
0.400000,3.150000,
0.450000,3.150000,
0.500000,3.150000,
0.550000,3.150000,
0.600000,3.150000,
0.650000,3.150000,
0.700000,3.150000,
0.750000,3.150000,
0.800000,3.150000,
0.850000,3.150000,
0.900000,3.150000,
0.950000,3.150000,
1.000000,3.150000,
1.050000,3.150000,
1.100000,3.150000,
1.150000,3.150000,
1.200000,3.150000,
1.250000,3.150000,
1.300000,3.150000,
1.350000,3.150000,
1.400000,3.150000,
1.450000,3.150000,
1.500000,3.150000,
1.550000,3.150000,
1.600000,3.150000,
1.650000,3.150000,
1.700000,3.150000,
1.750000,3.150000,
1.800000,3.150000,
1.850000,3.150000,
1.900000,3.150000,
1.950000,3.150000,
2.000000,3.150000,
2.050000,3.150000,
2.100000,3.150000,
2.150000,3.150000,
2.200000,3.150000,
2.250000,3.150000,
2.300000,3.150000,
2.350000,3.150000,
2.400000,3.150000,
2.450000,3.150000,
2.500000,3.150000,
2.550000,3.150000,
2.600000,3.150000,
2.650000,3.150000,
2.700000,3.150000,
2.750000,3.150000,
2.800000,3.150000,
2.850000,3.150000,
2.900000,3.150000,
2.950000,3.150000,
3.000000,3.150000,
3.050000,3.150000,
3.100000,3.150000,
3.150000,3.150000,
3.200000,3.150000,
3.250000,3.150000,
3.300000,3.150000,
3.350000,3.150000,
3.400000,3.150000,
3.450000,3.150000,
3.500000,3.150000,
-3.500000,3.200000,
-3.450000,3.200000,
-3.400000,3.200000,
-3.350000,3.200000,
-3.300000,3.200000,
-3.250000,3.200000,
-3.200000,3.200000,
-3.150000,3.200000,
-3.100000,3.200000,
-3.050000,3.200000,
-3.000000,3.200000,
-2.950000,3.200000,
-2.900000,3.200000,
-2.850000,3.200000,
-2.800000,3.200000,
-2.750000,3.200000,
-2.700000,3.200000,
-2.650000,3.200000,
-2.600000,3.200000,
-2.550000,3.200000,
-2.500000,3.200000,
-2.450000,3.200000,
-2.400000,3.200000,
-2.350000,3.200000,
-2.300000,3.200000,
-2.250000,3.200000,
-2.200000,3.200000,
-2.150000,3.200000,
-2.100000,3.200000,
-2.050000,3.200000,
-2.000000,3.200000,
-1.950000,3.200000,
-1.900000,3.200000,
-1.850000,3.200000,
-1.800000,3.200000,
-1.750000,3.200000,
-1.700000,3.200000,
-1.650000,3.200000,
-1.600000,3.200000,
-1.550000,3.200000,
-1.500000,3.200000,
-1.450000,3.200000,
-1.400000,3.200000,0.223607
-1.350000,3.200000,0.433013
-1.300000,3.200000,0.565685
-1.250000,3.200000,0.668954
-1.200000,3.200000,0.664514
-1.150000,3.200000,0.626389
-1.100000,3.200000,0.585647
-1.050000,3.200000,0.542069
-1.000000,3.200000,0.495393
-0.950000,3.200000,0.445304
-0.900000,3.200000,0.391410
-0.850000,3.200000,0.333223
-0.800000,3.200000,0.270115
-0.750000,3.200000,0.201257
-0.700000,3.200000,0.125518
-0.650000,3.200000,0.041279
-0.600000,3.200000,-0.053928
-0.550000,3.200000,-0.164217
-0.500000,3.200000,-0.232200
-0.450000,3.200000,-0.272297
-0.400000,3.200000,-0.315303
-0.350000,3.200000,-0.361495
-0.300000,3.200000,-0.411207
-0.250000,3.200000,-0.464856
-0.200000,3.200000,-0.522969
-0.150000,3.200000,-0.586229
-0.100000,3.200000,-0.655547
-0.050000,3.200000,-0.732193
-0.000000,3.200000,-0.818019
0.050000,3.200000,-0.915941
0.100000,3.200000,-1.031057
0.150000,3.200000,-1.174027
0.200000,3.200000,-1.377644
0.250000,3.200000,
0.300000,3.200000,
0.350000,3.200000,
0.400000,3.200000,
0.450000,3.200000,
0.500000,3.200000,
0.550000,3.200000,
0.600000,3.200000,
0.650000,3.200000,
0.700000,3.200000,
0.750000,3.200000,
0.800000,3.200000,
0.850000,3.200000,
0.900000,3.200000,
0.950000,3.200000,
1.000000,3.200000,
1.050000,3.200000,
1.100000,3.200000,
1.150000,3.200000,
1.200000,3.200000,
1.250000,3.200000,
1.300000,3.200000,
1.350000,3.200000,
1.400000,3.200000,
1.450000,3.200000,
1.500000,3.200000,
1.550000,3.200000,
1.600000,3.200000,
1.650000,3.200000,
1.700000,3.200000,
1.750000,3.200000,
1.800000,3.200000,
1.850000,3.200000,
1.900000,3.200000,
1.950000,3.200000,
2.000000,3.200000,
2.050000,3.200000,
2.100000,3.200000,
2.150000,3.200000,
2.200000,3.200000,
2.250000,3.200000,
2.300000,3.200000,
2.350000,3.200000,
2.400000,3.200000,
2.450000,3.200000,
2.500000,3.200000,
2.550000,3.200000,
2.600000,3.200000,
2.650000,3.200000,
2.700000,3.200000,
2.750000,3.200000,
2.800000,3.200000,
2.850000,3.200000,
2.900000,3.200000,
2.950000,3.200000,
3.000000,3.200000,
3.050000,3.200000,
3.100000,3.200000,
3.150000,3.200000,
3.200000,3.200000,
3.250000,3.200000,
3.300000,3.200000,
3.350000,3.200000,
3.400000,3.200000,
3.450000,3.200000,
3.500000,3.200000,
-3.500000,3.250000,
-3.450000,3.250000,
-3.400000,3.250000,
-3.350000,3.250000,
-3.300000,3.250000,
-3.250000,3.250000,
-3.200000,3.250000,
-3.150000,3.250000,
-3.100000,3.250000,
-3.050000,3.250000,
-3.000000,3.250000,
-2.950000,3.250000,
-2.900000,3.250000,
-2.850000,3.250000,
-2.800000,3.250000,
-2.750000,3.250000,
-2.700000,3.250000,
-2.650000,3.250000,
-2.600000,3.250000,
-2.550000,3.250000,
-2.500000,3.250000,
-2.450000,3.250000,
-2.400000,3.250000,
-2.350000,3.250000,
-2.300000,3.250000,
-2.250000,3.250000,
-2.200000,3.250000,
-2.150000,3.250000,
-2.100000,3.250000,
-2.050000,3.250000,
-2.000000,3.250000,
-1.950000,3.250000,
-1.900000,3.250000,
-1.850000,3.250000,
-1.800000,3.250000,
-1.750000,3.250000,
-1.700000,3.250000,
-1.650000,3.250000,
-1.600000,3.250000,
-1.550000,3.250000,
-1.500000,3.250000,
-1.450000,3.250000,
-1.400000,3.250000,
-1.350000,3.250000,
-1.300000,3.250000,
-1.250000,3.250000,0.353553
-1.200000,3.250000,0.497494
-1.150000,3.250000,0.604152
-1.100000,3.250000,0.593105
-1.050000,3.250000,0.549747
-1.000000,3.250000,0.503323
-0.950000,3.250000,0.453522
-0.900000,3.250000,0.399963
-0.850000,3.250000,0.342169
-0.800000,3.250000,0.279531
-0.750000,3.250000,0.211244
-0.700000,3.250000,0.136220
-0.650000,3.250000,0.052904
-0.600000,3.250000,-0.041047
-0.550000,3.250000,-0.149499
-0.500000,3.250000,-0.254063
-0.450000,3.250000,-0.294773
-0.400000,3.250000,-0.338476
-0.350000,3.250000,-0.385466
-0.300000,3.250000,-0.436102
-0.250000,3.250000,-0.490832
-0.200000,3.250000,-0.550229
-0.150000,3.250000,-0.615040
-0.100000,3.250000,-0.686279
-0.050000,3.250000,-0.765374
-0.000000,3.250000,-0.854463
0.050000,3.250000,-0.957015
0.100000,3.250000,-1.079406
0.150000,3.250000,-1.236306
0.200000,3.250000,
0.250000,3.250000,
0.300000,3.250000,
0.350000,3.250000,
0.400000,3.250000,
0.450000,3.250000,
0.500000,3.250000,
0.550000,3.250000,
0.600000,3.250000,
0.650000,3.250000,
0.700000,3.250000,
0.750000,3.250000,
0.800000,3.250000,
0.850000,3.250000,
0.900000,3.250000,
0.950000,3.250000,
1.000000,3.250000,
1.050000,3.250000,
1.100000,3.250000,
1.150000,3.250000,
1.200000,3.250000,
1.250000,3.250000,
1.300000,3.250000,
1.350000,3.250000,
1.400000,3.250000,
1.450000,3.250000,
1.500000,3.250000,
1.550000,3.250000,
1.600000,3.250000,
1.650000,3.250000,
1.700000,3.250000,
1.750000,3.250000,
1.800000,3.250000,
1.850000,3.250000,
1.900000,3.250000,
1.950000,3.250000,
2.000000,3.250000,
2.050000,3.250000,
2.100000,3.250000,
2.150000,3.250000,
2.200000,3.250000,
2.250000,3.250000,
2.300000,3.250000,
2.350000,3.250000,
2.400000,3.250000,
2.450000,3.250000,
2.500000,3.250000,
2.550000,3.250000,
2.600000,3.250000,
2.650000,3.250000,
2.700000,3.250000,
2.750000,3.250000,
2.800000,3.250000,
2.850000,3.250000,
2.900000,3.250000,
2.950000,3.250000,
3.000000,3.250000,
3.050000,3.250000,
3.100000,3.250000,
3.150000,3.250000,
3.200000,3.250000,
3.250000,3.250000,
3.300000,3.250000,
3.350000,3.250000,
3.400000,3.250000,
3.450000,3.250000,
3.500000,3.250000,
-3.500000,3.300000,
-3.450000,3.300000,
-3.400000,3.300000,
-3.350000,3.300000,
-3.300000,3.300000,
-3.250000,3.300000,
-3.200000,3.300000,
-3.150000,3.300000,
-3.100000,3.300000,
-3.050000,3.300000,
-3.000000,3.300000,
-2.950000,3.300000,
-2.900000,3.300000,
-2.850000,3.300000,
-2.800000,3.300000,
-2.750000,3.300000,
-2.700000,3.300000,
-2.650000,3.300000,
-2.600000,3.300000,
-2.550000,3.300000,
-2.500000,3.300000,
-2.450000,3.300000,
-2.400000,3.300000,
-2.350000,3.300000,
-2.300000,3.300000,
-2.250000,3.300000,
-2.200000,3.300000,
-2.150000,3.300000,
-2.100000,3.300000,
-2.050000,3.300000,
-2.000000,3.300000,
-1.950000,3.300000,
-1.900000,3.300000,
-1.850000,3.300000,
-1.800000,3.300000,
-1.750000,3.300000,
-1.700000,3.300000,
-1.650000,3.300000,
-1.600000,3.300000,
-1.550000,3.300000,
-1.500000,3.300000,
-1.450000,3.300000,
-1.400000,3.300000,
-1.350000,3.300000,
-1.300000,3.300000,
-1.250000,3.300000,
-1.200000,3.300000,
-1.150000,3.300000,0.193649
-1.100000,3.300000,0.387298
-1.050000,3.300000,0.507445
-1.000000,3.300000,0.509465
-0.950000,3.300000,0.459885
-0.900000,3.300000,0.406583
-0.850000,3.300000,0.349090
-0.800000,3.300000,0.286809
-0.750000,3.300000,0.218958
-0.700000,3.300000,0.144475
-0.650000,3.300000,0.061858
-0.600000,3.300000,-0.031150
-0.550000,3.300000,-0.138233
-0.500000,3.300000,-0.266237
-0.450000,3.300000,-0.319384
-0.400000,3.300000,-0.363877
-0.350000,3.300000,-0.411775
-0.300000,3.300000,-0.463466
-0.250000,3.300000,-0.519437
-0.200000,3.300000,-0.580316
-0.150000,3.300000,-0.646934
-0.100000,3.300000,-0.720431
-0.050000,3.300000,-0.802448
-0.000000,3.300000,-0.895507
0.050000,3.300000,-1.003867
0.100000,3.300000,-1.135904
0.150000,3.300000,
0.200000,3.300000,
0.250000,3.300000,
0.300000,3.300000,
0.350000,3.300000,
0.400000,3.300000,
0.450000,3.300000,
0.500000,3.300000,
0.550000,3.300000,
0.600000,3.300000,
0.650000,3.300000,
0.700000,3.300000,
0.750000,3.300000,
0.800000,3.300000,
0.850000,3.300000,
0.900000,3.300000,
0.950000,3.300000,
1.000000,3.300000,
1.050000,3.300000,
1.100000,3.300000,
1.150000,3.300000,
1.200000,3.300000,
1.250000,3.300000,
1.300000,3.300000,
1.350000,3.300000,
1.400000,3.300000,
1.450000,3.300000,
1.500000,3.300000,
1.550000,3.300000,
1.600000,3.300000,
1.650000,3.300000,
1.700000,3.300000,
1.750000,3.300000,
1.800000,3.300000,
1.850000,3.300000,
1.900000,3.300000,
1.950000,3.300000,
2.000000,3.300000,
2.050000,3.300000,
2.100000,3.300000,
2.150000,3.300000,
2.200000,3.300000,
2.250000,3.300000,
2.300000,3.300000,
2.350000,3.300000,
2.400000,3.300000,
2.450000,3.300000,
2.500000,3.300000,
2.550000,3.300000,
2.600000,3.300000,
2.650000,3.300000,
2.700000,3.300000,
2.750000,3.300000,
2.800000,3.300000,
2.850000,3.300000,
2.900000,3.300000,
2.950000,3.300000,
3.000000,3.300000,
3.050000,3.300000,
3.100000,3.300000,
3.150000,3.300000,
3.200000,3.300000,
3.250000,3.300000,
3.300000,3.300000,
3.350000,3.300000,
3.400000,3.300000,
3.450000,3.300000,
3.500000,3.300000,
-3.500000,3.350000,
-3.450000,3.350000,
-3.400000,3.350000,
-3.350000,3.350000,
-3.300000,3.350000,
-3.250000,3.350000,
-3.200000,3.350000,
-3.150000,3.350000,
-3.100000,3.350000,
-3.050000,3.350000,
-3.000000,3.350000,
-2.950000,3.350000,
-2.900000,3.350000,
-2.850000,3.350000,
-2.800000,3.350000,
-2.750000,3.350000,
-2.700000,3.350000,
-2.650000,3.350000,
-2.600000,3.350000,
-2.550000,3.350000,
-2.500000,3.350000,
-2.450000,3.350000,
-2.400000,3.350000,
-2.350000,3.350000,
-2.300000,3.350000,
-2.250000,3.350000,
-2.200000,3.350000,
-2.150000,3.350000,
-2.100000,3.350000,
-2.050000,3.350000,
-2.000000,3.350000,
-1.950000,3.350000,
-1.900000,3.350000,
-1.850000,3.350000,
-1.800000,3.350000,
-1.750000,3.350000,
-1.700000,3.350000,
-1.650000,3.350000,
-1.600000,3.350000,
-1.550000,3.350000,
-1.500000,3.350000,
-1.450000,3.350000,
-1.400000,3.350000,
-1.350000,3.350000,
-1.300000,3.350000,
-1.250000,3.350000,
-1.200000,3.350000,
-1.150000,3.350000,
-1.100000,3.350000,
-1.050000,3.350000,
-1.000000,3.350000,0.165831
-0.950000,3.350000,0.353553
-0.900000,3.350000,0.411298
-0.850000,3.350000,0.354017
-0.800000,3.350000,0.291989
-0.750000,3.350000,0.224444
-0.700000,3.350000,0.150342
-0.650000,3.350000,0.068214
-0.600000,3.350000,-0.024137
-0.550000,3.350000,-0.130273
-0.500000,3.350000,-0.256746
-0.450000,3.350000,-0.346245
-0.400000,3.350000,-0.391633
-0.350000,3.350000,-0.440566
-0.300000,3.350000,-0.493464
-0.250000,3.350000,-0.550864
-0.200000,3.350000,-0.613462
-0.150000,3.350000,-0.682194
-0.100000,3.350000,-0.758366
-0.050000,3.350000,-0.843905
-0.000000,3.350000,-0.941871
0.050000,3.350000,
0.100000,3.350000,
0.150000,3.350000,
0.200000,3.350000,
0.250000,3.350000,
0.300000,3.350000,
0.350000,3.350000,
0.400000,3.350000,
0.450000,3.350000,
0.500000,3.350000,
0.550000,3.350000,
0.600000,3.350000,
0.650000,3.350000,
0.700000,3.350000,
0.750000,3.350000,
0.800000,3.350000,
0.850000,3.350000,
0.900000,3.350000,
0.950000,3.350000,
1.000000,3.350000,
1.050000,3.350000,
1.100000,3.350000,
1.150000,3.350000,
1.200000,3.350000,
1.250000,3.350000,
1.300000,3.350000,
1.350000,3.350000,
1.400000,3.350000,
1.450000,3.350000,
1.500000,3.350000,
1.550000,3.350000,
1.600000,3.350000,
1.650000,3.350000,
1.700000,3.350000,
1.750000,3.350000,
1.800000,3.350000,
1.850000,3.350000,
1.900000,3.350000,
1.950000,3.350000,
2.000000,3.350000,
2.050000,3.350000,
2.100000,3.350000,
2.150000,3.350000,
2.200000,3.350000,
2.250000,3.350000,
2.300000,3.350000,
2.350000,3.350000,
2.400000,3.350000,
2.450000,3.350000,
2.500000,3.350000,
2.550000,3.350000,
2.600000,3.350000,
2.650000,3.350000,
2.700000,3.350000,
2.750000,3.350000,
2.800000,3.350000,
2.850000,3.350000,
2.900000,3.350000,
2.950000,3.350000,
3.000000,3.350000,
3.050000,3.350000,
3.100000,3.350000,
3.150000,3.350000,
3.200000,3.350000,
3.250000,3.350000,
3.300000,3.350000,
3.350000,3.350000,
3.400000,3.350000,
3.450000,3.350000,
3.500000,3.350000,
-3.500000,3.400000,
-3.450000,3.400000,
-3.400000,3.400000,
-3.350000,3.400000,
-3.300000,3.400000,
-3.250000,3.400000,
-3.200000,3.400000,
-3.150000,3.400000,
-3.100000,3.400000,
-3.050000,3.400000,
-3.000000,3.400000,
-2.950000,3.400000,
-2.900000,3.400000,
-2.850000,3.400000,
-2.800000,3.400000,
-2.750000,3.400000,
-2.700000,3.400000,
-2.650000,3.400000,
-2.600000,3.400000,
-2.550000,3.400000,
-2.500000,3.400000,
-2.450000,3.400000,
-2.400000,3.400000,
-2.350000,3.400000,
-2.300000,3.400000,
-2.250000,3.400000,
-2.200000,3.400000,
-2.150000,3.400000,
-2.100000,3.400000,
-2.050000,3.400000,
-2.000000,3.400000,
-1.950000,3.400000,
-1.900000,3.400000,
-1.850000,3.400000,
-1.800000,3.400000,
-1.750000,3.400000,
-1.700000,3.400000,
-1.650000,3.400000,
-1.600000,3.400000,
-1.550000,3.400000,
-1.500000,3.400000,
-1.450000,3.400000,
-1.400000,3.400000,
-1.350000,3.400000,
-1.300000,3.400000,
-1.250000,3.400000,
-1.200000,3.400000,
-1.150000,3.400000,
-1.100000,3.400000,
-1.050000,3.400000,
-1.000000,3.400000,
-0.950000,3.400000,
-0.900000,3.400000,
-0.850000,3.400000,
-0.800000,3.400000,0.223607
-0.750000,3.400000,0.227734
-0.700000,3.400000,0.153859
-0.650000,3.400000,0.072021
-0.600000,3.400000,-0.019941
-0.550000,3.400000,-0.125519
-0.500000,3.400000,-0.251097
-0.450000,3.400000,-0.375490
-0.400000,3.400000,-0.421896
-0.350000,3.400000,-0.472009
-0.300000,3.400000,-0.526294
-0.250000,3.400000,-0.585345
-0.200000,3.400000,-0.649948
-0.150000,3.400000,-0.721173
-0.100000,3.400000,-0.800550
-0.050000,3.400000,
-0.000000,3.400000,
0.050000,3.400000,
0.100000,3.400000,
0.150000,3.400000,
0.200000,3.400000,
0.250000,3.400000,
0.300000,3.400000,
0.350000,3.400000,
0.400000,3.400000,
0.450000,3.400000,
0.500000,3.400000,
0.550000,3.400000,
0.600000,3.400000,
0.650000,3.400000,
0.700000,3.400000,
0.750000,3.400000,
0.800000,3.400000,
0.850000,3.400000,
0.900000,3.400000,
0.950000,3.400000,
1.000000,3.400000,
1.050000,3.400000,
1.100000,3.400000,
1.150000,3.400000,
1.200000,3.400000,
1.250000,3.400000,
1.300000,3.400000,
1.350000,3.400000,
1.400000,3.400000,
1.450000,3.400000,
1.500000,3.400000,
1.550000,3.400000,
1.600000,3.400000,
1.650000,3.400000,
1.700000,3.400000,
1.750000,3.400000,
1.800000,3.400000,
1.850000,3.400000,
1.900000,3.400000,
1.950000,3.400000,
2.000000,3.400000,
2.050000,3.400000,
2.100000,3.400000,
2.150000,3.400000,
2.200000,3.400000,
2.250000,3.400000,
2.300000,3.400000,
2.350000,3.400000,
2.400000,3.400000,
2.450000,3.400000,
2.500000,3.400000,
2.550000,3.400000,
2.600000,3.400000,
2.650000,3.400000,
2.700000,3.400000,
2.750000,3.400000,
2.800000,3.400000,
2.850000,3.400000,
2.900000,3.400000,
2.950000,3.400000,
3.000000,3.400000,
3.050000,3.400000,
3.100000,3.400000,
3.150000,3.400000,
3.200000,3.400000,
3.250000,3.400000,
3.300000,3.400000,
3.350000,3.400000,
3.400000,3.400000,
3.450000,3.400000,
3.500000,3.400000,
-3.500000,3.450000,
-3.450000,3.450000,
-3.400000,3.450000,
-3.350000,3.450000,
-3.300000,3.450000,
-3.250000,3.450000,
-3.200000,3.450000,
-3.150000,3.450000,
-3.100000,3.450000,
-3.050000,3.450000,
-3.000000,3.450000,
-2.950000,3.450000,
-2.900000,3.450000,
-2.850000,3.450000,
-2.800000,3.450000,
-2.750000,3.450000,
-2.700000,3.450000,
-2.650000,3.450000,
-2.600000,3.450000,
-2.550000,3.450000,
-2.500000,3.450000,
-2.450000,3.450000,
-2.400000,3.450000,
-2.350000,3.450000,
-2.300000,3.450000,
-2.250000,3.450000,
-2.200000,3.450000,
-2.150000,3.450000,
-2.100000,3.450000,
-2.050000,3.450000,
-2.000000,3.450000,
-1.950000,3.450000,
-1.900000,3.450000,
-1.850000,3.450000,
-1.800000,3.450000,
-1.750000,3.450000,
-1.700000,3.450000,
-1.650000,3.450000,
-1.600000,3.450000,
-1.550000,3.450000,
-1.500000,3.450000,
-1.450000,3.450000,
-1.400000,3.450000,
-1.350000,3.450000,
-1.300000,3.450000,
-1.250000,3.450000,
-1.200000,3.450000,
-1.150000,3.450000,
-1.100000,3.450000,
-1.050000,3.450000,
-1.000000,3.450000,
-0.950000,3.450000,
-0.900000,3.450000,
-0.850000,3.450000,
-0.800000,3.450000,
-0.750000,3.450000,
-0.700000,3.450000,
-0.650000,3.450000,
-0.600000,3.450000,
-0.550000,3.450000,-0.123913
-0.500000,3.450000,-0.249193
-0.450000,3.450000,
-0.400000,3.450000,
-0.350000,3.450000,
-0.300000,3.450000,
-0.250000,3.450000,
-0.200000,3.450000,
-0.150000,3.450000,
-0.100000,3.450000,
-0.050000,3.450000,
-0.000000,3.450000,
0.050000,3.450000,
0.100000,3.450000,
0.150000,3.450000,
0.200000,3.450000,
0.250000,3.450000,
0.300000,3.450000,
0.350000,3.450000,
0.400000,3.450000,
0.450000,3.450000,
0.500000,3.450000,
0.550000,3.450000,
0.600000,3.450000,
0.650000,3.450000,
0.700000,3.450000,
0.750000,3.450000,
0.800000,3.450000,
0.850000,3.450000,
0.900000,3.450000,
0.950000,3.450000,
1.000000,3.450000,
1.050000,3.450000,
1.100000,3.450000,
1.150000,3.450000,
1.200000,3.450000,
1.250000,3.450000,
1.300000,3.450000,
1.350000,3.450000,
1.400000,3.450000,
1.450000,3.450000,
1.500000,3.450000,
1.550000,3.450000,
1.600000,3.450000,
1.650000,3.450000,
1.700000,3.450000,
1.750000,3.450000,
1.800000,3.450000,
1.850000,3.450000,
1.900000,3.450000,
1.950000,3.450000,
2.000000,3.450000,
2.050000,3.450000,
2.100000,3.450000,
2.150000,3.450000,
2.200000,3.450000,
2.250000,3.450000,
2.300000,3.450000,
2.350000,3.450000,
2.400000,3.450000,
2.450000,3.450000,
2.500000,3.450000,
2.550000,3.450000,
2.600000,3.450000,
2.650000,3.450000,
2.700000,3.450000,
2.750000,3.450000,
2.800000,3.450000,
2.850000,3.450000,
2.900000,3.450000,
2.950000,3.450000,
3.000000,3.450000,
3.050000,3.450000,
3.100000,3.450000,
3.150000,3.450000,
3.200000,3.450000,
3.250000,3.450000,
3.300000,3.450000,
3.350000,3.450000,
3.400000,3.450000,
3.450000,3.450000,
3.500000,3.450000,
-3.500000,3.500000,
-3.450000,3.500000,
-3.400000,3.500000,
-3.350000,3.500000,
-3.300000,3.500000,
-3.250000,3.500000,
-3.200000,3.500000,
-3.150000,3.500000,
-3.100000,3.500000,
-3.050000,3.500000,
-3.000000,3.500000,
-2.950000,3.500000,
-2.900000,3.500000,
-2.850000,3.500000,
-2.800000,3.500000,
-2.750000,3.500000,
-2.700000,3.500000,
-2.650000,3.500000,
-2.600000,3.500000,
-2.550000,3.500000,
-2.500000,3.500000,
-2.450000,3.500000,
-2.400000,3.500000,
-2.350000,3.500000,
-2.300000,3.500000,
-2.250000,3.500000,
-2.200000,3.500000,
-2.150000,3.500000,
-2.100000,3.500000,
-2.050000,3.500000,
-2.000000,3.500000,
-1.950000,3.500000,
-1.900000,3.500000,
-1.850000,3.500000,
-1.800000,3.500000,
-1.750000,3.500000,
-1.700000,3.500000,
-1.650000,3.500000,
-1.600000,3.500000,
-1.550000,3.500000,
-1.500000,3.500000,
-1.450000,3.500000,
-1.400000,3.500000,
-1.350000,3.500000,
-1.300000,3.500000,
-1.250000,3.500000,
-1.200000,3.500000,
-1.150000,3.500000,
-1.100000,3.500000,
-1.050000,3.500000,
-1.000000,3.500000,
-0.950000,3.500000,
-0.900000,3.500000,
-0.850000,3.500000,
-0.800000,3.500000,
-0.750000,3.500000,
-0.700000,3.500000,
-0.650000,3.500000,
-0.600000,3.500000,
-0.550000,3.500000,
-0.500000,3.500000,
-0.450000,3.500000,
-0.400000,3.500000,
-0.350000,3.500000,
-0.300000,3.500000,
-0.250000,3.500000,
-0.200000,3.500000,
-0.150000,3.500000,
-0.100000,3.500000,
-0.050000,3.500000,
-0.000000,3.500000,
0.050000,3.500000,
0.100000,3.500000,
0.150000,3.500000,
0.200000,3.500000,
0.250000,3.500000,
0.300000,3.500000,
0.350000,3.500000,
0.400000,3.500000,
0.450000,3.500000,
0.500000,3.500000,
0.550000,3.500000,
0.600000,3.500000,
0.650000,3.500000,
0.700000,3.500000,
0.750000,3.500000,
0.800000,3.500000,
0.850000,3.500000,
0.900000,3.500000,
0.950000,3.500000,
1.000000,3.500000,
1.050000,3.500000,
1.100000,3.500000,
1.150000,3.500000,
1.200000,3.500000,
1.250000,3.500000,
1.300000,3.500000,
1.350000,3.500000,
1.400000,3.500000,
1.450000,3.500000,
1.500000,3.500000,
1.550000,3.500000,
1.600000,3.500000,
1.650000,3.500000,
1.700000,3.500000,
1.750000,3.500000,
1.800000,3.500000,
1.850000,3.500000,
1.900000,3.500000,
1.950000,3.500000,
2.000000,3.500000,
2.050000,3.500000,
2.100000,3.500000,
2.150000,3.500000,
2.200000,3.500000,
2.250000,3.500000,
2.300000,3.500000,
2.350000,3.500000,
2.400000,3.500000,
2.450000,3.500000,
2.500000,3.500000,
2.550000,3.500000,
2.600000,3.500000,
2.650000,3.500000,
2.700000,3.500000,
2.750000,3.500000,
2.800000,3.500000,
2.850000,3.500000,
2.900000,3.500000,
2.950000,3.500000,
3.000000,3.500000,
3.050000,3.500000,
3.100000,3.500000,
3.150000,3.500000,
3.200000,3.500000,
3.250000,3.500000,
3.300000,3.500000,
3.350000,3.500000,
3.400000,3.500000,
3.450000,3.500000,
3.500000,3.500000,
