x,y,z
-3.500000,-3.500000,
-3.400000,-3.500000,
-3.300000,-3.500000,
-3.200000,-3.500000,
-3.100000,-3.500000,
-3.000000,-3.500000,
-2.900000,-3.500000,
-2.800000,-3.500000,
-2.700000,-3.500000,
-2.600000,-3.500000,
-2.500000,-3.500000,
-2.400000,-3.500000,
-2.300000,-3.500000,
-2.200000,-3.500000,
-2.100000,-3.500000,
-2.000000,-3.500000,
-1.900000,-3.500000,
-1.800000,-3.500000,
-1.700000,-3.500000,
-1.600000,-3.500000,
-1.500000,-3.500000,
-1.400000,-3.500000,
-1.300000,-3.500000,
-1.200000,-3.500000,
-1.100000,-3.500000,
-1.000000,-3.500000,
-0.900000,-3.500000,
-0.800000,-3.500000,
-0.700000,-3.500000,
-0.600000,-3.500000,
-0.500000,-3.500000,
-0.400000,-3.500000,
-0.300000,-3.500000,
-0.200000,-3.500000,
-0.100000,-3.500000,
0.000000,-3.500000,
0.100000,-3.500000,
0.200000,-3.500000,
0.300000,-3.500000,
0.400000,-3.500000,
0.500000,-3.500000,
0.600000,-3.500000,
0.700000,-3.500000,
0.800000,-3.500000,
0.900000,-3.500000,
1.000000,-3.500000,
1.100000,-3.500000,
1.200000,-3.500000,
1.300000,-3.500000,
1.400000,-3.500000,
1.500000,-3.500000,
1.600000,-3.500000,
1.700000,-3.500000,
1.800000,-3.500000,
1.900000,-3.500000,
2.000000,-3.500000,
2.100000,-3.500000,
2.200000,-3.500000,
2.300000,-3.500000,
2.400000,-3.500000,
2.500000,-3.500000,
2.600000,-3.500000,
2.700000,-3.500000,
2.800000,-3.500000,
2.900000,-3.500000,
3.000000,-3.500000,
3.100000,-3.500000,
3.200000,-3.500000,
3.300000,-3.500000,
3.400000,-3.500000,
3.500000,-3.500000,
-3.500000,-3.400000,
-3.400000,-3.400000,
-3.300000,-3.400000,
-3.200000,-3.400000,
-3.100000,-3.400000,
-3.000000,-3.400000,
-2.900000,-3.400000,
-2.800000,-3.400000,
-2.700000,-3.400000,
-2.600000,-3.400000,
-2.500000,-3.400000,
-2.400000,-3.400000,
-2.300000,-3.400000,
-2.200000,-3.400000,
-2.100000,-3.400000,
-2.000000,-3.400000,
-1.900000,-3.400000,
-1.800000,-3.400000,
-1.700000,-3.400000,
-1.600000,-3.400000,
-1.500000,-3.400000,
-1.400000,-3.400000,
-1.300000,-3.400000,
-1.200000,-3.400000,
-1.100000,-3.400000,
-1.000000,-3.400000,
-0.900000,-3.400000,
-0.800000,-3.400000,
-0.700000,-3.400000,
-0.600000,-3.400000,
-0.500000,-3.400000,
-0.400000,-3.400000,
-0.300000,-3.400000,
-0.200000,-3.400000,
-0.100000,-3.400000,
0.000000,-3.400000,
0.100000,-3.400000,
0.200000,-3.400000,
0.300000,-3.400000,
0.400000,-3.400000,
0.500000,-3.400000,
0.600000,-3.400000,
0.700000,-3.400000,
0.800000,-3.400000,
0.900000,-3.400000,
1.000000,-3.400000,
1.100000,-3.400000,
1.200000,-3.400000,
1.300000,-3.400000,
1.400000,-3.400000,
1.500000,-3.400000,
1.600000,-3.400000,
1.700000,-3.400000,
1.800000,-3.400000,
1.900000,-3.400000,
2.000000,-3.400000,
2.100000,-3.400000,
2.200000,-3.400000,
2.300000,-3.400000,
2.400000,-3.400000,
2.500000,-3.400000,
2.600000,-3.400000,
2.700000,-3.400000,
2.800000,-3.400000,
2.900000,-3.400000,
3.000000,-3.400000,
3.100000,-3.400000,
3.200000,-3.400000,
3.300000,-3.400000,
3.400000,-3.400000,
3.500000,-3.400000,
-3.500000,-3.300000,
-3.400000,-3.300000,
-3.300000,-3.300000,
-3.200000,-3.300000,
-3.100000,-3.300000,
-3.000000,-3.300000,
-2.900000,-3.300000,
-2.800000,-3.300000,
-2.700000,-3.300000,
-2.600000,-3.300000,
-2.500000,-3.300000,
-2.400000,-3.300000,
-2.300000,-3.300000,
-2.200000,-3.300000,
-2.100000,-3.300000,
-2.000000,-3.300000,
-1.900000,-3.300000,
-1.800000,-3.300000,
-1.700000,-3.300000,
-1.600000,-3.300000,
-1.500000,-3.300000,
-1.400000,-3.300000,
-1.300000,-3.300000,
-1.200000,-3.300000,
-1.100000,-3.300000,
-1.000000,-3.300000,
-0.900000,-3.300000,
-0.800000,-3.300000,
-0.700000,-3.300000,
-0.600000,-3.300000,
-0.500000,-3.300000,
-0.400000,-3.300000,
-0.300000,-3.300000,
-0.200000,-3.300000,
-0.100000,-3.300000,
0.000000,-3.300000,
0.100000,-3.300000,
0.200000,-3.300000,
0.300000,-3.300000,
0.400000,-3.300000,
0.500000,-3.300000,
0.600000,-3.300000,
0.700000,-3.300000,
0.800000,-3.300000,
0.900000,-3.300000,
1.000000,-3.300000,
1.100000,-3.300000,
1.200000,-3.300000,
1.300000,-3.300000,
1.400000,-3.300000,
1.500000,-3.300000,
1.600000,-3.300000,
1.700000,-3.300000,
1.800000,-3.300000,
1.900000,-3.300000,
2.000000,-3.300000,
2.100000,-3.300000,
2.200000,-3.300000,
2.300000,-3.300000,
2.400000,-3.300000,
2.500000,-3.300000,
2.600000,-3.300000,
2.700000,-3.300000,
2.800000,-3.300000,
2.900000,-3.300000,
3.000000,-3.300000,
3.100000,-3.300000,
3.200000,-3.300000,
3.300000,-3.300000,
3.400000,-3.300000,
3.500000,-3.300000,
-3.500000,-3.200000,
-3.400000,-3.200000,
-3.300000,-3.200000,
-3.200000,-3.200000,
-3.100000,-3.200000,
-3.000000,-3.200000,
-2.900000,-3.200000,
-2.800000,-3.200000,
-2.700000,-3.200000,
-2.600000,-3.200000,
-2.500000,-3.200000,
-2.400000,-3.200000,
-2.300000,-3.200000,
-2.200000,-3.200000,
-2.100000,-3.200000,
-2.000000,-3.200000,
-1.900000,-3.200000,
-1.800000,-3.200000,
-1.700000,-3.200000,
-1.600000,-3.200000,
-1.500000,-3.200000,
-1.400000,-3.200000,
-1.300000,-3.200000,
-1.200000,-3.200000,
-1.100000,-3.200000,
-1.000000,-3.200000,
-0.900000,-3.200000,
-0.800000,-3.200000,
-0.700000,-3.200000,
-0.600000,-3.200000,
-0.500000,-3.200000,
-0.400000,-3.200000,
-0.300000,-3.200000,
-0.200000,-3.200000,
-0.100000,-3.200000,
0.000000,-3.200000,
0.100000,-3.200000,
0.200000,-3.200000,
0.300000,-3.200000,
0.400000,-3.200000,
0.500000,-3.200000,
0.600000,-3.200000,
0.700000,-3.200000,
0.800000,-3.200000,
0.900000,-3.200000,
1.000000,-3.200000,
1.100000,-3.200000,
1.200000,-3.200000,
1.300000,-3.200000,
1.400000,-3.200000,
1.500000,-3.200000,
1.600000,-3.200000,
1.700000,-3.200000,
1.800000,-3.200000,
1.900000,-3.200000,
2.000000,-3.200000,
2.100000,-3.200000,
2.200000,-3.200000,
2.300000,-3.200000,
2.400000,-3.200000,
2.500000,-3.200000,
2.600000,-3.200000,
2.700000,-3.200000,
2.800000,-3.200000,
2.900000,-3.200000,
3.000000,-3.200000,
3.100000,-3.200000,
3.200000,-3.200000,
3.300000,-3.200000,
3.400000,-3.200000,
3.500000,-3.200000,
-3.500000,-3.100000,
-3.400000,-3.100000,
-3.300000,-3.100000,
-3.200000,-3.100000,
-3.100000,-3.100000,
-3.000000,-3.100000,
-2.900000,-3.100000,
-2.800000,-3.100000,
-2.700000,-3.100000,
-2.600000,-3.100000,
-2.500000,-3.100000,
-2.400000,-3.100000,
-2.300000,-3.100000,
-2.200000,-3.100000,
-2.100000,-3.100000,
-2.000000,-3.100000,
-1.900000,-3.100000,
-1.800000,-3.100000,
-1.700000,-3.100000,
-1.600000,-3.100000,
-1.500000,-3.100000,
-1.400000,-3.100000,
-1.300000,-3.100000,
-1.200000,-3.100000,
-1.100000,-3.100000,
-1.000000,-3.100000,
-0.900000,-3.100000,
-0.800000,-3.100000,
-0.700000,-3.100000,
-0.600000,-3.100000,
-0.500000,-3.100000,
-0.400000,-3.100000,
-0.300000,-3.100000,
-0.200000,-3.100000,
-0.100000,-3.100000,
0.000000,-3.100000,
0.100000,-3.100000,
0.200000,-3.100000,
0.300000,-3.100000,
0.400000,-3.100000,
0.500000,-3.100000,
0.600000,-3.100000,
0.700000,-3.100000,
0.800000,-3.100000,
0.900000,-3.100000,
1.000000,-3.100000,
1.100000,-3.100000,
1.200000,-3.100000,
1.300000,-3.100000,
1.400000,-3.100000,
1.500000,-3.100000,
1.600000,-3.100000,
1.700000,-3.100000,
1.800000,-3.100000,
1.900000,-3.100000,
2.000000,-3.100000,
2.100000,-3.100000,
2.200000,-3.100000,
2.300000,-3.100000,
2.400000,-3.100000,
2.500000,-3.100000,
2.600000,-3.100000,
2.700000,-3.100000,
2.800000,-3.100000,
2.900000,-3.100000,
3.000000,-3.100000,
3.100000,-3.100000,
3.200000,-3.100000,
3.300000,-3.100000,
3.400000,-3.100000,
3.500000,-3.100000,
-3.500000,-3.000000,
-3.400000,-3.000000,
-3.300000,-3.000000,
-3.200000,-3.000000,
-3.100000,-3.000000,
-3.000000,-3.000000,
-2.900000,-3.000000,
-2.800000,-3.000000,
-2.700000,-3.000000,
-2.600000,-3.000000,
-2.500000,-3.000000,
-2.400000,-3.000000,
-2.300000,-3.000000,
-2.200000,-3.000000,
-2.100000,-3.000000,
-2.000000,-3.000000,
-1.900000,-3.000000,
-1.800000,-3.000000,0.100000
-1.700000,-3.000000,0.600000
-1.600000,-3.000000,0.372613
-1.500000,-3.000000,
-1.400000,-3.000000,
-1.300000,-3.000000,
-1.200000,-3.000000,
-1.100000,-3.000000,
-1.000000,-3.000000,
-0.900000,-3.000000,
-0.800000,-3.000000,
-0.700000,-3.000000,
-0.600000,-3.000000,
-0.500000,-3.000000,
-0.400000,-3.000000,
-0.300000,-3.000000,
-0.200000,-3.000000,
-0.100000,-3.000000,
0.000000,-3.000000,
0.100000,-3.000000,
0.200000,-3.000000,
0.300000,-3.000000,
0.400000,-3.000000,
0.500000,-3.000000,
0.600000,-3.000000,
0.700000,-3.000000,
0.800000,-3.000000,
0.900000,-3.000000,
1.000000,-3.000000,
1.100000,-3.000000,
1.200000,-3.000000,
1.300000,-3.000000,
1.400000,-3.000000,
1.500000,-3.000000,
1.600000,-3.000000,0.372954
1.700000,-3.000000,0.600000
1.800000,-3.000000,0.100000
1.900000,-3.000000,
2.000000,-3.000000,
2.100000,-3.000000,
2.200000,-3.000000,
2.300000,-3.000000,
2.400000,-3.000000,
2.500000,-3.000000,
2.600000,-3.000000,
2.700000,-3.000000,
2.800000,-3.000000,
2.900000,-3.000000,
3.000000,-3.000000,
3.100000,-3.000000,
3.200000,-3.000000,
3.300000,-3.000000,
3.400000,-3.000000,
3.500000,-3.000000,
-3.500000,-2.900000,
-3.400000,-2.900000,
-3.300000,-2.900000,
-3.200000,-2.900000,
-3.100000,-2.900000,
-3.000000,-2.900000,
-2.900000,-2.900000,
-2.800000,-2.900000,
-2.700000,-2.900000,
-2.600000,-2.900000,
-2.500000,-2.900000,
-2.400000,-2.900000,
-2.300000,-2.900000,
-2.200000,-2.900000,
-2.100000,-2.900000,
-2.000000,-2.900000,
-1.900000,-2.900000,0.479583
-1.800000,-2.900000,0.774597
-1.700000,-2.900000,0.795077
-1.600000,-2.900000,0.555432
-1.500000,-2.900000,
-1.400000,-2.900000,
-1.300000,-2.900000,
-1.200000,-2.900000,
-1.100000,-2.900000,
-1.000000,-2.900000,
-0.900000,-2.900000,
-0.800000,-2.900000,
-0.700000,-2.900000,
-0.600000,-2.900000,
-0.500000,-2.900000,
-0.400000,-2.900000,
-0.300000,-2.900000,
-0.200000,-2.900000,
-0.100000,-2.900000,
0.000000,-2.900000,
0.100000,-2.900000,
0.200000,-2.900000,
0.300000,-2.900000,
0.400000,-2.900000,
0.500000,-2.900000,
0.600000,-2.900000,
0.700000,-2.900000,
0.800000,-2.900000,
0.900000,-2.900000,
1.000000,-2.900000,
1.100000,-2.900000,
1.200000,-2.900000,
1.300000,-2.900000,
1.400000,-2.900000,
1.500000,-2.900000,
1.600000,-2.900000,0.555600
1.700000,-2.900000,0.795149
1.800000,-2.900000,0.774597
1.900000,-2.900000,0.479583
2.000000,-2.900000,
2.100000,-2.900000,
2.200000,-2.900000,
2.300000,-2.900000,
2.400000,-2.900000,
2.500000,-2.900000,
2.600000,-2.900000,
2.700000,-2.900000,
2.800000,-2.900000,
2.900000,-2.900000,
3.000000,-2.900000,
3.100000,-2.900000,
3.200000,-2.900000,
3.300000,-2.900000,
3.400000,-2.900000,
3.500000,-2.900000,
-3.500000,-2.800000,
-3.400000,-2.800000,
-3.300000,-2.800000,
-3.200000,-2.800000,
-3.100000,-2.800000,
-3.000000,-2.800000,
-2.900000,-2.800000,
-2.800000,-2.800000,
-2.700000,-2.800000,
-2.600000,-2.800000,
-2.500000,-2.800000,
-2.400000,-2.800000,
-2.300000,-2.800000,
-2.200000,-2.800000,
-2.100000,-2.800000,0.000000
-2.000000,-2.800000,0.640312
-1.900000,-2.800000,0.894427
-1.800000,-2.800000,1.044931
-1.700000,-2.800000,0.886131
-1.600000,-2.800000,0.678524
-1.500000,-2.800000,0.346677
-1.400000,-2.800000,
-1.300000,-2.800000,
-1.200000,-2.800000,
-1.100000,-2.800000,
-1.000000,-2.800000,
-0.900000,-2.800000,
-0.800000,-2.800000,
-0.700000,-2.800000,
-0.600000,-2.800000,
-0.500000,-2.800000,
-0.400000,-2.800000,
-0.300000,-2.800000,
-0.200000,-2.800000,
-0.100000,-2.800000,
0.000000,-2.800000,
0.100000,-2.800000,
0.200000,-2.800000,
0.300000,-2.800000,
0.400000,-2.800000,
0.500000,-2.800000,
0.600000,-2.800000,
0.700000,-2.800000,
0.800000,-2.800000,
0.900000,-2.800000,
1.000000,-2.800000,
1.100000,-2.800000,
1.200000,-2.800000,
1.300000,-2.800000,
1.400000,-2.800000,
1.500000,-2.800000,0.346998
1.600000,-2.800000,0.678619
1.700000,-2.800000,0.886169
1.800000,-2.800000,1.044938
1.900000,-2.800000,0.894427
2.000000,-2.800000,0.640312
2.100000,-2.800000,
2.200000,-2.800000,
2.300000,-2.800000,
2.400000,-2.800000,
2.500000,-2.800000,
2.600000,-2.800000,
2.700000,-2.800000,
2.800000,-2.800000,
2.900000,-2.800000,
3.000000,-2.800000,
3.100000,-2.800000,
3.200000,-2.800000,
3.300000,-2.800000,
3.400000,-2.800000,
3.500000,-2.800000,
-3.500000,-2.700000,
-3.400000,-2.700000,
-3.300000,-2.700000,
-3.200000,-2.700000,
-3.100000,-2.700000,
-3.000000,-2.700000,
-2.900000,-2.700000,
-2.800000,-2.700000,
-2.700000,-2.700000,
-2.600000,-2.700000,
-2.500000,-2.700000,
-2.400000,-2.700000,
-2.300000,-2.700000,
-2.200000,-2.700000,0.346410
-2.100000,-2.700000,0.741620
-2.000000,-2.700000,0.979796
-1.900000,-2.700000,1.161895
-1.800000,-2.700000,1.107263
-1.700000,-2.700000,0.958645
-1.600000,-2.700000,0.770355
-1.500000,-2.700000,0.500914
-1.400000,-2.700000,
-1.300000,-2.700000,
-1.200000,-2.700000,
-1.100000,-2.700000,
-1.000000,-2.700000,
-0.900000,-2.700000,
-0.800000,-2.700000,
-0.700000,-2.700000,
-0.600000,-2.700000,
-0.500000,-2.700000,
-0.400000,-2.700000,
-0.300000,-2.700000,
-0.200000,-2.700000,
-0.100000,-2.700000,
0.000000,-2.700000,
0.100000,-2.700000,
0.200000,-2.700000,
0.300000,-2.700000,
0.400000,-2.700000,
0.500000,-2.700000,
0.600000,-2.700000,
0.700000,-2.700000,
0.800000,-2.700000,
0.900000,-2.700000,
1.000000,-2.700000,
1.100000,-2.700000,
1.200000,-2.700000,
1.300000,-2.700000,
1.400000,-2.700000,
1.500000,-2.700000,0.501075
1.600000,-2.700000,0.770408
1.700000,-2.700000,0.958657
1.800000,-2.700000,1.107252
1.900000,-2.700000,1.161895
2.000000,-2.700000,0.979796
2.100000,-2.700000,0.741620
2.200000,-2.700000,0.346410
2.300000,-2.700000,
2.400000,-2.700000,
2.500000,-2.700000,
2.600000,-2.700000,
2.700000,-2.700000,
2.800000,-2.700000,
2.900000,-2.700000,
3.000000,-2.700000,
3.100000,-2.700000,
3.200000,-2.700000,
3.300000,-2.700000,
3.400000,-2.700000,
3.500000,-2.700000,
-3.500000,-2.600000,
-3.400000,-2.600000,
-3.300000,-2.600000,
-3.200000,-2.600000,
-3.100000,-2.600000,
-3.000000,-2.600000,
-2.900000,-2.600000,
-2.800000,-2.600000,
-2.700000,-2.600000,
-2.600000,-2.600000,
-2.500000,-2.600000,
-2.400000,-2.600000,
-2.300000,-2.600000,0.447214
-2.200000,-2.600000,0.806226
-2.100000,-2.600000,1.039230
-2.000000,-2.600000,1.220656
-1.900000,-2.600000,1.276236
-1.800000,-2.600000,1.157852
-1.700000,-2.600000,1.016523
-1.600000,-2.600000,0.841004
-1.500000,-2.600000,0.602981
-1.400000,-2.600000,0.098937
-1.300000,-2.600000,
-1.200000,-2.600000,
-1.100000,-2.600000,
-1.000000,-2.600000,
-0.900000,-2.600000,
-0.800000,-2.600000,
-0.700000,-2.600000,
-0.600000,-2.600000,
-0.500000,-2.600000,
-0.400000,-2.600000,
-0.300000,-2.600000,
-0.200000,-2.600000,
-0.100000,-2.600000,
0.000000,-2.600000,
0.100000,-2.600000,
0.200000,-2.600000,
0.300000,-2.600000,
0.400000,-2.600000,
0.500000,-2.600000,
0.600000,-2.600000,
0.700000,-2.600000,
0.800000,-2.600000,
0.900000,-2.600000,
1.000000,-2.600000,
1.100000,-2.600000,
1.200000,-2.600000,
1.300000,-2.600000,
1.400000,-2.600000,0.100050
1.500000,-2.600000,0.603074
1.600000,-2.600000,0.841028
1.700000,-2.600000,1.016514
1.800000,-2.600000,1.157824
1.900000,-2.600000,1.276195
2.000000,-2.600000,1.220656
2.100000,-2.600000,1.039230
2.200000,-2.600000,0.806226
2.300000,-2.600000,0.447214
2.400000,-2.600000,
2.500000,-2.600000,
2.600000,-2.600000,
2.700000,-2.600000,
2.800000,-2.600000,
2.900000,-2.600000,
3.000000,-2.600000,
3.100000,-2.600000,
3.200000,-2.600000,
3.300000,-2.600000,
3.400000,-2.600000,
3.500000,-2.600000,
-3.500000,-2.500000,
-3.400000,-2.500000,
-3.300000,-2.500000,
-3.200000,-2.500000,
-3.100000,-2.500000,
-3.000000,-2.500000,
-2.900000,-2.500000,
-2.800000,-2.500000,
-2.700000,-2.500000,
-2.600000,-2.500000,
-2.500000,-2.500000,
-2.400000,-2.500000,0.489898
-2.300000,-2.500000,0.842615
-2.200000,-2.500000,1.077033
-2.100000,-2.500000,1.260952
-2.000000,-2.500000,1.411656
-1.900000,-2.500000,1.312967
-1.800000,-2.500000,1.198162
-1.700000,-2.500000,1.062117
-1.600000,-2.500000,0.895397
-1.500000,-2.500000,0.676261
-1.400000,-2.500000,0.313484
-1.300000,-2.500000,
-1.200000,-2.500000,
-1.100000,-2.500000,
-1.000000,-2.500000,
-0.900000,-2.500000,
-0.800000,-2.500000,
-0.700000,-2.500000,
-0.600000,-2.500000,
-0.500000,-2.500000,
-0.400000,-2.500000,
-0.300000,-2.500000,
-0.200000,-2.500000,
-0.100000,-2.500000,
0.000000,-2.500000,
0.100000,-2.500000,
0.200000,-2.500000,
0.300000,-2.500000,
0.400000,-2.500000,
0.500000,-2.500000,
0.600000,-2.500000,
0.700000,-2.500000,
0.800000,-2.500000,
0.900000,-2.500000,
1.000000,-2.500000,
1.100000,-2.500000,
1.200000,-2.500000,
1.300000,-2.500000,
1.400000,-2.500000,0.313754
1.500000,-2.500000,0.676312
1.600000,-2.500000,0.895397
1.700000,-2.500000,1.062092
1.800000,-2.500000,1.198121
1.900000,-2.500000,1.312914
2.000000,-2.500000,1.411594
2.100000,-2.500000,1.260952
2.200000,-2.500000,1.077033
2.300000,-2.500000,0.842615
2.400000,-2.500000,0.489898
2.500000,-2.500000,
2.600000,-2.500000,
2.700000,-2.500000,
2.800000,-2.500000,
2.900000,-2.500000,
3.000000,-2.500000,
3.100000,-2.500000,
3.200000,-2.500000,
3.300000,-2.500000,
3.400000,-2.500000,
3.500000,-2.500000,
-3.500000,-2.400000,
-3.400000,-2.400000,
-3.300000,-2.400000,
-3.200000,-2.400000,
-3.100000,-2.400000,
-3.000000,-2.400000,
-2.900000,-2.400000,
-2.800000,-2.400000,
-2.700000,-2.400000,
-2.600000,-2.400000,
-2.500000,-2.400000,0.489898
-2.400000,-2.400000,0.854400
-2.300000,-2.400000,1.095445
-2.200000,-2.400000,1.284523
-2.100000,-2.400000,1.442221
-2.000000,-2.400000,1.438144
-1.900000,-2.400000,1.341378
-1.800000,-2.400000,1.229190
-1.700000,-2.400000,1.096936
-1.600000,-2.400000,0.936314
-1.500000,-2.400000,0.729265
-1.400000,-2.400000,0.413544
-1.300000,-2.400000,
-1.200000,-2.400000,
-1.100000,-2.400000,
-1.000000,-2.400000,
-0.900000,-2.400000,
-0.800000,-2.400000,
-0.700000,-2.400000,
-0.600000,-2.400000,
-0.500000,-2.400000,
-0.400000,-2.400000,
-0.300000,-2.400000,
-0.200000,-2.400000,
-0.100000,-2.400000,
0.000000,-2.400000,
0.100000,-2.400000,
0.200000,-2.400000,
0.300000,-2.400000,
0.400000,-2.400000,
0.500000,-2.400000,
0.600000,-2.400000,
0.700000,-2.400000,
0.800000,-2.400000,
0.900000,-2.400000,
1.000000,-2.400000,
1.100000,-2.400000,
1.200000,-2.400000,
1.300000,-2.400000,
1.400000,-2.400000,0.413692
1.500000,-2.400000,0.729287
1.600000,-2.400000,0.936296
1.700000,-2.400000,1.096897
1.800000,-2.400000,1.229137
1.900000,-2.400000,1.341315
2.000000,-2.400000,1.438073
2.100000,-2.400000,1.442221
2.200000,-2.400000,1.284523
2.300000,-2.400000,1.095445
2.400000,-2.400000,0.854400
2.500000,-2.400000,0.489898
2.600000,-2.400000,
2.700000,-2.400000,
2.800000,-2.400000,
2.900000,-2.400000,
3.000000,-2.400000,
3.100000,-2.400000,
3.200000,-2.400000,
3.300000,-2.400000,
3.400000,-2.400000,
3.500000,-2.400000,
-3.500000,-2.300000,
-3.400000,-2.300000,
-3.300000,-2.300000,
-3.200000,-2.300000,
-3.100000,-2.300000,
-3.000000,-2.300000,
-2.900000,-2.300000,
-2.800000,-2.300000,
-2.700000,-2.300000,
-2.600000,-2.300000,0.447214
-2.500000,-2.300000,0.842615
-2.400000,-2.300000,1.095445
-2.300000,-2.300000,1.292285
-2.200000,-2.300000,1.456022
-2.100000,-2.300000,1.540610
-2.000000,-2.300000,1.457399
-1.900000,-2.300000,1.361984
-1.800000,-2.300000,1.251617
-1.700000,-2.300000,1.121966
-1.600000,-2.300000,0.965438
-1.500000,-2.300000,0.766112
-1.400000,-2.300000,0.474572
-1.300000,-2.300000,-2.090129
-1.200000,-2.300000,-2.194446
-1.100000,-2.300000,-2.327612
-1.000000,-2.300000,
-0.900000,-2.300000,
-0.800000,-2.300000,
-0.700000,-2.300000,
-0.600000,-2.300000,
-0.500000,-2.300000,
-0.400000,-2.300000,
-0.300000,-2.300000,
-0.200000,-2.300000,
-0.100000,-2.300000,
0.000000,-2.300000,
0.100000,-2.300000,
0.200000,-2.300000,
0.300000,-2.300000,
0.400000,-2.300000,
0.500000,-2.300000,
0.600000,-2.300000,
0.700000,-2.300000,
0.800000,-2.300000,
0.900000,-2.300000,
1.000000,-2.300000,
1.100000,-2.300000,-2.327731
1.200000,-2.300000,-2.194551
1.300000,-2.300000,-2.090227
1.400000,-2.300000,0.474660
1.500000,-2.300000,0.766111
1.600000,-2.300000,0.965405
1.700000,-2.300000,1.121914
1.800000,-2.300000,1.251553
1.900000,-2.300000,1.361911
2.000000,-2.300000,1.457319
2.100000,-2.300000,1.540524
2.200000,-2.300000,1.456022
2.300000,-2.300000,1.292285
2.400000,-2.300000,1.095445
2.500000,-2.300000,0.842615
2.600000,-2.300000,0.447214
2.700000,-2.300000,
2.800000,-2.300000,
2.900000,-2.300000,
3.000000,-2.300000,
3.100000,-2.300000,
3.200000,-2.300000,
3.300000,-2.300000,
3.400000,-2.300000,
3.500000,-2.300000,
-3.500000,-2.200000,
-3.400000,-2.200000,
-3.300000,-2.200000,
-3.200000,-2.200000,
-3.100000,-2.200000,
-3.000000,-2.200000,
-2.900000,-2.200000,
-2.800000,-2.200000,
-2.700000,-2.200000,0.346410
-2.600000,-2.200000,0.806226
-2.500000,-2.200000,1.077033
-2.400000,-2.200000,1.284523
-2.300000,-2.200000,1.456022
-2.200000,-2.200000,1.603122
-2.100000,-2.200000,1.552262
-2.000000,-2.200000,1.469703
-1.900000,-2.200000,1.375130
-1.800000,-2.200000,1.265893
-1.700000,-2.200000,1.137844
-1.600000,-2.200000,0.983799
-1.500000,-2.200000,0.789017
-1.400000,-2.200000,0.510256
-1.300000,-2.200000,-1.946812
-1.200000,-2.200000,-2.036079
-1.100000,-2.200000,-2.145273
-1.000000,-2.200000,-2.283004
-0.900000,-2.200000,-2.469687
-0.800000,-2.200000,
-0.700000,-2.200000,
-0.600000,-2.200000,
-0.500000,-2.200000,
-0.400000,-2.200000,
-0.300000,-2.200000,
-0.200000,-2.200000,
-0.100000,-2.200000,
0.000000,-2.200000,
0.100000,-2.200000,
0.200000,-2.200000,
0.300000,-2.200000,
0.400000,-2.200000,
0.500000,-2.200000,
0.600000,-2.200000,
0.700000,-2.200000,
0.800000,-2.200000,
0.900000,-2.200000,-2.469819
1.000000,-2.200000,-2.283110
1.100000,-2.200000,-2.145368
1.200000,-2.200000,-2.036167
1.300000,-2.200000,-1.946896
1.400000,-2.200000,0.510306
1.500000,-2.200000,0.788996
1.600000,-2.200000,0.983751
1.700000,-2.200000,1.137780
1.800000,-2.200000,1.265819
1.900000,-2.200000,1.375048
2.000000,-2.200000,1.469614
2.100000,-2.200000,1.552168
2.200000,-2.200000,1.603122
2.300000,-2.200000,1.456022
2.400000,-2.200000,1.284523
2.500000,-2.200000,1.077033
2.600000,-2.200000,0.806226
2.700000,-2.200000,0.346410
2.800000,-2.200000,
2.900000,-2.200000,
3.000000,-2.200000,
3.100000,-2.200000,
3.200000,-2.200000,
3.300000,-2.200000,
3.400000,-2.200000,
3.500000,-2.200000,
-3.500000,-2.100000,
-3.400000,-2.100000,
-3.300000,-2.100000,
-3.200000,-2.100000,
-3.100000,-2.100000,
-3.000000,-2.100000,
-2.900000,-2.100000,
-2.800000,-2.100000,0.000000
-2.700000,-2.100000,0.741620
-2.600000,-2.100000,1.039230
-2.500000,-2.100000,1.260952
-2.400000,-2.100000,1.442221
-2.300000,-2.100000,1.596872
-2.200000,-2.100000,1.629624
-2.100000,-2.100000,1.557496
-2.000000,-2.100000,1.475226
-1.900000,-2.100000,1.381027
-1.800000,-2.100000,1.272289
-1.700000,-2.100000,1.144944
-1.600000,-2.100000,0.991981
-1.500000,-2.100000,0.799151
-1.400000,-2.100000,0.525606
-1.300000,-2.100000,-1.828507
-1.200000,-2.100000,-1.908377
-1.100000,-2.100000,-2.003984
-1.000000,-2.100000,-2.120236
-0.900000,-2.100000,-2.266423
-0.800000,-2.100000,-2.465054
-0.700000,-2.100000,-2.619644
-0.600000,-2.100000,-2.657282
-0.500000,-2.100000,-2.703818
-0.400000,-2.100000,-2.760270
-0.300000,-2.100000,
-0.200000,-2.100000,
-0.100000,-2.100000,
0.000000,-2.100000,
0.100000,-2.100000,
0.200000,-2.100000,
0.300000,-2.100000,
0.400000,-2.100000,-2.760315
0.500000,-2.100000,-2.703863
0.600000,-2.100000,-2.657327
0.700000,-2.100000,-2.619690
0.800000,-2.100000,-2.465174
0.900000,-2.100000,-2.266520
1.000000,-2.100000,-2.120323
1.100000,-2.100000,-2.004065
1.200000,-2.100000,-1.908455
1.300000,-2.100000,-1.828582
1.400000,-2.100000,0.525629
1.500000,-2.100000,0.799114
1.600000,-2.100000,0.991921
1.700000,-2.100000,1.144869
1.800000,-2.100000,1.272205
1.900000,-2.100000,1.380936
2.000000,-2.100000,1.475129
2.100000,-2.100000,1.557394
2.200000,-2.100000,1.629517
2.300000,-2.100000,1.596872
2.400000,-2.100000,1.442221
2.500000,-2.100000,1.260952
2.600000,-2.100000,1.039230
2.700000,-2.100000,0.741620
2.800000,-2.100000,
2.900000,-2.100000,
3.000000,-2.100000,
3.100000,-2.100000,
3.200000,-2.100000,
3.300000,-2.100000,
3.400000,-2.100000,
3.500000,-2.100000,
-3.500000,-2.000000,
-3.400000,-2.000000,
-3.300000,-2.000000,
-3.200000,-2.000000,
-3.100000,-2.000000,
-3.000000,-2.000000,
-2.900000,-2.000000,
-2.800000,-2.000000,0.640312
-2.700000,-2.000000,0.979796
-2.600000,-2.000000,1.220656
-2.500000,-2.000000,1.414214
-2.400000,-2.000000,1.577973
-2.300000,-2.000000,1.691861
-2.200000,-2.000000,1.628553
-2.100000,-2.000000,1.556377
-2.000000,-2.000000,1.474045
-1.900000,-2.000000,1.379766
-1.800000,-2.000000,1.270922
-1.700000,-2.000000,1.143427
-1.600000,-2.000000,0.990234
-1.500000,-2.000000,0.796991
-1.400000,-2.000000,0.522355
-1.300000,-2.000000,-1.319232
-1.200000,-2.000000,-1.801794
-1.100000,-2.000000,-1.888493
-1.000000,-2.000000,-1.991820
-0.900000,-2.000000,-2.117362
-0.800000,-2.000000,-2.276035
-0.700000,-2.000000,-2.496258
-0.600000,-2.000000,-2.560769
-0.500000,-2.000000,-2.604043
-0.400000,-2.000000,-2.656240
-0.300000,-2.000000,-2.718466
-0.200000,-2.000000,-2.792293
-0.100000,-2.000000,
0.000000,-2.000000,
0.100000,-2.000000,
0.200000,-2.000000,-2.792332
0.300000,-2.000000,-2.718506
0.400000,-2.000000,-2.656280
0.500000,-2.000000,-2.604084
0.600000,-2.000000,-2.560810
0.700000,-2.000000,-2.496374
0.800000,-2.000000,-2.276126
0.900000,-2.000000,-2.117443
1.000000,-2.000000,-1.991895
1.100000,-2.000000,-1.888565
1.200000,-2.000000,-1.801863
1.300000,-2.000000,-1.319076
1.400000,-2.000000,0.522356
1.500000,-2.000000,0.796939
1.600000,-2.000000,0.990162
1.700000,-2.000000,1.143342
1.800000,-2.000000,1.270828
1.900000,-2.000000,1.379666
2.000000,-2.000000,1.473940
2.100000,-2.000000,1.556267
2.200000,-2.000000,1.628439
2.300000,-2.000000,1.691744
2.400000,-2.000000,1.577973
2.500000,-2.000000,1.414214
2.600000,-2.000000,1.220656
2.700000,-2.000000,0.979796
2.800000,-2.000000,0.640312
2.900000,-2.000000,
3.000000,-2.000000,
3.100000,-2.000000,
3.200000,-2.000000,
3.300000,-2.000000,
3.400000,-2.000000,
3.500000,-2.000000,
-3.500000,-1.900000,
-3.400000,-1.900000,
-3.300000,-1.900000,
-3.200000,-1.900000,
-3.100000,-1.900000,
-3.000000,-1.900000,
-2.900000,-1.900000,0.479583
-2.800000,-1.900000,0.894427
-2.700000,-1.900000,1.161895
-2.600000,-1.900000,1.371131
-2.500000,-1.900000,1.545962
-2.400000,-1.900000,1.697056
-2.300000,-1.900000,1.684969
-2.200000,-1.900000,1.621396
-2.100000,-1.900000,1.548890
-2.000000,-1.900000,1.466143
-1.900000,-1.900000,1.371328
-1.800000,-1.900000,1.261767
-1.700000,-1.900000,1.133259
-1.600000,-1.900000,0.978505
-1.500000,-1.900000,0.782437
-1.400000,-1.900000,0.500154
-1.300000,-1.900000,-0.729225
-1.200000,-1.900000,-0.855226
-1.100000,-1.900000,-1.058499
-1.000000,-1.900000,-1.886197
-0.900000,-1.900000,-1.998886
-0.800000,-1.900000,-2.136437
-0.700000,-1.900000,-2.312882
-0.600000,-1.900000,-2.477034
-0.500000,-1.900000,-2.517831
-0.400000,-1.900000,-2.566846
-0.300000,-1.900000,-2.624967
-0.200000,-1.900000,-2.693427
-0.100000,-1.900000,-2.773982
0.000000,-1.900000,-2.869253
0.100000,-1.900000,-2.774016
0.200000,-1.900000,-2.693462
0.300000,-1.900000,-2.625003
0.400000,-1.900000,-2.566882
0.500000,-1.900000,-2.517868
0.600000,-1.900000,-2.477071
0.700000,-1.900000,-2.312968
0.800000,-1.900000,-2.136513
0.900000,-1.900000,-1.998956
1.000000,-1.900000,-1.886264
1.100000,-1.900000,-1.058482
1.200000,-1.900000,-0.855217
1.300000,-1.900000,-0.729218
1.400000,-1.900000,0.500137
1.500000,-1.900000,0.782373
1.600000,-1.900000,0.978422
1.700000,-1.900000,1.133164
1.800000,-1.900000,1.261664
1.900000,-1.900000,1.371220
2.000000,-1.900000,1.466030
2.100000,-1.900000,1.548772
2.200000,-1.900000,1.621275
2.300000,-1.900000,1.684845
2.400000,-1.900000,1.697056
2.500000,-1.900000,1.545962
2.600000,-1.900000,1.371131
2.700000,-1.900000,1.161895
2.800000,-1.900000,0.894427
2.900000,-1.900000,0.479583
3.000000,-1.900000,
3.100000,-1.900000,
3.200000,-1.900000,
3.300000,-1.900000,
3.400000,-1.900000,
3.500000,-1.900000,
-3.500000,-1.800000,
-3.400000,-1.800000,
-3.300000,-1.800000,
-3.200000,-1.800000,
-3.100000,-1.800000,
-3.000000,-1.800000,0.100000
-2.900000,-1.800000,0.774597
-2.800000,-1.800000,1.081665
-2.700000,-1.800000,1.311488
-2.600000,-1.800000,1.500000
-2.500000,-1.800000,1.661325
-2.400000,-1.800000,1.728164
-2.300000,-1.800000,1.672146
-2.200000,-1.800000,1.608071
-2.100000,-1.800000,1.534943
-2.000000,-1.800000,1.451412
-1.900000,-1.800000,1.355581
-1.800000,-1.800000,1.244654
-1.700000,-1.800000,1.114207
-1.600000,-1.800000,0.956434
-1.500000,-1.800000,0.754791
-1.400000,-1.800000,0.456351
-1.300000,-1.800000,-0.482231
-1.200000,-1.800000,-0.567645
-1.100000,-1.800000,-0.678158
-1.000000,-1.800000,-0.829374
-0.900000,-1.800000,-1.082246
-0.800000,-1.800000,-2.025586
-0.700000,-1.800000,-2.178925
-0.600000,-1.800000,-2.381541
-0.500000,-1.800000,-2.442902
-0.400000,-1.800000,-2.489455
-0.300000,-1.800000,-2.544445
-0.200000,-1.800000,-2.608885
-0.100000,-1.800000,-2.684182
0.000000,-1.800000,-2.772362
0.100000,-1.800000,-2.684213
0.200000,-1.800000,-2.608916
0.300000,-1.800000,-2.544477
0.400000,-1.800000,-2.489488
0.500000,-1.800000,-2.442936
0.600000,-1.800000,-2.381625
0.700000,-1.800000,-2.178997
0.800000,-1.800000,-2.025651
0.900000,-1.800000,-1.082229
1.000000,-1.800000,-0.829366
1.100000,-1.800000,-0.678152
1.200000,-1.800000,-0.567640
1.300000,-1.800000,-0.482227
1.400000,-1.800000,0.456321
1.500000,-1.800000,0.754713
1.600000,-1.800000,0.956339
1.700000,-1.800000,1.114102
1.800000,-1.800000,1.244543
1.900000,-1.800000,1.355464
2.000000,-1.800000,1.451290
2.100000,-1.800000,1.534818
2.200000,-1.800000,1.607943
2.300000,-1.800000,1.672014
2.400000,-1.800000,1.728030
2.500000,-1.800000,1.661325
2.600000,-1.800000,1.500000
2.700000,-1.800000,1.311488
2.800000,-1.800000,1.081665
2.900000,-1.800000,0.774597
3.000000,-1.800000,0.100000
3.100000,-1.800000,
3.200000,-1.800000,
3.300000,-1.800000,
3.400000,-1.800000,
3.500000,-1.800000,
-3.500000,-1.700000,
-3.400000,-1.700000,
-3.300000,-1.700000,
-3.200000,-1.700000,
-3.100000,-1.700000,
-3.000000,-1.700000,0.600000
-2.900000,-1.700000,0.974679
-2.800000,-1.700000,1.232883
-2.700000,-1.700000,1.438749
-2.600000,-1.700000,1.612452
-2.500000,-1.700000,1.759101
-2.400000,-1.700000,1.709884
-2.300000,-1.700000,1.653253
-2.200000,-1.700000,1.588426
-2.100000,-1.700000,1.514361
-2.000000,-1.700000,1.429643
-1.900000,-1.700000,1.332268
-1.800000,-1.700000,1.219255
-1.700000,-1.700000,1.085811
-1.600000,-1.700000,0.923294
-1.500000,-1.700000,0.712568
-1.400000,-1.700000,0.383958
-1.300000,-1.700000,-0.300570
-1.200000,-1.700000,-0.370098
-1.100000,-1.700000,-0.455982
-1.000000,-1.700000,-0.563530
-0.900000,-1.700000,-0.703389
-0.800000,-1.700000,-0.904737
-0.700000,-1.700000,-2.073549
-0.600000,-1.700000,-2.248602
-0.500000,-1.700000,-2.377675
-0.400000,-1.700000,-2.422280
-0.300000,-1.700000,-2.474817
-0.200000,-1.700000,-2.536152
-0.100000,-1.700000,-2.607460
0.000000,-1.700000,-2.690392
0.100000,-1.700000,-2.607487
0.200000,-1.700000,-2.536180
0.300000,-1.700000,-2.474846
0.400000,-1.700000,-2.422310
0.500000,-1.700000,-2.377706
0.600000,-1.700000,-2.248670
0.700000,-1.700000,-2.073611
0.800000,-1.700000,-0.904728
0.900000,-1.700000,-0.703383
1.000000,-1.700000,-0.563526
1.100000,-1.700000,-0.455978
1.200000,-1.700000,-0.370094
1.300000,-1.700000,-0.300567
1.400000,-1.700000,0.383917
1.500000,-1.700000,0.712477
1.600000,-1.700000,0.923188
1.700000,-1.700000,1.085696
1.800000,-1.700000,1.219134
1.900000,-1.700000,1.332143
2.000000,-1.700000,1.429513
2.100000,-1.700000,1.514228
2.200000,-1.700000,1.588290
2.300000,-1.700000,1.653115
2.400000,-1.700000,1.709743
2.500000,-1.700000,1.758957
2.600000,-1.700000,1.612452
2.700000,-1.700000,1.438749
2.800000,-1.700000,1.232883
2.900000,-1.700000,0.974679
3.000000,-1.700000,0.600000
3.100000,-1.700000,
3.200000,-1.700000,
3.300000,-1.700000,
3.400000,-1.700000,
3.500000,-1.700000,
-3.500000,-1.600000,
-3.400000,-1.600000,
-3.300000,-1.600000,
-3.200000,-1.600000,
-3.100000,-1.600000,0.282843
-3.000000,-1.600000,0.830662
-2.900000,-1.600000,1.131371
-2.800000,-1.600000,1.360147
-2.700000,-1.600000,1.549193
-2.600000,-1.600000,1.711724
-2.500000,-1.600000,1.735450
-2.400000,-1.600000,1.685551
-2.300000,-1.600000,1.628084
-2.200000,-1.600000,1.562224
-2.100000,-1.600000,1.486871
-2.000000,-1.600000,1.400512
-1.900000,-1.600000,1.300990
-1.800000,-1.600000,1.185043
-1.700000,-1.600000,1.047326
-1.600000,-1.600000,0.877859
-1.500000,-1.600000,0.653026
-1.400000,-1.600000,0.261631
-1.300000,-1.600000,-0.154208
-1.200000,-1.600000,-0.214774
-1.100000,-1.600000,-0.288077
-1.000000,-1.600000,-0.376980
-0.900000,-1.600000,-0.486258
-0.800000,-1.600000,-0.625010
-0.700000,-1.600000,-0.815526
-0.600000,-1.600000,-1.184464
-0.500000,-1.600000,-2.321007
-0.400000,-1.600000,-2.364049
-0.300000,-1.600000,-2.414633
-0.200000,-1.600000,-2.473519
-0.100000,-1.600000,-2.541723
0.000000,-1.600000,-2.620646
0.100000,-1.600000,-2.541748
0.200000,-1.600000,-2.473544
0.300000,-1.600000,-2.414660
0.400000,-1.600000,-2.364076
0.500000,-1.600000,-2.321035
0.600000,-1.600000,-1.184439
0.700000,-1.600000,-0.815519
0.800000,-1.600000,-0.625005
0.900000,-1.600000,-0.486254
1.000000,-1.600000,-0.376977
1.100000,-1.600000,-0.288075
1.200000,-1.600000,-0.214771
1.300000,-1.600000,-0.154206
1.400000,-1.600000,0.261589
1.500000,-1.600000,0.652921
1.600000,-1.600000,0.877741
1.700000,-1.600000,1.047200
1.800000,-1.600000,1.184913
1.900000,-1.600000,1.300856
2.000000,-1.600000,1.400375
2.100000,-1.600000,1.486730
2.200000,-1.600000,1.562080
2.300000,-1.600000,1.627938
2.400000,-1.600000,1.685403
2.500000,-1.600000,1.735300
2.600000,-1.600000,1.711724
2.700000,-1.600000,1.549193
2.800000,-1.600000,1.360147
2.900000,-1.600000,1.131371
3.000000,-1.600000,0.830662
3.100000,-1.600000,0.282843
3.200000,-1.600000,
3.300000,-1.600000,
3.400000,-1.600000,
3.500000,-1.600000,
-3.500000,-1.500000,
-3.400000,-1.500000,
-3.300000,-1.500000,
-3.200000,-1.500000,
-3.100000,-1.500000,0.624500
-3.000000,-1.500000,1.000000
-2.900000,-1.500000,1.260952
-2.800000,-1.500000,1.469694
-2.700000,-1.500000,1.646208
-2.600000,-1.500000,1.749373
-2.500000,-1.500000,1.705687
-2.400000,-1.500000,1.654900
-2.300000,-1.500000,1.596343
-2.200000,-1.500000,1.529133
-2.100000,-1.500000,1.452085
-2.000000,-1.500000,1.363555
-1.900000,-1.500000,1.261162
-1.800000,-1.500000,1.141241
-1.700000,-1.500000,0.997604
-1.600000,-1.500000,0.818127
-1.500000,-1.500000,0.570939
-1.400000,-1.500000,0.013847
-1.300000,-1.500000,-0.031381
-1.200000,-1.500000,-0.086070
-1.100000,-1.500000,-0.151506
-1.000000,-1.500000,-0.229566
-0.900000,-1.500000,-0.323109
-0.800000,-1.500000,-0.436857
-0.700000,-1.500000,-0.579656
-0.600000,-1.500000,-0.772503
-0.500000,-1.500000,-1.115486
-0.400000,-1.500000,-2.313824
-0.300000,-1.500000,-2.362839
-0.200000,-1.500000,-2.419772
-0.100000,-1.500000,-2.485525
0.000000,-1.500000,-2.552092
0.100000,-1.500000,-2.485547
0.200000,-1.500000,-2.419794
0.300000,-1.500000,-2.362863
0.400000,-1.500000,-2.313849
0.500000,-1.500000,-1.115470
0.600000,-1.500000,-0.772498
0.700000,-1.500000,-0.579652
0.800000,-1.500000,-0.436854
0.900000,-1.500000,-0.323106
1.000000,-1.500000,-0.229563
1.100000,-1.500000,-0.151504
1.200000,-1.500000,-0.086068
1.300000,-1.500000,-0.031380
1.400000,-1.500000,0.013849
1.500000,-1.500000,0.570818
1.600000,-1.500000,0.817996
1.700000,-1.500000,0.997468
1.800000,-1.500000,1.141100
1.900000,-1.500000,1.261019
2.000000,-1.500000,1.363409
2.100000,-1.500000,1.451936
2.200000,-1.500000,1.528982
2.300000,-1.500000,1.596189
2.400000,-1.500000,1.654745
2.500000,-1.500000,1.705529
2.600000,-1.500000,1.749214
2.700000,-1.500000,1.646208
2.800000,-1.500000,1.469694
2.900000,-1.500000,1.260952
3.000000,-1.500000,1.000000
3.100000,-1.500000,0.624500
3.200000,-1.500000,
3.300000,-1.500000,
3.400000,-1.500000,
3.500000,-1.500000,
-3.500000,-1.400000,
-3.400000,-1.400000,
-3.300000,-1.400000,
-3.200000,-1.400000,0.223607
-3.100000,-1.400000,0.824621
-3.000000,-1.400000,1.135782
-2.900000,-1.400000,1.371131
-2.800000,-1.400000,1.565248
-2.700000,-1.400000,1.732051
-2.600000,-1.400000,1.714086
-2.500000,-1.400000,1.669487
-2.400000,-1.400000,1.617577
-2.300000,-1.400000,1.557634
-2.200000,-1.400000,1.488699
-2.100000,-1.400000,1.409472
-2.000000,-1.400000,1.318122
-1.900000,-1.400000,1.211955
-1.800000,-1.400000,1.086708
-1.700000,-1.400000,0.934891
-1.600000,-1.400000,0.740733
-1.500000,-1.400000,0.454720
-1.400000,-1.400000,0.115985
-1.300000,-1.400000,0.073994
-1.200000,-1.400000,0.023493
-1.100000,-1.400000,-0.036494
-1.000000,-1.400000,-0.107335
-0.900000,-1.400000,-0.191011
-0.800000,-1.400000,-0.290545
-0.700000,-1.400000,-0.410941
-0.600000,-1.400000,-0.561643
-0.500000,-1.400000,-0.765463
-0.400000,-1.400000,-1.141457
-0.300000,-1.400000,-2.318651
-0.200000,-1.400000,-2.374019
-0.100000,-1.400000,-2.431082
0.000000,-1.400000,-2.426806
0.100000,-1.400000,-2.431085
0.200000,-1.400000,-2.374039
0.300000,-1.400000,-2.318673
0.400000,-1.400000,-1.141440
0.500000,-1.400000,-0.765458
0.600000,-1.400000,-0.561640
0.700000,-1.400000,-0.410938
0.800000,-1.400000,-0.290543
0.900000,-1.400000,-0.191009
1.000000,-1.400000,-0.107333
1.100000,-1.400000,-0.036492
1.200000,-1.400000,0.023494
1.300000,-1.400000,0.073995
1.400000,-1.400000,0.115987
1.500000,-1.400000,0.454578
1.600000,-1.400000,0.740587
1.700000,-1.400000,0.934742
1.800000,-1.400000,1.086556
1.900000,-1.400000,1.211801
2.000000,-1.400000,1.317967
2.100000,-1.400000,1.409314
2.200000,-1.400000,1.488539
2.300000,-1.400000,1.557472
2.400000,-1.400000,1.617414
2.500000,-1.400000,1.669322
2.600000,-1.400000,1.713919
2.700000,-1.400000,1.732051
2.800000,-1.400000,1.565248
2.900000,-1.400000,1.371131
3.000000,-1.400000,1.135782
3.100000,-1.400000,0.824621
3.200000,-1.400000,0.223607
3.300000,-1.400000,
3.400000,-1.400000,
3.500000,-1.400000,
-3.500000,-1.300000,
-3.400000,-1.300000,
-3.300000,-1.300000,
-3.200000,-1.300000,0.565685
-3.100000,-1.300000,0.974679
-3.000000,-1.300000,1.249000
-2.900000,-1.300000,1.466288
-2.800000,-1.300000,1.649242
-2.700000,-1.300000,1.710920
-2.600000,-1.300000,1.672162
-2.500000,-1.300000,1.626427
-2.400000,-1.300000,1.573113
-2.300000,-1.300000,1.511428
-2.200000,-1.300000,1.440312
-2.100000,-1.300000,1.358303
-2.000000,-1.300000,1.263313
-1.900000,-1.300000,1.152186
-1.800000,-1.300000,1.019754
-1.700000,-1.300000,0.856397
-1.600000,-1.300000,0.639475
-1.500000,-1.300000,0.265143
-1.400000,-1.300000,0.205079
-1.300000,-1.300000,0.165550
-1.200000,-1.300000,0.118192
-1.100000,-1.300000,0.062220
-1.000000,-1.300000,-0.003437
-0.900000,-1.300000,-0.080273
-0.800000,-1.300000,-0.170463
-0.700000,-1.300000,-0.277355
-0.600000,-1.300000,-0.406581
-0.500000,-1.300000,-0.569088
-0.400000,-1.300000,-0.793051
-0.300000,-1.300000,-2.281476
-0.200000,-1.300000,-2.335593
-0.100000,-1.300000,-2.325421
0.000000,-1.300000,-2.321498
0.100000,-1.300000,-2.325423
0.200000,-1.300000,-2.335611
0.300000,-1.300000,-2.281496
0.400000,-1.300000,-0.793046
0.500000,-1.300000,-0.569084
0.600000,-1.300000,-0.406579
0.700000,-1.300000,-0.277353
0.800000,-1.300000,-0.170461
0.900000,-1.300000,-0.080271
1.000000,-1.300000,-0.003435
1.100000,-1.300000,0.062221
1.200000,-1.300000,0.118193
1.300000,-1.300000,0.165551
1.400000,-1.300000,0.205080
1.500000,-1.300000,0.264956
1.600000,-1.300000,0.639309
1.700000,-1.300000,0.856233
1.800000,-1.300000,1.019590
1.900000,-1.300000,1.152021
2.000000,-1.300000,1.263147
2.100000,-1.300000,1.358136
2.200000,-1.300000,1.440143
2.300000,-1.300000,1.511258
2.400000,-1.300000,1.572941
2.500000,-1.300000,1.626253
2.600000,-1.300000,1.671987
2.700000,-1.300000,1.710743
2.800000,-1.300000,1.649242
2.900000,-1.300000,1.466288
3.000000,-1.300000,1.249000
3.100000,-1.300000,0.974679
3.200000,-1.300000,0.565685
3.300000,-1.300000,
3.400000,-1.300000,
3.500000,-1.300000,
-3.500000,-1.200000,
-3.400000,-1.200000,
-3.300000,-1.200000,
-3.200000,-1.200000,0.754983
-3.100000,-1.200000,1.095445
-3.000000,-1.200000,1.345362
-2.900000,-1.200000,1.549193
-2.800000,-1.200000,1.696123
-2.700000,-1.200000,1.662980
-2.600000,-1.200000,1.623091
-2.500000,-1.200000,1.575949
-2.400000,-1.200000,1.520888
-2.300000,-1.200000,1.457022
-2.200000,-1.200000,1.383148
-2.100000,-1.200000,1.297582
-2.000000,-1.200000,1.197860
-1.900000,-1.200000,1.080133
-1.800000,-1.200000,0.937775
-1.700000,-1.200000,0.757348
-1.600000,-1.200000,0.500571
-1.500000,-1.200000,0.314029
-1.400000,-1.200000,0.283257
-1.300000,-1.200000,0.245661
-1.200000,-1.200000,0.200744
-1.100000,-1.200000,0.147850
-1.000000,-1.200000,0.086101
-0.900000,-1.200000,0.014299
-0.800000,-1.200000,-0.069238
-0.700000,-1.200000,-0.166986
-0.600000,-1.200000,-0.282823
-0.500000,-1.200000,-0.423476
-0.400000,-1.200000,-0.602745
-0.300000,-1.200000,-0.861039
-0.200000,-1.200000,-2.246257
-0.100000,-1.200000,-2.235205
0.000000,-1.200000,-2.231541
0.100000,-1.200000,-2.235207
0.200000,-1.200000,-2.246262
0.300000,-1.200000,-0.861034
0.400000,-1.200000,-0.602742
0.500000,-1.200000,-0.423474
0.600000,-1.200000,-0.282821
0.700000,-1.200000,-0.166984
0.800000,-1.200000,-0.069237
0.900000,-1.200000,0.014300
1.000000,-1.200000,0.086102
1.100000,-1.200000,0.147850
1.200000,-1.200000,0.200744
1.300000,-1.200000,0.245661
1.400000,-1.200000,0.283258
1.500000,-1.200000,0.314029
1.600000,-1.200000,0.500375
1.700000,-1.200000,0.757165
1.800000,-1.200000,0.937596
1.900000,-1.200000,1.079955
2.000000,-1.200000,1.197682
2.100000,-1.200000,1.297405
2.200000,-1.200000,1.382970
2.300000,-1.200000,1.456843
2.400000,-1.200000,1.520707
2.500000,-1.200000,1.575767
2.600000,-1.200000,1.622908
2.700000,-1.200000,1.662796
2.800000,-1.200000,1.695937
2.900000,-1.200000,1.549193
3.000000,-1.200000,1.345362
3.100000,-1.200000,1.095445
3.200000,-1.200000,0.754983
3.300000,-1.200000,
3.400000,-1.200000,
3.500000,-1.200000,
-3.500000,-1.100000,
-3.400000,-1.100000,
-3.300000,-1.100000,0.387298
-3.200000,-1.100000,0.894427
-3.100000,-1.100000,1.195826
-3.000000,-1.100000,1.428286
-2.900000,-1.100000,1.621727
-2.800000,-1.100000,1.641746
-2.700000,-1.100000,1.607495
-2.600000,-1.100000,1.566210
-2.500000,-1.100000,1.517323
-2.400000,-1.100000,1.460081
-2.300000,-1.100000,1.393467
-2.200000,-1.100000,1.316081
-2.100000,-1.100000,1.225912
-2.000000,-1.100000,1.119929
-1.900000,-1.100000,0.993175
-1.800000,-1.100000,0.836461
-1.700000,-1.100000,0.628371
-1.600000,-1.100000,0.404960
-1.500000,-1.100000,0.381575
-1.400000,-1.100000,0.352022
-1.300000,-1.100000,0.315974
-1.200000,-1.100000,0.272998
-1.100000,-1.100000,0.222529
-1.000000,-1.100000,0.163820
-0.900000,-1.100000,0.095870
-0.800000,-1.100000,0.017308
-0.700000,-1.100000,-0.073818
-0.600000,-1.100000,-0.180428
-0.500000,-1.100000,-0.307241
-0.400000,-1.100000,-0.462833
-0.300000,-1.100000,-0.666450
-0.200000,-1.100000,-0.991440
-0.100000,-1.100000,-2.157529
0.000000,-1.100000,-2.154063
0.100000,-1.100000,-2.157531
0.200000,-1.100000,-0.991433
0.300000,-1.100000,-0.666447
0.400000,-1.100000,-0.462831
0.500000,-1.100000,-0.307240
0.600000,-1.100000,-0.180427
0.700000,-1.100000,-0.073817
0.800000,-1.100000,0.017309
0.900000,-1.100000,0.095871
1.000000,-1.100000,0.163820
1.100000,-1.100000,0.222529
1.200000,-1.100000,0.272998
1.300000,-1.100000,0.315974
1.400000,-1.100000,0.352022
1.500000,-1.100000,0.381575
1.600000,-1.100000,0.404960
1.700000,-1.100000,0.628161
1.800000,-1.100000,0.836263
1.900000,-1.100000,0.992982
2.000000,-1.100000,1.119739
2.100000,-1.100000,1.225722
2.200000,-1.100000,1.315891
2.300000,-1.100000,1.393278
2.400000,-1.100000,1.459890
2.500000,-1.100000,1.517132
2.600000,-1.100000,1.566018
2.700000,-1.100000,1.607302
2.800000,-1.100000,1.641551
2.900000,-1.100000,1.621727
3.000000,-1.100000,1.428286
3.100000,-1.100000,1.195826
3.200000,-1.100000,0.894427
3.300000,-1.100000,0.387298
3.400000,-1.100000,
3.500000,-1.100000,
-3.500000,-1.000000,
-3.400000,-1.000000,
-3.300000,-1.000000,0.600000
-3.200000,-1.000000,1.004988
-3.100000,-1.000000,1.280625
-3.000000,-1.000000,1.500000
-2.900000,-1.000000,1.607988
-2.800000,-1.000000,1.579281
-2.700000,-1.000000,1.543661
-2.600000,-1.000000,1.500642
-2.500000,-1.000000,1.449574
-2.400000,-1.000000,1.389580
-2.300000,-1.000000,1.319462
-2.200000,-1.000000,1.237524
-2.100000,-1.000000,1.141264
-2.000000,-1.000000,1.026735
-1.900000,-1.000000,0.887029
-1.800000,-1.000000,0.707765
-1.700000,-1.000000,0.480552
-1.600000,-1.000000,0.463651
-1.500000,-1.000000,0.441030
-1.400000,-1.000000,0.412472
-1.300000,-1.000000,0.377682
-1.200000,-1.000000,0.336275
-1.100000,-1.000000,0.287751
-1.000000,-1.000000,0.231458
-0.900000,-1.000000,0.166533
-0.800000,-1.000000,0.091814
-0.700000,-1.000000,0.005688
-0.600000,-1.000000,-0.094181
-0.500000,-1.000000,-0.211387
-0.400000,-1.000000,-0.351994
-0.300000,-1.000000,-0.527851
-0.200000,-1.000000,-0.769941
-0.100000,-1.000000,-2.090453
0.000000,-1.000000,-2.087141
0.100000,-1.000000,-2.090456
0.200000,-1.000000,-0.769938
0.300000,-1.000000,-0.527849
0.400000,-1.000000,-0.351992
0.500000,-1.000000,-0.211386
0.600000,-1.000000,-0.094180
0.700000,-1.000000,0.005688
0.800000,-1.000000,0.091814
0.900000,-1.000000,0.166533
1.000000,-1.000000,0.231458
1.100000,-1.000000,0.287752
1.200000,-1.000000,0.336275
1.300000,-1.000000,0.377682
1.400000,-1.000000,0.412472
1.500000,-1.000000,0.441030
1.600000,-1.000000,0.463651
1.700000,-1.000000,0.480552
1.800000,-1.000000,0.707539
1.900000,-1.000000,0.886816
2.000000,-1.000000,1.026528
2.100000,-1.000000,1.141060
2.200000,-1.000000,1.237321
2.300000,-1.000000,1.319260
2.400000,-1.000000,1.389378
2.500000,-1.000000,1.449372
2.600000,-1.000000,1.500439
2.700000,-1.000000,1.543457
2.800000,-1.000000,1.579076
2.900000,-1.000000,1.607781
3.000000,-1.000000,1.500000
3.100000,-1.000000,1.280625
3.200000,-1.000000,1.004988
3.300000,-1.000000,0.600000
3.400000,-1.000000,
3.500000,-1.000000,
-3.500000,-0.900000,
-3.400000,-0.900000,
-3.300000,-0.900000,0.741620
-3.200000,-0.900000,1.095445
-3.100000,-0.900000,1.352775
-3.000000,-0.900000,1.560902
-2.900000,-0.900000,1.537762
-2.800000,-0.900000,1.507735
-2.700000,-0.900000,1.470405
-2.600000,-0.900000,1.425205
-2.500000,-0.900000,1.371367
-2.400000,-0.900000,1.307841
-2.300000,-0.900000,1.233152
-2.200000,-0.900000,1.145153
-2.100000,-0.900000,1.040532
-2.000000,-0.900000,0.913709
-1.900000,-0.900000,0.762641
-1.800000,-0.900000,0.631103
-1.700000,-0.900000,0.531605
-1.600000,-0.900000,0.515165
-1.500000,-0.900000,0.493176
-1.400000,-0.900000,0.465436
-1.300000,-0.900000,0.431677
-1.200000,-0.900000,0.391551
-1.100000,-0.900000,0.344607
-1.000000,-0.900000,0.290260
-0.900000,-0.900000,0.227749
-0.800000,-0.900000,0.156061
-0.700000,-0.900000,0.073813
-0.600000,-0.900000,-0.020944
-0.500000,-0.900000,-0.131116
-0.400000,-0.900000,-0.261350
-0.300000,-0.900000,-0.419996
-0.200000,-0.900000,-0.625362
-0.100000,-0.900000,-0.942145
0.000000,-0.900000,-2.029424
0.100000,-0.900000,-0.942140
0.200000,-0.900000,-0.625360
0.300000,-0.900000,-0.419994
0.400000,-0.900000,-0.261349
0.500000,-0.900000,-0.131115
0.600000,-0.900000,-0.020944
0.700000,-0.900000,0.073814
0.800000,-0.900000,0.156061
0.900000,-0.900000,0.227749
1.000000,-0.900000,0.290260
1.100000,-0.900000,0.344607
1.200000,-0.900000,0.391551
1.300000,-0.900000,0.431677
1.400000,-0.900000,0.465435
1.500000,-0.900000,0.493176
1.600000,-0.900000,0.515165
1.700000,-0.900000,0.531605
1.800000,-0.900000,0.631094
1.900000,-0.900000,0.762627
2.000000,-0.900000,0.913481
2.100000,-0.900000,1.040310
2.200000,-0.900000,1.144935
2.300000,-0.900000,1.232936
2.400000,-0.900000,1.307626
2.500000,-0.900000,1.371153
2.600000,-0.900000,1.424990
2.700000,-0.900000,1.470189
2.800000,-0.900000,1.507519
2.900000,-0.900000,1.537544
3.000000,-0.900000,1.560683
3.100000,-0.900000,1.352775
3.200000,-0.900000,1.095445
3.300000,-0.900000,0.741620
3.400000,-0.900000,
3.500000,-0.900000,
-3.500000,-0.800000,
-3.400000,-0.800000,0.223607
-3.300000,-0.800000,0.848528
-3.200000,-0.800000,1.170470
-3.100000,-0.800000,1.414214
-3.000000,-0.800000,1.481834
-2.900000,-0.800000,1.457455
-2.800000,-0.800000,1.425759
-2.700000,-0.800000,1.386252
-2.600000,-0.800000,1.338252
-2.500000,-0.800000,1.280817
-2.400000,-0.800000,1.212628
-2.300000,-0.800000,1.135162
-2.200000,-0.800000,1.061597
-2.100000,-0.800000,0.977658
-2.000000,-0.800000,0.881456
-1.900000,-0.800000,0.770216
-1.800000,-0.800000,0.639550
-1.700000,-0.800000,0.576140
-1.600000,-0.800000,0.560083
-1.500000,-0.800000,0.538615
-1.400000,-0.800000,0.511550
-1.300000,-0.800000,0.478641
-1.200000,-0.800000,0.439566
-1.100000,-0.800000,0.393911
-1.000000,-0.800000,0.341145
-0.900000,-0.800000,0.280580
-0.800000,-0.800000,0.211312
-0.700000,-0.800000,0.132124
-0.600000,-0.800000,0.041330
-0.500000,-0.800000,-0.063517
-0.400000,-0.800000,-0.186193
-0.300000,-0.800000,-0.333100
-0.200000,-0.800000,-0.516890
-0.100000,-0.800000,-0.771441
0.000000,-0.800000,-1.979927
0.100000,-0.800000,-0.771439
0.200000,-0.800000,-0.516888
0.300000,-0.800000,-0.333099
0.400000,-0.800000,-0.186192
0.500000,-0.800000,-0.063516
0.600000,-0.800000,0.041330
0.700000,-0.800000,0.132124
0.800000,-0.800000,0.211312
0.900000,-0.800000,0.280580
1.000000,-0.800000,0.341145
1.100000,-0.800000,0.393911
1.200000,-0.800000,0.439566
1.300000,-0.800000,0.478641
1.400000,-0.800000,0.511550
1.500000,-0.800000,0.538615
1.600000,-0.800000,0.560082
1.700000,-0.800000,0.576140
1.800000,-0.800000,0.639533
1.900000,-0.800000,0.770194
2.000000,-0.800000,0.881432
2.100000,-0.800000,0.977631
2.200000,-0.800000,1.061568
2.300000,-0.800000,1.135131
2.400000,-0.800000,1.212397
2.500000,-0.800000,1.280588
2.600000,-0.800000,1.338023
2.700000,-0.800000,1.386024
2.800000,-0.800000,1.425530
2.900000,-0.800000,1.457224
3.000000,-0.800000,1.481602
3.100000,-0.800000,1.414214
3.200000,-0.800000,1.170470
3.300000,-0.800000,0.848528
3.400000,-0.800000,0.223607
3.500000,-0.800000,
-3.500000,-0.700000,
-3.400000,-0.700000,0.447214
-3.300000,-0.700000,0.932738
-3.200000,-0.700000,1.232883
-3.100000,-0.700000,1.458492
-3.000000,-0.700000,1.439135
-2.900000,-0.700000,1.414373
-2.800000,-0.700000,1.383994
-2.700000,-0.700000,1.347721
-2.600000,-0.700000,1.305199
-2.500000,-0.700000,1.255976
-2.400000,-0.700000,1.199469
-2.300000,-0.700000,1.134925
-2.200000,-0.700000,1.061349
-2.100000,-0.700000,0.977396
-2.000000,-0.700000,0.881176
-1.900000,-0.700000,0.769911
-1.800000,-0.700000,0.639211
-1.700000,-0.700000,0.614600
-1.600000,-0.700000,0.598858
-1.500000,-0.700000,0.577821
-1.400000,-0.700000,0.551314
-1.300000,-0.700000,0.519103
-1.200000,-0.700000,0.480889
-1.100000,-0.700000,0.436288
-1.000000,-0.700000,0.384808
-0.900000,-0.700000,0.325818
-0.800000,-0.700000,0.258493
-0.700000,-0.700000,0.181739
-0.600000,-0.700000,0.094057
-0.500000,-0.700000,-0.006683
-0.400000,-0.700000,-0.123682
-0.300000,-0.700000,-0.262152
-0.200000,-0.700000,-0.431704
-0.100000,-0.700000,-0.654569
0.000000,-0.700000,-1.025370
0.100000,-0.700000,-0.654568
0.200000,-0.700000,-0.431704
0.300000,-0.700000,-0.262151
0.400000,-0.700000,-0.123682
0.500000,-0.700000,-0.006683
0.600000,-0.700000,0.094057
0.700000,-0.700000,0.181738
0.800000,-0.700000,0.258493
0.900000,-0.700000,0.325817
1.000000,-0.700000,0.384808
1.100000,-0.700000,0.436287
1.200000,-0.700000,0.480889
1.300000,-0.700000,0.519103
1.400000,-0.700000,0.551313
1.500000,-0.700000,0.577821
1.600000,-0.700000,0.598858
1.700000,-0.700000,0.614599
1.800000,-0.700000,0.639186
1.900000,-0.700000,0.769883
2.000000,-0.700000,0.881145
2.100000,-0.700000,0.977363
2.200000,-0.700000,1.061315
2.300000,-0.700000,1.134889
2.400000,-0.700000,1.199431
2.500000,-0.700000,1.255937
2.600000,-0.700000,1.305159
2.700000,-0.700000,1.347679
2.800000,-0.700000,1.383951
2.900000,-0.700000,1.414329
3.000000,-0.700000,1.439090
3.100000,-0.700000,1.458447
3.200000,-0.700000,1.232883
3.300000,-0.700000,0.932738
3.400000,-0.700000,0.447214
3.500000,-0.700000,
-3.500000,-0.600000,
-3.400000,-0.600000,0.574456
-3.300000,-0.600000,1.000000
-3.200000,-0.600000,1.284523
-3.100000,-0.600000,1.453188
-3.000000,-0.600000,1.433777
-2.900000,-0.600000,1.408946
-2.800000,-0.600000,1.378479
-2.700000,-0.600000,1.342098
-2.600000,-0.600000,1.299444
-2.500000,-0.600000,1.250059
-2.400000,-0.600000,1.193355
-2.300000,-0.600000,1.128569
-2.200000,-0.600000,1.054693
-2.100000,-0.600000,0.970360
-2.000000,-0.600000,0.873648
-1.900000,-0.600000,0.761721
-1.800000,-0.600000,0.657734
-1.700000,-0.600000,0.647334
-1.600000,-0.600000,0.631852
-1.500000,-0.600000,0.611168
-1.400000,-0.600000,0.585116
-1.300000,-0.600000,0.553476
-1.200000,-0.600000,0.515964
-1.100000,-0.600000,0.472220
-1.000000,-0.600000,0.421781
-0.900000,-0.600000,0.364060
-0.800000,-0.600000,0.298294
-0.700000,-0.600000,0.223476
-0.600000,-0.600000,0.138248
-0.500000,-0.600000,0.040702
-0.400000,-0.600000,-0.071968
-0.300000,-0.600000,-0.204196
-0.200000,-0.600000,-0.363783
-0.100000,-0.600000,-0.567187
0.000000,-0.600000,-0.866390
0.100000,-0.600000,-0.567186
0.200000,-0.600000,-0.363783
0.300000,-0.600000,-0.204196
0.400000,-0.600000,-0.071968
0.500000,-0.600000,0.040702
0.600000,-0.600000,0.138248
0.700000,-0.600000,0.223476
0.800000,-0.600000,0.298293
0.900000,-0.600000,0.364060
1.000000,-0.600000,0.421781
1.100000,-0.600000,0.472219
1.200000,-0.600000,0.515964
1.300000,-0.600000,0.553475
1.400000,-0.600000,0.585115
1.500000,-0.600000,0.611167
1.600000,-0.600000,0.631851
1.700000,-0.600000,0.647333
1.800000,-0.600000,0.657734
1.900000,-0.600000,0.761686
2.000000,-0.600000,0.873611
2.100000,-0.600000,0.970321
2.200000,-0.600000,1.054653
2.300000,-0.600000,1.128527
2.400000,-0.600000,1.193312
2.500000,-0.600000,1.250015
2.600000,-0.600000,1.299399
2.700000,-0.600000,1.342052
2.800000,-0.600000,1.378433
2.900000,-0.600000,1.408898
3.000000,-0.600000,1.433729
3.100000,-0.600000,1.453138
3.200000,-0.600000,1.284523
3.300000,-0.600000,1.000000
3.400000,-0.600000,0.574456
3.500000,-0.600000,
-3.500000,-0.500000,
-3.400000,-0.500000,0.663325
-3.300000,-0.500000,1.053565
-3.200000,-0.500000,1.326650
-3.100000,-0.500000,1.442735
-3.000000,-0.500000,1.423220
-2.900000,-0.500000,1.398251
-2.800000,-0.500000,1.367610
-2.700000,-0.500000,1.331013
-2.600000,-0.500000,1.288094
-2.500000,-0.500000,1.238387
-2.400000,-0.500000,1.181290
-2.300000,-0.500000,1.116022
-2.200000,-0.500000,1.041546
-2.100000,-0.500000,0.956453
-2.000000,-0.500000,0.858754
-1.900000,-0.500000,0.745491
-1.800000,-0.500000,0.684881
-1.700000,-0.500000,0.674620
-1.600000,-0.500000,0.659347
-1.500000,-0.500000,0.638949
-1.400000,-0.500000,0.613265
-1.300000,-0.500000,0.582084
-1.200000,-0.500000,0.545138
-1.100000,-0.500000,0.502080
-1.000000,-0.500000,0.452476
-0.900000,-0.500000,0.395767
-0.800000,-0.500000,0.331238
-0.700000,-0.500000,0.257950
-0.600000,-0.500000,0.174644
-0.500000,-0.500000,0.079575
-0.400000,-0.500000,-0.029785
-0.300000,-0.500000,-0.157346
-0.200000,-0.500000,-0.309753
-0.100000,-0.500000,-0.500198
0.000000,-0.500000,-0.764412
0.100000,-0.500000,-0.500198
0.200000,-0.500000,-0.309754
0.300000,-0.500000,-0.157347
0.400000,-0.500000,-0.029785
0.500000,-0.500000,0.079575
0.600000,-0.500000,0.174643
0.700000,-0.500000,0.257949
0.800000,-0.500000,0.331237
0.900000,-0.500000,0.395766
1.000000,-0.500000,0.452475
1.100000,-0.500000,0.502080
1.200000,-0.500000,0.545137
1.300000,-0.500000,0.582084
1.400000,-0.500000,0.613264
1.500000,-0.500000,0.638948
1.600000,-0.500000,0.659347
1.700000,-0.500000,0.674619
1.800000,-0.500000,0.684880
1.900000,-0.500000,0.745450
2.000000,-0.500000,0.858710
2.100000,-0.500000,0.956408
2.200000,-0.500000,1.041500
2.300000,-0.500000,1.115975
2.400000,-0.500000,1.181242
2.500000,-0.500000,1.238338
2.600000,-0.500000,1.288044
2.700000,-0.500000,1.330962
2.800000,-0.500000,1.367558
2.900000,-0.500000,1.398198
3.000000,-0.500000,1.423166
3.100000,-0.500000,1.442681
3.200000,-0.500000,1.326650
3.300000,-0.500000,1.053565
3.400000,-0.500000,0.663325
3.500000,-0.500000,
-3.500000,-0.400000,
-3.400000,-0.400000,0.728011
-3.300000,-0.400000,1.095445
-3.200000,-0.400000,1.360147
-3.100000,-0.400000,1.427051
-3.000000,-0.400000,1.407375
-2.900000,-0.400000,1.382196
-2.800000,-0.400000,1.351290
-2.700000,-0.400000,1.314364
-2.600000,-0.400000,1.271043
-2.500000,-0.400000,1.220844
-2.400000,-0.400000,1.163146
-2.300000,-0.400000,1.097138
-2.200000,-0.400000,1.021739
-2.100000,-0.400000,0.935475
-2.000000,-0.400000,0.836246
-1.900000,-0.400000,0.720901
-1.800000,-0.400000,0.706826
-1.700000,-0.400000,0.696675
-1.600000,-0.400000,0.681568
-1.500000,-0.400000,0.661394
-1.400000,-0.400000,0.635999
-1.300000,-0.400000,0.605181
-1.200000,-0.400000,0.568678
-1.100000,-0.400000,0.526159
-1.000000,-0.400000,0.477207
-0.900000,-0.400000,0.421288
-0.800000,-0.400000,0.357721
-0.700000,-0.400000,0.285616
-0.600000,-0.400000,0.203790
-0.500000,-0.400000,0.110613
-0.400000,-0.400000,0.003754
-0.300000,-0.400000,-0.120336
-0.200000,-0.400000,-0.267543
-0.100000,-0.400000,-0.449068
0.000000,-0.400000,-0.692556
0.100000,-0.400000,-0.449068
0.200000,-0.400000,-0.267543
0.300000,-0.400000,-0.120337
0.400000,-0.400000,0.003754
0.500000,-0.400000,0.110613
0.600000,-0.400000,0.203789
0.700000,-0.400000,0.285615
0.800000,-0.400000,0.357720
0.900000,-0.400000,0.421287
1.000000,-0.400000,0.477206
1.100000,-0.400000,0.526159
1.200000,-0.400000,0.568677
1.300000,-0.400000,0.605180
1.400000,-0.400000,0.635998
1.500000,-0.400000,0.661393
1.600000,-0.400000,0.681567
1.700000,-0.400000,0.696674
1.800000,-0.400000,0.706825
1.900000,-0.400000,0.720852
2.000000,-0.400000,0.836196
2.100000,-0.400000,0.935424
2.200000,-0.400000,1.021687
2.300000,-0.400000,1.097085
2.400000,-0.400000,1.163093
2.500000,-0.400000,1.220790
2.600000,-0.400000,1.270988
2.700000,-0.400000,1.314308
2.800000,-0.400000,1.351233
2.900000,-0.400000,1.382139
3.000000,-0.400000,1.407317
3.100000,-0.400000,1.426992
3.200000,-0.400000,1.360147
3.300000,-0.400000,1.095445
3.400000,-0.400000,0.728011
3.500000,-0.400000,
-3.500000,-0.300000,
-3.400000,-0.300000,0.774597
-3.300000,-0.300000,1.126943
-3.200000,-0.300000,1.385641
-3.100000,-0.300000,1.406006
-3.000000,-0.300000,1.386111
-2.900000,-0.300000,1.360645
-2.800000,-0.300000,1.329375
-2.700000,-0.300000,1.291998
-2.600000,-0.300000,1.248124
-2.500000,-0.300000,1.197248
-2.400000,-0.300000,1.138721
-2.300000,-0.300000,1.071688
-2.200000,-0.300000,0.995009
-2.100000,-0.300000,0.907110
-2.000000,-0.300000,0.805731
-1.900000,-0.300000,0.728961
-1.800000,-0.300000,0.723734
-1.700000,-0.300000,0.713666
-1.600000,-0.300000,0.698684
-1.500000,-0.300000,0.678680
-1.400000,-0.300000,0.653504
-1.300000,-0.300000,0.622958
-1.200000,-0.300000,0.586789
-1.100000,-0.300000,0.544677
-1.000000,-0.300000,0.496214
-0.900000,-0.300000,0.440887
-0.800000,-0.300000,0.378039
-0.700000,-0.300000,0.306816
-0.600000,-0.300000,0.226087
-0.500000,-0.300000,0.134307
-0.400000,-0.300000,0.029278
-0.300000,-0.300000,-0.092301
-0.200000,-0.300000,-0.235813
-0.100000,-0.300000,-0.411213
0.000000,-0.300000,-0.641657
0.100000,-0.300000,-0.411214
0.200000,-0.300000,-0.235813
0.300000,-0.300000,-0.092302
0.400000,-0.300000,0.029278
0.500000,-0.300000,0.134306
0.600000,-0.300000,0.226086
0.700000,-0.300000,0.306815
0.800000,-0.300000,0.378038
0.900000,-0.300000,0.440886
1.000000,-0.300000,0.496213
1.100000,-0.300000,0.544676
1.200000,-0.300000,0.586788
1.300000,-0.300000,0.622957
1.400000,-0.300000,0.653503
1.500000,-0.300000,0.678679
1.600000,-0.300000,0.698683
1.700000,-0.300000,0.713665
1.800000,-0.300000,0.723733
1.900000,-0.300000,0.728959
2.000000,-0.300000,0.805675
2.100000,-0.300000,0.907053
2.200000,-0.300000,0.994951
2.300000,-0.300000,1.071630
2.400000,-0.300000,1.138662
2.500000,-0.300000,1.197189
2.600000,-0.300000,1.248064
2.700000,-0.300000,1.291937
2.800000,-0.300000,1.329313
2.900000,-0.300000,1.360582
3.000000,-0.300000,1.386048
3.100000,-0.300000,1.405943
3.200000,-0.300000,1.385641
3.300000,-0.300000,1.126943
3.400000,-0.300000,0.774597
3.500000,-0.300000,
-3.500000,-0.200000,
-3.400000,-0.200000,0.806226
-3.300000,-0.200000,1.148913
-3.200000,-0.200000,1.394121
-3.100000,-0.200000,1.379420
-3.000000,-0.200000,1.359241
-2.900000,-0.200000,1.333402
-2.800000,-0.200000,1.301660
-2.700000,-0.200000,1.263697
-2.600000,-0.200000,1.219102
-2.500000,-0.200000,1.167342
-2.400000,-0.200000,1.107728
-2.300000,-0.200000,1.039349
-2.200000,-0.200000,0.960977
-2.100000,-0.200000,0.870901
-2.000000,-0.200000,0.766633
-1.900000,-0.200000,0.740924
-1.800000,-0.200000,0.735728
-1.700000,-0.200000,0.725717
-1.600000,-0.200000,0.710823
-1.500000,-0.200000,0.690938
-1.400000,-0.200000,0.665914
-1.300000,-0.200000,0.635559
-1.200000,-0.200000,0.599624
-1.100000,-0.200000,0.557793
-1.000000,-0.200000,0.509671
-0.900000,-0.200000,0.454756
-0.800000,-0.200000,0.392407
-0.700000,-0.200000,0.321795
-0.600000,-0.200000,0.241824
-0.500000,-0.200000,0.151003
-0.400000,-0.200000,0.047226
-0.300000,-0.200000,-0.072651
-0.200000,-0.200000,-0.213688
-0.100000,-0.200000,-0.385078
0.000000,-0.200000,-0.607419
0.100000,-0.200000,-0.385079
0.200000,-0.200000,-0.213689
0.300000,-0.200000,-0.072652
0.400000,-0.200000,0.047225
0.500000,-0.200000,0.151002
0.600000,-0.200000,0.241823
0.700000,-0.200000,0.321794
0.800000,-0.200000,0.392406
0.900000,-0.200000,0.454755
1.000000,-0.200000,0.509670
1.100000,-0.200000,0.557792
1.200000,-0.200000,0.599622
1.300000,-0.200000,0.635558
1.400000,-0.200000,0.665913
1.500000,-0.200000,0.690936
1.600000,-0.200000,0.710822
1.700000,-0.200000,0.725716
1.800000,-0.200000,0.735727
1.900000,-0.200000,0.740923
2.000000,-0.200000,0.766569
2.100000,-0.200000,0.870837
2.200000,-0.200000,0.960913
2.300000,-0.200000,1.039285
2.400000,-0.200000,1.107664
2.500000,-0.200000,1.167277
2.600000,-0.200000,1.219036
2.700000,-0.200000,1.263631
2.800000,-0.200000,1.301594
2.900000,-0.200000,1.333335
3.000000,-0.200000,1.359173
3.100000,-0.200000,1.379352
3.200000,-0.200000,1.394051
3.300000,-0.200000,1.148913
3.400000,-0.200000,0.806226
3.500000,-0.200000,
-3.500000,-0.100000,
-3.400000,-0.100000,0.824621
-3.300000,-0.100000,1.161895
-3.200000,-0.100000,1.362010
-3.100000,-0.100000,1.347055
-3.000000,-0.100000,1.326519
-2.900000,-0.100000,1.300211
-2.800000,-0.100000,1.267874
-2.700000,-0.100000,1.229170
-2.600000,-0.100000,1.183662
-2.500000,-0.100000,1.130780
-2.400000,-0.100000,1.069780
-2.300000,-0.100000,0.999675
-2.200000,-0.100000,0.919117
-2.100000,-0.100000,0.826207
-2.000000,-0.100000,0.748486
-1.900000,-0.100000,0.748070
-1.800000,-0.100000,0.742891
-1.700000,-0.100000,0.732915
-1.600000,-0.100000,0.718072
-1.500000,-0.100000,0.698257
-1.400000,-0.100000,0.673324
-1.300000,-0.100000,0.643081
-1.200000,-0.100000,0.607284
-1.100000,-0.100000,0.565620
-1.000000,-0.100000,0.517700
-0.900000,-0.100000,0.463027
-0.800000,-0.100000,0.400972
-0.700000,-0.100000,0.330718
-0.600000,-0.100000,0.251192
-0.500000,-0.100000,0.160932
-0.400000,-0.100000,0.057885
-0.300000,-0.100000,-0.061004
-0.200000,-0.100000,-0.200617
-0.100000,-0.100000,-0.369730
0.000000,-0.100000,-0.587610
0.100000,-0.100000,-0.369731
0.200000,-0.100000,-0.200618
0.300000,-0.100000,-0.061005
0.400000,-0.100000,0.057883
0.500000,-0.100000,0.160931
0.600000,-0.100000,0.251190
0.700000,-0.100000,0.330717
0.800000,-0.100000,0.400970
0.900000,-0.100000,0.463026
1.000000,-0.100000,0.517698
1.100000,-0.100000,0.565619
1.200000,-0.100000,0.607282
1.300000,-0.100000,0.643080
1.400000,-0.100000,0.673323
1.500000,-0.100000,0.698256
1.600000,-0.100000,0.718071
1.700000,-0.100000,0.732914
1.800000,-0.100000,0.742890
1.900000,-0.100000,0.748068
2.000000,-0.100000,0.748485
2.100000,-0.100000,0.826136
2.200000,-0.100000,0.919046
2.300000,-0.100000,0.999604
2.400000,-0.100000,1.069710
2.500000,-0.100000,1.130709
2.600000,-0.100000,1.183591
2.700000,-0.100000,1.229099
2.800000,-0.100000,1.267802
2.900000,-0.100000,1.300138
3.000000,-0.100000,1.326446
3.100000,-0.100000,1.346981
3.200000,-0.100000,1.361936
3.300000,-0.100000,1.161895
3.400000,-0.100000,0.824621
3.500000,-0.100000,
-3.500000,0.000000,0.000000
-3.400000,0.000000,0.830662
-3.300000,0.000000,1.166190
-3.200000,0.000000,1.323871
-3.100000,0.000000,1.308600
-3.000000,0.000000,1.287623
-2.900000,0.000000,1.260735
-2.800000,0.000000,1.227660
-2.700000,0.000000,1.188037
-2.600000,0.000000,1.141390
-2.500000,0.000000,1.087102
-2.400000,0.000000,1.024359
-2.300000,0.000000,0.952066
-2.200000,0.000000,0.868714
-2.100000,0.000000,0.772135
-2.000000,0.000000,0.750862
-1.900000,0.000000,0.750446
-1.800000,0.000000,0.745273
-1.700000,0.000000,0.735309
-1.600000,0.000000,0.720483
-1.500000,0.000000,0.700691
-1.400000,0.000000,0.675788
-1.300000,0.000000,0.645583
-1.200000,0.000000,0.609831
-1.100000,0.000000,0.568222
-1.000000,0.000000,0.520368
-0.900000,0.000000,0.465776
-0.800000,0.000000,0.403817
-0.700000,0.000000,0.333682
-0.600000,0.000000,0.254302
-0.500000,0.000000,0.164228
-0.400000,0.000000,0.061420
-0.300000,0.000000,-0.057144
-0.200000,0.000000,-0.196293
-0.100000,0.000000,-0.364667
0.000000,0.000000,-0.581119
0.100000,0.000000,-0.364668
0.200000,0.000000,-0.196294
0.300000,0.000000,-0.057146
0.400000,0.000000,0.061418
0.500000,0.000000,0.164226
0.600000,0.000000,0.254301
0.700000,0.000000,0.333681
0.800000,0.000000,0.403816
0.900000,0.000000,0.465774
1.000000,0.000000,0.520367
1.100000,0.000000,0.568221
1.200000,0.000000,0.609829
1.300000,0.000000,0.645581
1.400000,0.000000,0.675787
1.500000,0.000000,0.700690
1.600000,0.000000,0.720481
1.700000,0.000000,0.735307
1.800000,0.000000,0.745272
1.900000,0.000000,0.750445
2.000000,0.000000,0.750861
2.100000,0.000000,0.772056
2.200000,0.000000,0.868636
2.300000,0.000000,0.951988
2.400000,0.000000,1.024282
2.500000,0.000000,1.087025
2.600000,0.000000,1.141313
2.700000,0.000000,1.187959
2.800000,0.000000,1.227583
2.900000,0.000000,1.260657
3.000000,0.000000,1.287545
3.100000,0.000000,1.308521
3.200000,0.000000,1.323791
3.300000,0.000000,1.166190
3.400000,0.000000,0.830662
3.500000,0.000000,
-3.500000,0.100000,
-3.400000,0.100000,0.824621
-3.300000,0.100000,1.161895
-3.200000,0.100000,1.279314
-3.100000,0.100000,1.263659
-3.000000,0.100000,1.242141
-2.900000,0.100000,1.214541
-2.800000,0.100000,1.180559
-2.700000,0.100000,1.139799
-2.600000,0.100000,1.091742
-2.500000,0.100000,1.035703
-2.400000,0.100000,0.970772
-2.300000,0.100000,0.895711
-2.200000,0.100000,0.808782
-2.100000,0.100000,0.744144
-2.000000,0.100000,0.748487
-1.900000,0.100000,0.748070
-1.800000,0.100000,0.742891
-1.700000,0.100000,0.732915
-1.600000,0.100000,0.718072
-1.500000,0.100000,0.698257
-1.400000,0.100000,0.673324
-1.300000,0.100000,0.643082
-1.200000,0.100000,0.607284
-1.100000,0.100000,0.565621
-1.000000,0.100000,0.517700
-0.900000,0.100000,0.463027
-0.800000,0.100000,0.400972
-0.700000,0.100000,0.330719
-0.600000,0.100000,0.251192
-0.500000,0.100000,0.160932
-0.400000,0.100000,0.057885
-0.300000,0.100000,-0.061003
-0.200000,0.100000,-0.200617
-0.100000,0.100000,-0.369730
0.000000,0.100000,-0.587609
0.100000,0.100000,-0.369732
0.200000,0.100000,-0.200619
0.300000,0.100000,-0.061005
0.400000,0.100000,0.057883
0.500000,0.100000,0.160931
0.600000,0.100000,0.251190
0.700000,0.100000,0.330717
0.800000,0.100000,0.400970
0.900000,0.100000,0.463026
1.000000,0.100000,0.517698
1.100000,0.100000,0.565619
1.200000,0.100000,0.607282
1.300000,0.100000,0.643080
1.400000,0.100000,0.673323
1.500000,0.100000,0.698256
1.600000,0.100000,0.718071
1.700000,0.100000,0.732913
1.800000,0.100000,0.742890
1.900000,0.100000,0.748068
2.000000,0.100000,0.748485
2.100000,0.100000,0.744143
2.200000,0.100000,0.808696
2.300000,0.100000,0.895626
2.400000,0.100000,0.970688
2.500000,0.100000,1.035619
2.600000,0.100000,1.091658
2.700000,0.100000,1.139715
2.800000,0.100000,1.180475
2.900000,0.100000,1.214457
3.000000,0.100000,1.242057
3.100000,0.100000,1.263574
3.200000,0.100000,1.279228
3.300000,0.100000,1.161895
3.400000,0.100000,0.824621
3.500000,0.100000,
-3.500000,0.200000,
-3.400000,0.200000,0.806226
-3.300000,0.200000,1.148913
-3.200000,0.200000,1.227845
-3.100000,0.200000,1.211720
-3.000000,0.200000,1.189542
-2.900000,0.200000,1.161069
-2.800000,0.200000,1.125972
-2.700000,0.200000,1.083810
-2.600000,0.200000,1.034002
-2.500000,0.200000,0.975777
-2.400000,0.200000,0.908090
-2.300000,0.200000,0.829502
-2.200000,0.200000,0.737942
-2.100000,0.200000,0.736985
-2.000000,0.200000,0.741343
-1.900000,0.200000,0.740924
-1.800000,0.200000,0.735728
-1.700000,0.200000,0.725718
-1.600000,0.200000,0.710823
-1.500000,0.200000,0.690938
-1.400000,0.200000,0.665914
-1.300000,0.200000,0.635559
-1.200000,0.200000,0.599624
-1.100000,0.200000,0.557794
-1.000000,0.200000,0.509672
-0.900000,0.200000,0.454757
-0.800000,0.200000,0.392407
-0.700000,0.200000,0.321795
-0.600000,0.200000,0.241824
-0.500000,0.200000,0.151003
-0.400000,0.200000,0.047226
-0.300000,0.200000,-0.072650
-0.200000,0.200000,-0.213688
-0.100000,0.200000,-0.385078
0.000000,0.200000,-0.607418
0.100000,0.200000,-0.385080
0.200000,0.200000,-0.213690
0.300000,0.200000,-0.072652
0.400000,0.200000,0.047224
0.500000,0.200000,0.151001
0.600000,0.200000,0.241822
0.700000,0.200000,0.321794
0.800000,0.200000,0.392406
0.900000,0.200000,0.454755
1.000000,0.200000,0.509670
1.100000,0.200000,0.557792
1.200000,0.200000,0.599622
1.300000,0.200000,0.635558
1.400000,0.200000,0.665913
1.500000,0.200000,0.690936
1.600000,0.200000,0.710821
1.700000,0.200000,0.725716
1.800000,0.200000,0.735726
1.900000,0.200000,0.740923
2.000000,0.200000,0.741341
2.100000,0.200000,0.736984
2.200000,0.200000,0.737847
2.300000,0.200000,0.829409
2.400000,0.200000,0.907998
2.500000,0.200000,0.975685
2.600000,0.200000,1.033912
2.700000,0.200000,1.083720
2.800000,0.200000,1.125881
2.900000,0.200000,1.160979
3.000000,0.200000,1.189451
3.100000,0.200000,1.211628
3.200000,0.200000,1.227753
3.300000,0.200000,1.148913
3.400000,0.200000,0.806226
3.500000,0.200000,
-3.500000,0.300000,
-3.400000,0.300000,0.774597
-3.300000,0.300000,1.126943
-3.200000,0.300000,1.168825
-3.100000,0.300000,1.152125
-3.000000,0.300000,1.129137
-2.900000,0.300000,1.099591
-2.800000,0.300000,1.063116
-2.700000,0.300000,1.019214
-2.600000,0.300000,0.967219
-2.500000,0.300000,0.906236
-2.400000,0.300000,0.835036
-2.300000,0.300000,0.751879
-2.200000,0.300000,0.715784
-2.100000,0.300000,0.724999
-2.000000,0.300000,0.729381
-1.900000,0.300000,0.728961
-1.800000,0.300000,0.723735
-1.700000,0.300000,0.713666
-1.600000,0.300000,0.698684
-1.500000,0.300000,0.678680
-1.400000,0.300000,0.653504
-1.300000,0.300000,0.622959
-1.200000,0.300000,0.586790
-1.100000,0.300000,0.544677
-1.000000,0.300000,0.496214
-0.900000,0.300000,0.440887
-0.800000,0.300000,0.378039
-0.700000,0.300000,0.306817
-0.600000,0.300000,0.226088
-0.500000,0.300000,0.134308
-0.400000,0.300000,0.029279
-0.300000,0.300000,-0.092300
-0.200000,0.300000,-0.235812
-0.100000,0.300000,-0.411212
0.000000,0.300000,-0.641656
0.100000,0.300000,-0.411214
0.200000,0.300000,-0.235814
0.300000,0.300000,-0.092302
0.400000,0.300000,0.029277
0.500000,0.300000,0.134306
0.600000,0.300000,0.226086
0.700000,0.300000,0.306815
0.800000,0.300000,0.378037
0.900000,0.300000,0.440886
1.000000,0.300000,0.496212
1.100000,0.300000,0.544675
1.200000,0.300000,0.586788
1.300000,0.300000,0.622957
1.400000,0.300000,0.653502
1.500000,0.300000,0.678678
1.600000,0.300000,0.698682
1.700000,0.300000,0.713664
1.800000,0.300000,0.723733
1.900000,0.300000,0.728959
2.000000,0.300000,0.729380
2.100000,0.300000,0.724997
2.200000,0.300000,0.715782
2.300000,0.300000,0.751776
2.400000,0.300000,0.834934
2.500000,0.300000,0.906136
2.600000,0.300000,0.967121
2.700000,0.300000,1.019116
2.800000,0.300000,1.063019
2.900000,0.300000,1.099494
3.000000,0.300000,1.129039
3.100000,0.300000,1.152027
3.200000,0.300000,1.168727
3.300000,0.300000,1.126943
3.400000,0.300000,0.774597
3.500000,0.300000,
-3.500000,0.400000,
-3.400000,0.400000,0.728011
-3.300000,0.400000,1.095445
-3.200000,0.400000,1.101421
-3.100000,0.400000,1.084011
-3.000000,0.400000,1.060022
-2.900000,0.400000,1.029144
-2.800000,0.400000,0.990949
-2.700000,0.400000,0.944860
-2.600000,0.400000,0.890092
-2.500000,0.400000,0.825572
-2.400000,0.400000,0.749794
-2.300000,0.400000,0.684579
-2.200000,0.400000,0.698810
-2.100000,0.400000,0.708102
-2.000000,0.400000,0.712520
-1.900000,0.400000,0.712096
-1.800000,0.400000,0.706827
-1.700000,0.400000,0.696675
-1.600000,0.400000,0.681568
-1.500000,0.400000,0.661394
-1.400000,0.400000,0.636000
-1.300000,0.400000,0.605181
-1.200000,0.400000,0.568678
-1.100000,0.400000,0.526160
-1.000000,0.400000,0.477207
-0.900000,0.400000,0.421289
-0.800000,0.400000,0.357722
-0.700000,0.400000,0.285617
-0.600000,0.400000,0.203790
-0.500000,0.400000,0.110614
-0.400000,0.400000,0.003755
-0.300000,0.400000,-0.120336
-0.200000,0.400000,-0.267542
-0.100000,0.400000,-0.449066
0.000000,0.400000,-0.692555
0.100000,0.400000,-0.449069
0.200000,0.400000,-0.267544
0.300000,0.400000,-0.120338
0.400000,0.400000,0.003753
0.500000,0.400000,0.110612
0.600000,0.400000,0.203788
0.700000,0.400000,0.285615
0.800000,0.400000,0.357719
0.900000,0.400000,0.421287
1.000000,0.400000,0.477205
1.100000,0.400000,0.526158
1.200000,0.400000,0.568676
1.300000,0.400000,0.605179
1.400000,0.400000,0.635998
1.500000,0.400000,0.661392
1.600000,0.400000,0.681566
1.700000,0.400000,0.696673
1.800000,0.400000,0.706825
1.900000,0.400000,0.712094
2.000000,0.400000,0.712518
2.100000,0.400000,0.708100
2.200000,0.400000,0.698808
2.300000,0.400000,0.684577
2.400000,0.400000,0.749682
2.500000,0.400000,0.825462
2.600000,0.400000,0.889984
2.700000,0.400000,0.944753
2.800000,0.400000,0.990843
2.900000,0.400000,1.029038
3.000000,0.400000,1.059916
3.100000,0.400000,1.083906
3.200000,0.400000,1.101315
3.300000,0.400000,1.095445
3.400000,0.400000,0.728011
3.500000,0.400000,
-3.500000,0.500000,
-3.400000,0.500000,0.663325
-3.300000,0.500000,1.036118
-3.200000,0.500000,1.024523
-3.100000,0.500000,1.006227
-3.000000,0.500000,0.980980
-2.900000,0.500000,0.948420
-2.800000,0.500000,0.908042
-2.700000,0.500000,0.859149
-2.600000,0.500000,0.800785
-2.500000,0.500000,0.731605
-2.400000,0.500000,0.649663
-2.300000,0.500000,0.662392
-2.200000,0.500000,0.676779
-2.100000,0.500000,0.686170
-2.000000,0.500000,0.690636
-1.900000,0.500000,0.690207
-1.800000,0.500000,0.684882
-1.700000,0.500000,0.674620
-1.600000,0.500000,0.659348
-1.500000,0.500000,0.638949
-1.400000,0.500000,0.613265
-1.300000,0.500000,0.582085
-1.200000,0.500000,0.545138
-1.100000,0.500000,0.502081
-1.000000,0.500000,0.452476
-0.900000,0.500000,0.395768
-0.800000,0.500000,0.331239
-0.700000,0.500000,0.257951
-0.600000,0.500000,0.174644
-0.500000,0.500000,0.079576
-0.400000,0.500000,-0.029784
-0.300000,0.500000,-0.157345
-0.200000,0.500000,-0.309752
-0.100000,0.500000,-0.500197
0.000000,0.500000,-0.764411
0.100000,0.500000,-0.500200
0.200000,0.500000,-0.309755
0.300000,0.500000,-0.157348
0.400000,0.500000,-0.029786
0.500000,0.500000,0.079574
0.600000,0.500000,0.174642
0.700000,0.500000,0.257948
0.800000,0.500000,0.331236
0.900000,0.500000,0.395766
1.000000,0.500000,0.452474
1.100000,0.500000,0.502079
1.200000,0.500000,0.545136
1.300000,0.500000,0.582083
1.400000,0.500000,0.613263
1.500000,0.500000,0.638947
1.600000,0.500000,0.659346
1.700000,0.500000,0.674618
1.800000,0.500000,0.684880
1.900000,0.500000,0.690205
2.000000,0.500000,0.690634
2.100000,0.500000,0.686168
2.200000,0.500000,0.676776
2.300000,0.500000,0.662390
2.400000,0.500000,0.649538
2.500000,0.500000,0.731483
2.600000,0.500000,0.800666
2.700000,0.500000,0.859032
2.800000,0.500000,0.907926
2.900000,0.500000,0.948305
3.000000,0.500000,0.980865
3.100000,0.500000,1.006112
3.200000,0.500000,1.024408
3.300000,0.500000,1.036002
3.400000,0.500000,0.663325
3.500000,0.500000,
-3.500000,0.600000,
-3.400000,0.600000,0.574456
-3.300000,0.600000,0.948908
-3.200000,0.600000,0.936611
-3.100000,0.600000,0.917181
-3.000000,0.600000,0.890321
-2.900000,0.600000,0.855590
-2.800000,0.600000,0.812365
-2.700000,0.600000,0.759772
-2.600000,0.600000,0.696580
-2.500000,0.600000,0.621002
-2.400000,0.600000,0.615177
-2.300000,0.600000,0.634938
-2.200000,0.600000,0.649522
-2.100000,0.600000,0.659041
-2.000000,0.600000,0.663567
-1.900000,0.600000,0.663133
-1.800000,0.600000,0.657735
-1.700000,0.600000,0.647335
-1.600000,0.600000,0.631853
-1.500000,0.600000,0.611169
-1.400000,0.600000,0.585117
-1.300000,0.600000,0.553477
-1.200000,0.600000,0.515965
-1.100000,0.600000,0.472221
-1.000000,0.600000,0.421782
-0.900000,0.600000,0.364061
-0.800000,0.600000,0.298295
-0.700000,0.600000,0.223478
-0.600000,0.600000,0.138249
-0.500000,0.600000,0.040704
-0.400000,0.600000,-0.071966
-0.300000,0.600000,-0.204195
-0.200000,0.600000,-0.363781
-0.100000,0.600000,-0.567184
0.000000,0.600000,-0.866388
0.100000,0.600000,-0.567188
0.200000,0.600000,-0.363784
0.300000,0.600000,-0.204198
0.400000,0.600000,-0.071969
0.500000,0.600000,0.040701
0.600000,0.600000,0.138247
0.700000,0.600000,0.223475
0.800000,0.600000,0.298292
0.900000,0.600000,0.364059
1.000000,0.600000,0.421780
1.100000,0.600000,0.472218
1.200000,0.600000,0.515963
1.300000,0.600000,0.553474
1.400000,0.600000,0.585115
1.500000,0.600000,0.611167
1.600000,0.600000,0.631850
1.700000,0.600000,0.647333
1.800000,0.600000,0.657733
1.900000,0.600000,0.663130
2.000000,0.600000,0.663565
2.100000,0.600000,0.659039
2.200000,0.600000,0.649520
2.300000,0.600000,0.634936
2.400000,0.600000,0.615175
2.500000,0.600000,0.620865
2.600000,0.600000,0.696447
2.700000,0.600000,0.759642
2.800000,0.600000,0.812237
2.900000,0.600000,0.855464
3.000000,0.600000,0.890196
3.100000,0.600000,0.917056
3.200000,0.600000,0.936485
3.300000,0.600000,0.948782
3.400000,0.600000,0.574456
3.500000,0.600000,
-3.500000,0.700000,
-3.400000,0.700000,0.447214
-3.300000,0.700000,0.848731
-3.200000,0.700000,0.835513
-3.100000,0.700000,0.814594
-3.000000,0.700000,0.785597
-2.900000,0.700000,0.747960
-2.800000,0.700000,0.700875
-2.700000,0.700000,0.643176
-2.600000,0.700000,0.573156
-2.500000,0.700000,0.556366
-2.400000,0.700000,0.581900
-2.300000,0.700000,0.601997
-2.200000,0.700000,0.616825
-2.100000,0.700000,0.626501
-2.000000,0.700000,0.631100
-1.900000,0.700000,0.630659
-1.800000,0.700000,0.625173
-1.700000,0.700000,0.614601
-1.600000,0.700000,0.598859
-1.500000,0.700000,0.577822
-1.400000,0.700000,0.551315
-1.300000,0.700000,0.519104
-1.200000,0.700000,0.480890
-1.100000,0.700000,0.436289
-1.000000,0.700000,0.384809
-0.900000,0.700000,0.325819
-0.800000,0.700000,0.258494
-0.700000,0.700000,0.181740
-0.600000,0.700000,0.094058
-0.500000,0.700000,-0.006681
-0.400000,0.700000,-0.123680
-0.300000,0.700000,-0.262150
-0.200000,0.700000,-0.431702
-0.100000,0.700000,-0.654566
0.000000,0.700000,-1.025368
0.100000,0.700000,-0.654571
0.200000,0.700000,-0.431706
0.300000,0.700000,-0.262153
0.400000,0.700000,-0.123683
0.500000,0.700000,-0.006684
0.600000,0.700000,0.094055
0.700000,0.700000,0.181737
0.800000,0.700000,0.258491
0.900000,0.700000,0.325816
1.000000,0.700000,0.384807
1.100000,0.700000,0.436286
1.200000,0.700000,0.480888
1.300000,0.700000,0.519101
1.400000,0.700000,0.551312
1.500000,0.700000,0.577820
1.600000,0.700000,0.598857
1.700000,0.700000,0.614598
1.800000,0.700000,0.625171
1.900000,0.700000,0.630657
2.000000,0.700000,0.631098
2.100000,0.700000,0.626498
2.200000,0.700000,0.616822
2.300000,0.700000,0.601995
2.400000,0.700000,0.581897
2.500000,0.700000,0.556363
2.600000,0.700000,0.573006
2.700000,0.700000,0.643030
2.800000,0.700000,0.700732
2.900000,0.700000,0.747820
3.000000,0.700000,0.785458
3.100000,0.700000,0.814455
3.200000,0.700000,0.835375
3.300000,0.700000,0.848592
3.400000,0.700000,0.447214
3.500000,0.700000,
-3.500000,0.800000,
-3.400000,0.800000,0.223607
-3.300000,0.800000,0.767796
-3.200000,0.800000,0.717960
-3.100000,0.800000,0.694989
-3.000000,0.800000,0.663020
-2.900000,0.800000,0.621287
-2.800000,0.800000,0.568648
-2.700000,0.800000,0.503393
-2.600000,0.800000,0.484846
-2.500000,0.800000,0.516710
-2.400000,0.800000,0.542777
-2.300000,0.800000,0.563285
-2.200000,0.800000,0.578410
-2.100000,0.800000,0.588277
-2.000000,0.800000,0.592967
-1.900000,0.800000,0.592517
-1.800000,0.800000,0.586923
-1.700000,0.800000,0.576142
-1.600000,0.800000,0.560084
-1.500000,0.800000,0.538616
-1.400000,0.800000,0.511552
-1.300000,0.800000,0.478642
-1.200000,0.800000,0.439567
-1.100000,0.800000,0.393912
-1.000000,0.800000,0.341146
-0.900000,0.800000,0.280582
-0.800000,0.800000,0.211314
-0.700000,0.800000,0.132126
-0.600000,0.800000,0.041332
-0.500000,0.800000,-0.063515
-0.400000,0.800000,-0.186191
-0.300000,0.800000,-0.333098
-0.200000,0.800000,-0.516887
-0.100000,0.800000,-0.771437
0.000000,0.800000,-2.041916
0.100000,0.800000,-0.771443
0.200000,0.800000,-0.516891
0.300000,0.800000,-0.333101
0.400000,0.800000,-0.186194
0.500000,0.800000,-0.063518
0.600000,0.800000,0.041329
0.700000,0.800000,0.132123
0.800000,0.800000,0.211311
0.900000,0.800000,0.280579
1.000000,0.800000,0.341144
1.100000,0.800000,0.393909
1.200000,0.800000,0.439564
1.300000,0.800000,0.478640
1.400000,0.800000,0.511549
1.500000,0.800000,0.538613
1.600000,0.800000,0.560081
1.700000,0.800000,0.576139
1.800000,0.800000,0.586921
1.900000,0.800000,0.592514
2.000000,0.800000,0.592964
2.100000,0.800000,0.588274
2.200000,0.800000,0.578407
2.300000,0.800000,0.563282
2.400000,0.800000,0.542775
2.500000,0.800000,0.516707
2.600000,0.800000,0.484844
2.700000,0.800000,0.503224
2.800000,0.800000,0.568485
2.900000,0.800000,0.621128
3.000000,0.800000,0.662864
3.100000,0.800000,0.694834
3.200000,0.800000,0.717806
3.300000,0.800000,0.767701
3.400000,0.800000,0.223607
3.500000,0.800000,
-3.500000,0.900000,
-3.400000,0.900000,
-3.300000,0.900000,0.685020
-3.200000,0.900000,0.578597
-3.100000,0.900000,0.552596
-3.000000,0.900000,0.516168
-2.900000,0.900000,0.468142
-2.800000,0.900000,0.406680
-2.700000,0.900000,0.399064
-2.600000,0.900000,0.438045
-2.500000,0.900000,0.470726
-2.400000,0.900000,0.497440
-2.300000,0.900000,0.518444
-2.200000,0.900000,0.533928
-2.100000,0.900000,0.544027
-2.000000,0.900000,0.548826
-1.900000,0.900000,0.548365
-1.800000,0.900000,0.542641
-1.700000,0.900000,0.531607
-1.600000,0.900000,0.515166
-1.500000,0.900000,0.493177
-1.400000,0.900000,0.465437
-1.300000,0.900000,0.431678
-1.200000,0.900000,0.391552
-1.100000,0.900000,0.344608
-1.000000,0.900000,0.290262
-0.900000,0.900000,0.227751
-0.800000,0.900000,0.156062
-0.700000,0.900000,0.073815
-0.600000,0.900000,-0.020943
-0.500000,0.900000,-0.131114
-0.400000,0.900000,-0.261348
-0.300000,0.900000,-0.419993
-0.200000,0.900000,-0.625359
-0.100000,0.900000,-0.942138
0.000000,0.900000,-2.101648
0.100000,0.900000,-0.942146
0.200000,0.900000,-0.625364
0.300000,0.900000,-0.419997
0.400000,0.900000,-0.261351
0.500000,0.900000,-0.131117
0.600000,0.900000,-0.020946
0.700000,0.900000,0.073812
0.800000,0.900000,0.156059
0.900000,0.900000,0.227748
1.000000,0.900000,0.290259
1.100000,0.900000,0.344605
1.200000,0.900000,0.391550
1.300000,0.900000,0.431676
1.400000,0.900000,0.465434
1.500000,0.900000,0.493174
1.600000,0.900000,0.515164
1.700000,0.900000,0.531604
1.800000,0.900000,0.542639
1.900000,0.900000,0.548362
2.000000,0.900000,0.548823
2.100000,0.900000,0.544024
2.200000,0.900000,0.533925
2.300000,0.900000,0.518442
2.400000,0.900000,0.497438
2.500000,0.900000,0.470723
2.600000,0.900000,0.438042
2.700000,0.900000,0.399061
2.800000,0.900000,0.406486
2.900000,0.900000,0.467956
3.000000,0.900000,0.515987
3.100000,0.900000,0.552418
3.200000,0.900000,0.578420
3.300000,0.900000,0.684907
3.400000,0.900000,
3.500000,0.900000,
-3.500000,1.000000,
-3.400000,1.000000,
-3.300000,1.000000,0.585232
-3.200000,1.000000,0.430334
-3.100000,1.000000,0.376408
-3.000000,1.000000,0.332329
-2.900000,1.000000,0.273001
-2.800000,1.000000,0.296799
-2.700000,1.000000,0.344033
-2.600000,1.000000,0.384247
-2.500000,1.000000,0.417920
-2.400000,1.000000,0.445419
-2.300000,1.000000,0.467023
-2.200000,1.000000,0.482940
-2.100000,1.000000,0.493317
-2.000000,1.000000,0.498247
-1.900000,1.000000,0.497774
-1.800000,1.000000,0.491894
-1.700000,1.000000,0.480554
-1.600000,1.000000,0.463652
-1.500000,1.000000,0.441032
-1.400000,1.000000,0.412474
-1.300000,1.000000,0.377683
-1.200000,1.000000,0.336277
-1.100000,1.000000,0.287753
-1.000000,1.000000,0.231460
-0.900000,1.000000,0.166535
-0.800000,1.000000,0.091815
-0.700000,1.000000,0.005690
-0.600000,1.000000,-0.094179
-0.500000,1.000000,-0.211385
-0.400000,1.000000,-0.351991
-0.300000,1.000000,-0.527848
-0.200000,1.000000,-0.769936
-0.100000,1.000000,-2.174364
0.000000,1.000000,-2.170857
0.100000,1.000000,-2.174367
0.200000,1.000000,-0.769943
0.300000,1.000000,-0.527852
0.400000,1.000000,-0.351995
0.500000,1.000000,-0.211389
0.600000,1.000000,-0.094182
0.700000,1.000000,0.005686
0.800000,1.000000,0.091812
0.900000,1.000000,0.166531
1.000000,1.000000,0.231457
1.100000,1.000000,0.287750
1.200000,1.000000,0.336273
1.300000,1.000000,0.377680
1.400000,1.000000,0.412470
1.500000,1.000000,0.441029
1.600000,1.000000,0.463649
1.700000,1.000000,0.480551
1.800000,1.000000,0.491891
1.900000,1.000000,0.497771
2.000000,1.000000,0.498244
2.100000,1.000000,0.493314
2.200000,1.000000,0.482937
2.300000,1.000000,0.467020
2.400000,1.000000,0.445416
2.500000,1.000000,0.417917
2.600000,1.000000,0.384244
2.700000,1.000000,0.344030
2.800000,1.000000,0.296796
2.900000,1.000000,0.272768
3.000000,1.000000,0.332108
3.100000,1.000000,0.376194
3.200000,1.000000,0.430174
3.300000,1.000000,0.585096
3.400000,1.000000,
3.500000,1.000000,
-3.500000,1.100000,
-3.400000,1.100000,
-3.300000,1.100000,0.387298
-3.200000,1.100000,0.280109
-3.100000,1.100000,0.139172
-3.000000,1.100000,0.108505
-2.900000,1.100000,0.174748
-2.800000,1.100000,0.231949
-2.700000,1.100000,0.281056
-2.600000,1.100000,0.322781
-2.500000,1.100000,0.357663
-2.400000,1.100000,0.386114
-2.300000,1.100000,0.408444
-2.200000,1.100000,0.424885
-2.100000,1.100000,0.435599
-2.000000,1.100000,0.440688
-1.900000,1.100000,0.440200
-1.800000,1.100000,0.434130
-1.700000,1.100000,0.422421
-1.600000,1.100000,0.404961
-1.500000,1.100000,0.381577
-1.400000,1.100000,0.352024
-1.300000,1.100000,0.315975
-1.200000,1.100000,0.273000
-1.100000,1.100000,0.222531
-1.000000,1.100000,0.163822
-0.900000,1.100000,0.095872
-0.800000,1.100000,0.017310
-0.700000,1.100000,-0.073815
-0.600000,1.100000,-0.180426
-0.500000,1.100000,-0.307238
-0.400000,1.100000,-0.462829
-0.300000,1.100000,-0.666445
-0.200000,1.100000,-0.991432
-0.100000,1.100000,-2.254720
0.000000,1.100000,-2.251004
0.100000,1.100000,-2.254723
0.200000,1.100000,-0.991442
0.300000,1.100000,-0.666451
0.400000,1.100000,-0.462834
0.500000,1.100000,-0.307243
0.600000,1.100000,-0.180430
0.700000,1.100000,-0.073819
0.800000,1.100000,0.017307
0.900000,1.100000,0.095869
1.000000,1.100000,0.163818
1.100000,1.100000,0.222527
1.200000,1.100000,0.272996
1.300000,1.100000,0.315972
1.400000,1.100000,0.352021
1.500000,1.100000,0.381574
1.600000,1.100000,0.404958
1.700000,1.100000,0.422418
1.800000,1.100000,0.434127
1.900000,1.100000,0.440196
2.000000,1.100000,0.440685
2.100000,1.100000,0.435596
2.200000,1.100000,0.424882
2.300000,1.100000,0.408441
2.400000,1.100000,0.386110
2.500000,1.100000,0.357660
2.600000,1.100000,0.322778
2.700000,1.100000,0.281053
2.800000,1.100000,0.231945
2.900000,1.100000,0.174744
3.000000,1.100000,0.108501
3.100000,1.100000,0.138881
3.200000,1.100000,0.279897
3.300000,1.100000,0.387298
3.400000,1.100000,
3.500000,1.100000,
-3.500000,1.200000,
-3.400000,1.200000,
-3.300000,1.200000,
-3.200000,1.200000,0.063920
-3.100000,1.200000,0.139144
-3.000000,1.200000,0.234793
-2.900000,1.200000,0.311946
-2.800000,1.200000,0.374541
-2.700000,1.200000,0.424982
-2.600000,1.200000,0.464830
-2.500000,1.200000,0.495132
-2.400000,1.200000,0.516595
-2.300000,1.200000,0.529674
-2.200000,1.200000,0.534635
-2.100000,1.200000,0.531573
-2.000000,1.200000,0.520430
-1.900000,1.200000,0.500983
-1.800000,1.200000,0.472824
-1.700000,1.200000,0.435312
-1.600000,1.200000,0.387494
-1.500000,1.200000,0.327949
-1.400000,1.200000,0.283260
-1.300000,1.200000,0.245663
-1.200000,1.200000,0.200746
-1.100000,1.200000,0.147852
-1.000000,1.200000,0.086103
-0.900000,1.200000,0.014302
-0.800000,1.200000,-0.069236
-0.700000,1.200000,-0.166983
-0.600000,1.200000,-0.282820
-0.500000,1.200000,-0.423473
-0.400000,1.200000,-0.602740
-0.300000,1.200000,-0.861032
-0.200000,1.200000,-2.360239
-0.100000,1.200000,-2.348178
0.000000,1.200000,-2.344185
0.100000,1.200000,-2.348181
0.200000,1.200000,-2.360245
0.300000,1.200000,-0.861040
0.400000,1.200000,-0.602746
0.500000,1.200000,-0.423478
0.600000,1.200000,-0.282824
0.700000,1.200000,-0.166987
0.800000,1.200000,-0.069240
0.900000,1.200000,0.014298
1.000000,1.200000,0.086099
1.100000,1.200000,0.147848
1.200000,1.200000,0.200742
1.300000,1.200000,0.245659
1.400000,1.200000,0.283256
1.500000,1.200000,0.328198
1.600000,1.200000,0.387747
1.700000,1.200000,0.435572
1.800000,1.200000,0.473089
1.900000,1.200000,0.501254
2.000000,1.200000,0.520707
2.100000,1.200000,0.531856
2.200000,1.200000,0.534924
2.300000,1.200000,0.529971
2.400000,1.200000,0.516900
2.500000,1.200000,0.495447
2.600000,1.200000,0.465155
2.700000,1.200000,0.425319
2.800000,1.200000,0.374892
2.900000,1.200000,0.312314
3.000000,1.200000,0.235185
3.100000,1.200000,0.139567
3.200000,1.200000,0.063585
3.300000,1.200000,
3.400000,1.200000,
3.500000,1.200000,
-3.500000,1.300000,
-3.400000,1.300000,
-3.300000,1.300000,
-3.200000,1.300000,0.199846
-3.100000,1.300000,0.299641
-3.000000,1.300000,0.381364
-2.900000,1.300000,0.448833
-2.800000,1.300000,0.504416
-2.700000,1.300000,0.549684
-2.600000,1.300000,0.585714
-2.500000,1.300000,0.613260
-2.400000,1.300000,0.632841
-2.300000,1.300000,0.644802
-2.200000,1.300000,0.649344
-2.100000,1.300000,0.646541
-2.000000,1.300000,0.636347
-1.900000,1.300000,0.618592
-1.800000,1.300000,0.592969
-1.700000,1.300000,0.559003
-1.600000,1.300000,0.516002
-1.500000,1.300000,0.462977
-1.400000,1.300000,0.398495
-1.300000,1.300000,0.320416
-1.200000,1.300000,0.225356
-1.100000,1.300000,0.107442
-1.000000,1.300000,-0.003434
-0.900000,1.300000,-0.080270
-0.800000,1.300000,-0.170459
-0.700000,1.300000,-0.277351
-0.600000,1.300000,-0.406578
-0.500000,1.300000,-0.569083
-0.400000,1.300000,-0.793045
-0.300000,1.300000,-2.493606
-0.200000,1.300000,-2.471192
-0.100000,1.300000,-2.457956
0.000000,1.300000,-2.453579
0.100000,1.300000,-2.457959
0.200000,1.300000,-2.471198
0.300000,1.300000,-2.493615
0.400000,1.300000,-0.793053
0.500000,1.300000,-0.569089
0.600000,1.300000,-0.406583
0.700000,1.300000,-0.277356
0.800000,1.300000,-0.170464
0.900000,1.300000,-0.080274
1.000000,1.300000,-0.003438
1.100000,1.300000,0.107652
1.200000,1.300000,0.225575
1.300000,1.300000,0.320641
1.400000,1.300000,0.398726
1.500000,1.300000,0.463213
1.600000,1.300000,0.516244
1.700000,1.300000,0.559251
1.800000,1.300000,0.593222
1.900000,1.300000,0.618851
2.000000,1.300000,0.636611
2.100000,1.300000,0.646811
2.200000,1.300000,0.649621
2.300000,1.300000,0.645086
2.400000,1.300000,0.633132
2.500000,1.300000,0.613558
2.600000,1.300000,0.586022
2.700000,1.300000,0.550001
2.800000,1.300000,0.504745
2.900000,1.300000,0.449175
3.000000,1.300000,0.381724
3.100000,1.300000,0.300022
3.200000,1.300000,0.200256
3.300000,1.300000,
3.400000,1.300000,
3.500000,1.300000,
-3.500000,1.400000,
-3.400000,1.400000,
-3.300000,1.400000,
-3.200000,1.400000,0.223607
-3.100000,1.400000,0.429278
-3.000000,1.400000,0.502322
-2.900000,1.400000,0.563418
-2.800000,1.400000,0.614215
-2.700000,1.400000,0.655860
-2.600000,1.400000,0.689167
-2.500000,1.400000,0.714719
-2.400000,1.400000,0.732928
-2.300000,1.400000,0.744068
-2.200000,1.400000,0.748302
-2.100000,1.400000,0.745688
-2.000000,1.400000,0.736191
-1.900000,1.400000,0.719674
-1.800000,1.400000,0.695889
-1.700000,1.400000,0.664461
-1.600000,1.400000,0.624851
-1.500000,1.400000,0.576307
-1.400000,1.400000,0.517772
-1.300000,1.400000,0.447737
-1.200000,1.400000,0.363964
-1.100000,1.400000,0.262924
-1.000000,1.400000,0.138500
-0.900000,1.400000,-0.021802
-0.800000,1.400000,-0.254081
-0.700000,1.400000,-0.410937
-0.600000,1.400000,-0.561638
-0.500000,1.400000,-0.765457
-0.400000,1.400000,-1.141439
-0.300000,1.400000,-2.629848
-0.200000,1.400000,-2.604356
-0.100000,1.400000,-2.589371
0.000000,1.400000,-2.584426
0.100000,1.400000,-2.589374
0.200000,1.400000,-2.604363
0.300000,1.400000,-2.629858
0.400000,1.400000,-1.141459
0.500000,1.400000,-0.765465
0.600000,1.400000,-0.561645
0.700000,1.400000,-0.410942
0.800000,1.400000,-0.253935
0.900000,1.400000,-0.021626
1.000000,1.400000,0.138692
1.100000,1.400000,0.263125
1.200000,1.400000,0.364173
1.300000,1.400000,0.447953
1.400000,1.400000,0.517994
1.500000,1.400000,0.576535
1.600000,1.400000,0.625085
1.700000,1.400000,0.664700
1.800000,1.400000,0.696133
1.900000,1.400000,0.719924
2.000000,1.400000,0.736447
2.100000,1.400000,0.745949
2.200000,1.400000,0.748568
2.300000,1.400000,0.744341
2.400000,1.400000,0.733207
2.500000,1.400000,0.715005
2.600000,1.400000,0.689461
2.700000,1.400000,0.656163
2.800000,1.400000,0.614528
2.900000,1.400000,0.563743
3.000000,1.400000,0.502660
3.100000,1.400000,0.429632
3.200000,1.400000,0.223607
3.300000,1.400000,
3.400000,1.400000,
3.500000,1.400000,
-3.500000,1.500000,
-3.400000,1.500000,
-3.300000,1.500000,
-3.200000,1.500000,
-3.100000,1.500000,0.537680
-3.000000,1.500000,0.604734
-2.900000,1.500000,0.661288
-2.800000,1.500000,0.708595
-2.700000,1.500000,0.747553
-2.600000,1.500000,0.778815
-2.500000,1.500000,0.802858
-2.400000,1.500000,0.820021
-2.300000,1.500000,0.830533
-2.200000,1.500000,0.834531
-2.100000,1.500000,0.832063
-2.000000,1.500000,0.823100
-1.900000,1.500000,0.807526
-1.800000,1.500000,0.785136
-1.700000,1.500000,0.755617
-1.600000,1.500000,0.718530
-1.500000,1.500000,0.673268
-1.400000,1.500000,0.618997
-1.300000,1.500000,0.554563
-1.200000,1.500000,0.478318
-1.100000,1.500000,0.387815
-1.000000,1.500000,0.279163
-0.900000,1.500000,0.145505
-0.800000,1.500000,-0.027610
-0.700000,1.500000,-0.285605
-0.600000,1.500000,-0.772496
-0.500000,1.500000,-1.115469
-0.400000,1.500000,-2.846395
-0.300000,1.500000,-2.801175
-0.200000,1.500000,-2.770387
-0.100000,1.500000,-2.752453
0.000000,1.500000,-2.746560
0.100000,1.500000,-2.752457
0.200000,1.500000,-2.770395
0.300000,1.500000,-2.801187
0.400000,1.500000,-2.846413
0.500000,1.500000,-1.115488
0.600000,1.500000,-0.772505
0.700000,1.500000,-0.285500
0.800000,1.500000,-0.027457
0.900000,1.500000,0.145678
1.000000,1.500000,0.279348
1.100000,1.500000,0.388010
1.200000,1.500000,0.478521
1.300000,1.500000,0.554772
1.400000,1.500000,0.619212
1.500000,1.500000,0.673488
1.600000,1.500000,0.718756
1.700000,1.500000,0.755849
1.800000,1.500000,0.785372
1.900000,1.500000,0.807768
2.000000,1.500000,0.823347
2.100000,1.500000,0.832316
2.200000,1.500000,0.834789
2.300000,1.500000,0.830797
2.400000,1.500000,0.820291
2.500000,1.500000,0.803135
2.600000,1.500000,0.779099
2.700000,1.500000,0.747844
2.800000,1.500000,0.708895
2.900000,1.500000,0.661598
3.000000,1.500000,0.605055
3.100000,1.500000,0.538015
3.200000,1.500000,
3.300000,1.500000,
3.400000,1.500000,
3.500000,1.500000,
-3.500000,1.600000,
-3.400000,1.600000,
-3.300000,1.600000,
-3.200000,1.600000,
-3.100000,1.600000,0.282843
-3.000000,1.600000,0.692655
-2.900000,1.600000,0.745807
-2.800000,1.600000,0.790459
-2.700000,1.600000,0.827349
-2.600000,1.600000,0.857025
-2.500000,1.600000,0.879888
-2.400000,1.600000,0.896230
-2.300000,1.600000,0.906248
-2.200000,1.600000,0.910059
-2.100000,1.600000,0.907707
-2.000000,1.600000,0.899164
-1.900000,1.600000,0.884331
-1.800000,1.600000,0.863032
-1.700000,1.600000,0.834998
-1.600000,1.600000,0.799857
-1.500000,1.600000,0.757099
-1.400000,1.600000,0.706036
-1.300000,1.600000,0.645732
-1.200000,1.600000,0.574892
-1.100000,1.600000,0.491660
-1.000000,1.600000,0.393244
-0.900000,1.600000,0.275124
-0.800000,1.600000,0.129057
-0.700000,1.600000,-0.063516
-0.600000,1.600000,-0.374110
-0.500000,1.600000,-1.259496
-0.400000,1.600000,
-0.300000,1.600000,-3.038977
-0.200000,1.600000,-2.995898
-0.100000,1.600000,-2.971473
0.000000,1.600000,-2.963542
0.100000,1.600000,-2.971478
0.200000,1.600000,-2.995909
0.300000,1.600000,-3.038995
0.400000,1.600000,
0.500000,1.600000,-1.259621
0.600000,1.600000,-0.374077
0.700000,1.600000,-0.063390
0.800000,1.600000,0.129210
0.900000,1.600000,0.275293
1.000000,1.600000,0.393424
1.100000,1.600000,0.491849
1.200000,1.600000,0.575089
1.300000,1.600000,0.645935
1.400000,1.600000,0.706245
1.500000,1.600000,0.757314
1.600000,1.600000,0.800077
1.700000,1.600000,0.835224
1.800000,1.600000,0.863262
1.900000,1.600000,0.884567
2.000000,1.600000,0.899404
2.100000,1.600000,0.907953
2.200000,1.600000,0.910310
2.300000,1.600000,0.906505
2.400000,1.600000,0.896493
2.500000,1.600000,0.880157
2.600000,1.600000,0.857300
2.700000,1.600000,0.827631
2.800000,1.600000,0.790749
2.900000,1.600000,0.746106
3.000000,1.600000,0.692964
3.100000,1.600000,0.282843
3.200000,1.600000,
3.300000,1.600000,
3.400000,1.600000,
3.500000,1.600000,
-3.500000,1.700000,
-3.400000,1.700000,
-3.300000,1.700000,
-3.200000,1.700000,
-3.100000,1.700000,
-3.000000,1.700000,0.600000
-2.900000,1.700000,0.819186
-2.800000,1.700000,0.861760
-2.700000,1.700000,0.897018
-2.600000,1.700000,0.925433
-2.500000,1.700000,0.947356
-2.400000,1.700000,0.963040
-2.300000,1.700000,0.972662
-2.200000,1.700000,0.976323
-2.100000,1.700000,0.974063
-2.000000,1.700000,0.965857
-1.900000,1.700000,0.951619
-1.800000,1.700000,0.931191
-1.700000,1.700000,0.904338
-1.600000,1.700000,0.870735
-1.500000,1.700000,0.829941
-1.400000,1.700000,0.781367
-1.300000,1.700000,0.724226
-1.200000,1.700000,0.657446
-1.100000,1.700000,0.579536
-1.000000,1.700000,0.488335
-0.900000,1.700000,0.380525
-0.800000,1.700000,0.250553
-0.700000,1.700000,0.087712
-0.600000,1.700000,-0.135096
-0.500000,1.700000,-0.627138
-0.400000,1.700000,
-0.300000,1.700000,
-0.200000,1.700000,
-0.100000,1.700000,
0.000000,1.700000,
0.100000,1.700000,
0.200000,1.700000,
0.300000,1.700000,
0.400000,1.700000,
0.500000,1.700000,-0.627778
0.600000,1.700000,-0.135006
0.700000,1.700000,0.087843
0.800000,1.700000,0.250704
0.900000,1.700000,0.380690
1.000000,1.700000,0.488511
1.100000,1.700000,0.579720
1.200000,1.700000,0.657637
1.300000,1.700000,0.724424
1.400000,1.700000,0.781571
1.500000,1.700000,0.830151
1.600000,1.700000,0.870950
1.700000,1.700000,0.904558
1.800000,1.700000,0.931415
1.900000,1.700000,0.951848
2.000000,1.700000,0.966092
2.100000,1.700000,0.974302
2.200000,1.700000,0.976568
2.300000,1.700000,0.972912
2.400000,1.700000,0.963296
2.500000,1.700000,0.947617
2.600000,1.700000,0.925701
2.700000,1.700000,0.897292
2.800000,1.700000,0.862041
2.900000,1.700000,0.819476
3.000000,1.700000,0.600000
3.100000,1.700000,
3.200000,1.700000,
3.300000,1.700000,
3.400000,1.700000,
3.500000,1.700000,
-3.500000,1.800000,
-3.400000,1.800000,
-3.300000,1.800000,
-3.200000,1.800000,
-3.100000,1.800000,
-3.000000,1.800000,0.100000
-2.900000,1.800000,0.774597
-2.800000,1.800000,0.923877
-2.700000,1.800000,0.957826
-2.600000,1.800000,0.985225
-2.500000,1.800000,1.006385
-2.400000,1.800000,1.021537
-2.300000,1.800000,1.030836
-2.200000,1.800000,1.034375
-2.100000,1.800000,1.032190
-2.000000,1.800000,1.024259
-1.900000,1.800000,1.010503
-1.800000,1.800000,0.990780
-1.700000,1.800000,0.964881
-1.600000,1.800000,0.932514
-1.500000,1.800000,0.893289
-1.400000,1.800000,0.846688
-1.300000,1.800000,0.792026
-1.200000,1.800000,0.728389
-1.100000,1.800000,0.654524
-1.000000,1.800000,0.568665
-0.900000,1.800000,0.468204
-0.800000,1.800000,0.349006
-0.700000,1.800000,0.203802
-0.600000,1.800000,0.017262
-0.500000,1.800000,-0.258878
-0.400000,1.800000,
-0.300000,1.800000,
-0.200000,1.800000,
-0.100000,1.800000,
0.000000,1.800000,
0.100000,1.800000,
0.200000,1.800000,
0.300000,1.800000,
0.400000,1.800000,
0.500000,1.800000,-0.258853
0.600000,1.800000,0.017364
0.700000,1.800000,0.203934
0.800000,1.800000,0.349155
0.900000,1.800000,0.468365
1.000000,1.800000,0.568837
1.100000,1.800000,0.654704
1.200000,1.800000,0.728576
1.300000,1.800000,0.792220
1.400000,1.800000,0.846887
1.500000,1.800000,0.893493
1.600000,1.800000,0.932724
1.700000,1.800000,0.965096
1.800000,1.800000,0.991000
1.900000,1.800000,1.010727
2.000000,1.800000,1.024488
2.100000,1.800000,1.032424
2.200000,1.800000,1.034614
2.300000,1.800000,1.031080
2.400000,1.800000,1.021787
2.500000,1.800000,1.006641
2.600000,1.800000,0.985486
2.700000,1.800000,0.958094
2.800000,1.800000,0.924151
2.900000,1.800000,0.774597
3.000000,1.800000,0.100000
3.100000,1.800000,
3.200000,1.800000,
3.300000,1.800000,
3.400000,1.800000,
3.500000,1.800000,
-3.500000,1.900000,
-3.400000,1.900000,
-3.300000,1.900000,
-3.200000,1.900000,
-3.100000,1.900000,
-3.000000,1.900000,
-2.900000,1.900000,0.479583
-2.800000,1.900000,0.894427
-2.700000,1.900000,1.010711
-2.600000,1.900000,1.037282
-2.500000,1.900000,1.057821
-2.400000,1.900000,1.072537
-2.300000,1.900000,1.081571
-2.200000,1.900000,1.085011
-2.100000,1.900000,1.082887
-2.000000,1.900000,1.075181
-1.900000,1.900000,1.061819
-1.800000,1.900000,1.042673
-1.700000,1.900000,1.017550
-1.600000,1.900000,0.986186
-1.500000,1.900000,0.948228
-1.400000,1.900000,0.903211
-1.300000,1.900000,0.850525
-1.200000,1.900000,0.789366
-1.100000,1.900000,0.718648
-1.000000,1.900000,0.636871
-0.900000,1.900000,0.541877
-0.800000,1.900000,0.430379
-0.700000,1.900000,0.296930
-0.600000,1.900000,0.131199
-0.500000,1.900000,-0.092109
-0.400000,1.900000,-0.516120
-0.300000,1.900000,
-0.200000,1.900000,
-0.100000,1.900000,
0.000000,1.900000,
0.100000,1.900000,
0.200000,1.900000,
0.300000,1.900000,
0.400000,1.900000,-0.516404
0.500000,1.900000,-0.092049
0.600000,1.900000,0.131306
0.700000,1.900000,0.297062
0.800000,1.900000,0.430525
0.900000,1.900000,0.542035
1.000000,1.900000,0.637039
1.100000,1.900000,0.718824
1.200000,1.900000,0.789549
1.300000,1.900000,0.850714
1.400000,1.900000,0.903405
1.500000,1.900000,0.948428
1.600000,1.900000,0.986391
1.700000,1.900000,1.017760
1.800000,1.900000,1.042888
1.900000,1.900000,1.062039
2.000000,1.900000,1.075405
2.100000,1.900000,1.083116
2.200000,1.900000,1.085245
2.300000,1.900000,1.081810
2.400000,1.900000,1.072781
2.500000,1.900000,1.058071
2.600000,1.900000,1.037537
2.700000,1.900000,1.010972
2.800000,1.900000,0.894427
2.900000,1.900000,0.479583
3.000000,1.900000,
3.100000,1.900000,
3.200000,1.900000,
3.300000,1.900000,
3.400000,1.900000,
3.500000,1.900000,
-3.500000,2.000000,
-3.400000,2.000000,
-3.300000,2.000000,
-3.200000,2.000000,
-3.100000,2.000000,
-3.000000,2.000000,
-2.900000,2.000000,
-2.800000,2.000000,0.640312
-2.700000,2.000000,0.979796
-2.600000,2.000000,1.082278
-2.500000,2.000000,1.102308
-2.400000,2.000000,1.116666
-2.300000,2.000000,1.125484
-2.200000,2.000000,1.128841
-2.100000,2.000000,1.126768
-2.000000,2.000000,1.119247
-1.900000,2.000000,1.106208
-1.800000,2.000000,1.087534
-1.700000,2.000000,1.063046
-1.600000,2.000000,1.032499
-1.500000,2.000000,0.995569
-1.400000,2.000000,0.951831
-1.300000,2.000000,0.900733
-1.200000,2.000000,0.841549
-1.100000,2.000000,0.773315
-1.000000,2.000000,0.694715
-0.900000,2.000000,0.603896
-0.800000,2.000000,0.498116
-0.700000,2.000000,0.373015
-0.600000,2.000000,0.220870
-0.500000,2.000000,0.025166
-0.400000,2.000000,-0.268174
-0.300000,2.000000,
-0.200000,2.000000,
-0.100000,2.000000,
0.000000,2.000000,
0.100000,2.000000,
0.200000,2.000000,
0.300000,2.000000,
0.400000,2.000000,-0.268205
0.500000,2.000000,0.025238
0.600000,2.000000,0.220978
0.700000,2.000000,0.373144
0.800000,2.000000,0.498260
0.900000,2.000000,0.604051
1.000000,2.000000,0.694879
1.100000,2.000000,0.773486
1.200000,2.000000,0.841728
1.300000,2.000000,0.900918
1.400000,2.000000,0.952022
1.500000,2.000000,0.995765
1.600000,2.000000,1.032700
1.700000,2.000000,1.063251
1.800000,2.000000,1.087745
1.900000,2.000000,1.106424
2.000000,2.000000,1.119467
2.100000,2.000000,1.126993
2.200000,2.000000,1.129071
2.300000,2.000000,1.125718
2.400000,2.000000,1.116905
2.500000,2.000000,1.102552
2.600000,2.000000,1.082527
2.700000,2.000000,0.979796
2.800000,2.000000,0.640312
2.900000,2.000000,
3.000000,2.000000,
3.100000,2.000000,
3.200000,2.000000,
3.300000,2.000000,
3.400000,2.000000,
3.500000,2.000000,
-3.500000,2.100000,
-3.400000,2.100000,
-3.300000,2.100000,
-3.200000,2.100000,
-3.100000,2.100000,
-3.000000,2.100000,
-2.900000,2.100000,
-2.800000,2.100000,
-2.700000,2.100000,0.741620
-2.600000,2.100000,1.039230
-2.500000,2.100000,1.140347
-2.400000,2.100000,1.154412
-2.300000,2.100000,1.163053
-2.200000,2.100000,1.166343
-2.100000,2.100000,1.164312
-2.000000,2.100000,1.156941
-1.900000,2.100000,1.144167
-1.800000,2.100000,1.125878
-1.700000,2.100000,1.101907
-1.600000,2.100000,1.072025
-1.500000,2.100000,1.035929
-1.400000,2.100000,0.993226
-1.300000,2.100000,0.943404
-1.200000,2.100000,0.885800
-1.100000,2.100000,0.819535
-1.000000,2.100000,0.743430
-0.900000,2.100000,0.655845
-0.800000,2.100000,0.554404
-0.700000,2.100000,0.435446
-0.600000,2.100000,0.292779
-0.500000,2.100000,0.114243
-0.400000,2.100000,-0.132299
-0.300000,2.100000,
-0.200000,2.100000,
-0.100000,2.100000,
0.000000,2.100000,
0.100000,2.100000,
0.200000,2.100000,
0.300000,2.100000,
0.400000,2.100000,-0.132288
0.500000,2.100000,0.114320
0.600000,2.100000,0.292887
0.700000,2.100000,0.435572
0.800000,2.100000,0.554545
0.900000,2.100000,0.655996
1.000000,2.100000,0.743590
1.100000,2.100000,0.819703
1.200000,2.100000,0.885974
1.300000,2.100000,0.943585
1.400000,2.100000,0.993412
1.500000,2.100000,1.036121
1.600000,2.100000,1.072221
1.700000,2.100000,1.102108
1.800000,2.100000,1.126084
1.900000,2.100000,1.144378
2.000000,2.100000,1.157156
2.100000,2.100000,1.164532
2.200000,2.100000,1.166568
2.300000,2.100000,1.163282
2.400000,2.100000,1.154647
2.500000,2.100000,1.140586
2.600000,2.100000,1.039230
2.700000,2.100000,0.741620
2.800000,2.100000,
2.900000,2.100000,
3.000000,2.100000,
3.100000,2.100000,
3.200000,2.100000,
3.300000,2.100000,
3.400000,2.100000,
3.500000,2.100000,
-3.500000,2.200000,
-3.400000,2.200000,
-3.300000,2.200000,
-3.200000,2.200000,
-3.100000,2.200000,
-3.000000,2.200000,
-2.900000,2.200000,
-2.800000,2.200000,
-2.700000,2.200000,0.346410
-2.600000,2.200000,0.806226
-2.500000,2.200000,1.077033
-2.400000,2.200000,1.186155
-2.300000,2.200000,1.194652
-2.200000,2.200000,1.197888
-2.100000,2.200000,1.195890
-2.000000,2.200000,1.188642
-1.900000,2.200000,1.176082
-1.800000,2.200000,1.158105
-1.700000,2.200000,1.134552
-1.600000,2.200000,1.105206
-1.500000,2.200000,1.069782
-1.400000,2.200000,1.027909
-1.300000,2.200000,0.979108
-1.200000,2.200000,0.922760
-1.100000,2.200000,0.858054
-1.000000,2.200000,0.783908
-0.900000,2.200000,0.698834
-0.800000,2.200000,0.600714
-0.700000,2.200000,0.486354
-0.600000,2.200000,0.350532
-0.500000,2.200000,0.183557
-0.400000,2.200000,-0.037246
-0.300000,2.200000,-0.413336
-0.200000,2.200000,
-0.100000,2.200000,
0.000000,2.200000,
0.100000,2.200000,
0.200000,2.200000,
0.300000,2.200000,-0.413556
0.400000,2.200000,-0.037220
0.500000,2.200000,0.183636
0.600000,2.200000,0.350638
0.700000,2.200000,0.486478
0.800000,2.200000,0.600852
0.900000,2.200000,0.698982
1.000000,2.200000,0.784064
1.100000,2.200000,0.858219
1.200000,2.200000,0.922931
1.300000,2.200000,0.979285
1.400000,2.200000,1.028091
1.500000,2.200000,1.069970
1.600000,2.200000,1.105399
1.700000,2.200000,1.134749
1.800000,2.200000,1.158307
1.900000,2.200000,1.176289
2.000000,2.200000,1.188853
2.100000,2.200000,1.196107
2.200000,2.200000,1.198109
2.300000,2.200000,1.194878
2.400000,2.200000,1.186385
2.500000,2.200000,1.077033
2.600000,2.200000,0.806226
2.700000,2.200000,0.346410
2.800000,2.200000,
2.900000,2.200000,
3.000000,2.200000,
3.100000,2.200000,
3.200000,2.200000,
3.300000,2.200000,
3.400000,2.200000,
3.500000,2.200000,
-3.500000,2.300000,
-3.400000,2.300000,
-3.300000,2.300000,
-3.200000,2.300000,
-3.100000,2.300000,
-3.000000,2.300000,
-2.900000,2.300000,
-2.800000,2.300000,
-2.700000,2.300000,
-2.600000,2.300000,0.447214
-2.500000,2.300000,0.842615
-2.400000,2.300000,1.095445
-2.300000,2.300000,1.220575
-2.200000,2.300000,1.223768
-2.100000,2.300000,1.221796
-2.000000,2.300000,1.214645
-1.900000,2.300000,1.202256
-1.800000,2.300000,1.184527
-1.700000,2.300000,1.161305
-1.600000,2.300000,1.132385
-1.500000,2.300000,1.097492
-1.400000,2.300000,1.056275
-1.300000,2.300000,1.008278
-1.200000,2.300000,0.952917
-1.100000,2.300000,0.889428
-1.000000,2.300000,0.816801
-0.900000,2.300000,0.733662
-0.800000,2.300000,0.638072
-0.700000,2.300000,0.527159
-0.600000,2.300000,0.396339
-0.500000,2.300000,0.237437
-0.400000,2.300000,0.032738
-0.300000,2.300000,-0.278093
-0.200000,2.300000,
-0.100000,2.300000,
0.000000,2.300000,
0.100000,2.300000,
0.200000,2.300000,
0.300000,2.300000,-0.278199
0.400000,2.300000,0.032771
0.500000,2.300000,0.237516
0.600000,2.300000,0.396442
0.700000,2.300000,0.527279
0.800000,2.300000,0.638206
0.900000,2.300000,0.733806
1.000000,2.300000,0.816954
1.100000,2.300000,0.889588
1.200000,2.300000,0.953084
1.300000,2.300000,1.008451
1.400000,2.300000,1.056454
1.500000,2.300000,1.097676
1.600000,2.300000,1.132574
1.700000,2.300000,1.161499
1.800000,2.300000,1.184725
1.900000,2.300000,1.202459
2.000000,2.300000,1.214853
2.100000,2.300000,1.222009
2.200000,2.300000,1.223985
2.300000,2.300000,1.220796
2.400000,2.300000,1.095445
2.500000,2.300000,0.842615
2.600000,2.300000,0.447214
2.700000,2.300000,
2.800000,2.300000,
2.900000,2.300000,
3.000000,2.300000,
3.100000,2.300000,
3.200000,2.300000,
3.300000,2.300000,
3.400000,2.300000,
3.500000,2.300000,
-3.500000,2.400000,
-3.400000,2.400000,
-3.300000,2.400000,
-3.200000,2.400000,
-3.100000,2.400000,
-3.000000,2.400000,
-2.900000,2.400000,
-2.800000,2.400000,
-2.700000,2.400000,
-2.600000,2.400000,
-2.500000,2.400000,0.489898
-2.400000,2.400000,0.854400
-2.300000,2.400000,1.095445
-2.200000,2.400000,1.244206
-2.100000,2.400000,1.242255
-2.000000,2.400000,1.235179
-1.900000,2.400000,1.222922
-1.800000,2.400000,1.205383
-1.700000,2.400000,1.182417
-1.600000,2.400000,1.153823
-1.500000,2.400000,1.119339
-1.400000,2.400000,1.078624
-1.300000,2.400000,1.031242
-1.200000,2.400000,0.976633
-1.100000,2.400000,0.914069
-1.000000,2.400000,0.842592
-0.900000,2.400000,0.760908
-0.800000,2.400000,0.667205
-0.700000,2.400000,0.558832
-0.600000,2.400000,0.431635
-0.500000,2.400000,0.278400
-0.400000,2.400000,0.084275
-0.300000,2.400000,-0.194736
-0.200000,2.400000,
-0.100000,2.400000,
0.000000,2.400000,
0.100000,2.400000,
0.200000,2.400000,
0.300000,2.400000,-0.194806
0.400000,2.400000,0.084310
0.500000,2.400000,0.278476
0.600000,2.400000,0.431735
0.700000,2.400000,0.558949
0.800000,2.400000,0.667334
0.900000,2.400000,0.761048
1.000000,2.400000,0.842741
1.100000,2.400000,0.914226
1.200000,2.400000,0.976796
1.300000,2.400000,1.031411
1.400000,2.400000,1.078799
1.500000,2.400000,1.119519
1.600000,2.400000,1.154009
1.700000,2.400000,1.182607
1.800000,2.400000,1.205578
1.900000,2.400000,1.223121
2.000000,2.400000,1.235383
2.100000,2.400000,1.242464
2.200000,2.400000,1.244419
2.300000,2.400000,1.095445
2.400000,2.400000,0.854400
2.500000,2.400000,0.489898
2.600000,2.400000,
2.700000,2.400000,
2.800000,2.400000,
2.900000,2.400000,
3.000000,2.400000,
3.100000,2.400000,
3.200000,2.400000,
3.300000,2.400000,
3.400000,2.400000,
3.500000,2.400000,
-3.500000,2.500000,
-3.400000,2.500000,
-3.300000,2.500000,
-3.200000,2.500000,
-3.100000,2.500000,
-3.000000,2.500000,
-2.900000,2.500000,
-2.800000,2.500000,
-2.700000,2.500000,
-2.600000,2.500000,
-2.500000,2.500000,
-2.400000,2.500000,0.489898
-2.300000,2.500000,0.842615
-2.200000,2.500000,1.077033
-2.100000,2.500000,1.257437
-2.000000,2.500000,1.250415
-1.900000,2.500000,1.238253
-1.800000,2.500000,1.220854
-1.700000,2.500000,1.198074
-1.600000,2.500000,1.169718
-1.500000,2.500000,1.135530
-1.400000,2.500000,1.095179
-1.300000,2.500000,1.048242
-1.200000,2.500000,0.994176
-1.100000,2.500000,0.932280
-1.000000,2.500000,0.861629
-0.900000,2.500000,0.780985
-0.800000,2.500000,0.688624
-0.700000,2.500000,0.582043
-0.600000,2.500000,0.457369
-0.500000,2.500000,0.308001
-0.400000,2.500000,0.120786
-0.300000,2.500000,-0.140189
-0.200000,2.500000,
-0.100000,2.500000,
0.000000,2.500000,
0.100000,2.500000,
0.200000,2.500000,
0.300000,2.500000,-0.140246
0.400000,2.500000,0.120820
0.500000,2.500000,0.308073
0.600000,2.500000,0.457465
0.700000,2.500000,0.582156
0.800000,2.500000,0.688750
0.900000,2.500000,0.781121
1.000000,2.500000,0.861774
1.100000,2.500000,0.932432
1.200000,2.500000,0.994336
1.300000,2.500000,1.048408
1.400000,2.500000,1.095350
1.500000,2.500000,1.135706
1.600000,2.500000,1.169899
1.700000,2.500000,1.198260
1.800000,2.500000,1.221045
1.900000,2.500000,1.238449
2.000000,2.500000,1.250616
2.100000,2.500000,1.257642
2.200000,2.500000,1.077033
2.300000,2.500000,0.842615
2.400000,2.500000,0.489898
2.500000,2.500000,
2.600000,2.500000,
2.700000,2.500000,
2.800000,2.500000,
2.900000,2.500000,
3.000000,2.500000,
3.100000,2.500000,
3.200000,2.500000,
3.300000,2.500000,
3.400000,2.500000,
3.500000,2.500000,
-3.500000,2.600000,
-3.400000,2.600000,
-3.300000,2.600000,
-3.200000,2.600000,
-3.100000,2.600000,
-3.000000,2.600000,
-2.900000,2.600000,
-2.800000,2.600000,
-2.700000,2.600000,
-2.600000,2.600000,
-2.500000,2.600000,
-2.400000,2.600000,
-2.300000,2.600000,0.447214
-2.200000,2.600000,0.806226
-2.100000,2.600000,1.039230
-2.000000,2.600000,1.220656
-1.900000,2.600000,1.248377
-1.800000,2.600000,1.231067
-1.700000,2.600000,1.208408
-1.600000,2.600000,1.180207
-1.500000,2.600000,1.146212
-1.400000,2.600000,1.106098
-1.300000,2.600000,1.059450
-1.200000,2.600000,1.005737
-1.100000,2.600000,0.944272
-1.000000,2.600000,0.874155
-0.900000,2.600000,0.794181
-0.800000,2.600000,0.702680
-0.700000,2.600000,0.597242
-0.600000,2.600000,0.474164
-0.500000,2.600000,0.327207
-0.400000,2.600000,0.144193
-0.300000,2.600000,-0.106640
-0.200000,2.600000,
-0.100000,2.600000,
0.000000,2.600000,
0.100000,2.600000,
0.200000,2.600000,
0.300000,2.600000,-0.106696
0.400000,2.600000,0.144223
0.500000,2.600000,0.327275
0.600000,2.600000,0.474255
0.700000,2.600000,0.597351
0.800000,2.600000,0.702801
0.900000,2.600000,0.794312
1.000000,2.600000,0.874296
1.100000,2.600000,0.944420
1.200000,2.600000,1.005892
1.300000,2.600000,1.059612
1.400000,2.600000,1.106265
1.500000,2.600000,1.146385
1.600000,2.600000,1.180385
1.700000,2.600000,1.208591
1.800000,2.600000,1.231255
1.900000,2.600000,1.248569
2.000000,2.600000,1.220656
2.100000,2.600000,1.039230
2.200000,2.600000,0.806226
2.300000,2.600000,0.447214
2.400000,2.600000,
2.500000,2.600000,
2.600000,2.600000,
2.700000,2.600000,
2.800000,2.600000,
2.900000,2.600000,
3.000000,2.600000,
3.100000,2.600000,
3.200000,2.600000,
3.300000,2.600000,
3.400000,2.600000,
3.500000,2.600000,
-3.500000,2.700000,
-3.400000,2.700000,
-3.300000,2.700000,
-3.200000,2.700000,
-3.100000,2.700000,
-3.000000,2.700000,
-2.900000,2.700000,
-2.800000,2.700000,
-2.700000,2.700000,
-2.600000,2.700000,
-2.500000,2.700000,
-2.400000,2.700000,
-2.300000,2.700000,
-2.200000,2.700000,0.346410
-2.100000,2.700000,0.741620
-2.000000,2.700000,0.979796
-1.900000,2.700000,1.161895
-1.800000,2.700000,1.236107
-1.700000,2.700000,1.213507
-1.600000,2.700000,1.185381
-1.500000,2.700000,1.151480
-1.400000,2.700000,1.111482
-1.300000,2.700000,1.064976
-1.200000,2.700000,1.011434
-1.100000,2.700000,0.950180
-1.000000,2.700000,0.880323
-0.900000,2.700000,0.800674
-0.800000,2.700000,0.709591
-0.700000,2.700000,0.604706
-0.600000,2.700000,0.482396
-0.500000,2.700000,0.336591
-0.400000,2.700000,0.155554
-0.300000,2.700000,-0.090691
-0.200000,2.700000,-0.683356
-0.100000,2.700000,
0.000000,2.700000,
0.100000,2.700000,
0.200000,2.700000,-0.689340
0.300000,2.700000,-0.090752
0.400000,2.700000,0.155578
0.500000,2.700000,0.336653
0.600000,2.700000,0.482482
0.700000,2.700000,0.604810
0.800000,2.700000,0.709708
0.900000,2.700000,0.800802
1.000000,2.700000,0.880459
1.100000,2.700000,0.950324
1.200000,2.700000,1.011586
1.300000,2.700000,1.065134
1.400000,2.700000,1.111646
1.500000,2.700000,1.151650
1.600000,2.700000,1.185556
1.700000,2.700000,1.213686
1.800000,2.700000,1.236291
1.900000,2.700000,1.161895
2.000000,2.700000,0.979796
2.100000,2.700000,0.741620
2.200000,2.700000,0.346410
2.300000,2.700000,
2.400000,2.700000,
2.500000,2.700000,
2.600000,2.700000,
2.700000,2.700000,
2.800000,2.700000,
2.900000,2.700000,
3.000000,2.700000,
3.100000,2.700000,
3.200000,2.700000,
3.300000,2.700000,
3.400000,2.700000,
3.500000,2.700000,
-3.500000,2.800000,
-3.400000,2.800000,
-3.300000,2.800000,
-3.200000,2.800000,
-3.100000,2.800000,
-3.000000,2.800000,
-2.900000,2.800000,
-2.800000,2.800000,
-2.700000,2.800000,
-2.600000,2.800000,
-2.500000,2.800000,
-2.400000,2.800000,
-2.300000,2.800000,
-2.200000,2.800000,
-2.100000,2.800000,
-2.000000,2.800000,0.640312
-1.900000,2.800000,0.894427
-1.800000,2.800000,1.081665
-1.700000,2.800000,1.213411
-1.600000,2.800000,1.185284
-1.500000,2.800000,1.151381
-1.400000,2.800000,1.111381
-1.300000,2.800000,1.064872
-1.200000,2.800000,1.011327
-1.100000,2.800000,0.950068
-1.000000,2.800000,0.880207
-0.900000,2.800000,0.800552
-0.800000,2.800000,0.709461
-0.700000,2.800000,0.604566
-0.600000,2.800000,0.482241
-0.500000,2.800000,0.336415
-0.400000,2.800000,0.155341
-0.300000,2.800000,-0.090989
-0.200000,2.800000,-0.690138
-0.100000,2.800000,
0.000000,2.800000,
0.100000,2.800000,
0.200000,2.800000,-0.699152
0.300000,2.800000,-0.091060
0.400000,2.800000,0.155356
0.500000,2.800000,0.336470
0.600000,2.800000,0.482321
0.700000,2.800000,0.604664
0.800000,2.800000,0.709572
0.900000,2.800000,0.800675
1.000000,2.800000,0.880339
1.100000,2.800000,0.950209
1.200000,2.800000,1.011474
1.300000,2.800000,1.065025
1.400000,2.800000,1.111541
1.500000,2.800000,1.151547
1.600000,2.800000,1.185455
1.700000,2.800000,1.213586
1.800000,2.800000,1.081665
1.900000,2.800000,0.894427
2.000000,2.800000,0.640312
2.100000,2.800000,
2.200000,2.800000,
2.300000,2.800000,
2.400000,2.800000,
2.500000,2.800000,
2.600000,2.800000,
2.700000,2.800000,
2.800000,2.800000,
2.900000,2.800000,
3.000000,2.800000,
3.100000,2.800000,
3.200000,2.800000,
3.300000,2.800000,
3.400000,2.800000,
3.500000,2.800000,
-3.500000,2.900000,
-3.400000,2.900000,
-3.300000,2.900000,
-3.200000,2.900000,
-3.100000,2.900000,
-3.000000,2.900000,
-2.900000,2.900000,
-2.800000,2.900000,
-2.700000,2.900000,
-2.600000,2.900000,
-2.500000,2.900000,
-2.400000,2.900000,
-2.300000,2.900000,
-2.200000,2.900000,
-2.100000,2.900000,
-2.000000,2.900000,
-1.900000,2.900000,0.479583
-1.800000,2.900000,0.774597
-1.700000,2.900000,0.974679
-1.600000,2.900000,1.131371
-1.500000,2.900000,1.145913
-1.400000,2.900000,1.105793
-1.300000,2.900000,1.059137
-1.200000,2.900000,1.005414
-1.100000,2.900000,0.943937
-1.000000,2.900000,0.873805
-0.900000,2.900000,0.793812
-0.800000,2.900000,0.702288
-0.700000,2.900000,0.596819
-0.600000,2.900000,0.473696
-0.500000,2.900000,0.326674
-0.400000,2.900000,0.143546
-0.300000,2.900000,-0.107556
-0.200000,2.900000,
-0.100000,2.900000,
0.000000,2.900000,
0.100000,2.900000,
0.200000,2.900000,
0.300000,2.900000,-0.107647
0.400000,2.900000,0.143550
0.500000,2.900000,0.326721
0.600000,2.900000,0.473770
0.700000,2.900000,0.596911
0.800000,2.900000,0.702394
0.900000,2.900000,0.793930
1.000000,2.900000,0.873932
1.100000,2.900000,0.944072
1.200000,2.900000,1.005557
1.300000,2.900000,1.059286
1.400000,2.900000,1.105948
1.500000,2.900000,1.146075
1.600000,2.900000,1.131371
1.700000,2.900000,0.974679
1.800000,2.900000,0.774597
1.900000,2.900000,0.479583
2.000000,2.900000,
2.100000,2.900000,
2.200000,2.900000,
2.300000,2.900000,
2.400000,2.900000,
2.500000,2.900000,
2.600000,2.900000,
2.700000,2.900000,
2.800000,2.900000,
2.900000,2.900000,
3.000000,2.900000,
3.100000,2.900000,
3.200000,2.900000,
3.300000,2.900000,
3.400000,2.900000,
3.500000,2.900000,
-3.500000,3.000000,
-3.400000,3.000000,
-3.300000,3.000000,
-3.200000,3.000000,
-3.100000,3.000000,
-3.000000,3.000000,
-2.900000,3.000000,
-2.800000,3.000000,
-2.700000,3.000000,
-2.600000,3.000000,
-2.500000,3.000000,
-2.400000,3.000000,
-2.300000,3.000000,
-2.200000,3.000000,
-2.100000,3.000000,
-2.000000,3.000000,
-1.900000,3.000000,
-1.800000,3.000000,0.100000
-1.700000,3.000000,0.600000
-1.600000,3.000000,0.830662
-1.500000,3.000000,1.000000
-1.400000,3.000000,1.094667
-1.300000,3.000000,1.047716
-1.200000,3.000000,0.993634
-1.100000,3.000000,0.931717
-1.000000,3.000000,0.861042
-0.900000,3.000000,0.780366
-0.800000,3.000000,0.687964
-0.700000,3.000000,0.581329
-0.600000,3.000000,0.456578
-0.500000,3.000000,0.307094
-0.400000,3.000000,0.119677
-0.300000,3.000000,-0.141804
-0.200000,3.000000,
-0.100000,3.000000,
0.000000,3.000000,
0.100000,3.000000,
0.200000,3.000000,
0.300000,3.000000,-0.141925
0.400000,3.000000,0.119667
0.500000,3.000000,0.307131
0.600000,3.000000,0.456644
0.700000,3.000000,0.581414
0.800000,3.000000,0.688064
0.900000,3.000000,0.780478
1.000000,3.000000,0.861164
1.100000,3.000000,0.931848
1.200000,3.000000,0.993773
1.300000,3.000000,1.047862
1.400000,3.000000,1.094818
1.500000,3.000000,1.000000
1.600000,3.000000,0.830662
1.700000,3.000000,0.600000
1.800000,3.000000,0.100000
1.900000,3.000000,
2.000000,3.000000,
2.100000,3.000000,
2.200000,3.000000,
2.300000,3.000000,
2.400000,3.000000,
2.500000,3.000000,
2.600000,3.000000,
2.700000,3.000000,
2.800000,3.000000,
2.900000,3.000000,
3.000000,3.000000,
3.100000,3.000000,
3.200000,3.000000,
3.300000,3.000000,
3.400000,3.000000,
3.500000,3.000000,
-3.500000,3.100000,
-3.400000,3.100000,
-3.300000,3.100000,
-3.200000,3.100000,
-3.100000,3.100000,
-3.000000,3.100000,
-2.900000,3.100000,
-2.800000,3.100000,
-2.700000,3.100000,
-2.600000,3.100000,
-2.500000,3.100000,
-2.400000,3.100000,
-2.300000,3.100000,
-2.200000,3.100000,
-2.100000,3.100000,
-2.000000,3.100000,
-1.900000,3.100000,
-1.800000,3.100000,
-1.700000,3.100000,
-1.600000,3.100000,0.282843
-1.500000,3.100000,0.624500
-1.400000,3.100000,0.824621
-1.300000,3.100000,0.974679
-1.200000,3.100000,0.975866
-1.100000,3.100000,0.913273
-1.000000,3.100000,0.841760
-0.900000,3.100000,0.760029
-0.800000,3.100000,0.666266
-0.700000,3.100000,0.557813
-0.600000,3.100000,0.430503
-0.500000,3.100000,0.277093
-0.400000,3.100000,0.082649
-0.300000,3.100000,-0.197238
-0.200000,3.100000,
-0.100000,3.100000,
0.000000,3.100000,
0.100000,3.100000,
0.200000,3.100000,
0.300000,3.100000,-0.197407
0.400000,3.100000,0.082621
0.500000,3.100000,0.277118
0.600000,3.100000,0.430559
0.700000,3.100000,0.557891
0.800000,3.100000,0.666359
0.900000,3.100000,0.760135
1.000000,3.100000,0.841876
1.100000,3.100000,0.913398
1.200000,3.100000,0.975999
1.300000,3.100000,0.974679
1.400000,3.100000,0.824621
1.500000,3.100000,0.624500
1.600000,3.100000,0.282843
1.700000,3.100000,
1.800000,3.100000,
1.900000,3.100000,
2.000000,3.100000,
2.100000,3.100000,
2.200000,3.100000,
2.300000,3.100000,
2.400000,3.100000,
2.500000,3.100000,
2.600000,3.100000,
2.700000,3.100000,
2.800000,3.100000,
2.900000,3.100000,
3.000000,3.100000,
3.100000,3.100000,
3.200000,3.100000,
3.300000,3.100000,
3.400000,3.100000,
3.500000,3.100000,
-3.500000,3.200000,
-3.400000,3.200000,
-3.300000,3.200000,
-3.200000,3.200000,
-3.100000,3.200000,
-3.000000,3.200000,
-2.900000,3.200000,
-2.800000,3.200000,
-2.700000,3.200000,
-2.600000,3.200000,
-2.500000,3.200000,
-2.400000,3.200000,
-2.300000,3.200000,
-2.200000,3.200000,
-2.100000,3.200000,
-2.000000,3.200000,
-1.900000,3.200000,
-1.800000,3.200000,
-1.700000,3.200000,
-1.600000,3.200000,
-1.500000,3.200000,
-1.400000,3.200000,0.223607
-1.300000,3.200000,0.565685
-1.200000,3.200000,0.754983
-1.100000,3.200000,0.888388
-1.000000,3.200000,0.815712
-0.900000,3.200000,0.732511
-0.800000,3.200000,0.636839
-0.700000,3.200000,0.525815
-0.600000,3.200000,0.394837
-0.500000,3.200000,0.235684
-0.400000,3.200000,0.030503
-0.300000,3.200000,-0.281933
-0.200000,3.200000,
-0.100000,3.200000,
0.000000,3.200000,
0.100000,3.200000,
0.200000,3.200000,
0.300000,3.200000,-0.282192
0.400000,3.200000,0.030449
0.500000,3.200000,0.235694
0.600000,3.200000,0.394882
0.700000,3.200000,0.525884
0.800000,3.200000,0.636925
0.900000,3.200000,0.732610
1.000000,3.200000,0.815823
1.100000,3.200000,0.888508
1.200000,3.200000,0.754983
1.300000,3.200000,0.565685
1.400000,3.200000,0.223607
1.500000,3.200000,
1.600000,3.200000,
1.700000,3.200000,
1.800000,3.200000,
1.900000,3.200000,
2.000000,3.200000,
2.100000,3.200000,
2.200000,3.200000,
2.300000,3.200000,
2.400000,3.200000,
2.500000,3.200000,
2.600000,3.200000,
2.700000,3.200000,
2.800000,3.200000,
2.900000,3.200000,
3.000000,3.200000,
3.100000,3.200000,
3.200000,3.200000,
3.300000,3.200000,
3.400000,3.200000,
3.500000,3.200000,
-3.500000,3.300000,
-3.400000,3.300000,
-3.300000,3.300000,
-3.200000,3.300000,
-3.100000,3.300000,
-3.000000,3.300000,
-2.900000,3.300000,
-2.800000,3.300000,
-2.700000,3.300000,
-2.600000,3.300000,
-2.500000,3.300000,
-2.400000,3.300000,
-2.300000,3.300000,
-2.200000,3.300000,
-2.100000,3.300000,
-2.000000,3.300000,
-1.900000,3.300000,
-1.800000,3.300000,
-1.700000,3.300000,
-1.600000,3.300000,
-1.500000,3.300000,
-1.400000,3.300000,
-1.300000,3.300000,
-1.200000,3.300000,
-1.100000,3.300000,0.387298
-1.000000,3.300000,0.600000
-0.900000,3.300000,0.697392
-0.800000,3.300000,0.599164
-0.700000,3.300000,0.484656
-0.600000,3.300000,0.348617
-0.500000,3.300000,0.181285
-0.400000,3.300000,-0.040262
-0.300000,3.300000,-0.420188
-0.200000,3.300000,
-0.100000,3.300000,
0.000000,3.300000,
0.100000,3.300000,
0.200000,3.300000,
0.300000,3.300000,-0.420687
0.400000,3.300000,-0.040354
0.500000,3.300000,0.181275
0.600000,3.300000,0.348648
0.700000,3.300000,0.484714
0.800000,3.300000,0.599241
0.900000,3.300000,0.697483
1.000000,3.300000,0.600000
1.100000,3.300000,0.387298
1.200000,3.300000,
1.300000,3.300000,
1.400000,3.300000,
1.500000,3.300000,
1.600000,3.300000,
1.700000,3.300000,
1.800000,3.300000,
1.900000,3.300000,
2.000000,3.300000,
2.100000,3.300000,
2.200000,3.300000,
2.300000,3.300000,
2.400000,3.300000,
2.500000,3.300000,
2.600000,3.300000,
2.700000,3.300000,
2.800000,3.300000,
2.900000,3.300000,
3.000000,3.300000,
3.100000,3.300000,
3.200000,3.300000,
3.300000,3.300000,
3.400000,3.300000,
3.500000,3.300000,
-3.500000,3.400000,
-3.400000,3.400000,
-3.300000,3.400000,
-3.200000,3.400000,
-3.100000,3.400000,
-3.000000,3.400000,
-2.900000,3.400000,
-2.800000,3.400000,
-2.700000,3.400000,
-2.600000,3.400000,
-2.500000,3.400000,
-2.400000,3.400000,
-2.300000,3.400000,
-2.200000,3.400000,
-2.100000,3.400000,
-2.000000,3.400000,
-1.900000,3.400000,
-1.800000,3.400000,
-1.700000,3.400000,
-1.600000,3.400000,
-1.500000,3.400000,
-1.400000,3.400000,
-1.300000,3.400000,
-1.200000,3.400000,
-1.100000,3.400000,
-1.000000,3.400000,
-0.900000,3.400000,
-0.800000,3.400000,0.223607
-0.700000,3.400000,0.433350
-0.600000,3.400000,0.290385
-0.500000,3.400000,0.111332
-0.400000,3.400000,-0.136452
-0.300000,3.400000,
-0.200000,3.400000,
-0.100000,3.400000,
0.000000,3.400000,
0.100000,3.400000,
0.200000,3.400000,
0.300000,3.400000,
0.400000,3.400000,-0.136605
0.500000,3.400000,0.111295
0.600000,3.400000,0.290400
0.700000,3.400000,0.433395
0.800000,3.400000,0.223607
0.900000,3.400000,
1.000000,3.400000,
1.100000,3.400000,
1.200000,3.400000,
1.300000,3.400000,
1.400000,3.400000,
1.500000,3.400000,
1.600000,3.400000,
1.700000,3.400000,
1.800000,3.400000,
1.900000,3.400000,
2.000000,3.400000,
2.100000,3.400000,
2.200000,3.400000,
2.300000,3.400000,
2.400000,3.400000,
2.500000,3.400000,
2.600000,3.400000,
2.700000,3.400000,
2.800000,3.400000,
2.900000,3.400000,
3.000000,3.400000,
3.100000,3.400000,
3.200000,3.400000,
3.300000,3.400000,
3.400000,3.400000,
3.500000,3.400000,
-3.500000,3.500000,
-3.400000,3.500000,
-3.300000,3.500000,
-3.200000,3.500000,
-3.100000,3.500000,
-3.000000,3.500000,
-2.900000,3.500000,
-2.800000,3.500000,
-2.700000,3.500000,
-2.600000,3.500000,
-2.500000,3.500000,
-2.400000,3.500000,
-2.300000,3.500000,
-2.200000,3.500000,
-2.100000,3.500000,
-2.000000,3.500000,
-1.900000,3.500000,
-1.800000,3.500000,
-1.700000,3.500000,
-1.600000,3.500000,
-1.500000,3.500000,
-1.400000,3.500000,
-1.300000,3.500000,
-1.200000,3.500000,
-1.100000,3.500000,
-1.000000,3.500000,
-0.900000,3.500000,
-0.800000,3.500000,
-0.700000,3.500000,
-0.600000,3.500000,
-0.500000,3.500000,
-0.400000,3.500000,
-0.300000,3.500000,
-0.200000,3.500000,
-0.100000,3.500000,
0.000000,3.500000,
0.100000,3.500000,
0.200000,3.500000,
0.300000,3.500000,
0.400000,3.500000,
0.500000,3.500000,
0.600000,3.500000,
0.700000,3.500000,
0.800000,3.500000,
0.900000,3.500000,
1.000000,3.500000,
1.100000,3.500000,
1.200000,3.500000,
1.300000,3.500000,
1.400000,3.500000,
1.500000,3.500000,
1.600000,3.500000,
1.700000,3.500000,
1.800000,3.500000,
1.900000,3.500000,
2.000000,3.500000,
2.100000,3.500000,
2.200000,3.500000,
2.300000,3.500000,
2.400000,3.500000,
2.500000,3.500000,
2.600000,3.500000,
2.700000,3.500000,
2.800000,3.500000,
2.900000,3.500000,
3.000000,3.500000,
3.100000,3.500000,
3.200000,3.500000,
3.300000,3.500000,
3.400000,3.500000,
3.500000,3.500000,
