x,y,z
-3.500000,-3.500000,
-3.400000,-3.500000,
-3.300000,-3.500000,
-3.200000,-3.500000,
-3.100000,-3.500000,
-3.000000,-3.500000,
-2.900000,-3.500000,
-2.800000,-3.500000,
-2.700000,-3.500000,
-2.600000,-3.500000,
-2.500000,-3.500000,
-2.400000,-3.500000,
-2.300000,-3.500000,
-2.200000,-3.500000,
-2.100000,-3.500000,
-2.000000,-3.500000,
-1.900000,-3.500000,
-1.800000,-3.500000,
-1.700000,-3.500000,
-1.600000,-3.500000,
-1.500000,-3.500000,
-1.400000,-3.500000,
-1.300000,-3.500000,
-1.200000,-3.500000,
-1.100000,-3.500000,
-1.000000,-3.500000,
-0.900000,-3.500000,
-0.800000,-3.500000,
-0.700000,-3.500000,
-0.600000,-3.500000,
-0.500000,-3.500000,
-0.400000,-3.500000,
-0.300000,-3.500000,
-0.200000,-3.500000,
-0.100000,-3.500000,
0.000000,-3.500000,
0.100000,-3.500000,
0.200000,-3.500000,
0.300000,-3.500000,
0.400000,-3.500000,
0.500000,-3.500000,
0.600000,-3.500000,
0.700000,-3.500000,
0.800000,-3.500000,
0.900000,-3.500000,
1.000000,-3.500000,
1.100000,-3.500000,
1.200000,-3.500000,
1.300000,-3.500000,
1.400000,-3.500000,
1.500000,-3.500000,
1.600000,-3.500000,
1.700000,-3.500000,
1.800000,-3.500000,
1.900000,-3.500000,
2.000000,-3.500000,
2.100000,-3.500000,
2.200000,-3.500000,
2.300000,-3.500000,
2.400000,-3.500000,
2.500000,-3.500000,
2.600000,-3.500000,
2.700000,-3.500000,
2.800000,-3.500000,
2.900000,-3.500000,
3.000000,-3.500000,
3.100000,-3.500000,
3.200000,-3.500000,
3.300000,-3.500000,
3.400000,-3.500000,
3.500000,-3.500000,
-3.500000,-3.400000,
-3.400000,-3.400000,
-3.300000,-3.400000,
-3.200000,-3.400000,
-3.100000,-3.400000,
-3.000000,-3.400000,
-2.900000,-3.400000,
-2.800000,-3.400000,
-2.700000,-3.400000,
-2.600000,-3.400000,
-2.500000,-3.400000,
-2.400000,-3.400000,
-2.300000,-3.400000,
-2.200000,-3.400000,
-2.100000,-3.400000,
-2.000000,-3.400000,
-1.900000,-3.400000,
-1.800000,-3.400000,
-1.700000,-3.400000,
-1.600000,-3.400000,
-1.500000,-3.400000,
-1.400000,-3.400000,
-1.300000,-3.400000,
-1.200000,-3.400000,
-1.100000,-3.400000,
-1.000000,-3.400000,
-0.900000,-3.400000,
-0.800000,-3.400000,
-0.700000,-3.400000,
-0.600000,-3.400000,
-0.500000,-3.400000,
-0.400000,-3.400000,
-0.300000,-3.400000,
-0.200000,-3.400000,
-0.100000,-3.400000,
0.000000,-3.400000,
0.100000,-3.400000,
0.200000,-3.400000,
0.300000,-3.400000,
0.400000,-3.400000,
0.500000,-3.400000,
0.600000,-3.400000,
0.700000,-3.400000,
0.800000,-3.400000,
0.900000,-3.400000,
1.000000,-3.400000,
1.100000,-3.400000,
1.200000,-3.400000,
1.300000,-3.400000,
1.400000,-3.400000,
1.500000,-3.400000,
1.600000,-3.400000,
1.700000,-3.400000,
1.800000,-3.400000,
1.900000,-3.400000,
2.000000,-3.400000,
2.100000,-3.400000,
2.200000,-3.400000,
2.300000,-3.400000,
2.400000,-3.400000,
2.500000,-3.400000,
2.600000,-3.400000,
2.700000,-3.400000,
2.800000,-3.400000,
2.900000,-3.400000,
3.000000,-3.400000,
3.100000,-3.400000,
3.200000,-3.400000,
3.300000,-3.400000,
3.400000,-3.400000,
3.500000,-3.400000,
-3.500000,-3.300000,
-3.400000,-3.300000,
-3.300000,-3.300000,
-3.200000,-3.300000,
-3.100000,-3.300000,
-3.000000,-3.300000,
-2.900000,-3.300000,
-2.800000,-3.300000,
-2.700000,-3.300000,
-2.600000,-3.300000,
-2.500000,-3.300000,
-2.400000,-3.300000,
-2.300000,-3.300000,
-2.200000,-3.300000,
-2.100000,-3.300000,
-2.000000,-3.300000,
-1.900000,-3.300000,
-1.800000,-3.300000,
-1.700000,-3.300000,
-1.600000,-3.300000,
-1.500000,-3.300000,
-1.400000,-3.300000,
-1.300000,-3.300000,
-1.200000,-3.300000,
-1.100000,-3.300000,
-1.000000,-3.300000,
-0.900000,-3.300000,
-0.800000,-3.300000,
-0.700000,-3.300000,
-0.600000,-3.300000,
-0.500000,-3.300000,
-0.400000,-3.300000,
-0.300000,-3.300000,
-0.200000,-3.300000,
-0.100000,-3.300000,
0.000000,-3.300000,
0.100000,-3.300000,
0.200000,-3.300000,
0.300000,-3.300000,
0.400000,-3.300000,
0.500000,-3.300000,-1.033742
0.600000,-3.300000,-0.921044
0.700000,-3.300000,-0.824401
0.800000,-3.300000,-0.740685
0.900000,-3.300000,-0.667817
1.000000,-3.300000,
1.100000,-3.300000,
1.200000,-3.300000,
1.300000,-3.300000,
1.400000,-3.300000,
1.500000,-3.300000,
1.600000,-3.300000,
1.700000,-3.300000,
1.800000,-3.300000,
1.900000,-3.300000,
2.000000,-3.300000,
2.100000,-3.300000,
2.200000,-3.300000,
2.300000,-3.300000,
2.400000,-3.300000,
2.500000,-3.300000,
2.600000,-3.300000,
2.700000,-3.300000,
2.800000,-3.300000,
2.900000,-3.300000,
3.000000,-3.300000,
3.100000,-3.300000,
3.200000,-3.300000,
3.300000,-3.300000,
3.400000,-3.300000,
3.500000,-3.300000,
-3.500000,-3.200000,
-3.400000,-3.200000,
-3.300000,-3.200000,
-3.200000,-3.200000,
-3.100000,-3.200000,
-3.000000,-3.200000,
-2.900000,-3.200000,
-2.800000,-3.200000,
-2.700000,-3.200000,
-2.600000,-3.200000,
-2.500000,-3.200000,
-2.400000,-3.200000,
-2.300000,-3.200000,
-2.200000,-3.200000,
-2.100000,-3.200000,
-2.000000,-3.200000,
-1.900000,-3.200000,
-1.800000,-3.200000,
-1.700000,-3.200000,
-1.600000,-3.200000,
-1.500000,-3.200000,
-1.400000,-3.200000,
-1.300000,-3.200000,
-1.200000,-3.200000,
-1.100000,-3.200000,
-1.000000,-3.200000,
-0.900000,-3.200000,
-0.800000,-3.200000,
-0.700000,-3.200000,
-0.600000,-3.200000,
-0.500000,-3.200000,
-0.400000,-3.200000,
-0.300000,-3.200000,
-0.200000,-3.200000,
-0.100000,-3.200000,
0.000000,-3.200000,
0.100000,-3.200000,
0.200000,-3.200000,
0.300000,-3.200000,-1.270434
0.400000,-3.200000,-1.115068
0.500000,-3.200000,-0.986861
0.600000,-3.200000,-0.878064
0.700000,-3.200000,-0.784291
0.800000,-3.200000,-0.702772
0.900000,-3.200000,-0.631630
1.000000,-3.200000,-0.569533
1.100000,-3.200000,-0.515497
1.200000,-3.200000,-0.468781
1.300000,-3.200000,-0.428814
1.400000,-3.200000,
1.500000,-3.200000,
1.600000,-3.200000,
1.700000,-3.200000,
1.800000,-3.200000,
1.900000,-3.200000,
2.000000,-3.200000,
2.100000,-3.200000,
2.200000,-3.200000,
2.300000,-3.200000,
2.400000,-3.200000,
2.500000,-3.200000,
2.600000,-3.200000,
2.700000,-3.200000,
2.800000,-3.200000,
2.900000,-3.200000,
3.000000,-3.200000,
3.100000,-3.200000,
3.200000,-3.200000,
3.300000,-3.200000,
3.400000,-3.200000,
3.500000,-3.200000,
-3.500000,-3.100000,
-3.400000,-3.100000,
-3.300000,-3.100000,
-3.200000,-3.100000,
-3.100000,-3.100000,
-3.000000,-3.100000,
-2.900000,-3.100000,
-2.800000,-3.100000,
-2.700000,-3.100000,
-2.600000,-3.100000,
-2.500000,-3.100000,
-2.400000,-3.100000,
-2.300000,-3.100000,
-2.200000,-3.100000,
-2.100000,-3.100000,
-2.000000,-3.100000,
-1.900000,-3.100000,
-1.800000,-3.100000,
-1.700000,-3.100000,
-1.600000,-3.100000,
-1.500000,-3.100000,
-1.400000,-3.100000,
-1.300000,-3.100000,
-1.200000,-3.100000,
-1.100000,-3.100000,
-1.000000,-3.100000,
-0.900000,-3.100000,
-0.800000,-3.100000,
-0.700000,-3.100000,
-0.600000,-3.100000,
-0.500000,-3.100000,
-0.400000,-3.100000,
-0.300000,-3.100000,
-0.200000,-3.100000,
-0.100000,-3.100000,
0.000000,-3.100000,
0.100000,-3.100000,
0.200000,-3.100000,-1.409729
0.300000,-3.100000,-1.222464
0.400000,-3.100000,-1.073523
0.500000,-3.100000,-0.949468
0.600000,-3.100000,-0.843602
0.700000,-3.100000,-0.752013
0.800000,-3.100000,-0.672181
0.900000,-3.100000,-0.602376
1.000000,-3.100000,-0.541355
1.100000,-3.100000,-0.488192
1.200000,-3.100000,-0.442189
1.300000,-3.100000,-0.402804
1.400000,-3.100000,-0.369616
1.500000,-3.100000,-0.342299
1.600000,-3.100000,
1.700000,-3.100000,
1.800000,-3.100000,
1.900000,-3.100000,
2.000000,-3.100000,
2.100000,-3.100000,
2.200000,-3.100000,
2.300000,-3.100000,
2.400000,-3.100000,
2.500000,-3.100000,
2.600000,-3.100000,
2.700000,-3.100000,
2.800000,-3.100000,
2.900000,-3.100000,
3.000000,-3.100000,
3.100000,-3.100000,
3.200000,-3.100000,
3.300000,-3.100000,
3.400000,-3.100000,
3.500000,-3.100000,
-3.500000,-3.000000,
-3.400000,-3.000000,
-3.300000,-3.000000,
-3.200000,-3.000000,
-3.100000,-3.000000,
-3.000000,-3.000000,
-2.900000,-3.000000,
-2.800000,-3.000000,
-2.700000,-3.000000,
-2.600000,-3.000000,
-2.500000,-3.000000,
-2.400000,-3.000000,
-2.300000,-3.000000,
-2.200000,-3.000000,
-2.100000,-3.000000,
-2.000000,-3.000000,
-1.900000,-3.000000,
-1.800000,-3.000000,
-1.700000,-3.000000,
-1.600000,-3.000000,
-1.500000,-3.000000,
-1.400000,-3.000000,
-1.300000,-3.000000,
-1.200000,-3.000000,
-1.100000,-3.000000,
-1.000000,-3.000000,
-0.900000,-3.000000,
-0.800000,-3.000000,
-0.700000,-3.000000,
-0.600000,-3.000000,
-0.500000,-3.000000,
-0.400000,-3.000000,
-0.300000,-3.000000,
-0.200000,-3.000000,
-0.100000,-3.000000,
0.000000,-3.000000,
0.100000,-3.000000,-1.609550
0.200000,-3.000000,-1.365588
0.300000,-3.000000,-1.186210
0.400000,-3.000000,-1.041804
0.500000,-3.000000,-0.920750
0.600000,-3.000000,-0.817033
0.700000,-3.000000,-0.727062
0.800000,-3.000000,-0.648490
0.900000,-3.000000,-0.579686
1.000000,-3.000000,-0.519473
1.100000,-3.000000,-0.466971
1.200000,-3.000000,-0.421507
1.300000,-3.000000,-0.382562
1.400000,-3.000000,-0.349732
1.500000,-3.000000,-0.322700
1.600000,-3.000000,-0.301222
1.700000,-3.000000,-0.285115
1.800000,-3.000000,
1.900000,-3.000000,
2.000000,-3.000000,
2.100000,-3.000000,
2.200000,-3.000000,
2.300000,-3.000000,
2.400000,-3.000000,
2.500000,-3.000000,
2.600000,-3.000000,
2.700000,-3.000000,
2.800000,-3.000000,
2.900000,-3.000000,
3.000000,-3.000000,
3.100000,-3.000000,
3.200000,-3.000000,
3.300000,-3.000000,
3.400000,-3.000000,
3.500000,-3.000000,
-3.500000,-2.900000,
-3.400000,-2.900000,
-3.300000,-2.900000,
-3.200000,-2.900000,
-3.100000,-2.900000,
-3.000000,-2.900000,
-2.900000,-2.900000,
-2.800000,-2.900000,
-2.700000,-2.900000,
-2.600000,-2.900000,
-2.500000,-2.900000,
-2.400000,-2.900000,
-2.300000,-2.900000,
-2.200000,-2.900000,
-2.100000,-2.900000,
-2.000000,-2.900000,
-1.900000,-2.900000,
-1.800000,-2.900000,
-1.700000,-2.900000,
-1.600000,-2.900000,
-1.500000,-2.900000,
-1.400000,-2.900000,
-1.300000,-2.900000,
-1.200000,-2.900000,
-1.100000,-2.900000,
-1.000000,-2.900000,
-0.900000,-2.900000,
-0.800000,-2.900000,
-0.700000,-2.900000,
-0.600000,-2.900000,
-0.500000,-2.900000,
-0.400000,-2.900000,
-0.300000,-2.900000,
-0.200000,-2.900000,
-0.100000,-2.900000,
0.000000,-2.900000,
0.100000,-2.900000,-1.567186
0.200000,-2.900000,-1.334690
0.300000,-2.900000,-1.160480
0.400000,-2.900000,-1.019138
0.500000,-2.900000,-0.900145
0.600000,-2.900000,-0.797920
0.700000,-2.900000,-0.709079
0.800000,-2.900000,-0.631389
0.900000,-2.900000,-0.563292
1.000000,-2.900000,-0.503651
1.100000,-2.900000,-0.451615
1.200000,-2.900000,-0.406534
1.300000,-2.900000,-0.367902
1.400000,-2.900000,-0.335326
1.500000,-2.900000,-0.308496
1.600000,-2.900000,-0.287175
1.700000,-2.900000,-0.271184
1.800000,-2.900000,-0.260391
1.900000,-2.900000,-0.254713
2.000000,-2.900000,
2.100000,-2.900000,
2.200000,-2.900000,
2.300000,-2.900000,
2.400000,-2.900000,
2.500000,-2.900000,
2.600000,-2.900000,
2.700000,-2.900000,
2.800000,-2.900000,
2.900000,-2.900000,
3.000000,-2.900000,
3.100000,-2.900000,
3.200000,-2.900000,
3.300000,-2.900000,
3.400000,-2.900000,
3.500000,-2.900000,
-3.500000,-2.800000,
-3.400000,-2.800000,
-3.300000,-2.800000,
-3.200000,-2.800000,
-3.100000,-2.800000,
-3.000000,-2.800000,
-2.900000,-2.800000,
-2.800000,-2.800000,
-2.700000,-2.800000,
-2.600000,-2.800000,
-2.500000,-2.800000,
-2.400000,-2.800000,
-2.300000,-2.800000,
-2.200000,-2.800000,
-2.100000,-2.800000,
-2.000000,-2.800000,
-1.900000,-2.800000,
-1.800000,-2.800000,
-1.700000,-2.800000,
-1.600000,-2.800000,
-1.500000,-2.800000,
-1.400000,-2.800000,
-1.300000,-2.800000,
-1.200000,-2.800000,
-1.100000,-2.800000,
-1.000000,-2.800000,
-0.900000,-2.800000,
-0.800000,-2.800000,
-0.700000,-2.800000,
-0.600000,-2.800000,
-0.500000,-2.800000,
-0.400000,-2.800000,
-0.300000,-2.800000,
-0.200000,-2.800000,
-0.100000,-2.800000,
0.000000,-2.800000,-1.927446
0.100000,-2.800000,-1.541743
0.200000,-2.800000,-1.315692
0.300000,-2.800000,-1.144526
0.400000,-2.800000,-1.005023
0.500000,-2.800000,-0.887279
0.600000,-2.800000,-0.785965
0.700000,-2.800000,-0.697817
0.800000,-2.800000,-0.620671
0.900000,-2.800000,-0.553008
1.000000,-2.800000,-0.493720
1.100000,-2.800000,-0.441974
1.200000,-2.800000,-0.397130
1.300000,-2.800000,-0.358692
1.400000,-2.800000,-0.326273
1.500000,-2.800000,-0.299569
1.600000,-2.800000,-0.278346
1.700000,-2.800000,-0.262426
1.800000,-2.800000,-0.251682
1.900000,-2.800000,-0.246028
2.000000,-2.800000,-0.245423
2.100000,-2.800000,
2.200000,-2.800000,
2.300000,-2.800000,
2.400000,-2.800000,
2.500000,-2.800000,
2.600000,-2.800000,
2.700000,-2.800000,
2.800000,-2.800000,
2.900000,-2.800000,
3.000000,-2.800000,
3.100000,-2.800000,
3.200000,-2.800000,
3.300000,-2.800000,
3.400000,-2.800000,
3.500000,-2.800000,
-3.500000,-2.700000,
-3.400000,-2.700000,
-3.300000,-2.700000,
-3.200000,-2.700000,
-3.100000,-2.700000,
-3.000000,-2.700000,
-2.900000,-2.700000,
-2.800000,-2.700000,
-2.700000,-2.700000,
-2.600000,-2.700000,
-2.500000,-2.700000,
-2.400000,-2.700000,
-2.300000,-2.700000,
-2.200000,-2.700000,
-2.100000,-2.700000,
-2.000000,-2.700000,
-1.900000,-2.700000,
-1.800000,-2.700000,
-1.700000,-2.700000,
-1.600000,-2.700000,
-1.500000,-2.700000,
-1.400000,-2.700000,
-1.300000,-2.700000,
-1.200000,-2.700000,
-1.100000,-2.700000,
-1.000000,-2.700000,
-0.900000,-2.700000,
-0.800000,-2.700000,
-0.700000,-2.700000,
-0.600000,-2.700000,
-0.500000,-2.700000,
-0.400000,-2.700000,
-0.300000,-2.700000,
-0.200000,-2.700000,
-0.100000,-2.700000,
0.000000,-2.700000,-1.904553
0.100000,-2.700000,-1.531371
0.200000,-2.700000,-1.307858
0.300000,-2.700000,-1.137919
0.400000,-2.700000,-0.999164
0.500000,-2.700000,-0.881932
0.600000,-2.700000,-0.780991
0.700000,-2.700000,-0.693128
0.800000,-2.700000,-0.616207
0.900000,-2.700000,-0.548724
1.000000,-2.700000,-0.489581
1.100000,-2.700000,-0.437954
1.200000,-2.700000,-0.393209
1.300000,-2.700000,-0.354851
1.400000,-2.700000,-0.322498
1.500000,-2.700000,-0.295846
1.600000,-2.700000,-0.274663
1.700000,-2.700000,-0.258773
1.800000,-2.700000,-0.248048
1.900000,-2.700000,-0.242405
2.000000,-2.700000,-0.241801
2.100000,-2.700000,-0.246230
2.200000,-2.700000,-0.255727
2.300000,-2.700000,
2.400000,-2.700000,
2.500000,-2.700000,
2.600000,-2.700000,
2.700000,-2.700000,
2.800000,-2.700000,
2.900000,-2.700000,
3.000000,-2.700000,
3.100000,-2.700000,
3.200000,-2.700000,
3.300000,-2.700000,
3.400000,-2.700000,
3.500000,-2.700000,
-3.500000,-2.600000,
-3.400000,-2.600000,
-3.300000,-2.600000,
-3.200000,-2.600000,
-3.100000,-2.600000,
-3.000000,-2.600000,
-2.900000,-2.600000,
-2.800000,-2.600000,
-2.700000,-2.600000,
-2.600000,-2.600000,
-2.500000,-2.600000,
-2.400000,-2.600000,
-2.300000,-2.600000,
-2.200000,-2.600000,
-2.100000,-2.600000,
-2.000000,-2.600000,
-1.900000,-2.600000,
-1.800000,-2.600000,
-1.700000,-2.600000,
-1.600000,-2.600000,
-1.500000,-2.600000,
-1.400000,-2.600000,
-1.300000,-2.600000,
-1.200000,-2.600000,
-1.100000,-2.600000,
-1.000000,-2.600000,
-0.900000,-2.600000,
-0.800000,-2.600000,
-0.700000,-2.600000,
-0.600000,-2.600000,
-0.500000,-2.600000,
-0.400000,-2.600000,
-0.300000,-2.600000,
-0.200000,-2.600000,
-0.100000,-2.600000,
0.000000,-2.600000,-1.913278
0.100000,-2.600000,-1.535394
0.200000,-2.600000,-1.310903
0.300000,-2.600000,-1.140489
0.400000,-2.600000,-1.001444
0.500000,-2.600000,-0.884014
0.600000,-2.600000,-0.782927
0.700000,-2.600000,-0.694954
0.800000,-2.600000,-0.617945
0.900000,-2.600000,-0.550392
1.000000,-2.600000,-0.491193
1.100000,-2.600000,-0.439520
1.200000,-2.600000,-0.394736
1.300000,-2.600000,-0.356347
1.400000,-2.600000,-0.323968
1.500000,-2.600000,-0.297296
1.600000,-2.600000,-0.276097
1.700000,-2.600000,-0.260196
1.800000,-2.600000,-0.249463
1.900000,-2.600000,-0.243816
2.000000,-2.600000,-0.243211
2.100000,-2.600000,-0.247644
2.200000,-2.600000,-0.257148
2.300000,-2.600000,-0.271797
2.400000,-2.600000,
2.500000,-2.600000,
2.600000,-2.600000,
2.700000,-2.600000,
2.800000,-2.600000,
2.900000,-2.600000,
3.000000,-2.600000,
3.100000,-2.600000,
3.200000,-2.600000,
3.300000,-2.600000,
3.400000,-2.600000,
3.500000,-2.600000,
-3.500000,-2.500000,
-3.400000,-2.500000,
-3.300000,-2.500000,
-3.200000,-2.500000,
-3.100000,-2.500000,
-3.000000,-2.500000,
-2.900000,-2.500000,
-2.800000,-2.500000,
-2.700000,-2.500000,
-2.600000,-2.500000,
-2.500000,-2.500000,
-2.400000,-2.500000,
-2.300000,-2.500000,
-2.200000,-2.500000,
-2.100000,-2.500000,
-2.000000,-2.500000,
-1.900000,-2.500000,
-1.800000,-2.500000,-1.639669
-1.700000,-2.500000,-1.736296
-1.600000,-2.500000,-1.848482
-1.500000,-2.500000,
-1.400000,-2.500000,
-1.300000,-2.500000,
-1.200000,-2.500000,
-1.100000,-2.500000,
-1.000000,-2.500000,
-0.900000,-2.500000,
-0.800000,-2.500000,
-0.700000,-2.500000,
-0.600000,-2.500000,
-0.500000,-2.500000,
-0.400000,-2.500000,
-0.300000,-2.500000,
-0.200000,-2.500000,
-0.100000,-2.500000,
0.000000,-2.500000,-1.956629
0.100000,-2.500000,-1.554071
0.200000,-2.500000,-1.324937
0.300000,-2.500000,-1.152302
0.400000,-2.500000,-1.011908
0.500000,-2.500000,-0.893558
0.600000,-2.500000,-0.791801
0.700000,-2.500000,-0.703316
0.800000,-2.500000,-0.625906
0.900000,-2.500000,-0.558031
1.000000,-2.500000,-0.498571
1.100000,-2.500000,-0.446684
1.200000,-2.500000,-0.401724
1.300000,-2.500000,-0.363192
1.400000,-2.500000,-0.330697
1.500000,-2.500000,-0.303931
1.600000,-2.500000,-0.282661
1.700000,-2.500000,-0.266706
1.800000,-2.500000,-0.255938
1.900000,-2.500000,-0.250272
2.000000,-2.500000,-0.249666
2.100000,-2.500000,-0.254113
2.200000,-2.500000,-0.263648
2.300000,-2.500000,-0.278346
2.400000,-2.500000,-0.298324
2.500000,-2.500000,
2.600000,-2.500000,
2.700000,-2.500000,
2.800000,-2.500000,
2.900000,-2.500000,
3.000000,-2.500000,
3.100000,-2.500000,
3.200000,-2.500000,
3.300000,-2.500000,
3.400000,-2.500000,
3.500000,-2.500000,
-3.500000,-2.400000,
-3.400000,-2.400000,
-3.300000,-2.400000,
-3.200000,-2.400000,
-3.100000,-2.400000,
-3.000000,-2.400000,
-2.900000,-2.400000,
-2.800000,-2.400000,
-2.700000,-2.400000,
-2.600000,-2.400000,
-2.500000,-2.400000,
-2.400000,-2.400000,
-2.300000,-2.400000,
-2.200000,-2.400000,
-2.100000,-2.400000,-1.395324
-2.000000,-2.400000,-1.458613
-1.900000,-2.400000,-1.530898
-1.800000,-2.400000,-1.613504
-1.700000,-2.400000,-1.708291
-1.600000,-2.400000,-1.817992
-1.500000,-2.400000,-1.946918
-1.400000,-2.400000,-2.102621
-1.300000,-2.400000,
-1.200000,-2.400000,
-1.100000,-2.400000,
-1.000000,-2.400000,
-0.900000,-2.400000,
-0.800000,-2.400000,
-0.700000,-2.400000,
-0.600000,-2.400000,
-0.500000,-2.400000,
-0.400000,-2.400000,
-0.300000,-2.400000,
-0.200000,-2.400000,
-0.100000,-2.400000,
0.000000,-2.400000,-2.059154
0.100000,-2.400000,-1.588678
0.200000,-2.400000,-1.350485
0.300000,-2.400000,-1.173667
0.400000,-2.400000,-1.030770
0.500000,-2.400000,-0.910728
0.600000,-2.400000,-0.807742
0.700000,-2.400000,-0.718324
0.800000,-2.400000,-0.640183
0.900000,-2.400000,-0.571724
1.000000,-2.400000,-0.511790
1.100000,-2.400000,-0.459515
1.200000,-2.400000,-0.414238
1.300000,-2.400000,-0.375446
1.400000,-2.400000,-0.342739
1.500000,-2.400000,-0.315806
1.600000,-2.400000,-0.294405
1.700000,-2.400000,-0.278354
1.800000,-2.400000,-0.267522
1.900000,-2.400000,-0.261823
2.000000,-2.400000,-0.261213
2.100000,-2.400000,-0.265686
2.200000,-2.400000,-0.275278
2.300000,-2.400000,-0.290064
2.400000,-2.400000,-0.310164
2.500000,-2.400000,-0.335748
2.600000,-2.400000,
2.700000,-2.400000,
2.800000,-2.400000,
2.900000,-2.400000,
3.000000,-2.400000,
3.100000,-2.400000,
3.200000,-2.400000,
3.300000,-2.400000,
3.400000,-2.400000,
3.500000,-2.400000,
-3.500000,-2.300000,
-3.400000,-2.300000,
-3.300000,-2.300000,
-3.200000,-2.300000,
-3.100000,-2.300000,
-3.000000,-2.300000,
-2.900000,-2.300000,
-2.800000,-2.300000,
-2.700000,-2.300000,
-2.600000,-2.300000,
-2.500000,-2.300000,
-2.400000,-2.300000,
-2.300000,-2.300000,-1.276420
-2.200000,-2.300000,-1.323995
-2.100000,-2.300000,-1.378748
-2.000000,-2.300000,-1.441399
-1.900000,-2.300000,-1.512891
-1.800000,-2.300000,-1.594498
-1.700000,-2.300000,-1.687993
-1.600000,-2.300000,-1.795963
-1.500000,-2.300000,-1.922440
-1.400000,-2.300000,-2.074360
-1.300000,-2.300000,-2.265781
-1.200000,-2.300000,
-1.100000,-2.300000,
-1.000000,-2.300000,
-0.900000,-2.300000,
-0.800000,-2.300000,-2.464965
-0.700000,-2.300000,-2.450391
-0.600000,-2.300000,-2.447657
-0.500000,-2.300000,-2.456648
-0.400000,-2.300000,-2.477746
-0.300000,-2.300000,-2.511919
-0.200000,-2.300000,-2.560966
-0.100000,-2.300000,-2.628118
0.000000,-2.300000,
0.100000,-2.300000,-1.642021
0.200000,-2.300000,-1.388595
0.300000,-2.300000,-1.205183
0.400000,-2.300000,-1.058437
0.500000,-2.300000,-0.935826
0.600000,-2.300000,-0.830992
0.700000,-2.300000,-0.740178
0.800000,-2.300000,-0.660948
0.900000,-2.300000,-0.591622
1.000000,-2.300000,-0.530986
1.100000,-2.300000,-0.478138
1.200000,-2.300000,-0.432392
1.300000,-2.300000,-0.393217
1.400000,-2.300000,-0.360199
1.500000,-2.300000,-0.333018
1.600000,-2.300000,-0.311424
1.700000,-2.300000,-0.295232
1.800000,-2.300000,-0.284307
1.900000,-2.300000,-0.278559
2.000000,-2.300000,-0.277943
2.100000,-2.300000,-0.282455
2.200000,-2.300000,-0.292130
2.300000,-2.300000,-0.307045
2.400000,-2.300000,-0.327325
2.500000,-2.300000,-0.353143
2.600000,-2.300000,-0.384732
2.700000,-2.300000,
2.800000,-2.300000,
2.900000,-2.300000,
3.000000,-2.300000,
3.100000,-2.300000,
3.200000,-2.300000,
3.300000,-2.300000,
3.400000,-2.300000,
3.500000,-2.300000,
-3.500000,-2.200000,
-3.400000,-2.200000,
-3.300000,-2.200000,
-3.200000,-2.200000,
-3.100000,-2.200000,
-3.000000,-2.200000,
-2.900000,-2.200000,
-2.800000,-2.200000,
-2.700000,-2.200000,
-2.600000,-2.200000,
-2.500000,-2.200000,-1.072357
-2.400000,-2.200000,-1.116682
-2.300000,-2.200000,-1.170565
-2.200000,-2.200000,-1.235311
-2.100000,-2.200000,-1.312829
-2.000000,-2.200000,-1.406051
-1.900000,-2.200000,-1.501397
-1.800000,-2.200000,-1.582379
-1.700000,-2.200000,-1.675069
-1.600000,-2.200000,-1.781966
-1.500000,-2.200000,-1.906938
-1.400000,-2.200000,-2.056561
-1.300000,-2.200000,-2.243915
-1.200000,-2.200000,-2.435536
-1.100000,-2.200000,-2.377247
-1.000000,-2.200000,-2.332650
-0.900000,-2.200000,-2.299919
-0.800000,-2.200000,-2.277919
-0.700000,-2.200000,-2.265968
-0.600000,-2.200000,-2.263718
-0.500000,-2.200000,-2.271107
-0.400000,-2.200000,-2.288345
-0.300000,-2.200000,-2.315947
-0.200000,-2.200000,-2.354817
-0.100000,-2.200000,-2.406416
0.000000,-2.200000,-2.473112
0.100000,-2.200000,-1.719941
0.200000,-2.200000,-1.441085
0.300000,-2.200000,-1.247825
0.400000,-2.200000,-1.095550
0.500000,-2.200000,-0.969326
0.600000,-2.200000,-0.861923
0.700000,-2.200000,-0.769185
0.800000,-2.200000,-0.688464
0.900000,-2.200000,-0.617954
1.000000,-2.200000,-0.556364
1.100000,-2.200000,-0.502740
1.200000,-2.200000,-0.456360
1.300000,-2.200000,-0.416666
1.400000,-2.200000,-0.383229
1.500000,-2.200000,-0.355714
1.600000,-2.200000,-0.333862
1.700000,-2.200000,-0.317480
1.800000,-2.200000,-0.306428
1.900000,-2.200000,-0.300615
2.000000,-2.200000,-0.299992
2.100000,-2.200000,-0.304555
2.200000,-2.200000,-0.314341
2.300000,-2.200000,-0.329431
2.400000,-2.200000,-0.349953
2.500000,-2.200000,-0.376086
2.600000,-2.200000,-0.408072
2.700000,-2.200000,
2.800000,-2.200000,
2.900000,-2.200000,
3.000000,-2.200000,
3.100000,-2.200000,
3.200000,-2.200000,
3.300000,-2.200000,
3.400000,-2.200000,
3.500000,-2.200000,
-3.500000,-2.100000,
-3.400000,-2.100000,
-3.300000,-2.100000,
-3.200000,-2.100000,
-3.100000,-2.100000,
-3.000000,-2.100000,
-2.900000,-2.100000,
-2.800000,-2.100000,
-2.700000,-2.100000,
-2.600000,-2.100000,-0.944639
-2.500000,-2.100000,-0.978045
-2.400000,-2.100000,-1.019377
-2.300000,-2.100000,-1.069365
-2.200000,-2.100000,-1.129017
-2.100000,-2.100000,-1.199750
-2.000000,-2.100000,-1.283638
-1.900000,-2.100000,-1.383876
-1.800000,-2.100000,-1.505842
-1.700000,-2.100000,-1.659957
-1.600000,-2.100000,-1.775743
-1.500000,-2.100000,-1.900057
-1.400000,-2.100000,-2.048685
-1.300000,-2.100000,-2.234299
-1.200000,-2.100000,-2.263279
-1.100000,-2.100000,-2.214162
-1.000000,-2.100000,-2.175992
-0.900000,-2.100000,-2.147687
-0.800000,-2.100000,-2.128532
-0.700000,-2.100000,-2.118084
-0.600000,-2.100000,-2.116115
-0.500000,-2.100000,-2.122580
-0.400000,-2.100000,-2.137622
-0.300000,-2.100000,-2.161577
-0.200000,-2.100000,-2.195025
-0.100000,-2.100000,-2.238857
0.000000,-2.100000,-2.294426
0.100000,-2.100000,-1.836775
0.200000,-2.100000,-1.511096
0.300000,-2.100000,-1.303126
0.400000,-2.100000,-1.143079
0.500000,-2.100000,-1.011920
0.600000,-2.100000,-0.901071
0.700000,-2.100000,-0.805783
0.800000,-2.100000,-0.723101
0.900000,-2.100000,-0.651043
1.000000,-2.100000,-0.588212
1.100000,-2.100000,-0.533581
1.200000,-2.100000,-0.486380
1.300000,-2.100000,-0.446019
1.400000,-2.100000,-0.412042
1.500000,-2.100000,-0.384097
1.600000,-2.100000,-0.361914
1.700000,-2.100000,-0.345288
1.800000,-2.100000,-0.334074
1.900000,-2.100000,-0.328175
2.000000,-2.100000,-0.327544
2.100000,-2.100000,-0.332173
2.200000,-2.100000,-0.342103
2.300000,-2.100000,-0.357416
2.400000,-2.100000,-0.378248
2.500000,-2.100000,-0.404786
2.600000,-2.100000,-0.437284
2.700000,-2.100000,-0.476073
2.800000,-2.100000,
2.900000,-2.100000,
3.000000,-2.100000,
3.100000,-2.100000,
3.200000,-2.100000,
3.300000,-2.100000,
3.400000,-2.100000,
3.500000,-2.100000,
-3.500000,-2.000000,
-3.400000,-2.000000,
-3.300000,-2.000000,
-3.200000,-2.000000,
-3.100000,-2.000000,
-3.000000,-2.000000,
-2.900000,-2.000000,
-2.800000,-2.000000,
-2.700000,-2.000000,-0.839769
-2.600000,-2.000000,-0.864456
-2.500000,-2.000000,-0.896100
-2.400000,-2.000000,-0.935146
-2.300000,-2.000000,-0.982198
-2.200000,-2.000000,-1.038075
-2.100000,-2.000000,-1.103903
-2.000000,-2.000000,-1.181270
-1.900000,-2.000000,-1.272513
-1.800000,-2.000000,-1.381289
-1.700000,-2.000000,-1.513908
-1.600000,-2.000000,-1.683175
-1.500000,-2.000000,-1.901648
-1.400000,-2.000000,-2.050505
-1.300000,-2.000000,-2.178235
-1.200000,-2.000000,-2.124173
-1.100000,-2.000000,-2.080627
-1.000000,-2.000000,-2.046504
-0.900000,-2.000000,-2.021051
-0.800000,-2.000000,-2.003760
-0.700000,-2.000000,-1.994307
-0.600000,-2.000000,-1.992523
-0.500000,-2.000000,-1.998377
-0.400000,-2.000000,-2.011972
-0.300000,-2.000000,-2.033557
-0.200000,-2.000000,-2.063548
-0.100000,-2.000000,-2.102575
0.000000,-2.000000,-2.151555
0.100000,-2.000000,-2.059243
0.200000,-2.000000,-1.604481
0.300000,-2.000000,-1.373536
0.400000,-2.000000,-1.202466
0.500000,-2.000000,-1.064606
0.600000,-2.000000,-0.949190
0.700000,-2.000000,-0.850575
0.800000,-2.000000,-0.765362
0.900000,-2.000000,-0.691325
1.000000,-2.000000,-0.626914
1.100000,-2.000000,-0.571009
1.200000,-2.000000,-0.522773
1.300000,-2.000000,-0.481571
1.400000,-2.000000,-0.446917
1.500000,-2.000000,-0.418434
1.600000,-2.000000,-0.395835
1.700000,-2.000000,-0.378905
1.800000,-2.000000,-0.367488
1.900000,-2.000000,-0.361485
2.000000,-2.000000,-0.360842
2.100000,-2.000000,-0.365554
2.200000,-2.000000,-0.375662
2.300000,-2.000000,-0.391255
2.400000,-2.000000,-0.412474
2.500000,-2.000000,-0.439519
2.600000,-2.000000,-0.472659
2.700000,-2.000000,-0.512247
2.800000,-2.000000,-0.558741
2.900000,-2.000000,
3.000000,-2.000000,
3.100000,-2.000000,
3.200000,-2.000000,
3.300000,-2.000000,
3.400000,-2.000000,
3.500000,-2.000000,
-3.500000,-1.900000,
-3.400000,-1.900000,
-3.300000,-1.900000,
-3.200000,-1.900000,
-3.100000,-1.900000,
-3.000000,-1.900000,
-2.900000,-1.900000,
-2.800000,-1.900000,-0.753422
-2.700000,-1.900000,-0.770726
-2.600000,-1.900000,-0.794362
-2.500000,-1.900000,-0.824613
-2.400000,-1.900000,-0.861864
-2.300000,-1.900000,-0.906632
-2.200000,-1.900000,-0.959611
-2.100000,-1.900000,-1.021734
-2.000000,-1.900000,-1.094288
-1.900000,-1.900000,-1.179106
-1.800000,-1.900000,-1.278925
-1.700000,-1.900000,-1.398140
-1.600000,-1.900000,-1.544664
-1.500000,-1.900000,-1.735880
-1.400000,-1.900000,-2.033571
-1.300000,-1.900000,-2.056503
-1.200000,-1.900000,-2.007507
-1.100000,-1.900000,-1.967756
-1.000000,-1.900000,-1.936446
-0.900000,-1.900000,-1.913005
-0.800000,-1.900000,-1.897041
-0.700000,-1.900000,-1.888300
-0.600000,-1.900000,-1.886650
-0.500000,-1.900000,-1.892064
-0.400000,-1.900000,-1.904626
-0.300000,-1.900000,-1.924531
-0.200000,-1.900000,-1.952102
-0.100000,-1.900000,-1.987821
0.000000,-1.900000,-2.032375
0.100000,-1.900000,-2.086732
0.200000,-1.900000,-1.734271
0.300000,-1.900000,-1.463202
0.400000,-1.900000,-1.275922
0.500000,-1.900000,-1.128830
0.600000,-1.900000,-1.007338
0.700000,-1.900000,-0.904391
0.800000,-1.900000,-0.815932
0.900000,-1.900000,-0.739382
1.000000,-1.900000,-0.651242
1.100000,-1.900000,-0.592562
1.200000,-1.900000,-0.557227
1.300000,-1.900000,-0.523711
1.400000,-1.900000,-0.488219
1.500000,-1.900000,-0.459071
1.600000,-1.900000,-0.435961
1.700000,-1.900000,-0.418655
1.800000,-1.900000,-0.406990
1.900000,-1.900000,-0.400857
2.000000,-1.900000,-0.400200
2.100000,-1.900000,-0.405013
2.200000,-1.900000,-0.415341
2.300000,-1.900000,-0.431278
2.400000,-1.900000,-0.452975
2.500000,-1.900000,-0.480646
2.600000,-1.900000,-0.514581
2.700000,-1.900000,-0.555159
2.800000,-1.900000,-0.602878
2.900000,-1.900000,
3.000000,-1.900000,
3.100000,-1.900000,
3.200000,-1.900000,
3.300000,-1.900000,
3.400000,-1.900000,
3.500000,-1.900000,
-3.500000,-1.800000,
-3.400000,-1.800000,
-3.300000,-1.800000,
-3.200000,-1.800000,
-3.100000,-1.800000,
-3.000000,-1.800000,
-2.900000,-1.800000,-0.682829
-2.800000,-1.800000,-0.693612
-2.700000,-1.800000,-0.710310
-2.600000,-1.800000,-0.733098
-2.500000,-1.800000,-0.762229
-2.400000,-1.800000,-0.798045
-2.300000,-1.800000,-0.841000
-2.200000,-1.800000,-0.891698
-2.100000,-1.800000,-0.950942
-2.000000,-1.800000,-1.019817
-1.900000,-1.800000,-1.099833
-1.800000,-1.800000,-1.193172
-1.700000,-1.800000,-1.303177
-1.600000,-1.800000,-1.435430
-1.500000,-1.800000,-1.600667
-1.400000,-1.800000,-1.825901
-1.300000,-1.800000,-1.953015
-1.200000,-1.800000,-1.907644
-1.100000,-1.800000,-1.870660
-1.000000,-1.800000,-1.841426
-0.900000,-1.800000,-1.819485
-0.800000,-1.800000,-1.804516
-0.700000,-1.800000,-1.796311
-0.600000,-1.800000,-1.794762
-0.500000,-1.800000,-1.799846
-0.400000,-1.800000,-1.811631
-0.300000,-1.800000,-1.830279
-0.200000,-1.800000,-1.856055
-0.100000,-1.800000,-1.889347
0.000000,-1.800000,-1.930703
0.100000,-1.800000,-1.980878
0.200000,-1.800000,-1.946674
0.300000,-1.800000,-1.580042
0.400000,-1.800000,-1.367032
0.500000,-1.800000,-1.206762
0.600000,-1.800000,-0.785767
0.700000,-1.800000,-0.620137
0.800000,-1.800000,-0.513220
0.900000,-1.800000,-0.436928
1.000000,-1.800000,-0.381722
1.100000,-1.800000,-0.343104
1.200000,-1.800000,-0.318675
1.300000,-1.800000,-0.307158
1.400000,-1.800000,-0.308003
1.500000,-1.800000,-0.321250
1.600000,-1.800000,-0.347536
1.700000,-1.800000,-0.388262
1.800000,-1.800000,-0.446035
1.900000,-1.800000,-0.446692
2.000000,-1.800000,-0.446019
2.100000,-1.800000,-0.450956
2.200000,-1.800000,-0.461552
2.300000,-1.800000,-0.477910
2.400000,-1.800000,-0.500191
2.500000,-1.800000,-0.528630
2.600000,-1.800000,-0.563541
2.700000,-1.800000,-0.605341
2.800000,-1.800000,-0.654579
2.900000,-1.800000,-0.711978
3.000000,-1.800000,
3.100000,-1.800000,
3.200000,-1.800000,
3.300000,-1.800000,
3.400000,-1.800000,
3.500000,-1.800000,
-3.500000,-1.700000,
-3.400000,-1.700000,
-3.300000,-1.700000,
-3.200000,-1.700000,
-3.100000,-1.700000,
-3.000000,-1.700000,-0.550498
-2.900000,-1.700000,-0.630962
-2.800000,-1.700000,-0.641430
-2.700000,-1.700000,-0.657632
-2.600000,-1.700000,-0.679730
-2.500000,-1.700000,-0.707951
-2.400000,-1.700000,-0.742606
-2.300000,-1.700000,-0.784103
-2.200000,-1.700000,-0.832979
-2.100000,-1.700000,-0.889944
-2.000000,-1.700000,-0.955942
-1.900000,-1.700000,-1.032264
-1.800000,-1.700000,-1.120732
-1.700000,-1.700000,-1.224041
-1.600000,-1.700000,-1.346479
-1.500000,-1.700000,-1.495635
-1.400000,-1.700000,-1.687707
-1.300000,-1.700000,-1.820867
-1.200000,-1.700000,-1.821188
-1.100000,-1.700000,-1.786309
-1.000000,-1.700000,-1.758669
-0.900000,-1.700000,-1.737887
-0.800000,-1.700000,-1.723690
-0.700000,-1.700000,-1.715903
-0.600000,-1.700000,-1.714432
-0.500000,-1.700000,-1.719258
-0.400000,-1.700000,-1.730440
-0.300000,-1.700000,-1.748115
-0.200000,-1.700000,-1.772508
-0.100000,-1.700000,-1.803945
0.000000,-1.700000,-1.842882
0.100000,-1.700000,-1.889938
0.200000,-1.700000,-1.945957
0.300000,-1.700000,-1.743235
0.400000,-1.700000,-0.835929
0.500000,-1.700000,-0.611395
0.600000,-1.700000,-0.474313
0.700000,-1.700000,-0.374848
0.800000,-1.700000,-0.299232
0.900000,-1.700000,-0.241297
1.000000,-1.700000,-0.197711
1.100000,-1.700000,-0.166505
1.200000,-1.700000,-0.146491
1.300000,-1.700000,-0.136986
1.400000,-1.700000,-0.137685
1.500000,-1.700000,-0.148611
1.600000,-1.700000,-0.170114
1.700000,-1.700000,-0.202939
1.800000,-1.700000,-0.248361
1.900000,-1.700000,-0.308489
2.000000,-1.700000,-0.386926
2.100000,-1.700000,-0.490463
2.200000,-1.700000,-0.514823
2.300000,-1.700000,-0.531693
2.400000,-1.700000,-0.554690
2.500000,-1.700000,-0.584070
2.600000,-1.700000,-0.620182
2.700000,-1.700000,-0.663493
2.800000,-1.700000,-0.714619
2.900000,-1.700000,-0.774382
3.000000,-1.700000,
3.100000,-1.700000,
3.200000,-1.700000,
3.300000,-1.700000,
3.400000,-1.700000,
3.500000,-1.700000,
-3.500000,-1.600000,
-3.400000,-1.600000,
-3.300000,-1.600000,
-3.200000,-1.600000,
-3.100000,-1.600000,
-3.000000,-1.600000,-0.442577
-2.900000,-1.600000,-0.547478
-2.800000,-1.600000,-0.596219
-2.700000,-1.600000,-0.612016
-2.600000,-1.600000,-0.633549
-2.500000,-1.600000,-0.661028
-2.400000,-1.600000,-0.694738
-2.300000,-1.600000,-0.735054
-2.200000,-1.600000,-0.782464
-2.100000,-1.600000,-0.837607
-2.000000,-1.600000,-0.901325
-1.900000,-1.600000,-0.974756
-1.800000,-1.600000,-1.059472
-1.700000,-1.600000,-1.157748
-1.600000,-1.600000,-1.273072
-1.500000,-1.600000,-1.411289
-1.400000,-1.600000,-1.541565
-1.300000,-1.600000,-1.593134
-1.200000,-1.600000,-1.660048
-1.100000,-1.600000,-1.712675
-1.000000,-1.600000,-1.686293
-0.900000,-1.600000,-1.666428
-0.800000,-1.600000,-1.652846
-0.700000,-1.600000,-1.645391
-0.600000,-1.600000,-1.643982
-0.500000,-1.600000,-1.648603
-0.400000,-1.600000,-1.659305
-0.300000,-1.600000,-1.676207
-0.200000,-1.600000,-1.699507
-0.100000,-1.600000,-1.729486
0.000000,-1.600000,-1.766537
0.100000,-1.600000,-1.811185
0.200000,-1.600000,-1.864137
0.300000,-1.600000,-0.710362
0.400000,-1.600000,-0.515129
0.500000,-1.600000,-0.382359
0.600000,-1.600000,-0.281876
0.700000,-1.600000,-0.203021
0.800000,-1.600000,-0.140564
0.900000,-1.600000,-0.091516
1.000000,-1.600000,-0.054028
1.100000,-1.600000,-0.026911
1.200000,-1.600000,-0.009407
1.300000,-1.600000,-0.001064
1.400000,-1.600000,-0.001679
1.500000,-1.600000,-0.011265
1.600000,-1.600000,-0.030059
1.700000,-1.600000,-0.058549
1.800000,-1.600000,-0.097546
1.900000,-1.600000,-0.148310
2.000000,-1.600000,-0.212812
2.100000,-1.600000,-0.294260
2.200000,-1.600000,-0.398358
2.300000,-1.600000,-0.537087
2.400000,-1.600000,-0.617209
2.500000,-1.600000,-0.647749
2.600000,-1.600000,-0.685349
2.700000,-1.600000,-0.730541
2.800000,-1.600000,-0.784034
2.900000,-1.600000,-0.846794
3.000000,-1.600000,
3.100000,-1.600000,
3.200000,-1.600000,
3.300000,-1.600000,
3.400000,-1.600000,
3.500000,-1.600000,
-3.500000,-1.500000,
-3.400000,-1.500000,
-3.300000,-1.500000,
-3.200000,-1.500000,
-3.100000,-1.500000,-0.269374
-3.000000,-1.500000,-0.351719
-2.900000,-1.500000,-0.448399
-2.800000,-1.500000,-0.557472
-2.700000,-1.500000,-0.572937
-2.600000,-1.500000,-0.594008
-2.500000,-1.500000,-0.620883
-2.400000,-1.500000,-0.653826
-2.300000,-1.500000,-0.693185
-2.200000,-1.500000,-0.739412
-2.100000,-1.500000,-0.793092
-2.000000,-1.500000,-0.854995
-1.900000,-1.500000,-0.926142
-1.800000,-1.500000,-1.007934
-1.700000,-1.500000,-0.843693
-1.600000,-1.500000,-0.749862
-1.500000,-1.500000,-0.698121
-1.400000,-1.500000,-0.673715
-1.300000,-1.500000,-0.672189
-1.200000,-1.500000,-0.693300
-1.100000,-1.500000,-0.740773
-1.000000,-1.500000,-0.826999
-0.900000,-1.500000,-1.026432
-0.800000,-1.500000,-1.590744
-0.700000,-1.500000,-1.583558
-0.600000,-1.500000,-1.582200
-0.500000,-1.500000,-1.586655
-0.400000,-1.500000,-1.596968
-0.300000,-1.500000,-1.613247
-0.200000,-1.500000,-1.635667
-0.100000,-1.500000,-1.664479
0.000000,-1.500000,-1.700027
0.100000,-1.500000,-1.742773
0.200000,-1.500000,-0.656196
0.300000,-1.500000,-0.461834
0.400000,-1.500000,-0.325383
0.500000,-1.500000,-0.220144
0.600000,-1.500000,-0.136067
0.700000,-1.500000,-0.068071
0.800000,-1.500000,-0.013193
0.900000,-1.500000,0.030444
1.000000,-1.500000,0.064081
1.100000,-1.500000,0.088554
1.200000,-1.500000,0.104411
1.300000,-1.500000,0.111984
1.400000,-1.500000,0.111426
1.500000,-1.500000,0.102726
1.600000,-1.500000,0.085708
1.700000,-1.500000,0.060012
1.800000,-1.500000,0.025055
1.900000,-1.500000,-0.020043
2.000000,-1.500000,-0.076597
2.100000,-1.500000,-0.146597
2.200000,-1.500000,-0.233216
2.300000,-1.500000,-0.341977
2.400000,-1.500000,-0.484115
2.500000,-1.500000,-0.691554
2.600000,-1.500000,-0.760175
2.700000,-1.500000,-0.807742
2.800000,-1.500000,-0.864255
2.900000,-1.500000,-0.921345
3.000000,-1.500000,-0.948764
3.100000,-1.500000,
3.200000,-1.500000,
3.300000,-1.500000,
3.400000,-1.500000,
3.500000,-1.500000,
-3.500000,-1.400000,
-3.400000,-1.400000,
-3.300000,-1.400000,
-3.200000,-1.400000,-0.129525
-3.100000,-1.400000,-0.196585
-3.000000,-1.400000,-0.274441
-2.900000,-1.400000,-0.365114
-2.800000,-1.400000,-0.471657
-2.700000,-1.400000,-0.539987
-2.600000,-1.400000,-0.560685
-2.500000,-1.400000,-0.587070
-2.400000,-1.400000,-0.619393
-2.300000,-1.400000,-0.657982
-2.200000,-1.400000,-0.703259
-2.100000,-1.400000,-0.755772
-2.000000,-1.400000,-0.794802
-1.900000,-1.400000,-0.644628
-1.800000,-1.400000,-0.548496
-1.700000,-1.400000,-0.481658
-1.600000,-1.400000,-0.435527
-1.500000,-1.400000,-0.406100
-1.400000,-1.400000,-0.391360
-1.300000,-1.400000,-0.390421
-1.200000,-1.400000,-0.403230
-1.100000,-1.400000,-0.430547
-1.000000,-1.400000,-0.474201
-0.900000,-1.400000,-0.537832
-0.800000,-1.400000,-0.629087
-0.700000,-1.400000,-0.768658
-0.600000,-1.400000,-1.528180
-0.500000,-1.400000,-1.532499
-0.400000,-1.400000,-1.542495
-0.300000,-1.400000,-1.558266
-0.200000,-1.400000,-1.579971
-0.100000,-1.400000,-1.607837
0.000000,-1.400000,-1.642173
0.100000,-1.400000,-0.648241
0.200000,-1.400000,-0.441333
0.300000,-1.400000,-0.296108
0.400000,-1.400000,-0.183463
0.500000,-1.400000,-0.092641
0.600000,-1.400000,-0.018239
0.700000,-1.400000,0.042896
0.800000,-1.400000,0.092769
0.900000,-1.400000,0.132724
1.000000,-1.400000,0.163687
1.100000,-1.400000,0.186297
1.200000,-1.400000,0.200983
1.300000,-1.400000,0.208006
1.400000,-1.400000,0.207488
1.500000,-1.400000,0.199421
1.600000,-1.400000,0.183664
1.700000,-1.400000,0.159934
1.800000,-1.400000,0.127777
1.900000,-1.400000,0.086520
2.000000,-1.400000,0.035188
2.100000,-1.400000,-0.027634
2.200000,-1.400000,-0.104074
2.300000,-1.400000,-0.197505
2.400000,-1.400000,-0.313804
2.500000,-1.400000,-0.465013
2.600000,-1.400000,-0.686106
2.700000,-1.400000,-0.885701
2.800000,-1.400000,-0.902334
2.900000,-1.400000,-0.924289
3.000000,-1.400000,-0.951751
3.100000,-1.400000,
3.200000,-1.400000,
3.300000,-1.400000,
3.400000,-1.400000,
3.500000,-1.400000,
-3.500000,-1.300000,
-3.400000,-1.300000,
-3.300000,-1.300000,
-3.200000,-1.300000,-0.069767
-3.100000,-1.300000,-0.134112
-3.000000,-1.300000,-0.208498
-2.900000,-1.300000,-0.294624
-2.800000,-1.300000,-0.394980
-2.700000,-1.300000,-0.512849
-2.600000,-1.300000,-0.533248
-2.500000,-1.300000,-0.559243
-2.400000,-1.300000,-0.591074
-2.300000,-1.300000,-0.629052
-2.200000,-1.300000,-0.673578
-2.100000,-1.300000,-0.593931
-2.000000,-1.300000,-0.474086
-1.900000,-1.300000,-0.386576
-1.800000,-1.300000,-0.320762
-1.700000,-1.300000,-0.271601
-1.600000,-1.300000,-0.236322
-1.500000,-1.300000,-0.213310
-1.400000,-1.300000,-0.201647
-1.300000,-1.300000,-0.200901
-1.200000,-1.300000,-0.211046
-1.100000,-1.300000,-0.232455
-1.000000,-1.300000,-0.265968
-0.900000,-1.300000,-0.313088
-0.800000,-1.300000,-0.376381
-0.700000,-1.300000,-0.460463
-0.600000,-1.300000,-0.574801
-0.500000,-1.300000,-0.745928
-0.400000,-1.300000,-1.495176
-0.300000,-1.300000,-1.510531
-0.200000,-1.300000,-1.531651
-0.100000,-1.300000,-1.558745
0.000000,-1.300000,-0.683968
0.100000,-1.300000,-0.450611
0.200000,-1.300000,-0.291597
0.300000,-1.300000,-0.168935
0.400000,-1.300000,-0.069826
0.500000,-1.300000,0.011926
0.600000,-1.300000,0.079869
0.700000,-1.300000,0.136244
0.800000,-1.300000,0.182552
0.900000,-1.300000,0.219835
1.000000,-1.300000,0.248831
1.100000,-1.300000,0.270059
1.200000,-1.300000,0.283869
1.300000,-1.300000,0.290480
1.400000,-1.300000,0.289992
1.500000,-1.300000,0.282399
1.600000,-1.300000,0.267584
1.700000,-1.300000,0.245312
1.800000,-1.300000,0.215211
1.900000,-1.300000,0.176735
2.000000,-1.300000,0.129112
2.100000,-1.300000,0.071247
2.200000,-1.300000,0.001558
2.300000,-1.300000,-0.082331
2.400000,-1.300000,-0.184227
2.500000,-1.300000,-0.310891
2.600000,-1.300000,-0.476762
2.700000,-1.300000,-0.728721
2.800000,-1.300000,-0.910392
2.900000,-1.300000,-0.932439
3.000000,-1.300000,-0.960019
3.100000,-1.300000,
3.200000,-1.300000,
3.300000,-1.300000,
3.400000,-1.300000,
3.500000,-1.300000,
-3.500000,-1.200000,
-3.400000,-1.200000,
-3.300000,-1.200000,
-3.200000,-1.200000,-0.018503
-3.100000,-1.200000,-0.080693
-3.000000,-1.200000,-0.152354
-2.900000,-1.200000,-0.234963
-2.800000,-1.200000,-0.330637
-2.700000,-1.200000,-0.442579
-2.600000,-1.200000,-0.511443
-2.500000,-1.200000,-0.537137
-2.400000,-1.200000,-0.568588
-2.300000,-1.200000,-0.606094
-2.200000,-1.200000,-0.480925
-2.100000,-1.200000,-0.365739
-2.000000,-1.200000,-0.277617
-1.900000,-1.200000,-0.208706
-1.800000,-1.200000,-0.154898
-1.700000,-1.200000,-0.113779
-1.600000,-1.200000,-0.083840
-1.500000,-1.200000,-0.064134
-1.400000,-1.200000,-0.054096
-1.300000,-1.200000,-0.053453
-1.200000,-1.200000,-0.062188
-1.100000,-1.200000,-0.080537
-1.000000,-1.200000,-0.109022
-0.900000,-1.200000,-0.148529
-0.800000,-1.200000,-0.200473
-0.700000,-1.200000,-0.267112
-0.600000,-1.200000,-0.352246
-0.500000,-1.200000,-0.462983
-0.400000,-1.200000,-0.615799
-0.300000,-1.200000,-0.879958
-0.200000,-1.200000,-1.490117
-0.100000,-1.200000,-0.776702
0.000000,-1.200000,-0.490983
0.100000,-1.200000,-0.311438
0.200000,-1.200000,-0.175538
0.300000,-1.200000,-0.066282
0.400000,-1.200000,0.023979
0.500000,-1.200000,0.099465
0.600000,-1.200000,0.162785
0.700000,-1.200000,0.215669
0.800000,-1.200000,0.259315
0.900000,-1.200000,0.294579
1.000000,-1.200000,0.322075
1.100000,-1.200000,0.342240
1.200000,-1.200000,0.355375
1.300000,-1.200000,0.361667
1.400000,-1.200000,0.361203
1.500000,-1.200000,0.353977
1.600000,-1.200000,0.339888
1.700000,-1.200000,0.318735
1.800000,-1.200000,0.290199
1.900000,-1.200000,0.253823
2.000000,-1.200000,0.208963
2.100000,-1.200000,0.154724
2.200000,-1.200000,0.089847
2.300000,-1.200000,0.012508
2.400000,-1.200000,-0.080065
2.500000,-1.200000,-0.192418
2.600000,-1.200000,-0.332959
2.700000,-1.200000,-0.521172
2.800000,-1.200000,-0.840480
2.900000,-1.200000,-0.945861
3.000000,-1.200000,-0.973638
3.100000,-1.200000,-1.007242
3.200000,-1.200000,
3.300000,-1.200000,
3.400000,-1.200000,
3.500000,-1.200000,
-3.500000,-1.100000,
-3.400000,-1.100000,
-3.300000,-1.100000,0.077469
-3.200000,-1.100000,0.025064
-3.100000,-1.100000,-0.035406
-3.000000,-1.100000,-0.104912
-2.900000,-1.100000,-0.184772
-2.800000,-1.100000,-0.276845
-2.700000,-1.100000,-0.383873
-2.600000,-1.100000,-0.495080
-2.500000,-1.100000,-0.520552
-2.400000,-1.100000,-0.551723
-2.300000,-1.100000,-0.412591
-2.200000,-1.100000,-0.294833
-2.100000,-1.100000,-0.202629
-2.000000,-1.100000,-0.128849
-1.900000,-1.100000,-0.069618
-1.800000,-1.100000,-0.022586
-1.700000,-1.100000,0.013761
-1.600000,-1.100000,0.040425
-1.500000,-1.100000,0.058061
-1.400000,-1.100000,0.067069
-1.300000,-1.100000,0.067647
-1.200000,-1.100000,0.059806
-1.100000,-1.100000,0.043376
-1.000000,-1.100000,0.017987
-0.900000,-1.100000,-0.016978
-0.800000,-1.100000,-0.062464
-0.700000,-1.100000,-0.119900
-0.600000,-1.100000,-0.191493
-0.500000,-1.100000,-0.280842
-0.400000,-1.100000,-0.394443
-0.300000,-1.100000,-0.546438
-0.200000,-1.100000,-0.785068
-0.100000,-1.100000,-0.569227
0.000000,-1.100000,-0.357524
0.100000,-1.100000,-0.203728
0.200000,-1.100000,-0.081814
0.300000,-1.100000,0.018494
0.400000,-1.100000,0.102519
0.500000,-1.100000,0.173435
0.600000,-1.100000,0.233302
0.700000,-1.100000,0.283534
0.800000,-1.100000,0.325134
0.900000,-1.100000,0.358831
1.000000,-1.100000,0.385154
1.100000,-1.100000,0.404486
1.200000,-1.100000,0.417090
1.300000,-1.100000,0.423131
1.400000,-1.100000,0.422685
1.500000,-1.100000,0.415748
1.600000,-1.100000,0.402230
1.700000,-1.100000,0.381954
1.800000,-1.100000,0.354642
1.900000,-1.100000,0.319893
2.000000,-1.100000,0.277153
2.100000,-1.100000,0.225663
2.200000,-1.100000,0.164370
2.300000,-1.100000,0.091791
2.400000,-1.100000,0.005748
2.500000,-1.100000,-0.097148
2.600000,-1.100000,-0.222666
2.700000,-1.100000,-0.382241
2.800000,-1.100000,-0.606626
2.900000,-1.100000,-0.964667
3.000000,-1.100000,-0.992725
3.100000,-1.100000,-1.026681
3.200000,-1.100000,
3.300000,-1.100000,
3.400000,-1.100000,
3.500000,-1.100000,
-3.500000,-1.000000,
-3.400000,-1.000000,
-3.300000,-1.000000,0.112834
-3.200000,-1.000000,0.061536
-3.100000,-1.000000,0.002433
-3.000000,-1.000000,-0.065371
-2.900000,-1.000000,-0.143081
-2.800000,-1.000000,-0.232367
-2.700000,-1.000000,-0.335660
-2.600000,-1.000000,-0.456709
-2.500000,-1.000000,-0.509344
-2.400000,-1.000000,-0.376572
-2.300000,-1.000000,-0.252182
-2.200000,-1.000000,-0.153703
-2.100000,-1.000000,-0.073820
-2.000000,-1.000000,-0.008529
-1.900000,-1.000000,0.044619
-1.800000,-1.000000,0.087222
-1.700000,-1.000000,0.120366
-1.600000,-1.000000,0.144791
-1.500000,-1.000000,0.160995
-1.400000,-1.000000,0.169287
-1.300000,-1.000000,0.169819
-1.200000,-1.000000,0.162601
-1.100000,-1.000000,0.147500
-1.000000,-1.000000,0.124231
-0.900000,-1.000000,0.092325
-0.800000,-1.000000,0.051078
-0.700000,-1.000000,-0.000538
-0.600000,-1.000000,-0.064037
-0.500000,-1.000000,-0.141721
-0.400000,-1.000000,-0.237312
-0.300000,-1.000000,-0.357481
-0.200000,-1.000000,-0.516649
-0.100000,-1.000000,-0.435123
0.000000,-1.000000,-0.255611
0.100000,-1.000000,-0.117305
0.200000,-1.000000,-0.004787
0.300000,-1.000000,0.089155
0.400000,-1.000000,0.168586
0.500000,-1.000000,0.236055
0.600000,-1.000000,0.293274
0.700000,-1.000000,0.341448
0.800000,-1.000000,0.381446
0.900000,-1.000000,0.413907
1.000000,-1.000000,0.439302
1.100000,-1.000000,0.457972
1.200000,-1.000000,0.470152
1.300000,-1.000000,0.475992
1.400000,-1.000000,0.475561
1.500000,-1.000000,0.468855
1.600000,-1.000000,0.455792
1.700000,-1.000000,0.436213
1.800000,-1.000000,0.409869
1.900000,-1.000000,0.376402
2.000000,-1.000000,0.335321
2.100000,-1.000000,0.285961
2.200000,-1.000000,0.227411
2.300000,-1.000000,0.158412
2.400000,-1.000000,0.077161
2.500000,-1.000000,-0.019049
2.600000,-1.000000,-0.134583
2.700000,-1.000000,-0.277339
2.800000,-1.000000,-0.464838
2.900000,-1.000000,-0.761242
3.000000,-1.000000,-1.017451
3.100000,-1.000000,-1.051873
3.200000,-1.000000,-1.000900
3.300000,-1.000000,
3.400000,-1.000000,
3.500000,-1.000000,
-3.500000,-0.900000,
-3.400000,-0.900000,
-3.300000,-0.900000,0.141794
-3.200000,-0.900000,0.091369
-3.100000,-0.900000,0.033338
-3.000000,-0.900000,-0.033139
-2.900000,-0.900000,-0.109180
-2.800000,-0.900000,-0.196327
-2.700000,-0.900000,-0.296786
-2.600000,-0.900000,-0.413900
-2.500000,-0.900000,-0.368231
-2.400000,-0.900000,-0.233715
-2.300000,-0.900000,-0.126995
-2.200000,-0.900000,-0.039830
-2.100000,-0.900000,0.032211
-2.000000,-0.900000,0.091821
-1.900000,-0.900000,0.140758
-1.800000,-0.900000,0.180224
-1.700000,-0.900000,0.211061
-1.600000,-0.900000,0.233855
-1.500000,-0.900000,0.249009
-1.400000,-0.900000,0.256772
-1.300000,-0.900000,0.257270
-1.200000,-0.900000,0.250511
-1.100000,-0.900000,0.236387
-1.000000,-0.900000,0.214664
-0.900000,-0.900000,0.184964
-0.800000,-0.900000,0.146728
-0.700000,-0.900000,0.099156
-0.600000,-0.900000,0.041104
-0.500000,-0.900000,-0.029094
-0.400000,-0.900000,-0.113966
-0.300000,-0.900000,-0.217629
-0.200000,-0.900000,-0.347571
-0.100000,-0.900000,-0.335868
0.000000,-0.900000,-0.174999
0.100000,-0.900000,-0.047020
0.200000,-0.900000,0.058816
0.300000,-0.900000,0.148060
0.400000,-0.900000,0.224018
0.500000,-0.900000,0.288837
0.600000,-0.900000,0.343998
0.700000,-0.900000,0.390556
0.800000,-0.900000,0.429288
0.900000,-0.900000,0.460768
1.000000,-0.900000,0.485422
1.100000,-0.900000,0.503562
1.200000,-0.900000,0.515403
1.300000,-0.900000,0.521082
1.400000,-0.900000,0.520663
1.500000,-0.900000,0.514142
1.600000,-0.900000,0.501444
1.700000,-0.900000,0.482422
1.800000,-0.900000,0.456850
1.900000,-0.900000,0.424400
2.000000,-0.900000,0.384629
2.100000,-0.900000,0.336938
2.200000,-0.900000,0.280519
2.300000,-0.900000,0.214267
2.400000,-0.900000,0.136628
2.500000,-0.900000,0.045332
2.600000,-0.900000,-0.063150
2.700000,-0.900000,-0.194834
2.800000,-0.900000,-0.361691
2.900000,-0.900000,-0.596239
3.000000,-0.900000,-1.004451
3.100000,-0.900000,-0.814364
3.200000,-0.900000,-0.686520
3.300000,-0.900000,-0.590729
3.400000,-0.900000,
3.500000,-0.900000,
-3.500000,-0.800000,
-3.400000,-0.800000,0.207577
-3.300000,-0.800000,0.164664
-3.200000,-0.800000,0.114907
-3.100000,-0.800000,0.057694
-3.000000,-0.800000,-0.007773
-2.900000,-0.800000,-0.082552
-2.800000,-0.800000,-0.168091
-2.700000,-0.800000,-0.266440
-2.600000,-0.800000,-0.380665
-2.500000,-0.800000,-0.237918
-2.400000,-0.800000,-0.120727
-2.300000,-0.800000,-0.024926
-2.200000,-0.800000,0.054714
-2.100000,-0.800000,0.121297
-2.000000,-0.800000,0.176830
-1.900000,-0.800000,0.222681
-1.800000,-0.800000,0.259813
-1.700000,-0.800000,0.288913
-1.600000,-0.800000,0.310471
-1.500000,-0.800000,0.324823
-1.400000,-0.800000,0.332182
-1.300000,-0.800000,0.332655
-1.200000,-0.800000,0.326247
-1.100000,-0.800000,0.312868
-1.000000,-0.800000,0.292318
-0.900000,-0.800000,0.264281
-0.800000,-0.800000,0.228290
-0.700000,-0.800000,0.183689
-0.600000,-0.800000,0.129558
-0.500000,-0.800000,0.064597
-0.400000,-0.800000,-0.013094
-0.300000,-0.800000,-0.106426
-0.200000,-0.800000,-0.220233
-0.100000,-0.800000,-0.259341
0.000000,-0.800000,-0.110578
0.100000,-0.800000,0.010138
0.200000,-0.800000,0.111076
0.300000,-0.800000,0.196787
0.400000,-0.800000,0.270087
0.500000,-0.800000,0.332854
0.600000,-0.800000,0.386405
0.700000,-0.800000,0.431693
0.800000,-0.800000,0.469424
0.900000,-0.800000,0.500125
1.000000,-0.800000,0.524190
1.100000,-0.800000,0.541906
1.200000,-0.800000,0.553477
1.300000,-0.800000,0.559027
1.400000,-0.800000,0.558618
1.500000,-0.800000,0.552244
1.600000,-0.800000,0.539837
1.700000,-0.800000,0.521260
1.800000,-0.800000,0.496302
1.900000,-0.800000,0.464659
2.000000,-0.800000,0.425924
2.100000,-0.800000,0.379545
2.200000,-0.800000,0.324790
2.300000,-0.800000,0.260661
2.400000,-0.800000,0.185780
2.500000,-0.800000,0.098169
2.600000,-0.800000,-0.005166
2.700000,-0.800000,-0.129125
2.800000,-0.800000,-0.282805
2.900000,-0.800000,-0.487462
3.000000,-0.800000,-0.702759
3.100000,-0.800000,-0.580126
3.200000,-0.800000,-0.484545
3.300000,-0.800000,-0.408138
3.400000,-0.800000,
3.500000,-0.800000,
-3.500000,-0.700000,
-3.400000,-0.700000,0.224192
-3.300000,-0.700000,0.181676
-3.200000,-0.700000,0.132404
-3.100000,-0.700000,0.075784
-3.000000,-0.700000,0.011048
-2.900000,-0.700000,-0.062823
-2.800000,-0.700000,-0.147209
-2.700000,-0.700000,-0.244055
-2.600000,-0.700000,-0.265125
-2.500000,-0.700000,-0.134512
-2.400000,-0.700000,-0.028328
-2.300000,-0.700000,0.060020
-2.200000,-0.700000,0.134294
-2.100000,-0.700000,0.196871
-2.000000,-0.700000,0.249351
-1.900000,-0.700000,0.292857
-1.800000,-0.700000,0.328196
-1.700000,-0.700000,0.355952
-1.600000,-0.700000,0.376547
-1.500000,-0.700000,0.390272
-1.400000,-0.700000,0.397315
-1.300000,-0.700000,0.397767
-1.200000,-0.700000,0.391635
-1.100000,-0.700000,0.378838
-1.000000,-0.700000,0.359203
-0.900000,-0.700000,0.332454
-0.800000,-0.700000,0.298189
-0.700000,-0.700000,0.255849
-0.600000,-0.700000,0.204662
-0.500000,-0.700000,0.143556
-0.400000,-0.700000,0.071011
-0.300000,-0.700000,-0.015218
-0.200000,-0.700000,-0.118644
-0.100000,-0.700000,-0.199863
0.000000,-0.700000,-0.059398
0.100000,-0.700000,0.056082
0.200000,-0.700000,0.153388
0.300000,-0.700000,0.236430
0.400000,-0.700000,0.307699
0.500000,-0.700000,0.368883
0.600000,-0.700000,0.421184
0.700000,-0.700000,0.465479
0.800000,-0.700000,0.502425
0.900000,-0.700000,0.532514
1.000000,-0.700000,0.556114
1.100000,-0.700000,0.573497
1.200000,-0.700000,0.584853
1.300000,-0.700000,0.590302
1.400000,-0.700000,0.589900
1.500000,-0.700000,0.583643
1.600000,-0.700000,0.571466
1.700000,-0.700000,0.553240
1.800000,-0.700000,0.528765
1.900000,-0.700000,0.497758
2.000000,-0.700000,0.459833
2.100000,-0.700000,0.414479
2.200000,-0.700000,0.361014
2.300000,-0.700000,0.298522
2.400000,-0.700000,0.225748
2.500000,-0.700000,0.140914
2.600000,-0.700000,0.041383
2.700000,-0.700000,-0.077036
2.800000,-0.700000,-0.221773
2.900000,-0.700000,-0.408685
3.000000,-0.700000,-0.508318
3.100000,-0.700000,-0.409555
3.200000,-0.700000,-0.329140
3.300000,-0.700000,-0.263161
3.400000,-0.700000,-0.209210
3.500000,-0.700000,
-3.500000,-0.600000,
-3.400000,-0.600000,0.235251
-3.300000,-0.600000,0.192996
-3.200000,-0.600000,0.144042
-3.100000,-0.600000,0.087810
-3.000000,-0.600000,0.023550
-2.900000,-0.600000,-0.049730
-2.800000,-0.600000,-0.133368
-2.700000,-0.600000,-0.229245
-2.600000,-0.600000,-0.169218
-2.500000,-0.600000,-0.050210
-2.400000,-0.600000,0.048362
-2.300000,-0.600000,0.131324
-2.200000,-0.600000,0.201608
-2.100000,-0.600000,0.261147
-2.000000,-0.600000,0.311279
-1.900000,-0.600000,0.352961
-1.800000,-0.600000,0.386895
-1.700000,-0.600000,0.413591
-1.600000,-0.600000,0.433424
-1.500000,-0.600000,0.446653
-1.400000,-0.600000,0.453444
-1.300000,-0.600000,0.453880
-1.200000,-0.600000,0.447967
-1.100000,-0.600000,0.435632
-1.000000,-0.600000,0.416721
-0.900000,-0.600000,0.390988
-0.800000,-0.600000,0.358077
-0.700000,-0.600000,0.317498
-0.600000,-0.600000,0.268579
-0.500000,-0.600000,0.210403
-0.400000,-0.600000,0.141695
-0.300000,-0.600000,0.060624
-0.200000,-0.600000,-0.035571
-0.100000,-0.600000,-0.151367
0.000000,-0.600000,-0.019613
0.100000,-0.600000,0.092088
0.200000,-0.600000,0.186717
0.300000,-0.600000,0.267769
0.400000,-0.600000,0.337507
0.500000,-0.600000,0.397491
0.600000,-0.600000,0.448840
0.700000,-0.600000,0.492376
0.800000,-0.600000,0.528720
0.900000,-0.600000,0.558337
1.000000,-0.600000,0.581580
1.100000,-0.600000,0.598706
1.200000,-0.600000,0.609896
1.300000,-0.600000,0.615267
1.400000,-0.600000,0.614870
1.500000,-0.600000,0.608704
1.600000,-0.600000,0.596705
1.700000,-0.600000,0.578750
1.800000,-0.600000,0.554647
1.900000,-0.600000,0.524127
2.000000,-0.600000,0.486824
2.100000,-0.600000,0.442253
2.200000,-0.600000,0.389771
2.300000,-0.600000,0.328519
2.400000,-0.600000,0.257329
2.500000,-0.600000,0.174564
2.600000,-0.600000,0.077830
2.700000,-0.600000,-0.036604
2.800000,-0.600000,-0.175137
2.900000,-0.600000,-0.350655
3.000000,-0.600000,-0.358972
3.100000,-0.600000,-0.273263
3.200000,-0.600000,-0.201988
3.300000,-0.600000,-0.142682
3.400000,-0.600000,-0.093710
3.500000,-0.600000,
-3.500000,-0.500000,
-3.400000,-0.500000,0.240856
-3.300000,-0.500000,0.198731
-3.200000,-0.500000,0.149937
-3.100000,-0.500000,0.093899
-3.000000,-0.500000,0.029877
-2.900000,-0.500000,-0.043107
-2.800000,-0.500000,-0.126373
-2.700000,-0.500000,-0.221767
-2.600000,-0.500000,-0.091747
-2.500000,-0.500000,0.019223
-2.400000,-0.500000,0.112271
-2.300000,-0.500000,0.191206
-2.200000,-0.500000,0.258449
-2.100000,-0.500000,0.315639
-2.000000,-0.500000,0.363936
-1.900000,-0.500000,0.404183
-1.800000,-0.500000,0.437003
-1.700000,-0.500000,0.462857
-1.600000,-0.500000,0.482081
-1.500000,-0.500000,0.494912
-1.400000,-0.500000,0.501502
-1.300000,-0.500000,0.501925
-1.200000,-0.500000,0.496187
-1.100000,-0.500000,0.484222
-1.000000,-0.500000,0.465889
-0.900000,-0.500000,0.440965
-0.800000,-0.500000,0.409128
-0.700000,-0.500000,0.369936
-0.600000,-0.500000,0.322791
-0.500000,-0.500000,0.266885
-0.400000,-0.500000,0.201110
-0.300000,-0.500000,0.123905
-0.200000,-0.500000,0.032984
-0.100000,-0.500000,-0.075214
0.000000,-0.500000,0.009981
0.100000,-0.500000,0.119019
0.200000,-0.500000,0.211739
0.300000,-0.500000,0.291356
0.400000,-0.500000,0.359984
0.500000,-0.500000,0.419093
0.600000,-0.500000,0.469744
0.700000,-0.500000,0.512724
0.800000,-0.500000,0.548625
0.900000,-0.500000,0.577896
1.000000,-0.500000,0.600874
1.100000,-0.500000,0.617810
1.200000,-0.500000,0.628879
1.300000,-0.500000,0.634191
1.400000,-0.500000,0.633799
1.500000,-0.500000,0.627699
1.600000,-0.500000,0.615831
1.700000,-0.500000,0.598076
1.800000,-0.500000,0.574248
1.900000,-0.500000,0.544087
2.000000,-0.500000,0.507242
2.100000,-0.500000,0.463245
2.200000,-0.500000,0.411482
2.300000,-0.500000,0.351133
2.400000,-0.500000,0.281092
2.500000,-0.500000,0.199816
2.600000,-0.500000,0.105075
2.700000,-0.500000,-0.006559
2.800000,-0.500000,-0.140838
2.900000,-0.500000,-0.308913
3.000000,-0.500000,-0.237161
3.100000,-0.500000,-0.159866
3.200000,-0.500000,-0.094785
3.300000,-0.500000,-0.040158
3.400000,-0.500000,0.005237
3.500000,-0.500000,
-3.500000,-0.400000,
-3.400000,-0.400000,0.241054
-3.300000,-0.400000,0.198934
-3.200000,-0.400000,0.150145
-3.100000,-0.400000,0.094114
-3.000000,-0.400000,0.030100
-2.900000,-0.400000,-0.042873
-2.800000,-0.400000,-0.126126
-2.700000,-0.400000,-0.155466
-2.600000,-0.400000,-0.028794
-2.500000,-0.400000,0.076370
-2.400000,-0.400000,0.165300
-2.300000,-0.400000,0.241172
-2.200000,-0.400000,0.306067
-2.100000,-0.400000,0.361425
-2.000000,-0.400000,0.408279
-1.900000,-0.400000,0.447390
-1.800000,-0.400000,0.479326
-1.700000,-0.400000,0.504508
-1.600000,-0.400000,0.523247
-1.500000,-0.400000,0.535759
-1.400000,-0.400000,0.542187
-1.300000,-0.400000,0.542600
-1.200000,-0.400000,0.537003
-1.100000,-0.400000,0.525334
-1.000000,-0.400000,0.507463
-0.900000,-0.400000,0.483184
-0.800000,-0.400000,0.452200
-0.700000,-0.400000,0.414106
-0.600000,-0.400000,0.368357
-0.500000,-0.400000,0.314224
-0.400000,-0.400000,0.250716
-0.300000,-0.400000,0.176459
-0.200000,-0.400000,0.089483
-0.100000,-0.400000,-0.013197
0.000000,-0.400000,0.030169
0.100000,-0.400000,0.137460
0.200000,-0.400000,0.228914
0.300000,-0.400000,0.307574
0.400000,-0.400000,0.375459
0.500000,-0.400000,0.433980
0.600000,-0.400000,0.484162
0.700000,-0.400000,0.526766
0.800000,-0.400000,0.562367
0.900000,-0.400000,0.591403
1.000000,-0.400000,0.614203
1.100000,-0.400000,0.631010
1.200000,-0.400000,0.641996
1.300000,-0.400000,0.647268
1.400000,-0.400000,0.646879
1.500000,-0.400000,0.640825
1.600000,-0.400000,0.629046
1.700000,-0.400000,0.611426
1.800000,-0.400000,0.587784
1.900000,-0.400000,0.557867
2.000000,-0.400000,0.521330
2.100000,-0.400000,0.477721
2.200000,-0.400000,0.426442
2.300000,-0.400000,0.366700
2.400000,-0.400000,0.297427
2.500000,-0.400000,0.217144
2.600000,-0.400000,0.123722
2.700000,-0.400000,0.013923
2.800000,-0.400000,-0.117612
2.900000,-0.400000,-0.219014
3.000000,-0.400000,-0.134886
3.100000,-0.400000,-0.063507
3.200000,-0.400000,-0.002919
3.300000,-0.400000,0.048239
3.400000,-0.400000,0.090939
3.500000,-0.400000,
-3.500000,-0.300000,
-3.400000,-0.300000,0.235848
-3.300000,-0.300000,0.193607
-3.200000,-0.300000,0.144670
-3.100000,-0.300000,0.088458
-3.000000,-0.300000,0.024223
-2.900000,-0.300000,-0.049024
-2.800000,-0.300000,-0.132623
-2.700000,-0.300000,-0.098335
-2.600000,-0.300000,0.022039
-2.500000,-0.300000,0.122922
-2.400000,-0.300000,0.208749
-2.300000,-0.300000,0.282279
-2.200000,-0.300000,0.345359
-2.100000,-0.300000,0.399289
-2.000000,-0.300000,0.445013
-1.900000,-0.300000,0.483231
-1.800000,-0.300000,0.514468
-1.700000,-0.300000,0.539118
-1.600000,-0.300000,0.557471
-1.500000,-0.300000,0.569731
-1.400000,-0.300000,0.576030
-1.300000,-0.300000,0.576435
-1.200000,-0.300000,0.570949
-1.100000,-0.300000,0.559515
-1.000000,-0.300000,0.542012
-0.900000,-0.300000,0.518243
-0.800000,-0.300000,0.487933
-0.700000,-0.300000,0.450704
-0.600000,-0.300000,0.406050
-0.500000,-0.300000,0.353299
-0.400000,-0.300000,0.291545
-0.300000,-0.300000,0.219547
-0.200000,-0.300000,0.135550
-0.100000,-0.300000,0.036952
0.000000,-0.300000,0.041441
0.100000,-0.300000,0.147780
0.200000,-0.300000,0.238540
0.300000,-0.300000,0.316674
0.400000,-0.300000,0.384148
0.500000,-0.300000,0.442344
0.600000,-0.300000,0.492266
0.700000,-0.300000,0.534661
0.800000,-0.300000,0.570097
0.900000,-0.300000,0.599002
1.000000,-0.300000,0.621702
1.100000,-0.300000,0.638438
1.200000,-0.300000,0.649377
1.300000,-0.300000,0.654628
1.400000,-0.300000,0.654241
1.500000,-0.300000,0.648211
1.600000,-0.300000,0.636482
1.700000,-0.300000,0.618937
1.800000,-0.300000,0.595399
1.900000,-0.300000,0.565617
2.000000,-0.300000,0.529252
2.100000,-0.300000,0.485858
2.200000,-0.300000,0.434847
2.300000,-0.300000,0.375441
2.400000,-0.300000,0.306591
2.500000,-0.300000,0.226854
2.600000,-0.300000,0.134155
2.700000,-0.300000,0.025355
2.800000,-0.300000,-0.104700
2.900000,-0.300000,-0.126035
3.000000,-0.300000,-0.047694
3.100000,-0.300000,0.019296
3.200000,-0.300000,0.076483
3.300000,-0.300000,0.124973
3.400000,-0.300000,0.165576
3.500000,-0.300000,
-3.500000,-0.200000,
-3.400000,-0.200000,0.225192
-3.300000,-0.200000,0.182700
-3.200000,-0.200000,0.133457
-3.100000,-0.200000,0.076873
-3.000000,-0.200000,0.012179
-2.900000,-0.200000,-0.061637
-2.800000,-0.200000,-0.145955
-2.700000,-0.200000,-0.053526
-2.600000,-0.200000,0.062309
-2.500000,-0.200000,0.160032
-2.400000,-0.200000,0.243531
-2.300000,-0.200000,0.315285
-2.200000,-0.200000,0.376979
-2.100000,-0.200000,0.429812
-2.000000,-0.200000,0.474663
-1.900000,-0.200000,0.512188
-1.800000,-0.200000,0.542882
-1.700000,-0.200000,0.567118
-1.600000,-0.200000,0.585170
-1.500000,-0.200000,0.597233
-1.400000,-0.200000,0.603432
-1.300000,-0.200000,0.603830
-1.200000,-0.200000,0.598432
-1.100000,-0.200000,0.587182
-1.000000,-0.200000,0.569964
-0.900000,-0.200000,0.546594
-0.800000,-0.200000,0.516807
-0.700000,-0.200000,0.480248
-0.600000,-0.200000,0.436440
-0.500000,-0.200000,0.384752
-0.400000,-0.200000,0.324340
-0.300000,-0.200000,0.254057
-0.200000,-0.200000,0.172299
-0.100000,-0.200000,0.076722
0.000000,-0.200000,0.044056
0.100000,-0.200000,0.150176
0.200000,-0.200000,0.240777
0.300000,-0.200000,0.318789
0.400000,-0.200000,0.386169
0.500000,-0.200000,0.444290
0.600000,-0.200000,0.494152
0.700000,-0.200000,0.536499
0.800000,-0.200000,0.571896
0.900000,-0.200000,0.600771
1.000000,-0.200000,0.623448
1.100000,-0.200000,0.640167
1.200000,-0.200000,0.651096
1.300000,-0.200000,0.656342
1.400000,-0.200000,0.655955
1.500000,-0.200000,0.649931
1.600000,-0.200000,0.638213
1.700000,-0.200000,0.620686
1.800000,-0.200000,0.597172
1.900000,-0.200000,0.567420
2.000000,-0.200000,0.531095
2.100000,-0.200000,0.487751
2.200000,-0.200000,0.436802
2.300000,-0.200000,0.377473
2.400000,-0.200000,0.308722
2.500000,-0.200000,0.229110
2.600000,-0.200000,0.136577
2.700000,-0.200000,0.028007
2.800000,-0.200000,-0.101710
2.900000,-0.200000,-0.046800
3.000000,-0.200000,0.027188
3.100000,-0.200000,0.090809
3.200000,-0.200000,0.145346
3.300000,-0.200000,0.191735
3.400000,-0.200000,0.230673
3.500000,-0.200000,
-3.500000,-0.100000,
-3.400000,-0.100000,0.208990
-3.300000,-0.100000,0.166111
-3.200000,-0.100000,0.116395
-3.100000,-0.100000,0.059233
-3.000000,-0.100000,-0.006171
-2.900000,-0.100000,-0.080872
-2.800000,-0.100000,-0.155282
-2.700000,-0.100000,-0.019538
-2.600000,-0.100000,0.093066
-2.500000,-0.100000,0.188501
-2.400000,-0.100000,0.270296
-2.300000,-0.100000,0.340739
-2.200000,-0.100000,0.401404
-2.100000,-0.100000,0.453419
-2.000000,-0.100000,0.497617
-1.900000,-0.100000,0.534623
-1.800000,-0.100000,0.564910
-1.700000,-0.100000,0.588834
-1.600000,-0.100000,0.606659
-1.500000,-0.100000,0.618573
-1.400000,-0.100000,0.624696
-1.300000,-0.100000,0.625090
-1.200000,-0.100000,0.619757
-1.100000,-0.100000,0.608646
-1.000000,-0.100000,0.591643
-0.900000,-0.100000,0.568572
-0.800000,-0.100000,0.539180
-0.700000,-0.100000,0.503124
-0.600000,-0.100000,0.459948
-0.500000,-0.100000,0.409053
-0.400000,-0.100000,0.349638
-0.300000,-0.100000,0.280621
-0.200000,-0.100000,0.200504
-0.100000,-0.100000,0.107119
0.000000,-0.100000,0.038073
0.100000,-0.100000,0.144695
0.200000,-0.100000,0.235661
0.300000,-0.100000,0.313952
0.400000,-0.100000,0.381549
0.500000,-0.100000,0.439842
0.600000,-0.100000,0.489841
0.700000,-0.100000,0.532298
0.800000,-0.100000,0.567783
0.900000,-0.100000,0.596728
1.000000,-0.100000,0.619458
1.100000,-0.100000,0.636214
1.200000,-0.100000,0.647168
1.300000,-0.100000,0.652425
1.400000,-0.100000,0.652037
1.500000,-0.100000,0.646000
1.600000,-0.100000,0.634256
1.700000,-0.100000,0.616689
1.800000,-0.100000,0.593120
1.900000,-0.100000,0.563297
2.000000,-0.100000,0.526881
2.100000,-0.100000,0.483423
2.200000,-0.100000,0.432332
2.300000,-0.100000,0.372826
2.400000,-0.100000,0.303850
2.500000,-0.100000,0.223950
2.600000,-0.100000,0.131036
2.700000,-0.100000,0.021940
2.800000,-0.100000,-0.060797
2.900000,-0.100000,0.020997
3.000000,-0.100000,0.091619
3.100000,-0.100000,0.152596
3.200000,-0.100000,0.205030
3.300000,-0.100000,0.249739
3.400000,-0.100000,0.287336
3.500000,-0.100000,
-3.500000,0.000000,0.000000
-3.400000,0.000000,0.187092
-3.300000,0.000000,0.143678
-3.200000,0.000000,0.093309
-3.100000,0.000000,0.035346
-3.000000,0.000000,-0.031046
-2.900000,0.000000,-0.106981
-2.800000,0.000000,-0.127840
-2.700000,0.000000,0.004608
-2.600000,0.000000,0.115019
-2.500000,0.000000,0.208882
-2.400000,0.000000,0.289499
-2.300000,0.000000,0.359030
-2.200000,0.000000,0.418975
-2.100000,0.000000,0.470417
-2.000000,0.000000,0.514157
-1.900000,0.000000,0.550797
-1.800000,0.000000,0.580797
-1.700000,0.000000,0.604501
-1.600000,0.000000,0.622166
-1.500000,0.000000,0.633975
-1.400000,0.000000,0.640045
-1.300000,0.000000,0.640435
-1.200000,0.000000,0.635149
-1.100000,0.000000,0.624136
-1.000000,0.000000,0.607285
-0.900000,0.000000,0.584425
-0.800000,0.000000,0.555310
-0.700000,0.000000,0.519608
-0.600000,0.000000,0.476878
-0.500000,0.000000,0.426538
-0.400000,0.000000,0.367819
-0.300000,0.000000,0.299685
-0.200000,0.000000,0.220704
-0.100000,0.000000,0.128826
0.000000,0.000000,0.023357
0.100000,0.000000,0.131232
0.200000,0.000000,0.223109
0.300000,0.000000,0.302090
0.400000,0.000000,0.370225
0.500000,0.000000,0.428944
0.600000,0.000000,0.479283
0.700000,0.000000,0.522013
0.800000,0.000000,0.557716
0.900000,0.000000,0.586831
1.000000,0.000000,0.609691
1.100000,0.000000,0.626541
1.200000,0.000000,0.637555
1.300000,0.000000,0.642841
1.400000,0.000000,0.642451
1.500000,0.000000,0.636381
1.600000,0.000000,0.624572
1.700000,0.000000,0.606906
1.800000,0.000000,0.583202
1.900000,0.000000,0.553203
2.000000,0.000000,0.516562
2.100000,0.000000,0.472823
2.200000,0.000000,0.421381
2.300000,0.000000,0.361435
2.400000,0.000000,0.291904
2.500000,0.000000,0.211288
2.600000,0.000000,0.117424
2.700000,0.000000,0.007013
2.800000,0.000000,0.000537
2.900000,0.000000,0.078936
3.000000,0.000000,0.146908
3.100000,0.000000,0.205783
3.200000,0.000000,0.256531
3.300000,0.000000,0.299883
3.400000,0.000000,0.336393
3.500000,0.000000,
-3.500000,0.100000,
-3.400000,0.100000,0.159288
-3.300000,0.100000,0.115175
-3.200000,0.100000,0.063949
-3.100000,0.100000,0.004934
-3.000000,0.100000,-0.062761
-2.900000,0.100000,-0.140332
-2.800000,0.100000,-0.110959
-2.700000,0.100000,0.019534
-2.600000,0.100000,0.128631
-2.500000,0.100000,0.221545
-2.400000,0.100000,0.301445
-2.300000,0.100000,0.370420
-2.200000,0.100000,0.429927
-2.100000,0.100000,0.481017
-2.000000,0.100000,0.524475
-1.900000,0.100000,0.560891
-1.800000,0.100000,0.590714
-1.700000,0.100000,0.614283
-1.600000,0.100000,0.631851
-1.500000,0.100000,0.643595
-1.400000,0.100000,0.649632
-1.300000,0.100000,0.650020
-1.200000,0.100000,0.644762
-1.100000,0.100000,0.633809
-1.000000,0.100000,0.617052
-0.900000,0.100000,0.594322
-0.800000,0.100000,0.565378
-0.700000,0.100000,0.529893
-0.600000,0.100000,0.487435
-0.500000,0.100000,0.437436
-0.400000,0.100000,0.379143
-0.300000,0.100000,0.311546
-0.200000,0.100000,0.233256
-0.100000,0.100000,0.142289
0.000000,0.100000,0.035668
0.100000,0.100000,0.109525
0.200000,0.100000,0.202909
0.300000,0.100000,0.283027
0.400000,0.100000,0.352043
0.500000,0.100000,0.411459
0.600000,0.100000,0.462354
0.700000,0.100000,0.505529
0.800000,0.100000,0.541585
0.900000,0.100000,0.570978
1.000000,0.100000,0.594049
1.100000,0.100000,0.611051
1.200000,0.100000,0.622163
1.300000,0.100000,0.627495
1.400000,0.100000,0.627102
1.500000,0.100000,0.620979
1.600000,0.100000,0.609065
1.700000,0.100000,0.591239
1.800000,0.100000,0.567315
1.900000,0.100000,0.537028
2.000000,0.100000,0.500022
2.100000,0.100000,0.455824
2.200000,0.100000,0.403809
2.300000,0.100000,0.343145
2.400000,0.100000,0.272701
2.500000,0.100000,0.190906
2.600000,0.100000,0.095472
2.700000,0.100000,-0.017132
2.800000,0.100000,0.052405
2.900000,0.100000,0.128139
3.000000,0.100000,0.194010
3.100000,0.100000,0.251203
3.200000,0.100000,0.300593
3.300000,0.100000,0.342847
3.400000,0.100000,0.378474
3.500000,0.100000,
-3.500000,0.200000,
-3.400000,0.200000,0.125293
-3.300000,0.200000,0.080294
-3.200000,0.200000,0.027979
-3.100000,0.200000,-0.032380
-3.000000,0.200000,-0.101746
-2.900000,0.200000,-0.181430
-2.800000,0.200000,-0.104116
-2.700000,0.200000,0.025601
-2.600000,0.200000,0.134172
-2.500000,0.200000,0.226704
-2.400000,0.200000,0.306316
-2.300000,0.200000,0.375068
-2.200000,0.200000,0.434397
-2.100000,0.200000,0.485345
-2.000000,0.200000,0.528690
-1.900000,0.200000,0.565015
-1.800000,0.200000,0.594766
-1.700000,0.200000,0.618280
-1.600000,0.200000,0.635808
-1.500000,0.200000,0.647526
-1.400000,0.200000,0.653549
-1.300000,0.200000,0.653936
-1.200000,0.200000,0.648690
-1.100000,0.200000,0.637762
-1.000000,0.200000,0.621043
-0.900000,0.200000,0.598365
-0.800000,0.200000,0.569490
-0.700000,0.200000,0.534093
-0.600000,0.200000,0.491746
-0.500000,0.200000,0.441885
-0.400000,0.200000,0.383764
-0.300000,0.200000,0.316384
-0.200000,0.200000,0.238371
-0.100000,0.200000,0.147771
0.000000,0.200000,0.041651
0.100000,0.200000,0.079128
0.200000,0.200000,0.174704
0.300000,0.200000,0.256463
0.400000,0.200000,0.326745
0.500000,0.200000,0.387158
0.600000,0.200000,0.438846
0.700000,0.200000,0.482654
0.800000,0.200000,0.519213
0.900000,0.200000,0.548999
1.000000,0.200000,0.572370
1.100000,0.200000,0.589588
1.200000,0.200000,0.600837
1.300000,0.200000,0.606236
1.400000,0.200000,0.605838
1.500000,0.200000,0.599639
1.600000,0.200000,0.587576
1.700000,0.200000,0.569524
1.800000,0.200000,0.545288
1.900000,0.200000,0.514593
2.000000,0.200000,0.477068
2.100000,0.200000,0.432217
2.200000,0.200000,0.379384
2.300000,0.200000,0.317690
2.400000,0.200000,0.245937
2.500000,0.200000,0.162437
2.600000,0.200000,0.064714
2.700000,0.200000,0.011244
2.800000,0.200000,0.095794
2.900000,0.200000,0.169430
3.000000,0.200000,0.233634
3.100000,0.200000,0.289483
3.200000,0.200000,0.337784
3.300000,0.200000,0.379153
3.400000,0.200000,0.414065
3.500000,0.200000,
-3.500000,0.300000,
-3.400000,0.300000,0.084735
-3.300000,0.300000,0.038631
-3.200000,0.300000,-0.015049
-3.100000,0.300000,-0.077099
-3.000000,0.300000,-0.148583
-2.900000,0.300000,-0.230967
-2.800000,0.300000,-0.107106
-2.700000,0.300000,0.022950
-2.600000,0.300000,0.131749
-2.500000,0.300000,0.224448
-2.400000,0.300000,0.304186
-2.300000,0.300000,0.373035
-2.200000,0.300000,0.432441
-2.100000,0.300000,0.483452
-2.000000,0.300000,0.526846
-1.900000,0.300000,0.563211
-1.800000,0.300000,0.592994
-1.700000,0.300000,0.616532
-1.600000,0.300000,0.634077
-1.500000,0.300000,0.645806
-1.400000,0.300000,0.651835
-1.300000,0.300000,0.652223
-1.200000,0.300000,0.646972
-1.100000,0.300000,0.636032
-1.000000,0.300000,0.619297
-0.900000,0.300000,0.596597
-0.800000,0.300000,0.567691
-0.700000,0.300000,0.532256
-0.600000,0.300000,0.489860
-0.500000,0.300000,0.439939
-0.400000,0.300000,0.381743
-0.300000,0.300000,0.314268
-0.200000,0.300000,0.236134
-0.100000,0.300000,0.145374
0.000000,0.300000,0.039035
0.100000,0.300000,0.039358
0.200000,0.300000,0.137956
0.300000,0.300000,0.221953
0.400000,0.300000,0.293950
0.500000,0.300000,0.355704
0.600000,0.300000,0.408456
0.700000,0.300000,0.453109
0.800000,0.300000,0.490339
0.900000,0.300000,0.520649
1.000000,0.300000,0.544417
1.100000,0.300000,0.561921
1.200000,0.300000,0.573354
1.300000,0.300000,0.578840
1.400000,0.300000,0.578435
1.500000,0.300000,0.572136
1.600000,0.300000,0.559876
1.700000,0.300000,0.541523
1.800000,0.300000,0.516873
1.900000,0.300000,0.485636
2.000000,0.300000,0.447419
2.100000,0.300000,0.401695
2.200000,0.300000,0.347765
2.300000,0.300000,0.284684
2.400000,0.300000,0.211154
2.500000,0.300000,0.125327
2.600000,0.300000,0.024444
2.700000,0.300000,0.048961
2.800000,0.300000,0.131425
2.900000,0.300000,0.203423
3.000000,0.300000,0.266315
3.100000,0.300000,0.321101
3.200000,0.300000,0.368537
3.300000,0.300000,0.409202
3.400000,0.300000,0.443544
3.500000,0.300000,
-3.500000,0.400000,
-3.400000,0.400000,0.037130
-3.300000,0.400000,-0.010343
-3.200000,0.400000,-0.065722
-3.100000,0.400000,-0.129892
-3.000000,0.400000,-0.204055
-2.900000,0.400000,-0.283435
-2.800000,0.400000,-0.120018
-2.700000,0.400000,0.011518
-2.600000,0.400000,0.121316
-2.500000,0.400000,0.214738
-2.400000,0.400000,0.295022
-2.300000,0.400000,0.364295
-2.200000,0.400000,0.424037
-2.100000,0.400000,0.475316
-2.000000,0.400000,0.518925
-1.900000,0.400000,0.555461
-1.800000,0.400000,0.585379
-1.700000,0.400000,0.609020
-1.600000,0.400000,0.626640
-1.500000,0.400000,0.638419
-1.400000,0.400000,0.644474
-1.300000,0.400000,0.644863
-1.200000,0.400000,0.639590
-1.100000,0.400000,0.628604
-1.000000,0.400000,0.611797
-0.900000,0.400000,0.588998
-0.800000,0.400000,0.559962
-0.700000,0.400000,0.524360
-0.600000,0.400000,0.481756
-0.500000,0.400000,0.431575
-0.400000,0.400000,0.373054
-0.300000,0.400000,0.305169
-0.200000,0.400000,0.226508
-0.100000,0.400000,0.135054
0.000000,0.400000,0.027763
0.100000,0.400000,-0.010792
0.200000,0.400000,0.091889
0.300000,0.400000,0.178865
0.400000,0.400000,0.253121
0.500000,0.400000,0.316629
0.600000,0.400000,0.370763
0.700000,0.400000,0.416511
0.800000,0.400000,0.454605
0.900000,0.400000,0.485589
1.000000,0.400000,0.509869
1.100000,0.400000,0.527739
1.200000,0.400000,0.539408
1.300000,0.400000,0.545006
1.400000,0.400000,0.544593
1.500000,0.400000,0.538165
1.600000,0.400000,0.525652
1.700000,0.400000,0.506914
1.800000,0.400000,0.481732
1.900000,0.400000,0.449796
2.000000,0.400000,0.410685
2.100000,0.400000,0.363830
2.200000,0.400000,0.308473
2.300000,0.400000,0.243578
2.400000,0.400000,0.167705
2.500000,0.400000,0.078776
2.600000,0.400000,-0.013829
2.700000,0.400000,0.078957
2.800000,0.400000,0.159833
2.900000,0.400000,0.230574
3.000000,0.400000,0.292455
3.100000,0.400000,0.346420
3.200000,0.400000,0.393185
3.300000,0.400000,0.433302
3.400000,0.400000,0.467201
3.500000,0.400000,
-3.500000,0.500000,
-3.400000,0.500000,-0.018152
-3.300000,0.500000,-0.067324
-3.200000,0.500000,-0.124824
-3.100000,0.500000,-0.191662
-3.000000,0.500000,-0.269232
-2.900000,0.500000,-0.311318
-2.800000,0.500000,-0.143243
-2.700000,0.500000,-0.008965
-2.600000,0.500000,0.102669
-2.500000,0.500000,0.197410
-2.400000,0.500000,0.278686
-2.300000,0.500000,0.348728
-2.200000,0.500000,0.409076
-2.100000,0.500000,0.460840
-2.000000,0.500000,0.504836
-1.900000,0.500000,0.541682
-1.800000,0.500000,0.571843
-1.700000,0.500000,0.595670
-1.600000,0.500000,0.613426
-1.500000,0.500000,0.625293
-1.400000,0.500000,0.631393
-1.300000,0.500000,0.631785
-1.200000,0.500000,0.626473
-1.100000,0.500000,0.615405
-1.000000,0.500000,0.598469
-0.900000,0.500000,0.575490
-0.800000,0.500000,0.546220
-0.700000,0.500000,0.510319
-0.600000,0.500000,0.467339
-0.500000,0.500000,0.416688
-0.400000,0.500000,0.357578
-0.300000,0.500000,0.288950
-0.200000,0.500000,0.209333
-0.100000,0.500000,0.116614
0.000000,0.500000,0.007575
0.100000,0.500000,-0.072809
0.200000,0.500000,0.035389
0.300000,0.500000,0.126310
0.400000,0.500000,0.203515
0.500000,0.500000,0.269291
0.600000,0.500000,0.325196
0.700000,0.500000,0.372341
0.800000,0.500000,0.411533
0.900000,0.500000,0.443370
1.000000,0.500000,0.468295
1.100000,0.500000,0.486627
1.200000,0.500000,0.498592
1.300000,0.500000,0.504330
1.400000,0.500000,0.503907
1.500000,0.500000,0.497318
1.600000,0.500000,0.484487
1.700000,0.500000,0.465262
1.800000,0.500000,0.439408
1.900000,0.500000,0.406588
2.000000,0.500000,0.366341
2.100000,0.500000,0.318045
2.200000,0.500000,0.260855
2.300000,0.500000,0.193612
2.400000,0.500000,0.114676
2.500000,0.500000,0.021628
2.600000,0.500000,0.010410
2.700000,0.500000,0.101696
2.800000,0.500000,0.181406
2.900000,0.500000,0.251222
3.000000,0.500000,0.312355
3.100000,0.500000,0.365711
3.200000,0.500000,0.411977
3.300000,0.500000,0.451687
3.400000,0.500000,0.485254
3.500000,0.500000,
-3.500000,0.600000,
-3.400000,0.600000,-0.081945
-3.300000,0.600000,-0.133237
-3.200000,0.600000,-0.193406
-3.100000,0.600000,-0.263639
-3.000000,0.600000,-0.345611
-2.900000,0.600000,-0.353060
-2.800000,0.600000,-0.177542
-2.700000,0.600000,-0.039009
-2.600000,0.600000,0.075424
-2.500000,0.600000,0.172159
-2.400000,0.600000,0.254924
-2.300000,0.600000,0.326114
-2.200000,0.600000,0.387366
-2.100000,0.600000,0.439848
-2.000000,0.600000,0.484419
-1.900000,0.600000,0.521722
-1.800000,0.600000,0.552242
-1.700000,0.600000,0.576344
-1.600000,0.600000,0.594299
-1.500000,0.600000,0.606298
-1.400000,0.600000,0.612465
-1.300000,0.600000,0.612861
-1.200000,0.600000,0.607491
-1.100000,0.600000,0.596300
-1.000000,0.600000,0.579174
-0.900000,0.600000,0.555932
-0.800000,0.600000,0.526314
-0.700000,0.600000,0.489971
-0.600000,0.600000,0.446434
-0.500000,0.600000,0.395086
-0.400000,0.600000,0.335102
-0.300000,0.600000,0.265363
-0.200000,0.600000,0.184312
-0.100000,0.600000,0.089682
0.000000,0.600000,-0.022019
0.100000,0.600000,-0.148961
0.200000,0.600000,-0.033165
0.300000,0.600000,0.063030
0.400000,0.600000,0.144101
0.500000,0.600000,0.212809
0.600000,0.600000,0.270984
0.700000,0.600000,0.319903
0.800000,0.600000,0.360483
0.900000,0.600000,0.393393
1.000000,0.600000,0.419126
1.100000,0.600000,0.438037
1.200000,0.600000,0.450372
1.300000,0.600000,0.456285
1.400000,0.600000,0.455849
1.500000,0.600000,0.449058
1.600000,0.600000,0.435830
1.700000,0.600000,0.415997
1.800000,0.600000,0.389300
1.900000,0.600000,0.355367
2.000000,0.600000,0.313684
2.100000,0.600000,0.263553
2.200000,0.600000,0.204014
2.300000,0.600000,0.133729
2.400000,0.600000,0.050768
2.500000,0.600000,-0.047805
2.600000,0.600000,0.027232
2.700000,0.600000,0.117504
2.800000,0.600000,0.196424
2.900000,0.600000,0.265609
3.000000,0.600000,0.326232
3.100000,0.600000,0.379171
3.200000,0.600000,0.425095
3.300000,0.600000,0.464525
3.400000,0.600000,0.497864
3.500000,0.600000,
-3.500000,0.700000,
-3.400000,0.700000,-0.155366
-3.300000,0.700000,-0.209340
-3.200000,0.700000,-0.272925
-3.100000,0.700000,-0.347568
-3.000000,0.700000,-0.435373
-2.900000,0.700000,-0.411091
-2.800000,0.700000,-0.224179
-2.700000,0.700000,-0.079442
-2.600000,0.700000,0.038978
-2.500000,0.700000,0.138508
-2.400000,0.700000,0.223342
-2.300000,0.700000,0.296117
-2.200000,0.700000,0.358609
-2.100000,0.700000,0.412074
-2.000000,0.700000,0.457428
-1.900000,0.700000,0.495352
-1.800000,0.700000,0.526360
-1.700000,0.700000,0.550835
-1.600000,0.700000,0.569061
-1.500000,0.700000,0.581237
-1.400000,0.700000,0.587494
-1.300000,0.700000,0.587896
-1.200000,0.700000,0.582447
-1.100000,0.700000,0.571091
-1.000000,0.700000,0.553708
-0.900000,0.700000,0.530108
-0.800000,0.700000,0.500020
-0.700000,0.700000,0.463074
-0.600000,0.700000,0.418778
-0.500000,0.700000,0.366477
-0.400000,0.700000,0.305293
-0.300000,0.700000,0.234025
-0.200000,0.700000,0.150982
-0.100000,0.700000,0.053677
0.000000,0.700000,-0.061804
0.100000,0.700000,-0.202268
0.200000,0.700000,-0.116239
0.300000,0.700000,-0.012812
0.400000,0.700000,0.073416
0.500000,0.700000,0.145962
0.600000,0.700000,0.207068
0.700000,0.700000,0.258255
0.800000,0.700000,0.300595
0.900000,0.700000,0.334859
1.000000,0.700000,0.361608
1.100000,0.700000,0.381243
1.200000,0.700000,0.394040
1.300000,0.700000,0.400173
1.400000,0.700000,0.399720
1.500000,0.700000,0.392678
1.600000,0.700000,0.378952
1.700000,0.700000,0.358357
1.800000,0.700000,0.330601
1.900000,0.700000,0.295263
2.000000,0.700000,0.251757
2.100000,0.700000,0.199277
2.200000,0.700000,0.136699
2.300000,0.700000,0.062425
2.400000,0.700000,-0.025922
2.500000,0.700000,-0.066297
2.600000,0.700000,0.036899
2.700000,0.700000,0.126598
2.800000,0.700000,0.205070
2.900000,0.700000,0.273897
3.000000,0.700000,0.334230
3.100000,0.700000,0.386931
3.200000,0.700000,0.432661
3.300000,0.700000,0.471930
3.400000,0.700000,0.447214
3.500000,0.700000,
-3.500000,0.800000,
-3.400000,0.800000,
-3.300000,0.800000,-0.297403
-3.200000,0.800000,-0.365472
-3.100000,0.800000,-0.446025
-3.000000,0.800000,-0.541880
-2.900000,0.800000,-0.489868
-2.800000,0.800000,-0.285210
-2.700000,0.800000,-0.131531
-2.600000,0.800000,-0.007571
-2.500000,0.800000,0.095764
-2.400000,0.800000,0.183375
-2.300000,0.800000,0.258255
-2.200000,0.800000,0.322384
-2.100000,0.800000,0.377140
-2.000000,0.800000,0.423518
-1.900000,0.800000,0.462254
-1.800000,0.800000,0.493896
-1.700000,0.800000,0.518855
-1.600000,0.800000,0.537431
-1.500000,0.800000,0.549838
-1.400000,0.800000,0.556212
-1.300000,0.800000,0.556622
-1.200000,0.800000,0.551071
-1.100000,0.800000,0.539501
-1.000000,0.800000,0.521784
-0.900000,0.800000,0.497719
-0.800000,0.800000,0.467018
-0.700000,0.800000,0.429288
-0.600000,0.800000,0.384000
-0.500000,0.800000,0.330449
-0.400000,0.800000,0.267681
-0.300000,0.800000,0.194381
-0.200000,0.800000,0.108670
-0.100000,0.800000,0.007732
0.000000,0.800000,-0.112984
0.100000,0.800000,-0.261747
0.200000,0.800000,-0.217827
0.300000,0.800000,-0.104020
0.400000,0.800000,-0.010689
0.500000,0.800000,0.067002
0.600000,0.800000,0.131963
0.700000,0.800000,0.186094
0.800000,0.800000,0.230696
0.900000,0.800000,0.266687
1.000000,0.800000,0.294724
1.100000,0.800000,0.315273
1.200000,0.800000,0.328653
1.300000,0.800000,0.335060
1.400000,0.800000,0.334588
1.500000,0.800000,0.327229
1.600000,0.800000,0.312877
1.700000,0.800000,0.291319
1.800000,0.800000,0.262219
1.900000,0.800000,0.225087
2.000000,0.800000,0.179236
2.100000,0.800000,0.123702
2.200000,0.800000,0.057119
2.300000,0.800000,-0.022520
2.400000,0.800000,-0.118322
2.500000,0.800000,-0.063436
2.600000,0.800000,0.039555
2.700000,0.800000,0.129098
2.800000,0.800000,0.207447
2.900000,0.800000,0.276176
3.000000,0.800000,0.336430
3.100000,0.800000,0.389066
3.200000,0.800000,0.434742
3.300000,0.800000,0.473968
3.400000,0.800000,0.223607
3.500000,0.800000,
-3.500000,0.900000,
-3.400000,0.900000,
-3.300000,0.900000,-0.400029
-3.200000,0.900000,-0.474222
-3.100000,0.900000,-0.563096
-3.000000,0.900000,-0.670801
-2.900000,0.900000,-0.598644
-2.800000,0.900000,-0.364097
-2.700000,0.900000,-0.197240
-2.600000,0.900000,-0.065556
-2.500000,0.900000,0.042926
-2.400000,0.900000,0.134222
-2.300000,0.900000,0.211861
-2.200000,0.900000,0.278114
-2.100000,0.900000,0.334533
-2.000000,0.900000,0.382224
-1.900000,0.900000,0.421994
-1.800000,0.900000,0.454444
-1.700000,0.900000,0.480017
-1.600000,0.900000,0.499038
-1.500000,0.900000,0.511736
-1.400000,0.900000,0.518258
-1.300000,0.900000,0.518677
-1.200000,0.900000,0.512998
-1.100000,0.900000,0.501156
-1.000000,0.900000,0.483017
-0.900000,0.900000,0.458362
-0.800000,0.900000,0.426883
-0.700000,0.900000,0.388151
-0.600000,0.900000,0.341592
-0.500000,0.900000,0.286432
-0.400000,0.900000,0.221612
-0.300000,0.900000,0.145655
-0.200000,0.900000,0.056411
-0.100000,0.900000,-0.049426
0.000000,0.900000,-0.177404
0.100000,0.900000,-0.338274
0.200000,0.900000,-0.345165
0.300000,0.900000,-0.215223
0.400000,0.900000,-0.111561
0.500000,0.900000,-0.026688
0.600000,0.900000,0.043510
0.700000,0.900000,0.101562
0.800000,0.900000,0.149134
0.900000,0.900000,0.187370
1.000000,0.900000,0.217069
1.100000,0.900000,0.238792
1.200000,0.900000,0.252917
1.300000,0.900000,0.259676
1.400000,0.900000,0.259177
1.500000,0.900000,0.251414
1.600000,0.900000,0.236261
1.700000,0.900000,0.213466
1.800000,0.900000,0.182630
1.900000,0.900000,0.143163
2.000000,0.900000,0.094226
2.100000,0.900000,0.034617
2.200000,0.900000,-0.037425
2.300000,0.900000,-0.124589
2.400000,0.900000,-0.188406
2.500000,0.900000,-0.068087
2.600000,0.900000,0.035238
2.700000,0.900000,0.125035
2.800000,0.900000,0.203584
2.900000,0.900000,0.272472
3.000000,0.900000,0.332854
3.100000,0.900000,0.385596
3.200000,0.900000,0.431359
3.300000,0.900000,0.470656
3.400000,0.900000,
3.500000,0.900000,
-3.500000,1.000000,
-3.400000,1.000000,
-3.300000,1.000000,-0.521324
-3.200000,1.000000,-0.604410
-3.100000,1.000000,-0.705967
-3.000000,1.000000,-0.833189
-2.900000,1.000000,-0.763647
-2.800000,1.000000,-0.467244
-2.700000,1.000000,-0.279744
-2.600000,1.000000,-0.136989
-2.500000,1.000000,-0.021455
-2.400000,1.000000,0.074755
-2.300000,1.000000,0.156007
-2.200000,1.000000,0.225005
-2.100000,1.000000,0.283555
-2.000000,1.000000,0.332916
-1.900000,1.000000,0.373996
-1.800000,1.000000,0.407464
-1.700000,1.000000,0.433808
-1.600000,1.000000,0.453386
-1.500000,1.000000,0.466449
-1.400000,1.000000,0.473156
-1.300000,1.000000,0.473587
-1.200000,1.000000,0.467746
-1.100000,1.000000,0.455566
-1.000000,1.000000,0.436897
-0.900000,1.000000,0.411502
-0.800000,1.000000,0.379041
-0.700000,1.000000,0.339043
-0.600000,1.000000,0.290869
-0.500000,1.000000,0.233649
-0.400000,1.000000,0.166180
-0.300000,1.000000,0.086749
-0.200000,1.000000,-0.007193
-0.100000,1.000000,-0.119711
0.000000,1.000000,-0.258017
0.100000,1.000000,-0.437528
0.200000,1.000000,-0.514244
0.300000,1.000000,-0.355075
0.400000,1.000000,-0.234906
0.500000,1.000000,-0.139316
0.600000,1.000000,-0.061631
0.700000,1.000000,0.001867
0.800000,1.000000,0.053483
0.900000,1.000000,0.094730
1.000000,1.000000,0.126636
1.100000,1.000000,0.149905
1.200000,1.000000,0.165006
1.300000,1.000000,0.172224
1.400000,1.000000,0.171692
1.500000,1.000000,0.163401
1.600000,1.000000,0.147197
1.700000,1.000000,0.122772
1.800000,1.000000,0.089628
1.900000,1.000000,0.047024
2.000000,1.000000,-0.006123
2.100000,1.000000,-0.071414
2.200000,1.000000,-0.151298
2.300000,1.000000,-0.249777
2.400000,1.000000,-0.201882
2.500000,1.000000,-0.080330
2.600000,1.000000,0.023886
2.700000,1.000000,0.114358
2.800000,1.000000,0.193434
2.900000,1.000000,0.262743
3.000000,1.000000,0.323467
3.100000,1.000000,0.376489
3.200000,1.000000,0.422481
3.300000,1.000000,0.461966
3.400000,1.000000,
3.500000,1.000000,
-3.500000,1.100000,
-3.400000,1.100000,
-3.300000,1.100000,
-3.200000,1.100000,-0.765874
-3.100000,1.100000,-0.889794
-3.000000,1.100000,-1.057724
-2.900000,1.100000,-1.136912
-2.800000,1.100000,-0.609032
-2.700000,1.100000,-0.384647
-2.600000,1.100000,-0.225072
-2.500000,1.100000,-0.099554
-2.400000,1.100000,0.003342
-2.300000,1.100000,0.089386
-2.200000,1.100000,0.161965
-2.100000,1.100000,0.223257
-2.000000,1.100000,0.274748
-1.900000,1.100000,0.317487
-1.800000,1.100000,0.352236
-1.700000,1.100000,0.379548
-1.600000,1.100000,0.399824
-1.500000,1.100000,0.413342
-1.400000,1.100000,0.420280
-1.300000,1.100000,0.420725
-1.200000,1.100000,0.414684
-1.100000,1.100000,0.402081
-1.000000,1.100000,0.382749
-0.900000,1.100000,0.356425
-0.800000,1.100000,0.322728
-0.700000,1.100000,0.281128
-0.600000,1.100000,0.230897
-0.500000,1.100000,0.171029
-0.400000,1.100000,0.100113
-0.300000,1.100000,0.016088
-0.200000,1.100000,-0.084219
-0.100000,1.100000,-0.206133
0.000000,1.100000,-0.359929
0.100000,1.100000,-0.571633
0.200000,1.100000,-0.782663
0.300000,1.100000,-0.544032
0.400000,1.100000,-0.392038
0.500000,1.100000,-0.278437
0.600000,1.100000,-0.189088
0.700000,1.100000,-0.117495
0.800000,1.100000,-0.060058
0.900000,1.100000,-0.014572
1.000000,1.100000,0.020392
1.100000,1.100000,0.045781
1.200000,1.100000,0.062211
1.300000,1.100000,0.070053
1.400000,1.100000,0.069475
1.500000,1.100000,0.060466
1.600000,1.100000,0.042830
1.700000,1.100000,0.016167
1.800000,1.100000,-0.020181
1.900000,1.100000,-0.067213
2.000000,1.100000,-0.126444
2.100000,1.100000,-0.200224
2.200000,1.100000,-0.292428
2.300000,1.100000,-0.372024
2.400000,1.100000,-0.224008
2.500000,1.100000,-0.100380
2.600000,1.100000,0.005327
2.700000,1.100000,0.096924
2.800000,1.100000,0.176876
2.900000,1.100000,0.246884
3.000000,1.100000,0.308173
3.100000,1.100000,0.361656
3.200000,1.100000,0.408026
3.300000,1.100000,0.387298
3.400000,1.100000,
3.500000,1.100000,
-3.500000,1.200000,
-3.400000,1.200000,
-3.300000,1.200000,
-3.200000,1.200000,
-3.100000,1.200000,
-3.000000,1.200000,-1.180915
-2.900000,1.200000,-1.140846
-2.800000,1.200000,-0.842886
-2.700000,1.200000,-0.523577
-2.600000,1.200000,-0.335364
-2.500000,1.200000,-0.194823
-2.400000,1.200000,-0.082471
-2.300000,1.200000,0.010103
-2.200000,1.200000,0.087442
-2.100000,1.200000,0.152319
-2.000000,1.200000,0.206557
-1.900000,1.200000,0.251418
-1.800000,1.200000,0.287794
-1.700000,1.200000,0.316329
-1.600000,1.200000,0.337482
-1.500000,1.200000,0.351572
-1.400000,1.200000,0.358798
-1.300000,1.200000,0.359262
-1.200000,1.200000,0.352970
-1.100000,1.200000,0.339835
-1.000000,1.200000,0.319669
-0.900000,1.200000,0.292174
-0.800000,1.200000,0.256910
-0.700000,1.200000,0.213263
-0.600000,1.200000,0.160380
-0.500000,1.200000,0.097060
-0.400000,1.200000,0.021573
-0.300000,1.200000,-0.068688
-0.200000,1.200000,-0.177943
-0.100000,1.200000,-0.313843
0.000000,1.200000,-0.493389
0.100000,1.200000,-0.779107
0.200000,1.200000,-1.629254
0.300000,1.200000,-0.877553
0.400000,1.200000,-0.613393
0.500000,1.200000,-0.460578
0.600000,1.200000,-0.349841
0.700000,1.200000,-0.264707
0.800000,1.200000,-0.198067
0.900000,1.200000,-0.146123
1.000000,1.200000,-0.106616
1.100000,1.200000,-0.078132
1.200000,1.200000,-0.059782
1.300000,1.200000,-0.051047
1.400000,1.200000,-0.051690
1.500000,1.200000,-0.061728
1.600000,1.200000,-0.081434
1.700000,1.200000,-0.111373
1.800000,1.200000,-0.152493
1.900000,1.200000,-0.206300
2.000000,1.200000,-0.275211
2.100000,1.200000,-0.363334
2.200000,1.200000,-0.478520
2.300000,1.200000,-0.407978
2.400000,1.200000,-0.255289
2.500000,1.200000,-0.128607
2.600000,1.200000,-0.020729
2.700000,1.200000,0.072493
2.800000,1.200000,0.153705
2.900000,1.200000,0.224714
3.000000,1.200000,0.286811
3.100000,1.200000,0.340951
3.200000,1.200000,0.387859
3.300000,1.200000,
3.400000,1.200000,
3.500000,1.200000,
-3.500000,1.300000,
-3.400000,1.300000,
-3.300000,1.300000,
-3.200000,1.300000,
-3.100000,1.300000,
-3.000000,1.300000,-1.167292
-2.900000,1.300000,-1.127518
-2.800000,1.300000,-1.093855
-2.700000,1.300000,-0.731127
-2.600000,1.300000,-0.479167
-2.500000,1.300000,-0.313296
-2.400000,1.300000,-0.186632
-2.300000,1.300000,-0.084736
-2.200000,1.300000,-0.000847
-2.100000,1.300000,0.068842
-2.000000,1.300000,0.126707
-1.900000,1.300000,0.174329
-1.800000,1.300000,0.212805
-1.700000,1.300000,0.242907
-1.600000,1.300000,0.265179
-1.500000,1.300000,0.279994
-1.400000,1.300000,0.287587
-1.300000,1.300000,0.288074
-1.200000,1.300000,0.281463
-1.100000,1.300000,0.267653
-1.000000,1.300000,0.246426
-0.900000,1.300000,0.217430
-0.800000,1.300000,0.180146
-0.700000,1.300000,0.133839
-0.600000,1.300000,0.077464
-0.500000,1.300000,0.009520
-0.400000,1.300000,-0.072231
-0.300000,1.300000,-0.171340
-0.200000,1.300000,-0.294003
-0.100000,1.300000,-0.453017
0.000000,1.300000,-0.686374
0.100000,1.300000,-1.713565
0.200000,1.300000,-1.682110
0.300000,1.300000,-1.657086
0.400000,1.300000,-1.638213
0.500000,1.300000,-0.743523
0.600000,1.300000,-0.572396
0.700000,1.300000,-0.458057
0.800000,1.300000,-0.373976
0.900000,1.300000,-0.310682
1.000000,1.300000,-0.263563
1.100000,1.300000,-0.230049
1.200000,1.300000,-0.208641
1.300000,1.300000,-0.198495
1.400000,1.300000,-0.199241
1.500000,1.300000,-0.210905
1.600000,1.300000,-0.233917
1.700000,1.300000,-0.269195
1.800000,1.300000,-0.318356
1.900000,1.300000,-0.384171
2.000000,1.300000,-0.471680
2.100000,1.300000,-0.591526
2.200000,1.300000,-0.623153
2.300000,1.300000,-0.455860
2.400000,1.300000,-0.296505
2.500000,1.300000,-0.165574
2.600000,1.300000,-0.054721
2.700000,1.300000,0.040707
2.800000,1.300000,0.123619
2.900000,1.300000,0.195970
3.000000,1.300000,0.259145
3.100000,1.300000,0.314161
3.200000,1.300000,0.361784
3.300000,1.300000,
3.400000,1.300000,
3.500000,1.300000,
-3.500000,1.400000,
-3.400000,1.400000,
-3.300000,1.400000,
-3.200000,1.400000,
-3.100000,1.400000,
-3.000000,1.400000,
-2.900000,1.400000,-1.119635
-2.800000,1.400000,-1.086112
-2.700000,1.400000,-1.058352
-2.600000,1.400000,-0.688512
-2.500000,1.400000,-0.467418
-2.400000,1.400000,-0.316209
-2.300000,1.400000,-0.199911
-2.200000,1.400000,-0.106479
-2.100000,1.400000,-0.030039
-2.000000,1.400000,0.032783
-1.900000,1.400000,0.084114
-1.800000,1.400000,0.125372
-1.700000,1.400000,0.157529
-1.600000,1.400000,0.181259
-1.500000,1.400000,0.197015
-1.400000,1.400000,0.205082
-1.300000,1.400000,0.205600
-1.200000,1.400000,0.198577
-1.100000,1.400000,0.183892
-1.000000,1.400000,0.161282
-0.900000,1.400000,0.130319
-0.800000,1.400000,0.090363
-0.700000,1.400000,0.040490
-0.600000,1.400000,-0.020645
-0.500000,1.400000,-0.095047
-0.400000,1.400000,-0.185869
-0.300000,1.400000,-0.298513
-0.200000,1.400000,-0.443738
-0.100000,1.400000,-0.650647
0.000000,1.400000,-1.815295
0.100000,1.400000,-1.775503
0.200000,1.400000,-1.742845
0.300000,1.400000,-1.716898
0.400000,1.400000,-1.697346
0.500000,1.400000,-1.683968
0.600000,1.400000,-1.676615
0.700000,1.400000,-0.766252
0.800000,1.400000,-0.626682
0.900000,1.400000,-0.535427
1.000000,1.400000,-0.471796
1.100000,1.400000,-0.428142
1.200000,1.400000,-0.400824
1.300000,1.400000,-0.388016
1.400000,1.400000,-0.388954
1.500000,1.400000,-0.403694
1.600000,1.400000,-0.433122
1.700000,1.400000,-0.479252
1.800000,1.400000,-0.546090
1.900000,1.400000,-0.642223
2.000000,1.400000,-0.753515
2.100000,1.400000,-0.696760
2.200000,1.400000,-0.647521
2.300000,1.400000,-0.517618
2.400000,1.400000,-0.348827
2.500000,1.400000,-0.212099
2.600000,1.400000,-0.097270
2.700000,1.400000,0.001066
2.800000,1.400000,0.086196
2.900000,1.400000,0.160287
3.000000,1.400000,0.224853
3.100000,1.400000,0.280994
3.200000,1.400000,0.223607
3.300000,1.400000,
3.400000,1.400000,
3.500000,1.400000,
-3.500000,1.500000,
-3.400000,1.500000,
-3.300000,1.500000,
-3.200000,1.500000,
-3.100000,1.500000,
-3.000000,1.500000,
-2.900000,1.500000,-1.117129
-2.800000,1.500000,-1.066364
-2.700000,1.500000,-0.993126
-2.600000,1.500000,-0.930826
-2.500000,1.500000,-0.693959
-2.400000,1.500000,-0.486520
-2.300000,1.500000,-0.344382
-2.200000,1.500000,-0.235622
-2.100000,1.500000,-0.149002
-2.000000,1.500000,-0.079002
-1.900000,1.500000,-0.022449
-1.800000,1.500000,0.022650
-1.700000,1.500000,0.057606
-1.600000,1.500000,0.083302
-1.500000,1.500000,0.100320
-1.400000,1.500000,0.109020
-1.300000,1.500000,0.109578
-1.200000,1.500000,0.102005
-1.100000,1.500000,0.086148
-1.000000,1.500000,0.061676
-0.900000,1.500000,0.028038
-0.800000,1.500000,-0.015599
-0.700000,1.500000,-0.070477
-0.600000,1.500000,-0.138472
-0.500000,1.500000,-0.222550
-0.400000,1.500000,-0.327788
-0.300000,1.500000,-0.464239
-0.200000,1.500000,-0.658602
-0.100000,1.500000,-1.938170
0.000000,1.500000,-1.888246
0.100000,1.500000,-1.846538
0.200000,1.500000,-1.812384
0.300000,1.500000,-1.785292
0.400000,1.500000,-1.764904
0.500000,1.500000,-1.750965
0.600000,1.500000,-1.743308
0.700000,1.500000,-1.741844
0.800000,1.500000,-1.746558
0.900000,1.500000,-1.024027
1.000000,1.500000,-0.824593
1.100000,1.500000,-0.738368
1.200000,1.500000,-0.690895
1.300000,1.500000,-0.669783
1.400000,1.500000,-0.671309
1.500000,1.500000,-0.695716
1.600000,1.500000,-0.747456
1.700000,1.500000,-0.841287
1.800000,1.500000,-0.928638
1.900000,1.500000,-0.852452
2.000000,1.500000,-0.786011
2.100000,1.500000,-0.728155
2.200000,1.500000,-0.678019
2.300000,1.500000,-0.596458
2.400000,1.500000,-0.414029
2.500000,1.500000,-0.269364
2.600000,1.500000,-0.149253
2.700000,1.500000,-0.047122
2.800000,1.500000,0.040864
2.900000,1.500000,0.117175
3.000000,1.500000,0.183504
3.100000,1.500000,0.241063
3.200000,1.500000,
3.300000,1.500000,
3.400000,1.500000,
3.500000,1.500000,
-3.500000,1.600000,
-3.400000,1.600000,
-3.300000,1.600000,
-3.200000,1.600000,
-3.100000,1.600000,
-3.000000,1.600000,
-2.900000,1.600000,-1.061509
-2.800000,1.600000,-0.981104
-2.700000,1.600000,-0.912263
-2.600000,1.600000,-0.853371
-2.500000,1.600000,-0.803274
-2.400000,1.600000,-0.749563
-2.300000,1.600000,-0.539492
-2.200000,1.600000,-0.400763
-2.100000,1.600000,-0.296666
-2.000000,1.600000,-0.215218
-1.900000,1.600000,-0.150715
-1.800000,1.600000,-0.099951
-1.700000,1.600000,-0.060955
-1.600000,1.600000,-0.032464
-1.500000,1.600000,-0.013670
-1.400000,1.600000,-0.004084
-1.300000,1.600000,-0.003470
-1.200000,1.600000,-0.011812
-1.100000,1.600000,-0.029317
-1.000000,1.600000,-0.056433
-0.900000,1.600000,-0.093921
-0.800000,1.600000,-0.142969
-0.700000,1.600000,-0.205427
-0.600000,1.600000,-0.284282
-0.500000,1.600000,-0.384764
-0.400000,1.600000,-0.517534
-0.300000,1.600000,-0.712768
-0.200000,1.600000,-1.808629
-0.100000,1.600000,-2.025225
0.000000,1.600000,-1.972172
0.100000,1.600000,-1.928023
0.200000,1.600000,-1.891975
0.300000,1.600000,-1.863444
0.400000,1.600000,-1.842008
0.500000,1.600000,-1.827368
0.600000,1.600000,-1.819333
0.700000,1.600000,-1.817797
0.800000,1.600000,-1.822743
0.900000,1.600000,-1.834233
1.000000,1.600000,-1.852416
1.100000,1.600000,-1.853330
1.200000,1.600000,-1.742853
1.300000,1.600000,-1.631458
1.400000,1.600000,-1.440842
1.500000,1.600000,-1.291148
1.600000,1.600000,-1.167412
1.700000,1.600000,-1.062427
1.800000,1.600000,-0.972058
1.900000,1.600000,-0.893679
2.000000,1.600000,-0.825501
2.100000,1.600000,-0.766248
2.200000,1.600000,-0.714980
2.300000,1.600000,-0.670989
2.400000,1.600000,-0.494901
2.500000,1.600000,-0.339113
2.600000,1.600000,-0.211909
2.700000,1.600000,-0.104815
2.800000,1.600000,-0.013155
2.900000,1.600000,0.065978
3.000000,1.600000,0.134526
3.100000,1.600000,0.193859
3.200000,1.600000,
3.300000,1.600000,
3.400000,1.600000,
3.500000,1.600000,
-3.500000,1.700000,
-3.400000,1.700000,
-3.300000,1.700000,
-3.200000,1.700000,
-3.100000,1.700000,
-3.000000,1.700000,
-2.900000,1.700000,
-2.800000,1.700000,-0.907935
-2.700000,1.700000,-0.842477
-2.600000,1.700000,-0.786244
-2.500000,1.700000,-0.738258
-2.400000,1.700000,-0.697792
-2.300000,1.700000,-0.664298
-2.200000,1.700000,-0.637273
-2.100000,1.700000,-0.492868
-2.000000,1.700000,-0.389331
-1.900000,1.700000,-0.310895
-1.800000,1.700000,-0.250767
-1.700000,1.700000,-0.205345
-1.600000,1.700000,-0.172520
-1.500000,1.700000,-0.151016
-1.400000,1.700000,-0.140091
-1.300000,1.700000,-0.139392
-1.200000,1.700000,-0.148897
-1.100000,1.700000,-0.168911
-1.000000,1.700000,-0.200116
-0.900000,1.700000,-0.243703
-0.800000,1.700000,-0.301638
-0.700000,1.700000,-0.377253
-0.600000,1.700000,-0.476719
-0.500000,1.700000,-0.613800
-0.400000,1.700000,-0.838334
-0.300000,1.700000,-1.444531
-0.200000,1.700000,-1.641118
-0.100000,1.700000,-1.949105
0.000000,1.700000,-2.069207
0.100000,1.700000,-2.021859
0.200000,1.700000,-1.983357
0.300000,1.700000,-1.952976
0.400000,1.700000,-1.930199
0.500000,1.700000,-1.914668
0.600000,1.700000,-1.906150
0.700000,1.700000,-1.904524
0.800000,1.700000,-1.909764
0.900000,1.700000,-1.921948
1.000000,1.700000,-1.941252
1.100000,1.700000,-1.967974
1.200000,1.700000,-2.002549
1.300000,1.700000,-1.732836
1.400000,1.700000,-1.520054
1.500000,1.700000,-1.358940
1.600000,1.700000,-1.228043
1.700000,1.700000,-1.118093
1.800000,1.700000,-1.024072
1.900000,1.700000,-0.942898
2.000000,1.700000,-0.872525
2.100000,1.700000,-0.811520
2.200000,1.700000,-0.758841
2.300000,1.700000,-0.713707
2.400000,1.700000,-0.596177
2.500000,1.700000,-0.424029
2.600000,1.700000,-0.287046
2.700000,1.700000,-0.173356
2.800000,1.700000,-0.076926
2.900000,1.700000,0.005809
3.000000,1.700000,0.077159
3.100000,1.700000,
3.200000,1.700000,
3.300000,1.700000,
3.400000,1.700000,
3.500000,1.700000,
-3.500000,1.800000,
-3.400000,1.800000,
-3.300000,1.800000,
-3.200000,1.800000,
-3.100000,1.800000,
-3.000000,1.800000,
-2.900000,1.800000,
-2.800000,1.800000,-0.845069
-2.700000,1.800000,-0.782268
-2.600000,1.800000,-0.728147
-2.500000,1.800000,-0.681852
-2.400000,1.800000,-0.642738
-2.300000,1.800000,-0.610315
-2.200000,1.800000,-0.584211
-2.100000,1.800000,-0.564145
-2.000000,1.800000,-0.549913
-1.900000,1.800000,-0.528199
-1.800000,1.800000,-0.448440
-1.700000,1.800000,-0.390668
-1.600000,1.800000,-0.349942
-1.500000,1.800000,-0.323656
-1.400000,1.800000,-0.310408
-1.300000,1.800000,-0.309563
-1.200000,1.800000,-0.321081
-1.100000,1.800000,-0.345509
-1.000000,1.800000,-0.384128
-0.900000,1.800000,-0.439333
-0.800000,1.800000,-0.515626
-0.700000,1.800000,-0.622543
-0.600000,1.800000,-0.788172
-0.500000,1.800000,-1.094759
-0.400000,1.800000,-1.209149
-0.300000,1.800000,-1.346740
-0.200000,1.800000,-1.519261
-0.100000,1.800000,-1.757455
0.000000,1.800000,-2.182579
0.100000,1.800000,-2.130866
0.200000,1.800000,-2.089065
0.300000,1.800000,-2.056224
0.400000,1.800000,-2.031679
0.500000,1.800000,-2.014978
0.600000,1.800000,-2.005831
0.700000,1.800000,-2.004085
0.800000,1.800000,-2.009711
0.900000,1.800000,-2.022803
1.000000,1.800000,-2.043582
1.100000,1.800000,-2.072421
1.200000,1.800000,-2.109875
1.300000,1.800000,-1.871064
1.400000,1.800000,-1.619778
1.500000,1.800000,-1.441800
1.600000,1.800000,-1.301015
1.700000,1.800000,-1.184463
1.800000,1.800000,-1.085696
1.900000,1.800000,-1.000949
2.000000,1.800000,-0.927804
2.100000,1.800000,-0.864606
2.200000,1.800000,-0.810169
2.300000,1.800000,-0.763622
2.400000,1.800000,-0.724307
2.500000,1.800000,-0.528550
2.600000,1.800000,-0.377420
2.700000,1.800000,-0.254697
2.800000,1.800000,-0.151949
2.900000,1.800000,-0.064545
3.000000,1.800000,0.010376
3.100000,1.800000,
3.200000,1.800000,
3.300000,1.800000,
3.400000,1.800000,
3.500000,1.800000,
-3.500000,1.900000,
-3.400000,1.900000,
-3.300000,1.900000,
-3.200000,1.900000,
-3.100000,1.900000,
-3.000000,1.900000,
-2.900000,1.900000,
-2.800000,1.900000,-0.791244
-2.700000,1.900000,-0.730554
-2.600000,1.900000,-0.678127
-2.500000,1.900000,-0.633196
-2.400000,1.900000,-0.595178
-2.300000,1.900000,-0.563629
-2.200000,1.900000,-0.538204
-2.100000,1.900000,-0.518648
-2.000000,1.900000,-0.504771
-1.900000,1.900000,-0.496444
-1.800000,1.900000,-0.493592
-1.700000,1.900000,-0.496189
-1.600000,1.900000,-0.504259
-1.500000,1.900000,-0.517874
-1.400000,1.900000,-0.537161
-1.300000,1.900000,-0.543362
-1.200000,1.900000,-0.559632
-1.100000,1.900000,-0.594968
-1.000000,1.900000,-0.653647
-0.900000,1.900000,-0.727925
-0.800000,1.900000,-0.788208
-0.700000,1.900000,-0.857722
-0.600000,1.900000,-0.937849
-0.500000,1.900000,-1.030551
-0.400000,1.900000,-1.138759
-0.300000,1.900000,-1.267199
-0.200000,1.900000,-1.424439
-0.100000,1.900000,-1.629610
0.000000,1.900000,-1.954406
0.100000,1.900000,-2.259532
0.200000,1.900000,-2.213044
0.300000,1.900000,-2.176764
0.400000,1.900000,-2.149778
0.500000,1.900000,-2.131475
0.600000,1.900000,-2.121468
0.700000,1.900000,-2.119560
0.800000,1.900000,-2.125712
0.900000,1.900000,-2.140045
1.000000,1.900000,-2.162853
1.100000,1.900000,-2.194632
1.200000,1.900000,-2.236141
1.300000,1.900000,-2.091902
1.400000,1.900000,-1.749338
1.500000,1.900000,-1.544078
1.600000,1.900000,-1.388991
1.700000,1.900000,-1.263405
1.800000,1.900000,-1.158357
1.900000,1.900000,-1.068986
2.000000,1.900000,-0.992309
2.100000,1.900000,-0.926347
2.200000,1.900000,-0.869717
2.300000,1.900000,-0.821416
2.400000,1.900000,-0.780699
2.500000,1.900000,-0.660988
2.600000,1.900000,-0.487566
2.700000,1.900000,-0.351823
2.800000,1.900000,-0.240411
2.900000,1.900000,-0.146806
3.000000,1.900000,
3.100000,1.900000,
3.200000,1.900000,
3.300000,1.900000,
3.400000,1.900000,
3.500000,1.900000,
-3.500000,2.000000,
-3.400000,2.000000,
-3.300000,2.000000,
-3.200000,2.000000,
-3.100000,2.000000,
-3.000000,2.000000,
-2.900000,2.000000,
-2.800000,2.000000,
-2.700000,2.000000,-0.686534
-2.600000,2.000000,-0.635468
-2.500000,2.000000,-0.591639
-2.400000,2.000000,-0.554511
-2.300000,2.000000,-0.523672
-2.200000,2.000000,-0.498802
-2.100000,2.000000,-0.479662
-2.000000,2.000000,-0.466076
-1.900000,2.000000,-0.457921
-1.800000,2.000000,-0.455127
-1.700000,2.000000,-0.457671
-1.600000,2.000000,-0.465574
-1.500000,2.000000,-0.478904
-1.400000,2.000000,-0.497781
-1.300000,2.000000,-0.522378
-1.200000,2.000000,-0.552932
-1.100000,2.000000,-0.589757
-1.000000,2.000000,-0.633262
-0.900000,2.000000,-0.683975
-0.800000,2.000000,-0.742588
-0.700000,2.000000,-0.810015
-0.600000,2.000000,-0.887490
-0.500000,2.000000,-0.976737
-0.400000,2.000000,-1.080278
-0.300000,2.000000,-1.202039
-0.200000,2.000000,-1.348782
-0.100000,2.000000,-1.534205
0.000000,2.000000,-1.797268
0.100000,2.000000,-2.415837
0.200000,2.000000,-2.362061
0.300000,2.000000,-2.320581
0.400000,2.000000,-2.289972
0.500000,2.000000,-2.269319
0.600000,2.000000,-2.258063
0.700000,2.000000,-2.255919
0.800000,2.000000,-2.262833
0.900000,2.000000,-2.278978
1.000000,2.000000,-2.304777
1.100000,2.000000,-2.340961
1.200000,2.000000,-2.388685
1.300000,2.000000,-2.447633
1.400000,2.000000,-1.932782
1.500000,2.000000,-1.673901
1.600000,2.000000,-1.496327
1.700000,2.000000,-1.357763
1.800000,2.000000,-1.244130
1.900000,2.000000,-1.148632
2.000000,2.000000,-1.067375
2.100000,2.000000,-0.997884
2.200000,2.000000,-0.938485
2.300000,2.000000,-0.887990
2.400000,2.000000,-0.845532
2.500000,2.000000,-0.810469
2.600000,2.000000,-0.625914
2.700000,2.000000,-0.469684
2.800000,2.000000,-0.345701
2.900000,2.000000,
3.000000,2.000000,
3.100000,2.000000,
3.200000,2.000000,
3.300000,2.000000,
3.400000,2.000000,
3.500000,2.000000,
-3.500000,2.100000,
-3.400000,2.100000,
-3.300000,2.100000,
-3.200000,2.100000,
-3.100000,2.100000,
-3.000000,2.100000,
-2.900000,2.100000,
-2.800000,2.100000,
-2.700000,2.100000,-0.649603
-2.600000,2.100000,-0.599626
-2.500000,2.100000,-0.556683
-2.400000,2.100000,-0.520272
-2.300000,2.100000,-0.490006
-2.200000,2.100000,-0.465586
-2.100000,2.100000,-0.446784
-2.000000,2.100000,-0.433432
-1.900000,2.100000,-0.425417
-1.800000,2.100000,-0.422671
-1.700000,2.100000,-0.425172
-1.600000,2.100000,-0.432939
-1.500000,2.100000,-0.446039
-1.400000,2.100000,-0.464583
-1.300000,2.100000,-0.488736
-1.200000,2.100000,-0.518723
-1.100000,2.100000,-0.554838
-1.000000,2.100000,-0.597466
-0.900000,2.100000,-0.647100
-0.800000,2.100000,-0.704383
-0.700000,2.100000,-0.770157
-0.600000,2.100000,-0.845551
-0.500000,2.100000,-0.932118
-0.400000,2.100000,-1.032095
-0.300000,2.100000,-1.148879
-0.200000,2.100000,-1.288108
-0.100000,2.100000,-1.460496
0.000000,2.100000,-1.692390
0.100000,2.100000,-2.137406
0.200000,2.100000,-2.549769
0.300000,2.100000,-2.499226
0.400000,2.100000,-2.462522
0.500000,2.100000,-2.438007
0.600000,2.100000,-2.424726
0.700000,2.100000,-2.422202
0.800000,2.100000,-2.430348
0.900000,2.100000,-2.449449
1.000000,2.100000,-2.480217
1.100000,2.100000,-2.523934
1.200000,2.100000,
1.300000,2.100000,-2.454475
1.400000,2.100000,-2.268600
1.500000,2.100000,-1.850354
1.600000,2.100000,-1.631059
1.700000,2.100000,-1.472215
1.800000,2.100000,-1.346202
1.900000,2.100000,-1.242275
2.000000,2.100000,-1.154906
2.100000,2.100000,-1.080807
2.200000,2.100000,-1.017847
2.300000,2.100000,-0.964563
2.400000,2.100000,-0.919911
2.500000,2.100000,-0.883131
2.600000,2.100000,-0.812161
2.700000,2.100000,-0.617635
2.800000,2.100000,
2.900000,2.100000,
3.000000,2.100000,
3.100000,2.100000,
3.200000,2.100000,
3.300000,2.100000,
3.400000,2.100000,
3.500000,2.100000,
-3.500000,2.200000,
-3.400000,2.200000,
-3.300000,2.200000,
-3.200000,2.200000,
-3.100000,2.200000,
-3.000000,2.200000,
-2.900000,2.200000,
-2.800000,2.200000,
-2.700000,2.200000,
-2.600000,2.200000,-0.570185
-2.500000,2.200000,-0.527943
-2.400000,2.200000,-0.492102
-2.300000,2.200000,-0.462292
-2.200000,2.200000,-0.438229
-2.100000,2.200000,-0.419696
-2.000000,2.200000,-0.406533
-1.900000,2.200000,-0.398630
-1.800000,2.200000,-0.395922
-1.700000,2.200000,-0.398387
-1.600000,2.200000,-0.406047
-1.500000,2.200000,-0.418962
-1.400000,2.200000,-0.437241
-1.300000,2.200000,-0.461041
-1.200000,2.200000,-0.490576
-1.100000,2.200000,-0.526128
-1.000000,2.200000,-0.568061
-0.900000,2.200000,-0.616843
-0.800000,2.200000,-0.673080
-0.700000,2.200000,-0.737560
-0.600000,2.200000,-0.811335
-0.500000,2.200000,-0.895836
-0.400000,2.200000,-0.993096
-0.300000,2.200000,-1.106154
-0.200000,2.200000,-1.239912
-0.100000,2.200000,-1.403292
0.000000,2.200000,-1.616352
0.100000,2.200000,-1.956074
0.200000,2.200000,
0.300000,2.200000,
0.400000,2.200000,-2.691948
0.500000,2.200000,-2.659392
0.600000,2.200000,-2.642019
0.700000,2.200000,
0.800000,2.200000,
0.900000,2.200000,
1.000000,2.200000,
1.100000,2.200000,
1.200000,2.200000,
1.300000,2.200000,
1.400000,2.200000,-2.284033
1.500000,2.200000,-2.133320
1.600000,2.200000,-1.811625
1.700000,2.200000,-1.615475
1.800000,2.200000,-1.469908
1.900000,2.200000,-1.353656
2.000000,2.200000,-1.257757
2.100000,2.200000,-1.177424
2.200000,2.200000,-1.109751
2.300000,2.200000,-1.052835
2.400000,2.200000,-1.005360
2.500000,2.200000,-0.966390
2.600000,2.200000,
2.700000,2.200000,
2.800000,2.200000,
2.900000,2.200000,
3.000000,2.200000,
3.100000,2.200000,
3.200000,2.200000,
3.300000,2.200000,
3.400000,2.200000,
3.500000,2.200000,
-3.500000,2.300000,
-3.400000,2.300000,
-3.300000,2.300000,
-3.200000,2.300000,
-3.100000,2.300000,
-3.000000,2.300000,
-2.900000,2.300000,
-2.800000,2.300000,
-2.700000,2.300000,
-2.600000,2.300000,
-2.500000,2.300000,-0.505126
-2.400000,2.300000,-0.469724
-2.300000,2.300000,-0.440267
-2.200000,2.300000,-0.416482
-2.100000,2.300000,-0.398157
-2.000000,2.300000,-0.385140
-1.900000,2.300000,-0.377323
-1.800000,2.300000,-0.374644
-1.700000,2.300000,-0.377083
-1.600000,2.300000,-0.384659
-1.500000,2.300000,-0.397431
-1.400000,2.300000,-0.415504
-1.300000,2.300000,-0.439031
-1.200000,2.300000,-0.468216
-1.100000,2.300000,-0.503333
-1.000000,2.300000,-0.544730
-0.900000,2.300000,-0.592858
-0.800000,2.300000,-0.648292
-0.700000,2.300000,-0.711785
-0.600000,2.300000,-0.784329
-0.500000,2.300000,-0.867269
-0.400000,2.300000,-0.962496
-0.300000,2.300000,-1.072799
-0.200000,2.300000,-1.202594
-0.100000,2.300000,-1.359670
0.000000,2.300000,-1.560556
0.100000,2.300000,-1.858233
0.200000,2.300000,
0.300000,2.300000,
0.400000,2.300000,
0.500000,2.300000,
0.600000,2.300000,
0.700000,2.300000,
0.800000,2.300000,
0.900000,2.300000,
1.000000,2.300000,
1.100000,2.300000,
1.200000,2.300000,
1.300000,2.300000,
1.400000,2.300000,
1.500000,2.300000,-2.155639
1.600000,2.300000,-2.027770
1.700000,2.300000,-1.807999
1.800000,2.300000,-1.625507
1.900000,2.300000,-1.489239
2.000000,2.300000,-1.380542
2.100000,2.300000,-1.291300
2.200000,2.300000,-1.217111
2.300000,2.300000,-1.155287
2.400000,2.300000,
2.500000,2.300000,
2.600000,2.300000,
2.700000,2.300000,
2.800000,2.300000,
2.900000,2.300000,
3.000000,2.300000,
3.100000,2.300000,
3.200000,2.300000,
3.300000,2.300000,
3.400000,2.300000,
3.500000,2.300000,
-3.500000,2.400000,
-3.400000,2.400000,
-3.300000,2.400000,
-3.200000,2.400000,
-3.100000,2.400000,
-3.000000,2.400000,
-2.900000,2.400000,
-2.800000,2.400000,
-2.700000,2.400000,
-2.600000,2.400000,
-2.500000,2.400000,-0.488011
-2.400000,2.400000,-0.452932
-2.300000,2.400000,-0.423735
-2.200000,2.400000,-0.400153
-2.100000,2.400000,-0.381982
-2.000000,2.400000,-0.369072
-1.900000,2.400000,-0.361319
-1.800000,2.400000,-0.358662
-1.700000,2.400000,-0.361081
-1.600000,2.400000,-0.368595
-1.500000,2.400000,-0.381262
-1.400000,2.400000,-0.399184
-1.300000,2.400000,-0.422509
-1.200000,2.400000,-0.451438
-1.100000,2.400000,-0.486235
-1.000000,2.400000,-0.527240
-0.900000,2.400000,-0.574887
-0.800000,2.400000,-0.629736
-0.700000,2.400000,-0.692509
-0.600000,2.400000,-0.764159
-0.500000,2.400000,-0.845972
-0.400000,2.400000,-0.939740
-0.300000,2.400000,-1.048083
-0.200000,2.400000,-1.175097
-0.100000,2.400000,-1.327854
0.000000,2.400000,-1.520804
0.100000,2.400000,-1.795852
0.200000,2.400000,
0.300000,2.400000,
0.400000,2.400000,
0.500000,2.400000,
0.600000,2.400000,
0.700000,2.400000,
0.800000,2.400000,
0.900000,2.400000,
1.000000,2.400000,
1.100000,2.400000,
1.200000,2.400000,
1.300000,2.400000,
1.400000,2.400000,
1.500000,2.400000,
1.600000,2.400000,
1.700000,2.400000,
1.800000,2.400000,
1.900000,2.400000,-1.662195
2.000000,2.400000,-1.531647
2.100000,2.400000,-1.428467
2.200000,2.400000,
2.300000,2.400000,
2.400000,2.400000,
2.500000,2.400000,
2.600000,2.400000,
2.700000,2.400000,
2.800000,2.400000,
2.900000,2.400000,
3.000000,2.400000,
3.100000,2.400000,
3.200000,2.400000,
3.300000,2.400000,
3.400000,2.400000,
3.500000,2.400000,
-3.500000,2.500000,
-3.400000,2.500000,
-3.300000,2.500000,
-3.200000,2.500000,
-3.100000,2.500000,
-3.000000,2.500000,
-2.900000,2.500000,
-2.800000,2.500000,
-2.700000,2.500000,
-2.600000,2.500000,
-2.500000,2.500000,
-2.400000,2.500000,-0.441577
-2.300000,2.500000,-0.412552
-2.200000,2.500000,-0.389106
-2.100000,2.500000,-0.371038
-2.000000,2.500000,-0.358199
-1.900000,2.500000,-0.350489
-1.800000,2.500000,-0.347847
-1.700000,2.500000,-0.350252
-1.600000,2.500000,-0.357725
-1.500000,2.500000,-0.370322
-1.400000,2.500000,-0.388143
-1.300000,2.500000,-0.411333
-1.200000,2.500000,-0.440091
-1.100000,2.500000,-0.474676
-1.000000,2.500000,-0.515419
-0.900000,2.500000,-0.562748
-0.800000,2.500000,-0.617208
-0.700000,2.500000,-0.679504
-0.600000,2.500000,-0.750565
-0.500000,2.500000,-0.831635
-0.400000,2.500000,-0.924446
-0.300000,2.500000,-1.031513
-0.200000,2.500000,-1.156732
-0.100000,2.500000,-1.306744
0.000000,2.500000,-1.494803
0.100000,2.500000,-1.757228
0.200000,2.500000,
0.300000,2.500000,
0.400000,2.500000,
0.500000,2.500000,
0.600000,2.500000,
0.700000,2.500000,
0.800000,2.500000,
0.900000,2.500000,
1.000000,2.500000,
1.100000,2.500000,
1.200000,2.500000,
1.300000,2.500000,
1.400000,2.500000,
1.500000,2.500000,
1.600000,2.500000,
1.700000,2.500000,
1.800000,2.500000,
1.900000,2.500000,
2.000000,2.500000,
2.100000,2.500000,
2.200000,2.500000,
2.300000,2.500000,
2.400000,2.500000,
2.500000,2.500000,
2.600000,2.500000,
2.700000,2.500000,
2.800000,2.500000,
2.900000,2.500000,
3.000000,2.500000,
3.100000,2.500000,
3.200000,2.500000,
3.300000,2.500000,
3.400000,2.500000,
3.500000,2.500000,
-3.500000,2.600000,
-3.400000,2.600000,
-3.300000,2.600000,
-3.200000,2.600000,
-3.100000,2.600000,
-3.000000,2.600000,
-2.900000,2.600000,
-2.800000,2.600000,
-2.700000,2.600000,
-2.600000,2.600000,
-2.500000,2.600000,
-2.400000,2.600000,
-2.300000,2.600000,-0.406627
-2.200000,2.600000,-0.383252
-2.100000,2.600000,-0.365237
-2.000000,2.600000,-0.352436
-1.900000,2.600000,-0.344748
-1.800000,2.600000,-0.342114
-1.700000,2.600000,-0.344513
-1.600000,2.600000,-0.351963
-1.500000,2.600000,-0.364523
-1.400000,2.600000,-0.382291
-1.300000,2.600000,-0.405411
-1.200000,2.600000,-0.434080
-1.100000,2.600000,-0.468552
-1.000000,2.600000,-0.509159
-0.900000,2.600000,-0.556320
-0.800000,2.600000,-0.610577
-0.700000,2.600000,-0.672624
-0.600000,2.600000,-0.743376
-0.500000,2.600000,-0.824059
-0.400000,2.600000,-0.916373
-0.300000,2.600000,-1.022779
-0.200000,2.600000,-1.147073
-0.100000,2.600000,-1.295683
0.000000,2.600000,-1.481288
0.100000,2.600000,-1.737695
0.200000,2.600000,
0.300000,2.600000,
0.400000,2.600000,
0.500000,2.600000,
0.600000,2.600000,
0.700000,2.600000,
0.800000,2.600000,
0.900000,2.600000,
1.000000,2.600000,
1.100000,2.600000,
1.200000,2.600000,
1.300000,2.600000,
1.400000,2.600000,
1.500000,2.600000,
1.600000,2.600000,
1.700000,2.600000,
1.800000,2.600000,
1.900000,2.600000,
2.000000,2.600000,
2.100000,2.600000,
2.200000,2.600000,
2.300000,2.600000,
2.400000,2.600000,
2.500000,2.600000,
2.600000,2.600000,
2.700000,2.600000,
2.800000,2.600000,
2.900000,2.600000,
3.000000,2.600000,
3.100000,2.600000,
3.200000,2.600000,
3.300000,2.600000,
3.400000,2.600000,
3.500000,2.600000,
-3.500000,2.700000,
-3.400000,2.700000,
-3.300000,2.700000,
-3.200000,2.700000,
-3.100000,2.700000,
-3.000000,2.700000,
-2.900000,2.700000,
-2.800000,2.700000,
-2.700000,2.700000,
-2.600000,2.700000,
-2.500000,2.700000,
-2.400000,2.700000,
-2.300000,2.700000,
-2.200000,2.700000,
-2.100000,2.700000,-0.364535
-2.000000,2.700000,-0.351738
-1.900000,2.700000,-0.344053
-1.800000,2.700000,-0.341419
-1.700000,2.700000,-0.343818
-1.600000,2.700000,-0.351266
-1.500000,2.700000,-0.363821
-1.400000,2.700000,-0.381583
-1.300000,2.700000,-0.404694
-1.200000,2.700000,-0.433352
-1.100000,2.700000,-0.467811
-1.000000,2.700000,-0.508401
-0.900000,2.700000,-0.555542
-0.800000,2.700000,-0.609774
-0.700000,2.700000,-0.671791
-0.600000,2.700000,-0.742506
-0.500000,2.700000,-0.823143
-0.400000,2.700000,-0.915397
-0.300000,2.700000,-1.021723
-0.200000,2.700000,-1.145906
-0.100000,2.700000,-1.294350
0.000000,2.700000,-1.479663
0.100000,2.700000,-1.735369
0.200000,2.700000,
0.300000,2.700000,
0.400000,2.700000,
0.500000,2.700000,
0.600000,2.700000,
0.700000,2.700000,
0.800000,2.700000,
0.900000,2.700000,
1.000000,2.700000,
1.100000,2.700000,
1.200000,2.700000,
1.300000,2.700000,
1.400000,2.700000,
1.500000,2.700000,
1.600000,2.700000,
1.700000,2.700000,
1.800000,2.700000,
1.900000,2.700000,
2.000000,2.700000,
2.100000,2.700000,
2.200000,2.700000,
2.300000,2.700000,
2.400000,2.700000,
2.500000,2.700000,
2.600000,2.700000,
2.700000,2.700000,
2.800000,2.700000,
2.900000,2.700000,
3.000000,2.700000,
3.100000,2.700000,
3.200000,2.700000,
3.300000,2.700000,
3.400000,2.700000,
3.500000,2.700000,
-3.500000,2.800000,
-3.400000,2.800000,
-3.300000,2.800000,
-3.200000,2.800000,
-3.100000,2.800000,
-3.000000,2.800000,
-2.900000,2.800000,
-2.800000,2.800000,
-2.700000,2.800000,
-2.600000,2.800000,
-2.500000,2.800000,
-2.400000,2.800000,
-2.300000,2.800000,
-2.200000,2.800000,
-2.100000,2.800000,
-2.000000,2.800000,-0.356100
-1.900000,2.800000,-0.348398
-1.800000,2.800000,-0.345759
-1.700000,2.800000,-0.348162
-1.600000,2.800000,-0.355626
-1.500000,2.800000,-0.368210
-1.400000,2.800000,-0.386011
-1.300000,2.800000,-0.409176
-1.200000,2.800000,-0.437902
-1.100000,2.800000,-0.472445
-1.000000,2.800000,-0.513139
-0.900000,2.800000,-0.560406
-0.800000,2.800000,-0.614792
-0.700000,2.800000,-0.676998
-0.600000,2.800000,-0.747945
-0.500000,2.800000,-0.828874
-0.400000,2.800000,-0.921503
-0.300000,2.800000,-1.028328
-0.200000,2.800000,-1.153208
-0.100000,2.800000,-1.302705
0.000000,2.800000,-1.489860
0.100000,2.800000,-1.750044
0.200000,2.800000,
0.300000,2.800000,
0.400000,2.800000,
0.500000,2.800000,
0.600000,2.800000,
0.700000,2.800000,
0.800000,2.800000,
0.900000,2.800000,
1.000000,2.800000,
1.100000,2.800000,
1.200000,2.800000,
1.300000,2.800000,
1.400000,2.800000,
1.500000,2.800000,
1.600000,2.800000,
1.700000,2.800000,
1.800000,2.800000,
1.900000,2.800000,
2.000000,2.800000,
2.100000,2.800000,
2.200000,2.800000,
2.300000,2.800000,
2.400000,2.800000,
2.500000,2.800000,
2.600000,2.800000,
2.700000,2.800000,
2.800000,2.800000,
2.900000,2.800000,
3.000000,2.800000,
3.100000,2.800000,
3.200000,2.800000,
3.300000,2.800000,
3.400000,2.800000,
3.500000,2.800000,
-3.500000,2.900000,
-3.400000,2.900000,
-3.300000,2.900000,
-3.200000,2.900000,
-3.100000,2.900000,
-3.000000,2.900000,
-2.900000,2.900000,
-2.800000,2.900000,
-2.700000,2.900000,
-2.600000,2.900000,
-2.500000,2.900000,
-2.400000,2.900000,
-2.300000,2.900000,
-2.200000,2.900000,
-2.100000,2.900000,
-2.000000,2.900000,
-1.900000,2.900000,-0.357816
-1.800000,2.900000,-0.355164
-1.700000,2.900000,-0.357579
-1.600000,2.900000,-0.365079
-1.500000,2.900000,-0.377723
-1.400000,2.900000,-0.395613
-1.300000,2.900000,-0.418894
-1.200000,2.900000,-0.447768
-1.100000,2.900000,-0.482496
-1.000000,2.900000,-0.523415
-0.900000,2.900000,-0.570959
-0.800000,2.900000,-0.625682
-0.700000,2.900000,-0.688300
-0.600000,2.900000,-0.759758
-0.500000,2.900000,-0.841329
-0.400000,2.900000,-0.934784
-0.300000,2.900000,-1.042711
-0.200000,2.900000,-1.169137
-0.100000,2.900000,-1.320992
0.000000,2.900000,-1.512321
0.100000,2.900000,-1.783086
0.200000,2.900000,
0.300000,2.900000,
0.400000,2.900000,
0.500000,2.900000,
0.600000,2.900000,
0.700000,2.900000,
0.800000,2.900000,
0.900000,2.900000,
1.000000,2.900000,
1.100000,2.900000,
1.200000,2.900000,
1.300000,2.900000,
1.400000,2.900000,
1.500000,2.900000,
1.600000,2.900000,
1.700000,2.900000,
1.800000,2.900000,
1.900000,2.900000,
2.000000,2.900000,
2.100000,2.900000,
2.200000,2.900000,
2.300000,2.900000,
2.400000,2.900000,
2.500000,2.900000,
2.600000,2.900000,
2.700000,2.900000,
2.800000,2.900000,
2.900000,2.900000,
3.000000,2.900000,
3.100000,2.900000,
3.200000,2.900000,
3.300000,2.900000,
3.400000,2.900000,
3.500000,2.900000,
-3.500000,3.000000,
-3.400000,3.000000,
-3.300000,3.000000,
-3.200000,3.000000,
-3.100000,3.000000,
-3.000000,3.000000,
-2.900000,3.000000,
-2.800000,3.000000,
-2.700000,3.000000,
-2.600000,3.000000,
-2.500000,3.000000,
-2.400000,3.000000,
-2.300000,3.000000,
-2.200000,3.000000,
-2.100000,3.000000,
-2.000000,3.000000,
-1.900000,3.000000,
-1.800000,3.000000,
-1.700000,3.000000,-0.372142
-1.600000,3.000000,-0.379698
-1.500000,3.000000,-0.392438
-1.400000,3.000000,-0.410464
-1.300000,3.000000,-0.433928
-1.200000,3.000000,-0.463034
-1.100000,3.000000,-0.498051
-1.000000,3.000000,-0.539327
-0.900000,3.000000,-0.587305
-0.800000,3.000000,-0.642557
-0.700000,3.000000,-0.705825
-0.600000,3.000000,-0.778090
-0.500000,3.000000,-0.860678
-0.400000,3.000000,-0.955449
-0.300000,3.000000,-1.065137
-0.200000,3.000000,-1.194056
-0.100000,3.000000,-1.349763
0.000000,3.000000,-1.548101
0.100000,3.000000,
0.200000,3.000000,
0.300000,3.000000,
0.400000,3.000000,
0.500000,3.000000,
0.600000,3.000000,
0.700000,3.000000,
0.800000,3.000000,
0.900000,3.000000,
1.000000,3.000000,
1.100000,3.000000,
1.200000,3.000000,
1.300000,3.000000,
1.400000,3.000000,
1.500000,3.000000,
1.600000,3.000000,
1.700000,3.000000,
1.800000,3.000000,
1.900000,3.000000,
2.000000,3.000000,
2.100000,3.000000,
2.200000,3.000000,
2.300000,3.000000,
2.400000,3.000000,
2.500000,3.000000,
2.600000,3.000000,
2.700000,3.000000,
2.800000,3.000000,
2.900000,3.000000,
3.000000,3.000000,
3.100000,3.000000,
3.200000,3.000000,
3.300000,3.000000,
3.400000,3.000000,
3.500000,3.000000,
-3.500000,3.100000,
-3.400000,3.100000,
-3.300000,3.100000,
-3.200000,3.100000,
-3.100000,3.100000,
-3.000000,3.100000,
-2.900000,3.100000,
-2.800000,3.100000,
-2.700000,3.100000,
-2.600000,3.100000,
-2.500000,3.100000,
-2.400000,3.100000,
-2.300000,3.100000,
-2.200000,3.100000,
-2.100000,3.100000,
-2.000000,3.100000,
-1.900000,3.100000,
-1.800000,3.100000,
-1.700000,3.100000,
-1.600000,3.100000,
-1.500000,3.100000,-0.412473
-1.400000,3.100000,-0.430689
-1.300000,3.100000,-0.454406
-1.200000,3.100000,-0.483835
-1.100000,3.100000,-0.519254
-1.000000,3.100000,-0.561024
-0.900000,3.100000,-0.609607
-0.800000,3.100000,-0.665599
-0.700000,3.100000,-0.729779
-0.600000,3.100000,-0.803177
-0.500000,3.100000,-0.887200
-0.400000,3.100000,-0.983836
-0.300000,3.100000,-1.096045
-0.200000,3.100000,-1.228576
-0.100000,3.100000,-1.389983
0.000000,3.100000,-1.599154
0.100000,3.100000,
0.200000,3.100000,
0.300000,3.100000,
0.400000,3.100000,
0.500000,3.100000,
0.600000,3.100000,
0.700000,3.100000,
0.800000,3.100000,
0.900000,3.100000,
1.000000,3.100000,
1.100000,3.100000,
1.200000,3.100000,
1.300000,3.100000,
1.400000,3.100000,
1.500000,3.100000,
1.600000,3.100000,
1.700000,3.100000,
1.800000,3.100000,
1.900000,3.100000,
2.000000,3.100000,
2.100000,3.100000,
2.200000,3.100000,
2.300000,3.100000,
2.400000,3.100000,
2.500000,3.100000,
2.600000,3.100000,
2.700000,3.100000,
2.800000,3.100000,
2.900000,3.100000,
3.000000,3.100000,
3.100000,3.100000,
3.200000,3.100000,
3.300000,3.100000,
3.400000,3.100000,
3.500000,3.100000,
-3.500000,3.200000,
-3.400000,3.200000,
-3.300000,3.200000,
-3.200000,3.200000,
-3.100000,3.200000,
-3.000000,3.200000,
-2.900000,3.200000,
-2.800000,3.200000,
-2.700000,3.200000,
-2.600000,3.200000,
-2.500000,3.200000,
-2.400000,3.200000,
-2.300000,3.200000,
-2.200000,3.200000,
-2.100000,3.200000,
-2.000000,3.200000,
-1.900000,3.200000,
-1.800000,3.200000,
-1.700000,3.200000,
-1.600000,3.200000,
-1.500000,3.200000,
-1.400000,3.200000,
-1.300000,3.200000,-0.480508
-1.200000,3.200000,-0.510359
-1.100000,3.200000,-0.546305
-1.000000,3.200000,-0.588724
-0.900000,3.200000,-0.638102
-0.800000,3.200000,-0.695070
-0.700000,3.200000,-0.760454
-0.600000,3.200000,-0.835358
-0.500000,3.200000,-0.921299
-0.400000,3.200000,-1.020449
-0.300000,3.200000,-1.136094
-0.200000,3.200000,-1.273636
-0.100000,3.200000,
0.000000,3.200000,
0.100000,3.200000,
0.200000,3.200000,
0.300000,3.200000,
0.400000,3.200000,
0.500000,3.200000,
0.600000,3.200000,
0.700000,3.200000,
0.800000,3.200000,
0.900000,3.200000,
1.000000,3.200000,
1.100000,3.200000,
1.200000,3.200000,
1.300000,3.200000,
1.400000,3.200000,
1.500000,3.200000,
1.600000,3.200000,
1.700000,3.200000,
1.800000,3.200000,
1.900000,3.200000,
2.000000,3.200000,
2.100000,3.200000,
2.200000,3.200000,
2.300000,3.200000,
2.400000,3.200000,
2.500000,3.200000,
2.600000,3.200000,
2.700000,3.200000,
2.800000,3.200000,
2.900000,3.200000,
3.000000,3.200000,
3.100000,3.200000,
3.200000,3.200000,
3.300000,3.200000,
3.400000,3.200000,
3.500000,3.200000,
-3.500000,3.300000,
-3.400000,3.300000,
-3.300000,3.300000,
-3.200000,3.300000,
-3.100000,3.300000,
-3.000000,3.300000,
-2.900000,3.300000,
-2.800000,3.300000,
-2.700000,3.300000,
-2.600000,3.300000,
-2.500000,3.300000,
-2.400000,3.300000,
-2.300000,3.300000,
-2.200000,3.300000,
-2.100000,3.300000,
-2.000000,3.300000,
-1.900000,3.300000,
-1.800000,3.300000,
-1.700000,3.300000,
-1.600000,3.300000,
-1.500000,3.300000,
-1.400000,3.300000,
-1.300000,3.300000,
-1.200000,3.300000,
-1.100000,3.300000,
-1.000000,3.300000,
-0.900000,3.300000,-0.673110
-0.800000,3.300000,-0.731325
-0.700000,3.300000,-0.798255
-0.600000,3.300000,-0.875104
-0.500000,3.300000,-0.963542
-0.400000,3.300000,-1.066001
-0.300000,3.300000,
-0.200000,3.300000,
-0.100000,3.300000,
0.000000,3.300000,
0.100000,3.300000,
0.200000,3.300000,
0.300000,3.300000,
0.400000,3.300000,
0.500000,3.300000,
0.600000,3.300000,
0.700000,3.300000,
0.800000,3.300000,
0.900000,3.300000,
1.000000,3.300000,
1.100000,3.300000,
1.200000,3.300000,
1.300000,3.300000,
1.400000,3.300000,
1.500000,3.300000,
1.600000,3.300000,
1.700000,3.300000,
1.800000,3.300000,
1.900000,3.300000,
2.000000,3.300000,
2.100000,3.300000,
2.200000,3.300000,
2.300000,3.300000,
2.400000,3.300000,
2.500000,3.300000,
2.600000,3.300000,
2.700000,3.300000,
2.800000,3.300000,
2.900000,3.300000,
3.000000,3.300000,
3.100000,3.300000,
3.200000,3.300000,
3.300000,3.300000,
3.400000,3.300000,
3.500000,3.300000,
-3.500000,3.400000,
-3.400000,3.400000,
-3.300000,3.400000,
-3.200000,3.400000,
-3.100000,3.400000,
-3.000000,3.400000,
-2.900000,3.400000,
-2.800000,3.400000,
-2.700000,3.400000,
-2.600000,3.400000,
-2.500000,3.400000,
-2.400000,3.400000,
-2.300000,3.400000,
-2.200000,3.400000,
-2.100000,3.400000,
-2.000000,3.400000,
-1.900000,3.400000,
-1.800000,3.400000,
-1.700000,3.400000,
-1.600000,3.400000,
-1.500000,3.400000,
-1.400000,3.400000,
-1.300000,3.400000,
-1.200000,3.400000,
-1.100000,3.400000,
-1.000000,3.400000,
-0.900000,3.400000,
-0.800000,3.400000,
-0.700000,3.400000,
-0.600000,3.400000,
-0.500000,3.400000,
-0.400000,3.400000,
-0.300000,3.400000,
-0.200000,3.400000,
-0.100000,3.400000,
0.000000,3.400000,
0.100000,3.400000,
0.200000,3.400000,
0.300000,3.400000,
0.400000,3.400000,
0.500000,3.400000,
0.600000,3.400000,
0.700000,3.400000,
0.800000,3.400000,
0.900000,3.400000,
1.000000,3.400000,
1.100000,3.400000,
1.200000,3.400000,
1.300000,3.400000,
1.400000,3.400000,
1.500000,3.400000,
1.600000,3.400000,
1.700000,3.400000,
1.800000,3.400000,
1.900000,3.400000,
2.000000,3.400000,
2.100000,3.400000,
2.200000,3.400000,
2.300000,3.400000,
2.400000,3.400000,
2.500000,3.400000,
2.600000,3.400000,
2.700000,3.400000,
2.800000,3.400000,
2.900000,3.400000,
3.000000,3.400000,
3.100000,3.400000,
3.200000,3.400000,
3.300000,3.400000,
3.400000,3.400000,
3.500000,3.400000,
-3.500000,3.500000,
-3.400000,3.500000,
-3.300000,3.500000,
-3.200000,3.500000,
-3.100000,3.500000,
-3.000000,3.500000,
-2.900000,3.500000,
-2.800000,3.500000,
-2.700000,3.500000,
-2.600000,3.500000,
-2.500000,3.500000,
-2.400000,3.500000,
-2.300000,3.500000,
-2.200000,3.500000,
-2.100000,3.500000,
-2.000000,3.500000,
-1.900000,3.500000,
-1.800000,3.500000,
-1.700000,3.500000,
-1.600000,3.500000,
-1.500000,3.500000,
-1.400000,3.500000,
-1.300000,3.500000,
-1.200000,3.500000,
-1.100000,3.500000,
-1.000000,3.500000,
-0.900000,3.500000,
-0.800000,3.500000,
-0.700000,3.500000,
-0.600000,3.500000,
-0.500000,3.500000,
-0.400000,3.500000,
-0.300000,3.500000,
-0.200000,3.500000,
-0.100000,3.500000,
0.000000,3.500000,
0.100000,3.500000,
0.200000,3.500000,
0.300000,3.500000,
0.400000,3.500000,
0.500000,3.500000,
0.600000,3.500000,
0.700000,3.500000,
0.800000,3.500000,
0.900000,3.500000,
1.000000,3.500000,
1.100000,3.500000,
1.200000,3.500000,
1.300000,3.500000,
1.400000,3.500000,
1.500000,3.500000,
1.600000,3.500000,
1.700000,3.500000,
1.800000,3.500000,
1.900000,3.500000,
2.000000,3.500000,
2.100000,3.500000,
2.200000,3.500000,
2.300000,3.500000,
2.400000,3.500000,
2.500000,3.500000,
2.600000,3.500000,
2.700000,3.500000,
2.800000,3.500000,
2.900000,3.500000,
3.000000,3.500000,
3.100000,3.500000,
3.200000,3.500000,
3.300000,3.500000,
3.400000,3.500000,
3.500000,3.500000,
